ISO-10303-21;
HEADER;
FILE_DESCRIPTION (( 'STEP AP214' ),
    '1' );
FILE_NAME ('HRP5.STEP',
    '2012-04-10T05:04:19',
    ( 'ROHM' ),
    ( 'MEDIA' ),
    'SwSTEP 2.0',
    'SolidWorks 2008',
    '' );
FILE_SCHEMA (( 'AUTOMOTIVE_DESIGN' ));
ENDSEC;

DATA;
#1 = CARTESIAN_POINT ( 'NONE',  ( -3.125000000000000400, -1.522999999999999900, 0.8040937768374314400 ) ) ;
#2 = LINE ( 'NONE', #1, #3 ) ;
#3 = VECTOR ( 'NONE', #6, 1000.000000000000000 ) ;
#4 = FACE_OUTER_BOUND ( 'NONE', #1967, .T. ) ;
#5 = CARTESIAN_POINT ( 'NONE',  ( -3.075000000000000600, -0.6056240298486853500, 1.353981071380927500 ) ) ;
#6 = DIRECTION ( 'NONE',  ( 0.0000000000000000000, 0.0000000000000000000, 1.000000000000000000 ) ) ;
#7 = PLANE ( 'NONE',  #9 ) ;
#8 =( GEOMETRIC_REPRESENTATION_CONTEXT ( 3 ) GLOBAL_UNCERTAINTY_ASSIGNED_CONTEXT ( ( #8386 ) ) GLOBAL_UNIT_ASSIGNED_CONTEXT ( ( #8385, #8388, #8387 ) ) REPRESENTATION_CONTEXT ( 'NONE', 'WORKASPACE' ) );
#9 = AXIS2_PLACEMENT_3D ( 'NONE', #12, #11, #10 ) ;
#10 = DIRECTION ( 'NONE',  ( 0.0000000000000000000, 0.2503415400683182100, 0.9681575870261114300 ) ) ;
#11 = DIRECTION ( 'NONE',  ( 1.049678559162034000E-016, 0.9681575870261115400, -0.2503415400683182700 ) ) ;
#12 = CARTESIAN_POINT ( 'NONE',  ( -1.355000000000000400, -0.7136444316779783100, 0.7365015610189868900 ) ) ;
#13 = CARTESIAN_POINT ( 'NONE',  ( -1.355000000000000400, -0.7136444316779783100, 0.7365015610189868900 ) ) ;
#14 = LINE ( 'NONE', #13, #32 ) ;
#15 = DIRECTION ( 'NONE',  ( 1.000000000000000000, 0.0000000000000000000, 0.0000000000000000000 ) ) ;
#16 = DIRECTION ( 'NONE',  ( -1.084202172485504400E-016, -1.000000000000000000, 0.0000000000000000000 ) ) ;
#17 = CARTESIAN_POINT ( 'NONE',  ( -3.754999999999999900, -0.9750469801750290000, 1.523981071380927600 ) ) ;
#18 = AXIS2_PLACEMENT_3D ( 'NONE', #17, #16, #15 ) ;
#19 = CYLINDRICAL_SURFACE ( 'NONE', #18, 0.05000000000000012800 ) ;
#20 = DIRECTION ( 'NONE',  ( 0.0000000000000000000, 0.9681575870261117700, -0.2503415400683174400 ) ) ;
#21 = DIRECTION ( 'NONE',  ( -2.714208416054373100E-017, -0.2503415400683179900, -0.9681575870261115400 ) ) ;
#22 = CARTESIAN_POINT ( 'NONE',  ( -3.754999999999999900, -0.9266391008237231400, 0.7915766998340153500 ) ) ;
#23 = AXIS2_PLACEMENT_3D ( 'NONE', #22, #21, #20 ) ;
#24 = FACE_OUTER_BOUND ( 'NONE', #2168, .T. ) ;
#25 = DIRECTION ( 'NONE',  ( 1.000000000000000000, 0.0000000000000000000, 0.0000000000000000000 ) ) ;
#26 = DIRECTION ( 'NONE',  ( 0.0000000000000000000, 1.000000000000000000, 0.0000000000000000000 ) ) ;
#27 = CARTESIAN_POINT ( 'NONE',  ( -3.125000000000000400, -1.472999999999999600, 0.7540937768374314000 ) ) ;
#28 = AXIS2_PLACEMENT_3D ( 'NONE', #27, #26, #25 ) ;
#29 = SPHERICAL_SURFACE ( 'NONE', #28, 0.05000000000000000300 ) ;
#30 = FACE_OUTER_BOUND ( 'NONE', #2035, .T. ) ;
#31 = DIRECTION ( 'NONE',  ( -1.000000000000000000, 1.084202172485504600E-016, 0.0000000000000000000 ) ) ;
#32 = VECTOR ( 'NONE', #31, 1000.000000000000000 ) ;
#33 = AXIS2_PLACEMENT_3D ( 'NONE', #37, #34, #42 ) ;
#34 = DIRECTION ( 'NONE',  ( 1.084202172485504400E-016, 1.000000000000000000, -1.978640747033070800E-016 ) ) ;
#35 = DIRECTION ( 'NONE',  ( 0.0000000000000000000, 0.0000000000000000000, -1.000000000000000000 ) ) ;
#36 = CARTESIAN_POINT ( 'NONE',  ( -3.754999999999999900, -1.472999999999999900, 0.5840937768374314700 ) ) ;
#37 = CARTESIAN_POINT ( 'NONE',  ( -3.754999999999999900, -0.9750469801750290000, 0.5840937768374313600 ) ) ;
#38 = CYLINDRICAL_SURFACE ( 'NONE', #33, 0.05000000000000002400 ) ;
#39 = FACE_OUTER_BOUND ( 'NONE', #2005, .T. ) ;
#40 = CYLINDRICAL_SURFACE ( 'NONE', #41, 0.05000000000000003700 ) ;
#41 = AXIS2_PLACEMENT_3D ( 'NONE', #63, #62, #61 ) ;
#42 = DIRECTION ( 'NONE',  ( 0.0000000000000000000, 0.0000000000000000000, 1.000000000000000000 ) ) ;
#43 = AXIS2_PLACEMENT_3D ( 'NONE', #36, #65, #77 ) ;
#44 = FACE_OUTER_BOUND ( 'NONE', #2158, .T. ) ;
#45 = CYLINDRICAL_SURFACE ( 'NONE', #23, 0.05000000000000003700 ) ;
#46 = DIRECTION ( 'NONE',  ( 0.0000000000000000000, 0.9681575870261117700, -0.2503415400683174400 ) ) ;
#47 = DIRECTION ( 'NONE',  ( -2.714208416054376200E-017, -0.2503415400683182700, -0.9681575870261115400 ) ) ;
#48 = CARTESIAN_POINT ( 'NONE',  ( -3.125000000000000400, -0.7620523110292839500, 0.7490186380224027600 ) ) ;
#49 = AXIS2_PLACEMENT_3D ( 'NONE', #48, #47, #46 ) ;
#50 = CYLINDRICAL_SURFACE ( 'NONE', #49, 0.05000000000000003700 ) ;
#51 = FACE_OUTER_BOUND ( 'NONE', #2016, .T. ) ;
#52 = DIRECTION ( 'NONE',  ( 0.0000000000000000000, 0.0000000000000000000, 1.000000000000000000 ) ) ;
#53 = DIRECTION ( 'NONE',  ( 1.000000000000000000, -0.0000000000000000000, -0.0000000000000000000 ) ) ;
#54 = CARTESIAN_POINT ( 'NONE',  ( -3.754999999999999900, -1.472999999999999900, 0.7540937768374315100 ) ) ;
#55 = AXIS2_PLACEMENT_3D ( 'NONE', #54, #53, #52 ) ;
#56 = CIRCLE ( 'NONE', #55, 0.05000000000000002400 ) ;
#57 = DIRECTION ( 'NONE',  ( 0.0000000000000000000, 0.0000000000000000000, -1.000000000000000000 ) ) ;
#58 = DIRECTION ( 'NONE',  ( 1.000000000000000000, 0.0000000000000000000, -0.0000000000000000000 ) ) ;
#59 = CARTESIAN_POINT ( 'NONE',  ( -3.125000000000000400, -1.472999999999999900, 0.7540937768374315100 ) ) ;
#60 = AXIS2_PLACEMENT_3D ( 'NONE', #59, #58, #57 ) ;
#61 = DIRECTION ( 'NONE',  ( 0.0000000000000000000, -0.9681575870261117700, 0.2503415400683174400 ) ) ;
#62 = DIRECTION ( 'NONE',  ( 2.714208416054373100E-017, 0.2503415400683179900, 0.9681575870261115400 ) ) ;
#63 = CARTESIAN_POINT ( 'NONE',  ( -3.125000000000000400, -0.9266391008237231400, 0.7915766998340155700 ) ) ;
#64 = CIRCLE ( 'NONE', #60, 0.05000000000000002400 ) ;
#65 = DIRECTION ( 'NONE',  ( 1.000000000000000000, -1.084202172485504600E-016, 2.736911063134408300E-048 ) ) ;
#66 = DIRECTION ( 'NONE',  ( -0.0000000000000000000, -1.000000000000000000, -0.0000000000000000000 ) ) ;
#67 = CIRCLE ( 'NONE', #43, 0.04999999999999991300 ) ;
#68 = CARTESIAN_POINT ( 'NONE',  ( -3.754999999999999900, -0.9750469801750302200, 0.5840937768374312400 ) ) ;
#69 = AXIS2_PLACEMENT_3D ( 'NONE', #68, #66, #35 ) ;
#70 = CIRCLE ( 'NONE', #69, 0.05000000000000002400 ) ;
#71 = FACE_OUTER_BOUND ( 'NONE', #2002, .T. ) ;
#72 = CARTESIAN_POINT ( 'NONE',  ( -3.125000000000000400, -0.9750469801750287800, 0.8040937768374314400 ) ) ;
#73 = CARTESIAN_POINT ( 'NONE',  ( -3.095710678118654500, -0.9750469801750286700, 0.8040937768374314400 ) ) ;
#74 = CARTESIAN_POINT ( 'NONE',  ( -3.075000000000000600, -0.9590104017598738400, 0.7833830987187766500 ) ) ;
#75 = CARTESIAN_POINT ( 'NONE',  ( -3.075000000000000600, -0.9363312550711018200, 0.7540937768374315100 ) ) ;
#76 =( BOUNDED_CURVE ( )  B_SPLINE_CURVE ( 3, ( #75, #74, #73, #72 ),
 .UNSPECIFIED., .F., .T. ) 
 B_SPLINE_CURVE_WITH_KNOTS ( ( 4, 4 ),
 ( 4.712388980384689700, 6.283185307179586200 ),
 .UNSPECIFIED. ) 
 CURVE ( )  GEOMETRIC_REPRESENTATION_ITEM ( )  RATIONAL_B_SPLINE_CURVE ( ( 1.000000000000000000, 0.8047378541243649400, 0.8047378541243649400, 1.000000000000000000 ) ) 
 REPRESENTATION_ITEM ( '' )  );
#77 = DIRECTION ( 'NONE',  ( 0.0000000000000000000, -1.000000000000000000, 0.0000000000000000000 ) ) ;
#78 = AXIS2_PLACEMENT_3D ( 'NONE', #99, #81, #79 ) ;
#79 = DIRECTION ( 'NONE',  ( 0.0000000000000000000, 0.9681575870261117700, -0.2503415400683174400 ) ) ;
#80 = CARTESIAN_POINT ( 'NONE',  ( -1.405000000000000700, -1.704907916233456000E-016, 1.303981071380927400 ) ) ;
#81 = DIRECTION ( 'NONE',  ( 0.0000000000000000000, -0.2503415400683179400, -0.9681575870261115400 ) ) ;
#82 = DIRECTION ( 'NONE',  ( 1.000000000000000000, -1.084202172485504400E-016, -0.0000000000000000000 ) ) ;
#83 = AXIS2_PLACEMENT_3D ( 'NONE', #101, #82, #108 ) ;
#84 = CIRCLE ( 'NONE', #83, 0.2700000000000000700 ) ;
#85 = CARTESIAN_POINT ( 'NONE',  ( -1.355000000000000400, -0.9750469801750303300, 0.5340937768374313100 ) ) ;
#86 = CIRCLE ( 'NONE', #78, 0.05000000000000003700 ) ;
#87 = LINE ( 'NONE', #80, #88 ) ;
#88 = VECTOR ( 'NONE', #100, 1000.000000000000000 ) ;
#89 = PRESENTATION_STYLE_ASSIGNMENT (( #90 ) ) ;
#90 = SURFACE_STYLE_USAGE ( .BOTH. , #91 ) ;
#91 = SURFACE_SIDE_STYLE ('',( #92 ) ) ;
#92 = SURFACE_STYLE_FILL_AREA ( #93 ) ;
#93 = FILL_AREA_STYLE ('',( #94 ) ) ;
#94 = FILL_AREA_STYLE_COLOUR ( '', #95 ) ;
#95 = COLOUR_RGB ( '',0.8470588235294117500, 0.8470588235294117500, 0.8470588235294117500 ) ;
#96 = FACE_OUTER_BOUND ( 'NONE', #2062, .T. ) ;
#97 = DIRECTION ( 'NONE',  ( -1.000000000000000000, 1.084202172485504600E-016, 0.0000000000000000000 ) ) ;
#98 = VECTOR ( 'NONE', #97, 1000.000000000000000 ) ;
#99 = CARTESIAN_POINT ( 'NONE',  ( -3.125000000000000400, -0.7799029738905034500, 1.359056210195956000 ) ) ;
#100 = DIRECTION ( 'NONE',  ( -1.084202172485504400E-016, -1.000000000000000000, 0.0000000000000000000 ) ) ;
#101 = CARTESIAN_POINT ( 'NONE',  ( -2.035000000000000100, -0.9750469801750288900, 0.8040937768374313300 ) ) ;
#102 = LINE ( 'NONE', #105, #104 ) ;
#103 = DIRECTION ( 'NONE',  ( 1.084202172485504400E-016, 1.000000000000000000, -0.0000000000000000000 ) ) ;
#104 = VECTOR ( 'NONE', #103, 1000.000000000000000 ) ;
#105 = CARTESIAN_POINT ( 'NONE',  ( -2.035000000000000100, -1.084202172485504400E-016, 1.303981071380927400 ) ) ;
#106 = LINE ( 'NONE', #85, #98 ) ;
#107 = CARTESIAN_POINT ( 'NONE',  ( -1.405000000000000700, -0.9750469801750303300, 0.5340937768374313100 ) ) ;
#108 = DIRECTION ( 'NONE',  ( 0.0000000000000000000, 1.000000000000000000, 0.0000000000000000000 ) ) ;
#109 = CARTESIAN_POINT ( 'NONE',  ( -2.035000000000000100, -1.021860547567588500E-016, 1.303981071380927400 ) ) ;
#110 = FILL_AREA_STYLE ('',( #111 ) ) ;
#111 = FILL_AREA_STYLE_COLOUR ( '', #112 ) ;
#112 = COLOUR_RGB ( '',0.8470588235294117500, 0.8470588235294117500, 0.8470588235294117500 ) ;
#113 = FACE_OUTER_BOUND ( 'NONE', #1474, .T. ) ;
#114 = CARTESIAN_POINT ( 'NONE',  ( 2.796050470170256700, 6.826374639129476800, 1.804999999999999900 ) ) ;
#115 = CARTESIAN_POINT ( 'NONE',  ( 2.796050470170256700, 6.826374639129476800, 1.905000000000000000 ) ) ;
#116 = CARTESIAN_POINT ( 'NONE',  ( -4.697500000000000700, 0.09999999999999939500, 0.0000000000000000000 ) ) ;
#117 = CARTESIAN_POINT ( 'NONE',  ( -4.697499999999999800, 7.900000000000000400, 0.0000000000000000000 ) ) ;
#118 = CARTESIAN_POINT ( 'NONE',  ( 4.597500000000001000, 0.0000000000000000000, 0.0000000000000000000 ) ) ;
#119 = CARTESIAN_POINT ( 'NONE',  ( -4.597500000000000100, 0.0000000000000000000, 0.0000000000000000000 ) ) ;
#120 = DIRECTION ( 'NONE',  ( -1.000000000000000000, 0.0000000000000000000, -0.0000000000000000000 ) ) ;
#121 = VECTOR ( 'NONE', #120, 1000.000000000000000 ) ;
#122 = LINE ( 'NONE', #178, #168 ) ;
#123 = FILL_AREA_STYLE ('',( #164 ) ) ;
#124 = DIRECTION ( 'NONE',  ( 0.0000000000000000000, -0.0000000000000000000, 1.000000000000000000 ) ) ;
#125 = DIRECTION ( 'NONE',  ( 0.0000000000000000000, 1.000000000000000000, 0.0000000000000000000 ) ) ;
#126 = CARTESIAN_POINT ( 'NONE',  ( -1.355000000000000400, -1.759118024857731200E-016, 1.353981071380927500 ) ) ;
#127 = CARTESIAN_POINT ( 'NONE',  ( -4.697500000000000700, 0.0000000000000000000, 1.905000000000000000 ) ) ;
#128 = CARTESIAN_POINT ( 'NONE',  ( -1.355000000000000400, -1.759118024857731200E-016, 1.523981071380927600 ) ) ;
#129 = AXIS2_PLACEMENT_3D ( 'NONE', #127, #125, #124 ) ;
#130 = PLANE ( 'NONE',  #129 ) ;
#131 = LINE ( 'NONE', #138, #137 ) ;
#132 = CARTESIAN_POINT ( 'NONE',  ( 4.597499999999998400, 8.000000000000000000, 1.804999999999999900 ) ) ;
#133 = FACE_OUTER_BOUND ( 'NONE', #1594, .T. ) ;
#134 = CARTESIAN_POINT ( 'NONE',  ( -2.967766368478014000, 1.360029125881897100, 1.905000000000000000 ) ) ;
#135 =( NAMED_UNIT ( * ) SI_UNIT ( $, .STERADIAN. ) SOLID_ANGLE_UNIT ( ) );
#136 = DIRECTION ( 'NONE',  ( 0.0000000000000000000, 0.0000000000000000000, -1.000000000000000000 ) ) ;
#137 = VECTOR ( 'NONE', #136, 1000.000000000000000 ) ;
#138 = CARTESIAN_POINT ( 'NONE',  ( 4.597499999999998400, 8.000000000000000000, 1.905000000000000000 ) ) ;
#139 =( NAMED_UNIT ( * ) PLANE_ANGLE_UNIT ( ) SI_UNIT ( $, .RADIAN. ) );
#140 = UNCERTAINTY_MEASURE_WITH_UNIT (LENGTH_MEASURE( 1.000000000000000100E-005 ), #208, 'distance_accuracy_value', 'NONE');
#141 =( NAMED_UNIT ( * ) SI_UNIT ( $, .STERADIAN. ) SOLID_ANGLE_UNIT ( ) );
#142 =( LENGTH_UNIT ( ) NAMED_UNIT ( * ) SI_UNIT ( .MILLI., .METRE. ) );
#143 = MECHANICAL_DESIGN_GEOMETRIC_PRESENTATION_REPRESENTATION (  '', ( #145 ), #217 ) ;
#144 = PRESENTATION_LAYER_ASSIGNMENT (  '', '', ( #145 ) ) ;
#145 = STYLED_ITEM ( 'NONE', ( #146 ), #2097 ) ;
#146 = PRESENTATION_STYLE_ASSIGNMENT (( #147 ) ) ;
#147 = SURFACE_STYLE_USAGE ( .BOTH. , #148 ) ;
#148 = SURFACE_SIDE_STYLE ('',( #149 ) ) ;
#149 = SURFACE_STYLE_FILL_AREA ( #123 ) ;
#150 = COLOUR_RGB ( '',0.8470588235294117500, 0.8470588235294117500, 0.8470588235294117500 ) ;
#151 = DIRECTION ( 'NONE',  ( -1.084202172485504400E-016, -1.000000000000000000, 0.0000000000000000000 ) ) ;
#152 = VECTOR ( 'NONE', #151, 1000.000000000000000 ) ;
#153 = CARTESIAN_POINT ( 'NONE',  ( -4.697499999999999800, 8.000000000000000000, 0.0000000000000000000 ) ) ;
#154 = LINE ( 'NONE', #153, #152 ) ;
#155 = LINE ( 'NONE', #182, #181 ) ;
#156 = DIRECTION ( 'NONE',  ( 1.000000000000000000, 0.0000000000000000000, 0.0000000000000000000 ) ) ;
#157 = DIRECTION ( 'NONE',  ( 0.0000000000000000000, 0.0000000000000000000, 1.000000000000000000 ) ) ;
#158 = CARTESIAN_POINT ( 'NONE',  ( 3.754999999999999000, -1.472999999999999900, 0.8040937768374314400 ) ) ;
#159 = CARTESIAN_POINT ( 'NONE',  ( 4.697499999999999800, 7.900000000000000400, 0.0000000000000000000 ) ) ;
#160 = SURFACE_STYLE_FILL_AREA ( #202 ) ;
#161 = CARTESIAN_POINT ( 'NONE',  ( -2.035000000000000100, -0.5669083047447584000, 1.303981071380927400 ) ) ;
#162 =( NAMED_UNIT ( * ) PLANE_ANGLE_UNIT ( ) SI_UNIT ( $, .RADIAN. ) );
#163 = SURFACE_SIDE_STYLE ('',( #160 ) ) ;
#164 = FILL_AREA_STYLE_COLOUR ( '', #150 ) ;
#165 = CYLINDRICAL_SURFACE ( 'NONE', #176, 0.05000000000000012800 ) ;
#166 = FACE_OUTER_BOUND ( 'NONE', #2092, .T. ) ;
#167 = DIRECTION ( 'NONE',  ( 2.714208416054376200E-017, 0.2503415400683182100, 0.9681575870261114300 ) ) ;
#168 = VECTOR ( 'NONE', #167, 1000.000000000000100 ) ;
#169 =( GEOMETRIC_REPRESENTATION_CONTEXT ( 3 ) GLOBAL_UNCERTAINTY_ASSIGNED_CONTEXT ( ( #140 ) ) GLOBAL_UNIT_ASSIGNED_CONTEXT ( ( #208, #162, #141 ) ) REPRESENTATION_CONTEXT ( 'NONE', 'WORKASPACE' ) );
#170 = CIRCLE ( 'NONE', #213, 0.04999999999999991300 ) ;
#171 = FACE_OUTER_BOUND ( 'NONE', #1447, .T. ) ;
#172 = DIRECTION ( 'NONE',  ( 0.0000000000000000000, 0.0000000000000000000, -1.000000000000000000 ) ) ;
#173 = VECTOR ( 'NONE', #172, 1000.000000000000000 ) ;
#174 = CARTESIAN_POINT ( 'NONE',  ( -4.697499999999999800, 7.900000000000000400, 1.905000000000000000 ) ) ;
#175 = LINE ( 'NONE', #174, #173 ) ;
#176 = AXIS2_PLACEMENT_3D ( 'NONE', #158, #157, #156 ) ;
#177 = FACE_OUTER_BOUND ( 'NONE', #1563, .T. ) ;
#178 = CARTESIAN_POINT ( 'NONE',  ( -2.035000000000000100, -0.5669083047447582800, 1.303981071380927700 ) ) ;
#179 = DIRECTION ( 'NONE',  ( -1.000000000000000000, 1.084202172485507300E-016, 0.0000000000000000000 ) ) ;
#180 = DIRECTION ( 'NONE',  ( -0.0000000000000000000, -0.0000000000000000000, 1.000000000000000000 ) ) ;
#181 = VECTOR ( 'NONE', #180, 1000.000000000000000 ) ;
#182 = CARTESIAN_POINT ( 'NONE',  ( 2.796050470170256700, 6.826374639129476800, 1.804999999999999900 ) ) ;
#183 = LINE ( 'NONE', #201, #200 ) ;
#184 = CARTESIAN_POINT ( 'NONE',  ( -4.597500000000000100, 0.1000000000000000100, 1.905000000000000000 ) ) ;
#185 = DIRECTION ( 'NONE',  ( 0.0000000000000000000, 0.0000000000000000000, 1.000000000000000000 ) ) ;
#186 = DIRECTION ( 'NONE',  ( 1.000000000000000000, -0.0000000000000000000, -0.0000000000000000000 ) ) ;
#187 = CARTESIAN_POINT ( 'NONE',  ( 3.124999999999999600, -1.472999999999999900, 0.7540937768374315100 ) ) ;
#188 = AXIS2_PLACEMENT_3D ( 'NONE', #187, #186, #185 ) ;
#189 = CIRCLE ( 'NONE', #188, 0.05000000000000002400 ) ;
#190 = DIRECTION ( 'NONE',  ( 1.000000000000000000, 0.0000000000000000000, 0.0000000000000000000 ) ) ;
#191 = DIRECTION ( 'NONE',  ( -0.0000000000000000000, -0.0000000000000000000, 1.000000000000000000 ) ) ;
#192 = CARTESIAN_POINT ( 'NONE',  ( 3.449871390582917000, 6.826374639129476800, 1.804999999999999900 ) ) ;
#193 = AXIS2_PLACEMENT_3D ( 'NONE', #192, #191, #190 ) ;
#194 = CYLINDRICAL_SURFACE ( 'NONE', #193, 0.6538209204126603800 ) ;
#195 = CARTESIAN_POINT ( 'NONE',  ( -4.697500000000000700, 0.0000000000000000000, 1.804999999999999900 ) ) ;
#196 = LINE ( 'NONE', #195, #121 ) ;
#197 = CARTESIAN_POINT ( 'NONE',  ( 4.597499999999998400, 8.000000000000000000, 0.0000000000000000000 ) ) ;
#198 = CARTESIAN_POINT ( 'NONE',  ( 4.597500000000001000, 0.1000000000000000100, 1.905000000000000000 ) ) ;
#199 = DIRECTION ( 'NONE',  ( 1.000000000000000000, -0.0000000000000000000, 0.0000000000000000000 ) ) ;
#200 = VECTOR ( 'NONE', #199, 1000.000000000000000 ) ;
#201 = CARTESIAN_POINT ( 'NONE',  ( 4.697500000000000700, 0.1000000000000000100, 1.905000000000000000 ) ) ;
#202 = FILL_AREA_STYLE ('',( #204 ) ) ;
#203 = COLOUR_RGB ( '',0.8470588235294117500, 0.8470588235294117500, 0.8470588235294117500 ) ;
#204 = FILL_AREA_STYLE_COLOUR ( '', #203 ) ;
#205 = CARTESIAN_POINT ( 'NONE',  ( -1.405000000000000200, -0.5669083047447585100, 1.303981071380927400 ) ) ;
#206 = PRESENTATION_STYLE_ASSIGNMENT (( #207 ) ) ;
#207 = SURFACE_STYLE_USAGE ( .BOTH. , #163 ) ;
#208 =( LENGTH_UNIT ( ) NAMED_UNIT ( * ) SI_UNIT ( .MILLI., .METRE. ) );
#209 = STYLED_ITEM ( 'NONE', ( #206 ), #1537 ) ;
#210 = MECHANICAL_DESIGN_GEOMETRIC_PRESENTATION_REPRESENTATION (  '', ( #209 ), #169 ) ;
#211 = PRESENTATION_LAYER_ASSIGNMENT (  '', '', ( #209 ) ) ;
#212 = DIRECTION ( 'NONE',  ( 1.084202172485504600E-016, 1.000000000000000000, 0.0000000000000000000 ) ) ;
#213 = AXIS2_PLACEMENT_3D ( 'NONE', #214, #212, #179 ) ;
#214 = CARTESIAN_POINT ( 'NONE',  ( -1.405000000000000700, -1.704907916233456000E-016, 1.523981071380927600 ) ) ;
#215 = DIRECTION ( 'NONE',  ( -1.000000000000000000, 0.0000000000000000000, 0.0000000000000000000 ) ) ;
#216 = DIRECTION ( 'NONE',  ( -0.0000000000000000000, 0.0000000000000000000, -1.000000000000000000 ) ) ;
#217 =( GEOMETRIC_REPRESENTATION_CONTEXT ( 3 ) GLOBAL_UNCERTAINTY_ASSIGNED_CONTEXT ( ( #221 ) ) GLOBAL_UNIT_ASSIGNED_CONTEXT ( ( #142, #139, #135 ) ) REPRESENTATION_CONTEXT ( 'NONE', 'WORKASPACE' ) );
#218 = FACE_OUTER_BOUND ( 'NONE', #2106, .T. ) ;
#219 = DIRECTION ( 'NONE',  ( 0.0000000000000000000, -0.9681575870261117700, 0.2503415400683174400 ) ) ;
#220 = DIRECTION ( 'NONE',  ( -0.0000000000000000000, 0.2503415400683174400, 0.9681575870261117700 ) ) ;
#221 = UNCERTAINTY_MEASURE_WITH_UNIT (LENGTH_MEASURE( 1.000000000000000100E-005 ), #142, 'distance_accuracy_value', 'NONE');
#222 = CARTESIAN_POINT ( 'NONE',  ( -1.355000000000000400, -1.759118024857731200E-016, 1.303981071380927400 ) ) ;
#223 = CARTESIAN_POINT ( 'NONE',  ( -3.125000000000000400, -0.7620523110292839500, 0.7490186380224027600 ) ) ;
#224 = AXIS2_PLACEMENT_3D ( 'NONE', #223, #220, #219 ) ;
#225 = CIRCLE ( 'NONE', #224, 0.05000000000000003700 ) ;
#226 = AXIS2_PLACEMENT_3D ( 'NONE', #222, #216, #215 ) ;
#227 = CARTESIAN_POINT ( 'NONE',  ( -3.755000000000000300, -0.9750469801750286700, 0.8040937768374314400 ) ) ;
#228 = CARTESIAN_POINT ( 'NONE',  ( -3.805000000000000600, -0.9590104017598734000, 0.7833830987187765400 ) ) ;
#229 = CARTESIAN_POINT ( 'NONE',  ( -3.784289321881345400, -0.9750469801750284400, 0.8040937768374312200 ) ) ;
#230 = DIRECTION ( 'NONE',  ( -1.000000000000000000, 0.0000000000000000000, 0.0000000000000000000 ) ) ;
#231 = DIRECTION ( 'NONE',  ( 0.0000000000000000000, 0.0000000000000000000, -1.000000000000000000 ) ) ;
#232 = AXIS2_PLACEMENT_3D ( 'NONE', #234, #231, #230 ) ;
#233 = CYLINDRICAL_SURFACE ( 'NONE', #232, 0.05000000000000012800 ) ;
#234 = CARTESIAN_POINT ( 'NONE',  ( -3.754999999999999900, -1.472999999999999900, 0.8040937768374313300 ) ) ;
#235 = DIRECTION ( 'NONE',  ( 1.000000000000000000, 0.0000000000000000000, 0.0000000000000000000 ) ) ;
#236 = DIRECTION ( 'NONE',  ( 0.0000000000000000000, 0.0000000000000000000, 1.000000000000000000 ) ) ;
#237 = AXIS2_PLACEMENT_3D ( 'NONE', #240, #236, #235 ) ;
#238 = CIRCLE ( 'NONE', #237, 0.05000000000000012800 ) ;
#239 = PLANE ( 'NONE',  #226 ) ;
#240 = CARTESIAN_POINT ( 'NONE',  ( -3.754999999999999900, -1.472999999999999900, 0.7540937768374315100 ) ) ;
#241 = DIRECTION ( 'NONE',  ( 1.000000000000000000, -1.084202172485504400E-016, -0.0000000000000000000 ) ) ;
#242 = CARTESIAN_POINT ( 'NONE',  ( -3.125000000000000400, -0.5669083047447585100, 1.303981071380927400 ) ) ;
#243 = FACE_OUTER_BOUND ( 'NONE', #2136, .T. ) ;
#244 = CARTESIAN_POINT ( 'NONE',  ( -3.125000000000000400, -1.704907916233456000E-016, 1.353981071380927500 ) ) ;
#245 =( NAMED_UNIT ( * ) SI_UNIT ( $, .STERADIAN. ) SOLID_ANGLE_UNIT ( ) );
#246 =( NAMED_UNIT ( * ) PLANE_ANGLE_UNIT ( ) SI_UNIT ( $, .RADIAN. ) );
#247 =( LENGTH_UNIT ( ) NAMED_UNIT ( * ) SI_UNIT ( .MILLI., .METRE. ) );
#248 = MECHANICAL_DESIGN_GEOMETRIC_PRESENTATION_REPRESENTATION (  '', ( #250 ), #268 ) ;
#249 = PRESENTATION_LAYER_ASSIGNMENT (  '', '', ( #250 ) ) ;
#250 = STYLED_ITEM ( 'NONE', ( #251 ), #2124 ) ;
#251 = PRESENTATION_STYLE_ASSIGNMENT (( #252 ) ) ;
#252 = SURFACE_STYLE_USAGE ( .BOTH. , #253 ) ;
#253 = SURFACE_SIDE_STYLE ('',( #254 ) ) ;
#254 = SURFACE_STYLE_FILL_AREA ( #255 ) ;
#255 = FILL_AREA_STYLE ('',( #266 ) ) ;
#256 = COLOUR_RGB ( '',0.8470588235294117500, 0.8470588235294117500, 0.8470588235294117500 ) ;
#257 = DIRECTION ( 'NONE',  ( 1.000000000000000000, -1.084202172485502600E-016, 0.0000000000000000000 ) ) ;
#258 = CARTESIAN_POINT ( 'NONE',  ( -3.754999999999999900, -1.472999999999999600, 0.7540937768374315100 ) ) ;
#259 = CYLINDRICAL_SURFACE ( 'NONE', #297, 0.04999999999999991300 ) ;
#260 = TOROIDAL_SURFACE ( 'NONE', #289, 0.2200000000000000600, 0.05000000000000000300 ) ;
#261 = DIRECTION ( 'NONE',  ( 0.0000000000000000000, -1.000000000000000000, 0.0000000000000000000 ) ) ;
#262 = FACE_OUTER_BOUND ( 'NONE', #2121, .T. ) ;
#263 = DIRECTION ( 'NONE',  ( -1.084202172485504400E-016, -1.000000000000000000, 0.0000000000000000000 ) ) ;
#264 = VECTOR ( 'NONE', #263, 1000.000000000000000 ) ;
#265 = CARTESIAN_POINT ( 'NONE',  ( -2.035000000000000100, -0.5669083047447569500, 1.573981071380927500 ) ) ;
#266 = FILL_AREA_STYLE_COLOUR ( '', #256 ) ;
#267 = CARTESIAN_POINT ( 'NONE',  ( -1.355000000000000400, -0.5669083047447585100, 1.303981071380927400 ) ) ;
#268 =( GEOMETRIC_REPRESENTATION_CONTEXT ( 3 ) GLOBAL_UNCERTAINTY_ASSIGNED_CONTEXT ( ( #269 ) ) GLOBAL_UNIT_ASSIGNED_CONTEXT ( ( #247, #246, #245 ) ) REPRESENTATION_CONTEXT ( 'NONE', 'WORKASPACE' ) );
#269 = UNCERTAINTY_MEASURE_WITH_UNIT (LENGTH_MEASURE( 1.000000000000000100E-005 ), #247, 'distance_accuracy_value', 'NONE');
#270 = DIRECTION ( 'NONE',  ( -1.000000000000000000, 1.084202172485504600E-016, 0.0000000000000000000 ) ) ;
#271 = VECTOR ( 'NONE', #270, 1000.000000000000000 ) ;
#272 = CARTESIAN_POINT ( 'NONE',  ( -1.355000000000000400, -1.759118024857731200E-016, 1.573981071380927500 ) ) ;
#273 = LINE ( 'NONE', #272, #271 ) ;
#274 = DIRECTION ( 'NONE',  ( -2.714208416054376200E-017, -0.2503415400683182100, -0.9681575870261114300 ) ) ;
#275 = VECTOR ( 'NONE', #274, 1000.000000000000100 ) ;
#276 = CARTESIAN_POINT ( 'NONE',  ( -1.405000000000000700, -0.7136444316779783100, 0.7365015610189868900 ) ) ;
#277 = LINE ( 'NONE', #276, #275 ) ;
#278 = DIRECTION ( 'NONE',  ( -1.000000000000000000, 1.084202172485504600E-016, 0.0000000000000000000 ) ) ;
#279 = VECTOR ( 'NONE', #278, 1000.000000000000000 ) ;
#280 = CARTESIAN_POINT ( 'NONE',  ( -1.355000000000000400, -0.8283108532418089800, 1.371573287199372000 ) ) ;
#281 = LINE ( 'NONE', #280, #279 ) ;
#282 = DIRECTION ( 'NONE',  ( 0.0000000000000000000, -1.000000000000000000, 0.0000000000000000000 ) ) ;
#283 = DIRECTION ( 'NONE',  ( -1.000000000000000000, 1.084202172485504600E-016, 0.0000000000000000000 ) ) ;
#284 = AXIS2_PLACEMENT_3D ( 'NONE', #267, #283, #282 ) ;
#285 = CYLINDRICAL_SURFACE ( 'NONE', #284, 0.2700000000000000700 ) ;
#286 = FACE_OUTER_BOUND ( 'NONE', #2113, .T. ) ;
#287 = LINE ( 'NONE', #265, #264 ) ;
#288 = DIRECTION ( 'NONE',  ( 1.084202172485504600E-016, 1.000000000000000000, 0.0000000000000000000 ) ) ;
#289 = AXIS2_PLACEMENT_3D ( 'NONE', #242, #241, #288 ) ;
#290 = SPHERICAL_SURFACE ( 'NONE', #294, 0.05000000000000000300 ) ;
#291 = AXIS2_PLACEMENT_3D ( 'NONE', #244, #293, #257 ) ;
#292 = DIRECTION ( 'NONE',  ( 1.000000000000000000, 0.0000000000000000000, 0.0000000000000000000 ) ) ;
#293 = DIRECTION ( 'NONE',  ( -1.084202172485504400E-016, -1.000000000000000000, 0.0000000000000000000 ) ) ;
#294 = AXIS2_PLACEMENT_3D ( 'NONE', #258, #301, #292 ) ;
#295 = DIRECTION ( 'NONE',  ( -1.000000000000000000, 1.084202172485504600E-016, 0.0000000000000000000 ) ) ;
#296 = FACE_OUTER_BOUND ( 'NONE', #2046, .T. ) ;
#297 = AXIS2_PLACEMENT_3D ( 'NONE', #299, #295, #261 ) ;
#298 = FACE_OUTER_BOUND ( 'NONE', #2039, .T. ) ;
#299 = CARTESIAN_POINT ( 'NONE',  ( -3.075000000000000600, -1.472999999999999900, 0.7540937768374315100 ) ) ;
#300 = CYLINDRICAL_SURFACE ( 'NONE', #291, 0.05000000000000012800 ) ;
#301 = DIRECTION ( 'NONE',  ( 0.0000000000000000000, 1.000000000000000000, 0.0000000000000000000 ) ) ;
#302 = CARTESIAN_POINT ( 'NONE',  ( -1.405000000000000700, -1.704907916233456000E-016, 1.303981071380927400 ) ) ;
#303 = DIRECTION ( 'NONE',  ( 0.0000000000000000000, 0.0000000000000000000, -1.000000000000000000 ) ) ;
#304 = VECTOR ( 'NONE', #303, 1000.000000000000000 ) ;
#305 = CARTESIAN_POINT ( 'NONE',  ( -1.355000000000000400, -1.759118024857731200E-016, 1.573981071380927500 ) ) ;
#306 = LINE ( 'NONE', #305, #304 ) ;
#307 = DIRECTION ( 'NONE',  ( 1.084202172485504600E-016, 1.000000000000000000, 0.0000000000000000000 ) ) ;
#308 = DIRECTION ( 'NONE',  ( 1.000000000000000000, -1.084202172485504400E-016, -0.0000000000000000000 ) ) ;
#309 = AXIS2_PLACEMENT_3D ( 'NONE', #410, #308, #307 ) ;
#310 = TOROIDAL_SURFACE ( 'NONE', #309, 0.2200000000000001100, 0.05000000000000000300 ) ;
#311 =( LENGTH_UNIT ( ) NAMED_UNIT ( * ) SI_UNIT ( .MILLI., .METRE. ) );
#312 = MECHANICAL_DESIGN_GEOMETRIC_PRESENTATION_REPRESENTATION (  '', ( #314 ), #416 ) ;
#313 = PRESENTATION_LAYER_ASSIGNMENT (  '', '', ( #314 ) ) ;
#314 = STYLED_ITEM ( 'NONE', ( #315 ), #2212 ) ;
#315 = PRESENTATION_STYLE_ASSIGNMENT (( #316 ) ) ;
#316 = SURFACE_STYLE_USAGE ( .BOTH. , #317 ) ;
#317 = SURFACE_SIDE_STYLE ('',( #318 ) ) ;
#318 = SURFACE_STYLE_FILL_AREA ( #319 ) ;
#319 = FILL_AREA_STYLE ('',( #326 ) ) ;
#320 = COLOUR_RGB ( '',0.8470588235294117500, 0.8470588235294117500, 0.8470588235294117500 ) ;
#321 = FACE_OUTER_BOUND ( 'NONE', #2224, .T. ) ;
#322 = DIRECTION ( 'NONE',  ( 1.000000000000000000, -1.084202172485504600E-016, 2.736911063134408300E-048 ) ) ;
#323 = VECTOR ( 'NONE', #322, 1000.000000000000000 ) ;
#324 = CARTESIAN_POINT ( 'NONE',  ( -1.355000000000000400, -1.522999999999999900, 0.5840937768374314700 ) ) ;
#325 = LINE ( 'NONE', #324, #323 ) ;
#326 = FILL_AREA_STYLE_COLOUR ( '', #320 ) ;
#327 = CARTESIAN_POINT ( 'NONE',  ( -2.035000000000000100, -1.472999999999999900, 0.8040937768374314400 ) ) ;
#328 = DIRECTION ( 'NONE',  ( 1.084202172485504400E-016, 1.000000000000000000, -0.0000000000000000000 ) ) ;
#329 = VECTOR ( 'NONE', #328, 1000.000000000000000 ) ;
#330 = CARTESIAN_POINT ( 'NONE',  ( -1.405000000000000700, -1.704907916233456000E-016, 1.573981071380927500 ) ) ;
#331 = LINE ( 'NONE', #330, #329 ) ;
#332 = CARTESIAN_POINT ( 'NONE',  ( -2.035000000000000100, -0.5669083047447568400, 1.573981071380927500 ) ) ;
#333 = CARTESIAN_POINT ( 'NONE',  ( -1.405000000000000700, -0.5669083047447569500, 1.573981071380927500 ) ) ;
#334 = DIRECTION ( 'NONE',  ( -1.000000000000000000, 1.084202172485504600E-016, 0.0000000000000000000 ) ) ;
#335 = VECTOR ( 'NONE', #334, 1000.000000000000000 ) ;
#336 = CARTESIAN_POINT ( 'NONE',  ( -1.355000000000000400, -0.5669083047447569500, 1.573981071380927500 ) ) ;
#337 = LINE ( 'NONE', #336, #335 ) ;
#338 = DIRECTION ( 'NONE',  ( 1.000000000000000000, 0.0000000000000000000, -0.0000000000000000000 ) ) ;
#339 = CARTESIAN_POINT ( 'NONE',  ( -3.125000000000000400, -1.472999999999999900, 0.5840937768374314700 ) ) ;
#340 = AXIS2_PLACEMENT_3D ( 'NONE', #339, #409, #408 ) ;
#341 = CIRCLE ( 'NONE', #340, 0.05000000000000002400 ) ;
#342 = DIRECTION ( 'NONE',  ( 0.0000000000000000000, 0.0000000000000000000, 1.000000000000000000 ) ) ;
#343 = CARTESIAN_POINT ( 'NONE',  ( -1.355000000000000400, -1.759118024857731200E-016, 1.573981071380927500 ) ) ;
#344 = AXIS2_PLACEMENT_3D ( 'NONE', #343, #342, #338 ) ;
#345 = PLANE ( 'NONE',  #344 ) ;
#346 =( GEOMETRIC_REPRESENTATION_CONTEXT ( 3 ) GLOBAL_UNCERTAINTY_ASSIGNED_CONTEXT ( ( #347 ) ) GLOBAL_UNIT_ASSIGNED_CONTEXT ( ( #350, #349, #348 ) ) REPRESENTATION_CONTEXT ( 'NONE', 'WORKASPACE' ) );
#347 = UNCERTAINTY_MEASURE_WITH_UNIT (LENGTH_MEASURE( 1.000000000000000100E-005 ), #350, 'distance_accuracy_value', 'NONE');
#348 =( NAMED_UNIT ( * ) SI_UNIT ( $, .STERADIAN. ) SOLID_ANGLE_UNIT ( ) );
#349 =( NAMED_UNIT ( * ) PLANE_ANGLE_UNIT ( ) SI_UNIT ( $, .RADIAN. ) );
#350 =( LENGTH_UNIT ( ) NAMED_UNIT ( * ) SI_UNIT ( .MILLI., .METRE. ) );
#351 = MECHANICAL_DESIGN_GEOMETRIC_PRESENTATION_REPRESENTATION (  '', ( #353 ), #346 ) ;
#352 = PRESENTATION_LAYER_ASSIGNMENT (  '', '', ( #353 ) ) ;
#353 = STYLED_ITEM ( 'NONE', ( #354 ), #2197 ) ;
#354 = PRESENTATION_STYLE_ASSIGNMENT (( #355 ) ) ;
#355 = SURFACE_STYLE_USAGE ( .BOTH. , #356 ) ;
#356 = SURFACE_SIDE_STYLE ('',( #357 ) ) ;
#357 = SURFACE_STYLE_FILL_AREA ( #358 ) ;
#358 = FILL_AREA_STYLE ('',( #366 ) ) ;
#359 = COLOUR_RGB ( '',0.8470588235294117500, 0.8470588235294117500, 0.8470588235294117500 ) ;
#360 = FACE_OUTER_BOUND ( 'NONE', #2198, .T. ) ;
#361 = DIRECTION ( 'NONE',  ( -1.000000000000000000, 1.084202172485502600E-016, 0.0000000000000000000 ) ) ;
#362 = DIRECTION ( 'NONE',  ( 1.084202172485504600E-016, 1.000000000000000000, 0.0000000000000000000 ) ) ;
#363 = CARTESIAN_POINT ( 'NONE',  ( -2.035000000000000100, -1.084202172485504400E-016, 1.523981071380927600 ) ) ;
#364 = AXIS2_PLACEMENT_3D ( 'NONE', #363, #362, #361 ) ;
#365 = CIRCLE ( 'NONE', #364, 0.05000000000000012800 ) ;
#366 = FILL_AREA_STYLE_COLOUR ( '', #359 ) ;
#367 = CYLINDRICAL_SURFACE ( 'NONE', #368, 0.05000000000000012800 ) ;
#368 = AXIS2_PLACEMENT_3D ( 'NONE', #458, #457, #456 ) ;
#369 = FACE_OUTER_BOUND ( 'NONE', #2030, .T. ) ;
#370 = DIRECTION ( 'NONE',  ( 1.000000000000000000, 0.0000000000000000000, 0.0000000000000000000 ) ) ;
#371 = DIRECTION ( 'NONE',  ( 0.0000000000000000000, -0.0000000000000000000, -1.000000000000000000 ) ) ;
#372 = CARTESIAN_POINT ( 'NONE',  ( -3.125000000000000400, -1.472999999999999900, 0.7540937768374315100 ) ) ;
#373 = AXIS2_PLACEMENT_3D ( 'NONE', #372, #371, #370 ) ;
#374 = CIRCLE ( 'NONE', #373, 0.05000000000000012800 ) ;
#375 = DIRECTION ( 'NONE',  ( -1.000000000000000000, 0.0000000000000000000, 0.0000000000000000000 ) ) ;
#376 = DIRECTION ( 'NONE',  ( 1.084202172485504400E-016, 1.000000000000000000, 0.0000000000000000000 ) ) ;
#377 = CARTESIAN_POINT ( 'NONE',  ( -3.125000000000000400, -0.9750469801750287800, 0.7540937768374315100 ) ) ;
#378 = AXIS2_PLACEMENT_3D ( 'NONE', #377, #376, #375 ) ;
#379 = CYLINDRICAL_SURFACE ( 'NONE', #378, 0.05000000000000012800 ) ;
#380 = DIRECTION ( 'NONE',  ( 1.000000000000000000, 0.0000000000000000000, 0.0000000000000000000 ) ) ;
#381 = DIRECTION ( 'NONE',  ( 0.0000000000000000000, 1.000000000000000000, 0.0000000000000000000 ) ) ;
#382 = CARTESIAN_POINT ( 'NONE',  ( -3.754999999999999900, -1.472999999999999900, 0.5840937768374314700 ) ) ;
#383 = AXIS2_PLACEMENT_3D ( 'NONE', #382, #381, #380 ) ;
#384 = FACE_OUTER_BOUND ( 'NONE', #2165, .T. ) ;
#385 = SPHERICAL_SURFACE ( 'NONE', #383, 0.05000000000000000300 ) ;
#386 = DIRECTION ( 'NONE',  ( 1.084202172485504600E-016, 1.000000000000000000, 0.0000000000000000000 ) ) ;
#387 = DIRECTION ( 'NONE',  ( 1.000000000000000000, -1.084202172485504400E-016, -0.0000000000000000000 ) ) ;
#388 = CARTESIAN_POINT ( 'NONE',  ( -3.754999999999999900, -0.5669083047447584000, 1.303981071380927400 ) ) ;
#389 = CARTESIAN_POINT ( 'NONE',  ( -1.405000000000000700, -1.704907916233456000E-016, 1.573981071380927500 ) ) ;
#390 = CARTESIAN_POINT ( 'NONE',  ( -3.075000000000001100, -0.5829448831599136600, 1.324691749499582500 ) ) ;
#391 = CARTESIAN_POINT ( 'NONE',  ( -3.095710678118655400, -0.5669083047447587300, 1.303981071380927700 ) ) ;
#392 = CARTESIAN_POINT ( 'NONE',  ( -3.125000000000000000, -0.5669083047447585100, 1.303981071380927400 ) ) ;
#393 = DIRECTION ( 'NONE',  ( -1.000000000000000000, 1.084202172485507300E-016, 0.0000000000000000000 ) ) ;
#394 = DIRECTION ( 'NONE',  ( 1.084202172485504600E-016, 1.000000000000000000, 0.0000000000000000000 ) ) ;
#395 = CARTESIAN_POINT ( 'NONE',  ( -1.405000000000000700, -1.704907916233456000E-016, 1.353981071380927500 ) ) ;
#396 = AXIS2_PLACEMENT_3D ( 'NONE', #395, #394, #393 ) ;
#397 = AXIS2_PLACEMENT_3D ( 'NONE', #407, #405, #404 ) ;
#398 = CIRCLE ( 'NONE', #397, 0.05000000000000012800 ) ;
#399 = DIRECTION ( 'NONE',  ( 1.000000000000000000, 6.505213034913010000E-015, 0.0000000000000000000 ) ) ;
#400 = DIRECTION ( 'NONE',  ( 6.505213034913009200E-015, -1.000000000000000000, 0.0000000000000000000 ) ) ;
#401 = CARTESIAN_POINT ( 'NONE',  ( -3.754999999999999900, -0.5669083047447568400, 1.523981071380927600 ) ) ;
#402 = AXIS2_PLACEMENT_3D ( 'NONE', #401, #400, #399 ) ;
#403 =( BOUNDED_CURVE ( )  B_SPLINE_CURVE ( 3, ( #392, #391, #390, #506 ),
 .UNSPECIFIED., .F., .T. ) 
 B_SPLINE_CURVE_WITH_KNOTS ( ( 4, 4 ),
 ( 8.589666033349982800E-015, 1.570796326794896600 ),
 .UNSPECIFIED. ) 
 CURVE ( )  GEOMETRIC_REPRESENTATION_ITEM ( )  RATIONAL_B_SPLINE_CURVE ( ( 1.000000000000000000, 0.8047378541243670500, 0.8047378541243670500, 1.000000000000000000 ) ) 
 REPRESENTATION_ITEM ( '' )  );
#404 = DIRECTION ( 'NONE',  ( 1.000000000000000000, 0.0000000000000000000, 0.0000000000000000000 ) ) ;
#405 = DIRECTION ( 'NONE',  ( 0.0000000000000000000, 0.0000000000000000000, 1.000000000000000000 ) ) ;
#406 = CIRCLE ( 'NONE', #402, 0.05000000000000012800 ) ;
#407 = CARTESIAN_POINT ( 'NONE',  ( -3.754999999999999900, -1.472999999999999900, 0.5840937768374314700 ) ) ;
#408 = DIRECTION ( 'NONE',  ( 0.0000000000000000000, 0.0000000000000000000, -1.000000000000000000 ) ) ;
#409 = DIRECTION ( 'NONE',  ( 1.084202172485504400E-016, 1.000000000000000000, -1.978640747033070800E-016 ) ) ;
#410 = CARTESIAN_POINT ( 'NONE',  ( -3.125000000000000400, -0.9750469801750290000, 0.8040937768374313300 ) ) ;
#411 = FACE_OUTER_BOUND ( 'NONE', #2140, .T. ) ;
#412 = DIRECTION ( 'NONE',  ( 1.000000000000000000, 0.0000000000000000000, 0.0000000000000000000 ) ) ;
#413 = DIRECTION ( 'NONE',  ( 0.0000000000000000000, 1.000000000000000000, 0.0000000000000000000 ) ) ;
#414 = AXIS2_PLACEMENT_3D ( 'NONE', #464, #413, #412 ) ;
#415 = CARTESIAN_POINT ( 'NONE',  ( -1.405000000000000700, -0.7136444316779783100, 0.7365015610189868900 ) ) ;
#416 =( GEOMETRIC_REPRESENTATION_CONTEXT ( 3 ) GLOBAL_UNCERTAINTY_ASSIGNED_CONTEXT ( ( #417 ) ) GLOBAL_UNIT_ASSIGNED_CONTEXT ( ( #311, #419, #418 ) ) REPRESENTATION_CONTEXT ( 'NONE', 'WORKASPACE' ) );
#417 = UNCERTAINTY_MEASURE_WITH_UNIT (LENGTH_MEASURE( 1.000000000000000100E-005 ), #311, 'distance_accuracy_value', 'NONE');
#418 =( NAMED_UNIT ( * ) SI_UNIT ( $, .STERADIAN. ) SOLID_ANGLE_UNIT ( ) );
#419 =( NAMED_UNIT ( * ) PLANE_ANGLE_UNIT ( ) SI_UNIT ( $, .RADIAN. ) );
#420 = CARTESIAN_POINT ( 'NONE',  ( -2.035000000000000100, -0.7136444316779782000, 0.7365015610189868900 ) ) ;
#421 =( GEOMETRIC_REPRESENTATION_CONTEXT ( 3 ) GLOBAL_UNCERTAINTY_ASSIGNED_CONTEXT ( ( #422 ) ) GLOBAL_UNIT_ASSIGNED_CONTEXT ( ( #425, #424, #423 ) ) REPRESENTATION_CONTEXT ( 'NONE', 'WORKASPACE' ) );
#422 = UNCERTAINTY_MEASURE_WITH_UNIT (LENGTH_MEASURE( 1.000000000000000100E-005 ), #425, 'distance_accuracy_value', 'NONE');
#423 =( NAMED_UNIT ( * ) SI_UNIT ( $, .STERADIAN. ) SOLID_ANGLE_UNIT ( ) );
#424 =( NAMED_UNIT ( * ) PLANE_ANGLE_UNIT ( ) SI_UNIT ( $, .RADIAN. ) );
#425 =( LENGTH_UNIT ( ) NAMED_UNIT ( * ) SI_UNIT ( .MILLI., .METRE. ) );
#426 = MECHANICAL_DESIGN_GEOMETRIC_PRESENTATION_REPRESENTATION (  '', ( #428 ), #421 ) ;
#427 = PRESENTATION_LAYER_ASSIGNMENT (  '', '', ( #428 ) ) ;
#428 = STYLED_ITEM ( 'NONE', ( #429 ), #2179 ) ;
#429 = PRESENTATION_STYLE_ASSIGNMENT (( #430 ) ) ;
#430 = SURFACE_STYLE_USAGE ( .BOTH. , #470 ) ;
#431 = CARTESIAN_POINT ( 'NONE',  ( -2.035000000000000100, -1.021860547567588500E-016, 1.573981071380927500 ) ) ;
#432 = CIRCLE ( 'NONE', #396, 0.04999999999999991300 ) ;
#433 =( NAMED_UNIT ( * ) PLANE_ANGLE_UNIT ( ) SI_UNIT ( $, .RADIAN. ) );
#434 =( LENGTH_UNIT ( ) NAMED_UNIT ( * ) SI_UNIT ( .MILLI., .METRE. ) );
#435 = MECHANICAL_DESIGN_GEOMETRIC_PRESENTATION_REPRESENTATION (  '', ( #437 ), #467 ) ;
#436 = PRESENTATION_LAYER_ASSIGNMENT (  '', '', ( #437 ) ) ;
#437 = STYLED_ITEM ( 'NONE', ( #438 ), #2185 ) ;
#438 = PRESENTATION_STYLE_ASSIGNMENT (( #439 ) ) ;
#439 = SURFACE_STYLE_USAGE ( .BOTH. , #440 ) ;
#440 = SURFACE_SIDE_STYLE ('',( #441 ) ) ;
#441 = SURFACE_STYLE_FILL_AREA ( #442 ) ;
#442 = FILL_AREA_STYLE ('',( #443 ) ) ;
#443 = FILL_AREA_STYLE_COLOUR ( '', #444 ) ;
#444 = COLOUR_RGB ( '',0.8470588235294117500, 0.8470588235294117500, 0.8470588235294117500 ) ;
#445 = FACE_OUTER_BOUND ( 'NONE', #2027, .T. ) ;
#446 = DIRECTION ( 'NONE',  ( 1.084202172485504400E-016, 1.000000000000000000, 0.0000000000000000000 ) ) ;
#447 = CARTESIAN_POINT ( 'NONE',  ( -3.125000000000000400, -1.704907916233456000E-016, 1.523981071380927600 ) ) ;
#448 = AXIS2_PLACEMENT_3D ( 'NONE', #447, #446, #485 ) ;
#449 = CYLINDRICAL_SURFACE ( 'NONE', #448, 0.05000000000000012800 ) ;
#450 = FACE_OUTER_BOUND ( 'NONE', #2063, .T. ) ;
#451 = DIRECTION ( 'NONE',  ( 0.0000000000000000000, 0.0000000000000000000, -1.000000000000000000 ) ) ;
#452 = DIRECTION ( 'NONE',  ( 0.0000000000000000000, -1.000000000000000000, 0.0000000000000000000 ) ) ;
#453 = CARTESIAN_POINT ( 'NONE',  ( -3.125000000000000400, -1.472999999999999900, 0.7540937768374315100 ) ) ;
#454 = AXIS2_PLACEMENT_3D ( 'NONE', #453, #452, #451 ) ;
#455 = CIRCLE ( 'NONE', #454, 0.05000000000000002400 ) ;
#456 = DIRECTION ( 'NONE',  ( 1.000000000000000000, 0.0000000000000000000, 0.0000000000000000000 ) ) ;
#457 = DIRECTION ( 'NONE',  ( 0.0000000000000000000, 0.0000000000000000000, 1.000000000000000000 ) ) ;
#458 = CARTESIAN_POINT ( 'NONE',  ( -3.125000000000000400, -1.472999999999999900, 0.8040937768374314400 ) ) ;
#459 = FACE_OUTER_BOUND ( 'NONE', #2188, .T. ) ;
#460 = DIRECTION ( 'NONE',  ( 0.0000000000000000000, -1.000000000000000000, 0.0000000000000000000 ) ) ;
#461 = DIRECTION ( 'NONE',  ( -1.000000000000000000, 1.084202172485504600E-016, 0.0000000000000000000 ) ) ;
#462 = AXIS2_PLACEMENT_3D ( 'NONE', #466, #461, #460 ) ;
#463 = CYLINDRICAL_SURFACE ( 'NONE', #462, 0.2700000000000001800 ) ;
#464 = CARTESIAN_POINT ( 'NONE',  ( -3.125000000000000400, -1.472999999999999900, 0.5840937768374314700 ) ) ;
#465 = SPHERICAL_SURFACE ( 'NONE', #414, 0.05000000000000000300 ) ;
#466 = CARTESIAN_POINT ( 'NONE',  ( -1.355000000000000400, -0.9750469801750290000, 0.8040937768374313300 ) ) ;
#467 =( GEOMETRIC_REPRESENTATION_CONTEXT ( 3 ) GLOBAL_UNCERTAINTY_ASSIGNED_CONTEXT ( ( #468 ) ) GLOBAL_UNIT_ASSIGNED_CONTEXT ( ( #434, #433, #469 ) ) REPRESENTATION_CONTEXT ( 'NONE', 'WORKASPACE' ) );
#468 = UNCERTAINTY_MEASURE_WITH_UNIT (LENGTH_MEASURE( 1.000000000000000100E-005 ), #434, 'distance_accuracy_value', 'NONE');
#469 =( NAMED_UNIT ( * ) SI_UNIT ( $, .STERADIAN. ) SOLID_ANGLE_UNIT ( ) );
#470 = SURFACE_SIDE_STYLE ('',( #471 ) ) ;
#471 = SURFACE_STYLE_FILL_AREA ( #472 ) ;
#472 = FILL_AREA_STYLE ('',( #479 ) ) ;
#473 = COLOUR_RGB ( '',0.7529411764705882200, 0.7529411764705882200, 0.7529411764705882200 ) ;
#474 = DIRECTION ( 'NONE',  ( -1.000000000000000000, 0.0000000000000000000, 0.0000000000000000000 ) ) ;
#475 = DIRECTION ( 'NONE',  ( 0.0000000000000000000, 0.0000000000000000000, -1.000000000000000000 ) ) ;
#476 = CARTESIAN_POINT ( 'NONE',  ( -3.125000000000000400, -1.472999999999999900, 0.5840937768374314700 ) ) ;
#477 = AXIS2_PLACEMENT_3D ( 'NONE', #476, #475, #474 ) ;
#478 = CIRCLE ( 'NONE', #477, 0.05000000000000012800 ) ;
#479 = FILL_AREA_STYLE_COLOUR ( '', #473 ) ;
#480 = DIRECTION ( 'NONE',  ( 0.0000000000000000000, 0.9681575870261126500, -0.2503415400683133300 ) ) ;
#481 = DIRECTION ( 'NONE',  ( 4.198714236648130000E-015, -0.2503415400683133300, -0.9681575870261127600 ) ) ;
#482 = CARTESIAN_POINT ( 'NONE',  ( -3.754999999999999900, -0.7799029738905033400, 1.359056210195956200 ) ) ;
#483 = AXIS2_PLACEMENT_3D ( 'NONE', #482, #481, #480 ) ;
#484 = CIRCLE ( 'NONE', #483, 0.04999999999999998900 ) ;
#485 = DIRECTION ( 'NONE',  ( -1.000000000000000000, 1.084202172485502600E-016, 0.0000000000000000000 ) ) ;
#486 = TOROIDAL_SURFACE ( 'NONE', #488, 0.2200000000000000600, 0.05000000000000000300 ) ;
#487 = FACE_OUTER_BOUND ( 'NONE', #2064, .T. ) ;
#488 = AXIS2_PLACEMENT_3D ( 'NONE', #388, #387, #386 ) ;
#489 = FACE_OUTER_BOUND ( 'NONE', #2157, .T. ) ;
#490 = DIRECTION ( 'NONE',  ( 0.0000000000000000000, -1.000000000000000000, 0.0000000000000000000 ) ) ;
#491 = DIRECTION ( 'NONE',  ( -1.000000000000000000, 1.084202172485504600E-016, -2.736911063134408300E-048 ) ) ;
#492 = CARTESIAN_POINT ( 'NONE',  ( -3.125000000000000400, -1.472999999999999900, 0.5840937768374314700 ) ) ;
#493 = AXIS2_PLACEMENT_3D ( 'NONE', #492, #491, #490 ) ;
#494 = DIRECTION ( 'NONE',  ( 0.0000000000000000000, 0.0000000000000000000, -1.000000000000000000 ) ) ;
#495 = DIRECTION ( 'NONE',  ( -1.084202172485504400E-016, -1.000000000000000000, 1.978640747033070800E-016 ) ) ;
#496 = CARTESIAN_POINT ( 'NONE',  ( -3.125000000000000400, -0.9750469801750303300, 0.5840937768374313600 ) ) ;
#497 = AXIS2_PLACEMENT_3D ( 'NONE', #496, #495, #494 ) ;
#498 = CIRCLE ( 'NONE', #493, 0.04999999999999991300 ) ;
#499 = CYLINDRICAL_SURFACE ( 'NONE', #497, 0.05000000000000002400 ) ;
#500 = FACE_OUTER_BOUND ( 'NONE', #2151, .T. ) ;
#501 = DIRECTION ( 'NONE',  ( 0.0000000000000000000, 4.336808689942015400E-015, 1.000000000000000000 ) ) ;
#502 = DIRECTION ( 'NONE',  ( 0.0000000000000000000, 1.000000000000000000, -4.336808689942016200E-015 ) ) ;
#503 = CARTESIAN_POINT ( 'NONE',  ( -3.125000000000000400, -0.9750469801750301100, 0.5840937768374313600 ) ) ;
#504 = AXIS2_PLACEMENT_3D ( 'NONE', #503, #502, #501 ) ;
#505 = CIRCLE ( 'NONE', #504, 0.05000000000000002400 ) ;
#506 = CARTESIAN_POINT ( 'NONE',  ( -3.075000000000000600, -0.6056240298486853500, 1.353981071380927500 ) ) ;
#507 = DIRECTION ( 'NONE',  ( -1.084202172485504600E-016, -1.000000000000000000, 0.0000000000000000000 ) ) ;
#508 = CARTESIAN_POINT ( 'NONE',  ( -1.405000000000000700, -1.522999999999999900, 0.5840937768374314700 ) ) ;
#509 = CARTESIAN_POINT ( 'NONE',  ( -1.405000000000000700, -1.522999999999999900, 0.7540937768374315100 ) ) ;
#510 = CARTESIAN_POINT ( 'NONE',  ( -2.035000000000000100, -0.9750469801750286700, 0.8040937768374314400 ) ) ;
#511 = DIRECTION ( 'NONE',  ( -2.714208416054373100E-017, -0.2503415400683179900, -0.9681575870261116500 ) ) ;
#512 = VECTOR ( 'NONE', #511, 999.9999999999998900 ) ;
#513 = CARTESIAN_POINT ( 'NONE',  ( -2.035000000000000100, -0.9750469801750286700, 0.8040937768374314400 ) ) ;
#514 = LINE ( 'NONE', #513, #512 ) ;
#515 = AXIS2_PLACEMENT_3D ( 'NONE', #534, #533, #532 ) ;
#516 = CIRCLE ( 'NONE', #515, 0.2700000000000000700 ) ;
#517 = CARTESIAN_POINT ( 'NONE',  ( -1.405000000000000700, -1.472999999999999900, 0.5340937768374314200 ) ) ;
#518 = CARTESIAN_POINT ( 'NONE',  ( -1.355000000000000400, -0.6056240298486853500, 1.353981071380927500 ) ) ;
#519 = DIRECTION ( 'NONE',  ( 0.0000000000000000000, 0.0000000000000000000, 1.000000000000000000 ) ) ;
#520 = VECTOR ( 'NONE', #519, 1000.000000000000000 ) ;
#521 = CARTESIAN_POINT ( 'NONE',  ( -1.405000000000000700, -1.522999999999999900, 0.8040937768374314400 ) ) ;
#522 = LINE ( 'NONE', #521, #520 ) ;
#523 = CARTESIAN_POINT ( 'NONE',  ( -1.405000000000000700, -0.9750469801750287800, 0.8040937768374314400 ) ) ;
#524 = PLANE ( 'NONE',  #526 ) ;
#525 = CARTESIAN_POINT ( 'NONE',  ( -1.355000000000000400, -1.522999999999999900, 0.8040937768374314400 ) ) ;
#526 = AXIS2_PLACEMENT_3D ( 'NONE', #525, #507, #527 ) ;
#527 = DIRECTION ( 'NONE',  ( 1.000000000000000000, -1.084202172485504600E-016, 0.0000000000000000000 ) ) ;
#528 = DIRECTION ( 'NONE',  ( 1.084202172485504400E-016, 1.000000000000000000, -1.978640747033070800E-016 ) ) ;
#529 = VECTOR ( 'NONE', #528, 1000.000000000000000 ) ;
#530 = CARTESIAN_POINT ( 'NONE',  ( -1.355000000000000400, -0.9750469801750290000, 0.5840937768374313600 ) ) ;
#531 = LINE ( 'NONE', #530, #529 ) ;
#532 = DIRECTION ( 'NONE',  ( 0.0000000000000000000, 1.000000000000000000, 8.031127203596326700E-016 ) ) ;
#533 = DIRECTION ( 'NONE',  ( -1.000000000000000000, 1.084202172485504400E-016, 0.0000000000000000000 ) ) ;
#534 = CARTESIAN_POINT ( 'NONE',  ( -1.405000000000000700, -0.5669083047447585100, 1.303981071380927400 ) ) ;
#535 = DIRECTION ( 'NONE',  ( -1.084202172485504400E-016, -1.000000000000000000, 0.0000000000000000000 ) ) ;
#536 = LINE ( 'NONE', #607, #551 ) ;
#537 = UNCERTAINTY_MEASURE_WITH_UNIT (LENGTH_MEASURE( 1.000000000000000100E-005 ), #552, 'distance_accuracy_value', 'NONE');
#538 =( NAMED_UNIT ( * ) SI_UNIT ( $, .STERADIAN. ) SOLID_ANGLE_UNIT ( ) );
#539 = CIRCLE ( 'NONE', #542, 0.2700000000000000700 ) ;
#540 =( NAMED_UNIT ( * ) PLANE_ANGLE_UNIT ( ) SI_UNIT ( $, .RADIAN. ) );
#541 =( LENGTH_UNIT ( ) NAMED_UNIT ( * ) SI_UNIT ( .MILLI., .METRE. ) );
#542 = AXIS2_PLACEMENT_3D ( 'NONE', #595, #554, #559 ) ;
#543 = DIRECTION ( 'NONE',  ( 2.714208416054373100E-017, 0.2503415400683179900, 0.9681575870261116500 ) ) ;
#544 = CARTESIAN_POINT ( 'NONE',  ( -1.355000000000000400, -1.472999999999999900, 0.8040937768374314400 ) ) ;
#545 = LINE ( 'NONE', #544, #605 ) ;
#546 = FILL_AREA_STYLE_COLOUR ( '', #580 ) ;
#547 = CARTESIAN_POINT ( 'NONE',  ( -2.035000000000000100, -1.522999999999999900, 0.8040937768374314400 ) ) ;
#548 = DIRECTION ( 'NONE',  ( -1.000000000000000000, 1.084202172485504600E-016, 0.0000000000000000000 ) ) ;
#549 = DIRECTION ( 'NONE',  ( 1.084202172485504600E-016, 1.000000000000000000, 0.0000000000000000000 ) ) ;
#550 = AXIS2_PLACEMENT_3D ( 'NONE', #594, #549, #548 ) ;
#551 = VECTOR ( 'NONE', #543, 999.9999999999998900 ) ;
#552 =( LENGTH_UNIT ( ) NAMED_UNIT ( * ) SI_UNIT ( .MILLI., .METRE. ) );
#553 =( NAMED_UNIT ( * ) PLANE_ANGLE_UNIT ( ) SI_UNIT ( $, .RADIAN. ) );
#554 = DIRECTION ( 'NONE',  ( 1.000000000000000000, -1.084202172485504400E-016, -0.0000000000000000000 ) ) ;
#555 = PLANE ( 'NONE',  #8126 ) ;
#556 =( GEOMETRIC_REPRESENTATION_CONTEXT ( 3 ) GLOBAL_UNCERTAINTY_ASSIGNED_CONTEXT ( ( #612 ) ) GLOBAL_UNIT_ASSIGNED_CONTEXT ( ( #567, #614, #613 ) ) REPRESENTATION_CONTEXT ( 'NONE', 'WORKASPACE' ) );
#557 = UNCERTAINTY_MEASURE_WITH_UNIT (LENGTH_MEASURE( 1.000000000000000100E-005 ), #541, 'distance_accuracy_value', 'NONE');
#558 =( NAMED_UNIT ( * ) SI_UNIT ( $, .STERADIAN. ) SOLID_ANGLE_UNIT ( ) );
#559 = DIRECTION ( 'NONE',  ( 0.0000000000000000000, 1.000000000000000000, 0.0000000000000000000 ) ) ;
#560 = CARTESIAN_POINT ( 'NONE',  ( -1.355000000000000400, -0.9750469801750301100, 0.5840937768374313600 ) ) ;
#561 = FILL_AREA_STYLE_COLOUR ( '', #562 ) ;
#562 = COLOUR_RGB ( '',0.8470588235294117500, 0.8470588235294117500, 0.8470588235294117500 ) ;
#563 = FACE_OUTER_BOUND ( 'NONE', #2244, .T. ) ;
#564 = DIRECTION ( 'NONE',  ( 1.000000000000000000, 0.0000000000000000000, -0.0000000000000000000 ) ) ;
#565 = DIRECTION ( 'NONE',  ( 0.0000000000000000000, 0.0000000000000000000, 1.000000000000000000 ) ) ;
#566 = CARTESIAN_POINT ( 'NONE',  ( -2.035000000000000100, -1.522999999999999900, 0.5840937768374314700 ) ) ;
#567 =( LENGTH_UNIT ( ) NAMED_UNIT ( * ) SI_UNIT ( .MILLI., .METRE. ) );
#568 = MECHANICAL_DESIGN_GEOMETRIC_PRESENTATION_REPRESENTATION (  '', ( #570 ), #556 ) ;
#569 = PRESENTATION_LAYER_ASSIGNMENT (  '', '', ( #570 ) ) ;
#570 = STYLED_ITEM ( 'NONE', ( #571 ), #2253 ) ;
#571 = PRESENTATION_STYLE_ASSIGNMENT (( #572 ) ) ;
#572 = SURFACE_STYLE_USAGE ( .BOTH. , #573 ) ;
#573 = SURFACE_SIDE_STYLE ('',( #574 ) ) ;
#574 = SURFACE_STYLE_FILL_AREA ( #575 ) ;
#575 = FILL_AREA_STYLE ('',( #561 ) ) ;
#576 = LINE ( 'NONE', #593, #596 ) ;
#577 = SURFACE_SIDE_STYLE ('',( #578 ) ) ;
#578 = SURFACE_STYLE_FILL_AREA ( #579 ) ;
#579 = FILL_AREA_STYLE ('',( #546 ) ) ;
#580 = COLOUR_RGB ( '',0.8470588235294117500, 0.8470588235294117500, 0.8470588235294117500 ) ;
#581 = PRESENTATION_LAYER_ASSIGNMENT (  '', '', ( #582 ) ) ;
#582 = STYLED_ITEM ( 'NONE', ( #583 ), #2245 ) ;
#583 = PRESENTATION_STYLE_ASSIGNMENT (( #584 ) ) ;
#584 = SURFACE_STYLE_USAGE ( .BOTH. , #577 ) ;
#585 = VECTOR ( 'NONE', #535, 1000.000000000000000 ) ;
#586 = DIRECTION ( 'NONE',  ( -1.000000000000000000, 1.084202172485504600E-016, 0.0000000000000000000 ) ) ;
#587 = VECTOR ( 'NONE', #586, 1000.000000000000000 ) ;
#588 = CARTESIAN_POINT ( 'NONE',  ( -1.355000000000000400, -0.5669083047447585100, 1.303981071380927400 ) ) ;
#589 = LINE ( 'NONE', #588, #587 ) ;
#590 = FILL_AREA_STYLE_COLOUR ( '', #619 ) ;
#591 = DIRECTION ( 'NONE',  ( -1.000000000000000000, 1.084202172485504600E-016, 0.0000000000000000000 ) ) ;
#592 = PLANE ( 'NONE',  #550 ) ;
#593 = CARTESIAN_POINT ( 'NONE',  ( -1.355000000000000400, -0.9750469801750287800, 0.8040937768374314400 ) ) ;
#594 = CARTESIAN_POINT ( 'NONE',  ( -1.355000000000000400, -1.759118024857731200E-016, 1.573981071380927500 ) ) ;
#595 = CARTESIAN_POINT ( 'NONE',  ( -2.035000000000000100, -0.5669083047447584000, 1.303981071380927400 ) ) ;
#596 = VECTOR ( 'NONE', #591, 1000.000000000000000 ) ;
#597 =( GEOMETRIC_REPRESENTATION_CONTEXT ( 3 ) GLOBAL_UNCERTAINTY_ASSIGNED_CONTEXT ( ( #537 ) ) GLOBAL_UNIT_ASSIGNED_CONTEXT ( ( #552, #553, #538 ) ) REPRESENTATION_CONTEXT ( 'NONE', 'WORKASPACE' ) );
#598 = MECHANICAL_DESIGN_GEOMETRIC_PRESENTATION_REPRESENTATION (  '', ( #600 ), #611 ) ;
#599 = PRESENTATION_LAYER_ASSIGNMENT (  '', '', ( #600 ) ) ;
#600 = STYLED_ITEM ( 'NONE', ( #601 ), #2249 ) ;
#601 = PRESENTATION_STYLE_ASSIGNMENT (( #615 ) ) ;
#602 = LINE ( 'NONE', #547, #585 ) ;
#603 = FACE_OUTER_BOUND ( 'NONE', #2129, .T. ) ;
#604 = DIRECTION ( 'NONE',  ( 1.000000000000000000, -1.084202172485504600E-016, -0.0000000000000000000 ) ) ;
#605 = VECTOR ( 'NONE', #604, 1000.000000000000000 ) ;
#606 = MECHANICAL_DESIGN_GEOMETRIC_PRESENTATION_REPRESENTATION (  '', ( #582 ), #597 ) ;
#607 = CARTESIAN_POINT ( 'NONE',  ( -1.405000000000000700, -0.9750469801750287800, 0.8040937768374314400 ) ) ;
#608 = CARTESIAN_POINT ( 'NONE',  ( -1.355000000000000400, -0.9750469801750287800, 0.8040937768374314400 ) ) ;
#609 = AXIS2_PLACEMENT_3D ( 'NONE', #608, #565, #564 ) ;
#610 = PLANE ( 'NONE',  #609 ) ;
#611 =( GEOMETRIC_REPRESENTATION_CONTEXT ( 3 ) GLOBAL_UNCERTAINTY_ASSIGNED_CONTEXT ( ( #557 ) ) GLOBAL_UNIT_ASSIGNED_CONTEXT ( ( #541, #540, #558 ) ) REPRESENTATION_CONTEXT ( 'NONE', 'WORKASPACE' ) );
#612 = UNCERTAINTY_MEASURE_WITH_UNIT (LENGTH_MEASURE( 1.000000000000000100E-005 ), #567, 'distance_accuracy_value', 'NONE');
#613 =( NAMED_UNIT ( * ) SI_UNIT ( $, .STERADIAN. ) SOLID_ANGLE_UNIT ( ) );
#614 =( NAMED_UNIT ( * ) PLANE_ANGLE_UNIT ( ) SI_UNIT ( $, .RADIAN. ) );
#615 = SURFACE_STYLE_USAGE ( .BOTH. , #616 ) ;
#616 = SURFACE_SIDE_STYLE ('',( #617 ) ) ;
#617 = SURFACE_STYLE_FILL_AREA ( #618 ) ;
#618 = FILL_AREA_STYLE ('',( #590 ) ) ;
#619 = COLOUR_RGB ( '',0.8470588235294117500, 0.8470588235294117500, 0.8470588235294117500 ) ;
#620 = FACE_OUTER_BOUND ( 'NONE', #2208, .T. ) ;
#621 = DIRECTION ( 'NONE',  ( 1.084202172485504400E-016, 1.000000000000000000, -0.0000000000000000000 ) ) ;
#622 = VECTOR ( 'NONE', #628, 1000.000000000000000 ) ;
#623 = SURFACE_SIDE_STYLE ('',( #624 ) ) ;
#624 = SURFACE_STYLE_FILL_AREA ( #625 ) ;
#625 = FILL_AREA_STYLE ('',( #639 ) ) ;
#626 = PLANE ( 'NONE',  #633 ) ;
#627 = FACE_OUTER_BOUND ( 'NONE', #2281, .T. ) ;
#628 = DIRECTION ( 'NONE',  ( -1.084202172485504400E-016, -1.000000000000000000, -0.0000000000000000000 ) ) ;
#629 = LINE ( 'NONE', #659, #651 ) ;
#630 = MECHANICAL_DESIGN_GEOMETRIC_PRESENTATION_REPRESENTATION (  '', ( #632 ), #670 ) ;
#631 = PRESENTATION_LAYER_ASSIGNMENT (  '', '', ( #632 ) ) ;
#632 = STYLED_ITEM ( 'NONE', ( #653 ), #2267 ) ;
#633 = AXIS2_PLACEMENT_3D ( 'NONE', #665, #664, #663 ) ;
#634 =( GEOMETRIC_REPRESENTATION_CONTEXT ( 3 ) GLOBAL_UNCERTAINTY_ASSIGNED_CONTEXT ( ( #661 ) ) GLOBAL_UNIT_ASSIGNED_CONTEXT ( ( #646, #650, #652 ) ) REPRESENTATION_CONTEXT ( 'NONE', 'WORKASPACE' ) );
#635 = PRESENTATION_LAYER_ASSIGNMENT (  '', '', ( #636 ) ) ;
#636 = STYLED_ITEM ( 'NONE', ( #637 ), #2264 ) ;
#637 = PRESENTATION_STYLE_ASSIGNMENT (( #638 ) ) ;
#638 = SURFACE_STYLE_USAGE ( .BOTH. , #623 ) ;
#639 = FILL_AREA_STYLE_COLOUR ( '', #640 ) ;
#640 = COLOUR_RGB ( '',0.8470588235294117500, 0.8470588235294117500, 0.8470588235294117500 ) ;
#641 = CARTESIAN_POINT ( 'NONE',  ( -1.355000000000000400, -0.9750469801750290000, 1.523981071380927600 ) ) ;
#642 = LINE ( 'NONE', #641, #622 ) ;
#643 = CARTESIAN_POINT ( 'NONE',  ( -2.085000000000000000, -0.9750469801750302200, 0.5840937768374312400 ) ) ;
#644 =( NAMED_UNIT ( * ) SI_UNIT ( $, .STERADIAN. ) SOLID_ANGLE_UNIT ( ) );
#645 =( NAMED_UNIT ( * ) PLANE_ANGLE_UNIT ( ) SI_UNIT ( $, .RADIAN. ) );
#646 =( LENGTH_UNIT ( ) NAMED_UNIT ( * ) SI_UNIT ( .MILLI., .METRE. ) );
#647 = MECHANICAL_DESIGN_GEOMETRIC_PRESENTATION_REPRESENTATION (  '', ( #636 ), #634 ) ;
#648 = DIRECTION ( 'NONE',  ( -0.0000000000000000000, -0.0000000000000000000, -1.000000000000000000 ) ) ;
#649 = CARTESIAN_POINT ( 'NONE',  ( -2.035000000000000100, -1.522999999999999900, 0.5840937768374315800 ) ) ;
#650 =( NAMED_UNIT ( * ) PLANE_ANGLE_UNIT ( ) SI_UNIT ( $, .RADIAN. ) );
#651 = VECTOR ( 'NONE', #621, 1000.000000000000000 ) ;
#652 =( NAMED_UNIT ( * ) SI_UNIT ( $, .STERADIAN. ) SOLID_ANGLE_UNIT ( ) );
#653 = PRESENTATION_STYLE_ASSIGNMENT (( #654 ) ) ;
#654 = SURFACE_STYLE_USAGE ( .BOTH. , #655 ) ;
#655 = SURFACE_SIDE_STYLE ('',( #656 ) ) ;
#656 = SURFACE_STYLE_FILL_AREA ( #657 ) ;
#657 = FILL_AREA_STYLE ('',( #658 ) ) ;
#658 = FILL_AREA_STYLE_COLOUR ( '', #666 ) ;
#659 = CARTESIAN_POINT ( 'NONE',  ( -1.405000000000000700, -0.9750469801750287800, 0.8040937768374314400 ) ) ;
#660 = UNCERTAINTY_MEASURE_WITH_UNIT (LENGTH_MEASURE( 1.000000000000000100E-005 ), #662, 'distance_accuracy_value', 'NONE');
#661 = UNCERTAINTY_MEASURE_WITH_UNIT (LENGTH_MEASURE( 1.000000000000000100E-005 ), #646, 'distance_accuracy_value', 'NONE');
#662 =( LENGTH_UNIT ( ) NAMED_UNIT ( * ) SI_UNIT ( .MILLI., .METRE. ) );
#663 = DIRECTION ( 'NONE',  ( 1.084202172485504400E-016, 1.000000000000000000, 0.0000000000000000000 ) ) ;
#664 = DIRECTION ( 'NONE',  ( 1.000000000000000000, -1.084202172485504400E-016, -0.0000000000000000000 ) ) ;
#665 = CARTESIAN_POINT ( 'NONE',  ( -2.085000000000000000, -0.9750469801750290000, 0.8040937768374313300 ) ) ;
#666 = COLOUR_RGB ( '',0.8470588235294117500, 0.8470588235294117500, 0.8470588235294117500 ) ;
#667 = FACE_OUTER_BOUND ( 'NONE', #2284, .T. ) ;
#668 = VECTOR ( 'NONE', #648, 1000.000000000000000 ) ;
#669 = LINE ( 'NONE', #649, #668 ) ;
#670 =( GEOMETRIC_REPRESENTATION_CONTEXT ( 3 ) GLOBAL_UNCERTAINTY_ASSIGNED_CONTEXT ( ( #660 ) ) GLOBAL_UNIT_ASSIGNED_CONTEXT ( ( #662, #645, #644 ) ) REPRESENTATION_CONTEXT ( 'NONE', 'WORKASPACE' ) );
#671 = CARTESIAN_POINT ( 'NONE',  ( -1.405000000000000700, -1.472999999999999900, 0.8040937768374314400 ) ) ;
#672 =( NAMED_UNIT ( * ) PLANE_ANGLE_UNIT ( ) SI_UNIT ( $, .RADIAN. ) );
#673 = DIRECTION ( 'NONE',  ( 0.0000000000000000000, 0.0000000000000000000, -1.000000000000000000 ) ) ;
#674 = DIRECTION ( 'NONE',  ( 1.084202172485504400E-016, 1.000000000000000000, -1.978640747033070800E-016 ) ) ;
#675 = AXIS2_PLACEMENT_3D ( 'NONE', #710, #674, #673 ) ;
#676 = CIRCLE ( 'NONE', #675, 0.05000000000000002400 ) ;
#677 = DIRECTION ( 'NONE',  ( 0.0000000000000000000, 1.000000000000000000, 0.0000000000000000000 ) ) ;
#678 = DIRECTION ( 'NONE',  ( 1.000000000000000000, -1.084202172485504400E-016, -0.0000000000000000000 ) ) ;
#679 = CARTESIAN_POINT ( 'NONE',  ( -1.355000000000000400, -0.5669083047447585100, 1.303981071380927400 ) ) ;
#680 = CARTESIAN_POINT ( 'NONE',  ( -1.355000000000000400, -0.7620523110292842800, 0.7490186380224013200 ) ) ;
#681 = LINE ( 'NONE', #680, #683 ) ;
#682 = DIRECTION ( 'NONE',  ( 2.714208416054375600E-017, 0.2503415400683182100, 0.9681575870261114300 ) ) ;
#683 = VECTOR ( 'NONE', #682, 1000.000000000000100 ) ;
#684 = CARTESIAN_POINT ( 'NONE',  ( -2.085000000000000400, -0.5829448831599133300, 1.324691749499582200 ) ) ;
#685 = CARTESIAN_POINT ( 'NONE',  ( -2.085000000000000000, -0.6056240298486852400, 1.353981071380927500 ) ) ;
#686 =( BOUNDED_CURVE ( )  B_SPLINE_CURVE ( 3, ( #685, #684, #702, #701 ),
 .UNSPECIFIED., .F., .T. ) 
 B_SPLINE_CURVE_WITH_KNOTS ( ( 4, 4 ),
 ( 1.570796326794896600, 3.141592653589793100 ),
 .UNSPECIFIED. ) 
 CURVE ( )  GEOMETRIC_REPRESENTATION_ITEM ( )  RATIONAL_B_SPLINE_CURVE ( ( 1.000000000000000000, 0.8047378541243649400, 0.8047378541243649400, 1.000000000000000000 ) ) 
 REPRESENTATION_ITEM ( '' )  );
#687 = CARTESIAN_POINT ( 'NONE',  ( -2.085000000000000000, -0.5669083047447571700, 1.523981071380927600 ) ) ;
#688 = CARTESIAN_POINT ( 'NONE',  ( -1.355000000000000400, -0.9266391008237231400, 0.7915766998340153500 ) ) ;
#689 = LINE ( 'NONE', #688, #738 ) ;
#690 = FILL_AREA_STYLE_COLOUR ( '', #735 ) ;
#691 = LINE ( 'NONE', #707, #706 ) ;
#692 = CARTESIAN_POINT ( 'NONE',  ( -1.355000000000000400, -0.9750469801750290000, 1.353981071380927500 ) ) ;
#693 = PRESENTATION_STYLE_ASSIGNMENT (( #694 ) ) ;
#694 = SURFACE_STYLE_USAGE ( .BOTH. , #695 ) ;
#695 = SURFACE_SIDE_STYLE ('',( #696 ) ) ;
#696 = SURFACE_STYLE_FILL_AREA ( #697 ) ;
#697 = FILL_AREA_STYLE ('',( #698 ) ) ;
#698 = FILL_AREA_STYLE_COLOUR ( '', #699 ) ;
#699 = COLOUR_RGB ( '',0.8470588235294117500, 0.8470588235294117500, 0.8470588235294117500 ) ;
#700 = FACE_OUTER_BOUND ( 'NONE', #2337, .T. ) ;
#701 = CARTESIAN_POINT ( 'NONE',  ( -2.035000000000000100, -0.5669083047447584000, 1.303981071380927400 ) ) ;
#702 = CARTESIAN_POINT ( 'NONE',  ( -2.064289321881345600, -0.5669083047447582800, 1.303981071380927200 ) ) ;
#703 = CARTESIAN_POINT ( 'NONE',  ( -1.355000000000000400, -0.9750469801750290000, 0.7540937768374315100 ) ) ;
#704 = LINE ( 'NONE', #703, #755 ) ;
#705 = DIRECTION ( 'NONE',  ( -1.084202172485504400E-016, -1.000000000000000000, 1.978640747033070800E-016 ) ) ;
#706 = VECTOR ( 'NONE', #705, 1000.000000000000000 ) ;
#707 = CARTESIAN_POINT ( 'NONE',  ( -1.405000000000000700, -0.9750469801750303300, 0.5340937768374313100 ) ) ;
#708 = AXIS2_PLACEMENT_3D ( 'NONE', #679, #678, #677 ) ;
#709 = CIRCLE ( 'NONE', #708, 0.2200000000000000300 ) ;
#710 = CARTESIAN_POINT ( 'NONE',  ( -1.405000000000000700, -1.472999999999999900, 0.5840937768374314700 ) ) ;
#711 = CARTESIAN_POINT ( 'NONE',  ( -2.085000000000000000, -0.7799029738905033400, 1.359056210195956000 ) ) ;
#712 = CARTESIAN_POINT ( 'NONE',  ( -2.085000000000000000, -0.9363312550711018200, 0.7540937768374315100 ) ) ;
#713 = DIRECTION ( 'NONE',  ( 1.084202172485504400E-016, 1.000000000000000000, 0.0000000000000000000 ) ) ;
#714 = VECTOR ( 'NONE', #713, 1000.000000000000000 ) ;
#715 = UNCERTAINTY_MEASURE_WITH_UNIT (LENGTH_MEASURE( 1.000000000000000100E-005 ), #757, 'distance_accuracy_value', 'NONE');
#716 = CARTESIAN_POINT ( 'NONE',  ( -1.355000000000000400, -1.472999999999999900, 0.5840937768374314700 ) ) ;
#717 = DIRECTION ( 'NONE',  ( -0.0000000000000000000, -0.0000000000000000000, -1.000000000000000000 ) ) ;
#718 = VECTOR ( 'NONE', #717, 1000.000000000000000 ) ;
#719 = CARTESIAN_POINT ( 'NONE',  ( -1.355000000000000400, -1.472999999999999900, 0.8040937768374313300 ) ) ;
#720 = LINE ( 'NONE', #719, #718 ) ;
#721 = CARTESIAN_POINT ( 'NONE',  ( -1.355000000000000400, -0.5669083047447572900, 1.523981071380927600 ) ) ;
#722 = CARTESIAN_POINT ( 'NONE',  ( -2.085000000000000000, -1.472999999999999900, 0.7540937768374315100 ) ) ;
#723 = DIRECTION ( 'NONE',  ( -1.084202172485504400E-016, -1.000000000000000000, 1.978640747033070800E-016 ) ) ;
#724 = VECTOR ( 'NONE', #723, 1000.000000000000000 ) ;
#725 = CARTESIAN_POINT ( 'NONE',  ( -2.085000000000000000, -1.522999999999999900, 0.5840937768374314700 ) ) ;
#726 = UNCERTAINTY_MEASURE_WITH_UNIT (LENGTH_MEASURE( 1.000000000000000100E-005 ), #729, 'distance_accuracy_value', 'NONE');
#727 =( NAMED_UNIT ( * ) SI_UNIT ( $, .STERADIAN. ) SOLID_ANGLE_UNIT ( ) );
#728 =( NAMED_UNIT ( * ) PLANE_ANGLE_UNIT ( ) SI_UNIT ( $, .RADIAN. ) );
#729 =( LENGTH_UNIT ( ) NAMED_UNIT ( * ) SI_UNIT ( .MILLI., .METRE. ) );
#730 = MECHANICAL_DESIGN_GEOMETRIC_PRESENTATION_REPRESENTATION (  '', ( #732 ), #8243 ) ;
#731 = PRESENTATION_LAYER_ASSIGNMENT (  '', '', ( #732 ) ) ;
#732 = STYLED_ITEM ( 'NONE', ( #693 ), #2318 ) ;
#733 = PLANE ( 'NONE',  #764 ) ;
#734 =( NAMED_UNIT ( * ) SI_UNIT ( $, .STERADIAN. ) SOLID_ANGLE_UNIT ( ) );
#735 = COLOUR_RGB ( '',0.8470588235294117500, 0.8470588235294117500, 0.8470588235294117500 ) ;
#736 = FACE_OUTER_BOUND ( 'NONE', #2236, .T. ) ;
#737 = DIRECTION ( 'NONE',  ( -2.714208416054373400E-017, -0.2503415400683179900, -0.9681575870261116500 ) ) ;
#738 = VECTOR ( 'NONE', #737, 999.9999999999998900 ) ;
#739 = CARTESIAN_POINT ( 'NONE',  ( -1.355000000000000400, -0.9363312550711018200, 0.7540937768374315100 ) ) ;
#740 = DIRECTION ( 'NONE',  ( -1.000000000000000000, 1.084202172485504600E-016, -2.736911063134408300E-048 ) ) ;
#741 = VECTOR ( 'NONE', #740, 1000.000000000000000 ) ;
#742 = CARTESIAN_POINT ( 'NONE',  ( -2.035000000000000100, -0.9750469801750303300, 0.5340937768374313100 ) ) ;
#743 = CARTESIAN_POINT ( 'NONE',  ( -1.355000000000000400, -0.9750469801750303300, 0.5340937768374313100 ) ) ;
#744 = CARTESIAN_POINT ( 'NONE',  ( -1.355000000000000400, -1.472999999999999900, 0.5340937768374314200 ) ) ;
#745 = LINE ( 'NONE', #744, #741 ) ;
#746 = DIRECTION ( 'NONE',  ( -2.714208416054375600E-017, -0.2503415400683182100, -0.9681575870261114300 ) ) ;
#747 = VECTOR ( 'NONE', #746, 1000.000000000000100 ) ;
#748 = CARTESIAN_POINT ( 'NONE',  ( -2.085000000000000000, -0.7620523110292838400, 0.7490186380224027600 ) ) ;
#749 = LINE ( 'NONE', #748, #747 ) ;
#750 = DIRECTION ( 'NONE',  ( 1.084202172485504400E-016, 1.000000000000000000, 0.0000000000000000000 ) ) ;
#751 = VECTOR ( 'NONE', #750, 1000.000000000000000 ) ;
#752 = CARTESIAN_POINT ( 'NONE',  ( -2.085000000000000000, -1.029992063861229300E-016, 1.523981071380927600 ) ) ;
#753 = LINE ( 'NONE', #752, #751 ) ;
#754 = DIRECTION ( 'NONE',  ( -1.084202172485504400E-016, -1.000000000000000000, -0.0000000000000000000 ) ) ;
#755 = VECTOR ( 'NONE', #754, 1000.000000000000000 ) ;
#756 = DIRECTION ( 'NONE',  ( 1.084202172485504400E-016, 1.000000000000000000, -0.0000000000000000000 ) ) ;
#757 =( LENGTH_UNIT ( ) NAMED_UNIT ( * ) SI_UNIT ( .MILLI., .METRE. ) );
#758 = MECHANICAL_DESIGN_GEOMETRIC_PRESENTATION_REPRESENTATION (  '', ( #760 ), #784 ) ;
#759 = PRESENTATION_LAYER_ASSIGNMENT (  '', '', ( #760 ) ) ;
#760 = STYLED_ITEM ( 'NONE', ( #766 ), #2282 ) ;
#761 = DIRECTION ( 'NONE',  ( -1.000000000000000000, 1.084202172485504600E-016, 0.0000000000000000000 ) ) ;
#762 = VECTOR ( 'NONE', #761, 1000.000000000000000 ) ;
#763 = CARTESIAN_POINT ( 'NONE',  ( -1.355000000000000400, -1.522999999999999900, 0.7540937768374315100 ) ) ;
#764 = AXIS2_PLACEMENT_3D ( 'NONE', #743, #781, #785 ) ;
#765 = VECTOR ( 'NONE', #782, 1000.000000000000000 ) ;
#766 = PRESENTATION_STYLE_ASSIGNMENT (( #767 ) ) ;
#767 = SURFACE_STYLE_USAGE ( .BOTH. , #768 ) ;
#768 = SURFACE_SIDE_STYLE ('',( #769 ) ) ;
#769 = SURFACE_STYLE_FILL_AREA ( #770 ) ;
#770 = FILL_AREA_STYLE ('',( #690 ) ) ;
#771 = CARTESIAN_POINT ( 'NONE',  ( -2.035000000000000100, -1.522999999999999900, 0.7540937768374315100 ) ) ;
#772 = CARTESIAN_POINT ( 'NONE',  ( -2.035000000000000100, -1.472999999999999900, 0.5340937768374314200 ) ) ;
#773 = CARTESIAN_POINT ( 'NONE',  ( -1.355000000000000400, -1.472999999999999900, 0.7540937768374315100 ) ) ;
#774 = CARTESIAN_POINT ( 'NONE',  ( -1.355000000000000400, -0.7620523110292839500, 0.7490186380224027600 ) ) ;
#775 = DIRECTION ( 'NONE',  ( 1.084202172485504400E-016, 1.000000000000000000, 0.0000000000000000000 ) ) ;
#776 = DIRECTION ( 'NONE',  ( 1.000000000000000000, -1.084202172485504400E-016, -0.0000000000000000000 ) ) ;
#777 = CARTESIAN_POINT ( 'NONE',  ( -1.355000000000000400, -0.9750469801750290000, 0.8040937768374313300 ) ) ;
#778 = AXIS2_PLACEMENT_3D ( 'NONE', #777, #776, #775 ) ;
#779 = VECTOR ( 'NONE', #756, 1000.000000000000000 ) ;
#780 = LINE ( 'NONE', #763, #762 ) ;
#781 = DIRECTION ( 'NONE',  ( -2.145246596501596700E-032, -1.978640747033070800E-016, -1.000000000000000000 ) ) ;
#782 = DIRECTION ( 'NONE',  ( 1.084202172485504400E-016, 1.000000000000000000, -1.978640747033070800E-016 ) ) ;
#783 = PLANE ( 'NONE',  #778 ) ;
#784 =( GEOMETRIC_REPRESENTATION_CONTEXT ( 3 ) GLOBAL_UNCERTAINTY_ASSIGNED_CONTEXT ( ( #715 ) ) GLOBAL_UNIT_ASSIGNED_CONTEXT ( ( #757, #672, #734 ) ) REPRESENTATION_CONTEXT ( 'NONE', 'WORKASPACE' ) );
#785 = DIRECTION ( 'NONE',  ( 0.0000000000000000000, 1.000000000000000000, -1.978640747033070800E-016 ) ) ;
#786 = LINE ( 'NONE', #742, #765 ) ;
#787 = LINE ( 'NONE', #692, #779 ) ;
#788 = DIRECTION ( 'NONE',  ( 0.0000000000000000000, 1.000000000000000000, 0.0000000000000000000 ) ) ;
#789 = DIRECTION ( 'NONE',  ( 1.000000000000000000, -1.084202172485504400E-016, -0.0000000000000000000 ) ) ;
#790 = CARTESIAN_POINT ( 'NONE',  ( -1.355000000000000400, -0.9750469801750290000, 0.8040937768374313300 ) ) ;
#791 = AXIS2_PLACEMENT_3D ( 'NONE', #790, #789, #788 ) ;
#792 = CIRCLE ( 'NONE', #791, 0.2200000000000001400 ) ;
#793 = LINE ( 'NONE', #725, #724 ) ;
#794 = CARTESIAN_POINT ( 'NONE',  ( -2.085000000000000000, -0.9750469801750287800, 0.7540937768374315100 ) ) ;
#795 = DIRECTION ( 'NONE',  ( 0.0000000000000000000, 1.000000000000000000, 0.0000000000000000000 ) ) ;
#796 = DIRECTION ( 'NONE',  ( -1.000000000000000000, 1.084202172485504400E-016, 0.0000000000000000000 ) ) ;
#797 = CARTESIAN_POINT ( 'NONE',  ( -2.085000000000000000, -0.5669083047447584000, 1.303981071380927400 ) ) ;
#798 = AXIS2_PLACEMENT_3D ( 'NONE', #797, #796, #795 ) ;
#799 = CIRCLE ( 'NONE', #798, 0.2200000000000000300 ) ;
#800 = LINE ( 'NONE', #794, #714 ) ;
#801 = DIRECTION ( 'NONE',  ( 2.714208416054373400E-017, 0.2503415400683179900, 0.9681575870261116500 ) ) ;
#802 = DIRECTION ( 'NONE',  ( -0.0000000000000000000, -1.000000000000000000, -0.0000000000000000000 ) ) ;
#803 = CARTESIAN_POINT ( 'NONE',  ( -2.035000000000000100, -0.9750469801750302200, 0.5840937768374312400 ) ) ;
#804 = AXIS2_PLACEMENT_3D ( 'NONE', #803, #802, #867 ) ;
#805 = UNCERTAINTY_MEASURE_WITH_UNIT (LENGTH_MEASURE( 1.000000000000000100E-005 ), #808, 'distance_accuracy_value', 'NONE');
#806 =( NAMED_UNIT ( * ) SI_UNIT ( $, .STERADIAN. ) SOLID_ANGLE_UNIT ( ) );
#807 =( NAMED_UNIT ( * ) PLANE_ANGLE_UNIT ( ) SI_UNIT ( $, .RADIAN. ) );
#808 =( LENGTH_UNIT ( ) NAMED_UNIT ( * ) SI_UNIT ( .MILLI., .METRE. ) );
#809 = MECHANICAL_DESIGN_GEOMETRIC_PRESENTATION_REPRESENTATION (  '', ( #811 ), #914 ) ;
#810 = PRESENTATION_LAYER_ASSIGNMENT (  '', '', ( #811 ) ) ;
#811 = STYLED_ITEM ( 'NONE', ( #812 ), #2348 ) ;
#812 = PRESENTATION_STYLE_ASSIGNMENT (( #813 ) ) ;
#813 = SURFACE_STYLE_USAGE ( .BOTH. , #814 ) ;
#814 = SURFACE_SIDE_STYLE ('',( #815 ) ) ;
#815 = SURFACE_STYLE_FILL_AREA ( #816 ) ;
#816 = FILL_AREA_STYLE ('',( #822 ) ) ;
#817 = COLOUR_RGB ( '',0.8470588235294117500, 0.8470588235294117500, 0.8470588235294117500 ) ;
#818 = DIRECTION ( 'NONE',  ( 0.0000000000000000000, -1.000000000000000000, 0.0000000000000000000 ) ) ;
#819 = DIRECTION ( 'NONE',  ( -1.000000000000000000, 1.084202172485504600E-016, -2.736911063134408300E-048 ) ) ;
#820 = AXIS2_PLACEMENT_3D ( 'NONE', #825, #819, #818 ) ;
#821 = FACE_OUTER_BOUND ( 'NONE', #2375, .T. ) ;
#822 = FILL_AREA_STYLE_COLOUR ( '', #817 ) ;
#823 = AXIS2_PLACEMENT_3D ( 'NONE', #862, #918, #915 ) ;
#824 = CYLINDRICAL_SURFACE ( 'NONE', #820, 0.04999999999999991300 ) ;
#825 = CARTESIAN_POINT ( 'NONE',  ( -1.355000000000000400, -1.472999999999999900, 0.5840937768374314700 ) ) ;
#826 =( GEOMETRIC_REPRESENTATION_CONTEXT ( 3 ) GLOBAL_UNCERTAINTY_ASSIGNED_CONTEXT ( ( #898 ) ) GLOBAL_UNIT_ASSIGNED_CONTEXT ( ( #901, #900, #899 ) ) REPRESENTATION_CONTEXT ( 'NONE', 'WORKASPACE' ) );
#827 =( BOUNDED_CURVE ( )  B_SPLINE_CURVE ( 3, ( #848, #847, #846, #845 ),
 .UNSPECIFIED., .F., .T. ) 
 B_SPLINE_CURVE_WITH_KNOTS ( ( 4, 4 ),
 ( 0.0000000000000000000, 1.570796326794895400 ),
 .UNSPECIFIED. ) 
 CURVE ( )  GEOMETRIC_REPRESENTATION_ITEM ( )  RATIONAL_B_SPLINE_CURVE ( ( 1.000000000000000000, 0.8047378541243652700, 0.8047378541243652700, 1.000000000000000000 ) ) 
 REPRESENTATION_ITEM ( '' )  );
#828 = DIRECTION ( 'NONE',  ( -1.000000000000000000, 1.084202172485507300E-016, 0.0000000000000000000 ) ) ;
#829 = DIRECTION ( 'NONE',  ( 1.084202172485504400E-016, 1.000000000000000000, 0.0000000000000000000 ) ) ;
#830 = AXIS2_PLACEMENT_3D ( 'NONE', #913, #829, #828 ) ;
#831 = CYLINDRICAL_SURFACE ( 'NONE', #830, 0.04999999999999991300 ) ;
#832 = LINE ( 'NONE', #897, #903 ) ;
#833 = CARTESIAN_POINT ( 'NONE',  ( -2.035000000000000100, -0.7620523110292841700, 0.7490186380224013200 ) ) ;
#834 =( GEOMETRIC_REPRESENTATION_CONTEXT ( 3 ) GLOBAL_UNCERTAINTY_ASSIGNED_CONTEXT ( ( #835 ) ) GLOBAL_UNIT_ASSIGNED_CONTEXT ( ( #889, #837, #836 ) ) REPRESENTATION_CONTEXT ( 'NONE', 'WORKASPACE' ) );
#835 = UNCERTAINTY_MEASURE_WITH_UNIT (LENGTH_MEASURE( 1.000000000000000100E-005 ), #889, 'distance_accuracy_value', 'NONE');
#836 =( NAMED_UNIT ( * ) SI_UNIT ( $, .STERADIAN. ) SOLID_ANGLE_UNIT ( ) );
#837 =( NAMED_UNIT ( * ) PLANE_ANGLE_UNIT ( ) SI_UNIT ( $, .RADIAN. ) );
#838 =( LENGTH_UNIT ( ) NAMED_UNIT ( * ) SI_UNIT ( .MILLI., .METRE. ) );
#839 = MECHANICAL_DESIGN_GEOMETRIC_PRESENTATION_REPRESENTATION (  '', ( #907 ), #905 ) ;
#840 = CIRCLE ( 'NONE', #804, 0.05000000000000002400 ) ;
#841 = CARTESIAN_POINT ( 'NONE',  ( -1.355000000000000400, -0.7799029738905034500, 1.359056210195956000 ) ) ;
#842 = DIRECTION ( 'NONE',  ( -1.084202172485504400E-016, -1.000000000000000000, 0.0000000000000000000 ) ) ;
#843 = FACE_OUTER_BOUND ( 'NONE', #2320, .T. ) ;
#844 = UNCERTAINTY_MEASURE_WITH_UNIT (LENGTH_MEASURE( 1.000000000000000100E-005 ), #838, 'distance_accuracy_value', 'NONE');
#845 = CARTESIAN_POINT ( 'NONE',  ( -2.085000000000000000, -0.9363312550711018200, 0.7540937768374315100 ) ) ;
#846 = CARTESIAN_POINT ( 'NONE',  ( -2.085000000000000400, -0.9590104017598736200, 0.7833830987187767600 ) ) ;
#847 = CARTESIAN_POINT ( 'NONE',  ( -2.064289321881345600, -0.9750469801750286700, 0.8040937768374315500 ) ) ;
#848 = CARTESIAN_POINT ( 'NONE',  ( -2.035000000000000100, -0.9750469801750286700, 0.8040937768374314400 ) ) ;
#849 = CARTESIAN_POINT ( 'NONE',  ( -2.085000000000000000, -1.472999999999999900, 0.5840937768374314700 ) ) ;
#850 = FILL_AREA_STYLE ('',( #851 ) ) ;
#851 = FILL_AREA_STYLE_COLOUR ( '', #852 ) ;
#852 = COLOUR_RGB ( '',0.8470588235294117500, 0.8470588235294117500, 0.8470588235294117500 ) ;
#853 = FACE_OUTER_BOUND ( 'NONE', #2306, .T. ) ;
#854 = DIRECTION ( 'NONE',  ( 0.0000000000000000000, 0.0000000000000000000, 1.000000000000000000 ) ) ;
#855 = VECTOR ( 'NONE', #854, 1000.000000000000000 ) ;
#856 = CARTESIAN_POINT ( 'NONE',  ( -2.085000000000000000, -1.472999999999999900, 0.8040937768374314400 ) ) ;
#857 = VECTOR ( 'NONE', #842, 1000.000000000000000 ) ;
#858 = CARTESIAN_POINT ( 'NONE',  ( -2.085000000000000000, -0.5669083047447585100, 1.353981071380927500 ) ) ;
#859 = LINE ( 'NONE', #858, #857 ) ;
#860 = DIRECTION ( 'NONE',  ( -1.000000000000000000, 0.0000000000000000000, 0.0000000000000000000 ) ) ;
#861 = DIRECTION ( 'NONE',  ( 1.084202172485504400E-016, 1.000000000000000000, 0.0000000000000000000 ) ) ;
#862 = CARTESIAN_POINT ( 'NONE',  ( -2.035000000000000100, -0.9750469801750288900, 0.8040937768374313300 ) ) ;
#863 = SURFACE_STYLE_FILL_AREA ( #864 ) ;
#864 = FILL_AREA_STYLE ('',( #865 ) ) ;
#865 = FILL_AREA_STYLE_COLOUR ( '', #866 ) ;
#866 = COLOUR_RGB ( '',0.8470588235294117500, 0.8470588235294117500, 0.8470588235294117500 ) ;
#867 = DIRECTION ( 'NONE',  ( 0.0000000000000000000, 0.0000000000000000000, -1.000000000000000000 ) ) ;
#868 = LINE ( 'NONE', #856, #855 ) ;
#869 = DIRECTION ( 'NONE',  ( 0.0000000000000000000, 0.0000000000000000000, 1.000000000000000000 ) ) ;
#870 = DIRECTION ( 'NONE',  ( 1.084202172485504400E-016, 1.000000000000000000, -1.978640747033070800E-016 ) ) ;
#871 = CARTESIAN_POINT ( 'NONE',  ( -2.035000000000000100, -1.472999999999999900, 0.5840937768374314700 ) ) ;
#872 = AXIS2_PLACEMENT_3D ( 'NONE', #871, #870, #869 ) ;
#873 = CIRCLE ( 'NONE', #872, 0.05000000000000002400 ) ;
#874 = TOROIDAL_SURFACE ( 'NONE', #823, 0.2200000000000001100, 0.05000000000000000300 ) ;
#875 = PRESENTATION_LAYER_ASSIGNMENT (  '', '', ( #876 ) ) ;
#876 = STYLED_ITEM ( 'NONE', ( #877 ), #2346 ) ;
#877 = PRESENTATION_STYLE_ASSIGNMENT (( #878 ) ) ;
#878 = SURFACE_STYLE_USAGE ( .BOTH. , #879 ) ;
#879 = SURFACE_SIDE_STYLE ('',( #880 ) ) ;
#880 = SURFACE_STYLE_FILL_AREA ( #881 ) ;
#881 = FILL_AREA_STYLE ('',( #888 ) ) ;
#882 = COLOUR_RGB ( '',0.8470588235294117500, 0.8470588235294117500, 0.8470588235294117500 ) ;
#883 = DIRECTION ( 'NONE',  ( 0.0000000000000000000, -0.9681575870261117700, 0.2503415400683174400 ) ) ;
#884 = DIRECTION ( 'NONE',  ( 2.714208416054376200E-017, 0.2503415400683182700, 0.9681575870261115400 ) ) ;
#885 = AXIS2_PLACEMENT_3D ( 'NONE', #833, #884, #883 ) ;
#886 = CYLINDRICAL_SURFACE ( 'NONE', #885, 0.05000000000000003700 ) ;
#887 = FACE_OUTER_BOUND ( 'NONE', #2429, .T. ) ;
#888 = FILL_AREA_STYLE_COLOUR ( '', #882 ) ;
#889 =( LENGTH_UNIT ( ) NAMED_UNIT ( * ) SI_UNIT ( .MILLI., .METRE. ) );
#890 = MECHANICAL_DESIGN_GEOMETRIC_PRESENTATION_REPRESENTATION (  '', ( #892 ), #834 ) ;
#891 = PRESENTATION_LAYER_ASSIGNMENT (  '', '', ( #892 ) ) ;
#892 = STYLED_ITEM ( 'NONE', ( #893 ), #2344 ) ;
#893 = PRESENTATION_STYLE_ASSIGNMENT (( #894 ) ) ;
#894 = SURFACE_STYLE_USAGE ( .BOTH. , #895 ) ;
#895 = SURFACE_SIDE_STYLE ('',( #896 ) ) ;
#896 = SURFACE_STYLE_FILL_AREA ( #850 ) ;
#897 = CARTESIAN_POINT ( 'NONE',  ( -2.085000000000000000, -0.7799029738905033400, 1.359056210195956000 ) ) ;
#898 = UNCERTAINTY_MEASURE_WITH_UNIT (LENGTH_MEASURE( 1.000000000000000100E-005 ), #901, 'distance_accuracy_value', 'NONE');
#899 =( NAMED_UNIT ( * ) SI_UNIT ( $, .STERADIAN. ) SOLID_ANGLE_UNIT ( ) );
#900 =( NAMED_UNIT ( * ) PLANE_ANGLE_UNIT ( ) SI_UNIT ( $, .RADIAN. ) );
#901 =( LENGTH_UNIT ( ) NAMED_UNIT ( * ) SI_UNIT ( .MILLI., .METRE. ) );
#902 = MECHANICAL_DESIGN_GEOMETRIC_PRESENTATION_REPRESENTATION (  '', ( #876 ), #826 ) ;
#903 = VECTOR ( 'NONE', #801, 999.9999999999998900 ) ;
#904 = CARTESIAN_POINT ( 'NONE',  ( -2.035000000000000100, -0.9750469801750290000, 1.353981071380927500 ) ) ;
#905 =( GEOMETRIC_REPRESENTATION_CONTEXT ( 3 ) GLOBAL_UNCERTAINTY_ASSIGNED_CONTEXT ( ( #844 ) ) GLOBAL_UNIT_ASSIGNED_CONTEXT ( ( #838, #917, #916 ) ) REPRESENTATION_CONTEXT ( 'NONE', 'WORKASPACE' ) );
#906 = PRESENTATION_LAYER_ASSIGNMENT (  '', '', ( #907 ) ) ;
#907 = STYLED_ITEM ( 'NONE', ( #908 ), #2330 ) ;
#908 = PRESENTATION_STYLE_ASSIGNMENT (( #909 ) ) ;
#909 = SURFACE_STYLE_USAGE ( .BOTH. , #910 ) ;
#910 = SURFACE_SIDE_STYLE ('',( #863 ) ) ;
#911 = AXIS2_PLACEMENT_3D ( 'NONE', #904, #861, #860 ) ;
#912 = CYLINDRICAL_SURFACE ( 'NONE', #911, 0.05000000000000012800 ) ;
#913 = CARTESIAN_POINT ( 'NONE',  ( -1.405000000000000700, -1.704907916233456000E-016, 1.523981071380927600 ) ) ;
#914 =( GEOMETRIC_REPRESENTATION_CONTEXT ( 3 ) GLOBAL_UNCERTAINTY_ASSIGNED_CONTEXT ( ( #805 ) ) GLOBAL_UNIT_ASSIGNED_CONTEXT ( ( #808, #807, #806 ) ) REPRESENTATION_CONTEXT ( 'NONE', 'WORKASPACE' ) );
#915 = DIRECTION ( 'NONE',  ( 1.084202172485504600E-016, 1.000000000000000000, 0.0000000000000000000 ) ) ;
#916 =( NAMED_UNIT ( * ) SI_UNIT ( $, .STERADIAN. ) SOLID_ANGLE_UNIT ( ) );
#917 =( NAMED_UNIT ( * ) PLANE_ANGLE_UNIT ( ) SI_UNIT ( $, .RADIAN. ) );
#918 = DIRECTION ( 'NONE',  ( 1.000000000000000000, -1.084202172485504400E-016, -0.0000000000000000000 ) ) ;
#919 = CARTESIAN_POINT ( 'NONE',  ( -1.405000000000000700, -0.9750469801750290000, 0.8040937768374313300 ) ) ;
#920 = CARTESIAN_POINT ( 'NONE',  ( -2.035000000000000100, -0.9750469801750302200, 0.5340937768374313100 ) ) ;
#921 = DIRECTION ( 'NONE',  ( -1.000000000000000000, 1.084202172485504400E-016, 0.0000000000000000000 ) ) ;
#922 = CARTESIAN_POINT ( 'NONE',  ( -3.125000000000000400, -0.5669083047447572900, 1.523981071380927600 ) ) ;
#923 = FACE_OUTER_BOUND ( 'NONE', #2070, .T. ) ;
#924 = CARTESIAN_POINT ( 'NONE',  ( -3.754999999999999900, -0.9750469801750290000, 0.7540937768374315100 ) ) ;
#925 = CARTESIAN_POINT ( 'NONE',  ( -2.035000000000000100, -0.8283108532418088600, 1.371573287199372000 ) ) ;
#926 = CARTESIAN_POINT ( 'NONE',  ( -1.405000000000000700, -0.8283108532418089800, 1.371573287199372000 ) ) ;
#927 = CYLINDRICAL_SURFACE ( 'NONE', #952, 0.05000000000000012800 ) ;
#928 = AXIS2_PLACEMENT_3D ( 'NONE', #922, #956, #954 ) ;
#929 = CIRCLE ( 'NONE', #928, 0.04999999999999991300 ) ;
#930 = DIRECTION ( 'NONE',  ( 0.0000000000000000000, 0.0000000000000000000, -1.000000000000000000 ) ) ;
#931 = VECTOR ( 'NONE', #930, 1000.000000000000000 ) ;
#932 = CARTESIAN_POINT ( 'NONE',  ( -2.085000000000000000, -9.676504389433130800E-017, 1.573981071380927500 ) ) ;
#933 = LINE ( 'NONE', #932, #931 ) ;
#934 = CARTESIAN_POINT ( 'NONE',  ( -2.085000000000000000, -9.676504389433130800E-017, 1.523981071380927600 ) ) ;
#935 = CARTESIAN_POINT ( 'NONE',  ( -2.085000000000000000, -9.676504389433130800E-017, 1.353981071380927500 ) ) ;
#936 = DIRECTION ( 'NONE',  ( -1.000000000000000000, 1.084202172485502600E-016, 0.0000000000000000000 ) ) ;
#937 = DIRECTION ( 'NONE',  ( 1.084202172485504600E-016, 1.000000000000000000, 0.0000000000000000000 ) ) ;
#938 = CARTESIAN_POINT ( 'NONE',  ( -2.035000000000000100, -1.084202172485504400E-016, 1.353981071380927500 ) ) ;
#939 = AXIS2_PLACEMENT_3D ( 'NONE', #938, #937, #936 ) ;
#940 = CIRCLE ( 'NONE', #939, 0.05000000000000012800 ) ;
#941 = DIRECTION ( 'NONE',  ( -1.000000000000000000, 1.084202172485504600E-016, 0.0000000000000000000 ) ) ;
#942 = VECTOR ( 'NONE', #941, 1000.000000000000000 ) ;
#943 = CARTESIAN_POINT ( 'NONE',  ( -1.355000000000000400, -1.759118024857731200E-016, 1.303981071380927400 ) ) ;
#944 = DIRECTION ( 'NONE',  ( 0.0000000000000000000, 0.0000000000000000000, -1.000000000000000000 ) ) ;
#945 = DIRECTION ( 'NONE',  ( 0.0000000000000000000, -1.000000000000000000, 0.0000000000000000000 ) ) ;
#946 = CARTESIAN_POINT ( 'NONE',  ( -3.754999999999999900, -1.472999999999999900, 0.7540937768374315100 ) ) ;
#947 = AXIS2_PLACEMENT_3D ( 'NONE', #946, #945, #944 ) ;
#948 = CIRCLE ( 'NONE', #947, 0.05000000000000002400 ) ;
#949 = LINE ( 'NONE', #943, #942 ) ;
#950 = DIRECTION ( 'NONE',  ( 1.000000000000000000, 0.0000000000000000000, 0.0000000000000000000 ) ) ;
#951 = DIRECTION ( 'NONE',  ( -1.084202172485504400E-016, -1.000000000000000000, 0.0000000000000000000 ) ) ;
#952 = AXIS2_PLACEMENT_3D ( 'NONE', #924, #951, #950 ) ;
#953 = DIRECTION ( 'NONE',  ( 0.0000000000000000000, 1.000000000000000000, 0.0000000000000000000 ) ) ;
#954 = DIRECTION ( 'NONE',  ( 0.0000000000000000000, -6.505213034913037600E-015, -1.000000000000000000 ) ) ;
#955 = AXIS2_PLACEMENT_3D ( 'NONE', #919, #921, #953 ) ;
#956 = DIRECTION ( 'NONE',  ( 0.0000000000000000000, -1.000000000000000000, 6.505213034913037600E-015 ) ) ;
#957 = CIRCLE ( 'NONE', #955, 0.2700000000000001800 ) ;
#958 =( NAMED_UNIT ( * ) SI_UNIT ( $, .STERADIAN. ) SOLID_ANGLE_UNIT ( ) );
#959 = PRESENTATION_LAYER_ASSIGNMENT (  '', '', ( #960 ) ) ;
#960 = STYLED_ITEM ( 'NONE', ( #969 ), #2352 ) ;
#961 = SURFACE_SIDE_STYLE ('',( #962 ) ) ;
#962 = SURFACE_STYLE_FILL_AREA ( #963 ) ;
#963 = FILL_AREA_STYLE ('',( #971 ) ) ;
#964 = FACE_OUTER_BOUND ( 'NONE', #2329, .T. ) ;
#965 =( NAMED_UNIT ( * ) PLANE_ANGLE_UNIT ( ) SI_UNIT ( $, .RADIAN. ) );
#966 = UNCERTAINTY_MEASURE_WITH_UNIT (LENGTH_MEASURE( 1.000000000000000100E-005 ), #967, 'distance_accuracy_value', 'NONE');
#967 =( LENGTH_UNIT ( ) NAMED_UNIT ( * ) SI_UNIT ( .MILLI., .METRE. ) );
#968 = MECHANICAL_DESIGN_GEOMETRIC_PRESENTATION_REPRESENTATION (  '', ( #960 ), #974 ) ;
#969 = PRESENTATION_STYLE_ASSIGNMENT (( #970 ) ) ;
#970 = SURFACE_STYLE_USAGE ( .BOTH. , #961 ) ;
#971 = FILL_AREA_STYLE_COLOUR ( '', #972 ) ;
#972 = COLOUR_RGB ( '',0.8470588235294117500, 0.8470588235294117500, 0.8470588235294117500 ) ;
#973 = CARTESIAN_POINT ( 'NONE',  ( -1.405000000000000700, -0.5669083047447572900, 1.523981071380927600 ) ) ;
#974 =( GEOMETRIC_REPRESENTATION_CONTEXT ( 3 ) GLOBAL_UNCERTAINTY_ASSIGNED_CONTEXT ( ( #966 ) ) GLOBAL_UNIT_ASSIGNED_CONTEXT ( ( #967, #965, #958 ) ) REPRESENTATION_CONTEXT ( 'NONE', 'WORKASPACE' ) );
#975 = DIRECTION ( 'NONE',  ( 0.0000000000000000000, -1.000000000000000000, 6.505213034913037600E-015 ) ) ;
#976 = AXIS2_PLACEMENT_3D ( 'NONE', #973, #975, #978 ) ;
#977 = CIRCLE ( 'NONE', #976, 0.04999999999999991300 ) ;
#978 = DIRECTION ( 'NONE',  ( 0.0000000000000000000, -6.505213034913037600E-015, -1.000000000000000000 ) ) ;
#979 = EDGE_CURVE ( 'NONE', #2759, #2937, #2944, .T. ) ;
#980 = EDGE_LOOP ( 'NONE', ( #981, #2900, #1018 ) ) ;
#981 = ORIENTED_EDGE ( 'NONE', *, *, #1144, .F. ) ;
#982 = EDGE_LOOP ( 'NONE', ( #999, #984, #1000, #986 ) ) ;
#983 = ADVANCED_FACE ( 'NONE', ( #2945 ), #3018, .T. ) ;
#984 = ORIENTED_EDGE ( 'NONE', *, *, #2892, .F. ) ;
#985 = EDGE_LOOP ( 'NONE', ( #2901, #992, #995, #993 ) ) ;
#986 = ORIENTED_EDGE ( 'NONE', *, *, #2970, .F. ) ;
#987 = ORIENTED_EDGE ( 'NONE', *, *, #2846, .F. ) ;
#988 = ORIENTED_EDGE ( 'NONE', *, *, #979, .F. ) ;
#989 = ADVANCED_FACE ( 'NONE', ( #3013 ), #3051, .T. ) ;
#990 = ORIENTED_EDGE ( 'NONE', *, *, #994, .T. ) ;
#991 = ORIENTED_EDGE ( 'NONE', *, *, #3005, .F. ) ;
#992 = ORIENTED_EDGE ( 'NONE', *, *, #2973, .F. ) ;
#993 = ORIENTED_EDGE ( 'NONE', *, *, #2734, .F. ) ;
#994 = EDGE_CURVE ( 'NONE', #2765, #3006, #3066, .T. ) ;
#995 = ORIENTED_EDGE ( 'NONE', *, *, #994, .F. ) ;
#996 = ADVANCED_FACE ( 'NONE', ( #3057 ), #3158, .T. ) ;
#997 = EDGE_LOOP ( 'NONE', ( #990, #991, #988, #987 ) ) ;
#998 = ADVANCED_FACE ( 'NONE', ( #3157 ), #3166, .T. ) ;
#999 = ORIENTED_EDGE ( 'NONE', *, *, #2950, .T. ) ;
#1000 = ORIENTED_EDGE ( 'NONE', *, *, #2955, .T. ) ;
#1001 = ORIENTED_EDGE ( 'NONE', *, *, #1002, .F. ) ;
#1002 = EDGE_CURVE ( 'NONE', #2758, #2992, #3162, .T. ) ;
#1003 = EDGE_CURVE ( 'NONE', #2830, #2764, #3127, .T. ) ;
#1004 = EDGE_CURVE ( 'NONE', #2889, #2839, #3121, .T. ) ;
#1005 = ORIENTED_EDGE ( 'NONE', *, *, #2917, .F. ) ;
#1006 = ADVANCED_FACE ( 'NONE', ( #3116 ), #3092, .T. ) ;
#1007 = ADVANCED_FACE ( 'NONE', ( #3090 ), #3143, .T. ) ;
#1008 = ORIENTED_EDGE ( 'NONE', *, *, #1019, .T. ) ;
#1009 = ORIENTED_EDGE ( 'NONE', *, *, #3003, .F. ) ;
#1010 = ORIENTED_EDGE ( 'NONE', *, *, #1013, .T. ) ;
#1011 = ADVANCED_FACE ( 'NONE', ( #3144 ), #3235, .T. ) ;
#1012 = ORIENTED_EDGE ( 'NONE', *, *, #1013, .F. ) ;
#1013 = EDGE_CURVE ( 'NONE', #2749, #2889, #3215, .T. ) ;
#1014 = ORIENTED_EDGE ( 'NONE', *, *, #2812, .F. ) ;
#1015 = ORIENTED_EDGE ( 'NONE', *, *, #1002, .T. ) ;
#1016 = EDGE_LOOP ( 'NONE', ( #1029, #1031, #1028, #1009 ) ) ;
#1017 = ORIENTED_EDGE ( 'NONE', *, *, #2891, .F. ) ;
#1018 = ORIENTED_EDGE ( 'NONE', *, *, #1019, .F. ) ;
#1019 = EDGE_CURVE ( 'NONE', #2915, #2840, #3167, .T. ) ;
#1020 = ORIENTED_EDGE ( 'NONE', *, *, #2751, .F. ) ;
#1021 = EDGE_LOOP ( 'NONE', ( #1047, #1024, #2898, #1041 ) ) ;
#1022 = EDGE_CURVE ( 'NONE', #2749, #2839, #3230, .T. ) ;
#1023 = ADVANCED_FACE ( 'NONE', ( #3174 ), #3239, .T. ) ;
#1024 = ORIENTED_EDGE ( 'NONE', *, *, #2754, .F. ) ;
#1025 = ORIENTED_EDGE ( 'NONE', *, *, #1022, .F. ) ;
#1026 = ORIENTED_EDGE ( 'NONE', *, *, #1004, .T. ) ;
#1027 = ADVANCED_FACE ( 'NONE', ( #3221 ), #3278, .T. ) ;
#1028 = ORIENTED_EDGE ( 'NONE', *, *, #1030, .F. ) ;
#1029 = ORIENTED_EDGE ( 'NONE', *, *, #1003, .T. ) ;
#1030 = EDGE_CURVE ( 'NONE', #2894, #2761, #3266, .T. ) ;
#1031 = ORIENTED_EDGE ( 'NONE', *, *, #2753, .F. ) ;
#1032 = EDGE_LOOP ( 'NONE', ( #1010, #1026, #1025 ) ) ;
#1033 = ADVANCED_FACE ( 'NONE', ( #3191 ), #3183, .T. ) ;
#1034 = ORIENTED_EDGE ( 'NONE', *, *, #2704, .F. ) ;
#1035 = ORIENTED_EDGE ( 'NONE', *, *, #2691, .F. ) ;
#1036 = ORIENTED_EDGE ( 'NONE', *, *, #1003, .F. ) ;
#1037 = EDGE_CURVE ( 'NONE', #2835, #2844, #3209, .T. ) ;
#1038 = ORIENTED_EDGE ( 'NONE', *, *, #2808, .F. ) ;
#1039 = EDGE_CURVE ( 'NONE', #2827, #2811, #3253, .T. ) ;
#1040 = EDGE_LOOP ( 'NONE', ( #1043, #1044, #1045, #1745 ) ) ;
#1041 = ORIENTED_EDGE ( 'NONE', *, *, #2991, .F. ) ;
#1042 = ADVANCED_FACE ( 'NONE', ( #3255 ), #3389, .T. ) ;
#1043 = ORIENTED_EDGE ( 'NONE', *, *, #1022, .T. ) ;
#1044 = ORIENTED_EDGE ( 'NONE', *, *, #2822, .F. ) ;
#1045 = ORIENTED_EDGE ( 'NONE', *, *, #1046, .F. ) ;
#1046 = EDGE_CURVE ( 'NONE', #2750, #2837, #3346, .T. ) ;
#1047 = ORIENTED_EDGE ( 'NONE', *, *, #1030, .T. ) ;
#1048 = ORIENTED_EDGE ( 'NONE', *, *, #2817, .F. ) ;
#1049 = ORIENTED_EDGE ( 'NONE', *, *, #1004, .F. ) ;
#1050 = ADVANCED_FACE ( 'NONE', ( #3417 ), #3325, .T. ) ;
#1051 = EDGE_LOOP ( 'NONE', ( #1034, #1035, #1036, #1076 ) ) ;
#1052 = ORIENTED_EDGE ( 'NONE', *, *, #2936, .F. ) ;
#1053 = EDGE_LOOP ( 'NONE', ( #1075, #1052, #1001, #1020 ) ) ;
#1054 = ADVANCED_FACE ( 'NONE', ( #3327 ), #3350, .T. ) ;
#1055 = ORIENTED_EDGE ( 'NONE', *, *, #1143, .T. ) ;
#1056 = ORIENTED_EDGE ( 'NONE', *, *, #1063, .T. ) ;
#1057 = ORIENTED_EDGE ( 'NONE', *, *, #2903, .F. ) ;
#1058 = ORIENTED_EDGE ( 'NONE', *, *, #3004, .F. ) ;
#1059 = ORIENTED_EDGE ( 'NONE', *, *, #1143, .F. ) ;
#1060 = ADVANCED_FACE ( 'NONE', ( #3351 ), #3416, .T. ) ;
#1061 = ORIENTED_EDGE ( 'NONE', *, *, #2921, .F. ) ;
#1062 = EDGE_LOOP ( 'NONE', ( #1055, #1061, #1194, #1093 ) ) ;
#1063 = EDGE_CURVE ( 'NONE', #2834, #2835, #3411, .T. ) ;
#1064 = ORIENTED_EDGE ( 'NONE', *, *, #2805, .F. ) ;
#1065 = ORIENTED_EDGE ( 'NONE', *, *, #1069, .F. ) ;
#1066 = ORIENTED_EDGE ( 'NONE', *, *, #3008, .F. ) ;
#1067 = ADVANCED_FACE ( 'NONE', ( #3305 ), #3418, .T. ) ;
#1068 = ORIENTED_EDGE ( 'NONE', *, *, #2842, .F. ) ;
#1069 = EDGE_CURVE ( 'NONE', #2893, #2967, #3342, .T. ) ;
#1070 = ADVANCED_FACE ( 'NONE', ( #3337 ), #3298, .T. ) ;
#1071 = ORIENTED_EDGE ( 'NONE', *, *, #2709, .F. ) ;
#1072 = ORIENTED_EDGE ( 'NONE', *, *, #1144, .T. ) ;
#1073 = ORIENTED_EDGE ( 'NONE', *, *, #1037, .T. ) ;
#1074 = EDGE_LOOP ( 'NONE', ( #1008, #1048, #1049, #1005 ) ) ;
#1075 = ORIENTED_EDGE ( 'NONE', *, *, #979, .T. ) ;
#1076 = ORIENTED_EDGE ( 'NONE', *, *, #2895, .F. ) ;
#1077 = ORIENTED_EDGE ( 'NONE', *, *, #1186, .T. ) ;
#1078 = ORIENTED_EDGE ( 'NONE', *, *, #1203, .T. ) ;
#1079 = EDGE_CURVE ( 'NONE', #2958, #2910, #3294, .T. ) ;
#1080 = EDGE_CURVE ( 'NONE', #1081, #1139, #3289, .T. ) ;
#1081 = VERTEX_POINT ( 'NONE', #3365 ) ;
#1082 = VERTEX_POINT ( 'NONE', #3364 ) ;
#1083 = EDGE_CURVE ( 'NONE', #1385, #1084, #3363, .T. ) ;
#1084 = VERTEX_POINT ( 'NONE', #3359 ) ;
#1085 = EDGE_CURVE ( 'NONE', #1405, #1090, #3322, .T. ) ;
#1086 = VERTEX_POINT ( 'NONE', #3318 ) ;
#1087 = ORIENTED_EDGE ( 'NONE', *, *, #1083, .T. ) ;
#1088 = EDGE_CURVE ( 'NONE', #1110, #1130, #3316, .T. ) ;
#1089 = EDGE_CURVE ( 'NONE', #1387, #1163, #3439, .T. ) ;
#1090 = VERTEX_POINT ( 'NONE', #3487 ) ;
#1091 = EDGE_CURVE ( 'NONE', #1160, #1159, #3539, .T. ) ;
#1092 = ORIENTED_EDGE ( 'NONE', *, *, #2887, .T. ) ;
#1093 = ORIENTED_EDGE ( 'NONE', *, *, #2849, .F. ) ;
#1094 = ORIENTED_EDGE ( 'NONE', *, *, #1095, .T. ) ;
#1095 = EDGE_CURVE ( 'NONE', #1117, #1185, #3456, .T. ) ;
#1096 = ORIENTED_EDGE ( 'NONE', *, *, #1080, .T. ) ;
#1097 = ORIENTED_EDGE ( 'NONE', *, *, #1098, .T. ) ;
#1098 = EDGE_CURVE ( 'NONE', #1139, #1123, #3453, .T. ) ;
#1099 = EDGE_CURVE ( 'NONE', #1236, #1152, #3503, .T. ) ;
#1100 = EDGE_CURVE ( 'NONE', #1102, #1116, #3532, .T. ) ;
#1101 = VERTEX_POINT ( 'NONE', #3534 ) ;
#1102 = VERTEX_POINT ( 'NONE', #3533 ) ;
#1103 = VERTEX_POINT ( 'NONE', #3437 ) ;
#1104 = EDGE_CURVE ( 'NONE', #1101, #1103, #3490, .T. ) ;
#1105 = EDGE_LOOP ( 'NONE', ( #1232, #1056, #1064, #1065 ) ) ;
#1106 = ADVANCED_FACE ( 'NONE', ( #3482 ), #3529, .T. ) ;
#1107 = EDGE_CURVE ( 'NONE', #1116, #1101, #3461, .T. ) ;
#1108 = ORIENTED_EDGE ( 'NONE', *, *, #1109, .T. ) ;
#1109 = EDGE_CURVE ( 'NONE', #1212, #1110, #3462, .T. ) ;
#1110 = VERTEX_POINT ( 'NONE', #3506 ) ;
#1111 = ADVANCED_FACE ( 'NONE', ( #3505 ), #3542, .T. ) ;
#1112 = EDGE_LOOP ( 'NONE', ( #1113, #1134, #1149, #1150 ) ) ;
#1113 = ORIENTED_EDGE ( 'NONE', *, *, #1114, .F. ) ;
#1114 = EDGE_CURVE ( 'NONE', #1187, #1133, #3501, .T. ) ;
#1115 = ORIENTED_EDGE ( 'NONE', *, *, #1104, .T. ) ;
#1116 = VERTEX_POINT ( 'NONE', #3497 ) ;
#1117 = VERTEX_POINT ( 'NONE', #3496 ) ;
#1118 = ORIENTED_EDGE ( 'NONE', *, *, #1107, .T. ) ;
#1119 = ADVANCED_FACE ( 'NONE', ( #3495 ), #3546, .T. ) ;
#1120 = EDGE_LOOP ( 'NONE', ( #1189, #1215, #1191, #1192 ) ) ;
#1121 = EDGE_CURVE ( 'NONE', #1122, #1123, #3552, .T. ) ;
#1122 = VERTEX_POINT ( 'NONE', #3548 ) ;
#1123 = VERTEX_POINT ( 'NONE', #3579 ) ;
#1124 = ORIENTED_EDGE ( 'NONE', *, *, #1190, .T. ) ;
#1125 = ORIENTED_EDGE ( 'NONE', *, *, #1126, .T. ) ;
#1126 = EDGE_CURVE ( 'NONE', #1214, #1236, #3580, .T. ) ;
#1127 = ORIENTED_EDGE ( 'NONE', *, *, #1137, .T. ) ;
#1128 = EDGE_CURVE ( 'NONE', #1154, #1159, #3577, .T. ) ;
#1129 = ORIENTED_EDGE ( 'NONE', *, *, #1091, .F. ) ;
#1130 = VERTEX_POINT ( 'NONE', #3578 ) ;
#1131 = EDGE_LOOP ( 'NONE', ( #1148, #1200, #1096, #1097 ) ) ;
#1132 = ORIENTED_EDGE ( 'NONE', *, *, #1142, .T. ) ;
#1133 = VERTEX_POINT ( 'NONE', #3563 ) ;
#1134 = ORIENTED_EDGE ( 'NONE', *, *, #1135, .T. ) ;
#1135 = EDGE_CURVE ( 'NONE', #1187, #1122, #3561, .T. ) ;
#1136 = ORIENTED_EDGE ( 'NONE', *, *, #1237, .T. ) ;
#1137 = EDGE_CURVE ( 'NONE', #1090, #1117, #3571, .T. ) ;
#1138 = EDGE_CURVE ( 'NONE', #1081, #1147, #3566, .T. ) ;
#1139 = VERTEX_POINT ( 'NONE', #3608 ) ;
#1140 = ADVANCED_FACE ( 'NONE', ( #3602 ), #3592, .T. ) ;
#1141 = ORIENTED_EDGE ( 'NONE', *, *, #1142, .F. ) ;
#1142 = EDGE_CURVE ( 'NONE', #1117, #1154, #3594, .T. ) ;
#1143 = EDGE_CURVE ( 'NONE', #3009, #2964, #3615, .T. ) ;
#1144 = EDGE_CURVE ( 'NONE', #2843, #2915, #3622, .T. ) ;
#1145 = EDGE_CURVE ( 'NONE', #2840, #2843, #3589, .T. ) ;
#1146 = EDGE_CURVE ( 'NONE', #1160, #1139, #3584, .T. ) ;
#1147 = VERTEX_POINT ( 'NONE', #3634 ) ;
#1148 = ORIENTED_EDGE ( 'NONE', *, *, #1121, .F. ) ;
#1149 = ORIENTED_EDGE ( 'NONE', *, *, #1121, .T. ) ;
#1150 = ORIENTED_EDGE ( 'NONE', *, *, #1151, .T. ) ;
#1151 = EDGE_CURVE ( 'NONE', #1123, #1133, #3631, .T. ) ;
#1152 = VERTEX_POINT ( 'NONE', #3633 ) ;
#1153 = ORIENTED_EDGE ( 'NONE', *, *, #1238, .T. ) ;
#1154 = VERTEX_POINT ( 'NONE', #3632 ) ;
#1155 = EDGE_LOOP ( 'NONE', ( #1141, #1094, #1077, #1078 ) ) ;
#1156 = EDGE_CURVE ( 'NONE', #1213, #1187, #3628, .T. ) ;
#1157 = ORIENTED_EDGE ( 'NONE', *, *, #1138, .T. ) ;
#1158 = ORIENTED_EDGE ( 'NONE', *, *, #1128, .T. ) ;
#1159 = VERTEX_POINT ( 'NONE', #3701 ) ;
#1160 = VERTEX_POINT ( 'NONE', #3661 ) ;
#1161 = ORIENTED_EDGE ( 'NONE', *, *, #1146, .T. ) ;
#1162 = ORIENTED_EDGE ( 'NONE', *, *, #1089, .T. ) ;
#1163 = VERTEX_POINT ( 'NONE', #3721 ) ;
#1164 = ADVANCED_FACE ( 'NONE', ( #3643 ), #3711, .T. ) ;
#1165 = ORIENTED_EDGE ( 'NONE', *, *, #1085, .T. ) ;
#1166 = EDGE_CURVE ( 'NONE', #1086, #1116, #3702, .T. ) ;
#1167 = ORIENTED_EDGE ( 'NONE', *, *, #1303, .T. ) ;
#1168 = EDGE_LOOP ( 'NONE', ( #1087, #1173, #1339, #1239, #1309, #1165, #1181, #1182, #1336, #1171 ) ) ;
#1169 = EDGE_CURVE ( 'NONE', #1102, #1386, #3670, .T. ) ;
#1170 = EDGE_CURVE ( 'NONE', #1082, #1337, #3655, .T. ) ;
#1171 = ORIENTED_EDGE ( 'NONE', *, *, #1172, .T. ) ;
#1172 = EDGE_CURVE ( 'NONE', #1337, #1385, #3656, .T. ) ;
#1173 = ORIENTED_EDGE ( 'NONE', *, *, #1174, .T. ) ;
#1174 = EDGE_CURVE ( 'NONE', #1084, #1175, #3717, .T. ) ;
#1175 = VERTEX_POINT ( 'NONE', #3713 ) ;
#1176 = ORIENTED_EDGE ( 'NONE', *, *, #1177, .T. ) ;
#1177 = EDGE_CURVE ( 'NONE', #1163, #1178, #3667, .T. ) ;
#1178 = VERTEX_POINT ( 'NONE', #3663 ) ;
#1179 = ORIENTED_EDGE ( 'NONE', *, *, #1338, .T. ) ;
#1180 = VERTEX_POINT ( 'NONE', #3662 ) ;
#1181 = ORIENTED_EDGE ( 'NONE', *, *, #1237, .F. ) ;
#1182 = ORIENTED_EDGE ( 'NONE', *, *, #1304, .T. ) ;
#1183 = EDGE_LOOP ( 'NONE', ( #1071, #2951, #2954, #2952 ) ) ;
#1184 = ORIENTED_EDGE ( 'NONE', *, *, #1186, .F. ) ;
#1185 = VERTEX_POINT ( 'NONE', #3700 ) ;
#1186 = EDGE_CURVE ( 'NONE', #1185, #1103, #3698, .T. ) ;
#1187 = VERTEX_POINT ( 'NONE', #3654 ) ;
#1188 = ADVANCED_FACE ( 'NONE', ( #3653 ), #3738, .T. ) ;
#1189 = ORIENTED_EDGE ( 'NONE', *, *, #1190, .F. ) ;
#1190 = EDGE_CURVE ( 'NONE', #1213, #1214, #3737, .T. ) ;
#1191 = ORIENTED_EDGE ( 'NONE', *, *, #1114, .T. ) ;
#1192 = ORIENTED_EDGE ( 'NONE', *, *, #1193, .T. ) ;
#1193 = EDGE_CURVE ( 'NONE', #1133, #1214, #3728, .T. ) ;
#1194 = ORIENTED_EDGE ( 'NONE', *, *, #1079, .F. ) ;
#1195 = ORIENTED_EDGE ( 'NONE', *, *, #1079, .T. ) ;
#1196 = ADVANCED_FACE ( 'NONE', ( #3681 ), #3777, .T. ) ;
#1197 = EDGE_LOOP ( 'NONE', ( #1198, #1210, #1108, #1307 ) ) ;
#1198 = ORIENTED_EDGE ( 'NONE', *, *, #1199, .T. ) ;
#1199 = EDGE_CURVE ( 'NONE', #1130, #1209, #3772, .T. ) ;
#1200 = ORIENTED_EDGE ( 'NONE', *, *, #1201, .T. ) ;
#1201 = EDGE_CURVE ( 'NONE', #1122, #1081, #3782, .T. ) ;
#1202 = ADVANCED_FACE ( 'NONE', ( #3740 ), #3786, .T. ) ;
#1203 = EDGE_CURVE ( 'NONE', #1103, #1154, #3771, .T. ) ;
#1204 = ORIENTED_EDGE ( 'NONE', *, *, #1206, .T. ) ;
#1205 = MANIFOLD_SOLID_BREP ( 'NONE', #1525 ) ;
#1206 = EDGE_CURVE ( 'NONE', #1226, #1102, #3756, .T. ) ;
#1207 = ORIENTED_EDGE ( 'NONE', *, *, #1100, .T. ) ;
#1208 = ADVANCED_FACE ( 'NONE', ( #3751 ), #3855, .T. ) ;
#1209 = VERTEX_POINT ( 'NONE', #3856 ) ;
#1210 = ORIENTED_EDGE ( 'NONE', *, *, #1211, .T. ) ;
#1211 = EDGE_CURVE ( 'NONE', #1209, #1212, #3851, .T. ) ;
#1212 = VERTEX_POINT ( 'NONE', #3847 ) ;
#1213 = VERTEX_POINT ( 'NONE', #3846 ) ;
#1214 = VERTEX_POINT ( 'NONE', #3845 ) ;
#1215 = ORIENTED_EDGE ( 'NONE', *, *, #1156, .T. ) ;
#1216 = ORIENTED_EDGE ( 'NONE', *, *, #1145, .T. ) ;
#1217 = EDGE_LOOP ( 'NONE', ( #1068, #1073, #1223, #1216 ) ) ;
#1218 = CLOSED_SHELL ( 'NONE', ( #2880, #2922, #2904, #2700, #2731, #2735, #2746, #2752, #2838, #2809, #2806, #3002, #2862, #2861, #1060, #1054, #1067, #1208, #1070, #2947, #983, #998, #996, #989, #1007, #1050, #1033, #1006, #1011, #1027, #1023, #1042, #1746, #1636, #1705, #1641 ) ) ;
#1219 = EDGE_LOOP ( 'NONE', ( #1184, #1227, #1229, #1115 ) ) ;
#1220 = EDGE_LOOP ( 'NONE', ( #1038, #1072, #1058, #1195 ) ) ;
#1221 = ORIENTED_EDGE ( 'NONE', *, *, #1225, .F. ) ;
#1222 = ADVANCED_FACE ( 'NONE', ( #3844 ), #3795, .T. ) ;
#1223 = ORIENTED_EDGE ( 'NONE', *, *, #2831, .F. ) ;
#1224 = EDGE_LOOP ( 'NONE', ( #1221, #1204, #1207, #1118 ) ) ;
#1225 = EDGE_CURVE ( 'NONE', #1226, #1101, #3794, .T. ) ;
#1226 = VERTEX_POINT ( 'NONE', #3826 ) ;
#1227 = ORIENTED_EDGE ( 'NONE', *, *, #1228, .T. ) ;
#1228 = EDGE_CURVE ( 'NONE', #1185, #1226, #3824, .T. ) ;
#1229 = ORIENTED_EDGE ( 'NONE', *, *, #1225, .T. ) ;
#1230 = EDGE_LOOP ( 'NONE', ( #1231, #1157, #1136, #1127, #1132, #1158, #1129, #1161 ) ) ;
#1231 = ORIENTED_EDGE ( 'NONE', *, *, #1080, .F. ) ;
#1232 = ORIENTED_EDGE ( 'NONE', *, *, #2829, .F. ) ;
#1233 = ADVANCED_FACE ( 'NONE', ( #3820 ), #3875, .T. ) ;
#1234 = EDGE_LOOP ( 'NONE', ( #1235, #1153, #1124, #1125 ) ) ;
#1235 = ORIENTED_EDGE ( 'NONE', *, *, #1099, .T. ) ;
#1236 = VERTEX_POINT ( 'NONE', #3870 ) ;
#1237 = EDGE_CURVE ( 'NONE', #1147, #1090, #3896, .T. ) ;
#1238 = EDGE_CURVE ( 'NONE', #1152, #1213, #3892, .T. ) ;
#1239 = ORIENTED_EDGE ( 'NONE', *, *, #1305, .T. ) ;
#1240 = ORIENTED_EDGE ( 'NONE', *, *, #1201, .F. ) ;
#1241 = ORIENTED_EDGE ( 'NONE', *, *, #1242, .F. ) ;
#1242 = EDGE_CURVE ( 'NONE', #1082, #1122, #3888, .T. ) ;
#1243 = ORIENTED_EDGE ( 'NONE', *, *, #1304, .F. ) ;
#1244 = ADVANCED_FACE ( 'NONE', ( #3886 ), #3934, .T. ) ;
#1245 = EDGE_LOOP ( 'NONE', ( #1246, #1270, #1271, #1258 ) ) ;
#1246 = ORIENTED_EDGE ( 'NONE', *, *, #1354, .T. ) ;
#1247 = ORIENTED_EDGE ( 'NONE', *, *, #1151, .F. ) ;
#1248 = ADVANCED_FACE ( 'NONE', ( #3916 ), #3909, .T. ) ;
#1249 = EDGE_LOOP ( 'NONE', ( #1250, #1352, #1353 ) ) ;
#1250 = ORIENTED_EDGE ( 'NONE', *, *, #1314, .F. ) ;
#1251 = ORIENTED_EDGE ( 'NONE', *, *, #1252, .F. ) ;
#1252 = EDGE_CURVE ( 'NONE', #1185, #1405, #3932, .T. ) ;
#1253 = ADVANCED_FACE ( 'NONE', ( #3945 ), #3988, .T. ) ;
#1254 = ORIENTED_EDGE ( 'NONE', *, *, #1255, .F. ) ;
#1255 = EDGE_CURVE ( 'NONE', #1084, #1212, #4080, .T. ) ;
#1256 = ORIENTED_EDGE ( 'NONE', *, *, #1170, .F. ) ;
#1257 = EDGE_LOOP ( 'NONE', ( #1324, #1535, #1564 ) ) ;
#1258 = ORIENTED_EDGE ( 'NONE', *, *, #1089, .F. ) ;
#1259 = ORIENTED_EDGE ( 'NONE', *, *, #1126, .F. ) ;
#1260 = ADVANCED_FACE ( 'NONE', ( #4059 ), #4068, .T. ) ;
#1261 = EDGE_LOOP ( 'NONE', ( #1262, #1571, #1572, #1329 ) ) ;
#1262 = ORIENTED_EDGE ( 'NONE', *, *, #1326, .T. ) ;
#1263 = ADVANCED_FACE ( 'NONE', ( #3995 ), #4036, .T. ) ;
#1264 = EDGE_CURVE ( 'NONE', #1308, #1226, #4011, .T. ) ;
#1265 = ORIENTED_EDGE ( 'NONE', *, *, #1085, .F. ) ;
#1266 = ORIENTED_EDGE ( 'NONE', *, *, #1348, .T. ) ;
#1267 = ORIENTED_EDGE ( 'NONE', *, *, #1193, .F. ) ;
#1268 = ADVANCED_FACE ( 'NONE', ( #4031 ), #4071, .T. ) ;
#1269 = ORIENTED_EDGE ( 'NONE', *, *, #1138, .F. ) ;
#1270 = ORIENTED_EDGE ( 'NONE', *, *, #1088, .F. ) ;
#1271 = ORIENTED_EDGE ( 'NONE', *, *, #1272, .F. ) ;
#1272 = EDGE_CURVE ( 'NONE', #1163, #1110, #3983, .T. ) ;
#1273 = ORIENTED_EDGE ( 'NONE', *, *, #1098, .F. ) ;
#1274 = ADVANCED_FACE ( 'NONE', ( #3978 ), #3970, .T. ) ;
#1275 = EDGE_LOOP ( 'NONE', ( #1289, #1290, #1291, #1247 ) ) ;
#1276 = ORIENTED_EDGE ( 'NONE', *, *, #1375, .F. ) ;
#1277 = VERTEX_POINT ( 'NONE', #4051 ) ;
#1278 = ADVANCED_FACE ( 'NONE', ( #4050 ), #4025, .T. ) ;
#1279 = EDGE_LOOP ( 'NONE', ( #1280, #1343, #1315, #1300 ) ) ;
#1280 = ORIENTED_EDGE ( 'NONE', *, *, #1166, .F. ) ;
#1281 = ORIENTED_EDGE ( 'NONE', *, *, #1282, .T. ) ;
#1282 = EDGE_CURVE ( 'NONE', #1316, #1103, #4214, .T. ) ;
#1283 = ORIENTED_EDGE ( 'NONE', *, *, #1338, .F. ) ;
#1284 = ORIENTED_EDGE ( 'NONE', *, *, #1285, .F. ) ;
#1285 = EDGE_CURVE ( 'NONE', #1214, #1178, #4216, .T. ) ;
#1286 = EDGE_LOOP ( 'NONE', ( #1269, #1240, #1241, #1243 ) ) ;
#1287 = ORIENTED_EDGE ( 'NONE', *, *, #1305, .F. ) ;
#1288 = ADVANCED_FACE ( 'NONE', ( #4215 ), #4147, .T. ) ;
#1289 = ORIENTED_EDGE ( 'NONE', *, *, #1365, .T. ) ;
#1290 = ORIENTED_EDGE ( 'NONE', *, *, #1294, .F. ) ;
#1291 = ORIENTED_EDGE ( 'NONE', *, *, #1398, .F. ) ;
#1292 = EDGE_CURVE ( 'NONE', #1396, #1387, #4095, .T. ) ;
#1293 = ORIENTED_EDGE ( 'NONE', *, *, #1294, .T. ) ;
#1294 = EDGE_CURVE ( 'NONE', #1180, #1384, #4091, .T. ) ;
#1295 = ORIENTED_EDGE ( 'NONE', *, *, #1298, .T. ) ;
#1296 = EDGE_CURVE ( 'NONE', #1277, #1101, #4144, .T. ) ;
#1297 = ORIENTED_EDGE ( 'NONE', *, *, #1402, .T. ) ;
#1298 = EDGE_CURVE ( 'NONE', #1277, #1396, #4202, .T. ) ;
#1299 = ORIENTED_EDGE ( 'NONE', *, *, #1342, .T. ) ;
#1300 = ORIENTED_EDGE ( 'NONE', *, *, #1404, .T. ) ;
#1301 = ADVANCED_FACE ( 'NONE', ( #4203 ), #4205, .T. ) ;
#1302 = ORIENTED_EDGE ( 'NONE', *, *, #1169, .T. ) ;
#1303 = EDGE_CURVE ( 'NONE', #1386, #1086, #4210, .T. ) ;
#1304 = EDGE_CURVE ( 'NONE', #1147, #1082, #4110, .T. ) ;
#1305 = EDGE_CURVE ( 'NONE', #1407, #1308, #4197, .T. ) ;
#1306 = EDGE_CURVE ( 'NONE', #1316, #1277, #4192, .T. ) ;
#1307 = ORIENTED_EDGE ( 'NONE', *, *, #1088, .T. ) ;
#1308 = VERTEX_POINT ( 'NONE', #4168 ) ;
#1309 = ORIENTED_EDGE ( 'NONE', *, *, #1310, .T. ) ;
#1310 = EDGE_CURVE ( 'NONE', #1308, #1405, #4166, .T. ) ;
#1311 = ORIENTED_EDGE ( 'NONE', *, *, #1282, .F. ) ;
#1312 = ADVANCED_FACE ( 'NONE', ( #4162 ), #4139, .T. ) ;
#1313 = ORIENTED_EDGE ( 'NONE', *, *, #1128, .F. ) ;
#1314 = EDGE_CURVE ( 'NONE', #1086, #1387, #4135, .T. ) ;
#1315 = ORIENTED_EDGE ( 'NONE', *, *, #1292, .F. ) ;
#1316 = VERTEX_POINT ( 'NONE', #4130 ) ;
#1317 = ORIENTED_EDGE ( 'NONE', *, *, #1107, .F. ) ;
#1318 = ORIENTED_EDGE ( 'NONE', *, *, #1404, .F. ) ;
#1319 = ORIENTED_EDGE ( 'NONE', *, *, #1306, .T. ) ;
#1320 = ORIENTED_EDGE ( 'NONE', *, *, #1298, .F. ) ;
#1321 = EDGE_LOOP ( 'NONE', ( #1313, #1390, #1311, #1388 ) ) ;
#1322 = EDGE_LOOP ( 'NONE', ( #1167, #1323, #1409, #1302 ) ) ;
#1323 = ORIENTED_EDGE ( 'NONE', *, *, #1166, .T. ) ;
#1324 = ORIENTED_EDGE ( 'NONE', *, *, #1589, .T. ) ;
#1325 = ORIENTED_EDGE ( 'NONE', *, *, #1135, .F. ) ;
#1326 = EDGE_CURVE ( 'NONE', #1385, #1213, #4129, .T. ) ;
#1327 = ORIENTED_EDGE ( 'NONE', *, *, #1172, .F. ) ;
#1328 = EDGE_CURVE ( 'NONE', #1084, #1152, #4190, .T. ) ;
#1329 = ORIENTED_EDGE ( 'NONE', *, *, #1083, .F. ) ;
#1330 = ADVANCED_FACE ( 'NONE', ( #4185 ), #4239, .T. ) ;
#1331 = ORIENTED_EDGE ( 'NONE', *, *, #1326, .F. ) ;
#1332 = EDGE_LOOP ( 'NONE', ( #1333, #1527, #1440, #1617 ) ) ;
#1333 = ORIENTED_EDGE ( 'NONE', *, *, #1334, .F. ) ;
#1334 = EDGE_CURVE ( 'NONE', #1335, #1346, #4261, .T. ) ;
#1335 = VERTEX_POINT ( 'NONE', #4231 ) ;
#1336 = ORIENTED_EDGE ( 'NONE', *, *, #1170, .T. ) ;
#1337 = VERTEX_POINT ( 'NONE', #4226 ) ;
#1338 = EDGE_CURVE ( 'NONE', #1178, #1180, #4230, .T. ) ;
#1339 = ORIENTED_EDGE ( 'NONE', *, *, #1406, .T. ) ;
#1340 = EDGE_LOOP ( 'NONE', ( #1347, #1266, #1377, #1399 ) ) ;
#1341 = EDGE_LOOP ( 'NONE', ( #1610, #1517, #1604, #1510, #1602, #1613, #1518, #1468 ) ) ;
#1342 = EDGE_CURVE ( 'NONE', #1384, #1160, #4349, .T. ) ;
#1343 = ORIENTED_EDGE ( 'NONE', *, *, #1314, .T. ) ;
#1344 = ADVANCED_FACE ( 'NONE', ( #4300 ), #4284, .T. ) ;
#1345 = EDGE_LOOP ( 'NONE', ( #1392, #1317, #1318, #1320 ) ) ;
#1346 = VERTEX_POINT ( 'NONE', #4281 ) ;
#1347 = ORIENTED_EDGE ( 'NONE', *, *, #1303, .F. ) ;
#1348 = EDGE_CURVE ( 'NONE', #1386, #1209, #4269, .T. ) ;
#1349 = EDGE_LOOP ( 'NONE', ( #1350, #1351, #1358, #1359 ) ) ;
#1350 = ORIENTED_EDGE ( 'NONE', *, *, #1252, .T. ) ;
#1351 = ORIENTED_EDGE ( 'NONE', *, *, #1310, .F. ) ;
#1352 = ORIENTED_EDGE ( 'NONE', *, *, #1367, .F. ) ;
#1353 = ORIENTED_EDGE ( 'NONE', *, *, #1354, .F. ) ;
#1354 = EDGE_CURVE ( 'NONE', #1387, #1130, #4267, .T. ) ;
#1355 = ADVANCED_FACE ( 'NONE', ( #4299 ), #4233, .T. ) ;
#1356 = EDGE_LOOP ( 'NONE', ( #1357, #1283, #1284, #1267 ) ) ;
#1357 = ORIENTED_EDGE ( 'NONE', *, *, #1398, .T. ) ;
#1358 = ORIENTED_EDGE ( 'NONE', *, *, #1264, .T. ) ;
#1359 = ORIENTED_EDGE ( 'NONE', *, *, #1228, .F. ) ;
#1360 = ADVANCED_FACE ( 'NONE', ( #4255 ), #4286, .T. ) ;
#1361 = EDGE_LOOP ( 'NONE', ( #1362, #1363, #1364, #1273 ) ) ;
#1362 = ORIENTED_EDGE ( 'NONE', *, *, #1146, .F. ) ;
#1363 = ORIENTED_EDGE ( 'NONE', *, *, #1342, .F. ) ;
#1364 = ORIENTED_EDGE ( 'NONE', *, *, #1365, .F. ) ;
#1365 = EDGE_CURVE ( 'NONE', #1123, #1384, #4330, .T. ) ;
#1366 = ORIENTED_EDGE ( 'NONE', *, *, #1169, .F. ) ;
#1367 = EDGE_CURVE ( 'NONE', #1130, #1086, #4320, .T. ) ;
#1368 = EDGE_LOOP ( 'NONE', ( #1369, #1381, #1382, #1287 ) ) ;
#1369 = ORIENTED_EDGE ( 'NONE', *, *, #1375, .T. ) ;
#1370 = ORIENTED_EDGE ( 'NONE', *, *, #1095, .F. ) ;
#1371 = ADVANCED_FACE ( 'NONE', ( #4315 ), #4338, .T. ) ;
#1372 = ORIENTED_EDGE ( 'NONE', *, *, #1373, .T. ) ;
#1373 = EDGE_CURVE ( 'NONE', #1175, #1386, #4339, .T. ) ;
#1374 = ORIENTED_EDGE ( 'NONE', *, *, #1406, .F. ) ;
#1375 = EDGE_CURVE ( 'NONE', #1407, #1102, #4428, .T. ) ;
#1376 = ADVANCED_FACE ( 'NONE', ( #4439 ), #4424, .T. ) ;
#1377 = ORIENTED_EDGE ( 'NONE', *, *, #1199, .F. ) ;
#1378 = EDGE_LOOP ( 'NONE', ( #1379, #1265, #1251, #1370 ) ) ;
#1379 = ORIENTED_EDGE ( 'NONE', *, *, #1137, .F. ) ;
#1380 = ADVANCED_FACE ( 'NONE', ( #4379 ), #4441, .T. ) ;
#1381 = ORIENTED_EDGE ( 'NONE', *, *, #1206, .F. ) ;
#1382 = ORIENTED_EDGE ( 'NONE', *, *, #1264, .F. ) ;
#1383 = EDGE_LOOP ( 'NONE', ( #1395, #1162, #1176, #1179, #1293, #1299, #1394, #1297, #1319, #1295 ) ) ;
#1384 = VERTEX_POINT ( 'NONE', #4480 ) ;
#1385 = VERTEX_POINT ( 'NONE', #4452 ) ;
#1386 = VERTEX_POINT ( 'NONE', #4451 ) ;
#1387 = VERTEX_POINT ( 'NONE', #4450 ) ;
#1388 = ORIENTED_EDGE ( 'NONE', *, *, #1402, .F. ) ;
#1389 = ORIENTED_EDGE ( 'NONE', *, *, #1296, .F. ) ;
#1390 = ORIENTED_EDGE ( 'NONE', *, *, #1203, .F. ) ;
#1391 = ORIENTED_EDGE ( 'NONE', *, *, #1306, .F. ) ;
#1392 = ORIENTED_EDGE ( 'NONE', *, *, #1296, .T. ) ;
#1393 = ADVANCED_FACE ( 'NONE', ( #4437 ), #4464, .T. ) ;
#1394 = ORIENTED_EDGE ( 'NONE', *, *, #1091, .T. ) ;
#1395 = ORIENTED_EDGE ( 'NONE', *, *, #1292, .T. ) ;
#1396 = VERTEX_POINT ( 'NONE', #4403 ) ;
#1397 = ADVANCED_FACE ( 'NONE', ( #4475 ), #4445, .F. ) ;
#1398 = EDGE_CURVE ( 'NONE', #1133, #1180, #4444, .T. ) ;
#1399 = ORIENTED_EDGE ( 'NONE', *, *, #1367, .T. ) ;
#1400 = EDGE_LOOP ( 'NONE', ( #1374, #1372, #1366, #1276 ) ) ;
#1401 = ORIENTED_EDGE ( 'NONE', *, *, #1104, .F. ) ;
#1402 = EDGE_CURVE ( 'NONE', #1159, #1316, #4366, .T. ) ;
#1403 = EDGE_LOOP ( 'NONE', ( #1281, #1401, #1389, #1391 ) ) ;
#1404 = EDGE_CURVE ( 'NONE', #1396, #1116, #4362, .T. ) ;
#1405 = VERTEX_POINT ( 'NONE', #4420 ) ;
#1406 = EDGE_CURVE ( 'NONE', #1175, #1407, #4419, .T. ) ;
#1407 = VERTEX_POINT ( 'NONE', #4415 ) ;
#1408 = ADVANCED_FACE ( 'NONE', ( #4414 ), #4633, .T. ) ;
#1409 = ORIENTED_EDGE ( 'NONE', *, *, #1100, .F. ) ;
#1410 = EDGE_LOOP ( 'NONE', ( #1411, #1515, #1516, #1436 ) ) ;
#1411 = ORIENTED_EDGE ( 'NONE', *, *, #1412, .F. ) ;
#1412 = EDGE_CURVE ( 'NONE', #1471, #1616, #4580, .T. ) ;
#1413 = ORIENTED_EDGE ( 'NONE', *, *, #1437, .T. ) ;
#1414 = EDGE_LOOP ( 'NONE', ( #1413, #1420, #1576, #1425 ) ) ;
#1415 = VERTEX_POINT ( 'NONE', #4581 ) ;
#1416 = EDGE_CURVE ( 'NONE', #1415, #1471, #4667, .T. ) ;
#1417 = EDGE_CURVE ( 'NONE', #1577, #1415, #4586, .T. ) ;
#1418 = VERTEX_POINT ( 'NONE', #4659 ) ;
#1419 = ADVANCED_FACE ( 'NONE', ( #4658, #4657, #4638 ), #4636, .T. ) ;
#1420 = ORIENTED_EDGE ( 'NONE', *, *, #1574, .T. ) ;
#1421 = ORIENTED_EDGE ( 'NONE', *, *, #1416, .T. ) ;
#1422 = ORIENTED_EDGE ( 'NONE', *, *, #1417, .T. ) ;
#1423 = EDGE_CURVE ( 'NONE', #1575, #1424, #4608, .T. ) ;
#1424 = VERTEX_POINT ( 'NONE', #4631 ) ;
#1425 = ORIENTED_EDGE ( 'NONE', *, *, #1427, .T. ) ;
#1426 = EDGE_LOOP ( 'NONE', ( #1428, #1430 ) ) ;
#1427 = EDGE_CURVE ( 'NONE', #1424, #1418, #4630, .T. ) ;
#1428 = ORIENTED_EDGE ( 'NONE', *, *, #1429, .F. ) ;
#1429 = EDGE_CURVE ( 'NONE', #1550, #1451, #4599, .T. ) ;
#1430 = ORIENTED_EDGE ( 'NONE', *, *, #1592, .F. ) ;
#1431 = EDGE_LOOP ( 'NONE', ( #1432, #1434 ) ) ;
#1432 = ORIENTED_EDGE ( 'NONE', *, *, #1433, .F. ) ;
#1433 = EDGE_CURVE ( 'NONE', #1481, #1585, #4596, .T. ) ;
#1434 = ORIENTED_EDGE ( 'NONE', *, *, #1480, .F. ) ;
#1435 = ADVANCED_FACE ( 'NONE', ( #4591 ), #4587, .F. ) ;
#1436 = ORIENTED_EDGE ( 'NONE', *, *, #1544, .F. ) ;
#1437 = EDGE_CURVE ( 'NONE', #1418, #1573, #4537, .T. ) ;
#1438 = ORIENTED_EDGE ( 'NONE', *, *, #1439, .T. ) ;
#1439 = EDGE_CURVE ( 'NONE', #1486, #1539, #4512, .T. ) ;
#1440 = ORIENTED_EDGE ( 'NONE', *, *, #1592, .T. ) ;
#1441 = ORIENTED_EDGE ( 'NONE', *, *, #1541, .T. ) ;
#1442 = ORIENTED_EDGE ( 'NONE', *, *, #1480, .T. ) ;
#1443 = EDGE_CURVE ( 'NONE', #1584, #1444, #4614, .T. ) ;
#1444 = VERTEX_POINT ( 'NONE', #4573 ) ;
#1445 = EDGE_LOOP ( 'NONE', ( #1565, #1561, #1567, #1590 ) ) ;
#1446 = ADVANCED_FACE ( 'NONE', ( #4572 ), #4605, .T. ) ;
#1447 = EDGE_LOOP ( 'NONE', ( #1478, #1582, #1530, #1579 ) ) ;
#1448 = EDGE_CURVE ( 'NONE', #1450, #1481, #4601, .T. ) ;
#1449 = ADVANCED_FACE ( 'NONE', ( #4642 ), #4641, .F. ) ;
#1450 = VERTEX_POINT ( 'NONE', #4560 ) ;
#1451 = VERTEX_POINT ( 'NONE', #4559 ) ;
#1452 = EDGE_LOOP ( 'NONE', ( #1453, #1485, #1438, #1540 ) ) ;
#1453 = ORIENTED_EDGE ( 'NONE', *, *, #1482, .T. ) ;
#1454 = EDGE_CURVE ( 'NONE', #1346, #1550, #4558, .T. ) ;
#1455 = ORIENTED_EDGE ( 'NONE', *, *, #1459, .F. ) ;
#1456 = ORIENTED_EDGE ( 'NONE', *, *, #1412, .T. ) ;
#1457 = EDGE_LOOP ( 'NONE', ( #1455, #1456, #1460 ) ) ;
#1458 = ADVANCED_FACE ( 'NONE', ( #4554 ), #4510, .T. ) ;
#1459 = EDGE_CURVE ( 'NONE', #1471, #1418, #4509, .T. ) ;
#1460 = ORIENTED_EDGE ( 'NONE', *, *, #1462, .F. ) ;
#1461 = ADVANCED_FACE ( 'NONE', ( #4500 ), #4498, .T. ) ;
#1462 = EDGE_CURVE ( 'NONE', #1418, #1616, #4530, .T. ) ;
#1463 = EDGE_LOOP ( 'NONE', ( #1503, #1504, #1500, #1494 ) ) ;
#1464 = ORIENTED_EDGE ( 'NONE', *, *, #1477, .T. ) ;
#1465 = ADVANCED_FACE ( 'NONE', ( #4525 ), #4524, .F. ) ;
#1466 = EDGE_LOOP ( 'NONE', ( #1600, #1601, #1520, #1521 ) ) ;
#1467 = EDGE_CURVE ( 'NONE', #1486, #1581, #4519, .T. ) ;
#1468 = ORIENTED_EDGE ( 'NONE', *, *, #1509, .T. ) ;
#1469 = ORIENTED_EDGE ( 'NONE', *, *, #1470, .T. ) ;
#1470 = EDGE_CURVE ( 'NONE', #1471, #1546, #4553, .T. ) ;
#1471 = VERTEX_POINT ( 'NONE', #4549 ) ;
#1472 = ORIENTED_EDGE ( 'NONE', *, *, #1473, .F. ) ;
#1473 = EDGE_CURVE ( 'NONE', #1337, #1187, #4547, .T. ) ;
#1474 = EDGE_LOOP ( 'NONE', ( #1569, #1570, #1331, #1327 ) ) ;
#1475 = ORIENTED_EDGE ( 'NONE', *, *, #1373, .F. ) ;
#1476 = MANIFOLD_SOLID_BREP ( 'NONE', #1627 ) ;
#1477 = EDGE_CURVE ( 'NONE', #1586, #1450, #4626, .T. ) ;
#1478 = ORIENTED_EDGE ( 'NONE', *, *, #1479, .T. ) ;
#1479 = EDGE_CURVE ( 'NONE', #1580, #1581, #4621, .T. ) ;
#1480 = EDGE_CURVE ( 'NONE', #1585, #1481, #4617, .T. ) ;
#1481 = VERTEX_POINT ( 'NONE', #4493 ) ;
#1482 = EDGE_CURVE ( 'NONE', #1483, #1484, #4492, .T. ) ;
#1483 = VERTEX_POINT ( 'NONE', #4488 ) ;
#1484 = VERTEX_POINT ( 'NONE', #4487 ) ;
#1485 = ORIENTED_EDGE ( 'NONE', *, *, #1534, .T. ) ;
#1486 = VERTEX_POINT ( 'NONE', #4486 ) ;
#1487 = EDGE_CURVE ( 'NONE', #1175, #1209, #4757, .T. ) ;
#1488 = ORIENTED_EDGE ( 'NONE', *, *, #1174, .F. ) ;
#1489 = ADVANCED_FACE ( 'NONE', ( #4765 ), #4688, .T. ) ;
#1490 = ORIENTED_EDGE ( 'NONE', *, *, #1437, .F. ) ;
#1491 = EDGE_CURVE ( 'NONE', #1573, #1444, #4680, .T. ) ;
#1492 = ORIENTED_EDGE ( 'NONE', *, *, #1459, .T. ) ;
#1493 = EDGE_CURVE ( 'NONE', #1444, #1531, #4674, .T. ) ;
#1494 = ORIENTED_EDGE ( 'NONE', *, *, #1443, .F. ) ;
#1495 = ADVANCED_FACE ( 'NONE', ( #4669 ), #4737, .T. ) ;
#1496 = ORIENTED_EDGE ( 'NONE', *, *, #1491, .F. ) ;
#1497 = ORIENTED_EDGE ( 'NONE', *, *, #1470, .F. ) ;
#1498 = ADVANCED_FACE ( 'NONE', ( #4736 ), #4770, .T. ) ;
#1499 = EDGE_LOOP ( 'NONE', ( #1667, #1752, #1691, #1645 ) ) ;
#1500 = ORIENTED_EDGE ( 'NONE', *, *, #1493, .F. ) ;
#1501 = ORIENTED_EDGE ( 'NONE', *, *, #1462, .T. ) ;
#1502 = EDGE_LOOP ( 'NONE', ( #1501, #1728, #1496, #1490 ) ) ;
#1503 = ORIENTED_EDGE ( 'NONE', *, *, #1609, .F. ) ;
#1504 = ORIENTED_EDGE ( 'NONE', *, *, #1595, .F. ) ;
#1505 = ORIENTED_EDGE ( 'NONE', *, *, #1427, .F. ) ;
#1506 = EDGE_LOOP ( 'NONE', ( #1507, #1508, #1475 ) ) ;
#1507 = ORIENTED_EDGE ( 'NONE', *, *, #1487, .T. ) ;
#1508 = ORIENTED_EDGE ( 'NONE', *, *, #1348, .F. ) ;
#1509 = EDGE_CURVE ( 'NONE', #1577, #1539, #4685, .T. ) ;
#1510 = ORIENTED_EDGE ( 'NONE', *, *, #1609, .T. ) ;
#1511 = EDGE_CURVE ( 'NONE', #1583, #1415, #4709, .T. ) ;
#1512 = ORIENTED_EDGE ( 'NONE', *, *, #1433, .T. ) ;
#1513 = ADVANCED_FACE ( 'NONE', ( #4704 ), #4701, .T. ) ;
#1514 = EDGE_LOOP ( 'NONE', ( #1519, #1464 ) ) ;
#1515 = ORIENTED_EDGE ( 'NONE', *, *, #1416, .F. ) ;
#1516 = ORIENTED_EDGE ( 'NONE', *, *, #1511, .F. ) ;
#1517 = ORIENTED_EDGE ( 'NONE', *, *, #1467, .T. ) ;
#1518 = ORIENTED_EDGE ( 'NONE', *, *, #1417, .F. ) ;
#1519 = ORIENTED_EDGE ( 'NONE', *, *, #1607, .T. ) ;
#1520 = ORIENTED_EDGE ( 'NONE', *, *, #1454, .T. ) ;
#1521 = ORIENTED_EDGE ( 'NONE', *, *, #1429, .T. ) ;
#1522 = ADVANCED_FACE ( 'NONE', ( #4743 ), #4702, .T. ) ;
#1523 = EDGE_LOOP ( 'NONE', ( #1524, #1614 ) ) ;
#1524 = ORIENTED_EDGE ( 'NONE', *, *, #1605, .T. ) ;
#1525 = CLOSED_SHELL ( 'NONE', ( #1106, #1119, #1140, #1222, #1202, #1111, #1188, #1233, #1196, #1408, #1164, #1397, #1312, #1393, #1344, #1278, #1301, #1380, #1376, #1371, #1288, #1360, #1274, #1248, #1355, #1268, #1244, #1253, #1330, #1263, #1587, #1446, #1260, #1536, #1537, #1489 ) ) ;
#1526 = ADVANCED_FACE ( 'NONE', ( #4741 ), #4764, .F. ) ;
#1527 = ORIENTED_EDGE ( 'NONE', *, *, #1597, .T. ) ;
#1528 = EDGE_CURVE ( 'NONE', #1581, #1529, #4759, .T. ) ;
#1529 = VERTEX_POINT ( 'NONE', #4696 ) ;
#1530 = ORIENTED_EDGE ( 'NONE', *, *, #1578, .T. ) ;
#1531 = VERTEX_POINT ( 'NONE', #4695 ) ;
#1532 = EDGE_LOOP ( 'NONE', ( #1533, #1549, #1598, #1543 ) ) ;
#1533 = ORIENTED_EDGE ( 'NONE', *, *, #1542, .T. ) ;
#1534 = EDGE_CURVE ( 'NONE', #1484, #1486, #4693, .T. ) ;
#1535 = ORIENTED_EDGE ( 'NONE', *, *, #1272, .T. ) ;
#1536 = ADVANCED_FACE ( 'NONE', ( #4721 ), #4729, .T. ) ;
#1537 = ADVANCED_FACE ( 'NONE', ( #177 ), #165, .T. ) ;
#1538 = ORIENTED_EDGE ( 'NONE', *, *, #1588, .T. ) ;
#1539 = VERTEX_POINT ( 'NONE', #159 ) ;
#1540 = ORIENTED_EDGE ( 'NONE', *, *, #1618, .T. ) ;
#1541 = EDGE_CURVE ( 'NONE', #1586, #1585, #155, .T. ) ;
#1542 = EDGE_CURVE ( 'NONE', #1583, #1584, #154, .T. ) ;
#1543 = ORIENTED_EDGE ( 'NONE', *, *, #1544, .T. ) ;
#1544 = EDGE_CURVE ( 'NONE', #1616, #1583, #175, .T. ) ;
#1545 = ADVANCED_FACE ( 'NONE', ( #171 ), #130, .F. ) ;
#1546 = VERTEX_POINT ( 'NONE', #132 ) ;
#1547 = ORIENTED_EDGE ( 'NONE', *, *, #1548, .T. ) ;
#1548 = EDGE_CURVE ( 'NONE', #1546, #1577, #131, .T. ) ;
#1549 = ORIENTED_EDGE ( 'NONE', *, *, #1443, .T. ) ;
#1550 = VERTEX_POINT ( 'NONE', #134 ) ;
#1551 = ADVANCED_FACE ( 'NONE', ( #133 ), #194, .F. ) ;
#1552 = EDGE_LOOP ( 'NONE', ( #1553, #1538, #1254 ) ) ;
#1553 = ORIENTED_EDGE ( 'NONE', *, *, #1328, .T. ) ;
#1554 = ORIENTED_EDGE ( 'NONE', *, *, #1255, .T. ) ;
#1555 = ORIENTED_EDGE ( 'NONE', *, *, #1211, .F. ) ;
#1556 = EDGE_LOOP ( 'NONE', ( #1557, #1325, #1472, #1256 ) ) ;
#1557 = ORIENTED_EDGE ( 'NONE', *, *, #1242, .T. ) ;
#1558 = ORIENTED_EDGE ( 'NONE', *, *, #1177, .F. ) ;
#1559 = ORIENTED_EDGE ( 'NONE', *, *, #1285, .T. ) ;
#1560 = ORIENTED_EDGE ( 'NONE', *, *, #1589, .F. ) ;
#1561 = ORIENTED_EDGE ( 'NONE', *, *, #1109, .F. ) ;
#1562 = ORIENTED_EDGE ( 'NONE', *, *, #1487, .F. ) ;
#1563 = EDGE_LOOP ( 'NONE', ( #1554, #1555, #1562, #1488 ) ) ;
#1564 = ORIENTED_EDGE ( 'NONE', *, *, #1568, .F. ) ;
#1565 = ORIENTED_EDGE ( 'NONE', *, *, #1568, .T. ) ;
#1566 = EDGE_LOOP ( 'NONE', ( #1559, #1558, #1560, #1259 ) ) ;
#1567 = ORIENTED_EDGE ( 'NONE', *, *, #1588, .F. ) ;
#1568 = EDGE_CURVE ( 'NONE', #1236, #1110, #189, .T. ) ;
#1569 = ORIENTED_EDGE ( 'NONE', *, *, #1473, .T. ) ;
#1570 = ORIENTED_EDGE ( 'NONE', *, *, #1156, .F. ) ;
#1571 = ORIENTED_EDGE ( 'NONE', *, *, #1238, .F. ) ;
#1572 = ORIENTED_EDGE ( 'NONE', *, *, #1328, .F. ) ;
#1573 = VERTEX_POINT ( 'NONE', #184 ) ;
#1574 = EDGE_CURVE ( 'NONE', #1573, #1575, #183, .T. ) ;
#1575 = VERTEX_POINT ( 'NONE', #198 ) ;
#1576 = ORIENTED_EDGE ( 'NONE', *, *, #1423, .T. ) ;
#1577 = VERTEX_POINT ( 'NONE', #197 ) ;
#1578 = EDGE_CURVE ( 'NONE', #1529, #1531, #196, .T. ) ;
#1579 = ORIENTED_EDGE ( 'NONE', *, *, #1595, .T. ) ;
#1580 = VERTEX_POINT ( 'NONE', #119 ) ;
#1581 = VERTEX_POINT ( 'NONE', #118 ) ;
#1582 = ORIENTED_EDGE ( 'NONE', *, *, #1528, .T. ) ;
#1583 = VERTEX_POINT ( 'NONE', #117 ) ;
#1584 = VERTEX_POINT ( 'NONE', #116 ) ;
#1585 = VERTEX_POINT ( 'NONE', #115 ) ;
#1586 = VERTEX_POINT ( 'NONE', #114 ) ;
#1587 = ADVANCED_FACE ( 'NONE', ( #113 ), #7682, .T. ) ;
#1588 = EDGE_CURVE ( 'NONE', #1152, #1212, #7677, .T. ) ;
#1589 = EDGE_CURVE ( 'NONE', #1236, #1163, #7602, .T. ) ;
#1590 = ORIENTED_EDGE ( 'NONE', *, *, #1099, .F. ) ;
#1591 = ORIENTED_EDGE ( 'NONE', *, *, #1477, .F. ) ;
#1592 = EDGE_CURVE ( 'NONE', #1451, #1550, #7650, .T. ) ;
#1593 = ORIENTED_EDGE ( 'NONE', *, *, #1448, .F. ) ;
#1594 = EDGE_LOOP ( 'NONE', ( #1591, #1441, #1442, #1593 ) ) ;
#1595 = EDGE_CURVE ( 'NONE', #1531, #1580, #7615, .T. ) ;
#1596 = ADVANCED_FACE ( 'NONE', ( #7678 ), #7626, .F. ) ;
#1597 = EDGE_CURVE ( 'NONE', #1335, #1451, #7690, .T. ) ;
#1598 = ORIENTED_EDGE ( 'NONE', *, *, #1599, .T. ) ;
#1599 = EDGE_CURVE ( 'NONE', #1444, #1616, #7668, .T. ) ;
#1600 = ORIENTED_EDGE ( 'NONE', *, *, #1597, .F. ) ;
#1601 = ORIENTED_EDGE ( 'NONE', *, *, #1605, .F. ) ;
#1602 = ORIENTED_EDGE ( 'NONE', *, *, #1542, .F. ) ;
#1603 = ORIENTED_EDGE ( 'NONE', *, *, #1448, .T. ) ;
#1604 = ORIENTED_EDGE ( 'NONE', *, *, #1479, .F. ) ;
#1605 = EDGE_CURVE ( 'NONE', #1346, #1335, #7664, .T. ) ;
#1606 = ORIENTED_EDGE ( 'NONE', *, *, #1607, .F. ) ;
#1607 = EDGE_CURVE ( 'NONE', #1450, #1586, #7662, .T. ) ;
#1608 = ORIENTED_EDGE ( 'NONE', *, *, #1541, .F. ) ;
#1609 = EDGE_CURVE ( 'NONE', #1580, #1584, #7592, .T. ) ;
#1610 = ORIENTED_EDGE ( 'NONE', *, *, #1439, .F. ) ;
#1611 = ADVANCED_FACE ( 'NONE', ( #7593 ), #7683, .F. ) ;
#1612 = EDGE_LOOP ( 'NONE', ( #1608, #1606, #1603, #1512 ) ) ;
#1613 = ORIENTED_EDGE ( 'NONE', *, *, #1511, .T. ) ;
#1614 = ORIENTED_EDGE ( 'NONE', *, *, #1334, .T. ) ;
#1615 = ADVANCED_FACE ( 'NONE', ( #7684 ), #7651, .T. ) ;
#1616 = VERTEX_POINT ( 'NONE', #7675 ) ;
#1617 = ORIENTED_EDGE ( 'NONE', *, *, #1454, .F. ) ;
#1618 = EDGE_CURVE ( 'NONE', #1539, #1483, #7671, .T. ) ;
#1619 = ADVANCED_FACE ( 'NONE', ( #7645 ), #7644, .F. ) ;
#1620 = EDGE_LOOP ( 'NONE', ( #1469, #1547, #1422, #1421 ) ) ;
#1621 = ADVANCED_FACE ( 'NONE', ( #7642 ), #7638, .T. ) ;
#1622 = EDGE_LOOP ( 'NONE', ( #1843, #1635, #1628, #1829 ) ) ;
#1623 = ORIENTED_EDGE ( 'NONE', *, *, #1683, .T. ) ;
#1624 = EDGE_CURVE ( 'NONE', #2635, #1630, #7637, .T. ) ;
#1625 = ADVANCED_FACE ( 'NONE', ( #7628 ), #7627, .T. ) ;
#1626 = EDGE_CURVE ( 'NONE', #1484, #1529, #7596, .T. ) ;
#1627 = CLOSED_SHELL ( 'NONE', ( #1526, #1551, #1449, #1545, #1596, #1619, #1419, #1435, #1611, #1513, #1465, #1522, #1615, #1458, #1461, #1658, #1495, #1498, #1709, #1733, #1657, #1730, #1678, #1729 ) ) ;
#1628 = ORIENTED_EDGE ( 'NONE', *, *, #1634, .F. ) ;
#1629 = EDGE_LOOP ( 'NONE', ( #1714, #1631, #1711 ) ) ;
#1630 = VERTEX_POINT ( 'NONE', #7699 ) ;
#1631 = ORIENTED_EDGE ( 'NONE', *, *, #1624, .T. ) ;
#1632 = EDGE_CURVE ( 'NONE', #1685, #1633, #7701, .T. ) ;
#1633 = VERTEX_POINT ( 'NONE', #7697 ) ;
#1634 = EDGE_CURVE ( 'NONE', #2653, #2635, #7719, .T. ) ;
#1635 = ORIENTED_EDGE ( 'NONE', *, *, #2640, .F. ) ;
#1636 = ADVANCED_FACE ( 'NONE', ( #7724 ), #7738, .T. ) ;
#1637 = ORIENTED_EDGE ( 'NONE', *, *, #1664, .T. ) ;
#1638 = ORIENTED_EDGE ( 'NONE', *, *, #1482, .F. ) ;
#1639 = ADVANCED_FACE ( 'NONE', ( #7756 ), #7737, .T. ) ;
#1640 = ORIENTED_EDGE ( 'NONE', *, *, #2833, .F. ) ;
#1641 = ADVANCED_FACE ( 'NONE', ( #7754 ), #7740, .T. ) ;
#1642 = ORIENTED_EDGE ( 'NONE', *, *, #1707, .T. ) ;
#1643 = ORIENTED_EDGE ( 'NONE', *, *, #1039, .T. ) ;
#1644 = EDGE_CURVE ( 'NONE', #1483, #1546, #7792, .T. ) ;
#1645 = ORIENTED_EDGE ( 'NONE', *, *, #1618, .F. ) ;
#1646 = ORIENTED_EDGE ( 'NONE', *, *, #1491, .T. ) ;
#1647 = EDGE_LOOP ( 'NONE', ( #1637, #1662, #1695 ) ) ;
#1648 = ORIENTED_EDGE ( 'NONE', *, *, #2744, .F. ) ;
#1649 = EDGE_CURVE ( 'NONE', #2800, #2837, #7839, .T. ) ;
#1650 = EDGE_CURVE ( 'NONE', #1484, #1575, #7770, .T. ) ;
#1651 = ORIENTED_EDGE ( 'NONE', *, *, #1467, .F. ) ;
#1652 = ORIENTED_EDGE ( 'NONE', *, *, #1534, .F. ) ;
#1653 = EDGE_CURVE ( 'NONE', #1483, #1424, #7764, .T. ) ;
#1654 = ORIENTED_EDGE ( 'NONE', *, *, #1732, .T. ) ;
#1655 = ORIENTED_EDGE ( 'NONE', *, *, #1653, .F. ) ;
#1656 = ORIENTED_EDGE ( 'NONE', *, *, #1696, .T. ) ;
#1657 = ADVANCED_FACE ( 'NONE', ( #7765 ), #7781, .T. ) ;
#1658 = ADVANCED_FACE ( 'NONE', ( #7807 ), #7830, .T. ) ;
#1659 = ORIENTED_EDGE ( 'NONE', *, *, #1574, .F. ) ;
#1660 = EDGE_LOOP ( 'NONE', ( #1749, #1750, #1670 ) ) ;
#1661 = ORIENTED_EDGE ( 'NONE', *, *, #1696, .F. ) ;
#1662 = ORIENTED_EDGE ( 'NONE', *, *, #1046, .T. ) ;
#1663 = ORIENTED_EDGE ( 'NONE', *, *, #1664, .F. ) ;
#1664 = EDGE_CURVE ( 'NONE', #2800, #2750, #7825, .T. ) ;
#1665 = ORIENTED_EDGE ( 'NONE', *, *, #1037, .F. ) ;
#1666 = ORIENTED_EDGE ( 'NONE', *, *, #1063, .F. ) ;
#1667 = ORIENTED_EDGE ( 'NONE', *, *, #1509, .F. ) ;
#1668 = EDGE_LOOP ( 'NONE', ( #1751, #1679, #1680, #1638 ) ) ;
#1669 = ORIENTED_EDGE ( 'NONE', *, *, #1731, .F. ) ;
#1670 = ORIENTED_EDGE ( 'NONE', *, *, #1626, .F. ) ;
#1671 = ADVANCED_FACE ( 'NONE', ( #7826 ), #7803, .T. ) ;
#1672 = ORIENTED_EDGE ( 'NONE', *, *, #2638, .F. ) ;
#1673 = ORIENTED_EDGE ( 'NONE', *, *, #1869, .T. ) ;
#1674 = VERTEX_POINT ( 'NONE', #7804 ) ;
#1675 = EDGE_CURVE ( 'NONE', #2634, #2639, #7778, .T. ) ;
#1676 = ADVANCED_FACE ( 'NONE', ( #7773 ), #7772, .T. ) ;
#1677 = ORIENTED_EDGE ( 'NONE', *, *, #1732, .F. ) ;
#1678 = ADVANCED_FACE ( 'NONE', ( #7822 ), #7762, .T. ) ;
#1679 = ORIENTED_EDGE ( 'NONE', *, *, #1423, .F. ) ;
#1680 = ORIENTED_EDGE ( 'NONE', *, *, #1650, .F. ) ;
#1681 = ORIENTED_EDGE ( 'NONE', *, *, #1632, .T. ) ;
#1682 = ORIENTED_EDGE ( 'NONE', *, *, #2655, .F. ) ;
#1683 = EDGE_CURVE ( 'NONE', #2792, #1685, #7789, .T. ) ;
#1684 = ORIENTED_EDGE ( 'NONE', *, *, #2633, .F. ) ;
#1685 = VERTEX_POINT ( 'NONE', #7785 ) ;
#1686 = ORIENTED_EDGE ( 'NONE', *, *, #1862, .F. ) ;
#1687 = ORIENTED_EDGE ( 'NONE', *, *, #1624, .F. ) ;
#1688 = ORIENTED_EDGE ( 'NONE', *, *, #1675, .T. ) ;
#1689 = ORIENTED_EDGE ( 'NONE', *, *, #1578, .F. ) ;
#1690 = ORIENTED_EDGE ( 'NONE', *, *, #1644, .T. ) ;
#1691 = ORIENTED_EDGE ( 'NONE', *, *, #1644, .F. ) ;
#1692 = EDGE_LOOP ( 'NONE', ( #1708, #1743, #1744, #1640 ) ) ;
#1693 = ORIENTED_EDGE ( 'NONE', *, *, #2826, .F. ) ;
#1694 = EDGE_LOOP ( 'NONE', ( #1642, #1665, #1666 ) ) ;
#1695 = ORIENTED_EDGE ( 'NONE', *, *, #1649, .F. ) ;
#1696 = EDGE_CURVE ( 'NONE', #1573, #1531, #7816, .T. ) ;
#1697 = EDGE_LOOP ( 'NONE', ( #1690, #1654, #1655 ) ) ;
#1698 = ORIENTED_EDGE ( 'NONE', *, *, #1987, .T. ) ;
#1699 = EDGE_LOOP ( 'NONE', ( #1688, #1734, #1735 ) ) ;
#1700 = ORIENTED_EDGE ( 'NONE', *, *, #2717, .F. ) ;
#1701 = ORIENTED_EDGE ( 'NONE', *, *, #1675, .F. ) ;
#1702 = ORIENTED_EDGE ( 'NONE', *, *, #2770, .F. ) ;
#1703 = EDGE_LOOP ( 'NONE', ( #1702, #1700, #1701, #1718 ) ) ;
#1704 = EDGE_LOOP ( 'NONE', ( #1492, #1505, #1677, #1497 ) ) ;
#1705 = ADVANCED_FACE ( 'NONE', ( #7811 ), #7742, .T. ) ;
#1706 = EDGE_LOOP ( 'NONE', ( #1643, #1648, #1663, #1693 ) ) ;
#1707 = EDGE_CURVE ( 'NONE', #2834, #2844, #7961, .T. ) ;
#1708 = ORIENTED_EDGE ( 'NONE', *, *, #1649, .T. ) ;
#1709 = ADVANCED_FACE ( 'NONE', ( #7930 ), #7966, .T. ) ;
#1710 = ORIENTED_EDGE ( 'NONE', *, *, #1493, .T. ) ;
#1711 = ORIENTED_EDGE ( 'NONE', *, *, #1712, .F. ) ;
#1712 = EDGE_CURVE ( 'NONE', #2653, #1630, #7944, .T. ) ;
#1713 = ADVANCED_FACE ( 'NONE', ( #7948 ), #7850, .T. ) ;
#1714 = ORIENTED_EDGE ( 'NONE', *, *, #1634, .T. ) ;
#1715 = EDGE_CURVE ( 'NONE', #1633, #1630, #7947, .T. ) ;
#1716 = EDGE_LOOP ( 'NONE', ( #1819, #1835, #1800, #1827 ) ) ;
#1717 = VERTEX_POINT ( 'NONE', #7883 ) ;
#1718 = ORIENTED_EDGE ( 'NONE', *, *, #2618, .F. ) ;
#1719 = CLOSED_SHELL ( 'NONE', ( #2642, #2670, #2588, #2601, #2627, #2625, #2649, #2614, #2623, #2680, #2782, #2780, #1639, #1671, #1676, #1737, #1625, #1621, #1713, #1797, #1816, #1798, #1840, #1832, #1818 ) ) ;
#1720 = EDGE_CURVE ( 'NONE', #2639, #1796, #7907, .T. ) ;
#1721 = VERTEX_POINT ( 'NONE', #7880 ) ;
#1722 = ORIENTED_EDGE ( 'NONE', *, *, #2644, .F. ) ;
#1723 = ORIENTED_EDGE ( 'NONE', *, *, #2595, .F. ) ;
#1724 = EDGE_LOOP ( 'NONE', ( #1723, #1727, #1726, #1672 ) ) ;
#1725 = ORIENTED_EDGE ( 'NONE', *, *, #2676, .F. ) ;
#1726 = ORIENTED_EDGE ( 'NONE', *, *, #1720, .F. ) ;
#1727 = ORIENTED_EDGE ( 'NONE', *, *, #1865, .F. ) ;
#1728 = ORIENTED_EDGE ( 'NONE', *, *, #1599, .F. ) ;
#1729 = ADVANCED_FACE ( 'NONE', ( #7879 ), #7882, .T. ) ;
#1730 = ADVANCED_FACE ( 'NONE', ( #7888 ), #7960, .T. ) ;
#1731 = EDGE_CURVE ( 'NONE', #1575, #1529, #7955, .T. ) ;
#1732 = EDGE_CURVE ( 'NONE', #1546, #1424, #7860, .T. ) ;
#1733 = ADVANCED_FACE ( 'NONE', ( #7861 ), #7952, .T. ) ;
#1734 = ORIENTED_EDGE ( 'NONE', *, *, #1720, .T. ) ;
#1735 = ORIENTED_EDGE ( 'NONE', *, *, #1736, .F. ) ;
#1736 = EDGE_CURVE ( 'NONE', #2634, #1796, #7956, .T. ) ;
#1737 = ADVANCED_FACE ( 'NONE', ( #7852 ), #7935, .T. ) ;
#1738 = ORIENTED_EDGE ( 'NONE', *, *, #1736, .T. ) ;
#1739 = EDGE_LOOP ( 'NONE', ( #1738, #1686, #1687, #1684 ) ) ;
#1740 = ORIENTED_EDGE ( 'NONE', *, *, #1626, .T. ) ;
#1741 = ORIENTED_EDGE ( 'NONE', *, *, #1528, .F. ) ;
#1742 = EDGE_LOOP ( 'NONE', ( #1656, #1689, #1669, #1659 ) ) ;
#1743 = ORIENTED_EDGE ( 'NONE', *, *, #2823, .F. ) ;
#1744 = ORIENTED_EDGE ( 'NONE', *, *, #1707, .F. ) ;
#1745 = ORIENTED_EDGE ( 'NONE', *, *, #2748, .F. ) ;
#1746 = ADVANCED_FACE ( 'NONE', ( #7937 ), #7877, .T. ) ;
#1747 = EDGE_LOOP ( 'NONE', ( #1646, #1710, #1661 ) ) ;
#1748 = EDGE_LOOP ( 'NONE', ( #1740, #1741, #1651, #1652 ) ) ;
#1749 = ORIENTED_EDGE ( 'NONE', *, *, #1650, .T. ) ;
#1750 = ORIENTED_EDGE ( 'NONE', *, *, #1731, .T. ) ;
#1751 = ORIENTED_EDGE ( 'NONE', *, *, #1653, .T. ) ;
#1752 = ORIENTED_EDGE ( 'NONE', *, *, #1548, .F. ) ;
#1753 = ORIENTED_EDGE ( 'NONE', *, *, #1758, .T. ) ;
#1754 = VERTEX_POINT ( 'NONE', #7878 ) ;
#1755 = EDGE_CURVE ( 'NONE', #1778, #1756, #7899, .T. ) ;
#1756 = VERTEX_POINT ( 'NONE', #7894 ) ;
#1757 = EDGE_CURVE ( 'NONE', #1778, #1781, #7893, .T. ) ;
#1758 = EDGE_CURVE ( 'NONE', #1754, #1781, #7929, .T. ) ;
#1759 = ADVANCED_FACE ( 'NONE', ( #7925 ), #7924, .T. ) ;
#1760 = EDGE_CURVE ( 'NONE', #1761, #1762, #8038, .T. ) ;
#1761 = VERTEX_POINT ( 'NONE', #8026 ) ;
#1762 = VERTEX_POINT ( 'NONE', #8051 ) ;
#1763 = ORIENTED_EDGE ( 'NONE', *, *, #1846, .T. ) ;
#1764 = ORIENTED_EDGE ( 'NONE', *, *, #1794, .T. ) ;
#1765 = ORIENTED_EDGE ( 'NONE', *, *, #1793, .T. ) ;
#1766 = ORIENTED_EDGE ( 'NONE', *, *, #1880, .T. ) ;
#1767 = EDGE_LOOP ( 'NONE', ( #1897, #1877, #1878, #1873 ) ) ;
#1768 = VERTEX_POINT ( 'NONE', #8043 ) ;
#1769 = ORIENTED_EDGE ( 'NONE', *, *, #1770, .F. ) ;
#1770 = EDGE_CURVE ( 'NONE', #1882, #1773, #7980, .T. ) ;
#1771 = EDGE_CURVE ( 'NONE', #1784, #1772, #8045, .T. ) ;
#1772 = VERTEX_POINT ( 'NONE', #8046 ) ;
#1773 = VERTEX_POINT ( 'NONE', #8048 ) ;
#1774 = ORIENTED_EDGE ( 'NONE', *, *, #1861, .T. ) ;
#1775 = ORIENTED_EDGE ( 'NONE', *, *, #2779, .F. ) ;
#1776 = ORIENTED_EDGE ( 'NONE', *, *, #1841, .F. ) ;
#1777 = EDGE_LOOP ( 'NONE', ( #1852, #1803, #1860, #1753 ) ) ;
#1778 = VERTEX_POINT ( 'NONE', #7979 ) ;
#1779 = VERTEX_POINT ( 'NONE', #7997 ) ;
#1780 = ADVANCED_FACE ( 'NONE', ( #7996 ), #8044, .T. ) ;
#1781 = VERTEX_POINT ( 'NONE', #7984 ) ;
#1782 = EDGE_LOOP ( 'NONE', ( #1791, #1787, #1764, #1774, #1763, #1792, #1769, #1788 ) ) ;
#1783 = EDGE_CURVE ( 'NONE', #1784, #1866, #7995, .T. ) ;
#1784 = VERTEX_POINT ( 'NONE', #7998 ) ;
#1785 = VERTEX_POINT ( 'NONE', #8029 ) ;
#1786 = EDGE_CURVE ( 'NONE', #1717, #1773, #7970, .T. ) ;
#1787 = ORIENTED_EDGE ( 'NONE', *, *, #1790, .T. ) ;
#1788 = ORIENTED_EDGE ( 'NONE', *, *, #1789, .T. ) ;
#1789 = EDGE_CURVE ( 'NONE', #1882, #1785, #7992, .T. ) ;
#1790 = EDGE_CURVE ( 'NONE', #1772, #1863, #8010, .T. ) ;
#1791 = ORIENTED_EDGE ( 'NONE', *, *, #1793, .F. ) ;
#1792 = ORIENTED_EDGE ( 'NONE', *, *, #1786, .T. ) ;
#1793 = EDGE_CURVE ( 'NONE', #1772, #1785, #7976, .T. ) ;
#1794 = EDGE_CURVE ( 'NONE', #1863, #1768, #8022, .T. ) ;
#1795 = ORIENTED_EDGE ( 'NONE', *, *, #1862, .T. ) ;
#1796 = VERTEX_POINT ( 'NONE', #7983 ) ;
#1797 = ADVANCED_FACE ( 'NONE', ( #7982 ), #7989, .T. ) ;
#1798 = ADVANCED_FACE ( 'NONE', ( #7985 ), #8028, .T. ) ;
#1799 = ORIENTED_EDGE ( 'NONE', *, *, #2722, .F. ) ;
#1800 = ORIENTED_EDGE ( 'NONE', *, *, #1830, .F. ) ;
#1801 = EDGE_LOOP ( 'NONE', ( #1854, #1855, #1857, #1858 ) ) ;
#1802 = VERTEX_POINT ( 'NONE', #8008 ) ;
#1803 = ORIENTED_EDGE ( 'NONE', *, *, #1755, .T. ) ;
#1804 = ORIENTED_EDGE ( 'NONE', *, *, #2679, .F. ) ;
#1805 = ORIENTED_EDGE ( 'NONE', *, *, #2738, .F. ) ;
#1806 = ORIENTED_EDGE ( 'NONE', *, *, #2719, .F. ) ;
#1807 = ORIENTED_EDGE ( 'NONE', *, *, #1813, .T. ) ;
#1808 = EDGE_LOOP ( 'NONE', ( #1809, #1810, #1776, #1833 ) ) ;
#1809 = ORIENTED_EDGE ( 'NONE', *, *, #1831, .T. ) ;
#1810 = ORIENTED_EDGE ( 'NONE', *, *, #1632, .F. ) ;
#1811 = ORIENTED_EDGE ( 'NONE', *, *, #2622, .F. ) ;
#1812 = ORIENTED_EDGE ( 'NONE', *, *, #1813, .F. ) ;
#1813 = EDGE_CURVE ( 'NONE', #2791, #2741, #8020, .T. ) ;
#1814 = ORIENTED_EDGE ( 'NONE', *, *, #2682, .F. ) ;
#1815 = MANIFOLD_SOLID_BREP ( 'NONE', #2186 ) ;
#1816 = ADVANCED_FACE ( 'NONE', ( #8068 ), #8067, .T. ) ;
#1817 = EDGE_CURVE ( 'NONE', #1685, #2741, #8061, .T. ) ;
#1818 = ADVANCED_FACE ( 'NONE', ( #8062 ), #8083, .T. ) ;
#1819 = ORIENTED_EDGE ( 'NONE', *, *, #1712, .T. ) ;
#1820 = EDGE_LOOP ( 'NONE', ( #1805, #1806, #1807, #1814 ) ) ;
#1821 = EDGE_LOOP ( 'NONE', ( #1842, #1828, #1812 ) ) ;
#1822 = ORIENTED_EDGE ( 'NONE', *, *, #1824, .T. ) ;
#1823 = ORIENTED_EDGE ( 'NONE', *, *, #1831, .F. ) ;
#1824 = EDGE_CURVE ( 'NONE', #2783, #2661, #8081, .T. ) ;
#1825 = ORIENTED_EDGE ( 'NONE', *, *, #1817, .F. ) ;
#1826 = ORIENTED_EDGE ( 'NONE', *, *, #1830, .T. ) ;
#1827 = ORIENTED_EDGE ( 'NONE', *, *, #2652, .F. ) ;
#1828 = ORIENTED_EDGE ( 'NONE', *, *, #1817, .T. ) ;
#1829 = ORIENTED_EDGE ( 'NONE', *, *, #2613, .F. ) ;
#1830 = EDGE_CURVE ( 'NONE', #2661, #1633, #8087, .T. ) ;
#1831 = EDGE_CURVE ( 'NONE', #2783, #1633, #8079, .T. ) ;
#1832 = ADVANCED_FACE ( 'NONE', ( #8090 ), #8075, .T. ) ;
#1833 = ORIENTED_EDGE ( 'NONE', *, *, #2784, .F. ) ;
#1834 = ORIENTED_EDGE ( 'NONE', *, *, #2663, .F. ) ;
#1835 = ORIENTED_EDGE ( 'NONE', *, *, #1715, .F. ) ;
#1836 = EDGE_LOOP ( 'NONE', ( #1775, #1834, #1845, #1811 ) ) ;
#1837 = EDGE_LOOP ( 'NONE', ( #1799, #1804, #1825, #1839 ) ) ;
#1838 = EDGE_LOOP ( 'NONE', ( #1822, #1826, #1823 ) ) ;
#1839 = ORIENTED_EDGE ( 'NONE', *, *, #1683, .F. ) ;
#1840 = ADVANCED_FACE ( 'NONE', ( #8100 ), #8118, .T. ) ;
#1841 = EDGE_CURVE ( 'NONE', #2791, #1685, #8116, .T. ) ;
#1842 = ORIENTED_EDGE ( 'NONE', *, *, #1841, .T. ) ;
#1843 = ORIENTED_EDGE ( 'NONE', *, *, #2776, .F. ) ;
#1844 = ORIENTED_EDGE ( 'NONE', *, *, #1715, .T. ) ;
#1845 = ORIENTED_EDGE ( 'NONE', *, *, #1824, .F. ) ;
#1846 = EDGE_CURVE ( 'NONE', #1674, #1717, #8112, .T. ) ;
#1847 = ADVANCED_FACE ( 'NONE', ( #8122 ), #8056, .T. ) ;
#1848 = ORIENTED_EDGE ( 'NONE', *, *, #1846, .F. ) ;
#1849 = EDGE_LOOP ( 'NONE', ( #1848, #1871, #1870, #1673 ) ) ;
#1850 = VERTEX_POINT ( 'NONE', #8137 ) ;
#1851 = EDGE_CURVE ( 'NONE', #1781, #1779, #8141, .T. ) ;
#1852 = ORIENTED_EDGE ( 'NONE', *, *, #1757, .F. ) ;
#1853 = EDGE_CURVE ( 'NONE', #1756, #1754, #8130, .T. ) ;
#1854 = ORIENTED_EDGE ( 'NONE', *, *, #1859, .F. ) ;
#1855 = ORIENTED_EDGE ( 'NONE', *, *, #1856, .T. ) ;
#1856 = EDGE_CURVE ( 'NONE', #1802, #1778, #8136, .T. ) ;
#1857 = ORIENTED_EDGE ( 'NONE', *, *, #1757, .T. ) ;
#1858 = ORIENTED_EDGE ( 'NONE', *, *, #1851, .T. ) ;
#1859 = EDGE_CURVE ( 'NONE', #1802, #1779, #8055, .T. ) ;
#1860 = ORIENTED_EDGE ( 'NONE', *, *, #1853, .T. ) ;
#1861 = EDGE_CURVE ( 'NONE', #1768, #1674, #8187, .T. ) ;
#1862 = EDGE_CURVE ( 'NONE', #1630, #1796, #8161, .T. ) ;
#1863 = VERTEX_POINT ( 'NONE', #8202 ) ;
#1864 = ORIENTED_EDGE ( 'NONE', *, *, #1865, .T. ) ;
#1865 = EDGE_CURVE ( 'NONE', #1796, #2674, #8201, .T. ) ;
#1866 = VERTEX_POINT ( 'NONE', #8165 ) ;
#1867 = ORIENTED_EDGE ( 'NONE', *, *, #2602, .F. ) ;
#1868 = ORIENTED_EDGE ( 'NONE', *, *, #1771, .T. ) ;
#1869 = EDGE_CURVE ( 'NONE', #1779, #1717, #8157, .T. ) ;
#1870 = ORIENTED_EDGE ( 'NONE', *, *, #1859, .T. ) ;
#1871 = ORIENTED_EDGE ( 'NONE', *, *, #1872, .T. ) ;
#1872 = EDGE_CURVE ( 'NONE', #1674, #1802, #8145, .T. ) ;
#1873 = ORIENTED_EDGE ( 'NONE', *, *, #1875, .T. ) ;
#1874 = EDGE_CURVE ( 'NONE', #1888, #1761, #8171, .T. ) ;
#1875 = EDGE_CURVE ( 'NONE', #1866, #1762, #8214, .T. ) ;
#1876 = EDGE_CURVE ( 'NONE', #1761, #1784, #8190, .T. ) ;
#1877 = ORIENTED_EDGE ( 'NONE', *, *, #1876, .T. ) ;
#1878 = ORIENTED_EDGE ( 'NONE', *, *, #1783, .T. ) ;
#1879 = ADVANCED_FACE ( 'NONE', ( #8191 ), #8163, .T. ) ;
#1880 = EDGE_CURVE ( 'NONE', #1785, #1866, #8162, .T. ) ;
#1881 = ADVANCED_FACE ( 'NONE', ( #8184 ), #8183, .T. ) ;
#1882 = VERTEX_POINT ( 'NONE', #8195 ) ;
#1883 = EDGE_LOOP ( 'NONE', ( #1885, #1698, #1988, #1913 ) ) ;
#1884 = EDGE_CURVE ( 'NONE', #1898, #1900, #8152, .T. ) ;
#1885 = ORIENTED_EDGE ( 'NONE', *, *, #1886, .T. ) ;
#1886 = EDGE_CURVE ( 'NONE', #1899, #1926, #8148, .T. ) ;
#1887 = VERTEX_POINT ( 'NONE', #8180 ) ;
#1888 = VERTEX_POINT ( 'NONE', #8179 ) ;
#1889 = ORIENTED_EDGE ( 'NONE', *, *, #1890, .F. ) ;
#1890 = EDGE_CURVE ( 'NONE', #1888, #1887, #8177, .T. ) ;
#1891 = ADVANCED_FACE ( 'NONE', ( #8224 ), #8250, .T. ) ;
#1892 = EDGE_LOOP ( 'NONE', ( #1889, #1893, #1905, #2003 ) ) ;
#1893 = ORIENTED_EDGE ( 'NONE', *, *, #1874, .T. ) ;
#1894 = ADVANCED_FACE ( 'NONE', ( #8217 ), #8218, .T. ) ;
#1895 = EDGE_LOOP ( 'NONE', ( #1896, #1868, #1765, #1766 ) ) ;
#1896 = ORIENTED_EDGE ( 'NONE', *, *, #1783, .F. ) ;
#1897 = ORIENTED_EDGE ( 'NONE', *, *, #1760, .F. ) ;
#1898 = VERTEX_POINT ( 'NONE', #8237 ) ;
#1899 = VERTEX_POINT ( 'NONE', #8254 ) ;
#1900 = VERTEX_POINT ( 'NONE', #8253 ) ;
#1901 = ADVANCED_FACE ( 'NONE', ( #8245 ), #8223, .T. ) ;
#1902 = ORIENTED_EDGE ( 'NONE', *, *, #1884, .T. ) ;
#1903 = EDGE_CURVE ( 'NONE', #1900, #1888, #8249, .T. ) ;
#1904 = ORIENTED_EDGE ( 'NONE', *, *, #1890, .T. ) ;
#1905 = ORIENTED_EDGE ( 'NONE', *, *, #1760, .T. ) ;
#1906 = ORIENTED_EDGE ( 'NONE', *, *, #1907, .T. ) ;
#1907 = EDGE_CURVE ( 'NONE', #1887, #1898, #8256, .T. ) ;
#1908 = ORIENTED_EDGE ( 'NONE', *, *, #1937, .T. ) ;
#1909 = EDGE_CURVE ( 'NONE', #1762, #1887, #8236, .T. ) ;
#1910 = ADVANCED_FACE ( 'NONE', ( #8221 ), #8219, .T. ) ;
#1911 = EDGE_LOOP ( 'NONE', ( #1912, #1908, #1954, #1968 ) ) ;
#1912 = ORIENTED_EDGE ( 'NONE', *, *, #1951, .T. ) ;
#1913 = ORIENTED_EDGE ( 'NONE', *, *, #1961, .T. ) ;
#1914 = VERTEX_POINT ( 'NONE', #8228 ) ;
#1915 = ORIENTED_EDGE ( 'NONE', *, *, #1930, .F. ) ;
#1916 = EDGE_CURVE ( 'NONE', #1941, #1932, #8120, .T. ) ;
#1917 = ORIENTED_EDGE ( 'NONE', *, *, #1996, .F. ) ;
#1918 = ADVANCED_FACE ( 'NONE', ( #8338 ), #8356, .T. ) ;
#1919 = ORIENTED_EDGE ( 'NONE', *, *, #2152, .T. ) ;
#1920 = ORIENTED_EDGE ( 'NONE', *, *, #1770, .T. ) ;
#1921 = ORIENTED_EDGE ( 'NONE', *, *, #1923, .T. ) ;
#1922 = ORIENTED_EDGE ( 'NONE', *, *, #1972, .T. ) ;
#1923 = EDGE_CURVE ( 'NONE', #1773, #1973, #8331, .T. ) ;
#1924 = ORIENTED_EDGE ( 'NONE', *, *, #1970, .T. ) ;
#1925 = VERTEX_POINT ( 'NONE', #8364 ) ;
#1926 = VERTEX_POINT ( 'NONE', #8317 ) ;
#1927 = ORIENTED_EDGE ( 'NONE', *, *, #1903, .T. ) ;
#1928 = EDGE_LOOP ( 'NONE', ( #1929, #1944, #1946, #1978, #1976, #1922, #1920, #1921, #1924, #4973 ) ) ;
#1929 = ORIENTED_EDGE ( 'NONE', *, *, #1930, .T. ) ;
#1930 = EDGE_CURVE ( 'NONE', #1931, #1932, #8258, .T. ) ;
#1931 = VERTEX_POINT ( 'NONE', #8314 ) ;
#1932 = VERTEX_POINT ( 'NONE', #8313 ) ;
#1933 = VERTEX_POINT ( 'NONE', #8316 ) ;
#1934 = VERTEX_POINT ( 'NONE', #8315 ) ;
#1935 = ORIENTED_EDGE ( 'NONE', *, *, #1953, .T. ) ;
#1936 = VERTEX_POINT ( 'NONE', #8318 ) ;
#1937 = EDGE_CURVE ( 'NONE', #1941, #1754, #8342, .T. ) ;
#1938 = EDGE_CURVE ( 'NONE', #1939, #1940, #8361, .T. ) ;
#1939 = VERTEX_POINT ( 'NONE', #8357 ) ;
#1940 = VERTEX_POINT ( 'NONE', #8340 ) ;
#1941 = VERTEX_POINT ( 'NONE', #8339 ) ;
#1942 = EDGE_CURVE ( 'NONE', #1932, #1943, #8336, .T. ) ;
#1943 = VERTEX_POINT ( 'NONE', #8332 ) ;
#1944 = ORIENTED_EDGE ( 'NONE', *, *, #1942, .T. ) ;
#1945 = EDGE_CURVE ( 'NONE', #1943, #1850, #8355, .T. ) ;
#1946 = ORIENTED_EDGE ( 'NONE', *, *, #1945, .T. ) ;
#1947 = ORIENTED_EDGE ( 'NONE', *, *, #1983, .T. ) ;
#1948 = ORIENTED_EDGE ( 'NONE', *, *, #1982, .T. ) ;
#1949 = EDGE_CURVE ( 'NONE', #1863, #1981, #8351, .T. ) ;
#1950 = ADVANCED_FACE ( 'NONE', ( #8268 ), #8267, .T. ) ;
#1951 = EDGE_CURVE ( 'NONE', #1925, #1941, #8262, .T. ) ;
#1952 = ORIENTED_EDGE ( 'NONE', *, *, #1957, .T. ) ;
#1953 = EDGE_CURVE ( 'NONE', #1936, #1964, #8283, .T. ) ;
#1954 = ORIENTED_EDGE ( 'NONE', *, *, #1853, .F. ) ;
#1955 = ORIENTED_EDGE ( 'NONE', *, *, #1949, .T. ) ;
#1956 = VERTEX_POINT ( 'NONE', #8279 ) ;
#1957 = EDGE_CURVE ( 'NONE', #1933, #1959, #8278, .T. ) ;
#1958 = ORIENTED_EDGE ( 'NONE', *, *, #1794, .F. ) ;
#1959 = VERTEX_POINT ( 'NONE', #8273 ) ;
#1960 = ADVANCED_FACE ( 'NONE', ( #8272 ), #8271, .F. ) ;
#1961 = EDGE_CURVE ( 'NONE', #1940, #1899, #8384, .T. ) ;
#1962 = ORIENTED_EDGE ( 'NONE', *, *, #1963, .T. ) ;
#1963 = EDGE_CURVE ( 'NONE', #1934, #1936, #8378, .T. ) ;
#1964 = VERTEX_POINT ( 'NONE', #8374 ) ;
#1965 = ORIENTED_EDGE ( 'NONE', *, *, #1966, .T. ) ;
#1966 = EDGE_CURVE ( 'NONE', #1964, #1933, #8373, .T. ) ;
#1967 = EDGE_LOOP ( 'NONE', ( #1962, #1935, #1965, #1952, #1980, #1948, #1958, #1955, #1947, #1984 ) ) ;
#1968 = ORIENTED_EDGE ( 'NONE', *, *, #1969, .T. ) ;
#1969 = EDGE_CURVE ( 'NONE', #1756, #1925, #8368, .T. ) ;
#1970 = EDGE_CURVE ( 'NONE', #1973, #1971, #8369, .T. ) ;
#1971 = VERTEX_POINT ( 'NONE', #8325 ) ;
#1972 = EDGE_CURVE ( 'NONE', #1721, #1882, #8324, .T. ) ;
#1973 = VERTEX_POINT ( 'NONE', #8320 ) ;
#1974 = VERTEX_POINT ( 'NONE', #8319 ) ;
#1975 = EDGE_CURVE ( 'NONE', #1974, #1721, #8311, .T. ) ;
#1976 = ORIENTED_EDGE ( 'NONE', *, *, #1975, .T. ) ;
#1977 = EDGE_CURVE ( 'NONE', #1850, #1974, #8306, .T. ) ;
#1978 = ORIENTED_EDGE ( 'NONE', *, *, #1977, .T. ) ;
#1979 = EDGE_CURVE ( 'NONE', #1959, #1986, #8302, .T. ) ;
#1980 = ORIENTED_EDGE ( 'NONE', *, *, #1979, .T. ) ;
#1981 = VERTEX_POINT ( 'NONE', #8298 ) ;
#1982 = EDGE_CURVE ( 'NONE', #1986, #1768, #8297, .T. ) ;
#1983 = EDGE_CURVE ( 'NONE', #1981, #1956, #8293, .T. ) ;
#1984 = ORIENTED_EDGE ( 'NONE', *, *, #1985, .T. ) ;
#1985 = EDGE_CURVE ( 'NONE', #1956, #1934, #8287, .T. ) ;
#1986 = VERTEX_POINT ( 'NONE', #5 ) ;
#1987 = EDGE_CURVE ( 'NONE', #1926, #1939, #2, .T. ) ;
#1988 = ORIENTED_EDGE ( 'NONE', *, *, #1938, .T. ) ;
#1989 = EDGE_LOOP ( 'NONE', ( #1902, #1927, #1904, #1906 ) ) ;
#1990 = ADVANCED_FACE ( 'NONE', ( #4 ), #8178, .T. ) ;
#1991 = ORIENTED_EDGE ( 'NONE', *, *, #2149, .F. ) ;
#1992 = ORIENTED_EDGE ( 'NONE', *, *, #1993, .T. ) ;
#1993 = EDGE_CURVE ( 'NONE', #1899, #1941, #67, .T. ) ;
#1994 = ORIENTED_EDGE ( 'NONE', *, *, #1916, .T. ) ;
#1995 = ORIENTED_EDGE ( 'NONE', *, *, #1996, .T. ) ;
#1996 = EDGE_CURVE ( 'NONE', #1931, #1754, #70, .T. ) ;
#1997 = ORIENTED_EDGE ( 'NONE', *, *, #1951, .F. ) ;
#1998 = ORIENTED_EDGE ( 'NONE', *, *, #1937, .F. ) ;
#1999 = EDGE_LOOP ( 'NONE', ( #1997, #1919, #2137, #1992 ) ) ;
#2000 = ORIENTED_EDGE ( 'NONE', *, *, #4884, .F. ) ;
#2001 = ADVANCED_FACE ( 'NONE', ( #71 ), #38, .T. ) ;
#2002 = EDGE_LOOP ( 'NONE', ( #1998, #1994, #1915, #1995 ) ) ;
#2003 = ORIENTED_EDGE ( 'NONE', *, *, #1909, .T. ) ;
#2004 = ADVANCED_FACE ( 'NONE', ( #39 ), #40, .T. ) ;
#2005 = EDGE_LOOP ( 'NONE', ( #2041, #2042, #2043, #2114 ) ) ;
#2006 = ORIENTED_EDGE ( 'NONE', *, *, #2012, .T. ) ;
#2007 = ORIENTED_EDGE ( 'NONE', *, *, #1938, .F. ) ;
#2008 = ORIENTED_EDGE ( 'NONE', *, *, #2009, .F. ) ;
#2009 = EDGE_CURVE ( 'NONE', #1900, #1939, #64, .T. ) ;
#2010 = ORIENTED_EDGE ( 'NONE', *, *, #1884, .F. ) ;
#2011 = ORIENTED_EDGE ( 'NONE', *, *, #2012, .F. ) ;
#2012 = EDGE_CURVE ( 'NONE', #1898, #1940, #56, .T. ) ;
#2013 = ORIENTED_EDGE ( 'NONE', *, *, #1876, .F. ) ;
#2014 = ORIENTED_EDGE ( 'NONE', *, *, #1856, .F. ) ;
#2015 = ADVANCED_FACE ( 'NONE', ( #51 ), #50, .T. ) ;
#2016 = EDGE_LOOP ( 'NONE', ( #2171, #2098, #2101, #2014 ) ) ;
#2017 = ORIENTED_EDGE ( 'NONE', *, *, #1993, .F. ) ;
#2018 = ORIENTED_EDGE ( 'NONE', *, *, #1909, .F. ) ;
#2019 = ADVANCED_FACE ( 'NONE', ( #44 ), #45, .T. ) ;
#2020 = ORIENTED_EDGE ( 'NONE', *, *, #2100, .F. ) ;
#2021 = ADVANCED_FACE ( 'NONE', ( #24 ), #19, .T. ) ;
#2022 = ORIENTED_EDGE ( 'NONE', *, *, #1789, .F. ) ;
#2023 = ORIENTED_EDGE ( 'NONE', *, *, #1972, .F. ) ;
#2024 = ORIENTED_EDGE ( 'NONE', *, *, #2135, .T. ) ;
#2025 = ORIENTED_EDGE ( 'NONE', *, *, #2177, .T. ) ;
#2026 = ORIENTED_EDGE ( 'NONE', *, *, #2028, .F. ) ;
#2027 = EDGE_LOOP ( 'NONE', ( #2026, #2183, #2055, #2059 ) ) ;
#2028 = EDGE_CURVE ( 'NONE', #2190, #2181, #14, .T. ) ;
#2029 = ORIENTED_EDGE ( 'NONE', *, *, #2135, .F. ) ;
#2030 = EDGE_LOOP ( 'NONE', ( #2184, #2182, #2189, #2178 ) ) ;
#2031 = ORIENTED_EDGE ( 'NONE', *, *, #2166, .T. ) ;
#2032 = ORIENTED_EDGE ( 'NONE', *, *, #2009, .T. ) ;
#2033 = ORIENTED_EDGE ( 'NONE', *, *, #2166, .F. ) ;
#2034 = ORIENTED_EDGE ( 'NONE', *, *, #1963, .F. ) ;
#2035 = EDGE_LOOP ( 'NONE', ( #2031, #2032, #2162 ) ) ;
#2036 = ORIENTED_EDGE ( 'NONE', *, *, #1903, .F. ) ;
#2037 = ORIENTED_EDGE ( 'NONE', *, *, #2044, .T. ) ;
#2038 = ADVANCED_FACE ( 'NONE', ( #30 ), #29, .T. ) ;
#2039 = EDGE_LOOP ( 'NONE', ( #2117, #2013, #2040, #2167 ) ) ;
#2040 = ORIENTED_EDGE ( 'NONE', *, *, #2047, .F. ) ;
#2041 = ORIENTED_EDGE ( 'NONE', *, *, #2047, .T. ) ;
#2042 = ORIENTED_EDGE ( 'NONE', *, *, #1874, .F. ) ;
#2043 = ORIENTED_EDGE ( 'NONE', *, *, #2044, .F. ) ;
#2044 = EDGE_CURVE ( 'NONE', #1934, #1888, #76, .T. ) ;
#2045 = ORIENTED_EDGE ( 'NONE', *, *, #2103, .T. ) ;
#2046 = EDGE_LOOP ( 'NONE', ( #2115, #2045, #2011 ) ) ;
#2047 = EDGE_CURVE ( 'NONE', #1956, #1761, #86, .T. ) ;
#2048 = ORIENTED_EDGE ( 'NONE', *, *, #1942, .F. ) ;
#2049 = ORIENTED_EDGE ( 'NONE', *, *, #2103, .F. ) ;
#2050 = EDGE_CURVE ( 'NONE', #2195, #2091, #87, .T. ) ;
#2051 = ORIENTED_EDGE ( 'NONE', *, *, #2052, .T. ) ;
#2052 = EDGE_CURVE ( 'NONE', #2089, #2090, #102, .T. ) ;
#2053 = EDGE_CURVE ( 'NONE', #2060, #2181, #84, .T. ) ;
#2054 = EDGE_CURVE ( 'NONE', #2056, #2060, #106, .T. ) ;
#2055 = ORIENTED_EDGE ( 'NONE', *, *, #2054, .T. ) ;
#2056 = VERTEX_POINT ( 'NONE', #107 ) ;
#2057 = ADVANCED_FACE ( 'NONE', ( #96 ), #7, .T. ) ;
#2058 = ORIENTED_EDGE ( 'NONE', *, *, #2248, .F. ) ;
#2059 = ORIENTED_EDGE ( 'NONE', *, *, #2053, .T. ) ;
#2060 = VERTEX_POINT ( 'NONE', #920 ) ;
#2061 = EDGE_CURVE ( 'NONE', #2190, #2056, #957, .T. ) ;
#2062 = EDGE_LOOP ( 'NONE', ( #2058, #2123, #2122, #2206 ) ) ;
#2063 = EDGE_LOOP ( 'NONE', ( #2156, #2172, #2067, #2105 ) ) ;
#2064 = EDGE_LOOP ( 'NONE', ( #2155, #2017, #2173 ) ) ;
#2065 = ORIENTED_EDGE ( 'NONE', *, *, #2176, .T. ) ;
#2066 = ORIENTED_EDGE ( 'NONE', *, *, #1875, .F. ) ;
#2067 = ORIENTED_EDGE ( 'NONE', *, *, #2068, .F. ) ;
#2068 = EDGE_CURVE ( 'NONE', #1981, #1784, #929, .T. ) ;
#2069 = ADVANCED_FACE ( 'NONE', ( #923 ), #927, .T. ) ;
#2070 = EDGE_LOOP ( 'NONE', ( #2071, #2108, #2074, #2073 ) ) ;
#2071 = ORIENTED_EDGE ( 'NONE', *, *, #2109, .T. ) ;
#2072 = ORIENTED_EDGE ( 'NONE', *, *, #2144, .T. ) ;
#2073 = ORIENTED_EDGE ( 'NONE', *, *, #1907, .F. ) ;
#2074 = ORIENTED_EDGE ( 'NONE', *, *, #2077, .F. ) ;
#2075 = VERTEX_POINT ( 'NONE', #926 ) ;
#2076 = VERTEX_POINT ( 'NONE', #925 ) ;
#2077 = EDGE_CURVE ( 'NONE', #1898, #1943, #948, .T. ) ;
#2078 = ORIENTED_EDGE ( 'NONE', *, *, #2079, .F. ) ;
#2079 = EDGE_CURVE ( 'NONE', #2195, #2090, #949, .T. ) ;
#2080 = ORIENTED_EDGE ( 'NONE', *, *, #2079, .T. ) ;
#2081 = ORIENTED_EDGE ( 'NONE', *, *, #2082, .T. ) ;
#2082 = EDGE_CURVE ( 'NONE', #2090, #2083, #940, .T. ) ;
#2083 = VERTEX_POINT ( 'NONE', #935 ) ;
#2084 = VERTEX_POINT ( 'NONE', #934 ) ;
#2085 = ORIENTED_EDGE ( 'NONE', *, *, #2093, .T. ) ;
#2086 = ORIENTED_EDGE ( 'NONE', *, *, #2087, .F. ) ;
#2087 = EDGE_CURVE ( 'NONE', #2084, #2083, #933, .T. ) ;
#2088 = ORIENTED_EDGE ( 'NONE', *, *, #2196, .T. ) ;
#2089 = VERTEX_POINT ( 'NONE', #161 ) ;
#2090 = VERTEX_POINT ( 'NONE', #109 ) ;
#2091 = VERTEX_POINT ( 'NONE', #205 ) ;
#2092 = EDGE_LOOP ( 'NONE', ( #2078, #2246, #2128, #2051 ) ) ;
#2093 = EDGE_CURVE ( 'NONE', #2131, #2094, #170, .T. ) ;
#2094 = VERTEX_POINT ( 'NONE', #128 ) ;
#2095 = VERTEX_POINT ( 'NONE', #126 ) ;
#2096 = EDGE_CURVE ( 'NONE', #2181, #2089, #122, .T. ) ;
#2097 = ADVANCED_FACE ( 'NONE', ( #166 ), #239, .T. ) ;
#2098 = ORIENTED_EDGE ( 'NONE', *, *, #1979, .F. ) ;
#2099 = ORIENTED_EDGE ( 'NONE', *, *, #2149, .T. ) ;
#2100 = EDGE_CURVE ( 'NONE', #1959, #1778, #225, .T. ) ;
#2101 = ORIENTED_EDGE ( 'NONE', *, *, #2100, .T. ) ;
#2102 = ORIENTED_EDGE ( 'NONE', *, *, #1957, .F. ) ;
#2103 = EDGE_CURVE ( 'NONE', #1943, #1940, #238, .T. ) ;
#2104 = ADVANCED_FACE ( 'NONE', ( #218 ), #233, .T. ) ;
#2105 = ORIENTED_EDGE ( 'NONE', *, *, #1949, .F. ) ;
#2106 = EDGE_LOOP ( 'NONE', ( #2072, #2107, #2049, #2048 ) ) ;
#2107 = ORIENTED_EDGE ( 'NONE', *, *, #1961, .F. ) ;
#2108 = ORIENTED_EDGE ( 'NONE', *, *, #1945, .F. ) ;
#2109 = EDGE_CURVE ( 'NONE', #1887, #1850, #8125, .T. ) ;
#2110 = ADVANCED_FACE ( 'NONE', ( #243 ), #300, .T. ) ;
#2111 = ADVANCED_FACE ( 'NONE', ( #296 ), #290, .T. ) ;
#2112 = ADVANCED_FACE ( 'NONE', ( #286 ), #259, .T. ) ;
#2113 = EDGE_LOOP ( 'NONE', ( #2006, #2007, #2008, #2010 ) ) ;
#2114 = ORIENTED_EDGE ( 'NONE', *, *, #1985, .F. ) ;
#2115 = ORIENTED_EDGE ( 'NONE', *, *, #2077, .T. ) ;
#2116 = ADVANCED_FACE ( 'NONE', ( #298 ), #260, .T. ) ;
#2117 = ORIENTED_EDGE ( 'NONE', *, *, #2068, .T. ) ;
#2118 = ORIENTED_EDGE ( 'NONE', *, *, #2130, .T. ) ;
#2119 = ORIENTED_EDGE ( 'NONE', *, *, #2120, .T. ) ;
#2120 = EDGE_CURVE ( 'NONE', #2132, #2202, #287, .T. ) ;
#2121 = EDGE_LOOP ( 'NONE', ( #2125, #2207, #2255, #2250 ) ) ;
#2122 = ORIENTED_EDGE ( 'NONE', *, *, #2028, .T. ) ;
#2123 = ORIENTED_EDGE ( 'NONE', *, *, #2127, .T. ) ;
#2124 = ADVANCED_FACE ( 'NONE', ( #262 ), #285, .T. ) ;
#2125 = ORIENTED_EDGE ( 'NONE', *, *, #2126, .F. ) ;
#2126 = EDGE_CURVE ( 'NONE', #2075, #2076, #281, .T. ) ;
#2127 = EDGE_CURVE ( 'NONE', #2091, #2190, #277, .T. ) ;
#2128 = ORIENTED_EDGE ( 'NONE', *, *, #2248, .T. ) ;
#2129 = EDGE_LOOP ( 'NONE', ( #2219, #2085, #2247, #2194, #2080, #2081, #2086, #2088 ) ) ;
#2130 = EDGE_CURVE ( 'NONE', #2131, #2132, #273, .T. ) ;
#2131 = VERTEX_POINT ( 'NONE', #389 ) ;
#2132 = VERTEX_POINT ( 'NONE', #431 ) ;
#2133 = EDGE_CURVE ( 'NONE', #2095, #2195, #432, .T. ) ;
#2134 = ORIENTED_EDGE ( 'NONE', *, *, #1982, .F. ) ;
#2135 = EDGE_CURVE ( 'NONE', #1964, #1925, #341, .T. ) ;
#2136 = EDGE_LOOP ( 'NONE', ( #2141, #2134, #2160, #2192 ) ) ;
#2137 = ORIENTED_EDGE ( 'NONE', *, *, #1886, .F. ) ;
#2138 = ORIENTED_EDGE ( 'NONE', *, *, #1966, .F. ) ;
#2139 = ORIENTED_EDGE ( 'NONE', *, *, #1969, .F. ) ;
#2140 = EDGE_LOOP ( 'NONE', ( #2099, #2170, #2020, #2102 ) ) ;
#2141 = ORIENTED_EDGE ( 'NONE', *, *, #1861, .F. ) ;
#2142 = EDGE_CURVE ( 'NONE', #1866, #1721, #406, .T. ) ;
#2143 = ORIENTED_EDGE ( 'NONE', *, *, #2142, .T. ) ;
#2144 = EDGE_CURVE ( 'NONE', #1932, #1899, #398, .T. ) ;
#2145 = ORIENTED_EDGE ( 'NONE', *, *, #1977, .F. ) ;
#2146 = ORIENTED_EDGE ( 'NONE', *, *, #2176, .F. ) ;
#2147 = ORIENTED_EDGE ( 'NONE', *, *, #1975, .F. ) ;
#2148 = EDGE_CURVE ( 'NONE', #1802, #1986, #403, .T. ) ;
#2149 = EDGE_CURVE ( 'NONE', #1933, #1756, #505, .T. ) ;
#2150 = ADVANCED_FACE ( 'NONE', ( #500 ), #499, .T. ) ;
#2151 = EDGE_LOOP ( 'NONE', ( #2138, #2024, #2139, #1991 ) ) ;
#2152 = EDGE_CURVE ( 'NONE', #1925, #1926, #498, .T. ) ;
#2153 = ADVANCED_FACE ( 'NONE', ( #489 ), #486, .T. ) ;
#2154 = ADVANCED_FACE ( 'NONE', ( #487 ), #385, .T. ) ;
#2155 = ORIENTED_EDGE ( 'NONE', *, *, #1916, .F. ) ;
#2156 = ORIENTED_EDGE ( 'NONE', *, *, #1790, .F. ) ;
#2157 = EDGE_LOOP ( 'NONE', ( #2143, #2147, #2146, #2066 ) ) ;
#2158 = EDGE_LOOP ( 'NONE', ( #2065, #2145, #2159, #2018 ) ) ;
#2159 = ORIENTED_EDGE ( 'NONE', *, *, #2109, .F. ) ;
#2160 = ORIENTED_EDGE ( 'NONE', *, *, #2148, .F. ) ;
#2161 = ADVANCED_FACE ( 'NONE', ( #384 ), #379, .T. ) ;
#2162 = ORIENTED_EDGE ( 'NONE', *, *, #2163, .F. ) ;
#2163 = EDGE_CURVE ( 'NONE', #1936, #1939, #374, .T. ) ;
#2164 = ADVANCED_FACE ( 'NONE', ( #369 ), #367, .T. ) ;
#2165 = EDGE_LOOP ( 'NONE', ( #2037, #2036, #2033, #2034 ) ) ;
#2166 = EDGE_CURVE ( 'NONE', #1936, #1900, #455, .T. ) ;
#2167 = ORIENTED_EDGE ( 'NONE', *, *, #1983, .F. ) ;
#2168 = EDGE_LOOP ( 'NONE', ( #2022, #2023, #2169, #2175 ) ) ;
#2169 = ORIENTED_EDGE ( 'NONE', *, *, #2142, .F. ) ;
#2170 = ORIENTED_EDGE ( 'NONE', *, *, #1755, .F. ) ;
#2171 = ORIENTED_EDGE ( 'NONE', *, *, #2148, .T. ) ;
#2172 = ORIENTED_EDGE ( 'NONE', *, *, #1771, .F. ) ;
#2173 = ORIENTED_EDGE ( 'NONE', *, *, #2144, .F. ) ;
#2174 = ADVANCED_FACE ( 'NONE', ( #450 ), #449, .T. ) ;
#2175 = ORIENTED_EDGE ( 'NONE', *, *, #1880, .F. ) ;
#2176 = EDGE_CURVE ( 'NONE', #1762, #1974, #484, .T. ) ;
#2177 = EDGE_CURVE ( 'NONE', #1964, #1926, #478, .T. ) ;
#2178 = ORIENTED_EDGE ( 'NONE', *, *, #1953, .F. ) ;
#2179 = MANIFOLD_SOLID_BREP ( 'NONE', #2405 ) ;
#2180 = ORIENTED_EDGE ( 'NONE', *, *, #2152, .F. ) ;
#2181 = VERTEX_POINT ( 'NONE', #420 ) ;
#2182 = ORIENTED_EDGE ( 'NONE', *, *, #1987, .F. ) ;
#2183 = ORIENTED_EDGE ( 'NONE', *, *, #2061, .T. ) ;
#2184 = ORIENTED_EDGE ( 'NONE', *, *, #2163, .T. ) ;
#2185 = ADVANCED_FACE ( 'NONE', ( #445 ), #463, .T. ) ;
#2186 = CLOSED_SHELL ( 'NONE', ( #1780, #1759, #1847, #1879, #1894, #1881, #1891, #1901, #1910, #1950, #1990, #1960, #4882, #2513, #4885, #2001, #1918, #2150, #2110, #2191, #2015, #2021, #2153, #2154, #2019, #2174, #2104, #2069, #2116, #2111, #2004, #2112, #2161, #2038, #2164, #2187 ) ) ;
#2187 = ADVANCED_FACE ( 'NONE', ( #459 ), #465, .T. ) ;
#2188 = EDGE_LOOP ( 'NONE', ( #2025, #2180, #2029 ) ) ;
#2189 = ORIENTED_EDGE ( 'NONE', *, *, #2177, .F. ) ;
#2190 = VERTEX_POINT ( 'NONE', #415 ) ;
#2191 = ADVANCED_FACE ( 'NONE', ( #411 ), #310, .T. ) ;
#2192 = ORIENTED_EDGE ( 'NONE', *, *, #1872, .F. ) ;
#2193 = EDGE_CURVE ( 'NONE', #2094, #2095, #306, .T. ) ;
#2194 = ORIENTED_EDGE ( 'NONE', *, *, #2133, .T. ) ;
#2195 = VERTEX_POINT ( 'NONE', #302 ) ;
#2196 = EDGE_CURVE ( 'NONE', #2084, #2132, #365, .T. ) ;
#2197 = ADVANCED_FACE ( 'NONE', ( #360 ), #345, .T. ) ;
#2198 = EDGE_LOOP ( 'NONE', ( #2199, #2203, #2118, #2119 ) ) ;
#2199 = ORIENTED_EDGE ( 'NONE', *, *, #2200, .F. ) ;
#2200 = EDGE_CURVE ( 'NONE', #2201, #2202, #337, .T. ) ;
#2201 = VERTEX_POINT ( 'NONE', #333 ) ;
#2202 = VERTEX_POINT ( 'NONE', #332 ) ;
#2203 = ORIENTED_EDGE ( 'NONE', *, *, #2204, .T. ) ;
#2204 = EDGE_CURVE ( 'NONE', #2201, #2131, #331, .T. ) ;
#2205 = VERTEX_POINT ( 'NONE', #327 ) ;
#2206 = ORIENTED_EDGE ( 'NONE', *, *, #2096, .T. ) ;
#2207 = ORIENTED_EDGE ( 'NONE', *, *, #2226, .T. ) ;
#2208 = EDGE_LOOP ( 'NONE', ( #2240, #2251, #2209, #2214 ) ) ;
#2209 = ORIENTED_EDGE ( 'NONE', *, *, #2239, .T. ) ;
#2210 = ORIENTED_EDGE ( 'NONE', *, *, #2225, .T. ) ;
#2211 = EDGE_CURVE ( 'NONE', #2252, #2223, #325, .T. ) ;
#2212 = ADVANCED_FACE ( 'NONE', ( #321 ), #524, .T. ) ;
#2213 = ORIENTED_EDGE ( 'NONE', *, *, #2211, .T. ) ;
#2214 = ORIENTED_EDGE ( 'NONE', *, *, #2237, .T. ) ;
#2215 = EDGE_CURVE ( 'NONE', #2076, #2220, #514, .T. ) ;
#2216 = VERTEX_POINT ( 'NONE', #523 ) ;
#2217 = ORIENTED_EDGE ( 'NONE', *, *, #2241, .T. ) ;
#2218 = ORIENTED_EDGE ( 'NONE', *, *, #2215, .T. ) ;
#2219 = ORIENTED_EDGE ( 'NONE', *, *, #2130, .F. ) ;
#2220 = VERTEX_POINT ( 'NONE', #510 ) ;
#2221 = EDGE_LOOP ( 'NONE', ( #2440, #2456, #2450, #2437 ) ) ;
#2222 = VERTEX_POINT ( 'NONE', #509 ) ;
#2223 = VERTEX_POINT ( 'NONE', #508 ) ;
#2224 = EDGE_LOOP ( 'NONE', ( #2213, #2210, #2232, #2273 ) ) ;
#2225 = EDGE_CURVE ( 'NONE', #2223, #2222, #522, .T. ) ;
#2226 = EDGE_CURVE ( 'NONE', #2075, #2201, #516, .T. ) ;
#2227 = ORIENTED_EDGE ( 'NONE', *, *, #2126, .T. ) ;
#2228 = VERTEX_POINT ( 'NONE', #518 ) ;
#2229 = VERTEX_POINT ( 'NONE', #517 ) ;
#2230 = ORIENTED_EDGE ( 'NONE', *, *, #2054, .F. ) ;
#2231 = ORIENTED_EDGE ( 'NONE', *, *, #2279, .T. ) ;
#2232 = ORIENTED_EDGE ( 'NONE', *, *, #2278, .T. ) ;
#2233 = ORIENTED_EDGE ( 'NONE', *, *, #2234, .T. ) ;
#2234 = EDGE_CURVE ( 'NONE', #2296, #2235, #531, .T. ) ;
#2235 = VERTEX_POINT ( 'NONE', #560 ) ;
#2236 = EDGE_LOOP ( 'NONE', ( #2293, #2294, #2233, #2288, #2263, #2258, #2270, #2260, #2259, #2266 ) ) ;
#2237 = EDGE_CURVE ( 'NONE', #2220, #2205, #602, .T. ) ;
#2238 = EDGE_CURVE ( 'NONE', #2202, #2076, #539, .T. ) ;
#2239 = EDGE_CURVE ( 'NONE', #2216, #2220, #576, .T. ) ;
#2240 = ORIENTED_EDGE ( 'NONE', *, *, #2243, .T. ) ;
#2241 = EDGE_CURVE ( 'NONE', #2216, #2075, #536, .T. ) ;
#2242 = ORIENTED_EDGE ( 'NONE', *, *, #2239, .F. ) ;
#2243 = EDGE_CURVE ( 'NONE', #2205, #2256, #545, .T. ) ;
#2244 = EDGE_LOOP ( 'NONE', ( #2242, #2217, #2227, #2218 ) ) ;
#2245 = ADVANCED_FACE ( 'NONE', ( #603 ), #592, .T. ) ;
#2246 = ORIENTED_EDGE ( 'NONE', *, *, #2050, .T. ) ;
#2247 = ORIENTED_EDGE ( 'NONE', *, *, #2193, .T. ) ;
#2248 = EDGE_CURVE ( 'NONE', #2091, #2089, #589, .T. ) ;
#2249 = ADVANCED_FACE ( 'NONE', ( #620 ), #610, .T. ) ;
#2250 = ORIENTED_EDGE ( 'NONE', *, *, #2238, .T. ) ;
#2251 = ORIENTED_EDGE ( 'NONE', *, *, #2254, .T. ) ;
#2252 = VERTEX_POINT ( 'NONE', #566 ) ;
#2253 = ADVANCED_FACE ( 'NONE', ( #563 ), #555, .T. ) ;
#2254 = EDGE_CURVE ( 'NONE', #2256, #2216, #629, .T. ) ;
#2255 = ORIENTED_EDGE ( 'NONE', *, *, #2200, .T. ) ;
#2256 = VERTEX_POINT ( 'NONE', #671 ) ;
#2257 = EDGE_CURVE ( 'NONE', #2287, #2252, #669, .T. ) ;
#2258 = ORIENTED_EDGE ( 'NONE', *, *, #2269, .T. ) ;
#2259 = ORIENTED_EDGE ( 'NONE', *, *, #2301, .T. ) ;
#2260 = ORIENTED_EDGE ( 'NONE', *, *, #2261, .T. ) ;
#2261 = EDGE_CURVE ( 'NONE', #2094, #2292, #642, .T. ) ;
#2262 = VERTEX_POINT ( 'NONE', #643 ) ;
#2263 = ORIENTED_EDGE ( 'NONE', *, *, #2277, .T. ) ;
#2264 = ADVANCED_FACE ( 'NONE', ( #627 ), #626, .F. ) ;
#2265 = ORIENTED_EDGE ( 'NONE', *, *, #2290, .T. ) ;
#2266 = ORIENTED_EDGE ( 'NONE', *, *, #2280, .T. ) ;
#2267 = ADVANCED_FACE ( 'NONE', ( #667 ), #733, .T. ) ;
#2268 = EDGE_CURVE ( 'NONE', #2286, #2060, #786, .T. ) ;
#2269 = EDGE_CURVE ( 'NONE', #2228, #2095, #787, .T. ) ;
#2270 = ORIENTED_EDGE ( 'NONE', *, *, #2193, .F. ) ;
#2271 = EDGE_CURVE ( 'NONE', #2274, #2285, #704, .T. ) ;
#2272 = EDGE_CURVE ( 'NONE', #2229, #2286, #745, .T. ) ;
#2273 = ORIENTED_EDGE ( 'NONE', *, *, #2257, .T. ) ;
#2274 = VERTEX_POINT ( 'NONE', #739 ) ;
#2275 = ORIENTED_EDGE ( 'NONE', *, *, #2268, .T. ) ;
#2276 = ORIENTED_EDGE ( 'NONE', *, *, #2272, .T. ) ;
#2277 = EDGE_CURVE ( 'NONE', #2283, #2228, #681, .T. ) ;
#2278 = EDGE_CURVE ( 'NONE', #2222, #2287, #780, .T. ) ;
#2279 = EDGE_CURVE ( 'NONE', #2056, #2229, #691, .T. ) ;
#2280 = EDGE_CURVE ( 'NONE', #2339, #2274, #689, .T. ) ;
#2281 = EDGE_LOOP ( 'NONE', ( #2265, #2340, #2323, #2325, #2324, #2336, #2335, #2309, #2387, #2321 ) ) ;
#2282 = ADVANCED_FACE ( 'NONE', ( #736 ), #783, .T. ) ;
#2283 = VERTEX_POINT ( 'NONE', #774 ) ;
#2284 = EDGE_LOOP ( 'NONE', ( #2276, #2275, #2230, #2231 ) ) ;
#2285 = VERTEX_POINT ( 'NONE', #773 ) ;
#2286 = VERTEX_POINT ( 'NONE', #772 ) ;
#2287 = VERTEX_POINT ( 'NONE', #771 ) ;
#2288 = ORIENTED_EDGE ( 'NONE', *, *, #2289, .T. ) ;
#2289 = EDGE_CURVE ( 'NONE', #2235, #2283, #792, .T. ) ;
#2290 = EDGE_CURVE ( 'NONE', #2262, #2343, #793, .T. ) ;
#2291 = VERTEX_POINT ( 'NONE', #722 ) ;
#2292 = VERTEX_POINT ( 'NONE', #721 ) ;
#2293 = ORIENTED_EDGE ( 'NONE', *, *, #2271, .T. ) ;
#2294 = ORIENTED_EDGE ( 'NONE', *, *, #2295, .T. ) ;
#2295 = EDGE_CURVE ( 'NONE', #2285, #2296, #720, .T. ) ;
#2296 = VERTEX_POINT ( 'NONE', #716 ) ;
#2297 = EDGE_CURVE ( 'NONE', #2300, #2313, #799, .T. ) ;
#2298 = EDGE_CURVE ( 'NONE', #2291, #2299, #800, .T. ) ;
#2299 = VERTEX_POINT ( 'NONE', #712 ) ;
#2300 = VERTEX_POINT ( 'NONE', #711 ) ;
#2301 = EDGE_CURVE ( 'NONE', #2292, #2339, #709, .T. ) ;
#2302 = ORIENTED_EDGE ( 'NONE', *, *, #2234, .F. ) ;
#2303 = ORIENTED_EDGE ( 'NONE', *, *, #2304, .T. ) ;
#2304 = EDGE_CURVE ( 'NONE', #2296, #2229, #676, .T. ) ;
#2305 = ORIENTED_EDGE ( 'NONE', *, *, #2279, .F. ) ;
#2306 = EDGE_LOOP ( 'NONE', ( #2311, #2333, #2334, #2317 ) ) ;
#2307 = EDGE_CURVE ( 'NONE', #2313, #2084, #753, .T. ) ;
#2308 = ORIENTED_EDGE ( 'NONE', *, *, #2053, .F. ) ;
#2309 = ORIENTED_EDGE ( 'NONE', *, *, #2331, .T. ) ;
#2310 = EDGE_CURVE ( 'NONE', #2457, #2480, #749, .T. ) ;
#2311 = ORIENTED_EDGE ( 'NONE', *, *, #2312, .T. ) ;
#2312 = EDGE_CURVE ( 'NONE', #2457, #2089, #686, .T. ) ;
#2313 = VERTEX_POINT ( 'NONE', #687 ) ;
#2314 = ORIENTED_EDGE ( 'NONE', *, *, #2082, .F. ) ;
#2315 = ORIENTED_EDGE ( 'NONE', *, *, #2268, .F. ) ;
#2316 = ORIENTED_EDGE ( 'NONE', *, *, #2341, .T. ) ;
#2317 = ORIENTED_EDGE ( 'NONE', *, *, #2310, .F. ) ;
#2318 = ADVANCED_FACE ( 'NONE', ( #700 ), #874, .T. ) ;
#2319 = ORIENTED_EDGE ( 'NONE', *, *, #2379, .T. ) ;
#2320 = EDGE_LOOP ( 'NONE', ( #2314, #2338, #2385, #2332 ) ) ;
#2321 = ORIENTED_EDGE ( 'NONE', *, *, #2412, .T. ) ;
#2322 = ORIENTED_EDGE ( 'NONE', *, *, #2327, .F. ) ;
#2323 = ORIENTED_EDGE ( 'NONE', *, *, #2298, .T. ) ;
#2324 = ORIENTED_EDGE ( 'NONE', *, *, #2297, .T. ) ;
#2325 = ORIENTED_EDGE ( 'NONE', *, *, #2326, .T. ) ;
#2326 = EDGE_CURVE ( 'NONE', #2299, #2300, #832, .T. ) ;
#2327 = EDGE_CURVE ( 'NONE', #2262, #2060, #840, .T. ) ;
#2328 = ORIENTED_EDGE ( 'NONE', *, *, #2412, .F. ) ;
#2329 = EDGE_LOOP ( 'NONE', ( #2315, #2316, #2458, #2459 ) ) ;
#2330 = ADVANCED_FACE ( 'NONE', ( #843 ), #912, .T. ) ;
#2331 = EDGE_CURVE ( 'NONE', #2083, #2457, #859, .T. ) ;
#2332 = ORIENTED_EDGE ( 'NONE', *, *, #2331, .F. ) ;
#2333 = ORIENTED_EDGE ( 'NONE', *, *, #2096, .F. ) ;
#2334 = ORIENTED_EDGE ( 'NONE', *, *, #2379, .F. ) ;
#2335 = ORIENTED_EDGE ( 'NONE', *, *, #2087, .T. ) ;
#2336 = ORIENTED_EDGE ( 'NONE', *, *, #2307, .T. ) ;
#2337 = EDGE_LOOP ( 'NONE', ( #2319, #2308, #2322, #2328 ) ) ;
#2338 = ORIENTED_EDGE ( 'NONE', *, *, #2052, .F. ) ;
#2339 = VERTEX_POINT ( 'NONE', #841 ) ;
#2340 = ORIENTED_EDGE ( 'NONE', *, *, #2342, .T. ) ;
#2341 = EDGE_CURVE ( 'NONE', #2286, #2343, #873, .T. ) ;
#2342 = EDGE_CURVE ( 'NONE', #2343, #2291, #868, .T. ) ;
#2343 = VERTEX_POINT ( 'NONE', #849 ) ;
#2344 = ADVANCED_FACE ( 'NONE', ( #853 ), #886, .T. ) ;
#2345 = EDGE_LOOP ( 'NONE', ( #2410, #2505, #2409 ) ) ;
#2346 = ADVANCED_FACE ( 'NONE', ( #887 ), #824, .T. ) ;
#2347 = EDGE_LOOP ( 'NONE', ( #2469, #2470, #2481, #2360 ) ) ;
#2348 = ADVANCED_FACE ( 'NONE', ( #821 ), #831, .T. ) ;
#2349 = EDGE_CURVE ( 'NONE', #2220, #2299, #827, .T. ) ;
#2350 = ORIENTED_EDGE ( 'NONE', *, *, #2351, .F. ) ;
#2351 = EDGE_CURVE ( 'NONE', #2292, #2201, #977, .T. ) ;
#2352 = ADVANCED_FACE ( 'NONE', ( #964 ), #7577, .T. ) ;
#2353 = EDGE_LOOP ( 'NONE', ( #2364, #2414, #2415, #2483 ) ) ;
#2354 = ORIENTED_EDGE ( 'NONE', *, *, #2355, .F. ) ;
#2355 = EDGE_CURVE ( 'NONE', #2274, #2216, #7521, .T. ) ;
#2356 = ORIENTED_EDGE ( 'NONE', *, *, #2280, .F. ) ;
#2357 = ADVANCED_FACE ( 'NONE', ( #7576 ), #7581, .T. ) ;
#2358 = EDGE_LOOP ( 'NONE', ( #2359, #2367, #2368, #2370 ) ) ;
#2359 = ORIENTED_EDGE ( 'NONE', *, *, #2416, .T. ) ;
#2360 = ORIENTED_EDGE ( 'NONE', *, *, #2237, .F. ) ;
#2361 = ORIENTED_EDGE ( 'NONE', *, *, #2468, .F. ) ;
#2362 = EDGE_CURVE ( 'NONE', #2205, #2291, #7572, .T. ) ;
#2363 = ADVANCED_FACE ( 'NONE', ( #7567 ), #7523, .T. ) ;
#2364 = ORIENTED_EDGE ( 'NONE', *, *, #2351, .T. ) ;
#2365 = EDGE_CURVE ( 'NONE', #2339, #2075, #7513, .T. ) ;
#2366 = ORIENTED_EDGE ( 'NONE', *, *, #2362, .T. ) ;
#2367 = ORIENTED_EDGE ( 'NONE', *, *, #2278, .F. ) ;
#2368 = ORIENTED_EDGE ( 'NONE', *, *, #2369, .F. ) ;
#2369 = EDGE_CURVE ( 'NONE', #2256, #2222, #7563, .T. ) ;
#2370 = ORIENTED_EDGE ( 'NONE', *, *, #2243, .F. ) ;
#2371 = ORIENTED_EDGE ( 'NONE', *, *, #2215, .F. ) ;
#2372 = ORIENTED_EDGE ( 'NONE', *, *, #2093, .F. ) ;
#2373 = ORIENTED_EDGE ( 'NONE', *, *, #2204, .F. ) ;
#2374 = ORIENTED_EDGE ( 'NONE', *, *, #2349, .F. ) ;
#2375 = EDGE_LOOP ( 'NONE', ( #2372, #2373, #2350, #2381 ) ) ;
#2376 = ORIENTED_EDGE ( 'NONE', *, *, #2326, .F. ) ;
#2377 = ORIENTED_EDGE ( 'NONE', *, *, #2491, .F. ) ;
#2378 = ORIENTED_EDGE ( 'NONE', *, *, #2269, .F. ) ;
#2379 = EDGE_CURVE ( 'NONE', #2480, #2181, #7558, .T. ) ;
#2380 = EDGE_LOOP ( 'NONE', ( #2383, #2384, #2361, #2482 ) ) ;
#2381 = ORIENTED_EDGE ( 'NONE', *, *, #2261, .F. ) ;
#2382 = ADVANCED_FACE ( 'NONE', ( #7553 ), #6067, .T. ) ;
#2383 = ORIENTED_EDGE ( 'NONE', *, *, #2411, .T. ) ;
#2384 = ORIENTED_EDGE ( 'NONE', *, *, #2257, .F. ) ;
#2385 = ORIENTED_EDGE ( 'NONE', *, *, #2312, .F. ) ;
#2386 = EDGE_LOOP ( 'NONE', ( #2472, #2378, #2430, #2507 ) ) ;
#2387 = ORIENTED_EDGE ( 'NONE', *, *, #2310, .T. ) ;
#2388 = ORIENTED_EDGE ( 'NONE', *, *, #2272, .F. ) ;
#2389 = ORIENTED_EDGE ( 'NONE', *, *, #2419, .T. ) ;
#2390 = ORIENTED_EDGE ( 'NONE', *, *, #2391, .F. ) ;
#2391 = EDGE_CURVE ( 'NONE', #2392, #1914, #6122, .T. ) ;
#2392 = VERTEX_POINT ( 'NONE', #6050 ) ;
#2393 = MANIFOLD_SOLID_BREP ( 'NONE', #2884 ) ;
#2394 = ORIENTED_EDGE ( 'NONE', *, *, #2403, .T. ) ;
#2395 = EDGE_LOOP ( 'NONE', ( #2390, #4822, #4902, #4906 ) ) ;
#2396 = VERTEX_POINT ( 'NONE', #6065 ) ;
#2397 = ADVANCED_FACE ( 'NONE', ( #6064 ), #6165, .T. ) ;
#2398 = EDGE_CURVE ( 'NONE', #2501, #2399, #6116, .T. ) ;
#2399 = VERTEX_POINT ( 'NONE', #6051 ) ;
#2400 = ORIENTED_EDGE ( 'NONE', *, *, #2401, .F. ) ;
#2401 = EDGE_CURVE ( 'NONE', #2501, #2396, #6143, .T. ) ;
#2402 = ORIENTED_EDGE ( 'NONE', *, *, #2398, .T. ) ;
#2403 = EDGE_CURVE ( 'NONE', #2503, #2396, #6086, .T. ) ;
#2404 = ADVANCED_FACE ( 'NONE', ( #6087 ), #6163, .T. ) ;
#2405 = CLOSED_SHELL ( 'NONE', ( #2185, #2057, #2097, #2245, #2197, #2124, #2253, #2249, #2212, #2267, #2282, #2264, #2330, #2344, #2318, #2352, #2346, #2473, #2460, #2461, #2426, #2422, #2487, #2509, #2504, #2348, #2382, #2471, #2363, #2484, #2417, #2357, #2413, #2439, #2447, #2442 ) ) ;
#2406 = ORIENTED_EDGE ( 'NONE', *, *, #2419, .F. ) ;
#2407 = ORIENTED_EDGE ( 'NONE', *, *, #2478, .T. ) ;
#2408 = EDGE_LOOP ( 'NONE', ( #2407, #2376, #2374, #2371 ) ) ;
#2409 = ORIENTED_EDGE ( 'NONE', *, *, #2411, .F. ) ;
#2410 = ORIENTED_EDGE ( 'NONE', *, *, #2341, .F. ) ;
#2411 = EDGE_CURVE ( 'NONE', #2343, #2252, #6137, .T. ) ;
#2412 = EDGE_CURVE ( 'NONE', #2480, #2262, #6110, .T. ) ;
#2413 = ADVANCED_FACE ( 'NONE', ( #6105 ), #6124, .T. ) ;
#2414 = ORIENTED_EDGE ( 'NONE', *, *, #2226, .F. ) ;
#2415 = ORIENTED_EDGE ( 'NONE', *, *, #2365, .F. ) ;
#2416 = EDGE_CURVE ( 'NONE', #2205, #2287, #6179, .T. ) ;
#2417 = ADVANCED_FACE ( 'NONE', ( #6224 ), #6226, .T. ) ;
#2418 = EDGE_LOOP ( 'NONE', ( #2466, #2467, #2354, #2356 ) ) ;
#2419 = EDGE_CURVE ( 'NONE', #2229, #2223, #6169, .T. ) ;
#2420 = EDGE_CURVE ( 'NONE', #2202, #2313, #6201, .T. ) ;
#2421 = ORIENTED_EDGE ( 'NONE', *, *, #2120, .F. ) ;
#2422 = ADVANCED_FACE ( 'NONE', ( #6183 ), #6231, .T. ) ;
#2423 = ORIENTED_EDGE ( 'NONE', *, *, #2196, .F. ) ;
#2424 = EDGE_CURVE ( 'NONE', #2283, #2190, #6193, .T. ) ;
#2425 = EDGE_CURVE ( 'NONE', #2252, #2286, #6218, .T. ) ;
#2426 = ADVANCED_FACE ( 'NONE', ( #6213 ), #6266, .T. ) ;
#2427 = EDGE_LOOP ( 'NONE', ( #2433, #2462, #2435, #2428 ) ) ;
#2428 = ORIENTED_EDGE ( 'NONE', *, *, #2127, .F. ) ;
#2429 = EDGE_LOOP ( 'NONE', ( #2388, #2389, #2492, #2479 ) ) ;
#2430 = ORIENTED_EDGE ( 'NONE', *, *, #2490, .F. ) ;
#2431 = EDGE_LOOP ( 'NONE', ( #2423, #2463, #2464, #2421 ) ) ;
#2432 = EDGE_LOOP ( 'NONE', ( #2506, #2436, #2434, #2475 ) ) ;
#2433 = ORIENTED_EDGE ( 'NONE', *, *, #2490, .T. ) ;
#2434 = ORIENTED_EDGE ( 'NONE', *, *, #2424, .F. ) ;
#2435 = ORIENTED_EDGE ( 'NONE', *, *, #2424, .T. ) ;
#2436 = ORIENTED_EDGE ( 'NONE', *, *, #2061, .F. ) ;
#2437 = ORIENTED_EDGE ( 'NONE', *, *, #2271, .F. ) ;
#2438 = EDGE_LOOP ( 'NONE', ( #2452, #2444, #2455, #2448 ) ) ;
#2439 = ADVANCED_FACE ( 'NONE', ( #6263 ), #6272, .T. ) ;
#2440 = ORIENTED_EDGE ( 'NONE', *, *, #2355, .T. ) ;
#2441 = EDGE_CURVE ( 'NONE', #2285, #2222, #6285, .T. ) ;
#2442 = ADVANCED_FACE ( 'NONE', ( #6282 ), #6320, .T. ) ;
#2443 = EDGE_CURVE ( 'NONE', #2296, #2223, #6321, .T. ) ;
#2444 = ORIENTED_EDGE ( 'NONE', *, *, #2225, .F. ) ;
#2445 = ORIENTED_EDGE ( 'NONE', *, *, #2449, .T. ) ;
#2446 = ORIENTED_EDGE ( 'NONE', *, *, #2441, .F. ) ;
#2447 = ADVANCED_FACE ( 'NONE', ( #6313 ), #6347, .T. ) ;
#2448 = ORIENTED_EDGE ( 'NONE', *, *, #2295, .F. ) ;
#2449 = EDGE_CURVE ( 'NONE', #2285, #2256, #6339, .T. ) ;
#2450 = ORIENTED_EDGE ( 'NONE', *, *, #2449, .F. ) ;
#2451 = EDGE_LOOP ( 'NONE', ( #2499, #2406, #2497 ) ) ;
#2452 = ORIENTED_EDGE ( 'NONE', *, *, #2441, .T. ) ;
#2453 = ORIENTED_EDGE ( 'NONE', *, *, #2369, .T. ) ;
#2454 = EDGE_LOOP ( 'NONE', ( #2445, #2453, #2446 ) ) ;
#2455 = ORIENTED_EDGE ( 'NONE', *, *, #2443, .F. ) ;
#2456 = ORIENTED_EDGE ( 'NONE', *, *, #2254, .F. ) ;
#2457 = VERTEX_POINT ( 'NONE', #6331 ) ;
#2458 = ORIENTED_EDGE ( 'NONE', *, *, #2290, .F. ) ;
#2459 = ORIENTED_EDGE ( 'NONE', *, *, #2327, .T. ) ;
#2460 = ADVANCED_FACE ( 'NONE', ( #6333 ), #6367, .T. ) ;
#2461 = ADVANCED_FACE ( 'NONE', ( #6369 ), #6390, .T. ) ;
#2462 = ORIENTED_EDGE ( 'NONE', *, *, #2277, .F. ) ;
#2463 = ORIENTED_EDGE ( 'NONE', *, *, #2307, .F. ) ;
#2464 = ORIENTED_EDGE ( 'NONE', *, *, #2420, .F. ) ;
#2465 = ORIENTED_EDGE ( 'NONE', *, *, #2416, .F. ) ;
#2466 = ORIENTED_EDGE ( 'NONE', *, *, #2365, .T. ) ;
#2467 = ORIENTED_EDGE ( 'NONE', *, *, #2241, .F. ) ;
#2468 = EDGE_CURVE ( 'NONE', #2291, #2287, #6378, .T. ) ;
#2469 = ORIENTED_EDGE ( 'NONE', *, *, #2349, .T. ) ;
#2470 = ORIENTED_EDGE ( 'NONE', *, *, #2298, .F. ) ;
#2471 = ADVANCED_FACE ( 'NONE', ( #6379 ), #6500, .T. ) ;
#2472 = ORIENTED_EDGE ( 'NONE', *, *, #2133, .F. ) ;
#2473 = ADVANCED_FACE ( 'NONE', ( #6400 ), #6431, .T. ) ;
#2474 = EDGE_LOOP ( 'NONE', ( #2302, #2303, #2305, #2377 ) ) ;
#2475 = ORIENTED_EDGE ( 'NONE', *, *, #2289, .F. ) ;
#2476 = ORIENTED_EDGE ( 'NONE', *, *, #2297, .F. ) ;
#2477 = ORIENTED_EDGE ( 'NONE', *, *, #2478, .F. ) ;
#2478 = EDGE_CURVE ( 'NONE', #2076, #2300, #6430, .T. ) ;
#2479 = ORIENTED_EDGE ( 'NONE', *, *, #2425, .T. ) ;
#2480 = VERTEX_POINT ( 'NONE', #6425 ) ;
#2481 = ORIENTED_EDGE ( 'NONE', *, *, #2362, .F. ) ;
#2482 = ORIENTED_EDGE ( 'NONE', *, *, #2342, .F. ) ;
#2483 = ORIENTED_EDGE ( 'NONE', *, *, #2301, .F. ) ;
#2484 = ADVANCED_FACE ( 'NONE', ( #6424 ), #6419, .T. ) ;
#2485 = EDGE_LOOP ( 'NONE', ( #2366, #2486, #2465 ) ) ;
#2486 = ORIENTED_EDGE ( 'NONE', *, *, #2468, .T. ) ;
#2487 = ADVANCED_FACE ( 'NONE', ( #6421 ), #6504, .T. ) ;
#2488 = EDGE_LOOP ( 'NONE', ( #2489, #2476, #2477, #2508 ) ) ;
#2489 = ORIENTED_EDGE ( 'NONE', *, *, #2420, .T. ) ;
#2490 = EDGE_CURVE ( 'NONE', #2091, #2228, #6401, .T. ) ;
#2491 = EDGE_CURVE ( 'NONE', #2235, #2056, #6461, .T. ) ;
#2492 = ORIENTED_EDGE ( 'NONE', *, *, #2211, .F. ) ;
#2493 = ORIENTED_EDGE ( 'NONE', *, *, #1869, .F. ) ;
#2494 = EDGE_LOOP ( 'NONE', ( #4925, #2493, #4780, #4779 ) ) ;
#2495 = ORIENTED_EDGE ( 'NONE', *, *, #2514, .T. ) ;
#2496 = ORIENTED_EDGE ( 'NONE', *, *, #1851, .F. ) ;
#2497 = ORIENTED_EDGE ( 'NONE', *, *, #2304, .F. ) ;
#2498 = EDGE_LOOP ( 'NONE', ( #2400, #2402, #2500, #2394 ) ) ;
#2499 = ORIENTED_EDGE ( 'NONE', *, *, #2443, .T. ) ;
#2500 = ORIENTED_EDGE ( 'NONE', *, *, #2502, .T. ) ;
#2501 = VERTEX_POINT ( 'NONE', #6456 ) ;
#2502 = EDGE_CURVE ( 'NONE', #2399, #2503, #6455, .T. ) ;
#2503 = VERTEX_POINT ( 'NONE', #6448 ) ;
#2504 = ADVANCED_FACE ( 'NONE', ( #6451 ), #6483, .T. ) ;
#2505 = ORIENTED_EDGE ( 'NONE', *, *, #2425, .F. ) ;
#2506 = ORIENTED_EDGE ( 'NONE', *, *, #2491, .T. ) ;
#2507 = ORIENTED_EDGE ( 'NONE', *, *, #2050, .F. ) ;
#2508 = ORIENTED_EDGE ( 'NONE', *, *, #2238, .F. ) ;
#2509 = ADVANCED_FACE ( 'NONE', ( #6475 ), #6541, .T. ) ;
#2510 = ORIENTED_EDGE ( 'NONE', *, *, #1970, .F. ) ;
#2511 = ORIENTED_EDGE ( 'NONE', *, *, #2516, .T. ) ;
#2512 = ORIENTED_EDGE ( 'NONE', *, *, #1758, .F. ) ;
#2513 = ADVANCED_FACE ( 'NONE', ( #6542 ), #6524, .T. ) ;
#2514 = EDGE_CURVE ( 'NONE', #1973, #1779, #6536, .T. ) ;
#2515 = ORIENTED_EDGE ( 'NONE', *, *, #2516, .F. ) ;
#2516 = EDGE_CURVE ( 'NONE', #1971, #1781, #6574, .T. ) ;
#2517 = EDGE_LOOP ( 'NONE', ( #2518, #2583, #2584, #2546 ) ) ;
#2518 = ORIENTED_EDGE ( 'NONE', *, *, #2579, .T. ) ;
#2519 = ORIENTED_EDGE ( 'NONE', *, *, #4928, .T. ) ;
#2520 = EDGE_LOOP ( 'NONE', ( #2519, #2534, #2578, #2543 ) ) ;
#2521 = ORIENTED_EDGE ( 'NONE', *, *, #4918, .F. ) ;
#2522 = ADVANCED_FACE ( 'NONE', ( #6568 ), #6586, .T. ) ;
#2523 = EDGE_LOOP ( 'NONE', ( #2524, #2557, #2558, #2582 ) ) ;
#2524 = ORIENTED_EDGE ( 'NONE', *, *, #4983, .F. ) ;
#2525 = EDGE_CURVE ( 'NONE', #2392, #4792, #6573, .T. ) ;
#2526 = ORIENTED_EDGE ( 'NONE', *, *, #4891, .F. ) ;
#2527 = ORIENTED_EDGE ( 'NONE', *, *, #2528, .F. ) ;
#2528 = EDGE_CURVE ( 'NONE', #2596, #2604, #6565, .T. ) ;
#2529 = EDGE_LOOP ( 'NONE', ( #2677, #2667, #2608, #2527 ) ) ;
#2530 = EDGE_LOOP ( 'NONE', ( #2531, #1623, #1681, #1844, #1795, #1864, #1867, #1682, #1722, #1725 ) ) ;
#2531 = ORIENTED_EDGE ( 'NONE', *, *, #2794, .F. ) ;
#2532 = ORIENTED_EDGE ( 'NONE', *, *, #2537, .T. ) ;
#2533 = ADVANCED_FACE ( 'NONE', ( #6561 ), #6614, .T. ) ;
#2534 = ORIENTED_EDGE ( 'NONE', *, *, #2398, .F. ) ;
#2535 = ORIENTED_EDGE ( 'NONE', *, *, #4831, .F. ) ;
#2536 = ORIENTED_EDGE ( 'NONE', *, *, #2537, .F. ) ;
#2537 = EDGE_CURVE ( 'NONE', #4968, #4799, #6635, .T. ) ;
#2538 = ADVANCED_FACE ( 'NONE', ( #6665 ), #6639, .T. ) ;
#2539 = EDGE_LOOP ( 'NONE', ( #2540, #2535, #2536 ) ) ;
#2540 = ORIENTED_EDGE ( 'NONE', *, *, #4834, .F. ) ;
#2541 = ADVANCED_FACE ( 'NONE', ( #6657 ), #6648, .T. ) ;
#2542 = EDGE_CURVE ( 'NONE', #4811, #2501, #6661, .T. ) ;
#2543 = ORIENTED_EDGE ( 'NONE', *, *, #4848, .F. ) ;
#2544 = EDGE_LOOP ( 'NONE', ( #2576, #2577, #2572, #2560 ) ) ;
#2545 = ORIENTED_EDGE ( 'NONE', *, *, #4877, .F. ) ;
#2546 = ORIENTED_EDGE ( 'NONE', *, *, #4955, .F. ) ;
#2547 = ORIENTED_EDGE ( 'NONE', *, *, #4895, .T. ) ;
#2548 = ORIENTED_EDGE ( 'NONE', *, *, #2549, .F. ) ;
#2549 = EDGE_CURVE ( 'NONE', #4969, #4851, #6628, .T. ) ;
#2550 = ORIENTED_EDGE ( 'NONE', *, *, #4791, .F. ) ;
#2551 = ADVANCED_FACE ( 'NONE', ( #6624 ), #6685, .T. ) ;
#2552 = EDGE_LOOP ( 'NONE', ( #2985, #2979, #2986, #2961 ) ) ;
#2553 = EDGE_LOOP ( 'NONE', ( #2532, #2556, #2548, #2550 ) ) ;
#2554 = ORIENTED_EDGE ( 'NONE', *, *, #4965, .F. ) ;
#2555 = EDGE_CURVE ( 'NONE', #4789, #4777, #6684, .T. ) ;
#2556 = ORIENTED_EDGE ( 'NONE', *, *, #4923, .F. ) ;
#2557 = ORIENTED_EDGE ( 'NONE', *, *, #4934, .F. ) ;
#2558 = ORIENTED_EDGE ( 'NONE', *, *, #2581, .F. ) ;
#2559 = ADVANCED_FACE ( 'NONE', ( #6677 ), #6700, .T. ) ;
#2560 = ORIENTED_EDGE ( 'NONE', *, *, #4903, .F. ) ;
#2561 = ADVANCED_FACE ( 'NONE', ( #6706 ), #6718, .T. ) ;
#2562 = EDGE_LOOP ( 'NONE', ( #2565, #2566, #2567, #2545 ) ) ;
#2563 = EDGE_LOOP ( 'NONE', ( #2573, #2574, #2575, #2554 ) ) ;
#2564 = ORIENTED_EDGE ( 'NONE', *, *, #2525, .F. ) ;
#2565 = ORIENTED_EDGE ( 'NONE', *, *, #2581, .T. ) ;
#2566 = ORIENTED_EDGE ( 'NONE', *, *, #4922, .F. ) ;
#2567 = ORIENTED_EDGE ( 'NONE', *, *, #2579, .F. ) ;
#2568 = ADVANCED_FACE ( 'NONE', ( #6728 ), #6732, .T. ) ;
#2569 = ADVANCED_FACE ( 'NONE', ( #6752 ), #6762, .T. ) ;
#2570 = EDGE_LOOP ( 'NONE', ( #4821, #4823, #4905, #4890, #4892, #4824, #4897, #4981 ) ) ;
#2571 = VERTEX_POINT ( 'NONE', #6768 ) ;
#2572 = ORIENTED_EDGE ( 'NONE', *, *, #2542, .T. ) ;
#2573 = ORIENTED_EDGE ( 'NONE', *, *, #4898, .F. ) ;
#2574 = ORIENTED_EDGE ( 'NONE', *, *, #4963, .F. ) ;
#2575 = ORIENTED_EDGE ( 'NONE', *, *, #2555, .F. ) ;
#2576 = ORIENTED_EDGE ( 'NONE', *, *, #2525, .T. ) ;
#2577 = ORIENTED_EDGE ( 'NONE', *, *, #4845, .F. ) ;
#2578 = ORIENTED_EDGE ( 'NONE', *, *, #2542, .F. ) ;
#2579 = EDGE_CURVE ( 'NONE', #4880, #4964, #6761, .T. ) ;
#2580 = ORIENTED_EDGE ( 'NONE', *, *, #4895, .F. ) ;
#2581 = EDGE_CURVE ( 'NONE', #4778, #4842, #6766, .T. ) ;
#2582 = ORIENTED_EDGE ( 'NONE', *, *, #4881, .F. ) ;
#2583 = ORIENTED_EDGE ( 'NONE', *, *, #4920, .F. ) ;
#2584 = ORIENTED_EDGE ( 'NONE', *, *, #2585, .F. ) ;
#2585 = EDGE_CURVE ( 'NONE', #4784, #4794, #6772, .T. ) ;
#2586 = ADVANCED_FACE ( 'NONE', ( #6782 ), #6831, .T. ) ;
#2587 = ORIENTED_EDGE ( 'NONE', *, *, #2391, .T. ) ;
#2588 = ADVANCED_FACE ( 'NONE', ( #6829 ), #6828, .F. ) ;
#2589 = ORIENTED_EDGE ( 'NONE', *, *, #2644, .T. ) ;
#2590 = VERTEX_POINT ( 'NONE', #6811 ) ;
#2591 = ORIENTED_EDGE ( 'NONE', *, *, #2592, .F. ) ;
#2592 = EDGE_CURVE ( 'NONE', #2607, #2590, #6827, .T. ) ;
#2593 = ORIENTED_EDGE ( 'NONE', *, *, #2602, .T. ) ;
#2594 = ORIENTED_EDGE ( 'NONE', *, *, #2595, .T. ) ;
#2595 = EDGE_CURVE ( 'NONE', #2674, #2658, #6836, .T. ) ;
#2596 = VERTEX_POINT ( 'NONE', #6823 ) ;
#2597 = VERTEX_POINT ( 'NONE', #6822 ) ;
#2598 = ORIENTED_EDGE ( 'NONE', *, *, #2606, .F. ) ;
#2599 = EDGE_LOOP ( 'NONE', ( #2609, #2654, #2660, #2591 ) ) ;
#2600 = EDGE_LOOP ( 'NONE', ( #2593, #2594, #2657, #2669, #2629 ) ) ;
#2601 = ADVANCED_FACE ( 'NONE', ( #6821 ), #6820, .F. ) ;
#2602 = EDGE_CURVE ( 'NONE', #2656, #2674, #6813, .T. ) ;
#2603 = ORIENTED_EDGE ( 'NONE', *, *, #2626, .F. ) ;
#2604 = VERTEX_POINT ( 'NONE', #6804 ) ;
#2605 = VERTEX_POINT ( 'NONE', #6803 ) ;
#2606 = EDGE_CURVE ( 'NONE', #2607, #2597, #6802, .T. ) ;
#2607 = VERTEX_POINT ( 'NONE', #6837 ) ;
#2608 = ORIENTED_EDGE ( 'NONE', *, *, #2678, .F. ) ;
#2609 = ORIENTED_EDGE ( 'NONE', *, *, #2606, .T. ) ;
#2610 = ORIENTED_EDGE ( 'NONE', *, *, #2611, .F. ) ;
#2611 = EDGE_CURVE ( 'NONE', #2616, #2641, #6870, .T. ) ;
#2612 = ORIENTED_EDGE ( 'NONE', *, *, #2613, .T. ) ;
#2613 = EDGE_CURVE ( 'NONE', #2646, #2653, #6852, .T. ) ;
#2614 = ADVANCED_FACE ( 'NONE', ( #6844 ), #6872, .F. ) ;
#2615 = ORIENTED_EDGE ( 'NONE', *, *, #2784, .T. ) ;
#2616 = VERTEX_POINT ( 'NONE', #6879 ) ;
#2617 = ORIENTED_EDGE ( 'NONE', *, *, #2618, .T. ) ;
#2618 = EDGE_CURVE ( 'NONE', #2616, #2634, #6869, .T. ) ;
#2619 = EDGE_CURVE ( 'NONE', #2620, #2728, #6876, .T. ) ;
#2620 = VERTEX_POINT ( 'NONE', #6878 ) ;
#2621 = ORIENTED_EDGE ( 'NONE', *, *, #2622, .T. ) ;
#2622 = EDGE_CURVE ( 'NONE', #2620, #2783, #6881, .T. ) ;
#2623 = ADVANCED_FACE ( 'NONE', ( #6847 ), #6845, .F. ) ;
#2624 = EDGE_LOOP ( 'NONE', ( #2742, #2726, #2743, #2686 ) ) ;
#2625 = ADVANCED_FACE ( 'NONE', ( #6862 ), #6866, .F. ) ;
#2626 = EDGE_CURVE ( 'NONE', #2604, #2607, #6842, .T. ) ;
#2627 = ADVANCED_FACE ( 'NONE', ( #6920 ), #6973, .F. ) ;
#2628 = EDGE_CURVE ( 'NONE', #2590, #2673, #6981, .T. ) ;
#2629 = ORIENTED_EDGE ( 'NONE', *, *, #2659, .T. ) ;
#2630 = EDGE_LOOP ( 'NONE', ( #2637, #2727, #2718, #2724 ) ) ;
#2631 = EDGE_LOOP ( 'NONE', ( #2632, #2636, #2610, #2617 ) ) ;
#2632 = ORIENTED_EDGE ( 'NONE', *, *, #2633, .T. ) ;
#2633 = EDGE_CURVE ( 'NONE', #2634, #2635, #6931, .T. ) ;
#2634 = VERTEX_POINT ( 'NONE', #6932 ) ;
#2635 = VERTEX_POINT ( 'NONE', #6969 ) ;
#2636 = ORIENTED_EDGE ( 'NONE', *, *, #2640, .T. ) ;
#2637 = ORIENTED_EDGE ( 'NONE', *, *, #2638, .T. ) ;
#2638 = EDGE_CURVE ( 'NONE', #2658, #2639, #6905, .T. ) ;
#2639 = VERTEX_POINT ( 'NONE', #6930 ) ;
#2640 = EDGE_CURVE ( 'NONE', #2635, #2641, #6936, .T. ) ;
#2641 = VERTEX_POINT ( 'NONE', #6897 ) ;
#2642 = ADVANCED_FACE ( 'NONE', ( #6972 ), #6903, .F. ) ;
#2643 = VERTEX_POINT ( 'NONE', #6904 ) ;
#2644 = EDGE_CURVE ( 'NONE', #2643, #2597, #6957, .T. ) ;
#2645 = EDGE_LOOP ( 'NONE', ( #2675, #2589, #2598, #2603 ) ) ;
#2646 = VERTEX_POINT ( 'NONE', #6967 ) ;
#2647 = EDGE_LOOP ( 'NONE', ( #2615, #2715, #2716, #2621 ) ) ;
#2648 = VERTEX_POINT ( 'NONE', #6966 ) ;
#2649 = ADVANCED_FACE ( 'NONE', ( #6965 ), #6964, .F. ) ;
#2650 = EDGE_LOOP ( 'NONE', ( #2651, #2662, #2665, #2612 ) ) ;
#2651 = ORIENTED_EDGE ( 'NONE', *, *, #2652, .T. ) ;
#2652 = EDGE_CURVE ( 'NONE', #2653, #2661, #6978, .T. ) ;
#2653 = VERTEX_POINT ( 'NONE', #6974 ) ;
#2654 = ORIENTED_EDGE ( 'NONE', *, *, #2655, .T. ) ;
#2655 = EDGE_CURVE ( 'NONE', #2597, #2656, #6902, .T. ) ;
#2656 = VERTEX_POINT ( 'NONE', #6898 ) ;
#2657 = ORIENTED_EDGE ( 'NONE', *, *, #2672, .F. ) ;
#2658 = VERTEX_POINT ( 'NONE', #6941 ) ;
#2659 = EDGE_CURVE ( 'NONE', #2590, #2656, #6940, .T. ) ;
#2660 = ORIENTED_EDGE ( 'NONE', *, *, #2659, .F. ) ;
#2661 = VERTEX_POINT ( 'NONE', #6927 ) ;
#2662 = ORIENTED_EDGE ( 'NONE', *, *, #2663, .T. ) ;
#2663 = EDGE_CURVE ( 'NONE', #2661, #2664, #6926, .T. ) ;
#2664 = VERTEX_POINT ( 'NONE', #6922 ) ;
#2665 = ORIENTED_EDGE ( 'NONE', *, *, #2666, .F. ) ;
#2666 = EDGE_CURVE ( 'NONE', #2646, #2664, #6918, .T. ) ;
#2667 = ORIENTED_EDGE ( 'NONE', *, *, #2676, .T. ) ;
#2668 = MANIFOLD_SOLID_BREP ( 'NONE', #1719 ) ;
#2669 = ORIENTED_EDGE ( 'NONE', *, *, #2628, .F. ) ;
#2670 = ADVANCED_FACE ( 'NONE', ( #6895 ), #6894, .F. ) ;
#2671 = EDGE_CURVE ( 'NONE', #2596, #2605, #6956, .T. ) ;
#2672 = EDGE_CURVE ( 'NONE', #2673, #2658, #6952, .T. ) ;
#2673 = VERTEX_POINT ( 'NONE', #6990 ) ;
#2674 = VERTEX_POINT ( 'NONE', #7021 ) ;
#2675 = ORIENTED_EDGE ( 'NONE', *, *, #2678, .T. ) ;
#2676 = EDGE_CURVE ( 'NONE', #2605, #2643, #7027, .T. ) ;
#2677 = ORIENTED_EDGE ( 'NONE', *, *, #2671, .T. ) ;
#2678 = EDGE_CURVE ( 'NONE', #2604, #2643, #6985, .T. ) ;
#2679 = EDGE_CURVE ( 'NONE', #2741, #2683, #7031, .T. ) ;
#2680 = ADVANCED_FACE ( 'NONE', ( #6998 ), #6984, .F. ) ;
#2681 = ORIENTED_EDGE ( 'NONE', *, *, #2790, .T. ) ;
#2682 = EDGE_CURVE ( 'NONE', #2740, #2741, #7016, .T. ) ;
#2683 = VERTEX_POINT ( 'NONE', #7017 ) ;
#2684 = ORIENTED_EDGE ( 'NONE', *, *, #2619, .T. ) ;
#2685 = EDGE_LOOP ( 'NONE', ( #2684, #2737, #2739, #2773, #2771, #2786, #2772, #2785, #2787, #2788, #2774, #2775, #2777, #2778 ) ) ;
#2686 = ORIENTED_EDGE ( 'NONE', *, *, #2790, .F. ) ;
#2687 = EDGE_CURVE ( 'NONE', #2766, #2694, #7003, .T. ) ;
#2688 = ORIENTED_EDGE ( 'NONE', *, *, #2689, .T. ) ;
#2689 = EDGE_CURVE ( 'NONE', #2769, #2694, #7022, .T. ) ;
#2690 = ORIENTED_EDGE ( 'NONE', *, *, #2691, .T. ) ;
#2691 = EDGE_CURVE ( 'NONE', #2764, #2713, #7023, .T. ) ;
#2692 = ORIENTED_EDGE ( 'NONE', *, *, #2712, .T. ) ;
#2693 = ORIENTED_EDGE ( 'NONE', *, *, #2687, .F. ) ;
#2694 = VERTEX_POINT ( 'NONE', #7036 ) ;
#2695 = ORIENTED_EDGE ( 'NONE', *, *, #2907, .T. ) ;
#2696 = VERTEX_POINT ( 'NONE', #7035 ) ;
#2697 = ORIENTED_EDGE ( 'NONE', *, *, #2712, .F. ) ;
#2698 = ORIENTED_EDGE ( 'NONE', *, *, #2711, .T. ) ;
#2699 = EDGE_CURVE ( 'NONE', #2968, #2769, #6996, .T. ) ;
#2700 = ADVANCED_FACE ( 'NONE', ( #6992 ), #7043, .T. ) ;
#2701 = ORIENTED_EDGE ( 'NONE', *, *, #2704, .T. ) ;
#2702 = EDGE_CURVE ( 'NONE', #2705, #2707, #7046, .T. ) ;
#2703 = ORIENTED_EDGE ( 'NONE', *, *, #2709, .T. ) ;
#2704 = EDGE_CURVE ( 'NONE', #2713, #2705, #7069, .T. ) ;
#2705 = VERTEX_POINT ( 'NONE', #7051 ) ;
#2706 = ORIENTED_EDGE ( 'NONE', *, *, #2699, .T. ) ;
#2707 = VERTEX_POINT ( 'NONE', #7050 ) ;
#2708 = ORIENTED_EDGE ( 'NONE', *, *, #2924, .T. ) ;
#2709 = EDGE_CURVE ( 'NONE', #2707, #2768, #7091, .T. ) ;
#2710 = ORIENTED_EDGE ( 'NONE', *, *, #2702, .T. ) ;
#2711 = EDGE_CURVE ( 'NONE', #2768, #2852, #7078, .T. ) ;
#2712 = EDGE_CURVE ( 'NONE', #2713, #2696, #7073, .T. ) ;
#2713 = VERTEX_POINT ( 'NONE', #7074 ) ;
#2714 = EDGE_LOOP ( 'NONE', ( #2697, #2701, #2710, #2703, #2695, #2688, #2693, #2767 ) ) ;
#2715 = ORIENTED_EDGE ( 'NONE', *, *, #2719, .T. ) ;
#2716 = ORIENTED_EDGE ( 'NONE', *, *, #2619, .F. ) ;
#2717 = EDGE_CURVE ( 'NONE', #2639, #2648, #7090, .T. ) ;
#2718 = ORIENTED_EDGE ( 'NONE', *, *, #2723, .F. ) ;
#2719 = EDGE_CURVE ( 'NONE', #2791, #2728, #7086, .T. ) ;
#2720 = VERTEX_POINT ( 'NONE', #7082 ) ;
#2721 = ORIENTED_EDGE ( 'NONE', *, *, #2722, .T. ) ;
#2722 = EDGE_CURVE ( 'NONE', #2683, #2792, #7080, .T. ) ;
#2723 = EDGE_CURVE ( 'NONE', #2673, #2648, #7081, .T. ) ;
#2724 = ORIENTED_EDGE ( 'NONE', *, *, #2672, .T. ) ;
#2725 = EDGE_LOOP ( 'NONE', ( #2681, #2721, #2793, #2795, #2796 ) ) ;
#2726 = ORIENTED_EDGE ( 'NONE', *, *, #2682, .T. ) ;
#2727 = ORIENTED_EDGE ( 'NONE', *, *, #2717, .T. ) ;
#2728 = VERTEX_POINT ( 'NONE', #7062 ) ;
#2729 = EDGE_LOOP ( 'NONE', ( #2732, #2690, #2692, #2733 ) ) ;
#2730 = EDGE_CURVE ( 'NONE', #2766, #2696, #7061, .T. ) ;
#2731 = ADVANCED_FACE ( 'NONE', ( #7143 ), #7108, .T. ) ;
#2732 = ORIENTED_EDGE ( 'NONE', *, *, #2763, .F. ) ;
#2733 = ORIENTED_EDGE ( 'NONE', *, *, #2734, .T. ) ;
#2734 = EDGE_CURVE ( 'NONE', #2696, #2765, #7153, .T. ) ;
#2735 = ADVANCED_FACE ( 'NONE', ( #7135 ), #7115, .T. ) ;
#2736 = EDGE_LOOP ( 'NONE', ( #2760, #2757, #2803, #2813 ) ) ;
#2737 = ORIENTED_EDGE ( 'NONE', *, *, #2738, .T. ) ;
#2738 = EDGE_CURVE ( 'NONE', #2728, #2740, #7116, .T. ) ;
#2739 = ORIENTED_EDGE ( 'NONE', *, *, #2789, .T. ) ;
#2740 = VERTEX_POINT ( 'NONE', #7161 ) ;
#2741 = VERTEX_POINT ( 'NONE', #7160 ) ;
#2742 = ORIENTED_EDGE ( 'NONE', *, *, #2789, .F. ) ;
#2743 = ORIENTED_EDGE ( 'NONE', *, *, #2679, .T. ) ;
#2744 = EDGE_CURVE ( 'NONE', #2750, #2811, #7176, .T. ) ;
#2745 = ORIENTED_EDGE ( 'NONE', *, *, #2802, .T. ) ;
#2746 = ADVANCED_FACE ( 'NONE', ( #7172 ), #7107, .T. ) ;
#2747 = ORIENTED_EDGE ( 'NONE', *, *, #2748, .T. ) ;
#2748 = EDGE_CURVE ( 'NONE', #2749, #2750, #7102, .T. ) ;
#2749 = VERTEX_POINT ( 'NONE', #7193 ) ;
#2750 = VERTEX_POINT ( 'NONE', #7192 ) ;
#2751 = EDGE_CURVE ( 'NONE', #2759, #2758, #7190, .T. ) ;
#2752 = ADVANCED_FACE ( 'NONE', ( #7186 ), #7211, .T. ) ;
#2753 = EDGE_CURVE ( 'NONE', #2761, #2764, #7246, .T. ) ;
#2754 = EDGE_CURVE ( 'NONE', #2811, #2761, #7219, .T. ) ;
#2755 = ORIENTED_EDGE ( 'NONE', *, *, #2802, .F. ) ;
#2756 = ORIENTED_EDGE ( 'NONE', *, *, #2762, .T. ) ;
#2757 = ORIENTED_EDGE ( 'NONE', *, *, #2753, .T. ) ;
#2758 = VERTEX_POINT ( 'NONE', #7269 ) ;
#2759 = VERTEX_POINT ( 'NONE', #7213 ) ;
#2760 = ORIENTED_EDGE ( 'NONE', *, *, #2762, .F. ) ;
#2761 = VERTEX_POINT ( 'NONE', #7212 ) ;
#2762 = EDGE_CURVE ( 'NONE', #2761, #2759, #7199, .T. ) ;
#2763 = EDGE_CURVE ( 'NONE', #2764, #2765, #7218, .T. ) ;
#2764 = VERTEX_POINT ( 'NONE', #7221 ) ;
#2765 = VERTEX_POINT ( 'NONE', #7220 ) ;
#2766 = VERTEX_POINT ( 'NONE', #7262 ) ;
#2767 = ORIENTED_EDGE ( 'NONE', *, *, #2730, .T. ) ;
#2768 = VERTEX_POINT ( 'NONE', #7261 ) ;
#2769 = VERTEX_POINT ( 'NONE', #7260 ) ;
#2770 = EDGE_CURVE ( 'NONE', #2648, #2616, #7247, .T. ) ;
#2771 = ORIENTED_EDGE ( 'NONE', *, *, #2528, .T. ) ;
#2772 = ORIENTED_EDGE ( 'NONE', *, *, #2592, .T. ) ;
#2773 = ORIENTED_EDGE ( 'NONE', *, *, #2781, .T. ) ;
#2774 = ORIENTED_EDGE ( 'NONE', *, *, #2611, .T. ) ;
#2775 = ORIENTED_EDGE ( 'NONE', *, *, #2776, .T. ) ;
#2776 = EDGE_CURVE ( 'NONE', #2641, #2646, #7275, .T. ) ;
#2777 = ORIENTED_EDGE ( 'NONE', *, *, #2666, .T. ) ;
#2778 = ORIENTED_EDGE ( 'NONE', *, *, #2779, .T. ) ;
#2779 = EDGE_CURVE ( 'NONE', #2664, #2620, #7208, .T. ) ;
#2780 = ADVANCED_FACE ( 'NONE', ( #7209 ), #7196, .F. ) ;
#2781 = EDGE_CURVE ( 'NONE', #2720, #2596, #7256, .T. ) ;
#2782 = ADVANCED_FACE ( 'NONE', ( #7202 ), #7200, .T. ) ;
#2783 = VERTEX_POINT ( 'NONE', #7225 ) ;
#2784 = EDGE_CURVE ( 'NONE', #2783, #2791, #7292, .T. ) ;
#2785 = ORIENTED_EDGE ( 'NONE', *, *, #2628, .T. ) ;
#2786 = ORIENTED_EDGE ( 'NONE', *, *, #2626, .T. ) ;
#2787 = ORIENTED_EDGE ( 'NONE', *, *, #2723, .T. ) ;
#2788 = ORIENTED_EDGE ( 'NONE', *, *, #2770, .T. ) ;
#2789 = EDGE_CURVE ( 'NONE', #2740, #2720, #7288, .T. ) ;
#2790 = EDGE_CURVE ( 'NONE', #2720, #2683, #7284, .T. ) ;
#2791 = VERTEX_POINT ( 'NONE', #7280 ) ;
#2792 = VERTEX_POINT ( 'NONE', #7279 ) ;
#2793 = ORIENTED_EDGE ( 'NONE', *, *, #2794, .T. ) ;
#2794 = EDGE_CURVE ( 'NONE', #2792, #2605, #7252, .T. ) ;
#2795 = ORIENTED_EDGE ( 'NONE', *, *, #2671, .F. ) ;
#2796 = ORIENTED_EDGE ( 'NONE', *, *, #2781, .F. ) ;
#2797 = ORIENTED_EDGE ( 'NONE', *, *, #2751, .T. ) ;
#2798 = ORIENTED_EDGE ( 'NONE', *, *, #2822, .T. ) ;
#2799 = ORIENTED_EDGE ( 'NONE', *, *, #2842, .T. ) ;
#2800 = VERTEX_POINT ( 'NONE', #7248 ) ;
#2801 = ORIENTED_EDGE ( 'NONE', *, *, #2909, .F. ) ;
#2802 = EDGE_CURVE ( 'NONE', #2811, #2758, #7245, .T. ) ;
#2803 = ORIENTED_EDGE ( 'NONE', *, *, #2763, .T. ) ;
#2804 = ORIENTED_EDGE ( 'NONE', *, *, #2805, .T. ) ;
#2805 = EDGE_CURVE ( 'NONE', #2967, #2835, #7240, .T. ) ;
#2806 = ADVANCED_FACE ( 'NONE', ( #7236 ), #7311, .T. ) ;
#2807 = ORIENTED_EDGE ( 'NONE', *, *, #2808, .T. ) ;
#2808 = EDGE_CURVE ( 'NONE', #2843, #2910, #7312, .T. ) ;
#2809 = ADVANCED_FACE ( 'NONE', ( #7338 ), #7319, .T. ) ;
#2810 = ORIENTED_EDGE ( 'NONE', *, *, #2754, .T. ) ;
#2811 = VERTEX_POINT ( 'NONE', #7317 ) ;
#2812 = EDGE_CURVE ( 'NONE', #2758, #2749, #7303, .T. ) ;
#2813 = ORIENTED_EDGE ( 'NONE', *, *, #2846, .T. ) ;
#2814 = ORIENTED_EDGE ( 'NONE', *, *, #2812, .T. ) ;
#2815 = EDGE_LOOP ( 'NONE', ( #2825, #2832, #2819, #3007, #2883, #2850, #2912, #2913, #2896, #2981 ) ) ;
#2816 = ORIENTED_EDGE ( 'NONE', *, *, #2817, .T. ) ;
#2817 = EDGE_CURVE ( 'NONE', #2839, #2840, #7299, .T. ) ;
#2818 = EDGE_LOOP ( 'NONE', ( #2747, #2824, #2745, #2814 ) ) ;
#2819 = ORIENTED_EDGE ( 'NONE', *, *, #2829, .T. ) ;
#2820 = ORIENTED_EDGE ( 'NONE', *, *, #2823, .T. ) ;
#2821 = EDGE_LOOP ( 'NONE', ( #2841, #2820, #2798, #2816 ) ) ;
#2822 = EDGE_CURVE ( 'NONE', #2837, #2839, #7326, .T. ) ;
#2823 = EDGE_CURVE ( 'NONE', #2844, #2837, #7322, .T. ) ;
#2824 = ORIENTED_EDGE ( 'NONE', *, *, #2744, .T. ) ;
#2825 = ORIENTED_EDGE ( 'NONE', *, *, #2826, .T. ) ;
#2826 = EDGE_CURVE ( 'NONE', #2827, #2800, #7346, .T. ) ;
#2827 = VERTEX_POINT ( 'NONE', #7342 ) ;
#2828 = VERTEX_POINT ( 'NONE', #7341 ) ;
#2829 = EDGE_CURVE ( 'NONE', #2834, #2893, #7385, .T. ) ;
#2830 = VERTEX_POINT ( 'NONE', #7381 ) ;
#2831 = EDGE_CURVE ( 'NONE', #2840, #2844, #7380, .T. ) ;
#2832 = ORIENTED_EDGE ( 'NONE', *, *, #2833, .T. ) ;
#2833 = EDGE_CURVE ( 'NONE', #2800, #2834, #7376, .T. ) ;
#2834 = VERTEX_POINT ( 'NONE', #7372 ) ;
#2835 = VERTEX_POINT ( 'NONE', #7371 ) ;
#2836 = EDGE_LOOP ( 'NONE', ( #2799, #2807, #2801, #2804 ) ) ;
#2837 = VERTEX_POINT ( 'NONE', #7370 ) ;
#2838 = ADVANCED_FACE ( 'NONE', ( #7369 ), #7426, .T. ) ;
#2839 = VERTEX_POINT ( 'NONE', #7395 ) ;
#2840 = VERTEX_POINT ( 'NONE', #7417 ) ;
#2841 = ORIENTED_EDGE ( 'NONE', *, *, #2831, .T. ) ;
#2842 = EDGE_CURVE ( 'NONE', #2835, #2843, #7452, .T. ) ;
#2843 = VERTEX_POINT ( 'NONE', #7472 ) ;
#2844 = VERTEX_POINT ( 'NONE', #7471 ) ;
#2845 = EDGE_LOOP ( 'NONE', ( #2755, #2810, #2756, #2797 ) ) ;
#2846 = EDGE_CURVE ( 'NONE', #2765, #2759, #7438, .T. ) ;
#2847 = ORIENTED_EDGE ( 'NONE', *, *, #2689, .F. ) ;
#2848 = ORIENTED_EDGE ( 'NONE', *, *, #2699, .F. ) ;
#2849 = EDGE_CURVE ( 'NONE', #3009, #2958, #7457, .T. ) ;
#2850 = ORIENTED_EDGE ( 'NONE', *, *, #2851, .T. ) ;
#2851 = EDGE_CURVE ( 'NONE', #2828, #2707, #7414, .T. ) ;
#2852 = VERTEX_POINT ( 'NONE', #7425 ) ;
#2853 = EDGE_CURVE ( 'NONE', #4916, #4975, #7430, .T. ) ;
#2854 = ORIENTED_EDGE ( 'NONE', *, *, #4915, .F. ) ;
#2855 = ADVANCED_FACE ( 'NONE', ( #7485 ), #7420, .T. ) ;
#2856 = EDGE_LOOP ( 'NONE', ( #2857, #2858, #2859 ) ) ;
#2857 = ORIENTED_EDGE ( 'NONE', *, *, #2962, .T. ) ;
#2858 = ORIENTED_EDGE ( 'NONE', *, *, #2549, .T. ) ;
#2859 = ORIENTED_EDGE ( 'NONE', *, *, #2860, .F. ) ;
#2860 = EDGE_CURVE ( 'NONE', #4871, #4851, #7488, .T. ) ;
#2861 = ADVANCED_FACE ( 'NONE', ( #7412 ), #7477, .T. ) ;
#2862 = ADVANCED_FACE ( 'NONE', ( #7478 ), #7468, .T. ) ;
#2863 = EDGE_LOOP ( 'NONE', ( #2864, #2865, #2866 ) ) ;
#2864 = ORIENTED_EDGE ( 'NONE', *, *, #2984, .T. ) ;
#2865 = ORIENTED_EDGE ( 'NONE', *, *, #2931, .T. ) ;
#2866 = ORIENTED_EDGE ( 'NONE', *, *, #2867, .F. ) ;
#2867 = EDGE_CURVE ( 'NONE', #4815, #4807, #7469, .T. ) ;
#2868 = ADVANCED_FACE ( 'NONE', ( #7459 ), #6030, .T. ) ;
#2869 = EDGE_LOOP ( 'NONE', ( #2870, #2871, #2872, #2874 ) ) ;
#2870 = ORIENTED_EDGE ( 'NONE', *, *, #2867, .T. ) ;
#2871 = ORIENTED_EDGE ( 'NONE', *, *, #4806, .F. ) ;
#2872 = ORIENTED_EDGE ( 'NONE', *, *, #2873, .F. ) ;
#2873 = EDGE_CURVE ( 'NONE', #4988, #4800, #6038, .T. ) ;
#2874 = ORIENTED_EDGE ( 'NONE', *, *, #4814, .F. ) ;
#2875 = ORIENTED_EDGE ( 'NONE', *, *, #2853, .T. ) ;
#2876 = ORIENTED_EDGE ( 'NONE', *, *, #4952, .F. ) ;
#2877 = ORIENTED_EDGE ( 'NONE', *, *, #2878, .F. ) ;
#2878 = EDGE_CURVE ( 'NONE', #4910, #4783, #6022, .T. ) ;
#2879 = MANIFOLD_SOLID_BREP ( 'NONE', #1218 ) ;
#2880 = ADVANCED_FACE ( 'NONE', ( #5039 ), #5050, .T. ) ;
#2881 = EDGE_LOOP ( 'NONE', ( #2977, #2965, #2908, #2911 ) ) ;
#2882 = ORIENTED_EDGE ( 'NONE', *, *, #3004, .T. ) ;
#2883 = ORIENTED_EDGE ( 'NONE', *, *, #2892, .T. ) ;
#2884 = CLOSED_SHELL ( 'NONE', ( #2397, #2404, #2586, #4820, #4809, #4797, #4878, #4802, #4949, #4924, #4984, #4972, #4787, #4933, #4856, #4868, #4859, #4853, #4929, #2559, #2541, #2522, #2561, #2538, #2568, #2569, #2533, #2551, #2919, #2855, #2995, #2926, #2934, #3001, #2868, #2980 ) ) ;
#2885 = ORIENTED_EDGE ( 'NONE', *, *, #2887, .F. ) ;
#2886 = ORIENTED_EDGE ( 'NONE', *, *, #2849, .T. ) ;
#2887 = EDGE_CURVE ( 'NONE', #2956, #2968, #4996, .T. ) ;
#2888 = ORIENTED_EDGE ( 'NONE', *, *, #2976, .F. ) ;
#2889 = VERTEX_POINT ( 'NONE', #5036 ) ;
#2890 = ORIENTED_EDGE ( 'NONE', *, *, #2891, .T. ) ;
#2891 = EDGE_CURVE ( 'NONE', #2889, #2992, #5018, .T. ) ;
#2892 = EDGE_CURVE ( 'NONE', #2993, #2828, #5010, .T. ) ;
#2893 = VERTEX_POINT ( 'NONE', #5041 ) ;
#2894 = VERTEX_POINT ( 'NONE', #5040 ) ;
#2895 = EDGE_CURVE ( 'NONE', #2705, #2830, #5024, .T. ) ;
#2896 = ORIENTED_EDGE ( 'NONE', *, *, #3003, .T. ) ;
#2897 = ORIENTED_EDGE ( 'NONE', *, *, #2959, .F. ) ;
#2898 = ORIENTED_EDGE ( 'NONE', *, *, #1039, .F. ) ;
#2899 = EDGE_LOOP ( 'NONE', ( #1015, #1017, #1012, #1014 ) ) ;
#2900 = ORIENTED_EDGE ( 'NONE', *, *, #1145, .F. ) ;
#2901 = ORIENTED_EDGE ( 'NONE', *, *, #2730, .F. ) ;
#2902 = ORIENTED_EDGE ( 'NONE', *, *, #2903, .T. ) ;
#2903 = EDGE_CURVE ( 'NONE', #2964, #2968, #5025, .T. ) ;
#2904 = ADVANCED_FACE ( 'NONE', ( #5002 ), #5089, .T. ) ;
#2905 = EDGE_LOOP ( 'NONE', ( #2906, #2698, #2708, #2706 ) ) ;
#2906 = ORIENTED_EDGE ( 'NONE', *, *, #2907, .F. ) ;
#2907 = EDGE_CURVE ( 'NONE', #2768, #2769, #5084, .T. ) ;
#2908 = ORIENTED_EDGE ( 'NONE', *, *, #2909, .T. ) ;
#2909 = EDGE_CURVE ( 'NONE', #2967, #2910, #5056, .T. ) ;
#2910 = VERTEX_POINT ( 'NONE', #5064 ) ;
#2911 = ORIENTED_EDGE ( 'NONE', *, *, #2921, .T. ) ;
#2912 = ORIENTED_EDGE ( 'NONE', *, *, #2702, .F. ) ;
#2913 = ORIENTED_EDGE ( 'NONE', *, *, #2895, .T. ) ;
#2914 = EDGE_LOOP ( 'NONE', ( #2882, #2916, #2890, #2994, #2938, #2972, #2974, #2975, #2957, #2886 ) ) ;
#2915 = VERTEX_POINT ( 'NONE', #5075 ) ;
#2916 = ORIENTED_EDGE ( 'NONE', *, *, #2917, .T. ) ;
#2917 = EDGE_CURVE ( 'NONE', #2915, #2889, #5077, .T. ) ;
#2918 = ORIENTED_EDGE ( 'NONE', *, *, #2963, .T. ) ;
#2919 = ADVANCED_FACE ( 'NONE', ( #5071 ), #5094, .T. ) ;
#2920 = EDGE_LOOP ( 'NONE', ( #2997, #2998, #2999, #2854 ) ) ;
#2921 = EDGE_CURVE ( 'NONE', #2910, #2964, #5152, .T. ) ;
#2922 = ADVANCED_FACE ( 'NONE', ( #5153 ), #5118, .T. ) ;
#2923 = ORIENTED_EDGE ( 'NONE', *, *, #2924, .F. ) ;
#2924 = EDGE_CURVE ( 'NONE', #2852, #2968, #5117, .T. ) ;
#2925 = ORIENTED_EDGE ( 'NONE', *, *, #4844, .F. ) ;
#2926 = ADVANCED_FACE ( 'NONE', ( #5108 ), #5124, .T. ) ;
#2927 = EDGE_LOOP ( 'NONE', ( #2928, #2929, #2930, #2933 ) ) ;
#2928 = ORIENTED_EDGE ( 'NONE', *, *, #2860, .T. ) ;
#2929 = ORIENTED_EDGE ( 'NONE', *, *, #4850, .F. ) ;
#2930 = ORIENTED_EDGE ( 'NONE', *, *, #2931, .F. ) ;
#2931 = EDGE_CURVE ( 'NONE', #4872, #4807, #5125, .T. ) ;
#2932 = EDGE_LOOP ( 'NONE', ( #2935, #2982, #2983, #3000 ) ) ;
#2933 = ORIENTED_EDGE ( 'NONE', *, *, #4870, .F. ) ;
#2934 = ADVANCED_FACE ( 'NONE', ( #5169 ), #5166, .T. ) ;
#2935 = ORIENTED_EDGE ( 'NONE', *, *, #2878, .T. ) ;
#2936 = EDGE_CURVE ( 'NONE', #2992, #2937, #5185, .T. ) ;
#2937 = VERTEX_POINT ( 'NONE', #5181 ) ;
#2938 = ORIENTED_EDGE ( 'NONE', *, *, #3005, .T. ) ;
#2939 = COLOUR_RGB ( '',0.8470588235294117500, 0.8470588235294117500, 0.8470588235294117500 ) ;
#2940 = DIRECTION ( 'NONE',  ( 0.0000000000000000000, 0.9681575870261126500, -0.2503415400683133300 ) ) ;
#2941 = DIRECTION ( 'NONE',  ( 4.198714236648130000E-015, -0.2503415400683133300, -0.9681575870261127600 ) ) ;
#2942 = CARTESIAN_POINT ( 'NONE',  ( 1.404999999999999600, -0.7799029738905033400, 1.359056210195956200 ) ) ;
#2943 = AXIS2_PLACEMENT_3D ( 'NONE', #2942, #2941, #2940 ) ;
#2944 = CIRCLE ( 'NONE', #2943, 0.04999999999999998900 ) ;
#2945 = FACE_OUTER_BOUND ( 'NONE', #982, .T. ) ;
#2946 = ORIENTED_EDGE ( 'NONE', *, *, #1069, .T. ) ;
#2947 = ADVANCED_FACE ( 'NONE', ( #5180 ), #5246, .T. ) ;
#2948 = ORIENTED_EDGE ( 'NONE', *, *, #2966, .F. ) ;
#2949 = ORIENTED_EDGE ( 'NONE', *, *, #2955, .F. ) ;
#2950 = EDGE_CURVE ( 'NONE', #2852, #2828, #5250, .T. ) ;
#2951 = ORIENTED_EDGE ( 'NONE', *, *, #2851, .F. ) ;
#2952 = ORIENTED_EDGE ( 'NONE', *, *, #2711, .F. ) ;
#2953 = EDGE_LOOP ( 'NONE', ( #2946, #2948, #2949, #2897 ) ) ;
#2954 = ORIENTED_EDGE ( 'NONE', *, *, #2950, .F. ) ;
#2955 = EDGE_CURVE ( 'NONE', #2993, #2978, #5227, .T. ) ;
#2956 = VERTEX_POINT ( 'NONE', #5228 ) ;
#2957 = ORIENTED_EDGE ( 'NONE', *, *, #3008, .T. ) ;
#2958 = VERTEX_POINT ( 'NONE', #5247 ) ;
#2959 = EDGE_CURVE ( 'NONE', #2893, #2993, #5245, .T. ) ;
#2960 = EDGE_LOOP ( 'NONE', ( #2923, #2969, #2918, #2902 ) ) ;
#2961 = ORIENTED_EDGE ( 'NONE', *, *, #4957, .F. ) ;
#2962 = EDGE_CURVE ( 'NONE', #4871, #4969, #5225, .T. ) ;
#2963 = EDGE_CURVE ( 'NONE', #2978, #2964, #5226, .T. ) ;
#2964 = VERTEX_POINT ( 'NONE', #5214 ) ;
#2965 = ORIENTED_EDGE ( 'NONE', *, *, #2966, .T. ) ;
#2966 = EDGE_CURVE ( 'NONE', #2978, #2967, #5213, .T. ) ;
#2967 = VERTEX_POINT ( 'NONE', #5254 ) ;
#2968 = VERTEX_POINT ( 'NONE', #5253 ) ;
#2969 = ORIENTED_EDGE ( 'NONE', *, *, #2970, .T. ) ;
#2970 = EDGE_CURVE ( 'NONE', #2852, #2978, #5236, .T. ) ;
#2971 = EDGE_LOOP ( 'NONE', ( #1092, #1057, #1059, #1066 ) ) ;
#2972 = ORIENTED_EDGE ( 'NONE', *, *, #2973, .T. ) ;
#2973 = EDGE_CURVE ( 'NONE', #3006, #2766, #5232, .T. ) ;
#2974 = ORIENTED_EDGE ( 'NONE', *, *, #2687, .T. ) ;
#2975 = ORIENTED_EDGE ( 'NONE', *, *, #2976, .T. ) ;
#2976 = EDGE_CURVE ( 'NONE', #2694, #2956, #5209, .T. ) ;
#2977 = ORIENTED_EDGE ( 'NONE', *, *, #2963, .F. ) ;
#2978 = VERTEX_POINT ( 'NONE', #5205 ) ;
#2979 = ORIENTED_EDGE ( 'NONE', *, *, #4971, .F. ) ;
#2980 = ADVANCED_FACE ( 'NONE', ( #5204 ), #5273, .T. ) ;
#2981 = ORIENTED_EDGE ( 'NONE', *, *, #2991, .T. ) ;
#2982 = ORIENTED_EDGE ( 'NONE', *, *, #4874, .F. ) ;
#2983 = ORIENTED_EDGE ( 'NONE', *, *, #2984, .F. ) ;
#2984 = EDGE_CURVE ( 'NONE', #4815, #4872, #5304, .T. ) ;
#2985 = ORIENTED_EDGE ( 'NONE', *, *, #2585, .T. ) ;
#2986 = ORIENTED_EDGE ( 'NONE', *, *, #2962, .F. ) ;
#2987 = EDGE_LOOP ( 'NONE', ( #2988, #2989, #2990 ) ) ;
#2988 = ORIENTED_EDGE ( 'NONE', *, *, #2873, .T. ) ;
#2989 = ORIENTED_EDGE ( 'NONE', *, *, #4862, .F. ) ;
#2990 = ORIENTED_EDGE ( 'NONE', *, *, #4865, .F. ) ;
#2991 = EDGE_CURVE ( 'NONE', #2894, #2827, #5281, .T. ) ;
#2992 = VERTEX_POINT ( 'NONE', #5282 ) ;
#2993 = VERTEX_POINT ( 'NONE', #5288 ) ;
#2994 = ORIENTED_EDGE ( 'NONE', *, *, #2936, .T. ) ;
#2995 = ADVANCED_FACE ( 'NONE', ( #5287 ), #5313, .T. ) ;
#2996 = EDGE_LOOP ( 'NONE', ( #2875, #2876, #2877, #2925 ) ) ;
#2997 = ORIENTED_EDGE ( 'NONE', *, *, #2555, .T. ) ;
#2998 = ORIENTED_EDGE ( 'NONE', *, *, #4976, .F. ) ;
#2999 = ORIENTED_EDGE ( 'NONE', *, *, #2853, .F. ) ;
#3000 = ORIENTED_EDGE ( 'NONE', *, *, #4990, .F. ) ;
#3001 = ADVANCED_FACE ( 'NONE', ( #5314 ), #5258, .T. ) ;
#3002 = ADVANCED_FACE ( 'NONE', ( #5259 ), #5336, .F. ) ;
#3003 = EDGE_CURVE ( 'NONE', #2830, #2894, #5378, .T. ) ;
#3004 = EDGE_CURVE ( 'NONE', #2958, #2915, #5379, .T. ) ;
#3005 = EDGE_CURVE ( 'NONE', #2937, #3006, #5369, .T. ) ;
#3006 = VERTEX_POINT ( 'NONE', #5361 ) ;
#3007 = ORIENTED_EDGE ( 'NONE', *, *, #2959, .T. ) ;
#3008 = EDGE_CURVE ( 'NONE', #2956, #3009, #5375, .T. ) ;
#3009 = VERTEX_POINT ( 'NONE', #5371 ) ;
#3010 = EDGE_LOOP ( 'NONE', ( #2847, #2848, #2885, #2888 ) ) ;
#3011 = FILL_AREA_STYLE_COLOUR ( '', #3012 ) ;
#3012 = COLOUR_RGB ( '',0.8470588235294117500, 0.8470588235294117500, 0.8470588235294117500 ) ;
#3013 = FACE_OUTER_BOUND ( 'NONE', #980, .T. ) ;
#3014 = PRESENTATION_LAYER_ASSIGNMENT (  '', '', ( #3015 ) ) ;
#3015 = STYLED_ITEM ( 'NONE', ( #3016 ), #989 ) ;
#3016 = PRESENTATION_STYLE_ASSIGNMENT (( #3039 ) ) ;
#3017 = SURFACE_STYLE_USAGE ( .BOTH. , #3026 ) ;
#3018 = CYLINDRICAL_SURFACE ( 'NONE', #3033, 0.05000000000000003700 ) ;
#3019 =( GEOMETRIC_REPRESENTATION_CONTEXT ( 3 ) GLOBAL_UNCERTAINTY_ASSIGNED_CONTEXT ( ( #3022 ) ) GLOBAL_UNIT_ASSIGNED_CONTEXT ( ( #3029, #3034, #3043 ) ) REPRESENTATION_CONTEXT ( 'NONE', 'WORKASPACE' ) );
#3020 = MECHANICAL_DESIGN_GEOMETRIC_PRESENTATION_REPRESENTATION (  '', ( #3046 ), #3019 ) ;
#3021 =( NAMED_UNIT ( * ) PLANE_ANGLE_UNIT ( ) SI_UNIT ( $, .RADIAN. ) );
#3022 = UNCERTAINTY_MEASURE_WITH_UNIT (LENGTH_MEASURE( 1.000000000000000100E-005 ), #3029, 'distance_accuracy_value', 'NONE');
#3023 =( GEOMETRIC_REPRESENTATION_CONTEXT ( 3 ) GLOBAL_UNCERTAINTY_ASSIGNED_CONTEXT ( ( #3038 ) ) GLOBAL_UNIT_ASSIGNED_CONTEXT ( ( #3027, #3021, #3036 ) ) REPRESENTATION_CONTEXT ( 'NONE', 'WORKASPACE' ) );
#3024 = PRESENTATION_STYLE_ASSIGNMENT (( #3017 ) ) ;
#3025 = FILL_AREA_STYLE ('',( #3044 ) ) ;
#3026 = SURFACE_SIDE_STYLE ('',( #3045 ) ) ;
#3027 =( LENGTH_UNIT ( ) NAMED_UNIT ( * ) SI_UNIT ( .MILLI., .METRE. ) );
#3028 = MECHANICAL_DESIGN_GEOMETRIC_PRESENTATION_REPRESENTATION (  '', ( #3015 ), #3023 ) ;
#3029 =( LENGTH_UNIT ( ) NAMED_UNIT ( * ) SI_UNIT ( .MILLI., .METRE. ) );
#3030 = DIRECTION ( 'NONE',  ( 0.0000000000000000000, 0.9681575870261117700, -0.2503415400683174400 ) ) ;
#3031 = DIRECTION ( 'NONE',  ( -2.714208416054376200E-017, -0.2503415400683182700, -0.9681575870261115400 ) ) ;
#3032 = CARTESIAN_POINT ( 'NONE',  ( 2.034999999999999300, -0.7620523110292839500, 0.7490186380224027600 ) ) ;
#3033 = AXIS2_PLACEMENT_3D ( 'NONE', #3032, #3031, #3030 ) ;
#3034 =( NAMED_UNIT ( * ) PLANE_ANGLE_UNIT ( ) SI_UNIT ( $, .RADIAN. ) );
#3035 = PRESENTATION_LAYER_ASSIGNMENT (  '', '', ( #3046 ) ) ;
#3036 =( NAMED_UNIT ( * ) SI_UNIT ( $, .STERADIAN. ) SOLID_ANGLE_UNIT ( ) );
#3037 =( LENGTH_UNIT ( ) NAMED_UNIT ( * ) SI_UNIT ( .MILLI., .METRE. ) );
#3038 = UNCERTAINTY_MEASURE_WITH_UNIT (LENGTH_MEASURE( 1.000000000000000100E-005 ), #3027, 'distance_accuracy_value', 'NONE');
#3039 = SURFACE_STYLE_USAGE ( .BOTH. , #3040 ) ;
#3040 = SURFACE_SIDE_STYLE ('',( #3041 ) ) ;
#3041 = SURFACE_STYLE_FILL_AREA ( #3042 ) ;
#3042 = FILL_AREA_STYLE ('',( #3011 ) ) ;
#3043 =( NAMED_UNIT ( * ) SI_UNIT ( $, .STERADIAN. ) SOLID_ANGLE_UNIT ( ) );
#3044 = FILL_AREA_STYLE_COLOUR ( '', #2939 ) ;
#3045 = SURFACE_STYLE_FILL_AREA ( #3025 ) ;
#3046 = STYLED_ITEM ( 'NONE', ( #3024 ), #983 ) ;
#3047 =( NAMED_UNIT ( * ) PLANE_ANGLE_UNIT ( ) SI_UNIT ( $, .RADIAN. ) );
#3048 = MECHANICAL_DESIGN_GEOMETRIC_PRESENTATION_REPRESENTATION (  '', ( #3050 ), #3059 ) ;
#3049 = PRESENTATION_LAYER_ASSIGNMENT (  '', '', ( #3050 ) ) ;
#3050 = STYLED_ITEM ( 'NONE', ( #3052 ), #996 ) ;
#3051 = SPHERICAL_SURFACE ( 'NONE', #3068, 0.05000000000000000300 ) ;
#3052 = PRESENTATION_STYLE_ASSIGNMENT (( #3053 ) ) ;
#3053 = SURFACE_STYLE_USAGE ( .BOTH. , #3054 ) ;
#3054 = SURFACE_SIDE_STYLE ('',( #3070 ) ) ;
#3055 = DIRECTION ( 'NONE',  ( 6.505213034913009200E-015, -1.000000000000000000, 0.0000000000000000000 ) ) ;
#3056 =( LENGTH_UNIT ( ) NAMED_UNIT ( * ) SI_UNIT ( .MILLI., .METRE. ) );
#3057 = FACE_OUTER_BOUND ( 'NONE', #997, .T. ) ;
#3058 = CARTESIAN_POINT ( 'NONE',  ( 1.404999999999999600, -0.5669083047447568400, 1.523981071380927600 ) ) ;
#3059 =( GEOMETRIC_REPRESENTATION_CONTEXT ( 3 ) GLOBAL_UNCERTAINTY_ASSIGNED_CONTEXT ( ( #3062 ) ) GLOBAL_UNIT_ASSIGNED_CONTEXT ( ( #3056, #3047, #3063 ) ) REPRESENTATION_CONTEXT ( 'NONE', 'WORKASPACE' ) );
#3060 = CARTESIAN_POINT ( 'NONE',  ( 1.404999999999999600, -1.472999999999999900, 0.5840937768374314700 ) ) ;
#3061 = DIRECTION ( 'NONE',  ( 1.000000000000000000, 0.0000000000000000000, 0.0000000000000000000 ) ) ;
#3062 = UNCERTAINTY_MEASURE_WITH_UNIT (LENGTH_MEASURE( 1.000000000000000100E-005 ), #3056, 'distance_accuracy_value', 'NONE');
#3063 =( NAMED_UNIT ( * ) SI_UNIT ( $, .STERADIAN. ) SOLID_ANGLE_UNIT ( ) );
#3064 = FILL_AREA_STYLE_COLOUR ( '', #3065 ) ;
#3065 = COLOUR_RGB ( '',0.8470588235294117500, 0.8470588235294117500, 0.8470588235294117500 ) ;
#3066 = CIRCLE ( 'NONE', #3069, 0.04999999999999991300 ) ;
#3067 = DIRECTION ( 'NONE',  ( 1.000000000000000000, 6.505213034913037600E-015, 0.0000000000000000000 ) ) ;
#3068 = AXIS2_PLACEMENT_3D ( 'NONE', #3060, #3072, #3061 ) ;
#3069 = AXIS2_PLACEMENT_3D ( 'NONE', #3058, #3055, #3067 ) ;
#3070 = SURFACE_STYLE_FILL_AREA ( #3071 ) ;
#3071 = FILL_AREA_STYLE ('',( #3064 ) ) ;
#3072 = DIRECTION ( 'NONE',  ( 0.0000000000000000000, 1.000000000000000000, 0.0000000000000000000 ) ) ;
#3073 = UNCERTAINTY_MEASURE_WITH_UNIT (LENGTH_MEASURE( 1.000000000000000100E-005 ), #3076, 'distance_accuracy_value', 'NONE');
#3074 =( NAMED_UNIT ( * ) SI_UNIT ( $, .STERADIAN. ) SOLID_ANGLE_UNIT ( ) );
#3075 =( NAMED_UNIT ( * ) PLANE_ANGLE_UNIT ( ) SI_UNIT ( $, .RADIAN. ) );
#3076 =( LENGTH_UNIT ( ) NAMED_UNIT ( * ) SI_UNIT ( .MILLI., .METRE. ) );
#3077 = MECHANICAL_DESIGN_GEOMETRIC_PRESENTATION_REPRESENTATION (  '', ( #3079 ), #3147 ) ;
#3078 = PRESENTATION_LAYER_ASSIGNMENT (  '', '', ( #3079 ) ) ;
#3079 = STYLED_ITEM ( 'NONE', ( #3080 ), #1007 ) ;
#3080 = PRESENTATION_STYLE_ASSIGNMENT (( #3081 ) ) ;
#3081 = SURFACE_STYLE_USAGE ( .BOTH. , #3082 ) ;
#3082 = SURFACE_SIDE_STYLE ('',( #3083 ) ) ;
#3083 = SURFACE_STYLE_FILL_AREA ( #3084 ) ;
#3084 = FILL_AREA_STYLE ('',( #3091 ) ) ;
#3085 = COLOUR_RGB ( '',0.8470588235294117500, 0.8470588235294117500, 0.8470588235294117500 ) ;
#3086 = DIRECTION ( 'NONE',  ( 1.000000000000000000, 0.0000000000000000000, 0.0000000000000000000 ) ) ;
#3087 = DIRECTION ( 'NONE',  ( -1.084202172485504400E-016, -1.000000000000000000, 0.0000000000000000000 ) ) ;
#3088 = CARTESIAN_POINT ( 'NONE',  ( 1.404999999999999600, -0.9750469801750290000, 0.7540937768374315100 ) ) ;
#3089 = AXIS2_PLACEMENT_3D ( 'NONE', #3088, #3087, #3086 ) ;
#3090 = FACE_OUTER_BOUND ( 'NONE', #1053, .T. ) ;
#3091 = FILL_AREA_STYLE_COLOUR ( '', #3085 ) ;
#3092 = CYLINDRICAL_SURFACE ( 'NONE', #3089, 0.04999999999999991300 ) ;
#3093 =( GEOMETRIC_REPRESENTATION_CONTEXT ( 3 ) GLOBAL_UNCERTAINTY_ASSIGNED_CONTEXT ( ( #3094 ) ) GLOBAL_UNIT_ASSIGNED_CONTEXT ( ( #3097, #3096, #3095 ) ) REPRESENTATION_CONTEXT ( 'NONE', 'WORKASPACE' ) );
#3094 = UNCERTAINTY_MEASURE_WITH_UNIT (LENGTH_MEASURE( 1.000000000000000100E-005 ), #3097, 'distance_accuracy_value', 'NONE');
#3095 =( NAMED_UNIT ( * ) SI_UNIT ( $, .STERADIAN. ) SOLID_ANGLE_UNIT ( ) );
#3096 =( NAMED_UNIT ( * ) PLANE_ANGLE_UNIT ( ) SI_UNIT ( $, .RADIAN. ) );
#3097 =( LENGTH_UNIT ( ) NAMED_UNIT ( * ) SI_UNIT ( .MILLI., .METRE. ) );
#3098 = MECHANICAL_DESIGN_GEOMETRIC_PRESENTATION_REPRESENTATION (  '', ( #3100 ), #3093 ) ;
#3099 = PRESENTATION_LAYER_ASSIGNMENT (  '', '', ( #3100 ) ) ;
#3100 = STYLED_ITEM ( 'NONE', ( #3101 ), #1006 ) ;
#3101 = PRESENTATION_STYLE_ASSIGNMENT (( #3102 ) ) ;
#3102 = SURFACE_STYLE_USAGE ( .BOTH. , #3103 ) ;
#3103 = SURFACE_SIDE_STYLE ('',( #3104 ) ) ;
#3104 = SURFACE_STYLE_FILL_AREA ( #3114 ) ;
#3105 = DIRECTION ( 'NONE',  ( 1.000000000000000000, -1.084202172485504400E-016, -0.0000000000000000000 ) ) ;
#3106 = MECHANICAL_DESIGN_GEOMETRIC_PRESENTATION_REPRESENTATION (  '', ( #3108 ), #3152 ) ;
#3107 = PRESENTATION_LAYER_ASSIGNMENT (  '', '', ( #3108 ) ) ;
#3108 = STYLED_ITEM ( 'NONE', ( #3109 ), #998 ) ;
#3109 = PRESENTATION_STYLE_ASSIGNMENT (( #3110 ) ) ;
#3110 = SURFACE_STYLE_USAGE ( .BOTH. , #3111 ) ;
#3111 = SURFACE_SIDE_STYLE ('',( #3112 ) ) ;
#3112 = SURFACE_STYLE_FILL_AREA ( #3149 ) ;
#3113 = CARTESIAN_POINT ( 'NONE',  ( 1.404999999999999100, -0.9750469801750286700, 0.8040937768374314400 ) ) ;
#3114 = FILL_AREA_STYLE ('',( #3122 ) ) ;
#3115 = COLOUR_RGB ( '',0.8470588235294117500, 0.8470588235294117500, 0.8470588235294117500 ) ;
#3116 = FACE_OUTER_BOUND ( 'NONE', #2899, .T. ) ;
#3117 = DIRECTION ( 'NONE',  ( 1.000000000000000000, 0.0000000000000000000, 0.0000000000000000000 ) ) ;
#3118 = DIRECTION ( 'NONE',  ( 0.0000000000000000000, 0.0000000000000000000, 1.000000000000000000 ) ) ;
#3119 = CARTESIAN_POINT ( 'NONE',  ( 1.404999999999999600, -1.472999999999999900, 0.7540937768374315100 ) ) ;
#3120 = AXIS2_PLACEMENT_3D ( 'NONE', #3119, #3118, #3117 ) ;
#3121 = CIRCLE ( 'NONE', #3120, 0.04999999999999991300 ) ;
#3122 = FILL_AREA_STYLE_COLOUR ( '', #3115 ) ;
#3123 = DIRECTION ( 'NONE',  ( 0.0000000000000000000, -6.505213034913037600E-015, -1.000000000000000000 ) ) ;
#3124 = DIRECTION ( 'NONE',  ( 0.0000000000000000000, -1.000000000000000000, 6.505213034913037600E-015 ) ) ;
#3125 = CARTESIAN_POINT ( 'NONE',  ( 2.034999999999999300, -0.5669083047447572900, 1.523981071380927600 ) ) ;
#3126 = AXIS2_PLACEMENT_3D ( 'NONE', #3125, #3124, #3123 ) ;
#3127 = CIRCLE ( 'NONE', #3126, 0.04999999999999991300 ) ;
#3128 = CARTESIAN_POINT ( 'NONE',  ( 1.354999999999999500, -0.9363312550711018200, 0.7540937768374315100 ) ) ;
#3129 = CARTESIAN_POINT ( 'NONE',  ( 1.354999999999999800, -0.9590104017598734000, 0.7833830987187765400 ) ) ;
#3130 = CARTESIAN_POINT ( 'NONE',  ( 1.375710678118654100, -0.9750469801750284400, 0.8040937768374312200 ) ) ;
#3131 = MECHANICAL_DESIGN_GEOMETRIC_PRESENTATION_REPRESENTATION (  '', ( #3133 ), #3220 ) ;
#3132 = PRESENTATION_LAYER_ASSIGNMENT (  '', '', ( #3133 ) ) ;
#3133 = STYLED_ITEM ( 'NONE', ( #3134 ), #1011 ) ;
#3134 = PRESENTATION_STYLE_ASSIGNMENT (( #3135 ) ) ;
#3135 = SURFACE_STYLE_USAGE ( .BOTH. , #3136 ) ;
#3136 = SURFACE_SIDE_STYLE ('',( #3137 ) ) ;
#3137 = SURFACE_STYLE_FILL_AREA ( #3138 ) ;
#3138 = FILL_AREA_STYLE ('',( #3145 ) ) ;
#3139 = COLOUR_RGB ( '',0.8470588235294117500, 0.8470588235294117500, 0.8470588235294117500 ) ;
#3140 = DIRECTION ( 'NONE',  ( 0.0000000000000000000, 0.9681575870261117700, -0.2503415400683174400 ) ) ;
#3141 = DIRECTION ( 'NONE',  ( -2.714208416054373100E-017, -0.2503415400683179900, -0.9681575870261115400 ) ) ;
#3142 = AXIS2_PLACEMENT_3D ( 'NONE', #3146, #3141, #3140 ) ;
#3143 = CYLINDRICAL_SURFACE ( 'NONE', #3142, 0.05000000000000003700 ) ;
#3144 = FACE_OUTER_BOUND ( 'NONE', #1016, .T. ) ;
#3145 = FILL_AREA_STYLE_COLOUR ( '', #3139 ) ;
#3146 = CARTESIAN_POINT ( 'NONE',  ( 1.404999999999999600, -0.9266391008237231400, 0.7915766998340153500 ) ) ;
#3147 =( GEOMETRIC_REPRESENTATION_CONTEXT ( 3 ) GLOBAL_UNCERTAINTY_ASSIGNED_CONTEXT ( ( #3073 ) ) GLOBAL_UNIT_ASSIGNED_CONTEXT ( ( #3076, #3075, #3074 ) ) REPRESENTATION_CONTEXT ( 'NONE', 'WORKASPACE' ) );
#3148 = CARTESIAN_POINT ( 'NONE',  ( 1.404999999999999600, -0.5669083047447584000, 1.303981071380927400 ) ) ;
#3149 = FILL_AREA_STYLE ('',( #3154 ) ) ;
#3150 = COLOUR_RGB ( '',0.8470588235294117500, 0.8470588235294117500, 0.8470588235294117500 ) ;
#3151 = CARTESIAN_POINT ( 'NONE',  ( 1.404999999999999600, -0.9750469801750290000, 1.523981071380927600 ) ) ;
#3152 =( GEOMETRIC_REPRESENTATION_CONTEXT ( 3 ) GLOBAL_UNCERTAINTY_ASSIGNED_CONTEXT ( ( #3153 ) ) GLOBAL_UNIT_ASSIGNED_CONTEXT ( ( #3161, #3160, #3159 ) ) REPRESENTATION_CONTEXT ( 'NONE', 'WORKASPACE' ) );
#3153 = UNCERTAINTY_MEASURE_WITH_UNIT (LENGTH_MEASURE( 1.000000000000000100E-005 ), #3161, 'distance_accuracy_value', 'NONE');
#3154 = FILL_AREA_STYLE_COLOUR ( '', #3150 ) ;
#3155 = DIRECTION ( 'NONE',  ( 1.084202172485504600E-016, 1.000000000000000000, 0.0000000000000000000 ) ) ;
#3156 = AXIS2_PLACEMENT_3D ( 'NONE', #3148, #3105, #3155 ) ;
#3157 = FACE_OUTER_BOUND ( 'NONE', #985, .T. ) ;
#3158 = TOROIDAL_SURFACE ( 'NONE', #3156, 0.2200000000000000600, 0.05000000000000000300 ) ;
#3159 =( NAMED_UNIT ( * ) SI_UNIT ( $, .STERADIAN. ) SOLID_ANGLE_UNIT ( ) );
#3160 =( NAMED_UNIT ( * ) PLANE_ANGLE_UNIT ( ) SI_UNIT ( $, .RADIAN. ) );
#3161 =( LENGTH_UNIT ( ) NAMED_UNIT ( * ) SI_UNIT ( .MILLI., .METRE. ) );
#3162 =( BOUNDED_CURVE ( )  B_SPLINE_CURVE ( 3, ( #3113, #3130, #3129, #3128 ),
 .UNSPECIFIED., .F., .F. ) 
 B_SPLINE_CURVE_WITH_KNOTS ( ( 4, 4 ),
 ( 8.589666033349974900E-015, 1.570796326794895400 ),
 .UNSPECIFIED. ) 
 CURVE ( )  GEOMETRIC_REPRESENTATION_ITEM ( )  RATIONAL_B_SPLINE_CURVE ( ( 1.000000000000000000, 0.8047378541243672700, 0.8047378541243672700, 1.000000000000000000 ) ) 
 REPRESENTATION_ITEM ( '' )  );
#3163 = DIRECTION ( 'NONE',  ( 1.000000000000000000, 0.0000000000000000000, 0.0000000000000000000 ) ) ;
#3164 = DIRECTION ( 'NONE',  ( -1.084202172485504400E-016, -1.000000000000000000, 0.0000000000000000000 ) ) ;
#3165 = AXIS2_PLACEMENT_3D ( 'NONE', #3151, #3164, #3163 ) ;
#3166 = CYLINDRICAL_SURFACE ( 'NONE', #3165, 0.04999999999999991300 ) ;
#3167 = CIRCLE ( 'NONE', #3172, 0.04999999999999991300 ) ;
#3168 = CARTESIAN_POINT ( 'NONE',  ( 2.034999999999999300, -0.5669083047447585100, 1.303981071380927400 ) ) ;
#3169 = AXIS2_PLACEMENT_3D ( 'NONE', #3214, #3171, #3269 ) ;
#3170 = DIRECTION ( 'NONE',  ( 1.000000000000000000, -1.084202172485504400E-016, -0.0000000000000000000 ) ) ;
#3171 = DIRECTION ( 'NONE',  ( 0.0000000000000000000, -1.000000000000000000, 0.0000000000000000000 ) ) ;
#3172 = AXIS2_PLACEMENT_3D ( 'NONE', #3234, #3233, #3232 ) ;
#3173 = CARTESIAN_POINT ( 'NONE',  ( 1.404999999999999600, -1.472999999999999900, 0.7540937768374315100 ) ) ;
#3174 = FACE_OUTER_BOUND ( 'NONE', #1021, .T. ) ;
#3175 = FILL_AREA_STYLE_COLOUR ( '', #3176 ) ;
#3176 = COLOUR_RGB ( '',0.8470588235294117500, 0.8470588235294117500, 0.8470588235294117500 ) ;
#3177 = DIRECTION ( 'NONE',  ( 0.0000000000000000000, 0.0000000000000000000, 1.000000000000000000 ) ) ;
#3178 = UNCERTAINTY_MEASURE_WITH_UNIT (LENGTH_MEASURE( 1.000000000000000100E-005 ), #3037, 'distance_accuracy_value', 'NONE');
#3179 = DIRECTION ( 'NONE',  ( -1.000000000000000000, 0.0000000000000000000, 0.0000000000000000000 ) ) ;
#3180 = DIRECTION ( 'NONE',  ( 0.0000000000000000000, 0.0000000000000000000, -1.000000000000000000 ) ) ;
#3181 = CARTESIAN_POINT ( 'NONE',  ( 1.404999999999999600, -1.472999999999999900, 0.8040937768374313300 ) ) ;
#3182 = AXIS2_PLACEMENT_3D ( 'NONE', #3181, #3180, #3179 ) ;
#3183 = CYLINDRICAL_SURFACE ( 'NONE', #3182, 0.04999999999999991300 ) ;
#3184 = STYLED_ITEM ( 'NONE', ( #3185 ), #1033 ) ;
#3185 = PRESENTATION_STYLE_ASSIGNMENT (( #3186 ) ) ;
#3186 = SURFACE_STYLE_USAGE ( .BOTH. , #3187 ) ;
#3187 = SURFACE_SIDE_STYLE ('',( #3188 ) ) ;
#3188 = SURFACE_STYLE_FILL_AREA ( #3189 ) ;
#3189 = FILL_AREA_STYLE ('',( #3267 ) ) ;
#3190 = COLOUR_RGB ( '',0.8470588235294117500, 0.8470588235294117500, 0.8470588235294117500 ) ;
#3191 = FACE_OUTER_BOUND ( 'NONE', #1074, .T. ) ;
#3192 = DIRECTION ( 'NONE',  ( 0.0000000000000000000, 0.9681575870261117700, -0.2503415400683174400 ) ) ;
#3193 =( GEOMETRIC_REPRESENTATION_CONTEXT ( 3 ) GLOBAL_UNCERTAINTY_ASSIGNED_CONTEXT ( ( #3195 ) ) GLOBAL_UNIT_ASSIGNED_CONTEXT ( ( #3217, #3281, #3210 ) ) REPRESENTATION_CONTEXT ( 'NONE', 'WORKASPACE' ) );
#3194 =( NAMED_UNIT ( * ) PLANE_ANGLE_UNIT ( ) SI_UNIT ( $, .RADIAN. ) );
#3195 = UNCERTAINTY_MEASURE_WITH_UNIT (LENGTH_MEASURE( 1.000000000000000100E-005 ), #3217, 'distance_accuracy_value', 'NONE');
#3196 =( NAMED_UNIT ( * ) PLANE_ANGLE_UNIT ( ) SI_UNIT ( $, .RADIAN. ) );
#3197 =( LENGTH_UNIT ( ) NAMED_UNIT ( * ) SI_UNIT ( .MILLI., .METRE. ) );
#3198 = MECHANICAL_DESIGN_GEOMETRIC_PRESENTATION_REPRESENTATION (  '', ( #3200 ), #3420 ) ;
#3199 = PRESENTATION_LAYER_ASSIGNMENT (  '', '', ( #3200 ) ) ;
#3200 = STYLED_ITEM ( 'NONE', ( #3201 ), #1042 ) ;
#3201 = PRESENTATION_STYLE_ASSIGNMENT (( #3202 ) ) ;
#3202 = SURFACE_STYLE_USAGE ( .BOTH. , #3203 ) ;
#3203 = SURFACE_SIDE_STYLE ('',( #3204 ) ) ;
#3204 = SURFACE_STYLE_FILL_AREA ( #3252 ) ;
#3205 = DIRECTION ( 'NONE',  ( 0.0000000000000000000, -1.000000000000000000, 0.0000000000000000000 ) ) ;
#3206 = DIRECTION ( 'NONE',  ( -1.000000000000000000, 1.084202172485504600E-016, -2.736911063134408300E-048 ) ) ;
#3207 = CARTESIAN_POINT ( 'NONE',  ( 2.034999999999999300, -1.472999999999999900, 0.5840937768374314700 ) ) ;
#3208 = AXIS2_PLACEMENT_3D ( 'NONE', #3207, #3206, #3205 ) ;
#3209 = CIRCLE ( 'NONE', #3208, 0.04999999999999991300 ) ;
#3210 =( NAMED_UNIT ( * ) SI_UNIT ( $, .STERADIAN. ) SOLID_ANGLE_UNIT ( ) );
#3211 =( LENGTH_UNIT ( ) NAMED_UNIT ( * ) SI_UNIT ( .MILLI., .METRE. ) );
#3212 = MECHANICAL_DESIGN_GEOMETRIC_PRESENTATION_REPRESENTATION (  '', ( #3184 ), #3259 ) ;
#3213 = PRESENTATION_LAYER_ASSIGNMENT (  '', '', ( #3184 ) ) ;
#3214 = CARTESIAN_POINT ( 'NONE',  ( 1.404999999999999600, -1.472999999999999900, 0.7540937768374315100 ) ) ;
#3215 = CIRCLE ( 'NONE', #3169, 0.05000000000000002400 ) ;
#3216 = DIRECTION ( 'NONE',  ( 1.084202172485504600E-016, 1.000000000000000000, 0.0000000000000000000 ) ) ;
#3217 =( LENGTH_UNIT ( ) NAMED_UNIT ( * ) SI_UNIT ( .MILLI., .METRE. ) );
#3218 = UNCERTAINTY_MEASURE_WITH_UNIT (LENGTH_MEASURE( 1.000000000000000100E-005 ), #3243, 'distance_accuracy_value', 'NONE');
#3219 =( NAMED_UNIT ( * ) SI_UNIT ( $, .STERADIAN. ) SOLID_ANGLE_UNIT ( ) );
#3220 =( GEOMETRIC_REPRESENTATION_CONTEXT ( 3 ) GLOBAL_UNCERTAINTY_ASSIGNED_CONTEXT ( ( #3178 ) ) GLOBAL_UNIT_ASSIGNED_CONTEXT ( ( #3037, #3231, #3268 ) ) REPRESENTATION_CONTEXT ( 'NONE', 'WORKASPACE' ) );
#3221 = FACE_OUTER_BOUND ( 'NONE', #1032, .T. ) ;
#3222 = PRESENTATION_STYLE_ASSIGNMENT (( #3223 ) ) ;
#3223 = SURFACE_STYLE_USAGE ( .BOTH. , #3224 ) ;
#3224 = SURFACE_SIDE_STYLE ('',( #3225 ) ) ;
#3225 = SURFACE_STYLE_FILL_AREA ( #3256 ) ;
#3226 = DIRECTION ( 'NONE',  ( 0.0000000000000000000, -0.9681575870261117700, 0.2503415400683174400 ) ) ;
#3227 = DIRECTION ( 'NONE',  ( 2.714208416054373100E-017, 0.2503415400683179900, 0.9681575870261115400 ) ) ;
#3228 = DIRECTION ( 'NONE',  ( 1.000000000000000000, -0.0000000000000000000, -0.0000000000000000000 ) ) ;
#3229 = AXIS2_PLACEMENT_3D ( 'NONE', #3173, #3228, #3177 ) ;
#3230 = CIRCLE ( 'NONE', #3229, 0.05000000000000002400 ) ;
#3231 =( NAMED_UNIT ( * ) PLANE_ANGLE_UNIT ( ) SI_UNIT ( $, .RADIAN. ) );
#3232 = DIRECTION ( 'NONE',  ( 1.000000000000000000, 0.0000000000000000000, 0.0000000000000000000 ) ) ;
#3233 = DIRECTION ( 'NONE',  ( 0.0000000000000000000, 0.0000000000000000000, 1.000000000000000000 ) ) ;
#3234 = CARTESIAN_POINT ( 'NONE',  ( 1.404999999999999600, -1.472999999999999900, 0.5840937768374314700 ) ) ;
#3235 = TOROIDAL_SURFACE ( 'NONE', #3236, 0.2200000000000000600, 0.05000000000000000300 ) ;
#3236 = AXIS2_PLACEMENT_3D ( 'NONE', #3168, #3170, #3216 ) ;
#3237 = CARTESIAN_POINT ( 'NONE',  ( 2.034999999999999300, -0.9266391008237231400, 0.7915766998340155700 ) ) ;
#3238 = AXIS2_PLACEMENT_3D ( 'NONE', #3237, #3227, #3226 ) ;
#3239 = CYLINDRICAL_SURFACE ( 'NONE', #3238, 0.05000000000000003700 ) ;
#3240 = UNCERTAINTY_MEASURE_WITH_UNIT (LENGTH_MEASURE( 1.000000000000000100E-005 ), #3211, 'distance_accuracy_value', 'NONE');
#3241 =( NAMED_UNIT ( * ) SI_UNIT ( $, .STERADIAN. ) SOLID_ANGLE_UNIT ( ) );
#3242 =( NAMED_UNIT ( * ) PLANE_ANGLE_UNIT ( ) SI_UNIT ( $, .RADIAN. ) );
#3243 =( LENGTH_UNIT ( ) NAMED_UNIT ( * ) SI_UNIT ( .MILLI., .METRE. ) );
#3244 = MECHANICAL_DESIGN_GEOMETRIC_PRESENTATION_REPRESENTATION (  '', ( #3246 ), #3280 ) ;
#3245 = PRESENTATION_LAYER_ASSIGNMENT (  '', '', ( #3246 ) ) ;
#3246 = STYLED_ITEM ( 'NONE', ( #3222 ), #1027 ) ;
#3247 = FILL_AREA_STYLE_COLOUR ( '', #3254 ) ;
#3248 = CARTESIAN_POINT ( 'NONE',  ( 2.034999999999999300, -0.9750469801750287800, 0.8040937768374314400 ) ) ;
#3249 = CARTESIAN_POINT ( 'NONE',  ( 2.064289321881344300, -0.9750469801750286700, 0.8040937768374314400 ) ) ;
#3250 = CARTESIAN_POINT ( 'NONE',  ( 2.084999999999999100, -0.9590104017598738400, 0.7833830987187766500 ) ) ;
#3251 = CARTESIAN_POINT ( 'NONE',  ( 2.084999999999999100, -0.9363312550711018200, 0.7540937768374315100 ) ) ;
#3252 = FILL_AREA_STYLE ('',( #3247 ) ) ;
#3253 =( BOUNDED_CURVE ( )  B_SPLINE_CURVE ( 3, ( #3251, #3250, #3249, #3248 ),
 .UNSPECIFIED., .F., .T. ) 
 B_SPLINE_CURVE_WITH_KNOTS ( ( 4, 4 ),
 ( 4.712388980384689700, 6.283185307179586200 ),
 .UNSPECIFIED. ) 
 CURVE ( )  GEOMETRIC_REPRESENTATION_ITEM ( )  RATIONAL_B_SPLINE_CURVE ( ( 1.000000000000000000, 0.8047378541243649400, 0.8047378541243649400, 1.000000000000000000 ) ) 
 REPRESENTATION_ITEM ( '' )  );
#3254 = COLOUR_RGB ( '',0.8470588235294117500, 0.8470588235294117500, 0.8470588235294117500 ) ;
#3255 = FACE_OUTER_BOUND ( 'NONE', #1040, .T. ) ;
#3256 = FILL_AREA_STYLE ('',( #3257 ) ) ;
#3257 = FILL_AREA_STYLE_COLOUR ( '', #3258 ) ;
#3258 = COLOUR_RGB ( '',0.8470588235294117500, 0.8470588235294117500, 0.8470588235294117500 ) ;
#3259 =( GEOMETRIC_REPRESENTATION_CONTEXT ( 3 ) GLOBAL_UNCERTAINTY_ASSIGNED_CONTEXT ( ( #3240 ) ) GLOBAL_UNIT_ASSIGNED_CONTEXT ( ( #3211, #3242, #3241 ) ) REPRESENTATION_CONTEXT ( 'NONE', 'WORKASPACE' ) );
#3260 = DIRECTION ( 'NONE',  ( 1.000000000000000000, 0.0000000000000000000, 0.0000000000000000000 ) ) ;
#3261 = DIRECTION ( 'NONE',  ( 0.0000000000000000000, 1.000000000000000000, 0.0000000000000000000 ) ) ;
#3262 = AXIS2_PLACEMENT_3D ( 'NONE', #3279, #3261, #3260 ) ;
#3263 = DIRECTION ( 'NONE',  ( 0.0000000000000000000, -0.2503415400683179400, -0.9681575870261115400 ) ) ;
#3264 = CARTESIAN_POINT ( 'NONE',  ( 2.034999999999999300, -0.7799029738905034500, 1.359056210195956000 ) ) ;
#3265 = AXIS2_PLACEMENT_3D ( 'NONE', #3264, #3263, #3192 ) ;
#3266 = CIRCLE ( 'NONE', #3265, 0.05000000000000003700 ) ;
#3267 = FILL_AREA_STYLE_COLOUR ( '', #3190 ) ;
#3268 =( NAMED_UNIT ( * ) SI_UNIT ( $, .STERADIAN. ) SOLID_ANGLE_UNIT ( ) );
#3269 = DIRECTION ( 'NONE',  ( 0.0000000000000000000, 0.0000000000000000000, -1.000000000000000000 ) ) ;
#3270 = SURFACE_STYLE_USAGE ( .BOTH. , #3271 ) ;
#3271 = SURFACE_SIDE_STYLE ('',( #3272 ) ) ;
#3272 = SURFACE_STYLE_FILL_AREA ( #3273 ) ;
#3273 = FILL_AREA_STYLE ('',( #3175 ) ) ;
#3274 = MECHANICAL_DESIGN_GEOMETRIC_PRESENTATION_REPRESENTATION (  '', ( #3276 ), #3193 ) ;
#3275 = PRESENTATION_LAYER_ASSIGNMENT (  '', '', ( #3276 ) ) ;
#3276 = STYLED_ITEM ( 'NONE', ( #3277 ), #1023 ) ;
#3277 = PRESENTATION_STYLE_ASSIGNMENT (( #3270 ) ) ;
#3278 = SPHERICAL_SURFACE ( 'NONE', #3262, 0.05000000000000000300 ) ;
#3279 = CARTESIAN_POINT ( 'NONE',  ( 1.404999999999999600, -1.472999999999999600, 0.7540937768374315100 ) ) ;
#3280 =( GEOMETRIC_REPRESENTATION_CONTEXT ( 3 ) GLOBAL_UNCERTAINTY_ASSIGNED_CONTEXT ( ( #3218 ) ) GLOBAL_UNIT_ASSIGNED_CONTEXT ( ( #3243, #3194, #3219 ) ) REPRESENTATION_CONTEXT ( 'NONE', 'WORKASPACE' ) );
#3281 =( NAMED_UNIT ( * ) PLANE_ANGLE_UNIT ( ) SI_UNIT ( $, .RADIAN. ) );
#3282 = FILL_AREA_STYLE_COLOUR ( '', #3336 ) ;
#3283 = DIRECTION ( 'NONE',  ( 0.0000000000000000000, -1.000000000000000000, 0.0000000000000000000 ) ) ;
#3284 = DIRECTION ( 'NONE',  ( -1.000000000000000000, 1.084202172485504600E-016, -2.736911063134408300E-048 ) ) ;
#3285 = CARTESIAN_POINT ( 'NONE',  ( 2.084999999999999100, -1.472999999999999900, 0.5840937768374314700 ) ) ;
#3286 = AXIS2_PLACEMENT_3D ( 'NONE', #3285, #3284, #3283 ) ;
#3287 =( NAMED_UNIT ( * ) PLANE_ANGLE_UNIT ( ) SI_UNIT ( $, .RADIAN. ) );
#3288 = CARTESIAN_POINT ( 'NONE',  ( 3.804999999999999300, -1.759118024857731200E-016, 1.573981071380927500 ) ) ;
#3289 = LINE ( 'NONE', #3288, #3367 ) ;
#3290 = DIRECTION ( 'NONE',  ( 0.0000000000000000000, 0.0000000000000000000, -1.000000000000000000 ) ) ;
#3291 = DIRECTION ( 'NONE',  ( -0.0000000000000000000, -1.000000000000000000, -0.0000000000000000000 ) ) ;
#3292 = CARTESIAN_POINT ( 'NONE',  ( 1.404999999999999600, -0.9750469801750302200, 0.5840937768374312400 ) ) ;
#3293 = AXIS2_PLACEMENT_3D ( 'NONE', #3292, #3291, #3290 ) ;
#3294 = CIRCLE ( 'NONE', #3293, 0.05000000000000002400 ) ;
#3295 = DIRECTION ( 'NONE',  ( 1.000000000000000000, -1.084202172485502600E-016, 0.0000000000000000000 ) ) ;
#3296 = DIRECTION ( 'NONE',  ( -1.084202172485504400E-016, -1.000000000000000000, 0.0000000000000000000 ) ) ;
#3297 = AXIS2_PLACEMENT_3D ( 'NONE', #3392, #3296, #3295 ) ;
#3298 = CYLINDRICAL_SURFACE ( 'NONE', #3297, 0.05000000000000012800 ) ;
#3299 = PRESENTATION_STYLE_ASSIGNMENT (( #3300 ) ) ;
#3300 = SURFACE_STYLE_USAGE ( .BOTH. , #3301 ) ;
#3301 = SURFACE_SIDE_STYLE ('',( #3302 ) ) ;
#3302 = SURFACE_STYLE_FILL_AREA ( #3303 ) ;
#3303 = FILL_AREA_STYLE ('',( #3412 ) ) ;
#3304 = COLOUR_RGB ( '',0.8470588235294117500, 0.8470588235294117500, 0.8470588235294117500 ) ;
#3305 = FACE_OUTER_BOUND ( 'NONE', #1217, .T. ) ;
#3306 = DIRECTION ( 'NONE',  ( 0.0000000000000000000, 0.0000000000000000000, -1.000000000000000000 ) ) ;
#3307 = DIRECTION ( 'NONE',  ( 1.084202172485504400E-016, 1.000000000000000000, -1.978640747033070800E-016 ) ) ;
#3308 = CARTESIAN_POINT ( 'NONE',  ( 2.034999999999999300, -1.472999999999999900, 0.5840937768374314700 ) ) ;
#3309 = AXIS2_PLACEMENT_3D ( 'NONE', #3308, #3307, #3306 ) ;
#3310 =( NAMED_UNIT ( * ) SI_UNIT ( $, .STERADIAN. ) SOLID_ANGLE_UNIT ( ) );
#3311 =( NAMED_UNIT ( * ) PLANE_ANGLE_UNIT ( ) SI_UNIT ( $, .RADIAN. ) );
#3312 = CARTESIAN_POINT ( 'NONE',  ( 3.124999999999999600, -1.084202172485504400E-016, 1.523981071380927600 ) ) ;
#3313 = DIRECTION ( 'NONE',  ( -0.0000000000000000000, -0.0000000000000000000, -1.000000000000000000 ) ) ;
#3314 = VECTOR ( 'NONE', #3313, 1000.000000000000000 ) ;
#3315 = CARTESIAN_POINT ( 'NONE',  ( 3.124999999999999600, -1.522999999999999900, 0.5840937768374315800 ) ) ;
#3316 = LINE ( 'NONE', #3315, #3314 ) ;
#3317 = DIRECTION ( 'NONE',  ( -1.000000000000000000, 1.084202172485502600E-016, 0.0000000000000000000 ) ) ;
#3318 = CARTESIAN_POINT ( 'NONE',  ( 3.124999999999999600, -1.472999999999999900, 0.5340937768374314200 ) ) ;
#3319 = DIRECTION ( 'NONE',  ( 1.084202172485504400E-016, 1.000000000000000000, -0.0000000000000000000 ) ) ;
#3320 = VECTOR ( 'NONE', #3319, 1000.000000000000000 ) ;
#3321 = CARTESIAN_POINT ( 'NONE',  ( 3.804999999999999300, -0.9750469801750290000, 1.353981071380927500 ) ) ;
#3322 = LINE ( 'NONE', #3321, #3320 ) ;
#3323 = CARTESIAN_POINT ( 'NONE',  ( 1.404999999999999600, -0.9750469801750288900, 0.8040937768374313300 ) ) ;
#3324 = AXIS2_PLACEMENT_3D ( 'NONE', #3357, #3427, #3426 ) ;
#3325 = CYLINDRICAL_SURFACE ( 'NONE', #3324, 0.05000000000000012800 ) ;
#3326 = COLOUR_RGB ( '',0.8470588235294117500, 0.8470588235294117500, 0.8470588235294117500 ) ;
#3327 = FACE_OUTER_BOUND ( 'NONE', #1220, .T. ) ;
#3328 =( GEOMETRIC_REPRESENTATION_CONTEXT ( 3 ) GLOBAL_UNCERTAINTY_ASSIGNED_CONTEXT ( ( #3355 ) ) GLOBAL_UNIT_ASSIGNED_CONTEXT ( ( #3405, #3287, #3356 ) ) REPRESENTATION_CONTEXT ( 'NONE', 'WORKASPACE' ) );
#3329 = PRESENTATION_LAYER_ASSIGNMENT (  '', '', ( #3330 ) ) ;
#3330 = STYLED_ITEM ( 'NONE', ( #3331 ), #1070 ) ;
#3331 = PRESENTATION_STYLE_ASSIGNMENT (( #3332 ) ) ;
#3332 = SURFACE_STYLE_USAGE ( .BOTH. , #3333 ) ;
#3333 = SURFACE_SIDE_STYLE ('',( #3334 ) ) ;
#3334 = SURFACE_STYLE_FILL_AREA ( #3335 ) ;
#3335 = FILL_AREA_STYLE ('',( #3282 ) ) ;
#3336 = COLOUR_RGB ( '',0.8470588235294117500, 0.8470588235294117500, 0.8470588235294117500 ) ;
#3337 = FACE_OUTER_BOUND ( 'NONE', #1183, .T. ) ;
#3338 = DIRECTION ( 'NONE',  ( 0.0000000000000000000, 4.336808689942015400E-015, 1.000000000000000000 ) ) ;
#3339 = DIRECTION ( 'NONE',  ( 0.0000000000000000000, 1.000000000000000000, -4.336808689942016200E-015 ) ) ;
#3340 = CARTESIAN_POINT ( 'NONE',  ( 2.034999999999999300, -0.9750469801750301100, 0.5840937768374313600 ) ) ;
#3341 = AXIS2_PLACEMENT_3D ( 'NONE', #3340, #3339, #3338 ) ;
#3342 = CIRCLE ( 'NONE', #3341, 0.05000000000000002400 ) ;
#3343 = DIRECTION ( 'NONE',  ( 1.000000000000000000, 0.0000000000000000000, -0.0000000000000000000 ) ) ;
#3344 = CARTESIAN_POINT ( 'NONE',  ( 2.034999999999999300, -1.472999999999999900, 0.7540937768374315100 ) ) ;
#3345 = AXIS2_PLACEMENT_3D ( 'NONE', #3344, #3343, #3382 ) ;
#3346 = CIRCLE ( 'NONE', #3345, 0.05000000000000002400 ) ;
#3347 =( NAMED_UNIT ( * ) SI_UNIT ( $, .STERADIAN. ) SOLID_ANGLE_UNIT ( ) );
#3348 =( GEOMETRIC_REPRESENTATION_CONTEXT ( 3 ) GLOBAL_UNCERTAINTY_ASSIGNED_CONTEXT ( ( #3349 ) ) GLOBAL_UNIT_ASSIGNED_CONTEXT ( ( #3396, #3311, #3310 ) ) REPRESENTATION_CONTEXT ( 'NONE', 'WORKASPACE' ) );
#3349 = UNCERTAINTY_MEASURE_WITH_UNIT (LENGTH_MEASURE( 1.000000000000000100E-005 ), #3396, 'distance_accuracy_value', 'NONE');
#3350 = CYLINDRICAL_SURFACE ( 'NONE', #3377, 0.05000000000000002400 ) ;
#3351 = FACE_OUTER_BOUND ( 'NONE', #1062, .T. ) ;
#3352 = FILL_AREA_STYLE_COLOUR ( '', #3374 ) ;
#3353 = CARTESIAN_POINT ( 'NONE',  ( 1.404999999999999600, -0.9750469801750290000, 0.5840937768374313600 ) ) ;
#3354 = UNCERTAINTY_MEASURE_WITH_UNIT (LENGTH_MEASURE( 1.000000000000000100E-005 ), #3197, 'distance_accuracy_value', 'NONE');
#3355 = UNCERTAINTY_MEASURE_WITH_UNIT (LENGTH_MEASURE( 1.000000000000000100E-005 ), #3405, 'distance_accuracy_value', 'NONE');
#3356 =( NAMED_UNIT ( * ) SI_UNIT ( $, .STERADIAN. ) SOLID_ANGLE_UNIT ( ) );
#3357 = CARTESIAN_POINT ( 'NONE',  ( 2.034999999999999300, -1.704907916233456000E-016, 1.523981071380927600 ) ) ;
#3358 =( GEOMETRIC_REPRESENTATION_CONTEXT ( 3 ) GLOBAL_UNCERTAINTY_ASSIGNED_CONTEXT ( ( #3390 ) ) GLOBAL_UNIT_ASSIGNED_CONTEXT ( ( #3403, #3395, #3391 ) ) REPRESENTATION_CONTEXT ( 'NONE', 'WORKASPACE' ) );
#3359 = CARTESIAN_POINT ( 'NONE',  ( 3.804999999999999300, -1.472999999999999900, 0.7540937768374315100 ) ) ;
#3360 = DIRECTION ( 'NONE',  ( -1.084202172485504400E-016, -1.000000000000000000, -0.0000000000000000000 ) ) ;
#3361 = VECTOR ( 'NONE', #3360, 1000.000000000000000 ) ;
#3362 = CARTESIAN_POINT ( 'NONE',  ( 3.804999999999999300, -0.9750469801750290000, 0.7540937768374315100 ) ) ;
#3363 = LINE ( 'NONE', #3362, #3361 ) ;
#3364 = CARTESIAN_POINT ( 'NONE',  ( 3.804999999999999300, -0.5669083047447572900, 1.523981071380927600 ) ) ;
#3365 = CARTESIAN_POINT ( 'NONE',  ( 3.754999999999999000, -1.704907916233456000E-016, 1.573981071380927500 ) ) ;
#3366 = DIRECTION ( 'NONE',  ( -1.000000000000000000, 1.084202172485504600E-016, 0.0000000000000000000 ) ) ;
#3367 = VECTOR ( 'NONE', #3366, 1000.000000000000000 ) ;
#3368 = STYLED_ITEM ( 'NONE', ( #3369 ), #1060 ) ;
#3369 = PRESENTATION_STYLE_ASSIGNMENT (( #3370 ) ) ;
#3370 = SURFACE_STYLE_USAGE ( .BOTH. , #3371 ) ;
#3371 = SURFACE_SIDE_STYLE ('',( #3372 ) ) ;
#3372 = SURFACE_STYLE_FILL_AREA ( #3373 ) ;
#3373 = FILL_AREA_STYLE ('',( #3352 ) ) ;
#3374 = COLOUR_RGB ( '',0.8470588235294117500, 0.8470588235294117500, 0.8470588235294117500 ) ;
#3375 = DIRECTION ( 'NONE',  ( 0.0000000000000000000, 0.0000000000000000000, 1.000000000000000000 ) ) ;
#3376 = DIRECTION ( 'NONE',  ( 1.084202172485504400E-016, 1.000000000000000000, -1.978640747033070800E-016 ) ) ;
#3377 = AXIS2_PLACEMENT_3D ( 'NONE', #3353, #3376, #3375 ) ;
#3378 = SURFACE_STYLE_FILL_AREA ( #3379 ) ;
#3379 = FILL_AREA_STYLE ('',( #3380 ) ) ;
#3380 = FILL_AREA_STYLE_COLOUR ( '', #3381 ) ;
#3381 = COLOUR_RGB ( '',0.8470588235294117500, 0.8470588235294117500, 0.8470588235294117500 ) ;
#3382 = DIRECTION ( 'NONE',  ( 0.0000000000000000000, 0.0000000000000000000, -1.000000000000000000 ) ) ;
#3383 = DIRECTION ( 'NONE',  ( -1.000000000000000000, 1.084202172485504600E-016, 0.0000000000000000000 ) ) ;
#3384 = UNCERTAINTY_MEASURE_WITH_UNIT (LENGTH_MEASURE( 1.000000000000000100E-005 ), #3399, 'distance_accuracy_value', 'NONE');
#3385 =( NAMED_UNIT ( * ) SI_UNIT ( $, .STERADIAN. ) SOLID_ANGLE_UNIT ( ) );
#3386 =( NAMED_UNIT ( * ) PLANE_ANGLE_UNIT ( ) SI_UNIT ( $, .RADIAN. ) );
#3387 = DIRECTION ( 'NONE',  ( 0.0000000000000000000, -1.000000000000000000, 0.0000000000000000000 ) ) ;
#3388 = AXIS2_PLACEMENT_3D ( 'NONE', #3410, #3383, #3387 ) ;
#3389 = CYLINDRICAL_SURFACE ( 'NONE', #3388, 0.04999999999999991300 ) ;
#3390 = UNCERTAINTY_MEASURE_WITH_UNIT (LENGTH_MEASURE( 1.000000000000000100E-005 ), #3403, 'distance_accuracy_value', 'NONE');
#3391 =( NAMED_UNIT ( * ) SI_UNIT ( $, .STERADIAN. ) SOLID_ANGLE_UNIT ( ) );
#3392 = CARTESIAN_POINT ( 'NONE',  ( 2.034999999999999300, -1.704907916233456000E-016, 1.353981071380927500 ) ) ;
#3393 =( GEOMETRIC_REPRESENTATION_CONTEXT ( 3 ) GLOBAL_UNCERTAINTY_ASSIGNED_CONTEXT ( ( #3394 ) ) GLOBAL_UNIT_ASSIGNED_CONTEXT ( ( #3430, #3429, #3428 ) ) REPRESENTATION_CONTEXT ( 'NONE', 'WORKASPACE' ) );
#3394 = UNCERTAINTY_MEASURE_WITH_UNIT (LENGTH_MEASURE( 1.000000000000000100E-005 ), #3430, 'distance_accuracy_value', 'NONE');
#3395 =( NAMED_UNIT ( * ) PLANE_ANGLE_UNIT ( ) SI_UNIT ( $, .RADIAN. ) );
#3396 =( LENGTH_UNIT ( ) NAMED_UNIT ( * ) SI_UNIT ( .MILLI., .METRE. ) );
#3397 = MECHANICAL_DESIGN_GEOMETRIC_PRESENTATION_REPRESENTATION (  '', ( #3368 ), #3348 ) ;
#3398 = PRESENTATION_LAYER_ASSIGNMENT (  '', '', ( #3368 ) ) ;
#3399 =( LENGTH_UNIT ( ) NAMED_UNIT ( * ) SI_UNIT ( .MILLI., .METRE. ) );
#3400 = MECHANICAL_DESIGN_GEOMETRIC_PRESENTATION_REPRESENTATION (  '', ( #3402 ), #3419 ) ;
#3401 = PRESENTATION_LAYER_ASSIGNMENT (  '', '', ( #3402 ) ) ;
#3402 = STYLED_ITEM ( 'NONE', ( #3299 ), #1067 ) ;
#3403 =( LENGTH_UNIT ( ) NAMED_UNIT ( * ) SI_UNIT ( .MILLI., .METRE. ) );
#3404 = MECHANICAL_DESIGN_GEOMETRIC_PRESENTATION_REPRESENTATION (  '', ( #3433 ), #3358 ) ;
#3405 =( LENGTH_UNIT ( ) NAMED_UNIT ( * ) SI_UNIT ( .MILLI., .METRE. ) );
#3406 = MECHANICAL_DESIGN_GEOMETRIC_PRESENTATION_REPRESENTATION (  '', ( #3408 ), #3328 ) ;
#3407 = PRESENTATION_LAYER_ASSIGNMENT (  '', '', ( #3408 ) ) ;
#3408 = STYLED_ITEM ( 'NONE', ( #3409 ), #1054 ) ;
#3409 = PRESENTATION_STYLE_ASSIGNMENT (( #3422 ) ) ;
#3410 = CARTESIAN_POINT ( 'NONE',  ( 2.084999999999999100, -1.472999999999999900, 0.7540937768374315100 ) ) ;
#3411 = CIRCLE ( 'NONE', #3309, 0.05000000000000002400 ) ;
#3412 = FILL_AREA_STYLE_COLOUR ( '', #3304 ) ;
#3413 = DIRECTION ( 'NONE',  ( 1.084202172485504600E-016, 1.000000000000000000, 0.0000000000000000000 ) ) ;
#3414 = DIRECTION ( 'NONE',  ( 1.000000000000000000, -1.084202172485504400E-016, -0.0000000000000000000 ) ) ;
#3415 = AXIS2_PLACEMENT_3D ( 'NONE', #3323, #3414, #3413 ) ;
#3416 = TOROIDAL_SURFACE ( 'NONE', #3415, 0.2200000000000001100, 0.05000000000000000300 ) ;
#3417 = FACE_OUTER_BOUND ( 'NONE', #1051, .T. ) ;
#3418 = CYLINDRICAL_SURFACE ( 'NONE', #3286, 0.04999999999999991300 ) ;
#3419 =( GEOMETRIC_REPRESENTATION_CONTEXT ( 3 ) GLOBAL_UNCERTAINTY_ASSIGNED_CONTEXT ( ( #3384 ) ) GLOBAL_UNIT_ASSIGNED_CONTEXT ( ( #3399, #3386, #3385 ) ) REPRESENTATION_CONTEXT ( 'NONE', 'WORKASPACE' ) );
#3420 =( GEOMETRIC_REPRESENTATION_CONTEXT ( 3 ) GLOBAL_UNCERTAINTY_ASSIGNED_CONTEXT ( ( #3354 ) ) GLOBAL_UNIT_ASSIGNED_CONTEXT ( ( #3197, #3196, #3347 ) ) REPRESENTATION_CONTEXT ( 'NONE', 'WORKASPACE' ) );
#3421 = FILL_AREA_STYLE_COLOUR ( '', #3326 ) ;
#3422 = SURFACE_STYLE_USAGE ( .BOTH. , #3423 ) ;
#3423 = SURFACE_SIDE_STYLE ('',( #3424 ) ) ;
#3424 = SURFACE_STYLE_FILL_AREA ( #3425 ) ;
#3425 = FILL_AREA_STYLE ('',( #3421 ) ) ;
#3426 = DIRECTION ( 'NONE',  ( -1.000000000000000000, 1.084202172485502600E-016, 0.0000000000000000000 ) ) ;
#3427 = DIRECTION ( 'NONE',  ( 1.084202172485504400E-016, 1.000000000000000000, 0.0000000000000000000 ) ) ;
#3428 =( NAMED_UNIT ( * ) SI_UNIT ( $, .STERADIAN. ) SOLID_ANGLE_UNIT ( ) );
#3429 =( NAMED_UNIT ( * ) PLANE_ANGLE_UNIT ( ) SI_UNIT ( $, .RADIAN. ) );
#3430 =( LENGTH_UNIT ( ) NAMED_UNIT ( * ) SI_UNIT ( .MILLI., .METRE. ) );
#3431 = MECHANICAL_DESIGN_GEOMETRIC_PRESENTATION_REPRESENTATION (  '', ( #3330 ), #3393 ) ;
#3432 = PRESENTATION_LAYER_ASSIGNMENT (  '', '', ( #3433 ) ) ;
#3433 = STYLED_ITEM ( 'NONE', ( #3434 ), #1050 ) ;
#3434 = PRESENTATION_STYLE_ASSIGNMENT (( #3435 ) ) ;
#3435 = SURFACE_STYLE_USAGE ( .BOTH. , #3436 ) ;
#3436 = SURFACE_SIDE_STYLE ('',( #3378 ) ) ;
#3437 = CARTESIAN_POINT ( 'NONE',  ( 3.124999999999999600, -0.5669083047447584000, 1.303981071380927400 ) ) ;
#3438 = DIRECTION ( 'NONE',  ( 0.0000000000000000000, 0.0000000000000000000, 1.000000000000000000 ) ) ;
#3439 = LINE ( 'NONE', #3464, #3531 ) ;
#3440 = AXIS2_PLACEMENT_3D ( 'NONE', #3312, #3567, #3590 ) ;
#3441 =( GEOMETRIC_REPRESENTATION_CONTEXT ( 3 ) GLOBAL_UNCERTAINTY_ASSIGNED_CONTEXT ( ( #3442 ) ) GLOBAL_UNIT_ASSIGNED_CONTEXT ( ( #3518, #3517, #3443 ) ) REPRESENTATION_CONTEXT ( 'NONE', 'WORKASPACE' ) );
#3442 = UNCERTAINTY_MEASURE_WITH_UNIT (LENGTH_MEASURE( 1.000000000000000100E-005 ), #3518, 'distance_accuracy_value', 'NONE');
#3443 =( NAMED_UNIT ( * ) SI_UNIT ( $, .STERADIAN. ) SOLID_ANGLE_UNIT ( ) );
#3444 = DIRECTION ( 'NONE',  ( -1.084202172485504400E-016, -1.000000000000000000, 0.0000000000000000000 ) ) ;
#3445 = DIRECTION ( 'NONE',  ( 0.0000000000000000000, 0.0000000000000000000, -1.000000000000000000 ) ) ;
#3446 = VECTOR ( 'NONE', #3445, 1000.000000000000000 ) ;
#3447 =( NAMED_UNIT ( * ) SI_UNIT ( $, .STERADIAN. ) SOLID_ANGLE_UNIT ( ) );
#3448 =( NAMED_UNIT ( * ) PLANE_ANGLE_UNIT ( ) SI_UNIT ( $, .RADIAN. ) );
#3449 =( LENGTH_UNIT ( ) NAMED_UNIT ( * ) SI_UNIT ( .MILLI., .METRE. ) );
#3450 = CARTESIAN_POINT ( 'NONE',  ( 3.804999999999999300, -0.9750469801750290000, 0.8040937768374313300 ) ) ;
#3451 = VECTOR ( 'NONE', #3444, 1000.000000000000000 ) ;
#3452 = CARTESIAN_POINT ( 'NONE',  ( 3.124999999999999600, -0.5669083047447569500, 1.573981071380927500 ) ) ;
#3453 = LINE ( 'NONE', #3452, #3451 ) ;
#3454 = VECTOR ( 'NONE', #3486, 1000.000000000000000 ) ;
#3455 = CARTESIAN_POINT ( 'NONE',  ( 3.754999999999999000, -1.704907916233456000E-016, 1.303981071380927400 ) ) ;
#3456 = LINE ( 'NONE', #3455, #3454 ) ;
#3457 = DIRECTION ( 'NONE',  ( 0.0000000000000000000, 1.000000000000000000, 0.0000000000000000000 ) ) ;
#3458 = DIRECTION ( 'NONE',  ( 1.000000000000000000, -1.084202172485504400E-016, -0.0000000000000000000 ) ) ;
#3459 = CARTESIAN_POINT ( 'NONE',  ( 3.124999999999999600, -0.9750469801750288900, 0.8040937768374313300 ) ) ;
#3460 = AXIS2_PLACEMENT_3D ( 'NONE', #3459, #3458, #3457 ) ;
#3461 = CIRCLE ( 'NONE', #3460, 0.2700000000000000700 ) ;
#3462 = LINE ( 'NONE', #3509, #3508 ) ;
#3463 = UNCERTAINTY_MEASURE_WITH_UNIT (LENGTH_MEASURE( 1.000000000000000100E-005 ), #3477, 'distance_accuracy_value', 'NONE');
#3464 = CARTESIAN_POINT ( 'NONE',  ( 3.074999999999999700, -1.472999999999999900, 0.8040937768374314400 ) ) ;
#3465 = DIRECTION ( 'NONE',  ( 1.000000000000000000, -1.084202172485504600E-016, -0.0000000000000000000 ) ) ;
#3466 = VECTOR ( 'NONE', #3465, 1000.000000000000000 ) ;
#3467 = CARTESIAN_POINT ( 'NONE',  ( 3.804999999999999300, -1.472999999999999900, 0.8040937768374314400 ) ) ;
#3468 = MECHANICAL_DESIGN_GEOMETRIC_PRESENTATION_REPRESENTATION (  '', ( #3470 ), #3510 ) ;
#3469 = PRESENTATION_LAYER_ASSIGNMENT (  '', '', ( #3470 ) ) ;
#3470 = STYLED_ITEM ( 'NONE', ( #3471 ), #1111 ) ;
#3471 = PRESENTATION_STYLE_ASSIGNMENT (( #3472 ) ) ;
#3472 = SURFACE_STYLE_USAGE ( .BOTH. , #3473 ) ;
#3473 = SURFACE_SIDE_STYLE ('',( #3474 ) ) ;
#3474 = SURFACE_STYLE_FILL_AREA ( #3475 ) ;
#3475 = FILL_AREA_STYLE ('',( #3504 ) ) ;
#3476 = COLOUR_RGB ( '',0.8470588235294117500, 0.8470588235294117500, 0.8470588235294117500 ) ;
#3477 =( LENGTH_UNIT ( ) NAMED_UNIT ( * ) SI_UNIT ( .MILLI., .METRE. ) );
#3478 = MECHANICAL_DESIGN_GEOMETRIC_PRESENTATION_REPRESENTATION (  '', ( #3512 ), #3530 ) ;
#3479 = PRESENTATION_LAYER_ASSIGNMENT (  '', '', ( #3512 ) ) ;
#3480 = FILL_AREA_STYLE_COLOUR ( '', #3481 ) ;
#3481 = COLOUR_RGB ( '',0.8470588235294117500, 0.8470588235294117500, 0.8470588235294117500 ) ;
#3482 = FACE_OUTER_BOUND ( 'NONE', #1224, .T. ) ;
#3483 = VECTOR ( 'NONE', #3488, 1000.000000000000100 ) ;
#3484 =( NAMED_UNIT ( * ) SI_UNIT ( $, .STERADIAN. ) SOLID_ANGLE_UNIT ( ) );
#3485 =( NAMED_UNIT ( * ) PLANE_ANGLE_UNIT ( ) SI_UNIT ( $, .RADIAN. ) );
#3486 = DIRECTION ( 'NONE',  ( -1.084202172485504400E-016, -1.000000000000000000, 0.0000000000000000000 ) ) ;
#3487 = CARTESIAN_POINT ( 'NONE',  ( 3.804999999999999300, -1.759118024857731200E-016, 1.353981071380927500 ) ) ;
#3488 = DIRECTION ( 'NONE',  ( 2.714208416054376200E-017, 0.2503415400683182100, 0.9681575870261114300 ) ) ;
#3489 = CARTESIAN_POINT ( 'NONE',  ( 3.124999999999999600, -0.5669083047447582800, 1.303981071380927700 ) ) ;
#3490 = LINE ( 'NONE', #3489, #3483 ) ;
#3491 = FILL_AREA_STYLE ('',( #3480 ) ) ;
#3492 = FILL_AREA_STYLE ('',( #3493 ) ) ;
#3493 = FILL_AREA_STYLE_COLOUR ( '', #3494 ) ;
#3494 = COLOUR_RGB ( '',0.8470588235294117500, 0.8470588235294117500, 0.8470588235294117500 ) ;
#3495 = FACE_OUTER_BOUND ( 'NONE', #1219, .T. ) ;
#3496 = CARTESIAN_POINT ( 'NONE',  ( 3.754999999999999000, -1.704907916233456000E-016, 1.303981071380927400 ) ) ;
#3497 = CARTESIAN_POINT ( 'NONE',  ( 3.124999999999999600, -0.9750469801750302200, 0.5340937768374313100 ) ) ;
#3498 = DIRECTION ( 'NONE',  ( -1.000000000000000000, 1.084202172485504600E-016, 0.0000000000000000000 ) ) ;
#3499 = VECTOR ( 'NONE', #3498, 1000.000000000000000 ) ;
#3500 = CARTESIAN_POINT ( 'NONE',  ( 3.804999999999999300, -0.8283108532418089800, 1.371573287199372000 ) ) ;
#3501 = LINE ( 'NONE', #3500, #3499 ) ;
#3502 = DIRECTION ( 'NONE',  ( 0.0000000000000000000, -1.000000000000000000, 0.0000000000000000000 ) ) ;
#3503 = LINE ( 'NONE', #3467, #3466 ) ;
#3504 = FILL_AREA_STYLE_COLOUR ( '', #3476 ) ;
#3505 = FACE_OUTER_BOUND ( 'NONE', #1112, .T. ) ;
#3506 = CARTESIAN_POINT ( 'NONE',  ( 3.124999999999999600, -1.522999999999999900, 0.7540937768374315100 ) ) ;
#3507 = DIRECTION ( 'NONE',  ( -1.000000000000000000, 1.084202172485504600E-016, 0.0000000000000000000 ) ) ;
#3508 = VECTOR ( 'NONE', #3507, 1000.000000000000000 ) ;
#3509 = CARTESIAN_POINT ( 'NONE',  ( 3.804999999999999300, -1.522999999999999900, 0.7540937768374315100 ) ) ;
#3510 =( GEOMETRIC_REPRESENTATION_CONTEXT ( 3 ) GLOBAL_UNCERTAINTY_ASSIGNED_CONTEXT ( ( #3511 ) ) GLOBAL_UNIT_ASSIGNED_CONTEXT ( ( #3449, #3448, #3447 ) ) REPRESENTATION_CONTEXT ( 'NONE', 'WORKASPACE' ) );
#3511 = UNCERTAINTY_MEASURE_WITH_UNIT (LENGTH_MEASURE( 1.000000000000000100E-005 ), #3449, 'distance_accuracy_value', 'NONE');
#3512 = STYLED_ITEM ( 'NONE', ( #3513 ), #1106 ) ;
#3513 = PRESENTATION_STYLE_ASSIGNMENT (( #3514 ) ) ;
#3514 = SURFACE_STYLE_USAGE ( .BOTH. , #3515 ) ;
#3515 = SURFACE_SIDE_STYLE ('',( #3516 ) ) ;
#3516 = SURFACE_STYLE_FILL_AREA ( #3491 ) ;
#3517 =( NAMED_UNIT ( * ) PLANE_ANGLE_UNIT ( ) SI_UNIT ( $, .RADIAN. ) );
#3518 =( LENGTH_UNIT ( ) NAMED_UNIT ( * ) SI_UNIT ( .MILLI., .METRE. ) );
#3519 = MECHANICAL_DESIGN_GEOMETRIC_PRESENTATION_REPRESENTATION (  '', ( #3521 ), #3441 ) ;
#3520 = PRESENTATION_LAYER_ASSIGNMENT (  '', '', ( #3521 ) ) ;
#3521 = STYLED_ITEM ( 'NONE', ( #3522 ), #1119 ) ;
#3522 = PRESENTATION_STYLE_ASSIGNMENT (( #3523 ) ) ;
#3523 = SURFACE_STYLE_USAGE ( .BOTH. , #3524 ) ;
#3524 = SURFACE_SIDE_STYLE ('',( #3525 ) ) ;
#3525 = SURFACE_STYLE_FILL_AREA ( #3492 ) ;
#3526 = DIRECTION ( 'NONE',  ( 0.0000000000000000000, -1.000000000000000000, 0.0000000000000000000 ) ) ;
#3527 = DIRECTION ( 'NONE',  ( -1.000000000000000000, 1.084202172485504600E-016, 0.0000000000000000000 ) ) ;
#3528 = AXIS2_PLACEMENT_3D ( 'NONE', #3450, #3527, #3526 ) ;
#3529 = CYLINDRICAL_SURFACE ( 'NONE', #3528, 0.2700000000000001800 ) ;
#3530 =( GEOMETRIC_REPRESENTATION_CONTEXT ( 3 ) GLOBAL_UNCERTAINTY_ASSIGNED_CONTEXT ( ( #3463 ) ) GLOBAL_UNIT_ASSIGNED_CONTEXT ( ( #3477, #3485, #3484 ) ) REPRESENTATION_CONTEXT ( 'NONE', 'WORKASPACE' ) );
#3531 = VECTOR ( 'NONE', #3438, 1000.000000000000000 ) ;
#3532 = LINE ( 'NONE', #3537, #3536 ) ;
#3533 = CARTESIAN_POINT ( 'NONE',  ( 3.754999999999999000, -0.9750469801750303300, 0.5340937768374313100 ) ) ;
#3534 = CARTESIAN_POINT ( 'NONE',  ( 3.124999999999999600, -0.7136444316779782000, 0.7365015610189868900 ) ) ;
#3535 = DIRECTION ( 'NONE',  ( -1.000000000000000000, 1.084202172485504600E-016, 0.0000000000000000000 ) ) ;
#3536 = VECTOR ( 'NONE', #3535, 1000.000000000000000 ) ;
#3537 = CARTESIAN_POINT ( 'NONE',  ( 3.804999999999999300, -0.9750469801750303300, 0.5340937768374313100 ) ) ;
#3538 = CARTESIAN_POINT ( 'NONE',  ( 3.074999999999999700, -9.676504389433130800E-017, 1.573981071380927500 ) ) ;
#3539 = LINE ( 'NONE', #3538, #3446 ) ;
#3540 = DIRECTION ( 'NONE',  ( -1.000000000000000000, 1.084202172485504600E-016, 0.0000000000000000000 ) ) ;
#3541 = AXIS2_PLACEMENT_3D ( 'NONE', #3543, #3540, #3502 ) ;
#3542 = CYLINDRICAL_SURFACE ( 'NONE', #3541, 0.2700000000000000700 ) ;
#3543 = CARTESIAN_POINT ( 'NONE',  ( 3.804999999999999300, -0.5669083047447585100, 1.303981071380927400 ) ) ;
#3544 = DIRECTION ( 'NONE',  ( -1.084202172485504400E-016, -1.000000000000000000, 0.0000000000000000000 ) ) ;
#3545 = VECTOR ( 'NONE', #3544, 1000.000000000000000 ) ;
#3546 = PLANE ( 'NONE',  #3550 ) ;
#3547 = VECTOR ( 'NONE', #3549, 1000.000000000000000 ) ;
#3548 = CARTESIAN_POINT ( 'NONE',  ( 3.754999999999999000, -0.5669083047447569500, 1.573981071380927500 ) ) ;
#3549 = DIRECTION ( 'NONE',  ( -1.000000000000000000, 1.084202172485504600E-016, 0.0000000000000000000 ) ) ;
#3550 = AXIS2_PLACEMENT_3D ( 'NONE', #3553, #3554, #3556 ) ;
#3551 = CARTESIAN_POINT ( 'NONE',  ( 3.804999999999999300, -0.5669083047447569500, 1.573981071380927500 ) ) ;
#3552 = LINE ( 'NONE', #3551, #3547 ) ;
#3553 = CARTESIAN_POINT ( 'NONE',  ( 3.804999999999999300, -0.7136444316779783100, 0.7365015610189868900 ) ) ;
#3554 = DIRECTION ( 'NONE',  ( 1.049678559162034000E-016, 0.9681575870261115400, -0.2503415400683182700 ) ) ;
#3555 = CARTESIAN_POINT ( 'NONE',  ( 3.124999999999999600, -1.522999999999999900, 0.8040937768374314400 ) ) ;
#3556 = DIRECTION ( 'NONE',  ( 0.0000000000000000000, 0.2503415400683182100, 0.9681575870261114300 ) ) ;
#3557 = DIRECTION ( 'NONE',  ( 0.0000000000000000000, 1.000000000000000000, 8.031127203596326700E-016 ) ) ;
#3558 = DIRECTION ( 'NONE',  ( -1.000000000000000000, 1.084202172485504400E-016, 0.0000000000000000000 ) ) ;
#3559 = CARTESIAN_POINT ( 'NONE',  ( 3.754999999999999000, -0.5669083047447585100, 1.303981071380927400 ) ) ;
#3560 = AXIS2_PLACEMENT_3D ( 'NONE', #3559, #3558, #3557 ) ;
#3561 = CIRCLE ( 'NONE', #3560, 0.2700000000000000700 ) ;
#3562 = CARTESIAN_POINT ( 'NONE',  ( 3.754999999999999000, -1.704907916233456000E-016, 1.353981071380927500 ) ) ;
#3563 = CARTESIAN_POINT ( 'NONE',  ( 3.124999999999999600, -0.8283108532418088600, 1.371573287199372000 ) ) ;
#3564 = DIRECTION ( 'NONE',  ( 1.084202172485504600E-016, 1.000000000000000000, 0.0000000000000000000 ) ) ;
#3565 = AXIS2_PLACEMENT_3D ( 'NONE', #3572, #3564, #3317 ) ;
#3566 = CIRCLE ( 'NONE', #3565, 0.05000000000000012800 ) ;
#3567 = DIRECTION ( 'NONE',  ( 1.084202172485504600E-016, 1.000000000000000000, 0.0000000000000000000 ) ) ;
#3568 = DIRECTION ( 'NONE',  ( -1.000000000000000000, 1.084202172485502600E-016, 0.0000000000000000000 ) ) ;
#3569 = DIRECTION ( 'NONE',  ( 1.084202172485504600E-016, 1.000000000000000000, 0.0000000000000000000 ) ) ;
#3570 = AXIS2_PLACEMENT_3D ( 'NONE', #3562, #3569, #3568 ) ;
#3571 = CIRCLE ( 'NONE', #3570, 0.05000000000000012800 ) ;
#3572 = CARTESIAN_POINT ( 'NONE',  ( 3.754999999999999000, -1.704907916233456000E-016, 1.523981071380927600 ) ) ;
#3573 = DIRECTION ( 'NONE',  ( -1.000000000000000000, 1.084202172485502600E-016, 0.0000000000000000000 ) ) ;
#3574 = DIRECTION ( 'NONE',  ( 1.084202172485504600E-016, 1.000000000000000000, 0.0000000000000000000 ) ) ;
#3575 = CARTESIAN_POINT ( 'NONE',  ( 3.124999999999999600, -1.084202172485504400E-016, 1.353981071380927500 ) ) ;
#3576 = AXIS2_PLACEMENT_3D ( 'NONE', #3575, #3574, #3573 ) ;
#3577 = CIRCLE ( 'NONE', #3576, 0.05000000000000012800 ) ;
#3578 = CARTESIAN_POINT ( 'NONE',  ( 3.124999999999999600, -1.522999999999999900, 0.5840937768374314700 ) ) ;
#3579 = CARTESIAN_POINT ( 'NONE',  ( 3.124999999999999600, -0.5669083047447568400, 1.573981071380927500 ) ) ;
#3580 = LINE ( 'NONE', #3555, #3545 ) ;
#3581 = UNCERTAINTY_MEASURE_WITH_UNIT (LENGTH_MEASURE( 1.000000000000000100E-005 ), #3603, 'distance_accuracy_value', 'NONE');
#3582 =( GEOMETRIC_REPRESENTATION_CONTEXT ( 3 ) GLOBAL_UNCERTAINTY_ASSIGNED_CONTEXT ( ( #3581 ) ) GLOBAL_UNIT_ASSIGNED_CONTEXT ( ( #3603, #3611, #3610 ) ) REPRESENTATION_CONTEXT ( 'NONE', 'WORKASPACE' ) );
#3583 = SURFACE_STYLE_FILL_AREA ( #3599 ) ;
#3584 = CIRCLE ( 'NONE', #3440, 0.05000000000000012800 ) ;
#3585 = VECTOR ( 'NONE', #3625, 999.9999999999998900 ) ;
#3586 = DIRECTION ( 'NONE',  ( 0.0000000000000000000, -1.000000000000000000, 0.0000000000000000000 ) ) ;
#3587 = DIRECTION ( 'NONE',  ( 1.000000000000000000, -1.084202172485504600E-016, 2.736911063134408300E-048 ) ) ;
#3588 = AXIS2_PLACEMENT_3D ( 'NONE', #3623, #3587, #3586 ) ;
#3589 = CIRCLE ( 'NONE', #3588, 0.04999999999999991300 ) ;
#3590 = DIRECTION ( 'NONE',  ( -1.000000000000000000, 1.084202172485502600E-016, 0.0000000000000000000 ) ) ;
#3591 = CARTESIAN_POINT ( 'NONE',  ( 3.804999999999999300, -1.759118024857731200E-016, 1.303981071380927400 ) ) ;
#3592 = PLANE ( 'NONE',  #3597 ) ;
#3593 = CARTESIAN_POINT ( 'NONE',  ( 3.804999999999999300, -1.759118024857731200E-016, 1.303981071380927400 ) ) ;
#3594 = LINE ( 'NONE', #3593, #3618 ) ;
#3595 = DIRECTION ( 'NONE',  ( -1.000000000000000000, 0.0000000000000000000, 0.0000000000000000000 ) ) ;
#3596 = DIRECTION ( 'NONE',  ( -0.0000000000000000000, 0.0000000000000000000, -1.000000000000000000 ) ) ;
#3597 = AXIS2_PLACEMENT_3D ( 'NONE', #3591, #3596, #3595 ) ;
#3598 = MECHANICAL_DESIGN_GEOMETRIC_PRESENTATION_REPRESENTATION (  '', ( #3609 ), #3582 ) ;
#3599 = FILL_AREA_STYLE ('',( #3600 ) ) ;
#3600 = FILL_AREA_STYLE_COLOUR ( '', #3606 ) ;
#3601 = PRESENTATION_LAYER_ASSIGNMENT (  '', '', ( #3609 ) ) ;
#3602 = FACE_OUTER_BOUND ( 'NONE', #1155, .T. ) ;
#3603 =( LENGTH_UNIT ( ) NAMED_UNIT ( * ) SI_UNIT ( .MILLI., .METRE. ) );
#3604 = SURFACE_SIDE_STYLE ('',( #3583 ) ) ;
#3605 = PRESENTATION_STYLE_ASSIGNMENT (( #3607 ) ) ;
#3606 = COLOUR_RGB ( '',0.8470588235294117500, 0.8470588235294117500, 0.8470588235294117500 ) ;
#3607 = SURFACE_STYLE_USAGE ( .BOTH. , #3604 ) ;
#3608 = CARTESIAN_POINT ( 'NONE',  ( 3.124999999999999600, -1.021860547567588500E-016, 1.573981071380927500 ) ) ;
#3609 = STYLED_ITEM ( 'NONE', ( #3605 ), #1140 ) ;
#3610 =( NAMED_UNIT ( * ) SI_UNIT ( $, .STERADIAN. ) SOLID_ANGLE_UNIT ( ) );
#3611 =( NAMED_UNIT ( * ) PLANE_ANGLE_UNIT ( ) SI_UNIT ( $, .RADIAN. ) );
#3612 = DIRECTION ( 'NONE',  ( -0.0000000000000000000, -0.2503415400683133300, -0.9681575870261127600 ) ) ;
#3613 = CARTESIAN_POINT ( 'NONE',  ( 1.404999999999999600, -0.7620523110292838400, 0.7490186380224025400 ) ) ;
#3614 = AXIS2_PLACEMENT_3D ( 'NONE', #3613, #3612, #3624 ) ;
#3615 = CIRCLE ( 'NONE', #3614, 0.04999999999999998900 ) ;
#3616 = CARTESIAN_POINT ( 'NONE',  ( 1.404999999999999600, -1.472999999999999900, 0.5840937768374314700 ) ) ;
#3617 = DIRECTION ( 'NONE',  ( -1.000000000000000000, 1.084202172485504600E-016, 0.0000000000000000000 ) ) ;
#3618 = VECTOR ( 'NONE', #3617, 1000.000000000000000 ) ;
#3619 = DIRECTION ( 'NONE',  ( 0.0000000000000000000, 0.0000000000000000000, 1.000000000000000000 ) ) ;
#3620 = DIRECTION ( 'NONE',  ( 1.084202172485504400E-016, 1.000000000000000000, -1.978640747033070800E-016 ) ) ;
#3621 = AXIS2_PLACEMENT_3D ( 'NONE', #3616, #3620, #3619 ) ;
#3622 = CIRCLE ( 'NONE', #3621, 0.05000000000000002400 ) ;
#3623 = CARTESIAN_POINT ( 'NONE',  ( 1.404999999999999600, -1.472999999999999900, 0.5840937768374314700 ) ) ;
#3624 = DIRECTION ( 'NONE',  ( 0.0000000000000000000, 0.9681575870261126500, -0.2503415400683133300 ) ) ;
#3625 = DIRECTION ( 'NONE',  ( 2.714208416054373100E-017, 0.2503415400683179900, 0.9681575870261116500 ) ) ;
#3626 =( NAMED_UNIT ( * ) PLANE_ANGLE_UNIT ( ) SI_UNIT ( $, .RADIAN. ) );
#3627 = CARTESIAN_POINT ( 'NONE',  ( 3.754999999999999000, -0.9750469801750287800, 0.8040937768374314400 ) ) ;
#3628 = LINE ( 'NONE', #3627, #3585 ) ;
#3629 = DIRECTION ( 'NONE',  ( 0.0000000000000000000, 1.000000000000000000, 0.0000000000000000000 ) ) ;
#3630 = CARTESIAN_POINT ( 'NONE',  ( 3.124999999999999600, -0.5669083047447584000, 1.303981071380927400 ) ) ;
#3631 = CIRCLE ( 'NONE', #3635, 0.2700000000000000700 ) ;
#3632 = CARTESIAN_POINT ( 'NONE',  ( 3.124999999999999600, -1.021860547567588500E-016, 1.303981071380927400 ) ) ;
#3633 = CARTESIAN_POINT ( 'NONE',  ( 3.754999999999999000, -1.472999999999999900, 0.8040937768374314400 ) ) ;
#3634 = CARTESIAN_POINT ( 'NONE',  ( 3.804999999999999300, -1.759118024857731200E-016, 1.523981071380927600 ) ) ;
#3635 = AXIS2_PLACEMENT_3D ( 'NONE', #3630, #3636, #3629 ) ;
#3636 = DIRECTION ( 'NONE',  ( 1.000000000000000000, -1.084202172485504400E-016, -0.0000000000000000000 ) ) ;
#3637 = UNCERTAINTY_MEASURE_WITH_UNIT (LENGTH_MEASURE( 1.000000000000000100E-005 ), #3671, 'distance_accuracy_value', 'NONE');
#3638 =( GEOMETRIC_REPRESENTATION_CONTEXT ( 3 ) GLOBAL_UNCERTAINTY_ASSIGNED_CONTEXT ( ( #3637 ) ) GLOBAL_UNIT_ASSIGNED_CONTEXT ( ( #3671, #3626, #3639 ) ) REPRESENTATION_CONTEXT ( 'NONE', 'WORKASPACE' ) );
#3639 =( NAMED_UNIT ( * ) SI_UNIT ( $, .STERADIAN. ) SOLID_ANGLE_UNIT ( ) );
#3640 = SURFACE_STYLE_FILL_AREA ( #3641 ) ;
#3641 = FILL_AREA_STYLE ('',( #3660 ) ) ;
#3642 = COLOUR_RGB ( '',0.8470588235294117500, 0.8470588235294117500, 0.8470588235294117500 ) ;
#3643 = FACE_OUTER_BOUND ( 'NONE', #1168, .T. ) ;
#3644 = MECHANICAL_DESIGN_GEOMETRIC_PRESENTATION_REPRESENTATION (  '', ( #3646 ), #3707 ) ;
#3645 = PRESENTATION_LAYER_ASSIGNMENT (  '', '', ( #3646 ) ) ;
#3646 = STYLED_ITEM ( 'NONE', ( #3647 ), #1188 ) ;
#3647 = PRESENTATION_STYLE_ASSIGNMENT (( #3648 ) ) ;
#3648 = SURFACE_STYLE_USAGE ( .BOTH. , #3649 ) ;
#3649 = SURFACE_SIDE_STYLE ('',( #3650 ) ) ;
#3650 = SURFACE_STYLE_FILL_AREA ( #3651 ) ;
#3651 = FILL_AREA_STYLE ('',( #3699 ) ) ;
#3652 = COLOUR_RGB ( '',0.8470588235294117500, 0.8470588235294117500, 0.8470588235294117500 ) ;
#3653 = FACE_OUTER_BOUND ( 'NONE', #1120, .T. ) ;
#3654 = CARTESIAN_POINT ( 'NONE',  ( 3.754999999999999000, -0.8283108532418089800, 1.371573287199372000 ) ) ;
#3655 = CIRCLE ( 'NONE', #3691, 0.2200000000000000300 ) ;
#3656 = LINE ( 'NONE', #3687, #3686 ) ;
#3657 = VECTOR ( 'NONE', #3668, 1000.000000000000000 ) ;
#3658 = STYLED_ITEM ( 'NONE', ( #3659 ), #1164 ) ;
#3659 = PRESENTATION_STYLE_ASSIGNMENT (( #3722 ) ) ;
#3660 = FILL_AREA_STYLE_COLOUR ( '', #3642 ) ;
#3661 = CARTESIAN_POINT ( 'NONE',  ( 3.074999999999999700, -9.676504389433130800E-017, 1.523981071380927600 ) ) ;
#3662 = CARTESIAN_POINT ( 'NONE',  ( 3.074999999999999700, -0.7799029738905033400, 1.359056210195956000 ) ) ;
#3663 = CARTESIAN_POINT ( 'NONE',  ( 3.074999999999999700, -0.9363312550711018200, 0.7540937768374315100 ) ) ;
#3664 = DIRECTION ( 'NONE',  ( 1.084202172485504400E-016, 1.000000000000000000, 0.0000000000000000000 ) ) ;
#3665 = VECTOR ( 'NONE', #3664, 1000.000000000000000 ) ;
#3666 = CARTESIAN_POINT ( 'NONE',  ( 3.074999999999999700, -0.9750469801750287800, 0.7540937768374315100 ) ) ;
#3667 = LINE ( 'NONE', #3666, #3665 ) ;
#3668 = DIRECTION ( 'NONE',  ( -1.084202172485504400E-016, -1.000000000000000000, 1.978640747033070800E-016 ) ) ;
#3669 = CARTESIAN_POINT ( 'NONE',  ( 3.754999999999999000, -0.9750469801750303300, 0.5340937768374313100 ) ) ;
#3670 = LINE ( 'NONE', #3669, #3657 ) ;
#3671 =( LENGTH_UNIT ( ) NAMED_UNIT ( * ) SI_UNIT ( .MILLI., .METRE. ) );
#3672 = MECHANICAL_DESIGN_GEOMETRIC_PRESENTATION_REPRESENTATION (  '', ( #3674 ), #3638 ) ;
#3673 = PRESENTATION_LAYER_ASSIGNMENT (  '', '', ( #3674 ) ) ;
#3674 = STYLED_ITEM ( 'NONE', ( #3675 ), #1196 ) ;
#3675 = PRESENTATION_STYLE_ASSIGNMENT (( #3676 ) ) ;
#3676 = SURFACE_STYLE_USAGE ( .BOTH. , #3677 ) ;
#3677 = SURFACE_SIDE_STYLE ('',( #3678 ) ) ;
#3678 = SURFACE_STYLE_FILL_AREA ( #3679 ) ;
#3679 = FILL_AREA_STYLE ('',( #3729 ) ) ;
#3680 = COLOUR_RGB ( '',0.8470588235294117500, 0.8470588235294117500, 0.8470588235294117500 ) ;
#3681 = FACE_OUTER_BOUND ( 'NONE', #1197, .T. ) ;
#3682 = DIRECTION ( 'NONE',  ( -2.714208416054373100E-017, -0.2503415400683179900, -0.9681575870261116500 ) ) ;
#3683 = VECTOR ( 'NONE', #3682, 999.9999999999998900 ) ;
#3684 = CARTESIAN_POINT ( 'NONE',  ( 3.124999999999999600, -0.9750469801750286700, 0.8040937768374314400 ) ) ;
#3685 = DIRECTION ( 'NONE',  ( -2.714208416054373400E-017, -0.2503415400683179900, -0.9681575870261116500 ) ) ;
#3686 = VECTOR ( 'NONE', #3685, 999.9999999999998900 ) ;
#3687 = CARTESIAN_POINT ( 'NONE',  ( 3.804999999999999300, -0.9266391008237231400, 0.7915766998340153500 ) ) ;
#3688 = DIRECTION ( 'NONE',  ( 0.0000000000000000000, 1.000000000000000000, 0.0000000000000000000 ) ) ;
#3689 = DIRECTION ( 'NONE',  ( 1.000000000000000000, -1.084202172485504400E-016, -0.0000000000000000000 ) ) ;
#3690 = CARTESIAN_POINT ( 'NONE',  ( 3.804999999999999300, -0.5669083047447585100, 1.303981071380927400 ) ) ;
#3691 = AXIS2_PLACEMENT_3D ( 'NONE', #3690, #3689, #3688 ) ;
#3692 =( NAMED_UNIT ( * ) PLANE_ANGLE_UNIT ( ) SI_UNIT ( $, .RADIAN. ) );
#3693 = MECHANICAL_DESIGN_GEOMETRIC_PRESENTATION_REPRESENTATION (  '', ( #3658 ), #3712 ) ;
#3694 = PRESENTATION_LAYER_ASSIGNMENT (  '', '', ( #3658 ) ) ;
#3695 = DIRECTION ( 'NONE',  ( -1.000000000000000000, 1.084202172485504600E-016, 0.0000000000000000000 ) ) ;
#3696 = VECTOR ( 'NONE', #3695, 1000.000000000000000 ) ;
#3697 = CARTESIAN_POINT ( 'NONE',  ( 3.804999999999999300, -0.5669083047447585100, 1.303981071380927400 ) ) ;
#3698 = LINE ( 'NONE', #3697, #3696 ) ;
#3699 = FILL_AREA_STYLE_COLOUR ( '', #3652 ) ;
#3700 = CARTESIAN_POINT ( 'NONE',  ( 3.754999999999999400, -0.5669083047447585100, 1.303981071380927400 ) ) ;
#3701 = CARTESIAN_POINT ( 'NONE',  ( 3.074999999999999700, -9.676504389433130800E-017, 1.353981071380927500 ) ) ;
#3702 = LINE ( 'NONE', #3720, #3719 ) ;
#3703 = DIRECTION ( 'NONE',  ( 1.084202172485504400E-016, 1.000000000000000000, 0.0000000000000000000 ) ) ;
#3704 = DIRECTION ( 'NONE',  ( 1.000000000000000000, -1.084202172485504400E-016, -0.0000000000000000000 ) ) ;
#3705 = CARTESIAN_POINT ( 'NONE',  ( 3.804999999999999300, -0.9750469801750290000, 0.8040937768374313300 ) ) ;
#3706 = AXIS2_PLACEMENT_3D ( 'NONE', #3705, #3704, #3703 ) ;
#3707 =( GEOMETRIC_REPRESENTATION_CONTEXT ( 3 ) GLOBAL_UNCERTAINTY_ASSIGNED_CONTEXT ( ( #3708 ) ) GLOBAL_UNIT_ASSIGNED_CONTEXT ( ( #3726, #3725, #3709 ) ) REPRESENTATION_CONTEXT ( 'NONE', 'WORKASPACE' ) );
#3708 = UNCERTAINTY_MEASURE_WITH_UNIT (LENGTH_MEASURE( 1.000000000000000100E-005 ), #3726, 'distance_accuracy_value', 'NONE');
#3709 =( NAMED_UNIT ( * ) SI_UNIT ( $, .STERADIAN. ) SOLID_ANGLE_UNIT ( ) );
#3710 =( NAMED_UNIT ( * ) SI_UNIT ( $, .STERADIAN. ) SOLID_ANGLE_UNIT ( ) );
#3711 = PLANE ( 'NONE',  #3706 ) ;
#3712 =( GEOMETRIC_REPRESENTATION_CONTEXT ( 3 ) GLOBAL_UNCERTAINTY_ASSIGNED_CONTEXT ( ( #3727 ) ) GLOBAL_UNIT_ASSIGNED_CONTEXT ( ( #3724, #3692, #3710 ) ) REPRESENTATION_CONTEXT ( 'NONE', 'WORKASPACE' ) );
#3713 = CARTESIAN_POINT ( 'NONE',  ( 3.804999999999999300, -1.472999999999999900, 0.5840937768374314700 ) ) ;
#3714 = DIRECTION ( 'NONE',  ( -0.0000000000000000000, -0.0000000000000000000, -1.000000000000000000 ) ) ;
#3715 = VECTOR ( 'NONE', #3714, 1000.000000000000000 ) ;
#3716 = CARTESIAN_POINT ( 'NONE',  ( 3.804999999999999300, -1.472999999999999900, 0.8040937768374313300 ) ) ;
#3717 = LINE ( 'NONE', #3716, #3715 ) ;
#3718 = DIRECTION ( 'NONE',  ( 1.084202172485504400E-016, 1.000000000000000000, -1.978640747033070800E-016 ) ) ;
#3719 = VECTOR ( 'NONE', #3718, 1000.000000000000000 ) ;
#3720 = CARTESIAN_POINT ( 'NONE',  ( 3.124999999999999600, -0.9750469801750303300, 0.5340937768374313100 ) ) ;
#3721 = CARTESIAN_POINT ( 'NONE',  ( 3.074999999999999700, -1.472999999999999900, 0.7540937768374315100 ) ) ;
#3722 = SURFACE_STYLE_USAGE ( .BOTH. , #3723 ) ;
#3723 = SURFACE_SIDE_STYLE ('',( #3640 ) ) ;
#3724 =( LENGTH_UNIT ( ) NAMED_UNIT ( * ) SI_UNIT ( .MILLI., .METRE. ) );
#3725 =( NAMED_UNIT ( * ) PLANE_ANGLE_UNIT ( ) SI_UNIT ( $, .RADIAN. ) );
#3726 =( LENGTH_UNIT ( ) NAMED_UNIT ( * ) SI_UNIT ( .MILLI., .METRE. ) );
#3727 = UNCERTAINTY_MEASURE_WITH_UNIT (LENGTH_MEASURE( 1.000000000000000100E-005 ), #3724, 'distance_accuracy_value', 'NONE');
#3728 = LINE ( 'NONE', #3684, #3683 ) ;
#3729 = FILL_AREA_STYLE_COLOUR ( '', #3680 ) ;
#3730 = DIRECTION ( 'NONE',  ( -1.000000000000000000, 1.084202172485504600E-016, 0.0000000000000000000 ) ) ;
#3731 = VECTOR ( 'NONE', #3730, 1000.000000000000000 ) ;
#3732 = CARTESIAN_POINT ( 'NONE',  ( 3.804999999999999300, -0.9750469801750287800, 0.8040937768374314400 ) ) ;
#3733 = DIRECTION ( 'NONE',  ( 0.0000000000000000000, -0.2503415400683179900, -0.9681575870261116500 ) ) ;
#3734 = DIRECTION ( 'NONE',  ( -1.049678559162034000E-016, -0.9681575870261116500, 0.2503415400683179900 ) ) ;
#3735 = CARTESIAN_POINT ( 'NONE',  ( 3.804999999999999300, -0.9750469801750287800, 0.8040937768374314400 ) ) ;
#3736 = AXIS2_PLACEMENT_3D ( 'NONE', #3735, #3734, #3733 ) ;
#3737 = LINE ( 'NONE', #3732, #3731 ) ;
#3738 = PLANE ( 'NONE',  #3736 ) ;
#3739 = FILL_AREA_STYLE_COLOUR ( '', #3761 ) ;
#3740 = FACE_OUTER_BOUND ( 'NONE', #1131, .T. ) ;
#3741 = DIRECTION ( 'NONE',  ( 1.084202172485504400E-016, 1.000000000000000000, -0.0000000000000000000 ) ) ;
#3742 = VECTOR ( 'NONE', #3741, 1000.000000000000000 ) ;
#3743 = PRESENTATION_LAYER_ASSIGNMENT (  '', '', ( #3744 ) ) ;
#3744 = STYLED_ITEM ( 'NONE', ( #3745 ), #1208 ) ;
#3745 = PRESENTATION_STYLE_ASSIGNMENT (( #3746 ) ) ;
#3746 = SURFACE_STYLE_USAGE ( .BOTH. , #3747 ) ;
#3747 = SURFACE_SIDE_STYLE ('',( #3748 ) ) ;
#3748 = SURFACE_STYLE_FILL_AREA ( #3749 ) ;
#3749 = FILL_AREA_STYLE ('',( #3805 ) ) ;
#3750 = COLOUR_RGB ( '',0.8470588235294117500, 0.8470588235294117500, 0.8470588235294117500 ) ;
#3751 = FACE_OUTER_BOUND ( 'NONE', #1105, .T. ) ;
#3752 = DIRECTION ( 'NONE',  ( 0.0000000000000000000, 1.000000000000000000, 0.0000000000000000000 ) ) ;
#3753 = DIRECTION ( 'NONE',  ( -1.000000000000000000, 1.084202172485504400E-016, 0.0000000000000000000 ) ) ;
#3754 = CARTESIAN_POINT ( 'NONE',  ( 3.754999999999999000, -0.9750469801750290000, 0.8040937768374313300 ) ) ;
#3755 = AXIS2_PLACEMENT_3D ( 'NONE', #3754, #3753, #3752 ) ;
#3756 = CIRCLE ( 'NONE', #3755, 0.2700000000000001800 ) ;
#3757 =( GEOMETRIC_REPRESENTATION_CONTEXT ( 3 ) GLOBAL_UNCERTAINTY_ASSIGNED_CONTEXT ( ( #3779 ) ) GLOBAL_UNIT_ASSIGNED_CONTEXT ( ( #3807, #3784, #3780 ) ) REPRESENTATION_CONTEXT ( 'NONE', 'WORKASPACE' ) );
#3758 = SURFACE_STYLE_USAGE ( .BOTH. , #3759 ) ;
#3759 = SURFACE_SIDE_STYLE ('',( #3760 ) ) ;
#3760 = SURFACE_STYLE_FILL_AREA ( #3783 ) ;
#3761 = COLOUR_RGB ( '',0.8470588235294117500, 0.8470588235294117500, 0.8470588235294117500 ) ;
#3762 = PRESENTATION_STYLE_ASSIGNMENT (( #3763 ) ) ;
#3763 = SURFACE_STYLE_USAGE ( .BOTH. , #3764 ) ;
#3764 = SURFACE_SIDE_STYLE ('',( #3765 ) ) ;
#3765 = SURFACE_STYLE_FILL_AREA ( #3766 ) ;
#3766 = FILL_AREA_STYLE ('',( #3767 ) ) ;
#3767 = FILL_AREA_STYLE_COLOUR ( '', #3800 ) ;
#3768 = DIRECTION ( 'NONE',  ( 1.084202172485504400E-016, 1.000000000000000000, -0.0000000000000000000 ) ) ;
#3769 = VECTOR ( 'NONE', #3768, 1000.000000000000000 ) ;
#3770 = CARTESIAN_POINT ( 'NONE',  ( 3.124999999999999600, -1.084202172485504400E-016, 1.303981071380927400 ) ) ;
#3771 = LINE ( 'NONE', #3770, #3769 ) ;
#3772 = LINE ( 'NONE', #3785, #3809 ) ;
#3773 =( LENGTH_UNIT ( ) NAMED_UNIT ( * ) SI_UNIT ( .MILLI., .METRE. ) );
#3774 = MECHANICAL_DESIGN_GEOMETRIC_PRESENTATION_REPRESENTATION (  '', ( #3776 ), #3806 ) ;
#3775 = PRESENTATION_LAYER_ASSIGNMENT (  '', '', ( #3776 ) ) ;
#3776 = STYLED_ITEM ( 'NONE', ( #3762 ), #1205 ) ;
#3777 = PLANE ( 'NONE',  #3828 ) ;
#3778 = CARTESIAN_POINT ( 'NONE',  ( 3.804999999999999300, -1.522999999999999900, 0.8040937768374314400 ) ) ;
#3779 = UNCERTAINTY_MEASURE_WITH_UNIT (LENGTH_MEASURE( 1.000000000000000100E-005 ), #3807, 'distance_accuracy_value', 'NONE');
#3780 =( NAMED_UNIT ( * ) SI_UNIT ( $, .STERADIAN. ) SOLID_ANGLE_UNIT ( ) );
#3781 = CARTESIAN_POINT ( 'NONE',  ( 3.754999999999999000, -1.704907916233456000E-016, 1.573981071380927500 ) ) ;
#3782 = LINE ( 'NONE', #3781, #3742 ) ;
#3783 = FILL_AREA_STYLE ('',( #3739 ) ) ;
#3784 =( NAMED_UNIT ( * ) PLANE_ANGLE_UNIT ( ) SI_UNIT ( $, .RADIAN. ) );
#3785 = CARTESIAN_POINT ( 'NONE',  ( 3.804999999999999300, -1.522999999999999900, 0.5840937768374314700 ) ) ;
#3786 = PLANE ( 'NONE',  #3803 ) ;
#3787 = CARTESIAN_POINT ( 'NONE',  ( 3.804999999999999300, -1.759118024857731200E-016, 1.573981071380927500 ) ) ;
#3788 = DIRECTION ( 'NONE',  ( -1.000000000000000000, 1.084202172485504600E-016, 0.0000000000000000000 ) ) ;
#3789 = CARTESIAN_POINT ( 'NONE',  ( 3.804999999999999300, -0.7136444316779783100, 0.7365015610189868900 ) ) ;
#3790 = DIRECTION ( 'NONE',  ( -1.000000000000000000, 1.084202172485504600E-016, 0.0000000000000000000 ) ) ;
#3791 = DIRECTION ( 'NONE',  ( 1.084202172485504600E-016, 1.000000000000000000, 0.0000000000000000000 ) ) ;
#3792 = CARTESIAN_POINT ( 'NONE',  ( 3.804999999999999300, -1.759118024857731200E-016, 1.573981071380927500 ) ) ;
#3793 = AXIS2_PLACEMENT_3D ( 'NONE', #3792, #3791, #3790 ) ;
#3794 = LINE ( 'NONE', #3789, #3827 ) ;
#3795 = PLANE ( 'NONE',  #3793 ) ;
#3796 =( GEOMETRIC_REPRESENTATION_CONTEXT ( 3 ) GLOBAL_UNCERTAINTY_ASSIGNED_CONTEXT ( ( #3829 ) ) GLOBAL_UNIT_ASSIGNED_CONTEXT ( ( #3832, #3831, #3830 ) ) REPRESENTATION_CONTEXT ( 'NONE', 'WORKASPACE' ) );
#3797 = UNCERTAINTY_MEASURE_WITH_UNIT (LENGTH_MEASURE( 1.000000000000000100E-005 ), #3773, 'distance_accuracy_value', 'NONE');
#3798 =( NAMED_UNIT ( * ) SI_UNIT ( $, .STERADIAN. ) SOLID_ANGLE_UNIT ( ) );
#3799 =( NAMED_UNIT ( * ) PLANE_ANGLE_UNIT ( ) SI_UNIT ( $, .RADIAN. ) );
#3800 = COLOUR_RGB ( '',0.7529411764705882200, 0.7529411764705882200, 0.7529411764705882200 ) ;
#3801 = DIRECTION ( 'NONE',  ( 1.000000000000000000, 0.0000000000000000000, -0.0000000000000000000 ) ) ;
#3802 = DIRECTION ( 'NONE',  ( 0.0000000000000000000, 0.0000000000000000000, 1.000000000000000000 ) ) ;
#3803 = AXIS2_PLACEMENT_3D ( 'NONE', #3787, #3802, #3801 ) ;
#3804 = DIRECTION ( 'NONE',  ( -1.084202172485504600E-016, -1.000000000000000000, 0.0000000000000000000 ) ) ;
#3805 = FILL_AREA_STYLE_COLOUR ( '', #3750 ) ;
#3806 =( GEOMETRIC_REPRESENTATION_CONTEXT ( 3 ) GLOBAL_UNCERTAINTY_ASSIGNED_CONTEXT ( ( #3797 ) ) GLOBAL_UNIT_ASSIGNED_CONTEXT ( ( #3773, #3799, #3798 ) ) REPRESENTATION_CONTEXT ( 'NONE', 'WORKASPACE' ) );
#3807 =( LENGTH_UNIT ( ) NAMED_UNIT ( * ) SI_UNIT ( .MILLI., .METRE. ) );
#3808 = DIRECTION ( 'NONE',  ( 1.000000000000000000, -1.084202172485504600E-016, 2.736911063134408300E-048 ) ) ;
#3809 = VECTOR ( 'NONE', #3808, 1000.000000000000000 ) ;
#3810 =( LENGTH_UNIT ( ) NAMED_UNIT ( * ) SI_UNIT ( .MILLI., .METRE. ) );
#3811 = MECHANICAL_DESIGN_GEOMETRIC_PRESENTATION_REPRESENTATION (  '', ( #3813 ), #3876 ) ;
#3812 = PRESENTATION_LAYER_ASSIGNMENT (  '', '', ( #3813 ) ) ;
#3813 = STYLED_ITEM ( 'NONE', ( #3814 ), #1233 ) ;
#3814 = PRESENTATION_STYLE_ASSIGNMENT (( #3815 ) ) ;
#3815 = SURFACE_STYLE_USAGE ( .BOTH. , #3816 ) ;
#3816 = SURFACE_SIDE_STYLE ('',( #3817 ) ) ;
#3817 = SURFACE_STYLE_FILL_AREA ( #3818 ) ;
#3818 = FILL_AREA_STYLE ('',( #3825 ) ) ;
#3819 = COLOUR_RGB ( '',0.8470588235294117500, 0.8470588235294117500, 0.8470588235294117500 ) ;
#3820 = FACE_OUTER_BOUND ( 'NONE', #1234, .T. ) ;
#3821 = DIRECTION ( 'NONE',  ( -2.714208416054376200E-017, -0.2503415400683182100, -0.9681575870261114300 ) ) ;
#3822 = VECTOR ( 'NONE', #3821, 1000.000000000000100 ) ;
#3823 = CARTESIAN_POINT ( 'NONE',  ( 3.754999999999999000, -0.7136444316779783100, 0.7365015610189868900 ) ) ;
#3824 = LINE ( 'NONE', #3823, #3822 ) ;
#3825 = FILL_AREA_STYLE_COLOUR ( '', #3819 ) ;
#3826 = CARTESIAN_POINT ( 'NONE',  ( 3.754999999999999000, -0.7136444316779783100, 0.7365015610189868900 ) ) ;
#3827 = VECTOR ( 'NONE', #3788, 1000.000000000000000 ) ;
#3828 = AXIS2_PLACEMENT_3D ( 'NONE', #3778, #3804, #3840 ) ;
#3829 = UNCERTAINTY_MEASURE_WITH_UNIT (LENGTH_MEASURE( 1.000000000000000100E-005 ), #3832, 'distance_accuracy_value', 'NONE');
#3830 =( NAMED_UNIT ( * ) SI_UNIT ( $, .STERADIAN. ) SOLID_ANGLE_UNIT ( ) );
#3831 =( NAMED_UNIT ( * ) PLANE_ANGLE_UNIT ( ) SI_UNIT ( $, .RADIAN. ) );
#3832 =( LENGTH_UNIT ( ) NAMED_UNIT ( * ) SI_UNIT ( .MILLI., .METRE. ) );
#3833 = MECHANICAL_DESIGN_GEOMETRIC_PRESENTATION_REPRESENTATION (  '', ( #3835 ), #3796 ) ;
#3834 = PRESENTATION_LAYER_ASSIGNMENT (  '', '', ( #3835 ) ) ;
#3835 = STYLED_ITEM ( 'NONE', ( #3836 ), #1222 ) ;
#3836 = PRESENTATION_STYLE_ASSIGNMENT (( #3837 ) ) ;
#3837 = SURFACE_STYLE_USAGE ( .BOTH. , #3838 ) ;
#3838 = SURFACE_SIDE_STYLE ('',( #3839 ) ) ;
#3839 = SURFACE_STYLE_FILL_AREA ( #3841 ) ;
#3840 = DIRECTION ( 'NONE',  ( 1.000000000000000000, -1.084202172485504600E-016, 0.0000000000000000000 ) ) ;
#3841 = FILL_AREA_STYLE ('',( #3842 ) ) ;
#3842 = FILL_AREA_STYLE_COLOUR ( '', #3843 ) ;
#3843 = COLOUR_RGB ( '',0.8470588235294117500, 0.8470588235294117500, 0.8470588235294117500 ) ;
#3844 = FACE_OUTER_BOUND ( 'NONE', #1230, .T. ) ;
#3845 = CARTESIAN_POINT ( 'NONE',  ( 3.124999999999999100, -0.9750469801750286700, 0.8040937768374314400 ) ) ;
#3846 = CARTESIAN_POINT ( 'NONE',  ( 3.754999999999999000, -0.9750469801750287800, 0.8040937768374314400 ) ) ;
#3847 = CARTESIAN_POINT ( 'NONE',  ( 3.754999999999999000, -1.522999999999999900, 0.7540937768374315100 ) ) ;
#3848 = DIRECTION ( 'NONE',  ( 0.0000000000000000000, 0.0000000000000000000, 1.000000000000000000 ) ) ;
#3849 = VECTOR ( 'NONE', #3848, 1000.000000000000000 ) ;
#3850 = CARTESIAN_POINT ( 'NONE',  ( 3.754999999999999000, -1.522999999999999900, 0.8040937768374314400 ) ) ;
#3851 = LINE ( 'NONE', #3850, #3849 ) ;
#3852 = DIRECTION ( 'NONE',  ( 0.0000000000000000000, 0.0000000000000000000, -1.000000000000000000 ) ) ;
#3853 = DIRECTION ( 'NONE',  ( -1.084202172485504400E-016, -1.000000000000000000, 1.978640747033070800E-016 ) ) ;
#3854 = AXIS2_PLACEMENT_3D ( 'NONE', #3857, #3853, #3852 ) ;
#3855 = CYLINDRICAL_SURFACE ( 'NONE', #3854, 0.05000000000000002400 ) ;
#3856 = CARTESIAN_POINT ( 'NONE',  ( 3.754999999999999000, -1.522999999999999900, 0.5840937768374314700 ) ) ;
#3857 = CARTESIAN_POINT ( 'NONE',  ( 2.034999999999999300, -0.9750469801750303300, 0.5840937768374313600 ) ) ;
#3858 =( GEOMETRIC_REPRESENTATION_CONTEXT ( 3 ) GLOBAL_UNCERTAINTY_ASSIGNED_CONTEXT ( ( #3859 ) ) GLOBAL_UNIT_ASSIGNED_CONTEXT ( ( #3862, #3861, #3860 ) ) REPRESENTATION_CONTEXT ( 'NONE', 'WORKASPACE' ) );
#3859 = UNCERTAINTY_MEASURE_WITH_UNIT (LENGTH_MEASURE( 1.000000000000000100E-005 ), #3862, 'distance_accuracy_value', 'NONE');
#3860 =( NAMED_UNIT ( * ) SI_UNIT ( $, .STERADIAN. ) SOLID_ANGLE_UNIT ( ) );
#3861 =( NAMED_UNIT ( * ) PLANE_ANGLE_UNIT ( ) SI_UNIT ( $, .RADIAN. ) );
#3862 =( LENGTH_UNIT ( ) NAMED_UNIT ( * ) SI_UNIT ( .MILLI., .METRE. ) );
#3863 = MECHANICAL_DESIGN_GEOMETRIC_PRESENTATION_REPRESENTATION (  '', ( #3744 ), #3858 ) ;
#3864 = MECHANICAL_DESIGN_GEOMETRIC_PRESENTATION_REPRESENTATION (  '', ( #3866 ), #3757 ) ;
#3865 = PRESENTATION_LAYER_ASSIGNMENT (  '', '', ( #3866 ) ) ;
#3866 = STYLED_ITEM ( 'NONE', ( #3867 ), #1202 ) ;
#3867 = PRESENTATION_STYLE_ASSIGNMENT (( #3758 ) ) ;
#3868 = DIRECTION ( 'NONE',  ( 0.0000000000000000000, 0.0000000000000000000, 1.000000000000000000 ) ) ;
#3869 = CARTESIAN_POINT ( 'NONE',  ( 3.804999999999999300, -0.9750469801750287800, 0.8040937768374314400 ) ) ;
#3870 = CARTESIAN_POINT ( 'NONE',  ( 3.124999999999999600, -1.472999999999999900, 0.8040937768374314400 ) ) ;
#3871 =( NAMED_UNIT ( * ) SI_UNIT ( $, .STERADIAN. ) SOLID_ANGLE_UNIT ( ) );
#3872 = UNCERTAINTY_MEASURE_WITH_UNIT (LENGTH_MEASURE( 1.000000000000000100E-005 ), #3810, 'distance_accuracy_value', 'NONE');
#3873 = AXIS2_PLACEMENT_3D ( 'NONE', #3869, #3868, #3887 ) ;
#3874 =( NAMED_UNIT ( * ) PLANE_ANGLE_UNIT ( ) SI_UNIT ( $, .RADIAN. ) );
#3875 = PLANE ( 'NONE',  #3873 ) ;
#3876 =( GEOMETRIC_REPRESENTATION_CONTEXT ( 3 ) GLOBAL_UNCERTAINTY_ASSIGNED_CONTEXT ( ( #3872 ) ) GLOBAL_UNIT_ASSIGNED_CONTEXT ( ( #3810, #3874, #3871 ) ) REPRESENTATION_CONTEXT ( 'NONE', 'WORKASPACE' ) );
#3877 = SURFACE_SIDE_STYLE ('',( #3878 ) ) ;
#3878 = SURFACE_STYLE_FILL_AREA ( #3879 ) ;
#3879 = FILL_AREA_STYLE ('',( #3880 ) ) ;
#3880 = FILL_AREA_STYLE_COLOUR ( '', #3881 ) ;
#3881 = COLOUR_RGB ( '',0.8470588235294117500, 0.8470588235294117500, 0.8470588235294117500 ) ;
#3882 = DIRECTION ( 'NONE',  ( 0.0000000000000000000, -6.505213034913037600E-015, -1.000000000000000000 ) ) ;
#3883 = DIRECTION ( 'NONE',  ( 0.0000000000000000000, -1.000000000000000000, 6.505213034913037600E-015 ) ) ;
#3884 = CARTESIAN_POINT ( 'NONE',  ( 3.754999999999999000, -0.5669083047447572900, 1.523981071380927600 ) ) ;
#3885 = AXIS2_PLACEMENT_3D ( 'NONE', #3884, #3883, #3882 ) ;
#3886 = FACE_OUTER_BOUND ( 'NONE', #1245, .T. ) ;
#3887 = DIRECTION ( 'NONE',  ( 1.000000000000000000, 0.0000000000000000000, -0.0000000000000000000 ) ) ;
#3888 = CIRCLE ( 'NONE', #3885, 0.04999999999999991300 ) ;
#3889 = DIRECTION ( 'NONE',  ( 1.084202172485504400E-016, 1.000000000000000000, -0.0000000000000000000 ) ) ;
#3890 = VECTOR ( 'NONE', #3889, 1000.000000000000000 ) ;
#3891 = CARTESIAN_POINT ( 'NONE',  ( 3.754999999999999000, -0.9750469801750287800, 0.8040937768374314400 ) ) ;
#3892 = LINE ( 'NONE', #3891, #3890 ) ;
#3893 = DIRECTION ( 'NONE',  ( 0.0000000000000000000, 0.0000000000000000000, -1.000000000000000000 ) ) ;
#3894 = VECTOR ( 'NONE', #3893, 1000.000000000000000 ) ;
#3895 = CARTESIAN_POINT ( 'NONE',  ( 3.804999999999999300, -1.759118024857731200E-016, 1.573981071380927500 ) ) ;
#3896 = LINE ( 'NONE', #3895, #3894 ) ;
#3897 = SURFACE_STYLE_USAGE ( .BOTH. , #3877 ) ;
#3898 = PRESENTATION_LAYER_ASSIGNMENT (  '', '', ( #3915 ) ) ;
#3899 =( LENGTH_UNIT ( ) NAMED_UNIT ( * ) SI_UNIT ( .MILLI., .METRE. ) );
#3900 =( NAMED_UNIT ( * ) PLANE_ANGLE_UNIT ( ) SI_UNIT ( $, .RADIAN. ) );
#3901 = UNCERTAINTY_MEASURE_WITH_UNIT (LENGTH_MEASURE( 1.000000000000000100E-005 ), #3899, 'distance_accuracy_value', 'NONE');
#3902 = MECHANICAL_DESIGN_GEOMETRIC_PRESENTATION_REPRESENTATION (  '', ( #3915 ), #3938 ) ;
#3903 =( NAMED_UNIT ( * ) SI_UNIT ( $, .STERADIAN. ) SOLID_ANGLE_UNIT ( ) );
#3904 = UNCERTAINTY_MEASURE_WITH_UNIT (LENGTH_MEASURE( 1.000000000000000100E-005 ), #3922, 'distance_accuracy_value', 'NONE');
#3905 =( NAMED_UNIT ( * ) SI_UNIT ( $, .STERADIAN. ) SOLID_ANGLE_UNIT ( ) );
#3906 = MECHANICAL_DESIGN_GEOMETRIC_PRESENTATION_REPRESENTATION (  '', ( #3908 ), #3910 ) ;
#3907 = PRESENTATION_LAYER_ASSIGNMENT (  '', '', ( #3908 ) ) ;
#3908 = STYLED_ITEM ( 'NONE', ( #3924 ), #1248 ) ;
#3909 = SPHERICAL_SURFACE ( 'NONE', #3914, 0.05000000000000000300 ) ;
#3910 =( GEOMETRIC_REPRESENTATION_CONTEXT ( 3 ) GLOBAL_UNCERTAINTY_ASSIGNED_CONTEXT ( ( #3904 ) ) GLOBAL_UNIT_ASSIGNED_CONTEXT ( ( #3922, #3921, #3905 ) ) REPRESENTATION_CONTEXT ( 'NONE', 'WORKASPACE' ) );
#3911 = DIRECTION ( 'NONE',  ( 1.000000000000000000, 0.0000000000000000000, 0.0000000000000000000 ) ) ;
#3912 = DIRECTION ( 'NONE',  ( 0.0000000000000000000, 1.000000000000000000, 0.0000000000000000000 ) ) ;
#3913 = CARTESIAN_POINT ( 'NONE',  ( 3.124999999999999600, -1.472999999999999900, 0.5840937768374314700 ) ) ;
#3914 = AXIS2_PLACEMENT_3D ( 'NONE', #3913, #3912, #3911 ) ;
#3915 = STYLED_ITEM ( 'NONE', ( #3920 ), #1244 ) ;
#3916 = FACE_OUTER_BOUND ( 'NONE', #1249, .T. ) ;
#3917 = DIRECTION ( 'NONE',  ( -1.000000000000000000, 0.0000000000000000000, 0.0000000000000000000 ) ) ;
#3918 = DIRECTION ( 'NONE',  ( 0.0000000000000000000, 0.0000000000000000000, -1.000000000000000000 ) ) ;
#3919 = CARTESIAN_POINT ( 'NONE',  ( 3.124999999999999600, -1.472999999999999900, 0.8040937768374313300 ) ) ;
#3920 = PRESENTATION_STYLE_ASSIGNMENT (( #3897 ) ) ;
#3921 =( NAMED_UNIT ( * ) PLANE_ANGLE_UNIT ( ) SI_UNIT ( $, .RADIAN. ) );
#3922 =( LENGTH_UNIT ( ) NAMED_UNIT ( * ) SI_UNIT ( .MILLI., .METRE. ) );
#3923 = AXIS2_PLACEMENT_3D ( 'NONE', #3919, #3918, #3917 ) ;
#3924 = PRESENTATION_STYLE_ASSIGNMENT (( #3925 ) ) ;
#3925 = SURFACE_STYLE_USAGE ( .BOTH. , #3926 ) ;
#3926 = SURFACE_SIDE_STYLE ('',( #3927 ) ) ;
#3927 = SURFACE_STYLE_FILL_AREA ( #3935 ) ;
#3928 = CARTESIAN_POINT ( 'NONE',  ( 3.804999999999999300, -0.6056240298486853500, 1.353981071380927500 ) ) ;
#3929 = CARTESIAN_POINT ( 'NONE',  ( 3.804999999999999700, -0.5829448831599136600, 1.324691749499582500 ) ) ;
#3930 = CARTESIAN_POINT ( 'NONE',  ( 3.784289321881345400, -0.5669083047447587300, 1.303981071380927700 ) ) ;
#3931 = CARTESIAN_POINT ( 'NONE',  ( 3.754999999999999400, -0.5669083047447585100, 1.303981071380927400 ) ) ;
#3932 =( BOUNDED_CURVE ( )  B_SPLINE_CURVE ( 3, ( #3931, #3930, #3929, #3928 ),
 .UNSPECIFIED., .F., .T. ) 
 B_SPLINE_CURVE_WITH_KNOTS ( ( 4, 4 ),
 ( 8.589666033349982800E-015, 1.570796326794896600 ),
 .UNSPECIFIED. ) 
 CURVE ( )  GEOMETRIC_REPRESENTATION_ITEM ( )  RATIONAL_B_SPLINE_CURVE ( ( 1.000000000000000000, 0.8047378541243670500, 0.8047378541243670500, 1.000000000000000000 ) ) 
 REPRESENTATION_ITEM ( '' )  );
#3933 =( NAMED_UNIT ( * ) PLANE_ANGLE_UNIT ( ) SI_UNIT ( $, .RADIAN. ) );
#3934 = CYLINDRICAL_SURFACE ( 'NONE', #3923, 0.05000000000000012800 ) ;
#3935 = FILL_AREA_STYLE ('',( #3936 ) ) ;
#3936 = FILL_AREA_STYLE_COLOUR ( '', #3937 ) ;
#3937 = COLOUR_RGB ( '',0.8470588235294117500, 0.8470588235294117500, 0.8470588235294117500 ) ;
#3938 =( GEOMETRIC_REPRESENTATION_CONTEXT ( 3 ) GLOBAL_UNCERTAINTY_ASSIGNED_CONTEXT ( ( #3901 ) ) GLOBAL_UNIT_ASSIGNED_CONTEXT ( ( #3899, #3900, #3903 ) ) REPRESENTATION_CONTEXT ( 'NONE', 'WORKASPACE' ) );
#3939 =( GEOMETRIC_REPRESENTATION_CONTEXT ( 3 ) GLOBAL_UNCERTAINTY_ASSIGNED_CONTEXT ( ( #3940 ) ) GLOBAL_UNIT_ASSIGNED_CONTEXT ( ( #3951, #3933, #3941 ) ) REPRESENTATION_CONTEXT ( 'NONE', 'WORKASPACE' ) );
#3940 = UNCERTAINTY_MEASURE_WITH_UNIT (LENGTH_MEASURE( 1.000000000000000100E-005 ), #3951, 'distance_accuracy_value', 'NONE');
#3941 =( NAMED_UNIT ( * ) SI_UNIT ( $, .STERADIAN. ) SOLID_ANGLE_UNIT ( ) );
#3942 = SURFACE_STYLE_FILL_AREA ( #3950 ) ;
#3943 = PRESENTATION_LAYER_ASSIGNMENT (  '', '', ( #3944 ) ) ;
#3944 = STYLED_ITEM ( 'NONE', ( #3948 ), #1253 ) ;
#3945 = FACE_OUTER_BOUND ( 'NONE', #1566, .T. ) ;
#3946 = FILL_AREA_STYLE_COLOUR ( '', #3947 ) ;
#3947 = COLOUR_RGB ( '',0.8470588235294117500, 0.8470588235294117500, 0.8470588235294117500 ) ;
#3948 = PRESENTATION_STYLE_ASSIGNMENT (( #3949 ) ) ;
#3949 = SURFACE_STYLE_USAGE ( .BOTH. , #3953 ) ;
#3950 = FILL_AREA_STYLE ('',( #3946 ) ) ;
#3951 =( LENGTH_UNIT ( ) NAMED_UNIT ( * ) SI_UNIT ( .MILLI., .METRE. ) );
#3952 = MECHANICAL_DESIGN_GEOMETRIC_PRESENTATION_REPRESENTATION (  '', ( #3944 ), #3939 ) ;
#3953 = SURFACE_SIDE_STYLE ('',( #3942 ) ) ;
#3954 = PRESENTATION_LAYER_ASSIGNMENT (  '', '', ( #3955 ) ) ;
#3955 = STYLED_ITEM ( 'NONE', ( #4074 ), #1260 ) ;
#3956 = AXIS2_PLACEMENT_3D ( 'NONE', #3957, #3964, #4079 ) ;
#3957 = CARTESIAN_POINT ( 'NONE',  ( 3.124999999999999600, -0.9750469801750290000, 0.7540937768374315100 ) ) ;
#3958 = UNCERTAINTY_MEASURE_WITH_UNIT (LENGTH_MEASURE( 1.000000000000000100E-005 ), #4076, 'distance_accuracy_value', 'NONE');
#3959 =( NAMED_UNIT ( * ) SI_UNIT ( $, .STERADIAN. ) SOLID_ANGLE_UNIT ( ) );
#3960 = UNCERTAINTY_MEASURE_WITH_UNIT (LENGTH_MEASURE( 1.000000000000000100E-005 ), #3987, 'distance_accuracy_value', 'NONE');
#3961 =( NAMED_UNIT ( * ) SI_UNIT ( $, .STERADIAN. ) SOLID_ANGLE_UNIT ( ) );
#3962 = FILL_AREA_STYLE_COLOUR ( '', #3963 ) ;
#3963 = COLOUR_RGB ( '',0.8470588235294117500, 0.8470588235294117500, 0.8470588235294117500 ) ;
#3964 = DIRECTION ( 'NONE',  ( -1.084202172485504400E-016, -1.000000000000000000, 0.0000000000000000000 ) ) ;
#3965 = MECHANICAL_DESIGN_GEOMETRIC_PRESENTATION_REPRESENTATION (  '', ( #3955 ), #3967 ) ;
#3966 =( NAMED_UNIT ( * ) PLANE_ANGLE_UNIT ( ) SI_UNIT ( $, .RADIAN. ) );
#3967 =( GEOMETRIC_REPRESENTATION_CONTEXT ( 3 ) GLOBAL_UNCERTAINTY_ASSIGNED_CONTEXT ( ( #3958 ) ) GLOBAL_UNIT_ASSIGNED_CONTEXT ( ( #4076, #3966, #3959 ) ) REPRESENTATION_CONTEXT ( 'NONE', 'WORKASPACE' ) );
#3968 = CARTESIAN_POINT ( 'NONE',  ( 3.754999999999999000, -1.472999999999999900, 0.7540937768374315100 ) ) ;
#3969 = AXIS2_PLACEMENT_3D ( 'NONE', #3968, #4067, #4066 ) ;
#3970 = TOROIDAL_SURFACE ( 'NONE', #4054, 0.2200000000000000600, 0.05000000000000000300 ) ;
#3971 = CARTESIAN_POINT ( 'NONE',  ( 3.124999999999999600, -0.5669083047447584000, 1.303981071380927400 ) ) ;
#3972 =( GEOMETRIC_REPRESENTATION_CONTEXT ( 3 ) GLOBAL_UNCERTAINTY_ASSIGNED_CONTEXT ( ( #3996 ) ) GLOBAL_UNIT_ASSIGNED_CONTEXT ( ( #3999, #3998, #3997 ) ) REPRESENTATION_CONTEXT ( 'NONE', 'WORKASPACE' ) );
#3973 = SURFACE_STYLE_USAGE ( .BOTH. , #3974 ) ;
#3974 = SURFACE_SIDE_STYLE ('',( #3975 ) ) ;
#3975 = SURFACE_STYLE_FILL_AREA ( #3976 ) ;
#3976 = FILL_AREA_STYLE ('',( #3984 ) ) ;
#3977 = COLOUR_RGB ( '',0.8470588235294117500, 0.8470588235294117500, 0.8470588235294117500 ) ;
#3978 = FACE_OUTER_BOUND ( 'NONE', #1275, .T. ) ;
#3979 = DIRECTION ( 'NONE',  ( 1.000000000000000000, 0.0000000000000000000, 0.0000000000000000000 ) ) ;
#3980 = DIRECTION ( 'NONE',  ( 0.0000000000000000000, 0.0000000000000000000, 1.000000000000000000 ) ) ;
#3981 = CARTESIAN_POINT ( 'NONE',  ( 3.124999999999999600, -1.472999999999999900, 0.7540937768374315100 ) ) ;
#3982 = AXIS2_PLACEMENT_3D ( 'NONE', #3981, #3980, #3979 ) ;
#3983 = CIRCLE ( 'NONE', #3982, 0.05000000000000012800 ) ;
#3984 = FILL_AREA_STYLE_COLOUR ( '', #3977 ) ;
#3985 = DIRECTION ( 'NONE',  ( -1.000000000000000000, 1.084202172485502600E-016, 0.0000000000000000000 ) ) ;
#3986 =( NAMED_UNIT ( * ) PLANE_ANGLE_UNIT ( ) SI_UNIT ( $, .RADIAN. ) );
#3987 =( LENGTH_UNIT ( ) NAMED_UNIT ( * ) SI_UNIT ( .MILLI., .METRE. ) );
#3988 = CYLINDRICAL_SURFACE ( 'NONE', #3956, 0.05000000000000012800 ) ;
#3989 = SURFACE_STYLE_FILL_AREA ( #3990 ) ;
#3990 = FILL_AREA_STYLE ('',( #3991 ) ) ;
#3991 = FILL_AREA_STYLE_COLOUR ( '', #3994 ) ;
#3992 = DIRECTION ( 'NONE',  ( -1.000000000000000000, 0.0000000000000000000, 0.0000000000000000000 ) ) ;
#3993 = DIRECTION ( 'NONE',  ( 1.084202172485504400E-016, 1.000000000000000000, 0.0000000000000000000 ) ) ;
#3994 = COLOUR_RGB ( '',0.8470588235294117500, 0.8470588235294117500, 0.8470588235294117500 ) ;
#3995 = FACE_OUTER_BOUND ( 'NONE', #1257, .T. ) ;
#3996 = UNCERTAINTY_MEASURE_WITH_UNIT (LENGTH_MEASURE( 1.000000000000000100E-005 ), #3999, 'distance_accuracy_value', 'NONE');
#3997 =( NAMED_UNIT ( * ) SI_UNIT ( $, .STERADIAN. ) SOLID_ANGLE_UNIT ( ) );
#3998 =( NAMED_UNIT ( * ) PLANE_ANGLE_UNIT ( ) SI_UNIT ( $, .RADIAN. ) );
#3999 =( LENGTH_UNIT ( ) NAMED_UNIT ( * ) SI_UNIT ( .MILLI., .METRE. ) );
#4000 = MECHANICAL_DESIGN_GEOMETRIC_PRESENTATION_REPRESENTATION (  '', ( #4002 ), #3972 ) ;
#4001 = PRESENTATION_LAYER_ASSIGNMENT (  '', '', ( #4002 ) ) ;
#4002 = STYLED_ITEM ( 'NONE', ( #4003 ), #1274 ) ;
#4003 = PRESENTATION_STYLE_ASSIGNMENT (( #3973 ) ) ;
#4004 = CARTESIAN_POINT ( 'NONE',  ( 3.754999999999999000, -0.9750469801750287800, 0.7540937768374315100 ) ) ;
#4005 = AXIS2_PLACEMENT_3D ( 'NONE', #4004, #3993, #3992 ) ;
#4006 = AXIS2_PLACEMENT_3D ( 'NONE', #4034, #4033, #4032 ) ;
#4007 = DIRECTION ( 'NONE',  ( 1.000000000000000000, 0.0000000000000000000, 0.0000000000000000000 ) ) ;
#4008 = DIRECTION ( 'NONE',  ( 0.0000000000000000000, 1.000000000000000000, 0.0000000000000000000 ) ) ;
#4009 = CARTESIAN_POINT ( 'NONE',  ( 3.124999999999999600, -1.472999999999999600, 0.7540937768374315100 ) ) ;
#4010 = AXIS2_PLACEMENT_3D ( 'NONE', #4009, #4008, #4007 ) ;
#4011 = CIRCLE ( 'NONE', #4006, 0.05000000000000003700 ) ;
#4012 =( NAMED_UNIT ( * ) PLANE_ANGLE_UNIT ( ) SI_UNIT ( $, .RADIAN. ) );
#4013 =( LENGTH_UNIT ( ) NAMED_UNIT ( * ) SI_UNIT ( .MILLI., .METRE. ) );
#4014 = MECHANICAL_DESIGN_GEOMETRIC_PRESENTATION_REPRESENTATION (  '', ( #4016 ), #4073 ) ;
#4015 = PRESENTATION_LAYER_ASSIGNMENT (  '', '', ( #4016 ) ) ;
#4016 = STYLED_ITEM ( 'NONE', ( #4017 ), #1268 ) ;
#4017 = PRESENTATION_STYLE_ASSIGNMENT (( #4026 ) ) ;
#4018 = SURFACE_SIDE_STYLE ('',( #4019 ) ) ;
#4019 = SURFACE_STYLE_FILL_AREA ( #4020 ) ;
#4020 = FILL_AREA_STYLE ('',( #3962 ) ) ;
#4021 =( GEOMETRIC_REPRESENTATION_CONTEXT ( 3 ) GLOBAL_UNCERTAINTY_ASSIGNED_CONTEXT ( ( #4172 ) ) GLOBAL_UNIT_ASSIGNED_CONTEXT ( ( #4175, #4174, #4173 ) ) REPRESENTATION_CONTEXT ( 'NONE', 'WORKASPACE' ) );
#4022 = DIRECTION ( 'NONE',  ( 0.0000000000000000000, 0.0000000000000000000, 1.000000000000000000 ) ) ;
#4023 = DIRECTION ( 'NONE',  ( 1.084202172485504400E-016, 1.000000000000000000, -1.978640747033070800E-016 ) ) ;
#4024 = AXIS2_PLACEMENT_3D ( 'NONE', #4055, #4023, #4022 ) ;
#4025 = CYLINDRICAL_SURFACE ( 'NONE', #4024, 0.05000000000000002400 ) ;
#4026 = SURFACE_STYLE_USAGE ( .BOTH. , #4027 ) ;
#4027 = SURFACE_SIDE_STYLE ('',( #4028 ) ) ;
#4028 = SURFACE_STYLE_FILL_AREA ( #4029 ) ;
#4029 = FILL_AREA_STYLE ('',( #4035 ) ) ;
#4030 = COLOUR_RGB ( '',0.8470588235294117500, 0.8470588235294117500, 0.8470588235294117500 ) ;
#4031 = FACE_OUTER_BOUND ( 'NONE', #1286, .T. ) ;
#4032 = DIRECTION ( 'NONE',  ( 0.0000000000000000000, -0.9681575870261117700, 0.2503415400683174400 ) ) ;
#4033 = DIRECTION ( 'NONE',  ( -0.0000000000000000000, 0.2503415400683174400, 0.9681575870261117700 ) ) ;
#4034 = CARTESIAN_POINT ( 'NONE',  ( 3.754999999999999000, -0.7620523110292839500, 0.7490186380224027600 ) ) ;
#4035 = FILL_AREA_STYLE_COLOUR ( '', #4030 ) ;
#4036 = SPHERICAL_SURFACE ( 'NONE', #4010, 0.05000000000000000300 ) ;
#4037 =( GEOMETRIC_REPRESENTATION_CONTEXT ( 3 ) GLOBAL_UNCERTAINTY_ASSIGNED_CONTEXT ( ( #3960 ) ) GLOBAL_UNIT_ASSIGNED_CONTEXT ( ( #3987, #3986, #3961 ) ) REPRESENTATION_CONTEXT ( 'NONE', 'WORKASPACE' ) );
#4038 =( NAMED_UNIT ( * ) PLANE_ANGLE_UNIT ( ) SI_UNIT ( $, .RADIAN. ) );
#4039 =( LENGTH_UNIT ( ) NAMED_UNIT ( * ) SI_UNIT ( .MILLI., .METRE. ) );
#4040 = MECHANICAL_DESIGN_GEOMETRIC_PRESENTATION_REPRESENTATION (  '', ( #4042 ), #4056 ) ;
#4041 = PRESENTATION_LAYER_ASSIGNMENT (  '', '', ( #4042 ) ) ;
#4042 = STYLED_ITEM ( 'NONE', ( #4043 ), #1278 ) ;
#4043 = PRESENTATION_STYLE_ASSIGNMENT (( #4044 ) ) ;
#4044 = SURFACE_STYLE_USAGE ( .BOTH. , #4045 ) ;
#4045 = SURFACE_SIDE_STYLE ('',( #4046 ) ) ;
#4046 = SURFACE_STYLE_FILL_AREA ( #4047 ) ;
#4047 = FILL_AREA_STYLE ('',( #4048 ) ) ;
#4048 = FILL_AREA_STYLE_COLOUR ( '', #4049 ) ;
#4049 = COLOUR_RGB ( '',0.8470588235294117500, 0.8470588235294117500, 0.8470588235294117500 ) ;
#4050 = FACE_OUTER_BOUND ( 'NONE', #1279, .T. ) ;
#4051 = CARTESIAN_POINT ( 'NONE',  ( 3.074999999999999700, -0.7620523110292838400, 0.7490186380224025400 ) ) ;
#4052 = DIRECTION ( 'NONE',  ( 1.084202172485504600E-016, 1.000000000000000000, 0.0000000000000000000 ) ) ;
#4053 = DIRECTION ( 'NONE',  ( 1.000000000000000000, -1.084202172485504400E-016, -0.0000000000000000000 ) ) ;
#4054 = AXIS2_PLACEMENT_3D ( 'NONE', #3971, #4053, #4052 ) ;
#4055 = CARTESIAN_POINT ( 'NONE',  ( 3.124999999999999600, -0.9750469801750290000, 0.5840937768374313600 ) ) ;
#4056 =( GEOMETRIC_REPRESENTATION_CONTEXT ( 3 ) GLOBAL_UNCERTAINTY_ASSIGNED_CONTEXT ( ( #4057 ) ) GLOBAL_UNIT_ASSIGNED_CONTEXT ( ( #4039, #4038, #4058 ) ) REPRESENTATION_CONTEXT ( 'NONE', 'WORKASPACE' ) );
#4057 = UNCERTAINTY_MEASURE_WITH_UNIT (LENGTH_MEASURE( 1.000000000000000100E-005 ), #4039, 'distance_accuracy_value', 'NONE');
#4058 =( NAMED_UNIT ( * ) SI_UNIT ( $, .STERADIAN. ) SOLID_ANGLE_UNIT ( ) );
#4059 = FACE_OUTER_BOUND ( 'NONE', #1261, .T. ) ;
#4060 = MECHANICAL_DESIGN_GEOMETRIC_PRESENTATION_REPRESENTATION (  '', ( #4062 ), #4037 ) ;
#4061 = PRESENTATION_LAYER_ASSIGNMENT (  '', '', ( #4062 ) ) ;
#4062 = STYLED_ITEM ( 'NONE', ( #4063 ), #1263 ) ;
#4063 = PRESENTATION_STYLE_ASSIGNMENT (( #4064 ) ) ;
#4064 = SURFACE_STYLE_USAGE ( .BOTH. , #4065 ) ;
#4065 = SURFACE_SIDE_STYLE ('',( #3989 ) ) ;
#4066 = DIRECTION ( 'NONE',  ( 1.000000000000000000, 0.0000000000000000000, 0.0000000000000000000 ) ) ;
#4067 = DIRECTION ( 'NONE',  ( 0.0000000000000000000, -0.0000000000000000000, -1.000000000000000000 ) ) ;
#4068 = CYLINDRICAL_SURFACE ( 'NONE', #4005, 0.05000000000000012800 ) ;
#4069 = DIRECTION ( 'NONE',  ( 1.084202172485504400E-016, 1.000000000000000000, 0.0000000000000000000 ) ) ;
#4070 = AXIS2_PLACEMENT_3D ( 'NONE', #4072, #4069, #3985 ) ;
#4071 = CYLINDRICAL_SURFACE ( 'NONE', #4070, 0.05000000000000012800 ) ;
#4072 = CARTESIAN_POINT ( 'NONE',  ( 3.754999999999999000, -1.704907916233456000E-016, 1.523981071380927600 ) ) ;
#4073 =( GEOMETRIC_REPRESENTATION_CONTEXT ( 3 ) GLOBAL_UNCERTAINTY_ASSIGNED_CONTEXT ( ( #4077 ) ) GLOBAL_UNIT_ASSIGNED_CONTEXT ( ( #4013, #4012, #4078 ) ) REPRESENTATION_CONTEXT ( 'NONE', 'WORKASPACE' ) );
#4074 = PRESENTATION_STYLE_ASSIGNMENT (( #4075 ) ) ;
#4075 = SURFACE_STYLE_USAGE ( .BOTH. , #4018 ) ;
#4076 =( LENGTH_UNIT ( ) NAMED_UNIT ( * ) SI_UNIT ( .MILLI., .METRE. ) );
#4077 = UNCERTAINTY_MEASURE_WITH_UNIT (LENGTH_MEASURE( 1.000000000000000100E-005 ), #4013, 'distance_accuracy_value', 'NONE');
#4078 =( NAMED_UNIT ( * ) SI_UNIT ( $, .STERADIAN. ) SOLID_ANGLE_UNIT ( ) );
#4079 = DIRECTION ( 'NONE',  ( 1.000000000000000000, 0.0000000000000000000, 0.0000000000000000000 ) ) ;
#4080 = CIRCLE ( 'NONE', #3969, 0.05000000000000012800 ) ;
#4081 = STYLED_ITEM ( 'NONE', ( #4082 ), #1301 ) ;
#4082 = PRESENTATION_STYLE_ASSIGNMENT (( #4083 ) ) ;
#4083 = SURFACE_STYLE_USAGE ( .BOTH. , #4084 ) ;
#4084 = SURFACE_SIDE_STYLE ('',( #4085 ) ) ;
#4085 = SURFACE_STYLE_FILL_AREA ( #4086 ) ;
#4086 = FILL_AREA_STYLE ('',( #4087 ) ) ;
#4087 = FILL_AREA_STYLE_COLOUR ( '', #4088 ) ;
#4088 = COLOUR_RGB ( '',0.8470588235294117500, 0.8470588235294117500, 0.8470588235294117500 ) ;
#4089 = DIRECTION ( 'NONE',  ( 0.0000000000000000000, 1.000000000000000000, 0.0000000000000000000 ) ) ;
#4090 = DIRECTION ( 'NONE',  ( -1.000000000000000000, 1.084202172485504400E-016, 0.0000000000000000000 ) ) ;
#4091 = CIRCLE ( 'NONE', #4120, 0.2200000000000000300 ) ;
#4092 = DIRECTION ( 'NONE',  ( -1.084202172485504400E-016, -1.000000000000000000, 1.978640747033070800E-016 ) ) ;
#4093 = VECTOR ( 'NONE', #4092, 1000.000000000000000 ) ;
#4094 = CARTESIAN_POINT ( 'NONE',  ( 3.074999999999999700, -1.522999999999999900, 0.5840937768374314700 ) ) ;
#4095 = LINE ( 'NONE', #4094, #4093 ) ;
#4096 = DIRECTION ( 'NONE',  ( 0.0000000000000000000, 0.9681575870261117700, -0.2503415400683174400 ) ) ;
#4097 = SURFACE_STYLE_FILL_AREA ( #4098 ) ;
#4098 = FILL_AREA_STYLE ('',( #4099 ) ) ;
#4099 = FILL_AREA_STYLE_COLOUR ( '', #4208 ) ;
#4100 =( LENGTH_UNIT ( ) NAMED_UNIT ( * ) SI_UNIT ( .MILLI., .METRE. ) );
#4101 = MECHANICAL_DESIGN_GEOMETRIC_PRESENTATION_REPRESENTATION (  '', ( #4081 ), #4207 ) ;
#4102 = PRESENTATION_LAYER_ASSIGNMENT (  '', '', ( #4081 ) ) ;
#4103 = CARTESIAN_POINT ( 'NONE',  ( 3.074999999999999300, -0.5829448831599133300, 1.324691749499582200 ) ) ;
#4104 = CARTESIAN_POINT ( 'NONE',  ( 3.074999999999999700, -0.6056240298486852400, 1.353981071380927500 ) ) ;
#4105 = CARTESIAN_POINT ( 'NONE',  ( 3.754999999999999000, -0.7620523110292839500, 0.7490186380224027600 ) ) ;
#4106 =( GEOMETRIC_REPRESENTATION_CONTEXT ( 3 ) GLOBAL_UNCERTAINTY_ASSIGNED_CONTEXT ( ( #4113 ) ) GLOBAL_UNIT_ASSIGNED_CONTEXT ( ( #4148, #4150, #4149 ) ) REPRESENTATION_CONTEXT ( 'NONE', 'WORKASPACE' ) );
#4107 = DIRECTION ( 'NONE',  ( -1.084202172485504400E-016, -1.000000000000000000, -0.0000000000000000000 ) ) ;
#4108 = VECTOR ( 'NONE', #4107, 1000.000000000000000 ) ;
#4109 = CARTESIAN_POINT ( 'NONE',  ( 3.804999999999999300, -0.9750469801750290000, 1.523981071380927600 ) ) ;
#4110 = LINE ( 'NONE', #4109, #4108 ) ;
#4111 = DIRECTION ( 'NONE',  ( -1.000000000000000000, 1.084202172485504600E-016, -2.736911063134408300E-048 ) ) ;
#4112 = VECTOR ( 'NONE', #4111, 1000.000000000000000 ) ;
#4113 = UNCERTAINTY_MEASURE_WITH_UNIT (LENGTH_MEASURE( 1.000000000000000100E-005 ), #4148, 'distance_accuracy_value', 'NONE');
#4114 = CARTESIAN_POINT ( 'NONE',  ( 3.074999999999999700, -0.9363312550711018200, 0.7540937768374315100 ) ) ;
#4115 = CARTESIAN_POINT ( 'NONE',  ( 3.074999999999999700, -0.9590104017598734000, 0.7833830987187765400 ) ) ;
#4116 = CARTESIAN_POINT ( 'NONE',  ( 3.095710678118654500, -0.9750469801750284400, 0.8040937768374312200 ) ) ;
#4117 = DIRECTION ( 'NONE',  ( 0.0000000000000000000, 1.000000000000000000, 0.0000000000000000000 ) ) ;
#4118 = DIRECTION ( 'NONE',  ( -1.000000000000000000, 1.084202172485504400E-016, 0.0000000000000000000 ) ) ;
#4119 = CARTESIAN_POINT ( 'NONE',  ( 3.074999999999999700, -0.5669083047447584000, 1.303981071380927400 ) ) ;
#4120 = AXIS2_PLACEMENT_3D ( 'NONE', #4119, #4118, #4117 ) ;
#4121 = CARTESIAN_POINT ( 'NONE',  ( 3.124999999999999600, -0.9750469801750290000, 1.353981071380927500 ) ) ;
#4122 =( GEOMETRIC_REPRESENTATION_CONTEXT ( 3 ) GLOBAL_UNCERTAINTY_ASSIGNED_CONTEXT ( ( #4123 ) ) GLOBAL_UNIT_ASSIGNED_CONTEXT ( ( #4152, #4151, #4124 ) ) REPRESENTATION_CONTEXT ( 'NONE', 'WORKASPACE' ) );
#4123 = UNCERTAINTY_MEASURE_WITH_UNIT (LENGTH_MEASURE( 1.000000000000000100E-005 ), #4152, 'distance_accuracy_value', 'NONE');
#4124 =( NAMED_UNIT ( * ) SI_UNIT ( $, .STERADIAN. ) SOLID_ANGLE_UNIT ( ) );
#4125 = CARTESIAN_POINT ( 'NONE',  ( 3.754999999999999000, -0.9750469801750287800, 0.8040937768374314400 ) ) ;
#4126 = CARTESIAN_POINT ( 'NONE',  ( 3.784289321881344000, -0.9750469801750286700, 0.8040937768374314400 ) ) ;
#4127 = CARTESIAN_POINT ( 'NONE',  ( 3.804999999999998400, -0.9590104017598738400, 0.7833830987187766500 ) ) ;
#4128 = CARTESIAN_POINT ( 'NONE',  ( 3.804999999999999300, -0.9363312550711018200, 0.7540937768374315100 ) ) ;
#4129 =( BOUNDED_CURVE ( )  B_SPLINE_CURVE ( 3, ( #4128, #4127, #4126, #4125 ),
 .UNSPECIFIED., .F., .T. ) 
 B_SPLINE_CURVE_WITH_KNOTS ( ( 4, 4 ),
 ( 4.712388980384689700, 6.283185307179586200 ),
 .UNSPECIFIED. ) 
 CURVE ( )  GEOMETRIC_REPRESENTATION_ITEM ( )  RATIONAL_B_SPLINE_CURVE ( ( 1.000000000000000000, 0.8047378541243649400, 0.8047378541243649400, 1.000000000000000000 ) ) 
 REPRESENTATION_ITEM ( '' )  );
#4130 = CARTESIAN_POINT ( 'NONE',  ( 3.074999999999999700, -0.6056240298486852400, 1.353981071380927500 ) ) ;
#4131 = DIRECTION ( 'NONE',  ( 0.0000000000000000000, 0.0000000000000000000, 1.000000000000000000 ) ) ;
#4132 = DIRECTION ( 'NONE',  ( 1.084202172485504400E-016, 1.000000000000000000, -1.978640747033070800E-016 ) ) ;
#4133 = CARTESIAN_POINT ( 'NONE',  ( 3.124999999999999600, -1.472999999999999900, 0.5840937768374314700 ) ) ;
#4134 = AXIS2_PLACEMENT_3D ( 'NONE', #4133, #4132, #4131 ) ;
#4135 = CIRCLE ( 'NONE', #4134, 0.05000000000000002400 ) ;
#4136 = DIRECTION ( 'NONE',  ( -1.000000000000000000, 0.0000000000000000000, 0.0000000000000000000 ) ) ;
#4137 = DIRECTION ( 'NONE',  ( 1.084202172485504400E-016, 1.000000000000000000, 0.0000000000000000000 ) ) ;
#4138 = AXIS2_PLACEMENT_3D ( 'NONE', #4121, #4137, #4136 ) ;
#4139 = CYLINDRICAL_SURFACE ( 'NONE', #4138, 0.05000000000000012800 ) ;
#4140 = DIRECTION ( 'NONE',  ( 0.0000000000000000000, 0.9681575870261126500, -0.2503415400683133300 ) ) ;
#4141 = DIRECTION ( 'NONE',  ( -0.0000000000000000000, -0.2503415400683133300, -0.9681575870261127600 ) ) ;
#4142 = CARTESIAN_POINT ( 'NONE',  ( 3.124999999999999600, -0.7620523110292838400, 0.7490186380224025400 ) ) ;
#4143 = AXIS2_PLACEMENT_3D ( 'NONE', #4142, #4141, #4140 ) ;
#4144 = CIRCLE ( 'NONE', #4143, 0.04999999999999998900 ) ;
#4145 = DIRECTION ( 'NONE',  ( -2.714208416054376200E-017, -0.2503415400683182700, -0.9681575870261115400 ) ) ;
#4146 = AXIS2_PLACEMENT_3D ( 'NONE', #4105, #4145, #4096 ) ;
#4147 = CYLINDRICAL_SURFACE ( 'NONE', #4146, 0.05000000000000003700 ) ;
#4148 =( LENGTH_UNIT ( ) NAMED_UNIT ( * ) SI_UNIT ( .MILLI., .METRE. ) );
#4149 =( NAMED_UNIT ( * ) SI_UNIT ( $, .STERADIAN. ) SOLID_ANGLE_UNIT ( ) );
#4150 =( NAMED_UNIT ( * ) PLANE_ANGLE_UNIT ( ) SI_UNIT ( $, .RADIAN. ) );
#4151 =( NAMED_UNIT ( * ) PLANE_ANGLE_UNIT ( ) SI_UNIT ( $, .RADIAN. ) );
#4152 =( LENGTH_UNIT ( ) NAMED_UNIT ( * ) SI_UNIT ( .MILLI., .METRE. ) );
#4153 = MECHANICAL_DESIGN_GEOMETRIC_PRESENTATION_REPRESENTATION (  '', ( #4155 ), #4122 ) ;
#4154 = PRESENTATION_LAYER_ASSIGNMENT (  '', '', ( #4155 ) ) ;
#4155 = STYLED_ITEM ( 'NONE', ( #4156 ), #1312 ) ;
#4156 = PRESENTATION_STYLE_ASSIGNMENT (( #4157 ) ) ;
#4157 = SURFACE_STYLE_USAGE ( .BOTH. , #4158 ) ;
#4158 = SURFACE_SIDE_STYLE ('',( #4159 ) ) ;
#4159 = SURFACE_STYLE_FILL_AREA ( #4160 ) ;
#4160 = FILL_AREA_STYLE ('',( #4167 ) ) ;
#4161 = COLOUR_RGB ( '',0.8470588235294117500, 0.8470588235294117500, 0.8470588235294117500 ) ;
#4162 = FACE_OUTER_BOUND ( 'NONE', #1321, .T. ) ;
#4163 = DIRECTION ( 'NONE',  ( 2.714208416054375600E-017, 0.2503415400683182100, 0.9681575870261114300 ) ) ;
#4164 = VECTOR ( 'NONE', #4163, 1000.000000000000100 ) ;
#4165 = CARTESIAN_POINT ( 'NONE',  ( 3.804999999999999300, -0.7620523110292842800, 0.7490186380224013200 ) ) ;
#4166 = LINE ( 'NONE', #4165, #4164 ) ;
#4167 = FILL_AREA_STYLE_COLOUR ( '', #4161 ) ;
#4168 = CARTESIAN_POINT ( 'NONE',  ( 3.804999999999999300, -0.7620523110292839500, 0.7490186380224027600 ) ) ;
#4169 = DIRECTION ( 'NONE',  ( -2.714208416054375600E-017, -0.2503415400683182100, -0.9681575870261114300 ) ) ;
#4170 = VECTOR ( 'NONE', #4169, 1000.000000000000100 ) ;
#4171 = CARTESIAN_POINT ( 'NONE',  ( 3.074999999999999700, -0.7620523110292838400, 0.7490186380224027600 ) ) ;
#4172 = UNCERTAINTY_MEASURE_WITH_UNIT (LENGTH_MEASURE( 1.000000000000000100E-005 ), #4175, 'distance_accuracy_value', 'NONE');
#4173 =( NAMED_UNIT ( * ) SI_UNIT ( $, .STERADIAN. ) SOLID_ANGLE_UNIT ( ) );
#4174 =( NAMED_UNIT ( * ) PLANE_ANGLE_UNIT ( ) SI_UNIT ( $, .RADIAN. ) );
#4175 =( LENGTH_UNIT ( ) NAMED_UNIT ( * ) SI_UNIT ( .MILLI., .METRE. ) );
#4176 = MECHANICAL_DESIGN_GEOMETRIC_PRESENTATION_REPRESENTATION (  '', ( #4178 ), #4021 ) ;
#4177 = PRESENTATION_LAYER_ASSIGNMENT (  '', '', ( #4178 ) ) ;
#4178 = STYLED_ITEM ( 'NONE', ( #4179 ), #1330 ) ;
#4179 = PRESENTATION_STYLE_ASSIGNMENT (( #4180 ) ) ;
#4180 = SURFACE_STYLE_USAGE ( .BOTH. , #4181 ) ;
#4181 = SURFACE_SIDE_STYLE ('',( #4182 ) ) ;
#4182 = SURFACE_STYLE_FILL_AREA ( #4183 ) ;
#4183 = FILL_AREA_STYLE ('',( #4191 ) ) ;
#4184 = COLOUR_RGB ( '',0.8470588235294117500, 0.8470588235294117500, 0.8470588235294117500 ) ;
#4185 = FACE_OUTER_BOUND ( 'NONE', #1556, .T. ) ;
#4186 = DIRECTION ( 'NONE',  ( 0.0000000000000000000, 0.0000000000000000000, -1.000000000000000000 ) ) ;
#4187 = DIRECTION ( 'NONE',  ( 0.0000000000000000000, -1.000000000000000000, 0.0000000000000000000 ) ) ;
#4188 = CARTESIAN_POINT ( 'NONE',  ( 3.754999999999999000, -1.472999999999999900, 0.7540937768374315100 ) ) ;
#4189 = AXIS2_PLACEMENT_3D ( 'NONE', #4188, #4187, #4186 ) ;
#4190 = CIRCLE ( 'NONE', #4189, 0.05000000000000002400 ) ;
#4191 = FILL_AREA_STYLE_COLOUR ( '', #4184 ) ;
#4192 = LINE ( 'NONE', #4171, #4170 ) ;
#4193 = DIRECTION ( 'NONE',  ( 0.0000000000000000000, 1.000000000000000000, 0.0000000000000000000 ) ) ;
#4194 = DIRECTION ( 'NONE',  ( 1.000000000000000000, -1.084202172485504400E-016, -0.0000000000000000000 ) ) ;
#4195 = CARTESIAN_POINT ( 'NONE',  ( 3.804999999999999300, -0.9750469801750290000, 0.8040937768374313300 ) ) ;
#4196 = AXIS2_PLACEMENT_3D ( 'NONE', #4195, #4194, #4193 ) ;
#4197 = CIRCLE ( 'NONE', #4196, 0.2200000000000001400 ) ;
#4198 = CARTESIAN_POINT ( 'NONE',  ( 3.124999999999999600, -0.5669083047447584000, 1.303981071380927400 ) ) ;
#4199 = CARTESIAN_POINT ( 'NONE',  ( 3.124999999999999100, -0.9750469801750286700, 0.8040937768374314400 ) ) ;
#4200 = CARTESIAN_POINT ( 'NONE',  ( 3.074999999999999700, -0.9750469801750288900, 0.8040937768374313300 ) ) ;
#4201 = AXIS2_PLACEMENT_3D ( 'NONE', #4200, #4090, #4089 ) ;
#4202 = CIRCLE ( 'NONE', #4201, 0.2200000000000001400 ) ;
#4203 = FACE_OUTER_BOUND ( 'NONE', #1340, .T. ) ;
#4204 = CARTESIAN_POINT ( 'NONE',  ( 3.095710678118654500, -0.5669083047447582800, 1.303981071380927200 ) ) ;
#4205 = CYLINDRICAL_SURFACE ( 'NONE', #4213, 0.04999999999999991300 ) ;
#4206 = CARTESIAN_POINT ( 'NONE',  ( 3.804999999999999300, -1.472999999999999900, 0.5840937768374314700 ) ) ;
#4207 =( GEOMETRIC_REPRESENTATION_CONTEXT ( 3 ) GLOBAL_UNCERTAINTY_ASSIGNED_CONTEXT ( ( #4217 ) ) GLOBAL_UNIT_ASSIGNED_CONTEXT ( ( #4100, #4219, #4218 ) ) REPRESENTATION_CONTEXT ( 'NONE', 'WORKASPACE' ) );
#4208 = COLOUR_RGB ( '',0.8470588235294117500, 0.8470588235294117500, 0.8470588235294117500 ) ;
#4209 = CARTESIAN_POINT ( 'NONE',  ( 3.804999999999999300, -1.472999999999999900, 0.5340937768374314200 ) ) ;
#4210 = LINE ( 'NONE', #4209, #4112 ) ;
#4211 = DIRECTION ( 'NONE',  ( 0.0000000000000000000, -1.000000000000000000, 0.0000000000000000000 ) ) ;
#4212 = DIRECTION ( 'NONE',  ( -1.000000000000000000, 1.084202172485504600E-016, -2.736911063134408300E-048 ) ) ;
#4213 = AXIS2_PLACEMENT_3D ( 'NONE', #4206, #4212, #4211 ) ;
#4214 =( BOUNDED_CURVE ( )  B_SPLINE_CURVE ( 3, ( #4104, #4103, #4204, #4198 ),
 .UNSPECIFIED., .F., .T. ) 
 B_SPLINE_CURVE_WITH_KNOTS ( ( 4, 4 ),
 ( 1.570796326794896600, 3.141592653589793100 ),
 .UNSPECIFIED. ) 
 CURVE ( )  GEOMETRIC_REPRESENTATION_ITEM ( )  RATIONAL_B_SPLINE_CURVE ( ( 1.000000000000000000, 0.8047378541243649400, 0.8047378541243649400, 1.000000000000000000 ) ) 
 REPRESENTATION_ITEM ( '' )  );
#4215 = FACE_OUTER_BOUND ( 'NONE', #1349, .T. ) ;
#4216 =( BOUNDED_CURVE ( )  B_SPLINE_CURVE ( 3, ( #4199, #4116, #4115, #4114 ),
 .UNSPECIFIED., .F., .T. ) 
 B_SPLINE_CURVE_WITH_KNOTS ( ( 4, 4 ),
 ( 8.589666033349974900E-015, 1.570796326794895400 ),
 .UNSPECIFIED. ) 
 CURVE ( )  GEOMETRIC_REPRESENTATION_ITEM ( )  RATIONAL_B_SPLINE_CURVE ( ( 1.000000000000000000, 0.8047378541243672700, 0.8047378541243672700, 1.000000000000000000 ) ) 
 REPRESENTATION_ITEM ( '' )  );
#4217 = UNCERTAINTY_MEASURE_WITH_UNIT (LENGTH_MEASURE( 1.000000000000000100E-005 ), #4100, 'distance_accuracy_value', 'NONE');
#4218 =( NAMED_UNIT ( * ) SI_UNIT ( $, .STERADIAN. ) SOLID_ANGLE_UNIT ( ) );
#4219 =( NAMED_UNIT ( * ) PLANE_ANGLE_UNIT ( ) SI_UNIT ( $, .RADIAN. ) );
#4220 = MECHANICAL_DESIGN_GEOMETRIC_PRESENTATION_REPRESENTATION (  '', ( #4222 ), #4106 ) ;
#4221 = PRESENTATION_LAYER_ASSIGNMENT (  '', '', ( #4222 ) ) ;
#4222 = STYLED_ITEM ( 'NONE', ( #4223 ), #1288 ) ;
#4223 = PRESENTATION_STYLE_ASSIGNMENT (( #4224 ) ) ;
#4224 = SURFACE_STYLE_USAGE ( .BOTH. , #4225 ) ;
#4225 = SURFACE_SIDE_STYLE ('',( #4097 ) ) ;
#4226 = CARTESIAN_POINT ( 'NONE',  ( 3.804999999999999300, -0.7799029738905034500, 1.359056210195956000 ) ) ;
#4227 = UNCERTAINTY_MEASURE_WITH_UNIT (LENGTH_MEASURE( 1.000000000000000100E-005 ), #4353, 'distance_accuracy_value', 'NONE');
#4228 =( NAMED_UNIT ( * ) SI_UNIT ( $, .STERADIAN. ) SOLID_ANGLE_UNIT ( ) );
#4229 = DIRECTION ( 'NONE',  ( 1.084202172485504600E-016, 1.000000000000000000, 0.0000000000000000000 ) ) ;
#4230 = LINE ( 'NONE', #4275, #4274 ) ;
#4231 = CARTESIAN_POINT ( 'NONE',  ( -4.053450757426654500, 1.360029125881897100, 1.804999999999999900 ) ) ;
#4232 = AXIS2_PLACEMENT_3D ( 'NONE', #4234, #4254, #4253 ) ;
#4233 = CYLINDRICAL_SURFACE ( 'NONE', #4232, 0.05000000000000003700 ) ;
#4234 = CARTESIAN_POINT ( 'NONE',  ( 3.124999999999999600, -0.9266391008237231400, 0.7915766998340153500 ) ) ;
#4235 =( GEOMETRIC_REPRESENTATION_CONTEXT ( 3 ) GLOBAL_UNCERTAINTY_ASSIGNED_CONTEXT ( ( #4227 ) ) GLOBAL_UNIT_ASSIGNED_CONTEXT ( ( #4353, #4352, #4228 ) ) REPRESENTATION_CONTEXT ( 'NONE', 'WORKASPACE' ) );
#4236 = DIRECTION ( 'NONE',  ( 1.000000000000000000, -1.084202172485504400E-016, -0.0000000000000000000 ) ) ;
#4237 = DIRECTION ( 'NONE',  ( 0.0000000000000000000, 0.0000000000000000000, 1.000000000000000000 ) ) ;
#4238 = CARTESIAN_POINT ( 'NONE',  ( 3.754999999999999000, -0.5669083047447585100, 1.303981071380927400 ) ) ;
#4239 = TOROIDAL_SURFACE ( 'NONE', #4351, 0.2200000000000000600, 0.05000000000000000300 ) ;
#4240 =( NAMED_UNIT ( * ) SI_UNIT ( $, .STERADIAN. ) SOLID_ANGLE_UNIT ( ) );
#4241 =( NAMED_UNIT ( * ) PLANE_ANGLE_UNIT ( ) SI_UNIT ( $, .RADIAN. ) );
#4242 =( LENGTH_UNIT ( ) NAMED_UNIT ( * ) SI_UNIT ( .MILLI., .METRE. ) );
#4243 = MECHANICAL_DESIGN_GEOMETRIC_PRESENTATION_REPRESENTATION (  '', ( #4246 ), #4287 ) ;
#4244 =( NAMED_UNIT ( * ) SI_UNIT ( $, .STERADIAN. ) SOLID_ANGLE_UNIT ( ) );
#4245 = PRESENTATION_LAYER_ASSIGNMENT (  '', '', ( #4246 ) ) ;
#4246 = STYLED_ITEM ( 'NONE', ( #4247 ), #1360 ) ;
#4247 = PRESENTATION_STYLE_ASSIGNMENT (( #4248 ) ) ;
#4248 = SURFACE_STYLE_USAGE ( .BOTH. , #4249 ) ;
#4249 = SURFACE_SIDE_STYLE ('',( #4250 ) ) ;
#4250 = SURFACE_STYLE_FILL_AREA ( #4251 ) ;
#4251 = FILL_AREA_STYLE ('',( #4256 ) ) ;
#4252 = COLOUR_RGB ( '',0.8470588235294117500, 0.8470588235294117500, 0.8470588235294117500 ) ;
#4253 = DIRECTION ( 'NONE',  ( 0.0000000000000000000, 0.9681575870261117700, -0.2503415400683174400 ) ) ;
#4254 = DIRECTION ( 'NONE',  ( -2.714208416054373100E-017, -0.2503415400683179900, -0.9681575870261115400 ) ) ;
#4255 = FACE_OUTER_BOUND ( 'NONE', #1361, .T. ) ;
#4256 = FILL_AREA_STYLE_COLOUR ( '', #4252 ) ;
#4257 = SURFACE_SIDE_STYLE ('',( #4258 ) ) ;
#4258 = SURFACE_STYLE_FILL_AREA ( #4259 ) ;
#4259 = FILL_AREA_STYLE ('',( #4350 ) ) ;
#4260 = COLOUR_RGB ( '',0.8470588235294117500, 0.8470588235294117500, 0.8470588235294117500 ) ;
#4261 = CIRCLE ( 'NONE', #4354, 0.5428421944743202500 ) ;
#4262 = CARTESIAN_POINT ( 'NONE',  ( -3.510608562952334000, 1.360029125881897100, 1.804999999999999900 ) ) ;
#4263 = DIRECTION ( 'NONE',  ( 1.000000000000000000, 0.0000000000000000000, 0.0000000000000000000 ) ) ;
#4264 = DIRECTION ( 'NONE',  ( 0.0000000000000000000, 0.0000000000000000000, 1.000000000000000000 ) ) ;
#4265 = CARTESIAN_POINT ( 'NONE',  ( 3.124999999999999600, -1.472999999999999900, 0.5840937768374314700 ) ) ;
#4266 = AXIS2_PLACEMENT_3D ( 'NONE', #4265, #4264, #4263 ) ;
#4267 = CIRCLE ( 'NONE', #4266, 0.05000000000000012800 ) ;
#4268 = FILL_AREA_STYLE_COLOUR ( '', #4298 ) ;
#4269 = CIRCLE ( 'NONE', #4280, 0.04999999999999991300 ) ;
#4270 = DIRECTION ( 'NONE',  ( 1.084202172485504600E-016, 1.000000000000000000, 0.0000000000000000000 ) ) ;
#4271 = DIRECTION ( 'NONE',  ( 1.000000000000000000, -1.084202172485504400E-016, -0.0000000000000000000 ) ) ;
#4272 = AXIS2_PLACEMENT_3D ( 'NONE', #4283, #4271, #4270 ) ;
#4273 = DIRECTION ( 'NONE',  ( 2.714208416054373400E-017, 0.2503415400683179900, 0.9681575870261116500 ) ) ;
#4274 = VECTOR ( 'NONE', #4273, 999.9999999999998900 ) ;
#4275 = CARTESIAN_POINT ( 'NONE',  ( 3.074999999999999700, -0.7799029738905033400, 1.359056210195956000 ) ) ;
#4276 = MECHANICAL_DESIGN_GEOMETRIC_PRESENTATION_REPRESENTATION (  '', ( #4345 ), #4285 ) ;
#4277 = DIRECTION ( 'NONE',  ( 0.0000000000000000000, -1.000000000000000000, 0.0000000000000000000 ) ) ;
#4278 = DIRECTION ( 'NONE',  ( -1.000000000000000000, 1.084202172485504600E-016, -2.736911063134408300E-048 ) ) ;
#4279 = CARTESIAN_POINT ( 'NONE',  ( 3.754999999999999000, -1.472999999999999900, 0.5840937768374314700 ) ) ;
#4280 = AXIS2_PLACEMENT_3D ( 'NONE', #4279, #4278, #4277 ) ;
#4281 = CARTESIAN_POINT ( 'NONE',  ( -2.967766368478014000, 1.360029125881897100, 1.804999999999999900 ) ) ;
#4282 = DIRECTION ( 'NONE',  ( 1.000000000000000000, 0.0000000000000000000, 0.0000000000000000000 ) ) ;
#4283 = CARTESIAN_POINT ( 'NONE',  ( 3.124999999999999600, -0.9750469801750288900, 0.8040937768374313300 ) ) ;
#4284 = TOROIDAL_SURFACE ( 'NONE', #4272, 0.2200000000000001100, 0.05000000000000000300 ) ;
#4285 =( GEOMETRIC_REPRESENTATION_CONTEXT ( 3 ) GLOBAL_UNCERTAINTY_ASSIGNED_CONTEXT ( ( #4289 ) ) GLOBAL_UNIT_ASSIGNED_CONTEXT ( ( #4343, #4355, #4244 ) ) REPRESENTATION_CONTEXT ( 'NONE', 'WORKASPACE' ) );
#4286 = CYLINDRICAL_SURFACE ( 'NONE', #4329, 0.05000000000000012800 ) ;
#4287 =( GEOMETRIC_REPRESENTATION_CONTEXT ( 3 ) GLOBAL_UNCERTAINTY_ASSIGNED_CONTEXT ( ( #4288 ) ) GLOBAL_UNIT_ASSIGNED_CONTEXT ( ( #4242, #4241, #4240 ) ) REPRESENTATION_CONTEXT ( 'NONE', 'WORKASPACE' ) );
#4288 = UNCERTAINTY_MEASURE_WITH_UNIT (LENGTH_MEASURE( 1.000000000000000100E-005 ), #4242, 'distance_accuracy_value', 'NONE');
#4289 = UNCERTAINTY_MEASURE_WITH_UNIT (LENGTH_MEASURE( 1.000000000000000100E-005 ), #4343, 'distance_accuracy_value', 'NONE');
#4290 = MECHANICAL_DESIGN_GEOMETRIC_PRESENTATION_REPRESENTATION (  '', ( #4292 ), #4235 ) ;
#4291 = PRESENTATION_LAYER_ASSIGNMENT (  '', '', ( #4292 ) ) ;
#4292 = STYLED_ITEM ( 'NONE', ( #4293 ), #1355 ) ;
#4293 = PRESENTATION_STYLE_ASSIGNMENT (( #4294 ) ) ;
#4294 = SURFACE_STYLE_USAGE ( .BOTH. , #4295 ) ;
#4295 = SURFACE_SIDE_STYLE ('',( #4296 ) ) ;
#4296 = SURFACE_STYLE_FILL_AREA ( #4297 ) ;
#4297 = FILL_AREA_STYLE ('',( #4268 ) ) ;
#4298 = COLOUR_RGB ( '',0.8470588235294117500, 0.8470588235294117500, 0.8470588235294117500 ) ;
#4299 = FACE_OUTER_BOUND ( 'NONE', #1356, .T. ) ;
#4300 = FACE_OUTER_BOUND ( 'NONE', #1345, .T. ) ;
#4301 = DIRECTION ( 'NONE',  ( 1.084202172485504400E-016, 1.000000000000000000, 0.0000000000000000000 ) ) ;
#4302 = VECTOR ( 'NONE', #4301, 1000.000000000000000 ) ;
#4303 =( NAMED_UNIT ( * ) SI_UNIT ( $, .STERADIAN. ) SOLID_ANGLE_UNIT ( ) );
#4304 =( NAMED_UNIT ( * ) PLANE_ANGLE_UNIT ( ) SI_UNIT ( $, .RADIAN. ) );
#4305 =( LENGTH_UNIT ( ) NAMED_UNIT ( * ) SI_UNIT ( .MILLI., .METRE. ) );
#4306 = MECHANICAL_DESIGN_GEOMETRIC_PRESENTATION_REPRESENTATION (  '', ( #4308 ), #4341 ) ;
#4307 = PRESENTATION_LAYER_ASSIGNMENT (  '', '', ( #4308 ) ) ;
#4308 = STYLED_ITEM ( 'NONE', ( #4309 ), #1371 ) ;
#4309 = PRESENTATION_STYLE_ASSIGNMENT (( #4310 ) ) ;
#4310 = SURFACE_STYLE_USAGE ( .BOTH. , #4311 ) ;
#4311 = SURFACE_SIDE_STYLE ('',( #4312 ) ) ;
#4312 = SURFACE_STYLE_FILL_AREA ( #4313 ) ;
#4313 = FILL_AREA_STYLE ('',( #4321 ) ) ;
#4314 = COLOUR_RGB ( '',0.8470588235294117500, 0.8470588235294117500, 0.8470588235294117500 ) ;
#4315 = FACE_OUTER_BOUND ( 'NONE', #1368, .T. ) ;
#4316 = DIRECTION ( 'NONE',  ( 0.0000000000000000000, -1.000000000000000000, 0.0000000000000000000 ) ) ;
#4317 = DIRECTION ( 'NONE',  ( 1.000000000000000000, -1.084202172485504600E-016, 2.736911063134408300E-048 ) ) ;
#4318 = CARTESIAN_POINT ( 'NONE',  ( 3.124999999999999600, -1.472999999999999900, 0.5840937768374314700 ) ) ;
#4319 = AXIS2_PLACEMENT_3D ( 'NONE', #4318, #4317, #4316 ) ;
#4320 = CIRCLE ( 'NONE', #4319, 0.04999999999999991300 ) ;
#4321 = FILL_AREA_STYLE_COLOUR ( '', #4314 ) ;
#4322 = DIRECTION ( 'NONE',  ( 1.000000000000000000, 6.505213034913010000E-015, 0.0000000000000000000 ) ) ;
#4323 = DIRECTION ( 'NONE',  ( 6.505213034913009200E-015, -1.000000000000000000, 0.0000000000000000000 ) ) ;
#4324 = CARTESIAN_POINT ( 'NONE',  ( 3.124999999999999600, -0.5669083047447568400, 1.523981071380927600 ) ) ;
#4325 = AXIS2_PLACEMENT_3D ( 'NONE', #4324, #4323, #4322 ) ;
#4326 = DIRECTION ( 'NONE',  ( 1.000000000000000000, 0.0000000000000000000, 0.0000000000000000000 ) ) ;
#4327 = DIRECTION ( 'NONE',  ( -1.084202172485504400E-016, -1.000000000000000000, 0.0000000000000000000 ) ) ;
#4328 = CARTESIAN_POINT ( 'NONE',  ( 3.124999999999999600, -0.9750469801750290000, 1.523981071380927600 ) ) ;
#4329 = AXIS2_PLACEMENT_3D ( 'NONE', #4328, #4327, #4326 ) ;
#4330 = CIRCLE ( 'NONE', #4325, 0.05000000000000012800 ) ;
#4331 = DIRECTION ( 'NONE',  ( 0.0000000000000000000, 0.0000000000000000000, -1.000000000000000000 ) ) ;
#4332 = DIRECTION ( 'NONE',  ( 1.084202172485504400E-016, 1.000000000000000000, -1.978640747033070800E-016 ) ) ;
#4333 = CARTESIAN_POINT ( 'NONE',  ( 3.754999999999999000, -1.472999999999999900, 0.5840937768374314700 ) ) ;
#4334 = AXIS2_PLACEMENT_3D ( 'NONE', #4333, #4332, #4331 ) ;
#4335 = DIRECTION ( 'NONE',  ( 1.084202172485504600E-016, 1.000000000000000000, 0.0000000000000000000 ) ) ;
#4336 = DIRECTION ( 'NONE',  ( 1.000000000000000000, -1.084202172485504400E-016, -0.0000000000000000000 ) ) ;
#4337 = AXIS2_PLACEMENT_3D ( 'NONE', #4340, #4336, #4335 ) ;
#4338 = TOROIDAL_SURFACE ( 'NONE', #4337, 0.2200000000000001100, 0.05000000000000000300 ) ;
#4339 = CIRCLE ( 'NONE', #4334, 0.05000000000000002400 ) ;
#4340 = CARTESIAN_POINT ( 'NONE',  ( 3.754999999999999000, -0.9750469801750290000, 0.8040937768374313300 ) ) ;
#4341 =( GEOMETRIC_REPRESENTATION_CONTEXT ( 3 ) GLOBAL_UNCERTAINTY_ASSIGNED_CONTEXT ( ( #4342 ) ) GLOBAL_UNIT_ASSIGNED_CONTEXT ( ( #4305, #4304, #4303 ) ) REPRESENTATION_CONTEXT ( 'NONE', 'WORKASPACE' ) );
#4342 = UNCERTAINTY_MEASURE_WITH_UNIT (LENGTH_MEASURE( 1.000000000000000100E-005 ), #4305, 'distance_accuracy_value', 'NONE');
#4343 =( LENGTH_UNIT ( ) NAMED_UNIT ( * ) SI_UNIT ( .MILLI., .METRE. ) );
#4344 = PRESENTATION_LAYER_ASSIGNMENT (  '', '', ( #4345 ) ) ;
#4345 = STYLED_ITEM ( 'NONE', ( #4346 ), #1344 ) ;
#4346 = PRESENTATION_STYLE_ASSIGNMENT (( #4347 ) ) ;
#4347 = SURFACE_STYLE_USAGE ( .BOTH. , #4257 ) ;
#4348 = CARTESIAN_POINT ( 'NONE',  ( 3.074999999999999700, -1.029992063861229300E-016, 1.523981071380927600 ) ) ;
#4349 = LINE ( 'NONE', #4348, #4302 ) ;
#4350 = FILL_AREA_STYLE_COLOUR ( '', #4260 ) ;
#4351 = AXIS2_PLACEMENT_3D ( 'NONE', #4238, #4236, #4229 ) ;
#4352 =( NAMED_UNIT ( * ) PLANE_ANGLE_UNIT ( ) SI_UNIT ( $, .RADIAN. ) );
#4353 =( LENGTH_UNIT ( ) NAMED_UNIT ( * ) SI_UNIT ( .MILLI., .METRE. ) );
#4354 = AXIS2_PLACEMENT_3D ( 'NONE', #4262, #4237, #4282 ) ;
#4355 =( NAMED_UNIT ( * ) PLANE_ANGLE_UNIT ( ) SI_UNIT ( $, .RADIAN. ) );
#4356 =( GEOMETRIC_REPRESENTATION_CONTEXT ( 3 ) GLOBAL_UNCERTAINTY_ASSIGNED_CONTEXT ( ( #4357 ) ) GLOBAL_UNIT_ASSIGNED_CONTEXT ( ( #4360, #4359, #4358 ) ) REPRESENTATION_CONTEXT ( 'NONE', 'WORKASPACE' ) );
#4357 = UNCERTAINTY_MEASURE_WITH_UNIT (LENGTH_MEASURE( 1.000000000000000100E-005 ), #4360, 'distance_accuracy_value', 'NONE');
#4358 =( NAMED_UNIT ( * ) SI_UNIT ( $, .STERADIAN. ) SOLID_ANGLE_UNIT ( ) );
#4359 =( NAMED_UNIT ( * ) PLANE_ANGLE_UNIT ( ) SI_UNIT ( $, .RADIAN. ) );
#4360 =( LENGTH_UNIT ( ) NAMED_UNIT ( * ) SI_UNIT ( .MILLI., .METRE. ) );
#4361 = AXIS2_PLACEMENT_3D ( 'NONE', #4423, #4422, #4421 ) ;
#4362 = CIRCLE ( 'NONE', #4361, 0.05000000000000002400 ) ;
#4363 = DIRECTION ( 'NONE',  ( -1.084202172485504400E-016, -1.000000000000000000, 0.0000000000000000000 ) ) ;
#4364 = VECTOR ( 'NONE', #4363, 1000.000000000000000 ) ;
#4365 = CARTESIAN_POINT ( 'NONE',  ( 3.074999999999999700, -0.5669083047447585100, 1.353981071380927500 ) ) ;
#4366 = LINE ( 'NONE', #4365, #4364 ) ;
#4367 = DIRECTION ( 'NONE',  ( 0.0000000000000000000, 0.9681575870261126500, -0.2503415400683133300 ) ) ;
#4368 = DIRECTION ( 'NONE',  ( 4.198714236648130000E-015, -0.2503415400683133300, -0.9681575870261127600 ) ) ;
#4369 = CARTESIAN_POINT ( 'NONE',  ( 3.124999999999999600, -0.7799029738905033400, 1.359056210195956200 ) ) ;
#4370 = AXIS2_PLACEMENT_3D ( 'NONE', #4369, #4368, #4367 ) ;
#4371 = DIRECTION ( 'NONE',  ( 1.084202172485504400E-016, 1.000000000000000000, 0.0000000000000000000 ) ) ;
#4372 = DIRECTION ( 'NONE',  ( 1.000000000000000000, -1.084202172485504400E-016, -0.0000000000000000000 ) ) ;
#4373 = CARTESIAN_POINT ( 'NONE',  ( 3.074999999999999700, -0.9750469801750290000, 0.8040937768374313300 ) ) ;
#4374 = CARTESIAN_POINT ( 'NONE',  ( 3.754999999999999000, -0.9750469801750301100, 0.5840937768374313600 ) ) ;
#4375 =( LENGTH_UNIT ( ) NAMED_UNIT ( * ) SI_UNIT ( .MILLI., .METRE. ) );
#4376 =( NAMED_UNIT ( * ) PLANE_ANGLE_UNIT ( ) SI_UNIT ( $, .RADIAN. ) );
#4377 = CARTESIAN_POINT ( 'NONE',  ( 3.754999999999999000, -1.704907916233456000E-016, 1.353981071380927500 ) ) ;
#4378 = COLOUR_RGB ( '',0.8470588235294117500, 0.8470588235294117500, 0.8470588235294117500 ) ;
#4379 = FACE_OUTER_BOUND ( 'NONE', #1400, .T. ) ;
#4380 = MECHANICAL_DESIGN_GEOMETRIC_PRESENTATION_REPRESENTATION (  '', ( #4394 ), #4438 ) ;
#4381 = PRESENTATION_LAYER_ASSIGNMENT (  '', '', ( #4394 ) ) ;
#4382 =( NAMED_UNIT ( * ) SI_UNIT ( $, .STERADIAN. ) SOLID_ANGLE_UNIT ( ) );
#4383 = FILL_AREA_STYLE ('',( #4387 ) ) ;
#4384 = UNCERTAINTY_MEASURE_WITH_UNIT (LENGTH_MEASURE( 1.000000000000000100E-005 ), #4375, 'distance_accuracy_value', 'NONE');
#4385 =( GEOMETRIC_REPRESENTATION_CONTEXT ( 3 ) GLOBAL_UNCERTAINTY_ASSIGNED_CONTEXT ( ( #4384 ) ) GLOBAL_UNIT_ASSIGNED_CONTEXT ( ( #4375, #4390, #4442 ) ) REPRESENTATION_CONTEXT ( 'NONE', 'WORKASPACE' ) );
#4386 = AXIS2_PLACEMENT_3D ( 'NONE', #4374, #4427, #4463 ) ;
#4387 = FILL_AREA_STYLE_COLOUR ( '', #4462 ) ;
#4388 = UNCERTAINTY_MEASURE_WITH_UNIT (LENGTH_MEASURE( 1.000000000000000100E-005 ), #4466, 'distance_accuracy_value', 'NONE');
#4389 = SURFACE_SIDE_STYLE ('',( #4429 ) ) ;
#4390 =( NAMED_UNIT ( * ) PLANE_ANGLE_UNIT ( ) SI_UNIT ( $, .RADIAN. ) );
#4391 = FILL_AREA_STYLE_COLOUR ( '', #4378 ) ;
#4392 = DIRECTION ( 'NONE',  ( 1.000000000000000000, -1.084202172485502600E-016, 0.0000000000000000000 ) ) ;
#4393 = AXIS2_PLACEMENT_3D ( 'NONE', #4377, #4395, #4392 ) ;
#4394 = STYLED_ITEM ( 'NONE', ( #4485 ), #1376 ) ;
#4395 = DIRECTION ( 'NONE',  ( -1.084202172485504400E-016, -1.000000000000000000, 0.0000000000000000000 ) ) ;
#4396 =( LENGTH_UNIT ( ) NAMED_UNIT ( * ) SI_UNIT ( .MILLI., .METRE. ) );
#4397 = MECHANICAL_DESIGN_GEOMETRIC_PRESENTATION_REPRESENTATION (  '', ( #4430 ), #4465 ) ;
#4398 = PRESENTATION_LAYER_ASSIGNMENT (  '', '', ( #4430 ) ) ;
#4399 =( NAMED_UNIT ( * ) PLANE_ANGLE_UNIT ( ) SI_UNIT ( $, .RADIAN. ) );
#4400 = DIRECTION ( 'NONE',  ( 2.714208416054376200E-017, 0.2503415400683182700, 0.9681575870261115400 ) ) ;
#4401 = CARTESIAN_POINT ( 'NONE',  ( 3.124999999999999600, -0.7620523110292841700, 0.7490186380224013200 ) ) ;
#4402 = AXIS2_PLACEMENT_3D ( 'NONE', #4401, #4400, #4476 ) ;
#4403 = CARTESIAN_POINT ( 'NONE',  ( 3.074999999999999700, -0.9750469801750302200, 0.5840937768374312400 ) ) ;
#4404 = MECHANICAL_DESIGN_GEOMETRIC_PRESENTATION_REPRESENTATION (  '', ( #4406 ), #4356 ) ;
#4405 = PRESENTATION_LAYER_ASSIGNMENT (  '', '', ( #4406 ) ) ;
#4406 = STYLED_ITEM ( 'NONE', ( #4407 ), #1408 ) ;
#4407 = PRESENTATION_STYLE_ASSIGNMENT (( #4408 ) ) ;
#4408 = SURFACE_STYLE_USAGE ( .BOTH. , #4409 ) ;
#4409 = SURFACE_SIDE_STYLE ('',( #4410 ) ) ;
#4410 = SURFACE_STYLE_FILL_AREA ( #4411 ) ;
#4411 = FILL_AREA_STYLE ('',( #4412 ) ) ;
#4412 = FILL_AREA_STYLE_COLOUR ( '', #4413 ) ;
#4413 = COLOUR_RGB ( '',0.8470588235294117500, 0.8470588235294117500, 0.8470588235294117500 ) ;
#4414 = FACE_OUTER_BOUND ( 'NONE', #1322, .T. ) ;
#4415 = CARTESIAN_POINT ( 'NONE',  ( 3.804999999999999300, -0.9750469801750301100, 0.5840937768374313600 ) ) ;
#4416 = DIRECTION ( 'NONE',  ( 1.084202172485504400E-016, 1.000000000000000000, -1.978640747033070800E-016 ) ) ;
#4417 = VECTOR ( 'NONE', #4416, 1000.000000000000000 ) ;
#4418 = CARTESIAN_POINT ( 'NONE',  ( 3.804999999999999300, -0.9750469801750290000, 0.5840937768374313600 ) ) ;
#4419 = LINE ( 'NONE', #4418, #4417 ) ;
#4420 = CARTESIAN_POINT ( 'NONE',  ( 3.804999999999999300, -0.6056240298486853500, 1.353981071380927500 ) ) ;
#4421 = DIRECTION ( 'NONE',  ( 0.0000000000000000000, 0.0000000000000000000, -1.000000000000000000 ) ) ;
#4422 = DIRECTION ( 'NONE',  ( -0.0000000000000000000, -1.000000000000000000, -0.0000000000000000000 ) ) ;
#4423 = CARTESIAN_POINT ( 'NONE',  ( 3.124999999999999600, -0.9750469801750302200, 0.5840937768374312400 ) ) ;
#4424 = CYLINDRICAL_SURFACE ( 'NONE', #4393, 0.05000000000000012800 ) ;
#4425 = UNCERTAINTY_MEASURE_WITH_UNIT (LENGTH_MEASURE( 1.000000000000000100E-005 ), #4396, 'distance_accuracy_value', 'NONE');
#4426 =( NAMED_UNIT ( * ) SI_UNIT ( $, .STERADIAN. ) SOLID_ANGLE_UNIT ( ) );
#4427 = DIRECTION ( 'NONE',  ( 0.0000000000000000000, 1.000000000000000000, -4.336808689942016200E-015 ) ) ;
#4428 = CIRCLE ( 'NONE', #4386, 0.05000000000000002400 ) ;
#4429 = SURFACE_STYLE_FILL_AREA ( #4383 ) ;
#4430 = STYLED_ITEM ( 'NONE', ( #4431 ), #1393 ) ;
#4431 = PRESENTATION_STYLE_ASSIGNMENT (( #4432 ) ) ;
#4432 = SURFACE_STYLE_USAGE ( .BOTH. , #4433 ) ;
#4433 = SURFACE_SIDE_STYLE ('',( #4434 ) ) ;
#4434 = SURFACE_STYLE_FILL_AREA ( #4435 ) ;
#4435 = FILL_AREA_STYLE ('',( #4449 ) ) ;
#4436 = COLOUR_RGB ( '',0.8470588235294117500, 0.8470588235294117500, 0.8470588235294117500 ) ;
#4437 = FACE_OUTER_BOUND ( 'NONE', #1403, .T. ) ;
#4438 =( GEOMETRIC_REPRESENTATION_CONTEXT ( 3 ) GLOBAL_UNCERTAINTY_ASSIGNED_CONTEXT ( ( #4388 ) ) GLOBAL_UNIT_ASSIGNED_CONTEXT ( ( #4466, #4376, #4382 ) ) REPRESENTATION_CONTEXT ( 'NONE', 'WORKASPACE' ) );
#4439 = FACE_OUTER_BOUND ( 'NONE', #1378, .T. ) ;
#4440 = CARTESIAN_POINT ( 'NONE',  ( 3.754999999999999000, -0.9750469801750303300, 0.5840937768374313600 ) ) ;
#4441 = CYLINDRICAL_SURFACE ( 'NONE', #4479, 0.05000000000000002400 ) ;
#4442 =( NAMED_UNIT ( * ) SI_UNIT ( $, .STERADIAN. ) SOLID_ANGLE_UNIT ( ) );
#4443 = AXIS2_PLACEMENT_3D ( 'NONE', #4373, #4372, #4371 ) ;
#4444 = CIRCLE ( 'NONE', #4370, 0.04999999999999998900 ) ;
#4445 = PLANE ( 'NONE',  #4443 ) ;
#4446 =( GEOMETRIC_REPRESENTATION_CONTEXT ( 3 ) GLOBAL_UNCERTAINTY_ASSIGNED_CONTEXT ( ( #4447 ) ) GLOBAL_UNIT_ASSIGNED_CONTEXT ( ( #4454, #4453, #4448 ) ) REPRESENTATION_CONTEXT ( 'NONE', 'WORKASPACE' ) );
#4447 = UNCERTAINTY_MEASURE_WITH_UNIT (LENGTH_MEASURE( 1.000000000000000100E-005 ), #4454, 'distance_accuracy_value', 'NONE');
#4448 =( NAMED_UNIT ( * ) SI_UNIT ( $, .STERADIAN. ) SOLID_ANGLE_UNIT ( ) );
#4449 = FILL_AREA_STYLE_COLOUR ( '', #4436 ) ;
#4450 = CARTESIAN_POINT ( 'NONE',  ( 3.074999999999999700, -1.472999999999999900, 0.5840937768374314700 ) ) ;
#4451 = CARTESIAN_POINT ( 'NONE',  ( 3.754999999999999000, -1.472999999999999900, 0.5340937768374314200 ) ) ;
#4452 = CARTESIAN_POINT ( 'NONE',  ( 3.804999999999999300, -0.9363312550711018200, 0.7540937768374315100 ) ) ;
#4453 =( NAMED_UNIT ( * ) PLANE_ANGLE_UNIT ( ) SI_UNIT ( $, .RADIAN. ) );
#4454 =( LENGTH_UNIT ( ) NAMED_UNIT ( * ) SI_UNIT ( .MILLI., .METRE. ) );
#4455 = MECHANICAL_DESIGN_GEOMETRIC_PRESENTATION_REPRESENTATION (  '', ( #4467 ), #4446 ) ;
#4456 = PRESENTATION_LAYER_ASSIGNMENT (  '', '', ( #4467 ) ) ;
#4457 = SURFACE_STYLE_USAGE ( .BOTH. , #4458 ) ;
#4458 = SURFACE_SIDE_STYLE ('',( #4459 ) ) ;
#4459 = SURFACE_STYLE_FILL_AREA ( #4460 ) ;
#4460 = FILL_AREA_STYLE ('',( #4391 ) ) ;
#4461 = SURFACE_STYLE_USAGE ( .BOTH. , #4389 ) ;
#4462 = COLOUR_RGB ( '',0.8470588235294117500, 0.8470588235294117500, 0.8470588235294117500 ) ;
#4463 = DIRECTION ( 'NONE',  ( 0.0000000000000000000, 4.336808689942015400E-015, 1.000000000000000000 ) ) ;
#4464 = CYLINDRICAL_SURFACE ( 'NONE', #4402, 0.05000000000000003700 ) ;
#4465 =( GEOMETRIC_REPRESENTATION_CONTEXT ( 3 ) GLOBAL_UNCERTAINTY_ASSIGNED_CONTEXT ( ( #4425 ) ) GLOBAL_UNIT_ASSIGNED_CONTEXT ( ( #4396, #4399, #4426 ) ) REPRESENTATION_CONTEXT ( 'NONE', 'WORKASPACE' ) );
#4466 =( LENGTH_UNIT ( ) NAMED_UNIT ( * ) SI_UNIT ( .MILLI., .METRE. ) );
#4467 = STYLED_ITEM ( 'NONE', ( #4468 ), #1397 ) ;
#4468 = PRESENTATION_STYLE_ASSIGNMENT (( #4469 ) ) ;
#4469 = SURFACE_STYLE_USAGE ( .BOTH. , #4470 ) ;
#4470 = SURFACE_SIDE_STYLE ('',( #4471 ) ) ;
#4471 = SURFACE_STYLE_FILL_AREA ( #4472 ) ;
#4472 = FILL_AREA_STYLE ('',( #4473 ) ) ;
#4473 = FILL_AREA_STYLE_COLOUR ( '', #4474 ) ;
#4474 = COLOUR_RGB ( '',0.8470588235294117500, 0.8470588235294117500, 0.8470588235294117500 ) ;
#4475 = FACE_OUTER_BOUND ( 'NONE', #1383, .T. ) ;
#4476 = DIRECTION ( 'NONE',  ( 0.0000000000000000000, -0.9681575870261117700, 0.2503415400683174400 ) ) ;
#4477 = DIRECTION ( 'NONE',  ( 0.0000000000000000000, 0.0000000000000000000, -1.000000000000000000 ) ) ;
#4478 = DIRECTION ( 'NONE',  ( -1.084202172485504400E-016, -1.000000000000000000, 1.978640747033070800E-016 ) ) ;
#4479 = AXIS2_PLACEMENT_3D ( 'NONE', #4440, #4478, #4477 ) ;
#4480 = CARTESIAN_POINT ( 'NONE',  ( 3.074999999999999700, -0.5669083047447571700, 1.523981071380927600 ) ) ;
#4481 = MECHANICAL_DESIGN_GEOMETRIC_PRESENTATION_REPRESENTATION (  '', ( #4483 ), #4385 ) ;
#4482 = PRESENTATION_LAYER_ASSIGNMENT (  '', '', ( #4483 ) ) ;
#4483 = STYLED_ITEM ( 'NONE', ( #4484 ), #1380 ) ;
#4484 = PRESENTATION_STYLE_ASSIGNMENT (( #4457 ) ) ;
#4485 = PRESENTATION_STYLE_ASSIGNMENT (( #4461 ) ) ;
#4486 = CARTESIAN_POINT ( 'NONE',  ( 4.697500000000000700, 0.09999999999999939500, 0.0000000000000000000 ) ) ;
#4487 = CARTESIAN_POINT ( 'NONE',  ( 4.697500000000000700, 0.09999999999999940900, 1.804999999999999900 ) ) ;
#4488 = CARTESIAN_POINT ( 'NONE',  ( 4.697499999999999800, 7.900000000000000400, 1.804999999999999900 ) ) ;
#4489 = DIRECTION ( 'NONE',  ( 1.084202172485504400E-016, -1.000000000000000000, -0.0000000000000000000 ) ) ;
#4490 = VECTOR ( 'NONE', #4489, 1000.000000000000000 ) ;
#4491 = CARTESIAN_POINT ( 'NONE',  ( 4.697500000000000700, -2.708338984294550400E-032, 1.804999999999999900 ) ) ;
#4492 = LINE ( 'NONE', #4491, #4490 ) ;
#4493 = CARTESIAN_POINT ( 'NONE',  ( 4.103692310995577400, 6.826374639129476800, 1.905000000000000000 ) ) ;
#4494 = DIRECTION ( 'NONE',  ( 1.000000000000000000, 0.0000000000000000000, 0.0000000000000000000 ) ) ;
#4495 = DIRECTION ( 'NONE',  ( 0.0000000000000000000, 0.0000000000000000000, 1.000000000000000000 ) ) ;
#4496 = CARTESIAN_POINT ( 'NONE',  ( 3.449871390582917000, 6.826374639129476800, 1.905000000000000000 ) ) ;
#4497 = AXIS2_PLACEMENT_3D ( 'NONE', #4496, #4495, #4494 ) ;
#4498 = CYLINDRICAL_SURFACE ( 'NONE', #4499, 0.1000000000000002600 ) ;
#4499 = AXIS2_PLACEMENT_3D ( 'NONE', #4533, #4532, #4531 ) ;
#4500 = FACE_OUTER_BOUND ( 'NONE', #1463, .T. ) ;
#4501 = DIRECTION ( 'NONE',  ( 0.0000000000000000000, 0.0000000000000000000, 1.000000000000000000 ) ) ;
#4502 = DIRECTION ( 'NONE',  ( 1.000000000000000000, -0.0000000000000000000, -0.0000000000000000000 ) ) ;
#4503 = CARTESIAN_POINT ( 'NONE',  ( -4.597499999999999300, 7.900000000000000400, 1.804999999999999900 ) ) ;
#4504 = AXIS2_PLACEMENT_3D ( 'NONE', #4503, #4502, #4501 ) ;
#4505 = DIRECTION ( 'NONE',  ( 1.000000000000000000, 0.0000000000000000000, 0.0000000000000000000 ) ) ;
#4506 = DIRECTION ( 'NONE',  ( 0.0000000000000000000, 1.000000000000000000, 0.0000000000000000000 ) ) ;
#4507 = CARTESIAN_POINT ( 'NONE',  ( -4.597499999999999300, 7.900000000000000400, 1.804999999999999700 ) ) ;
#4508 = AXIS2_PLACEMENT_3D ( 'NONE', #4507, #4506, #4505 ) ;
#4509 = CIRCLE ( 'NONE', #4504, 0.1000000000000000500 ) ;
#4510 = SPHERICAL_SURFACE ( 'NONE', #4508, 0.1000000000000000100 ) ;
#4511 = CARTESIAN_POINT ( 'NONE',  ( 4.697499999999999800, 8.000000000000000000, 0.0000000000000000000 ) ) ;
#4512 = LINE ( 'NONE', #4511, #4616 ) ;
#4513 = CARTESIAN_POINT ( 'NONE',  ( 3.804999999999999300, -1.472999999999999900, 0.7540937768374315100 ) ) ;
#4514 =( GEOMETRIC_REPRESENTATION_CONTEXT ( 3 ) GLOBAL_UNCERTAINTY_ASSIGNED_CONTEXT ( ( #4634 ) ) GLOBAL_UNIT_ASSIGNED_CONTEXT ( ( #4578, #4577, #4635 ) ) REPRESENTATION_CONTEXT ( 'NONE', 'WORKASPACE' ) );
#4515 = DIRECTION ( 'NONE',  ( 1.000000000000000000, 0.0000000000000000000, 0.0000000000000000000 ) ) ;
#4516 = DIRECTION ( 'NONE',  ( 0.0000000000000000000, -0.0000000000000000000, -1.000000000000000000 ) ) ;
#4517 = CARTESIAN_POINT ( 'NONE',  ( 4.597500000000000100, 0.09999999999999939500, 0.0000000000000000000 ) ) ;
#4518 = AXIS2_PLACEMENT_3D ( 'NONE', #4517, #4516, #4515 ) ;
#4519 = CIRCLE ( 'NONE', #4518, 0.1000000000000002600 ) ;
#4520 = DIRECTION ( 'NONE',  ( 1.000000000000000000, 0.0000000000000000000, 0.0000000000000000000 ) ) ;
#4521 = DIRECTION ( 'NONE',  ( -0.0000000000000000000, -0.0000000000000000000, 1.000000000000000000 ) ) ;
#4522 = CARTESIAN_POINT ( 'NONE',  ( -3.510608562952334000, 1.360029125881897100, 1.804999999999999900 ) ) ;
#4523 = AXIS2_PLACEMENT_3D ( 'NONE', #4522, #4521, #4520 ) ;
#4524 = CYLINDRICAL_SURFACE ( 'NONE', #4523, 0.5428421944743202500 ) ;
#4525 = FACE_OUTER_BOUND ( 'NONE', #1466, .T. ) ;
#4526 = DIRECTION ( 'NONE',  ( 0.0000000000000000000, 0.0000000000000000000, 1.000000000000000000 ) ) ;
#4527 = DIRECTION ( 'NONE',  ( -0.0000000000000000000, -1.000000000000000000, 0.0000000000000000000 ) ) ;
#4528 = CARTESIAN_POINT ( 'NONE',  ( -4.597499999999999300, 7.900000000000000400, 1.804999999999999900 ) ) ;
#4529 = AXIS2_PLACEMENT_3D ( 'NONE', #4528, #4527, #4526 ) ;
#4530 = CIRCLE ( 'NONE', #4529, 0.1000000000000000500 ) ;
#4531 = DIRECTION ( 'NONE',  ( -1.000000000000000000, 0.0000000000000000000, 0.0000000000000000000 ) ) ;
#4532 = DIRECTION ( 'NONE',  ( 0.0000000000000000000, 0.0000000000000000000, -1.000000000000000000 ) ) ;
#4533 = CARTESIAN_POINT ( 'NONE',  ( -4.597500000000000100, 0.1000000000000000100, 1.905000000000000000 ) ) ;
#4534 = DIRECTION ( 'NONE',  ( -1.084202172485504400E-016, -1.000000000000000000, 0.0000000000000000000 ) ) ;
#4535 = VECTOR ( 'NONE', #4534, 1000.000000000000000 ) ;
#4536 = CARTESIAN_POINT ( 'NONE',  ( -4.597500000000000100, -1.084202172485507200E-017, 1.905000000000000000 ) ) ;
#4537 = LINE ( 'NONE', #4536, #4535 ) ;
#4538 = DIRECTION ( 'NONE',  ( 1.000000000000000000, 0.0000000000000000000, 0.0000000000000000000 ) ) ;
#4539 = SURFACE_SIDE_STYLE ('',( #4540 ) ) ;
#4540 = SURFACE_STYLE_FILL_AREA ( #4541 ) ;
#4541 = FILL_AREA_STYLE ('',( #4548 ) ) ;
#4542 = COLOUR_RGB ( '',0.7529411764705882200, 0.7529411764705882200, 0.7529411764705882200 ) ;
#4543 = DIRECTION ( 'NONE',  ( 0.0000000000000000000, 0.9681575870261117700, -0.2503415400683174400 ) ) ;
#4544 = DIRECTION ( 'NONE',  ( 0.0000000000000000000, -0.2503415400683179400, -0.9681575870261115400 ) ) ;
#4545 = CARTESIAN_POINT ( 'NONE',  ( 3.754999999999999000, -0.7799029738905034500, 1.359056210195956000 ) ) ;
#4546 = AXIS2_PLACEMENT_3D ( 'NONE', #4545, #4544, #4543 ) ;
#4547 = CIRCLE ( 'NONE', #4546, 0.05000000000000003700 ) ;
#4548 = FILL_AREA_STYLE_COLOUR ( '', #4542 ) ;
#4549 = CARTESIAN_POINT ( 'NONE',  ( -4.597499999999999300, 8.000000000000000000, 1.804999999999999900 ) ) ;
#4550 = DIRECTION ( 'NONE',  ( 1.000000000000000000, -0.0000000000000000000, -0.0000000000000000000 ) ) ;
#4551 = VECTOR ( 'NONE', #4550, 1000.000000000000000 ) ;
#4552 = CARTESIAN_POINT ( 'NONE',  ( 4.697500000000000700, 8.000000000000000000, 1.804999999999999900 ) ) ;
#4553 = LINE ( 'NONE', #4552, #4551 ) ;
#4554 = FACE_OUTER_BOUND ( 'NONE', #1457, .T. ) ;
#4555 = DIRECTION ( 'NONE',  ( -0.0000000000000000000, -0.0000000000000000000, 1.000000000000000000 ) ) ;
#4556 = VECTOR ( 'NONE', #4555, 1000.000000000000000 ) ;
#4557 = CARTESIAN_POINT ( 'NONE',  ( -2.967766368478014000, 1.360029125881897100, 1.804999999999999900 ) ) ;
#4558 = LINE ( 'NONE', #4557, #4556 ) ;
#4559 = CARTESIAN_POINT ( 'NONE',  ( -4.053450757426654500, 1.360029125881897100, 1.905000000000000000 ) ) ;
#4560 = CARTESIAN_POINT ( 'NONE',  ( 4.103692310995577400, 6.826374639129476800, 1.804999999999999900 ) ) ;
#4561 = DIRECTION ( 'NONE',  ( 1.084202172485504400E-016, 1.000000000000000000, 0.0000000000000000000 ) ) ;
#4562 = DIRECTION ( 'NONE',  ( 1.000000000000000000, -1.084202172485504400E-016, 0.0000000000000000000 ) ) ;
#4563 = PRESENTATION_LAYER_ASSIGNMENT (  '', '', ( #4564 ) ) ;
#4564 = STYLED_ITEM ( 'NONE', ( #4565 ), #1446 ) ;
#4565 = PRESENTATION_STYLE_ASSIGNMENT (( #4566 ) ) ;
#4566 = SURFACE_STYLE_USAGE ( .BOTH. , #4567 ) ;
#4567 = SURFACE_SIDE_STYLE ('',( #4568 ) ) ;
#4568 = SURFACE_STYLE_FILL_AREA ( #4569 ) ;
#4569 = FILL_AREA_STYLE ('',( #4570 ) ) ;
#4570 = FILL_AREA_STYLE_COLOUR ( '', #4571 ) ;
#4571 = COLOUR_RGB ( '',0.8470588235294117500, 0.8470588235294117500, 0.8470588235294117500 ) ;
#4572 = FACE_OUTER_BOUND ( 'NONE', #1445, .T. ) ;
#4573 = CARTESIAN_POINT ( 'NONE',  ( -4.697500000000000700, 0.1000000000000000200, 1.804999999999999900 ) ) ;
#4574 = DIRECTION ( 'NONE',  ( -1.000000000000000000, 0.0000000000000000000, 0.0000000000000000000 ) ) ;
#4575 = VECTOR ( 'NONE', #4574, 1000.000000000000000 ) ;
#4576 = CARTESIAN_POINT ( 'NONE',  ( -4.697499999999999800, 7.900000000000000400, 1.905000000000000000 ) ) ;
#4577 =( NAMED_UNIT ( * ) PLANE_ANGLE_UNIT ( ) SI_UNIT ( $, .RADIAN. ) );
#4578 =( LENGTH_UNIT ( ) NAMED_UNIT ( * ) SI_UNIT ( .MILLI., .METRE. ) );
#4579 = MECHANICAL_DESIGN_GEOMETRIC_PRESENTATION_REPRESENTATION (  '', ( #4564 ), #4514 ) ;
#4580 = CIRCLE ( 'NONE', #4663, 0.1000000000000002600 ) ;
#4581 = CARTESIAN_POINT ( 'NONE',  ( -4.597499999999999300, 8.000000000000000000, 0.0000000000000000000 ) ) ;
#4582 = DIRECTION ( 'NONE',  ( 0.0000000000000000000, 1.000000000000000000, -1.978640747033070800E-016 ) ) ;
#4583 = DIRECTION ( 'NONE',  ( -1.000000000000000000, -0.0000000000000000000, -0.0000000000000000000 ) ) ;
#4584 = VECTOR ( 'NONE', #4583, 1000.000000000000000 ) ;
#4585 = CARTESIAN_POINT ( 'NONE',  ( -4.697499999999999800, 8.000000000000000000, 0.0000000000000000000 ) ) ;
#4586 = LINE ( 'NONE', #4585, #4584 ) ;
#4587 = PLANE ( 'NONE',  #4590 ) ;
#4588 = DIRECTION ( 'NONE',  ( -0.0000000000000000000, 0.0000000000000000000, 1.000000000000000000 ) ) ;
#4589 = CARTESIAN_POINT ( 'NONE',  ( -4.697500000000000700, 0.0000000000000000000, 0.0000000000000000000 ) ) ;
#4590 = AXIS2_PLACEMENT_3D ( 'NONE', #4589, #4588, #4538 ) ;
#4591 = FACE_OUTER_BOUND ( 'NONE', #1341, .T. ) ;
#4592 = DIRECTION ( 'NONE',  ( 1.000000000000000000, 0.0000000000000000000, 0.0000000000000000000 ) ) ;
#4593 = DIRECTION ( 'NONE',  ( 0.0000000000000000000, 0.0000000000000000000, 1.000000000000000000 ) ) ;
#4594 = CARTESIAN_POINT ( 'NONE',  ( 3.449871390582917000, 6.826374639129476800, 1.905000000000000000 ) ) ;
#4595 = AXIS2_PLACEMENT_3D ( 'NONE', #4594, #4593, #4592 ) ;
#4596 = CIRCLE ( 'NONE', #4595, 0.6538209204126603800 ) ;
#4597 = CARTESIAN_POINT ( 'NONE',  ( -3.510608562952334000, 1.360029125881897100, 1.905000000000000000 ) ) ;
#4598 = AXIS2_PLACEMENT_3D ( 'NONE', #4597, #4646, #4645 ) ;
#4599 = CIRCLE ( 'NONE', #4598, 0.5428421944743202500 ) ;
#4600 = CARTESIAN_POINT ( 'NONE',  ( 4.103692310995577400, 6.826374639129476800, 1.804999999999999900 ) ) ;
#4601 = LINE ( 'NONE', #4600, #4644 ) ;
#4602 = DIRECTION ( 'NONE',  ( 0.0000000000000000000, -1.000000000000000000, 0.0000000000000000000 ) ) ;
#4603 = DIRECTION ( 'NONE',  ( -1.000000000000000000, 1.084202172485504600E-016, 0.0000000000000000000 ) ) ;
#4604 = AXIS2_PLACEMENT_3D ( 'NONE', #4513, #4603, #4602 ) ;
#4605 = CYLINDRICAL_SURFACE ( 'NONE', #4604, 0.04999999999999991300 ) ;
#4606 = DIRECTION ( 'NONE',  ( -1.084202172485504400E-016, 1.000000000000000000, -0.0000000000000000000 ) ) ;
#4607 = CARTESIAN_POINT ( 'NONE',  ( 4.597500000000000100, 8.000000000000000000, 1.905000000000000000 ) ) ;
#4608 = LINE ( 'NONE', #4607, #4632 ) ;
#4609 = DIRECTION ( 'NONE',  ( 1.000000000000000000, 0.0000000000000000000, 0.0000000000000000000 ) ) ;
#4610 = DIRECTION ( 'NONE',  ( -0.0000000000000000000, -0.0000000000000000000, 1.000000000000000000 ) ) ;
#4611 = DIRECTION ( 'NONE',  ( -0.0000000000000000000, -0.0000000000000000000, 1.000000000000000000 ) ) ;
#4612 = VECTOR ( 'NONE', #4611, 1000.000000000000000 ) ;
#4613 = CARTESIAN_POINT ( 'NONE',  ( -4.697500000000000700, 0.09999999999999939500, 1.905000000000000000 ) ) ;
#4614 = LINE ( 'NONE', #4613, #4612 ) ;
#4615 = DIRECTION ( 'NONE',  ( -1.084202172485504400E-016, 1.000000000000000000, -0.0000000000000000000 ) ) ;
#4616 = VECTOR ( 'NONE', #4615, 1000.000000000000000 ) ;
#4617 = CIRCLE ( 'NONE', #4497, 0.6538209204126603800 ) ;
#4618 = DIRECTION ( 'NONE',  ( 1.000000000000000000, 0.0000000000000000000, 0.0000000000000000000 ) ) ;
#4619 = VECTOR ( 'NONE', #4618, 1000.000000000000000 ) ;
#4620 = CARTESIAN_POINT ( 'NONE',  ( -4.697500000000000700, 0.0000000000000000000, 0.0000000000000000000 ) ) ;
#4621 = LINE ( 'NONE', #4620, #4619 ) ;
#4622 = DIRECTION ( 'NONE',  ( 1.000000000000000000, 0.0000000000000000000, 0.0000000000000000000 ) ) ;
#4623 = DIRECTION ( 'NONE',  ( 0.0000000000000000000, 0.0000000000000000000, 1.000000000000000000 ) ) ;
#4624 = CARTESIAN_POINT ( 'NONE',  ( 3.449871390582917000, 6.826374639129476800, 1.804999999999999900 ) ) ;
#4625 = AXIS2_PLACEMENT_3D ( 'NONE', #4624, #4623, #4622 ) ;
#4626 = CIRCLE ( 'NONE', #4625, 0.6538209204126603800 ) ;
#4627 =( GEOMETRIC_REPRESENTATION_CONTEXT ( 3 ) GLOBAL_UNCERTAINTY_ASSIGNED_CONTEXT ( ( #4647 ) ) GLOBAL_UNIT_ASSIGNED_CONTEXT ( ( #4650, #4649, #4648 ) ) REPRESENTATION_CONTEXT ( 'NONE', 'WORKASPACE' ) );
#4628 = DIRECTION ( 'NONE',  ( -0.0000000000000000000, 0.0000000000000000000, 1.000000000000000000 ) ) ;
#4629 = CARTESIAN_POINT ( 'NONE',  ( -4.697500000000000700, 0.0000000000000000000, 1.905000000000000000 ) ) ;
#4630 = LINE ( 'NONE', #4576, #4575 ) ;
#4631 = CARTESIAN_POINT ( 'NONE',  ( 4.597500000000000100, 7.900000000000000400, 1.905000000000000000 ) ) ;
#4632 = VECTOR ( 'NONE', #4606, 1000.000000000000000 ) ;
#4633 = PLANE ( 'NONE',  #4664 ) ;
#4634 = UNCERTAINTY_MEASURE_WITH_UNIT (LENGTH_MEASURE( 1.000000000000000100E-005 ), #4578, 'distance_accuracy_value', 'NONE');
#4635 =( NAMED_UNIT ( * ) SI_UNIT ( $, .STERADIAN. ) SOLID_ANGLE_UNIT ( ) );
#4636 = PLANE ( 'NONE',  #4637 ) ;
#4637 = AXIS2_PLACEMENT_3D ( 'NONE', #4629, #4628, #4609 ) ;
#4638 = FACE_BOUND ( 'NONE', #1431, .T. ) ;
#4639 = CARTESIAN_POINT ( 'NONE',  ( -4.697499999999999800, 8.000000000000000000, 1.905000000000000000 ) ) ;
#4640 = AXIS2_PLACEMENT_3D ( 'NONE', #4639, #4562, #4561 ) ;
#4641 = PLANE ( 'NONE',  #4640 ) ;
#4642 = FACE_OUTER_BOUND ( 'NONE', #1532, .T. ) ;
#4643 = DIRECTION ( 'NONE',  ( -0.0000000000000000000, -0.0000000000000000000, 1.000000000000000000 ) ) ;
#4644 = VECTOR ( 'NONE', #4643, 1000.000000000000000 ) ;
#4645 = DIRECTION ( 'NONE',  ( 1.000000000000000000, 0.0000000000000000000, 0.0000000000000000000 ) ) ;
#4646 = DIRECTION ( 'NONE',  ( 0.0000000000000000000, 0.0000000000000000000, 1.000000000000000000 ) ) ;
#4647 = UNCERTAINTY_MEASURE_WITH_UNIT (LENGTH_MEASURE( 1.000000000000000100E-005 ), #4650, 'distance_accuracy_value', 'NONE');
#4648 =( NAMED_UNIT ( * ) SI_UNIT ( $, .STERADIAN. ) SOLID_ANGLE_UNIT ( ) );
#4649 =( NAMED_UNIT ( * ) PLANE_ANGLE_UNIT ( ) SI_UNIT ( $, .RADIAN. ) );
#4650 =( LENGTH_UNIT ( ) NAMED_UNIT ( * ) SI_UNIT ( .MILLI., .METRE. ) );
#4651 = MECHANICAL_DESIGN_GEOMETRIC_PRESENTATION_REPRESENTATION (  '', ( #4653 ), #4627 ) ;
#4652 = PRESENTATION_LAYER_ASSIGNMENT (  '', '', ( #4653 ) ) ;
#4653 = STYLED_ITEM ( 'NONE', ( #4654 ), #1476 ) ;
#4654 = PRESENTATION_STYLE_ASSIGNMENT (( #4655 ) ) ;
#4655 = SURFACE_STYLE_USAGE ( .BOTH. , #4539 ) ;
#4656 = CARTESIAN_POINT ( 'NONE',  ( 3.804999999999999300, -0.9750469801750303300, 0.5340937768374313100 ) ) ;
#4657 = FACE_BOUND ( 'NONE', #1426, .T. ) ;
#4658 = FACE_OUTER_BOUND ( 'NONE', #1414, .T. ) ;
#4659 = CARTESIAN_POINT ( 'NONE',  ( -4.597499999999999300, 7.900000000000000400, 1.905000000000000000 ) ) ;
#4660 = DIRECTION ( 'NONE',  ( 1.000000000000000000, 0.0000000000000000000, 0.0000000000000000000 ) ) ;
#4661 = DIRECTION ( 'NONE',  ( 0.0000000000000000000, -0.0000000000000000000, 1.000000000000000000 ) ) ;
#4662 = CARTESIAN_POINT ( 'NONE',  ( -4.597499999999999300, 7.900000000000000400, 1.804999999999999900 ) ) ;
#4663 = AXIS2_PLACEMENT_3D ( 'NONE', #4662, #4661, #4660 ) ;
#4664 = AXIS2_PLACEMENT_3D ( 'NONE', #4656, #4668, #4582 ) ;
#4665 = VECTOR ( 'NONE', #4610, 1000.000000000000000 ) ;
#4666 = CARTESIAN_POINT ( 'NONE',  ( -4.597499999999999300, 8.000000000000000000, 1.905000000000000000 ) ) ;
#4667 = LINE ( 'NONE', #4666, #4665 ) ;
#4668 = DIRECTION ( 'NONE',  ( -2.145246596501596700E-032, -1.978640747033070800E-016, -1.000000000000000000 ) ) ;
#4669 = FACE_OUTER_BOUND ( 'NONE', #1704, .T. ) ;
#4670 = DIRECTION ( 'NONE',  ( 1.000000000000000000, 0.0000000000000000000, 0.0000000000000000000 ) ) ;
#4671 = DIRECTION ( 'NONE',  ( 0.0000000000000000000, 0.0000000000000000000, 1.000000000000000000 ) ) ;
#4672 = CARTESIAN_POINT ( 'NONE',  ( -4.597500000000000100, 0.1000000000000000100, 1.804999999999999900 ) ) ;
#4673 = AXIS2_PLACEMENT_3D ( 'NONE', #4672, #4671, #4670 ) ;
#4674 = CIRCLE ( 'NONE', #4673, 0.1000000000000002600 ) ;
#4675 = CARTESIAN_POINT ( 'NONE',  ( -4.697500000000000700, 7.900000000000000400, 1.804999999999999900 ) ) ;
#4676 = DIRECTION ( 'NONE',  ( 1.000000000000000000, -1.355252715606877100E-016, 0.0000000000000000000 ) ) ;
#4677 = DIRECTION ( 'NONE',  ( -1.355252715606877100E-016, -1.000000000000000000, 0.0000000000000000000 ) ) ;
#4678 = CARTESIAN_POINT ( 'NONE',  ( -4.597500000000000100, 0.1000000000000000100, 1.804999999999999900 ) ) ;
#4679 = AXIS2_PLACEMENT_3D ( 'NONE', #4678, #4677, #4676 ) ;
#4680 = CIRCLE ( 'NONE', #4679, 0.1000000000000002600 ) ;
#4681 = DIRECTION ( 'NONE',  ( 1.000000000000000000, 0.0000000000000000000, 0.0000000000000000000 ) ) ;
#4682 = DIRECTION ( 'NONE',  ( 0.0000000000000000000, -0.0000000000000000000, -1.000000000000000000 ) ) ;
#4683 = CARTESIAN_POINT ( 'NONE',  ( 4.597499999999998400, 7.900000000000000400, 0.0000000000000000000 ) ) ;
#4684 = AXIS2_PLACEMENT_3D ( 'NONE', #4683, #4682, #4681 ) ;
#4685 = CIRCLE ( 'NONE', #4684, 0.1000000000000002600 ) ;
#4686 = DIRECTION ( 'NONE',  ( -1.000000000000000000, 0.0000000000000000000, 0.0000000000000000000 ) ) ;
#4687 =( LENGTH_UNIT ( ) NAMED_UNIT ( * ) SI_UNIT ( .MILLI., .METRE. ) );
#4688 = SPHERICAL_SURFACE ( 'NONE', #4756, 0.05000000000000000300 ) ;
#4689 = CARTESIAN_POINT ( 'NONE',  ( 3.754999999999999000, -1.472999999999999900, 0.5840937768374314700 ) ) ;
#4690 = DIRECTION ( 'NONE',  ( 0.0000000000000000000, 0.0000000000000000000, -1.000000000000000000 ) ) ;
#4691 = VECTOR ( 'NONE', #4690, 1000.000000000000000 ) ;
#4692 = CARTESIAN_POINT ( 'NONE',  ( 4.697500000000000700, 0.09999999999999939500, 1.905000000000000000 ) ) ;
#4693 = LINE ( 'NONE', #4692, #4691 ) ;
#4694 = FILL_AREA_STYLE_COLOUR ( '', #4720 ) ;
#4695 = CARTESIAN_POINT ( 'NONE',  ( -4.597500000000000100, 0.0000000000000000000, 1.804999999999999900 ) ) ;
#4696 = CARTESIAN_POINT ( 'NONE',  ( 4.597500000000000100, 0.0000000000000000000, 1.804999999999999900 ) ) ;
#4697 = DIRECTION ( 'NONE',  ( -0.0000000000000000000, -0.0000000000000000000, 1.000000000000000000 ) ) ;
#4698 = VECTOR ( 'NONE', #4697, 1000.000000000000000 ) ;
#4699 = CARTESIAN_POINT ( 'NONE',  ( 4.597500000000001000, 0.0000000000000000000, 1.905000000000000000 ) ) ;
#4700 = FILL_AREA_STYLE ('',( #4747 ) ) ;
#4701 = PLANE ( 'NONE',  #4703 ) ;
#4702 = PLANE ( 'NONE',  #4742 ) ;
#4703 = AXIS2_PLACEMENT_3D ( 'NONE', #4746, #4745, #4744 ) ;
#4704 = FACE_OUTER_BOUND ( 'NONE', #1514, .T. ) ;
#4705 = DIRECTION ( 'NONE',  ( 1.000000000000000000, 0.0000000000000000000, 0.0000000000000000000 ) ) ;
#4706 = DIRECTION ( 'NONE',  ( 0.0000000000000000000, -0.0000000000000000000, -1.000000000000000000 ) ) ;
#4707 = CARTESIAN_POINT ( 'NONE',  ( -4.597499999999999300, 7.900000000000000400, 0.0000000000000000000 ) ) ;
#4708 = AXIS2_PLACEMENT_3D ( 'NONE', #4707, #4706, #4705 ) ;
#4709 = CIRCLE ( 'NONE', #4708, 0.1000000000000002600 ) ;
#4710 = SURFACE_STYLE_FILL_AREA ( #4700 ) ;
#4711 =( LENGTH_UNIT ( ) NAMED_UNIT ( * ) SI_UNIT ( .MILLI., .METRE. ) );
#4712 = MECHANICAL_DESIGN_GEOMETRIC_PRESENTATION_REPRESENTATION (  '', ( #4714 ), #4722 ) ;
#4713 = PRESENTATION_LAYER_ASSIGNMENT (  '', '', ( #4714 ) ) ;
#4714 = STYLED_ITEM ( 'NONE', ( #4715 ), #1536 ) ;
#4715 = PRESENTATION_STYLE_ASSIGNMENT (( #4716 ) ) ;
#4716 = SURFACE_STYLE_USAGE ( .BOTH. , #4717 ) ;
#4717 = SURFACE_SIDE_STYLE ('',( #4718 ) ) ;
#4718 = SURFACE_STYLE_FILL_AREA ( #4719 ) ;
#4719 = FILL_AREA_STYLE ('',( #4694 ) ) ;
#4720 = COLOUR_RGB ( '',0.8470588235294117500, 0.8470588235294117500, 0.8470588235294117500 ) ;
#4721 = FACE_OUTER_BOUND ( 'NONE', #1552, .T. ) ;
#4722 =( GEOMETRIC_REPRESENTATION_CONTEXT ( 3 ) GLOBAL_UNCERTAINTY_ASSIGNED_CONTEXT ( ( #4723 ) ) GLOBAL_UNIT_ASSIGNED_CONTEXT ( ( #4711, #4725, #4724 ) ) REPRESENTATION_CONTEXT ( 'NONE', 'WORKASPACE' ) );
#4723 = UNCERTAINTY_MEASURE_WITH_UNIT (LENGTH_MEASURE( 1.000000000000000100E-005 ), #4711, 'distance_accuracy_value', 'NONE');
#4724 =( NAMED_UNIT ( * ) SI_UNIT ( $, .STERADIAN. ) SOLID_ANGLE_UNIT ( ) );
#4725 =( NAMED_UNIT ( * ) PLANE_ANGLE_UNIT ( ) SI_UNIT ( $, .RADIAN. ) );
#4726 = DIRECTION ( 'NONE',  ( 1.000000000000000000, 0.0000000000000000000, 0.0000000000000000000 ) ) ;
#4727 = DIRECTION ( 'NONE',  ( 0.0000000000000000000, 1.000000000000000000, 0.0000000000000000000 ) ) ;
#4728 = AXIS2_PLACEMENT_3D ( 'NONE', #4730, #4727, #4726 ) ;
#4729 = SPHERICAL_SURFACE ( 'NONE', #4728, 0.05000000000000000300 ) ;
#4730 = CARTESIAN_POINT ( 'NONE',  ( 3.754999999999999000, -1.472999999999999600, 0.7540937768374314000 ) ) ;
#4731 = MECHANICAL_DESIGN_GEOMETRIC_PRESENTATION_REPRESENTATION (  '', ( #4774 ), #4772 ) ;
#4732 = PRESENTATION_LAYER_ASSIGNMENT (  '', '', ( #4774 ) ) ;
#4733 = DIRECTION ( 'NONE',  ( 0.0000000000000000000, 0.0000000000000000000, -1.000000000000000000 ) ) ;
#4734 = DIRECTION ( 'NONE',  ( 1.000000000000000000, 0.0000000000000000000, 0.0000000000000000000 ) ) ;
#4735 = AXIS2_PLACEMENT_3D ( 'NONE', #4675, #4734, #4733 ) ;
#4736 = FACE_OUTER_BOUND ( 'NONE', #1499, .T. ) ;
#4737 = CYLINDRICAL_SURFACE ( 'NONE', #4735, 0.1000000000000000500 ) ;
#4738 = DIRECTION ( 'NONE',  ( 1.000000000000000000, 0.0000000000000000000, -0.0000000000000000000 ) ) ;
#4739 = DIRECTION ( 'NONE',  ( 0.0000000000000000000, 0.0000000000000000000, 1.000000000000000000 ) ) ;
#4740 = CARTESIAN_POINT ( 'NONE',  ( -3.510608562952334000, 1.360029125881897100, 1.804999999999999900 ) ) ;
#4741 = FACE_OUTER_BOUND ( 'NONE', #1332, .T. ) ;
#4742 = AXIS2_PLACEMENT_3D ( 'NONE', #4740, #4739, #4738 ) ;
#4743 = FACE_OUTER_BOUND ( 'NONE', #1523, .T. ) ;
#4744 = DIRECTION ( 'NONE',  ( 1.000000000000000000, 0.0000000000000000000, -0.0000000000000000000 ) ) ;
#4745 = DIRECTION ( 'NONE',  ( 0.0000000000000000000, 0.0000000000000000000, 1.000000000000000000 ) ) ;
#4746 = CARTESIAN_POINT ( 'NONE',  ( 3.449871390582917000, 6.826374639129476800, 1.804999999999999900 ) ) ;
#4747 = FILL_AREA_STYLE_COLOUR ( '', #4751 ) ;
#4748 =( NAMED_UNIT ( * ) PLANE_ANGLE_UNIT ( ) SI_UNIT ( $, .RADIAN. ) );
#4749 = AXIS2_PLACEMENT_3D ( 'NONE', #4771, #4773, #4686 ) ;
#4750 = UNCERTAINTY_MEASURE_WITH_UNIT (LENGTH_MEASURE( 1.000000000000000100E-005 ), #4687, 'distance_accuracy_value', 'NONE');
#4751 = COLOUR_RGB ( '',0.8470588235294117500, 0.8470588235294117500, 0.8470588235294117500 ) ;
#4752 = SURFACE_STYLE_USAGE ( .BOTH. , #4753 ) ;
#4753 = SURFACE_SIDE_STYLE ('',( #4710 ) ) ;
#4754 = DIRECTION ( 'NONE',  ( 1.000000000000000000, 0.0000000000000000000, 0.0000000000000000000 ) ) ;
#4755 = DIRECTION ( 'NONE',  ( 0.0000000000000000000, 1.000000000000000000, 0.0000000000000000000 ) ) ;
#4756 = AXIS2_PLACEMENT_3D ( 'NONE', #4689, #4755, #4754 ) ;
#4757 = CIRCLE ( 'NONE', #4749, 0.05000000000000012800 ) ;
#4758 =( NAMED_UNIT ( * ) SI_UNIT ( $, .STERADIAN. ) SOLID_ANGLE_UNIT ( ) );
#4759 = LINE ( 'NONE', #4699, #4698 ) ;
#4760 = DIRECTION ( 'NONE',  ( 1.000000000000000000, 0.0000000000000000000, 0.0000000000000000000 ) ) ;
#4761 = DIRECTION ( 'NONE',  ( -0.0000000000000000000, -0.0000000000000000000, 1.000000000000000000 ) ) ;
#4762 = CARTESIAN_POINT ( 'NONE',  ( -3.510608562952334000, 1.360029125881897100, 1.804999999999999900 ) ) ;
#4763 = AXIS2_PLACEMENT_3D ( 'NONE', #4762, #4761, #4760 ) ;
#4764 = CYLINDRICAL_SURFACE ( 'NONE', #4763, 0.5428421944743202500 ) ;
#4765 = FACE_OUTER_BOUND ( 'NONE', #1506, .T. ) ;
#4766 = DIRECTION ( 'NONE',  ( -1.000000000000000000, 0.0000000000000000000, 0.0000000000000000000 ) ) ;
#4767 = DIRECTION ( 'NONE',  ( 0.0000000000000000000, 0.0000000000000000000, -1.000000000000000000 ) ) ;
#4768 = CARTESIAN_POINT ( 'NONE',  ( 4.597499999999998400, 7.900000000000000400, 1.905000000000000000 ) ) ;
#4769 = AXIS2_PLACEMENT_3D ( 'NONE', #4768, #4767, #4766 ) ;
#4770 = CYLINDRICAL_SURFACE ( 'NONE', #4769, 0.1000000000000002600 ) ;
#4771 = CARTESIAN_POINT ( 'NONE',  ( 3.754999999999999000, -1.472999999999999900, 0.5840937768374314700 ) ) ;
#4772 =( GEOMETRIC_REPRESENTATION_CONTEXT ( 3 ) GLOBAL_UNCERTAINTY_ASSIGNED_CONTEXT ( ( #4750 ) ) GLOBAL_UNIT_ASSIGNED_CONTEXT ( ( #4687, #4748, #4758 ) ) REPRESENTATION_CONTEXT ( 'NONE', 'WORKASPACE' ) );
#4773 = DIRECTION ( 'NONE',  ( 0.0000000000000000000, 0.0000000000000000000, -1.000000000000000000 ) ) ;
#4774 = STYLED_ITEM ( 'NONE', ( #4775 ), #1489 ) ;
#4775 = PRESENTATION_STYLE_ASSIGNMENT (( #4752 ) ) ;
#4776 = EDGE_LOOP ( 'NONE', ( #4781, #4785, #4953, #4954 ) ) ;
#4777 = VERTEX_POINT ( 'NONE', #5370 ) ;
#4778 = VERTEX_POINT ( 'NONE', #5360 ) ;
#4779 = ORIENTED_EDGE ( 'NONE', *, *, #1923, .F. ) ;
#4780 = ORIENTED_EDGE ( 'NONE', *, *, #2514, .F. ) ;
#4781 = ORIENTED_EDGE ( 'NONE', *, *, #4782, .F. ) ;
#4782 = EDGE_CURVE ( 'NONE', #4783, #4784, #5359, .T. ) ;
#4783 = VERTEX_POINT ( 'NONE', #5355 ) ;
#4784 = VERTEX_POINT ( 'NONE', #5394 ) ;
#4785 = ORIENTED_EDGE ( 'NONE', *, *, #4952, .T. ) ;
#4786 = VERTEX_POINT ( 'NONE', #5393 ) ;
#4787 = ADVANCED_FACE ( 'NONE', ( #5392 ), #5409, .T. ) ;
#4788 = ORIENTED_EDGE ( 'NONE', *, *, #4825, .F. ) ;
#4789 = VERTEX_POINT ( 'NONE', #5410 ) ;
#4790 = ORIENTED_EDGE ( 'NONE', *, *, #4791, .T. ) ;
#4791 = EDGE_CURVE ( 'NONE', #4968, #4969, #5404, .T. ) ;
#4792 = VERTEX_POINT ( 'NONE', #5351 ) ;
#4793 = EDGE_LOOP ( 'NONE', ( #4966, #4790, #4970, #4795, #4921, #4942, #4945, #4940, #4944, #4946 ) ) ;
#4794 = VERTEX_POINT ( 'NONE', #5350 ) ;
#4795 = ORIENTED_EDGE ( 'NONE', *, *, #4920, .T. ) ;
#4796 = EDGE_LOOP ( 'NONE', ( #4974, #4819, #4977, #4978 ) ) ;
#4797 = ADVANCED_FACE ( 'NONE', ( #5349 ), #5422, .T. ) ;
#4798 = EDGE_CURVE ( 'NONE', #4799, #4800, #5448, .T. ) ;
#4799 = VERTEX_POINT ( 'NONE', #5419 ) ;
#4800 = VERTEX_POINT ( 'NONE', #5447 ) ;
#4801 = ORIENTED_EDGE ( 'NONE', *, *, #4806, .T. ) ;
#4802 = ADVANCED_FACE ( 'NONE', ( #5416 ), #5437, .T. ) ;
#4803 = EDGE_LOOP ( 'NONE', ( #4804, #4873, #4875, #4956 ) ) ;
#4804 = ORIENTED_EDGE ( 'NONE', *, *, #4870, .T. ) ;
#4805 = EDGE_LOOP ( 'NONE', ( #2495, #2496, #2515, #2510 ) ) ;
#4806 = EDGE_CURVE ( 'NONE', #4800, #4807, #5442, .T. ) ;
#4807 = VERTEX_POINT ( 'NONE', #5450 ) ;
#4808 = ORIENTED_EDGE ( 'NONE', *, *, #4881, .T. ) ;
#4809 = ADVANCED_FACE ( 'NONE', ( #5462 ), #5474, .T. ) ;
#4810 = EDGE_CURVE ( 'NONE', #4777, #4778, #5483, .T. ) ;
#4811 = VERTEX_POINT ( 'NONE', #5484 ) ;
#4812 = VERTEX_POINT ( 'NONE', #5479 ) ;
#4813 = ORIENTED_EDGE ( 'NONE', *, *, #4846, .T. ) ;
#4814 = EDGE_CURVE ( 'NONE', #4815, #4988, #5478, .T. ) ;
#4815 = VERTEX_POINT ( 'NONE', #5505 ) ;
#4816 = EDGE_CURVE ( 'NONE', #2399, #4960, #5486, .T. ) ;
#4817 = ORIENTED_EDGE ( 'NONE', *, *, #4963, .T. ) ;
#4818 = EDGE_CURVE ( 'NONE', #4975, #4880, #5491, .T. ) ;
#4819 = ORIENTED_EDGE ( 'NONE', *, *, #4976, .T. ) ;
#4820 = ADVANCED_FACE ( 'NONE', ( #5495 ), #5686, .T. ) ;
#4821 = ORIENTED_EDGE ( 'NONE', *, *, #4896, .F. ) ;
#4822 = ORIENTED_EDGE ( 'NONE', *, *, #4903, .T. ) ;
#4823 = ORIENTED_EDGE ( 'NONE', *, *, #4898, .T. ) ;
#4824 = ORIENTED_EDGE ( 'NONE', *, *, #4825, .T. ) ;
#4825 = EDGE_CURVE ( 'NONE', #4888, #4826, #5659, .T. ) ;
#4826 = VERTEX_POINT ( 'NONE', #5569 ) ;
#4827 = EDGE_CURVE ( 'NONE', #4889, #4888, #5568, .T. ) ;
#4828 = ORIENTED_EDGE ( 'NONE', *, *, #4827, .F. ) ;
#4829 = ORIENTED_EDGE ( 'NONE', *, *, #4798, .F. ) ;
#4830 = ORIENTED_EDGE ( 'NONE', *, *, #4831, .T. ) ;
#4831 = EDGE_CURVE ( 'NONE', #4799, #4961, #5657, .T. ) ;
#4832 = ORIENTED_EDGE ( 'NONE', *, *, #4846, .F. ) ;
#4833 = ORIENTED_EDGE ( 'NONE', *, *, #4834, .T. ) ;
#4834 = EDGE_CURVE ( 'NONE', #4961, #4968, #5684, .T. ) ;
#4835 = EDGE_LOOP ( 'NONE', ( #4855, #4838, #4836, #4866 ) ) ;
#4836 = ORIENTED_EDGE ( 'NONE', *, *, #4858, .F. ) ;
#4837 = EDGE_LOOP ( 'NONE', ( #4841, #4839, #4840, #4867 ) ) ;
#4838 = ORIENTED_EDGE ( 'NONE', *, *, #4904, .F. ) ;
#4839 = ORIENTED_EDGE ( 'NONE', *, *, #2403, .F. ) ;
#4840 = ORIENTED_EDGE ( 'NONE', *, *, #4869, .F. ) ;
#4841 = ORIENTED_EDGE ( 'NONE', *, *, #4858, .T. ) ;
#4842 = VERTEX_POINT ( 'NONE', #5680 ) ;
#4843 = ORIENTED_EDGE ( 'NONE', *, *, #4844, .T. ) ;
#4844 = EDGE_CURVE ( 'NONE', #4916, #4910, #5679, .T. ) ;
#4845 = EDGE_CURVE ( 'NONE', #4811, #4792, #5675, .T. ) ;
#4846 = EDGE_CURVE ( 'NONE', #4961, #2503, #5671, .T. ) ;
#4847 = ORIENTED_EDGE ( 'NONE', *, *, #4848, .T. ) ;
#4848 = EDGE_CURVE ( 'NONE', #4812, #4811, #5666, .T. ) ;
#4849 = ORIENTED_EDGE ( 'NONE', *, *, #4850, .T. ) ;
#4850 = EDGE_CURVE ( 'NONE', #4807, #4851, #5667, .T. ) ;
#4851 = VERTEX_POINT ( 'NONE', #5592 ) ;
#4852 = ORIENTED_EDGE ( 'NONE', *, *, #4923, .T. ) ;
#4853 = ADVANCED_FACE ( 'NONE', ( #5596 ), #5509, .T. ) ;
#4854 = EDGE_LOOP ( 'NONE', ( #4863, #4864, #4926, #4927 ) ) ;
#4855 = ORIENTED_EDGE ( 'NONE', *, *, #4937, .T. ) ;
#4856 = ADVANCED_FACE ( 'NONE', ( #5511 ), #5652, .T. ) ;
#4857 = EDGE_LOOP ( 'NONE', ( #4832, #4833, #4930, #4931 ) ) ;
#4858 = EDGE_CURVE ( 'NONE', #4786, #2396, #5514, .T. ) ;
#4859 = ADVANCED_FACE ( 'NONE', ( #5643 ), #5626, .T. ) ;
#4860 = ORIENTED_EDGE ( 'NONE', *, *, #4959, .F. ) ;
#4861 = ORIENTED_EDGE ( 'NONE', *, *, #4862, .T. ) ;
#4862 = EDGE_CURVE ( 'NONE', #4960, #4800, #5627, .T. ) ;
#4863 = ORIENTED_EDGE ( 'NONE', *, *, #4909, .F. ) ;
#4864 = ORIENTED_EDGE ( 'NONE', *, *, #4865, .T. ) ;
#4865 = EDGE_CURVE ( 'NONE', #4988, #4960, #5617, .T. ) ;
#4866 = ORIENTED_EDGE ( 'NONE', *, *, #4943, .F. ) ;
#4867 = ORIENTED_EDGE ( 'NONE', *, *, #4947, .F. ) ;
#4868 = ADVANCED_FACE ( 'NONE', ( #5612 ), #5573, .T. ) ;
#4869 = EDGE_CURVE ( 'NONE', #4967, #2503, #5561, .T. ) ;
#4870 = EDGE_CURVE ( 'NONE', #4871, #4872, #5556, .T. ) ;
#4871 = VERTEX_POINT ( 'NONE', #5552 ) ;
#4872 = VERTEX_POINT ( 'NONE', #5551 ) ;
#4873 = ORIENTED_EDGE ( 'NONE', *, *, #4874, .T. ) ;
#4874 = EDGE_CURVE ( 'NONE', #4872, #4783, #5550, .T. ) ;
#4875 = ORIENTED_EDGE ( 'NONE', *, *, #4782, .T. ) ;
#4876 = EDGE_LOOP ( 'NONE', ( #2511, #2512, #1917, #2000 ) ) ;
#4877 = EDGE_CURVE ( 'NONE', #4778, #4880, #5545, .T. ) ;
#4878 = ADVANCED_FACE ( 'NONE', ( #5540 ), #5720, .T. ) ;
#4879 = EDGE_LOOP ( 'NONE', ( #4958, #4813, #4911, #4985 ) ) ;
#4880 = VERTEX_POINT ( 'NONE', #5698 ) ;
#4881 = EDGE_CURVE ( 'NONE', #2571, #4778, #5742, .T. ) ;
#4882 = ADVANCED_FACE ( 'NONE', ( #5730 ), #5729, .T. ) ;
#4883 = ORIENTED_EDGE ( 'NONE', *, *, #4896, .T. ) ;
#4884 = EDGE_CURVE ( 'NONE', #1971, #1931, #5737, .T. ) ;
#4885 = ADVANCED_FACE ( 'NONE', ( #5716 ), #5695, .T. ) ;
#4886 = VERTEX_POINT ( 'NONE', #5692 ) ;
#4887 = EDGE_LOOP ( 'NONE', ( #4828, #2547, #2587, #4894 ) ) ;
#4888 = VERTEX_POINT ( 'NONE', #5690 ) ;
#4889 = VERTEX_POINT ( 'NONE', #5689 ) ;
#4890 = ORIENTED_EDGE ( 'NONE', *, *, #4891, .T. ) ;
#4891 = EDGE_CURVE ( 'NONE', #4901, #4889, #5725, .T. ) ;
#4892 = ORIENTED_EDGE ( 'NONE', *, *, #4827, .T. ) ;
#4893 = VERTEX_POINT ( 'NONE', #5726 ) ;
#4894 = ORIENTED_EDGE ( 'NONE', *, *, #4899, .T. ) ;
#4895 = EDGE_CURVE ( 'NONE', #4889, #2392, #5715, .T. ) ;
#4896 = EDGE_CURVE ( 'NONE', #4893, #2571, #5711, .T. ) ;
#4897 = ORIENTED_EDGE ( 'NONE', *, *, #4980, .F. ) ;
#4898 = EDGE_CURVE ( 'NONE', #4893, #4886, #5706, .T. ) ;
#4899 = EDGE_CURVE ( 'NONE', #1914, #4888, #5707, .T. ) ;
#4900 = EDGE_CURVE ( 'NONE', #4886, #4901, #5780, .T. ) ;
#4901 = VERTEX_POINT ( 'NONE', #5783 ) ;
#4902 = ORIENTED_EDGE ( 'NONE', *, *, #2401, .T. ) ;
#4903 = EDGE_CURVE ( 'NONE', #2392, #2501, #5781, .T. ) ;
#4904 = EDGE_CURVE ( 'NONE', #2396, #1914, #5752, .T. ) ;
#4905 = ORIENTED_EDGE ( 'NONE', *, *, #4900, .T. ) ;
#4906 = ORIENTED_EDGE ( 'NONE', *, *, #4904, .T. ) ;
#4907 = EDGE_LOOP ( 'NONE', ( #4986, #4987, #4908, #4847, #4989, #4919, #4913, #4917, #4914, #4843 ) ) ;
#4908 = ORIENTED_EDGE ( 'NONE', *, *, #4909, .T. ) ;
#4909 = EDGE_CURVE ( 'NONE', #4988, #4812, #5776, .T. ) ;
#4910 = VERTEX_POINT ( 'NONE', #5747 ) ;
#4911 = ORIENTED_EDGE ( 'NONE', *, *, #2502, .F. ) ;
#4912 = EDGE_CURVE ( 'NONE', #4967, #4968, #5746, .T. ) ;
#4913 = ORIENTED_EDGE ( 'NONE', *, *, #4900, .F. ) ;
#4914 = ORIENTED_EDGE ( 'NONE', *, *, #4915, .T. ) ;
#4915 = EDGE_CURVE ( 'NONE', #4789, #4916, #5806, .T. ) ;
#4916 = VERTEX_POINT ( 'NONE', #5801 ) ;
#4917 = ORIENTED_EDGE ( 'NONE', *, *, #4965, .T. ) ;
#4918 = EDGE_CURVE ( 'NONE', #4792, #4901, #5800, .T. ) ;
#4919 = ORIENTED_EDGE ( 'NONE', *, *, #4918, .T. ) ;
#4920 = EDGE_CURVE ( 'NONE', #4794, #4964, #5796, .T. ) ;
#4921 = ORIENTED_EDGE ( 'NONE', *, *, #4922, .T. ) ;
#4922 = EDGE_CURVE ( 'NONE', #4964, #4842, #5791, .T. ) ;
#4923 = EDGE_CURVE ( 'NONE', #4851, #4799, #5792, .T. ) ;
#4924 = ADVANCED_FACE ( 'NONE', ( #5824 ), #5774, .T. ) ;
#4925 = ORIENTED_EDGE ( 'NONE', *, *, #1786, .F. ) ;
#4926 = ORIENTED_EDGE ( 'NONE', *, *, #4816, .F. ) ;
#4927 = ORIENTED_EDGE ( 'NONE', *, *, #4928, .F. ) ;
#4928 = EDGE_CURVE ( 'NONE', #4812, #2399, #5768, .T. ) ;
#4929 = ADVANCED_FACE ( 'NONE', ( #5769 ), #5893, .T. ) ;
#4930 = ORIENTED_EDGE ( 'NONE', *, *, #4912, .F. ) ;
#4931 = ORIENTED_EDGE ( 'NONE', *, *, #4869, .T. ) ;
#4932 = EDGE_LOOP ( 'NONE', ( #4860, #4861, #4829, #4830 ) ) ;
#4933 = ADVANCED_FACE ( 'NONE', ( #5945 ), #5860, .T. ) ;
#4934 = EDGE_CURVE ( 'NONE', #4842, #4979, #5864, .T. ) ;
#4935 = EDGE_CURVE ( 'NONE', #4826, #4948, #5834, .T. ) ;
#4936 = ORIENTED_EDGE ( 'NONE', *, *, #4937, .F. ) ;
#4937 = EDGE_CURVE ( 'NONE', #4948, #1914, #5944, .T. ) ;
#4938 = ORIENTED_EDGE ( 'NONE', *, *, #4935, .F. ) ;
#4939 = ORIENTED_EDGE ( 'NONE', *, *, #4899, .F. ) ;
#4940 = ORIENTED_EDGE ( 'NONE', *, *, #4935, .T. ) ;
#4941 = EDGE_LOOP ( 'NONE', ( #4788, #4939, #4936, #4938 ) ) ;
#4942 = ORIENTED_EDGE ( 'NONE', *, *, #4934, .T. ) ;
#4943 = EDGE_CURVE ( 'NONE', #4948, #4786, #5872, .T. ) ;
#4944 = ORIENTED_EDGE ( 'NONE', *, *, #4943, .T. ) ;
#4945 = ORIENTED_EDGE ( 'NONE', *, *, #4980, .T. ) ;
#4946 = ORIENTED_EDGE ( 'NONE', *, *, #4947, .T. ) ;
#4947 = EDGE_CURVE ( 'NONE', #4786, #4967, #5908, .T. ) ;
#4948 = VERTEX_POINT ( 'NONE', #5868 ) ;
#4949 = ADVANCED_FACE ( 'NONE', ( #5903 ), #5891, .T. ) ;
#4950 = EDGE_LOOP ( 'NONE', ( #4951, #4801, #4849, #4852 ) ) ;
#4951 = ORIENTED_EDGE ( 'NONE', *, *, #4798, .T. ) ;
#4952 = EDGE_CURVE ( 'NONE', #4783, #4975, #5890, .T. ) ;
#4953 = ORIENTED_EDGE ( 'NONE', *, *, #4818, .T. ) ;
#4954 = ORIENTED_EDGE ( 'NONE', *, *, #4955, .T. ) ;
#4955 = EDGE_CURVE ( 'NONE', #4880, #4784, #5882, .T. ) ;
#4956 = ORIENTED_EDGE ( 'NONE', *, *, #4957, .T. ) ;
#4957 = EDGE_CURVE ( 'NONE', #4784, #4871, #5878, .T. ) ;
#4958 = ORIENTED_EDGE ( 'NONE', *, *, #4959, .T. ) ;
#4959 = EDGE_CURVE ( 'NONE', #4960, #4961, #5874, .T. ) ;
#4960 = VERTEX_POINT ( 'NONE', #5841 ) ;
#4961 = VERTEX_POINT ( 'NONE', #5840 ) ;
#4962 = ORIENTED_EDGE ( 'NONE', *, *, #4810, .F. ) ;
#4963 = EDGE_CURVE ( 'NONE', #4777, #4893, #5839, .T. ) ;
#4964 = VERTEX_POINT ( 'NONE', #5835 ) ;
#4965 = EDGE_CURVE ( 'NONE', #4886, #4789, #5857, .T. ) ;
#4966 = ORIENTED_EDGE ( 'NONE', *, *, #4912, .T. ) ;
#4967 = VERTEX_POINT ( 'NONE', #5853 ) ;
#4968 = VERTEX_POINT ( 'NONE', #5852 ) ;
#4969 = VERTEX_POINT ( 'NONE', #5851 ) ;
#4970 = ORIENTED_EDGE ( 'NONE', *, *, #4971, .T. ) ;
#4971 = EDGE_CURVE ( 'NONE', #4969, #4794, #5849, .T. ) ;
#4972 = ADVANCED_FACE ( 'NONE', ( #5929 ), #5959, .F. ) ;
#4973 = ORIENTED_EDGE ( 'NONE', *, *, #4884, .T. ) ;
#4974 = ORIENTED_EDGE ( 'NONE', *, *, #4818, .F. ) ;
#4975 = VERTEX_POINT ( 'NONE', #5950 ) ;
#4976 = EDGE_CURVE ( 'NONE', #4975, #4777, #5962, .T. ) ;
#4977 = ORIENTED_EDGE ( 'NONE', *, *, #4810, .T. ) ;
#4978 = ORIENTED_EDGE ( 'NONE', *, *, #4877, .T. ) ;
#4979 = VERTEX_POINT ( 'NONE', #5957 ) ;
#4980 = EDGE_CURVE ( 'NONE', #4979, #4826, #5952, .T. ) ;
#4981 = ORIENTED_EDGE ( 'NONE', *, *, #4983, .T. ) ;
#4982 = EDGE_LOOP ( 'NONE', ( #4962, #4817, #4883, #4808 ) ) ;
#4983 = EDGE_CURVE ( 'NONE', #4979, #2571, #5964, .T. ) ;
#4984 = ADVANCED_FACE ( 'NONE', ( #5992 ), #5965, .T. ) ;
#4985 = ORIENTED_EDGE ( 'NONE', *, *, #4816, .T. ) ;
#4986 = ORIENTED_EDGE ( 'NONE', *, *, #4990, .T. ) ;
#4987 = ORIENTED_EDGE ( 'NONE', *, *, #4814, .T. ) ;
#4988 = VERTEX_POINT ( 'NONE', #5989 ) ;
#4989 = ORIENTED_EDGE ( 'NONE', *, *, #4845, .T. ) ;
#4990 = EDGE_CURVE ( 'NONE', #4910, #4815, #5988, .T. ) ;
#4991 = EDGE_LOOP ( 'NONE', ( #2526, #2521, #2564, #2580 ) ) ;
#4992 =( NAMED_UNIT ( * ) SI_UNIT ( $, .STERADIAN. ) SOLID_ANGLE_UNIT ( ) );
#4993 = DIRECTION ( 'NONE',  ( 1.084202172485504400E-016, 1.000000000000000000, 0.0000000000000000000 ) ) ;
#4994 = VECTOR ( 'NONE', #4993, 1000.000000000000000 ) ;
#4995 = UNCERTAINTY_MEASURE_WITH_UNIT (LENGTH_MEASURE( 1.000000000000000100E-005 ), #6026, 'distance_accuracy_value', 'NONE');
#4996 =( BOUNDED_CURVE ( )  B_SPLINE_CURVE ( 3, ( #5000, #4999, #5031, #5030 ),
 .UNSPECIFIED., .F., .T. ) 
 B_SPLINE_CURVE_WITH_KNOTS ( ( 4, 4 ),
 ( 1.570796326794896600, 3.141592653589793100 ),
 .UNSPECIFIED. ) 
 CURVE ( )  GEOMETRIC_REPRESENTATION_ITEM ( )  RATIONAL_B_SPLINE_CURVE ( ( 1.000000000000000000, 0.8047378541243649400, 0.8047378541243649400, 1.000000000000000000 ) ) 
 REPRESENTATION_ITEM ( '' )  );
#4997 =( GEOMETRIC_REPRESENTATION_CONTEXT ( 3 ) GLOBAL_UNCERTAINTY_ASSIGNED_CONTEXT ( ( #4995 ) ) GLOBAL_UNIT_ASSIGNED_CONTEXT ( ( #6026, #6025, #5033 ) ) REPRESENTATION_CONTEXT ( 'NONE', 'WORKASPACE' ) );
#4998 = SURFACE_STYLE_USAGE ( .BOTH. , #5038 ) ;
#4999 = CARTESIAN_POINT ( 'NONE',  ( 1.354999999999999800, -0.5829448831599133300, 1.324691749499582200 ) ) ;
#5000 = CARTESIAN_POINT ( 'NONE',  ( 1.354999999999999500, -0.6056240298486852400, 1.353981071380927500 ) ) ;
#5001 = COLOUR_RGB ( '',0.8470588235294117500, 0.8470588235294117500, 0.8470588235294117500 ) ;
#5002 = FACE_OUTER_BOUND ( 'NONE', #2905, .T. ) ;
#5003 = DIRECTION ( 'NONE',  ( 2.714208416054376200E-017, 0.2503415400683182100, 0.9681575870261114300 ) ) ;
#5004 = VECTOR ( 'NONE', #5003, 1000.000000000000100 ) ;
#5005 = CARTESIAN_POINT ( 'NONE',  ( 1.404999999999999600, -0.5669083047447582800, 1.303981071380927700 ) ) ;
#5006 = FILL_AREA_STYLE_COLOUR ( '', #5001 ) ;
#5007 = DIRECTION ( 'NONE',  ( 2.714208416054375600E-017, 0.2503415400683182100, 0.9681575870261114300 ) ) ;
#5008 = VECTOR ( 'NONE', #5007, 1000.000000000000100 ) ;
#5009 = CARTESIAN_POINT ( 'NONE',  ( 2.084999999999999100, -0.7620523110292842800, 0.7490186380224013200 ) ) ;
#5010 = LINE ( 'NONE', #5009, #5008 ) ;
#5011 = DIRECTION ( 'NONE',  ( 0.0000000000000000000, -1.000000000000000000, 0.0000000000000000000 ) ) ;
#5012 = PRESENTATION_LAYER_ASSIGNMENT (  '', '', ( #5013 ) ) ;
#5013 = STYLED_ITEM ( 'NONE', ( #5032 ), #2880 ) ;
#5014 = FILL_AREA_STYLE_COLOUR ( '', #5020 ) ;
#5015 =( LENGTH_UNIT ( ) NAMED_UNIT ( * ) SI_UNIT ( .MILLI., .METRE. ) );
#5016 = SURFACE_STYLE_FILL_AREA ( #5034 ) ;
#5017 = CARTESIAN_POINT ( 'NONE',  ( 1.354999999999999500, -0.9750469801750287800, 0.7540937768374315100 ) ) ;
#5018 = LINE ( 'NONE', #5017, #4994 ) ;
#5019 =( GEOMETRIC_REPRESENTATION_CONTEXT ( 3 ) GLOBAL_UNCERTAINTY_ASSIGNED_CONTEXT ( ( #5026 ) ) GLOBAL_UNIT_ASSIGNED_CONTEXT ( ( #5015, #5037, #4992 ) ) REPRESENTATION_CONTEXT ( 'NONE', 'WORKASPACE' ) );
#5020 = COLOUR_RGB ( '',0.8470588235294117500, 0.8470588235294117500, 0.8470588235294117500 ) ;
#5021 = DIRECTION ( 'NONE',  ( -1.084202172485504400E-016, -1.000000000000000000, -0.0000000000000000000 ) ) ;
#5022 = VECTOR ( 'NONE', #5021, 1000.000000000000000 ) ;
#5023 = CARTESIAN_POINT ( 'NONE',  ( 2.084999999999999100, -0.9750469801750290000, 1.523981071380927600 ) ) ;
#5024 = LINE ( 'NONE', #5023, #5022 ) ;
#5025 = LINE ( 'NONE', #5005, #5004 ) ;
#5026 = UNCERTAINTY_MEASURE_WITH_UNIT (LENGTH_MEASURE( 1.000000000000000100E-005 ), #5015, 'distance_accuracy_value', 'NONE');
#5027 = AXIS2_PLACEMENT_3D ( 'NONE', #5029, #5028, #5011 ) ;
#5028 = DIRECTION ( 'NONE',  ( -1.000000000000000000, 1.084202172485504600E-016, 0.0000000000000000000 ) ) ;
#5029 = CARTESIAN_POINT ( 'NONE',  ( 2.084999999999999100, -0.9750469801750290000, 0.8040937768374313300 ) ) ;
#5030 = CARTESIAN_POINT ( 'NONE',  ( 1.404999999999999600, -0.5669083047447584000, 1.303981071380927400 ) ) ;
#5031 = CARTESIAN_POINT ( 'NONE',  ( 1.375710678118654300, -0.5669083047447582800, 1.303981071380927200 ) ) ;
#5032 = PRESENTATION_STYLE_ASSIGNMENT (( #4998 ) ) ;
#5033 =( NAMED_UNIT ( * ) SI_UNIT ( $, .STERADIAN. ) SOLID_ANGLE_UNIT ( ) );
#5034 = FILL_AREA_STYLE ('',( #5014 ) ) ;
#5035 = MECHANICAL_DESIGN_GEOMETRIC_PRESENTATION_REPRESENTATION (  '', ( #5013 ), #5019 ) ;
#5036 = CARTESIAN_POINT ( 'NONE',  ( 1.354999999999999500, -1.472999999999999900, 0.7540937768374315100 ) ) ;
#5037 =( NAMED_UNIT ( * ) PLANE_ANGLE_UNIT ( ) SI_UNIT ( $, .RADIAN. ) );
#5038 = SURFACE_SIDE_STYLE ('',( #5016 ) ) ;
#5039 = FACE_OUTER_BOUND ( 'NONE', #2881, .T. ) ;
#5040 = CARTESIAN_POINT ( 'NONE',  ( 2.084999999999999100, -0.7799029738905034500, 1.359056210195956000 ) ) ;
#5041 = CARTESIAN_POINT ( 'NONE',  ( 2.084999999999999100, -0.9750469801750301100, 0.5840937768374313600 ) ) ;
#5042 = MECHANICAL_DESIGN_GEOMETRIC_PRESENTATION_REPRESENTATION (  '', ( #5044 ), #5052 ) ;
#5043 = PRESENTATION_LAYER_ASSIGNMENT (  '', '', ( #5044 ) ) ;
#5044 = STYLED_ITEM ( 'NONE', ( #5045 ), #2904 ) ;
#5045 = PRESENTATION_STYLE_ASSIGNMENT (( #5046 ) ) ;
#5046 = SURFACE_STYLE_USAGE ( .BOTH. , #5047 ) ;
#5047 = SURFACE_SIDE_STYLE ('',( #5048 ) ) ;
#5048 = SURFACE_STYLE_FILL_AREA ( #5049 ) ;
#5049 = FILL_AREA_STYLE ('',( #5006 ) ) ;
#5050 = CYLINDRICAL_SURFACE ( 'NONE', #5027, 0.2700000000000001800 ) ;
#5051 = AXIS2_PLACEMENT_3D ( 'NONE', #5055, #5054, #5053 ) ;
#5052 =( GEOMETRIC_REPRESENTATION_CONTEXT ( 3 ) GLOBAL_UNCERTAINTY_ASSIGNED_CONTEXT ( ( #5074 ) ) GLOBAL_UNIT_ASSIGNED_CONTEXT ( ( #5085, #5079, #5068 ) ) REPRESENTATION_CONTEXT ( 'NONE', 'WORKASPACE' ) );
#5053 = DIRECTION ( 'NONE',  ( -1.000000000000000000, 0.0000000000000000000, 0.0000000000000000000 ) ) ;
#5054 = DIRECTION ( 'NONE',  ( -0.0000000000000000000, 0.0000000000000000000, -1.000000000000000000 ) ) ;
#5055 = CARTESIAN_POINT ( 'NONE',  ( 2.084999999999999100, -1.759118024857731200E-016, 1.303981071380927400 ) ) ;
#5056 = LINE ( 'NONE', #5067, #5066 ) ;
#5057 = MECHANICAL_DESIGN_GEOMETRIC_PRESENTATION_REPRESENTATION (  '', ( #5059 ), #5091 ) ;
#5058 = PRESENTATION_LAYER_ASSIGNMENT (  '', '', ( #5059 ) ) ;
#5059 = STYLED_ITEM ( 'NONE', ( #5060 ), #2919 ) ;
#5060 = PRESENTATION_STYLE_ASSIGNMENT (( #5061 ) ) ;
#5061 = SURFACE_STYLE_USAGE ( .BOTH. , #5062 ) ;
#5062 = SURFACE_SIDE_STYLE ('',( #5063 ) ) ;
#5063 = SURFACE_STYLE_FILL_AREA ( #5069 ) ;
#5064 = CARTESIAN_POINT ( 'NONE',  ( 1.404999999999999600, -0.9750469801750302200, 0.5340937768374313100 ) ) ;
#5065 = DIRECTION ( 'NONE',  ( -1.000000000000000000, 1.084202172485504600E-016, 0.0000000000000000000 ) ) ;
#5066 = VECTOR ( 'NONE', #5065, 1000.000000000000000 ) ;
#5067 = CARTESIAN_POINT ( 'NONE',  ( 2.084999999999999100, -0.9750469801750303300, 0.5340937768374313100 ) ) ;
#5068 =( NAMED_UNIT ( * ) SI_UNIT ( $, .STERADIAN. ) SOLID_ANGLE_UNIT ( ) );
#5069 = FILL_AREA_STYLE ('',( #5078 ) ) ;
#5070 = COLOUR_RGB ( '',0.8470588235294117500, 0.8470588235294117500, 0.8470588235294117500 ) ;
#5071 = FACE_OUTER_BOUND ( 'NONE', #2920, .T. ) ;
#5072 = DIRECTION ( 'NONE',  ( 0.0000000000000000000, 0.0000000000000000000, 1.000000000000000000 ) ) ;
#5073 = VECTOR ( 'NONE', #5072, 1000.000000000000000 ) ;
#5074 = UNCERTAINTY_MEASURE_WITH_UNIT (LENGTH_MEASURE( 1.000000000000000100E-005 ), #5085, 'distance_accuracy_value', 'NONE');
#5075 = CARTESIAN_POINT ( 'NONE',  ( 1.354999999999999500, -1.472999999999999900, 0.5840937768374314700 ) ) ;
#5076 = CARTESIAN_POINT ( 'NONE',  ( 1.354999999999999500, -1.472999999999999900, 0.8040937768374314400 ) ) ;
#5077 = LINE ( 'NONE', #5076, #5073 ) ;
#5078 = FILL_AREA_STYLE_COLOUR ( '', #5070 ) ;
#5079 =( NAMED_UNIT ( * ) PLANE_ANGLE_UNIT ( ) SI_UNIT ( $, .RADIAN. ) );
#5080 = UNCERTAINTY_MEASURE_WITH_UNIT (LENGTH_MEASURE( 1.000000000000000100E-005 ), #5083, 'distance_accuracy_value', 'NONE');
#5081 =( NAMED_UNIT ( * ) SI_UNIT ( $, .STERADIAN. ) SOLID_ANGLE_UNIT ( ) );
#5082 =( NAMED_UNIT ( * ) PLANE_ANGLE_UNIT ( ) SI_UNIT ( $, .RADIAN. ) );
#5083 =( LENGTH_UNIT ( ) NAMED_UNIT ( * ) SI_UNIT ( .MILLI., .METRE. ) );
#5084 = LINE ( 'NONE', #5088, #5087 ) ;
#5085 =( LENGTH_UNIT ( ) NAMED_UNIT ( * ) SI_UNIT ( .MILLI., .METRE. ) );
#5086 = DIRECTION ( 'NONE',  ( -1.000000000000000000, 1.084202172485504600E-016, 0.0000000000000000000 ) ) ;
#5087 = VECTOR ( 'NONE', #5086, 1000.000000000000000 ) ;
#5088 = CARTESIAN_POINT ( 'NONE',  ( 2.084999999999999100, -1.759118024857731200E-016, 1.303981071380927400 ) ) ;
#5089 = PLANE ( 'NONE',  #5051 ) ;
#5090 =( NAMED_UNIT ( * ) SI_UNIT ( $, .STERADIAN. ) SOLID_ANGLE_UNIT ( ) );
#5091 =( GEOMETRIC_REPRESENTATION_CONTEXT ( 3 ) GLOBAL_UNCERTAINTY_ASSIGNED_CONTEXT ( ( #5080 ) ) GLOBAL_UNIT_ASSIGNED_CONTEXT ( ( #5083, #5082, #5081 ) ) REPRESENTATION_CONTEXT ( 'NONE', 'WORKASPACE' ) );
#5092 = UNCERTAINTY_MEASURE_WITH_UNIT (LENGTH_MEASURE( 1.000000000000000100E-005 ), #5164, 'distance_accuracy_value', 'NONE');
#5093 = CARTESIAN_POINT ( 'NONE',  ( 0.3149999999999992800, -0.5669083047447585100, 1.303981071380927400 ) ) ;
#5094 = TOROIDAL_SURFACE ( 'NONE', #5096, 0.2200000000000000600, 0.05000000000000000300 ) ;
#5095 = DIRECTION ( 'NONE',  ( 1.084202172485504600E-016, 1.000000000000000000, 0.0000000000000000000 ) ) ;
#5096 = AXIS2_PLACEMENT_3D ( 'NONE', #5093, #5130, #5095 ) ;
#5097 =( NAMED_UNIT ( * ) PLANE_ANGLE_UNIT ( ) SI_UNIT ( $, .RADIAN. ) );
#5098 =( LENGTH_UNIT ( ) NAMED_UNIT ( * ) SI_UNIT ( .MILLI., .METRE. ) );
#5099 = MECHANICAL_DESIGN_GEOMETRIC_PRESENTATION_REPRESENTATION (  '', ( #5101 ), #5127 ) ;
#5100 = PRESENTATION_LAYER_ASSIGNMENT (  '', '', ( #5101 ) ) ;
#5101 = STYLED_ITEM ( 'NONE', ( #5102 ), #2926 ) ;
#5102 = PRESENTATION_STYLE_ASSIGNMENT (( #5103 ) ) ;
#5103 = SURFACE_STYLE_USAGE ( .BOTH. , #5104 ) ;
#5104 = SURFACE_SIDE_STYLE ('',( #5105 ) ) ;
#5105 = SURFACE_STYLE_FILL_AREA ( #5106 ) ;
#5106 = FILL_AREA_STYLE ('',( #5112 ) ) ;
#5107 = COLOUR_RGB ( '',0.8470588235294117500, 0.8470588235294117500, 0.8470588235294117500 ) ;
#5108 = FACE_OUTER_BOUND ( 'NONE', #2927, .T. ) ;
#5109 = DIRECTION ( 'NONE',  ( -1.000000000000000000, 1.084202172485504600E-016, 0.0000000000000000000 ) ) ;
#5110 = VECTOR ( 'NONE', #5109, 1000.000000000000000 ) ;
#5111 = CARTESIAN_POINT ( 'NONE',  ( 2.084999999999999100, -0.5669083047447585100, 1.303981071380927400 ) ) ;
#5112 = FILL_AREA_STYLE_COLOUR ( '', #5107 ) ;
#5113 = DIRECTION ( 'NONE',  ( 0.0000000000000000000, 0.2503415400683182100, 0.9681575870261114300 ) ) ;
#5114 = DIRECTION ( 'NONE',  ( 1.049678559162034000E-016, 0.9681575870261115400, -0.2503415400683182700 ) ) ;
#5115 = CARTESIAN_POINT ( 'NONE',  ( 2.084999999999999100, -0.7136444316779783100, 0.7365015610189868900 ) ) ;
#5116 = AXIS2_PLACEMENT_3D ( 'NONE', #5115, #5114, #5113 ) ;
#5117 = LINE ( 'NONE', #5111, #5110 ) ;
#5118 = PLANE ( 'NONE',  #5116 ) ;
#5119 =( GEOMETRIC_REPRESENTATION_CONTEXT ( 3 ) GLOBAL_UNCERTAINTY_ASSIGNED_CONTEXT ( ( #5120 ) ) GLOBAL_UNIT_ASSIGNED_CONTEXT ( ( #5137, #5122, #5121 ) ) REPRESENTATION_CONTEXT ( 'NONE', 'WORKASPACE' ) );
#5120 = UNCERTAINTY_MEASURE_WITH_UNIT (LENGTH_MEASURE( 1.000000000000000100E-005 ), #5137, 'distance_accuracy_value', 'NONE');
#5121 =( NAMED_UNIT ( * ) SI_UNIT ( $, .STERADIAN. ) SOLID_ANGLE_UNIT ( ) );
#5122 =( NAMED_UNIT ( * ) PLANE_ANGLE_UNIT ( ) SI_UNIT ( $, .RADIAN. ) );
#5123 = AXIS2_PLACEMENT_3D ( 'NONE', #5126, #5136, #5135 ) ;
#5124 = CYLINDRICAL_SURFACE ( 'NONE', #5123, 0.04999999999999991300 ) ;
#5125 = CIRCLE ( 'NONE', #5134, 0.05000000000000002400 ) ;
#5126 = CARTESIAN_POINT ( 'NONE',  ( 0.3649999999999994400, -1.472999999999999900, 0.7540937768374315100 ) ) ;
#5127 =( GEOMETRIC_REPRESENTATION_CONTEXT ( 3 ) GLOBAL_UNCERTAINTY_ASSIGNED_CONTEXT ( ( #5128 ) ) GLOBAL_UNIT_ASSIGNED_CONTEXT ( ( #5098, #5097, #5129 ) ) REPRESENTATION_CONTEXT ( 'NONE', 'WORKASPACE' ) );
#5128 = UNCERTAINTY_MEASURE_WITH_UNIT (LENGTH_MEASURE( 1.000000000000000100E-005 ), #5098, 'distance_accuracy_value', 'NONE');
#5129 =( NAMED_UNIT ( * ) SI_UNIT ( $, .STERADIAN. ) SOLID_ANGLE_UNIT ( ) );
#5130 = DIRECTION ( 'NONE',  ( 1.000000000000000000, -1.084202172485504400E-016, -0.0000000000000000000 ) ) ;
#5131 = DIRECTION ( 'NONE',  ( 0.0000000000000000000, 0.0000000000000000000, -1.000000000000000000 ) ) ;
#5132 = DIRECTION ( 'NONE',  ( 1.000000000000000000, 0.0000000000000000000, -0.0000000000000000000 ) ) ;
#5133 = CARTESIAN_POINT ( 'NONE',  ( 0.3149999999999992800, -1.472999999999999900, 0.7540937768374315100 ) ) ;
#5134 = AXIS2_PLACEMENT_3D ( 'NONE', #5133, #5132, #5131 ) ;
#5135 = DIRECTION ( 'NONE',  ( 0.0000000000000000000, -1.000000000000000000, 0.0000000000000000000 ) ) ;
#5136 = DIRECTION ( 'NONE',  ( -1.000000000000000000, 1.084202172485504600E-016, 0.0000000000000000000 ) ) ;
#5137 =( LENGTH_UNIT ( ) NAMED_UNIT ( * ) SI_UNIT ( .MILLI., .METRE. ) );
#5138 = MECHANICAL_DESIGN_GEOMETRIC_PRESENTATION_REPRESENTATION (  '', ( #5140 ), #5119 ) ;
#5139 = PRESENTATION_LAYER_ASSIGNMENT (  '', '', ( #5140 ) ) ;
#5140 = STYLED_ITEM ( 'NONE', ( #5141 ), #2922 ) ;
#5141 = PRESENTATION_STYLE_ASSIGNMENT (( #5142 ) ) ;
#5142 = SURFACE_STYLE_USAGE ( .BOTH. , #5143 ) ;
#5143 = SURFACE_SIDE_STYLE ('',( #5144 ) ) ;
#5144 = SURFACE_STYLE_FILL_AREA ( #5145 ) ;
#5145 = FILL_AREA_STYLE ('',( #5146 ) ) ;
#5146 = FILL_AREA_STYLE_COLOUR ( '', #5147 ) ;
#5147 = COLOUR_RGB ( '',0.8470588235294117500, 0.8470588235294117500, 0.8470588235294117500 ) ;
#5148 = DIRECTION ( 'NONE',  ( 0.0000000000000000000, 1.000000000000000000, 0.0000000000000000000 ) ) ;
#5149 = DIRECTION ( 'NONE',  ( 1.000000000000000000, -1.084202172485504400E-016, -0.0000000000000000000 ) ) ;
#5150 = CARTESIAN_POINT ( 'NONE',  ( 1.404999999999999600, -0.9750469801750288900, 0.8040937768374313300 ) ) ;
#5151 = AXIS2_PLACEMENT_3D ( 'NONE', #5150, #5149, #5148 ) ;
#5152 = CIRCLE ( 'NONE', #5151, 0.2700000000000000700 ) ;
#5153 = FACE_OUTER_BOUND ( 'NONE', #2960, .T. ) ;
#5154 = FILL_AREA_STYLE ('',( #5202 ) ) ;
#5155 = PRESENTATION_STYLE_ASSIGNMENT (( #5156 ) ) ;
#5156 = SURFACE_STYLE_USAGE ( .BOTH. , #5162 ) ;
#5157 = PRESENTATION_LAYER_ASSIGNMENT (  '', '', ( #5158 ) ) ;
#5158 = STYLED_ITEM ( 'NONE', ( #5155 ), #2980 ) ;
#5159 =( GEOMETRIC_REPRESENTATION_CONTEXT ( 3 ) GLOBAL_UNCERTAINTY_ASSIGNED_CONTEXT ( ( #5092 ) ) GLOBAL_UNIT_ASSIGNED_CONTEXT ( ( #5164, #5163, #5090 ) ) REPRESENTATION_CONTEXT ( 'NONE', 'WORKASPACE' ) );
#5160 = MECHANICAL_DESIGN_GEOMETRIC_PRESENTATION_REPRESENTATION (  '', ( #5158 ), #5274 ) ;
#5161 = SURFACE_STYLE_FILL_AREA ( #5154 ) ;
#5162 = SURFACE_SIDE_STYLE ('',( #5161 ) ) ;
#5163 =( NAMED_UNIT ( * ) PLANE_ANGLE_UNIT ( ) SI_UNIT ( $, .RADIAN. ) );
#5164 =( LENGTH_UNIT ( ) NAMED_UNIT ( * ) SI_UNIT ( .MILLI., .METRE. ) );
#5165 = COLOUR_RGB ( '',0.8470588235294117500, 0.8470588235294117500, 0.8470588235294117500 ) ;
#5166 = CYLINDRICAL_SURFACE ( 'NONE', #5176, 0.05000000000000002400 ) ;
#5167 =( NAMED_UNIT ( * ) SI_UNIT ( $, .STERADIAN. ) SOLID_ANGLE_UNIT ( ) );
#5168 =( LENGTH_UNIT ( ) NAMED_UNIT ( * ) SI_UNIT ( .MILLI., .METRE. ) );
#5169 = FACE_OUTER_BOUND ( 'NONE', #2932, .T. ) ;
#5170 = UNCERTAINTY_MEASURE_WITH_UNIT (LENGTH_MEASURE( 1.000000000000000100E-005 ), #5168, 'distance_accuracy_value', 'NONE');
#5171 = CARTESIAN_POINT ( 'NONE',  ( 0.3149999999999992800, -0.9750469801750287800, 0.7540937768374315100 ) ) ;
#5172 = PRESENTATION_STYLE_ASSIGNMENT (( #5186 ) ) ;
#5173 = DIRECTION ( 'NONE',  ( -1.000000000000000000, 0.0000000000000000000, 0.0000000000000000000 ) ) ;
#5174 = MECHANICAL_DESIGN_GEOMETRIC_PRESENTATION_REPRESENTATION (  '', ( #5200 ), #5177 ) ;
#5175 = DIRECTION ( 'NONE',  ( 1.084202172485504400E-016, 1.000000000000000000, 0.0000000000000000000 ) ) ;
#5176 = AXIS2_PLACEMENT_3D ( 'NONE', #5171, #5175, #5173 ) ;
#5177 =( GEOMETRIC_REPRESENTATION_CONTEXT ( 3 ) GLOBAL_UNCERTAINTY_ASSIGNED_CONTEXT ( ( #5170 ) ) GLOBAL_UNIT_ASSIGNED_CONTEXT ( ( #5168, #5188, #5167 ) ) REPRESENTATION_CONTEXT ( 'NONE', 'WORKASPACE' ) );
#5178 = SURFACE_STYLE_FILL_AREA ( #5190 ) ;
#5179 = FILL_AREA_STYLE_COLOUR ( '', #5199 ) ;
#5180 = FACE_OUTER_BOUND ( 'NONE', #2953, .T. ) ;
#5181 = CARTESIAN_POINT ( 'NONE',  ( 1.354999999999999500, -0.7799029738905033400, 1.359056210195956000 ) ) ;
#5182 = DIRECTION ( 'NONE',  ( 2.714208416054373400E-017, 0.2503415400683179900, 0.9681575870261116500 ) ) ;
#5183 = VECTOR ( 'NONE', #5182, 999.9999999999998900 ) ;
#5184 = CARTESIAN_POINT ( 'NONE',  ( 1.354999999999999500, -0.7799029738905033400, 1.359056210195956000 ) ) ;
#5185 = LINE ( 'NONE', #5184, #5183 ) ;
#5186 = SURFACE_STYLE_USAGE ( .BOTH. , #5189 ) ;
#5187 = FILL_AREA_STYLE_COLOUR ( '', #5165 ) ;
#5188 =( NAMED_UNIT ( * ) PLANE_ANGLE_UNIT ( ) SI_UNIT ( $, .RADIAN. ) );
#5189 = SURFACE_SIDE_STYLE ('',( #5178 ) ) ;
#5190 = FILL_AREA_STYLE ('',( #5187 ) ) ;
#5191 = MECHANICAL_DESIGN_GEOMETRIC_PRESENTATION_REPRESENTATION (  '', ( #5193 ), #5159 ) ;
#5192 = PRESENTATION_LAYER_ASSIGNMENT (  '', '', ( #5193 ) ) ;
#5193 = STYLED_ITEM ( 'NONE', ( #5194 ), #2947 ) ;
#5194 = PRESENTATION_STYLE_ASSIGNMENT (( #5195 ) ) ;
#5195 = SURFACE_STYLE_USAGE ( .BOTH. , #5196 ) ;
#5196 = SURFACE_SIDE_STYLE ('',( #5197 ) ) ;
#5197 = SURFACE_STYLE_FILL_AREA ( #5198 ) ;
#5198 = FILL_AREA_STYLE ('',( #5179 ) ) ;
#5199 = COLOUR_RGB ( '',0.8470588235294117500, 0.8470588235294117500, 0.8470588235294117500 ) ;
#5200 = STYLED_ITEM ( 'NONE', ( #5172 ), #2934 ) ;
#5201 = PRESENTATION_LAYER_ASSIGNMENT (  '', '', ( #5200 ) ) ;
#5202 = FILL_AREA_STYLE_COLOUR ( '', #5203 ) ;
#5203 = COLOUR_RGB ( '',0.8470588235294117500, 0.8470588235294117500, 0.8470588235294117500 ) ;
#5204 = FACE_OUTER_BOUND ( 'NONE', #2987, .T. ) ;
#5205 = CARTESIAN_POINT ( 'NONE',  ( 2.034999999999999300, -0.7136444316779783100, 0.7365015610189868900 ) ) ;
#5206 = DIRECTION ( 'NONE',  ( -1.084202172485504400E-016, -1.000000000000000000, 0.0000000000000000000 ) ) ;
#5207 = VECTOR ( 'NONE', #5206, 1000.000000000000000 ) ;
#5208 = CARTESIAN_POINT ( 'NONE',  ( 1.354999999999999500, -0.5669083047447585100, 1.353981071380927500 ) ) ;
#5209 = LINE ( 'NONE', #5208, #5207 ) ;
#5210 = CARTESIAN_POINT ( 'NONE',  ( 2.034999999999999300, -0.9750469801750290000, 0.8040937768374313300 ) ) ;
#5211 = CARTESIAN_POINT ( 'NONE',  ( 2.034999999999999300, -0.9750469801750290000, 0.8040937768374313300 ) ) ;
#5212 = AXIS2_PLACEMENT_3D ( 'NONE', #5211, #5256, #5255 ) ;
#5213 = CIRCLE ( 'NONE', #5212, 0.2700000000000001800 ) ;
#5214 = CARTESIAN_POINT ( 'NONE',  ( 1.404999999999999600, -0.7136444316779782000, 0.7365015610189868900 ) ) ;
#5215 = DIRECTION ( 'NONE',  ( 0.0000000000000000000, -0.9681575870261117700, 0.2503415400683174400 ) ) ;
#5216 = CARTESIAN_POINT ( 'NONE',  ( 2.084999999999999100, -0.6056240298486853500, 1.353981071380927500 ) ) ;
#5217 = CARTESIAN_POINT ( 'NONE',  ( 2.084999999999999100, -0.5829448831599136600, 1.324691749499582500 ) ) ;
#5218 = CARTESIAN_POINT ( 'NONE',  ( 2.064289321881344300, -0.5669083047447587300, 1.303981071380927700 ) ) ;
#5219 = CARTESIAN_POINT ( 'NONE',  ( 2.034999999999999700, -0.5669083047447585100, 1.303981071380927400 ) ) ;
#5220 = DIRECTION ( 'NONE',  ( 1.000000000000000000, -1.084202172485504400E-016, -0.0000000000000000000 ) ) ;
#5221 = DIRECTION ( 'NONE',  ( 1.084202172485504600E-016, 1.000000000000000000, 0.0000000000000000000 ) ) ;
#5222 = DIRECTION ( 'NONE',  ( -0.0000000000000000000, 0.2503415400683174400, 0.9681575870261117700 ) ) ;
#5223 = DIRECTION ( 'NONE',  ( 0.0000000000000000000, -1.000000000000000000, 0.0000000000000000000 ) ) ;
#5224 = AXIS2_PLACEMENT_3D ( 'NONE', #5252, #5223, #5240 ) ;
#5225 = CIRCLE ( 'NONE', #5224, 0.05000000000000002400 ) ;
#5226 = LINE ( 'NONE', #5239, #5238 ) ;
#5227 = CIRCLE ( 'NONE', #5248, 0.05000000000000003700 ) ;
#5228 = CARTESIAN_POINT ( 'NONE',  ( 1.354999999999999500, -0.6056240298486852400, 1.353981071380927500 ) ) ;
#5229 = DIRECTION ( 'NONE',  ( 1.084202172485504400E-016, 1.000000000000000000, 0.0000000000000000000 ) ) ;
#5230 = VECTOR ( 'NONE', #5229, 1000.000000000000000 ) ;
#5231 = CARTESIAN_POINT ( 'NONE',  ( 1.354999999999999500, -1.029992063861229300E-016, 1.523981071380927600 ) ) ;
#5232 = LINE ( 'NONE', #5231, #5230 ) ;
#5233 = DIRECTION ( 'NONE',  ( -2.714208416054376200E-017, -0.2503415400683182100, -0.9681575870261114300 ) ) ;
#5234 = VECTOR ( 'NONE', #5233, 1000.000000000000100 ) ;
#5235 = CARTESIAN_POINT ( 'NONE',  ( 2.034999999999999300, -0.7136444316779783100, 0.7365015610189868900 ) ) ;
#5236 = LINE ( 'NONE', #5235, #5234 ) ;
#5237 = DIRECTION ( 'NONE',  ( -1.000000000000000000, 1.084202172485504600E-016, 0.0000000000000000000 ) ) ;
#5238 = VECTOR ( 'NONE', #5237, 1000.000000000000000 ) ;
#5239 = CARTESIAN_POINT ( 'NONE',  ( 2.084999999999999100, -0.7136444316779783100, 0.7365015610189868900 ) ) ;
#5240 = DIRECTION ( 'NONE',  ( 0.0000000000000000000, 0.0000000000000000000, -1.000000000000000000 ) ) ;
#5241 = CARTESIAN_POINT ( 'NONE',  ( 2.034999999999999300, -0.7620523110292839500, 0.7490186380224027600 ) ) ;
#5242 = DIRECTION ( 'NONE',  ( 0.0000000000000000000, 1.000000000000000000, 0.0000000000000000000 ) ) ;
#5243 = DIRECTION ( 'NONE',  ( 1.000000000000000000, -1.084202172485504400E-016, -0.0000000000000000000 ) ) ;
#5244 = AXIS2_PLACEMENT_3D ( 'NONE', #5251, #5243, #5242 ) ;
#5245 = CIRCLE ( 'NONE', #5244, 0.2200000000000001400 ) ;
#5246 = TOROIDAL_SURFACE ( 'NONE', #5249, 0.2200000000000001100, 0.05000000000000000300 ) ;
#5247 = CARTESIAN_POINT ( 'NONE',  ( 1.354999999999999500, -0.9750469801750302200, 0.5840937768374312400 ) ) ;
#5248 = AXIS2_PLACEMENT_3D ( 'NONE', #5241, #5222, #5215 ) ;
#5249 = AXIS2_PLACEMENT_3D ( 'NONE', #5210, #5220, #5221 ) ;
#5250 =( BOUNDED_CURVE ( )  B_SPLINE_CURVE ( 3, ( #5219, #5218, #5217, #5216 ),
 .UNSPECIFIED., .F., .F. ) 
 B_SPLINE_CURVE_WITH_KNOTS ( ( 4, 4 ),
 ( 8.589666033349982800E-015, 1.570796326794896600 ),
 .UNSPECIFIED. ) 
 CURVE ( )  GEOMETRIC_REPRESENTATION_ITEM ( )  RATIONAL_B_SPLINE_CURVE ( ( 1.000000000000000000, 0.8047378541243670500, 0.8047378541243670500, 1.000000000000000000 ) ) 
 REPRESENTATION_ITEM ( '' )  );
#5251 = CARTESIAN_POINT ( 'NONE',  ( 2.084999999999999100, -0.9750469801750290000, 0.8040937768374313300 ) ) ;
#5252 = CARTESIAN_POINT ( 'NONE',  ( -0.3150000000000001700, -1.472999999999999900, 0.7540937768374315100 ) ) ;
#5253 = CARTESIAN_POINT ( 'NONE',  ( 1.404999999999999600, -0.5669083047447584000, 1.303981071380927400 ) ) ;
#5254 = CARTESIAN_POINT ( 'NONE',  ( 2.034999999999999300, -0.9750469801750303300, 0.5340937768374313100 ) ) ;
#5255 = DIRECTION ( 'NONE',  ( 0.0000000000000000000, 1.000000000000000000, 0.0000000000000000000 ) ) ;
#5256 = DIRECTION ( 'NONE',  ( -1.000000000000000000, 1.084202172485504400E-016, 0.0000000000000000000 ) ) ;
#5257 = AXIS2_PLACEMENT_3D ( 'NONE', #5261, #5302, #5301 ) ;
#5258 = SPHERICAL_SURFACE ( 'NONE', #5257, 0.05000000000000000300 ) ;
#5259 = FACE_OUTER_BOUND ( 'NONE', #2914, .T. ) ;
#5260 = FILL_AREA_STYLE_COLOUR ( '', #5300 ) ;
#5261 = CARTESIAN_POINT ( 'NONE',  ( 0.3149999999999992800, -1.472999999999999600, 0.7540937768374314000 ) ) ;
#5262 =( GEOMETRIC_REPRESENTATION_CONTEXT ( 3 ) GLOBAL_UNCERTAINTY_ASSIGNED_CONTEXT ( ( #5263 ) ) GLOBAL_UNIT_ASSIGNED_CONTEXT ( ( #5266, #5265, #5264 ) ) REPRESENTATION_CONTEXT ( 'NONE', 'WORKASPACE' ) );
#5263 = UNCERTAINTY_MEASURE_WITH_UNIT (LENGTH_MEASURE( 1.000000000000000100E-005 ), #5266, 'distance_accuracy_value', 'NONE');
#5264 =( NAMED_UNIT ( * ) SI_UNIT ( $, .STERADIAN. ) SOLID_ANGLE_UNIT ( ) );
#5265 =( NAMED_UNIT ( * ) PLANE_ANGLE_UNIT ( ) SI_UNIT ( $, .RADIAN. ) );
#5266 =( LENGTH_UNIT ( ) NAMED_UNIT ( * ) SI_UNIT ( .MILLI., .METRE. ) );
#5267 = MECHANICAL_DESIGN_GEOMETRIC_PRESENTATION_REPRESENTATION (  '', ( #5269 ), #5262 ) ;
#5268 = PRESENTATION_LAYER_ASSIGNMENT (  '', '', ( #5269 ) ) ;
#5269 = STYLED_ITEM ( 'NONE', ( #5270 ), #3001 ) ;
#5270 = PRESENTATION_STYLE_ASSIGNMENT (( #5271 ) ) ;
#5271 = SURFACE_STYLE_USAGE ( .BOTH. , #5306 ) ;
#5272 = AXIS2_PLACEMENT_3D ( 'NONE', #5280, #5279, #5278 ) ;
#5273 = SPHERICAL_SURFACE ( 'NONE', #5272, 0.05000000000000000300 ) ;
#5274 =( GEOMETRIC_REPRESENTATION_CONTEXT ( 3 ) GLOBAL_UNCERTAINTY_ASSIGNED_CONTEXT ( ( #5285 ) ) GLOBAL_UNIT_ASSIGNED_CONTEXT ( ( #5275, #5331, #5276 ) ) REPRESENTATION_CONTEXT ( 'NONE', 'WORKASPACE' ) );
#5275 =( LENGTH_UNIT ( ) NAMED_UNIT ( * ) SI_UNIT ( .MILLI., .METRE. ) );
#5276 =( NAMED_UNIT ( * ) SI_UNIT ( $, .STERADIAN. ) SOLID_ANGLE_UNIT ( ) );
#5277 = CARTESIAN_POINT ( 'NONE',  ( 0.3149999999999992800, -1.472999999999999900, 0.7540937768374315100 ) ) ;
#5278 = DIRECTION ( 'NONE',  ( 1.000000000000000000, 0.0000000000000000000, 0.0000000000000000000 ) ) ;
#5279 = DIRECTION ( 'NONE',  ( 0.0000000000000000000, 1.000000000000000000, 0.0000000000000000000 ) ) ;
#5280 = CARTESIAN_POINT ( 'NONE',  ( 0.3149999999999992800, -1.472999999999999900, 0.5840937768374314700 ) ) ;
#5281 = LINE ( 'NONE', #5305, #5290 ) ;
#5282 = CARTESIAN_POINT ( 'NONE',  ( 1.354999999999999500, -0.9363312550711018200, 0.7540937768374315100 ) ) ;
#5283 = DIRECTION ( 'NONE',  ( 0.0000000000000000000, 0.0000000000000000000, -1.000000000000000000 ) ) ;
#5284 = DIRECTION ( 'NONE',  ( 0.0000000000000000000, -1.000000000000000000, 0.0000000000000000000 ) ) ;
#5285 = UNCERTAINTY_MEASURE_WITH_UNIT (LENGTH_MEASURE( 1.000000000000000100E-005 ), #5275, 'distance_accuracy_value', 'NONE');
#5286 = COLOUR_RGB ( '',0.8470588235294117500, 0.8470588235294117500, 0.8470588235294117500 ) ;
#5287 = FACE_OUTER_BOUND ( 'NONE', #2996, .T. ) ;
#5288 = CARTESIAN_POINT ( 'NONE',  ( 2.084999999999999100, -0.7620523110292839500, 0.7490186380224027600 ) ) ;
#5289 = DIRECTION ( 'NONE',  ( -2.714208416054373400E-017, -0.2503415400683179900, -0.9681575870261116500 ) ) ;
#5290 = VECTOR ( 'NONE', #5289, 999.9999999999998900 ) ;
#5291 =( LENGTH_UNIT ( ) NAMED_UNIT ( * ) SI_UNIT ( .MILLI., .METRE. ) );
#5292 = MECHANICAL_DESIGN_GEOMETRIC_PRESENTATION_REPRESENTATION (  '', ( #5294 ), #5337 ) ;
#5293 = PRESENTATION_LAYER_ASSIGNMENT (  '', '', ( #5294 ) ) ;
#5294 = STYLED_ITEM ( 'NONE', ( #5295 ), #3002 ) ;
#5295 = PRESENTATION_STYLE_ASSIGNMENT (( #5296 ) ) ;
#5296 = SURFACE_STYLE_USAGE ( .BOTH. , #5297 ) ;
#5297 = SURFACE_SIDE_STYLE ('',( #5298 ) ) ;
#5298 = SURFACE_STYLE_FILL_AREA ( #5299 ) ;
#5299 = FILL_AREA_STYLE ('',( #5260 ) ) ;
#5300 = COLOUR_RGB ( '',0.8470588235294117500, 0.8470588235294117500, 0.8470588235294117500 ) ;
#5301 = DIRECTION ( 'NONE',  ( 1.000000000000000000, 0.0000000000000000000, 0.0000000000000000000 ) ) ;
#5302 = DIRECTION ( 'NONE',  ( 0.0000000000000000000, 1.000000000000000000, 0.0000000000000000000 ) ) ;
#5303 = AXIS2_PLACEMENT_3D ( 'NONE', #5277, #5284, #5283 ) ;
#5304 = CIRCLE ( 'NONE', #5303, 0.05000000000000002400 ) ;
#5305 = CARTESIAN_POINT ( 'NONE',  ( 2.084999999999999100, -0.9266391008237231400, 0.7915766998340153500 ) ) ;
#5306 = SURFACE_SIDE_STYLE ('',( #5307 ) ) ;
#5307 = SURFACE_STYLE_FILL_AREA ( #5308 ) ;
#5308 = FILL_AREA_STYLE ('',( #5315 ) ) ;
#5309 = COLOUR_RGB ( '',0.8470588235294117500, 0.8470588235294117500, 0.8470588235294117500 ) ;
#5310 = DIRECTION ( 'NONE',  ( 0.0000000000000000000, -0.9681575870261117700, 0.2503415400683174400 ) ) ;
#5311 = DIRECTION ( 'NONE',  ( 2.714208416054373100E-017, 0.2503415400683179900, 0.9681575870261115400 ) ) ;
#5312 = AXIS2_PLACEMENT_3D ( 'NONE', #5316, #5311, #5310 ) ;
#5313 = CYLINDRICAL_SURFACE ( 'NONE', #5312, 0.05000000000000003700 ) ;
#5314 = FACE_OUTER_BOUND ( 'NONE', #2863, .T. ) ;
#5315 = FILL_AREA_STYLE_COLOUR ( '', #5309 ) ;
#5316 = CARTESIAN_POINT ( 'NONE',  ( 0.3149999999999992800, -0.9266391008237231400, 0.7915766998340155700 ) ) ;
#5317 =( GEOMETRIC_REPRESENTATION_CONTEXT ( 3 ) GLOBAL_UNCERTAINTY_ASSIGNED_CONTEXT ( ( #5318 ) ) GLOBAL_UNIT_ASSIGNED_CONTEXT ( ( #5321, #5320, #5319 ) ) REPRESENTATION_CONTEXT ( 'NONE', 'WORKASPACE' ) );
#5318 = UNCERTAINTY_MEASURE_WITH_UNIT (LENGTH_MEASURE( 1.000000000000000100E-005 ), #5321, 'distance_accuracy_value', 'NONE');
#5319 =( NAMED_UNIT ( * ) SI_UNIT ( $, .STERADIAN. ) SOLID_ANGLE_UNIT ( ) );
#5320 =( NAMED_UNIT ( * ) PLANE_ANGLE_UNIT ( ) SI_UNIT ( $, .RADIAN. ) );
#5321 =( LENGTH_UNIT ( ) NAMED_UNIT ( * ) SI_UNIT ( .MILLI., .METRE. ) );
#5322 = MECHANICAL_DESIGN_GEOMETRIC_PRESENTATION_REPRESENTATION (  '', ( #5324 ), #5317 ) ;
#5323 = PRESENTATION_LAYER_ASSIGNMENT (  '', '', ( #5324 ) ) ;
#5324 = STYLED_ITEM ( 'NONE', ( #5325 ), #2995 ) ;
#5325 = PRESENTATION_STYLE_ASSIGNMENT (( #5326 ) ) ;
#5326 = SURFACE_STYLE_USAGE ( .BOTH. , #5327 ) ;
#5327 = SURFACE_SIDE_STYLE ('',( #5328 ) ) ;
#5328 = SURFACE_STYLE_FILL_AREA ( #5329 ) ;
#5329 = FILL_AREA_STYLE ('',( #5330 ) ) ;
#5330 = FILL_AREA_STYLE_COLOUR ( '', #5286 ) ;
#5331 =( NAMED_UNIT ( * ) PLANE_ANGLE_UNIT ( ) SI_UNIT ( $, .RADIAN. ) );
#5332 =( GEOMETRIC_REPRESENTATION_CONTEXT ( 3 ) GLOBAL_UNCERTAINTY_ASSIGNED_CONTEXT ( ( #5333 ) ) GLOBAL_UNIT_ASSIGNED_CONTEXT ( ( #5339, #5335, #5334 ) ) REPRESENTATION_CONTEXT ( 'NONE', 'WORKASPACE' ) );
#5333 = UNCERTAINTY_MEASURE_WITH_UNIT (LENGTH_MEASURE( 1.000000000000000100E-005 ), #5339, 'distance_accuracy_value', 'NONE');
#5334 =( NAMED_UNIT ( * ) SI_UNIT ( $, .STERADIAN. ) SOLID_ANGLE_UNIT ( ) );
#5335 =( NAMED_UNIT ( * ) PLANE_ANGLE_UNIT ( ) SI_UNIT ( $, .RADIAN. ) );
#5336 = PLANE ( 'NONE',  #5353 ) ;
#5337 =( GEOMETRIC_REPRESENTATION_CONTEXT ( 3 ) GLOBAL_UNCERTAINTY_ASSIGNED_CONTEXT ( ( #5382 ) ) GLOBAL_UNIT_ASSIGNED_CONTEXT ( ( #5291, #5395, #5354 ) ) REPRESENTATION_CONTEXT ( 'NONE', 'WORKASPACE' ) );
#5338 = DIRECTION ( 'NONE',  ( 1.084202172485504400E-016, 1.000000000000000000, 0.0000000000000000000 ) ) ;
#5339 =( LENGTH_UNIT ( ) NAMED_UNIT ( * ) SI_UNIT ( .MILLI., .METRE. ) );
#5340 = MECHANICAL_DESIGN_GEOMETRIC_PRESENTATION_REPRESENTATION (  '', ( #5342 ), #5332 ) ;
#5341 = PRESENTATION_LAYER_ASSIGNMENT (  '', '', ( #5342 ) ) ;
#5342 = STYLED_ITEM ( 'NONE', ( #5343 ), #4797 ) ;
#5343 = PRESENTATION_STYLE_ASSIGNMENT (( #5344 ) ) ;
#5344 = SURFACE_STYLE_USAGE ( .BOTH. , #5345 ) ;
#5345 = SURFACE_SIDE_STYLE ('',( #5346 ) ) ;
#5346 = SURFACE_STYLE_FILL_AREA ( #5347 ) ;
#5347 = FILL_AREA_STYLE ('',( #5405 ) ) ;
#5348 = COLOUR_RGB ( '',0.8470588235294117500, 0.8470588235294117500, 0.8470588235294117500 ) ;
#5349 = FACE_OUTER_BOUND ( 'NONE', #4796, .T. ) ;
#5350 = CARTESIAN_POINT ( 'NONE',  ( -0.3650000000000003200, -0.9363312550711018200, 0.7540937768374315100 ) ) ;
#5351 = CARTESIAN_POINT ( 'NONE',  ( 0.3649999999999994400, -0.6056240298486853500, 1.353981071380927500 ) ) ;
#5352 = DIRECTION ( 'NONE',  ( 0.0000000000000000000, 0.0000000000000000000, 1.000000000000000000 ) ) ;
#5353 = AXIS2_PLACEMENT_3D ( 'NONE', #5364, #5363, #5338 ) ;
#5354 =( NAMED_UNIT ( * ) SI_UNIT ( $, .STERADIAN. ) SOLID_ANGLE_UNIT ( ) );
#5355 = CARTESIAN_POINT ( 'NONE',  ( 0.3149999999999992800, -0.9750469801750287800, 0.8040937768374314400 ) ) ;
#5356 = DIRECTION ( 'NONE',  ( -1.000000000000000000, 1.084202172485504600E-016, 0.0000000000000000000 ) ) ;
#5357 = VECTOR ( 'NONE', #5356, 1000.000000000000000 ) ;
#5358 = CARTESIAN_POINT ( 'NONE',  ( 0.3649999999999994400, -0.9750469801750287800, 0.8040937768374314400 ) ) ;
#5359 = LINE ( 'NONE', #5358, #5357 ) ;
#5360 = CARTESIAN_POINT ( 'NONE',  ( -0.3150000000000001700, -0.5669083047447568400, 1.573981071380927500 ) ) ;
#5361 = CARTESIAN_POINT ( 'NONE',  ( 1.354999999999999500, -0.5669083047447571700, 1.523981071380927600 ) ) ;
#5362 = DIRECTION ( 'NONE',  ( 0.0000000000000000000, 1.000000000000000000, 0.0000000000000000000 ) ) ;
#5363 = DIRECTION ( 'NONE',  ( 1.000000000000000000, -1.084202172485504400E-016, -0.0000000000000000000 ) ) ;
#5364 = CARTESIAN_POINT ( 'NONE',  ( 1.354999999999999500, -0.9750469801750290000, 0.8040937768374313300 ) ) ;
#5365 = DIRECTION ( 'NONE',  ( -1.084202172485504400E-016, -1.000000000000000000, 1.978640747033070800E-016 ) ) ;
#5366 = DIRECTION ( 'NONE',  ( -1.000000000000000000, 1.084202172485504400E-016, 0.0000000000000000000 ) ) ;
#5367 = CARTESIAN_POINT ( 'NONE',  ( 1.354999999999999500, -0.5669083047447584000, 1.303981071380927400 ) ) ;
#5368 = AXIS2_PLACEMENT_3D ( 'NONE', #5367, #5366, #5362 ) ;
#5369 = CIRCLE ( 'NONE', #5368, 0.2200000000000000300 ) ;
#5370 = CARTESIAN_POINT ( 'NONE',  ( 0.3149999999999992800, -0.5669083047447569500, 1.573981071380927500 ) ) ;
#5371 = CARTESIAN_POINT ( 'NONE',  ( 1.354999999999999500, -0.7620523110292838400, 0.7490186380224025400 ) ) ;
#5372 = DIRECTION ( 'NONE',  ( -2.714208416054375600E-017, -0.2503415400683182100, -0.9681575870261114300 ) ) ;
#5373 = VECTOR ( 'NONE', #5372, 1000.000000000000100 ) ;
#5374 = CARTESIAN_POINT ( 'NONE',  ( 1.354999999999999500, -0.7620523110292838400, 0.7490186380224027600 ) ) ;
#5375 = LINE ( 'NONE', #5374, #5373 ) ;
#5376 = CARTESIAN_POINT ( 'NONE',  ( 2.084999999999999100, -0.5669083047447585100, 1.303981071380927400 ) ) ;
#5377 = AXIS2_PLACEMENT_3D ( 'NONE', #5376, #5397, #5396 ) ;
#5378 = CIRCLE ( 'NONE', #5377, 0.2200000000000000300 ) ;
#5379 = LINE ( 'NONE', #5381, #5380 ) ;
#5380 = VECTOR ( 'NONE', #5365, 1000.000000000000000 ) ;
#5381 = CARTESIAN_POINT ( 'NONE',  ( 1.354999999999999500, -1.522999999999999900, 0.5840937768374314700 ) ) ;
#5382 = UNCERTAINTY_MEASURE_WITH_UNIT (LENGTH_MEASURE( 1.000000000000000100E-005 ), #5291, 'distance_accuracy_value', 'NONE');
#5383 = PRESENTATION_LAYER_ASSIGNMENT (  '', '', ( #5384 ) ) ;
#5384 = STYLED_ITEM ( 'NONE', ( #5385 ), #4787 ) ;
#5385 = PRESENTATION_STYLE_ASSIGNMENT (( #5386 ) ) ;
#5386 = SURFACE_STYLE_USAGE ( .BOTH. , #5387 ) ;
#5387 = SURFACE_SIDE_STYLE ('',( #5388 ) ) ;
#5388 = SURFACE_STYLE_FILL_AREA ( #5389 ) ;
#5389 = FILL_AREA_STYLE ('',( #5390 ) ) ;
#5390 = FILL_AREA_STYLE_COLOUR ( '', #5391 ) ;
#5391 = COLOUR_RGB ( '',0.8470588235294117500, 0.8470588235294117500, 0.8470588235294117500 ) ;
#5392 = FACE_OUTER_BOUND ( 'NONE', #4941, .T. ) ;
#5393 = CARTESIAN_POINT ( 'NONE',  ( -0.3650000000000003200, -0.7620523110292838400, 0.7490186380224025400 ) ) ;
#5394 = CARTESIAN_POINT ( 'NONE',  ( -0.3150000000000006100, -0.9750469801750286700, 0.8040937768374314400 ) ) ;
#5395 =( NAMED_UNIT ( * ) PLANE_ANGLE_UNIT ( ) SI_UNIT ( $, .RADIAN. ) );
#5396 = DIRECTION ( 'NONE',  ( 0.0000000000000000000, 1.000000000000000000, 0.0000000000000000000 ) ) ;
#5397 = DIRECTION ( 'NONE',  ( 1.000000000000000000, -1.084202172485504400E-016, -0.0000000000000000000 ) ) ;
#5398 =( NAMED_UNIT ( * ) SI_UNIT ( $, .STERADIAN. ) SOLID_ANGLE_UNIT ( ) );
#5399 =( NAMED_UNIT ( * ) PLANE_ANGLE_UNIT ( ) SI_UNIT ( $, .RADIAN. ) );
#5400 =( LENGTH_UNIT ( ) NAMED_UNIT ( * ) SI_UNIT ( .MILLI., .METRE. ) );
#5401 = MECHANICAL_DESIGN_GEOMETRIC_PRESENTATION_REPRESENTATION (  '', ( #5384 ), #5412 ) ;
#5402 = VECTOR ( 'NONE', #5352, 1000.000000000000000 ) ;
#5403 = CARTESIAN_POINT ( 'NONE',  ( -0.3650000000000003200, -1.472999999999999900, 0.8040937768374314400 ) ) ;
#5404 = LINE ( 'NONE', #5403, #5402 ) ;
#5405 = FILL_AREA_STYLE_COLOUR ( '', #5348 ) ;
#5406 = DIRECTION ( 'NONE',  ( -1.000000000000000000, 0.0000000000000000000, 0.0000000000000000000 ) ) ;
#5407 = DIRECTION ( 'NONE',  ( 1.084202172485504400E-016, 1.000000000000000000, 0.0000000000000000000 ) ) ;
#5408 = AXIS2_PLACEMENT_3D ( 'NONE', #5411, #5407, #5406 ) ;
#5409 = CYLINDRICAL_SURFACE ( 'NONE', #5408, 0.05000000000000002400 ) ;
#5410 = CARTESIAN_POINT ( 'NONE',  ( 0.3649999999999994400, -0.5669083047447572900, 1.523981071380927600 ) ) ;
#5411 = CARTESIAN_POINT ( 'NONE',  ( -0.3150000000000001700, -0.9750469801750290000, 1.353981071380927500 ) ) ;
#5412 =( GEOMETRIC_REPRESENTATION_CONTEXT ( 3 ) GLOBAL_UNCERTAINTY_ASSIGNED_CONTEXT ( ( #5413 ) ) GLOBAL_UNIT_ASSIGNED_CONTEXT ( ( #5400, #5399, #5398 ) ) REPRESENTATION_CONTEXT ( 'NONE', 'WORKASPACE' ) );
#5413 = UNCERTAINTY_MEASURE_WITH_UNIT (LENGTH_MEASURE( 1.000000000000000100E-005 ), #5400, 'distance_accuracy_value', 'NONE');
#5414 = FILL_AREA_STYLE_COLOUR ( '', #5415 ) ;
#5415 = COLOUR_RGB ( '',0.8470588235294117500, 0.8470588235294117500, 0.8470588235294117500 ) ;
#5416 = FACE_OUTER_BOUND ( 'NONE', #4803, .T. ) ;
#5417 = MECHANICAL_DESIGN_GEOMETRIC_PRESENTATION_REPRESENTATION (  '', ( #5429 ), #5438 ) ;
#5418 = PRESENTATION_LAYER_ASSIGNMENT (  '', '', ( #5429 ) ) ;
#5419 = CARTESIAN_POINT ( 'NONE',  ( -0.3150000000000001700, -1.522999999999999900, 0.5840937768374314700 ) ) ;
#5420 = DIRECTION ( 'NONE',  ( 1.000000000000000000, -1.084202172485504600E-016, 2.736911063134408300E-048 ) ) ;
#5421 = VECTOR ( 'NONE', #5420, 1000.000000000000000 ) ;
#5422 = CYLINDRICAL_SURFACE ( 'NONE', #5435, 0.2700000000000000700 ) ;
#5423 = DIRECTION ( 'NONE',  ( 1.000000000000000000, 0.0000000000000000000, -0.0000000000000000000 ) ) ;
#5424 = DIRECTION ( 'NONE',  ( 0.0000000000000000000, 0.0000000000000000000, 1.000000000000000000 ) ) ;
#5425 = CARTESIAN_POINT ( 'NONE',  ( 0.3649999999999994400, -0.9750469801750287800, 0.8040937768374314400 ) ) ;
#5426 = AXIS2_PLACEMENT_3D ( 'NONE', #5425, #5424, #5423 ) ;
#5427 = DIRECTION ( 'NONE',  ( -2.007781800899081700E-016, -1.000000000000000000, 0.0000000000000000000 ) ) ;
#5428 =( NAMED_UNIT ( * ) PLANE_ANGLE_UNIT ( ) SI_UNIT ( $, .RADIAN. ) );
#5429 = STYLED_ITEM ( 'NONE', ( #5430 ), #4802 ) ;
#5430 = PRESENTATION_STYLE_ASSIGNMENT (( #5431 ) ) ;
#5431 = SURFACE_STYLE_USAGE ( .BOTH. , #5432 ) ;
#5432 = SURFACE_SIDE_STYLE ('',( #5433 ) ) ;
#5433 = SURFACE_STYLE_FILL_AREA ( #5434 ) ;
#5434 = FILL_AREA_STYLE ('',( #5414 ) ) ;
#5435 = AXIS2_PLACEMENT_3D ( 'NONE', #5449, #5445, #5427 ) ;
#5436 =( LENGTH_UNIT ( ) NAMED_UNIT ( * ) SI_UNIT ( .MILLI., .METRE. ) );
#5437 = PLANE ( 'NONE',  #5426 ) ;
#5438 =( GEOMETRIC_REPRESENTATION_CONTEXT ( 3 ) GLOBAL_UNCERTAINTY_ASSIGNED_CONTEXT ( ( #5443 ) ) GLOBAL_UNIT_ASSIGNED_CONTEXT ( ( #5436, #5428, #5444 ) ) REPRESENTATION_CONTEXT ( 'NONE', 'WORKASPACE' ) );
#5439 = DIRECTION ( 'NONE',  ( 0.0000000000000000000, 0.0000000000000000000, 1.000000000000000000 ) ) ;
#5440 = VECTOR ( 'NONE', #5439, 1000.000000000000000 ) ;
#5441 = CARTESIAN_POINT ( 'NONE',  ( 0.3149999999999992800, -1.522999999999999900, 0.8040937768374314400 ) ) ;
#5442 = LINE ( 'NONE', #5441, #5440 ) ;
#5443 = UNCERTAINTY_MEASURE_WITH_UNIT (LENGTH_MEASURE( 1.000000000000000100E-005 ), #5436, 'distance_accuracy_value', 'NONE');
#5444 =( NAMED_UNIT ( * ) SI_UNIT ( $, .STERADIAN. ) SOLID_ANGLE_UNIT ( ) );
#5445 = DIRECTION ( 'NONE',  ( -1.000000000000000000, 1.084202172485504600E-016, 0.0000000000000000000 ) ) ;
#5446 = CARTESIAN_POINT ( 'NONE',  ( 0.3649999999999994400, -1.522999999999999900, 0.5840937768374314700 ) ) ;
#5447 = CARTESIAN_POINT ( 'NONE',  ( 0.3149999999999992800, -1.522999999999999900, 0.5840937768374314700 ) ) ;
#5448 = LINE ( 'NONE', #5446, #5421 ) ;
#5449 = CARTESIAN_POINT ( 'NONE',  ( 0.3649999999999994400, -0.5669083047447585100, 1.303981071380927400 ) ) ;
#5450 = CARTESIAN_POINT ( 'NONE',  ( 0.3149999999999992800, -1.522999999999999900, 0.7540937768374315100 ) ) ;
#5451 = FILL_AREA_STYLE_COLOUR ( '', #5461 ) ;
#5452 = FILL_AREA_STYLE ('',( #5451 ) ) ;
#5453 =( LENGTH_UNIT ( ) NAMED_UNIT ( * ) SI_UNIT ( .MILLI., .METRE. ) );
#5454 = MECHANICAL_DESIGN_GEOMETRIC_PRESENTATION_REPRESENTATION (  '', ( #5456 ), #5467 ) ;
#5455 = PRESENTATION_LAYER_ASSIGNMENT (  '', '', ( #5456 ) ) ;
#5456 = STYLED_ITEM ( 'NONE', ( #5457 ), #4809 ) ;
#5457 = PRESENTATION_STYLE_ASSIGNMENT (( #5458 ) ) ;
#5458 = SURFACE_STYLE_USAGE ( .BOTH. , #5459 ) ;
#5459 = SURFACE_SIDE_STYLE ('',( #5460 ) ) ;
#5460 = SURFACE_STYLE_FILL_AREA ( #5452 ) ;
#5461 = COLOUR_RGB ( '',0.8470588235294117500, 0.8470588235294117500, 0.8470588235294117500 ) ;
#5462 = FACE_OUTER_BOUND ( 'NONE', #4982, .T. ) ;
#5463 = UNCERTAINTY_MEASURE_WITH_UNIT (LENGTH_MEASURE( 1.000000000000000100E-005 ), #5453, 'distance_accuracy_value', 'NONE');
#5464 =( NAMED_UNIT ( * ) PLANE_ANGLE_UNIT ( ) SI_UNIT ( $, .RADIAN. ) );
#5465 =( NAMED_UNIT ( * ) SI_UNIT ( $, .STERADIAN. ) SOLID_ANGLE_UNIT ( ) );
#5466 = CARTESIAN_POINT ( 'NONE',  ( 0.3649999999999994400, -1.472999999999999900, 0.8040937768374313300 ) ) ;
#5467 =( GEOMETRIC_REPRESENTATION_CONTEXT ( 3 ) GLOBAL_UNCERTAINTY_ASSIGNED_CONTEXT ( ( #5463 ) ) GLOBAL_UNIT_ASSIGNED_CONTEXT ( ( #5453, #5464, #5465 ) ) REPRESENTATION_CONTEXT ( 'NONE', 'WORKASPACE' ) );
#5468 = DIRECTION ( 'NONE',  ( -0.0000000000000000000, -0.0000000000000000000, -1.000000000000000000 ) ) ;
#5469 = VECTOR ( 'NONE', #5468, 1000.000000000000000 ) ;
#5470 =( NAMED_UNIT ( * ) PLANE_ANGLE_UNIT ( ) SI_UNIT ( $, .RADIAN. ) );
#5471 =( NAMED_UNIT ( * ) PLANE_ANGLE_UNIT ( ) SI_UNIT ( $, .RADIAN. ) );
#5472 =( LENGTH_UNIT ( ) NAMED_UNIT ( * ) SI_UNIT ( .MILLI., .METRE. ) );
#5473 =( NAMED_UNIT ( * ) PLANE_ANGLE_UNIT ( ) SI_UNIT ( $, .RADIAN. ) );
#5474 = PLANE ( 'NONE',  #5477 ) ;
#5475 = DIRECTION ( 'NONE',  ( 1.000000000000000000, 0.0000000000000000000, -0.0000000000000000000 ) ) ;
#5476 = DIRECTION ( 'NONE',  ( 0.0000000000000000000, 0.0000000000000000000, 1.000000000000000000 ) ) ;
#5477 = AXIS2_PLACEMENT_3D ( 'NONE', #5485, #5476, #5475 ) ;
#5478 = LINE ( 'NONE', #5466, #5469 ) ;
#5479 = CARTESIAN_POINT ( 'NONE',  ( 0.3649999999999994400, -0.9750469801750301100, 0.5840937768374313600 ) ) ;
#5480 = DIRECTION ( 'NONE',  ( -1.000000000000000000, 1.084202172485504600E-016, 0.0000000000000000000 ) ) ;
#5481 = VECTOR ( 'NONE', #5480, 1000.000000000000000 ) ;
#5482 = CARTESIAN_POINT ( 'NONE',  ( 0.3649999999999994400, -0.5669083047447569500, 1.573981071380927500 ) ) ;
#5483 = LINE ( 'NONE', #5482, #5481 ) ;
#5484 = CARTESIAN_POINT ( 'NONE',  ( 0.3649999999999994400, -0.7620523110292839500, 0.7490186380224027600 ) ) ;
#5485 = CARTESIAN_POINT ( 'NONE',  ( 0.3649999999999994400, -1.759118024857731200E-016, 1.573981071380927500 ) ) ;
#5486 = LINE ( 'NONE', #5488, #5487 ) ;
#5487 = VECTOR ( 'NONE', #5489, 1000.000000000000000 ) ;
#5488 = CARTESIAN_POINT ( 'NONE',  ( 0.3149999999999992800, -0.9750469801750303300, 0.5340937768374313100 ) ) ;
#5489 = DIRECTION ( 'NONE',  ( -1.084202172485504400E-016, -1.000000000000000000, 1.978640747033070800E-016 ) ) ;
#5490 = CARTESIAN_POINT ( 'NONE',  ( 0.3649999999999994400, -0.8283108532418089800, 1.371573287199372000 ) ) ;
#5491 = LINE ( 'NONE', #5490, #5497 ) ;
#5492 = FILL_AREA_STYLE_COLOUR ( '', #5494 ) ;
#5493 = FILL_AREA_STYLE ('',( #5492 ) ) ;
#5494 = COLOUR_RGB ( '',0.8470588235294117500, 0.8470588235294117500, 0.8470588235294117500 ) ;
#5495 = FACE_OUTER_BOUND ( 'NONE', #2570, .T. ) ;
#5496 = DIRECTION ( 'NONE',  ( -1.000000000000000000, 1.084202172485504600E-016, 0.0000000000000000000 ) ) ;
#5497 = VECTOR ( 'NONE', #5496, 1000.000000000000000 ) ;
#5498 = MECHANICAL_DESIGN_GEOMETRIC_PRESENTATION_REPRESENTATION (  '', ( #5500 ), #5687 ) ;
#5499 = PRESENTATION_LAYER_ASSIGNMENT (  '', '', ( #5500 ) ) ;
#5500 = STYLED_ITEM ( 'NONE', ( #5501 ), #4820 ) ;
#5501 = PRESENTATION_STYLE_ASSIGNMENT (( #5502 ) ) ;
#5502 = SURFACE_STYLE_USAGE ( .BOTH. , #5503 ) ;
#5503 = SURFACE_SIDE_STYLE ('',( #5504 ) ) ;
#5504 = SURFACE_STYLE_FILL_AREA ( #5493 ) ;
#5505 = CARTESIAN_POINT ( 'NONE',  ( 0.3649999999999994400, -1.472999999999999900, 0.7540937768374315100 ) ) ;
#5506 = DIRECTION ( 'NONE',  ( 0.0000000000000000000, 0.0000000000000000000, -1.000000000000000000 ) ) ;
#5507 = DIRECTION ( 'NONE',  ( -1.084202172485504400E-016, -1.000000000000000000, 1.978640747033070800E-016 ) ) ;
#5508 = AXIS2_PLACEMENT_3D ( 'NONE', #5512, #5507, #5506 ) ;
#5509 = CYLINDRICAL_SURFACE ( 'NONE', #5508, 0.05000000000000002400 ) ;
#5510 = COLOUR_RGB ( '',0.8470588235294117500, 0.8470588235294117500, 0.8470588235294117500 ) ;
#5511 = FACE_OUTER_BOUND ( 'NONE', #4837, .T. ) ;
#5512 = CARTESIAN_POINT ( 'NONE',  ( 0.3149999999999992800, -0.9750469801750303300, 0.5840937768374313600 ) ) ;
#5513 =( GEOMETRIC_REPRESENTATION_CONTEXT ( 3 ) GLOBAL_UNCERTAINTY_ASSIGNED_CONTEXT ( ( #5581 ) ) GLOBAL_UNIT_ASSIGNED_CONTEXT ( ( #5584, #5583, #5582 ) ) REPRESENTATION_CONTEXT ( 'NONE', 'WORKASPACE' ) );
#5514 = CIRCLE ( 'NONE', #5647, 0.04999999999999998900 ) ;
#5515 = CARTESIAN_POINT ( 'NONE',  ( -0.3150000000000001700, -0.9750469801750288900, 0.8040937768374313300 ) ) ;
#5516 =( GEOMETRIC_REPRESENTATION_CONTEXT ( 3 ) GLOBAL_UNCERTAINTY_ASSIGNED_CONTEXT ( ( #5517 ) ) GLOBAL_UNIT_ASSIGNED_CONTEXT ( ( #5520, #5519, #5518 ) ) REPRESENTATION_CONTEXT ( 'NONE', 'WORKASPACE' ) );
#5517 = UNCERTAINTY_MEASURE_WITH_UNIT (LENGTH_MEASURE( 1.000000000000000100E-005 ), #5520, 'distance_accuracy_value', 'NONE');
#5518 =( NAMED_UNIT ( * ) SI_UNIT ( $, .STERADIAN. ) SOLID_ANGLE_UNIT ( ) );
#5519 =( NAMED_UNIT ( * ) PLANE_ANGLE_UNIT ( ) SI_UNIT ( $, .RADIAN. ) );
#5520 =( LENGTH_UNIT ( ) NAMED_UNIT ( * ) SI_UNIT ( .MILLI., .METRE. ) );
#5521 = MECHANICAL_DESIGN_GEOMETRIC_PRESENTATION_REPRESENTATION (  '', ( #5523 ), #5516 ) ;
#5522 = PRESENTATION_LAYER_ASSIGNMENT (  '', '', ( #5523 ) ) ;
#5523 = STYLED_ITEM ( 'NONE', ( #5524 ), #4856 ) ;
#5524 = PRESENTATION_STYLE_ASSIGNMENT (( #5525 ) ) ;
#5525 = SURFACE_STYLE_USAGE ( .BOTH. , #5526 ) ;
#5526 = SURFACE_SIDE_STYLE ('',( #5527 ) ) ;
#5527 = SURFACE_STYLE_FILL_AREA ( #5528 ) ;
#5528 = FILL_AREA_STYLE ('',( #5529 ) ) ;
#5529 = FILL_AREA_STYLE_COLOUR ( '', #5510 ) ;
#5530 =( LENGTH_UNIT ( ) NAMED_UNIT ( * ) SI_UNIT ( .MILLI., .METRE. ) );
#5531 = MECHANICAL_DESIGN_GEOMETRIC_PRESENTATION_REPRESENTATION (  '', ( #5533 ), #5696 ) ;
#5532 = PRESENTATION_LAYER_ASSIGNMENT (  '', '', ( #5533 ) ) ;
#5533 = STYLED_ITEM ( 'NONE', ( #5534 ), #4878 ) ;
#5534 = PRESENTATION_STYLE_ASSIGNMENT (( #5535 ) ) ;
#5535 = SURFACE_STYLE_USAGE ( .BOTH. , #5536 ) ;
#5536 = SURFACE_SIDE_STYLE ('',( #5537 ) ) ;
#5537 = SURFACE_STYLE_FILL_AREA ( #5538 ) ;
#5538 = FILL_AREA_STYLE ('',( #5546 ) ) ;
#5539 = COLOUR_RGB ( '',0.8470588235294117500, 0.8470588235294117500, 0.8470588235294117500 ) ;
#5540 = FACE_OUTER_BOUND ( 'NONE', #4776, .T. ) ;
#5541 = DIRECTION ( 'NONE',  ( 2.007781800899081700E-016, 1.000000000000000000, 0.0000000000000000000 ) ) ;
#5542 = DIRECTION ( 'NONE',  ( 1.000000000000000000, -1.084202172485504400E-016, -0.0000000000000000000 ) ) ;
#5543 = CARTESIAN_POINT ( 'NONE',  ( -0.3150000000000001700, -0.5669083047447584000, 1.303981071380927400 ) ) ;
#5544 = AXIS2_PLACEMENT_3D ( 'NONE', #5543, #5542, #5541 ) ;
#5545 = CIRCLE ( 'NONE', #5544, 0.2700000000000000700 ) ;
#5546 = FILL_AREA_STYLE_COLOUR ( '', #5539 ) ;
#5547 = DIRECTION ( 'NONE',  ( 1.084202172485504400E-016, 1.000000000000000000, -0.0000000000000000000 ) ) ;
#5548 = VECTOR ( 'NONE', #5547, 1000.000000000000000 ) ;
#5549 = CARTESIAN_POINT ( 'NONE',  ( 0.3149999999999992800, -0.9750469801750287800, 0.8040937768374314400 ) ) ;
#5550 = LINE ( 'NONE', #5549, #5548 ) ;
#5551 = CARTESIAN_POINT ( 'NONE',  ( 0.3149999999999992800, -1.472999999999999900, 0.8040937768374314400 ) ) ;
#5552 = CARTESIAN_POINT ( 'NONE',  ( -0.3150000000000001700, -1.472999999999999900, 0.8040937768374314400 ) ) ;
#5553 = DIRECTION ( 'NONE',  ( 1.000000000000000000, -1.084202172485504600E-016, -0.0000000000000000000 ) ) ;
#5554 = VECTOR ( 'NONE', #5553, 1000.000000000000000 ) ;
#5555 = CARTESIAN_POINT ( 'NONE',  ( 0.3649999999999994400, -1.472999999999999900, 0.8040937768374314400 ) ) ;
#5556 = LINE ( 'NONE', #5555, #5554 ) ;
#5557 = DIRECTION ( 'NONE',  ( 0.0000000000000000000, 0.0000000000000000000, -1.000000000000000000 ) ) ;
#5558 = DIRECTION ( 'NONE',  ( -0.0000000000000000000, -1.000000000000000000, -0.0000000000000000000 ) ) ;
#5559 = CARTESIAN_POINT ( 'NONE',  ( -0.3150000000000001700, -0.9750469801750302200, 0.5840937768374312400 ) ) ;
#5560 = AXIS2_PLACEMENT_3D ( 'NONE', #5559, #5558, #5557 ) ;
#5561 = CIRCLE ( 'NONE', #5560, 0.05000000000000002400 ) ;
#5562 = DIRECTION ( 'NONE',  ( 0.0000000000000000000, 0.0000000000000000000, 1.000000000000000000 ) ) ;
#5563 = DIRECTION ( 'NONE',  ( 1.084202172485504400E-016, 1.000000000000000000, -1.978640747033070800E-016 ) ) ;
#5564 = AXIS2_PLACEMENT_3D ( 'NONE', #5574, #5563, #5562 ) ;
#5565 = DIRECTION ( 'NONE',  ( -1.000000000000000000, 1.084202172485504600E-016, 0.0000000000000000000 ) ) ;
#5566 = VECTOR ( 'NONE', #5565, 1000.000000000000000 ) ;
#5567 = CARTESIAN_POINT ( 'NONE',  ( 0.3649999999999994400, -1.759118024857731200E-016, 1.303981071380927400 ) ) ;
#5568 = LINE ( 'NONE', #5567, #5566 ) ;
#5569 = CARTESIAN_POINT ( 'NONE',  ( -0.3650000000000003200, -9.676504389433130800E-017, 1.353981071380927500 ) ) ;
#5570 = DIRECTION ( 'NONE',  ( -1.000000000000000000, 1.084202172485504800E-016, 0.0000000000000000000 ) ) ;
#5571 = DIRECTION ( 'NONE',  ( 1.084202172485504600E-016, 1.000000000000000000, 0.0000000000000000000 ) ) ;
#5572 = CARTESIAN_POINT ( 'NONE',  ( -0.3150000000000001700, -1.084202172485504400E-016, 1.353981071380927500 ) ) ;
#5573 = CYLINDRICAL_SURFACE ( 'NONE', #5564, 0.05000000000000002400 ) ;
#5574 = CARTESIAN_POINT ( 'NONE',  ( -0.3150000000000001700, -0.9750469801750290000, 0.5840937768374313600 ) ) ;
#5575 =( GEOMETRIC_REPRESENTATION_CONTEXT ( 3 ) GLOBAL_UNCERTAINTY_ASSIGNED_CONTEXT ( ( #5576 ) ) GLOBAL_UNIT_ASSIGNED_CONTEXT ( ( #5602, #5578, #5577 ) ) REPRESENTATION_CONTEXT ( 'NONE', 'WORKASPACE' ) );
#5576 = UNCERTAINTY_MEASURE_WITH_UNIT (LENGTH_MEASURE( 1.000000000000000100E-005 ), #5602, 'distance_accuracy_value', 'NONE');
#5577 =( NAMED_UNIT ( * ) SI_UNIT ( $, .STERADIAN. ) SOLID_ANGLE_UNIT ( ) );
#5578 =( NAMED_UNIT ( * ) PLANE_ANGLE_UNIT ( ) SI_UNIT ( $, .RADIAN. ) );
#5579 = UNCERTAINTY_MEASURE_WITH_UNIT (LENGTH_MEASURE( 1.000000000000000100E-005 ), #5472, 'distance_accuracy_value', 'NONE');
#5580 =( NAMED_UNIT ( * ) SI_UNIT ( $, .STERADIAN. ) SOLID_ANGLE_UNIT ( ) );
#5581 = UNCERTAINTY_MEASURE_WITH_UNIT (LENGTH_MEASURE( 1.000000000000000100E-005 ), #5584, 'distance_accuracy_value', 'NONE');
#5582 =( NAMED_UNIT ( * ) SI_UNIT ( $, .STERADIAN. ) SOLID_ANGLE_UNIT ( ) );
#5583 =( NAMED_UNIT ( * ) PLANE_ANGLE_UNIT ( ) SI_UNIT ( $, .RADIAN. ) );
#5584 =( LENGTH_UNIT ( ) NAMED_UNIT ( * ) SI_UNIT ( .MILLI., .METRE. ) );
#5585 = MECHANICAL_DESIGN_GEOMETRIC_PRESENTATION_REPRESENTATION (  '', ( #5587 ), #5513 ) ;
#5586 = PRESENTATION_LAYER_ASSIGNMENT (  '', '', ( #5587 ) ) ;
#5587 = STYLED_ITEM ( 'NONE', ( #5588 ), #4853 ) ;
#5588 = PRESENTATION_STYLE_ASSIGNMENT (( #5589 ) ) ;
#5589 = SURFACE_STYLE_USAGE ( .BOTH. , #5590 ) ;
#5590 = SURFACE_SIDE_STYLE ('',( #5591 ) ) ;
#5591 = SURFACE_STYLE_FILL_AREA ( #5593 ) ;
#5592 = CARTESIAN_POINT ( 'NONE',  ( -0.3150000000000001700, -1.522999999999999900, 0.7540937768374315100 ) ) ;
#5593 = FILL_AREA_STYLE ('',( #5594 ) ) ;
#5594 = FILL_AREA_STYLE_COLOUR ( '', #5595 ) ;
#5595 = COLOUR_RGB ( '',0.8470588235294117500, 0.8470588235294117500, 0.8470588235294117500 ) ;
#5596 = FACE_OUTER_BOUND ( 'NONE', #4854, .T. ) ;
#5597 = DIRECTION ( 'NONE',  ( -1.000000000000000000, 1.084202172485504600E-016, 0.0000000000000000000 ) ) ;
#5598 = VECTOR ( 'NONE', #5597, 1000.000000000000000 ) ;
#5599 = CARTESIAN_POINT ( 'NONE',  ( 0.3649999999999994400, -1.522999999999999900, 0.7540937768374315100 ) ) ;
#5600 = DIRECTION ( 'NONE',  ( 0.0000000000000000000, 1.000000000000000000, 0.0000000000000000000 ) ) ;
#5601 = DIRECTION ( 'NONE',  ( 1.000000000000000000, -1.084202172485504400E-016, -0.0000000000000000000 ) ) ;
#5602 =( LENGTH_UNIT ( ) NAMED_UNIT ( * ) SI_UNIT ( .MILLI., .METRE. ) );
#5603 = MECHANICAL_DESIGN_GEOMETRIC_PRESENTATION_REPRESENTATION (  '', ( #5605 ), #5575 ) ;
#5604 = PRESENTATION_LAYER_ASSIGNMENT (  '', '', ( #5605 ) ) ;
#5605 = STYLED_ITEM ( 'NONE', ( #5606 ), #4868 ) ;
#5606 = PRESENTATION_STYLE_ASSIGNMENT (( #5607 ) ) ;
#5607 = SURFACE_STYLE_USAGE ( .BOTH. , #5608 ) ;
#5608 = SURFACE_SIDE_STYLE ('',( #5609 ) ) ;
#5609 = SURFACE_STYLE_FILL_AREA ( #5610 ) ;
#5610 = FILL_AREA_STYLE ('',( #5618 ) ) ;
#5611 = COLOUR_RGB ( '',0.8470588235294117500, 0.8470588235294117500, 0.8470588235294117500 ) ;
#5612 = FACE_OUTER_BOUND ( 'NONE', #4857, .T. ) ;
#5613 = DIRECTION ( 'NONE',  ( 0.0000000000000000000, 0.0000000000000000000, -1.000000000000000000 ) ) ;
#5614 = DIRECTION ( 'NONE',  ( 1.084202172485504400E-016, 1.000000000000000000, -1.978640747033070800E-016 ) ) ;
#5615 = CARTESIAN_POINT ( 'NONE',  ( 0.3149999999999992800, -1.472999999999999900, 0.5840937768374314700 ) ) ;
#5616 = AXIS2_PLACEMENT_3D ( 'NONE', #5615, #5614, #5613 ) ;
#5617 = CIRCLE ( 'NONE', #5616, 0.05000000000000002400 ) ;
#5618 = FILL_AREA_STYLE_COLOUR ( '', #5611 ) ;
#5619 = DIRECTION ( 'NONE',  ( 0.0000000000000000000, -1.000000000000000000, 0.0000000000000000000 ) ) ;
#5620 = DIRECTION ( 'NONE',  ( -1.000000000000000000, 1.084202172485504600E-016, -2.736911063134408300E-048 ) ) ;
#5621 = CARTESIAN_POINT ( 'NONE',  ( 0.3149999999999992800, -1.472999999999999900, 0.5840937768374314700 ) ) ;
#5622 = AXIS2_PLACEMENT_3D ( 'NONE', #5621, #5620, #5619 ) ;
#5623 = DIRECTION ( 'NONE',  ( 0.0000000000000000000, -1.000000000000000000, 0.0000000000000000000 ) ) ;
#5624 = DIRECTION ( 'NONE',  ( -1.000000000000000000, 1.084202172485504600E-016, -2.736911063134408300E-048 ) ) ;
#5625 = AXIS2_PLACEMENT_3D ( 'NONE', #5628, #5624, #5623 ) ;
#5626 = CYLINDRICAL_SURFACE ( 'NONE', #5625, 0.04999999999999991300 ) ;
#5627 = CIRCLE ( 'NONE', #5622, 0.04999999999999991300 ) ;
#5628 = CARTESIAN_POINT ( 'NONE',  ( 0.3649999999999994400, -1.472999999999999900, 0.5840937768374314700 ) ) ;
#5629 =( GEOMETRIC_REPRESENTATION_CONTEXT ( 3 ) GLOBAL_UNCERTAINTY_ASSIGNED_CONTEXT ( ( #5630 ) ) GLOBAL_UNIT_ASSIGNED_CONTEXT ( ( #5633, #5632, #5631 ) ) REPRESENTATION_CONTEXT ( 'NONE', 'WORKASPACE' ) );
#5630 = UNCERTAINTY_MEASURE_WITH_UNIT (LENGTH_MEASURE( 1.000000000000000100E-005 ), #5633, 'distance_accuracy_value', 'NONE');
#5631 =( NAMED_UNIT ( * ) SI_UNIT ( $, .STERADIAN. ) SOLID_ANGLE_UNIT ( ) );
#5632 =( NAMED_UNIT ( * ) PLANE_ANGLE_UNIT ( ) SI_UNIT ( $, .RADIAN. ) );
#5633 =( LENGTH_UNIT ( ) NAMED_UNIT ( * ) SI_UNIT ( .MILLI., .METRE. ) );
#5634 = MECHANICAL_DESIGN_GEOMETRIC_PRESENTATION_REPRESENTATION (  '', ( #5636 ), #5629 ) ;
#5635 = PRESENTATION_LAYER_ASSIGNMENT (  '', '', ( #5636 ) ) ;
#5636 = STYLED_ITEM ( 'NONE', ( #5637 ), #4859 ) ;
#5637 = PRESENTATION_STYLE_ASSIGNMENT (( #5638 ) ) ;
#5638 = SURFACE_STYLE_USAGE ( .BOTH. , #5639 ) ;
#5639 = SURFACE_SIDE_STYLE ('',( #5640 ) ) ;
#5640 = SURFACE_STYLE_FILL_AREA ( #5641 ) ;
#5641 = FILL_AREA_STYLE ('',( #5648 ) ) ;
#5642 = COLOUR_RGB ( '',0.8470588235294117500, 0.8470588235294117500, 0.8470588235294117500 ) ;
#5643 = FACE_OUTER_BOUND ( 'NONE', #4932, .T. ) ;
#5644 = DIRECTION ( 'NONE',  ( 0.0000000000000000000, 0.9681575870261126500, -0.2503415400683133300 ) ) ;
#5645 = DIRECTION ( 'NONE',  ( -0.0000000000000000000, -0.2503415400683133300, -0.9681575870261127600 ) ) ;
#5646 = CARTESIAN_POINT ( 'NONE',  ( -0.3150000000000001700, -0.7620523110292838400, 0.7490186380224025400 ) ) ;
#5647 = AXIS2_PLACEMENT_3D ( 'NONE', #5646, #5645, #5644 ) ;
#5648 = FILL_AREA_STYLE_COLOUR ( '', #5642 ) ;
#5649 = DIRECTION ( 'NONE',  ( 1.084202172485504600E-016, 1.000000000000000000, 0.0000000000000000000 ) ) ;
#5650 = DIRECTION ( 'NONE',  ( 1.000000000000000000, -1.084202172485504400E-016, -0.0000000000000000000 ) ) ;
#5651 = AXIS2_PLACEMENT_3D ( 'NONE', #5515, #5650, #5649 ) ;
#5652 = TOROIDAL_SURFACE ( 'NONE', #5651, 0.2200000000000001100, 0.05000000000000000300 ) ;
#5653 = DIRECTION ( 'NONE',  ( 0.0000000000000000000, -1.000000000000000000, 0.0000000000000000000 ) ) ;
#5654 = DIRECTION ( 'NONE',  ( 1.000000000000000000, -1.084202172485504600E-016, 2.736911063134408300E-048 ) ) ;
#5655 = CARTESIAN_POINT ( 'NONE',  ( -0.3150000000000001700, -1.472999999999999900, 0.5840937768374314700 ) ) ;
#5656 = AXIS2_PLACEMENT_3D ( 'NONE', #5655, #5654, #5653 ) ;
#5657 = CIRCLE ( 'NONE', #5656, 0.04999999999999991300 ) ;
#5658 = CARTESIAN_POINT ( 'NONE',  ( -0.3150000000000001700, -1.472999999999999900, 0.5840937768374314700 ) ) ;
#5659 = CIRCLE ( 'NONE', #5685, 0.05000000000000002400 ) ;
#5660 = DIRECTION ( 'NONE',  ( -1.000000000000000000, 1.084202172485504600E-016, 0.0000000000000000000 ) ) ;
#5661 = DIRECTION ( 'NONE',  ( 1.084202172485504600E-016, 1.000000000000000000, 0.0000000000000000000 ) ) ;
#5662 = CARTESIAN_POINT ( 'NONE',  ( 0.3649999999999994400, -1.759118024857731200E-016, 1.573981071380927500 ) ) ;
#5663 = AXIS2_PLACEMENT_3D ( 'NONE', #5662, #5661, #5660 ) ;
#5664 = CARTESIAN_POINT ( 'NONE',  ( 0.3649999999999994400, -0.9750469801750290000, 0.8040937768374313300 ) ) ;
#5665 = AXIS2_PLACEMENT_3D ( 'NONE', #5664, #5601, #5600 ) ;
#5666 = CIRCLE ( 'NONE', #5665, 0.2200000000000001400 ) ;
#5667 = LINE ( 'NONE', #5599, #5598 ) ;
#5668 = DIRECTION ( 'NONE',  ( 1.084202172485504400E-016, 1.000000000000000000, -1.978640747033070800E-016 ) ) ;
#5669 = VECTOR ( 'NONE', #5668, 1000.000000000000000 ) ;
#5670 = CARTESIAN_POINT ( 'NONE',  ( -0.3150000000000001700, -0.9750469801750303300, 0.5340937768374313100 ) ) ;
#5671 = LINE ( 'NONE', #5670, #5669 ) ;
#5672 = DIRECTION ( 'NONE',  ( 2.714208416054375600E-017, 0.2503415400683182100, 0.9681575870261114300 ) ) ;
#5673 = VECTOR ( 'NONE', #5672, 1000.000000000000100 ) ;
#5674 = CARTESIAN_POINT ( 'NONE',  ( 0.3649999999999994400, -0.7620523110292842800, 0.7490186380224013200 ) ) ;
#5675 = LINE ( 'NONE', #5674, #5673 ) ;
#5676 = DIRECTION ( 'NONE',  ( -2.714208416054373400E-017, -0.2503415400683179900, -0.9681575870261116500 ) ) ;
#5677 = VECTOR ( 'NONE', #5676, 999.9999999999998900 ) ;
#5678 = CARTESIAN_POINT ( 'NONE',  ( 0.3649999999999994400, -0.9266391008237231400, 0.7915766998340153500 ) ) ;
#5679 = LINE ( 'NONE', #5678, #5677 ) ;
#5680 = CARTESIAN_POINT ( 'NONE',  ( -0.3650000000000003200, -0.5669083047447571700, 1.523981071380927600 ) ) ;
#5681 = DIRECTION ( 'NONE',  ( 0.0000000000000000000, 0.0000000000000000000, 1.000000000000000000 ) ) ;
#5682 = DIRECTION ( 'NONE',  ( 1.084202172485504400E-016, 1.000000000000000000, -1.978640747033070800E-016 ) ) ;
#5683 = AXIS2_PLACEMENT_3D ( 'NONE', #5658, #5682, #5681 ) ;
#5684 = CIRCLE ( 'NONE', #5683, 0.05000000000000002400 ) ;
#5685 = AXIS2_PLACEMENT_3D ( 'NONE', #5572, #5571, #5570 ) ;
#5686 = PLANE ( 'NONE',  #5663 ) ;
#5687 =( GEOMETRIC_REPRESENTATION_CONTEXT ( 3 ) GLOBAL_UNCERTAINTY_ASSIGNED_CONTEXT ( ( #5579 ) ) GLOBAL_UNIT_ASSIGNED_CONTEXT ( ( #5472, #5473, #5580 ) ) REPRESENTATION_CONTEXT ( 'NONE', 'WORKASPACE' ) );
#5688 = CARTESIAN_POINT ( 'NONE',  ( 0.3149999999999992800, -1.704907916233456000E-016, 1.353981071380927500 ) ) ;
#5689 = CARTESIAN_POINT ( 'NONE',  ( 0.3149999999999992800, -1.704907916233456000E-016, 1.303981071380927400 ) ) ;
#5690 = CARTESIAN_POINT ( 'NONE',  ( -0.3150000000000001700, -1.021860547567588500E-016, 1.303981071380927400 ) ) ;
#5691 = DIRECTION ( 'NONE',  ( 1.084202172485504600E-016, 1.000000000000000000, 0.0000000000000000000 ) ) ;
#5692 = CARTESIAN_POINT ( 'NONE',  ( 0.3649999999999994400, -1.759118024857731200E-016, 1.523981071380927600 ) ) ;
#5693 = DIRECTION ( 'NONE',  ( 1.000000000000000000, -1.084202172485504400E-016, -0.0000000000000000000 ) ) ;
#5694 = AXIS2_PLACEMENT_3D ( 'NONE', #5732, #5693, #5691 ) ;
#5695 = TOROIDAL_SURFACE ( 'NONE', #5694, 0.2200000000000001100, 0.05000000000000000300 ) ;
#5696 =( GEOMETRIC_REPRESENTATION_CONTEXT ( 3 ) GLOBAL_UNCERTAINTY_ASSIGNED_CONTEXT ( ( #5738 ) ) GLOBAL_UNIT_ASSIGNED_CONTEXT ( ( #5530, #5470, #5731 ) ) REPRESENTATION_CONTEXT ( 'NONE', 'WORKASPACE' ) );
#5697 = AXIS2_PLACEMENT_3D ( 'NONE', #5728, #5727, #5721 ) ;
#5698 = CARTESIAN_POINT ( 'NONE',  ( -0.3150000000000001700, -0.8283108532418088600, 1.371573287199372000 ) ) ;
#5699 = DIRECTION ( 'NONE',  ( 1.084202172485504400E-016, 1.000000000000000000, -0.0000000000000000000 ) ) ;
#5700 = VECTOR ( 'NONE', #5699, 1000.000000000000000 ) ;
#5701 = CARTESIAN_POINT ( 'NONE',  ( -0.3150000000000001700, -1.084202172485504400E-016, 1.303981071380927400 ) ) ;
#5702 = DIRECTION ( 'NONE',  ( -1.000000000000000000, 1.084202172485504800E-016, 0.0000000000000000000 ) ) ;
#5703 = DIRECTION ( 'NONE',  ( 1.084202172485504600E-016, 1.000000000000000000, 0.0000000000000000000 ) ) ;
#5704 = CARTESIAN_POINT ( 'NONE',  ( 0.3149999999999992800, -1.704907916233456000E-016, 1.523981071380927600 ) ) ;
#5705 = AXIS2_PLACEMENT_3D ( 'NONE', #5704, #5703, #5702 ) ;
#5706 = CIRCLE ( 'NONE', #5705, 0.05000000000000002400 ) ;
#5707 = LINE ( 'NONE', #5701, #5700 ) ;
#5708 = DIRECTION ( 'NONE',  ( -1.000000000000000000, 1.084202172485504600E-016, 0.0000000000000000000 ) ) ;
#5709 = VECTOR ( 'NONE', #5708, 1000.000000000000000 ) ;
#5710 = CARTESIAN_POINT ( 'NONE',  ( 0.3649999999999994400, -1.759118024857731200E-016, 1.573981071380927500 ) ) ;
#5711 = LINE ( 'NONE', #5710, #5709 ) ;
#5712 = DIRECTION ( 'NONE',  ( -1.084202172485504400E-016, -1.000000000000000000, 0.0000000000000000000 ) ) ;
#5713 = VECTOR ( 'NONE', #5712, 1000.000000000000000 ) ;
#5714 = CARTESIAN_POINT ( 'NONE',  ( 0.3149999999999992800, -1.704907916233456000E-016, 1.303981071380927400 ) ) ;
#5715 = LINE ( 'NONE', #5714, #5713 ) ;
#5716 = FACE_OUTER_BOUND ( 'NONE', #4876, .T. ) ;
#5717 = DIRECTION ( 'NONE',  ( -1.000000000000000000, 0.0000000000000000000, 0.0000000000000000000 ) ) ;
#5718 = DIRECTION ( 'NONE',  ( 1.084202172485504400E-016, 1.000000000000000000, 0.0000000000000000000 ) ) ;
#5719 = AXIS2_PLACEMENT_3D ( 'NONE', #5743, #5718, #5717 ) ;
#5720 = PLANE ( 'NONE',  #5697 ) ;
#5721 = DIRECTION ( 'NONE',  ( 0.0000000000000000000, -0.2503415400683179900, -0.9681575870261116500 ) ) ;
#5722 = DIRECTION ( 'NONE',  ( -1.000000000000000000, 1.084202172485504800E-016, 0.0000000000000000000 ) ) ;
#5723 = DIRECTION ( 'NONE',  ( 1.084202172485504600E-016, 1.000000000000000000, 0.0000000000000000000 ) ) ;
#5724 = AXIS2_PLACEMENT_3D ( 'NONE', #5688, #5723, #5722 ) ;
#5725 = CIRCLE ( 'NONE', #5724, 0.05000000000000002400 ) ;
#5726 = CARTESIAN_POINT ( 'NONE',  ( 0.3149999999999992800, -1.704907916233456000E-016, 1.573981071380927500 ) ) ;
#5727 = DIRECTION ( 'NONE',  ( -1.049678559162034000E-016, -0.9681575870261116500, 0.2503415400683179900 ) ) ;
#5728 = CARTESIAN_POINT ( 'NONE',  ( 0.3649999999999994400, -0.9750469801750287800, 0.8040937768374314400 ) ) ;
#5729 = CYLINDRICAL_SURFACE ( 'NONE', #5719, 0.05000000000000012800 ) ;
#5730 = FACE_OUTER_BOUND ( 'NONE', #2494, .T. ) ;
#5731 =( NAMED_UNIT ( * ) SI_UNIT ( $, .STERADIAN. ) SOLID_ANGLE_UNIT ( ) );
#5732 = CARTESIAN_POINT ( 'NONE',  ( -3.754999999999999900, -0.9750469801750288900, 0.8040937768374313300 ) ) ;
#5733 = DIRECTION ( 'NONE',  ( 0.0000000000000000000, 1.000000000000000000, 0.0000000000000000000 ) ) ;
#5734 = DIRECTION ( 'NONE',  ( -1.000000000000000000, 1.084202172485504400E-016, 0.0000000000000000000 ) ) ;
#5735 = CARTESIAN_POINT ( 'NONE',  ( -3.805000000000000200, -0.9750469801750288900, 0.8040937768374313300 ) ) ;
#5736 = AXIS2_PLACEMENT_3D ( 'NONE', #5735, #5734, #5733 ) ;
#5737 = CIRCLE ( 'NONE', #5736, 0.2200000000000001400 ) ;
#5738 = UNCERTAINTY_MEASURE_WITH_UNIT (LENGTH_MEASURE( 1.000000000000000100E-005 ), #5530, 'distance_accuracy_value', 'NONE');
#5739 = DIRECTION ( 'NONE',  ( -1.084202172485504400E-016, -1.000000000000000000, 0.0000000000000000000 ) ) ;
#5740 = VECTOR ( 'NONE', #5739, 1000.000000000000000 ) ;
#5741 = CARTESIAN_POINT ( 'NONE',  ( -0.3150000000000001700, -0.5669083047447569500, 1.573981071380927500 ) ) ;
#5742 = LINE ( 'NONE', #5741, #5740 ) ;
#5743 = CARTESIAN_POINT ( 'NONE',  ( -3.754999999999999900, -0.9750469801750290000, 1.353981071380927500 ) ) ;
#5744 = DIRECTION ( 'NONE',  ( 0.0000000000000000000, 0.0000000000000000000, -1.000000000000000000 ) ) ;
#5745 = CARTESIAN_POINT ( 'NONE',  ( -0.3650000000000003200, -1.522999999999999900, 0.5840937768374314700 ) ) ;
#5746 = LINE ( 'NONE', #5745, #5808 ) ;
#5747 = CARTESIAN_POINT ( 'NONE',  ( 0.3649999999999994400, -0.9363312550711018200, 0.7540937768374315100 ) ) ;
#5748 = DIRECTION ( 'NONE',  ( 1.084202172485504400E-016, 1.000000000000000000, -1.978640747033070800E-016 ) ) ;
#5749 = VECTOR ( 'NONE', #5748, 1000.000000000000000 ) ;
#5750 = CARTESIAN_POINT ( 'NONE',  ( 0.3649999999999994400, -0.9750469801750290000, 0.5840937768374313600 ) ) ;
#5751 = CARTESIAN_POINT ( 'NONE',  ( 0.3649999999999994400, -1.759118024857731200E-016, 1.573981071380927500 ) ) ;
#5752 = LINE ( 'NONE', #5779, #5778 ) ;
#5753 = DIRECTION ( 'NONE',  ( -2.714208416054376200E-017, -0.2503415400683182100, -0.9681575870261114300 ) ) ;
#5754 = MECHANICAL_DESIGN_GEOMETRIC_PRESENTATION_REPRESENTATION (  '', ( #5756 ), #5826 ) ;
#5755 = PRESENTATION_LAYER_ASSIGNMENT (  '', '', ( #5756 ) ) ;
#5756 = STYLED_ITEM ( 'NONE', ( #5757 ), #4929 ) ;
#5757 = PRESENTATION_STYLE_ASSIGNMENT (( #5758 ) ) ;
#5758 = SURFACE_STYLE_USAGE ( .BOTH. , #5759 ) ;
#5759 = SURFACE_SIDE_STYLE ('',( #5760 ) ) ;
#5760 = SURFACE_STYLE_FILL_AREA ( #5761 ) ;
#5761 = FILL_AREA_STYLE ('',( #5762 ) ) ;
#5762 = FILL_AREA_STYLE_COLOUR ( '', #5763 ) ;
#5763 = COLOUR_RGB ( '',0.8470588235294117500, 0.8470588235294117500, 0.8470588235294117500 ) ;
#5764 = DIRECTION ( 'NONE',  ( 0.0000000000000000000, 4.336808689942015400E-015, 1.000000000000000000 ) ) ;
#5765 = DIRECTION ( 'NONE',  ( 0.0000000000000000000, 1.000000000000000000, -4.336808689942016200E-015 ) ) ;
#5766 = CARTESIAN_POINT ( 'NONE',  ( 0.3149999999999992800, -0.9750469801750301100, 0.5840937768374313600 ) ) ;
#5767 = AXIS2_PLACEMENT_3D ( 'NONE', #5766, #5765, #5764 ) ;
#5768 = CIRCLE ( 'NONE', #5767, 0.05000000000000002400 ) ;
#5769 = FACE_OUTER_BOUND ( 'NONE', #4991, .T. ) ;
#5770 = DIRECTION ( 'NONE',  ( 0.0000000000000000000, 1.000000000000000000, -1.978640747033070800E-016 ) ) ;
#5771 = DIRECTION ( 'NONE',  ( -2.145246596501596700E-032, -1.978640747033070800E-016, -1.000000000000000000 ) ) ;
#5772 = CARTESIAN_POINT ( 'NONE',  ( 0.3649999999999994400, -0.9750469801750303300, 0.5340937768374313100 ) ) ;
#5773 = AXIS2_PLACEMENT_3D ( 'NONE', #5772, #5771, #5770 ) ;
#5774 = PLANE ( 'NONE',  #5773 ) ;
#5775 =( GEOMETRIC_REPRESENTATION_CONTEXT ( 3 ) GLOBAL_UNCERTAINTY_ASSIGNED_CONTEXT ( ( #5811 ) ) GLOBAL_UNIT_ASSIGNED_CONTEXT ( ( #5814, #5813, #5812 ) ) REPRESENTATION_CONTEXT ( 'NONE', 'WORKASPACE' ) );
#5776 = LINE ( 'NONE', #5750, #5749 ) ;
#5777 = DIRECTION ( 'NONE',  ( 2.714208416054376200E-017, 0.2503415400683182100, 0.9681575870261114300 ) ) ;
#5778 = VECTOR ( 'NONE', #5777, 1000.000000000000100 ) ;
#5779 = CARTESIAN_POINT ( 'NONE',  ( -0.3150000000000001700, -0.5669083047447582800, 1.303981071380927700 ) ) ;
#5780 = LINE ( 'NONE', #5751, #5782 ) ;
#5781 = LINE ( 'NONE', #5810, #5809 ) ;
#5782 = VECTOR ( 'NONE', #5744, 1000.000000000000000 ) ;
#5783 = CARTESIAN_POINT ( 'NONE',  ( 0.3649999999999994400, -1.759118024857731200E-016, 1.353981071380927500 ) ) ;
#5784 = VECTOR ( 'NONE', #5825, 1000.000000000000000 ) ;
#5785 = CARTESIAN_POINT ( 'NONE',  ( -0.3150000000000001700, -1.522999999999999900, 0.5840937768374315800 ) ) ;
#5786 = FILL_AREA_STYLE_COLOUR ( '', #5823 ) ;
#5787 = DIRECTION ( 'NONE',  ( 0.0000000000000000000, 1.000000000000000000, 0.0000000000000000000 ) ) ;
#5788 = DIRECTION ( 'NONE',  ( -1.000000000000000000, 1.084202172485504400E-016, 0.0000000000000000000 ) ) ;
#5789 = CARTESIAN_POINT ( 'NONE',  ( -0.3650000000000003200, -0.5669083047447584000, 1.303981071380927400 ) ) ;
#5790 = AXIS2_PLACEMENT_3D ( 'NONE', #5789, #5788, #5787 ) ;
#5791 = CIRCLE ( 'NONE', #5790, 0.2200000000000000300 ) ;
#5792 = LINE ( 'NONE', #5785, #5784 ) ;
#5793 = DIRECTION ( 'NONE',  ( 2.714208416054373400E-017, 0.2503415400683179900, 0.9681575870261116500 ) ) ;
#5794 = VECTOR ( 'NONE', #5793, 999.9999999999998900 ) ;
#5795 = CARTESIAN_POINT ( 'NONE',  ( -0.3650000000000003200, -0.7799029738905033400, 1.359056210195956000 ) ) ;
#5796 = LINE ( 'NONE', #5795, #5794 ) ;
#5797 = DIRECTION ( 'NONE',  ( 1.084202172485504400E-016, 1.000000000000000000, -0.0000000000000000000 ) ) ;
#5798 = VECTOR ( 'NONE', #5797, 1000.000000000000000 ) ;
#5799 = CARTESIAN_POINT ( 'NONE',  ( 0.3649999999999994400, -0.9750469801750290000, 1.353981071380927500 ) ) ;
#5800 = LINE ( 'NONE', #5799, #5798 ) ;
#5801 = CARTESIAN_POINT ( 'NONE',  ( 0.3649999999999994400, -0.7799029738905034500, 1.359056210195956000 ) ) ;
#5802 = DIRECTION ( 'NONE',  ( 0.0000000000000000000, 1.000000000000000000, 0.0000000000000000000 ) ) ;
#5803 = DIRECTION ( 'NONE',  ( 1.000000000000000000, -1.084202172485504400E-016, -0.0000000000000000000 ) ) ;
#5804 = CARTESIAN_POINT ( 'NONE',  ( 0.3649999999999994400, -0.5669083047447585100, 1.303981071380927400 ) ) ;
#5805 = AXIS2_PLACEMENT_3D ( 'NONE', #5804, #5803, #5802 ) ;
#5806 = CIRCLE ( 'NONE', #5805, 0.2200000000000000300 ) ;
#5807 = DIRECTION ( 'NONE',  ( -1.084202172485504400E-016, -1.000000000000000000, 1.978640747033070800E-016 ) ) ;
#5808 = VECTOR ( 'NONE', #5807, 1000.000000000000000 ) ;
#5809 = VECTOR ( 'NONE', #5753, 1000.000000000000100 ) ;
#5810 = CARTESIAN_POINT ( 'NONE',  ( 0.3149999999999992800, -0.7136444316779783100, 0.7365015610189868900 ) ) ;
#5811 = UNCERTAINTY_MEASURE_WITH_UNIT (LENGTH_MEASURE( 1.000000000000000100E-005 ), #5814, 'distance_accuracy_value', 'NONE');
#5812 =( NAMED_UNIT ( * ) SI_UNIT ( $, .STERADIAN. ) SOLID_ANGLE_UNIT ( ) );
#5813 =( NAMED_UNIT ( * ) PLANE_ANGLE_UNIT ( ) SI_UNIT ( $, .RADIAN. ) );
#5814 =( LENGTH_UNIT ( ) NAMED_UNIT ( * ) SI_UNIT ( .MILLI., .METRE. ) );
#5815 = MECHANICAL_DESIGN_GEOMETRIC_PRESENTATION_REPRESENTATION (  '', ( #5817 ), #5775 ) ;
#5816 = PRESENTATION_LAYER_ASSIGNMENT (  '', '', ( #5817 ) ) ;
#5817 = STYLED_ITEM ( 'NONE', ( #5818 ), #4924 ) ;
#5818 = PRESENTATION_STYLE_ASSIGNMENT (( #5819 ) ) ;
#5819 = SURFACE_STYLE_USAGE ( .BOTH. , #5820 ) ;
#5820 = SURFACE_SIDE_STYLE ('',( #5821 ) ) ;
#5821 = SURFACE_STYLE_FILL_AREA ( #5822 ) ;
#5822 = FILL_AREA_STYLE ('',( #5786 ) ) ;
#5823 = COLOUR_RGB ( '',0.8470588235294117500, 0.8470588235294117500, 0.8470588235294117500 ) ;
#5824 = FACE_OUTER_BOUND ( 'NONE', #4879, .T. ) ;
#5825 = DIRECTION ( 'NONE',  ( -0.0000000000000000000, -0.0000000000000000000, -1.000000000000000000 ) ) ;
#5826 =( GEOMETRIC_REPRESENTATION_CONTEXT ( 3 ) GLOBAL_UNCERTAINTY_ASSIGNED_CONTEXT ( ( #5827 ) ) GLOBAL_UNIT_ASSIGNED_CONTEXT ( ( #5830, #5829, #5828 ) ) REPRESENTATION_CONTEXT ( 'NONE', 'WORKASPACE' ) );
#5827 = UNCERTAINTY_MEASURE_WITH_UNIT (LENGTH_MEASURE( 1.000000000000000100E-005 ), #5830, 'distance_accuracy_value', 'NONE');
#5828 =( NAMED_UNIT ( * ) SI_UNIT ( $, .STERADIAN. ) SOLID_ANGLE_UNIT ( ) );
#5829 =( NAMED_UNIT ( * ) PLANE_ANGLE_UNIT ( ) SI_UNIT ( $, .RADIAN. ) );
#5830 =( LENGTH_UNIT ( ) NAMED_UNIT ( * ) SI_UNIT ( .MILLI., .METRE. ) );
#5831 = DIRECTION ( 'NONE',  ( -1.084202172485504400E-016, -1.000000000000000000, 0.0000000000000000000 ) ) ;
#5832 = VECTOR ( 'NONE', #5831, 1000.000000000000000 ) ;
#5833 = CARTESIAN_POINT ( 'NONE',  ( -0.3650000000000003200, -0.5669083047447585100, 1.353981071380927500 ) ) ;
#5834 = LINE ( 'NONE', #5833, #5832 ) ;
#5835 = CARTESIAN_POINT ( 'NONE',  ( -0.3650000000000003200, -0.7799029738905033400, 1.359056210195956000 ) ) ;
#5836 = DIRECTION ( 'NONE',  ( 1.084202172485504400E-016, 1.000000000000000000, -0.0000000000000000000 ) ) ;
#5837 = VECTOR ( 'NONE', #5836, 1000.000000000000000 ) ;
#5838 = CARTESIAN_POINT ( 'NONE',  ( 0.3149999999999992800, -1.704907916233456000E-016, 1.573981071380927500 ) ) ;
#5839 = LINE ( 'NONE', #5838, #5837 ) ;
#5840 = CARTESIAN_POINT ( 'NONE',  ( -0.3150000000000001700, -1.472999999999999900, 0.5340937768374314200 ) ) ;
#5841 = CARTESIAN_POINT ( 'NONE',  ( 0.3149999999999992800, -1.472999999999999900, 0.5340937768374314200 ) ) ;
#5842 = DIRECTION ( 'NONE',  ( -1.000000000000000000, 1.084202172485504600E-016, -2.736911063134408300E-048 ) ) ;
#5843 = VECTOR ( 'NONE', #5842, 1000.000000000000000 ) ;
#5844 = UNCERTAINTY_MEASURE_WITH_UNIT (LENGTH_MEASURE( 1.000000000000000100E-005 ), #5909, 'distance_accuracy_value', 'NONE');
#5845 =( NAMED_UNIT ( * ) SI_UNIT ( $, .STERADIAN. ) SOLID_ANGLE_UNIT ( ) );
#5846 =( NAMED_UNIT ( * ) PLANE_ANGLE_UNIT ( ) SI_UNIT ( $, .RADIAN. ) );
#5847 = VECTOR ( 'NONE', #5930, 1000.000000000000000 ) ;
#5848 = CARTESIAN_POINT ( 'NONE',  ( -0.3650000000000003200, -0.9750469801750287800, 0.7540937768374315100 ) ) ;
#5849 = LINE ( 'NONE', #5848, #5847 ) ;
#5850 = FILL_AREA_STYLE_COLOUR ( '', #5928 ) ;
#5851 = CARTESIAN_POINT ( 'NONE',  ( -0.3650000000000003200, -1.472999999999999900, 0.7540937768374315100 ) ) ;
#5852 = CARTESIAN_POINT ( 'NONE',  ( -0.3650000000000003200, -1.472999999999999900, 0.5840937768374314700 ) ) ;
#5853 = CARTESIAN_POINT ( 'NONE',  ( -0.3650000000000003200, -0.9750469801750302200, 0.5840937768374312400 ) ) ;
#5854 = DIRECTION ( 'NONE',  ( -1.084202172485504400E-016, -1.000000000000000000, -0.0000000000000000000 ) ) ;
#5855 = VECTOR ( 'NONE', #5854, 1000.000000000000000 ) ;
#5856 = CARTESIAN_POINT ( 'NONE',  ( 0.3649999999999994400, -0.9750469801750290000, 1.523981071380927600 ) ) ;
#5857 = LINE ( 'NONE', #5856, #5855 ) ;
#5858 = FILL_AREA_STYLE ('',( #5859 ) ) ;
#5859 = FILL_AREA_STYLE_COLOUR ( '', #5897 ) ;
#5860 = CYLINDRICAL_SURFACE ( 'NONE', #5861, 0.05000000000000003700 ) ;
#5861 = AXIS2_PLACEMENT_3D ( 'NONE', #5942, #5941, #5940 ) ;
#5862 = VECTOR ( 'NONE', #5932, 1000.000000000000000 ) ;
#5863 = CARTESIAN_POINT ( 'NONE',  ( -0.3650000000000003200, -1.029992063861229300E-016, 1.523981071380927600 ) ) ;
#5864 = LINE ( 'NONE', #5863, #5862 ) ;
#5865 = CARTESIAN_POINT ( 'NONE',  ( -0.3650000000000001600, -0.5829448831599133300, 1.324691749499582200 ) ) ;
#5866 = CARTESIAN_POINT ( 'NONE',  ( -0.3650000000000003200, -0.6056240298486852400, 1.353981071380927500 ) ) ;
#5867 = UNCERTAINTY_MEASURE_WITH_UNIT (LENGTH_MEASURE( 1.000000000000000100E-005 ), #5896, 'distance_accuracy_value', 'NONE');
#5868 = CARTESIAN_POINT ( 'NONE',  ( -0.3650000000000003200, -0.6056240298486852400, 1.353981071380927500 ) ) ;
#5869 = DIRECTION ( 'NONE',  ( -2.714208416054375600E-017, -0.2503415400683182100, -0.9681575870261114300 ) ) ;
#5870 = VECTOR ( 'NONE', #5869, 1000.000000000000100 ) ;
#5871 = CARTESIAN_POINT ( 'NONE',  ( -0.3650000000000003200, -0.7620523110292838400, 0.7490186380224027600 ) ) ;
#5872 = LINE ( 'NONE', #5871, #5870 ) ;
#5873 = CARTESIAN_POINT ( 'NONE',  ( 0.3649999999999994400, -1.472999999999999900, 0.5340937768374314200 ) ) ;
#5874 = LINE ( 'NONE', #5873, #5843 ) ;
#5875 = DIRECTION ( 'NONE',  ( -1.084202172485504400E-016, -1.000000000000000000, 0.0000000000000000000 ) ) ;
#5876 = VECTOR ( 'NONE', #5875, 1000.000000000000000 ) ;
#5877 = CARTESIAN_POINT ( 'NONE',  ( -0.3150000000000001700, -1.522999999999999900, 0.8040937768374314400 ) ) ;
#5878 = LINE ( 'NONE', #5877, #5876 ) ;
#5879 = DIRECTION ( 'NONE',  ( -2.714208416054373100E-017, -0.2503415400683179900, -0.9681575870261116500 ) ) ;
#5880 = VECTOR ( 'NONE', #5879, 999.9999999999998900 ) ;
#5881 = CARTESIAN_POINT ( 'NONE',  ( -0.3150000000000001700, -0.9750469801750286700, 0.8040937768374314400 ) ) ;
#5882 = LINE ( 'NONE', #5881, #5880 ) ;
#5883 = DIRECTION ( 'NONE',  ( 2.714208416054373100E-017, 0.2503415400683179900, 0.9681575870261116500 ) ) ;
#5884 = VECTOR ( 'NONE', #5883, 999.9999999999998900 ) ;
#5885 = CARTESIAN_POINT ( 'NONE',  ( 0.3149999999999992800, -0.9750469801750287800, 0.8040937768374314400 ) ) ;
#5886 = DIRECTION ( 'NONE',  ( 1.000000000000000000, -1.084202172485504600E-016, 0.0000000000000000000 ) ) ;
#5887 = DIRECTION ( 'NONE',  ( -1.084202172485504600E-016, -1.000000000000000000, 0.0000000000000000000 ) ) ;
#5888 = CARTESIAN_POINT ( 'NONE',  ( 0.3649999999999994400, -1.522999999999999900, 0.8040937768374314400 ) ) ;
#5889 = AXIS2_PLACEMENT_3D ( 'NONE', #5888, #5887, #5886 ) ;
#5890 = LINE ( 'NONE', #5885, #5884 ) ;
#5891 = PLANE ( 'NONE',  #5889 ) ;
#5892 =( GEOMETRIC_REPRESENTATION_CONTEXT ( 3 ) GLOBAL_UNCERTAINTY_ASSIGNED_CONTEXT ( ( #5844 ) ) GLOBAL_UNIT_ASSIGNED_CONTEXT ( ( #5909, #5846, #5845 ) ) REPRESENTATION_CONTEXT ( 'NONE', 'WORKASPACE' ) );
#5893 = CYLINDRICAL_SURFACE ( 'NONE', #5943, 0.05000000000000002400 ) ;
#5894 = SURFACE_STYLE_USAGE ( .BOTH. , #5895 ) ;
#5895 = SURFACE_SIDE_STYLE ('',( #5931 ) ) ;
#5896 =( LENGTH_UNIT ( ) NAMED_UNIT ( * ) SI_UNIT ( .MILLI., .METRE. ) );
#5897 = COLOUR_RGB ( '',0.8470588235294117500, 0.8470588235294117500, 0.8470588235294117500 ) ;
#5898 = DIRECTION ( 'NONE',  ( 1.000000000000000000, -1.084202172485504800E-016, 0.0000000000000000000 ) ) ;
#5899 = SURFACE_STYLE_FILL_AREA ( #5900 ) ;
#5900 = FILL_AREA_STYLE ('',( #5901 ) ) ;
#5901 = FILL_AREA_STYLE_COLOUR ( '', #5902 ) ;
#5902 = COLOUR_RGB ( '',0.8470588235294117500, 0.8470588235294117500, 0.8470588235294117500 ) ;
#5903 = FACE_OUTER_BOUND ( 'NONE', #4950, .T. ) ;
#5904 = DIRECTION ( 'NONE',  ( 0.0000000000000000000, 1.000000000000000000, 0.0000000000000000000 ) ) ;
#5905 = DIRECTION ( 'NONE',  ( -1.000000000000000000, 1.084202172485504400E-016, 0.0000000000000000000 ) ) ;
#5906 = CARTESIAN_POINT ( 'NONE',  ( -0.3650000000000003200, -0.9750469801750288900, 0.8040937768374313300 ) ) ;
#5907 = AXIS2_PLACEMENT_3D ( 'NONE', #5906, #5905, #5904 ) ;
#5908 = CIRCLE ( 'NONE', #5907, 0.2200000000000001400 ) ;
#5909 =( LENGTH_UNIT ( ) NAMED_UNIT ( * ) SI_UNIT ( .MILLI., .METRE. ) );
#5910 = MECHANICAL_DESIGN_GEOMETRIC_PRESENTATION_REPRESENTATION (  '', ( #5912 ), #5892 ) ;
#5911 = PRESENTATION_LAYER_ASSIGNMENT (  '', '', ( #5912 ) ) ;
#5912 = STYLED_ITEM ( 'NONE', ( #5913 ), #4949 ) ;
#5913 = PRESENTATION_STYLE_ASSIGNMENT (( #5914 ) ) ;
#5914 = SURFACE_STYLE_USAGE ( .BOTH. , #5915 ) ;
#5915 = SURFACE_SIDE_STYLE ('',( #5899 ) ) ;
#5916 =( NAMED_UNIT ( * ) SI_UNIT ( $, .STERADIAN. ) SOLID_ANGLE_UNIT ( ) );
#5917 = STYLED_ITEM ( 'NONE', ( #5918 ), #4933 ) ;
#5918 = PRESENTATION_STYLE_ASSIGNMENT (( #5894 ) ) ;
#5919 =( LENGTH_UNIT ( ) NAMED_UNIT ( * ) SI_UNIT ( .MILLI., .METRE. ) );
#5920 = MECHANICAL_DESIGN_GEOMETRIC_PRESENTATION_REPRESENTATION (  '', ( #5922 ), #5960 ) ;
#5921 = PRESENTATION_LAYER_ASSIGNMENT (  '', '', ( #5922 ) ) ;
#5922 = STYLED_ITEM ( 'NONE', ( #5923 ), #4972 ) ;
#5923 = PRESENTATION_STYLE_ASSIGNMENT (( #5924 ) ) ;
#5924 = SURFACE_STYLE_USAGE ( .BOTH. , #5925 ) ;
#5925 = SURFACE_SIDE_STYLE ('',( #5926 ) ) ;
#5926 = SURFACE_STYLE_FILL_AREA ( #5927 ) ;
#5927 = FILL_AREA_STYLE ('',( #5850 ) ) ;
#5928 = COLOUR_RGB ( '',0.8470588235294117500, 0.8470588235294117500, 0.8470588235294117500 ) ;
#5929 = FACE_OUTER_BOUND ( 'NONE', #4793, .T. ) ;
#5930 = DIRECTION ( 'NONE',  ( 1.084202172485504400E-016, 1.000000000000000000, 0.0000000000000000000 ) ) ;
#5931 = SURFACE_STYLE_FILL_AREA ( #5858 ) ;
#5932 = DIRECTION ( 'NONE',  ( 1.084202172485504400E-016, 1.000000000000000000, 0.0000000000000000000 ) ) ;
#5933 = MECHANICAL_DESIGN_GEOMETRIC_PRESENTATION_REPRESENTATION (  '', ( #5917 ), #5937 ) ;
#5934 = PRESENTATION_LAYER_ASSIGNMENT (  '', '', ( #5917 ) ) ;
#5935 =( NAMED_UNIT ( * ) PLANE_ANGLE_UNIT ( ) SI_UNIT ( $, .RADIAN. ) );
#5936 = CARTESIAN_POINT ( 'NONE',  ( 0.3149999999999992800, -1.704907916233456000E-016, 1.353981071380927500 ) ) ;
#5937 =( GEOMETRIC_REPRESENTATION_CONTEXT ( 3 ) GLOBAL_UNCERTAINTY_ASSIGNED_CONTEXT ( ( #5867 ) ) GLOBAL_UNIT_ASSIGNED_CONTEXT ( ( #5896, #5935, #5916 ) ) REPRESENTATION_CONTEXT ( 'NONE', 'WORKASPACE' ) );
#5938 = CARTESIAN_POINT ( 'NONE',  ( -0.3150000000000001700, -0.5669083047447584000, 1.303981071380927400 ) ) ;
#5939 = CARTESIAN_POINT ( 'NONE',  ( -0.3442893218813454200, -0.5669083047447582800, 1.303981071380927200 ) ) ;
#5940 = DIRECTION ( 'NONE',  ( 0.0000000000000000000, -0.9681575870261117700, 0.2503415400683174400 ) ) ;
#5941 = DIRECTION ( 'NONE',  ( 2.714208416054376200E-017, 0.2503415400683182700, 0.9681575870261115400 ) ) ;
#5942 = CARTESIAN_POINT ( 'NONE',  ( -0.3150000000000001700, -0.7620523110292841700, 0.7490186380224013200 ) ) ;
#5943 = AXIS2_PLACEMENT_3D ( 'NONE', #5936, #5946, #5898 ) ;
#5944 =( BOUNDED_CURVE ( )  B_SPLINE_CURVE ( 3, ( #5866, #5865, #5939, #5938 ),
 .UNSPECIFIED., .F., .T. ) 
 B_SPLINE_CURVE_WITH_KNOTS ( ( 4, 4 ),
 ( 1.570796326794896600, 3.141592653589793100 ),
 .UNSPECIFIED. ) 
 CURVE ( )  GEOMETRIC_REPRESENTATION_ITEM ( )  RATIONAL_B_SPLINE_CURVE ( ( 1.000000000000000000, 0.8047378541243649400, 0.8047378541243649400, 1.000000000000000000 ) ) 
 REPRESENTATION_ITEM ( '' )  );
#5945 = FACE_OUTER_BOUND ( 'NONE', #4835, .T. ) ;
#5946 = DIRECTION ( 'NONE',  ( -1.084202172485504400E-016, -1.000000000000000000, 0.0000000000000000000 ) ) ;
#5947 = UNCERTAINTY_MEASURE_WITH_UNIT (LENGTH_MEASURE( 1.000000000000000100E-005 ), #5919, 'distance_accuracy_value', 'NONE');
#5948 = DIRECTION ( 'NONE',  ( 1.000000000000000000, -1.084202172485504400E-016, -0.0000000000000000000 ) ) ;
#5949 = AXIS2_PLACEMENT_3D ( 'NONE', #5958, #5948, #5963 ) ;
#5950 = CARTESIAN_POINT ( 'NONE',  ( 0.3149999999999992800, -0.8283108532418089800, 1.371573287199372000 ) ) ;
#5951 = CARTESIAN_POINT ( 'NONE',  ( -0.3650000000000003200, -9.676504389433130800E-017, 1.573981071380927500 ) ) ;
#5952 = LINE ( 'NONE', #5951, #5982 ) ;
#5953 = DIRECTION ( 'NONE',  ( 2.007781800899081700E-016, 1.000000000000000000, 8.031127203596326700E-016 ) ) ;
#5954 = DIRECTION ( 'NONE',  ( -1.000000000000000000, 1.084202172485504400E-016, 0.0000000000000000000 ) ) ;
#5955 = CARTESIAN_POINT ( 'NONE',  ( 0.3149999999999992800, -0.5669083047447585100, 1.303981071380927400 ) ) ;
#5956 = AXIS2_PLACEMENT_3D ( 'NONE', #5955, #5954, #5953 ) ;
#5957 = CARTESIAN_POINT ( 'NONE',  ( -0.3650000000000003200, -9.676504389433130800E-017, 1.523981071380927600 ) ) ;
#5958 = CARTESIAN_POINT ( 'NONE',  ( -0.3650000000000003200, -0.9750469801750290000, 0.8040937768374313300 ) ) ;
#5959 = PLANE ( 'NONE',  #5949 ) ;
#5960 =( GEOMETRIC_REPRESENTATION_CONTEXT ( 3 ) GLOBAL_UNCERTAINTY_ASSIGNED_CONTEXT ( ( #5947 ) ) GLOBAL_UNIT_ASSIGNED_CONTEXT ( ( #5919, #5471, #5961 ) ) REPRESENTATION_CONTEXT ( 'NONE', 'WORKASPACE' ) );
#5961 =( NAMED_UNIT ( * ) SI_UNIT ( $, .STERADIAN. ) SOLID_ANGLE_UNIT ( ) );
#5962 = CIRCLE ( 'NONE', #5956, 0.2700000000000000700 ) ;
#5963 = DIRECTION ( 'NONE',  ( 1.084202172485504400E-016, 1.000000000000000000, 0.0000000000000000000 ) ) ;
#5964 = CIRCLE ( 'NONE', #5981, 0.05000000000000002400 ) ;
#5965 = PLANE ( 'NONE',  #5979 ) ;
#5966 =( GEOMETRIC_REPRESENTATION_CONTEXT ( 3 ) GLOBAL_UNCERTAINTY_ASSIGNED_CONTEXT ( ( #5993 ) ) GLOBAL_UNIT_ASSIGNED_CONTEXT ( ( #5983, #5968, #5967 ) ) REPRESENTATION_CONTEXT ( 'NONE', 'WORKASPACE' ) );
#5967 =( NAMED_UNIT ( * ) SI_UNIT ( $, .STERADIAN. ) SOLID_ANGLE_UNIT ( ) );
#5968 =( NAMED_UNIT ( * ) PLANE_ANGLE_UNIT ( ) SI_UNIT ( $, .RADIAN. ) );
#5969 =( NAMED_UNIT ( * ) SI_UNIT ( $, .STERADIAN. ) SOLID_ANGLE_UNIT ( ) );
#5970 =( NAMED_UNIT ( * ) PLANE_ANGLE_UNIT ( ) SI_UNIT ( $, .RADIAN. ) );
#5971 =( LENGTH_UNIT ( ) NAMED_UNIT ( * ) SI_UNIT ( .MILLI., .METRE. ) );
#5972 = DIRECTION ( 'NONE',  ( 0.0000000000000000000, 0.0000000000000000000, -1.000000000000000000 ) ) ;
#5973 = SURFACE_SIDE_STYLE ('',( #5974 ) ) ;
#5974 = SURFACE_STYLE_FILL_AREA ( #5975 ) ;
#5975 = FILL_AREA_STYLE ('',( #5976 ) ) ;
#5976 = FILL_AREA_STYLE_COLOUR ( '', #5980 ) ;
#5977 = DIRECTION ( 'NONE',  ( 1.000000000000000000, -1.084202172485504400E-016, -0.0000000000000000000 ) ) ;
#5978 = CARTESIAN_POINT ( 'NONE',  ( 0.3649999999999994400, -0.9750469801750290000, 0.8040937768374313300 ) ) ;
#5979 = AXIS2_PLACEMENT_3D ( 'NONE', #5978, #5977, #5990 ) ;
#5980 = COLOUR_RGB ( '',0.8470588235294117500, 0.8470588235294117500, 0.8470588235294117500 ) ;
#5981 = AXIS2_PLACEMENT_3D ( 'NONE', #5991, #5984, #5994 ) ;
#5982 = VECTOR ( 'NONE', #5972, 1000.000000000000000 ) ;
#5983 =( LENGTH_UNIT ( ) NAMED_UNIT ( * ) SI_UNIT ( .MILLI., .METRE. ) );
#5984 = DIRECTION ( 'NONE',  ( 1.084202172485504600E-016, 1.000000000000000000, 0.0000000000000000000 ) ) ;
#5985 = DIRECTION ( 'NONE',  ( -1.084202172485504400E-016, -1.000000000000000000, -0.0000000000000000000 ) ) ;
#5986 = VECTOR ( 'NONE', #5985, 1000.000000000000000 ) ;
#5987 = CARTESIAN_POINT ( 'NONE',  ( 0.3649999999999994400, -0.9750469801750290000, 0.7540937768374315100 ) ) ;
#5988 = LINE ( 'NONE', #5987, #5986 ) ;
#5989 = CARTESIAN_POINT ( 'NONE',  ( 0.3649999999999994400, -1.472999999999999900, 0.5840937768374314700 ) ) ;
#5990 = DIRECTION ( 'NONE',  ( 1.084202172485504400E-016, 1.000000000000000000, 0.0000000000000000000 ) ) ;
#5991 = CARTESIAN_POINT ( 'NONE',  ( -0.3150000000000001700, -1.084202172485504400E-016, 1.523981071380927600 ) ) ;
#5992 = FACE_OUTER_BOUND ( 'NONE', #4907, .T. ) ;
#5993 = UNCERTAINTY_MEASURE_WITH_UNIT (LENGTH_MEASURE( 1.000000000000000100E-005 ), #5983, 'distance_accuracy_value', 'NONE');
#5994 = DIRECTION ( 'NONE',  ( -1.000000000000000000, 1.084202172485504800E-016, 0.0000000000000000000 ) ) ;
#5995 = MECHANICAL_DESIGN_GEOMETRIC_PRESENTATION_REPRESENTATION (  '', ( #5997 ), #5966 ) ;
#5996 = PRESENTATION_LAYER_ASSIGNMENT (  '', '', ( #5997 ) ) ;
#5997 = STYLED_ITEM ( 'NONE', ( #5998 ), #4984 ) ;
#5998 = PRESENTATION_STYLE_ASSIGNMENT (( #5999 ) ) ;
#5999 = SURFACE_STYLE_USAGE ( .BOTH. , #5973 ) ;
#6000 = UNCERTAINTY_MEASURE_WITH_UNIT (LENGTH_MEASURE( 1.000000000000000100E-005 ), #5971, 'distance_accuracy_value', 'NONE');
#6001 = SHAPE_DEFINITION_REPRESENTATION ( #6012, #6003 ) ;
#6002 =( GEOMETRIC_REPRESENTATION_CONTEXT ( 3 ) GLOBAL_UNCERTAINTY_ASSIGNED_CONTEXT ( ( #6000 ) ) GLOBAL_UNIT_ASSIGNED_CONTEXT ( ( #5971, #5970, #5969 ) ) REPRESENTATION_CONTEXT ( 'NONE', 'WORKASPACE' ) );
#6003 = ADVANCED_BREP_SHAPE_REPRESENTATION ( 'HRP5', ( #2668, #1815, #2179, #2393, #2879, #1205, #1476, #6011 ), #6002 ) ;
#6004 = APPLICATION_CONTEXT ( 'automotive_design' ) ;
#6005 = PRODUCT ( 'HRP5', 'HRP5', '', ( #6006 ) ) ;
#6006 = PRODUCT_CONTEXT ( 'NONE', #6008, 'mechanical' ) ;
#6007 = APPLICATION_PROTOCOL_DEFINITION ( 'draft international standard', 'automotive_design', 1998, #6008 ) ;
#6008 = APPLICATION_CONTEXT ( 'automotive_design' ) ;
#6009 = DIRECTION ( 'NONE',  ( -1.000000000000000000, 0.0000000000000000000, 0.0000000000000000000 ) ) ;
#6010 = DIRECTION ( 'NONE',  ( 0.0000000000000000000, 1.000000000000000000, -0.0000000000000000000 ) ) ;
#6011 = AXIS2_PLACEMENT_3D ( 'NONE', #6018, #6010, #6009 ) ;
#6012 = PRODUCT_DEFINITION_SHAPE ( 'NONE', 'NONE',  #6015 ) ;
#6013 = PRODUCT_RELATED_PRODUCT_CATEGORY ( 'part', '', ( #6005 ) ) ;
#6014 = PRODUCT_DEFINITION_FORMATION_WITH_SPECIFIED_SOURCE ( 'ANY', '', #6005, .NOT_KNOWN. ) ;
#6015 = PRODUCT_DEFINITION ( 'UNKNOWN', '', #6014, #6016 ) ;
#6016 = PRODUCT_DEFINITION_CONTEXT ( 'detailed design', #6004, 'design' ) ;
#6017 = APPLICATION_PROTOCOL_DEFINITION ( 'draft international standard', 'automotive_design', 1998, #6004 ) ;
#6018 = CARTESIAN_POINT ( 'NONE',  ( 0.0000000000000000000, 0.0000000000000000000, 0.0000000000000000000 ) ) ;
#6019 = FILL_AREA_STYLE_COLOUR ( '', #6021 ) ;
#6020 = FILL_AREA_STYLE ('',( #6019 ) ) ;
#6021 = COLOUR_RGB ( '',0.7529411764705882200, 0.7529411764705882200, 0.7529411764705882200 ) ;
#6022 =( BOUNDED_CURVE ( )  B_SPLINE_CURVE ( 3, ( #6045, #6044, #6043, #6042 ),
 .UNSPECIFIED., .F., .T. ) 
 B_SPLINE_CURVE_WITH_KNOTS ( ( 4, 4 ),
 ( 4.712388980384689700, 6.283185307179586200 ),
 .UNSPECIFIED. ) 
 CURVE ( )  GEOMETRIC_REPRESENTATION_ITEM ( )  RATIONAL_B_SPLINE_CURVE ( ( 1.000000000000000000, 0.8047378541243649400, 0.8047378541243649400, 1.000000000000000000 ) ) 
 REPRESENTATION_ITEM ( '' )  );
#6023 = DIRECTION ( 'NONE',  ( -1.000000000000000000, 0.0000000000000000000, 0.0000000000000000000 ) ) ;
#6024 = DIRECTION ( 'NONE',  ( 0.0000000000000000000, 0.0000000000000000000, -1.000000000000000000 ) ) ;
#6025 =( NAMED_UNIT ( * ) PLANE_ANGLE_UNIT ( ) SI_UNIT ( $, .RADIAN. ) );
#6026 =( LENGTH_UNIT ( ) NAMED_UNIT ( * ) SI_UNIT ( .MILLI., .METRE. ) );
#6027 = MECHANICAL_DESIGN_GEOMETRIC_PRESENTATION_REPRESENTATION (  '', ( #6031 ), #4997 ) ;
#6028 = PRESENTATION_LAYER_ASSIGNMENT (  '', '', ( #6031 ) ) ;
#6029 =( NAMED_UNIT ( * ) SI_UNIT ( $, .STERADIAN. ) SOLID_ANGLE_UNIT ( ) );
#6030 = CYLINDRICAL_SURFACE ( 'NONE', #6039, 0.05000000000000002400 ) ;
#6031 = STYLED_ITEM ( 'NONE', ( #6032 ), #2879 ) ;
#6032 = PRESENTATION_STYLE_ASSIGNMENT (( #6033 ) ) ;
#6033 = SURFACE_STYLE_USAGE ( .BOTH. , #6034 ) ;
#6034 = SURFACE_SIDE_STYLE ('',( #6035 ) ) ;
#6035 = SURFACE_STYLE_FILL_AREA ( #6020 ) ;
#6036 = CARTESIAN_POINT ( 'NONE',  ( 0.3149999999999992800, -1.472999999999999900, 0.5840937768374314700 ) ) ;
#6037 = AXIS2_PLACEMENT_3D ( 'NONE', #6036, #6024, #6023 ) ;
#6038 = CIRCLE ( 'NONE', #6037, 0.05000000000000002400 ) ;
#6039 = AXIS2_PLACEMENT_3D ( 'NONE', #6048, #6047, #6046 ) ;
#6040 =( GEOMETRIC_REPRESENTATION_CONTEXT ( 3 ) GLOBAL_UNCERTAINTY_ASSIGNED_CONTEXT ( ( #6041 ) ) GLOBAL_UNIT_ASSIGNED_CONTEXT ( ( #7441, #7440, #6029 ) ) REPRESENTATION_CONTEXT ( 'NONE', 'WORKASPACE' ) );
#6041 = UNCERTAINTY_MEASURE_WITH_UNIT (LENGTH_MEASURE( 1.000000000000000100E-005 ), #7441, 'distance_accuracy_value', 'NONE');
#6042 = CARTESIAN_POINT ( 'NONE',  ( 0.3149999999999992800, -0.9750469801750287800, 0.8040937768374314400 ) ) ;
#6043 = CARTESIAN_POINT ( 'NONE',  ( 0.3442893218813444800, -0.9750469801750286700, 0.8040937768374314400 ) ) ;
#6044 = CARTESIAN_POINT ( 'NONE',  ( 0.3649999999999993200, -0.9590104017598738400, 0.7833830987187766500 ) ) ;
#6045 = CARTESIAN_POINT ( 'NONE',  ( 0.3649999999999994400, -0.9363312550711018200, 0.7540937768374315100 ) ) ;
#6046 = DIRECTION ( 'NONE',  ( 1.000000000000000000, 0.0000000000000000000, 0.0000000000000000000 ) ) ;
#6047 = DIRECTION ( 'NONE',  ( 0.0000000000000000000, 0.0000000000000000000, 1.000000000000000000 ) ) ;
#6048 = CARTESIAN_POINT ( 'NONE',  ( 0.3149999999999992800, -1.472999999999999900, 0.8040937768374314400 ) ) ;
#6049 = COLOUR_RGB ( '',0.7529411764705882200, 0.7529411764705882200, 0.7529411764705882200 ) ;
#6050 = CARTESIAN_POINT ( 'NONE',  ( 0.3149999999999997200, -0.5669083047447585100, 1.303981071380927400 ) ) ;
#6051 = CARTESIAN_POINT ( 'NONE',  ( 0.3149999999999992800, -0.9750469801750303300, 0.5340937768374313100 ) ) ;
#6052 = DIRECTION ( 'NONE',  ( 2.007781800899080900E-016, 1.000000000000000000, 0.0000000000000000000 ) ) ;
#6053 = DIRECTION ( 'NONE',  ( -1.000000000000000000, 1.084202172485504400E-016, 0.0000000000000000000 ) ) ;
#6054 = CARTESIAN_POINT ( 'NONE',  ( 0.3149999999999992800, -0.9750469801750290000, 0.8040937768374313300 ) ) ;
#6055 = PRESENTATION_LAYER_ASSIGNMENT (  '', '', ( #6056 ) ) ;
#6056 = STYLED_ITEM ( 'NONE', ( #6057 ), #2397 ) ;
#6057 = PRESENTATION_STYLE_ASSIGNMENT (( #6058 ) ) ;
#6058 = SURFACE_STYLE_USAGE ( .BOTH. , #6059 ) ;
#6059 = SURFACE_SIDE_STYLE ('',( #6060 ) ) ;
#6060 = SURFACE_STYLE_FILL_AREA ( #6061 ) ;
#6061 = FILL_AREA_STYLE ('',( #6062 ) ) ;
#6062 = FILL_AREA_STYLE_COLOUR ( '', #6063 ) ;
#6063 = COLOUR_RGB ( '',0.8470588235294117500, 0.8470588235294117500, 0.8470588235294117500 ) ;
#6064 = FACE_OUTER_BOUND ( 'NONE', #2498, .T. ) ;
#6065 = CARTESIAN_POINT ( 'NONE',  ( -0.3150000000000001700, -0.7136444316779782000, 0.7365015610189868900 ) ) ;
#6066 = AXIS2_PLACEMENT_3D ( 'NONE', #6133, #6132, #6123 ) ;
#6067 = CYLINDRICAL_SURFACE ( 'NONE', #6066, 0.05000000000000012800 ) ;
#6068 = CARTESIAN_POINT ( 'NONE',  ( 0.3649999999999994400, -0.9750469801750290000, 0.8040937768374313300 ) ) ;
#6069 = AXIS2_PLACEMENT_3D ( 'NONE', #6068, #6118, #6117 ) ;
#6070 =( GEOMETRIC_REPRESENTATION_CONTEXT ( 3 ) GLOBAL_UNCERTAINTY_ASSIGNED_CONTEXT ( ( #6134 ) ) GLOBAL_UNIT_ASSIGNED_CONTEXT ( ( #6100, #6145, #6144 ) ) REPRESENTATION_CONTEXT ( 'NONE', 'WORKASPACE' ) );
#6071 =( LENGTH_UNIT ( ) NAMED_UNIT ( * ) SI_UNIT ( .MILLI., .METRE. ) );
#6072 = UNCERTAINTY_MEASURE_WITH_UNIT (LENGTH_MEASURE( 1.000000000000000100E-005 ), #6071, 'distance_accuracy_value', 'NONE');
#6073 = SURFACE_SIDE_STYLE ('',( #6074 ) ) ;
#6074 = SURFACE_STYLE_FILL_AREA ( #6075 ) ;
#6075 = FILL_AREA_STYLE ('',( #6076 ) ) ;
#6076 = FILL_AREA_STYLE_COLOUR ( '', #6049 ) ;
#6077 =( GEOMETRIC_REPRESENTATION_CONTEXT ( 3 ) GLOBAL_UNCERTAINTY_ASSIGNED_CONTEXT ( ( #6079 ) ) GLOBAL_UNIT_ASSIGNED_CONTEXT ( ( #6131, #6130, #6114 ) ) REPRESENTATION_CONTEXT ( 'NONE', 'WORKASPACE' ) );
#6078 =( NAMED_UNIT ( * ) PLANE_ANGLE_UNIT ( ) SI_UNIT ( $, .RADIAN. ) );
#6079 = UNCERTAINTY_MEASURE_WITH_UNIT (LENGTH_MEASURE( 1.000000000000000100E-005 ), #6131, 'distance_accuracy_value', 'NONE');
#6080 = FILL_AREA_STYLE_COLOUR ( '', #6081 ) ;
#6081 = COLOUR_RGB ( '',0.8470588235294117500, 0.8470588235294117500, 0.8470588235294117500 ) ;
#6082 = DIRECTION ( 'NONE',  ( 2.007781800899081700E-016, 1.000000000000000000, 0.0000000000000000000 ) ) ;
#6083 = DIRECTION ( 'NONE',  ( 1.000000000000000000, -1.084202172485504400E-016, -0.0000000000000000000 ) ) ;
#6084 = CARTESIAN_POINT ( 'NONE',  ( -0.3150000000000001700, -0.9750469801750288900, 0.8040937768374313300 ) ) ;
#6085 = AXIS2_PLACEMENT_3D ( 'NONE', #6084, #6083, #6082 ) ;
#6086 = CIRCLE ( 'NONE', #6085, 0.2700000000000000700 ) ;
#6087 = FACE_OUTER_BOUND ( 'NONE', #2395, .T. ) ;
#6088 =( NAMED_UNIT ( * ) SI_UNIT ( $, .STERADIAN. ) SOLID_ANGLE_UNIT ( ) );
#6089 =( NAMED_UNIT ( * ) PLANE_ANGLE_UNIT ( ) SI_UNIT ( $, .RADIAN. ) );
#6090 =( LENGTH_UNIT ( ) NAMED_UNIT ( * ) SI_UNIT ( .MILLI., .METRE. ) );
#6091 = MECHANICAL_DESIGN_GEOMETRIC_PRESENTATION_REPRESENTATION (  '', ( #6093 ), #6128 ) ;
#6092 = PRESENTATION_LAYER_ASSIGNMENT (  '', '', ( #6093 ) ) ;
#6093 = STYLED_ITEM ( 'NONE', ( #6094 ), #2413 ) ;
#6094 = PRESENTATION_STYLE_ASSIGNMENT (( #6095 ) ) ;
#6095 = SURFACE_STYLE_USAGE ( .BOTH. , #6096 ) ;
#6096 = SURFACE_SIDE_STYLE ('',( #6102 ) ) ;
#6097 = DIRECTION ( 'NONE',  ( -1.000000000000000000, 1.084202172485504600E-016, 0.0000000000000000000 ) ) ;
#6098 = VECTOR ( 'NONE', #6097, 1000.000000000000000 ) ;
#6099 = CARTESIAN_POINT ( 'NONE',  ( 0.3649999999999994400, -0.5669083047447585100, 1.303981071380927400 ) ) ;
#6100 =( LENGTH_UNIT ( ) NAMED_UNIT ( * ) SI_UNIT ( .MILLI., .METRE. ) );
#6101 = MECHANICAL_DESIGN_GEOMETRIC_PRESENTATION_REPRESENTATION (  '', ( #6056 ), #6070 ) ;
#6102 = SURFACE_STYLE_FILL_AREA ( #6103 ) ;
#6103 = FILL_AREA_STYLE ('',( #6111 ) ) ;
#6104 = COLOUR_RGB ( '',0.8470588235294117500, 0.8470588235294117500, 0.8470588235294117500 ) ;
#6105 = FACE_OUTER_BOUND ( 'NONE', #2221, .T. ) ;
#6106 = DIRECTION ( 'NONE',  ( 0.0000000000000000000, 1.000000000000000000, 0.0000000000000000000 ) ) ;
#6107 = DIRECTION ( 'NONE',  ( -1.000000000000000000, 1.084202172485504400E-016, 0.0000000000000000000 ) ) ;
#6108 = CARTESIAN_POINT ( 'NONE',  ( -2.085000000000000000, -0.9750469801750288900, 0.8040937768374313300 ) ) ;
#6109 = AXIS2_PLACEMENT_3D ( 'NONE', #6108, #6107, #6106 ) ;
#6110 = CIRCLE ( 'NONE', #6109, 0.2200000000000001400 ) ;
#6111 = FILL_AREA_STYLE_COLOUR ( '', #6104 ) ;
#6112 = DIRECTION ( 'NONE',  ( 1.000000000000000000, 0.0000000000000000000, 0.0000000000000000000 ) ) ;
#6113 = DIRECTION ( 'NONE',  ( 0.0000000000000000000, 0.0000000000000000000, 1.000000000000000000 ) ) ;
#6114 =( NAMED_UNIT ( * ) SI_UNIT ( $, .STERADIAN. ) SOLID_ANGLE_UNIT ( ) );
#6115 = AXIS2_PLACEMENT_3D ( 'NONE', #6054, #6053, #6052 ) ;
#6116 = CIRCLE ( 'NONE', #6115, 0.2700000000000001800 ) ;
#6117 = DIRECTION ( 'NONE',  ( -2.007781800899080900E-016, -1.000000000000000000, 0.0000000000000000000 ) ) ;
#6118 = DIRECTION ( 'NONE',  ( -1.000000000000000000, 1.084202172485504600E-016, 0.0000000000000000000 ) ) ;
#6119 = UNCERTAINTY_MEASURE_WITH_UNIT (LENGTH_MEASURE( 1.000000000000000100E-005 ), #6147, 'distance_accuracy_value', 'NONE');
#6120 =( NAMED_UNIT ( * ) SI_UNIT ( $, .STERADIAN. ) SOLID_ANGLE_UNIT ( ) );
#6121 =( NAMED_UNIT ( * ) PLANE_ANGLE_UNIT ( ) SI_UNIT ( $, .RADIAN. ) );
#6122 = LINE ( 'NONE', #6099, #6098 ) ;
#6123 = DIRECTION ( 'NONE',  ( -1.000000000000000000, 0.0000000000000000000, 0.0000000000000000000 ) ) ;
#6124 = CYLINDRICAL_SURFACE ( 'NONE', #6171, 0.04999999999999991300 ) ;
#6125 = PRESENTATION_LAYER_ASSIGNMENT (  '', '', ( #6126 ) ) ;
#6126 = STYLED_ITEM ( 'NONE', ( #6127 ), #2426 ) ;
#6127 = PRESENTATION_STYLE_ASSIGNMENT (( #6208 ) ) ;
#6128 =( GEOMETRIC_REPRESENTATION_CONTEXT ( 3 ) GLOBAL_UNCERTAINTY_ASSIGNED_CONTEXT ( ( #6129 ) ) GLOBAL_UNIT_ASSIGNED_CONTEXT ( ( #6090, #6089, #6088 ) ) REPRESENTATION_CONTEXT ( 'NONE', 'WORKASPACE' ) );
#6129 = UNCERTAINTY_MEASURE_WITH_UNIT (LENGTH_MEASURE( 1.000000000000000100E-005 ), #6090, 'distance_accuracy_value', 'NONE');
#6130 =( NAMED_UNIT ( * ) PLANE_ANGLE_UNIT ( ) SI_UNIT ( $, .RADIAN. ) );
#6131 =( LENGTH_UNIT ( ) NAMED_UNIT ( * ) SI_UNIT ( .MILLI., .METRE. ) );
#6132 = DIRECTION ( 'NONE',  ( 0.0000000000000000000, 0.0000000000000000000, -1.000000000000000000 ) ) ;
#6133 = CARTESIAN_POINT ( 'NONE',  ( -2.035000000000000100, -1.472999999999999900, 0.8040937768374313300 ) ) ;
#6134 = UNCERTAINTY_MEASURE_WITH_UNIT (LENGTH_MEASURE( 1.000000000000000100E-005 ), #6100, 'distance_accuracy_value', 'NONE');
#6135 = CARTESIAN_POINT ( 'NONE',  ( -2.035000000000000100, -1.472999999999999900, 0.5840937768374314700 ) ) ;
#6136 = AXIS2_PLACEMENT_3D ( 'NONE', #6135, #6113, #6112 ) ;
#6137 = CIRCLE ( 'NONE', #6136, 0.05000000000000012800 ) ;
#6138 = DIRECTION ( 'NONE',  ( 0.0000000000000000000, 0.2503415400683182100, 0.9681575870261114300 ) ) ;
#6139 = DIRECTION ( 'NONE',  ( 1.049678559162034000E-016, 0.9681575870261115400, -0.2503415400683182700 ) ) ;
#6140 = DIRECTION ( 'NONE',  ( -1.000000000000000000, 1.084202172485504600E-016, 0.0000000000000000000 ) ) ;
#6141 = VECTOR ( 'NONE', #6140, 1000.000000000000000 ) ;
#6142 = CARTESIAN_POINT ( 'NONE',  ( 0.3649999999999994400, -0.7136444316779783100, 0.7365015610189868900 ) ) ;
#6143 = LINE ( 'NONE', #6142, #6141 ) ;
#6144 =( NAMED_UNIT ( * ) SI_UNIT ( $, .STERADIAN. ) SOLID_ANGLE_UNIT ( ) );
#6145 =( NAMED_UNIT ( * ) PLANE_ANGLE_UNIT ( ) SI_UNIT ( $, .RADIAN. ) );
#6146 =( GEOMETRIC_REPRESENTATION_CONTEXT ( 3 ) GLOBAL_UNCERTAINTY_ASSIGNED_CONTEXT ( ( #6072 ) ) GLOBAL_UNIT_ASSIGNED_CONTEXT ( ( #6071, #6078, #6166 ) ) REPRESENTATION_CONTEXT ( 'NONE', 'WORKASPACE' ) );
#6147 =( LENGTH_UNIT ( ) NAMED_UNIT ( * ) SI_UNIT ( .MILLI., .METRE. ) );
#6148 = MECHANICAL_DESIGN_GEOMETRIC_PRESENTATION_REPRESENTATION (  '', ( #6150 ), #6164 ) ;
#6149 = PRESENTATION_LAYER_ASSIGNMENT (  '', '', ( #6150 ) ) ;
#6150 = STYLED_ITEM ( 'NONE', ( #6151 ), #2404 ) ;
#6151 = PRESENTATION_STYLE_ASSIGNMENT (( #6152 ) ) ;
#6152 = SURFACE_STYLE_USAGE ( .BOTH. , #6153 ) ;
#6153 = SURFACE_SIDE_STYLE ('',( #6154 ) ) ;
#6154 = SURFACE_STYLE_FILL_AREA ( #6155 ) ;
#6155 = FILL_AREA_STYLE ('',( #6080 ) ) ;
#6156 = STYLED_ITEM ( 'NONE', ( #6157 ), #2393 ) ;
#6157 = PRESENTATION_STYLE_ASSIGNMENT (( #6158 ) ) ;
#6158 = SURFACE_STYLE_USAGE ( .BOTH. , #6073 ) ;
#6159 = MECHANICAL_DESIGN_GEOMETRIC_PRESENTATION_REPRESENTATION (  '', ( #6156 ), #6077 ) ;
#6160 = PRESENTATION_LAYER_ASSIGNMENT (  '', '', ( #6156 ) ) ;
#6161 = CARTESIAN_POINT ( 'NONE',  ( 0.3649999999999994400, -0.7136444316779783100, 0.7365015610189868900 ) ) ;
#6162 = AXIS2_PLACEMENT_3D ( 'NONE', #6161, #6139, #6138 ) ;
#6163 = PLANE ( 'NONE',  #6162 ) ;
#6164 =( GEOMETRIC_REPRESENTATION_CONTEXT ( 3 ) GLOBAL_UNCERTAINTY_ASSIGNED_CONTEXT ( ( #6119 ) ) GLOBAL_UNIT_ASSIGNED_CONTEXT ( ( #6147, #6121, #6120 ) ) REPRESENTATION_CONTEXT ( 'NONE', 'WORKASPACE' ) );
#6165 = CYLINDRICAL_SURFACE ( 'NONE', #6069, 0.2700000000000001800 ) ;
#6166 =( NAMED_UNIT ( * ) SI_UNIT ( $, .STERADIAN. ) SOLID_ANGLE_UNIT ( ) );
#6167 = FILL_AREA_STYLE ('',( #6205 ) ) ;
#6168 = AXIS2_PLACEMENT_3D ( 'NONE', #6184, #6188, #6170 ) ;
#6169 = CIRCLE ( 'NONE', #6168, 0.04999999999999991300 ) ;
#6170 = DIRECTION ( 'NONE',  ( 0.0000000000000000000, -1.000000000000000000, 0.0000000000000000000 ) ) ;
#6171 = AXIS2_PLACEMENT_3D ( 'NONE', #6196, #6203, #6229 ) ;
#6172 = PRESENTATION_STYLE_ASSIGNMENT (( #6202 ) ) ;
#6173 = SURFACE_SIDE_STYLE ('',( #6204 ) ) ;
#6174 = SURFACE_STYLE_FILL_AREA ( #6175 ) ;
#6175 = FILL_AREA_STYLE ('',( #6182 ) ) ;
#6176 = COLOUR_RGB ( '',0.8470588235294117500, 0.8470588235294117500, 0.8470588235294117500 ) ;
#6177 = DIRECTION ( 'NONE',  ( 1.000000000000000000, 6.505213034913010000E-015, 0.0000000000000000000 ) ) ;
#6178 = PRESENTATION_LAYER_ASSIGNMENT (  '', '', ( #6181 ) ) ;
#6179 = CIRCLE ( 'NONE', #6228, 0.05000000000000002400 ) ;
#6180 = CARTESIAN_POINT ( 'NONE',  ( -1.405000000000000700, -0.9266391008237231400, 0.7915766998340155700 ) ) ;
#6181 = STYLED_ITEM ( 'NONE', ( #6172 ), #2417 ) ;
#6182 = FILL_AREA_STYLE_COLOUR ( '', #6176 ) ;
#6183 = FACE_OUTER_BOUND ( 'NONE', #2431, .T. ) ;
#6184 = CARTESIAN_POINT ( 'NONE',  ( -1.405000000000000700, -1.472999999999999900, 0.5840937768374314700 ) ) ;
#6185 = UNCERTAINTY_MEASURE_WITH_UNIT (LENGTH_MEASURE( 1.000000000000000100E-005 ), #6234, 'distance_accuracy_value', 'NONE');
#6186 =( NAMED_UNIT ( * ) SI_UNIT ( $, .STERADIAN. ) SOLID_ANGLE_UNIT ( ) );
#6187 =( NAMED_UNIT ( * ) PLANE_ANGLE_UNIT ( ) SI_UNIT ( $, .RADIAN. ) );
#6188 = DIRECTION ( 'NONE',  ( -1.000000000000000000, 1.084202172485504600E-016, -2.736911063134408300E-048 ) ) ;
#6189 = DIRECTION ( 'NONE',  ( 0.0000000000000000000, -0.9681575870261117700, 0.2503415400683174400 ) ) ;
#6190 = DIRECTION ( 'NONE',  ( -0.0000000000000000000, 0.2503415400683174400, 0.9681575870261117700 ) ) ;
#6191 = CARTESIAN_POINT ( 'NONE',  ( -1.405000000000000700, -0.7620523110292839500, 0.7490186380224027600 ) ) ;
#6192 = AXIS2_PLACEMENT_3D ( 'NONE', #6191, #6190, #6220 ) ;
#6193 = CIRCLE ( 'NONE', #6192, 0.05000000000000003700 ) ;
#6194 = DIRECTION ( 'NONE',  ( 1.000000000000000000, 0.0000000000000000000, 0.0000000000000000000 ) ) ;
#6195 = DIRECTION ( 'NONE',  ( -1.084202172485504400E-016, -1.000000000000000000, 0.0000000000000000000 ) ) ;
#6196 = CARTESIAN_POINT ( 'NONE',  ( -1.405000000000000700, -0.9750469801750287800, 0.7540937768374315100 ) ) ;
#6197 =( NAMED_UNIT ( * ) SI_UNIT ( $, .STERADIAN. ) SOLID_ANGLE_UNIT ( ) );
#6198 = DIRECTION ( 'NONE',  ( 6.505213034913009200E-015, -1.000000000000000000, 0.0000000000000000000 ) ) ;
#6199 = CARTESIAN_POINT ( 'NONE',  ( -2.035000000000000100, -0.5669083047447568400, 1.523981071380927600 ) ) ;
#6200 = AXIS2_PLACEMENT_3D ( 'NONE', #6199, #6198, #6177 ) ;
#6201 = CIRCLE ( 'NONE', #6200, 0.05000000000000012800 ) ;
#6202 = SURFACE_STYLE_USAGE ( .BOTH. , #6173 ) ;
#6203 = DIRECTION ( 'NONE',  ( 1.084202172485504400E-016, 1.000000000000000000, 0.0000000000000000000 ) ) ;
#6204 = SURFACE_STYLE_FILL_AREA ( #6167 ) ;
#6205 = FILL_AREA_STYLE_COLOUR ( '', #6223 ) ;
#6206 = DIRECTION ( 'NONE',  ( 1.000000000000000000, -0.0000000000000000000, -0.0000000000000000000 ) ) ;
#6207 = CARTESIAN_POINT ( 'NONE',  ( -2.035000000000000100, -1.472999999999999900, 0.7540937768374315100 ) ) ;
#6208 = SURFACE_STYLE_USAGE ( .BOTH. , #6209 ) ;
#6209 = SURFACE_SIDE_STYLE ('',( #6210 ) ) ;
#6210 = SURFACE_STYLE_FILL_AREA ( #6211 ) ;
#6211 = FILL_AREA_STYLE ('',( #6219 ) ) ;
#6212 = COLOUR_RGB ( '',0.8470588235294117500, 0.8470588235294117500, 0.8470588235294117500 ) ;
#6213 = FACE_OUTER_BOUND ( 'NONE', #2427, .T. ) ;
#6214 = DIRECTION ( 'NONE',  ( 0.0000000000000000000, -1.000000000000000000, 0.0000000000000000000 ) ) ;
#6215 = DIRECTION ( 'NONE',  ( 1.000000000000000000, -1.084202172485504600E-016, 2.736911063134408300E-048 ) ) ;
#6216 = CARTESIAN_POINT ( 'NONE',  ( -2.035000000000000100, -1.472999999999999900, 0.5840937768374314700 ) ) ;
#6217 = AXIS2_PLACEMENT_3D ( 'NONE', #6216, #6215, #6214 ) ;
#6218 = CIRCLE ( 'NONE', #6217, 0.04999999999999991300 ) ;
#6219 = FILL_AREA_STYLE_COLOUR ( '', #6212 ) ;
#6220 = DIRECTION ( 'NONE',  ( 0.0000000000000000000, -0.9681575870261117700, 0.2503415400683174400 ) ) ;
#6221 = MECHANICAL_DESIGN_GEOMETRIC_PRESENTATION_REPRESENTATION (  '', ( #6181 ), #6243 ) ;
#6222 =( NAMED_UNIT ( * ) PLANE_ANGLE_UNIT ( ) SI_UNIT ( $, .RADIAN. ) );
#6223 = COLOUR_RGB ( '',0.8470588235294117500, 0.8470588235294117500, 0.8470588235294117500 ) ;
#6224 = FACE_OUTER_BOUND ( 'NONE', #2418, .T. ) ;
#6225 = AXIS2_PLACEMENT_3D ( 'NONE', #6180, #6233, #6189 ) ;
#6226 = CYLINDRICAL_SURFACE ( 'NONE', #6225, 0.05000000000000003700 ) ;
#6227 = UNCERTAINTY_MEASURE_WITH_UNIT (LENGTH_MEASURE( 1.000000000000000100E-005 ), #6242, 'distance_accuracy_value', 'NONE');
#6228 = AXIS2_PLACEMENT_3D ( 'NONE', #6207, #6206, #6241 ) ;
#6229 = DIRECTION ( 'NONE',  ( -1.000000000000000000, 0.0000000000000000000, 0.0000000000000000000 ) ) ;
#6230 = AXIS2_PLACEMENT_3D ( 'NONE', #6232, #6195, #6194 ) ;
#6231 = CYLINDRICAL_SURFACE ( 'NONE', #6230, 0.05000000000000012800 ) ;
#6232 = CARTESIAN_POINT ( 'NONE',  ( -2.035000000000000100, -0.9750469801750290000, 1.523981071380927600 ) ) ;
#6233 = DIRECTION ( 'NONE',  ( 2.714208416054373100E-017, 0.2503415400683179900, 0.9681575870261115400 ) ) ;
#6234 =( LENGTH_UNIT ( ) NAMED_UNIT ( * ) SI_UNIT ( .MILLI., .METRE. ) );
#6235 = MECHANICAL_DESIGN_GEOMETRIC_PRESENTATION_REPRESENTATION (  '', ( #6237 ), #6244 ) ;
#6236 = PRESENTATION_LAYER_ASSIGNMENT (  '', '', ( #6237 ) ) ;
#6237 = STYLED_ITEM ( 'NONE', ( #6238 ), #2422 ) ;
#6238 = PRESENTATION_STYLE_ASSIGNMENT (( #6239 ) ) ;
#6239 = SURFACE_STYLE_USAGE ( .BOTH. , #6240 ) ;
#6240 = SURFACE_SIDE_STYLE ('',( #6174 ) ) ;
#6241 = DIRECTION ( 'NONE',  ( 0.0000000000000000000, 0.0000000000000000000, 1.000000000000000000 ) ) ;
#6242 =( LENGTH_UNIT ( ) NAMED_UNIT ( * ) SI_UNIT ( .MILLI., .METRE. ) );
#6243 =( GEOMETRIC_REPRESENTATION_CONTEXT ( 3 ) GLOBAL_UNCERTAINTY_ASSIGNED_CONTEXT ( ( #6227 ) ) GLOBAL_UNIT_ASSIGNED_CONTEXT ( ( #6242, #6222, #6197 ) ) REPRESENTATION_CONTEXT ( 'NONE', 'WORKASPACE' ) );
#6244 =( GEOMETRIC_REPRESENTATION_CONTEXT ( 3 ) GLOBAL_UNCERTAINTY_ASSIGNED_CONTEXT ( ( #6185 ) ) GLOBAL_UNIT_ASSIGNED_CONTEXT ( ( #6234, #6187, #6186 ) ) REPRESENTATION_CONTEXT ( 'NONE', 'WORKASPACE' ) );
#6245 = MECHANICAL_DESIGN_GEOMETRIC_PRESENTATION_REPRESENTATION (  '', ( #6126 ), #6254 ) ;
#6246 =( GEOMETRIC_REPRESENTATION_CONTEXT ( 3 ) GLOBAL_UNCERTAINTY_ASSIGNED_CONTEXT ( ( #6255 ) ) GLOBAL_UNIT_ASSIGNED_CONTEXT ( ( #6265, #6257, #6256 ) ) REPRESENTATION_CONTEXT ( 'NONE', 'WORKASPACE' ) );
#6247 =( NAMED_UNIT ( * ) PLANE_ANGLE_UNIT ( ) SI_UNIT ( $, .RADIAN. ) );
#6248 = MECHANICAL_DESIGN_GEOMETRIC_PRESENTATION_REPRESENTATION (  '', ( #6250 ), #6246 ) ;
#6249 = PRESENTATION_LAYER_ASSIGNMENT (  '', '', ( #6250 ) ) ;
#6250 = STYLED_ITEM ( 'NONE', ( #6251 ), #2439 ) ;
#6251 = PRESENTATION_STYLE_ASSIGNMENT (( #6252 ) ) ;
#6252 = SURFACE_STYLE_USAGE ( .BOTH. , #6253 ) ;
#6253 = SURFACE_SIDE_STYLE ('',( #6258 ) ) ;
#6254 =( GEOMETRIC_REPRESENTATION_CONTEXT ( 3 ) GLOBAL_UNCERTAINTY_ASSIGNED_CONTEXT ( ( #6269 ) ) GLOBAL_UNIT_ASSIGNED_CONTEXT ( ( #6268, #6247, #6264 ) ) REPRESENTATION_CONTEXT ( 'NONE', 'WORKASPACE' ) );
#6255 = UNCERTAINTY_MEASURE_WITH_UNIT (LENGTH_MEASURE( 1.000000000000000100E-005 ), #6265, 'distance_accuracy_value', 'NONE');
#6256 =( NAMED_UNIT ( * ) SI_UNIT ( $, .STERADIAN. ) SOLID_ANGLE_UNIT ( ) );
#6257 =( NAMED_UNIT ( * ) PLANE_ANGLE_UNIT ( ) SI_UNIT ( $, .RADIAN. ) );
#6258 = SURFACE_STYLE_FILL_AREA ( #6259 ) ;
#6259 = FILL_AREA_STYLE ('',( #6260 ) ) ;
#6260 = FILL_AREA_STYLE_COLOUR ( '', #6262 ) ;
#6261 = DIRECTION ( 'NONE',  ( 0.0000000000000000000, 0.9681575870261117700, -0.2503415400683174400 ) ) ;
#6262 = COLOUR_RGB ( '',0.8470588235294117500, 0.8470588235294117500, 0.8470588235294117500 ) ;
#6263 = FACE_OUTER_BOUND ( 'NONE', #2454, .T. ) ;
#6264 =( NAMED_UNIT ( * ) SI_UNIT ( $, .STERADIAN. ) SOLID_ANGLE_UNIT ( ) );
#6265 =( LENGTH_UNIT ( ) NAMED_UNIT ( * ) SI_UNIT ( .MILLI., .METRE. ) );
#6266 = CYLINDRICAL_SURFACE ( 'NONE', #6267, 0.05000000000000003700 ) ;
#6267 = AXIS2_PLACEMENT_3D ( 'NONE', #6271, #6270, #6261 ) ;
#6268 =( LENGTH_UNIT ( ) NAMED_UNIT ( * ) SI_UNIT ( .MILLI., .METRE. ) );
#6269 = UNCERTAINTY_MEASURE_WITH_UNIT (LENGTH_MEASURE( 1.000000000000000100E-005 ), #6268, 'distance_accuracy_value', 'NONE');
#6270 = DIRECTION ( 'NONE',  ( -2.714208416054376200E-017, -0.2503415400683182700, -0.9681575870261115400 ) ) ;
#6271 = CARTESIAN_POINT ( 'NONE',  ( -1.405000000000000700, -0.7620523110292839500, 0.7490186380224027600 ) ) ;
#6272 = SPHERICAL_SURFACE ( 'NONE', #6286, 0.05000000000000000300 ) ;
#6273 = DIRECTION ( 'NONE',  ( 0.0000000000000000000, -0.0000000000000000000, -1.000000000000000000 ) ) ;
#6274 =( NAMED_UNIT ( * ) SI_UNIT ( $, .STERADIAN. ) SOLID_ANGLE_UNIT ( ) );
#6275 = CARTESIAN_POINT ( 'NONE',  ( -1.405000000000000700, -1.472999999999999900, 0.7540937768374315100 ) ) ;
#6276 =( GEOMETRIC_REPRESENTATION_CONTEXT ( 3 ) GLOBAL_UNCERTAINTY_ASSIGNED_CONTEXT ( ( #6314 ) ) GLOBAL_UNIT_ASSIGNED_CONTEXT ( ( #6298, #6316, #6315 ) ) REPRESENTATION_CONTEXT ( 'NONE', 'WORKASPACE' ) );
#6277 = COLOUR_RGB ( '',0.8470588235294117500, 0.8470588235294117500, 0.8470588235294117500 ) ;
#6278 = DIRECTION ( 'NONE',  ( 1.000000000000000000, 0.0000000000000000000, 0.0000000000000000000 ) ) ;
#6279 = AXIS2_PLACEMENT_3D ( 'NONE', #6275, #6273, #6278 ) ;
#6280 = DIRECTION ( 'NONE',  ( 1.000000000000000000, 0.0000000000000000000, 0.0000000000000000000 ) ) ;
#6281 =( LENGTH_UNIT ( ) NAMED_UNIT ( * ) SI_UNIT ( .MILLI., .METRE. ) );
#6282 = FACE_OUTER_BOUND ( 'NONE', #2451, .T. ) ;
#6283 = DIRECTION ( 'NONE',  ( 0.0000000000000000000, 1.000000000000000000, 0.0000000000000000000 ) ) ;
#6284 = CARTESIAN_POINT ( 'NONE',  ( -1.405000000000000700, -1.472999999999999600, 0.7540937768374314000 ) ) ;
#6285 = CIRCLE ( 'NONE', #6279, 0.04999999999999991300 ) ;
#6286 = AXIS2_PLACEMENT_3D ( 'NONE', #6284, #6283, #6280 ) ;
#6287 = SURFACE_STYLE_USAGE ( .BOTH. , #6317 ) ;
#6288 = PRESENTATION_LAYER_ASSIGNMENT (  '', '', ( #6292 ) ) ;
#6289 =( NAMED_UNIT ( * ) PLANE_ANGLE_UNIT ( ) SI_UNIT ( $, .RADIAN. ) );
#6290 =( LENGTH_UNIT ( ) NAMED_UNIT ( * ) SI_UNIT ( .MILLI., .METRE. ) );
#6291 = PRESENTATION_STYLE_ASSIGNMENT (( #6287 ) ) ;
#6292 = STYLED_ITEM ( 'NONE', ( #6291 ), #2442 ) ;
#6293 = SURFACE_STYLE_FILL_AREA ( #6294 ) ;
#6294 = FILL_AREA_STYLE ('',( #6318 ) ) ;
#6295 = MECHANICAL_DESIGN_GEOMETRIC_PRESENTATION_REPRESENTATION (  '', ( #6292 ), #6325 ) ;
#6296 = UNCERTAINTY_MEASURE_WITH_UNIT (LENGTH_MEASURE( 1.000000000000000100E-005 ), #6290, 'distance_accuracy_value', 'NONE');
#6297 =( NAMED_UNIT ( * ) SI_UNIT ( $, .STERADIAN. ) SOLID_ANGLE_UNIT ( ) );
#6298 =( LENGTH_UNIT ( ) NAMED_UNIT ( * ) SI_UNIT ( .MILLI., .METRE. ) );
#6299 = MECHANICAL_DESIGN_GEOMETRIC_PRESENTATION_REPRESENTATION (  '', ( #6301 ), #6276 ) ;
#6300 = PRESENTATION_LAYER_ASSIGNMENT (  '', '', ( #6301 ) ) ;
#6301 = STYLED_ITEM ( 'NONE', ( #6302 ), #2447 ) ;
#6302 = PRESENTATION_STYLE_ASSIGNMENT (( #6303 ) ) ;
#6303 = SURFACE_STYLE_USAGE ( .BOTH. , #6304 ) ;
#6304 = SURFACE_SIDE_STYLE ('',( #6305 ) ) ;
#6305 = SURFACE_STYLE_FILL_AREA ( #6306 ) ;
#6306 = FILL_AREA_STYLE ('',( #6307 ) ) ;
#6307 = FILL_AREA_STYLE_COLOUR ( '', #6308 ) ;
#6308 = COLOUR_RGB ( '',0.8470588235294117500, 0.8470588235294117500, 0.8470588235294117500 ) ;
#6309 = DIRECTION ( 'NONE',  ( -1.000000000000000000, 0.0000000000000000000, 0.0000000000000000000 ) ) ;
#6310 = DIRECTION ( 'NONE',  ( 0.0000000000000000000, 0.0000000000000000000, -1.000000000000000000 ) ) ;
#6311 = CARTESIAN_POINT ( 'NONE',  ( -1.405000000000000700, -1.472999999999999900, 0.5840937768374314700 ) ) ;
#6312 = AXIS2_PLACEMENT_3D ( 'NONE', #6311, #6310, #6309 ) ;
#6313 = FACE_OUTER_BOUND ( 'NONE', #2438, .T. ) ;
#6314 = UNCERTAINTY_MEASURE_WITH_UNIT (LENGTH_MEASURE( 1.000000000000000100E-005 ), #6298, 'distance_accuracy_value', 'NONE');
#6315 =( NAMED_UNIT ( * ) SI_UNIT ( $, .STERADIAN. ) SOLID_ANGLE_UNIT ( ) );
#6316 =( NAMED_UNIT ( * ) PLANE_ANGLE_UNIT ( ) SI_UNIT ( $, .RADIAN. ) );
#6317 = SURFACE_SIDE_STYLE ('',( #6293 ) ) ;
#6318 = FILL_AREA_STYLE_COLOUR ( '', #6277 ) ;
#6319 = CARTESIAN_POINT ( 'NONE',  ( -1.405000000000000700, -1.472999999999999900, 0.5840937768374314700 ) ) ;
#6320 = SPHERICAL_SURFACE ( 'NONE', #6324, 0.05000000000000000300 ) ;
#6321 = CIRCLE ( 'NONE', #6312, 0.04999999999999991300 ) ;
#6322 = DIRECTION ( 'NONE',  ( 1.000000000000000000, 0.0000000000000000000, 0.0000000000000000000 ) ) ;
#6323 = DIRECTION ( 'NONE',  ( 0.0000000000000000000, 1.000000000000000000, 0.0000000000000000000 ) ) ;
#6324 = AXIS2_PLACEMENT_3D ( 'NONE', #6319, #6323, #6322 ) ;
#6325 =( GEOMETRIC_REPRESENTATION_CONTEXT ( 3 ) GLOBAL_UNCERTAINTY_ASSIGNED_CONTEXT ( ( #6296 ) ) GLOBAL_UNIT_ASSIGNED_CONTEXT ( ( #6290, #6289, #6297 ) ) REPRESENTATION_CONTEXT ( 'NONE', 'WORKASPACE' ) );
#6326 = UNCERTAINTY_MEASURE_WITH_UNIT (LENGTH_MEASURE( 1.000000000000000100E-005 ), #6335, 'distance_accuracy_value', 'NONE');
#6327 =( NAMED_UNIT ( * ) SI_UNIT ( $, .STERADIAN. ) SOLID_ANGLE_UNIT ( ) );
#6328 =( NAMED_UNIT ( * ) PLANE_ANGLE_UNIT ( ) SI_UNIT ( $, .RADIAN. ) );
#6329 = CARTESIAN_POINT ( 'NONE',  ( -1.405000000000000700, -1.472999999999999900, 0.7540937768374315100 ) ) ;
#6330 = FILL_AREA_STYLE ('',( #6332 ) ) ;
#6331 = CARTESIAN_POINT ( 'NONE',  ( -2.085000000000000000, -0.6056240298486852400, 1.353981071380927500 ) ) ;
#6332 = FILL_AREA_STYLE_COLOUR ( '', #6350 ) ;
#6333 = FACE_OUTER_BOUND ( 'NONE', #2386, .T. ) ;
#6334 = DIRECTION ( 'NONE',  ( 0.0000000000000000000, 0.0000000000000000000, -1.000000000000000000 ) ) ;
#6335 =( LENGTH_UNIT ( ) NAMED_UNIT ( * ) SI_UNIT ( .MILLI., .METRE. ) );
#6336 = MECHANICAL_DESIGN_GEOMETRIC_PRESENTATION_REPRESENTATION (  '', ( #6344 ), #6353 ) ;
#6337 = DIRECTION ( 'NONE',  ( 1.000000000000000000, 0.0000000000000000000, 0.0000000000000000000 ) ) ;
#6338 = DIRECTION ( 'NONE',  ( 0.0000000000000000000, 0.0000000000000000000, 1.000000000000000000 ) ) ;
#6339 = CIRCLE ( 'NONE', #6341, 0.05000000000000002400 ) ;
#6340 = DIRECTION ( 'NONE',  ( 0.0000000000000000000, -1.000000000000000000, 0.0000000000000000000 ) ) ;
#6341 = AXIS2_PLACEMENT_3D ( 'NONE', #6329, #6340, #6334 ) ;
#6342 = CARTESIAN_POINT ( 'NONE',  ( -1.405000000000000700, -1.472999999999999900, 0.8040937768374314400 ) ) ;
#6343 = PRESENTATION_LAYER_ASSIGNMENT (  '', '', ( #6344 ) ) ;
#6344 = STYLED_ITEM ( 'NONE', ( #6345 ), #2460 ) ;
#6345 = PRESENTATION_STYLE_ASSIGNMENT (( #6346 ) ) ;
#6346 = SURFACE_STYLE_USAGE ( .BOTH. , #6348 ) ;
#6347 = CYLINDRICAL_SURFACE ( 'NONE', #6351, 0.04999999999999991300 ) ;
#6348 = SURFACE_SIDE_STYLE ('',( #6349 ) ) ;
#6349 = SURFACE_STYLE_FILL_AREA ( #6330 ) ;
#6350 = COLOUR_RGB ( '',0.8470588235294117500, 0.8470588235294117500, 0.8470588235294117500 ) ;
#6351 = AXIS2_PLACEMENT_3D ( 'NONE', #6342, #6338, #6337 ) ;
#6352 =( LENGTH_UNIT ( ) NAMED_UNIT ( * ) SI_UNIT ( .MILLI., .METRE. ) );
#6353 =( GEOMETRIC_REPRESENTATION_CONTEXT ( 3 ) GLOBAL_UNCERTAINTY_ASSIGNED_CONTEXT ( ( #6326 ) ) GLOBAL_UNIT_ASSIGNED_CONTEXT ( ( #6335, #6328, #6327 ) ) REPRESENTATION_CONTEXT ( 'NONE', 'WORKASPACE' ) );
#6354 = MECHANICAL_DESIGN_GEOMETRIC_PRESENTATION_REPRESENTATION (  '', ( #6356 ), #6376 ) ;
#6355 = PRESENTATION_LAYER_ASSIGNMENT (  '', '', ( #6356 ) ) ;
#6356 = STYLED_ITEM ( 'NONE', ( #6357 ), #2461 ) ;
#6357 = PRESENTATION_STYLE_ASSIGNMENT (( #6359 ) ) ;
#6358 = AXIS2_PLACEMENT_3D ( 'NONE', #6366, #6365, #6364 ) ;
#6359 = SURFACE_STYLE_USAGE ( .BOTH. , #6360 ) ;
#6360 = SURFACE_SIDE_STYLE ('',( #6361 ) ) ;
#6361 = SURFACE_STYLE_FILL_AREA ( #6362 ) ;
#6362 = FILL_AREA_STYLE ('',( #6363 ) ) ;
#6363 = FILL_AREA_STYLE_COLOUR ( '', #6368 ) ;
#6364 = DIRECTION ( 'NONE',  ( 1.000000000000000000, -1.084202172485507300E-016, 0.0000000000000000000 ) ) ;
#6365 = DIRECTION ( 'NONE',  ( -1.084202172485504400E-016, -1.000000000000000000, 0.0000000000000000000 ) ) ;
#6366 = CARTESIAN_POINT ( 'NONE',  ( -1.405000000000000700, -1.704907916233456000E-016, 1.353981071380927500 ) ) ;
#6367 = CYLINDRICAL_SURFACE ( 'NONE', #6358, 0.04999999999999991300 ) ;
#6368 = COLOUR_RGB ( '',0.8470588235294117500, 0.8470588235294117500, 0.8470588235294117500 ) ;
#6369 = FACE_OUTER_BOUND ( 'NONE', #2432, .T. ) ;
#6370 = DIRECTION ( 'NONE',  ( 1.084202172485504600E-016, 1.000000000000000000, 0.0000000000000000000 ) ) ;
#6371 = AXIS2_PLACEMENT_3D ( 'NONE', #6375, #6374, #6370 ) ;
#6372 =( NAMED_UNIT ( * ) PLANE_ANGLE_UNIT ( ) SI_UNIT ( $, .RADIAN. ) );
#6373 = UNCERTAINTY_MEASURE_WITH_UNIT (LENGTH_MEASURE( 1.000000000000000100E-005 ), #6281, 'distance_accuracy_value', 'NONE');
#6374 = DIRECTION ( 'NONE',  ( 1.000000000000000000, -1.084202172485504400E-016, -0.0000000000000000000 ) ) ;
#6375 = CARTESIAN_POINT ( 'NONE',  ( -1.405000000000000700, -0.9750469801750290000, 0.8040937768374313300 ) ) ;
#6376 =( GEOMETRIC_REPRESENTATION_CONTEXT ( 3 ) GLOBAL_UNCERTAINTY_ASSIGNED_CONTEXT ( ( #6373 ) ) GLOBAL_UNIT_ASSIGNED_CONTEXT ( ( #6281, #6372, #6380 ) ) REPRESENTATION_CONTEXT ( 'NONE', 'WORKASPACE' ) );
#6377 = AXIS2_PLACEMENT_3D ( 'NONE', #6389, #6388, #6387 ) ;
#6378 = CIRCLE ( 'NONE', #6377, 0.05000000000000012800 ) ;
#6379 = FACE_OUTER_BOUND ( 'NONE', #2347, .T. ) ;
#6380 =( NAMED_UNIT ( * ) SI_UNIT ( $, .STERADIAN. ) SOLID_ANGLE_UNIT ( ) );
#6381 =( NAMED_UNIT ( * ) PLANE_ANGLE_UNIT ( ) SI_UNIT ( $, .RADIAN. ) );
#6382 =( LENGTH_UNIT ( ) NAMED_UNIT ( * ) SI_UNIT ( .MILLI., .METRE. ) );
#6383 = SURFACE_STYLE_FILL_AREA ( #6384 ) ;
#6384 = FILL_AREA_STYLE ('',( #6385 ) ) ;
#6385 = FILL_AREA_STYLE_COLOUR ( '', #6386 ) ;
#6386 = COLOUR_RGB ( '',0.8470588235294117500, 0.8470588235294117500, 0.8470588235294117500 ) ;
#6387 = DIRECTION ( 'NONE',  ( 1.000000000000000000, 0.0000000000000000000, 0.0000000000000000000 ) ) ;
#6388 = DIRECTION ( 'NONE',  ( 0.0000000000000000000, 0.0000000000000000000, 1.000000000000000000 ) ) ;
#6389 = CARTESIAN_POINT ( 'NONE',  ( -2.035000000000000100, -1.472999999999999900, 0.7540937768374315100 ) ) ;
#6390 = TOROIDAL_SURFACE ( 'NONE', #6371, 0.2200000000000001100, 0.05000000000000000300 ) ;
#6391 = MECHANICAL_DESIGN_GEOMETRIC_PRESENTATION_REPRESENTATION (  '', ( #6393 ), #6434 ) ;
#6392 = PRESENTATION_LAYER_ASSIGNMENT (  '', '', ( #6393 ) ) ;
#6393 = STYLED_ITEM ( 'NONE', ( #6394 ), #2471 ) ;
#6394 = PRESENTATION_STYLE_ASSIGNMENT (( #6395 ) ) ;
#6395 = SURFACE_STYLE_USAGE ( .BOTH. , #6396 ) ;
#6396 = SURFACE_SIDE_STYLE ('',( #6383 ) ) ;
#6397 = DIRECTION ( 'NONE',  ( 1.000000000000000000, 0.0000000000000000000, 0.0000000000000000000 ) ) ;
#6398 = DIRECTION ( 'NONE',  ( -1.084202172485504400E-016, -1.000000000000000000, 0.0000000000000000000 ) ) ;
#6399 = COLOUR_RGB ( '',0.8470588235294117500, 0.8470588235294117500, 0.8470588235294117500 ) ;
#6400 = FACE_OUTER_BOUND ( 'NONE', #2474, .T. ) ;
#6401 =( BOUNDED_CURVE ( )  B_SPLINE_CURVE ( 3, ( #6512, #6511, #6510, #6509 ),
 .UNSPECIFIED., .F., .T. ) 
 B_SPLINE_CURVE_WITH_KNOTS ( ( 4, 4 ),
 ( 8.589666033349982800E-015, 1.570796326794896600 ),
 .UNSPECIFIED. ) 
 CURVE ( )  GEOMETRIC_REPRESENTATION_ITEM ( )  RATIONAL_B_SPLINE_CURVE ( ( 1.000000000000000000, 0.8047378541243670500, 0.8047378541243670500, 1.000000000000000000 ) ) 
 REPRESENTATION_ITEM ( '' )  );
#6402 = DIRECTION ( 'NONE',  ( 1.084202172485504600E-016, 1.000000000000000000, 0.0000000000000000000 ) ) ;
#6403 = DIRECTION ( 'NONE',  ( 1.000000000000000000, -1.084202172485504400E-016, -0.0000000000000000000 ) ) ;
#6404 = AXIS2_PLACEMENT_3D ( 'NONE', #6505, #6403, #6402 ) ;
#6405 = MECHANICAL_DESIGN_GEOMETRIC_PRESENTATION_REPRESENTATION (  '', ( #6407 ), #6495 ) ;
#6406 = PRESENTATION_LAYER_ASSIGNMENT (  '', '', ( #6407 ) ) ;
#6407 = STYLED_ITEM ( 'NONE', ( #6408 ), #2484 ) ;
#6408 = PRESENTATION_STYLE_ASSIGNMENT (( #6409 ) ) ;
#6409 = SURFACE_STYLE_USAGE ( .BOTH. , #6410 ) ;
#6410 = SURFACE_SIDE_STYLE ('',( #6411 ) ) ;
#6411 = SURFACE_STYLE_FILL_AREA ( #6412 ) ;
#6412 = FILL_AREA_STYLE ('',( #6422 ) ) ;
#6413 = UNCERTAINTY_MEASURE_WITH_UNIT (LENGTH_MEASURE( 1.000000000000000100E-005 ), #6437, 'distance_accuracy_value', 'NONE');
#6414 =( NAMED_UNIT ( * ) SI_UNIT ( $, .STERADIAN. ) SOLID_ANGLE_UNIT ( ) );
#6415 = FILL_AREA_STYLE_COLOUR ( '', #6420 ) ;
#6416 = DIRECTION ( 'NONE',  ( 1.000000000000000000, 0.0000000000000000000, 0.0000000000000000000 ) ) ;
#6417 = DIRECTION ( 'NONE',  ( 0.0000000000000000000, 1.000000000000000000, 0.0000000000000000000 ) ) ;
#6418 = AXIS2_PLACEMENT_3D ( 'NONE', #6494, #6417, #6416 ) ;
#6419 = SPHERICAL_SURFACE ( 'NONE', #6418, 0.05000000000000000300 ) ;
#6420 = COLOUR_RGB ( '',0.8470588235294117500, 0.8470588235294117500, 0.8470588235294117500 ) ;
#6421 = FACE_OUTER_BOUND ( 'NONE', #2488, .T. ) ;
#6422 = FILL_AREA_STYLE_COLOUR ( '', #6423 ) ;
#6423 = COLOUR_RGB ( '',0.8470588235294117500, 0.8470588235294117500, 0.8470588235294117500 ) ;
#6424 = FACE_OUTER_BOUND ( 'NONE', #2485, .T. ) ;
#6425 = CARTESIAN_POINT ( 'NONE',  ( -2.085000000000000000, -0.7620523110292838400, 0.7490186380224025400 ) ) ;
#6426 = DIRECTION ( 'NONE',  ( 0.0000000000000000000, 0.9681575870261126500, -0.2503415400683133300 ) ) ;
#6427 = DIRECTION ( 'NONE',  ( 4.198714236648130000E-015, -0.2503415400683133300, -0.9681575870261127600 ) ) ;
#6428 = CARTESIAN_POINT ( 'NONE',  ( -2.035000000000000100, -0.7799029738905033400, 1.359056210195956200 ) ) ;
#6429 = AXIS2_PLACEMENT_3D ( 'NONE', #6428, #6427, #6426 ) ;
#6430 = CIRCLE ( 'NONE', #6429, 0.04999999999999998900 ) ;
#6431 = CYLINDRICAL_SURFACE ( 'NONE', #6503, 0.05000000000000002400 ) ;
#6432 = CARTESIAN_POINT ( 'NONE',  ( -1.405000000000000700, -0.9750469801750303300, 0.5840937768374313600 ) ) ;
#6433 =( GEOMETRIC_REPRESENTATION_CONTEXT ( 3 ) GLOBAL_UNCERTAINTY_ASSIGNED_CONTEXT ( ( #6522 ) ) GLOBAL_UNIT_ASSIGNED_CONTEXT ( ( #6508, #6507, #6523 ) ) REPRESENTATION_CONTEXT ( 'NONE', 'WORKASPACE' ) );
#6434 =( GEOMETRIC_REPRESENTATION_CONTEXT ( 3 ) GLOBAL_UNCERTAINTY_ASSIGNED_CONTEXT ( ( #6513 ) ) GLOBAL_UNIT_ASSIGNED_CONTEXT ( ( #6382, #6381, #6435 ) ) REPRESENTATION_CONTEXT ( 'NONE', 'WORKASPACE' ) );
#6435 =( NAMED_UNIT ( * ) SI_UNIT ( $, .STERADIAN. ) SOLID_ANGLE_UNIT ( ) );
#6436 =( NAMED_UNIT ( * ) PLANE_ANGLE_UNIT ( ) SI_UNIT ( $, .RADIAN. ) );
#6437 =( LENGTH_UNIT ( ) NAMED_UNIT ( * ) SI_UNIT ( .MILLI., .METRE. ) );
#6438 =( NAMED_UNIT ( * ) PLANE_ANGLE_UNIT ( ) SI_UNIT ( $, .RADIAN. ) );
#6439 =( LENGTH_UNIT ( ) NAMED_UNIT ( * ) SI_UNIT ( .MILLI., .METRE. ) );
#6440 = MECHANICAL_DESIGN_GEOMETRIC_PRESENTATION_REPRESENTATION (  '', ( #6442 ), #6540 ) ;
#6441 = PRESENTATION_LAYER_ASSIGNMENT (  '', '', ( #6442 ) ) ;
#6442 = STYLED_ITEM ( 'NONE', ( #6476 ), #2509 ) ;
#6443 =( GEOMETRIC_REPRESENTATION_CONTEXT ( 3 ) GLOBAL_UNCERTAINTY_ASSIGNED_CONTEXT ( ( #6444 ) ) GLOBAL_UNIT_ASSIGNED_CONTEXT ( ( #6466, #6465, #6445 ) ) REPRESENTATION_CONTEXT ( 'NONE', 'WORKASPACE' ) );
#6444 = UNCERTAINTY_MEASURE_WITH_UNIT (LENGTH_MEASURE( 1.000000000000000100E-005 ), #6466, 'distance_accuracy_value', 'NONE');
#6445 =( NAMED_UNIT ( * ) SI_UNIT ( $, .STERADIAN. ) SOLID_ANGLE_UNIT ( ) );
#6446 =( NAMED_UNIT ( * ) PLANE_ANGLE_UNIT ( ) SI_UNIT ( $, .RADIAN. ) );
#6447 =( LENGTH_UNIT ( ) NAMED_UNIT ( * ) SI_UNIT ( .MILLI., .METRE. ) );
#6448 = CARTESIAN_POINT ( 'NONE',  ( -0.3150000000000001700, -0.9750469801750302200, 0.5340937768374313100 ) ) ;
#6449 = FILL_AREA_STYLE_COLOUR ( '', #6450 ) ;
#6450 = COLOUR_RGB ( '',0.8470588235294117500, 0.8470588235294117500, 0.8470588235294117500 ) ;
#6451 = FACE_OUTER_BOUND ( 'NONE', #2408, .T. ) ;
#6452 = DIRECTION ( 'NONE',  ( -1.000000000000000000, 1.084202172485504600E-016, 0.0000000000000000000 ) ) ;
#6453 = VECTOR ( 'NONE', #6452, 1000.000000000000000 ) ;
#6454 = CARTESIAN_POINT ( 'NONE',  ( 0.3649999999999994400, -0.9750469801750303300, 0.5340937768374313100 ) ) ;
#6455 = LINE ( 'NONE', #6454, #6453 ) ;
#6456 = CARTESIAN_POINT ( 'NONE',  ( 0.3149999999999992800, -0.7136444316779783100, 0.7365015610189868900 ) ) ;
#6457 = DIRECTION ( 'NONE',  ( 0.0000000000000000000, 4.336808689942015400E-015, 1.000000000000000000 ) ) ;
#6458 = DIRECTION ( 'NONE',  ( 0.0000000000000000000, 1.000000000000000000, -4.336808689942016200E-015 ) ) ;
#6459 = CARTESIAN_POINT ( 'NONE',  ( -1.405000000000000700, -0.9750469801750301100, 0.5840937768374313600 ) ) ;
#6460 = AXIS2_PLACEMENT_3D ( 'NONE', #6459, #6458, #6457 ) ;
#6461 = CIRCLE ( 'NONE', #6460, 0.05000000000000002400 ) ;
#6462 = MECHANICAL_DESIGN_GEOMETRIC_PRESENTATION_REPRESENTATION (  '', ( #6464 ), #6433 ) ;
#6463 = PRESENTATION_LAYER_ASSIGNMENT (  '', '', ( #6464 ) ) ;
#6464 = STYLED_ITEM ( 'NONE', ( #6488 ), #2473 ) ;
#6465 =( NAMED_UNIT ( * ) PLANE_ANGLE_UNIT ( ) SI_UNIT ( $, .RADIAN. ) );
#6466 =( LENGTH_UNIT ( ) NAMED_UNIT ( * ) SI_UNIT ( .MILLI., .METRE. ) );
#6467 = MECHANICAL_DESIGN_GEOMETRIC_PRESENTATION_REPRESENTATION (  '', ( #6469 ), #6443 ) ;
#6468 = PRESENTATION_LAYER_ASSIGNMENT (  '', '', ( #6469 ) ) ;
#6469 = STYLED_ITEM ( 'NONE', ( #6470 ), #2504 ) ;
#6470 = PRESENTATION_STYLE_ASSIGNMENT (( #6471 ) ) ;
#6471 = SURFACE_STYLE_USAGE ( .BOTH. , #6472 ) ;
#6472 = SURFACE_SIDE_STYLE ('',( #6473 ) ) ;
#6473 = SURFACE_STYLE_FILL_AREA ( #6474 ) ;
#6474 = FILL_AREA_STYLE ('',( #6449 ) ) ;
#6475 = FACE_OUTER_BOUND ( 'NONE', #2345, .T. ) ;
#6476 = PRESENTATION_STYLE_ASSIGNMENT (( #6477 ) ) ;
#6477 = SURFACE_STYLE_USAGE ( .BOTH. , #6478 ) ;
#6478 = SURFACE_SIDE_STYLE ('',( #6479 ) ) ;
#6479 = SURFACE_STYLE_FILL_AREA ( #6484 ) ;
#6480 = DIRECTION ( 'NONE',  ( 0.0000000000000000000, 0.9681575870261117700, -0.2503415400683174400 ) ) ;
#6481 = DIRECTION ( 'NONE',  ( -2.714208416054373100E-017, -0.2503415400683179900, -0.9681575870261115400 ) ) ;
#6482 = AXIS2_PLACEMENT_3D ( 'NONE', #6487, #6481, #6480 ) ;
#6483 = CYLINDRICAL_SURFACE ( 'NONE', #6482, 0.05000000000000003700 ) ;
#6484 = FILL_AREA_STYLE ('',( #6485 ) ) ;
#6485 = FILL_AREA_STYLE_COLOUR ( '', #6486 ) ;
#6486 = COLOUR_RGB ( '',0.8470588235294117500, 0.8470588235294117500, 0.8470588235294117500 ) ;
#6487 = CARTESIAN_POINT ( 'NONE',  ( -2.035000000000000100, -0.9266391008237231400, 0.7915766998340153500 ) ) ;
#6488 = PRESENTATION_STYLE_ASSIGNMENT (( #6489 ) ) ;
#6489 = SURFACE_STYLE_USAGE ( .BOTH. , #6490 ) ;
#6490 = SURFACE_SIDE_STYLE ('',( #6491 ) ) ;
#6491 = SURFACE_STYLE_FILL_AREA ( #6492 ) ;
#6492 = FILL_AREA_STYLE ('',( #6493 ) ) ;
#6493 = FILL_AREA_STYLE_COLOUR ( '', #6399 ) ;
#6494 = CARTESIAN_POINT ( 'NONE',  ( -2.035000000000000100, -1.472999999999999600, 0.7540937768374315100 ) ) ;
#6495 =( GEOMETRIC_REPRESENTATION_CONTEXT ( 3 ) GLOBAL_UNCERTAINTY_ASSIGNED_CONTEXT ( ( #6496 ) ) GLOBAL_UNIT_ASSIGNED_CONTEXT ( ( #6447, #6446, #6497 ) ) REPRESENTATION_CONTEXT ( 'NONE', 'WORKASPACE' ) );
#6496 = UNCERTAINTY_MEASURE_WITH_UNIT (LENGTH_MEASURE( 1.000000000000000100E-005 ), #6447, 'distance_accuracy_value', 'NONE');
#6497 =( NAMED_UNIT ( * ) SI_UNIT ( $, .STERADIAN. ) SOLID_ANGLE_UNIT ( ) );
#6498 = CARTESIAN_POINT ( 'NONE',  ( -2.035000000000000100, -0.9750469801750290000, 0.7540937768374315100 ) ) ;
#6499 = AXIS2_PLACEMENT_3D ( 'NONE', #6498, #6398, #6397 ) ;
#6500 = CYLINDRICAL_SURFACE ( 'NONE', #6499, 0.05000000000000012800 ) ;
#6501 = DIRECTION ( 'NONE',  ( 0.0000000000000000000, 0.0000000000000000000, -1.000000000000000000 ) ) ;
#6502 = DIRECTION ( 'NONE',  ( -1.084202172485504400E-016, -1.000000000000000000, 1.978640747033070800E-016 ) ) ;
#6503 = AXIS2_PLACEMENT_3D ( 'NONE', #6432, #6502, #6501 ) ;
#6504 = TOROIDAL_SURFACE ( 'NONE', #6404, 0.2200000000000000600, 0.05000000000000000300 ) ;
#6505 = CARTESIAN_POINT ( 'NONE',  ( -2.035000000000000100, -0.5669083047447584000, 1.303981071380927400 ) ) ;
#6506 =( GEOMETRIC_REPRESENTATION_CONTEXT ( 3 ) GLOBAL_UNCERTAINTY_ASSIGNED_CONTEXT ( ( #6413 ) ) GLOBAL_UNIT_ASSIGNED_CONTEXT ( ( #6437, #6436, #6414 ) ) REPRESENTATION_CONTEXT ( 'NONE', 'WORKASPACE' ) );
#6507 =( NAMED_UNIT ( * ) PLANE_ANGLE_UNIT ( ) SI_UNIT ( $, .RADIAN. ) );
#6508 =( LENGTH_UNIT ( ) NAMED_UNIT ( * ) SI_UNIT ( .MILLI., .METRE. ) );
#6509 = CARTESIAN_POINT ( 'NONE',  ( -1.355000000000000400, -0.6056240298486853500, 1.353981071380927500 ) ) ;
#6510 = CARTESIAN_POINT ( 'NONE',  ( -1.355000000000001100, -0.5829448831599136600, 1.324691749499582500 ) ) ;
#6511 = CARTESIAN_POINT ( 'NONE',  ( -1.375710678118655000, -0.5669083047447587300, 1.303981071380927700 ) ) ;
#6512 = CARTESIAN_POINT ( 'NONE',  ( -1.405000000000000200, -0.5669083047447585100, 1.303981071380927400 ) ) ;
#6513 = UNCERTAINTY_MEASURE_WITH_UNIT (LENGTH_MEASURE( 1.000000000000000100E-005 ), #6382, 'distance_accuracy_value', 'NONE');
#6514 = MECHANICAL_DESIGN_GEOMETRIC_PRESENTATION_REPRESENTATION (  '', ( #6516 ), #6506 ) ;
#6515 = PRESENTATION_LAYER_ASSIGNMENT (  '', '', ( #6516 ) ) ;
#6516 = STYLED_ITEM ( 'NONE', ( #6517 ), #2487 ) ;
#6517 = PRESENTATION_STYLE_ASSIGNMENT (( #6518 ) ) ;
#6518 = SURFACE_STYLE_USAGE ( .BOTH. , #6519 ) ;
#6519 = SURFACE_SIDE_STYLE ('',( #6520 ) ) ;
#6520 = SURFACE_STYLE_FILL_AREA ( #6521 ) ;
#6521 = FILL_AREA_STYLE ('',( #6415 ) ) ;
#6522 = UNCERTAINTY_MEASURE_WITH_UNIT (LENGTH_MEASURE( 1.000000000000000100E-005 ), #6508, 'distance_accuracy_value', 'NONE');
#6523 =( NAMED_UNIT ( * ) SI_UNIT ( $, .STERADIAN. ) SOLID_ANGLE_UNIT ( ) );
#6524 = CYLINDRICAL_SURFACE ( 'NONE', #6530, 0.05000000000000003700 ) ;
#6525 = DIRECTION ( 'NONE',  ( 2.714208416054376200E-017, 0.2503415400683182700, 0.9681575870261115400 ) ) ;
#6526 = CARTESIAN_POINT ( 'NONE',  ( -3.754999999999999900, -0.7620523110292841700, 0.7490186380224013200 ) ) ;
#6527 = CARTESIAN_POINT ( 'NONE',  ( -3.754999999999999900, -0.5669083047447584000, 1.303981071380927400 ) ) ;
#6528 = CARTESIAN_POINT ( 'NONE',  ( -3.784289321881345400, -0.5669083047447582800, 1.303981071380927200 ) ) ;
#6529 = DIRECTION ( 'NONE',  ( 0.0000000000000000000, -0.9681575870261117700, 0.2503415400683174400 ) ) ;
#6530 = AXIS2_PLACEMENT_3D ( 'NONE', #6526, #6525, #6529 ) ;
#6531 = AXIS2_PLACEMENT_3D ( 'NONE', #6535, #6533, #6532 ) ;
#6532 = DIRECTION ( 'NONE',  ( 1.000000000000000000, 0.0000000000000000000, 0.0000000000000000000 ) ) ;
#6533 = DIRECTION ( 'NONE',  ( 0.0000000000000000000, 1.000000000000000000, 0.0000000000000000000 ) ) ;
#6534 = UNCERTAINTY_MEASURE_WITH_UNIT (LENGTH_MEASURE( 1.000000000000000100E-005 ), #6439, 'distance_accuracy_value', 'NONE');
#6535 = CARTESIAN_POINT ( 'NONE',  ( -2.035000000000000100, -1.472999999999999900, 0.5840937768374314700 ) ) ;
#6536 =( BOUNDED_CURVE ( )  B_SPLINE_CURVE ( 3, ( #6539, #6538, #6528, #6527 ),
 .UNSPECIFIED., .F., .T. ) 
 B_SPLINE_CURVE_WITH_KNOTS ( ( 4, 4 ),
 ( 1.570796326794896600, 3.141592653589793100 ),
 .UNSPECIFIED. ) 
 CURVE ( )  GEOMETRIC_REPRESENTATION_ITEM ( )  RATIONAL_B_SPLINE_CURVE ( ( 1.000000000000000000, 0.8047378541243649400, 0.8047378541243649400, 1.000000000000000000 ) ) 
 REPRESENTATION_ITEM ( '' )  );
#6537 = MECHANICAL_DESIGN_GEOMETRIC_PRESENTATION_REPRESENTATION (  '', ( #6554 ), #6663 ) ;
#6538 = CARTESIAN_POINT ( 'NONE',  ( -3.805000000000000600, -0.5829448831599133300, 1.324691749499582200 ) ) ;
#6539 = CARTESIAN_POINT ( 'NONE',  ( -3.805000000000000200, -0.6056240298486852400, 1.353981071380927500 ) ) ;
#6540 =( GEOMETRIC_REPRESENTATION_CONTEXT ( 3 ) GLOBAL_UNCERTAINTY_ASSIGNED_CONTEXT ( ( #6534 ) ) GLOBAL_UNIT_ASSIGNED_CONTEXT ( ( #6439, #6438, #6274 ) ) REPRESENTATION_CONTEXT ( 'NONE', 'WORKASPACE' ) );
#6541 = SPHERICAL_SURFACE ( 'NONE', #6531, 0.05000000000000000300 ) ;
#6542 = FACE_OUTER_BOUND ( 'NONE', #4805, .T. ) ;
#6543 = CARTESIAN_POINT ( 'NONE',  ( 0.3649999999999994400, -0.6056240298486853500, 1.353981071380927500 ) ) ;
#6544 = CARTESIAN_POINT ( 'NONE',  ( 0.3649999999999993800, -0.5829448831599136600, 1.324691749499582500 ) ) ;
#6545 = CARTESIAN_POINT ( 'NONE',  ( 0.3442893218813448700, -0.5669083047447587300, 1.303981071380927700 ) ) ;
#6546 = CARTESIAN_POINT ( 'NONE',  ( 0.3149999999999997200, -0.5669083047447585100, 1.303981071380927400 ) ) ;
#6547 = DIRECTION ( 'NONE',  ( 1.000000000000000000, 0.0000000000000000000, 0.0000000000000000000 ) ) ;
#6548 = DIRECTION ( 'NONE',  ( -1.084202172485504400E-016, -1.000000000000000000, 0.0000000000000000000 ) ) ;
#6549 =( NAMED_UNIT ( * ) SI_UNIT ( $, .STERADIAN. ) SOLID_ANGLE_UNIT ( ) );
#6550 = MECHANICAL_DESIGN_GEOMETRIC_PRESENTATION_REPRESENTATION (  '', ( #6582 ), #6572 ) ;
#6551 = PRESENTATION_LAYER_ASSIGNMENT (  '', '', ( #6582 ) ) ;
#6552 = AXIS2_PLACEMENT_3D ( 'NONE', #6567, #6587, #6578 ) ;
#6553 = PRESENTATION_LAYER_ASSIGNMENT (  '', '', ( #6554 ) ) ;
#6554 = STYLED_ITEM ( 'NONE', ( #6555 ), #2533 ) ;
#6555 = PRESENTATION_STYLE_ASSIGNMENT (( #6556 ) ) ;
#6556 = SURFACE_STYLE_USAGE ( .BOTH. , #6557 ) ;
#6557 = SURFACE_SIDE_STYLE ('',( #6558 ) ) ;
#6558 = SURFACE_STYLE_FILL_AREA ( #6559 ) ;
#6559 = FILL_AREA_STYLE ('',( #6566 ) ) ;
#6560 = COLOUR_RGB ( '',0.8470588235294117500, 0.8470588235294117500, 0.8470588235294117500 ) ;
#6561 = FACE_OUTER_BOUND ( 'NONE', #2553, .T. ) ;
#6562 = DIRECTION ( 'NONE',  ( -1.339968697649318100E-016, -1.000000000000000000, 0.0000000000000000000 ) ) ;
#6563 = VECTOR ( 'NONE', #6562, 1000.000000000000000 ) ;
#6564 = CARTESIAN_POINT ( 'NONE',  ( 2.795000000000000800, 8.000000000000000000, -0.01000000000000000000 ) ) ;
#6565 = LINE ( 'NONE', #6564, #6563 ) ;
#6566 = FILL_AREA_STYLE_COLOUR ( '', #6560 ) ;
#6567 = CARTESIAN_POINT ( 'NONE',  ( -3.754999999999999900, -0.7620523110292838400, 0.7490186380224025400 ) ) ;
#6568 = FACE_OUTER_BOUND ( 'NONE', #2523, .T. ) ;
#6569 = FILL_AREA_STYLE_COLOUR ( '', #6585 ) ;
#6570 = CARTESIAN_POINT ( 'NONE',  ( -0.3150000000000001700, -0.9750469801750290000, 1.523981071380927600 ) ) ;
#6571 = AXIS2_PLACEMENT_3D ( 'NONE', #6570, #6548, #6547 ) ;
#6572 =( GEOMETRIC_REPRESENTATION_CONTEXT ( 3 ) GLOBAL_UNCERTAINTY_ASSIGNED_CONTEXT ( ( #6584 ) ) GLOBAL_UNIT_ASSIGNED_CONTEXT ( ( #6579, #6575, #6549 ) ) REPRESENTATION_CONTEXT ( 'NONE', 'WORKASPACE' ) );
#6573 =( BOUNDED_CURVE ( )  B_SPLINE_CURVE ( 3, ( #6546, #6545, #6544, #6543 ),
 .UNSPECIFIED., .F., .T. ) 
 B_SPLINE_CURVE_WITH_KNOTS ( ( 4, 4 ),
 ( 8.589666033349982800E-015, 1.570796326794896600 ),
 .UNSPECIFIED. ) 
 CURVE ( )  GEOMETRIC_REPRESENTATION_ITEM ( )  RATIONAL_B_SPLINE_CURVE ( ( 1.000000000000000000, 0.8047378541243670500, 0.8047378541243670500, 1.000000000000000000 ) ) 
 REPRESENTATION_ITEM ( '' )  );
#6574 = CIRCLE ( 'NONE', #6552, 0.04999999999999998900 ) ;
#6575 =( NAMED_UNIT ( * ) PLANE_ANGLE_UNIT ( ) SI_UNIT ( $, .RADIAN. ) );
#6576 = SURFACE_STYLE_USAGE ( .BOTH. , #6577 ) ;
#6577 = SURFACE_SIDE_STYLE ('',( #6580 ) ) ;
#6578 = DIRECTION ( 'NONE',  ( 0.0000000000000000000, 0.9681575870261126500, -0.2503415400683133300 ) ) ;
#6579 =( LENGTH_UNIT ( ) NAMED_UNIT ( * ) SI_UNIT ( .MILLI., .METRE. ) );
#6580 = SURFACE_STYLE_FILL_AREA ( #6581 ) ;
#6581 = FILL_AREA_STYLE ('',( #6569 ) ) ;
#6582 = STYLED_ITEM ( 'NONE', ( #6583 ), #2522 ) ;
#6583 = PRESENTATION_STYLE_ASSIGNMENT (( #6576 ) ) ;
#6584 = UNCERTAINTY_MEASURE_WITH_UNIT (LENGTH_MEASURE( 1.000000000000000100E-005 ), #6579, 'distance_accuracy_value', 'NONE');
#6585 = COLOUR_RGB ( '',0.8470588235294117500, 0.8470588235294117500, 0.8470588235294117500 ) ;
#6586 = CYLINDRICAL_SURFACE ( 'NONE', #6571, 0.05000000000000002400 ) ;
#6587 = DIRECTION ( 'NONE',  ( -0.0000000000000000000, -0.2503415400683133300, -0.9681575870261127600 ) ) ;
#6588 =( NAMED_UNIT ( * ) PLANE_ANGLE_UNIT ( ) SI_UNIT ( $, .RADIAN. ) );
#6589 = DIRECTION ( 'NONE',  ( -1.000000000000000000, 0.0000000000000000000, 0.0000000000000000000 ) ) ;
#6590 = DIRECTION ( 'NONE',  ( 0.0000000000000000000, 0.0000000000000000000, -1.000000000000000000 ) ) ;
#6591 = STYLED_ITEM ( 'NONE', ( #6592 ), #2541 ) ;
#6592 = PRESENTATION_STYLE_ASSIGNMENT (( #6593 ) ) ;
#6593 = SURFACE_STYLE_USAGE ( .BOTH. , #6594 ) ;
#6594 = SURFACE_SIDE_STYLE ('',( #6595 ) ) ;
#6595 = SURFACE_STYLE_FILL_AREA ( #6596 ) ;
#6596 = FILL_AREA_STYLE ('',( #6618 ) ) ;
#6597 = AXIS2_PLACEMENT_3D ( 'NONE', #6669, #6590, #6589 ) ;
#6598 = MECHANICAL_DESIGN_GEOMETRIC_PRESENTATION_REPRESENTATION (  '', ( #6591 ), #6655 ) ;
#6599 = PRESENTATION_LAYER_ASSIGNMENT (  '', '', ( #6591 ) ) ;
#6600 = MECHANICAL_DESIGN_GEOMETRIC_PRESENTATION_REPRESENTATION (  '', ( #6602 ), #6660 ) ;
#6601 = PRESENTATION_LAYER_ASSIGNMENT (  '', '', ( #6602 ) ) ;
#6602 = STYLED_ITEM ( 'NONE', ( #6603 ), #2551 ) ;
#6603 = PRESENTATION_STYLE_ASSIGNMENT (( #6604 ) ) ;
#6604 = SURFACE_STYLE_USAGE ( .BOTH. , #6605 ) ;
#6605 = SURFACE_SIDE_STYLE ('',( #6606 ) ) ;
#6606 = SURFACE_STYLE_FILL_AREA ( #6629 ) ;
#6607 = COLOUR_RGB ( '',0.8470588235294117500, 0.8470588235294117500, 0.8470588235294117500 ) ;
#6608 = UNCERTAINTY_MEASURE_WITH_UNIT (LENGTH_MEASURE( 1.000000000000000100E-005 ), #6352, 'distance_accuracy_value', 'NONE');
#6609 =( NAMED_UNIT ( * ) SI_UNIT ( $, .STERADIAN. ) SOLID_ANGLE_UNIT ( ) );
#6610 = UNCERTAINTY_MEASURE_WITH_UNIT (LENGTH_MEASURE( 1.000000000000000100E-005 ), #6670, 'distance_accuracy_value', 'NONE');
#6611 = FILL_AREA_STYLE_COLOUR ( '', #6612 ) ;
#6612 = COLOUR_RGB ( '',0.8470588235294117500, 0.8470588235294117500, 0.8470588235294117500 ) ;
#6613 =( GEOMETRIC_REPRESENTATION_CONTEXT ( 3 ) GLOBAL_UNCERTAINTY_ASSIGNED_CONTEXT ( ( #6610 ) ) GLOBAL_UNIT_ASSIGNED_CONTEXT ( ( #6670, #6588, #6609 ) ) REPRESENTATION_CONTEXT ( 'NONE', 'WORKASPACE' ) );
#6614 = CYLINDRICAL_SURFACE ( 'NONE', #6597, 0.05000000000000002400 ) ;
#6615 =( NAMED_UNIT ( * ) PLANE_ANGLE_UNIT ( ) SI_UNIT ( $, .RADIAN. ) );
#6616 =( NAMED_UNIT ( * ) SI_UNIT ( $, .STERADIAN. ) SOLID_ANGLE_UNIT ( ) );
#6617 =( NAMED_UNIT ( * ) PLANE_ANGLE_UNIT ( ) SI_UNIT ( $, .RADIAN. ) );
#6618 = FILL_AREA_STYLE_COLOUR ( '', #6656 ) ;
#6619 = DIRECTION ( 'NONE',  ( 1.000000000000000000, 0.0000000000000000000, 0.0000000000000000000 ) ) ;
#6620 = DIRECTION ( 'NONE',  ( 0.0000000000000000000, 1.000000000000000000, 0.0000000000000000000 ) ) ;
#6621 = CARTESIAN_POINT ( 'NONE',  ( -0.3150000000000001700, -1.472999999999999900, 0.5840937768374314700 ) ) ;
#6622 = AXIS2_PLACEMENT_3D ( 'NONE', #6621, #6620, #6619 ) ;
#6623 = FILL_AREA_STYLE_COLOUR ( '', #6607 ) ;
#6624 = FACE_OUTER_BOUND ( 'NONE', #2552, .T. ) ;
#6625 = DIRECTION ( 'NONE',  ( 1.000000000000000000, 0.0000000000000000000, 0.0000000000000000000 ) ) ;
#6626 = DIRECTION ( 'NONE',  ( 0.0000000000000000000, 0.0000000000000000000, 1.000000000000000000 ) ) ;
#6627 = AXIS2_PLACEMENT_3D ( 'NONE', #6662, #6626, #6625 ) ;
#6628 = CIRCLE ( 'NONE', #6627, 0.05000000000000002400 ) ;
#6629 = FILL_AREA_STYLE ('',( #6623 ) ) ;
#6630 = UNCERTAINTY_MEASURE_WITH_UNIT (LENGTH_MEASURE( 1.000000000000000100E-005 ), #6633, 'distance_accuracy_value', 'NONE');
#6631 =( NAMED_UNIT ( * ) SI_UNIT ( $, .STERADIAN. ) SOLID_ANGLE_UNIT ( ) );
#6632 =( NAMED_UNIT ( * ) PLANE_ANGLE_UNIT ( ) SI_UNIT ( $, .RADIAN. ) );
#6633 =( LENGTH_UNIT ( ) NAMED_UNIT ( * ) SI_UNIT ( .MILLI., .METRE. ) );
#6634 = AXIS2_PLACEMENT_3D ( 'NONE', #6664, #6641, #6640 ) ;
#6635 = CIRCLE ( 'NONE', #6634, 0.05000000000000002400 ) ;
#6636 = DIRECTION ( 'NONE',  ( 0.0000000000000000000, -0.9681575870261117700, 0.2503415400683174400 ) ) ;
#6637 = DIRECTION ( 'NONE',  ( -0.0000000000000000000, 0.2503415400683174400, 0.9681575870261117700 ) ) ;
#6638 = CARTESIAN_POINT ( 'NONE',  ( 0.3149999999999992800, -0.7620523110292839500, 0.7490186380224027600 ) ) ;
#6639 = SPHERICAL_SURFACE ( 'NONE', #6622, 0.05000000000000000300 ) ;
#6640 = DIRECTION ( 'NONE',  ( 1.000000000000000000, 0.0000000000000000000, 0.0000000000000000000 ) ) ;
#6641 = DIRECTION ( 'NONE',  ( 0.0000000000000000000, 0.0000000000000000000, 1.000000000000000000 ) ) ;
#6642 = SURFACE_SIDE_STYLE ('',( #6643 ) ) ;
#6643 = SURFACE_STYLE_FILL_AREA ( #6644 ) ;
#6644 = FILL_AREA_STYLE ('',( #6611 ) ) ;
#6645 = DIRECTION ( 'NONE',  ( 0.0000000000000000000, 0.9681575870261117700, -0.2503415400683174400 ) ) ;
#6646 = DIRECTION ( 'NONE',  ( -2.714208416054376200E-017, -0.2503415400683182700, -0.9681575870261115400 ) ) ;
#6647 = AXIS2_PLACEMENT_3D ( 'NONE', #6652, #6646, #6645 ) ;
#6648 = CYLINDRICAL_SURFACE ( 'NONE', #6647, 0.05000000000000003700 ) ;
#6649 = AXIS2_PLACEMENT_3D ( 'NONE', #6638, #6637, #6636 ) ;
#6650 = MECHANICAL_DESIGN_GEOMETRIC_PRESENTATION_REPRESENTATION (  '', ( #6666 ), #6613 ) ;
#6651 = PRESENTATION_LAYER_ASSIGNMENT (  '', '', ( #6666 ) ) ;
#6652 = CARTESIAN_POINT ( 'NONE',  ( 0.3149999999999992800, -0.7620523110292839500, 0.7490186380224027600 ) ) ;
#6653 = UNCERTAINTY_MEASURE_WITH_UNIT (LENGTH_MEASURE( 1.000000000000000100E-005 ), #6658, 'distance_accuracy_value', 'NONE');
#6654 =( NAMED_UNIT ( * ) SI_UNIT ( $, .STERADIAN. ) SOLID_ANGLE_UNIT ( ) );
#6655 =( GEOMETRIC_REPRESENTATION_CONTEXT ( 3 ) GLOBAL_UNCERTAINTY_ASSIGNED_CONTEXT ( ( #6653 ) ) GLOBAL_UNIT_ASSIGNED_CONTEXT ( ( #6658, #6615, #6654 ) ) REPRESENTATION_CONTEXT ( 'NONE', 'WORKASPACE' ) );
#6656 = COLOUR_RGB ( '',0.8470588235294117500, 0.8470588235294117500, 0.8470588235294117500 ) ;
#6657 = FACE_OUTER_BOUND ( 'NONE', #2544, .T. ) ;
#6658 =( LENGTH_UNIT ( ) NAMED_UNIT ( * ) SI_UNIT ( .MILLI., .METRE. ) );
#6659 =( NAMED_UNIT ( * ) PLANE_ANGLE_UNIT ( ) SI_UNIT ( $, .RADIAN. ) );
#6660 =( GEOMETRIC_REPRESENTATION_CONTEXT ( 3 ) GLOBAL_UNCERTAINTY_ASSIGNED_CONTEXT ( ( #6630 ) ) GLOBAL_UNIT_ASSIGNED_CONTEXT ( ( #6633, #6632, #6631 ) ) REPRESENTATION_CONTEXT ( 'NONE', 'WORKASPACE' ) );
#6661 = CIRCLE ( 'NONE', #6649, 0.05000000000000003700 ) ;
#6662 = CARTESIAN_POINT ( 'NONE',  ( -0.3150000000000001700, -1.472999999999999900, 0.7540937768374315100 ) ) ;
#6663 =( GEOMETRIC_REPRESENTATION_CONTEXT ( 3 ) GLOBAL_UNCERTAINTY_ASSIGNED_CONTEXT ( ( #6608 ) ) GLOBAL_UNIT_ASSIGNED_CONTEXT ( ( #6352, #6617, #6616 ) ) REPRESENTATION_CONTEXT ( 'NONE', 'WORKASPACE' ) );
#6664 = CARTESIAN_POINT ( 'NONE',  ( -0.3150000000000001700, -1.472999999999999900, 0.5840937768374314700 ) ) ;
#6665 = FACE_OUTER_BOUND ( 'NONE', #2539, .T. ) ;
#6666 = STYLED_ITEM ( 'NONE', ( #6667 ), #2538 ) ;
#6667 = PRESENTATION_STYLE_ASSIGNMENT (( #6668 ) ) ;
#6668 = SURFACE_STYLE_USAGE ( .BOTH. , #6642 ) ;
#6669 = CARTESIAN_POINT ( 'NONE',  ( -0.3150000000000001700, -1.472999999999999900, 0.8040937768374313300 ) ) ;
#6670 =( LENGTH_UNIT ( ) NAMED_UNIT ( * ) SI_UNIT ( .MILLI., .METRE. ) );
#6671 = DIRECTION ( 'NONE',  ( -1.084202172485504400E-016, -1.000000000000000000, 0.0000000000000000000 ) ) ;
#6672 = CARTESIAN_POINT ( 'NONE',  ( -0.3150000000000001700, -0.9750469801750290000, 0.7540937768374315100 ) ) ;
#6673 = DIRECTION ( 'NONE',  ( 1.000000000000000000, 0.0000000000000000000, 0.0000000000000000000 ) ) ;
#6674 = AXIS2_PLACEMENT_3D ( 'NONE', #6672, #6671, #6673 ) ;
#6675 = DIRECTION ( 'NONE',  ( 0.0000000000000000000, -1.000000000000000000, 6.505213034913037600E-015 ) ) ;
#6676 = CARTESIAN_POINT ( 'NONE',  ( 0.3149999999999992800, -0.5669083047447572900, 1.523981071380927600 ) ) ;
#6677 = FACE_OUTER_BOUND ( 'NONE', #2520, .T. ) ;
#6678 = DIRECTION ( 'NONE',  ( 0.0000000000000000000, -6.505213034913037600E-015, -1.000000000000000000 ) ) ;
#6679 =( LENGTH_UNIT ( ) NAMED_UNIT ( * ) SI_UNIT ( .MILLI., .METRE. ) );
#6680 = MECHANICAL_DESIGN_GEOMETRIC_PRESENTATION_REPRESENTATION (  '', ( #6686 ), #6697 ) ;
#6681 = PRESENTATION_LAYER_ASSIGNMENT (  '', '', ( #6686 ) ) ;
#6682 = SURFACE_STYLE_FILL_AREA ( #6689 ) ;
#6683 = AXIS2_PLACEMENT_3D ( 'NONE', #6676, #6675, #6678 ) ;
#6684 = CIRCLE ( 'NONE', #6683, 0.04999999999999991300 ) ;
#6685 = CYLINDRICAL_SURFACE ( 'NONE', #6674, 0.05000000000000002400 ) ;
#6686 = STYLED_ITEM ( 'NONE', ( #6687 ), #2559 ) ;
#6687 = PRESENTATION_STYLE_ASSIGNMENT (( #6688 ) ) ;
#6688 = SURFACE_STYLE_USAGE ( .BOTH. , #6691 ) ;
#6689 = FILL_AREA_STYLE ('',( #6690 ) ) ;
#6690 = FILL_AREA_STYLE_COLOUR ( '', #6692 ) ;
#6691 = SURFACE_SIDE_STYLE ('',( #6682 ) ) ;
#6692 = COLOUR_RGB ( '',0.8470588235294117500, 0.8470588235294117500, 0.8470588235294117500 ) ;
#6693 = DIRECTION ( 'NONE',  ( 1.084202172485504600E-016, 1.000000000000000000, 0.0000000000000000000 ) ) ;
#6694 =( LENGTH_UNIT ( ) NAMED_UNIT ( * ) SI_UNIT ( .MILLI., .METRE. ) );
#6695 = SURFACE_STYLE_USAGE ( .BOTH. , #6696 ) ;
#6696 = SURFACE_SIDE_STYLE ('',( #6698 ) ) ;
#6697 =( GEOMETRIC_REPRESENTATION_CONTEXT ( 3 ) GLOBAL_UNCERTAINTY_ASSIGNED_CONTEXT ( ( #6708 ) ) GLOBAL_UNIT_ASSIGNED_CONTEXT ( ( #6679, #6659, #6715 ) ) REPRESENTATION_CONTEXT ( 'NONE', 'WORKASPACE' ) );
#6698 = SURFACE_STYLE_FILL_AREA ( #6699 ) ;
#6699 = FILL_AREA_STYLE ('',( #6709 ) ) ;
#6700 = TOROIDAL_SURFACE ( 'NONE', #6707, 0.2200000000000001100, 0.05000000000000000300 ) ;
#6701 = CARTESIAN_POINT ( 'NONE',  ( 0.3149999999999992800, -0.9750469801750290000, 0.8040937768374313300 ) ) ;
#6702 = UNCERTAINTY_MEASURE_WITH_UNIT (LENGTH_MEASURE( 1.000000000000000100E-005 ), #6694, 'distance_accuracy_value', 'NONE');
#6703 =( NAMED_UNIT ( * ) SI_UNIT ( $, .STERADIAN. ) SOLID_ANGLE_UNIT ( ) );
#6704 = MECHANICAL_DESIGN_GEOMETRIC_PRESENTATION_REPRESENTATION (  '', ( #6712 ), #6719 ) ;
#6705 = PRESENTATION_LAYER_ASSIGNMENT (  '', '', ( #6712 ) ) ;
#6706 = FACE_OUTER_BOUND ( 'NONE', #2562, .T. ) ;
#6707 = AXIS2_PLACEMENT_3D ( 'NONE', #6701, #6711, #6693 ) ;
#6708 = UNCERTAINTY_MEASURE_WITH_UNIT (LENGTH_MEASURE( 1.000000000000000100E-005 ), #6679, 'distance_accuracy_value', 'NONE');
#6709 = FILL_AREA_STYLE_COLOUR ( '', #6710 ) ;
#6710 = COLOUR_RGB ( '',0.8470588235294117500, 0.8470588235294117500, 0.8470588235294117500 ) ;
#6711 = DIRECTION ( 'NONE',  ( 1.000000000000000000, -1.084202172485504400E-016, -0.0000000000000000000 ) ) ;
#6712 = STYLED_ITEM ( 'NONE', ( #6713 ), #2561 ) ;
#6713 = PRESENTATION_STYLE_ASSIGNMENT (( #6695 ) ) ;
#6714 =( NAMED_UNIT ( * ) PLANE_ANGLE_UNIT ( ) SI_UNIT ( $, .RADIAN. ) );
#6715 =( NAMED_UNIT ( * ) SI_UNIT ( $, .STERADIAN. ) SOLID_ANGLE_UNIT ( ) );
#6716 = DIRECTION ( 'NONE',  ( 1.000000000000000000, -1.084202172485504400E-016, -0.0000000000000000000 ) ) ;
#6717 = CARTESIAN_POINT ( 'NONE',  ( -0.3150000000000001700, -0.5669083047447584000, 1.303981071380927400 ) ) ;
#6718 = TOROIDAL_SURFACE ( 'NONE', #6729, 0.2200000000000000600, 0.05000000000000000300 ) ;
#6719 =( GEOMETRIC_REPRESENTATION_CONTEXT ( 3 ) GLOBAL_UNCERTAINTY_ASSIGNED_CONTEXT ( ( #6702 ) ) GLOBAL_UNIT_ASSIGNED_CONTEXT ( ( #6694, #6714, #6703 ) ) REPRESENTATION_CONTEXT ( 'NONE', 'WORKASPACE' ) );
#6720 = STYLED_ITEM ( 'NONE', ( #6721 ), #2568 ) ;
#6721 = PRESENTATION_STYLE_ASSIGNMENT (( #6722 ) ) ;
#6722 = SURFACE_STYLE_USAGE ( .BOTH. , #6723 ) ;
#6723 = SURFACE_SIDE_STYLE ('',( #6724 ) ) ;
#6724 = SURFACE_STYLE_FILL_AREA ( #6725 ) ;
#6725 = FILL_AREA_STYLE ('',( #6726 ) ) ;
#6726 = FILL_AREA_STYLE_COLOUR ( '', #6727 ) ;
#6727 = COLOUR_RGB ( '',0.8470588235294117500, 0.8470588235294117500, 0.8470588235294117500 ) ;
#6728 = FACE_OUTER_BOUND ( 'NONE', #2517, .T. ) ;
#6729 = AXIS2_PLACEMENT_3D ( 'NONE', #6717, #6716, #6730 ) ;
#6730 = DIRECTION ( 'NONE',  ( 1.084202172485504600E-016, 1.000000000000000000, 0.0000000000000000000 ) ) ;
#6731 = PRESENTATION_LAYER_ASSIGNMENT (  '', '', ( #6720 ) ) ;
#6732 = CYLINDRICAL_SURFACE ( 'NONE', #6750, 0.05000000000000003700 ) ;
#6733 = CARTESIAN_POINT ( 'NONE',  ( -0.3150000000000001700, -0.9266391008237231400, 0.7915766998340153500 ) ) ;
#6734 =( GEOMETRIC_REPRESENTATION_CONTEXT ( 3 ) GLOBAL_UNCERTAINTY_ASSIGNED_CONTEXT ( ( #6755 ) ) GLOBAL_UNIT_ASSIGNED_CONTEXT ( ( #6754, #6753, #6736 ) ) REPRESENTATION_CONTEXT ( 'NONE', 'WORKASPACE' ) );
#6735 = MECHANICAL_DESIGN_GEOMETRIC_PRESENTATION_REPRESENTATION (  '', ( #6720 ), #6734 ) ;
#6736 =( NAMED_UNIT ( * ) SI_UNIT ( $, .STERADIAN. ) SOLID_ANGLE_UNIT ( ) );
#6737 =( NAMED_UNIT ( * ) PLANE_ANGLE_UNIT ( ) SI_UNIT ( $, .RADIAN. ) );
#6738 =( LENGTH_UNIT ( ) NAMED_UNIT ( * ) SI_UNIT ( .MILLI., .METRE. ) );
#6739 = MECHANICAL_DESIGN_GEOMETRIC_PRESENTATION_REPRESENTATION (  '', ( #6741 ), #6776 ) ;
#6740 = PRESENTATION_LAYER_ASSIGNMENT (  '', '', ( #6741 ) ) ;
#6741 = STYLED_ITEM ( 'NONE', ( #6742 ), #2569 ) ;
#6742 = PRESENTATION_STYLE_ASSIGNMENT (( #6743 ) ) ;
#6743 = SURFACE_STYLE_USAGE ( .BOTH. , #6744 ) ;
#6744 = SURFACE_SIDE_STYLE ('',( #6745 ) ) ;
#6745 = SURFACE_STYLE_FILL_AREA ( #6746 ) ;
#6746 = FILL_AREA_STYLE ('',( #6747 ) ) ;
#6747 = FILL_AREA_STYLE_COLOUR ( '', #6751 ) ;
#6748 = DIRECTION ( 'NONE',  ( 0.0000000000000000000, 0.9681575870261117700, -0.2503415400683174400 ) ) ;
#6749 = DIRECTION ( 'NONE',  ( -2.714208416054373100E-017, -0.2503415400683179900, -0.9681575870261115400 ) ) ;
#6750 = AXIS2_PLACEMENT_3D ( 'NONE', #6733, #6749, #6748 ) ;
#6751 = COLOUR_RGB ( '',0.8470588235294117500, 0.8470588235294117500, 0.8470588235294117500 ) ;
#6752 = FACE_OUTER_BOUND ( 'NONE', #2563, .T. ) ;
#6753 =( NAMED_UNIT ( * ) PLANE_ANGLE_UNIT ( ) SI_UNIT ( $, .RADIAN. ) );
#6754 =( LENGTH_UNIT ( ) NAMED_UNIT ( * ) SI_UNIT ( .MILLI., .METRE. ) );
#6755 = UNCERTAINTY_MEASURE_WITH_UNIT (LENGTH_MEASURE( 1.000000000000000100E-005 ), #6754, 'distance_accuracy_value', 'NONE');
#6756 = CARTESIAN_POINT ( 'NONE',  ( 1.404999999999999600, -1.084202172485504400E-016, 1.523981071380927600 ) ) ;
#6757 = DIRECTION ( 'NONE',  ( 0.0000000000000000000, 0.9681575870261126500, -0.2503415400683133300 ) ) ;
#6758 = DIRECTION ( 'NONE',  ( 4.198714236648130000E-015, -0.2503415400683133300, -0.9681575870261127600 ) ) ;
#6759 = CARTESIAN_POINT ( 'NONE',  ( -0.3150000000000001700, -0.7799029738905033400, 1.359056210195956200 ) ) ;
#6760 = AXIS2_PLACEMENT_3D ( 'NONE', #6759, #6758, #6757 ) ;
#6761 = CIRCLE ( 'NONE', #6760, 0.04999999999999998900 ) ;
#6762 = CYLINDRICAL_SURFACE ( 'NONE', #6775, 0.05000000000000002400 ) ;
#6763 = DIRECTION ( 'NONE',  ( 1.000000000000000000, 6.505213034913023400E-015, 0.0000000000000000000 ) ) ;
#6764 = DIRECTION ( 'NONE',  ( 6.505213034913009200E-015, -1.000000000000000000, 0.0000000000000000000 ) ) ;
#6765 = AXIS2_PLACEMENT_3D ( 'NONE', #6767, #6764, #6763 ) ;
#6766 = CIRCLE ( 'NONE', #6765, 0.05000000000000002400 ) ;
#6767 = CARTESIAN_POINT ( 'NONE',  ( -0.3150000000000001700, -0.5669083047447568400, 1.523981071380927600 ) ) ;
#6768 = CARTESIAN_POINT ( 'NONE',  ( -0.3150000000000001700, -1.021860547567588500E-016, 1.573981071380927500 ) ) ;
#6769 = CARTESIAN_POINT ( 'NONE',  ( 0.3149999999999992800, -1.704907916233456000E-016, 1.523981071380927600 ) ) ;
#6770 = DIRECTION ( 'NONE',  ( -1.000000000000000000, 1.084202172485504800E-016, 0.0000000000000000000 ) ) ;
#6771 = DIRECTION ( 'NONE',  ( 1.084202172485504400E-016, 1.000000000000000000, 0.0000000000000000000 ) ) ;
#6772 =( BOUNDED_CURVE ( )  B_SPLINE_CURVE ( 3, ( #6780, #6793, #6777, #6778 ),
 .UNSPECIFIED., .F., .T. ) 
 B_SPLINE_CURVE_WITH_KNOTS ( ( 4, 4 ),
 ( 8.589666033349974900E-015, 1.570796326794895400 ),
 .UNSPECIFIED. ) 
 CURVE ( )  GEOMETRIC_REPRESENTATION_ITEM ( )  RATIONAL_B_SPLINE_CURVE ( ( 1.000000000000000000, 0.8047378541243672700, 0.8047378541243672700, 1.000000000000000000 ) ) 
 REPRESENTATION_ITEM ( '' )  );
#6773 = UNCERTAINTY_MEASURE_WITH_UNIT (LENGTH_MEASURE( 1.000000000000000100E-005 ), #6738, 'distance_accuracy_value', 'NONE');
#6774 =( NAMED_UNIT ( * ) SI_UNIT ( $, .STERADIAN. ) SOLID_ANGLE_UNIT ( ) );
#6775 = AXIS2_PLACEMENT_3D ( 'NONE', #6769, #6771, #6770 ) ;
#6776 =( GEOMETRIC_REPRESENTATION_CONTEXT ( 3 ) GLOBAL_UNCERTAINTY_ASSIGNED_CONTEXT ( ( #6773 ) ) GLOBAL_UNIT_ASSIGNED_CONTEXT ( ( #6738, #6737, #6774 ) ) REPRESENTATION_CONTEXT ( 'NONE', 'WORKASPACE' ) );
#6777 = CARTESIAN_POINT ( 'NONE',  ( -0.3650000000000001000, -0.9590104017598734000, 0.7833830987187765400 ) ) ;
#6778 = CARTESIAN_POINT ( 'NONE',  ( -0.3650000000000003200, -0.9363312550711018200, 0.7540937768374315100 ) ) ;
#6779 =( NAMED_UNIT ( * ) PLANE_ANGLE_UNIT ( ) SI_UNIT ( $, .RADIAN. ) );
#6780 = CARTESIAN_POINT ( 'NONE',  ( -0.3150000000000006100, -0.9750469801750286700, 0.8040937768374314400 ) ) ;
#6781 = COLOUR_RGB ( '',0.8470588235294117500, 0.8470588235294117500, 0.8470588235294117500 ) ;
#6782 = FACE_OUTER_BOUND ( 'NONE', #4887, .T. ) ;
#6783 = FILL_AREA_STYLE_COLOUR ( '', #6781 ) ;
#6784 = SURFACE_STYLE_USAGE ( .BOTH. , #6785 ) ;
#6785 = SURFACE_SIDE_STYLE ('',( #6786 ) ) ;
#6786 = SURFACE_STYLE_FILL_AREA ( #6787 ) ;
#6787 = FILL_AREA_STYLE ('',( #6783 ) ) ;
#6788 = UNCERTAINTY_MEASURE_WITH_UNIT (LENGTH_MEASURE( 1.000000000000000100E-005 ), #6794, 'distance_accuracy_value', 'NONE');
#6789 =( NAMED_UNIT ( * ) SI_UNIT ( $, .STERADIAN. ) SOLID_ANGLE_UNIT ( ) );
#6790 = PRESENTATION_LAYER_ASSIGNMENT (  '', '', ( #6791 ) ) ;
#6791 = STYLED_ITEM ( 'NONE', ( #6792 ), #2586 ) ;
#6792 = PRESENTATION_STYLE_ASSIGNMENT (( #6784 ) ) ;
#6793 = CARTESIAN_POINT ( 'NONE',  ( -0.3442893218813456400, -0.9750469801750284400, 0.8040937768374312200 ) ) ;
#6794 =( LENGTH_UNIT ( ) NAMED_UNIT ( * ) SI_UNIT ( .MILLI., .METRE. ) );
#6795 = MECHANICAL_DESIGN_GEOMETRIC_PRESENTATION_REPRESENTATION (  '', ( #6791 ), #6830 ) ;
#6796 = DIRECTION ( 'NONE',  ( -0.0000000000000000000, 0.0000000000000000000, -1.000000000000000000 ) ) ;
#6797 = CARTESIAN_POINT ( 'NONE',  ( 0.3649999999999994400, -1.759118024857731200E-016, 1.303981071380927400 ) ) ;
#6798 = AXIS2_PLACEMENT_3D ( 'NONE', #6756, #6838, #6948 ) ;
#6799 = DIRECTION ( 'NONE',  ( -0.0000000000000000000, -0.0000000000000000000, 1.000000000000000000 ) ) ;
#6800 = VECTOR ( 'NONE', #6799, 1000.000000000000000 ) ;
#6801 = CARTESIAN_POINT ( 'NONE',  ( -2.794999999999999900, 1.527000000000000600, -0.01000000000000000000 ) ) ;
#6802 = LINE ( 'NONE', #6801, #6800 ) ;
#6803 = CARTESIAN_POINT ( 'NONE',  ( 2.795000000000000800, 8.000000000000000000, 0.2700000000000000200 ) ) ;
#6804 = CARTESIAN_POINT ( 'NONE',  ( 2.794999999999999900, 1.527000000000000600, -0.01000000000000000000 ) ) ;
#6805 = DIRECTION ( 'NONE',  ( -1.000000000000000000, 0.0000000000000000000, 0.0000000000000000000 ) ) ;
#6806 = VECTOR ( 'NONE', #6805, 1000.000000000000000 ) ;
#6807 = AXIS2_PLACEMENT_3D ( 'NONE', #6797, #6796, #6818 ) ;
#6808 = DIRECTION ( 'NONE',  ( 1.339968697649318100E-016, 1.000000000000000000, 0.0000000000000000000 ) ) ;
#6809 = DIRECTION ( 'NONE',  ( 1.000000000000000000, -1.339968697649318100E-016, 0.0000000000000000000 ) ) ;
#6810 = CARTESIAN_POINT ( 'NONE',  ( -2.794999999999999000, 8.000000000000000000, -0.01000000000000000000 ) ) ;
#6811 = CARTESIAN_POINT ( 'NONE',  ( -2.794999999999999000, 8.000000000000000000, -0.01000000000000000000 ) ) ;
#6812 = CARTESIAN_POINT ( 'NONE',  ( -2.794999999999999000, 8.000000000000000000, 0.2700000000000000200 ) ) ;
#6813 = LINE ( 'NONE', #6812, #6806 ) ;
#6814 = DIRECTION ( 'NONE',  ( 0.0000000000000000000, -0.0000000000000000000, 1.000000000000000000 ) ) ;
#6815 = DIRECTION ( 'NONE',  ( 0.0000000000000000000, 1.000000000000000000, 0.0000000000000000000 ) ) ;
#6816 = AXIS2_PLACEMENT_3D ( 'NONE', #6819, #6815, #6814 ) ;
#6817 = AXIS2_PLACEMENT_3D ( 'NONE', #6810, #6809, #6808 ) ;
#6818 = DIRECTION ( 'NONE',  ( -1.000000000000000000, 0.0000000000000000000, 0.0000000000000000000 ) ) ;
#6819 = CARTESIAN_POINT ( 'NONE',  ( -2.794999999999999000, 8.000000000000000000, -0.01000000000000000000 ) ) ;
#6820 = PLANE ( 'NONE',  #6816 ) ;
#6821 = FACE_OUTER_BOUND ( 'NONE', #2600, .T. ) ;
#6822 = CARTESIAN_POINT ( 'NONE',  ( -2.794999999999999900, 1.527000000000000600, 0.2700000000000000200 ) ) ;
#6823 = CARTESIAN_POINT ( 'NONE',  ( 2.795000000000000800, 8.000000000000000000, -0.01000000000000000000 ) ) ;
#6824 = DIRECTION ( 'NONE',  ( 1.339968697649318100E-016, 1.000000000000000000, -0.0000000000000000000 ) ) ;
#6825 = VECTOR ( 'NONE', #6824, 1000.000000000000000 ) ;
#6826 = CARTESIAN_POINT ( 'NONE',  ( -2.794999999999999000, 8.000000000000000000, -0.01000000000000000000 ) ) ;
#6827 = LINE ( 'NONE', #6826, #6825 ) ;
#6828 = PLANE ( 'NONE',  #6817 ) ;
#6829 = FACE_OUTER_BOUND ( 'NONE', #2599, .T. ) ;
#6830 =( GEOMETRIC_REPRESENTATION_CONTEXT ( 3 ) GLOBAL_UNCERTAINTY_ASSIGNED_CONTEXT ( ( #6788 ) ) GLOBAL_UNIT_ASSIGNED_CONTEXT ( ( #6794, #6779, #6789 ) ) REPRESENTATION_CONTEXT ( 'NONE', 'WORKASPACE' ) );
#6831 = PLANE ( 'NONE',  #6807 ) ;
#6832 = DIRECTION ( 'NONE',  ( 0.0000000000000000000, 0.0000000000000000000, 1.000000000000000000 ) ) ;
#6833 = DIRECTION ( 'NONE',  ( -0.0000000000000000000, -1.000000000000000000, -0.0000000000000000000 ) ) ;
#6834 = CARTESIAN_POINT ( 'NONE',  ( -4.359999999999999400, 8.000000000000000000, 0.2200000000000000000 ) ) ;
#6835 = AXIS2_PLACEMENT_3D ( 'NONE', #6834, #6833, #6832 ) ;
#6836 = CIRCLE ( 'NONE', #6835, 0.04999999999999999600 ) ;
#6837 = CARTESIAN_POINT ( 'NONE',  ( -2.794999999999999900, 1.527000000000000600, -0.01000000000000000000 ) ) ;
#6838 = DIRECTION ( 'NONE',  ( 1.084202172485504600E-016, 1.000000000000000000, 0.0000000000000000000 ) ) ;
#6839 = DIRECTION ( 'NONE',  ( -1.000000000000000000, 0.0000000000000000000, 0.0000000000000000000 ) ) ;
#6840 = VECTOR ( 'NONE', #6839, 1000.000000000000000 ) ;
#6841 = CARTESIAN_POINT ( 'NONE',  ( 2.794999999999999900, 1.527000000000000600, -0.01000000000000000000 ) ) ;
#6842 = LINE ( 'NONE', #6841, #6840 ) ;
#6843 = DIRECTION ( 'NONE',  ( 0.8944271909999155200, 0.4472135954999585900, 0.0000000000000000000 ) ) ;
#6844 = FACE_OUTER_BOUND ( 'NONE', #2647, .T. ) ;
#6845 = PLANE ( 'NONE',  #6846 ) ;
#6846 = AXIS2_PLACEMENT_3D ( 'NONE', #6865, #6864, #6863 ) ;
#6847 = FACE_OUTER_BOUND ( 'NONE', #2624, .T. ) ;
#6848 = DIRECTION ( 'NONE',  ( 0.0000000000000000000, 0.0000000000000000000, 1.000000000000000000 ) ) ;
#6849 = VECTOR ( 'NONE', #6848, 1000.000000000000000 ) ;
#6850 = DIRECTION ( 'NONE',  ( 0.0000000000000000000, 0.0000000000000000000, 1.000000000000000000 ) ) ;
#6851 = CARTESIAN_POINT ( 'NONE',  ( -3.398196601125012000, 9.017000000000001200, -0.01000000000000000000 ) ) ;
#6852 = LINE ( 'NONE', #6851, #6874 ) ;
#6853 = CARTESIAN_POINT ( 'NONE',  ( -3.409999999999999700, 9.017000000000001200, -0.01000000000000000000 ) ) ;
#6854 = DIRECTION ( 'NONE',  ( 0.8944271909999155200, -0.4472135954999585900, -0.0000000000000000000 ) ) ;
#6855 = VECTOR ( 'NONE', #6854, 1000.000000000000200 ) ;
#6856 = DIRECTION ( 'NONE',  ( 0.8944271909999155200, -0.4472135954999585900, 0.0000000000000000000 ) ) ;
#6857 = DIRECTION ( 'NONE',  ( -0.4472135954999585900, -0.8944271909999155200, 0.0000000000000000000 ) ) ;
#6858 = VECTOR ( 'NONE', #6882, 1000.000000000000200 ) ;
#6859 = DIRECTION ( 'NONE',  ( 0.4472135954999585900, -0.8944271909999155200, 0.0000000000000000000 ) ) ;
#6860 = CARTESIAN_POINT ( 'NONE',  ( -3.409999999999999700, 9.017000000000001200, -0.01000000000000000000 ) ) ;
#6861 = AXIS2_PLACEMENT_3D ( 'NONE', #6860, #6859, #6843 ) ;
#6862 = FACE_OUTER_BOUND ( 'NONE', #2631, .T. ) ;
#6863 = DIRECTION ( 'NONE',  ( 0.0000000000000000000, 0.0000000000000000000, 1.000000000000000000 ) ) ;
#6864 = DIRECTION ( 'NONE',  ( -1.000000000000000000, 0.0000000000000000000, 0.0000000000000000000 ) ) ;
#6865 = CARTESIAN_POINT ( 'NONE',  ( 4.409999999999999300, 8.000000000000000000, -0.01000000000000000000 ) ) ;
#6866 = PLANE ( 'NONE',  #6861 ) ;
#6867 = DIRECTION ( 'NONE',  ( 0.0000000000000000000, 0.0000000000000000000, 1.000000000000000000 ) ) ;
#6868 = CARTESIAN_POINT ( 'NONE',  ( -4.382360679774996500, 8.530819660112500800, -0.01000000000000000000 ) ) ;
#6869 = LINE ( 'NONE', #6868, #6877 ) ;
#6870 = LINE ( 'NONE', #6853, #6858 ) ;
#6871 = CARTESIAN_POINT ( 'NONE',  ( 4.409999999999999300, 8.516999999999999500, -0.01000000000000000000 ) ) ;
#6872 = PLANE ( 'NONE',  #6873 ) ;
#6873 = AXIS2_PLACEMENT_3D ( 'NONE', #6871, #6857, #6856 ) ;
#6874 = VECTOR ( 'NONE', #6850, 1000.000000000000000 ) ;
#6875 = CARTESIAN_POINT ( 'NONE',  ( 4.409999999999999300, 8.516999999999999500, -0.01000000000000000000 ) ) ;
#6876 = LINE ( 'NONE', #6875, #6855 ) ;
#6877 = VECTOR ( 'NONE', #6867, 1000.000000000000000 ) ;
#6878 = CARTESIAN_POINT ( 'NONE',  ( 3.420557280900008700, 9.011721359549996500, -0.01000000000000000000 ) ) ;
#6879 = CARTESIAN_POINT ( 'NONE',  ( -4.382360679774996500, 8.530819660112500800, -0.01000000000000000000 ) ) ;
#6880 = CARTESIAN_POINT ( 'NONE',  ( 3.420557280900008200, 9.011721359549996500, -0.01000000000000000000 ) ) ;
#6881 = LINE ( 'NONE', #6880, #6849 ) ;
#6882 = DIRECTION ( 'NONE',  ( 0.8944271909999155200, 0.4472135954999585900, -0.0000000000000000000 ) ) ;
#6883 = UNCERTAINTY_MEASURE_WITH_UNIT (LENGTH_MEASURE( 1.000000000000000100E-005 ), #6886, 'distance_accuracy_value', 'NONE');
#6884 =( NAMED_UNIT ( * ) SI_UNIT ( $, .STERADIAN. ) SOLID_ANGLE_UNIT ( ) );
#6885 =( NAMED_UNIT ( * ) PLANE_ANGLE_UNIT ( ) SI_UNIT ( $, .RADIAN. ) );
#6886 =( LENGTH_UNIT ( ) NAMED_UNIT ( * ) SI_UNIT ( .MILLI., .METRE. ) );
#6887 = MECHANICAL_DESIGN_GEOMETRIC_PRESENTATION_REPRESENTATION (  '', ( #6908 ), #6896 ) ;
#6888 = PRESENTATION_LAYER_ASSIGNMENT (  '', '', ( #6908 ) ) ;
#6889 = CARTESIAN_POINT ( 'NONE',  ( -4.409999999999999300, 8.000000000000000000, -0.01000000000000000000 ) ) ;
#6890 = DIRECTION ( 'NONE',  ( 0.0000000000000000000, -0.0000000000000000000, 1.000000000000000000 ) ) ;
#6891 = DIRECTION ( 'NONE',  ( 0.0000000000000000000, 1.000000000000000000, 0.0000000000000000000 ) ) ;
#6892 = CARTESIAN_POINT ( 'NONE',  ( 2.794999999999999900, 1.527000000000000600, -0.01000000000000000000 ) ) ;
#6893 = AXIS2_PLACEMENT_3D ( 'NONE', #6892, #6891, #6890 ) ;
#6894 = PLANE ( 'NONE',  #6893 ) ;
#6895 = FACE_OUTER_BOUND ( 'NONE', #2645, .T. ) ;
#6896 =( GEOMETRIC_REPRESENTATION_CONTEXT ( 3 ) GLOBAL_UNCERTAINTY_ASSIGNED_CONTEXT ( ( #6883 ) ) GLOBAL_UNIT_ASSIGNED_CONTEXT ( ( #6886, #6885, #6884 ) ) REPRESENTATION_CONTEXT ( 'NONE', 'WORKASPACE' ) );
#6897 = CARTESIAN_POINT ( 'NONE',  ( -3.420557280900009100, 9.011721359549996500, -0.01000000000000000000 ) ) ;
#6898 = CARTESIAN_POINT ( 'NONE',  ( -2.794999999999999000, 8.000000000000000000, 0.2700000000000000200 ) ) ;
#6899 = DIRECTION ( 'NONE',  ( 1.339968697649318100E-016, 1.000000000000000000, -0.0000000000000000000 ) ) ;
#6900 = VECTOR ( 'NONE', #6899, 1000.000000000000000 ) ;
#6901 = CARTESIAN_POINT ( 'NONE',  ( -2.794999999999999000, 8.000000000000000000, 0.2700000000000000200 ) ) ;
#6902 = LINE ( 'NONE', #6901, #6900 ) ;
#6903 = PLANE ( 'NONE',  #6961 ) ;
#6904 = CARTESIAN_POINT ( 'NONE',  ( 2.794999999999999900, 1.527000000000000600, 0.2700000000000000200 ) ) ;
#6905 = LINE ( 'NONE', #6929, #6928 ) ;
#6906 = AXIS2_PLACEMENT_3D ( 'NONE', #6889, #6971, #6982 ) ;
#6907 = VECTOR ( 'NONE', #6968, 1000.000000000000000 ) ;
#6908 = STYLED_ITEM ( 'NONE', ( #6909 ), #2668 ) ;
#6909 = PRESENTATION_STYLE_ASSIGNMENT (( #6910 ) ) ;
#6910 = SURFACE_STYLE_USAGE ( .BOTH. , #6911 ) ;
#6911 = SURFACE_SIDE_STYLE ('',( #6912 ) ) ;
#6912 = SURFACE_STYLE_FILL_AREA ( #6913 ) ;
#6913 = FILL_AREA_STYLE ('',( #6919 ) ) ;
#6914 = COLOUR_RGB ( '',0.7529411764705882200, 0.7529411764705882200, 0.7529411764705882200 ) ;
#6915 = DIRECTION ( 'NONE',  ( 1.000000000000000000, -0.0000000000000000000, -0.0000000000000000000 ) ) ;
#6916 = VECTOR ( 'NONE', #6915, 1000.000000000000000 ) ;
#6917 = CARTESIAN_POINT ( 'NONE',  ( 3.409999999999999700, 9.017000000000001200, -0.01000000000000000000 ) ) ;
#6918 = LINE ( 'NONE', #6917, #6916 ) ;
#6919 = FILL_AREA_STYLE_COLOUR ( '', #6914 ) ;
#6920 = FACE_OUTER_BOUND ( 'NONE', #2630, .T. ) ;
#6921 = DIRECTION ( 'NONE',  ( 0.0000000000000000000, 1.000000000000000000, 0.0000000000000000000 ) ) ;
#6922 = CARTESIAN_POINT ( 'NONE',  ( 3.398196601125011100, 9.017000000000001200, -0.01000000000000000000 ) ) ;
#6923 = DIRECTION ( 'NONE',  ( -0.0000000000000000000, -0.0000000000000000000, -1.000000000000000000 ) ) ;
#6924 = VECTOR ( 'NONE', #6923, 1000.000000000000000 ) ;
#6925 = CARTESIAN_POINT ( 'NONE',  ( 3.398196601125011100, 9.017000000000001200, -0.01000000000000000000 ) ) ;
#6926 = LINE ( 'NONE', #6925, #6924 ) ;
#6927 = CARTESIAN_POINT ( 'NONE',  ( 3.398196601125011100, 9.017000000000001200, 0.2200000000000000000 ) ) ;
#6928 = VECTOR ( 'NONE', #6921, 1000.000000000000000 ) ;
#6929 = CARTESIAN_POINT ( 'NONE',  ( -4.409999999999999300, 8.000000000000000000, 0.2200000000000000000 ) ) ;
#6930 = CARTESIAN_POINT ( 'NONE',  ( -4.409999999999999300, 8.486098300562506600, 0.2200000000000000000 ) ) ;
#6931 = LINE ( 'NONE', #6963, #6962 ) ;
#6932 = CARTESIAN_POINT ( 'NONE',  ( -4.382360679774996500, 8.530819660112500800, 0.2200000000000000000 ) ) ;
#6933 = DIRECTION ( 'NONE',  ( -0.0000000000000000000, -0.0000000000000000000, -1.000000000000000000 ) ) ;
#6934 = VECTOR ( 'NONE', #6933, 1000.000000000000000 ) ;
#6935 = CARTESIAN_POINT ( 'NONE',  ( -3.420557280900009100, 9.011721359549996500, -0.01000000000000000000 ) ) ;
#6936 = LINE ( 'NONE', #6935, #6934 ) ;
#6937 = DIRECTION ( 'NONE',  ( -0.0000000000000000000, -0.0000000000000000000, 1.000000000000000000 ) ) ;
#6938 = VECTOR ( 'NONE', #6937, 1000.000000000000000 ) ;
#6939 = CARTESIAN_POINT ( 'NONE',  ( -2.794999999999999000, 8.000000000000000000, -0.01000000000000000000 ) ) ;
#6940 = LINE ( 'NONE', #6939, #6938 ) ;
#6941 = CARTESIAN_POINT ( 'NONE',  ( -4.409999999999999300, 8.000000000000000000, 0.2199999999999999500 ) ) ;
#6942 = DIRECTION ( 'NONE',  ( 0.0000000000000000000, -1.000000000000000000, -0.0000000000000000000 ) ) ;
#6943 = CARTESIAN_POINT ( 'NONE',  ( 3.409999999999999700, 9.017000000000001200, -0.01000000000000000000 ) ) ;
#6944 = AXIS2_PLACEMENT_3D ( 'NONE', #6943, #6942, #6979 ) ;
#6945 = DIRECTION ( 'NONE',  ( -1.000000000000000000, 0.0000000000000000000, 0.0000000000000000000 ) ) ;
#6946 = VECTOR ( 'NONE', #6945, 1000.000000000000000 ) ;
#6947 = CARTESIAN_POINT ( 'NONE',  ( 2.794999999999999900, 1.527000000000000600, 0.2700000000000000200 ) ) ;
#6948 = DIRECTION ( 'NONE',  ( -1.000000000000000000, 1.084202172485507300E-016, 0.0000000000000000000 ) ) ;
#6949 = DIRECTION ( 'NONE',  ( -0.0000000000000000000, -0.0000000000000000000, 1.000000000000000000 ) ) ;
#6950 = VECTOR ( 'NONE', #6949, 1000.000000000000000 ) ;
#6951 = CARTESIAN_POINT ( 'NONE',  ( -4.409999999999999300, 8.000000000000000000, -0.01000000000000000000 ) ) ;
#6952 = LINE ( 'NONE', #6951, #6950 ) ;
#6953 = DIRECTION ( 'NONE',  ( -0.0000000000000000000, -0.0000000000000000000, 1.000000000000000000 ) ) ;
#6954 = VECTOR ( 'NONE', #6953, 1000.000000000000000 ) ;
#6955 = CARTESIAN_POINT ( 'NONE',  ( 2.795000000000000800, 8.000000000000000000, -0.01000000000000000000 ) ) ;
#6956 = LINE ( 'NONE', #6955, #6954 ) ;
#6957 = LINE ( 'NONE', #6947, #6946 ) ;
#6958 = DIRECTION ( 'NONE',  ( -1.339968697649318100E-016, -1.000000000000000000, 0.0000000000000000000 ) ) ;
#6959 = DIRECTION ( 'NONE',  ( -1.000000000000000000, 1.339968697649318100E-016, 0.0000000000000000000 ) ) ;
#6960 = CARTESIAN_POINT ( 'NONE',  ( 2.795000000000000800, 8.000000000000000000, -0.01000000000000000000 ) ) ;
#6961 = AXIS2_PLACEMENT_3D ( 'NONE', #6960, #6959, #6958 ) ;
#6962 = VECTOR ( 'NONE', #6970, 1000.000000000000000 ) ;
#6963 = CARTESIAN_POINT ( 'NONE',  ( -3.409999999999999700, 9.017000000000001200, 0.2200000000000000000 ) ) ;
#6964 = PLANE ( 'NONE',  #6944 ) ;
#6965 = FACE_OUTER_BOUND ( 'NONE', #2650, .T. ) ;
#6966 = CARTESIAN_POINT ( 'NONE',  ( -4.409999999999999300, 8.486098300562506600, -0.01000000000000000000 ) ) ;
#6967 = CARTESIAN_POINT ( 'NONE',  ( -3.398196601125010200, 9.017000000000001200, -0.01000000000000000000 ) ) ;
#6968 = DIRECTION ( 'NONE',  ( -1.000000000000000000, 0.0000000000000000000, 0.0000000000000000000 ) ) ;
#6969 = CARTESIAN_POINT ( 'NONE',  ( -3.420557280900009100, 9.011721359549996500, 0.2200000000000000000 ) ) ;
#6970 = DIRECTION ( 'NONE',  ( 0.8944271909999155200, 0.4472135954999585400, 0.0000000000000000000 ) ) ;
#6971 = DIRECTION ( 'NONE',  ( 1.000000000000000000, -0.0000000000000000000, 0.0000000000000000000 ) ) ;
#6972 = FACE_OUTER_BOUND ( 'NONE', #2529, .T. ) ;
#6973 = PLANE ( 'NONE',  #6906 ) ;
#6974 = CARTESIAN_POINT ( 'NONE',  ( -3.398196601125012000, 9.017000000000001200, 0.2200000000000000000 ) ) ;
#6975 = DIRECTION ( 'NONE',  ( 1.000000000000000000, 0.0000000000000000000, 0.0000000000000000000 ) ) ;
#6976 = VECTOR ( 'NONE', #6975, 1000.000000000000000 ) ;
#6977 = CARTESIAN_POINT ( 'NONE',  ( 3.409999999999999700, 9.017000000000001200, 0.2200000000000000000 ) ) ;
#6978 = LINE ( 'NONE', #6977, #6976 ) ;
#6979 = DIRECTION ( 'NONE',  ( 0.0000000000000000000, 0.0000000000000000000, -1.000000000000000000 ) ) ;
#6980 = CARTESIAN_POINT ( 'NONE',  ( -2.794999999999999000, 8.000000000000000000, -0.01000000000000000000 ) ) ;
#6981 = LINE ( 'NONE', #6980, #6907 ) ;
#6982 = DIRECTION ( 'NONE',  ( 0.0000000000000000000, 0.0000000000000000000, -1.000000000000000000 ) ) ;
#6983 = AXIS2_PLACEMENT_3D ( 'NONE', #7020, #7019, #7018 ) ;
#6984 = PLANE ( 'NONE',  #6983 ) ;
#6985 = LINE ( 'NONE', #7013, #6991 ) ;
#6986 = DIRECTION ( 'NONE',  ( -1.000000000000000000, 1.084202172485507300E-016, 0.0000000000000000000 ) ) ;
#6987 = DIRECTION ( 'NONE',  ( 1.084202172485504600E-016, 1.000000000000000000, 0.0000000000000000000 ) ) ;
#6988 = CARTESIAN_POINT ( 'NONE',  ( 1.404999999999999600, -1.084202172485504400E-016, 1.353981071380927500 ) ) ;
#6989 = AXIS2_PLACEMENT_3D ( 'NONE', #6988, #6987, #6986 ) ;
#6990 = CARTESIAN_POINT ( 'NONE',  ( -4.409999999999999300, 8.000000000000000000, -0.01000000000000000000 ) ) ;
#6991 = VECTOR ( 'NONE', #6999, 1000.000000000000000 ) ;
#6992 = FACE_OUTER_BOUND ( 'NONE', #2714, .T. ) ;
#6993 = DIRECTION ( 'NONE',  ( 1.084202172485504400E-016, 1.000000000000000000, -0.0000000000000000000 ) ) ;
#6994 = VECTOR ( 'NONE', #6993, 1000.000000000000000 ) ;
#6995 = CARTESIAN_POINT ( 'NONE',  ( 1.404999999999999600, -1.084202172485504400E-016, 1.303981071380927400 ) ) ;
#6996 = LINE ( 'NONE', #6995, #6994 ) ;
#6997 = FILL_AREA_STYLE_COLOUR ( '', #7012 ) ;
#6998 = FACE_OUTER_BOUND ( 'NONE', #2725, .T. ) ;
#6999 = DIRECTION ( 'NONE',  ( -0.0000000000000000000, -0.0000000000000000000, 1.000000000000000000 ) ) ;
#7000 = DIRECTION ( 'NONE',  ( 0.0000000000000000000, 0.0000000000000000000, -1.000000000000000000 ) ) ;
#7001 = VECTOR ( 'NONE', #7000, 1000.000000000000000 ) ;
#7002 = CARTESIAN_POINT ( 'NONE',  ( 1.354999999999999500, -9.676504389433130800E-017, 1.573981071380927500 ) ) ;
#7003 = LINE ( 'NONE', #7002, #7001 ) ;
#7004 = MECHANICAL_DESIGN_GEOMETRIC_PRESENTATION_REPRESENTATION (  '', ( #7006 ), #7032 ) ;
#7005 = PRESENTATION_LAYER_ASSIGNMENT (  '', '', ( #7006 ) ) ;
#7006 = STYLED_ITEM ( 'NONE', ( #7007 ), #2700 ) ;
#7007 = PRESENTATION_STYLE_ASSIGNMENT (( #7008 ) ) ;
#7008 = SURFACE_STYLE_USAGE ( .BOTH. , #7009 ) ;
#7009 = SURFACE_SIDE_STYLE ('',( #7010 ) ) ;
#7010 = SURFACE_STYLE_FILL_AREA ( #7011 ) ;
#7011 = FILL_AREA_STYLE ('',( #6997 ) ) ;
#7012 = COLOUR_RGB ( '',0.8470588235294117500, 0.8470588235294117500, 0.8470588235294117500 ) ;
#7013 = CARTESIAN_POINT ( 'NONE',  ( 2.794999999999999900, 1.527000000000000600, -0.01000000000000000000 ) ) ;
#7014 = DIRECTION ( 'NONE',  ( -1.339968697649318100E-016, -1.000000000000000000, 0.0000000000000000000 ) ) ;
#7015 = CARTESIAN_POINT ( 'NONE',  ( 2.795000000000000800, 8.000000000000000000, 0.2700000000000000200 ) ) ;
#7016 = LINE ( 'NONE', #7026, #7025 ) ;
#7017 = CARTESIAN_POINT ( 'NONE',  ( 4.409999999999999300, 8.000000000000000000, 0.2199999999999999500 ) ) ;
#7018 = DIRECTION ( 'NONE',  ( 0.0000000000000000000, -0.0000000000000000000, 1.000000000000000000 ) ) ;
#7019 = DIRECTION ( 'NONE',  ( 0.0000000000000000000, 1.000000000000000000, 0.0000000000000000000 ) ) ;
#7020 = CARTESIAN_POINT ( 'NONE',  ( 4.409999999999999300, 8.000000000000000000, -0.01000000000000000000 ) ) ;
#7021 = CARTESIAN_POINT ( 'NONE',  ( -4.359999999999999400, 8.000000000000000000, 0.2700000000000000200 ) ) ;
#7022 = CIRCLE ( 'NONE', #6989, 0.04999999999999991300 ) ;
#7023 = LINE ( 'NONE', #7039, #7038 ) ;
#7024 = DIRECTION ( 'NONE',  ( 0.0000000000000000000, 0.0000000000000000000, 1.000000000000000000 ) ) ;
#7025 = VECTOR ( 'NONE', #7024, 1000.000000000000000 ) ;
#7026 = CARTESIAN_POINT ( 'NONE',  ( 4.409999999999999300, 8.486098300562506600, -0.01000000000000000000 ) ) ;
#7027 = LINE ( 'NONE', #7015, #7034 ) ;
#7028 = DIRECTION ( 'NONE',  ( 0.0000000000000000000, -1.000000000000000000, 0.0000000000000000000 ) ) ;
#7029 = VECTOR ( 'NONE', #7028, 1000.000000000000000 ) ;
#7030 = CARTESIAN_POINT ( 'NONE',  ( 4.409999999999999300, 8.000000000000000000, 0.2200000000000000000 ) ) ;
#7031 = LINE ( 'NONE', #7030, #7029 ) ;
#7032 =( GEOMETRIC_REPRESENTATION_CONTEXT ( 3 ) GLOBAL_UNCERTAINTY_ASSIGNED_CONTEXT ( ( #7033 ) ) GLOBAL_UNIT_ASSIGNED_CONTEXT ( ( #7042, #7041, #7040 ) ) REPRESENTATION_CONTEXT ( 'NONE', 'WORKASPACE' ) );
#7033 = UNCERTAINTY_MEASURE_WITH_UNIT (LENGTH_MEASURE( 1.000000000000000100E-005 ), #7042, 'distance_accuracy_value', 'NONE');
#7034 = VECTOR ( 'NONE', #7014, 1000.000000000000000 ) ;
#7035 = CARTESIAN_POINT ( 'NONE',  ( 1.404999999999999600, -1.021860547567588500E-016, 1.573981071380927500 ) ) ;
#7036 = CARTESIAN_POINT ( 'NONE',  ( 1.354999999999999500, -9.676504389433130800E-017, 1.353981071380927500 ) ) ;
#7037 = DIRECTION ( 'NONE',  ( 1.084202172485504400E-016, 1.000000000000000000, -0.0000000000000000000 ) ) ;
#7038 = VECTOR ( 'NONE', #7037, 1000.000000000000000 ) ;
#7039 = CARTESIAN_POINT ( 'NONE',  ( 2.034999999999999300, -1.704907916233456000E-016, 1.573981071380927500 ) ) ;
#7040 =( NAMED_UNIT ( * ) SI_UNIT ( $, .STERADIAN. ) SOLID_ANGLE_UNIT ( ) );
#7041 =( NAMED_UNIT ( * ) PLANE_ANGLE_UNIT ( ) SI_UNIT ( $, .RADIAN. ) );
#7042 =( LENGTH_UNIT ( ) NAMED_UNIT ( * ) SI_UNIT ( .MILLI., .METRE. ) );
#7043 = PLANE ( 'NONE',  #7044 ) ;
#7044 = AXIS2_PLACEMENT_3D ( 'NONE', #7060, #7058, #7045 ) ;
#7045 = DIRECTION ( 'NONE',  ( -1.000000000000000000, 1.084202172485504600E-016, 0.0000000000000000000 ) ) ;
#7046 = LINE ( 'NONE', #7053, #7052 ) ;
#7047 = DIRECTION ( 'NONE',  ( 1.084202172485504600E-016, 1.000000000000000000, 0.0000000000000000000 ) ) ;
#7048 = CARTESIAN_POINT ( 'NONE',  ( 2.034999999999999300, -1.704907916233456000E-016, 1.523981071380927600 ) ) ;
#7049 = AXIS2_PLACEMENT_3D ( 'NONE', #7048, #7047, #7092 ) ;
#7050 = CARTESIAN_POINT ( 'NONE',  ( 2.084999999999999100, -1.759118024857731200E-016, 1.353981071380927500 ) ) ;
#7051 = CARTESIAN_POINT ( 'NONE',  ( 2.084999999999999100, -1.759118024857731200E-016, 1.523981071380927600 ) ) ;
#7052 = VECTOR ( 'NONE', #7059, 1000.000000000000000 ) ;
#7053 = CARTESIAN_POINT ( 'NONE',  ( 2.084999999999999100, -1.759118024857731200E-016, 1.573981071380927500 ) ) ;
#7054 = DIRECTION ( 'NONE',  ( -1.000000000000000000, 1.084202172485502600E-016, 0.0000000000000000000 ) ) ;
#7055 = DIRECTION ( 'NONE',  ( 1.084202172485504600E-016, 1.000000000000000000, 0.0000000000000000000 ) ) ;
#7056 = CARTESIAN_POINT ( 'NONE',  ( 2.034999999999999300, -1.704907916233456000E-016, 1.353981071380927500 ) ) ;
#7057 = AXIS2_PLACEMENT_3D ( 'NONE', #7056, #7055, #7054 ) ;
#7058 = DIRECTION ( 'NONE',  ( 1.084202172485504600E-016, 1.000000000000000000, 0.0000000000000000000 ) ) ;
#7059 = DIRECTION ( 'NONE',  ( 0.0000000000000000000, 0.0000000000000000000, -1.000000000000000000 ) ) ;
#7060 = CARTESIAN_POINT ( 'NONE',  ( 2.084999999999999100, -1.759118024857731200E-016, 1.573981071380927500 ) ) ;
#7061 = CIRCLE ( 'NONE', #6798, 0.04999999999999991300 ) ;
#7062 = CARTESIAN_POINT ( 'NONE',  ( 4.382360679774996500, 8.530819660112500800, -0.01000000000000000000 ) ) ;
#7063 = DIRECTION ( 'NONE',  ( 0.0000000000000000000, 1.000000000000000000, 0.0000000000000000000 ) ) ;
#7064 = VECTOR ( 'NONE', #7063, 1000.000000000000000 ) ;
#7065 = CARTESIAN_POINT ( 'NONE',  ( -4.409999999999999300, 8.000000000000000000, -0.01000000000000000000 ) ) ;
#7066 = DIRECTION ( 'NONE',  ( 0.0000000000000000000, 0.0000000000000000000, 1.000000000000000000 ) ) ;
#7067 = DIRECTION ( 'NONE',  ( -0.0000000000000000000, -1.000000000000000000, -0.0000000000000000000 ) ) ;
#7068 = CARTESIAN_POINT ( 'NONE',  ( 4.359999999999999400, 8.000000000000000000, 0.2200000000000000000 ) ) ;
#7069 = CIRCLE ( 'NONE', #7049, 0.05000000000000012800 ) ;
#7070 = DIRECTION ( 'NONE',  ( -1.000000000000000000, 1.084202172485504600E-016, 0.0000000000000000000 ) ) ;
#7071 = VECTOR ( 'NONE', #7070, 1000.000000000000000 ) ;
#7072 = CARTESIAN_POINT ( 'NONE',  ( 2.084999999999999100, -1.759118024857731200E-016, 1.573981071380927500 ) ) ;
#7073 = LINE ( 'NONE', #7072, #7071 ) ;
#7074 = CARTESIAN_POINT ( 'NONE',  ( 2.034999999999999300, -1.704907916233456000E-016, 1.573981071380927500 ) ) ;
#7075 = DIRECTION ( 'NONE',  ( -1.084202172485504400E-016, -1.000000000000000000, 0.0000000000000000000 ) ) ;
#7076 = VECTOR ( 'NONE', #7075, 1000.000000000000000 ) ;
#7077 = CARTESIAN_POINT ( 'NONE',  ( 2.034999999999999300, -1.704907916233456000E-016, 1.303981071380927400 ) ) ;
#7078 = LINE ( 'NONE', #7077, #7076 ) ;
#7079 = AXIS2_PLACEMENT_3D ( 'NONE', #7068, #7067, #7066 ) ;
#7080 = CIRCLE ( 'NONE', #7079, 0.04999999999999999600 ) ;
#7081 = LINE ( 'NONE', #7065, #7064 ) ;
#7082 = CARTESIAN_POINT ( 'NONE',  ( 4.409999999999999300, 8.000000000000000000, -0.01000000000000000000 ) ) ;
#7083 = DIRECTION ( 'NONE',  ( -0.0000000000000000000, -0.0000000000000000000, -1.000000000000000000 ) ) ;
#7084 = VECTOR ( 'NONE', #7083, 1000.000000000000000 ) ;
#7085 = CARTESIAN_POINT ( 'NONE',  ( 4.382360679774996500, 8.530819660112500800, -0.01000000000000000000 ) ) ;
#7086 = LINE ( 'NONE', #7085, #7084 ) ;
#7087 = DIRECTION ( 'NONE',  ( -0.0000000000000000000, -0.0000000000000000000, -1.000000000000000000 ) ) ;
#7088 = VECTOR ( 'NONE', #7087, 1000.000000000000000 ) ;
#7089 = CARTESIAN_POINT ( 'NONE',  ( -4.409999999999999300, 8.486098300562506600, -0.01000000000000000000 ) ) ;
#7090 = LINE ( 'NONE', #7089, #7088 ) ;
#7091 = CIRCLE ( 'NONE', #7057, 0.05000000000000012800 ) ;
#7092 = DIRECTION ( 'NONE',  ( -1.000000000000000000, 1.084202172485502600E-016, 0.0000000000000000000 ) ) ;
#7093 = MECHANICAL_DESIGN_GEOMETRIC_PRESENTATION_REPRESENTATION (  '', ( #7095 ), #7113 ) ;
#7094 = PRESENTATION_LAYER_ASSIGNMENT (  '', '', ( #7095 ) ) ;
#7095 = STYLED_ITEM ( 'NONE', ( #7096 ), #2735 ) ;
#7096 = PRESENTATION_STYLE_ASSIGNMENT (( #7097 ) ) ;
#7097 = SURFACE_STYLE_USAGE ( .BOTH. , #7098 ) ;
#7098 = SURFACE_SIDE_STYLE ('',( #7132 ) ) ;
#7099 = DIRECTION ( 'NONE',  ( 1.000000000000000000, -1.084202172485504600E-016, -0.0000000000000000000 ) ) ;
#7100 = VECTOR ( 'NONE', #7099, 1000.000000000000000 ) ;
#7101 = CARTESIAN_POINT ( 'NONE',  ( 2.084999999999999100, -1.472999999999999900, 0.8040937768374314400 ) ) ;
#7102 = LINE ( 'NONE', #7101, #7100 ) ;
#7103 = DIRECTION ( 'NONE',  ( 0.0000000000000000000, -0.2503415400683179900, -0.9681575870261116500 ) ) ;
#7104 = DIRECTION ( 'NONE',  ( -1.049678559162034000E-016, -0.9681575870261116500, 0.2503415400683179900 ) ) ;
#7105 = CARTESIAN_POINT ( 'NONE',  ( 2.084999999999999100, -0.9750469801750287800, 0.8040937768374314400 ) ) ;
#7106 = AXIS2_PLACEMENT_3D ( 'NONE', #7105, #7104, #7103 ) ;
#7107 = PLANE ( 'NONE',  #7106 ) ;
#7108 = PLANE ( 'NONE',  #7119 ) ;
#7109 = FILL_AREA_STYLE_COLOUR ( '', #7144 ) ;
#7110 =( GEOMETRIC_REPRESENTATION_CONTEXT ( 3 ) GLOBAL_UNCERTAINTY_ASSIGNED_CONTEXT ( ( #7111 ) ) GLOBAL_UNIT_ASSIGNED_CONTEXT ( ( #7138, #7137, #7112 ) ) REPRESENTATION_CONTEXT ( 'NONE', 'WORKASPACE' ) );
#7111 = UNCERTAINTY_MEASURE_WITH_UNIT (LENGTH_MEASURE( 1.000000000000000100E-005 ), #7138, 'distance_accuracy_value', 'NONE');
#7112 =( NAMED_UNIT ( * ) SI_UNIT ( $, .STERADIAN. ) SOLID_ANGLE_UNIT ( ) );
#7113 =( GEOMETRIC_REPRESENTATION_CONTEXT ( 3 ) GLOBAL_UNCERTAINTY_ASSIGNED_CONTEXT ( ( #7145 ) ) GLOBAL_UNIT_ASSIGNED_CONTEXT ( ( #7141, #7140, #7146 ) ) REPRESENTATION_CONTEXT ( 'NONE', 'WORKASPACE' ) );
#7114 =( LENGTH_UNIT ( ) NAMED_UNIT ( * ) SI_UNIT ( .MILLI., .METRE. ) );
#7115 = CYLINDRICAL_SURFACE ( 'NONE', #7117, 0.2700000000000000700 ) ;
#7116 = CIRCLE ( 'NONE', #7124, 0.04999999999999969700 ) ;
#7117 = AXIS2_PLACEMENT_3D ( 'NONE', #7127, #7126, #7125 ) ;
#7118 = CARTESIAN_POINT ( 'NONE',  ( 2.084999999999999100, -1.759118024857731200E-016, 1.573981071380927500 ) ) ;
#7119 = AXIS2_PLACEMENT_3D ( 'NONE', #7118, #7122, #7121 ) ;
#7120 =( NAMED_UNIT ( * ) PLANE_ANGLE_UNIT ( ) SI_UNIT ( $, .RADIAN. ) );
#7121 = DIRECTION ( 'NONE',  ( 1.000000000000000000, 0.0000000000000000000, -0.0000000000000000000 ) ) ;
#7122 = DIRECTION ( 'NONE',  ( 0.0000000000000000000, 0.0000000000000000000, 1.000000000000000000 ) ) ;
#7123 = CARTESIAN_POINT ( 'NONE',  ( 4.359999999999999400, 8.486098300562506600, -0.01000000000000000000 ) ) ;
#7124 = AXIS2_PLACEMENT_3D ( 'NONE', #7123, #7163, #7162 ) ;
#7125 = DIRECTION ( 'NONE',  ( 0.0000000000000000000, -1.000000000000000000, 0.0000000000000000000 ) ) ;
#7126 = DIRECTION ( 'NONE',  ( -1.000000000000000000, 1.084202172485504600E-016, 0.0000000000000000000 ) ) ;
#7127 = CARTESIAN_POINT ( 'NONE',  ( 2.084999999999999100, -0.5669083047447585100, 1.303981071380927400 ) ) ;
#7128 = PRESENTATION_STYLE_ASSIGNMENT (( #7158 ) ) ;
#7129 = PRESENTATION_LAYER_ASSIGNMENT (  '', '', ( #7194 ) ) ;
#7130 = SURFACE_STYLE_FILL_AREA ( #7142 ) ;
#7131 = MECHANICAL_DESIGN_GEOMETRIC_PRESENTATION_REPRESENTATION (  '', ( #7194 ), #7195 ) ;
#7132 = SURFACE_STYLE_FILL_AREA ( #7133 ) ;
#7133 = FILL_AREA_STYLE ('',( #7154 ) ) ;
#7134 = COLOUR_RGB ( '',0.8470588235294117500, 0.8470588235294117500, 0.8470588235294117500 ) ;
#7135 = FACE_OUTER_BOUND ( 'NONE', #2736, .T. ) ;
#7136 = DIRECTION ( 'NONE',  ( -1.084202172485504400E-016, -1.000000000000000000, 0.0000000000000000000 ) ) ;
#7137 =( NAMED_UNIT ( * ) PLANE_ANGLE_UNIT ( ) SI_UNIT ( $, .RADIAN. ) );
#7138 =( LENGTH_UNIT ( ) NAMED_UNIT ( * ) SI_UNIT ( .MILLI., .METRE. ) );
#7139 = MECHANICAL_DESIGN_GEOMETRIC_PRESENTATION_REPRESENTATION (  '', ( #7165 ), #7110 ) ;
#7140 =( NAMED_UNIT ( * ) PLANE_ANGLE_UNIT ( ) SI_UNIT ( $, .RADIAN. ) );
#7141 =( LENGTH_UNIT ( ) NAMED_UNIT ( * ) SI_UNIT ( .MILLI., .METRE. ) );
#7142 = FILL_AREA_STYLE ('',( #7109 ) ) ;
#7143 = FACE_OUTER_BOUND ( 'NONE', #2729, .T. ) ;
#7144 = COLOUR_RGB ( '',0.8470588235294117500, 0.8470588235294117500, 0.8470588235294117500 ) ;
#7145 = UNCERTAINTY_MEASURE_WITH_UNIT (LENGTH_MEASURE( 1.000000000000000100E-005 ), #7141, 'distance_accuracy_value', 'NONE');
#7146 =( NAMED_UNIT ( * ) SI_UNIT ( $, .STERADIAN. ) SOLID_ANGLE_UNIT ( ) );
#7147 = UNCERTAINTY_MEASURE_WITH_UNIT (LENGTH_MEASURE( 1.000000000000000100E-005 ), #7150, 'distance_accuracy_value', 'NONE');
#7148 =( NAMED_UNIT ( * ) SI_UNIT ( $, .STERADIAN. ) SOLID_ANGLE_UNIT ( ) );
#7149 =( NAMED_UNIT ( * ) PLANE_ANGLE_UNIT ( ) SI_UNIT ( $, .RADIAN. ) );
#7150 =( LENGTH_UNIT ( ) NAMED_UNIT ( * ) SI_UNIT ( .MILLI., .METRE. ) );
#7151 = VECTOR ( 'NONE', #7136, 1000.000000000000000 ) ;
#7152 = CARTESIAN_POINT ( 'NONE',  ( 1.404999999999999600, -0.5669083047447569500, 1.573981071380927500 ) ) ;
#7153 = LINE ( 'NONE', #7152, #7151 ) ;
#7154 = FILL_AREA_STYLE_COLOUR ( '', #7134 ) ;
#7155 = SURFACE_SIDE_STYLE ('',( #7130 ) ) ;
#7156 = UNCERTAINTY_MEASURE_WITH_UNIT (LENGTH_MEASURE( 1.000000000000000100E-005 ), #7114, 'distance_accuracy_value', 'NONE');
#7157 =( NAMED_UNIT ( * ) SI_UNIT ( $, .STERADIAN. ) SOLID_ANGLE_UNIT ( ) );
#7158 = SURFACE_STYLE_USAGE ( .BOTH. , #7155 ) ;
#7159 = FILL_AREA_STYLE_COLOUR ( '', #7171 ) ;
#7160 = CARTESIAN_POINT ( 'NONE',  ( 4.409999999999999300, 8.486098300562506600, 0.2200000000000000000 ) ) ;
#7161 = CARTESIAN_POINT ( 'NONE',  ( 4.409999999999999300, 8.486098300562506600, -0.01000000000000000000 ) ) ;
#7162 = DIRECTION ( 'NONE',  ( -1.000000000000000000, 0.0000000000000000000, 0.0000000000000000000 ) ) ;
#7163 = DIRECTION ( 'NONE',  ( -0.0000000000000000000, 0.0000000000000000000, -1.000000000000000000 ) ) ;
#7164 = PRESENTATION_LAYER_ASSIGNMENT (  '', '', ( #7165 ) ) ;
#7165 = STYLED_ITEM ( 'NONE', ( #7166 ), #2746 ) ;
#7166 = PRESENTATION_STYLE_ASSIGNMENT (( #7167 ) ) ;
#7167 = SURFACE_STYLE_USAGE ( .BOTH. , #7168 ) ;
#7168 = SURFACE_SIDE_STYLE ('',( #7169 ) ) ;
#7169 = SURFACE_STYLE_FILL_AREA ( #7170 ) ;
#7170 = FILL_AREA_STYLE ('',( #7159 ) ) ;
#7171 = COLOUR_RGB ( '',0.8470588235294117500, 0.8470588235294117500, 0.8470588235294117500 ) ;
#7172 = FACE_OUTER_BOUND ( 'NONE', #2845, .T. ) ;
#7173 = DIRECTION ( 'NONE',  ( 1.084202172485504400E-016, 1.000000000000000000, -0.0000000000000000000 ) ) ;
#7174 = VECTOR ( 'NONE', #7173, 1000.000000000000000 ) ;
#7175 = CARTESIAN_POINT ( 'NONE',  ( 2.034999999999999300, -0.9750469801750287800, 0.8040937768374314400 ) ) ;
#7176 = LINE ( 'NONE', #7175, #7174 ) ;
#7177 = MECHANICAL_DESIGN_GEOMETRIC_PRESENTATION_REPRESENTATION (  '', ( #7179 ), #7295 ) ;
#7178 = PRESENTATION_LAYER_ASSIGNMENT (  '', '', ( #7179 ) ) ;
#7179 = STYLED_ITEM ( 'NONE', ( #7180 ), #2752 ) ;
#7180 = PRESENTATION_STYLE_ASSIGNMENT (( #7181 ) ) ;
#7181 = SURFACE_STYLE_USAGE ( .BOTH. , #7182 ) ;
#7182 = SURFACE_SIDE_STYLE ('',( #7183 ) ) ;
#7183 = SURFACE_STYLE_FILL_AREA ( #7184 ) ;
#7184 = FILL_AREA_STYLE ('',( #7191 ) ) ;
#7185 = COLOUR_RGB ( '',0.8470588235294117500, 0.8470588235294117500, 0.8470588235294117500 ) ;
#7186 = FACE_OUTER_BOUND ( 'NONE', #2818, .T. ) ;
#7187 = DIRECTION ( 'NONE',  ( -2.714208416054373100E-017, -0.2503415400683179900, -0.9681575870261116500 ) ) ;
#7188 = VECTOR ( 'NONE', #7187, 999.9999999999998900 ) ;
#7189 = CARTESIAN_POINT ( 'NONE',  ( 1.404999999999999600, -0.9750469801750286700, 0.8040937768374314400 ) ) ;
#7190 = LINE ( 'NONE', #7189, #7188 ) ;
#7191 = FILL_AREA_STYLE_COLOUR ( '', #7185 ) ;
#7192 = CARTESIAN_POINT ( 'NONE',  ( 2.034999999999999300, -1.472999999999999900, 0.8040937768374314400 ) ) ;
#7193 = CARTESIAN_POINT ( 'NONE',  ( 1.404999999999999600, -1.472999999999999900, 0.8040937768374314400 ) ) ;
#7194 = STYLED_ITEM ( 'NONE', ( #7128 ), #2731 ) ;
#7195 =( GEOMETRIC_REPRESENTATION_CONTEXT ( 3 ) GLOBAL_UNCERTAINTY_ASSIGNED_CONTEXT ( ( #7156 ) ) GLOBAL_UNIT_ASSIGNED_CONTEXT ( ( #7114, #7120, #7157 ) ) REPRESENTATION_CONTEXT ( 'NONE', 'WORKASPACE' ) );
#7196 = PLANE ( 'NONE',  #7259 ) ;
#7197 = CARTESIAN_POINT ( 'NONE',  ( 2.794999999999999900, 1.527000000000000600, 0.2700000000000000200 ) ) ;
#7198 = DIRECTION ( 'NONE',  ( -1.000000000000000000, 0.0000000000000000000, 0.0000000000000000000 ) ) ;
#7199 = LINE ( 'NONE', #7276, #7278 ) ;
#7200 = PLANE ( 'NONE',  #7201 ) ;
#7201 = AXIS2_PLACEMENT_3D ( 'NONE', #7224, #7223, #7222 ) ;
#7202 = FACE_OUTER_BOUND ( 'NONE', #2685, .T. ) ;
#7203 = DIRECTION ( 'NONE',  ( -1.000000000000000000, 0.0000000000000000000, 0.0000000000000000000 ) ) ;
#7204 = VECTOR ( 'NONE', #7203, 1000.000000000000000 ) ;
#7205 = DIRECTION ( 'NONE',  ( -0.0000000000000000000, 0.0000000000000000000, -1.000000000000000000 ) ) ;
#7206 = CARTESIAN_POINT ( 'NONE',  ( 3.398196601125011100, 8.967000000000000500, -0.01000000000000000000 ) ) ;
#7207 = AXIS2_PLACEMENT_3D ( 'NONE', #7206, #7205, #7198 ) ;
#7208 = CIRCLE ( 'NONE', #7207, 0.05000000000000012800 ) ;
#7209 = FACE_OUTER_BOUND ( 'NONE', #2530, .T. ) ;
#7210 = CARTESIAN_POINT ( 'NONE',  ( 2.084999999999999100, -0.9750469801750287800, 0.8040937768374314400 ) ) ;
#7211 = PLANE ( 'NONE',  #7293 ) ;
#7212 = CARTESIAN_POINT ( 'NONE',  ( 2.034999999999999300, -0.8283108532418089800, 1.371573287199372000 ) ) ;
#7213 = CARTESIAN_POINT ( 'NONE',  ( 1.404999999999999600, -0.8283108532418088600, 1.371573287199372000 ) ) ;
#7214 = DIRECTION ( 'NONE',  ( 1.000000000000000000, 0.0000000000000000000, -0.0000000000000000000 ) ) ;
#7215 = DIRECTION ( 'NONE',  ( -1.000000000000000000, 1.084202172485504600E-016, 0.0000000000000000000 ) ) ;
#7216 = VECTOR ( 'NONE', #7215, 1000.000000000000000 ) ;
#7217 = CARTESIAN_POINT ( 'NONE',  ( 2.084999999999999100, -0.5669083047447569500, 1.573981071380927500 ) ) ;
#7218 = LINE ( 'NONE', #7217, #7216 ) ;
#7219 = LINE ( 'NONE', #7254, #7253 ) ;
#7220 = CARTESIAN_POINT ( 'NONE',  ( 1.404999999999999600, -0.5669083047447568400, 1.573981071380927500 ) ) ;
#7221 = CARTESIAN_POINT ( 'NONE',  ( 2.034999999999999300, -0.5669083047447569500, 1.573981071380927500 ) ) ;
#7222 = DIRECTION ( 'NONE',  ( -1.000000000000000000, 0.0000000000000000000, 0.0000000000000000000 ) ) ;
#7223 = DIRECTION ( 'NONE',  ( 0.0000000000000000000, 0.0000000000000000000, -1.000000000000000000 ) ) ;
#7224 = CARTESIAN_POINT ( 'NONE',  ( 2.794999999999999900, 1.527000000000000600, -0.01000000000000000000 ) ) ;
#7225 = CARTESIAN_POINT ( 'NONE',  ( 3.420557280900008200, 9.011721359549996500, 0.2200000000000000000 ) ) ;
#7226 = AXIS2_PLACEMENT_3D ( 'NONE', #7268, #7267, #7294 ) ;
#7227 = DIRECTION ( 'NONE',  ( 0.0000000000000000000, 0.0000000000000000000, 1.000000000000000000 ) ) ;
#7228 = PRESENTATION_LAYER_ASSIGNMENT (  '', '', ( #7229 ) ) ;
#7229 = STYLED_ITEM ( 'NONE', ( #7230 ), #2806 ) ;
#7230 = PRESENTATION_STYLE_ASSIGNMENT (( #7231 ) ) ;
#7231 = SURFACE_STYLE_USAGE ( .BOTH. , #7232 ) ;
#7232 = SURFACE_SIDE_STYLE ('',( #7233 ) ) ;
#7233 = SURFACE_STYLE_FILL_AREA ( #7234 ) ;
#7234 = FILL_AREA_STYLE ('',( #7241 ) ) ;
#7235 = COLOUR_RGB ( '',0.8470588235294117500, 0.8470588235294117500, 0.8470588235294117500 ) ;
#7236 = FACE_OUTER_BOUND ( 'NONE', #2815, .T. ) ;
#7237 = DIRECTION ( 'NONE',  ( -1.084202172485504400E-016, -1.000000000000000000, 1.978640747033070800E-016 ) ) ;
#7238 = VECTOR ( 'NONE', #7237, 1000.000000000000000 ) ;
#7239 = CARTESIAN_POINT ( 'NONE',  ( 2.034999999999999300, -0.9750469801750303300, 0.5340937768374313100 ) ) ;
#7240 = LINE ( 'NONE', #7239, #7238 ) ;
#7241 = FILL_AREA_STYLE_COLOUR ( '', #7235 ) ;
#7242 = DIRECTION ( 'NONE',  ( -1.000000000000000000, 1.084202172485504600E-016, 0.0000000000000000000 ) ) ;
#7243 = VECTOR ( 'NONE', #7242, 1000.000000000000000 ) ;
#7244 = CARTESIAN_POINT ( 'NONE',  ( 2.084999999999999100, -0.9750469801750287800, 0.8040937768374314400 ) ) ;
#7245 = LINE ( 'NONE', #7244, #7243 ) ;
#7246 = CIRCLE ( 'NONE', #7226, 0.2700000000000000700 ) ;
#7247 = CIRCLE ( 'NONE', #7266, 0.04999999999999969700 ) ;
#7248 = CARTESIAN_POINT ( 'NONE',  ( 2.084999999999999100, -1.472999999999999900, 0.7540937768374315100 ) ) ;
#7249 = DIRECTION ( 'NONE',  ( -1.000000000000000000, 0.0000000000000000000, 0.0000000000000000000 ) ) ;
#7250 = VECTOR ( 'NONE', #7249, 1000.000000000000000 ) ;
#7251 = CARTESIAN_POINT ( 'NONE',  ( 4.409999999999999300, 8.000000000000000000, 0.2700000000000000200 ) ) ;
#7252 = LINE ( 'NONE', #7251, #7250 ) ;
#7253 = VECTOR ( 'NONE', #7270, 999.9999999999998900 ) ;
#7254 = CARTESIAN_POINT ( 'NONE',  ( 2.034999999999999300, -0.9750469801750287800, 0.8040937768374314400 ) ) ;
#7255 = CARTESIAN_POINT ( 'NONE',  ( 4.409999999999999300, 8.000000000000000000, -0.01000000000000000000 ) ) ;
#7256 = LINE ( 'NONE', #7255, #7204 ) ;
#7257 = DIRECTION ( 'NONE',  ( -1.000000000000000000, 0.0000000000000000000, 0.0000000000000000000 ) ) ;
#7258 = DIRECTION ( 'NONE',  ( 0.0000000000000000000, 0.0000000000000000000, -1.000000000000000000 ) ) ;
#7259 = AXIS2_PLACEMENT_3D ( 'NONE', #7197, #7258, #7257 ) ;
#7260 = CARTESIAN_POINT ( 'NONE',  ( 1.404999999999999600, -1.021860547567588500E-016, 1.303981071380927400 ) ) ;
#7261 = CARTESIAN_POINT ( 'NONE',  ( 2.034999999999999300, -1.704907916233456000E-016, 1.303981071380927400 ) ) ;
#7262 = CARTESIAN_POINT ( 'NONE',  ( 1.354999999999999500, -9.676504389433130800E-017, 1.523981071380927600 ) ) ;
#7263 = DIRECTION ( 'NONE',  ( -1.000000000000000000, 0.0000000000000000000, 0.0000000000000000000 ) ) ;
#7264 = DIRECTION ( 'NONE',  ( -0.0000000000000000000, 0.0000000000000000000, -1.000000000000000000 ) ) ;
#7265 = CARTESIAN_POINT ( 'NONE',  ( -4.359999999999999400, 8.486098300562506600, -0.01000000000000000000 ) ) ;
#7266 = AXIS2_PLACEMENT_3D ( 'NONE', #7265, #7264, #7263 ) ;
#7267 = DIRECTION ( 'NONE',  ( -1.000000000000000000, 1.084202172485504400E-016, 0.0000000000000000000 ) ) ;
#7268 = CARTESIAN_POINT ( 'NONE',  ( 2.034999999999999300, -0.5669083047447585100, 1.303981071380927400 ) ) ;
#7269 = CARTESIAN_POINT ( 'NONE',  ( 1.404999999999999100, -0.9750469801750286700, 0.8040937768374314400 ) ) ;
#7270 = DIRECTION ( 'NONE',  ( 2.714208416054373100E-017, 0.2503415400683179900, 0.9681575870261116500 ) ) ;
#7271 = DIRECTION ( 'NONE',  ( -1.000000000000000000, 0.0000000000000000000, 0.0000000000000000000 ) ) ;
#7272 = DIRECTION ( 'NONE',  ( -0.0000000000000000000, 0.0000000000000000000, -1.000000000000000000 ) ) ;
#7273 = CARTESIAN_POINT ( 'NONE',  ( -3.398196601125012000, 8.967000000000000500, -0.01000000000000000000 ) ) ;
#7274 = AXIS2_PLACEMENT_3D ( 'NONE', #7273, #7272, #7271 ) ;
#7275 = CIRCLE ( 'NONE', #7274, 0.05000000000000012800 ) ;
#7276 = CARTESIAN_POINT ( 'NONE',  ( 2.084999999999999100, -0.8283108532418089800, 1.371573287199372000 ) ) ;
#7277 = DIRECTION ( 'NONE',  ( -1.000000000000000000, 1.084202172485504600E-016, 0.0000000000000000000 ) ) ;
#7278 = VECTOR ( 'NONE', #7277, 1000.000000000000000 ) ;
#7279 = CARTESIAN_POINT ( 'NONE',  ( 4.359999999999999400, 8.000000000000000000, 0.2700000000000000200 ) ) ;
#7280 = CARTESIAN_POINT ( 'NONE',  ( 4.382360679774996500, 8.530819660112500800, 0.2200000000000000000 ) ) ;
#7281 = DIRECTION ( 'NONE',  ( -0.0000000000000000000, -0.0000000000000000000, 1.000000000000000000 ) ) ;
#7282 = VECTOR ( 'NONE', #7281, 1000.000000000000000 ) ;
#7283 = CARTESIAN_POINT ( 'NONE',  ( 4.409999999999999300, 8.000000000000000000, -0.01000000000000000000 ) ) ;
#7284 = LINE ( 'NONE', #7283, #7282 ) ;
#7285 = VECTOR ( 'NONE', #7286, 1000.000000000000000 ) ;
#7286 = DIRECTION ( 'NONE',  ( -0.0000000000000000000, -1.000000000000000000, -0.0000000000000000000 ) ) ;
#7287 = CARTESIAN_POINT ( 'NONE',  ( 4.409999999999999300, 8.000000000000000000, -0.01000000000000000000 ) ) ;
#7288 = LINE ( 'NONE', #7287, #7285 ) ;
#7289 = DIRECTION ( 'NONE',  ( 0.8944271909999155200, -0.4472135954999585400, 0.0000000000000000000 ) ) ;
#7290 = VECTOR ( 'NONE', #7289, 1000.000000000000000 ) ;
#7291 = CARTESIAN_POINT ( 'NONE',  ( 4.409999999999999300, 8.516999999999999500, 0.2200000000000000000 ) ) ;
#7292 = LINE ( 'NONE', #7291, #7290 ) ;
#7293 = AXIS2_PLACEMENT_3D ( 'NONE', #7210, #7227, #7214 ) ;
#7294 = DIRECTION ( 'NONE',  ( 0.0000000000000000000, 1.000000000000000000, 8.031127203596326700E-016 ) ) ;
#7295 =( GEOMETRIC_REPRESENTATION_CONTEXT ( 3 ) GLOBAL_UNCERTAINTY_ASSIGNED_CONTEXT ( ( #7147 ) ) GLOBAL_UNIT_ASSIGNED_CONTEXT ( ( #7150, #7149, #7148 ) ) REPRESENTATION_CONTEXT ( 'NONE', 'WORKASPACE' ) );
#7296 = DIRECTION ( 'NONE',  ( -0.0000000000000000000, -0.0000000000000000000, -1.000000000000000000 ) ) ;
#7297 = VECTOR ( 'NONE', #7296, 1000.000000000000000 ) ;
#7298 = CARTESIAN_POINT ( 'NONE',  ( 1.404999999999999600, -1.522999999999999900, 0.5840937768374315800 ) ) ;
#7299 = LINE ( 'NONE', #7298, #7297 ) ;
#7300 = DIRECTION ( 'NONE',  ( -1.084202172485504400E-016, -1.000000000000000000, 0.0000000000000000000 ) ) ;
#7301 = VECTOR ( 'NONE', #7300, 1000.000000000000000 ) ;
#7302 = CARTESIAN_POINT ( 'NONE',  ( 1.404999999999999600, -1.522999999999999900, 0.8040937768374314400 ) ) ;
#7303 = LINE ( 'NONE', #7302, #7301 ) ;
#7304 = UNCERTAINTY_MEASURE_WITH_UNIT (LENGTH_MEASURE( 1.000000000000000100E-005 ), #7305, 'distance_accuracy_value', 'NONE');
#7305 =( LENGTH_UNIT ( ) NAMED_UNIT ( * ) SI_UNIT ( .MILLI., .METRE. ) );
#7306 =( LENGTH_UNIT ( ) NAMED_UNIT ( * ) SI_UNIT ( .MILLI., .METRE. ) );
#7307 = MECHANICAL_DESIGN_GEOMETRIC_PRESENTATION_REPRESENTATION (  '', ( #7309 ), #7310 ) ;
#7308 = PRESENTATION_LAYER_ASSIGNMENT (  '', '', ( #7309 ) ) ;
#7309 = STYLED_ITEM ( 'NONE', ( #7332 ), #2809 ) ;
#7310 =( GEOMETRIC_REPRESENTATION_CONTEXT ( 3 ) GLOBAL_UNCERTAINTY_ASSIGNED_CONTEXT ( ( #7329 ) ) GLOBAL_UNIT_ASSIGNED_CONTEXT ( ( #7306, #7331, #7330 ) ) REPRESENTATION_CONTEXT ( 'NONE', 'WORKASPACE' ) );
#7311 = PLANE ( 'NONE',  #7327 ) ;
#7312 = LINE ( 'NONE', #7348, #7340 ) ;
#7313 = MECHANICAL_DESIGN_GEOMETRIC_PRESENTATION_REPRESENTATION (  '', ( #7229 ), #7328 ) ;
#7314 = DIRECTION ( 'NONE',  ( 0.0000000000000000000, 1.000000000000000000, -1.978640747033070800E-016 ) ) ;
#7315 = DIRECTION ( 'NONE',  ( -2.145246596501596700E-032, -1.978640747033070800E-016, -1.000000000000000000 ) ) ;
#7316 = AXIS2_PLACEMENT_3D ( 'NONE', #7318, #7315, #7314 ) ;
#7317 = CARTESIAN_POINT ( 'NONE',  ( 2.034999999999999300, -0.9750469801750287800, 0.8040937768374314400 ) ) ;
#7318 = CARTESIAN_POINT ( 'NONE',  ( 2.084999999999999100, -0.9750469801750303300, 0.5340937768374313100 ) ) ;
#7319 = PLANE ( 'NONE',  #7316 ) ;
#7320 = VECTOR ( 'NONE', #7347, 1000.000000000000000 ) ;
#7321 = CARTESIAN_POINT ( 'NONE',  ( 2.034999999999999300, -1.522999999999999900, 0.8040937768374314400 ) ) ;
#7322 = LINE ( 'NONE', #7321, #7320 ) ;
#7323 = DIRECTION ( 'NONE',  ( -1.000000000000000000, 1.084202172485504600E-016, 0.0000000000000000000 ) ) ;
#7324 = VECTOR ( 'NONE', #7323, 1000.000000000000000 ) ;
#7325 = CARTESIAN_POINT ( 'NONE',  ( 2.084999999999999100, -1.522999999999999900, 0.7540937768374315100 ) ) ;
#7326 = LINE ( 'NONE', #7325, #7324 ) ;
#7327 = AXIS2_PLACEMENT_3D ( 'NONE', #7352, #7351, #7350 ) ;
#7328 =( GEOMETRIC_REPRESENTATION_CONTEXT ( 3 ) GLOBAL_UNCERTAINTY_ASSIGNED_CONTEXT ( ( #7304 ) ) GLOBAL_UNIT_ASSIGNED_CONTEXT ( ( #7305, #7354, #7353 ) ) REPRESENTATION_CONTEXT ( 'NONE', 'WORKASPACE' ) );
#7329 = UNCERTAINTY_MEASURE_WITH_UNIT (LENGTH_MEASURE( 1.000000000000000100E-005 ), #7306, 'distance_accuracy_value', 'NONE');
#7330 =( NAMED_UNIT ( * ) SI_UNIT ( $, .STERADIAN. ) SOLID_ANGLE_UNIT ( ) );
#7331 =( NAMED_UNIT ( * ) PLANE_ANGLE_UNIT ( ) SI_UNIT ( $, .RADIAN. ) );
#7332 = PRESENTATION_STYLE_ASSIGNMENT (( #7333 ) ) ;
#7333 = SURFACE_STYLE_USAGE ( .BOTH. , #7334 ) ;
#7334 = SURFACE_SIDE_STYLE ('',( #7335 ) ) ;
#7335 = SURFACE_STYLE_FILL_AREA ( #7336 ) ;
#7336 = FILL_AREA_STYLE ('',( #7349 ) ) ;
#7337 = COLOUR_RGB ( '',0.8470588235294117500, 0.8470588235294117500, 0.8470588235294117500 ) ;
#7338 = FACE_OUTER_BOUND ( 'NONE', #2836, .T. ) ;
#7339 = DIRECTION ( 'NONE',  ( 1.084202172485504400E-016, 1.000000000000000000, -1.978640747033070800E-016 ) ) ;
#7340 = VECTOR ( 'NONE', #7339, 1000.000000000000000 ) ;
#7341 = CARTESIAN_POINT ( 'NONE',  ( 2.084999999999999100, -0.6056240298486853500, 1.353981071380927500 ) ) ;
#7342 = CARTESIAN_POINT ( 'NONE',  ( 2.084999999999999100, -0.9363312550711018200, 0.7540937768374315100 ) ) ;
#7343 = DIRECTION ( 'NONE',  ( -1.084202172485504400E-016, -1.000000000000000000, -0.0000000000000000000 ) ) ;
#7344 = VECTOR ( 'NONE', #7343, 1000.000000000000000 ) ;
#7345 = CARTESIAN_POINT ( 'NONE',  ( 2.084999999999999100, -0.9750469801750290000, 0.7540937768374315100 ) ) ;
#7346 = LINE ( 'NONE', #7345, #7344 ) ;
#7347 = DIRECTION ( 'NONE',  ( 0.0000000000000000000, 0.0000000000000000000, 1.000000000000000000 ) ) ;
#7348 = CARTESIAN_POINT ( 'NONE',  ( 1.404999999999999600, -0.9750469801750303300, 0.5340937768374313100 ) ) ;
#7349 = FILL_AREA_STYLE_COLOUR ( '', #7337 ) ;
#7350 = DIRECTION ( 'NONE',  ( 1.084202172485504400E-016, 1.000000000000000000, 0.0000000000000000000 ) ) ;
#7351 = DIRECTION ( 'NONE',  ( 1.000000000000000000, -1.084202172485504400E-016, -0.0000000000000000000 ) ) ;
#7352 = CARTESIAN_POINT ( 'NONE',  ( 2.084999999999999100, -0.9750469801750290000, 0.8040937768374313300 ) ) ;
#7353 =( NAMED_UNIT ( * ) SI_UNIT ( $, .STERADIAN. ) SOLID_ANGLE_UNIT ( ) );
#7354 =( NAMED_UNIT ( * ) PLANE_ANGLE_UNIT ( ) SI_UNIT ( $, .RADIAN. ) );
#7355 = UNCERTAINTY_MEASURE_WITH_UNIT (LENGTH_MEASURE( 1.000000000000000100E-005 ), #7358, 'distance_accuracy_value', 'NONE');
#7356 =( NAMED_UNIT ( * ) SI_UNIT ( $, .STERADIAN. ) SOLID_ANGLE_UNIT ( ) );
#7357 =( NAMED_UNIT ( * ) PLANE_ANGLE_UNIT ( ) SI_UNIT ( $, .RADIAN. ) );
#7358 =( LENGTH_UNIT ( ) NAMED_UNIT ( * ) SI_UNIT ( .MILLI., .METRE. ) );
#7359 = MECHANICAL_DESIGN_GEOMETRIC_PRESENTATION_REPRESENTATION (  '', ( #7361 ), #7388 ) ;
#7360 = PRESENTATION_LAYER_ASSIGNMENT (  '', '', ( #7361 ) ) ;
#7361 = STYLED_ITEM ( 'NONE', ( #7362 ), #2838 ) ;
#7362 = PRESENTATION_STYLE_ASSIGNMENT (( #7363 ) ) ;
#7363 = SURFACE_STYLE_USAGE ( .BOTH. , #7364 ) ;
#7364 = SURFACE_SIDE_STYLE ('',( #7365 ) ) ;
#7365 = SURFACE_STYLE_FILL_AREA ( #7366 ) ;
#7366 = FILL_AREA_STYLE ('',( #7367 ) ) ;
#7367 = FILL_AREA_STYLE_COLOUR ( '', #7368 ) ;
#7368 = COLOUR_RGB ( '',0.8470588235294117500, 0.8470588235294117500, 0.8470588235294117500 ) ;
#7369 = FACE_OUTER_BOUND ( 'NONE', #2821, .T. ) ;
#7370 = CARTESIAN_POINT ( 'NONE',  ( 2.034999999999999300, -1.522999999999999900, 0.7540937768374315100 ) ) ;
#7371 = CARTESIAN_POINT ( 'NONE',  ( 2.034999999999999300, -1.472999999999999900, 0.5340937768374314200 ) ) ;
#7372 = CARTESIAN_POINT ( 'NONE',  ( 2.084999999999999100, -1.472999999999999900, 0.5840937768374314700 ) ) ;
#7373 = DIRECTION ( 'NONE',  ( -0.0000000000000000000, -0.0000000000000000000, -1.000000000000000000 ) ) ;
#7374 = VECTOR ( 'NONE', #7373, 1000.000000000000000 ) ;
#7375 = CARTESIAN_POINT ( 'NONE',  ( 2.084999999999999100, -1.472999999999999900, 0.8040937768374313300 ) ) ;
#7376 = LINE ( 'NONE', #7375, #7374 ) ;
#7377 = DIRECTION ( 'NONE',  ( 1.000000000000000000, -1.084202172485504600E-016, 2.736911063134408300E-048 ) ) ;
#7378 = VECTOR ( 'NONE', #7377, 1000.000000000000000 ) ;
#7379 = CARTESIAN_POINT ( 'NONE',  ( 2.084999999999999100, -1.522999999999999900, 0.5840937768374314700 ) ) ;
#7380 = LINE ( 'NONE', #7379, #7378 ) ;
#7381 = CARTESIAN_POINT ( 'NONE',  ( 2.084999999999999100, -0.5669083047447572900, 1.523981071380927600 ) ) ;
#7382 = DIRECTION ( 'NONE',  ( 1.084202172485504400E-016, 1.000000000000000000, -1.978640747033070800E-016 ) ) ;
#7383 = VECTOR ( 'NONE', #7382, 1000.000000000000000 ) ;
#7384 = CARTESIAN_POINT ( 'NONE',  ( 2.084999999999999100, -0.9750469801750290000, 0.5840937768374313600 ) ) ;
#7385 = LINE ( 'NONE', #7384, #7383 ) ;
#7386 = DIRECTION ( 'NONE',  ( 0.0000000000000000000, 1.000000000000000000, 0.0000000000000000000 ) ) ;
#7387 = DIRECTION ( 'NONE',  ( 1.000000000000000000, -1.084202172485504400E-016, -0.0000000000000000000 ) ) ;
#7388 =( GEOMETRIC_REPRESENTATION_CONTEXT ( 3 ) GLOBAL_UNCERTAINTY_ASSIGNED_CONTEXT ( ( #7355 ) ) GLOBAL_UNIT_ASSIGNED_CONTEXT ( ( #7358, #7357, #7356 ) ) REPRESENTATION_CONTEXT ( 'NONE', 'WORKASPACE' ) );
#7389 = DIRECTION ( 'NONE',  ( 1.000000000000000000, -0.0000000000000000000, -0.0000000000000000000 ) ) ;
#7390 = CARTESIAN_POINT ( 'NONE',  ( -0.3150000000000001700, -1.472999999999999900, 0.7540937768374315100 ) ) ;
#7391 = AXIS2_PLACEMENT_3D ( 'NONE', #7390, #7389, #7413 ) ;
#7392 = FILL_AREA_STYLE_COLOUR ( '', #7411 ) ;
#7393 = DIRECTION ( 'NONE',  ( 1.000000000000000000, 0.0000000000000000000, 0.0000000000000000000 ) ) ;
#7394 = DIRECTION ( 'NONE',  ( 0.0000000000000000000, 1.000000000000000000, 0.0000000000000000000 ) ) ;
#7395 = CARTESIAN_POINT ( 'NONE',  ( 1.404999999999999600, -1.522999999999999900, 0.7540937768374315100 ) ) ;
#7396 = DIRECTION ( 'NONE',  ( 0.0000000000000000000, 1.000000000000000000, 0.0000000000000000000 ) ) ;
#7397 = DIRECTION ( 'NONE',  ( -1.000000000000000000, 1.084202172485504400E-016, 0.0000000000000000000 ) ) ;
#7398 = CARTESIAN_POINT ( 'NONE',  ( 1.354999999999999500, -0.9750469801750288900, 0.8040937768374313300 ) ) ;
#7399 = AXIS2_PLACEMENT_3D ( 'NONE', #7398, #7397, #7396 ) ;
#7400 = UNCERTAINTY_MEASURE_WITH_UNIT (LENGTH_MEASURE( 1.000000000000000100E-005 ), #7403, 'distance_accuracy_value', 'NONE');
#7401 =( NAMED_UNIT ( * ) SI_UNIT ( $, .STERADIAN. ) SOLID_ANGLE_UNIT ( ) );
#7402 =( NAMED_UNIT ( * ) PLANE_ANGLE_UNIT ( ) SI_UNIT ( $, .RADIAN. ) );
#7403 =( LENGTH_UNIT ( ) NAMED_UNIT ( * ) SI_UNIT ( .MILLI., .METRE. ) );
#7404 = DIRECTION ( 'NONE',  ( -1.084202172485504600E-016, -1.000000000000000000, 0.0000000000000000000 ) ) ;
#7405 = STYLED_ITEM ( 'NONE', ( #7406 ), #2861 ) ;
#7406 = PRESENTATION_STYLE_ASSIGNMENT (( #7407 ) ) ;
#7407 = SURFACE_STYLE_USAGE ( .BOTH. , #7408 ) ;
#7408 = SURFACE_SIDE_STYLE ('',( #7409 ) ) ;
#7409 = SURFACE_STYLE_FILL_AREA ( #7410 ) ;
#7410 = FILL_AREA_STYLE ('',( #7392 ) ) ;
#7411 = COLOUR_RGB ( '',0.8470588235294117500, 0.8470588235294117500, 0.8470588235294117500 ) ;
#7412 = FACE_OUTER_BOUND ( 'NONE', #2971, .T. ) ;
#7413 = DIRECTION ( 'NONE',  ( 0.0000000000000000000, 0.0000000000000000000, 1.000000000000000000 ) ) ;
#7414 = LINE ( 'NONE', #7458, #7416 ) ;
#7415 = DIRECTION ( 'NONE',  ( 1.084202172485504400E-016, 1.000000000000000000, -0.0000000000000000000 ) ) ;
#7416 = VECTOR ( 'NONE', #7415, 1000.000000000000000 ) ;
#7417 = CARTESIAN_POINT ( 'NONE',  ( 1.404999999999999600, -1.522999999999999900, 0.5840937768374314700 ) ) ;
#7418 = DIRECTION ( 'NONE',  ( -1.000000000000000000, 1.084202172485504600E-016, -2.736911063134408300E-048 ) ) ;
#7419 = VECTOR ( 'NONE', #7418, 1000.000000000000000 ) ;
#7420 = SPHERICAL_SURFACE ( 'NONE', #7487, 0.05000000000000000300 ) ;
#7421 =( GEOMETRIC_REPRESENTATION_CONTEXT ( 3 ) GLOBAL_UNCERTAINTY_ASSIGNED_CONTEXT ( ( #7424 ) ) GLOBAL_UNIT_ASSIGNED_CONTEXT ( ( #7470, #7475, #7474 ) ) REPRESENTATION_CONTEXT ( 'NONE', 'WORKASPACE' ) );
#7422 = CARTESIAN_POINT ( 'NONE',  ( 1.404999999999999600, -0.9750469801750290000, 1.353981071380927500 ) ) ;
#7423 =( GEOMETRIC_REPRESENTATION_CONTEXT ( 3 ) GLOBAL_UNCERTAINTY_ASSIGNED_CONTEXT ( ( #7400 ) ) GLOBAL_UNIT_ASSIGNED_CONTEXT ( ( #7403, #7402, #7401 ) ) REPRESENTATION_CONTEXT ( 'NONE', 'WORKASPACE' ) );
#7424 = UNCERTAINTY_MEASURE_WITH_UNIT (LENGTH_MEASURE( 1.000000000000000100E-005 ), #7470, 'distance_accuracy_value', 'NONE');
#7425 = CARTESIAN_POINT ( 'NONE',  ( 2.034999999999999700, -0.5669083047447585100, 1.303981071380927400 ) ) ;
#7426 = PLANE ( 'NONE',  #7476 ) ;
#7427 = DIRECTION ( 'NONE',  ( 0.0000000000000000000, -0.2503415400683179400, -0.9681575870261115400 ) ) ;
#7428 = CARTESIAN_POINT ( 'NONE',  ( 0.3149999999999992800, -0.7799029738905034500, 1.359056210195956000 ) ) ;
#7429 = AXIS2_PLACEMENT_3D ( 'NONE', #7428, #7427, #7435 ) ;
#7430 = CIRCLE ( 'NONE', #7429, 0.05000000000000003700 ) ;
#7431 = SURFACE_SIDE_STYLE ('',( #7432 ) ) ;
#7432 = SURFACE_STYLE_FILL_AREA ( #7433 ) ;
#7433 = FILL_AREA_STYLE ('',( #7484 ) ) ;
#7434 = COLOUR_RGB ( '',0.8470588235294117500, 0.8470588235294117500, 0.8470588235294117500 ) ;
#7435 = DIRECTION ( 'NONE',  ( 0.0000000000000000000, 0.9681575870261117700, -0.2503415400683174400 ) ) ;
#7436 = CARTESIAN_POINT ( 'NONE',  ( 1.404999999999999600, -0.5669083047447584000, 1.303981071380927400 ) ) ;
#7437 = AXIS2_PLACEMENT_3D ( 'NONE', #7436, #7387, #7386 ) ;
#7438 = CIRCLE ( 'NONE', #7437, 0.2700000000000000700 ) ;
#7439 = CARTESIAN_POINT ( 'NONE',  ( 2.084999999999999100, -1.522999999999999900, 0.8040937768374314400 ) ) ;
#7440 =( NAMED_UNIT ( * ) PLANE_ANGLE_UNIT ( ) SI_UNIT ( $, .RADIAN. ) );
#7441 =( LENGTH_UNIT ( ) NAMED_UNIT ( * ) SI_UNIT ( .MILLI., .METRE. ) );
#7442 = MECHANICAL_DESIGN_GEOMETRIC_PRESENTATION_REPRESENTATION (  '', ( #7444 ), #6040 ) ;
#7443 = PRESENTATION_LAYER_ASSIGNMENT (  '', '', ( #7444 ) ) ;
#7444 = STYLED_ITEM ( 'NONE', ( #7445 ), #2868 ) ;
#7445 = PRESENTATION_STYLE_ASSIGNMENT (( #7446 ) ) ;
#7446 = SURFACE_STYLE_USAGE ( .BOTH. , #7447 ) ;
#7447 = SURFACE_SIDE_STYLE ('',( #7448 ) ) ;
#7448 = SURFACE_STYLE_FILL_AREA ( #7449 ) ;
#7449 = FILL_AREA_STYLE ('',( #7464 ) ) ;
#7450 = COLOUR_RGB ( '',0.8470588235294117500, 0.8470588235294117500, 0.8470588235294117500 ) ;
#7451 = CARTESIAN_POINT ( 'NONE',  ( 2.084999999999999100, -1.472999999999999900, 0.5340937768374314200 ) ) ;
#7452 = LINE ( 'NONE', #7451, #7419 ) ;
#7453 =( NAMED_UNIT ( * ) PLANE_ANGLE_UNIT ( ) SI_UNIT ( $, .RADIAN. ) );
#7454 =( LENGTH_UNIT ( ) NAMED_UNIT ( * ) SI_UNIT ( .MILLI., .METRE. ) );
#7455 = MECHANICAL_DESIGN_GEOMETRIC_PRESENTATION_REPRESENTATION (  '', ( #7405 ), #7481 ) ;
#7456 = PRESENTATION_LAYER_ASSIGNMENT (  '', '', ( #7405 ) ) ;
#7457 = CIRCLE ( 'NONE', #7399, 0.2200000000000001400 ) ;
#7458 = CARTESIAN_POINT ( 'NONE',  ( 2.084999999999999100, -0.9750469801750290000, 1.353981071380927500 ) ) ;
#7459 = FACE_OUTER_BOUND ( 'NONE', #2869, .T. ) ;
#7460 = DIRECTION ( 'NONE',  ( 1.000000000000000000, 0.0000000000000000000, 0.0000000000000000000 ) ) ;
#7461 = DIRECTION ( 'NONE',  ( 0.0000000000000000000, -0.0000000000000000000, -1.000000000000000000 ) ) ;
#7462 = CARTESIAN_POINT ( 'NONE',  ( 0.3149999999999992800, -1.472999999999999900, 0.7540937768374315100 ) ) ;
#7463 = AXIS2_PLACEMENT_3D ( 'NONE', #7462, #7461, #7460 ) ;
#7464 = FILL_AREA_STYLE_COLOUR ( '', #7450 ) ;
#7465 = DIRECTION ( 'NONE',  ( -1.000000000000000000, 0.0000000000000000000, 0.0000000000000000000 ) ) ;
#7466 = DIRECTION ( 'NONE',  ( 1.084202172485504400E-016, 1.000000000000000000, 0.0000000000000000000 ) ) ;
#7467 = AXIS2_PLACEMENT_3D ( 'NONE', #7422, #7466, #7465 ) ;
#7468 = CYLINDRICAL_SURFACE ( 'NONE', #7467, 0.04999999999999991300 ) ;
#7469 = CIRCLE ( 'NONE', #7463, 0.05000000000000002400 ) ;
#7470 =( LENGTH_UNIT ( ) NAMED_UNIT ( * ) SI_UNIT ( .MILLI., .METRE. ) );
#7471 = CARTESIAN_POINT ( 'NONE',  ( 2.034999999999999300, -1.522999999999999900, 0.5840937768374314700 ) ) ;
#7472 = CARTESIAN_POINT ( 'NONE',  ( 1.404999999999999600, -1.472999999999999900, 0.5340937768374314200 ) ) ;
#7473 = DIRECTION ( 'NONE',  ( 1.000000000000000000, -1.084202172485504600E-016, 0.0000000000000000000 ) ) ;
#7474 =( NAMED_UNIT ( * ) SI_UNIT ( $, .STERADIAN. ) SOLID_ANGLE_UNIT ( ) );
#7475 =( NAMED_UNIT ( * ) PLANE_ANGLE_UNIT ( ) SI_UNIT ( $, .RADIAN. ) );
#7476 = AXIS2_PLACEMENT_3D ( 'NONE', #7439, #7404, #7473 ) ;
#7477 = CYLINDRICAL_SURFACE ( 'NONE', #7500, 0.05000000000000003700 ) ;
#7478 = FACE_OUTER_BOUND ( 'NONE', #3010, .T. ) ;
#7479 = FILL_AREA_STYLE_COLOUR ( '', #7497 ) ;
#7480 = CARTESIAN_POINT ( 'NONE',  ( 1.404999999999999600, -0.7620523110292841700, 0.7490186380224013200 ) ) ;
#7481 =( GEOMETRIC_REPRESENTATION_CONTEXT ( 3 ) GLOBAL_UNCERTAINTY_ASSIGNED_CONTEXT ( ( #7482 ) ) GLOBAL_UNIT_ASSIGNED_CONTEXT ( ( #7454, #7453, #7483 ) ) REPRESENTATION_CONTEXT ( 'NONE', 'WORKASPACE' ) );
#7482 = UNCERTAINTY_MEASURE_WITH_UNIT (LENGTH_MEASURE( 1.000000000000000100E-005 ), #7454, 'distance_accuracy_value', 'NONE');
#7483 =( NAMED_UNIT ( * ) SI_UNIT ( $, .STERADIAN. ) SOLID_ANGLE_UNIT ( ) );
#7484 = FILL_AREA_STYLE_COLOUR ( '', #7434 ) ;
#7485 = FACE_OUTER_BOUND ( 'NONE', #2856, .T. ) ;
#7486 = CARTESIAN_POINT ( 'NONE',  ( -0.3150000000000001700, -1.472999999999999600, 0.7540937768374315100 ) ) ;
#7487 = AXIS2_PLACEMENT_3D ( 'NONE', #7486, #7394, #7393 ) ;
#7488 = CIRCLE ( 'NONE', #7391, 0.05000000000000002400 ) ;
#7489 = MECHANICAL_DESIGN_GEOMETRIC_PRESENTATION_REPRESENTATION (  '', ( #7491 ), #7423 ) ;
#7490 = PRESENTATION_LAYER_ASSIGNMENT (  '', '', ( #7491 ) ) ;
#7491 = STYLED_ITEM ( 'NONE', ( #7492 ), #2862 ) ;
#7492 = PRESENTATION_STYLE_ASSIGNMENT (( #7493 ) ) ;
#7493 = SURFACE_STYLE_USAGE ( .BOTH. , #7494 ) ;
#7494 = SURFACE_SIDE_STYLE ('',( #7495 ) ) ;
#7495 = SURFACE_STYLE_FILL_AREA ( #7496 ) ;
#7496 = FILL_AREA_STYLE ('',( #7479 ) ) ;
#7497 = COLOUR_RGB ( '',0.8470588235294117500, 0.8470588235294117500, 0.8470588235294117500 ) ;
#7498 = DIRECTION ( 'NONE',  ( 0.0000000000000000000, -0.9681575870261117700, 0.2503415400683174400 ) ) ;
#7499 = DIRECTION ( 'NONE',  ( 2.714208416054376200E-017, 0.2503415400683182700, 0.9681575870261115400 ) ) ;
#7500 = AXIS2_PLACEMENT_3D ( 'NONE', #7480, #7499, #7498 ) ;
#7501 = MECHANICAL_DESIGN_GEOMETRIC_PRESENTATION_REPRESENTATION (  '', ( #7503 ), #7421 ) ;
#7502 = PRESENTATION_LAYER_ASSIGNMENT (  '', '', ( #7503 ) ) ;
#7503 = STYLED_ITEM ( 'NONE', ( #7504 ), #2855 ) ;
#7504 = PRESENTATION_STYLE_ASSIGNMENT (( #7505 ) ) ;
#7505 = SURFACE_STYLE_USAGE ( .BOTH. , #7431 ) ;
#7506 = DIRECTION ( 'NONE',  ( 0.0000000000000000000, -0.2503415400683179400, -0.9681575870261115400 ) ) ;
#7507 = CARTESIAN_POINT ( 'NONE',  ( -1.405000000000000700, -0.7799029738905034500, 1.359056210195956000 ) ) ;
#7508 = AXIS2_PLACEMENT_3D ( 'NONE', #7507, #7506, #7564 ) ;
#7509 = CARTESIAN_POINT ( 'NONE',  ( -1.405000000000000700, -1.472999999999999900, 0.7540937768374315100 ) ) ;
#7510 = DIRECTION ( 'NONE',  ( 1.084202172485504600E-016, 1.000000000000000000, 0.0000000000000000000 ) ) ;
#7511 = DIRECTION ( 'NONE',  ( 1.000000000000000000, -1.084202172485504400E-016, -0.0000000000000000000 ) ) ;
#7512 = AXIS2_PLACEMENT_3D ( 'NONE', #7522, #7511, #7510 ) ;
#7513 = CIRCLE ( 'NONE', #7508, 0.05000000000000003700 ) ;
#7514 = UNCERTAINTY_MEASURE_WITH_UNIT (LENGTH_MEASURE( 1.000000000000000100E-005 ), #7534, 'distance_accuracy_value', 'NONE');
#7515 =( NAMED_UNIT ( * ) SI_UNIT ( $, .STERADIAN. ) SOLID_ANGLE_UNIT ( ) );
#7516 =( NAMED_UNIT ( * ) PLANE_ANGLE_UNIT ( ) SI_UNIT ( $, .RADIAN. ) );
#7517 = CARTESIAN_POINT ( 'NONE',  ( -1.355000000000000400, -0.9363312550711018200, 0.7540937768374315100 ) ) ;
#7518 = FILL_AREA_STYLE ('',( #7543 ) ) ;
#7519 = COLOUR_RGB ( '',0.8470588235294117500, 0.8470588235294117500, 0.8470588235294117500 ) ;
#7520 = CARTESIAN_POINT ( 'NONE',  ( -1.405000000000000700, -0.9750469801750287800, 0.8040937768374314400 ) ) ;
#7521 =( BOUNDED_CURVE ( )  B_SPLINE_CURVE ( 3, ( #7517, #7588, #7587, #7520 ),
 .UNSPECIFIED., .F., .F. ) 
 B_SPLINE_CURVE_WITH_KNOTS ( ( 4, 4 ),
 ( 4.712388980384689700, 6.283185307179586200 ),
 .UNSPECIFIED. ) 
 CURVE ( )  GEOMETRIC_REPRESENTATION_ITEM ( )  RATIONAL_B_SPLINE_CURVE ( ( 1.000000000000000000, 0.8047378541243649400, 0.8047378541243649400, 1.000000000000000000 ) ) 
 REPRESENTATION_ITEM ( '' )  );
#7522 = CARTESIAN_POINT ( 'NONE',  ( -1.405000000000000700, -0.5669083047447585100, 1.303981071380927400 ) ) ;
#7523 = TOROIDAL_SURFACE ( 'NONE', #7512, 0.2200000000000000600, 0.05000000000000000300 ) ;
#7524 =( GEOMETRIC_REPRESENTATION_CONTEXT ( 3 ) GLOBAL_UNCERTAINTY_ASSIGNED_CONTEXT ( ( #7514 ) ) GLOBAL_UNIT_ASSIGNED_CONTEXT ( ( #7534, #7516, #7515 ) ) REPRESENTATION_CONTEXT ( 'NONE', 'WORKASPACE' ) );
#7525 = AXIS2_PLACEMENT_3D ( 'NONE', #7586, #7533, #7565 ) ;
#7526 = MECHANICAL_DESIGN_GEOMETRIC_PRESENTATION_REPRESENTATION (  '', ( #7528 ), #7583 ) ;
#7527 = PRESENTATION_LAYER_ASSIGNMENT (  '', '', ( #7528 ) ) ;
#7528 = STYLED_ITEM ( 'NONE', ( #7529 ), #2357 ) ;
#7529 = PRESENTATION_STYLE_ASSIGNMENT (( #7530 ) ) ;
#7530 = SURFACE_STYLE_USAGE ( .BOTH. , #7531 ) ;
#7531 = SURFACE_SIDE_STYLE ('',( #7532 ) ) ;
#7532 = SURFACE_STYLE_FILL_AREA ( #7518 ) ;
#7533 = DIRECTION ( 'NONE',  ( 1.084202172485504400E-016, 1.000000000000000000, -1.978640747033070800E-016 ) ) ;
#7534 =( LENGTH_UNIT ( ) NAMED_UNIT ( * ) SI_UNIT ( .MILLI., .METRE. ) );
#7535 = MECHANICAL_DESIGN_GEOMETRIC_PRESENTATION_REPRESENTATION (  '', ( #7537 ), #7524 ) ;
#7536 = PRESENTATION_LAYER_ASSIGNMENT (  '', '', ( #7537 ) ) ;
#7537 = STYLED_ITEM ( 'NONE', ( #7538 ), #2363 ) ;
#7538 = PRESENTATION_STYLE_ASSIGNMENT (( #7539 ) ) ;
#7539 = SURFACE_STYLE_USAGE ( .BOTH. , #7540 ) ;
#7540 = SURFACE_SIDE_STYLE ('',( #7541 ) ) ;
#7541 = SURFACE_STYLE_FILL_AREA ( #7542 ) ;
#7542 = FILL_AREA_STYLE ('',( #7573 ) ) ;
#7543 = FILL_AREA_STYLE_COLOUR ( '', #7519 ) ;
#7544 = MECHANICAL_DESIGN_GEOMETRIC_PRESENTATION_REPRESENTATION (  '', ( #7546 ), #6146 ) ;
#7545 = PRESENTATION_LAYER_ASSIGNMENT (  '', '', ( #7546 ) ) ;
#7546 = STYLED_ITEM ( 'NONE', ( #7547 ), #2382 ) ;
#7547 = PRESENTATION_STYLE_ASSIGNMENT (( #7548 ) ) ;
#7548 = SURFACE_STYLE_USAGE ( .BOTH. , #7549 ) ;
#7549 = SURFACE_SIDE_STYLE ('',( #7550 ) ) ;
#7550 = SURFACE_STYLE_FILL_AREA ( #7551 ) ;
#7551 = FILL_AREA_STYLE ('',( #7559 ) ) ;
#7552 = COLOUR_RGB ( '',0.8470588235294117500, 0.8470588235294117500, 0.8470588235294117500 ) ;
#7553 = FACE_OUTER_BOUND ( 'NONE', #2380, .T. ) ;
#7554 = DIRECTION ( 'NONE',  ( 0.0000000000000000000, 0.9681575870261126500, -0.2503415400683133300 ) ) ;
#7555 = DIRECTION ( 'NONE',  ( -0.0000000000000000000, -0.2503415400683133300, -0.9681575870261127600 ) ) ;
#7556 = CARTESIAN_POINT ( 'NONE',  ( -2.035000000000000100, -0.7620523110292838400, 0.7490186380224025400 ) ) ;
#7557 = AXIS2_PLACEMENT_3D ( 'NONE', #7556, #7555, #7554 ) ;
#7558 = CIRCLE ( 'NONE', #7557, 0.04999999999999998900 ) ;
#7559 = FILL_AREA_STYLE_COLOUR ( '', #7552 ) ;
#7560 = DIRECTION ( 'NONE',  ( 0.0000000000000000000, 0.0000000000000000000, -1.000000000000000000 ) ) ;
#7561 = DIRECTION ( 'NONE',  ( 1.000000000000000000, 0.0000000000000000000, -0.0000000000000000000 ) ) ;
#7562 = AXIS2_PLACEMENT_3D ( 'NONE', #7509, #7561, #7560 ) ;
#7563 = CIRCLE ( 'NONE', #7562, 0.05000000000000002400 ) ;
#7564 = DIRECTION ( 'NONE',  ( 0.0000000000000000000, 0.9681575870261117700, -0.2503415400683174400 ) ) ;
#7565 = DIRECTION ( 'NONE',  ( 0.0000000000000000000, 0.0000000000000000000, 1.000000000000000000 ) ) ;
#7566 = COLOUR_RGB ( '',0.8470588235294117500, 0.8470588235294117500, 0.8470588235294117500 ) ;
#7567 = FACE_OUTER_BOUND ( 'NONE', #2353, .T. ) ;
#7568 = DIRECTION ( 'NONE',  ( 0.0000000000000000000, 0.0000000000000000000, -1.000000000000000000 ) ) ;
#7569 = DIRECTION ( 'NONE',  ( 0.0000000000000000000, -1.000000000000000000, 0.0000000000000000000 ) ) ;
#7570 = CARTESIAN_POINT ( 'NONE',  ( -2.035000000000000100, -1.472999999999999900, 0.7540937768374315100 ) ) ;
#7571 = AXIS2_PLACEMENT_3D ( 'NONE', #7570, #7569, #7568 ) ;
#7572 = CIRCLE ( 'NONE', #7571, 0.05000000000000002400 ) ;
#7573 = FILL_AREA_STYLE_COLOUR ( '', #7566 ) ;
#7574 = DIRECTION ( 'NONE',  ( 0.0000000000000000000, -1.000000000000000000, 0.0000000000000000000 ) ) ;
#7575 = DIRECTION ( 'NONE',  ( -1.000000000000000000, 1.084202172485504600E-016, 0.0000000000000000000 ) ) ;
#7576 = FACE_OUTER_BOUND ( 'NONE', #2358, .T. ) ;
#7577 = CYLINDRICAL_SURFACE ( 'NONE', #7525, 0.05000000000000002400 ) ;
#7578 = UNCERTAINTY_MEASURE_WITH_UNIT (LENGTH_MEASURE( 1.000000000000000100E-005 ), #7585, 'distance_accuracy_value', 'NONE');
#7579 =( NAMED_UNIT ( * ) SI_UNIT ( $, .STERADIAN. ) SOLID_ANGLE_UNIT ( ) );
#7580 = AXIS2_PLACEMENT_3D ( 'NONE', #7582, #7575, #7574 ) ;
#7581 = CYLINDRICAL_SURFACE ( 'NONE', #7580, 0.04999999999999991300 ) ;
#7582 = CARTESIAN_POINT ( 'NONE',  ( -1.355000000000000400, -1.472999999999999900, 0.7540937768374315100 ) ) ;
#7583 =( GEOMETRIC_REPRESENTATION_CONTEXT ( 3 ) GLOBAL_UNCERTAINTY_ASSIGNED_CONTEXT ( ( #7578 ) ) GLOBAL_UNIT_ASSIGNED_CONTEXT ( ( #7585, #7584, #7579 ) ) REPRESENTATION_CONTEXT ( 'NONE', 'WORKASPACE' ) );
#7584 =( NAMED_UNIT ( * ) PLANE_ANGLE_UNIT ( ) SI_UNIT ( $, .RADIAN. ) );
#7585 =( LENGTH_UNIT ( ) NAMED_UNIT ( * ) SI_UNIT ( .MILLI., .METRE. ) );
#7586 = CARTESIAN_POINT ( 'NONE',  ( -2.035000000000000100, -0.9750469801750290000, 0.5840937768374313600 ) ) ;
#7587 = CARTESIAN_POINT ( 'NONE',  ( -1.375710678118655400, -0.9750469801750286700, 0.8040937768374314400 ) ) ;
#7588 = CARTESIAN_POINT ( 'NONE',  ( -1.355000000000000600, -0.9590104017598738400, 0.7833830987187766500 ) ) ;
#7589 = DIRECTION ( 'NONE',  ( 1.000000000000000000, 0.0000000000000000000, 0.0000000000000000000 ) ) ;
#7590 = DIRECTION ( 'NONE',  ( 0.0000000000000000000, -0.0000000000000000000, -1.000000000000000000 ) ) ;
#7591 = AXIS2_PLACEMENT_3D ( 'NONE', #7663, #7590, #7589 ) ;
#7592 = CIRCLE ( 'NONE', #7591, 0.1000000000000002600 ) ;
#7593 = FACE_OUTER_BOUND ( 'NONE', #1612, .T. ) ;
#7594 =( NAMED_UNIT ( * ) PLANE_ANGLE_UNIT ( ) SI_UNIT ( $, .RADIAN. ) );
#7595 = AXIS2_PLACEMENT_3D ( 'NONE', #7703, #7702, #7698 ) ;
#7596 = CIRCLE ( 'NONE', #7595, 0.1000000000000002600 ) ;
#7597 = UNCERTAINTY_MEASURE_WITH_UNIT (LENGTH_MEASURE( 1.000000000000000100E-005 ), #7708, 'distance_accuracy_value', 'NONE');
#7598 = DIRECTION ( 'NONE',  ( 1.000000000000000000, 0.0000000000000000000, 0.0000000000000000000 ) ) ;
#7599 = DIRECTION ( 'NONE',  ( 0.0000000000000000000, 0.0000000000000000000, 1.000000000000000000 ) ) ;
#7600 = CARTESIAN_POINT ( 'NONE',  ( -3.398196601125012000, 8.967000000000000500, -0.01000000000000000000 ) ) ;
#7601 = AXIS2_PLACEMENT_3D ( 'NONE', #7600, #7599, #7598 ) ;
#7602 = CIRCLE ( 'NONE', #7625, 0.05000000000000002400 ) ;
#7603 = CARTESIAN_POINT ( 'NONE',  ( -3.510608562952334000, 1.360029125881897100, 1.905000000000000000 ) ) ;
#7604 = CARTESIAN_POINT ( 'NONE',  ( 3.754999999999999000, -0.9266391008237231400, 0.7915766998340155700 ) ) ;
#7605 = AXIS2_PLACEMENT_3D ( 'NONE', #7604, #7695, #7617 ) ;
#7606 = DIRECTION ( 'NONE',  ( 1.000000000000000000, 0.0000000000000000000, 0.0000000000000000000 ) ) ;
#7607 = DIRECTION ( 'NONE',  ( 0.0000000000000000000, 0.0000000000000000000, 1.000000000000000000 ) ) ;
#7608 = CARTESIAN_POINT ( 'NONE',  ( -3.510608562952334000, 1.360029125881897100, 1.804999999999999900 ) ) ;
#7609 = AXIS2_PLACEMENT_3D ( 'NONE', #7608, #7607, #7606 ) ;
#7610 = SURFACE_STYLE_FILL_AREA ( #110 ) ;
#7611 = AXIS2_PLACEMENT_3D ( 'NONE', #7681, #7680, #7679 ) ;
#7612 = DIRECTION ( 'NONE',  ( 0.0000000000000000000, 0.0000000000000000000, -1.000000000000000000 ) ) ;
#7613 = VECTOR ( 'NONE', #7612, 1000.000000000000000 ) ;
#7614 = CARTESIAN_POINT ( 'NONE',  ( -4.597500000000000100, 0.0000000000000000000, 1.905000000000000000 ) ) ;
#7615 = LINE ( 'NONE', #7614, #7613 ) ;
#7616 = CARTESIAN_POINT ( 'NONE',  ( 3.754999999999999000, -1.472999999999999900, 0.7540937768374315100 ) ) ;
#7617 = DIRECTION ( 'NONE',  ( 0.0000000000000000000, -0.9681575870261117700, 0.2503415400683174400 ) ) ;
#7618 =( LENGTH_UNIT ( ) NAMED_UNIT ( * ) SI_UNIT ( .MILLI., .METRE. ) );
#7619 = DIRECTION ( 'NONE',  ( 0.0000000000000000000, 0.0000000000000000000, -1.000000000000000000 ) ) ;
#7620 = DIRECTION ( 'NONE',  ( 1.000000000000000000, 0.0000000000000000000, -0.0000000000000000000 ) ) ;
#7621 = AXIS2_PLACEMENT_3D ( 'NONE', #7616, #7620, #7619 ) ;
#7622 = DIRECTION ( 'NONE',  ( 0.0000000000000000000, 0.0000000000000000000, -1.000000000000000000 ) ) ;
#7623 = DIRECTION ( 'NONE',  ( 0.0000000000000000000, -1.000000000000000000, 0.0000000000000000000 ) ) ;
#7624 = CARTESIAN_POINT ( 'NONE',  ( 3.124999999999999600, -1.472999999999999900, 0.7540937768374315100 ) ) ;
#7625 = AXIS2_PLACEMENT_3D ( 'NONE', #7624, #7623, #7622 ) ;
#7626 = PLANE ( 'NONE',  #7611 ) ;
#7627 = CYLINDRICAL_SURFACE ( 'NONE', #7601, 0.05000000000000012800 ) ;
#7628 = FACE_OUTER_BOUND ( 'NONE', #1622, .T. ) ;
#7629 = DIRECTION ( 'NONE',  ( -0.4472135954999718100, 0.8944271909999088600, 0.0000000000000000000 ) ) ;
#7630 = DIRECTION ( 'NONE',  ( 0.8944271909999125200, 0.4472135954999649800, 7.757919228897700000E-015 ) ) ;
#7631 = CARTESIAN_POINT ( 'NONE',  ( -3.398196601125011500, 8.967000000000000500, 0.2200000000000000000 ) ) ;
#7632 = AXIS2_PLACEMENT_3D ( 'NONE', #7631, #7630, #7629 ) ;
#7633 = DIRECTION ( 'NONE',  ( 1.000000000000000000, 0.0000000000000000000, 0.0000000000000000000 ) ) ;
#7634 = DIRECTION ( 'NONE',  ( 0.0000000000000000000, 1.000000000000000000, 0.0000000000000000000 ) ) ;
#7635 = CARTESIAN_POINT ( 'NONE',  ( -3.398196601125012000, 8.967000000000000500, 0.2199999999999999700 ) ) ;
#7636 = AXIS2_PLACEMENT_3D ( 'NONE', #7635, #7634, #7633 ) ;
#7637 = CIRCLE ( 'NONE', #7632, 0.04999999999999948200 ) ;
#7638 = SPHERICAL_SURFACE ( 'NONE', #7636, 0.05000000000000000300 ) ;
#7639 = DIRECTION ( 'NONE',  ( 0.0000000000000000000, -0.0000000000000000000, -1.000000000000000000 ) ) ;
#7640 = DIRECTION ( 'NONE',  ( 0.0000000000000000000, -1.000000000000000000, 0.0000000000000000000 ) ) ;
#7641 = AXIS2_PLACEMENT_3D ( 'NONE', #7643, #7640, #7639 ) ;
#7642 = FACE_OUTER_BOUND ( 'NONE', #1629, .T. ) ;
#7643 = CARTESIAN_POINT ( 'NONE',  ( -4.697499999999999800, 8.000000000000000000, 1.905000000000000000 ) ) ;
#7644 = PLANE ( 'NONE',  #7641 ) ;
#7645 = FACE_OUTER_BOUND ( 'NONE', #1620, .T. ) ;
#7646 = VECTOR ( 'NONE', #7669, 1000.000000000000000 ) ;
#7647 = DIRECTION ( 'NONE',  ( 1.000000000000000000, 0.0000000000000000000, 0.0000000000000000000 ) ) ;
#7648 = DIRECTION ( 'NONE',  ( 0.0000000000000000000, 0.0000000000000000000, 1.000000000000000000 ) ) ;
#7649 = AXIS2_PLACEMENT_3D ( 'NONE', #7603, #7648, #7647 ) ;
#7650 = CIRCLE ( 'NONE', #7649, 0.5428421944743202500 ) ;
#7651 = CYLINDRICAL_SURFACE ( 'NONE', #7652, 0.1000000000000002600 ) ;
#7652 = AXIS2_PLACEMENT_3D ( 'NONE', #7674, #7673, #7672 ) ;
#7653 = DIRECTION ( 'NONE',  ( 1.000000000000000000, 0.0000000000000000000, 0.0000000000000000000 ) ) ;
#7654 = DIRECTION ( 'NONE',  ( -0.0000000000000000000, -0.0000000000000000000, 1.000000000000000000 ) ) ;
#7655 = AXIS2_PLACEMENT_3D ( 'NONE', #7685, #7654, #7653 ) ;
#7656 = SURFACE_STYLE_USAGE ( .BOTH. , #7676 ) ;
#7657 = MECHANICAL_DESIGN_GEOMETRIC_PRESENTATION_REPRESENTATION (  '', ( #7686 ), #7696 ) ;
#7658 = DIRECTION ( 'NONE',  ( 1.000000000000000000, 0.0000000000000000000, 0.0000000000000000000 ) ) ;
#7659 = DIRECTION ( 'NONE',  ( 0.0000000000000000000, 0.0000000000000000000, 1.000000000000000000 ) ) ;
#7660 = CARTESIAN_POINT ( 'NONE',  ( 3.449871390582917000, 6.826374639129476800, 1.804999999999999900 ) ) ;
#7661 = AXIS2_PLACEMENT_3D ( 'NONE', #7660, #7659, #7658 ) ;
#7662 = CIRCLE ( 'NONE', #7661, 0.6538209204126603800 ) ;
#7663 = CARTESIAN_POINT ( 'NONE',  ( -4.597500000000000100, 0.1000000000000000100, 0.0000000000000000000 ) ) ;
#7664 = CIRCLE ( 'NONE', #7609, 0.5428421944743202500 ) ;
#7665 = DIRECTION ( 'NONE',  ( 1.084202172485504400E-016, 1.000000000000000000, -0.0000000000000000000 ) ) ;
#7666 = VECTOR ( 'NONE', #7665, 1000.000000000000000 ) ;
#7667 = CARTESIAN_POINT ( 'NONE',  ( -4.697499999999999800, 8.000000000000000000, 1.804999999999999900 ) ) ;
#7668 = LINE ( 'NONE', #7667, #7666 ) ;
#7669 = DIRECTION ( 'NONE',  ( -0.0000000000000000000, -0.0000000000000000000, 1.000000000000000000 ) ) ;
#7670 = CARTESIAN_POINT ( 'NONE',  ( 4.697499999999999800, 7.900000000000000400, 1.905000000000000000 ) ) ;
#7671 = LINE ( 'NONE', #7670, #7646 ) ;
#7672 = DIRECTION ( 'NONE',  ( -1.000000000000000000, 0.0000000000000000000, 0.0000000000000000000 ) ) ;
#7673 = DIRECTION ( 'NONE',  ( 0.0000000000000000000, 0.0000000000000000000, -1.000000000000000000 ) ) ;
#7674 = CARTESIAN_POINT ( 'NONE',  ( -4.597499999999999300, 7.900000000000000400, 1.905000000000000000 ) ) ;
#7675 = CARTESIAN_POINT ( 'NONE',  ( -4.697499999999999800, 7.900000000000000400, 1.804999999999999900 ) ) ;
#7676 = SURFACE_SIDE_STYLE ('',( #7610 ) ) ;
#7677 = CIRCLE ( 'NONE', #7621, 0.05000000000000002400 ) ;
#7678 = FACE_OUTER_BOUND ( 'NONE', #1452, .T. ) ;
#7679 = DIRECTION ( 'NONE',  ( 1.084202172485504400E-016, -1.000000000000000000, 0.0000000000000000000 ) ) ;
#7680 = DIRECTION ( 'NONE',  ( -1.000000000000000000, -1.084202172485504400E-016, 0.0000000000000000000 ) ) ;
#7681 = CARTESIAN_POINT ( 'NONE',  ( 4.697499999999999800, 8.000000000000000000, 1.905000000000000000 ) ) ;
#7682 = CYLINDRICAL_SURFACE ( 'NONE', #7605, 0.05000000000000003700 ) ;
#7683 = CYLINDRICAL_SURFACE ( 'NONE', #7655, 0.6538209204126603800 ) ;
#7684 = FACE_OUTER_BOUND ( 'NONE', #1410, .T. ) ;
#7685 = CARTESIAN_POINT ( 'NONE',  ( 3.449871390582917000, 6.826374639129476800, 1.804999999999999900 ) ) ;
#7686 = STYLED_ITEM ( 'NONE', ( #7693 ), #1587 ) ;
#7687 = DIRECTION ( 'NONE',  ( -0.0000000000000000000, -0.0000000000000000000, 1.000000000000000000 ) ) ;
#7688 = VECTOR ( 'NONE', #7687, 1000.000000000000000 ) ;
#7689 = CARTESIAN_POINT ( 'NONE',  ( -4.053450757426654500, 1.360029125881897100, 1.804999999999999900 ) ) ;
#7690 = LINE ( 'NONE', #7689, #7688 ) ;
#7691 = UNCERTAINTY_MEASURE_WITH_UNIT (LENGTH_MEASURE( 1.000000000000000100E-005 ), #7618, 'distance_accuracy_value', 'NONE');
#7692 =( NAMED_UNIT ( * ) SI_UNIT ( $, .STERADIAN. ) SOLID_ANGLE_UNIT ( ) );
#7693 = PRESENTATION_STYLE_ASSIGNMENT (( #7656 ) ) ;
#7694 = PRESENTATION_LAYER_ASSIGNMENT (  '', '', ( #7686 ) ) ;
#7695 = DIRECTION ( 'NONE',  ( 2.714208416054373100E-017, 0.2503415400683179900, 0.9681575870261115400 ) ) ;
#7696 =( GEOMETRIC_REPRESENTATION_CONTEXT ( 3 ) GLOBAL_UNCERTAINTY_ASSIGNED_CONTEXT ( ( #7691 ) ) GLOBAL_UNIT_ASSIGNED_CONTEXT ( ( #7618, #7594, #7692 ) ) REPRESENTATION_CONTEXT ( 'NONE', 'WORKASPACE' ) );
#7697 = CARTESIAN_POINT ( 'NONE',  ( 3.398196601125011500, 8.967000000000000500, 0.2700000000000000200 ) ) ;
#7698 = DIRECTION ( 'NONE',  ( 1.000000000000000000, 0.0000000000000000000, 0.0000000000000000000 ) ) ;
#7699 = CARTESIAN_POINT ( 'NONE',  ( -3.398196601125012000, 8.967000000000000500, 0.2700000000000000200 ) ) ;
#7700 = CARTESIAN_POINT ( 'NONE',  ( 5.891639320225005200, 7.720278640450001000, 0.2700000000000000200 ) ) ;
#7701 = LINE ( 'NONE', #7700, #7705 ) ;
#7702 = DIRECTION ( 'NONE',  ( -0.0000000000000000000, -0.0000000000000000000, -1.000000000000000000 ) ) ;
#7703 = CARTESIAN_POINT ( 'NONE',  ( 4.597500000000000100, 0.1000000000000000100, 1.804999999999999900 ) ) ;
#7704 = DIRECTION ( 'NONE',  ( -0.8944271909999155200, 0.4472135954999585400, -0.0000000000000000000 ) ) ;
#7705 = VECTOR ( 'NONE', #7704, 1000.000000000000000 ) ;
#7706 =( NAMED_UNIT ( * ) SI_UNIT ( $, .STERADIAN. ) SOLID_ANGLE_UNIT ( ) );
#7707 =( NAMED_UNIT ( * ) PLANE_ANGLE_UNIT ( ) SI_UNIT ( $, .RADIAN. ) );
#7708 =( LENGTH_UNIT ( ) NAMED_UNIT ( * ) SI_UNIT ( .MILLI., .METRE. ) );
#7709 = MECHANICAL_DESIGN_GEOMETRIC_PRESENTATION_REPRESENTATION (  '', ( #7711 ), #7755 ) ;
#7710 = PRESENTATION_LAYER_ASSIGNMENT (  '', '', ( #7711 ) ) ;
#7711 = STYLED_ITEM ( 'NONE', ( #7712 ), #1636 ) ;
#7712 = PRESENTATION_STYLE_ASSIGNMENT (( #7713 ) ) ;
#7713 = SURFACE_STYLE_USAGE ( .BOTH. , #7714 ) ;
#7714 = SURFACE_SIDE_STYLE ('',( #7715 ) ) ;
#7715 = SURFACE_STYLE_FILL_AREA ( #7716 ) ;
#7716 = FILL_AREA_STYLE ('',( #7717 ) ) ;
#7717 = FILL_AREA_STYLE_COLOUR ( '', #7718 ) ;
#7718 = COLOUR_RGB ( '',0.8470588235294117500, 0.8470588235294117500, 0.8470588235294117500 ) ;
#7719 = CIRCLE ( 'NONE', #7721, 0.05000000000000012800 ) ;
#7720 = CARTESIAN_POINT ( 'NONE',  ( -3.398196601125012000, 8.967000000000000500, 0.2200000000000000000 ) ) ;
#7721 = AXIS2_PLACEMENT_3D ( 'NONE', #7720, #7723, #7722 ) ;
#7722 = DIRECTION ( 'NONE',  ( 1.000000000000000000, 0.0000000000000000000, 0.0000000000000000000 ) ) ;
#7723 = DIRECTION ( 'NONE',  ( 0.0000000000000000000, -0.0000000000000000000, 1.000000000000000000 ) ) ;
#7724 = FACE_OUTER_BOUND ( 'NONE', #1647, .T. ) ;
#7725 = UNCERTAINTY_MEASURE_WITH_UNIT (LENGTH_MEASURE( 1.000000000000000100E-005 ), #7728, 'distance_accuracy_value', 'NONE');
#7726 =( NAMED_UNIT ( * ) SI_UNIT ( $, .STERADIAN. ) SOLID_ANGLE_UNIT ( ) );
#7727 =( NAMED_UNIT ( * ) PLANE_ANGLE_UNIT ( ) SI_UNIT ( $, .RADIAN. ) );
#7728 =( LENGTH_UNIT ( ) NAMED_UNIT ( * ) SI_UNIT ( .MILLI., .METRE. ) );
#7729 = MECHANICAL_DESIGN_GEOMETRIC_PRESENTATION_REPRESENTATION (  '', ( #7731 ), #7744 ) ;
#7730 = PRESENTATION_LAYER_ASSIGNMENT (  '', '', ( #7731 ) ) ;
#7731 = STYLED_ITEM ( 'NONE', ( #7732 ), #1641 ) ;
#7732 = PRESENTATION_STYLE_ASSIGNMENT (( #7746 ) ) ;
#7733 = CARTESIAN_POINT ( 'NONE',  ( -4.359999999999999400, 8.000000000000000000, 0.2200000000000000000 ) ) ;
#7734 = AXIS2_PLACEMENT_3D ( 'NONE', #7733, #7752, #7751 ) ;
#7735 = DIRECTION ( 'NONE',  ( 0.0000000000000000000, 1.000000000000000000, 0.0000000000000000000 ) ) ;
#7736 = CARTESIAN_POINT ( 'NONE',  ( 2.034999999999999300, -1.472999999999999600, 0.7540937768374314000 ) ) ;
#7737 = CYLINDRICAL_SURFACE ( 'NONE', #7734, 0.04999999999999999600 ) ;
#7738 = SPHERICAL_SURFACE ( 'NONE', #7745, 0.05000000000000000300 ) ;
#7739 = AXIS2_PLACEMENT_3D ( 'NONE', #7743, #7818, #7794 ) ;
#7740 = SPHERICAL_SURFACE ( 'NONE', #7739, 0.05000000000000000300 ) ;
#7741 = AXIS2_PLACEMENT_3D ( 'NONE', #7797, #7931, #7940 ) ;
#7742 = CYLINDRICAL_SURFACE ( 'NONE', #7741, 0.05000000000000012800 ) ;
#7743 = CARTESIAN_POINT ( 'NONE',  ( 2.034999999999999300, -1.472999999999999900, 0.5840937768374314700 ) ) ;
#7744 =( GEOMETRIC_REPRESENTATION_CONTEXT ( 3 ) GLOBAL_UNCERTAINTY_ASSIGNED_CONTEXT ( ( #7725 ) ) GLOBAL_UNIT_ASSIGNED_CONTEXT ( ( #7728, #7727, #7726 ) ) REPRESENTATION_CONTEXT ( 'NONE', 'WORKASPACE' ) );
#7745 = AXIS2_PLACEMENT_3D ( 'NONE', #7736, #7735, #7757 ) ;
#7746 = SURFACE_STYLE_USAGE ( .BOTH. , #7747 ) ;
#7747 = SURFACE_SIDE_STYLE ('',( #7748 ) ) ;
#7748 = SURFACE_STYLE_FILL_AREA ( #7749 ) ;
#7749 = FILL_AREA_STYLE ('',( #7750 ) ) ;
#7750 = FILL_AREA_STYLE_COLOUR ( '', #7753 ) ;
#7751 = DIRECTION ( 'NONE',  ( 0.0000000000000000000, 0.0000000000000000000, 1.000000000000000000 ) ) ;
#7752 = DIRECTION ( 'NONE',  ( 0.0000000000000000000, 1.000000000000000000, 0.0000000000000000000 ) ) ;
#7753 = COLOUR_RGB ( '',0.8470588235294117500, 0.8470588235294117500, 0.8470588235294117500 ) ;
#7754 = FACE_OUTER_BOUND ( 'NONE', #1694, .T. ) ;
#7755 =( GEOMETRIC_REPRESENTATION_CONTEXT ( 3 ) GLOBAL_UNCERTAINTY_ASSIGNED_CONTEXT ( ( #7597 ) ) GLOBAL_UNIT_ASSIGNED_CONTEXT ( ( #7708, #7707, #7706 ) ) REPRESENTATION_CONTEXT ( 'NONE', 'WORKASPACE' ) );
#7756 = FACE_OUTER_BOUND ( 'NONE', #1724, .T. ) ;
#7757 = DIRECTION ( 'NONE',  ( 1.000000000000000000, 0.0000000000000000000, 0.0000000000000000000 ) ) ;
#7758 = DIRECTION ( 'NONE',  ( 1.000000000000000000, 0.0000000000000000000, 0.0000000000000000000 ) ) ;
#7759 = DIRECTION ( 'NONE',  ( 0.0000000000000000000, 1.000000000000000000, 0.0000000000000000000 ) ) ;
#7760 = CARTESIAN_POINT ( 'NONE',  ( 4.597500000000000100, 0.09999999999999978400, 1.804999999999999700 ) ) ;
#7761 = AXIS2_PLACEMENT_3D ( 'NONE', #7760, #7759, #7758 ) ;
#7762 = SPHERICAL_SURFACE ( 'NONE', #7761, 0.1000000000000000100 ) ;
#7763 = DIRECTION ( 'NONE',  ( 0.0000000000000000000, -0.0000000000000000000, 1.000000000000000000 ) ) ;
#7764 = CIRCLE ( 'NONE', #7784, 0.1000000000000000500 ) ;
#7765 = FACE_OUTER_BOUND ( 'NONE', #1742, .T. ) ;
#7766 = UNCERTAINTY_MEASURE_WITH_UNIT (LENGTH_MEASURE( 1.000000000000000100E-005 ), #7831, 'distance_accuracy_value', 'NONE');
#7767 =( NAMED_UNIT ( * ) SI_UNIT ( $, .STERADIAN. ) SOLID_ANGLE_UNIT ( ) );
#7768 =( NAMED_UNIT ( * ) PLANE_ANGLE_UNIT ( ) SI_UNIT ( $, .RADIAN. ) );
#7769 = AXIS2_PLACEMENT_3D ( 'NONE', #7843, #7842, #7841 ) ;
#7770 = CIRCLE ( 'NONE', #7769, 0.1000000000000000500 ) ;
#7771 = CARTESIAN_POINT ( 'NONE',  ( 4.597500000000000100, 7.900000000000000400, 1.804999999999999900 ) ) ;
#7772 = SPHERICAL_SURFACE ( 'NONE', #7823, 0.05000000000000000300 ) ;
#7773 = FACE_OUTER_BOUND ( 'NONE', #1699, .T. ) ;
#7774 = DIRECTION ( 'NONE',  ( 1.000000000000000000, 0.0000000000000000000, 0.0000000000000000000 ) ) ;
#7775 = DIRECTION ( 'NONE',  ( 0.0000000000000000000, 0.0000000000000000000, 1.000000000000000000 ) ) ;
#7776 = CARTESIAN_POINT ( 'NONE',  ( -4.359999999999998500, 8.486098300562506600, 0.2200000000000000000 ) ) ;
#7777 = AXIS2_PLACEMENT_3D ( 'NONE', #7776, #7775, #7774 ) ;
#7778 = CIRCLE ( 'NONE', #7777, 0.04999999999999969700 ) ;
#7779 = CARTESIAN_POINT ( 'NONE',  ( 4.597499999999999300, 7.900000000000000400, 1.804999999999999900 ) ) ;
#7780 = CARTESIAN_POINT ( 'NONE',  ( -4.697500000000000700, 0.1000000000000000100, 1.804999999999999900 ) ) ;
#7781 = CYLINDRICAL_SURFACE ( 'NONE', #7796, 0.1000000000000000500 ) ;
#7782 = DIRECTION ( 'NONE',  ( 0.0000000000000000000, 0.0000000000000000000, 1.000000000000000000 ) ) ;
#7783 = DIRECTION ( 'NONE',  ( -0.0000000000000000000, -1.000000000000000000, -0.0000000000000000000 ) ) ;
#7784 = AXIS2_PLACEMENT_3D ( 'NONE', #7771, #7783, #7782 ) ;
#7785 = CARTESIAN_POINT ( 'NONE',  ( 4.359999999999999400, 8.486098300562506600, 0.2700000000000000200 ) ) ;
#7786 = DIRECTION ( 'NONE',  ( -0.0000000000000000000, 1.000000000000000000, -0.0000000000000000000 ) ) ;
#7787 = VECTOR ( 'NONE', #7786, 1000.000000000000000 ) ;
#7788 = CARTESIAN_POINT ( 'NONE',  ( 4.359999999999999400, 1.527000000000000600, 0.2700000000000000200 ) ) ;
#7789 = LINE ( 'NONE', #7788, #7787 ) ;
#7790 = DIRECTION ( 'NONE',  ( 1.000000000000000000, 0.0000000000000000000, 0.0000000000000000000 ) ) ;
#7791 = DIRECTION ( 'NONE',  ( 0.0000000000000000000, -0.0000000000000000000, -1.000000000000000000 ) ) ;
#7792 = CIRCLE ( 'NONE', #7799, 0.1000000000000002600 ) ;
#7793 = CARTESIAN_POINT ( 'NONE',  ( 2.034999999999999300, -1.472999999999999900, 0.7540937768374315100 ) ) ;
#7794 = DIRECTION ( 'NONE',  ( 1.000000000000000000, 0.0000000000000000000, 0.0000000000000000000 ) ) ;
#7795 = DIRECTION ( 'NONE',  ( 0.0000000000000000000, 0.0000000000000000000, 1.000000000000000000 ) ) ;
#7796 = AXIS2_PLACEMENT_3D ( 'NONE', #7780, #7805, #7795 ) ;
#7797 = CARTESIAN_POINT ( 'NONE',  ( 2.034999999999999300, -1.472999999999999900, 0.8040937768374314400 ) ) ;
#7798 =( GEOMETRIC_REPRESENTATION_CONTEXT ( 3 ) GLOBAL_UNCERTAINTY_ASSIGNED_CONTEXT ( ( #7766 ) ) GLOBAL_UNIT_ASSIGNED_CONTEXT ( ( #7831, #7768, #7767 ) ) REPRESENTATION_CONTEXT ( 'NONE', 'WORKASPACE' ) );
#7799 = AXIS2_PLACEMENT_3D ( 'NONE', #7779, #7763, #7840 ) ;
#7800 = DIRECTION ( 'NONE',  ( 1.000000000000000000, 0.0000000000000000000, 0.0000000000000000000 ) ) ;
#7801 = DIRECTION ( 'NONE',  ( 0.0000000000000000000, 0.0000000000000000000, 1.000000000000000000 ) ) ;
#7802 = AXIS2_PLACEMENT_3D ( 'NONE', #7844, #7801, #7800 ) ;
#7803 = CYLINDRICAL_SURFACE ( 'NONE', #7802, 0.04999999999999969700 ) ;
#7804 = CARTESIAN_POINT ( 'NONE',  ( -3.125000000000000400, -1.704907916233456000E-016, 1.303981071380927400 ) ) ;
#7805 = DIRECTION ( 'NONE',  ( -1.000000000000000000, 0.0000000000000000000, -0.0000000000000000000 ) ) ;
#7806 = CARTESIAN_POINT ( 'NONE',  ( -4.597500000000000100, -1.084202172485507200E-017, 1.804999999999999900 ) ) ;
#7807 = FACE_OUTER_BOUND ( 'NONE', #1502, .T. ) ;
#7808 = SURFACE_STYLE_FILL_AREA ( #7809 ) ;
#7809 = FILL_AREA_STYLE ('',( #7817 ) ) ;
#7810 = COLOUR_RGB ( '',0.8470588235294117500, 0.8470588235294117500, 0.8470588235294117500 ) ;
#7811 = FACE_OUTER_BOUND ( 'NONE', #1692, .T. ) ;
#7812 = DIRECTION ( 'NONE',  ( 0.0000000000000000000, 0.0000000000000000000, 1.000000000000000000 ) ) ;
#7813 = DIRECTION ( 'NONE',  ( 1.000000000000000000, -0.0000000000000000000, -0.0000000000000000000 ) ) ;
#7814 = CARTESIAN_POINT ( 'NONE',  ( -4.597500000000000100, 0.1000000000000000100, 1.804999999999999900 ) ) ;
#7815 = AXIS2_PLACEMENT_3D ( 'NONE', #7814, #7813, #7812 ) ;
#7816 = CIRCLE ( 'NONE', #7815, 0.1000000000000000500 ) ;
#7817 = FILL_AREA_STYLE_COLOUR ( '', #7810 ) ;
#7818 = DIRECTION ( 'NONE',  ( 0.0000000000000000000, 1.000000000000000000, 0.0000000000000000000 ) ) ;
#7819 = DIRECTION ( 'NONE',  ( 1.000000000000000000, 0.0000000000000000000, 0.0000000000000000000 ) ) ;
#7820 = DIRECTION ( 'NONE',  ( 0.0000000000000000000, 1.000000000000000000, 0.0000000000000000000 ) ) ;
#7821 = CARTESIAN_POINT ( 'NONE',  ( -4.359999999999999400, 8.486098300562506600, 0.2199999999999999700 ) ) ;
#7822 = FACE_OUTER_BOUND ( 'NONE', #1660, .T. ) ;
#7823 = AXIS2_PLACEMENT_3D ( 'NONE', #7821, #7820, #7819 ) ;
#7824 = AXIS2_PLACEMENT_3D ( 'NONE', #7847, #7846, #7845 ) ;
#7825 = CIRCLE ( 'NONE', #7824, 0.05000000000000002400 ) ;
#7826 = FACE_OUTER_BOUND ( 'NONE', #1703, .T. ) ;
#7827 = DIRECTION ( 'NONE',  ( -1.000000000000000000, 1.084202172485501700E-016, 0.0000000000000000000 ) ) ;
#7828 = DIRECTION ( 'NONE',  ( 1.084202172485504400E-016, 1.000000000000000000, 0.0000000000000000000 ) ) ;
#7829 = AXIS2_PLACEMENT_3D ( 'NONE', #7806, #7828, #7827 ) ;
#7830 = CYLINDRICAL_SURFACE ( 'NONE', #7829, 0.1000000000000002600 ) ;
#7831 =( LENGTH_UNIT ( ) NAMED_UNIT ( * ) SI_UNIT ( .MILLI., .METRE. ) );
#7832 = MECHANICAL_DESIGN_GEOMETRIC_PRESENTATION_REPRESENTATION (  '', ( #7834 ), #7798 ) ;
#7833 = PRESENTATION_LAYER_ASSIGNMENT (  '', '', ( #7834 ) ) ;
#7834 = STYLED_ITEM ( 'NONE', ( #7835 ), #1705 ) ;
#7835 = PRESENTATION_STYLE_ASSIGNMENT (( #7836 ) ) ;
#7836 = SURFACE_STYLE_USAGE ( .BOTH. , #7837 ) ;
#7837 = SURFACE_SIDE_STYLE ('',( #7808 ) ) ;
#7838 = AXIS2_PLACEMENT_3D ( 'NONE', #7793, #7791, #7790 ) ;
#7839 = CIRCLE ( 'NONE', #7838, 0.05000000000000012800 ) ;
#7840 = DIRECTION ( 'NONE',  ( 1.000000000000000000, 0.0000000000000000000, 0.0000000000000000000 ) ) ;
#7841 = DIRECTION ( 'NONE',  ( 0.0000000000000000000, -6.098637220230959300E-015, -1.000000000000000000 ) ) ;
#7842 = DIRECTION ( 'NONE',  ( 1.355252715606877100E-016, -1.000000000000000000, 6.098637220230959300E-015 ) ) ;
#7843 = CARTESIAN_POINT ( 'NONE',  ( 4.597500000000000100, 0.09999999999999939500, 1.804999999999999900 ) ) ;
#7844 = CARTESIAN_POINT ( 'NONE',  ( -4.359999999999999400, 8.486098300562506600, -0.01000000000000000000 ) ) ;
#7845 = DIRECTION ( 'NONE',  ( 0.0000000000000000000, 0.0000000000000000000, -1.000000000000000000 ) ) ;
#7846 = DIRECTION ( 'NONE',  ( 0.0000000000000000000, -1.000000000000000000, 0.0000000000000000000 ) ) ;
#7847 = CARTESIAN_POINT ( 'NONE',  ( 2.034999999999999300, -1.472999999999999900, 0.7540937768374315100 ) ) ;
#7848 = DIRECTION ( 'NONE',  ( 0.0000000000000000000, 1.000000000000000000, 0.0000000000000000000 ) ) ;
#7849 = CARTESIAN_POINT ( 'NONE',  ( 3.409999999999999700, 8.967000000000000500, 0.2200000000000000000 ) ) ;
#7850 = CYLINDRICAL_SURFACE ( 'NONE', #7942, 0.04999999999999999600 ) ;
#7851 = DIRECTION ( 'NONE',  ( 0.0000000000000000000, 0.0000000000000000000, 1.000000000000000000 ) ) ;
#7852 = FACE_OUTER_BOUND ( 'NONE', #1739, .T. ) ;
#7853 = DIRECTION ( 'NONE',  ( 0.4472135954999579300, -0.8944271909999158600, 0.0000000000000000000 ) ) ;
#7854 = DIRECTION ( 'NONE',  ( 0.8944271909999159700, 0.4472135954999579800, -0.0000000000000000000 ) ) ;
#7855 = CARTESIAN_POINT ( 'NONE',  ( -4.359999999999999400, 8.486098300562506600, 0.2200000000000000000 ) ) ;
#7856 = DIRECTION ( 'NONE',  ( -1.734723475976806100E-014, 0.0000000000000000000, -1.000000000000000000 ) ) ;
#7857 = DIRECTION ( 'NONE',  ( 1.000000000000000000, 0.0000000000000000000, -1.734723475976806500E-014 ) ) ;
#7858 = CARTESIAN_POINT ( 'NONE',  ( 4.597499999999998400, 7.900000000000000400, 1.804999999999999900 ) ) ;
#7859 = AXIS2_PLACEMENT_3D ( 'NONE', #7858, #7857, #7856 ) ;
#7860 = CIRCLE ( 'NONE', #7859, 0.1000000000000000500 ) ;
#7861 = FACE_OUTER_BOUND ( 'NONE', #1697, .T. ) ;
#7862 = UNCERTAINTY_MEASURE_WITH_UNIT (LENGTH_MEASURE( 1.000000000000000100E-005 ), #7962, 'distance_accuracy_value', 'NONE');
#7863 =( NAMED_UNIT ( * ) SI_UNIT ( $, .STERADIAN. ) SOLID_ANGLE_UNIT ( ) );
#7864 =( NAMED_UNIT ( * ) PLANE_ANGLE_UNIT ( ) SI_UNIT ( $, .RADIAN. ) );
#7865 = PRESENTATION_STYLE_ASSIGNMENT (( #7866 ) ) ;
#7866 = SURFACE_STYLE_USAGE ( .BOTH. , #7867 ) ;
#7867 = SURFACE_SIDE_STYLE ('',( #7868 ) ) ;
#7868 = SURFACE_STYLE_FILL_AREA ( #7869 ) ;
#7869 = FILL_AREA_STYLE ('',( #7870 ) ) ;
#7870 = FILL_AREA_STYLE_COLOUR ( '', #7936 ) ;
#7871 = DIRECTION ( 'NONE',  ( -0.4472135954999648700, 0.8944271909999124100, 0.0000000000000000000 ) ) ;
#7872 = DIRECTION ( 'NONE',  ( 0.8944271909999156300, 0.4472135954999585900, 0.0000000000000000000 ) ) ;
#7873 = AXIS2_PLACEMENT_3D ( 'NONE', #7934, #7872, #7871 ) ;
#7874 = DIRECTION ( 'NONE',  ( -1.000000000000000000, 0.0000000000000000000, 0.0000000000000000000 ) ) ;
#7875 = DIRECTION ( 'NONE',  ( 1.084202172485504400E-016, 1.000000000000000000, 0.0000000000000000000 ) ) ;
#7876 = AXIS2_PLACEMENT_3D ( 'NONE', #7949, #7875, #7874 ) ;
#7877 = CYLINDRICAL_SURFACE ( 'NONE', #7876, 0.05000000000000012800 ) ;
#7878 = CARTESIAN_POINT ( 'NONE',  ( -3.754999999999999900, -0.9750469801750302200, 0.5340937768374313100 ) ) ;
#7879 = FACE_OUTER_BOUND ( 'NONE', #1748, .T. ) ;
#7880 = CARTESIAN_POINT ( 'NONE',  ( -3.805000000000000200, -0.5669083047447571700, 1.523981071380927600 ) ) ;
#7881 = DIRECTION ( 'NONE',  ( 0.0000000000000000000, 0.0000000000000000000, 1.000000000000000000 ) ) ;
#7882 = CYLINDRICAL_SURFACE ( 'NONE', #7886, 0.1000000000000002600 ) ;
#7883 = CARTESIAN_POINT ( 'NONE',  ( -3.754999999999999900, -1.021860547567588500E-016, 1.303981071380927400 ) ) ;
#7884 = VECTOR ( 'NONE', #7945, 1000.000000000000000 ) ;
#7885 = CARTESIAN_POINT ( 'NONE',  ( 4.597500000000000100, 0.09999999999999939500, 1.905000000000000000 ) ) ;
#7886 = AXIS2_PLACEMENT_3D ( 'NONE', #7885, #7912, #7911 ) ;
#7887 = AXIS2_PLACEMENT_3D ( 'NONE', #7903, #7902, #7901 ) ;
#7888 = FACE_OUTER_BOUND ( 'NONE', #1668, .T. ) ;
#7889 = CARTESIAN_POINT ( 'NONE',  ( -3.754999999999999900, -0.9750469801750288900, 0.8040937768374313300 ) ) ;
#7890 = DIRECTION ( 'NONE',  ( -1.000000000000000000, 1.084202172485504600E-016, 0.0000000000000000000 ) ) ;
#7891 = VECTOR ( 'NONE', #7890, 1000.000000000000000 ) ;
#7892 = CARTESIAN_POINT ( 'NONE',  ( -3.075000000000000600, -0.7136444316779783100, 0.7365015610189868900 ) ) ;
#7893 = LINE ( 'NONE', #7892, #7891 ) ;
#7894 = CARTESIAN_POINT ( 'NONE',  ( -3.125000000000000400, -0.9750469801750303300, 0.5340937768374313100 ) ) ;
#7895 = DIRECTION ( 'NONE',  ( 0.0000000000000000000, 1.000000000000000000, 0.0000000000000000000 ) ) ;
#7896 = DIRECTION ( 'NONE',  ( -1.000000000000000000, 1.084202172485504400E-016, 0.0000000000000000000 ) ) ;
#7897 = CARTESIAN_POINT ( 'NONE',  ( -3.125000000000000400, -0.9750469801750290000, 0.8040937768374313300 ) ) ;
#7898 = AXIS2_PLACEMENT_3D ( 'NONE', #7897, #7896, #7895 ) ;
#7899 = CIRCLE ( 'NONE', #7898, 0.2700000000000001800 ) ;
#7900 = AXIS2_PLACEMENT_3D ( 'NONE', #7932, #7848, #7933 ) ;
#7901 = DIRECTION ( 'NONE',  ( 1.000000000000000000, 1.084202172485497800E-016, 0.0000000000000000000 ) ) ;
#7902 = DIRECTION ( 'NONE',  ( 1.084202172485504400E-016, -1.000000000000000000, 0.0000000000000000000 ) ) ;
#7903 = CARTESIAN_POINT ( 'NONE',  ( 4.597500000000001000, 1.007765919325276600E-015, 1.804999999999999900 ) ) ;
#7904 = DIRECTION ( 'NONE',  ( 0.0000000000000000000, 1.000000000000000000, -0.0000000000000000000 ) ) ;
#7905 = CARTESIAN_POINT ( 'NONE',  ( -4.359999999999999400, 8.486098300562506600, 0.2200000000000000000 ) ) ;
#7906 = AXIS2_PLACEMENT_3D ( 'NONE', #7905, #7904, #7881 ) ;
#7907 = CIRCLE ( 'NONE', #7906, 0.04999999999999999600 ) ;
#7908 = DIRECTION ( 'NONE',  ( 1.000000000000000000, -0.0000000000000000000, -0.0000000000000000000 ) ) ;
#7909 = CARTESIAN_POINT ( 'NONE',  ( -3.398196601125012000, 8.967000000000000500, 0.2200000000000000000 ) ) ;
#7910 = AXIS2_PLACEMENT_3D ( 'NONE', #7916, #7938, #7939 ) ;
#7911 = DIRECTION ( 'NONE',  ( -1.000000000000000000, 0.0000000000000000000, 0.0000000000000000000 ) ) ;
#7912 = DIRECTION ( 'NONE',  ( 0.0000000000000000000, 0.0000000000000000000, -1.000000000000000000 ) ) ;
#7913 = DIRECTION ( 'NONE',  ( 8.673617379884035500E-015, 1.000000000000000000, 0.0000000000000000000 ) ) ;
#7914 = DIRECTION ( 'NONE',  ( 1.000000000000000000, -8.673617379884035500E-015, 0.0000000000000000000 ) ) ;
#7915 = CARTESIAN_POINT ( 'NONE',  ( 4.597500000000001000, 0.1000000000000000100, 1.804999999999999900 ) ) ;
#7916 = CARTESIAN_POINT ( 'NONE',  ( 2.034999999999999300, -1.472999999999999900, 0.5840937768374314700 ) ) ;
#7917 = DIRECTION ( 'NONE',  ( 0.0000000000000000000, 0.0000000000000000000, -1.000000000000000000 ) ) ;
#7918 =( NAMED_UNIT ( * ) SI_UNIT ( $, .STERADIAN. ) SOLID_ANGLE_UNIT ( ) );
#7919 = DIRECTION ( 'NONE',  ( 0.0000000000000000000, 0.2503415400683182100, 0.9681575870261114300 ) ) ;
#7920 = DIRECTION ( 'NONE',  ( 1.049678559162034000E-016, 0.9681575870261115400, -0.2503415400683182700 ) ) ;
#7921 = AXIS2_PLACEMENT_3D ( 'NONE', #7923, #7920, #7919 ) ;
#7922 = AXIS2_PLACEMENT_3D ( 'NONE', #8074, #8072, #8073 ) ;
#7923 = CARTESIAN_POINT ( 'NONE',  ( -3.075000000000000600, -0.7136444316779783100, 0.7365015610189868900 ) ) ;
#7924 = PLANE ( 'NONE',  #7921 ) ;
#7925 = FACE_OUTER_BOUND ( 'NONE', #1801, .T. ) ;
#7926 = DIRECTION ( 'NONE',  ( 0.0000000000000000000, 1.000000000000000000, 0.0000000000000000000 ) ) ;
#7927 = DIRECTION ( 'NONE',  ( 1.000000000000000000, -1.084202172485504400E-016, -0.0000000000000000000 ) ) ;
#7928 = AXIS2_PLACEMENT_3D ( 'NONE', #7889, #7927, #7926 ) ;
#7929 = CIRCLE ( 'NONE', #7928, 0.2700000000000000700 ) ;
#7930 = FACE_OUTER_BOUND ( 'NONE', #1747, .T. ) ;
#7931 = DIRECTION ( 'NONE',  ( 0.0000000000000000000, 0.0000000000000000000, 1.000000000000000000 ) ) ;
#7932 = CARTESIAN_POINT ( 'NONE',  ( -4.597499999999999300, 0.1000000000000000100, 1.804999999999999900 ) ) ;
#7933 = DIRECTION ( 'NONE',  ( 1.000000000000000000, 0.0000000000000000000, 0.0000000000000000000 ) ) ;
#7934 = CARTESIAN_POINT ( 'NONE',  ( -3.387639320225001700, 8.972278640450005200, 0.2200000000000000000 ) ) ;
#7935 = CYLINDRICAL_SURFACE ( 'NONE', #7873, 0.04999999999999928800 ) ;
#7936 = COLOUR_RGB ( '',0.8470588235294117500, 0.8470588235294117500, 0.8470588235294117500 ) ;
#7937 = FACE_OUTER_BOUND ( 'NONE', #1706, .T. ) ;
#7938 = DIRECTION ( 'NONE',  ( 0.0000000000000000000, 0.0000000000000000000, -1.000000000000000000 ) ) ;
#7939 = DIRECTION ( 'NONE',  ( -1.000000000000000000, 0.0000000000000000000, 0.0000000000000000000 ) ) ;
#7940 = DIRECTION ( 'NONE',  ( 1.000000000000000000, 0.0000000000000000000, 0.0000000000000000000 ) ) ;
#7941 = DIRECTION ( 'NONE',  ( 1.000000000000000000, 0.0000000000000000000, 0.0000000000000000000 ) ) ;
#7942 = AXIS2_PLACEMENT_3D ( 'NONE', #7849, #7941, #7917 ) ;
#7943 = AXIS2_PLACEMENT_3D ( 'NONE', #7909, #7908, #7851 ) ;
#7944 = CIRCLE ( 'NONE', #7943, 0.04999999999999999600 ) ;
#7945 = DIRECTION ( 'NONE',  ( -1.000000000000000000, -0.0000000000000000000, -0.0000000000000000000 ) ) ;
#7946 = CARTESIAN_POINT ( 'NONE',  ( 2.794999999999999900, 8.967000000000000500, 0.2700000000000000200 ) ) ;
#7947 = LINE ( 'NONE', #7946, #7884 ) ;
#7948 = FACE_OUTER_BOUND ( 'NONE', #1716, .T. ) ;
#7949 = CARTESIAN_POINT ( 'NONE',  ( 2.034999999999999300, -0.9750469801750287800, 0.7540937768374315100 ) ) ;
#7950 =( GEOMETRIC_REPRESENTATION_CONTEXT ( 3 ) GLOBAL_UNCERTAINTY_ASSIGNED_CONTEXT ( ( #7862 ) ) GLOBAL_UNIT_ASSIGNED_CONTEXT ( ( #7962, #7864, #7863 ) ) REPRESENTATION_CONTEXT ( 'NONE', 'WORKASPACE' ) );
#7951 = AXIS2_PLACEMENT_3D ( 'NONE', #7953, #7958, #7957 ) ;
#7952 = SPHERICAL_SURFACE ( 'NONE', #7951, 0.1000000000000000100 ) ;
#7953 = CARTESIAN_POINT ( 'NONE',  ( 4.597499999999999300, 7.900000000000000400, 1.804999999999999700 ) ) ;
#7954 = AXIS2_PLACEMENT_3D ( 'NONE', #7915, #7914, #7913 ) ;
#7955 = CIRCLE ( 'NONE', #7954, 0.1000000000000000100 ) ;
#7956 = CIRCLE ( 'NONE', #7959, 0.04999999999999909400 ) ;
#7957 = DIRECTION ( 'NONE',  ( 1.000000000000000000, 0.0000000000000000000, 0.0000000000000000000 ) ) ;
#7958 = DIRECTION ( 'NONE',  ( 0.0000000000000000000, 1.000000000000000000, 0.0000000000000000000 ) ) ;
#7959 = AXIS2_PLACEMENT_3D ( 'NONE', #7855, #7854, #7853 ) ;
#7960 = CYLINDRICAL_SURFACE ( 'NONE', #7887, 0.1000000000000002600 ) ;
#7961 = CIRCLE ( 'NONE', #7910, 0.05000000000000012800 ) ;
#7962 =( LENGTH_UNIT ( ) NAMED_UNIT ( * ) SI_UNIT ( .MILLI., .METRE. ) );
#7963 = MECHANICAL_DESIGN_GEOMETRIC_PRESENTATION_REPRESENTATION (  '', ( #7965 ), #7950 ) ;
#7964 = PRESENTATION_LAYER_ASSIGNMENT (  '', '', ( #7965 ) ) ;
#7965 = STYLED_ITEM ( 'NONE', ( #7865 ), #1746 ) ;
#7966 = SPHERICAL_SURFACE ( 'NONE', #7900, 0.1000000000000000100 ) ;
#7967 = DIRECTION ( 'NONE',  ( -1.000000000000000000, 1.084202172485502600E-016, 0.0000000000000000000 ) ) ;
#7968 = DIRECTION ( 'NONE',  ( 1.084202172485504600E-016, 1.000000000000000000, 0.0000000000000000000 ) ) ;
#7969 = CARTESIAN_POINT ( 'NONE',  ( -3.125000000000000400, -1.704907916233456000E-016, 1.523981071380927600 ) ) ;
#7970 = CIRCLE ( 'NONE', #7975, 0.05000000000000012800 ) ;
#7971 = VECTOR ( 'NONE', #8049, 1000.000000000000000 ) ;
#7972 = CARTESIAN_POINT ( 'NONE',  ( -3.125000000000000400, -1.704907916233456000E-016, 1.573981071380927500 ) ) ;
#7973 = DIRECTION ( 'NONE',  ( 1.084202172485504600E-016, 1.000000000000000000, 0.0000000000000000000 ) ) ;
#7974 = CARTESIAN_POINT ( 'NONE',  ( -3.754999999999999900, -1.084202172485504400E-016, 1.353981071380927500 ) ) ;
#7975 = AXIS2_PLACEMENT_3D ( 'NONE', #7974, #7973, #8000 ) ;
#7976 = LINE ( 'NONE', #8011, #8037 ) ;
#7977 = DIRECTION ( 'NONE',  ( 0.0000000000000000000, -1.000000000000000000, 0.0000000000000000000 ) ) ;
#7978 = DIRECTION ( 'NONE',  ( -1.000000000000000000, 1.084202172485504600E-016, 0.0000000000000000000 ) ) ;
#7979 = CARTESIAN_POINT ( 'NONE',  ( -3.125000000000000400, -0.7136444316779783100, 0.7365015610189868900 ) ) ;
#7980 = LINE ( 'NONE', #8039, #8050 ) ;
#7981 = CARTESIAN_POINT ( 'NONE',  ( 3.398196601125011100, 8.967000000000000500, -0.01000000000000000000 ) ) ;
#7982 = FACE_OUTER_BOUND ( 'NONE', #1836, .T. ) ;
#7983 = CARTESIAN_POINT ( 'NONE',  ( -4.359999999999999400, 8.486098300562506600, 0.2700000000000000200 ) ) ;
#7984 = CARTESIAN_POINT ( 'NONE',  ( -3.754999999999999900, -0.7136444316779782000, 0.7365015610189868900 ) ) ;
#7985 = FACE_OUTER_BOUND ( 'NONE', #1837, .T. ) ;
#7986 = DIRECTION ( 'NONE',  ( 1.000000000000000000, 0.0000000000000000000, 0.0000000000000000000 ) ) ;
#7987 = DIRECTION ( 'NONE',  ( 0.0000000000000000000, 0.0000000000000000000, 1.000000000000000000 ) ) ;
#7988 = AXIS2_PLACEMENT_3D ( 'NONE', #7981, #7987, #7986 ) ;
#7989 = CYLINDRICAL_SURFACE ( 'NONE', #7988, 0.05000000000000012800 ) ;
#7990 = DIRECTION ( 'NONE',  ( 1.084202172485504600E-016, 1.000000000000000000, 0.0000000000000000000 ) ) ;
#7991 = AXIS2_PLACEMENT_3D ( 'NONE', #8042, #7990, #8052 ) ;
#7992 = CIRCLE ( 'NONE', #7991, 0.05000000000000012800 ) ;
#7993 = VECTOR ( 'NONE', #7999, 1000.000000000000000 ) ;
#7994 = CARTESIAN_POINT ( 'NONE',  ( -3.075000000000000600, -0.5669083047447569500, 1.573981071380927500 ) ) ;
#7995 = LINE ( 'NONE', #7994, #7993 ) ;
#7996 = FACE_OUTER_BOUND ( 'NONE', #1777, .T. ) ;
#7997 = CARTESIAN_POINT ( 'NONE',  ( -3.754999999999999900, -0.5669083047447584000, 1.303981071380927400 ) ) ;
#7998 = CARTESIAN_POINT ( 'NONE',  ( -3.125000000000000400, -0.5669083047447569500, 1.573981071380927500 ) ) ;
#7999 = DIRECTION ( 'NONE',  ( -1.000000000000000000, 1.084202172485504600E-016, 0.0000000000000000000 ) ) ;
#8000 = DIRECTION ( 'NONE',  ( -1.000000000000000000, 1.084202172485502600E-016, 0.0000000000000000000 ) ) ;
#8001 =( NAMED_UNIT ( * ) PLANE_ANGLE_UNIT ( ) SI_UNIT ( $, .RADIAN. ) );
#8002 =( LENGTH_UNIT ( ) NAMED_UNIT ( * ) SI_UNIT ( .MILLI., .METRE. ) );
#8003 = MECHANICAL_DESIGN_GEOMETRIC_PRESENTATION_REPRESENTATION (  '', ( #8005 ), #8069 ) ;
#8004 = PRESENTATION_LAYER_ASSIGNMENT (  '', '', ( #8005 ) ) ;
#8005 = STYLED_ITEM ( 'NONE', ( #8006 ), #1815 ) ;
#8006 = PRESENTATION_STYLE_ASSIGNMENT (( #8007 ) ) ;
#8007 = SURFACE_STYLE_USAGE ( .BOTH. , #8012 ) ;
#8008 = CARTESIAN_POINT ( 'NONE',  ( -3.125000000000000000, -0.5669083047447585100, 1.303981071380927400 ) ) ;
#8009 = AXIS2_PLACEMENT_3D ( 'NONE', #7969, #7968, #7967 ) ;
#8010 = CIRCLE ( 'NONE', #8009, 0.05000000000000012800 ) ;
#8011 = CARTESIAN_POINT ( 'NONE',  ( -3.075000000000000600, -1.759118024857731200E-016, 1.573981071380927500 ) ) ;
#8012 = SURFACE_SIDE_STYLE ('',( #8013 ) ) ;
#8013 = SURFACE_STYLE_FILL_AREA ( #8014 ) ;
#8014 = FILL_AREA_STYLE ('',( #8015 ) ) ;
#8015 = FILL_AREA_STYLE_COLOUR ( '', #8021 ) ;
#8016 = DIRECTION ( 'NONE',  ( 1.000000000000000000, 0.0000000000000000000, 0.0000000000000000000 ) ) ;
#8017 = DIRECTION ( 'NONE',  ( -0.0000000000000000000, -0.0000000000000000000, -1.000000000000000000 ) ) ;
#8018 = CARTESIAN_POINT ( 'NONE',  ( 4.359999999999999400, 8.486098300562506600, 0.2200000000000000000 ) ) ;
#8019 = AXIS2_PLACEMENT_3D ( 'NONE', #8018, #8017, #8016 ) ;
#8020 = CIRCLE ( 'NONE', #8019, 0.04999999999999969700 ) ;
#8021 = COLOUR_RGB ( '',0.7529411764705882200, 0.7529411764705882200, 0.7529411764705882200 ) ;
#8022 = LINE ( 'NONE', #8025, #8024 ) ;
#8023 = DIRECTION ( 'NONE',  ( 0.0000000000000000000, 0.0000000000000000000, -1.000000000000000000 ) ) ;
#8024 = VECTOR ( 'NONE', #8023, 1000.000000000000000 ) ;
#8025 = CARTESIAN_POINT ( 'NONE',  ( -3.075000000000000600, -1.759118024857731200E-016, 1.573981071380927500 ) ) ;
#8026 = CARTESIAN_POINT ( 'NONE',  ( -3.125000000000000400, -0.8283108532418089800, 1.371573287199372000 ) ) ;
#8027 = CARTESIAN_POINT ( 'NONE',  ( 4.359999999999999400, 8.000000000000000000, 0.2200000000000000000 ) ) ;
#8028 = CYLINDRICAL_SURFACE ( 'NONE', #8033, 0.04999999999999999600 ) ;
#8029 = CARTESIAN_POINT ( 'NONE',  ( -3.754999999999999900, -1.021860547567588500E-016, 1.573981071380927500 ) ) ;
#8030 = CARTESIAN_POINT ( 'NONE',  ( -3.075000000000000600, -0.8283108532418089800, 1.371573287199372000 ) ) ;
#8031 = DIRECTION ( 'NONE',  ( 0.0000000000000000000, 0.0000000000000000000, -1.000000000000000000 ) ) ;
#8032 = DIRECTION ( 'NONE',  ( 0.0000000000000000000, -1.000000000000000000, 0.0000000000000000000 ) ) ;
#8033 = AXIS2_PLACEMENT_3D ( 'NONE', #8027, #8032, #8031 ) ;
#8034 = CARTESIAN_POINT ( 'NONE',  ( -3.075000000000000600, -0.9750469801750290000, 0.8040937768374313300 ) ) ;
#8035 = AXIS2_PLACEMENT_3D ( 'NONE', #8034, #7978, #7977 ) ;
#8036 = DIRECTION ( 'NONE',  ( -1.000000000000000000, 1.084202172485504600E-016, 0.0000000000000000000 ) ) ;
#8037 = VECTOR ( 'NONE', #8036, 1000.000000000000000 ) ;
#8038 = LINE ( 'NONE', #8030, #8041 ) ;
#8039 = CARTESIAN_POINT ( 'NONE',  ( -3.805000000000000200, -9.676504389433130800E-017, 1.573981071380927500 ) ) ;
#8040 = DIRECTION ( 'NONE',  ( -1.000000000000000000, 1.084202172485504600E-016, 0.0000000000000000000 ) ) ;
#8041 = VECTOR ( 'NONE', #8040, 1000.000000000000000 ) ;
#8042 = CARTESIAN_POINT ( 'NONE',  ( -3.754999999999999900, -1.084202172485504400E-016, 1.523981071380927600 ) ) ;
#8043 = CARTESIAN_POINT ( 'NONE',  ( -3.075000000000000600, -1.759118024857731200E-016, 1.353981071380927500 ) ) ;
#8044 = CYLINDRICAL_SURFACE ( 'NONE', #8035, 0.2700000000000001800 ) ;
#8045 = LINE ( 'NONE', #7972, #7971 ) ;
#8046 = CARTESIAN_POINT ( 'NONE',  ( -3.125000000000000400, -1.704907916233456000E-016, 1.573981071380927500 ) ) ;
#8047 = DIRECTION ( 'NONE',  ( 0.0000000000000000000, 0.0000000000000000000, -1.000000000000000000 ) ) ;
#8048 = CARTESIAN_POINT ( 'NONE',  ( -3.805000000000000200, -9.676504389433130800E-017, 1.353981071380927500 ) ) ;
#8049 = DIRECTION ( 'NONE',  ( 1.084202172485504400E-016, 1.000000000000000000, -0.0000000000000000000 ) ) ;
#8050 = VECTOR ( 'NONE', #8047, 1000.000000000000000 ) ;
#8051 = CARTESIAN_POINT ( 'NONE',  ( -3.754999999999999900, -0.8283108532418088600, 1.371573287199372000 ) ) ;
#8052 = DIRECTION ( 'NONE',  ( -1.000000000000000000, 1.084202172485502600E-016, 0.0000000000000000000 ) ) ;
#8053 = DIRECTION ( 'NONE',  ( -1.000000000000000000, 1.084202172485504600E-016, 0.0000000000000000000 ) ) ;
#8054 = CARTESIAN_POINT ( 'NONE',  ( -3.075000000000000600, -0.5669083047447585100, 1.303981071380927400 ) ) ;
#8055 = LINE ( 'NONE', #8054, #8071 ) ;
#8056 = PLANE ( 'NONE',  #7922 ) ;
#8057 = DIRECTION ( 'NONE',  ( 0.0000000000000000000, 0.0000000000000000000, 1.000000000000000000 ) ) ;
#8058 = DIRECTION ( 'NONE',  ( 0.0000000000000000000, 1.000000000000000000, 0.0000000000000000000 ) ) ;
#8059 = CARTESIAN_POINT ( 'NONE',  ( 4.359999999999999400, 8.486098300562506600, 0.2200000000000000000 ) ) ;
#8060 = AXIS2_PLACEMENT_3D ( 'NONE', #8059, #8058, #8057 ) ;
#8061 = CIRCLE ( 'NONE', #8060, 0.04999999999999999600 ) ;
#8062 = FACE_OUTER_BOUND ( 'NONE', #1820, .T. ) ;
#8063 = DIRECTION ( 'NONE',  ( 1.000000000000000000, 0.0000000000000000000, 0.0000000000000000000 ) ) ;
#8064 = DIRECTION ( 'NONE',  ( 0.0000000000000000000, 1.000000000000000000, 0.0000000000000000000 ) ) ;
#8065 = CARTESIAN_POINT ( 'NONE',  ( 3.398196601125011500, 8.967000000000000500, 0.2199999999999999700 ) ) ;
#8066 = AXIS2_PLACEMENT_3D ( 'NONE', #8065, #8064, #8063 ) ;
#8067 = SPHERICAL_SURFACE ( 'NONE', #8066, 0.05000000000000000300 ) ;
#8068 = FACE_OUTER_BOUND ( 'NONE', #1838, .T. ) ;
#8069 =( GEOMETRIC_REPRESENTATION_CONTEXT ( 3 ) GLOBAL_UNCERTAINTY_ASSIGNED_CONTEXT ( ( #8070 ) ) GLOBAL_UNIT_ASSIGNED_CONTEXT ( ( #8002, #8001, #7918 ) ) REPRESENTATION_CONTEXT ( 'NONE', 'WORKASPACE' ) );
#8070 = UNCERTAINTY_MEASURE_WITH_UNIT (LENGTH_MEASURE( 1.000000000000000100E-005 ), #8002, 'distance_accuracy_value', 'NONE');
#8071 = VECTOR ( 'NONE', #8053, 1000.000000000000000 ) ;
#8072 = DIRECTION ( 'NONE',  ( -0.0000000000000000000, 0.0000000000000000000, -1.000000000000000000 ) ) ;
#8073 = DIRECTION ( 'NONE',  ( -1.000000000000000000, 0.0000000000000000000, 0.0000000000000000000 ) ) ;
#8074 = CARTESIAN_POINT ( 'NONE',  ( -3.075000000000000600, -1.759118024857731200E-016, 1.303981071380927400 ) ) ;
#8075 = SPHERICAL_SURFACE ( 'NONE', #8099, 0.05000000000000000300 ) ;
#8076 = DIRECTION ( 'NONE',  ( -0.4472135954999441100, -0.8944271909999228500, 0.0000000000000000000 ) ) ;
#8077 = DIRECTION ( 'NONE',  ( 0.8944271909999194100, -0.4472135954999509900, -0.0000000000000000000 ) ) ;
#8078 = AXIS2_PLACEMENT_3D ( 'NONE', #8086, #8077, #8076 ) ;
#8079 = CIRCLE ( 'NONE', #8078, 0.05000000000000064100 ) ;
#8080 = CARTESIAN_POINT ( 'NONE',  ( 4.359999999999999400, 8.486098300562506600, -0.01000000000000000000 ) ) ;
#8081 = CIRCLE ( 'NONE', #8082, 0.05000000000000012800 ) ;
#8082 = AXIS2_PLACEMENT_3D ( 'NONE', #8095, #8094, #8101 ) ;
#8083 = CYLINDRICAL_SURFACE ( 'NONE', #8084, 0.04999999999999969700 ) ;
#8084 = AXIS2_PLACEMENT_3D ( 'NONE', #8080, #8085, #8093 ) ;
#8085 = DIRECTION ( 'NONE',  ( 0.0000000000000000000, 0.0000000000000000000, 1.000000000000000000 ) ) ;
#8086 = CARTESIAN_POINT ( 'NONE',  ( 3.398196601125011500, 8.967000000000000500, 0.2200000000000000000 ) ) ;
#8087 = CIRCLE ( 'NONE', #8089, 0.04999999999999999600 ) ;
#8088 = CARTESIAN_POINT ( 'NONE',  ( 3.398196601125011100, 8.967000000000000500, 0.2200000000000000000 ) ) ;
#8089 = AXIS2_PLACEMENT_3D ( 'NONE', #8088, #8092, #8091 ) ;
#8090 = FACE_OUTER_BOUND ( 'NONE', #1821, .T. ) ;
#8091 = DIRECTION ( 'NONE',  ( -8.673617379884035500E-015, 0.0000000000000000000, -1.000000000000000000 ) ) ;
#8092 = DIRECTION ( 'NONE',  ( 1.000000000000000000, 0.0000000000000000000, -8.673617379884035500E-015 ) ) ;
#8093 = DIRECTION ( 'NONE',  ( 1.000000000000000000, 0.0000000000000000000, 0.0000000000000000000 ) ) ;
#8094 = DIRECTION ( 'NONE',  ( 0.0000000000000000000, 0.0000000000000000000, 1.000000000000000000 ) ) ;
#8095 = CARTESIAN_POINT ( 'NONE',  ( 3.398196601125010700, 8.967000000000000500, 0.2200000000000000000 ) ) ;
#8096 = DIRECTION ( 'NONE',  ( 1.000000000000000000, 0.0000000000000000000, 0.0000000000000000000 ) ) ;
#8097 = DIRECTION ( 'NONE',  ( 0.0000000000000000000, 1.000000000000000000, 0.0000000000000000000 ) ) ;
#8098 = CARTESIAN_POINT ( 'NONE',  ( 4.359999999999999400, 8.486098300562506600, 0.2199999999999999700 ) ) ;
#8099 = AXIS2_PLACEMENT_3D ( 'NONE', #8098, #8097, #8096 ) ;
#8100 = FACE_OUTER_BOUND ( 'NONE', #1808, .T. ) ;
#8101 = DIRECTION ( 'NONE',  ( 1.000000000000000000, 0.0000000000000000000, 0.0000000000000000000 ) ) ;
#8102 = DIRECTION ( 'NONE',  ( 1.084202172485504400E-016, 1.000000000000000000, -1.978640747033070800E-016 ) ) ;
#8103 = CARTESIAN_POINT ( 'NONE',  ( -3.754999999999999900, -1.472999999999999900, 0.5840937768374314700 ) ) ;
#8104 = DIRECTION ( 'NONE',  ( 0.0000000000000000000, 0.0000000000000000000, 1.000000000000000000 ) ) ;
#8105 = DIRECTION ( 'NONE',  ( 1.000000000000000000, -1.084202172485504400E-016, -0.0000000000000000000 ) ) ;
#8106 = CARTESIAN_POINT ( 'NONE',  ( -3.075000000000000600, -0.9750469801750290000, 0.8040937768374313300 ) ) ;
#8107 = VECTOR ( 'NONE', #8123, 1000.000000000000000 ) ;
#8108 = CARTESIAN_POINT ( 'NONE',  ( -3.075000000000000600, -1.759118024857731200E-016, 1.303981071380927400 ) ) ;
#8109 = AXIS2_PLACEMENT_3D ( 'NONE', #8113, #8117, #8119 ) ;
#8110 = DIRECTION ( 'NONE',  ( 0.4472135954999718100, 0.8944271909999088600, 0.0000000000000000000 ) ) ;
#8111 = AXIS2_PLACEMENT_3D ( 'NONE', #8115, #8114, #8110 ) ;
#8112 = LINE ( 'NONE', #8108, #8107 ) ;
#8113 = CARTESIAN_POINT ( 'NONE',  ( 4.387639320225000400, 8.472278640450005200, 0.2200000000000000000 ) ) ;
#8114 = DIRECTION ( 'NONE',  ( 0.8944271909999089700, -0.4472135954999718600, -1.551583845779534000E-014 ) ) ;
#8115 = CARTESIAN_POINT ( 'NONE',  ( 4.359999999999998500, 8.486098300562506600, 0.2200000000000000000 ) ) ;
#8116 = CIRCLE ( 'NONE', #8111, 0.04999999999999948200 ) ;
#8117 = DIRECTION ( 'NONE',  ( 0.8944271909999156300, -0.4472135954999585900, 0.0000000000000000000 ) ) ;
#8118 = CYLINDRICAL_SURFACE ( 'NONE', #8109, 0.04999999999999948200 ) ;
#8119 = DIRECTION ( 'NONE',  ( 0.4472135954999718100, 0.8944271909999088600, 0.0000000000000000000 ) ) ;
#8120 = CIRCLE ( 'NONE', #8121, 0.05000000000000002400 ) ;
#8121 = AXIS2_PLACEMENT_3D ( 'NONE', #8103, #8102, #8104 ) ;
#8122 = FACE_OUTER_BOUND ( 'NONE', #1849, .T. ) ;
#8123 = DIRECTION ( 'NONE',  ( -1.000000000000000000, 1.084202172485504600E-016, 0.0000000000000000000 ) ) ;
#8124 = DIRECTION ( 'NONE',  ( 1.084202172485504400E-016, 1.000000000000000000, 0.0000000000000000000 ) ) ;
#8125 =( BOUNDED_CURVE ( )  B_SPLINE_CURVE ( 3, ( #227, #229, #228, #8196 ),
 .UNSPECIFIED., .F., .T. ) 
 B_SPLINE_CURVE_WITH_KNOTS ( ( 4, 4 ),
 ( 8.589666033349974900E-015, 1.570796326794895400 ),
 .UNSPECIFIED. ) 
 CURVE ( )  GEOMETRIC_REPRESENTATION_ITEM ( )  RATIONAL_B_SPLINE_CURVE ( ( 1.000000000000000000, 0.8047378541243672700, 0.8047378541243672700, 1.000000000000000000 ) ) 
 REPRESENTATION_ITEM ( '' )  );
#8126 = AXIS2_PLACEMENT_3D ( 'NONE', #8132, #8153, #8197 ) ;
#8127 = DIRECTION ( 'NONE',  ( -1.000000000000000000, 1.084202172485504600E-016, 0.0000000000000000000 ) ) ;
#8128 = VECTOR ( 'NONE', #8127, 1000.000000000000000 ) ;
#8129 = CARTESIAN_POINT ( 'NONE',  ( -3.075000000000000600, -0.9750469801750303300, 0.5340937768374313100 ) ) ;
#8130 = LINE ( 'NONE', #8129, #8128 ) ;
#8131 = AXIS2_PLACEMENT_3D ( 'NONE', #8106, #8105, #8124 ) ;
#8132 = CARTESIAN_POINT ( 'NONE',  ( -1.355000000000000400, -0.9750469801750287800, 0.8040937768374314400 ) ) ;
#8133 = DIRECTION ( 'NONE',  ( -2.714208416054376200E-017, -0.2503415400683182100, -0.9681575870261114300 ) ) ;
#8134 = VECTOR ( 'NONE', #8133, 1000.000000000000100 ) ;
#8135 = CARTESIAN_POINT ( 'NONE',  ( -3.125000000000000400, -0.7136444316779783100, 0.7365015610189868900 ) ) ;
#8136 = LINE ( 'NONE', #8135, #8134 ) ;
#8137 = CARTESIAN_POINT ( 'NONE',  ( -3.805000000000000200, -0.9363312550711018200, 0.7540937768374315100 ) ) ;
#8138 = DIRECTION ( 'NONE',  ( 2.714208416054376200E-017, 0.2503415400683182100, 0.9681575870261114300 ) ) ;
#8139 = VECTOR ( 'NONE', #8138, 1000.000000000000100 ) ;
#8140 = CARTESIAN_POINT ( 'NONE',  ( -3.754999999999999900, -0.5669083047447582800, 1.303981071380927700 ) ) ;
#8141 = LINE ( 'NONE', #8140, #8139 ) ;
#8142 = DIRECTION ( 'NONE',  ( -1.084202172485504400E-016, -1.000000000000000000, 0.0000000000000000000 ) ) ;
#8143 = VECTOR ( 'NONE', #8142, 1000.000000000000000 ) ;
#8144 = CARTESIAN_POINT ( 'NONE',  ( -3.125000000000000400, -1.704907916233456000E-016, 1.303981071380927400 ) ) ;
#8145 = LINE ( 'NONE', #8144, #8143 ) ;
#8146 = VECTOR ( 'NONE', #8181, 1000.000000000000000 ) ;
#8147 = CARTESIAN_POINT ( 'NONE',  ( -3.075000000000000600, -1.522999999999999900, 0.5840937768374314700 ) ) ;
#8148 = LINE ( 'NONE', #8147, #8146 ) ;
#8149 = DIRECTION ( 'NONE',  ( 1.000000000000000000, -1.084202172485504600E-016, -0.0000000000000000000 ) ) ;
#8150 = VECTOR ( 'NONE', #8149, 1000.000000000000000 ) ;
#8151 = CARTESIAN_POINT ( 'NONE',  ( -3.075000000000000600, -1.472999999999999900, 0.8040937768374314400 ) ) ;
#8152 = LINE ( 'NONE', #8151, #8150 ) ;
#8153 = DIRECTION ( 'NONE',  ( -1.049678559162034000E-016, -0.9681575870261116500, 0.2503415400683179900 ) ) ;
#8154 = DIRECTION ( 'NONE',  ( 1.084202172485504400E-016, 1.000000000000000000, -0.0000000000000000000 ) ) ;
#8155 = VECTOR ( 'NONE', #8154, 1000.000000000000000 ) ;
#8156 = CARTESIAN_POINT ( 'NONE',  ( -3.754999999999999900, -1.084202172485504400E-016, 1.303981071380927400 ) ) ;
#8157 = LINE ( 'NONE', #8156, #8155 ) ;
#8158 = DIRECTION ( 'NONE',  ( -0.8944271909999155200, -0.4472135954999585400, -0.0000000000000000000 ) ) ;
#8159 = VECTOR ( 'NONE', #8158, 1000.000000000000000 ) ;
#8160 = CARTESIAN_POINT ( 'NONE',  ( -1.419639320225009000, 9.956278640450005200, 0.2700000000000000200 ) ) ;
#8161 = LINE ( 'NONE', #8160, #8159 ) ;
#8162 = LINE ( 'NONE', #8203, #8186 ) ;
#8163 = PLANE ( 'NONE',  #8207 ) ;
#8164 = DIRECTION ( 'NONE',  ( 0.0000000000000000000, 1.000000000000000000, 8.031127203596326700E-016 ) ) ;
#8165 = CARTESIAN_POINT ( 'NONE',  ( -3.754999999999999900, -0.5669083047447568400, 1.573981071380927500 ) ) ;
#8166 = DIRECTION ( 'NONE',  ( -0.0000000000000000000, -1.000000000000000000, -0.0000000000000000000 ) ) ;
#8167 = DIRECTION ( 'NONE',  ( 1.084202172485504600E-016, 1.000000000000000000, 0.0000000000000000000 ) ) ;
#8168 = DIRECTION ( 'NONE',  ( 2.714208416054373100E-017, 0.2503415400683179900, 0.9681575870261116500 ) ) ;
#8169 = VECTOR ( 'NONE', #8168, 999.9999999999998900 ) ;
#8170 = CARTESIAN_POINT ( 'NONE',  ( -3.125000000000000400, -0.9750469801750287800, 0.8040937768374314400 ) ) ;
#8171 = LINE ( 'NONE', #8170, #8169 ) ;
#8172 = PRESENTATION_LAYER_ASSIGNMENT (  '', '', ( #8173 ) ) ;
#8173 = STYLED_ITEM ( 'NONE', ( #89 ), #2057 ) ;
#8174 = DIRECTION ( 'NONE',  ( -1.000000000000000000, 1.084202172485504600E-016, 0.0000000000000000000 ) ) ;
#8175 = VECTOR ( 'NONE', #8174, 1000.000000000000000 ) ;
#8176 = CARTESIAN_POINT ( 'NONE',  ( -3.075000000000000600, -0.9750469801750287800, 0.8040937768374314400 ) ) ;
#8177 = LINE ( 'NONE', #8176, #8175 ) ;
#8178 = PLANE ( 'NONE',  #8131 ) ;
#8179 = CARTESIAN_POINT ( 'NONE',  ( -3.125000000000000400, -0.9750469801750287800, 0.8040937768374314400 ) ) ;
#8180 = CARTESIAN_POINT ( 'NONE',  ( -3.755000000000000300, -0.9750469801750286700, 0.8040937768374314400 ) ) ;
#8181 = DIRECTION ( 'NONE',  ( 1.000000000000000000, -1.084202172485504600E-016, 2.736911063134408300E-048 ) ) ;
#8182 = CARTESIAN_POINT ( 'NONE',  ( -3.075000000000000600, -0.5669083047447585100, 1.303981071380927400 ) ) ;
#8183 = CYLINDRICAL_SURFACE ( 'NONE', #8194, 0.2700000000000000700 ) ;
#8184 = FACE_OUTER_BOUND ( 'NONE', #1767, .T. ) ;
#8185 = DIRECTION ( 'NONE',  ( -1.084202172485504400E-016, -1.000000000000000000, 0.0000000000000000000 ) ) ;
#8186 = VECTOR ( 'NONE', #8185, 1000.000000000000000 ) ;
#8187 = CIRCLE ( 'NONE', #8209, 0.05000000000000012800 ) ;
#8188 = DIRECTION ( 'NONE',  ( -1.000000000000000000, 1.084202172485504400E-016, 0.0000000000000000000 ) ) ;
#8189 = AXIS2_PLACEMENT_3D ( 'NONE', #8215, #8188, #8164 ) ;
#8190 = CIRCLE ( 'NONE', #8189, 0.2700000000000000700 ) ;
#8191 = FACE_OUTER_BOUND ( 'NONE', #1782, .T. ) ;
#8192 = DIRECTION ( 'NONE',  ( 0.0000000000000000000, -1.000000000000000000, 0.0000000000000000000 ) ) ;
#8193 = DIRECTION ( 'NONE',  ( -1.000000000000000000, 1.084202172485504600E-016, 0.0000000000000000000 ) ) ;
#8194 = AXIS2_PLACEMENT_3D ( 'NONE', #8182, #8193, #8192 ) ;
#8195 = CARTESIAN_POINT ( 'NONE',  ( -3.805000000000000200, -9.676504389433130800E-017, 1.523981071380927600 ) ) ;
#8196 = CARTESIAN_POINT ( 'NONE',  ( -3.805000000000000200, -0.9363312550711018200, 0.7540937768374315100 ) ) ;
#8197 = DIRECTION ( 'NONE',  ( 0.0000000000000000000, -0.2503415400683179900, -0.9681575870261116500 ) ) ;
#8198 = CARTESIAN_POINT ( 'NONE',  ( -3.125000000000000400, -1.704907916233456000E-016, 1.353981071380927500 ) ) ;
#8199 = VECTOR ( 'NONE', #8166, 1000.000000000000000 ) ;
#8200 = CARTESIAN_POINT ( 'NONE',  ( -4.359999999999999400, 1.527000000000000600, 0.2700000000000000200 ) ) ;
#8201 = LINE ( 'NONE', #8200, #8199 ) ;
#8202 = CARTESIAN_POINT ( 'NONE',  ( -3.075000000000000600, -1.759118024857731200E-016, 1.523981071380927600 ) ) ;
#8203 = CARTESIAN_POINT ( 'NONE',  ( -3.754999999999999900, -0.5669083047447569500, 1.573981071380927500 ) ) ;
#8204 = DIRECTION ( 'NONE',  ( -1.000000000000000000, 1.084202172485504600E-016, 0.0000000000000000000 ) ) ;
#8205 = DIRECTION ( 'NONE',  ( 1.084202172485504600E-016, 1.000000000000000000, 0.0000000000000000000 ) ) ;
#8206 = CARTESIAN_POINT ( 'NONE',  ( -3.075000000000000600, -1.759118024857731200E-016, 1.573981071380927500 ) ) ;
#8207 = AXIS2_PLACEMENT_3D ( 'NONE', #8206, #8205, #8204 ) ;
#8208 = DIRECTION ( 'NONE',  ( -1.000000000000000000, 1.084202172485502600E-016, 0.0000000000000000000 ) ) ;
#8209 = AXIS2_PLACEMENT_3D ( 'NONE', #8198, #8167, #8208 ) ;
#8210 = DIRECTION ( 'NONE',  ( 0.0000000000000000000, 1.000000000000000000, 0.0000000000000000000 ) ) ;
#8211 = DIRECTION ( 'NONE',  ( 1.000000000000000000, -1.084202172485504400E-016, -0.0000000000000000000 ) ) ;
#8212 = CARTESIAN_POINT ( 'NONE',  ( -3.754999999999999900, -0.5669083047447584000, 1.303981071380927400 ) ) ;
#8213 = AXIS2_PLACEMENT_3D ( 'NONE', #8212, #8211, #8210 ) ;
#8214 = CIRCLE ( 'NONE', #8213, 0.2700000000000000700 ) ;
#8215 = CARTESIAN_POINT ( 'NONE',  ( -3.125000000000000400, -0.5669083047447585100, 1.303981071380927400 ) ) ;
#8216 = AXIS2_PLACEMENT_3D ( 'NONE', #8242, #8233, #8255 ) ;
#8217 = FACE_OUTER_BOUND ( 'NONE', #1895, .T. ) ;
#8218 = PLANE ( 'NONE',  #8232 ) ;
#8219 = PLANE ( 'NONE',  #8220 ) ;
#8220 = AXIS2_PLACEMENT_3D ( 'NONE', #8227, #8226, #8225 ) ;
#8221 = FACE_OUTER_BOUND ( 'NONE', #1883, .T. ) ;
#8222 = DIRECTION ( 'NONE',  ( -2.714208416054373100E-017, -0.2503415400683179900, -0.9681575870261116500 ) ) ;
#8223 = PLANE ( 'NONE',  #8244 ) ;
#8224 = FACE_OUTER_BOUND ( 'NONE', #1892, .T. ) ;
#8225 = DIRECTION ( 'NONE',  ( 1.000000000000000000, -1.084202172485504600E-016, 0.0000000000000000000 ) ) ;
#8226 = DIRECTION ( 'NONE',  ( -1.084202172485504600E-016, -1.000000000000000000, 0.0000000000000000000 ) ) ;
#8227 = CARTESIAN_POINT ( 'NONE',  ( -3.075000000000000600, -1.522999999999999900, 0.8040937768374314400 ) ) ;
#8228 = CARTESIAN_POINT ( 'NONE',  ( -0.3150000000000001700, -0.5669083047447584000, 1.303981071380927400 ) ) ;
#8229 = DIRECTION ( 'NONE',  ( -1.084202172485504400E-016, -1.000000000000000000, 0.0000000000000000000 ) ) ;
#8230 = VECTOR ( 'NONE', #8229, 1000.000000000000000 ) ;
#8231 = CARTESIAN_POINT ( 'NONE',  ( -3.754999999999999900, -1.522999999999999900, 0.8040937768374314400 ) ) ;
#8232 = AXIS2_PLACEMENT_3D ( 'NONE', #8252, #8251, #8238 ) ;
#8233 = DIRECTION ( 'NONE',  ( -1.049678559162034000E-016, -0.9681575870261116500, 0.2503415400683179900 ) ) ;
#8234 = VECTOR ( 'NONE', #8222, 999.9999999999998900 ) ;
#8235 = CARTESIAN_POINT ( 'NONE',  ( -3.754999999999999900, -0.9750469801750286700, 0.8040937768374314400 ) ) ;
#8236 = LINE ( 'NONE', #8235, #8234 ) ;
#8237 = CARTESIAN_POINT ( 'NONE',  ( -3.754999999999999900, -1.472999999999999900, 0.8040937768374314400 ) ) ;
#8238 = DIRECTION ( 'NONE',  ( 1.000000000000000000, 0.0000000000000000000, -0.0000000000000000000 ) ) ;
#8239 = DIRECTION ( 'NONE',  ( 0.0000000000000000000, 0.0000000000000000000, 1.000000000000000000 ) ) ;
#8240 = CARTESIAN_POINT ( 'NONE',  ( -3.075000000000000600, -0.9750469801750287800, 0.8040937768374314400 ) ) ;
#8241 = DIRECTION ( 'NONE',  ( 1.000000000000000000, 0.0000000000000000000, -0.0000000000000000000 ) ) ;
#8242 = CARTESIAN_POINT ( 'NONE',  ( -3.075000000000000600, -0.9750469801750287800, 0.8040937768374314400 ) ) ;
#8243 =( GEOMETRIC_REPRESENTATION_CONTEXT ( 3 ) GLOBAL_UNCERTAINTY_ASSIGNED_CONTEXT ( ( #726 ) ) GLOBAL_UNIT_ASSIGNED_CONTEXT ( ( #729, #728, #727 ) ) REPRESENTATION_CONTEXT ( 'NONE', 'WORKASPACE' ) );
#8244 = AXIS2_PLACEMENT_3D ( 'NONE', #8240, #8239, #8241 ) ;
#8245 = FACE_OUTER_BOUND ( 'NONE', #1989, .T. ) ;
#8246 = DIRECTION ( 'NONE',  ( 1.084202172485504400E-016, 1.000000000000000000, -0.0000000000000000000 ) ) ;
#8247 = VECTOR ( 'NONE', #8246, 1000.000000000000000 ) ;
#8248 = CARTESIAN_POINT ( 'NONE',  ( -3.125000000000000400, -0.9750469801750287800, 0.8040937768374314400 ) ) ;
#8249 = LINE ( 'NONE', #8248, #8247 ) ;
#8250 = PLANE ( 'NONE',  #8216 ) ;
#8251 = DIRECTION ( 'NONE',  ( 0.0000000000000000000, 0.0000000000000000000, 1.000000000000000000 ) ) ;
#8252 = CARTESIAN_POINT ( 'NONE',  ( -3.075000000000000600, -1.759118024857731200E-016, 1.573981071380927500 ) ) ;
#8253 = CARTESIAN_POINT ( 'NONE',  ( -3.125000000000000400, -1.472999999999999900, 0.8040937768374314400 ) ) ;
#8254 = CARTESIAN_POINT ( 'NONE',  ( -3.754999999999999900, -1.522999999999999900, 0.5840937768374314700 ) ) ;
#8255 = DIRECTION ( 'NONE',  ( 0.0000000000000000000, -0.2503415400683179900, -0.9681575870261116500 ) ) ;
#8256 = LINE ( 'NONE', #8231, #8230 ) ;
#8257 = DIRECTION ( 'NONE',  ( -1.000000000000000000, 1.084202172485504600E-016, -2.736911063134408300E-048 ) ) ;
#8258 = LINE ( 'NONE', #8345, #8344 ) ;
#8259 = DIRECTION ( 'NONE',  ( -1.000000000000000000, 1.084202172485504600E-016, -2.736911063134408300E-048 ) ) ;
#8260 = VECTOR ( 'NONE', #8259, 1000.000000000000000 ) ;
#8261 = CARTESIAN_POINT ( 'NONE',  ( -3.075000000000000600, -1.472999999999999900, 0.5340937768374314200 ) ) ;
#8262 = LINE ( 'NONE', #8261, #8260 ) ;
#8263 = DIRECTION ( 'NONE',  ( 0.0000000000000000000, 1.000000000000000000, -1.978640747033070800E-016 ) ) ;
#8264 = DIRECTION ( 'NONE',  ( -2.145246596501596700E-032, -1.978640747033070800E-016, -1.000000000000000000 ) ) ;
#8265 = AXIS2_PLACEMENT_3D ( 'NONE', #8266, #8264, #8263 ) ;
#8266 = CARTESIAN_POINT ( 'NONE',  ( -3.075000000000000600, -0.9750469801750303300, 0.5340937768374313100 ) ) ;
#8267 = PLANE ( 'NONE',  #8265 ) ;
#8268 = FACE_OUTER_BOUND ( 'NONE', #1911, .T. ) ;
#8269 = AXIS2_PLACEMENT_3D ( 'NONE', #8270, #8383, #8382 ) ;
#8270 = CARTESIAN_POINT ( 'NONE',  ( -3.805000000000000200, -0.9750469801750290000, 0.8040937768374313300 ) ) ;
#8271 = PLANE ( 'NONE',  #8269 ) ;
#8272 = FACE_OUTER_BOUND ( 'NONE', #1928, .T. ) ;
#8273 = CARTESIAN_POINT ( 'NONE',  ( -3.075000000000000600, -0.7620523110292839500, 0.7490186380224027600 ) ) ;
#8274 = DIRECTION ( 'NONE',  ( 0.0000000000000000000, 1.000000000000000000, 0.0000000000000000000 ) ) ;
#8275 = DIRECTION ( 'NONE',  ( 1.000000000000000000, -1.084202172485504400E-016, -0.0000000000000000000 ) ) ;
#8276 = CARTESIAN_POINT ( 'NONE',  ( -3.075000000000000600, -0.9750469801750290000, 0.8040937768374313300 ) ) ;
#8277 = AXIS2_PLACEMENT_3D ( 'NONE', #8276, #8275, #8274 ) ;
#8278 = CIRCLE ( 'NONE', #8277, 0.2200000000000001400 ) ;
#8279 = CARTESIAN_POINT ( 'NONE',  ( -3.075000000000000600, -0.7799029738905034500, 1.359056210195956000 ) ) ;
#8280 = DIRECTION ( 'NONE',  ( -0.0000000000000000000, -0.0000000000000000000, -1.000000000000000000 ) ) ;
#8281 = VECTOR ( 'NONE', #8280, 1000.000000000000000 ) ;
#8282 = CARTESIAN_POINT ( 'NONE',  ( -3.075000000000000600, -1.472999999999999900, 0.8040937768374313300 ) ) ;
#8283 = LINE ( 'NONE', #8282, #8281 ) ;
#8284 = DIRECTION ( 'NONE',  ( -2.714208416054373400E-017, -0.2503415400683179900, -0.9681575870261116500 ) ) ;
#8285 = VECTOR ( 'NONE', #8284, 999.9999999999998900 ) ;
#8286 = CARTESIAN_POINT ( 'NONE',  ( -3.075000000000000600, -0.9266391008237231400, 0.7915766998340153500 ) ) ;
#8287 = LINE ( 'NONE', #8286, #8285 ) ;
#8288 = MECHANICAL_DESIGN_GEOMETRIC_PRESENTATION_REPRESENTATION (  '', ( #8173 ), #8 ) ;
#8289 = DIRECTION ( 'NONE',  ( 0.0000000000000000000, 1.000000000000000000, 0.0000000000000000000 ) ) ;
#8290 = DIRECTION ( 'NONE',  ( 1.000000000000000000, -1.084202172485504400E-016, -0.0000000000000000000 ) ) ;
#8291 = CARTESIAN_POINT ( 'NONE',  ( -3.075000000000000600, -0.5669083047447585100, 1.303981071380927400 ) ) ;
#8292 = AXIS2_PLACEMENT_3D ( 'NONE', #8291, #8290, #8289 ) ;
#8293 = CIRCLE ( 'NONE', #8292, 0.2200000000000000300 ) ;
#8294 = DIRECTION ( 'NONE',  ( 1.084202172485504400E-016, 1.000000000000000000, -0.0000000000000000000 ) ) ;
#8295 = VECTOR ( 'NONE', #8294, 1000.000000000000000 ) ;
#8296 = CARTESIAN_POINT ( 'NONE',  ( -3.075000000000000600, -0.9750469801750290000, 1.353981071380927500 ) ) ;
#8297 = LINE ( 'NONE', #8296, #8295 ) ;
#8298 = CARTESIAN_POINT ( 'NONE',  ( -3.075000000000000600, -0.5669083047447572900, 1.523981071380927600 ) ) ;
#8299 = DIRECTION ( 'NONE',  ( 2.714208416054375600E-017, 0.2503415400683182100, 0.9681575870261114300 ) ) ;
#8300 = VECTOR ( 'NONE', #8299, 1000.000000000000100 ) ;
#8301 = CARTESIAN_POINT ( 'NONE',  ( -3.075000000000000600, -0.7620523110292842800, 0.7490186380224013200 ) ) ;
#8302 = LINE ( 'NONE', #8301, #8300 ) ;
#8303 = DIRECTION ( 'NONE',  ( 2.714208416054373400E-017, 0.2503415400683179900, 0.9681575870261116500 ) ) ;
#8304 = VECTOR ( 'NONE', #8303, 999.9999999999998900 ) ;
#8305 = CARTESIAN_POINT ( 'NONE',  ( -3.805000000000000200, -0.7799029738905033400, 1.359056210195956000 ) ) ;
#8306 = LINE ( 'NONE', #8305, #8304 ) ;
#8307 = DIRECTION ( 'NONE',  ( 0.0000000000000000000, 1.000000000000000000, 0.0000000000000000000 ) ) ;
#8308 = DIRECTION ( 'NONE',  ( -1.000000000000000000, 1.084202172485504400E-016, 0.0000000000000000000 ) ) ;
#8309 = CARTESIAN_POINT ( 'NONE',  ( -3.805000000000000200, -0.5669083047447584000, 1.303981071380927400 ) ) ;
#8310 = AXIS2_PLACEMENT_3D ( 'NONE', #8309, #8308, #8307 ) ;
#8311 = CIRCLE ( 'NONE', #8310, 0.2200000000000000300 ) ;
#8312 = CARTESIAN_POINT ( 'NONE',  ( -3.805000000000000200, -0.5669083047447585100, 1.353981071380927500 ) ) ;
#8313 = CARTESIAN_POINT ( 'NONE',  ( -3.805000000000000200, -1.472999999999999900, 0.5840937768374314700 ) ) ;
#8314 = CARTESIAN_POINT ( 'NONE',  ( -3.805000000000000200, -0.9750469801750302200, 0.5840937768374312400 ) ) ;
#8315 = CARTESIAN_POINT ( 'NONE',  ( -3.075000000000000600, -0.9363312550711018200, 0.7540937768374315100 ) ) ;
#8316 = CARTESIAN_POINT ( 'NONE',  ( -3.075000000000000600, -0.9750469801750301100, 0.5840937768374313600 ) ) ;
#8317 = CARTESIAN_POINT ( 'NONE',  ( -3.125000000000000400, -1.522999999999999900, 0.5840937768374314700 ) ) ;
#8318 = CARTESIAN_POINT ( 'NONE',  ( -3.075000000000000600, -1.472999999999999900, 0.7540937768374315100 ) ) ;
#8319 = CARTESIAN_POINT ( 'NONE',  ( -3.805000000000000200, -0.7799029738905033400, 1.359056210195956000 ) ) ;
#8320 = CARTESIAN_POINT ( 'NONE',  ( -3.805000000000000200, -0.6056240298486852400, 1.353981071380927500 ) ) ;
#8321 = DIRECTION ( 'NONE',  ( 1.084202172485504400E-016, 1.000000000000000000, 0.0000000000000000000 ) ) ;
#8322 = VECTOR ( 'NONE', #8321, 1000.000000000000000 ) ;
#8323 = CARTESIAN_POINT ( 'NONE',  ( -3.805000000000000200, -1.029992063861229300E-016, 1.523981071380927600 ) ) ;
#8324 = LINE ( 'NONE', #8323, #8322 ) ;
#8325 = CARTESIAN_POINT ( 'NONE',  ( -3.805000000000000200, -0.7620523110292838400, 0.7490186380224025400 ) ) ;
#8326 = DIRECTION ( 'NONE',  ( -2.714208416054375600E-017, -0.2503415400683182100, -0.9681575870261114300 ) ) ;
#8327 = VECTOR ( 'NONE', #8326, 1000.000000000000100 ) ;
#8328 = CARTESIAN_POINT ( 'NONE',  ( -3.805000000000000200, -0.7620523110292838400, 0.7490186380224027600 ) ) ;
#8329 = AXIS2_PLACEMENT_3D ( 'NONE', #8346, #8257, #8337 ) ;
#8330 = VECTOR ( 'NONE', #8347, 1000.000000000000000 ) ;
#8331 = LINE ( 'NONE', #8312, #8330 ) ;
#8332 = CARTESIAN_POINT ( 'NONE',  ( -3.805000000000000200, -1.472999999999999900, 0.7540937768374315100 ) ) ;
#8333 = DIRECTION ( 'NONE',  ( 0.0000000000000000000, 0.0000000000000000000, 1.000000000000000000 ) ) ;
#8334 = VECTOR ( 'NONE', #8333, 1000.000000000000000 ) ;
#8335 = CARTESIAN_POINT ( 'NONE',  ( -3.805000000000000200, -1.472999999999999900, 0.8040937768374314400 ) ) ;
#8336 = LINE ( 'NONE', #8335, #8334 ) ;
#8337 = DIRECTION ( 'NONE',  ( 0.0000000000000000000, -1.000000000000000000, 0.0000000000000000000 ) ) ;
#8338 = FACE_OUTER_BOUND ( 'NONE', #1999, .T. ) ;
#8339 = CARTESIAN_POINT ( 'NONE',  ( -3.754999999999999900, -1.472999999999999900, 0.5340937768374314200 ) ) ;
#8340 = CARTESIAN_POINT ( 'NONE',  ( -3.754999999999999900, -1.522999999999999900, 0.7540937768374315100 ) ) ;
#8341 = CARTESIAN_POINT ( 'NONE',  ( -3.754999999999999900, -0.9750469801750303300, 0.5340937768374313100 ) ) ;
#8342 = LINE ( 'NONE', #8341, #8363 ) ;
#8343 = DIRECTION ( 'NONE',  ( -1.084202172485504400E-016, -1.000000000000000000, 1.978640747033070800E-016 ) ) ;
#8344 = VECTOR ( 'NONE', #8343, 1000.000000000000000 ) ;
#8345 = CARTESIAN_POINT ( 'NONE',  ( -3.805000000000000200, -1.522999999999999900, 0.5840937768374314700 ) ) ;
#8346 = CARTESIAN_POINT ( 'NONE',  ( -3.075000000000000600, -1.472999999999999900, 0.5840937768374314700 ) ) ;
#8347 = DIRECTION ( 'NONE',  ( -1.084202172485504400E-016, -1.000000000000000000, 0.0000000000000000000 ) ) ;
#8348 = DIRECTION ( 'NONE',  ( -1.084202172485504400E-016, -1.000000000000000000, -0.0000000000000000000 ) ) ;
#8349 = VECTOR ( 'NONE', #8348, 1000.000000000000000 ) ;
#8350 = CARTESIAN_POINT ( 'NONE',  ( -3.075000000000000600, -0.9750469801750290000, 1.523981071380927600 ) ) ;
#8351 = LINE ( 'NONE', #8350, #8349 ) ;
#8352 = DIRECTION ( 'NONE',  ( 1.084202172485504400E-016, 1.000000000000000000, 0.0000000000000000000 ) ) ;
#8353 = VECTOR ( 'NONE', #8352, 1000.000000000000000 ) ;
#8354 = CARTESIAN_POINT ( 'NONE',  ( -3.805000000000000200, -0.9750469801750287800, 0.7540937768374315100 ) ) ;
#8355 = LINE ( 'NONE', #8354, #8353 ) ;
#8356 = CYLINDRICAL_SURFACE ( 'NONE', #8329, 0.04999999999999991300 ) ;
#8357 = CARTESIAN_POINT ( 'NONE',  ( -3.125000000000000400, -1.522999999999999900, 0.7540937768374315100 ) ) ;
#8358 = DIRECTION ( 'NONE',  ( -1.000000000000000000, 1.084202172485504600E-016, 0.0000000000000000000 ) ) ;
#8359 = VECTOR ( 'NONE', #8358, 1000.000000000000000 ) ;
#8360 = CARTESIAN_POINT ( 'NONE',  ( -3.075000000000000600, -1.522999999999999900, 0.7540937768374315100 ) ) ;
#8361 = LINE ( 'NONE', #8360, #8359 ) ;
#8362 = DIRECTION ( 'NONE',  ( 1.084202172485504400E-016, 1.000000000000000000, -1.978640747033070800E-016 ) ) ;
#8363 = VECTOR ( 'NONE', #8362, 1000.000000000000000 ) ;
#8364 = CARTESIAN_POINT ( 'NONE',  ( -3.125000000000000400, -1.472999999999999900, 0.5340937768374314200 ) ) ;
#8365 = DIRECTION ( 'NONE',  ( -1.084202172485504400E-016, -1.000000000000000000, 1.978640747033070800E-016 ) ) ;
#8366 = VECTOR ( 'NONE', #8365, 1000.000000000000000 ) ;
#8367 = CARTESIAN_POINT ( 'NONE',  ( -3.125000000000000400, -0.9750469801750303300, 0.5340937768374313100 ) ) ;
#8368 = LINE ( 'NONE', #8367, #8366 ) ;
#8369 = LINE ( 'NONE', #8328, #8327 ) ;
#8370 = DIRECTION ( 'NONE',  ( 1.084202172485504400E-016, 1.000000000000000000, -1.978640747033070800E-016 ) ) ;
#8371 = VECTOR ( 'NONE', #8370, 1000.000000000000000 ) ;
#8372 = CARTESIAN_POINT ( 'NONE',  ( -3.075000000000000600, -0.9750469801750290000, 0.5840937768374313600 ) ) ;
#8373 = LINE ( 'NONE', #8372, #8371 ) ;
#8374 = CARTESIAN_POINT ( 'NONE',  ( -3.075000000000000600, -1.472999999999999900, 0.5840937768374314700 ) ) ;
#8375 = DIRECTION ( 'NONE',  ( -1.084202172485504400E-016, -1.000000000000000000, -0.0000000000000000000 ) ) ;
#8376 = VECTOR ( 'NONE', #8375, 1000.000000000000000 ) ;
#8377 = CARTESIAN_POINT ( 'NONE',  ( -3.075000000000000600, -0.9750469801750290000, 0.7540937768374315100 ) ) ;
#8378 = LINE ( 'NONE', #8377, #8376 ) ;
#8379 = DIRECTION ( 'NONE',  ( -0.0000000000000000000, -0.0000000000000000000, -1.000000000000000000 ) ) ;
#8380 = VECTOR ( 'NONE', #8379, 1000.000000000000000 ) ;
#8381 = CARTESIAN_POINT ( 'NONE',  ( -3.754999999999999900, -1.522999999999999900, 0.5840937768374315800 ) ) ;
#8382 = DIRECTION ( 'NONE',  ( 1.084202172485504400E-016, 1.000000000000000000, 0.0000000000000000000 ) ) ;
#8383 = DIRECTION ( 'NONE',  ( 1.000000000000000000, -1.084202172485504400E-016, -0.0000000000000000000 ) ) ;
#8384 = LINE ( 'NONE', #8381, #8380 ) ;
#8385 =( LENGTH_UNIT ( ) NAMED_UNIT ( * ) SI_UNIT ( .MILLI., .METRE. ) );
#8386 = UNCERTAINTY_MEASURE_WITH_UNIT (LENGTH_MEASURE( 1.000000000000000100E-005 ), #8385, 'distance_accuracy_value', 'NONE');
#8387 =( NAMED_UNIT ( * ) SI_UNIT ( $, .STERADIAN. ) SOLID_ANGLE_UNIT ( ) );
#8388 =( NAMED_UNIT ( * ) PLANE_ANGLE_UNIT ( ) SI_UNIT ( $, .RADIAN. ) );
ENDSEC;
END-ISO-10303-21;
