timestamp,total_i_mA,batt_mV,core_temp_C,safety,ch1_name,ch1_status,ch1_state,ch1_voltage_mV,ch1_i_inst_mA,ch1_i_avg_mA,ch2_name,ch2_status,ch2_state,ch2_voltage_mV,ch2_i_inst_mA,ch2_i_avg_mA,ch3_name,ch3_status,ch3_state,ch3_voltage_mV,ch3_i_inst_mA,ch3_i_avg_mA,ch4_name,ch4_status,ch4_state,ch4_voltage_mV,ch4_i_inst_mA,ch4_i_avg_mA,ch5_name,ch5_status,ch5_state,ch5_voltage_mV,ch5_i_inst_mA,ch5_i_avg_mA,ch6_name,ch6_status,ch6_state,ch6_voltage_mV,ch6_i_inst_mA,ch6_i_avg_mA,ch7_name,ch7_status,ch7_state,ch7_voltage_mV,ch7_i_inst_mA,ch7_i_avg_mA,ch8_name,ch8_status,ch8_state,ch8_voltage_mV,ch8_i_inst_mA,ch8_i_avg_mA,ch9_name,ch9_status,ch9_state,ch9_voltage_mV,ch9_i_inst_mA,ch9_i_avg_mA,ch10_name,ch10_status,ch10_state,ch10_voltage_mV,ch10_i_inst_mA,ch10_i_avg_mA,ch11_name,ch11_status,ch11_state,ch11_voltage_mV,ch11_i_inst_mA,ch11_i_avg_mA,ch12_name,ch12_status,ch12_state,ch12_voltage_mV,ch12_i_inst_mA,ch12_i_avg_mA,ch13_name,ch13_status,ch13_state,ch13_voltage_mV,ch13_i_inst_mA,ch13_i_avg_mA,ch14_name,ch14_status,ch14_state,ch14_voltage_mV,ch14_i_inst_mA,ch14_i_avg_mA,ch15_name,ch15_status,ch15_state,ch15_voltage_mV,ch15_i_inst_mA,ch15_i_avg_mA,ch16_name,ch16_status,ch16_state,ch16_voltage_mV,ch16_i_inst_mA,ch16_i_avg_mA
1778951451.2416801,190.0,13054,-43.0,1,,0,0,0,0,0.0,,0,0,0,0,0.0,,0,1,13062,190,190.0,,0,0,0,0,0.0,,1,1,13062,0,0.0,,0,0,0,0,0.0,,1,1,13035,0,0.0,,1,1,13035,0,0.0,,0,1,13040,0,0.0,,0,1,13056,0,0.0,,0,1,12920,0,0.0,,0,1,12898,0,0.0,,0,0,0,0,0.0,,0,1,13073,0,0.0,,0,0,0,0,0.0,,0,1,12991,0,0.0
1778951451.2945023,185.0,13042,-43.0,1,,0,0,0,0,0.0,,0,0,0,0,0.0,,0,1,13013,180,185.0,,0,0,0,0,0.0,,1,1,13035,0,0.0,,0,0,0,0,0.0,,1,1,13056,0,0.0,,1,1,13035,0,0.0,,0,1,13029,0,0.0,,0,1,13024,0,0.0,,0,1,13007,0,0.0,,0,1,12903,0,0.0,,0,0,0,0,0.0,,0,1,13056,0,0.0,,0,0,0,0,0.0,,0,1,13067,0,0.0
1778951451.3472462,183.3,13048,-43.0,1,,0,0,0,0,0.0,,0,0,0,0,0.0,,0,1,13067,180,183.3,,0,0,0,0,0.0,,1,1,13078,0,0.0,,0,0,0,0,0.0,,1,1,13073,0,0.0,,1,1,13035,0,0.0,,0,1,13078,0,0.0,,0,1,13051,0,0.0,,0,1,13018,0,0.0,,0,1,12947,0,0.0,,0,0,0,0,0.0,,0,1,13035,0,0.0,,0,0,0,0,0.0,,0,1,13013,0,0.0
1778951451.4019697,183.3,13048,-43.0,1,,0,0,0,0,0.0,,0,0,0,0,0.0,,0,1,12980,180,183.3,,0,0,0,0,0.0,,1,1,13078,0,0.0,,0,0,0,0,0.0,,1,1,13062,0,0.0,,1,1,12991,0,0.0,,0,1,13013,0,0.0,,0,1,13040,0,0.0,,0,1,13056,0,0.0,,0,1,13018,0,0.0,,0,0,0,0,0.0,,0,1,12991,0,0.0,,0,0,0,0,0.0,,0,1,13029,0,0.0
1778951451.452784,185.0,12999,-43.0,1,,0,0,0,0,0.0,,0,0,0,0,0.0,,0,1,12898,190,185.0,,0,0,0,0,0.0,,1,1,13056,0,0.0,,0,0,0,0,0.0,,1,1,13013,0,0.0,,1,1,13002,0,0.0,,0,1,13056,0,0.0,,0,1,13067,0,0.0,,0,1,13045,0,0.0,,0,1,13007,0,0.0,,0,0,0,0,0.0,,0,1,12985,0,0.0,,0,0,0,0,0.0,,0,1,12963,0,0.0
1778951451.5057228,184.0,13048,-44.0,1,,0,0,0,0,0.0,,0,0,0,0,0.0,,0,1,12947,180,184.0,,0,0,0,0,0.0,,1,1,13007,0,0.0,,0,0,0,0,0.0,,1,1,13045,0,0.0,,1,1,12925,0,0.0,,0,1,13073,0,0.0,,0,1,13035,0,0.0,,0,1,12974,0,0.0,,0,1,12947,0,0.0,,0,0,0,0,0.0,,0,1,13024,0,0.0,,0,0,0,0,0.0,,0,1,13073,0,0.0
1778951451.5570133,184.0,13048,-44.0,1,,0,0,0,0,0.0,,0,0,0,0,0.0,,0,1,12920,180,184.0,,0,0,0,0,0.0,,1,1,13035,0,0.0,,0,0,0,0,0.0,,1,1,12996,0,0.0,,1,1,12920,0,0.0,,0,1,12996,0,0.0,,0,1,13062,0,0.0,,0,1,13013,0,0.0,,0,1,13035,0,0.0,,0,0,0,0,0.0,,0,1,13024,0,0.0,,0,0,0,0,0.0,,0,1,13073,0,0.0
1778951451.607883,186.0,13073,-42.0,1,,0,0,0,0,0.0,,0,0,0,0,0.0,,0,1,13056,190,186.0,,0,0,0,0,0.0,,1,1,12925,0,0.0,,0,0,0,0,0.0,,1,1,12991,0,0.0,,1,1,12958,0,0.0,,0,1,12931,0,0.0,,0,1,13002,0,0.0,,0,1,13045,0,0.0,,0,1,13040,0,0.0,,0,0,0,0,0.0,,0,1,13051,0,0.0,,0,0,0,0,0.0,,0,1,13018,0,0.0
1778951451.6592073,186.0,13036,-43.0,1,,0,0,0,0,0.0,,0,0,0,0,0.0,,0,1,13013,190,186.0,,0,0,0,0,0.0,,1,1,12925,0,0.0,,0,0,0,0,0.0,,1,1,12947,0,0.0,,1,1,12898,0,0.0,,0,1,13035,0,0.0,,0,1,13035,0,0.0,,0,1,13062,0,0.0,,0,1,13007,0,0.0,,0,0,0,0,0.0,,0,1,13067,0,0.0,,0,0,0,0,0.0,,0,1,12952,0,0.0
1778951451.7101774,186.0,13036,-43.0,1,,0,0,0,0,0.0,,0,0,0,0,0.0,,0,1,13067,190,186.0,,0,0,0,0,0.0,,1,1,12963,0,0.0,,0,0,0,0,0.0,,1,1,13024,0,0.0,,1,1,13035,0,0.0,,0,1,13024,0,0.0,,0,1,12969,0,0.0,,0,1,12974,0,0.0,,0,1,12985,0,0.0,,0,0,0,0,0.0,,0,1,13067,0,0.0,,0,0,0,0,0.0,,0,1,12952,0,0.0
1778951451.770063,184.0,13054,-43.0,1,,0,0,0,0,0.0,,0,0,0,0,0.0,,0,1,13056,180,184.0,,0,0,0,0,0.0,,1,1,13062,0,0.0,,0,0,0,0,0.0,,1,1,12892,0,0.0,,1,1,13035,0,0.0,,0,1,13029,0,0.0,,0,1,12980,0,0.0,,0,1,12963,0,0.0,,0,1,12991,0,0.0,,0,0,0,0,0.0,,0,1,13051,0,0.0,,0,0,0,0,0.0,,0,1,13056,0,0.0
1778951451.8313446,186.0,13005,-42.0,1,,0,0,0,0,0.0,,0,0,0,0,0.0,,0,1,13013,190,186.0,,0,0,0,0,0.0,,1,1,13029,0,0.0,,0,0,0,0,0.0,,1,1,13007,0,0.0,,1,1,13056,0,0.0,,0,1,12947,0,0.0,,0,1,13007,0,0.0,,0,1,12991,0,0.0,,0,1,13018,0,0.0,,0,0,0,0,0.0,,0,1,13089,0,0.0,,0,0,0,0,0.0,,0,1,13013,0,0.0
1778951451.8822067,184.0,13042,-43.0,1,,0,0,0,0,0.0,,0,0,0,0,0.0,,0,1,13013,180,184.0,,0,0,0,0,0.0,,1,1,13051,0,0.0,,0,0,0,0,0.0,,1,1,13013,0,0.0,,1,1,12985,0,0.0,,0,1,12996,0,0.0,,0,1,13051,0,0.0,,0,1,13029,0,0.0,,0,1,13045,0,0.0,,0,0,0,0,0.0,,0,1,13002,0,0.0,,0,0,0,0,0.0,,0,1,13002,0,0.0
1778951451.933496,184.0,13042,-43.0,1,,0,0,0,0,0.0,,0,0,0,0,0.0,,0,1,12947,180,184.0,,0,0,0,0,0.0,,1,1,13051,0,0.0,,0,0,0,0,0.0,,1,1,13018,0,0.0,,1,1,13035,0,0.0,,0,1,12996,0,0.0,,0,1,13051,0,0.0,,0,1,13029,0,0.0,,0,1,13045,0,0.0,,0,0,0,0,0.0,,0,1,13002,0,0.0,,0,0,0,0,0.0,,0,1,13002,0,0.0
1778951451.987135,185.0,13023,-45.0,1,,0,0,0,0,0.0,,0,0,0,0,0.0,,0,1,12947,180,185.0,,0,0,0,0,0.0,,1,1,13051,0,0.0,,0,0,0,0,0.0,,1,1,13018,0,0.0,,1,1,13035,0,0.0,,0,1,13007,0,0.0,,0,1,13062,0,0.0,,0,1,12952,0,0.0,,0,1,12870,0,0.0,,0,0,0,0,0.0,,0,1,13013,0,0.0,,0,0,0,0,0.0,,0,1,13062,0,0.0
1778951452.0383203,186.0,13005,-42.0,1,,0,0,0,0,0.0,,0,0,0,0,0.0,,0,1,13018,190,186.0,,0,0,0,0,0.0,,1,1,12914,0,0.0,,0,0,0,0,0.0,,1,1,13002,0,0.0,,1,1,12914,0,0.0,,0,1,13013,0,0.0,,0,1,13067,0,0.0,,0,1,13013,0,0.0,,0,1,13007,0,0.0,,0,0,0,0,0.0,,0,1,13073,0,0.0,,0,0,0,0,0.0,,0,1,12969,0,0.0
1778951452.089552,186.0,13005,-42.0,1,,0,0,0,0,0.0,,0,0,0,0,0.0,,0,1,12969,190,186.0,,0,0,0,0,0.0,,1,1,12969,0,0.0,,0,0,0,0,0.0,,1,1,13035,0,0.0,,1,1,12969,0,0.0,,0,1,13013,0,0.0,,0,1,13067,0,0.0,,0,1,13013,0,0.0,,0,1,13007,0,0.0,,0,0,0,0,0.0,,0,1,13073,0,0.0,,0,0,0,0,0.0,,0,1,12969,0,0.0
1778951452.141038,182.5,13029,-43.0,1,,0,0,0,0,0.0,,0,0,0,0,0.0,,0,1,12969,170,182.5,,0,0,0,0,0.0,,1,1,12969,0,0.0,,0,0,0,0,0.0,,1,1,13035,0,0.0,,1,1,12969,0,0.0,,0,1,12963,0,0.0,,0,1,12996,0,0.0,,0,1,13013,0,0.0,,0,1,13013,0,0.0,,0,0,0,0,0.0,,0,1,13062,0,0.0,,0,0,0,0,0.0,,0,1,12991,0,0.0
1778951452.1963177,184.0,13029,-43.0,1,,0,0,0,0,0.0,,0,0,0,0,0.0,,0,1,13029,190,184.0,,0,0,0,0,0.0,,1,1,12969,0,0.0,,0,0,0,0,0.0,,1,1,12898,0,0.0,,1,1,12947,0,0.0,,0,1,13035,0,0.0,,0,1,13056,0,0.0,,0,1,13029,0,0.0,,0,1,12985,0,0.0,,0,0,0,0,0.0,,0,1,13056,0,0.0,,0,0,0,0,0.0,,0,1,12947,0,0.0
1778951452.251278,184.0,13029,-43.0,1,,0,0,0,0,0.0,,0,0,0,0,0.0,,0,1,13062,190,184.0,,0,0,0,0,0.0,,1,1,12969,0,0.0,,0,0,0,0,0.0,,1,1,13062,0,0.0,,1,1,13024,0,0.0,,0,1,13035,0,0.0,,0,1,13056,0,0.0,,0,1,13029,0,0.0,,0,1,12985,0,0.0,,0,0,0,0,0.0,,0,1,13056,0,0.0,,0,0,0,0,0.0,,0,1,12947,0,0.0
1778951452.3027918,182.0,13036,-45.0,1,,0,0,0,0,0.0,,0,0,0,0,0.0,,0,1,13035,180,182.0,,0,0,0,0,0.0,,1,1,13067,0,0.0,,0,0,0,0,0.0,,1,1,13056,0,0.0,,1,1,12985,0,0.0,,0,1,12947,0,0.0,,0,1,12963,0,0.0,,0,1,12980,0,0.0,,0,1,13002,0,0.0,,0,0,0,0,0.0,,0,1,13106,0,0.0,,0,0,0,0,0.0,,0,1,12991,0,0.0
1778951452.3585138,184.0,13048,-42.0,1,,0,0,0,0,0.0,,0,0,0,0,0.0,,0,1,13056,180,184.0,,0,0,0,0,0.0,,1,1,13045,0,0.0,,0,0,0,0,0.0,,1,1,13013,0,0.0,,1,1,13002,0,0.0,,0,1,13035,0,0.0,,0,1,13078,0,0.0,,0,1,13018,0,0.0,,0,1,12958,0,0.0,,0,0,0,0,0.0,,0,1,12936,0,0.0,,0,0,0,0,0.0,,0,1,12991,0,0.0
1778951452.4210114,184.0,13048,-42.0,1,,0,0,0,0,0.0,,0,0,0,0,0.0,,0,1,12991,180,184.0,,0,0,0,0,0.0,,1,1,13056,0,0.0,,0,0,0,0,0.0,,1,1,13062,0,0.0,,1,1,12931,0,0.0,,0,1,13062,0,0.0,,0,1,13013,0,0.0,,0,1,12942,0,0.0,,0,1,12974,0,0.0,,0,0,0,0,0.0,,0,1,12936,0,0.0,,0,0,0,0,0.0,,0,1,12991,0,0.0
1778951452.4832292,186.7,13060,-43.0,1,,0,0,0,0,0.0,,0,0,0,0,0.0,,0,1,12985,190,186.7,,0,0,0,0,0.0,,1,1,13035,0,0.0,,0,0,0,0,0.0,,1,1,12931,0,0.0,,1,1,12947,0,0.0,,0,1,13007,0,0.0,,0,1,13035,0,0.0,,0,1,13062,0,0.0,,0,1,13035,0,0.0,,0,0,0,0,0.0,,0,1,13007,0,0.0,,0,0,0,0,0.0,,0,1,12947,0,0.0
1778951452.5361612,186.7,13060,-43.0,1,,0,0,0,0,0.0,,0,0,0,0,0.0,,0,1,12974,190,186.7,,0,0,0,0,0.0,,1,1,13035,0,0.0,,0,0,0,0,0.0,,1,1,12931,0,0.0,,1,1,12947,0,0.0,,0,1,13007,0,0.0,,0,1,13035,0,0.0,,0,1,13062,0,0.0,,0,1,13035,0,0.0,,0,0,0,0,0.0,,0,1,13007,0,0.0,,0,0,0,0,0.0,,0,1,12947,0,0.0
1778951452.5871594,188.0,13048,-43.0,1,,0,0,0,0,0.0,,0,0,0,0,0.0,,0,1,12947,190,188.0,,0,0,0,0,0.0,,1,1,13013,0,0.0,,0,0,0,0,0.0,,1,1,13007,0,0.0,,1,1,13056,0,0.0,,0,1,13035,0,0.0,,0,1,13045,0,0.0,,0,1,13013,0,0.0,,0,1,12942,0,0.0,,0,0,0,0,0.0,,0,1,12969,0,0.0,,0,0,0,0,0.0,,0,1,13018,0,0.0
1778951452.6445403,188.3,13060,-43.0,1,,0,0,0,0,0.0,,0,0,0,0,0.0,,0,1,12985,190,188.3,,0,0,0,0,0.0,,1,1,12969,0,0.0,,0,0,0,0,0.0,,1,1,13056,0,0.0,,1,1,12925,0,0.0,,0,1,12969,0,0.0,,0,1,12914,0,0.0,,0,1,12991,0,0.0,,0,1,12947,0,0.0,,0,0,0,0,0.0,,0,1,13056,0,0.0,,0,0,0,0,0.0,,0,1,13013,0,0.0
1778951452.6948807,188.3,13060,-43.0,1,,0,0,0,0,0.0,,0,0,0,0,0.0,,0,1,12985,190,188.3,,0,0,0,0,0.0,,1,1,12969,0,0.0,,0,0,0,0,0.0,,1,1,13056,0,0.0,,1,1,12925,0,0.0,,0,1,12969,0,0.0,,0,1,12914,0,0.0,,0,1,12991,0,0.0,,0,1,12947,0,0.0,,0,0,0,0,0.0,,0,1,13056,0,0.0,,0,0,0,0,0.0,,0,1,13013,0,0.0
1778951452.7455478,184.0,13060,-42.0,1,,0,0,0,0,0.0,,0,0,0,0,0.0,,0,1,13002,180,184.0,,0,0,0,0,0.0,,1,1,12931,0,0.0,,0,0,0,0,0.0,,1,1,12931,0,0.0,,1,1,12914,0,0.0,,0,1,12925,0,0.0,,0,1,12969,0,0.0,,0,1,13024,0,0.0,,0,1,12991,0,0.0,,0,0,0,0,0.0,,0,1,13045,0,0.0,,0,0,0,0,0.0,,0,1,13018,0,0.0
1778951452.7987313,186.0,13023,-42.0,1,,0,0,0,0,0.0,,0,0,0,0,0.0,,0,1,13056,190,186.0,,0,0,0,0,0.0,,1,1,12947,0,0.0,,0,0,0,0,0.0,,1,1,13018,0,0.0,,1,1,13040,0,0.0,,0,1,13045,0,0.0,,0,1,12996,0,0.0,,0,1,12898,0,0.0,,0,1,12936,0,0.0,,0,0,0,0,0.0,,0,1,13040,0,0.0,,0,0,0,0,0.0,,0,1,13051,0,0.0
1778951452.85023,186.0,13023,-42.0,1,,0,0,0,0,0.0,,0,0,0,0,0.0,,0,1,13013,190,186.0,,0,0,0,0,0.0,,1,1,13062,0,0.0,,0,0,0,0,0.0,,1,1,12947,0,0.0,,1,1,12974,0,0.0,,0,1,13056,0,0.0,,0,1,13056,0,0.0,,0,1,13051,0,0.0,,0,1,12925,0,0.0,,0,0,0,0,0.0,,0,1,13040,0,0.0,,0,0,0,0,0.0,,0,1,13051,0,0.0
1778951452.9151325,186.0,13036,-44.0,1,,0,0,0,0,0.0,,0,0,0,0,0.0,,0,1,13051,190,186.0,,0,0,0,0,0.0,,1,1,13056,0,0.0,,0,0,0,0,0.0,,1,1,13056,0,0.0,,1,1,13002,0,0.0,,0,1,12952,0,0.0,,0,1,12969,0,0.0,,0,1,12969,0,0.0,,0,1,13018,0,0.0,,0,0,0,0,0.0,,0,1,13095,0,0.0,,0,0,0,0,0.0,,0,1,12991,0,0.0
1778951452.979655,188.0,13054,-43.0,1,,0,0,0,0,0.0,,0,0,0,0,0.0,,0,1,13062,190,188.0,,0,0,0,0,0.0,,1,1,13040,0,0.0,,0,0,0,0,0.0,,1,1,13013,0,0.0,,1,1,12996,0,0.0,,0,1,13018,0,0.0,,0,1,13029,0,0.0,,0,1,13029,0,0.0,,0,1,12931,0,0.0,,0,0,0,0,0.0,,0,1,13035,0,0.0,,0,0,0,0,0.0,,0,1,13002,0,0.0
1778951453.030323,190.0,13048,-44.0,1,,0,0,0,0,0.0,,0,0,0,0,0.0,,0,1,13007,190,190.0,,0,0,0,0,0.0,,1,1,13013,0,0.0,,0,0,0,0,0.0,,1,1,13035,0,0.0,,1,1,13013,0,0.0,,0,1,13035,0,0.0,,0,1,13073,0,0.0,,0,1,12969,0,0.0,,0,1,12892,0,0.0,,0,0,0,0,0.0,,0,1,13062,0,0.0,,0,0,0,0,0.0,,0,1,13045,0,0.0
1778951453.0813508,190.0,13048,-44.0,1,,0,0,0,0,0.0,,0,0,0,0,0.0,,0,1,13007,190,190.0,,0,0,0,0,0.0,,1,1,13013,0,0.0,,0,0,0,0,0.0,,1,1,13035,0,0.0,,1,1,13013,0,0.0,,0,1,13035,0,0.0,,0,1,13073,0,0.0,,0,1,12969,0,0.0,,0,1,12892,0,0.0,,0,0,0,0,0.0,,0,1,13062,0,0.0,,0,0,0,0,0.0,,0,1,13045,0,0.0
1778951453.1323273,187.5,13048,-44.0,1,,0,0,0,0,0.0,,0,0,0,0,0.0,,0,1,12985,180,187.5,,0,0,0,0,0.0,,1,1,13018,0,0.0,,0,0,0,0,0.0,,1,1,12903,0,0.0,,1,1,12914,0,0.0,,0,1,12952,0,0.0,,0,1,13035,0,0.0,,0,1,12996,0,0.0,,0,1,12980,0,0.0,,0,0,0,0,0.0,,0,1,13078,0,0.0,,0,0,0,0,0.0,,0,1,12925,0,0.0
1778951453.1912043,186.0,12986,-43.0,1,,0,0,0,0,0.0,,0,0,0,0,0.0,,0,1,12903,190,186.0,,0,0,0,0,0.0,,1,1,12991,0,0.0,,0,0,0,0,0.0,,1,1,12963,0,0.0,,1,1,12980,0,0.0,,0,1,13013,0,0.0,,0,1,13084,0,0.0,,0,1,13062,0,0.0,,0,1,13002,0,0.0,,0,0,0,0,0.0,,0,1,12931,0,0.0,,0,0,0,0,0.0,,0,1,13007,0,0.0
1778951453.2437932,186.0,12986,-43.0,1,,0,0,0,0,0.0,,0,0,0,0,0.0,,0,1,12974,190,186.0,,0,0,0,0,0.0,,1,1,12969,0,0.0,,0,0,0,0,0.0,,1,1,13062,0,0.0,,1,1,12903,0,0.0,,0,1,12898,0,0.0,,0,1,12969,0,0.0,,0,1,13045,0,0.0,,0,1,13035,0,0.0,,0,0,0,0,0.0,,0,1,12931,0,0.0,,0,0,0,0,0.0,,0,1,13007,0,0.0
1778951453.2952032,185.0,13060,-44.0,1,,0,0,0,0,0.0,,0,0,0,0,0.0,,0,1,12974,190,185.0,,0,0,0,0,0.0,,1,1,12969,0,0.0,,0,0,0,0,0.0,,1,1,13062,0,0.0,,1,1,12903,0,0.0,,0,1,12898,0,0.0,,0,1,12969,0,0.0,,0,1,13045,0,0.0,,0,1,13035,0,0.0,,0,0,0,0,0.0,,0,1,13084,0,0.0,,0,0,0,0,0.0,,0,1,12991,0,0.0
1778951453.3462207,186.0,12992,-42.0,1,,0,0,0,0,0.0,,0,0,0,0,0.0,,0,1,13035,180,186.0,,0,0,0,0,0.0,,1,1,12991,0,0.0,,0,0,0,0,0.0,,1,1,12985,0,0.0,,1,1,12876,0,0.0,,0,1,12980,0,0.0,,0,1,13040,0,0.0,,0,1,13035,0,0.0,,0,1,12974,0,0.0,,0,0,0,0,0.0,,0,1,13035,0,0.0,,0,0,0,0,0.0,,0,1,12947,0,0.0
1778951453.4047575,186.0,12992,-42.0,1,,0,0,0,0,0.0,,0,0,0,0,0.0,,0,1,13056,180,186.0,,0,0,0,0,0.0,,1,1,12991,0,0.0,,0,0,0,0,0.0,,1,1,12985,0,0.0,,1,1,12876,0,0.0,,0,1,12980,0,0.0,,0,1,13040,0,0.0,,0,1,13035,0,0.0,,0,1,12974,0,0.0,,0,0,0,0,0.0,,0,1,13035,0,0.0,,0,0,0,0,0.0,,0,1,12947,0,0.0
1778951453.4564874,186.0,12992,-43.0,1,,0,0,0,0,0.0,,0,0,0,0,0.0,,0,1,13002,190,186.0,,0,0,0,0,0.0,,1,1,13051,0,0.0,,0,0,0,0,0.0,,1,1,13067,0,0.0,,1,1,13013,0,0.0,,0,1,13056,0,0.0,,0,1,13056,0,0.0,,0,1,12947,0,0.0,,0,1,12870,0,0.0,,0,0,0,0,0.0,,0,1,13062,0,0.0,,0,0,0,0,0.0,,0,1,13002,0,0.0
1778951453.5087836,184.0,12980,-43.0,1,,0,0,0,0,0.0,,0,0,0,0,0.0,,0,1,13013,180,184.0,,0,0,0,0,0.0,,1,1,13035,0,0.0,,0,0,0,0,0.0,,1,1,13029,0,0.0,,1,1,13040,0,0.0,,0,1,13013,0,0.0,,0,1,13029,0,0.0,,0,1,13051,0,0.0,,0,1,12963,0,0.0,,0,0,0,0,0.0,,0,1,13013,0,0.0,,0,0,0,0,0.0,,0,1,13013,0,0.0
1778951453.559497,180.0,13005,-43.0,1,,0,0,0,0,0.0,,0,0,0,0,0.0,,0,1,12925,170,180.0,,0,0,0,0,0.0,,1,1,13062,0,0.0,,0,0,0,0,0.0,,1,1,13051,0,0.0,,1,1,12942,0,0.0,,0,1,13013,0,0.0,,0,1,13056,0,0.0,,0,1,13029,0,0.0,,0,1,13007,0,0.0,,0,0,0,0,0.0,,0,1,12920,0,0.0,,0,0,0,0,0.0,,0,1,13018,0,0.0
1778951453.6258657,182.0,13042,-42.0,1,,0,0,0,0,0.0,,0,0,0,0,0.0,,0,1,12980,190,182.0,,0,0,0,0,0.0,,1,1,13029,0,0.0,,0,0,0,0,0.0,,1,1,13002,0,0.0,,1,1,12974,0,0.0,,0,1,13045,0,0.0,,0,1,13056,0,0.0,,0,1,13051,0,0.0,,0,1,12925,0,0.0,,0,0,0,0,0.0,,0,1,12991,0,0.0,,0,0,0,0,0.0,,0,1,13056,0,0.0
1778951453.6769655,182.5,13042,-42.0,1,,0,0,0,0,0.0,,0,0,0,0,0.0,,0,1,12898,190,182.5,,0,0,0,0,0.0,,1,1,13051,0,0.0,,0,0,0,0,0.0,,1,1,12991,0,0.0,,1,1,12903,0,0.0,,0,1,12996,0,0.0,,0,1,13013,0,0.0,,0,1,13002,0,0.0,,0,1,13035,0,0.0,,0,0,0,0,0.0,,0,1,13056,0,0.0,,0,0,0,0,0.0,,0,1,12942,0,0.0
1778951453.7331474,186.0,13036,-44.0,1,,0,0,0,0,0.0,,0,0,0,0,0.0,,0,1,12942,190,186.0,,0,0,0,0,0.0,,1,1,13007,0,0.0,,0,0,0,0,0.0,,1,1,13040,0,0.0,,1,1,12925,0,0.0,,0,1,12876,0,0.0,,0,1,12969,0,0.0,,0,1,13018,0,0.0,,0,1,13018,0,0.0,,0,0,0,0,0.0,,0,1,13078,0,0.0,,0,0,0,0,0.0,,0,1,12969,0,0.0
1778951453.7840116,186.0,13036,-44.0,1,,0,0,0,0,0.0,,0,0,0,0,0.0,,0,1,13007,190,186.0,,0,0,0,0,0.0,,1,1,13013,0,0.0,,0,0,0,0,0.0,,1,1,13002,0,0.0,,1,1,12974,0,0.0,,0,1,12876,0,0.0,,0,1,12969,0,0.0,,0,1,13018,0,0.0,,0,1,13018,0,0.0,,0,0,0,0,0.0,,0,1,13078,0,0.0,,0,0,0,0,0.0,,0,1,12969,0,0.0
1778951453.834288,190.0,13042,-43.0,1,,0,0,0,0,0.0,,0,0,0,0,0.0,,0,1,13067,190,190.0,,0,0,0,0,0.0,,1,1,12991,0,0.0,,0,0,0,0,0.0,,1,1,13056,0,0.0,,1,1,13007,0,0.0,,0,1,12991,0,0.0,,0,1,13013,0,0.0,,0,1,13040,0,0.0,,0,1,13018,0,0.0,,0,0,0,0,0.0,,0,1,13084,0,0.0,,0,0,0,0,0.0,,0,1,12876,0,0.0
1778951453.8982306,188.0,13005,-42.0,1,,0,0,0,0,0.0,,0,0,0,0,0.0,,0,1,13007,180,188.0,,0,0,0,0,0.0,,1,1,13051,0,0.0,,0,0,0,0,0.0,,1,1,12969,0,0.0,,1,1,12974,0,0.0,,0,1,13056,0,0.0,,0,1,13045,0,0.0,,0,1,12947,0,0.0,,0,1,12909,0,0.0,,0,0,0,0,0.0,,0,1,13073,0,0.0,,0,0,0,0,0.0,,0,1,12991,0,0.0
1778951453.9488442,188.0,13005,-42.0,1,,0,0,0,0,0.0,,0,0,0,0,0.0,,0,1,13073,180,188.0,,0,0,0,0,0.0,,1,1,13051,0,0.0,,0,0,0,0,0.0,,1,1,12969,0,0.0,,1,1,12974,0,0.0,,0,1,13056,0,0.0,,0,1,13045,0,0.0,,0,1,12947,0,0.0,,0,1,12909,0,0.0,,0,0,0,0,0.0,,0,1,13073,0,0.0,,0,0,0,0,0.0,,0,1,12991,0,0.0
1778951453.9992938,182.0,13005,-42.0,1,,0,0,0,0,0.0,,0,0,0,0,0.0,,0,1,13013,180,182.0,,0,0,0,0,0.0,,1,1,13029,0,0.0,,0,0,0,0,0.0,,1,1,13018,0,0.0,,1,1,12974,0,0.0,,0,1,13013,0,0.0,,0,1,13062,0,0.0,,0,1,13056,0,0.0,,0,1,13002,0,0.0,,0,0,0,0,0.0,,0,1,12985,0,0.0,,0,0,0,0,0.0,,0,1,13013,0,0.0
1778951454.067638,182.0,13023,-43.0,1,,0,0,0,0,0.0,,0,0,0,0,0.0,,0,1,12974,190,182.0,,0,0,0,0,0.0,,1,1,13007,0,0.0,,0,0,0,0,0.0,,1,1,13073,0,0.0,,1,1,12947,0,0.0,,0,1,13035,0,0.0,,0,1,13084,0,0.0,,0,1,12991,0,0.0,,0,1,12991,0,0.0,,0,0,0,0,0.0,,0,1,13056,0,0.0,,0,0,0,0,0.0,,0,1,12947,0,0.0
1778951454.1258836,180.0,13023,-43.0,1,,0,0,0,0,0.0,,0,0,0,0,0.0,,0,1,13002,180,180.0,,0,0,0,0,0.0,,1,1,13056,0,0.0,,0,0,0,0,0.0,,1,1,13056,0,0.0,,1,1,13040,0,0.0,,0,1,13073,0,0.0,,0,1,13056,0,0.0,,0,1,12985,0,0.0,,0,1,12854,0,0.0,,0,0,0,0,0.0,,0,1,13040,0,0.0,,0,0,0,0,0.0,,0,1,13002,0,0.0
1778951454.1837337,178.3,13023,-43.0,1,,0,0,0,0,0.0,,0,0,0,0,0.0,,0,1,13007,180,178.3,,0,0,0,0,0.0,,1,1,12914,0,0.0,,0,0,0,0,0.0,,1,1,13029,0,0.0,,1,1,12876,0,0.0,,0,1,12952,0,0.0,,0,1,13013,0,0.0,,0,1,13051,0,0.0,,0,1,13035,0,0.0,,0,0,0,0,0.0,,0,1,13035,0,0.0,,0,0,0,0,0.0,,0,1,12969,0,0.0
1778951454.2384353,178.3,13023,-43.0,1,,0,0,0,0,0.0,,0,0,0,0,0.0,,0,1,12969,180,178.3,,0,0,0,0,0.0,,1,1,13007,0,0.0,,0,0,0,0,0.0,,1,1,12991,0,0.0,,1,1,12963,0,0.0,,0,1,12952,0,0.0,,0,1,13013,0,0.0,,0,1,13051,0,0.0,,0,1,13035,0,0.0,,0,0,0,0,0.0,,0,1,13035,0,0.0,,0,0,0,0,0.0,,0,1,12969,0,0.0
1778951454.298365,182.0,13048,-43.0,1,,0,0,0,0,0.0,,0,0,0,0,0.0,,0,1,13051,190,182.0,,0,0,0,0,0.0,,1,1,12974,0,0.0,,0,0,0,0,0.0,,1,1,13013,0,0.0,,1,1,13002,0,0.0,,0,1,13013,0,0.0,,0,1,13040,0,0.0,,0,1,13035,0,0.0,,0,1,13035,0,0.0,,0,0,0,0,0.0,,0,1,13007,0,0.0,,0,0,0,0,0.0,,0,1,12947,0,0.0
1778951454.3511972,181.7,13029,-43.0,1,,0,0,0,0,0.0,,0,0,0,0,0.0,,0,1,13035,180,181.7,,0,0,0,0,0.0,,1,1,12898,0,0.0,,0,0,0,0,0.0,,1,1,13013,0,0.0,,1,1,13035,0,0.0,,0,1,13029,0,0.0,,0,1,13040,0,0.0,,0,1,12887,0,0.0,,0,1,12947,0,0.0,,0,0,0,0,0.0,,0,1,13067,0,0.0,,0,0,0,0,0.0,,0,1,13073,0,0.0
1778951454.402589,185.0,13036,-43.0,1,,0,0,0,0,0.0,,0,0,0,0,0.0,,0,1,13040,180,185.0,,0,0,0,0,0.0,,1,1,13084,0,0.0,,0,0,0,0,0.0,,1,1,12952,0,0.0,,1,1,12898,0,0.0,,0,1,12963,0,0.0,,0,1,13040,0,0.0,,0,1,13002,0,0.0,,0,1,13045,0,0.0,,0,0,0,0,0.0,,0,1,13078,0,0.0,,0,0,0,0,0.0,,0,1,12909,0,0.0
1778951454.457195,216.0,8678,-43.0,1,,0,0,0,0,0.0,,0,0,0,0,0.0,,0,1,9091,340,216.0,,0,0,0,0,0.0,,1,1,8998,0,0.0,,0,0,0,0,0.0,,1,1,9134,0,0.0,,1,1,9085,0,0.0,,0,1,9113,0,0.0,,0,1,9134,0,0.0,,0,1,8954,0,0.0,,0,1,8817,0,0.0,,0,0,0,0,0.0,,0,1,8784,0,0.0,,0,0,0,0,0.0,,0,1,8855,0,0.0
1778951454.508853,216.0,8678,-43.0,1,,0,0,0,0,0.0,,0,0,0,0,0.0,,0,1,9452,340,216.0,,0,0,0,0,0.0,,1,1,9610,0,0.0,,0,0,0,0,0.0,,1,1,9495,0,0.0,,1,1,9545,0,0.0,,0,1,9113,0,0.0,,0,1,9134,0,0.0,,0,1,8954,0,0.0,,0,1,8817,0,0.0,,0,0,0,0,0.0,,0,1,8784,0,0.0,,0,0,0,0,0.0,,0,1,8855,0,0.0
1778951454.559894,310.0,7687,-44.0,1,,0,0,0,0,0.0,,0,0,0,0,0.0,,0,1,7756,410,310.0,,0,0,0,0,0.0,,1,1,7772,0,0.0,,0,0,0,0,0.0,,1,1,7767,0,0.0,,1,1,7794,0,0.0,,0,1,7800,0,0.0,,0,1,7783,0,0.0,,0,1,7740,0,0.0,,0,1,7685,0,0.0,,0,0,0,0,0.0,,0,1,7843,0,0.0,,0,0,0,0,0.0,,0,1,7783,0,0.0
1778951454.6114244,332.0,7657,-42.0,1,,0,0,0,0,0.0,,0,0,0,0,0.0,,0,1,8002,420,332.0,,0,0,0,0,0.0,,1,1,8095,0,0.0,,0,0,0,0,0.0,,1,1,8112,0,0.0,,1,1,8068,0,0.0,,0,1,8122,0,0.0,,0,1,8139,0,0.0,,0,1,8106,0,0.0,,0,1,8046,0,0.0,,0,0,0,0,0.0,,0,1,7975,0,0.0,,0,0,0,0,0.0,,0,1,8024,0,0.0
1778951454.6632478,402.5,7657,-42.0,1,,0,0,0,0,0.0,,0,0,0,0,0.0,,0,1,7565,470,402.5,,0,0,0,0,0.0,,1,1,7641,0,0.0,,0,0,0,0,0.0,,1,1,7658,0,0.0,,1,1,7630,0,0.0,,0,1,7647,0,0.0,,0,1,7707,0,0.0,,0,1,7663,0,0.0,,0,1,7608,0,0.0,,0,0,0,0,0.0,,0,1,7581,0,0.0,,0,0,0,0,0.0,,0,1,7614,0,0.0
1778951454.7135758,411.7,7681,-43.0,1,,0,0,0,0,0.0,,0,0,0,0,0.0,,0,1,7663,430,411.7,,0,0,0,0,0.0,,1,1,7679,0,0.0,,0,0,0,0,0.0,,1,1,7794,0,0.0,,1,1,7718,0,0.0,,0,1,7707,0,0.0,,0,1,7772,0,0.0,,0,1,7767,0,0.0,,0,1,7745,0,0.0,,0,0,0,0,0.0,,0,1,7723,0,0.0,,0,0,0,0,0.0,,0,1,7592,0,0.0
1778951454.7736704,411.7,7737,-43.0,1,,0,0,0,0,0.0,,0,0,0,0,0.0,,0,1,7663,430,411.7,,0,0,0,0,0.0,,1,1,7679,0,0.0,,0,0,0,0,0.0,,1,1,7794,0,0.0,,1,1,7718,0,0.0,,0,1,7707,0,0.0,,0,1,7772,0,0.0,,0,1,7767,0,0.0,,0,1,7745,0,0.0,,0,0,0,0,0.0,,0,1,7723,0,0.0,,0,0,0,0,0.0,,0,1,7592,0,0.0
1778951454.8245807,440.0,8096,-42.0,1,,0,0,0,0,0.0,,0,0,0,0,0.0,,0,1,8112,430,440.0,,0,0,0,0,0.0,,1,1,8057,0,0.0,,0,0,0,0,0.0,,1,1,8101,0,0.0,,1,1,8084,0,0.0,,0,1,8150,0,0.0,,0,1,8150,0,0.0,,0,1,8177,0,0.0,,0,1,8199,0,0.0,,0,0,0,0,0.0,,0,1,8161,0,0.0,,0,0,0,0,0.0,,0,1,8084,0,0.0
1778951454.8755608,440.0,8096,-42.0,1,,0,0,0,0,0.0,,0,0,0,0,0.0,,0,1,8112,430,440.0,,0,0,0,0,0.0,,1,1,8057,0,0.0,,0,0,0,0,0.0,,1,1,8101,0,0.0,,1,1,8084,0,0.0,,0,1,8150,0,0.0,,0,1,8150,0,0.0,,0,1,8177,0,0.0,,0,1,8199,0,0.0,,0,0,0,0,0.0,,0,1,8161,0,0.0,,0,0,0,0,0.0,,0,1,8084,0,0.0
1778951454.9265454,440.0,8096,-42.0,1,,0,0,0,0,0.0,,0,0,0,0,0.0,,0,1,9474,430,440.0,,0,0,0,0,0.0,,1,1,9381,0,0.0,,0,0,0,0,0.0,,1,1,9189,0,0.0,,1,1,9364,0,0.0,,0,1,9320,0,0.0,,0,1,9359,0,0.0,,0,1,9359,0,0.0,,0,1,9419,0,0.0,,0,0,0,0,0.0,,0,1,8161,0,0.0,,0,0,0,0,0.0,,0,1,8084,0,0.0
1778951454.9775069,382.0,10523,-44.0,1,,0,0,0,0,0.0,,0,0,0,0,0.0,,0,1,10562,310,382.0,,0,0,0,0,0.0,,1,1,10524,0,0.0,,0,0,0,0,0.0,,1,1,10518,0,0.0,,1,1,10513,0,0.0,,0,1,10513,0,0.0,,0,1,10469,0,0.0,,0,1,10321,0,0.0,,0,1,10321,0,0.0,,0,0,0,0,0.0,,0,1,10524,0,0.0,,0,0,0,0,0.0,,0,1,10535,0,0.0
1778951455.027992,382.0,10523,-44.0,1,,0,0,0,0,0.0,,0,0,0,0,0.0,,0,1,10562,310,382.0,,0,0,0,0,0.0,,1,1,10524,0,0.0,,0,0,0,0,0.0,,1,1,10518,0,0.0,,1,1,10513,0,0.0,,0,1,10513,0,0.0,,0,1,10469,0,0.0,,0,1,10321,0,0.0,,0,1,10321,0,0.0,,0,0,0,0,0.0,,0,1,10524,0,0.0,,0,0,0,0,0.0,,0,1,10535,0,0.0
1778951455.078601,322.5,10523,-44.0,1,,0,0,0,0,0.0,,0,0,0,0,0.0,,0,1,11443,250,322.5,,0,0,0,0,0.0,,1,1,11361,0,0.0,,0,1,11322,0,0.0,,1,1,11426,0,0.0,,1,1,11339,0,0.0,,0,1,11262,0,0.0,,0,1,11301,0,0.0,,0,1,11421,0,0.0,,0,1,11426,0,0.0,,0,0,0,0,0.0,,0,1,11415,0,0.0,,0,0,0,0,0.0,,0,1,11290,0,0.0
1778951455.139986,2171.7,11470,-43.0,1,,0,0,0,0,0.0,,0,0,0,0,0.0,,0,1,11421,250,293.3,,0,0,0,0,0.0,,1,1,11558,0,0.0,,0,1,11508,3540,1878.3,,1,1,11497,0,0.0,,1,1,11383,0,0.0,,0,1,11426,0,0.0,,0,1,11410,0,0.0,,0,1,11372,0,0.0,,0,1,11339,0,0.0,,0,0,0,0,0.0,,0,1,11492,0,0.0,,0,0,0,0,0.0,,0,1,11492,0,0.0
1778951455.1940708,2171.7,11470,-43.0,1,,0,0,0,0,0.0,,0,0,0,0,0.0,,0,1,11787,250,293.3,,0,0,0,0,0.0,,1,1,11886,0,0.0,,0,1,11897,3540,1878.3,,1,1,11804,0,0.0,,1,1,11842,0,0.0,,0,1,11426,0,0.0,,0,1,11410,0,0.0,,0,1,11372,0,0.0,,0,1,11339,0,0.0,,0,0,0,0,0.0,,0,1,11492,0,0.0,,0,0,0,0,0.0,,0,1,11492,0,0.0
1778951455.2449775,3858.0,10510,-42.0,1,,0,0,0,0,0.0,,0,0,0,0,0.0,,0,1,10327,280,254.0,,0,0,0,0,0.0,,1,1,10562,0,0.0,,0,1,10628,3130,3604.0,,1,1,10617,0,0.0,,1,1,10365,0,0.0,,0,1,11585,0,0.0,,0,1,11634,0,0.0,,0,1,11629,0,0.0,,0,1,11536,0,0.0,,0,0,0,0,0.0,,0,1,11563,0,0.0,,0,0,0,0,0.0,,0,1,11541,0,0.0
1778951455.308319,3825.0,11389,-42.0,1,,0,0,0,0,0.0,,0,0,0,0,0.0,,0,1,11333,180,241.7,,0,0,0,0,0.0,,1,1,11519,0,0.0,,0,1,11525,3480,3583.3,,1,1,11470,0,0.0,,1,1,11465,0,0.0,,0,1,11487,0,0.0,,0,1,11558,0,0.0,,0,1,11487,0,0.0,,0,1,11492,0,0.0,,0,0,0,0,0.0,,0,1,11355,0,0.0,,0,0,0,0,0.0,,0,1,11508,0,0.0
1778951455.3612387,3830.8,11389,-42.0,1,,0,0,0,0,0.0,,0,0,0,0,0.0,,0,1,11404,260,247.5,,0,0,0,0,0.0,,1,1,11306,0,0.0,,0,1,11339,3480,3583.3,,1,1,11372,0,0.0,,1,1,11437,0,0.0,,0,1,11404,0,0.0,,0,1,11328,0,0.0,,0,1,11284,0,0.0,,0,1,11333,0,0.0,,0,0,0,0,0.0,,0,1,11448,0,0.0,,0,0,0,0,0.0,,0,1,11426,0,0.0
1778951455.4119902,3718.0,11785,-44.0,1,,0,0,0,0,0.0,,0,0,0,0,0.0,,0,1,11968,240,246.0,,0,0,0,0,0.0,,1,1,11908,0,0.0,,0,1,11875,3550,3472.0,,1,1,11984,0,0.0,,1,1,11924,0,0.0,,0,1,11908,0,0.0,,0,1,11990,0,0.0,,0,1,11891,0,0.0,,0,1,11869,0,0.0,,0,0,0,0,0.0,,0,1,11973,0,0.0,,0,0,0,0,0.0,,0,1,12012,0,0.0
1778951455.4625266,3728.3,11921,-42.0,1,,0,0,0,0,0.0,,0,0,0,0,0.0,,0,1,11968,250,246.7,,0,0,0,0,0.0,,1,1,11908,0,0.0,,0,1,11875,3530,3481.7,,1,1,11984,0,0.0,,1,1,11924,0,0.0,,0,1,11908,0,0.0,,0,1,11990,0,0.0,,0,1,11891,0,0.0,,0,1,11869,0,0.0,,0,0,0,0,0.0,,0,1,11973,0,0.0,,0,0,0,0,0.0,,0,1,12012,0,0.0
1778951455.5136929,3719.2,11921,-42.0,1,,0,0,0,0,0.0,,0,0,0,0,0.0,,0,1,11908,200,237.5,,0,0,0,0,0.0,,1,1,11908,0,0.0,,0,1,11837,3530,3481.7,,1,1,11908,0,0.0,,1,1,11869,0,0.0,,0,1,11875,0,0.0,,0,1,11919,0,0.0,,0,1,11979,0,0.0,,0,1,11984,0,0.0,,0,0,0,0,0.0,,0,1,11990,0,0.0,,0,0,0,0,0.0,,0,1,11875,0,0.0
1778951455.5653307,3728.0,10343,-43.0,1,,0,0,0,0,0.0,,0,0,0,0,0.0,,0,1,10715,310,252.0,,0,0,0,0,0.0,,1,1,10578,0,0.0,,0,1,10507,3140,3476.0,,1,1,10584,0,0.0,,1,1,10453,0,0.0,,0,1,10502,0,0.0,,0,1,10600,0,0.0,,0,1,10568,0,0.0,,0,1,10458,0,0.0,,0,0,0,0,0.0,,0,1,10475,0,0.0,,0,0,0,0,0.0,,0,1,10502,0,0.0
1778951455.6193547,3752.0,11439,-42.0,1,,0,0,0,0,0.0,,0,0,0,0,0.0,,0,1,11547,250,250.0,,0,0,0,0,0.0,,1,1,11547,0,0.0,,0,1,11574,3710,3502.0,,1,1,11448,0,0.0,,1,1,11476,0,0.0,,0,1,11104,0,0.0,,0,1,11065,0,0.0,,0,1,11109,0,0.0,,0,1,11257,0,0.0,,0,0,0,0,0.0,,0,1,11333,0,0.0,,0,0,0,0,0.0,,0,1,11136,0,0.0
1778951455.6795094,3782.0,11878,-45.0,1,,0,0,0,0,0.0,,0,0,0,0,0.0,,0,1,11842,250,252.0,,0,0,0,0,0.0,,1,1,11935,0,0.0,,0,1,11913,3610,3530.0,,1,1,11782,0,0.0,,1,1,11880,0,0.0,,0,1,11798,0,0.0,,0,1,11787,0,0.0,,0,1,11787,0,0.0,,0,1,11858,0,0.0,,0,0,0,0,0.0,,0,1,11902,0,0.0,,0,0,0,0,0.0,,0,1,11722,0,0.0
1778951455.739681,3758.0,11940,-43.0,1,,0,0,0,0,0.0,,0,0,0,0,0.0,,0,1,11848,200,252.0,,0,0,0,0,0.0,,1,1,11837,0,0.0,,0,1,11951,3460,3506.0,,1,1,11837,0,0.0,,1,1,11771,0,0.0,,0,1,11869,0,0.0,,0,1,11891,0,0.0,,0,1,11924,0,0.0,,0,1,11891,0,0.0,,0,0,0,0,0.0,,0,1,11946,0,0.0,,0,0,0,0,0.0,,0,1,11995,0,0.0
1778951455.7908716,3758.0,11940,-43.0,1,,0,0,0,0,0.0,,0,0,0,0,0.0,,0,1,11848,200,252.0,,0,0,0,0,0.0,,1,1,11837,0,0.0,,0,1,11951,3460,3506.0,,1,1,11837,0,0.0,,1,1,11771,0,0.0,,0,1,11869,0,0.0,,0,1,11891,0,0.0,,0,1,11924,0,0.0,,0,1,11891,0,0.0,,0,0,0,0,0.0,,0,1,11946,0,0.0,,0,0,0,0,0.0,,0,1,11995,0,0.0
1778951455.8485394,3554.0,9780,-43.0,1,,0,0,0,0,0.0,,0,0,0,0,0.0,,0,1,9468,260,230.0,,0,0,0,0,0.0,,1,1,9299,0,0.0,,0,1,9468,2330,3324.0,,1,1,9610,0,0.0,,1,1,9299,0,0.0,,0,1,9342,0,0.0,,0,1,9375,0,0.0,,0,1,9408,0,0.0,,0,1,9512,0,0.0,,0,0,0,0,0.0,,0,1,9605,0,0.0,,0,0,0,0,0.0,,0,1,9342,0,0.0
1778951455.9066024,3554.0,9780,-43.0,1,,0,0,0,0,0.0,,0,0,0,0,0.0,,0,1,8281,260,230.0,,0,0,0,0,0.0,,1,1,8150,0,0.0,,0,1,8155,2330,3324.0,,1,1,8390,0,0.0,,1,1,8380,0,0.0,,0,1,8363,0,0.0,,0,1,8297,0,0.0,,0,1,8265,0,0.0,,0,1,8297,0,0.0,,0,0,0,0,0.0,,0,1,8297,0,0.0,,0,0,0,0,0.0,,0,1,8210,0,0.0
1778951455.9674916,3646.0,10201,-43.0,1,,0,0,0,0,0.0,,0,0,0,0,0.0,,0,1,9999,310,312.0,,0,0,0,0,0.0,,1,1,9906,0,0.0,,0,1,9796,3430,3334.0,,1,1,10015,0,0.0,,1,1,9993,0,0.0,,0,1,10042,0,0.0,,0,1,10031,0,0.0,,0,1,9906,0,0.0,,0,1,9867,0,0.0,,0,0,0,0,0.0,,0,1,10092,0,0.0,,0,0,0,0,0.0,,0,1,9977,0,0.0
1778951456.0189197,3646.0,10201,-43.0,1,,0,0,0,0,0.0,,0,0,0,0,0.0,,0,1,9999,310,312.0,,0,0,0,0,0.0,,1,1,9906,0,0.0,,0,1,9796,3430,3334.0,,1,1,10015,0,0.0,,1,1,9993,0,0.0,,0,1,10042,0,0.0,,0,1,10031,0,0.0,,0,1,9906,0,0.0,,0,1,9867,0,0.0,,0,0,0,0,0.0,,0,1,10092,0,0.0,,0,0,0,0,0.0,,0,1,9977,0,0.0
1778951456.071561,3676.5,10201,-43.0,1,,0,0,0,0,0.0,,0,0,0,0,0.0,,0,1,11011,260,342.5,,0,0,0,0,0.0,,1,1,11153,0,0.0,,0,1,11136,3430,3334.0,,1,1,11038,0,0.0,,1,1,11087,0,0.0,,0,1,11038,0,0.0,,0,1,10994,0,0.0,,0,1,11038,0,0.0,,0,1,11016,0,0.0,,0,0,0,0,0.0,,0,1,11169,0,0.0,,0,0,0,0,0.0,,0,1,11011,0,0.0
1778951456.1239066,3925.0,11302,-43.0,1,,0,0,0,0,0.0,,0,0,0,0,0.0,,0,1,11722,210,306.7,,0,0,0,0,0.0,,1,1,11711,0,0.0,,0,1,11716,3580,3560.0,,1,1,11678,0,58.3,,1,1,11694,0,0.0,,0,1,11541,0,0.0,,0,1,11563,0,0.0,,0,1,11541,0,0.0,,0,1,11519,0,0.0,,0,0,0,0,0.0,,0,1,11459,0,0.0,,0,0,0,0,0.0,,0,1,11585,0,0.0
1778951456.1749802,3925.0,11711,-43.0,1,,0,0,0,0,0.0,,0,0,0,0,0.0,,0,1,11519,210,306.7,,0,0,0,0,0.0,,1,1,11711,0,0.0,,0,1,11716,3580,3560.0,,1,1,11678,0,58.3,,1,1,11694,0,0.0,,0,1,11541,0,0.0,,0,1,11563,0,0.0,,0,1,11541,0,0.0,,0,1,11519,0,0.0,,0,0,0,0,0.0,,0,1,11459,0,0.0,,0,0,0,0,0.0,,0,1,11585,0,0.0
1778951456.2258995,3817.5,11711,-43.0,1,,0,0,0,0,0.0,,0,0,0,0,0.0,,0,1,11519,210,235.0,,0,0,0,0,0.0,,1,1,11519,0,0.0,,0,1,11607,3350,3495.0,,1,1,11590,0,87.5,,1,1,11585,0,0.0,,0,1,11853,0,0.0,,0,1,11848,0,0.0,,0,1,11809,0,0.0,,0,1,11804,0,0.0,,0,0,0,0,0.0,,0,1,11848,0,0.0,,0,0,0,0,0.0,,0,1,11837,0,0.0
1778951456.2761893,3793.7,11730,-45.0,1,,0,0,0,0,0.0,,0,0,0,0,0.0,,0,1,11645,210,231.7,,0,0,0,0,0.0,,1,1,11716,0,0.0,,0,1,11804,3600,3492.0,,1,1,11716,0,70.0,,1,1,11722,0,0.0,,0,1,11755,0,0.0,,0,1,11793,0,0.0,,0,1,11722,0,0.0,,0,1,11760,0,0.0,,0,0,0,0,0.0,,0,1,11858,0,0.0,,0,0,0,0,0.0,,0,1,11662,0,0.0
1778951456.3319314,3793.7,11730,-45.0,1,,0,0,0,0,0.0,,0,0,0,0,0.0,,0,1,11645,210,231.7,,0,0,0,0,0.0,,1,1,11716,0,0.0,,0,1,11804,3600,3492.0,,1,1,11716,0,70.0,,1,1,11722,0,0.0,,0,1,11755,0,0.0,,0,1,11793,0,0.0,,0,1,11722,0,0.0,,0,1,11760,0,0.0,,0,0,0,0,0.0,,0,1,11858,0,0.0,,0,0,0,0,0.0,,0,1,11662,0,0.0
1778951456.3840094,3580.0,10962,-45.0,1,,0,0,0,0,0.0,,0,0,0,0,0.0,,0,1,11005,270,232.0,,0,0,0,0,0.0,,1,1,11038,0,0.0,,0,1,11071,3690,3348.0,,1,1,11060,0,0.0,,1,1,11076,0,0.0,,0,1,11093,0,0.0,,0,1,11027,0,0.0,,0,1,11032,0,0.0,,0,1,11027,0,0.0,,0,0,0,0,0.0,,0,1,11147,0,0.0,,0,0,0,0,0.0,,0,1,11065,0,0.0
1778951456.436085,3580.0,10962,-45.0,1,,0,0,0,0,0.0,,0,0,0,0,0.0,,0,1,11678,270,232.0,,0,0,0,0,0.0,,1,1,11038,0,0.0,,0,1,11071,3690,3348.0,,1,1,11060,0,0.0,,1,1,11076,0,0.0,,0,1,11093,0,0.0,,0,1,11027,0,0.0,,0,1,11032,0,0.0,,0,1,11027,0,0.0,,0,0,0,0,0.0,,0,1,11147,0,0.0,,0,0,0,0,0.0,,0,1,11065,0,0.0
1778951456.4866197,3540.0,11618,-44.0,1,,0,0,0,0,0.0,,0,0,0,0,0.0,,0,1,11678,240,246.7,,0,0,0,0,0.0,,1,1,11574,0,0.0,,0,1,11579,3520,3293.3,,1,1,11574,0,0.0,,1,1,11678,0,0.0,,0,1,11744,0,0.0,,0,1,11700,0,0.0,,0,1,11629,0,0.0,,0,1,11465,0,0.0,,0,0,0,0,0.0,,0,1,11672,0,0.0,,0,0,0,0,0.0,,0,1,11733,0,0.0
1778951456.5373147,3595.0,11878,-44.0,1,,0,0,0,0,0.0,,0,0,0,0,0.0,,0,1,11727,200,235.0,,0,0,0,0,0.0,,1,1,11722,0,0.0,,0,1,11776,3560,3360.0,,1,1,11787,0,0.0,,1,1,11760,0,0.0,,0,1,11804,0,0.0,,0,1,11880,0,0.0,,0,1,11924,0,0.0,,0,1,11924,0,0.0,,0,0,0,0,0.0,,0,1,11902,0,0.0,,0,0,0,0,0.0,,0,1,11804,0,0.0
1778951456.5918155,3595.0,11878,-44.0,1,,0,0,0,0,0.0,,0,0,0,0,0.0,,0,1,11727,200,235.0,,0,0,0,0,0.0,,1,1,11722,0,0.0,,0,1,11776,3560,3360.0,,1,1,11787,0,0.0,,1,1,11760,0,0.0,,0,1,11804,0,0.0,,0,1,11880,0,0.0,,0,1,11924,0,0.0,,0,1,11924,0,0.0,,0,0,0,0,0.0,,0,1,11902,0,0.0,,0,0,0,0,0.0,,0,1,11804,0,0.0
1778951456.6491601,3595.0,11878,-44.0,1,,0,0,0,0,0.0,,0,0,0,0,0.0,,0,1,11727,200,235.0,,0,0,0,0,0.0,,1,1,11722,0,0.0,,0,1,11776,3560,3360.0,,1,1,11787,0,0.0,,1,1,11760,0,0.0,,0,1,11804,0,0.0,,0,1,11880,0,0.0,,0,1,11924,0,0.0,,0,1,11924,0,0.0,,0,0,0,0,0.0,,0,1,11902,0,0.0,,0,0,0,0,0.0,,0,1,11804,0,0.0
1778951456.7059433,3595.0,11878,-44.0,1,,0,0,0,0,0.0,,0,0,0,0,0.0,,0,1,11727,200,235.0,,0,0,0,0,0.0,,1,1,11722,0,0.0,,0,1,11776,3560,3360.0,,1,1,11787,0,0.0,,1,1,11760,0,0.0,,0,1,11804,0,0.0,,0,1,11880,0,0.0,,0,1,11924,0,0.0,,0,1,11924,0,0.0,,0,0,0,0,0.0,,0,1,11902,0,0.0,,0,0,0,0,0.0,,0,1,11804,0,0.0
1778951456.76971,3595.0,11878,-44.0,1,,0,0,0,0,0.0,,0,0,0,0,0.0,,0,1,11727,200,235.0,,0,0,0,0,0.0,,1,1,11722,0,0.0,,0,1,11776,3560,3360.0,,1,1,11787,0,0.0,,1,1,11760,0,0.0,,0,1,11804,0,0.0,,0,1,11880,0,0.0,,0,1,11924,0,0.0,,0,1,11924,0,0.0,,0,0,0,0,0.0,,0,1,11902,0,0.0,,0,0,0,0,0.0,,0,1,11804,0,0.0
1778951456.826737,3595.0,11878,-44.0,1,,0,0,0,0,0.0,,0,0,0,0,0.0,,0,1,11727,200,235.0,,0,0,0,0,0.0,,1,1,11722,0,0.0,,0,1,11776,3560,3360.0,,1,1,11787,0,0.0,,1,1,11760,0,0.0,,0,1,11804,0,0.0,,0,1,11880,0,0.0,,0,1,11924,0,0.0,,0,1,11924,0,0.0,,0,0,0,0,0.0,,0,1,11902,0,0.0,,0,0,0,0,0.0,,0,1,11804,0,0.0
1778951456.8888674,3595.0,11878,-44.0,1,,0,0,0,0,0.0,,0,0,0,0,0.0,,0,1,11727,200,235.0,,0,0,0,0,0.0,,1,1,11722,0,0.0,,0,1,11776,3560,3360.0,,1,1,11787,0,0.0,,1,1,11760,0,0.0,,0,1,11804,0,0.0,,0,1,11880,0,0.0,,0,1,11924,0,0.0,,0,1,11924,0,0.0,,0,0,0,0,0.0,,0,1,11902,0,0.0,,0,0,0,0,0.0,,0,1,11804,0,0.0
1778951456.9461982,3595.0,11878,-44.0,1,,0,0,0,0,0.0,,0,0,0,0,0.0,,0,1,11727,200,235.0,,0,0,0,0,0.0,,1,1,11722,0,0.0,,0,1,11776,3560,3360.0,,1,1,11787,0,0.0,,1,1,11760,0,0.0,,0,1,11804,0,0.0,,0,1,11880,0,0.0,,0,1,11924,0,0.0,,0,1,11924,0,0.0,,0,0,0,0,0.0,,0,1,11902,0,0.0,,0,0,0,0,0.0,,0,1,11804,0,0.0
1778951457.0033035,3595.0,11878,-44.0,1,,0,0,0,0,0.0,,0,0,0,0,0.0,,0,1,11727,200,235.0,,0,0,0,0,0.0,,1,1,11722,0,0.0,,0,1,11776,3560,3360.0,,1,1,11787,0,0.0,,1,1,11760,0,0.0,,0,1,11804,0,0.0,,0,1,11880,0,0.0,,0,1,11924,0,0.0,,0,1,11924,0,0.0,,0,0,0,0,0.0,,0,1,11902,0,0.0,,0,0,0,0,0.0,,0,1,11804,0,0.0
1778951457.064196,3595.0,11878,-44.0,1,,0,0,0,0,0.0,,0,0,0,0,0.0,,0,1,11727,200,235.0,,0,0,0,0,0.0,,1,1,11722,0,0.0,,0,1,11776,3560,3360.0,,1,1,11787,0,0.0,,1,1,11760,0,0.0,,0,1,11804,0,0.0,,0,1,11880,0,0.0,,0,1,11924,0,0.0,,0,1,11924,0,0.0,,0,0,0,0,0.0,,0,1,11902,0,0.0,,0,0,0,0,0.0,,0,1,11804,0,0.0
1778951457.1237638,3595.0,11878,-44.0,1,,0,0,0,0,0.0,,0,0,0,0,0.0,,0,1,11727,200,235.0,,0,0,0,0,0.0,,1,1,11722,0,0.0,,0,1,11776,3560,3360.0,,1,1,11787,0,0.0,,1,1,11760,0,0.0,,0,1,11804,0,0.0,,0,1,11880,0,0.0,,0,1,11924,0,0.0,,0,1,11924,0,0.0,,0,0,0,0,0.0,,0,1,11902,0,0.0,,0,0,0,0,0.0,,0,1,11804,0,0.0
1778951457.1743357,3595.0,11878,-44.0,1,,0,0,0,0,0.0,,0,0,0,0,0.0,,0,1,11727,200,235.0,,0,0,0,0,0.0,,1,1,11722,0,0.0,,0,1,11776,3560,3360.0,,1,1,11787,0,0.0,,1,1,11760,0,0.0,,0,1,11804,0,0.0,,0,1,11880,0,0.0,,0,1,11924,0,0.0,,0,1,11924,0,0.0,,0,0,0,0,0.0,,0,1,11902,0,0.0,,0,0,0,0,0.0,,0,1,11804,0,0.0
1778951457.227492,3595.0,11878,-44.0,1,,0,0,0,0,0.0,,0,0,0,0,0.0,,0,1,11727,200,235.0,,0,0,0,0,0.0,,1,1,11722,0,0.0,,0,1,11776,3560,3360.0,,1,1,11787,0,0.0,,1,1,11760,0,0.0,,0,1,11804,0,0.0,,0,1,11880,0,0.0,,0,1,11924,0,0.0,,0,1,11924,0,0.0,,0,0,0,0,0.0,,0,1,11902,0,0.0,,0,0,0,0,0.0,,0,1,11804,0,0.0
1778951457.2791471,3595.0,11878,-44.0,1,,0,0,0,0,0.0,,0,0,0,0,0.0,,0,1,11727,200,235.0,,0,0,0,0,0.0,,1,1,11722,0,0.0,,0,1,11776,3560,3360.0,,1,1,11787,0,0.0,,1,1,11760,0,0.0,,0,1,11804,0,0.0,,0,1,11880,0,0.0,,0,1,11924,0,0.0,,0,1,11924,0,0.0,,0,0,0,0,0.0,,0,1,11902,0,0.0,,0,0,0,0,0.0,,0,1,11804,0,0.0
1778951457.330987,3595.0,11878,-44.0,1,,0,0,0,0,0.0,,0,0,0,0,0.0,,0,1,11727,200,235.0,,0,0,0,0,0.0,,1,1,11722,0,0.0,,0,1,11776,3560,3360.0,,1,1,11787,0,0.0,,1,1,11760,0,0.0,,0,1,11804,0,0.0,,0,1,11880,0,0.0,,0,1,11924,0,0.0,,0,1,11924,0,0.0,,0,0,0,0,0.0,,0,1,11902,0,0.0,,0,0,0,0,0.0,,0,1,11804,0,0.0
1778951457.388837,3595.0,11878,-44.0,1,,0,0,0,0,0.0,,0,0,0,0,0.0,,0,1,11727,200,235.0,,0,0,0,0,0.0,,1,1,11722,0,0.0,,0,1,11776,3560,3360.0,,1,1,11787,0,0.0,,1,1,11760,0,0.0,,0,1,11804,0,0.0,,0,1,11880,0,0.0,,0,1,11924,0,0.0,,0,1,11924,0,0.0,,0,0,0,0,0.0,,0,1,11902,0,0.0,,0,0,0,0,0.0,,0,1,11804,0,0.0
1778951457.4389987,3595.0,11878,-44.0,1,,0,0,0,0,0.0,,0,0,0,0,0.0,,0,1,11727,200,235.0,,0,0,0,0,0.0,,1,1,11722,0,0.0,,0,1,11776,3560,3360.0,,1,1,11787,0,0.0,,1,1,11760,0,0.0,,0,1,11804,0,0.0,,0,1,11880,0,0.0,,0,1,11924,0,0.0,,0,1,11924,0,0.0,,0,0,0,0,0.0,,0,1,11902,0,0.0,,0,0,0,0,0.0,,0,1,11804,0,0.0
1778951457.501739,3595.0,11878,-44.0,1,,0,0,0,0,0.0,,0,0,0,0,0.0,,0,1,11727,200,235.0,,0,0,0,0,0.0,,1,1,11722,0,0.0,,0,1,11776,3560,3360.0,,1,1,11787,0,0.0,,1,1,11760,0,0.0,,0,1,11804,0,0.0,,0,1,11880,0,0.0,,0,1,11924,0,0.0,,0,1,11924,0,0.0,,0,0,0,0,0.0,,0,1,11902,0,0.0,,0,0,0,0,0.0,,0,1,11804,0,0.0
1778951457.5564795,3595.0,11878,-44.0,1,,0,0,0,0,0.0,,0,0,0,0,0.0,,0,1,11727,200,235.0,,0,0,0,0,0.0,,1,1,11722,0,0.0,,0,1,11776,3560,3360.0,,1,1,11787,0,0.0,,1,1,11760,0,0.0,,0,1,11804,0,0.0,,0,1,11880,0,0.0,,0,1,11924,0,0.0,,0,1,11924,0,0.0,,0,0,0,0,0.0,,0,1,11902,0,0.0,,0,0,0,0,0.0,,0,1,11804,0,0.0
1778951457.6214006,3595.0,11878,-44.0,1,,0,0,0,0,0.0,,0,0,0,0,0.0,,0,1,11727,200,235.0,,0,0,0,0,0.0,,1,1,11722,0,0.0,,0,1,11776,3560,3360.0,,1,1,11787,0,0.0,,1,1,11760,0,0.0,,0,1,11804,0,0.0,,0,1,11880,0,0.0,,0,1,11924,0,0.0,,0,1,11924,0,0.0,,0,0,0,0,0.0,,0,1,11902,0,0.0,,0,0,0,0,0.0,,0,1,11804,0,0.0
1778951457.6725175,3595.0,11878,-44.0,1,,0,0,0,0,0.0,,0,0,0,0,0.0,,0,1,11727,200,235.0,,0,0,0,0,0.0,,1,1,11722,0,0.0,,0,1,11776,3560,3360.0,,1,1,11787,0,0.0,,1,1,11760,0,0.0,,0,1,11804,0,0.0,,0,1,11880,0,0.0,,0,1,11924,0,0.0,,0,1,11924,0,0.0,,0,0,0,0,0.0,,0,1,11902,0,0.0,,0,0,0,0,0.0,,0,1,11804,0,0.0
1778951457.738576,3595.0,11878,-44.0,1,,0,0,0,0,0.0,,0,0,0,0,0.0,,0,1,11727,200,235.0,,0,0,0,0,0.0,,1,1,11722,0,0.0,,0,1,11776,3560,3360.0,,1,1,11787,0,0.0,,1,1,11760,0,0.0,,0,1,11804,0,0.0,,0,1,11880,0,0.0,,0,1,11924,0,0.0,,0,1,11924,0,0.0,,0,0,0,0,0.0,,0,1,11902,0,0.0,,0,0,0,0,0.0,,0,1,11804,0,0.0
1778951457.7894993,3595.0,11878,-44.0,1,,0,0,0,0,0.0,,0,0,0,0,0.0,,0,1,11727,200,235.0,,0,0,0,0,0.0,,1,1,11722,0,0.0,,0,1,11776,3560,3360.0,,1,1,11787,0,0.0,,1,1,11760,0,0.0,,0,1,11804,0,0.0,,0,1,11880,0,0.0,,0,1,11924,0,0.0,,0,1,11924,0,0.0,,0,0,0,0,0.0,,0,1,11902,0,0.0,,0,0,0,0,0.0,,0,1,11804,0,0.0
1778951457.8409476,3595.0,11878,-44.0,1,,0,0,0,0,0.0,,0,0,0,0,0.0,,0,1,11727,200,235.0,,0,0,0,0,0.0,,1,1,11722,0,0.0,,0,1,11776,3560,3360.0,,1,1,11787,0,0.0,,1,1,11760,0,0.0,,0,1,11804,0,0.0,,0,1,11880,0,0.0,,0,1,11924,0,0.0,,0,1,11924,0,0.0,,0,0,0,0,0.0,,0,1,11902,0,0.0,,0,0,0,0,0.0,,0,1,11804,0,0.0
1778951457.9008887,3595.0,11878,-44.0,1,,0,0,0,0,0.0,,0,0,0,0,0.0,,0,1,11727,200,235.0,,0,0,0,0,0.0,,1,1,11722,0,0.0,,0,1,11776,3560,3360.0,,1,1,11787,0,0.0,,1,1,11760,0,0.0,,0,1,11804,0,0.0,,0,1,11880,0,0.0,,0,1,11924,0,0.0,,0,1,11924,0,0.0,,0,0,0,0,0.0,,0,1,11902,0,0.0,,0,0,0,0,0.0,,0,1,11804,0,0.0
1778951457.9514363,3595.0,11878,-44.0,1,,0,0,0,0,0.0,,0,0,0,0,0.0,,0,1,11727,200,235.0,,0,0,0,0,0.0,,1,1,11722,0,0.0,,0,1,11776,3560,3360.0,,1,1,11787,0,0.0,,1,1,11760,0,0.0,,0,1,11804,0,0.0,,0,1,11880,0,0.0,,0,1,11924,0,0.0,,0,1,11924,0,0.0,,0,0,0,0,0.0,,0,1,11902,0,0.0,,0,0,0,0,0.0,,0,1,11804,0,0.0
1778951458.0057085,3595.0,11878,-44.0,1,,0,0,0,0,0.0,,0,0,0,0,0.0,,0,1,11727,200,235.0,,0,0,0,0,0.0,,1,1,11722,0,0.0,,0,1,11776,3560,3360.0,,1,1,11787,0,0.0,,1,1,11760,0,0.0,,0,1,11804,0,0.0,,0,1,11880,0,0.0,,0,1,11924,0,0.0,,0,1,11924,0,0.0,,0,0,0,0,0.0,,0,1,11902,0,0.0,,0,0,0,0,0.0,,0,1,11804,0,0.0
1778951458.061432,3595.0,11878,-44.0,1,,0,0,0,0,0.0,,0,0,0,0,0.0,,0,1,11727,200,235.0,,0,0,0,0,0.0,,1,1,11722,0,0.0,,0,1,11776,3560,3360.0,,1,1,11787,0,0.0,,1,1,11760,0,0.0,,0,1,11804,0,0.0,,0,1,11880,0,0.0,,0,1,11924,0,0.0,,0,1,11924,0,0.0,,0,0,0,0,0.0,,0,1,11902,0,0.0,,0,0,0,0,0.0,,0,1,11804,0,0.0
1778951458.1169224,3595.0,11878,-44.0,1,,0,0,0,0,0.0,,0,0,0,0,0.0,,0,1,11727,200,235.0,,0,0,0,0,0.0,,1,1,11722,0,0.0,,0,1,11776,3560,3360.0,,1,1,11787,0,0.0,,1,1,11760,0,0.0,,0,1,11804,0,0.0,,0,1,11880,0,0.0,,0,1,11924,0,0.0,,0,1,11924,0,0.0,,0,0,0,0,0.0,,0,1,11902,0,0.0,,0,0,0,0,0.0,,0,1,11804,0,0.0
1778951458.17498,3595.0,11878,-44.0,1,,0,0,0,0,0.0,,0,0,0,0,0.0,,0,1,11727,200,235.0,,0,0,0,0,0.0,,1,1,11722,0,0.0,,0,1,11776,3560,3360.0,,1,1,11787,0,0.0,,1,1,11760,0,0.0,,0,1,11804,0,0.0,,0,1,11880,0,0.0,,0,1,11924,0,0.0,,0,1,11924,0,0.0,,0,0,0,0,0.0,,0,1,11902,0,0.0,,0,0,0,0,0.0,,0,1,11804,0,0.0
1778951458.2346203,3595.0,11878,-44.0,1,,0,0,0,0,0.0,,0,0,0,0,0.0,,0,1,11727,200,235.0,,0,0,0,0,0.0,,1,1,11722,0,0.0,,0,1,11776,3560,3360.0,,1,1,11787,0,0.0,,1,1,11760,0,0.0,,0,1,11804,0,0.0,,0,1,11880,0,0.0,,0,1,11924,0,0.0,,0,1,11924,0,0.0,,0,0,0,0,0.0,,0,1,11902,0,0.0,,0,0,0,0,0.0,,0,1,11804,0,0.0
1778951458.2951627,3595.0,11878,-44.0,1,,0,0,0,0,0.0,,0,0,0,0,0.0,,0,1,11727,200,235.0,,0,0,0,0,0.0,,1,1,11722,0,0.0,,0,1,11776,3560,3360.0,,1,1,11787,0,0.0,,1,1,11760,0,0.0,,0,1,11804,0,0.0,,0,1,11880,0,0.0,,0,1,11924,0,0.0,,0,1,11924,0,0.0,,0,0,0,0,0.0,,0,1,11902,0,0.0,,0,0,0,0,0.0,,0,1,11804,0,0.0
1778951458.35457,3595.0,11878,-44.0,1,,0,0,0,0,0.0,,0,0,0,0,0.0,,0,1,11727,200,235.0,,0,0,0,0,0.0,,1,1,11722,0,0.0,,0,1,11776,3560,3360.0,,1,1,11787,0,0.0,,1,1,11760,0,0.0,,0,1,11804,0,0.0,,0,1,11880,0,0.0,,0,1,11924,0,0.0,,0,1,11924,0,0.0,,0,0,0,0,0.0,,0,1,11902,0,0.0,,0,0,0,0,0.0,,0,1,11804,0,0.0
1778951458.4133797,3595.0,11878,-44.0,1,,0,0,0,0,0.0,,0,0,0,0,0.0,,0,1,11727,200,235.0,,0,0,0,0,0.0,,1,1,11722,0,0.0,,0,1,11776,3560,3360.0,,1,1,11787,0,0.0,,1,1,11760,0,0.0,,0,1,11804,0,0.0,,0,1,11880,0,0.0,,0,1,11924,0,0.0,,0,1,11924,0,0.0,,0,0,0,0,0.0,,0,1,11902,0,0.0,,0,0,0,0,0.0,,0,1,11804,0,0.0
1778951458.4745157,3595.0,11878,-44.0,1,,0,0,0,0,0.0,,0,0,0,0,0.0,,0,1,11727,200,235.0,,0,0,0,0,0.0,,1,1,11722,0,0.0,,0,1,11776,3560,3360.0,,1,1,11787,0,0.0,,1,1,11760,0,0.0,,0,1,11804,0,0.0,,0,1,11880,0,0.0,,0,1,11924,0,0.0,,0,1,11924,0,0.0,,0,0,0,0,0.0,,0,1,11902,0,0.0,,0,0,0,0,0.0,,0,1,11804,0,0.0
1778951458.5324829,3595.0,11878,-44.0,1,,0,0,0,0,0.0,,0,0,0,0,0.0,,0,1,11727,200,235.0,,0,0,0,0,0.0,,1,1,11722,0,0.0,,0,1,11776,3560,3360.0,,1,1,11787,0,0.0,,1,1,11760,0,0.0,,0,1,11804,0,0.0,,0,1,11880,0,0.0,,0,1,11924,0,0.0,,0,1,11924,0,0.0,,0,0,0,0,0.0,,0,1,11902,0,0.0,,0,0,0,0,0.0,,0,1,11804,0,0.0
1778951458.5890214,3595.0,11878,-44.0,1,,0,0,0,0,0.0,,0,0,0,0,0.0,,0,1,11727,200,235.0,,0,0,0,0,0.0,,1,1,11722,0,0.0,,0,1,11776,3560,3360.0,,1,1,11787,0,0.0,,1,1,11760,0,0.0,,0,1,11804,0,0.0,,0,1,11880,0,0.0,,0,1,11924,0,0.0,,0,1,11924,0,0.0,,0,0,0,0,0.0,,0,1,11902,0,0.0,,0,0,0,0,0.0,,0,1,11804,0,0.0
1778951458.646459,3595.0,11878,-44.0,1,,0,0,0,0,0.0,,0,0,0,0,0.0,,0,1,11727,200,235.0,,0,0,0,0,0.0,,1,1,11722,0,0.0,,0,1,11776,3560,3360.0,,1,1,11787,0,0.0,,1,1,11760,0,0.0,,0,1,11804,0,0.0,,0,1,11880,0,0.0,,0,1,11924,0,0.0,,0,1,11924,0,0.0,,0,0,0,0,0.0,,0,1,11902,0,0.0,,0,0,0,0,0.0,,0,1,11804,0,0.0
1778951458.7027843,3595.0,11878,-44.0,1,,0,0,0,0,0.0,,0,0,0,0,0.0,,0,1,11727,200,235.0,,0,0,0,0,0.0,,1,1,11722,0,0.0,,0,1,11776,3560,3360.0,,1,1,11787,0,0.0,,1,1,11760,0,0.0,,0,1,11804,0,0.0,,0,1,11880,0,0.0,,0,1,11924,0,0.0,,0,1,11924,0,0.0,,0,0,0,0,0.0,,0,1,11902,0,0.0,,0,0,0,0,0.0,,0,1,11804,0,0.0
1778951458.7635486,3595.0,11878,-44.0,1,,0,0,0,0,0.0,,0,0,0,0,0.0,,0,1,11727,200,235.0,,0,0,0,0,0.0,,1,1,11722,0,0.0,,0,1,11776,3560,3360.0,,1,1,11787,0,0.0,,1,1,11760,0,0.0,,0,1,11804,0,0.0,,0,1,11880,0,0.0,,0,1,11924,0,0.0,,0,1,11924,0,0.0,,0,0,0,0,0.0,,0,1,11902,0,0.0,,0,0,0,0,0.0,,0,1,11804,0,0.0
1778951458.8191564,3595.0,11878,-44.0,1,,0,0,0,0,0.0,,0,0,0,0,0.0,,0,1,11727,200,235.0,,0,0,0,0,0.0,,1,1,11722,0,0.0,,0,1,11776,3560,3360.0,,1,1,11787,0,0.0,,1,1,11760,0,0.0,,0,1,11804,0,0.0,,0,1,11880,0,0.0,,0,1,11924,0,0.0,,0,1,11924,0,0.0,,0,0,0,0,0.0,,0,1,11902,0,0.0,,0,0,0,0,0.0,,0,1,11804,0,0.0
1778951458.8781123,3595.0,11878,-44.0,1,,0,0,0,0,0.0,,0,0,0,0,0.0,,0,1,11727,200,235.0,,0,0,0,0,0.0,,1,1,11722,0,0.0,,0,1,11776,3560,3360.0,,1,1,11787,0,0.0,,1,1,11760,0,0.0,,0,1,11804,0,0.0,,0,1,11880,0,0.0,,0,1,11924,0,0.0,,0,1,11924,0,0.0,,0,0,0,0,0.0,,0,1,11902,0,0.0,,0,0,0,0,0.0,,0,1,11804,0,0.0
1778951458.9339504,3595.0,11878,-44.0,1,,0,0,0,0,0.0,,0,0,0,0,0.0,,0,1,11727,200,235.0,,0,0,0,0,0.0,,1,1,11722,0,0.0,,0,1,11776,3560,3360.0,,1,1,11787,0,0.0,,1,1,11760,0,0.0,,0,1,11804,0,0.0,,0,1,11880,0,0.0,,0,1,11924,0,0.0,,0,1,11924,0,0.0,,0,0,0,0,0.0,,0,1,11902,0,0.0,,0,0,0,0,0.0,,0,1,11804,0,0.0
1778951458.9948819,3595.0,11878,-44.0,1,,0,0,0,0,0.0,,0,0,0,0,0.0,,0,1,11727,200,235.0,,0,0,0,0,0.0,,1,1,11722,0,0.0,,0,1,11776,3560,3360.0,,1,1,11787,0,0.0,,1,1,11760,0,0.0,,0,1,11804,0,0.0,,0,1,11880,0,0.0,,0,1,11924,0,0.0,,0,1,11924,0,0.0,,0,0,0,0,0.0,,0,1,11902,0,0.0,,0,0,0,0,0.0,,0,1,11804,0,0.0
1778951459.0507698,3595.0,11878,-44.0,1,,0,0,0,0,0.0,,0,0,0,0,0.0,,0,1,11727,200,235.0,,0,0,0,0,0.0,,1,1,11722,0,0.0,,0,1,11776,3560,3360.0,,1,1,11787,0,0.0,,1,1,11760,0,0.0,,0,1,11804,0,0.0,,0,1,11880,0,0.0,,0,1,11924,0,0.0,,0,1,11924,0,0.0,,0,0,0,0,0.0,,0,1,11902,0,0.0,,0,0,0,0,0.0,,0,1,11804,0,0.0
1778951459.107659,3595.0,11878,-44.0,1,,0,0,0,0,0.0,,0,0,0,0,0.0,,0,1,11727,200,235.0,,0,0,0,0,0.0,,1,1,11722,0,0.0,,0,1,11776,3560,3360.0,,1,1,11787,0,0.0,,1,1,11760,0,0.0,,0,1,11804,0,0.0,,0,1,11880,0,0.0,,0,1,11924,0,0.0,,0,1,11924,0,0.0,,0,0,0,0,0.0,,0,1,11902,0,0.0,,0,0,0,0,0.0,,0,1,11804,0,0.0
1778951459.1659029,3595.0,11878,-44.0,1,,0,0,0,0,0.0,,0,0,0,0,0.0,,0,1,11727,200,235.0,,0,0,0,0,0.0,,1,1,11722,0,0.0,,0,1,11776,3560,3360.0,,1,1,11787,0,0.0,,1,1,11760,0,0.0,,0,1,11804,0,0.0,,0,1,11880,0,0.0,,0,1,11924,0,0.0,,0,1,11924,0,0.0,,0,0,0,0,0.0,,0,1,11902,0,0.0,,0,0,0,0,0.0,,0,1,11804,0,0.0
1778951459.2261603,3595.0,11878,-44.0,1,,0,0,0,0,0.0,,0,0,0,0,0.0,,0,1,11727,200,235.0,,0,0,0,0,0.0,,1,1,11722,0,0.0,,0,1,11776,3560,3360.0,,1,1,11787,0,0.0,,1,1,11760,0,0.0,,0,1,11804,0,0.0,,0,1,11880,0,0.0,,0,1,11924,0,0.0,,0,1,11924,0,0.0,,0,0,0,0,0.0,,0,1,11902,0,0.0,,0,0,0,0,0.0,,0,1,11804,0,0.0
1778951459.2820995,3595.0,11878,-44.0,1,,0,0,0,0,0.0,,0,0,0,0,0.0,,0,1,11727,200,235.0,,0,0,0,0,0.0,,1,1,11722,0,0.0,,0,1,11776,3560,3360.0,,1,1,11787,0,0.0,,1,1,11760,0,0.0,,0,1,11804,0,0.0,,0,1,11880,0,0.0,,0,1,11924,0,0.0,,0,1,11924,0,0.0,,0,0,0,0,0.0,,0,1,11902,0,0.0,,0,0,0,0,0.0,,0,1,11804,0,0.0
1778951459.341121,3595.0,11878,-44.0,1,,0,0,0,0,0.0,,0,0,0,0,0.0,,0,1,11727,200,235.0,,0,0,0,0,0.0,,1,1,11722,0,0.0,,0,1,11776,3560,3360.0,,1,1,11787,0,0.0,,1,1,11760,0,0.0,,0,1,11804,0,0.0,,0,1,11880,0,0.0,,0,1,11924,0,0.0,,0,1,11924,0,0.0,,0,0,0,0,0.0,,0,1,11902,0,0.0,,0,0,0,0,0.0,,0,1,11804,0,0.0
1778951459.396645,3595.0,11878,-44.0,1,,0,0,0,0,0.0,,0,0,0,0,0.0,,0,1,11727,200,235.0,,0,0,0,0,0.0,,1,1,11722,0,0.0,,0,1,11776,3560,3360.0,,1,1,11787,0,0.0,,1,1,11760,0,0.0,,0,1,11804,0,0.0,,0,1,11880,0,0.0,,0,1,11924,0,0.0,,0,1,11924,0,0.0,,0,0,0,0,0.0,,0,1,11902,0,0.0,,0,0,0,0,0.0,,0,1,11804,0,0.0
1778951459.4576268,3595.0,11878,-44.0,1,,0,0,0,0,0.0,,0,0,0,0,0.0,,0,1,11727,200,235.0,,0,0,0,0,0.0,,1,1,11722,0,0.0,,0,1,11776,3560,3360.0,,1,1,11787,0,0.0,,1,1,11760,0,0.0,,0,1,11804,0,0.0,,0,1,11880,0,0.0,,0,1,11924,0,0.0,,0,1,11924,0,0.0,,0,0,0,0,0.0,,0,1,11902,0,0.0,,0,0,0,0,0.0,,0,1,11804,0,0.0
1778951459.5246768,3595.0,11878,-44.0,1,,0,0,0,0,0.0,,0,0,0,0,0.0,,0,1,11727,200,235.0,,0,0,0,0,0.0,,1,1,11722,0,0.0,,0,1,11776,3560,3360.0,,1,1,11787,0,0.0,,1,1,11760,0,0.0,,0,1,11804,0,0.0,,0,1,11880,0,0.0,,0,1,11924,0,0.0,,0,1,11924,0,0.0,,0,0,0,0,0.0,,0,1,11902,0,0.0,,0,0,0,0,0.0,,0,1,11804,0,0.0
1778951459.5851233,3595.0,11878,-44.0,1,,0,0,0,0,0.0,,0,0,0,0,0.0,,0,1,11727,200,235.0,,0,0,0,0,0.0,,1,1,11722,0,0.0,,0,1,11776,3560,3360.0,,1,1,11787,0,0.0,,1,1,11760,0,0.0,,0,1,11804,0,0.0,,0,1,11880,0,0.0,,0,1,11924,0,0.0,,0,1,11924,0,0.0,,0,0,0,0,0.0,,0,1,11902,0,0.0,,0,0,0,0,0.0,,0,1,11804,0,0.0
1778951459.639314,3595.0,11878,-44.0,1,,0,0,0,0,0.0,,0,0,0,0,0.0,,0,1,11727,200,235.0,,0,0,0,0,0.0,,1,1,11722,0,0.0,,0,1,11776,3560,3360.0,,1,1,11787,0,0.0,,1,1,11760,0,0.0,,0,1,11804,0,0.0,,0,1,11880,0,0.0,,0,1,11924,0,0.0,,0,1,11924,0,0.0,,0,0,0,0,0.0,,0,1,11902,0,0.0,,0,0,0,0,0.0,,0,1,11804,0,0.0
1778951459.6989214,3595.0,11878,-44.0,1,,0,0,0,0,0.0,,0,0,0,0,0.0,,0,1,11727,200,235.0,,0,0,0,0,0.0,,1,1,11722,0,0.0,,0,1,11776,3560,3360.0,,1,1,11787,0,0.0,,1,1,11760,0,0.0,,0,1,11804,0,0.0,,0,1,11880,0,0.0,,0,1,11924,0,0.0,,0,1,11924,0,0.0,,0,0,0,0,0.0,,0,1,11902,0,0.0,,0,0,0,0,0.0,,0,1,11804,0,0.0
1778951459.7540133,3595.0,11878,-44.0,1,,0,0,0,0,0.0,,0,0,0,0,0.0,,0,1,11727,200,235.0,,0,0,0,0,0.0,,1,1,11722,0,0.0,,0,1,11776,3560,3360.0,,1,1,11787,0,0.0,,1,1,11760,0,0.0,,0,1,11804,0,0.0,,0,1,11880,0,0.0,,0,1,11924,0,0.0,,0,1,11924,0,0.0,,0,0,0,0,0.0,,0,1,11902,0,0.0,,0,0,0,0,0.0,,0,1,11804,0,0.0
1778951459.8115883,3595.0,11878,-44.0,1,,0,0,0,0,0.0,,0,0,0,0,0.0,,0,1,11727,200,235.0,,0,0,0,0,0.0,,1,1,11722,0,0.0,,0,1,11776,3560,3360.0,,1,1,11787,0,0.0,,1,1,11760,0,0.0,,0,1,11804,0,0.0,,0,1,11880,0,0.0,,0,1,11924,0,0.0,,0,1,11924,0,0.0,,0,0,0,0,0.0,,0,1,11902,0,0.0,,0,0,0,0,0.0,,0,1,11804,0,0.0
1778951459.8691003,3595.0,11878,-44.0,1,,0,0,0,0,0.0,,0,0,0,0,0.0,,0,1,11727,200,235.0,,0,0,0,0,0.0,,1,1,11722,0,0.0,,0,1,11776,3560,3360.0,,1,1,11787,0,0.0,,1,1,11760,0,0.0,,0,1,11804,0,0.0,,0,1,11880,0,0.0,,0,1,11924,0,0.0,,0,1,11924,0,0.0,,0,0,0,0,0.0,,0,1,11902,0,0.0,,0,0,0,0,0.0,,0,1,11804,0,0.0
1778951459.9287517,3595.0,11878,-44.0,1,,0,0,0,0,0.0,,0,0,0,0,0.0,,0,1,11727,200,235.0,,0,0,0,0,0.0,,1,1,11722,0,0.0,,0,1,11776,3560,3360.0,,1,1,11787,0,0.0,,1,1,11760,0,0.0,,0,1,11804,0,0.0,,0,1,11880,0,0.0,,0,1,11924,0,0.0,,0,1,11924,0,0.0,,0,0,0,0,0.0,,0,1,11902,0,0.0,,0,0,0,0,0.0,,0,1,11804,0,0.0
1778951459.9845889,3595.0,11878,-44.0,1,,0,0,0,0,0.0,,0,0,0,0,0.0,,0,1,11727,200,235.0,,0,0,0,0,0.0,,1,1,11722,0,0.0,,0,1,11776,3560,3360.0,,1,1,11787,0,0.0,,1,1,11760,0,0.0,,0,1,11804,0,0.0,,0,1,11880,0,0.0,,0,1,11924,0,0.0,,0,1,11924,0,0.0,,0,0,0,0,0.0,,0,1,11902,0,0.0,,0,0,0,0,0.0,,0,1,11804,0,0.0
1778951460.0478473,3595.0,11878,-44.0,1,,0,0,0,0,0.0,,0,0,0,0,0.0,,0,1,11727,200,235.0,,0,0,0,0,0.0,,1,1,11722,0,0.0,,0,1,11776,3560,3360.0,,1,1,11787,0,0.0,,1,1,11760,0,0.0,,0,1,11804,0,0.0,,0,1,11880,0,0.0,,0,1,11924,0,0.0,,0,1,11924,0,0.0,,0,0,0,0,0.0,,0,1,11902,0,0.0,,0,0,0,0,0.0,,0,1,11804,0,0.0
1778951460.1046493,3595.0,11878,-44.0,1,,0,0,0,0,0.0,,0,0,0,0,0.0,,0,1,11727,200,235.0,,0,0,0,0,0.0,,1,1,11722,0,0.0,,0,1,11776,3560,3360.0,,1,1,11787,0,0.0,,1,1,11760,0,0.0,,0,1,11804,0,0.0,,0,1,11880,0,0.0,,0,1,11924,0,0.0,,0,1,11924,0,0.0,,0,0,0,0,0.0,,0,1,11902,0,0.0,,0,0,0,0,0.0,,0,1,11804,0,0.0
1778951460.1641052,3595.0,11878,-44.0,1,,0,0,0,0,0.0,,0,0,0,0,0.0,,0,1,11727,200,235.0,,0,0,0,0,0.0,,1,1,11722,0,0.0,,0,1,11776,3560,3360.0,,1,1,11787,0,0.0,,1,1,11760,0,0.0,,0,1,11804,0,0.0,,0,1,11880,0,0.0,,0,1,11924,0,0.0,,0,1,11924,0,0.0,,0,0,0,0,0.0,,0,1,11902,0,0.0,,0,0,0,0,0.0,,0,1,11804,0,0.0
1778951460.2182055,3595.0,11878,-44.0,1,,0,0,0,0,0.0,,0,0,0,0,0.0,,0,1,11727,200,235.0,,0,0,0,0,0.0,,1,1,11722,0,0.0,,0,1,11776,3560,3360.0,,1,1,11787,0,0.0,,1,1,11760,0,0.0,,0,1,11804,0,0.0,,0,1,11880,0,0.0,,0,1,11924,0,0.0,,0,1,11924,0,0.0,,0,0,0,0,0.0,,0,1,11902,0,0.0,,0,0,0,0,0.0,,0,1,11804,0,0.0
1778951460.2787025,3595.0,11878,-44.0,1,,0,0,0,0,0.0,,0,0,0,0,0.0,,0,1,11727,200,235.0,,0,0,0,0,0.0,,1,1,11722,0,0.0,,0,1,11776,3560,3360.0,,1,1,11787,0,0.0,,1,1,11760,0,0.0,,0,1,11804,0,0.0,,0,1,11880,0,0.0,,0,1,11924,0,0.0,,0,1,11924,0,0.0,,0,0,0,0,0.0,,0,1,11902,0,0.0,,0,0,0,0,0.0,,0,1,11804,0,0.0
1778951460.334421,3595.0,11878,-44.0,1,,0,0,0,0,0.0,,0,0,0,0,0.0,,0,1,11727,200,235.0,,0,0,0,0,0.0,,1,1,11722,0,0.0,,0,1,11776,3560,3360.0,,1,1,11787,0,0.0,,1,1,11760,0,0.0,,0,1,11804,0,0.0,,0,1,11880,0,0.0,,0,1,11924,0,0.0,,0,1,11924,0,0.0,,0,0,0,0,0.0,,0,1,11902,0,0.0,,0,0,0,0,0.0,,0,1,11804,0,0.0
1778951460.3921244,3595.0,11878,-44.0,1,,0,0,0,0,0.0,,0,0,0,0,0.0,,0,1,11727,200,235.0,,0,0,0,0,0.0,,1,1,11722,0,0.0,,0,1,11776,3560,3360.0,,1,1,11787,0,0.0,,1,1,11760,0,0.0,,0,1,11804,0,0.0,,0,1,11880,0,0.0,,0,1,11924,0,0.0,,0,1,11924,0,0.0,,0,0,0,0,0.0,,0,1,11902,0,0.0,,0,0,0,0,0.0,,0,1,11804,0,0.0
1778951460.4511385,3595.0,11878,-44.0,1,,0,0,0,0,0.0,,0,0,0,0,0.0,,0,1,11727,200,235.0,,0,0,0,0,0.0,,1,1,11722,0,0.0,,0,1,11776,3560,3360.0,,1,1,11787,0,0.0,,1,1,11760,0,0.0,,0,1,11804,0,0.0,,0,1,11880,0,0.0,,0,1,11924,0,0.0,,0,1,11924,0,0.0,,0,0,0,0,0.0,,0,1,11902,0,0.0,,0,0,0,0,0.0,,0,1,11804,0,0.0
1778951460.5088186,3595.0,11878,-44.0,1,,0,0,0,0,0.0,,0,0,0,0,0.0,,0,1,11727,200,235.0,,0,0,0,0,0.0,,1,1,11722,0,0.0,,0,1,11776,3560,3360.0,,1,1,11787,0,0.0,,1,1,11760,0,0.0,,0,1,11804,0,0.0,,0,1,11880,0,0.0,,0,1,11924,0,0.0,,0,1,11924,0,0.0,,0,0,0,0,0.0,,0,1,11902,0,0.0,,0,0,0,0,0.0,,0,1,11804,0,0.0
1778951460.5621061,3595.0,11878,-44.0,1,,0,0,0,0,0.0,,0,0,0,0,0.0,,0,1,11727,200,235.0,,0,0,0,0,0.0,,1,1,11722,0,0.0,,0,1,11776,3560,3360.0,,1,1,11787,0,0.0,,1,1,11760,0,0.0,,0,1,11804,0,0.0,,0,1,11880,0,0.0,,0,1,11924,0,0.0,,0,1,11924,0,0.0,,0,0,0,0,0.0,,0,1,11902,0,0.0,,0,0,0,0,0.0,,0,1,11804,0,0.0
1778951460.624477,3595.0,11878,-44.0,1,,0,0,0,0,0.0,,0,0,0,0,0.0,,0,1,11727,200,235.0,,0,0,0,0,0.0,,1,1,11722,0,0.0,,0,1,11776,3560,3360.0,,1,1,11787,0,0.0,,1,1,11760,0,0.0,,0,1,11804,0,0.0,,0,1,11880,0,0.0,,0,1,11924,0,0.0,,0,1,11924,0,0.0,,0,0,0,0,0.0,,0,1,11902,0,0.0,,0,0,0,0,0.0,,0,1,11804,0,0.0
1778951460.6838446,3595.0,11878,-44.0,1,,0,0,0,0,0.0,,0,0,0,0,0.0,,0,1,11727,200,235.0,,0,0,0,0,0.0,,1,1,11722,0,0.0,,0,1,11776,3560,3360.0,,1,1,11787,0,0.0,,1,1,11760,0,0.0,,0,1,11804,0,0.0,,0,1,11880,0,0.0,,0,1,11924,0,0.0,,0,1,11924,0,0.0,,0,0,0,0,0.0,,0,1,11902,0,0.0,,0,0,0,0,0.0,,0,1,11804,0,0.0
1778951460.743644,3595.0,11878,-44.0,1,,0,0,0,0,0.0,,0,0,0,0,0.0,,0,1,11727,200,235.0,,0,0,0,0,0.0,,1,1,11722,0,0.0,,0,1,11776,3560,3360.0,,1,1,11787,0,0.0,,1,1,11760,0,0.0,,0,1,11804,0,0.0,,0,1,11880,0,0.0,,0,1,11924,0,0.0,,0,1,11924,0,0.0,,0,0,0,0,0.0,,0,1,11902,0,0.0,,0,0,0,0,0.0,,0,1,11804,0,0.0
1778951460.8009138,3595.0,11878,-44.0,1,,0,0,0,0,0.0,,0,0,0,0,0.0,,0,1,11727,200,235.0,,0,0,0,0,0.0,,1,1,11722,0,0.0,,0,1,11776,3560,3360.0,,1,1,11787,0,0.0,,1,1,11760,0,0.0,,0,1,11804,0,0.0,,0,1,11880,0,0.0,,0,1,11924,0,0.0,,0,1,11924,0,0.0,,0,0,0,0,0.0,,0,1,11902,0,0.0,,0,0,0,0,0.0,,0,1,11804,0,0.0
1778951460.857578,3595.0,11878,-44.0,1,,0,0,0,0,0.0,,0,0,0,0,0.0,,0,1,11727,200,235.0,,0,0,0,0,0.0,,1,1,11722,0,0.0,,0,1,11776,3560,3360.0,,1,1,11787,0,0.0,,1,1,11760,0,0.0,,0,1,11804,0,0.0,,0,1,11880,0,0.0,,0,1,11924,0,0.0,,0,1,11924,0,0.0,,0,0,0,0,0.0,,0,1,11902,0,0.0,,0,0,0,0,0.0,,0,1,11804,0,0.0
1778951460.9163818,3595.0,11878,-44.0,1,,0,0,0,0,0.0,,0,0,0,0,0.0,,0,1,11727,200,235.0,,0,0,0,0,0.0,,1,1,11722,0,0.0,,0,1,11776,3560,3360.0,,1,1,11787,0,0.0,,1,1,11760,0,0.0,,0,1,11804,0,0.0,,0,1,11880,0,0.0,,0,1,11924,0,0.0,,0,1,11924,0,0.0,,0,0,0,0,0.0,,0,1,11902,0,0.0,,0,0,0,0,0.0,,0,1,11804,0,0.0
1778951460.9783373,3595.0,11878,-44.0,1,,0,0,0,0,0.0,,0,0,0,0,0.0,,0,1,11727,200,235.0,,0,0,0,0,0.0,,1,1,11722,0,0.0,,0,1,11776,3560,3360.0,,1,1,11787,0,0.0,,1,1,11760,0,0.0,,0,1,11804,0,0.0,,0,1,11880,0,0.0,,0,1,11924,0,0.0,,0,1,11924,0,0.0,,0,0,0,0,0.0,,0,1,11902,0,0.0,,0,0,0,0,0.0,,0,1,11804,0,0.0
1778951461.0356772,3595.0,11878,-44.0,1,,0,0,0,0,0.0,,0,0,0,0,0.0,,0,1,11727,200,235.0,,0,0,0,0,0.0,,1,1,11722,0,0.0,,0,1,11776,3560,3360.0,,1,1,11787,0,0.0,,1,1,11760,0,0.0,,0,1,11804,0,0.0,,0,1,11880,0,0.0,,0,1,11924,0,0.0,,0,1,11924,0,0.0,,0,0,0,0,0.0,,0,1,11902,0,0.0,,0,0,0,0,0.0,,0,1,11804,0,0.0
1778951461.0954845,3595.0,11878,-44.0,1,,0,0,0,0,0.0,,0,0,0,0,0.0,,0,1,11727,200,235.0,,0,0,0,0,0.0,,1,1,11722,0,0.0,,0,1,11776,3560,3360.0,,1,1,11787,0,0.0,,1,1,11760,0,0.0,,0,1,11804,0,0.0,,0,1,11880,0,0.0,,0,1,11924,0,0.0,,0,1,11924,0,0.0,,0,0,0,0,0.0,,0,1,11902,0,0.0,,0,0,0,0,0.0,,0,1,11804,0,0.0
1778951461.1532304,3595.0,11878,-44.0,1,,0,0,0,0,0.0,,0,0,0,0,0.0,,0,1,11727,200,235.0,,0,0,0,0,0.0,,1,1,11722,0,0.0,,0,1,11776,3560,3360.0,,1,1,11787,0,0.0,,1,1,11760,0,0.0,,0,1,11804,0,0.0,,0,1,11880,0,0.0,,0,1,11924,0,0.0,,0,1,11924,0,0.0,,0,0,0,0,0.0,,0,1,11902,0,0.0,,0,0,0,0,0.0,,0,1,11804,0,0.0
1778951461.212383,3595.0,11878,-44.0,1,,0,0,0,0,0.0,,0,0,0,0,0.0,,0,1,11727,200,235.0,,0,0,0,0,0.0,,1,1,11722,0,0.0,,0,1,11776,3560,3360.0,,1,1,11787,0,0.0,,1,1,11760,0,0.0,,0,1,11804,0,0.0,,0,1,11880,0,0.0,,0,1,11924,0,0.0,,0,1,11924,0,0.0,,0,0,0,0,0.0,,0,1,11902,0,0.0,,0,0,0,0,0.0,,0,1,11804,0,0.0
1778951461.267679,3595.0,11878,-44.0,1,,0,0,0,0,0.0,,0,0,0,0,0.0,,0,1,11727,200,235.0,,0,0,0,0,0.0,,1,1,11722,0,0.0,,0,1,11776,3560,3360.0,,1,1,11787,0,0.0,,1,1,11760,0,0.0,,0,1,11804,0,0.0,,0,1,11880,0,0.0,,0,1,11924,0,0.0,,0,1,11924,0,0.0,,0,0,0,0,0.0,,0,1,11902,0,0.0,,0,0,0,0,0.0,,0,1,11804,0,0.0
1778951461.3284948,3595.0,11878,-44.0,1,,0,0,0,0,0.0,,0,0,0,0,0.0,,0,1,11727,200,235.0,,0,0,0,0,0.0,,1,1,11722,0,0.0,,0,1,11776,3560,3360.0,,1,1,11787,0,0.0,,1,1,11760,0,0.0,,0,1,11804,0,0.0,,0,1,11880,0,0.0,,0,1,11924,0,0.0,,0,1,11924,0,0.0,,0,0,0,0,0.0,,0,1,11902,0,0.0,,0,0,0,0,0.0,,0,1,11804,0,0.0
1778951461.3847554,3595.0,11878,-44.0,1,,0,0,0,0,0.0,,0,0,0,0,0.0,,0,1,11727,200,235.0,,0,0,0,0,0.0,,1,1,11722,0,0.0,,0,1,11776,3560,3360.0,,1,1,11787,0,0.0,,1,1,11760,0,0.0,,0,1,11804,0,0.0,,0,1,11880,0,0.0,,0,1,11924,0,0.0,,0,1,11924,0,0.0,,0,0,0,0,0.0,,0,1,11902,0,0.0,,0,0,0,0,0.0,,0,1,11804,0,0.0
1778951461.4431407,3595.0,11878,-44.0,1,,0,0,0,0,0.0,,0,0,0,0,0.0,,0,1,11727,200,235.0,,0,0,0,0,0.0,,1,1,11722,0,0.0,,0,1,11776,3560,3360.0,,1,1,11787,0,0.0,,1,1,11760,0,0.0,,0,1,11804,0,0.0,,0,1,11880,0,0.0,,0,1,11924,0,0.0,,0,1,11924,0,0.0,,0,0,0,0,0.0,,0,1,11902,0,0.0,,0,0,0,0,0.0,,0,1,11804,0,0.0
1778951461.495899,3595.0,11878,-44.0,1,,0,0,0,0,0.0,,0,0,0,0,0.0,,0,1,11727,200,235.0,,0,0,0,0,0.0,,1,1,11722,0,0.0,,0,1,11776,3560,3360.0,,1,1,11787,0,0.0,,1,1,11760,0,0.0,,0,1,11804,0,0.0,,0,1,11880,0,0.0,,0,1,11924,0,0.0,,0,1,11924,0,0.0,,0,0,0,0,0.0,,0,1,11902,0,0.0,,0,0,0,0,0.0,,0,1,11804,0,0.0
1778951461.5480244,3595.0,11878,-44.0,1,,0,0,0,0,0.0,,0,0,0,0,0.0,,0,1,11727,200,235.0,,0,0,0,0,0.0,,1,1,11722,0,0.0,,0,1,11776,3560,3360.0,,1,1,11787,0,0.0,,1,1,11760,0,0.0,,0,1,11804,0,0.0,,0,1,11880,0,0.0,,0,1,11924,0,0.0,,0,1,11924,0,0.0,,0,0,0,0,0.0,,0,1,11902,0,0.0,,0,0,0,0,0.0,,0,1,11804,0,0.0
1778951461.6003828,3595.0,11878,-44.0,1,,0,0,0,0,0.0,,0,0,0,0,0.0,,0,1,11727,200,235.0,,0,0,0,0,0.0,,1,1,11722,0,0.0,,0,1,11776,3560,3360.0,,1,1,11787,0,0.0,,1,1,11760,0,0.0,,0,1,11804,0,0.0,,0,1,11880,0,0.0,,0,1,11924,0,0.0,,0,1,11924,0,0.0,,0,0,0,0,0.0,,0,1,11902,0,0.0,,0,0,0,0,0.0,,0,1,11804,0,0.0
1778951461.6513817,3595.0,11878,-44.0,1,,0,0,0,0,0.0,,0,0,0,0,0.0,,0,1,11727,200,235.0,,0,0,0,0,0.0,,1,1,11722,0,0.0,,0,1,11776,3560,3360.0,,1,1,11787,0,0.0,,1,1,11760,0,0.0,,0,1,11804,0,0.0,,0,1,11880,0,0.0,,0,1,11924,0,0.0,,0,1,11924,0,0.0,,0,0,0,0,0.0,,0,1,11902,0,0.0,,0,0,0,0,0.0,,0,1,11804,0,0.0
1778951461.702815,3595.0,11878,-44.0,1,,0,0,0,0,0.0,,0,0,0,0,0.0,,0,1,11727,200,235.0,,0,0,0,0,0.0,,1,1,11722,0,0.0,,0,1,11776,3560,3360.0,,1,1,11787,0,0.0,,1,1,11760,0,0.0,,0,1,11804,0,0.0,,0,1,11880,0,0.0,,0,1,11924,0,0.0,,0,1,11924,0,0.0,,0,0,0,0,0.0,,0,1,11902,0,0.0,,0,0,0,0,0.0,,0,1,11804,0,0.0
1778951461.7564273,3595.0,11878,-44.0,1,,0,0,0,0,0.0,,0,0,0,0,0.0,,0,1,11727,200,235.0,,0,0,0,0,0.0,,1,1,11722,0,0.0,,0,1,11776,3560,3360.0,,1,1,11787,0,0.0,,1,1,11760,0,0.0,,0,1,11804,0,0.0,,0,1,11880,0,0.0,,0,1,11924,0,0.0,,0,1,11924,0,0.0,,0,0,0,0,0.0,,0,1,11902,0,0.0,,0,0,0,0,0.0,,0,1,11804,0,0.0
1778951461.8172886,3595.0,11878,-44.0,1,,0,0,0,0,0.0,,0,0,0,0,0.0,,0,1,11727,200,235.0,,0,0,0,0,0.0,,1,1,11722,0,0.0,,0,1,11776,3560,3360.0,,1,1,11787,0,0.0,,1,1,11760,0,0.0,,0,1,11804,0,0.0,,0,1,11880,0,0.0,,0,1,11924,0,0.0,,0,1,11924,0,0.0,,0,0,0,0,0.0,,0,1,11902,0,0.0,,0,0,0,0,0.0,,0,1,11804,0,0.0
1778951461.8744435,3595.0,11878,-44.0,1,,0,0,0,0,0.0,,0,0,0,0,0.0,,0,1,11727,200,235.0,,0,0,0,0,0.0,,1,1,11722,0,0.0,,0,1,11776,3560,3360.0,,1,1,11787,0,0.0,,1,1,11760,0,0.0,,0,1,11804,0,0.0,,0,1,11880,0,0.0,,0,1,11924,0,0.0,,0,1,11924,0,0.0,,0,0,0,0,0.0,,0,1,11902,0,0.0,,0,0,0,0,0.0,,0,1,11804,0,0.0
1778951461.9262638,3595.0,11878,-44.0,1,,0,0,0,0,0.0,,0,0,0,0,0.0,,0,1,11727,200,235.0,,0,0,0,0,0.0,,1,1,11722,0,0.0,,0,1,11776,3560,3360.0,,1,1,11787,0,0.0,,1,1,11760,0,0.0,,0,1,11804,0,0.0,,0,1,11880,0,0.0,,0,1,11924,0,0.0,,0,1,11924,0,0.0,,0,0,0,0,0.0,,0,1,11902,0,0.0,,0,0,0,0,0.0,,0,1,11804,0,0.0
1778951461.97774,3595.0,11878,-44.0,1,,0,0,0,0,0.0,,0,0,0,0,0.0,,0,1,11727,200,235.0,,0,0,0,0,0.0,,1,1,11722,0,0.0,,0,1,11776,3560,3360.0,,1,1,11787,0,0.0,,1,1,11760,0,0.0,,0,1,11804,0,0.0,,0,1,11880,0,0.0,,0,1,11924,0,0.0,,0,1,11924,0,0.0,,0,0,0,0,0.0,,0,1,11902,0,0.0,,0,0,0,0,0.0,,0,1,11804,0,0.0
1778951462.0283427,3595.0,11878,-44.0,1,,0,0,0,0,0.0,,0,0,0,0,0.0,,0,1,11727,200,235.0,,0,0,0,0,0.0,,1,1,11722,0,0.0,,0,1,11776,3560,3360.0,,1,1,11787,0,0.0,,1,1,11760,0,0.0,,0,1,11804,0,0.0,,0,1,11880,0,0.0,,0,1,11924,0,0.0,,0,1,11924,0,0.0,,0,0,0,0,0.0,,0,1,11902,0,0.0,,0,0,0,0,0.0,,0,1,11804,0,0.0
1778951462.079874,3595.0,11878,-44.0,1,,0,0,0,0,0.0,,0,0,0,0,0.0,,0,1,11727,200,235.0,,0,0,0,0,0.0,,1,1,11722,0,0.0,,0,1,11776,3560,3360.0,,1,1,11787,0,0.0,,1,1,11760,0,0.0,,0,1,11804,0,0.0,,0,1,11880,0,0.0,,0,1,11924,0,0.0,,0,1,11924,0,0.0,,0,0,0,0,0.0,,0,1,11902,0,0.0,,0,0,0,0,0.0,,0,1,11804,0,0.0
1778951462.1415362,3595.0,11878,-44.0,1,,0,0,0,0,0.0,,0,0,0,0,0.0,,0,1,11727,200,235.0,,0,0,0,0,0.0,,1,1,11722,0,0.0,,0,1,11776,3560,3360.0,,1,1,11787,0,0.0,,1,1,11760,0,0.0,,0,1,11804,0,0.0,,0,1,11880,0,0.0,,0,1,11924,0,0.0,,0,1,11924,0,0.0,,0,0,0,0,0.0,,0,1,11902,0,0.0,,0,0,0,0,0.0,,0,1,11804,0,0.0
1778951462.1949778,3595.0,11878,-44.0,1,,0,0,0,0,0.0,,0,0,0,0,0.0,,0,1,11727,200,235.0,,0,0,0,0,0.0,,1,1,11722,0,0.0,,0,1,11776,3560,3360.0,,1,1,11787,0,0.0,,1,1,11760,0,0.0,,0,1,11804,0,0.0,,0,1,11880,0,0.0,,0,1,11924,0,0.0,,0,1,11924,0,0.0,,0,0,0,0,0.0,,0,1,11902,0,0.0,,0,0,0,0,0.0,,0,1,11804,0,0.0
1778951462.2646873,3595.0,11878,-44.0,1,,0,0,0,0,0.0,,0,0,0,0,0.0,,0,1,11727,200,235.0,,0,0,0,0,0.0,,1,1,11722,0,0.0,,0,1,11776,3560,3360.0,,1,1,11787,0,0.0,,1,1,11760,0,0.0,,0,1,11804,0,0.0,,0,1,11880,0,0.0,,0,1,11924,0,0.0,,0,1,11924,0,0.0,,0,0,0,0,0.0,,0,1,11902,0,0.0,,0,0,0,0,0.0,,0,1,11804,0,0.0
1778951462.315263,3595.0,11878,-44.0,1,,0,0,0,0,0.0,,0,0,0,0,0.0,,0,1,11727,200,235.0,,0,0,0,0,0.0,,1,1,11722,0,0.0,,0,1,11776,3560,3360.0,,1,1,11787,0,0.0,,1,1,11760,0,0.0,,0,1,11804,0,0.0,,0,1,11880,0,0.0,,0,1,11924,0,0.0,,0,1,11924,0,0.0,,0,0,0,0,0.0,,0,1,11902,0,0.0,,0,0,0,0,0.0,,0,1,11804,0,0.0
1778951462.3658228,3595.0,11878,-44.0,1,,0,0,0,0,0.0,,0,0,0,0,0.0,,0,1,11727,200,235.0,,0,0,0,0,0.0,,1,1,11722,0,0.0,,0,1,11776,3560,3360.0,,1,1,11787,0,0.0,,1,1,11760,0,0.0,,0,1,11804,0,0.0,,0,1,11880,0,0.0,,0,1,11924,0,0.0,,0,1,11924,0,0.0,,0,0,0,0,0.0,,0,1,11902,0,0.0,,0,0,0,0,0.0,,0,1,11804,0,0.0
1778951462.4168167,3595.0,11878,-44.0,1,,0,0,0,0,0.0,,0,0,0,0,0.0,,0,1,11727,200,235.0,,0,0,0,0,0.0,,1,1,11722,0,0.0,,0,1,11776,3560,3360.0,,1,1,11787,0,0.0,,1,1,11760,0,0.0,,0,1,11804,0,0.0,,0,1,11880,0,0.0,,0,1,11924,0,0.0,,0,1,11924,0,0.0,,0,0,0,0,0.0,,0,1,11902,0,0.0,,0,0,0,0,0.0,,0,1,11804,0,0.0
1778951462.4691865,3595.0,11878,-44.0,1,,0,0,0,0,0.0,,0,0,0,0,0.0,,0,1,11727,200,235.0,,0,0,0,0,0.0,,1,1,11722,0,0.0,,0,1,11776,3560,3360.0,,1,1,11787,0,0.0,,1,1,11760,0,0.0,,0,1,11804,0,0.0,,0,1,11880,0,0.0,,0,1,11924,0,0.0,,0,1,11924,0,0.0,,0,0,0,0,0.0,,0,1,11902,0,0.0,,0,0,0,0,0.0,,0,1,11804,0,0.0
1778951462.5303833,3595.0,11878,-44.0,1,,0,0,0,0,0.0,,0,0,0,0,0.0,,0,1,11727,200,235.0,,0,0,0,0,0.0,,1,1,11722,0,0.0,,0,1,11776,3560,3360.0,,1,1,11787,0,0.0,,1,1,11760,0,0.0,,0,1,11804,0,0.0,,0,1,11880,0,0.0,,0,1,11924,0,0.0,,0,1,11924,0,0.0,,0,0,0,0,0.0,,0,1,11902,0,0.0,,0,0,0,0,0.0,,0,1,11804,0,0.0
1778951462.5853345,3595.0,11878,-44.0,1,,0,0,0,0,0.0,,0,0,0,0,0.0,,0,1,11727,200,235.0,,0,0,0,0,0.0,,1,1,11722,0,0.0,,0,1,11776,3560,3360.0,,1,1,11787,0,0.0,,1,1,11760,0,0.0,,0,1,11804,0,0.0,,0,1,11880,0,0.0,,0,1,11924,0,0.0,,0,1,11924,0,0.0,,0,0,0,0,0.0,,0,1,11902,0,0.0,,0,0,0,0,0.0,,0,1,11804,0,0.0
1778951462.6425073,3595.0,11878,-44.0,1,,0,0,0,0,0.0,,0,0,0,0,0.0,,0,1,11727,200,235.0,,0,0,0,0,0.0,,1,1,11722,0,0.0,,0,1,11776,3560,3360.0,,1,1,11787,0,0.0,,1,1,11760,0,0.0,,0,1,11804,0,0.0,,0,1,11880,0,0.0,,0,1,11924,0,0.0,,0,1,11924,0,0.0,,0,0,0,0,0.0,,0,1,11902,0,0.0,,0,0,0,0,0.0,,0,1,11804,0,0.0
1778951462.6932256,3595.0,11878,-44.0,1,,0,0,0,0,0.0,,0,0,0,0,0.0,,0,1,11727,200,235.0,,0,0,0,0,0.0,,1,1,11722,0,0.0,,0,1,11776,3560,3360.0,,1,1,11787,0,0.0,,1,1,11760,0,0.0,,0,1,11804,0,0.0,,0,1,11880,0,0.0,,0,1,11924,0,0.0,,0,1,11924,0,0.0,,0,0,0,0,0.0,,0,1,11902,0,0.0,,0,0,0,0,0.0,,0,1,11804,0,0.0
1778951462.762429,3595.0,11878,-44.0,1,,0,0,0,0,0.0,,0,0,0,0,0.0,,0,1,11727,200,235.0,,0,0,0,0,0.0,,1,1,11722,0,0.0,,0,1,11776,3560,3360.0,,1,1,11787,0,0.0,,1,1,11760,0,0.0,,0,1,11804,0,0.0,,0,1,11880,0,0.0,,0,1,11924,0,0.0,,0,1,11924,0,0.0,,0,0,0,0,0.0,,0,1,11902,0,0.0,,0,0,0,0,0.0,,0,1,11804,0,0.0
1778951462.8162837,3595.0,11878,-44.0,1,,0,0,0,0,0.0,,0,0,0,0,0.0,,0,1,11727,200,235.0,,0,0,0,0,0.0,,1,1,11722,0,0.0,,0,1,11776,3560,3360.0,,1,1,11787,0,0.0,,1,1,11760,0,0.0,,0,1,11804,0,0.0,,0,1,11880,0,0.0,,0,1,11924,0,0.0,,0,1,11924,0,0.0,,0,0,0,0,0.0,,0,1,11902,0,0.0,,0,0,0,0,0.0,,0,1,11804,0,0.0
1778951462.8672607,3595.0,11878,-44.0,1,,0,0,0,0,0.0,,0,0,0,0,0.0,,0,1,11727,200,235.0,,0,0,0,0,0.0,,1,1,11722,0,0.0,,0,1,11776,3560,3360.0,,1,1,11787,0,0.0,,1,1,11760,0,0.0,,0,1,11804,0,0.0,,0,1,11880,0,0.0,,0,1,11924,0,0.0,,0,1,11924,0,0.0,,0,0,0,0,0.0,,0,1,11902,0,0.0,,0,0,0,0,0.0,,0,1,11804,0,0.0
1778951462.929572,3595.0,11878,-44.0,1,,0,0,0,0,0.0,,0,0,0,0,0.0,,0,1,11727,200,235.0,,0,0,0,0,0.0,,1,1,11722,0,0.0,,0,1,11776,3560,3360.0,,1,1,11787,0,0.0,,1,1,11760,0,0.0,,0,1,11804,0,0.0,,0,1,11880,0,0.0,,0,1,11924,0,0.0,,0,1,11924,0,0.0,,0,0,0,0,0.0,,0,1,11902,0,0.0,,0,0,0,0,0.0,,0,1,11804,0,0.0
1778951462.9832065,3595.0,11878,-44.0,1,,0,0,0,0,0.0,,0,0,0,0,0.0,,0,1,11727,200,235.0,,0,0,0,0,0.0,,1,1,11722,0,0.0,,0,1,11776,3560,3360.0,,1,1,11787,0,0.0,,1,1,11760,0,0.0,,0,1,11804,0,0.0,,0,1,11880,0,0.0,,0,1,11924,0,0.0,,0,1,11924,0,0.0,,0,0,0,0,0.0,,0,1,11902,0,0.0,,0,0,0,0,0.0,,0,1,11804,0,0.0
1778951463.0347066,3595.0,11878,-44.0,1,,0,0,0,0,0.0,,0,0,0,0,0.0,,0,1,11727,200,235.0,,0,0,0,0,0.0,,1,1,11722,0,0.0,,0,1,11776,3560,3360.0,,1,1,11787,0,0.0,,1,1,11760,0,0.0,,0,1,11804,0,0.0,,0,1,11880,0,0.0,,0,1,11924,0,0.0,,0,1,11924,0,0.0,,0,0,0,0,0.0,,0,1,11902,0,0.0,,0,0,0,0,0.0,,0,1,11804,0,0.0
1778951463.0873995,3595.0,11878,-44.0,1,,0,0,0,0,0.0,,0,0,0,0,0.0,,0,1,11727,200,235.0,,0,0,0,0,0.0,,1,1,11722,0,0.0,,0,1,11776,3560,3360.0,,1,1,11787,0,0.0,,1,1,11760,0,0.0,,0,1,11804,0,0.0,,0,1,11880,0,0.0,,0,1,11924,0,0.0,,0,1,11924,0,0.0,,0,0,0,0,0.0,,0,1,11902,0,0.0,,0,0,0,0,0.0,,0,1,11804,0,0.0
1778951463.1377544,3595.0,11878,-44.0,1,,0,0,0,0,0.0,,0,0,0,0,0.0,,0,1,11727,200,235.0,,0,0,0,0,0.0,,1,1,11722,0,0.0,,0,1,11776,3560,3360.0,,1,1,11787,0,0.0,,1,1,11760,0,0.0,,0,1,11804,0,0.0,,0,1,11880,0,0.0,,0,1,11924,0,0.0,,0,1,11924,0,0.0,,0,0,0,0,0.0,,0,1,11902,0,0.0,,0,0,0,0,0.0,,0,1,11804,0,0.0
1778951463.2078338,3595.0,11878,-44.0,1,,0,0,0,0,0.0,,0,0,0,0,0.0,,0,1,11727,200,235.0,,0,0,0,0,0.0,,1,1,11722,0,0.0,,0,1,11776,3560,3360.0,,1,1,11787,0,0.0,,1,1,11760,0,0.0,,0,1,11804,0,0.0,,0,1,11880,0,0.0,,0,1,11924,0,0.0,,0,1,11924,0,0.0,,0,0,0,0,0.0,,0,1,11902,0,0.0,,0,0,0,0,0.0,,0,1,11804,0,0.0
1778951463.258774,3595.0,11878,-44.0,1,,0,0,0,0,0.0,,0,0,0,0,0.0,,0,1,11727,200,235.0,,0,0,0,0,0.0,,1,1,11722,0,0.0,,0,1,11776,3560,3360.0,,1,1,11787,0,0.0,,1,1,11760,0,0.0,,0,1,11804,0,0.0,,0,1,11880,0,0.0,,0,1,11924,0,0.0,,0,1,11924,0,0.0,,0,0,0,0,0.0,,0,1,11902,0,0.0,,0,0,0,0,0.0,,0,1,11804,0,0.0
1778951463.3113256,3595.0,11878,-44.0,1,,0,0,0,0,0.0,,0,0,0,0,0.0,,0,1,11727,200,235.0,,0,0,0,0,0.0,,1,1,11722,0,0.0,,0,1,11776,3560,3360.0,,1,1,11787,0,0.0,,1,1,11760,0,0.0,,0,1,11804,0,0.0,,0,1,11880,0,0.0,,0,1,11924,0,0.0,,0,1,11924,0,0.0,,0,0,0,0,0.0,,0,1,11902,0,0.0,,0,0,0,0,0.0,,0,1,11804,0,0.0
1778951463.3727896,3595.0,11878,-44.0,1,,0,0,0,0,0.0,,0,0,0,0,0.0,,0,1,11727,200,235.0,,0,0,0,0,0.0,,1,1,11722,0,0.0,,0,1,11776,3560,3360.0,,1,1,11787,0,0.0,,1,1,11760,0,0.0,,0,1,11804,0,0.0,,0,1,11880,0,0.0,,0,1,11924,0,0.0,,0,1,11924,0,0.0,,0,0,0,0,0.0,,0,1,11902,0,0.0,,0,0,0,0,0.0,,0,1,11804,0,0.0
1778951463.4271328,3595.0,11878,-44.0,1,,0,0,0,0,0.0,,0,0,0,0,0.0,,0,1,11727,200,235.0,,0,0,0,0,0.0,,1,1,11722,0,0.0,,0,1,11776,3560,3360.0,,1,1,11787,0,0.0,,1,1,11760,0,0.0,,0,1,11804,0,0.0,,0,1,11880,0,0.0,,0,1,11924,0,0.0,,0,1,11924,0,0.0,,0,0,0,0,0.0,,0,1,11902,0,0.0,,0,0,0,0,0.0,,0,1,11804,0,0.0
1778951463.478438,3595.0,11878,-44.0,1,,0,0,0,0,0.0,,0,0,0,0,0.0,,0,1,11727,200,235.0,,0,0,0,0,0.0,,1,1,11722,0,0.0,,0,1,11776,3560,3360.0,,1,1,11787,0,0.0,,1,1,11760,0,0.0,,0,1,11804,0,0.0,,0,1,11880,0,0.0,,0,1,11924,0,0.0,,0,1,11924,0,0.0,,0,0,0,0,0.0,,0,1,11902,0,0.0,,0,0,0,0,0.0,,0,1,11804,0,0.0
1778951463.5295458,3595.0,11878,-44.0,1,,0,0,0,0,0.0,,0,0,0,0,0.0,,0,1,11727,200,235.0,,0,0,0,0,0.0,,1,1,11722,0,0.0,,0,1,11776,3560,3360.0,,1,1,11787,0,0.0,,1,1,11760,0,0.0,,0,1,11804,0,0.0,,0,1,11880,0,0.0,,0,1,11924,0,0.0,,0,1,11924,0,0.0,,0,0,0,0,0.0,,0,1,11902,0,0.0,,0,0,0,0,0.0,,0,1,11804,0,0.0
1778951463.5843067,3595.0,11878,-44.0,1,,0,0,0,0,0.0,,0,0,0,0,0.0,,0,1,11727,200,235.0,,0,0,0,0,0.0,,1,1,11722,0,0.0,,0,1,11776,3560,3360.0,,1,1,11787,0,0.0,,1,1,11760,0,0.0,,0,1,11804,0,0.0,,0,1,11880,0,0.0,,0,1,11924,0,0.0,,0,1,11924,0,0.0,,0,0,0,0,0.0,,0,1,11902,0,0.0,,0,0,0,0,0.0,,0,1,11804,0,0.0
1778951463.6349838,3595.0,11878,-44.0,1,,0,0,0,0,0.0,,0,0,0,0,0.0,,0,1,11727,200,235.0,,0,0,0,0,0.0,,1,1,11722,0,0.0,,0,1,11776,3560,3360.0,,1,1,11787,0,0.0,,1,1,11760,0,0.0,,0,1,11804,0,0.0,,0,1,11880,0,0.0,,0,1,11924,0,0.0,,0,1,11924,0,0.0,,0,0,0,0,0.0,,0,1,11902,0,0.0,,0,0,0,0,0.0,,0,1,11804,0,0.0
1778951463.7021399,3595.0,11878,-44.0,1,,0,0,0,0,0.0,,0,0,0,0,0.0,,0,1,11727,200,235.0,,0,0,0,0,0.0,,1,1,11722,0,0.0,,0,1,11776,3560,3360.0,,1,1,11787,0,0.0,,1,1,11760,0,0.0,,0,1,11804,0,0.0,,0,1,11880,0,0.0,,0,1,11924,0,0.0,,0,1,11924,0,0.0,,0,0,0,0,0.0,,0,1,11902,0,0.0,,0,0,0,0,0.0,,0,1,11804,0,0.0
1778951463.7607605,3595.0,11878,-44.0,1,,0,0,0,0,0.0,,0,0,0,0,0.0,,0,1,11727,200,235.0,,0,0,0,0,0.0,,1,1,11722,0,0.0,,0,1,11776,3560,3360.0,,1,1,11787,0,0.0,,1,1,11760,0,0.0,,0,1,11804,0,0.0,,0,1,11880,0,0.0,,0,1,11924,0,0.0,,0,1,11924,0,0.0,,0,0,0,0,0.0,,0,1,11902,0,0.0,,0,0,0,0,0.0,,0,1,11804,0,0.0
1778951463.8127925,3595.0,11878,-44.0,1,,0,0,0,0,0.0,,0,0,0,0,0.0,,0,1,11727,200,235.0,,0,0,0,0,0.0,,1,1,11722,0,0.0,,0,1,11776,3560,3360.0,,1,1,11787,0,0.0,,1,1,11760,0,0.0,,0,1,11804,0,0.0,,0,1,11880,0,0.0,,0,1,11924,0,0.0,,0,1,11924,0,0.0,,0,0,0,0,0.0,,0,1,11902,0,0.0,,0,0,0,0,0.0,,0,1,11804,0,0.0
1778951463.8748846,3595.0,11878,-44.0,1,,0,0,0,0,0.0,,0,0,0,0,0.0,,0,1,11727,200,235.0,,0,0,0,0,0.0,,1,1,11722,0,0.0,,0,1,11776,3560,3360.0,,1,1,11787,0,0.0,,1,1,11760,0,0.0,,0,1,11804,0,0.0,,0,1,11880,0,0.0,,0,1,11924,0,0.0,,0,1,11924,0,0.0,,0,0,0,0,0.0,,0,1,11902,0,0.0,,0,0,0,0,0.0,,0,1,11804,0,0.0
1778951463.9263318,3595.0,11878,-44.0,1,,0,0,0,0,0.0,,0,0,0,0,0.0,,0,1,11727,200,235.0,,0,0,0,0,0.0,,1,1,11722,0,0.0,,0,1,11776,3560,3360.0,,1,1,11787,0,0.0,,1,1,11760,0,0.0,,0,1,11804,0,0.0,,0,1,11880,0,0.0,,0,1,11924,0,0.0,,0,1,11924,0,0.0,,0,0,0,0,0.0,,0,1,11902,0,0.0,,0,0,0,0,0.0,,0,1,11804,0,0.0
1778951463.9779482,3595.0,11878,-44.0,1,,0,0,0,0,0.0,,0,0,0,0,0.0,,0,1,11727,200,235.0,,0,0,0,0,0.0,,1,1,11722,0,0.0,,0,1,11776,3560,3360.0,,1,1,11787,0,0.0,,1,1,11760,0,0.0,,0,1,11804,0,0.0,,0,1,11880,0,0.0,,0,1,11924,0,0.0,,0,1,11924,0,0.0,,0,0,0,0,0.0,,0,1,11902,0,0.0,,0,0,0,0,0.0,,0,1,11804,0,0.0
1778951464.0284941,3595.0,11878,-44.0,1,,0,0,0,0,0.0,,0,0,0,0,0.0,,0,1,11727,200,235.0,,0,0,0,0,0.0,,1,1,11722,0,0.0,,0,1,11776,3560,3360.0,,1,1,11787,0,0.0,,1,1,11760,0,0.0,,0,1,11804,0,0.0,,0,1,11880,0,0.0,,0,1,11924,0,0.0,,0,1,11924,0,0.0,,0,0,0,0,0.0,,0,1,11902,0,0.0,,0,0,0,0,0.0,,0,1,11804,0,0.0
1778951464.0847447,3595.0,11878,-44.0,1,,0,0,0,0,0.0,,0,0,0,0,0.0,,0,1,11727,200,235.0,,0,0,0,0,0.0,,1,1,11722,0,0.0,,0,1,11776,3560,3360.0,,1,1,11787,0,0.0,,1,1,11760,0,0.0,,0,1,11804,0,0.0,,0,1,11880,0,0.0,,0,1,11924,0,0.0,,0,1,11924,0,0.0,,0,0,0,0,0.0,,0,1,11902,0,0.0,,0,0,0,0,0.0,,0,1,11804,0,0.0
1778951464.1410718,3595.0,11878,-44.0,1,,0,0,0,0,0.0,,0,0,0,0,0.0,,0,1,11727,200,235.0,,0,0,0,0,0.0,,1,1,11722,0,0.0,,0,1,11776,3560,3360.0,,1,1,11787,0,0.0,,1,1,11760,0,0.0,,0,1,11804,0,0.0,,0,1,11880,0,0.0,,0,1,11924,0,0.0,,0,1,11924,0,0.0,,0,0,0,0,0.0,,0,1,11902,0,0.0,,0,0,0,0,0.0,,0,1,11804,0,0.0
1778951464.1962543,3595.0,11878,-44.0,1,,0,0,0,0,0.0,,0,0,0,0,0.0,,0,1,11727,200,235.0,,0,0,0,0,0.0,,1,1,11722,0,0.0,,0,1,11776,3560,3360.0,,1,1,11787,0,0.0,,1,1,11760,0,0.0,,0,1,11804,0,0.0,,0,1,11880,0,0.0,,0,1,11924,0,0.0,,0,1,11924,0,0.0,,0,0,0,0,0.0,,0,1,11902,0,0.0,,0,0,0,0,0.0,,0,1,11804,0,0.0
1778951464.2579987,3595.0,11878,-44.0,1,,0,0,0,0,0.0,,0,0,0,0,0.0,,0,1,11727,200,235.0,,0,0,0,0,0.0,,1,1,11722,0,0.0,,0,1,11776,3560,3360.0,,1,1,11787,0,0.0,,1,1,11760,0,0.0,,0,1,11804,0,0.0,,0,1,11880,0,0.0,,0,1,11924,0,0.0,,0,1,11924,0,0.0,,0,0,0,0,0.0,,0,1,11902,0,0.0,,0,0,0,0,0.0,,0,1,11804,0,0.0
1778951464.3149667,3595.0,11878,-44.0,1,,0,0,0,0,0.0,,0,0,0,0,0.0,,0,1,11727,200,235.0,,0,0,0,0,0.0,,1,1,11722,0,0.0,,0,1,11776,3560,3360.0,,1,1,11787,0,0.0,,1,1,11760,0,0.0,,0,1,11804,0,0.0,,0,1,11880,0,0.0,,0,1,11924,0,0.0,,0,1,11924,0,0.0,,0,0,0,0,0.0,,0,1,11902,0,0.0,,0,0,0,0,0.0,,0,1,11804,0,0.0
1778951464.3738432,3595.0,11878,-44.0,1,,0,0,0,0,0.0,,0,0,0,0,0.0,,0,1,11727,200,235.0,,0,0,0,0,0.0,,1,1,11722,0,0.0,,0,1,11776,3560,3360.0,,1,1,11787,0,0.0,,1,1,11760,0,0.0,,0,1,11804,0,0.0,,0,1,11880,0,0.0,,0,1,11924,0,0.0,,0,1,11924,0,0.0,,0,0,0,0,0.0,,0,1,11902,0,0.0,,0,0,0,0,0.0,,0,1,11804,0,0.0
1778951464.4308937,3595.0,11878,-44.0,1,,0,0,0,0,0.0,,0,0,0,0,0.0,,0,1,11727,200,235.0,,0,0,0,0,0.0,,1,1,11722,0,0.0,,0,1,11776,3560,3360.0,,1,1,11787,0,0.0,,1,1,11760,0,0.0,,0,1,11804,0,0.0,,0,1,11880,0,0.0,,0,1,11924,0,0.0,,0,1,11924,0,0.0,,0,0,0,0,0.0,,0,1,11902,0,0.0,,0,0,0,0,0.0,,0,1,11804,0,0.0
1778951464.4897416,3595.0,11878,-44.0,1,,0,0,0,0,0.0,,0,0,0,0,0.0,,0,1,11727,200,235.0,,0,0,0,0,0.0,,1,1,11722,0,0.0,,0,1,11776,3560,3360.0,,1,1,11787,0,0.0,,1,1,11760,0,0.0,,0,1,11804,0,0.0,,0,1,11880,0,0.0,,0,1,11924,0,0.0,,0,1,11924,0,0.0,,0,0,0,0,0.0,,0,1,11902,0,0.0,,0,0,0,0,0.0,,0,1,11804,0,0.0
1778951464.553438,3595.0,11878,-44.0,1,,0,0,0,0,0.0,,0,0,0,0,0.0,,0,1,11727,200,235.0,,0,0,0,0,0.0,,1,1,11722,0,0.0,,0,1,11776,3560,3360.0,,1,1,11787,0,0.0,,1,1,11760,0,0.0,,0,1,11804,0,0.0,,0,1,11880,0,0.0,,0,1,11924,0,0.0,,0,1,11924,0,0.0,,0,0,0,0,0.0,,0,1,11902,0,0.0,,0,0,0,0,0.0,,0,1,11804,0,0.0
1778951464.6044748,3595.0,11878,-44.0,1,,0,0,0,0,0.0,,0,0,0,0,0.0,,0,1,11727,200,235.0,,0,0,0,0,0.0,,1,1,11722,0,0.0,,0,1,11776,3560,3360.0,,1,1,11787,0,0.0,,1,1,11760,0,0.0,,0,1,11804,0,0.0,,0,1,11880,0,0.0,,0,1,11924,0,0.0,,0,1,11924,0,0.0,,0,0,0,0,0.0,,0,1,11902,0,0.0,,0,0,0,0,0.0,,0,1,11804,0,0.0
1778951464.656398,3595.0,11878,-44.0,1,,0,0,0,0,0.0,,0,0,0,0,0.0,,0,1,11727,200,235.0,,0,0,0,0,0.0,,1,1,11722,0,0.0,,0,1,11776,3560,3360.0,,1,1,11787,0,0.0,,1,1,11760,0,0.0,,0,1,11804,0,0.0,,0,1,11880,0,0.0,,0,1,11924,0,0.0,,0,1,11924,0,0.0,,0,0,0,0,0.0,,0,1,11902,0,0.0,,0,0,0,0,0.0,,0,1,11804,0,0.0
1778951464.7074356,3595.0,11878,-44.0,1,,0,0,0,0,0.0,,0,0,0,0,0.0,,0,1,11727,200,235.0,,0,0,0,0,0.0,,1,1,11722,0,0.0,,0,1,11776,3560,3360.0,,1,1,11787,0,0.0,,1,1,11760,0,0.0,,0,1,11804,0,0.0,,0,1,11880,0,0.0,,0,1,11924,0,0.0,,0,1,11924,0,0.0,,0,0,0,0,0.0,,0,1,11902,0,0.0,,0,0,0,0,0.0,,0,1,11804,0,0.0
1778951464.766631,3595.0,11878,-44.0,1,,0,0,0,0,0.0,,0,0,0,0,0.0,,0,1,11727,200,235.0,,0,0,0,0,0.0,,1,1,11722,0,0.0,,0,1,11776,3560,3360.0,,1,1,11787,0,0.0,,1,1,11760,0,0.0,,0,1,11804,0,0.0,,0,1,11880,0,0.0,,0,1,11924,0,0.0,,0,1,11924,0,0.0,,0,0,0,0,0.0,,0,1,11902,0,0.0,,0,0,0,0,0.0,,0,1,11804,0,0.0
1778951464.8180056,3595.0,11878,-44.0,1,,0,0,0,0,0.0,,0,0,0,0,0.0,,0,1,11727,200,235.0,,0,0,0,0,0.0,,1,1,11722,0,0.0,,0,1,11776,3560,3360.0,,1,1,11787,0,0.0,,1,1,11760,0,0.0,,0,1,11804,0,0.0,,0,1,11880,0,0.0,,0,1,11924,0,0.0,,0,1,11924,0,0.0,,0,0,0,0,0.0,,0,1,11902,0,0.0,,0,0,0,0,0.0,,0,1,11804,0,0.0
1778951464.8694339,3595.0,11878,-44.0,1,,0,0,0,0,0.0,,0,0,0,0,0.0,,0,1,11727,200,235.0,,0,0,0,0,0.0,,1,1,11722,0,0.0,,0,1,11776,3560,3360.0,,1,1,11787,0,0.0,,1,1,11760,0,0.0,,0,1,11804,0,0.0,,0,1,11880,0,0.0,,0,1,11924,0,0.0,,0,1,11924,0,0.0,,0,0,0,0,0.0,,0,1,11902,0,0.0,,0,0,0,0,0.0,,0,1,11804,0,0.0
1778951464.9212704,3595.0,11878,-44.0,1,,0,0,0,0,0.0,,0,0,0,0,0.0,,0,1,11727,200,235.0,,0,0,0,0,0.0,,1,1,11722,0,0.0,,0,1,11776,3560,3360.0,,1,1,11787,0,0.0,,1,1,11760,0,0.0,,0,1,11804,0,0.0,,0,1,11880,0,0.0,,0,1,11924,0,0.0,,0,1,11924,0,0.0,,0,0,0,0,0.0,,0,1,11902,0,0.0,,0,0,0,0,0.0,,0,1,11804,0,0.0
1778951464.972071,3595.0,11878,-44.0,1,,0,0,0,0,0.0,,0,0,0,0,0.0,,0,1,11727,200,235.0,,0,0,0,0,0.0,,1,1,11722,0,0.0,,0,1,11776,3560,3360.0,,1,1,11787,0,0.0,,1,1,11760,0,0.0,,0,1,11804,0,0.0,,0,1,11880,0,0.0,,0,1,11924,0,0.0,,0,1,11924,0,0.0,,0,0,0,0,0.0,,0,1,11902,0,0.0,,0,0,0,0,0.0,,0,1,11804,0,0.0
1778951465.0325897,3595.0,11878,-44.0,1,,0,0,0,0,0.0,,0,0,0,0,0.0,,0,1,11727,200,235.0,,0,0,0,0,0.0,,1,1,11722,0,0.0,,0,1,11776,3560,3360.0,,1,1,11787,0,0.0,,1,1,11760,0,0.0,,0,1,11804,0,0.0,,0,1,11880,0,0.0,,0,1,11924,0,0.0,,0,1,11924,0,0.0,,0,0,0,0,0.0,,0,1,11902,0,0.0,,0,0,0,0,0.0,,0,1,11804,0,0.0
1778951465.0838587,3595.0,11878,-44.0,1,,0,0,0,0,0.0,,0,0,0,0,0.0,,0,1,11727,200,235.0,,0,0,0,0,0.0,,1,1,11722,0,0.0,,0,1,11776,3560,3360.0,,1,1,11787,0,0.0,,1,1,11760,0,0.0,,0,1,11804,0,0.0,,0,1,11880,0,0.0,,0,1,11924,0,0.0,,0,1,11924,0,0.0,,0,0,0,0,0.0,,0,1,11902,0,0.0,,0,0,0,0,0.0,,0,1,11804,0,0.0
1778951465.1341352,3595.0,11878,-44.0,1,,0,0,0,0,0.0,,0,0,0,0,0.0,,0,1,11727,200,235.0,,0,0,0,0,0.0,,1,1,11722,0,0.0,,0,1,11776,3560,3360.0,,1,1,11787,0,0.0,,1,1,11760,0,0.0,,0,1,11804,0,0.0,,0,1,11880,0,0.0,,0,1,11924,0,0.0,,0,1,11924,0,0.0,,0,0,0,0,0.0,,0,1,11902,0,0.0,,0,0,0,0,0.0,,0,1,11804,0,0.0
1778951465.1965568,3595.0,11878,-44.0,1,,0,0,0,0,0.0,,0,0,0,0,0.0,,0,1,11727,200,235.0,,0,0,0,0,0.0,,1,1,11722,0,0.0,,0,1,11776,3560,3360.0,,1,1,11787,0,0.0,,1,1,11760,0,0.0,,0,1,11804,0,0.0,,0,1,11880,0,0.0,,0,1,11924,0,0.0,,0,1,11924,0,0.0,,0,0,0,0,0.0,,0,1,11902,0,0.0,,0,0,0,0,0.0,,0,1,11804,0,0.0
1778951465.256709,3595.0,11878,-44.0,1,,0,0,0,0,0.0,,0,0,0,0,0.0,,0,1,11727,200,235.0,,0,0,0,0,0.0,,1,1,11722,0,0.0,,0,1,11776,3560,3360.0,,1,1,11787,0,0.0,,1,1,11760,0,0.0,,0,1,11804,0,0.0,,0,1,11880,0,0.0,,0,1,11924,0,0.0,,0,1,11924,0,0.0,,0,0,0,0,0.0,,0,1,11902,0,0.0,,0,0,0,0,0.0,,0,1,11804,0,0.0
1778951465.3153815,3595.0,11878,-44.0,1,,0,0,0,0,0.0,,0,0,0,0,0.0,,0,1,11727,200,235.0,,0,0,0,0,0.0,,1,1,11722,0,0.0,,0,1,11776,3560,3360.0,,1,1,11787,0,0.0,,1,1,11760,0,0.0,,0,1,11804,0,0.0,,0,1,11880,0,0.0,,0,1,11924,0,0.0,,0,1,11924,0,0.0,,0,0,0,0,0.0,,0,1,11902,0,0.0,,0,0,0,0,0.0,,0,1,11804,0,0.0
1778951465.374672,3595.0,11878,-44.0,1,,0,0,0,0,0.0,,0,0,0,0,0.0,,0,1,11727,200,235.0,,0,0,0,0,0.0,,1,1,11722,0,0.0,,0,1,11776,3560,3360.0,,1,1,11787,0,0.0,,1,1,11760,0,0.0,,0,1,11804,0,0.0,,0,1,11880,0,0.0,,0,1,11924,0,0.0,,0,1,11924,0,0.0,,0,0,0,0,0.0,,0,1,11902,0,0.0,,0,0,0,0,0.0,,0,1,11804,0,0.0
1778951465.4307063,3595.0,11878,-44.0,1,,0,0,0,0,0.0,,0,0,0,0,0.0,,0,1,11727,200,235.0,,0,0,0,0,0.0,,1,1,11722,0,0.0,,0,1,11776,3560,3360.0,,1,1,11787,0,0.0,,1,1,11760,0,0.0,,0,1,11804,0,0.0,,0,1,11880,0,0.0,,0,1,11924,0,0.0,,0,1,11924,0,0.0,,0,0,0,0,0.0,,0,1,11902,0,0.0,,0,0,0,0,0.0,,0,1,11804,0,0.0
1778951465.488635,3595.0,11878,-44.0,1,,0,0,0,0,0.0,,0,0,0,0,0.0,,0,1,11727,200,235.0,,0,0,0,0,0.0,,1,1,11722,0,0.0,,0,1,11776,3560,3360.0,,1,1,11787,0,0.0,,1,1,11760,0,0.0,,0,1,11804,0,0.0,,0,1,11880,0,0.0,,0,1,11924,0,0.0,,0,1,11924,0,0.0,,0,0,0,0,0.0,,0,1,11902,0,0.0,,0,0,0,0,0.0,,0,1,11804,0,0.0
1778951465.5439937,3595.0,11878,-44.0,1,,0,0,0,0,0.0,,0,0,0,0,0.0,,0,1,11727,200,235.0,,0,0,0,0,0.0,,1,1,11722,0,0.0,,0,1,11776,3560,3360.0,,1,1,11787,0,0.0,,1,1,11760,0,0.0,,0,1,11804,0,0.0,,0,1,11880,0,0.0,,0,1,11924,0,0.0,,0,1,11924,0,0.0,,0,0,0,0,0.0,,0,1,11902,0,0.0,,0,0,0,0,0.0,,0,1,11804,0,0.0
1778951465.6067376,3595.0,11878,-44.0,1,,0,0,0,0,0.0,,0,0,0,0,0.0,,0,1,11727,200,235.0,,0,0,0,0,0.0,,1,1,11722,0,0.0,,0,1,11776,3560,3360.0,,1,1,11787,0,0.0,,1,1,11760,0,0.0,,0,1,11804,0,0.0,,0,1,11880,0,0.0,,0,1,11924,0,0.0,,0,1,11924,0,0.0,,0,0,0,0,0.0,,0,1,11902,0,0.0,,0,0,0,0,0.0,,0,1,11804,0,0.0
1778951465.6628363,3595.0,11878,-44.0,1,,0,0,0,0,0.0,,0,0,0,0,0.0,,0,1,11727,200,235.0,,0,0,0,0,0.0,,1,1,11722,0,0.0,,0,1,11776,3560,3360.0,,1,1,11787,0,0.0,,1,1,11760,0,0.0,,0,1,11804,0,0.0,,0,1,11880,0,0.0,,0,1,11924,0,0.0,,0,1,11924,0,0.0,,0,0,0,0,0.0,,0,1,11902,0,0.0,,0,0,0,0,0.0,,0,1,11804,0,0.0
1778951465.7200341,3595.0,11878,-44.0,1,,0,0,0,0,0.0,,0,0,0,0,0.0,,0,1,11727,200,235.0,,0,0,0,0,0.0,,1,1,11722,0,0.0,,0,1,11776,3560,3360.0,,1,1,11787,0,0.0,,1,1,11760,0,0.0,,0,1,11804,0,0.0,,0,1,11880,0,0.0,,0,1,11924,0,0.0,,0,1,11924,0,0.0,,0,0,0,0,0.0,,0,1,11902,0,0.0,,0,0,0,0,0.0,,0,1,11804,0,0.0
1778951465.7749581,3595.0,11878,-44.0,1,,0,0,0,0,0.0,,0,0,0,0,0.0,,0,1,11727,200,235.0,,0,0,0,0,0.0,,1,1,11722,0,0.0,,0,1,11776,3560,3360.0,,1,1,11787,0,0.0,,1,1,11760,0,0.0,,0,1,11804,0,0.0,,0,1,11880,0,0.0,,0,1,11924,0,0.0,,0,1,11924,0,0.0,,0,0,0,0,0.0,,0,1,11902,0,0.0,,0,0,0,0,0.0,,0,1,11804,0,0.0
1778951465.8257303,3595.0,11878,-44.0,1,,0,0,0,0,0.0,,0,0,0,0,0.0,,0,1,11727,200,235.0,,0,0,0,0,0.0,,1,1,11722,0,0.0,,0,1,11776,3560,3360.0,,1,1,11787,0,0.0,,1,1,11760,0,0.0,,0,1,11804,0,0.0,,0,1,11880,0,0.0,,0,1,11924,0,0.0,,0,1,11924,0,0.0,,0,0,0,0,0.0,,0,1,11902,0,0.0,,0,0,0,0,0.0,,0,1,11804,0,0.0
1778951465.877465,3595.0,11878,-44.0,1,,0,0,0,0,0.0,,0,0,0,0,0.0,,0,1,11727,200,235.0,,0,0,0,0,0.0,,1,1,11722,0,0.0,,0,1,11776,3560,3360.0,,1,1,11787,0,0.0,,1,1,11760,0,0.0,,0,1,11804,0,0.0,,0,1,11880,0,0.0,,0,1,11924,0,0.0,,0,1,11924,0,0.0,,0,0,0,0,0.0,,0,1,11902,0,0.0,,0,0,0,0,0.0,,0,1,11804,0,0.0
1778951465.9277265,3595.0,11878,-44.0,1,,0,0,0,0,0.0,,0,0,0,0,0.0,,0,1,11727,200,235.0,,0,0,0,0,0.0,,1,1,11722,0,0.0,,0,1,11776,3560,3360.0,,1,1,11787,0,0.0,,1,1,11760,0,0.0,,0,1,11804,0,0.0,,0,1,11880,0,0.0,,0,1,11924,0,0.0,,0,1,11924,0,0.0,,0,0,0,0,0.0,,0,1,11902,0,0.0,,0,0,0,0,0.0,,0,1,11804,0,0.0
1778951465.9817429,3595.0,11878,-44.0,1,,0,0,0,0,0.0,,0,0,0,0,0.0,,0,1,11727,200,235.0,,0,0,0,0,0.0,,1,1,11722,0,0.0,,0,1,11776,3560,3360.0,,1,1,11787,0,0.0,,1,1,11760,0,0.0,,0,1,11804,0,0.0,,0,1,11880,0,0.0,,0,1,11924,0,0.0,,0,1,11924,0,0.0,,0,0,0,0,0.0,,0,1,11902,0,0.0,,0,0,0,0,0.0,,0,1,11804,0,0.0
1778951466.0437298,3595.0,11878,-44.0,1,,0,0,0,0,0.0,,0,0,0,0,0.0,,0,1,11727,200,235.0,,0,0,0,0,0.0,,1,1,11722,0,0.0,,0,1,11776,3560,3360.0,,1,1,11787,0,0.0,,1,1,11760,0,0.0,,0,1,11804,0,0.0,,0,1,11880,0,0.0,,0,1,11924,0,0.0,,0,1,11924,0,0.0,,0,0,0,0,0.0,,0,1,11902,0,0.0,,0,0,0,0,0.0,,0,1,11804,0,0.0
1778951466.0980868,3595.0,11878,-44.0,1,,0,0,0,0,0.0,,0,0,0,0,0.0,,0,1,11727,200,235.0,,0,0,0,0,0.0,,1,1,11722,0,0.0,,0,1,11776,3560,3360.0,,1,1,11787,0,0.0,,1,1,11760,0,0.0,,0,1,11804,0,0.0,,0,1,11880,0,0.0,,0,1,11924,0,0.0,,0,1,11924,0,0.0,,0,0,0,0,0.0,,0,1,11902,0,0.0,,0,0,0,0,0.0,,0,1,11804,0,0.0
1778951466.1492639,3595.0,11878,-44.0,1,,0,0,0,0,0.0,,0,0,0,0,0.0,,0,1,11727,200,235.0,,0,0,0,0,0.0,,1,1,11722,0,0.0,,0,1,11776,3560,3360.0,,1,1,11787,0,0.0,,1,1,11760,0,0.0,,0,1,11804,0,0.0,,0,1,11880,0,0.0,,0,1,11924,0,0.0,,0,1,11924,0,0.0,,0,0,0,0,0.0,,0,1,11902,0,0.0,,0,0,0,0,0.0,,0,1,11804,0,0.0
1778951466.2045646,3595.0,11878,-44.0,1,,0,0,0,0,0.0,,0,0,0,0,0.0,,0,1,11727,200,235.0,,0,0,0,0,0.0,,1,1,11722,0,0.0,,0,1,11776,3560,3360.0,,1,1,11787,0,0.0,,1,1,11760,0,0.0,,0,1,11804,0,0.0,,0,1,11880,0,0.0,,0,1,11924,0,0.0,,0,1,11924,0,0.0,,0,0,0,0,0.0,,0,1,11902,0,0.0,,0,0,0,0,0.0,,0,1,11804,0,0.0
1778951466.2599745,3595.0,11878,-44.0,1,,0,0,0,0,0.0,,0,0,0,0,0.0,,0,1,11727,200,235.0,,0,0,0,0,0.0,,1,1,11722,0,0.0,,0,1,11776,3560,3360.0,,1,1,11787,0,0.0,,1,1,11760,0,0.0,,0,1,11804,0,0.0,,0,1,11880,0,0.0,,0,1,11924,0,0.0,,0,1,11924,0,0.0,,0,0,0,0,0.0,,0,1,11902,0,0.0,,0,0,0,0,0.0,,0,1,11804,0,0.0
1778951466.3109965,3595.0,11878,-44.0,1,,0,0,0,0,0.0,,0,0,0,0,0.0,,0,1,11727,200,235.0,,0,0,0,0,0.0,,1,1,11722,0,0.0,,0,1,11776,3560,3360.0,,1,1,11787,0,0.0,,1,1,11760,0,0.0,,0,1,11804,0,0.0,,0,1,11880,0,0.0,,0,1,11924,0,0.0,,0,1,11924,0,0.0,,0,0,0,0,0.0,,0,1,11902,0,0.0,,0,0,0,0,0.0,,0,1,11804,0,0.0
1778951466.3787887,3595.0,11878,-44.0,1,,0,0,0,0,0.0,,0,0,0,0,0.0,,0,1,11727,200,235.0,,0,0,0,0,0.0,,1,1,11722,0,0.0,,0,1,11776,3560,3360.0,,1,1,11787,0,0.0,,1,1,11760,0,0.0,,0,1,11804,0,0.0,,0,1,11880,0,0.0,,0,1,11924,0,0.0,,0,1,11924,0,0.0,,0,0,0,0,0.0,,0,1,11902,0,0.0,,0,0,0,0,0.0,,0,1,11804,0,0.0
1778951466.4299483,3595.0,11878,-44.0,1,,0,0,0,0,0.0,,0,0,0,0,0.0,,0,1,11727,200,235.0,,0,0,0,0,0.0,,1,1,11722,0,0.0,,0,1,11776,3560,3360.0,,1,1,11787,0,0.0,,1,1,11760,0,0.0,,0,1,11804,0,0.0,,0,1,11880,0,0.0,,0,1,11924,0,0.0,,0,1,11924,0,0.0,,0,0,0,0,0.0,,0,1,11902,0,0.0,,0,0,0,0,0.0,,0,1,11804,0,0.0
1778951466.4809432,3595.0,11878,-44.0,1,,0,0,0,0,0.0,,0,0,0,0,0.0,,0,1,11727,200,235.0,,0,0,0,0,0.0,,1,1,11722,0,0.0,,0,1,11776,3560,3360.0,,1,1,11787,0,0.0,,1,1,11760,0,0.0,,0,1,11804,0,0.0,,0,1,11880,0,0.0,,0,1,11924,0,0.0,,0,1,11924,0,0.0,,0,0,0,0,0.0,,0,1,11902,0,0.0,,0,0,0,0,0.0,,0,1,11804,0,0.0
1778951466.5315325,3595.0,11878,-44.0,1,,0,0,0,0,0.0,,0,0,0,0,0.0,,0,1,11727,200,235.0,,0,0,0,0,0.0,,1,1,11722,0,0.0,,0,1,11776,3560,3360.0,,1,1,11787,0,0.0,,1,1,11760,0,0.0,,0,1,11804,0,0.0,,0,1,11880,0,0.0,,0,1,11924,0,0.0,,0,1,11924,0,0.0,,0,0,0,0,0.0,,0,1,11902,0,0.0,,0,0,0,0,0.0,,0,1,11804,0,0.0
1778951466.582653,3595.0,11878,-44.0,1,,0,0,0,0,0.0,,0,0,0,0,0.0,,0,1,11727,200,235.0,,0,0,0,0,0.0,,1,1,11722,0,0.0,,0,1,11776,3560,3360.0,,1,1,11787,0,0.0,,1,1,11760,0,0.0,,0,1,11804,0,0.0,,0,1,11880,0,0.0,,0,1,11924,0,0.0,,0,1,11924,0,0.0,,0,0,0,0,0.0,,0,1,11902,0,0.0,,0,0,0,0,0.0,,0,1,11804,0,0.0
1778951466.6345263,3595.0,11878,-44.0,1,,0,0,0,0,0.0,,0,0,0,0,0.0,,0,1,11727,200,235.0,,0,0,0,0,0.0,,1,1,11722,0,0.0,,0,1,11776,3560,3360.0,,1,1,11787,0,0.0,,1,1,11760,0,0.0,,0,1,11804,0,0.0,,0,1,11880,0,0.0,,0,1,11924,0,0.0,,0,1,11924,0,0.0,,0,0,0,0,0.0,,0,1,11902,0,0.0,,0,0,0,0,0.0,,0,1,11804,0,0.0
1778951466.6961186,3595.0,11878,-44.0,1,,0,0,0,0,0.0,,0,0,0,0,0.0,,0,1,11727,200,235.0,,0,0,0,0,0.0,,1,1,11722,0,0.0,,0,1,11776,3560,3360.0,,1,1,11787,0,0.0,,1,1,11760,0,0.0,,0,1,11804,0,0.0,,0,1,11880,0,0.0,,0,1,11924,0,0.0,,0,1,11924,0,0.0,,0,0,0,0,0.0,,0,1,11902,0,0.0,,0,0,0,0,0.0,,0,1,11804,0,0.0
1778951466.7470918,3595.0,11878,-44.0,1,,0,0,0,0,0.0,,0,0,0,0,0.0,,0,1,11727,200,235.0,,0,0,0,0,0.0,,1,1,11722,0,0.0,,0,1,11776,3560,3360.0,,1,1,11787,0,0.0,,1,1,11760,0,0.0,,0,1,11804,0,0.0,,0,1,11880,0,0.0,,0,1,11924,0,0.0,,0,1,11924,0,0.0,,0,0,0,0,0.0,,0,1,11902,0,0.0,,0,0,0,0,0.0,,0,1,11804,0,0.0
1778951466.8170373,3595.0,11878,-44.0,1,,0,0,0,0,0.0,,0,0,0,0,0.0,,0,1,11727,200,235.0,,0,0,0,0,0.0,,1,1,11722,0,0.0,,0,1,11776,3560,3360.0,,1,1,11787,0,0.0,,1,1,11760,0,0.0,,0,1,11804,0,0.0,,0,1,11880,0,0.0,,0,1,11924,0,0.0,,0,1,11924,0,0.0,,0,0,0,0,0.0,,0,1,11902,0,0.0,,0,0,0,0,0.0,,0,1,11804,0,0.0
1778951466.8680396,3595.0,11878,-44.0,1,,0,0,0,0,0.0,,0,0,0,0,0.0,,0,1,11727,200,235.0,,0,0,0,0,0.0,,1,1,11722,0,0.0,,0,1,11776,3560,3360.0,,1,1,11787,0,0.0,,1,1,11760,0,0.0,,0,1,11804,0,0.0,,0,1,11880,0,0.0,,0,1,11924,0,0.0,,0,1,11924,0,0.0,,0,0,0,0,0.0,,0,1,11902,0,0.0,,0,0,0,0,0.0,,0,1,11804,0,0.0
1778951466.9287243,3595.0,11878,-44.0,1,,0,0,0,0,0.0,,0,0,0,0,0.0,,0,1,11727,200,235.0,,0,0,0,0,0.0,,1,1,11722,0,0.0,,0,1,11776,3560,3360.0,,1,1,11787,0,0.0,,1,1,11760,0,0.0,,0,1,11804,0,0.0,,0,1,11880,0,0.0,,0,1,11924,0,0.0,,0,1,11924,0,0.0,,0,0,0,0,0.0,,0,1,11902,0,0.0,,0,0,0,0,0.0,,0,1,11804,0,0.0
1778951466.9990084,3595.0,11878,-44.0,1,,0,0,0,0,0.0,,0,0,0,0,0.0,,0,1,11727,200,235.0,,0,0,0,0,0.0,,1,1,11722,0,0.0,,0,1,11776,3560,3360.0,,1,1,11787,0,0.0,,1,1,11760,0,0.0,,0,1,11804,0,0.0,,0,1,11880,0,0.0,,0,1,11924,0,0.0,,0,1,11924,0,0.0,,0,0,0,0,0.0,,0,1,11902,0,0.0,,0,0,0,0,0.0,,0,1,11804,0,0.0
1778951467.0530207,3595.0,11878,-44.0,1,,0,0,0,0,0.0,,0,0,0,0,0.0,,0,1,11727,200,235.0,,0,0,0,0,0.0,,1,1,11722,0,0.0,,0,1,11776,3560,3360.0,,1,1,11787,0,0.0,,1,1,11760,0,0.0,,0,1,11804,0,0.0,,0,1,11880,0,0.0,,0,1,11924,0,0.0,,0,1,11924,0,0.0,,0,0,0,0,0.0,,0,1,11902,0,0.0,,0,0,0,0,0.0,,0,1,11804,0,0.0
1778951467.115684,3595.0,11878,-44.0,1,,0,0,0,0,0.0,,0,0,0,0,0.0,,0,1,11727,200,235.0,,0,0,0,0,0.0,,1,1,11722,0,0.0,,0,1,11776,3560,3360.0,,1,1,11787,0,0.0,,1,1,11760,0,0.0,,0,1,11804,0,0.0,,0,1,11880,0,0.0,,0,1,11924,0,0.0,,0,1,11924,0,0.0,,0,0,0,0,0.0,,0,1,11902,0,0.0,,0,0,0,0,0.0,,0,1,11804,0,0.0
1778951467.1772716,3595.0,11878,-44.0,1,,0,0,0,0,0.0,,0,0,0,0,0.0,,0,1,11727,200,235.0,,0,0,0,0,0.0,,1,1,11722,0,0.0,,0,1,11776,3560,3360.0,,1,1,11787,0,0.0,,1,1,11760,0,0.0,,0,1,11804,0,0.0,,0,1,11880,0,0.0,,0,1,11924,0,0.0,,0,1,11924,0,0.0,,0,0,0,0,0.0,,0,1,11902,0,0.0,,0,0,0,0,0.0,,0,1,11804,0,0.0
1778951467.235497,3595.0,11878,-44.0,1,,0,0,0,0,0.0,,0,0,0,0,0.0,,0,1,11727,200,235.0,,0,0,0,0,0.0,,1,1,11722,0,0.0,,0,1,11776,3560,3360.0,,1,1,11787,0,0.0,,1,1,11760,0,0.0,,0,1,11804,0,0.0,,0,1,11880,0,0.0,,0,1,11924,0,0.0,,0,1,11924,0,0.0,,0,0,0,0,0.0,,0,1,11902,0,0.0,,0,0,0,0,0.0,,0,1,11804,0,0.0
1778951467.2863445,3595.0,11878,-44.0,1,,0,0,0,0,0.0,,0,0,0,0,0.0,,0,1,11727,200,235.0,,0,0,0,0,0.0,,1,1,11722,0,0.0,,0,1,11776,3560,3360.0,,1,1,11787,0,0.0,,1,1,11760,0,0.0,,0,1,11804,0,0.0,,0,1,11880,0,0.0,,0,1,11924,0,0.0,,0,1,11924,0,0.0,,0,0,0,0,0.0,,0,1,11902,0,0.0,,0,0,0,0,0.0,,0,1,11804,0,0.0
1778951467.3373244,3595.0,11878,-44.0,1,,0,0,0,0,0.0,,0,0,0,0,0.0,,0,1,11727,200,235.0,,0,0,0,0,0.0,,1,1,11722,0,0.0,,0,1,11776,3560,3360.0,,1,1,11787,0,0.0,,1,1,11760,0,0.0,,0,1,11804,0,0.0,,0,1,11880,0,0.0,,0,1,11924,0,0.0,,0,1,11924,0,0.0,,0,0,0,0,0.0,,0,1,11902,0,0.0,,0,0,0,0,0.0,,0,1,11804,0,0.0
1778951467.3874974,3595.0,11878,-44.0,1,,0,0,0,0,0.0,,0,0,0,0,0.0,,0,1,11727,200,235.0,,0,0,0,0,0.0,,1,1,11722,0,0.0,,0,1,11776,3560,3360.0,,1,1,11787,0,0.0,,1,1,11760,0,0.0,,0,1,11804,0,0.0,,0,1,11880,0,0.0,,0,1,11924,0,0.0,,0,1,11924,0,0.0,,0,0,0,0,0.0,,0,1,11902,0,0.0,,0,0,0,0,0.0,,0,1,11804,0,0.0
1778951467.4472823,3595.0,11878,-44.0,1,,0,0,0,0,0.0,,0,0,0,0,0.0,,0,1,11727,200,235.0,,0,0,0,0,0.0,,1,1,11722,0,0.0,,0,1,11776,3560,3360.0,,1,1,11787,0,0.0,,1,1,11760,0,0.0,,0,1,11804,0,0.0,,0,1,11880,0,0.0,,0,1,11924,0,0.0,,0,1,11924,0,0.0,,0,0,0,0,0.0,,0,1,11902,0,0.0,,0,0,0,0,0.0,,0,1,11804,0,0.0
1778951467.5011668,3595.0,11878,-44.0,1,,0,0,0,0,0.0,,0,0,0,0,0.0,,0,1,11727,200,235.0,,0,0,0,0,0.0,,1,1,11722,0,0.0,,0,1,11776,3560,3360.0,,1,1,11787,0,0.0,,1,1,11760,0,0.0,,0,1,11804,0,0.0,,0,1,11880,0,0.0,,0,1,11924,0,0.0,,0,1,11924,0,0.0,,0,0,0,0,0.0,,0,1,11902,0,0.0,,0,0,0,0,0.0,,0,1,11804,0,0.0
1778951467.5563323,3595.0,11878,-44.0,1,,0,0,0,0,0.0,,0,0,0,0,0.0,,0,1,11727,200,235.0,,0,0,0,0,0.0,,1,1,11722,0,0.0,,0,1,11776,3560,3360.0,,1,1,11787,0,0.0,,1,1,11760,0,0.0,,0,1,11804,0,0.0,,0,1,11880,0,0.0,,0,1,11924,0,0.0,,0,1,11924,0,0.0,,0,0,0,0,0.0,,0,1,11902,0,0.0,,0,0,0,0,0.0,,0,1,11804,0,0.0
1778951467.6181686,3595.0,11878,-44.0,1,,0,0,0,0,0.0,,0,0,0,0,0.0,,0,1,11727,200,235.0,,0,0,0,0,0.0,,1,1,11722,0,0.0,,0,1,11776,3560,3360.0,,1,1,11787,0,0.0,,1,1,11760,0,0.0,,0,1,11804,0,0.0,,0,1,11880,0,0.0,,0,1,11924,0,0.0,,0,1,11924,0,0.0,,0,0,0,0,0.0,,0,1,11902,0,0.0,,0,0,0,0,0.0,,0,1,11804,0,0.0
1778951467.6816564,3595.0,11878,-44.0,1,,0,0,0,0,0.0,,0,0,0,0,0.0,,0,1,11727,200,235.0,,0,0,0,0,0.0,,1,1,11722,0,0.0,,0,1,11776,3560,3360.0,,1,1,11787,0,0.0,,1,1,11760,0,0.0,,0,1,11804,0,0.0,,0,1,11880,0,0.0,,0,1,11924,0,0.0,,0,1,11924,0,0.0,,0,0,0,0,0.0,,0,1,11902,0,0.0,,0,0,0,0,0.0,,0,1,11804,0,0.0
1778951467.7327895,3595.0,11878,-44.0,1,,0,0,0,0,0.0,,0,0,0,0,0.0,,0,1,11727,200,235.0,,0,0,0,0,0.0,,1,1,11722,0,0.0,,0,1,11776,3560,3360.0,,1,1,11787,0,0.0,,1,1,11760,0,0.0,,0,1,11804,0,0.0,,0,1,11880,0,0.0,,0,1,11924,0,0.0,,0,1,11924,0,0.0,,0,0,0,0,0.0,,0,1,11902,0,0.0,,0,0,0,0,0.0,,0,1,11804,0,0.0
1778951467.7938986,3595.0,11878,-44.0,1,,0,0,0,0,0.0,,0,0,0,0,0.0,,0,1,11727,200,235.0,,0,0,0,0,0.0,,1,1,11722,0,0.0,,0,1,11776,3560,3360.0,,1,1,11787,0,0.0,,1,1,11760,0,0.0,,0,1,11804,0,0.0,,0,1,11880,0,0.0,,0,1,11924,0,0.0,,0,1,11924,0,0.0,,0,0,0,0,0.0,,0,1,11902,0,0.0,,0,0,0,0,0.0,,0,1,11804,0,0.0
1778951467.8445196,3595.0,11878,-44.0,1,,0,0,0,0,0.0,,0,0,0,0,0.0,,0,1,11727,200,235.0,,0,0,0,0,0.0,,1,1,11722,0,0.0,,0,1,11776,3560,3360.0,,1,1,11787,0,0.0,,1,1,11760,0,0.0,,0,1,11804,0,0.0,,0,1,11880,0,0.0,,0,1,11924,0,0.0,,0,1,11924,0,0.0,,0,0,0,0,0.0,,0,1,11902,0,0.0,,0,0,0,0,0.0,,0,1,11804,0,0.0
1778951467.898738,3595.0,11878,-44.0,1,,0,0,0,0,0.0,,0,0,0,0,0.0,,0,1,11727,200,235.0,,0,0,0,0,0.0,,1,1,11722,0,0.0,,0,1,11776,3560,3360.0,,1,1,11787,0,0.0,,1,1,11760,0,0.0,,0,1,11804,0,0.0,,0,1,11880,0,0.0,,0,1,11924,0,0.0,,0,1,11924,0,0.0,,0,0,0,0,0.0,,0,1,11902,0,0.0,,0,0,0,0,0.0,,0,1,11804,0,0.0
1778951467.9549088,3595.0,11878,-44.0,1,,0,0,0,0,0.0,,0,0,0,0,0.0,,0,1,11727,200,235.0,,0,0,0,0,0.0,,1,1,11722,0,0.0,,0,1,11776,3560,3360.0,,1,1,11787,0,0.0,,1,1,11760,0,0.0,,0,1,11804,0,0.0,,0,1,11880,0,0.0,,0,1,11924,0,0.0,,0,1,11924,0,0.0,,0,0,0,0,0.0,,0,1,11902,0,0.0,,0,0,0,0,0.0,,0,1,11804,0,0.0
1778951468.005456,3595.0,11878,-44.0,1,,0,0,0,0,0.0,,0,0,0,0,0.0,,0,1,11727,200,235.0,,0,0,0,0,0.0,,1,1,11722,0,0.0,,0,1,11776,3560,3360.0,,1,1,11787,0,0.0,,1,1,11760,0,0.0,,0,1,11804,0,0.0,,0,1,11880,0,0.0,,0,1,11924,0,0.0,,0,1,11924,0,0.0,,0,0,0,0,0.0,,0,1,11902,0,0.0,,0,0,0,0,0.0,,0,1,11804,0,0.0
1778951468.0598266,3595.0,11878,-44.0,1,,0,0,0,0,0.0,,0,0,0,0,0.0,,0,1,11727,200,235.0,,0,0,0,0,0.0,,1,1,11722,0,0.0,,0,1,11776,3560,3360.0,,1,1,11787,0,0.0,,1,1,11760,0,0.0,,0,1,11804,0,0.0,,0,1,11880,0,0.0,,0,1,11924,0,0.0,,0,1,11924,0,0.0,,0,0,0,0,0.0,,0,1,11902,0,0.0,,0,0,0,0,0.0,,0,1,11804,0,0.0
1778951468.1188948,3595.0,11878,-44.0,1,,0,0,0,0,0.0,,0,0,0,0,0.0,,0,1,11727,200,235.0,,0,0,0,0,0.0,,1,1,11722,0,0.0,,0,1,11776,3560,3360.0,,1,1,11787,0,0.0,,1,1,11760,0,0.0,,0,1,11804,0,0.0,,0,1,11880,0,0.0,,0,1,11924,0,0.0,,0,1,11924,0,0.0,,0,0,0,0,0.0,,0,1,11902,0,0.0,,0,0,0,0,0.0,,0,1,11804,0,0.0
1778951468.1759708,3595.0,11878,-44.0,1,,0,0,0,0,0.0,,0,0,0,0,0.0,,0,1,11727,200,235.0,,0,0,0,0,0.0,,1,1,11722,0,0.0,,0,1,11776,3560,3360.0,,1,1,11787,0,0.0,,1,1,11760,0,0.0,,0,1,11804,0,0.0,,0,1,11880,0,0.0,,0,1,11924,0,0.0,,0,1,11924,0,0.0,,0,0,0,0,0.0,,0,1,11902,0,0.0,,0,0,0,0,0.0,,0,1,11804,0,0.0
1778951468.236905,3595.0,11878,-44.0,1,,0,0,0,0,0.0,,0,0,0,0,0.0,,0,1,11727,200,235.0,,0,0,0,0,0.0,,1,1,11722,0,0.0,,0,1,11776,3560,3360.0,,1,1,11787,0,0.0,,1,1,11760,0,0.0,,0,1,11804,0,0.0,,0,1,11880,0,0.0,,0,1,11924,0,0.0,,0,1,11924,0,0.0,,0,0,0,0,0.0,,0,1,11902,0,0.0,,0,0,0,0,0.0,,0,1,11804,0,0.0
1778951468.2920475,3595.0,11878,-44.0,1,,0,0,0,0,0.0,,0,0,0,0,0.0,,0,1,11727,200,235.0,,0,0,0,0,0.0,,1,1,11722,0,0.0,,0,1,11776,3560,3360.0,,1,1,11787,0,0.0,,1,1,11760,0,0.0,,0,1,11804,0,0.0,,0,1,11880,0,0.0,,0,1,11924,0,0.0,,0,1,11924,0,0.0,,0,0,0,0,0.0,,0,1,11902,0,0.0,,0,0,0,0,0.0,,0,1,11804,0,0.0
1778951468.345032,3595.0,11878,-44.0,1,,0,0,0,0,0.0,,0,0,0,0,0.0,,0,1,11727,200,235.0,,0,0,0,0,0.0,,1,1,11722,0,0.0,,0,1,11776,3560,3360.0,,1,1,11787,0,0.0,,1,1,11760,0,0.0,,0,1,11804,0,0.0,,0,1,11880,0,0.0,,0,1,11924,0,0.0,,0,1,11924,0,0.0,,0,0,0,0,0.0,,0,1,11902,0,0.0,,0,0,0,0,0.0,,0,1,11804,0,0.0
1778951468.3957343,3595.0,11878,-44.0,1,,0,0,0,0,0.0,,0,0,0,0,0.0,,0,1,11727,200,235.0,,0,0,0,0,0.0,,1,1,11722,0,0.0,,0,1,11776,3560,3360.0,,1,1,11787,0,0.0,,1,1,11760,0,0.0,,0,1,11804,0,0.0,,0,1,11880,0,0.0,,0,1,11924,0,0.0,,0,1,11924,0,0.0,,0,0,0,0,0.0,,0,1,11902,0,0.0,,0,0,0,0,0.0,,0,1,11804,0,0.0
1778951468.4470212,3595.0,11878,-44.0,1,,0,0,0,0,0.0,,0,0,0,0,0.0,,0,1,11727,200,235.0,,0,0,0,0,0.0,,1,1,11722,0,0.0,,0,1,11776,3560,3360.0,,1,1,11787,0,0.0,,1,1,11760,0,0.0,,0,1,11804,0,0.0,,0,1,11880,0,0.0,,0,1,11924,0,0.0,,0,1,11924,0,0.0,,0,0,0,0,0.0,,0,1,11902,0,0.0,,0,0,0,0,0.0,,0,1,11804,0,0.0
1778951468.5006034,3595.0,11878,-44.0,1,,0,0,0,0,0.0,,0,0,0,0,0.0,,0,1,11727,200,235.0,,0,0,0,0,0.0,,1,1,11722,0,0.0,,0,1,11776,3560,3360.0,,1,1,11787,0,0.0,,1,1,11760,0,0.0,,0,1,11804,0,0.0,,0,1,11880,0,0.0,,0,1,11924,0,0.0,,0,1,11924,0,0.0,,0,0,0,0,0.0,,0,1,11902,0,0.0,,0,0,0,0,0.0,,0,1,11804,0,0.0
1778951468.5512056,3595.0,11878,-44.0,1,,0,0,0,0,0.0,,0,0,0,0,0.0,,0,1,11727,200,235.0,,0,0,0,0,0.0,,1,1,11722,0,0.0,,0,1,11776,3560,3360.0,,1,1,11787,0,0.0,,1,1,11760,0,0.0,,0,1,11804,0,0.0,,0,1,11880,0,0.0,,0,1,11924,0,0.0,,0,1,11924,0,0.0,,0,0,0,0,0.0,,0,1,11902,0,0.0,,0,0,0,0,0.0,,0,1,11804,0,0.0
1778951468.6134667,3595.0,11878,-44.0,1,,0,0,0,0,0.0,,0,0,0,0,0.0,,0,1,11727,200,235.0,,0,0,0,0,0.0,,1,1,11722,0,0.0,,0,1,11776,3560,3360.0,,1,1,11787,0,0.0,,1,1,11760,0,0.0,,0,1,11804,0,0.0,,0,1,11880,0,0.0,,0,1,11924,0,0.0,,0,1,11924,0,0.0,,0,0,0,0,0.0,,0,1,11902,0,0.0,,0,0,0,0,0.0,,0,1,11804,0,0.0
1778951468.6651886,3595.0,11878,-44.0,1,,0,0,0,0,0.0,,0,0,0,0,0.0,,0,1,11727,200,235.0,,0,0,0,0,0.0,,1,1,11722,0,0.0,,0,1,11776,3560,3360.0,,1,1,11787,0,0.0,,1,1,11760,0,0.0,,0,1,11804,0,0.0,,0,1,11880,0,0.0,,0,1,11924,0,0.0,,0,1,11924,0,0.0,,0,0,0,0,0.0,,0,1,11902,0,0.0,,0,0,0,0,0.0,,0,1,11804,0,0.0
1778951468.7171726,3595.0,11878,-44.0,1,,0,0,0,0,0.0,,0,0,0,0,0.0,,0,1,11727,200,235.0,,0,0,0,0,0.0,,1,1,11722,0,0.0,,0,1,11776,3560,3360.0,,1,1,11787,0,0.0,,1,1,11760,0,0.0,,0,1,11804,0,0.0,,0,1,11880,0,0.0,,0,1,11924,0,0.0,,0,1,11924,0,0.0,,0,0,0,0,0.0,,0,1,11902,0,0.0,,0,0,0,0,0.0,,0,1,11804,0,0.0
1778951468.7790716,3595.0,11878,-44.0,1,,0,0,0,0,0.0,,0,0,0,0,0.0,,0,1,11727,200,235.0,,0,0,0,0,0.0,,1,1,11722,0,0.0,,0,1,11776,3560,3360.0,,1,1,11787,0,0.0,,1,1,11760,0,0.0,,0,1,11804,0,0.0,,0,1,11880,0,0.0,,0,1,11924,0,0.0,,0,1,11924,0,0.0,,0,0,0,0,0.0,,0,1,11902,0,0.0,,0,0,0,0,0.0,,0,1,11804,0,0.0
1778951468.8419461,3595.0,11878,-44.0,1,,0,0,0,0,0.0,,0,0,0,0,0.0,,0,1,11727,200,235.0,,0,0,0,0,0.0,,1,1,11722,0,0.0,,0,1,11776,3560,3360.0,,1,1,11787,0,0.0,,1,1,11760,0,0.0,,0,1,11804,0,0.0,,0,1,11880,0,0.0,,0,1,11924,0,0.0,,0,1,11924,0,0.0,,0,0,0,0,0.0,,0,1,11902,0,0.0,,0,0,0,0,0.0,,0,1,11804,0,0.0
1778951468.8927956,3595.0,11878,-44.0,1,,0,0,0,0,0.0,,0,0,0,0,0.0,,0,1,11727,200,235.0,,0,0,0,0,0.0,,1,1,11722,0,0.0,,0,1,11776,3560,3360.0,,1,1,11787,0,0.0,,1,1,11760,0,0.0,,0,1,11804,0,0.0,,0,1,11880,0,0.0,,0,1,11924,0,0.0,,0,1,11924,0,0.0,,0,0,0,0,0.0,,0,1,11902,0,0.0,,0,0,0,0,0.0,,0,1,11804,0,0.0
1778951468.952958,3595.0,11878,-44.0,1,,0,0,0,0,0.0,,0,0,0,0,0.0,,0,1,11727,200,235.0,,0,0,0,0,0.0,,1,1,11722,0,0.0,,0,1,11776,3560,3360.0,,1,1,11787,0,0.0,,1,1,11760,0,0.0,,0,1,11804,0,0.0,,0,1,11880,0,0.0,,0,1,11924,0,0.0,,0,1,11924,0,0.0,,0,0,0,0,0.0,,0,1,11902,0,0.0,,0,0,0,0,0.0,,0,1,11804,0,0.0
1778951469.0069776,3595.0,11878,-44.0,1,,0,0,0,0,0.0,,0,0,0,0,0.0,,0,1,11727,200,235.0,,0,0,0,0,0.0,,1,1,11722,0,0.0,,0,1,11776,3560,3360.0,,1,1,11787,0,0.0,,1,1,11760,0,0.0,,0,1,11804,0,0.0,,0,1,11880,0,0.0,,0,1,11924,0,0.0,,0,1,11924,0,0.0,,0,0,0,0,0.0,,0,1,11902,0,0.0,,0,0,0,0,0.0,,0,1,11804,0,0.0
1778951469.064844,3595.0,11878,-44.0,1,,0,0,0,0,0.0,,0,0,0,0,0.0,,0,1,11727,200,235.0,,0,0,0,0,0.0,,1,1,11722,0,0.0,,0,1,11776,3560,3360.0,,1,1,11787,0,0.0,,1,1,11760,0,0.0,,0,1,11804,0,0.0,,0,1,11880,0,0.0,,0,1,11924,0,0.0,,0,1,11924,0,0.0,,0,0,0,0,0.0,,0,1,11902,0,0.0,,0,0,0,0,0.0,,0,1,11804,0,0.0
1778951469.1162157,3595.0,11878,-44.0,1,,0,0,0,0,0.0,,0,0,0,0,0.0,,0,1,11727,200,235.0,,0,0,0,0,0.0,,1,1,11722,0,0.0,,0,1,11776,3560,3360.0,,1,1,11787,0,0.0,,1,1,11760,0,0.0,,0,1,11804,0,0.0,,0,1,11880,0,0.0,,0,1,11924,0,0.0,,0,1,11924,0,0.0,,0,0,0,0,0.0,,0,1,11902,0,0.0,,0,0,0,0,0.0,,0,1,11804,0,0.0
1778951469.174934,3595.0,11878,-44.0,1,,0,0,0,0,0.0,,0,0,0,0,0.0,,0,1,11727,200,235.0,,0,0,0,0,0.0,,1,1,11722,0,0.0,,0,1,11776,3560,3360.0,,1,1,11787,0,0.0,,1,1,11760,0,0.0,,0,1,11804,0,0.0,,0,1,11880,0,0.0,,0,1,11924,0,0.0,,0,1,11924,0,0.0,,0,0,0,0,0.0,,0,1,11902,0,0.0,,0,0,0,0,0.0,,0,1,11804,0,0.0
1778951469.2257087,3595.0,11878,-44.0,1,,0,0,0,0,0.0,,0,0,0,0,0.0,,0,1,11727,200,235.0,,0,0,0,0,0.0,,1,1,11722,0,0.0,,0,1,11776,3560,3360.0,,1,1,11787,0,0.0,,1,1,11760,0,0.0,,0,1,11804,0,0.0,,0,1,11880,0,0.0,,0,1,11924,0,0.0,,0,1,11924,0,0.0,,0,0,0,0,0.0,,0,1,11902,0,0.0,,0,0,0,0,0.0,,0,1,11804,0,0.0
1778951469.2771273,3595.0,11878,-44.0,1,,0,0,0,0,0.0,,0,0,0,0,0.0,,0,1,11727,200,235.0,,0,0,0,0,0.0,,1,1,11722,0,0.0,,0,1,11776,3560,3360.0,,1,1,11787,0,0.0,,1,1,11760,0,0.0,,0,1,11804,0,0.0,,0,1,11880,0,0.0,,0,1,11924,0,0.0,,0,1,11924,0,0.0,,0,0,0,0,0.0,,0,1,11902,0,0.0,,0,0,0,0,0.0,,0,1,11804,0,0.0
1778951469.3350964,3595.0,11878,-44.0,1,,0,0,0,0,0.0,,0,0,0,0,0.0,,0,1,11727,200,235.0,,0,0,0,0,0.0,,1,1,11722,0,0.0,,0,1,11776,3560,3360.0,,1,1,11787,0,0.0,,1,1,11760,0,0.0,,0,1,11804,0,0.0,,0,1,11880,0,0.0,,0,1,11924,0,0.0,,0,1,11924,0,0.0,,0,0,0,0,0.0,,0,1,11902,0,0.0,,0,0,0,0,0.0,,0,1,11804,0,0.0
1778951469.3855305,3595.0,11878,-44.0,1,,0,0,0,0,0.0,,0,0,0,0,0.0,,0,1,11727,200,235.0,,0,0,0,0,0.0,,1,1,11722,0,0.0,,0,1,11776,3560,3360.0,,1,1,11787,0,0.0,,1,1,11760,0,0.0,,0,1,11804,0,0.0,,0,1,11880,0,0.0,,0,1,11924,0,0.0,,0,1,11924,0,0.0,,0,0,0,0,0.0,,0,1,11902,0,0.0,,0,0,0,0,0.0,,0,1,11804,0,0.0
1778951469.4550967,3595.0,11878,-44.0,1,,0,0,0,0,0.0,,0,0,0,0,0.0,,0,1,11727,200,235.0,,0,0,0,0,0.0,,1,1,11722,0,0.0,,0,1,11776,3560,3360.0,,1,1,11787,0,0.0,,1,1,11760,0,0.0,,0,1,11804,0,0.0,,0,1,11880,0,0.0,,0,1,11924,0,0.0,,0,1,11924,0,0.0,,0,0,0,0,0.0,,0,1,11902,0,0.0,,0,0,0,0,0.0,,0,1,11804,0,0.0
1778951469.5154722,3595.0,11878,-44.0,1,,0,0,0,0,0.0,,0,0,0,0,0.0,,0,1,11727,200,235.0,,0,0,0,0,0.0,,1,1,11722,0,0.0,,0,1,11776,3560,3360.0,,1,1,11787,0,0.0,,1,1,11760,0,0.0,,0,1,11804,0,0.0,,0,1,11880,0,0.0,,0,1,11924,0,0.0,,0,1,11924,0,0.0,,0,0,0,0,0.0,,0,1,11902,0,0.0,,0,0,0,0,0.0,,0,1,11804,0,0.0
1778951469.5782945,3595.0,11878,-44.0,1,,0,0,0,0,0.0,,0,0,0,0,0.0,,0,1,11727,200,235.0,,0,0,0,0,0.0,,1,1,11722,0,0.0,,0,1,11776,3560,3360.0,,1,1,11787,0,0.0,,1,1,11760,0,0.0,,0,1,11804,0,0.0,,0,1,11880,0,0.0,,0,1,11924,0,0.0,,0,1,11924,0,0.0,,0,0,0,0,0.0,,0,1,11902,0,0.0,,0,0,0,0,0.0,,0,1,11804,0,0.0
1778951469.6288013,3595.0,11878,-44.0,1,,0,0,0,0,0.0,,0,0,0,0,0.0,,0,1,11727,200,235.0,,0,0,0,0,0.0,,1,1,11722,0,0.0,,0,1,11776,3560,3360.0,,1,1,11787,0,0.0,,1,1,11760,0,0.0,,0,1,11804,0,0.0,,0,1,11880,0,0.0,,0,1,11924,0,0.0,,0,1,11924,0,0.0,,0,0,0,0,0.0,,0,1,11902,0,0.0,,0,0,0,0,0.0,,0,1,11804,0,0.0
1778951469.680071,3595.0,11878,-44.0,1,,0,0,0,0,0.0,,0,0,0,0,0.0,,0,1,11727,200,235.0,,0,0,0,0,0.0,,1,1,11722,0,0.0,,0,1,11776,3560,3360.0,,1,1,11787,0,0.0,,1,1,11760,0,0.0,,0,1,11804,0,0.0,,0,1,11880,0,0.0,,0,1,11924,0,0.0,,0,1,11924,0,0.0,,0,0,0,0,0.0,,0,1,11902,0,0.0,,0,0,0,0,0.0,,0,1,11804,0,0.0
1778951469.730595,3595.0,11878,-44.0,1,,0,0,0,0,0.0,,0,0,0,0,0.0,,0,1,11727,200,235.0,,0,0,0,0,0.0,,1,1,11722,0,0.0,,0,1,11776,3560,3360.0,,1,1,11787,0,0.0,,1,1,11760,0,0.0,,0,1,11804,0,0.0,,0,1,11880,0,0.0,,0,1,11924,0,0.0,,0,1,11924,0,0.0,,0,0,0,0,0.0,,0,1,11902,0,0.0,,0,0,0,0,0.0,,0,1,11804,0,0.0
1778951469.785133,3595.0,11878,-44.0,1,,0,0,0,0,0.0,,0,0,0,0,0.0,,0,1,11727,200,235.0,,0,0,0,0,0.0,,1,1,11722,0,0.0,,0,1,11776,3560,3360.0,,1,1,11787,0,0.0,,1,1,11760,0,0.0,,0,1,11804,0,0.0,,0,1,11880,0,0.0,,0,1,11924,0,0.0,,0,1,11924,0,0.0,,0,0,0,0,0.0,,0,1,11902,0,0.0,,0,0,0,0,0.0,,0,1,11804,0,0.0
1778951469.83585,3595.0,11878,-44.0,1,,0,0,0,0,0.0,,0,0,0,0,0.0,,0,1,11727,200,235.0,,0,0,0,0,0.0,,1,1,11722,0,0.0,,0,1,11776,3560,3360.0,,1,1,11787,0,0.0,,1,1,11760,0,0.0,,0,1,11804,0,0.0,,0,1,11880,0,0.0,,0,1,11924,0,0.0,,0,1,11924,0,0.0,,0,0,0,0,0.0,,0,1,11902,0,0.0,,0,0,0,0,0.0,,0,1,11804,0,0.0
1778951469.9028623,3595.0,11878,-44.0,1,,0,0,0,0,0.0,,0,0,0,0,0.0,,0,1,11727,200,235.0,,0,0,0,0,0.0,,1,1,11722,0,0.0,,0,1,11776,3560,3360.0,,1,1,11787,0,0.0,,1,1,11760,0,0.0,,0,1,11804,0,0.0,,0,1,11880,0,0.0,,0,1,11924,0,0.0,,0,1,11924,0,0.0,,0,0,0,0,0.0,,0,1,11902,0,0.0,,0,0,0,0,0.0,,0,1,11804,0,0.0
1778951469.9536088,3595.0,11878,-44.0,1,,0,0,0,0,0.0,,0,0,0,0,0.0,,0,1,11727,200,235.0,,0,0,0,0,0.0,,1,1,11722,0,0.0,,0,1,11776,3560,3360.0,,1,1,11787,0,0.0,,1,1,11760,0,0.0,,0,1,11804,0,0.0,,0,1,11880,0,0.0,,0,1,11924,0,0.0,,0,1,11924,0,0.0,,0,0,0,0,0.0,,0,1,11902,0,0.0,,0,0,0,0,0.0,,0,1,11804,0,0.0
1778951470.0177035,3595.0,11878,-44.0,1,,0,0,0,0,0.0,,0,0,0,0,0.0,,0,1,11727,200,235.0,,0,0,0,0,0.0,,1,1,11722,0,0.0,,0,1,11776,3560,3360.0,,1,1,11787,0,0.0,,1,1,11760,0,0.0,,0,1,11804,0,0.0,,0,1,11880,0,0.0,,0,1,11924,0,0.0,,0,1,11924,0,0.0,,0,0,0,0,0.0,,0,1,11902,0,0.0,,0,0,0,0,0.0,,0,1,11804,0,0.0
1778951470.0686007,3595.0,11878,-44.0,1,,0,0,0,0,0.0,,0,0,0,0,0.0,,0,1,11727,200,235.0,,0,0,0,0,0.0,,1,1,11722,0,0.0,,0,1,11776,3560,3360.0,,1,1,11787,0,0.0,,1,1,11760,0,0.0,,0,1,11804,0,0.0,,0,1,11880,0,0.0,,0,1,11924,0,0.0,,0,1,11924,0,0.0,,0,0,0,0,0.0,,0,1,11902,0,0.0,,0,0,0,0,0.0,,0,1,11804,0,0.0
1778951470.1215868,3595.0,11878,-44.0,1,,0,0,0,0,0.0,,0,0,0,0,0.0,,0,1,11727,200,235.0,,0,0,0,0,0.0,,1,1,11722,0,0.0,,0,1,11776,3560,3360.0,,1,1,11787,0,0.0,,1,1,11760,0,0.0,,0,1,11804,0,0.0,,0,1,11880,0,0.0,,0,1,11924,0,0.0,,0,1,11924,0,0.0,,0,0,0,0,0.0,,0,1,11902,0,0.0,,0,0,0,0,0.0,,0,1,11804,0,0.0
1778951470.1846244,3595.0,11878,-44.0,1,,0,0,0,0,0.0,,0,0,0,0,0.0,,0,1,11727,200,235.0,,0,0,0,0,0.0,,1,1,11722,0,0.0,,0,1,11776,3560,3360.0,,1,1,11787,0,0.0,,1,1,11760,0,0.0,,0,1,11804,0,0.0,,0,1,11880,0,0.0,,0,1,11924,0,0.0,,0,1,11924,0,0.0,,0,0,0,0,0.0,,0,1,11902,0,0.0,,0,0,0,0,0.0,,0,1,11804,0,0.0
1778951470.2381506,3595.0,11878,-44.0,1,,0,0,0,0,0.0,,0,0,0,0,0.0,,0,1,11727,200,235.0,,0,0,0,0,0.0,,1,1,11722,0,0.0,,0,1,11776,3560,3360.0,,1,1,11787,0,0.0,,1,1,11760,0,0.0,,0,1,11804,0,0.0,,0,1,11880,0,0.0,,0,1,11924,0,0.0,,0,1,11924,0,0.0,,0,0,0,0,0.0,,0,1,11902,0,0.0,,0,0,0,0,0.0,,0,1,11804,0,0.0
1778951470.31904,3595.0,11878,-44.0,1,,0,0,0,0,0.0,,0,0,0,0,0.0,,0,1,11727,200,235.0,,0,0,0,0,0.0,,1,1,11722,0,0.0,,0,1,11776,3560,3360.0,,1,1,11787,0,0.0,,1,1,11760,0,0.0,,0,1,11804,0,0.0,,0,1,11880,0,0.0,,0,1,11924,0,0.0,,0,1,11924,0,0.0,,0,0,0,0,0.0,,0,1,11902,0,0.0,,0,0,0,0,0.0,,0,1,11804,0,0.0
1778951470.370798,3595.0,11878,-44.0,1,,0,0,0,0,0.0,,0,0,0,0,0.0,,0,1,11727,200,235.0,,0,0,0,0,0.0,,1,1,11722,0,0.0,,0,1,11776,3560,3360.0,,1,1,11787,0,0.0,,1,1,11760,0,0.0,,0,1,11804,0,0.0,,0,1,11880,0,0.0,,0,1,11924,0,0.0,,0,1,11924,0,0.0,,0,0,0,0,0.0,,0,1,11902,0,0.0,,0,0,0,0,0.0,,0,1,11804,0,0.0
1778951470.4282389,3595.0,11878,-44.0,1,,0,0,0,0,0.0,,0,0,0,0,0.0,,0,1,11727,200,235.0,,0,0,0,0,0.0,,1,1,11722,0,0.0,,0,1,11776,3560,3360.0,,1,1,11787,0,0.0,,1,1,11760,0,0.0,,0,1,11804,0,0.0,,0,1,11880,0,0.0,,0,1,11924,0,0.0,,0,1,11924,0,0.0,,0,0,0,0,0.0,,0,1,11902,0,0.0,,0,0,0,0,0.0,,0,1,11804,0,0.0
1778951470.4860702,3595.0,11878,-44.0,1,,0,0,0,0,0.0,,0,0,0,0,0.0,,0,1,11727,200,235.0,,0,0,0,0,0.0,,1,1,11722,0,0.0,,0,1,11776,3560,3360.0,,1,1,11787,0,0.0,,1,1,11760,0,0.0,,0,1,11804,0,0.0,,0,1,11880,0,0.0,,0,1,11924,0,0.0,,0,1,11924,0,0.0,,0,0,0,0,0.0,,0,1,11902,0,0.0,,0,0,0,0,0.0,,0,1,11804,0,0.0
1778951470.5429769,3595.0,11878,-44.0,1,,0,0,0,0,0.0,,0,0,0,0,0.0,,0,1,11727,200,235.0,,0,0,0,0,0.0,,1,1,11722,0,0.0,,0,1,11776,3560,3360.0,,1,1,11787,0,0.0,,1,1,11760,0,0.0,,0,1,11804,0,0.0,,0,1,11880,0,0.0,,0,1,11924,0,0.0,,0,1,11924,0,0.0,,0,0,0,0,0.0,,0,1,11902,0,0.0,,0,0,0,0,0.0,,0,1,11804,0,0.0
1778951470.605526,3595.0,11878,-44.0,1,,0,0,0,0,0.0,,0,0,0,0,0.0,,0,1,11727,200,235.0,,0,0,0,0,0.0,,1,1,11722,0,0.0,,0,1,11776,3560,3360.0,,1,1,11787,0,0.0,,1,1,11760,0,0.0,,0,1,11804,0,0.0,,0,1,11880,0,0.0,,0,1,11924,0,0.0,,0,1,11924,0,0.0,,0,0,0,0,0.0,,0,1,11902,0,0.0,,0,0,0,0,0.0,,0,1,11804,0,0.0
1778951470.659888,3595.0,11878,-44.0,1,,0,0,0,0,0.0,,0,0,0,0,0.0,,0,1,11727,200,235.0,,0,0,0,0,0.0,,1,1,11722,0,0.0,,0,1,11776,3560,3360.0,,1,1,11787,0,0.0,,1,1,11760,0,0.0,,0,1,11804,0,0.0,,0,1,11880,0,0.0,,0,1,11924,0,0.0,,0,1,11924,0,0.0,,0,0,0,0,0.0,,0,1,11902,0,0.0,,0,0,0,0,0.0,,0,1,11804,0,0.0
1778951470.7192764,3595.0,11878,-44.0,1,,0,0,0,0,0.0,,0,0,0,0,0.0,,0,1,11727,200,235.0,,0,0,0,0,0.0,,1,1,11722,0,0.0,,0,1,11776,3560,3360.0,,1,1,11787,0,0.0,,1,1,11760,0,0.0,,0,1,11804,0,0.0,,0,1,11880,0,0.0,,0,1,11924,0,0.0,,0,1,11924,0,0.0,,0,0,0,0,0.0,,0,1,11902,0,0.0,,0,0,0,0,0.0,,0,1,11804,0,0.0
1778951470.7766554,3595.0,11878,-44.0,1,,0,0,0,0,0.0,,0,0,0,0,0.0,,0,1,11727,200,235.0,,0,0,0,0,0.0,,1,1,11722,0,0.0,,0,1,11776,3560,3360.0,,1,1,11787,0,0.0,,1,1,11760,0,0.0,,0,1,11804,0,0.0,,0,1,11880,0,0.0,,0,1,11924,0,0.0,,0,1,11924,0,0.0,,0,0,0,0,0.0,,0,1,11902,0,0.0,,0,0,0,0,0.0,,0,1,11804,0,0.0
1778951470.8330398,3595.0,11878,-44.0,1,,0,0,0,0,0.0,,0,0,0,0,0.0,,0,1,11727,200,235.0,,0,0,0,0,0.0,,1,1,11722,0,0.0,,0,1,11776,3560,3360.0,,1,1,11787,0,0.0,,1,1,11760,0,0.0,,0,1,11804,0,0.0,,0,1,11880,0,0.0,,0,1,11924,0,0.0,,0,1,11924,0,0.0,,0,0,0,0,0.0,,0,1,11902,0,0.0,,0,0,0,0,0.0,,0,1,11804,0,0.0
1778951470.8883915,3595.0,11878,-44.0,1,,0,0,0,0,0.0,,0,0,0,0,0.0,,0,1,11727,200,235.0,,0,0,0,0,0.0,,1,1,11722,0,0.0,,0,1,11776,3560,3360.0,,1,1,11787,0,0.0,,1,1,11760,0,0.0,,0,1,11804,0,0.0,,0,1,11880,0,0.0,,0,1,11924,0,0.0,,0,1,11924,0,0.0,,0,0,0,0,0.0,,0,1,11902,0,0.0,,0,0,0,0,0.0,,0,1,11804,0,0.0
1778951470.9475546,3595.0,11878,-44.0,1,,0,0,0,0,0.0,,0,0,0,0,0.0,,0,1,11727,200,235.0,,0,0,0,0,0.0,,1,1,11722,0,0.0,,0,1,11776,3560,3360.0,,1,1,11787,0,0.0,,1,1,11760,0,0.0,,0,1,11804,0,0.0,,0,1,11880,0,0.0,,0,1,11924,0,0.0,,0,1,11924,0,0.0,,0,0,0,0,0.0,,0,1,11902,0,0.0,,0,0,0,0,0.0,,0,1,11804,0,0.0
1778951471.0042403,3595.0,11878,-44.0,1,,0,0,0,0,0.0,,0,0,0,0,0.0,,0,1,11727,200,235.0,,0,0,0,0,0.0,,1,1,11722,0,0.0,,0,1,11776,3560,3360.0,,1,1,11787,0,0.0,,1,1,11760,0,0.0,,0,1,11804,0,0.0,,0,1,11880,0,0.0,,0,1,11924,0,0.0,,0,1,11924,0,0.0,,0,0,0,0,0.0,,0,1,11902,0,0.0,,0,0,0,0,0.0,,0,1,11804,0,0.0
1778951471.0639617,3595.0,11878,-44.0,1,,0,0,0,0,0.0,,0,0,0,0,0.0,,0,1,11727,200,235.0,,0,0,0,0,0.0,,1,1,11722,0,0.0,,0,1,11776,3560,3360.0,,1,1,11787,0,0.0,,1,1,11760,0,0.0,,0,1,11804,0,0.0,,0,1,11880,0,0.0,,0,1,11924,0,0.0,,0,1,11924,0,0.0,,0,0,0,0,0.0,,0,1,11902,0,0.0,,0,0,0,0,0.0,,0,1,11804,0,0.0
1778951471.1176677,3595.0,11878,-44.0,1,,0,0,0,0,0.0,,0,0,0,0,0.0,,0,1,11727,200,235.0,,0,0,0,0,0.0,,1,1,11722,0,0.0,,0,1,11776,3560,3360.0,,1,1,11787,0,0.0,,1,1,11760,0,0.0,,0,1,11804,0,0.0,,0,1,11880,0,0.0,,0,1,11924,0,0.0,,0,1,11924,0,0.0,,0,0,0,0,0.0,,0,1,11902,0,0.0,,0,0,0,0,0.0,,0,1,11804,0,0.0
1778951471.1777651,3595.0,11878,-44.0,1,,0,0,0,0,0.0,,0,0,0,0,0.0,,0,1,11727,200,235.0,,0,0,0,0,0.0,,1,1,11722,0,0.0,,0,1,11776,3560,3360.0,,1,1,11787,0,0.0,,1,1,11760,0,0.0,,0,1,11804,0,0.0,,0,1,11880,0,0.0,,0,1,11924,0,0.0,,0,1,11924,0,0.0,,0,0,0,0,0.0,,0,1,11902,0,0.0,,0,0,0,0,0.0,,0,1,11804,0,0.0
1778951471.2336588,3595.0,11878,-44.0,1,,0,0,0,0,0.0,,0,0,0,0,0.0,,0,1,11727,200,235.0,,0,0,0,0,0.0,,1,1,11722,0,0.0,,0,1,11776,3560,3360.0,,1,1,11787,0,0.0,,1,1,11760,0,0.0,,0,1,11804,0,0.0,,0,1,11880,0,0.0,,0,1,11924,0,0.0,,0,1,11924,0,0.0,,0,0,0,0,0.0,,0,1,11902,0,0.0,,0,0,0,0,0.0,,0,1,11804,0,0.0
1778951471.292505,3595.0,11878,-44.0,1,,0,0,0,0,0.0,,0,0,0,0,0.0,,0,1,11727,200,235.0,,0,0,0,0,0.0,,1,1,11722,0,0.0,,0,1,11776,3560,3360.0,,1,1,11787,0,0.0,,1,1,11760,0,0.0,,0,1,11804,0,0.0,,0,1,11880,0,0.0,,0,1,11924,0,0.0,,0,1,11924,0,0.0,,0,0,0,0,0.0,,0,1,11902,0,0.0,,0,0,0,0,0.0,,0,1,11804,0,0.0
1778951471.354979,3595.0,11878,-44.0,1,,0,0,0,0,0.0,,0,0,0,0,0.0,,0,1,11727,200,235.0,,0,0,0,0,0.0,,1,1,11722,0,0.0,,0,1,11776,3560,3360.0,,1,1,11787,0,0.0,,1,1,11760,0,0.0,,0,1,11804,0,0.0,,0,1,11880,0,0.0,,0,1,11924,0,0.0,,0,1,11924,0,0.0,,0,0,0,0,0.0,,0,1,11902,0,0.0,,0,0,0,0,0.0,,0,1,11804,0,0.0
1778951471.4118984,3595.0,11878,-44.0,1,,0,0,0,0,0.0,,0,0,0,0,0.0,,0,1,11727,200,235.0,,0,0,0,0,0.0,,1,1,11722,0,0.0,,0,1,11776,3560,3360.0,,1,1,11787,0,0.0,,1,1,11760,0,0.0,,0,1,11804,0,0.0,,0,1,11880,0,0.0,,0,1,11924,0,0.0,,0,1,11924,0,0.0,,0,0,0,0,0.0,,0,1,11902,0,0.0,,0,0,0,0,0.0,,0,1,11804,0,0.0
1778951471.466875,3595.0,11878,-44.0,1,,0,0,0,0,0.0,,0,0,0,0,0.0,,0,1,11727,200,235.0,,0,0,0,0,0.0,,1,1,11722,0,0.0,,0,1,11776,3560,3360.0,,1,1,11787,0,0.0,,1,1,11760,0,0.0,,0,1,11804,0,0.0,,0,1,11880,0,0.0,,0,1,11924,0,0.0,,0,1,11924,0,0.0,,0,0,0,0,0.0,,0,1,11902,0,0.0,,0,0,0,0,0.0,,0,1,11804,0,0.0
1778951471.5239444,3595.0,11878,-44.0,1,,0,0,0,0,0.0,,0,0,0,0,0.0,,0,1,11727,200,235.0,,0,0,0,0,0.0,,1,1,11722,0,0.0,,0,1,11776,3560,3360.0,,1,1,11787,0,0.0,,1,1,11760,0,0.0,,0,1,11804,0,0.0,,0,1,11880,0,0.0,,0,1,11924,0,0.0,,0,1,11924,0,0.0,,0,0,0,0,0.0,,0,1,11902,0,0.0,,0,0,0,0,0.0,,0,1,11804,0,0.0
1778951471.5781283,3595.0,11878,-44.0,1,,0,0,0,0,0.0,,0,0,0,0,0.0,,0,1,11727,200,235.0,,0,0,0,0,0.0,,1,1,11722,0,0.0,,0,1,11776,3560,3360.0,,1,1,11787,0,0.0,,1,1,11760,0,0.0,,0,1,11804,0,0.0,,0,1,11880,0,0.0,,0,1,11924,0,0.0,,0,1,11924,0,0.0,,0,0,0,0,0.0,,0,1,11902,0,0.0,,0,0,0,0,0.0,,0,1,11804,0,0.0
1778951471.6402073,3595.0,11878,-44.0,1,,0,0,0,0,0.0,,0,0,0,0,0.0,,0,1,11727,200,235.0,,0,0,0,0,0.0,,1,1,11722,0,0.0,,0,1,11776,3560,3360.0,,1,1,11787,0,0.0,,1,1,11760,0,0.0,,0,1,11804,0,0.0,,0,1,11880,0,0.0,,0,1,11924,0,0.0,,0,1,11924,0,0.0,,0,0,0,0,0.0,,0,1,11902,0,0.0,,0,0,0,0,0.0,,0,1,11804,0,0.0
1778951471.6965513,3595.0,11878,-44.0,1,,0,0,0,0,0.0,,0,0,0,0,0.0,,0,1,11727,200,235.0,,0,0,0,0,0.0,,1,1,11722,0,0.0,,0,1,11776,3560,3360.0,,1,1,11787,0,0.0,,1,1,11760,0,0.0,,0,1,11804,0,0.0,,0,1,11880,0,0.0,,0,1,11924,0,0.0,,0,1,11924,0,0.0,,0,0,0,0,0.0,,0,1,11902,0,0.0,,0,0,0,0,0.0,,0,1,11804,0,0.0
1778951471.7480998,3595.0,11878,-44.0,1,,0,0,0,0,0.0,,0,0,0,0,0.0,,0,1,11727,200,235.0,,0,0,0,0,0.0,,1,1,11722,0,0.0,,0,1,11776,3560,3360.0,,1,1,11787,0,0.0,,1,1,11760,0,0.0,,0,1,11804,0,0.0,,0,1,11880,0,0.0,,0,1,11924,0,0.0,,0,1,11924,0,0.0,,0,0,0,0,0.0,,0,1,11902,0,0.0,,0,0,0,0,0.0,,0,1,11804,0,0.0
1778951471.7996228,3595.0,11878,-44.0,1,,0,0,0,0,0.0,,0,0,0,0,0.0,,0,1,11727,200,235.0,,0,0,0,0,0.0,,1,1,11722,0,0.0,,0,1,11776,3560,3360.0,,1,1,11787,0,0.0,,1,1,11760,0,0.0,,0,1,11804,0,0.0,,0,1,11880,0,0.0,,0,1,11924,0,0.0,,0,1,11924,0,0.0,,0,0,0,0,0.0,,0,1,11902,0,0.0,,0,0,0,0,0.0,,0,1,11804,0,0.0
1778951471.8498428,3595.0,11878,-44.0,1,,0,0,0,0,0.0,,0,0,0,0,0.0,,0,1,11727,200,235.0,,0,0,0,0,0.0,,1,1,11722,0,0.0,,0,1,11776,3560,3360.0,,1,1,11787,0,0.0,,1,1,11760,0,0.0,,0,1,11804,0,0.0,,0,1,11880,0,0.0,,0,1,11924,0,0.0,,0,1,11924,0,0.0,,0,0,0,0,0.0,,0,1,11902,0,0.0,,0,0,0,0,0.0,,0,1,11804,0,0.0
1778951471.9022055,3595.0,11878,-44.0,1,,0,0,0,0,0.0,,0,0,0,0,0.0,,0,1,11727,200,235.0,,0,0,0,0,0.0,,1,1,11722,0,0.0,,0,1,11776,3560,3360.0,,1,1,11787,0,0.0,,1,1,11760,0,0.0,,0,1,11804,0,0.0,,0,1,11880,0,0.0,,0,1,11924,0,0.0,,0,1,11924,0,0.0,,0,0,0,0,0.0,,0,1,11902,0,0.0,,0,0,0,0,0.0,,0,1,11804,0,0.0
1778951471.955093,3595.0,11878,-44.0,1,,0,0,0,0,0.0,,0,0,0,0,0.0,,0,1,11727,200,235.0,,0,0,0,0,0.0,,1,1,11722,0,0.0,,0,1,11776,3560,3360.0,,1,1,11787,0,0.0,,1,1,11760,0,0.0,,0,1,11804,0,0.0,,0,1,11880,0,0.0,,0,1,11924,0,0.0,,0,1,11924,0,0.0,,0,0,0,0,0.0,,0,1,11902,0,0.0,,0,0,0,0,0.0,,0,1,11804,0,0.0
1778951472.0094142,3595.0,11878,-44.0,1,,0,0,0,0,0.0,,0,0,0,0,0.0,,0,1,11727,200,235.0,,0,0,0,0,0.0,,1,1,11722,0,0.0,,0,1,11776,3560,3360.0,,1,1,11787,0,0.0,,1,1,11760,0,0.0,,0,1,11804,0,0.0,,0,1,11880,0,0.0,,0,1,11924,0,0.0,,0,1,11924,0,0.0,,0,0,0,0,0.0,,0,1,11902,0,0.0,,0,0,0,0,0.0,,0,1,11804,0,0.0
1778951472.072208,3595.0,11878,-44.0,1,,0,0,0,0,0.0,,0,0,0,0,0.0,,0,1,11727,200,235.0,,0,0,0,0,0.0,,1,1,11722,0,0.0,,0,1,11776,3560,3360.0,,1,1,11787,0,0.0,,1,1,11760,0,0.0,,0,1,11804,0,0.0,,0,1,11880,0,0.0,,0,1,11924,0,0.0,,0,1,11924,0,0.0,,0,0,0,0,0.0,,0,1,11902,0,0.0,,0,0,0,0,0.0,,0,1,11804,0,0.0
1778951472.1371782,3595.0,11878,-44.0,1,,0,0,0,0,0.0,,0,0,0,0,0.0,,0,1,11727,200,235.0,,0,0,0,0,0.0,,1,1,11722,0,0.0,,0,1,11776,3560,3360.0,,1,1,11787,0,0.0,,1,1,11760,0,0.0,,0,1,11804,0,0.0,,0,1,11880,0,0.0,,0,1,11924,0,0.0,,0,1,11924,0,0.0,,0,0,0,0,0.0,,0,1,11902,0,0.0,,0,0,0,0,0.0,,0,1,11804,0,0.0
1778951472.1880872,3595.0,11878,-44.0,1,,0,0,0,0,0.0,,0,0,0,0,0.0,,0,1,11727,200,235.0,,0,0,0,0,0.0,,1,1,11722,0,0.0,,0,1,11776,3560,3360.0,,1,1,11787,0,0.0,,1,1,11760,0,0.0,,0,1,11804,0,0.0,,0,1,11880,0,0.0,,0,1,11924,0,0.0,,0,1,11924,0,0.0,,0,0,0,0,0.0,,0,1,11902,0,0.0,,0,0,0,0,0.0,,0,1,11804,0,0.0
1778951472.2501342,3595.0,11878,-44.0,1,,0,0,0,0,0.0,,0,0,0,0,0.0,,0,1,11727,200,235.0,,0,0,0,0,0.0,,1,1,11722,0,0.0,,0,1,11776,3560,3360.0,,1,1,11787,0,0.0,,1,1,11760,0,0.0,,0,1,11804,0,0.0,,0,1,11880,0,0.0,,0,1,11924,0,0.0,,0,1,11924,0,0.0,,0,0,0,0,0.0,,0,1,11902,0,0.0,,0,0,0,0,0.0,,0,1,11804,0,0.0
1778951472.301172,3595.0,11878,-44.0,1,,0,0,0,0,0.0,,0,0,0,0,0.0,,0,1,11727,200,235.0,,0,0,0,0,0.0,,1,1,11722,0,0.0,,0,1,11776,3560,3360.0,,1,1,11787,0,0.0,,1,1,11760,0,0.0,,0,1,11804,0,0.0,,0,1,11880,0,0.0,,0,1,11924,0,0.0,,0,1,11924,0,0.0,,0,0,0,0,0.0,,0,1,11902,0,0.0,,0,0,0,0,0.0,,0,1,11804,0,0.0
1778951472.3522017,3595.0,11878,-44.0,1,,0,0,0,0,0.0,,0,0,0,0,0.0,,0,1,11727,200,235.0,,0,0,0,0,0.0,,1,1,11722,0,0.0,,0,1,11776,3560,3360.0,,1,1,11787,0,0.0,,1,1,11760,0,0.0,,0,1,11804,0,0.0,,0,1,11880,0,0.0,,0,1,11924,0,0.0,,0,1,11924,0,0.0,,0,0,0,0,0.0,,0,1,11902,0,0.0,,0,0,0,0,0.0,,0,1,11804,0,0.0
1778951472.4232595,3595.0,11878,-44.0,1,,0,0,0,0,0.0,,0,0,0,0,0.0,,0,1,11727,200,235.0,,0,0,0,0,0.0,,1,1,11722,0,0.0,,0,1,11776,3560,3360.0,,1,1,11787,0,0.0,,1,1,11760,0,0.0,,0,1,11804,0,0.0,,0,1,11880,0,0.0,,0,1,11924,0,0.0,,0,1,11924,0,0.0,,0,0,0,0,0.0,,0,1,11902,0,0.0,,0,0,0,0,0.0,,0,1,11804,0,0.0
1778951472.4763045,3595.0,11878,-44.0,1,,0,0,0,0,0.0,,0,0,0,0,0.0,,0,1,11727,200,235.0,,0,0,0,0,0.0,,1,1,11722,0,0.0,,0,1,11776,3560,3360.0,,1,1,11787,0,0.0,,1,1,11760,0,0.0,,0,1,11804,0,0.0,,0,1,11880,0,0.0,,0,1,11924,0,0.0,,0,1,11924,0,0.0,,0,0,0,0,0.0,,0,1,11902,0,0.0,,0,0,0,0,0.0,,0,1,11804,0,0.0
1778951472.5276937,3595.0,11878,-44.0,1,,0,0,0,0,0.0,,0,0,0,0,0.0,,0,1,11727,200,235.0,,0,0,0,0,0.0,,1,1,11722,0,0.0,,0,1,11776,3560,3360.0,,1,1,11787,0,0.0,,1,1,11760,0,0.0,,0,1,11804,0,0.0,,0,1,11880,0,0.0,,0,1,11924,0,0.0,,0,1,11924,0,0.0,,0,0,0,0,0.0,,0,1,11902,0,0.0,,0,0,0,0,0.0,,0,1,11804,0,0.0
1778951472.5784516,3595.0,11878,-44.0,1,,0,0,0,0,0.0,,0,0,0,0,0.0,,0,1,11727,200,235.0,,0,0,0,0,0.0,,1,1,11722,0,0.0,,0,1,11776,3560,3360.0,,1,1,11787,0,0.0,,1,1,11760,0,0.0,,0,1,11804,0,0.0,,0,1,11880,0,0.0,,0,1,11924,0,0.0,,0,1,11924,0,0.0,,0,0,0,0,0.0,,0,1,11902,0,0.0,,0,0,0,0,0.0,,0,1,11804,0,0.0
1778951472.6342838,3595.0,11878,-44.0,1,,0,0,0,0,0.0,,0,0,0,0,0.0,,0,1,11727,200,235.0,,0,0,0,0,0.0,,1,1,11722,0,0.0,,0,1,11776,3560,3360.0,,1,1,11787,0,0.0,,1,1,11760,0,0.0,,0,1,11804,0,0.0,,0,1,11880,0,0.0,,0,1,11924,0,0.0,,0,1,11924,0,0.0,,0,0,0,0,0.0,,0,1,11902,0,0.0,,0,0,0,0,0.0,,0,1,11804,0,0.0
1778951472.6937754,3595.0,11878,-44.0,1,,0,0,0,0,0.0,,0,0,0,0,0.0,,0,1,11727,200,235.0,,0,0,0,0,0.0,,1,1,11722,0,0.0,,0,1,11776,3560,3360.0,,1,1,11787,0,0.0,,1,1,11760,0,0.0,,0,1,11804,0,0.0,,0,1,11880,0,0.0,,0,1,11924,0,0.0,,0,1,11924,0,0.0,,0,0,0,0,0.0,,0,1,11902,0,0.0,,0,0,0,0,0.0,,0,1,11804,0,0.0
1778951472.7523437,3595.0,11878,-44.0,1,,0,0,0,0,0.0,,0,0,0,0,0.0,,0,1,11727,200,235.0,,0,0,0,0,0.0,,1,1,11722,0,0.0,,0,1,11776,3560,3360.0,,1,1,11787,0,0.0,,1,1,11760,0,0.0,,0,1,11804,0,0.0,,0,1,11880,0,0.0,,0,1,11924,0,0.0,,0,1,11924,0,0.0,,0,0,0,0,0.0,,0,1,11902,0,0.0,,0,0,0,0,0.0,,0,1,11804,0,0.0
1778951472.8026843,3595.0,11878,-44.0,1,,0,0,0,0,0.0,,0,0,0,0,0.0,,0,1,11727,200,235.0,,0,0,0,0,0.0,,1,1,11722,0,0.0,,0,1,11776,3560,3360.0,,1,1,11787,0,0.0,,1,1,11760,0,0.0,,0,1,11804,0,0.0,,0,1,11880,0,0.0,,0,1,11924,0,0.0,,0,1,11924,0,0.0,,0,0,0,0,0.0,,0,1,11902,0,0.0,,0,0,0,0,0.0,,0,1,11804,0,0.0
1778951472.854555,3595.0,11878,-44.0,1,,0,0,0,0,0.0,,0,0,0,0,0.0,,0,1,11727,200,235.0,,0,0,0,0,0.0,,1,1,11722,0,0.0,,0,1,11776,3560,3360.0,,1,1,11787,0,0.0,,1,1,11760,0,0.0,,0,1,11804,0,0.0,,0,1,11880,0,0.0,,0,1,11924,0,0.0,,0,1,11924,0,0.0,,0,0,0,0,0.0,,0,1,11902,0,0.0,,0,0,0,0,0.0,,0,1,11804,0,0.0
1778951472.9057815,3595.0,11878,-44.0,1,,0,0,0,0,0.0,,0,0,0,0,0.0,,0,1,11727,200,235.0,,0,0,0,0,0.0,,1,1,11722,0,0.0,,0,1,11776,3560,3360.0,,1,1,11787,0,0.0,,1,1,11760,0,0.0,,0,1,11804,0,0.0,,0,1,11880,0,0.0,,0,1,11924,0,0.0,,0,1,11924,0,0.0,,0,0,0,0,0.0,,0,1,11902,0,0.0,,0,0,0,0,0.0,,0,1,11804,0,0.0
1778951472.9624524,3595.0,11878,-44.0,1,,0,0,0,0,0.0,,0,0,0,0,0.0,,0,1,11727,200,235.0,,0,0,0,0,0.0,,1,1,11722,0,0.0,,0,1,11776,3560,3360.0,,1,1,11787,0,0.0,,1,1,11760,0,0.0,,0,1,11804,0,0.0,,0,1,11880,0,0.0,,0,1,11924,0,0.0,,0,1,11924,0,0.0,,0,0,0,0,0.0,,0,1,11902,0,0.0,,0,0,0,0,0.0,,0,1,11804,0,0.0
1778951473.013412,3595.0,11878,-44.0,1,,0,0,0,0,0.0,,0,0,0,0,0.0,,0,1,11727,200,235.0,,0,0,0,0,0.0,,1,1,11722,0,0.0,,0,1,11776,3560,3360.0,,1,1,11787,0,0.0,,1,1,11760,0,0.0,,0,1,11804,0,0.0,,0,1,11880,0,0.0,,0,1,11924,0,0.0,,0,1,11924,0,0.0,,0,0,0,0,0.0,,0,1,11902,0,0.0,,0,0,0,0,0.0,,0,1,11804,0,0.0
1778951473.064634,3595.0,11878,-44.0,1,,0,0,0,0,0.0,,0,0,0,0,0.0,,0,1,11727,200,235.0,,0,0,0,0,0.0,,1,1,11722,0,0.0,,0,1,11776,3560,3360.0,,1,1,11787,0,0.0,,1,1,11760,0,0.0,,0,1,11804,0,0.0,,0,1,11880,0,0.0,,0,1,11924,0,0.0,,0,1,11924,0,0.0,,0,0,0,0,0.0,,0,1,11902,0,0.0,,0,0,0,0,0.0,,0,1,11804,0,0.0
1778951473.127294,3595.0,11878,-44.0,1,,0,0,0,0,0.0,,0,0,0,0,0.0,,0,1,11727,200,235.0,,0,0,0,0,0.0,,1,1,11722,0,0.0,,0,1,11776,3560,3360.0,,1,1,11787,0,0.0,,1,1,11760,0,0.0,,0,1,11804,0,0.0,,0,1,11880,0,0.0,,0,1,11924,0,0.0,,0,1,11924,0,0.0,,0,0,0,0,0.0,,0,1,11902,0,0.0,,0,0,0,0,0.0,,0,1,11804,0,0.0
1778951473.1812701,3595.0,11878,-44.0,1,,0,0,0,0,0.0,,0,0,0,0,0.0,,0,1,11727,200,235.0,,0,0,0,0,0.0,,1,1,11722,0,0.0,,0,1,11776,3560,3360.0,,1,1,11787,0,0.0,,1,1,11760,0,0.0,,0,1,11804,0,0.0,,0,1,11880,0,0.0,,0,1,11924,0,0.0,,0,1,11924,0,0.0,,0,0,0,0,0.0,,0,1,11902,0,0.0,,0,0,0,0,0.0,,0,1,11804,0,0.0
1778951473.2423067,3595.0,11878,-44.0,1,,0,0,0,0,0.0,,0,0,0,0,0.0,,0,1,11727,200,235.0,,0,0,0,0,0.0,,1,1,11722,0,0.0,,0,1,11776,3560,3360.0,,1,1,11787,0,0.0,,1,1,11760,0,0.0,,0,1,11804,0,0.0,,0,1,11880,0,0.0,,0,1,11924,0,0.0,,0,1,11924,0,0.0,,0,0,0,0,0.0,,0,1,11902,0,0.0,,0,0,0,0,0.0,,0,1,11804,0,0.0
1778951473.3050227,3595.0,11878,-44.0,1,,0,0,0,0,0.0,,0,0,0,0,0.0,,0,1,11727,200,235.0,,0,0,0,0,0.0,,1,1,11722,0,0.0,,0,1,11776,3560,3360.0,,1,1,11787,0,0.0,,1,1,11760,0,0.0,,0,1,11804,0,0.0,,0,1,11880,0,0.0,,0,1,11924,0,0.0,,0,1,11924,0,0.0,,0,0,0,0,0.0,,0,1,11902,0,0.0,,0,0,0,0,0.0,,0,1,11804,0,0.0
1778951473.359563,3595.0,11878,-44.0,1,,0,0,0,0,0.0,,0,0,0,0,0.0,,0,1,11727,200,235.0,,0,0,0,0,0.0,,1,1,11722,0,0.0,,0,1,11776,3560,3360.0,,1,1,11787,0,0.0,,1,1,11760,0,0.0,,0,1,11804,0,0.0,,0,1,11880,0,0.0,,0,1,11924,0,0.0,,0,1,11924,0,0.0,,0,0,0,0,0.0,,0,1,11902,0,0.0,,0,0,0,0,0.0,,0,1,11804,0,0.0
1778951473.412545,3595.0,11878,-44.0,1,,0,0,0,0,0.0,,0,0,0,0,0.0,,0,1,11727,200,235.0,,0,0,0,0,0.0,,1,1,11722,0,0.0,,0,1,11776,3560,3360.0,,1,1,11787,0,0.0,,1,1,11760,0,0.0,,0,1,11804,0,0.0,,0,1,11880,0,0.0,,0,1,11924,0,0.0,,0,1,11924,0,0.0,,0,0,0,0,0.0,,0,1,11902,0,0.0,,0,0,0,0,0.0,,0,1,11804,0,0.0
1778951473.4642594,3595.0,11878,-44.0,1,,0,0,0,0,0.0,,0,0,0,0,0.0,,0,1,11727,200,235.0,,0,0,0,0,0.0,,1,1,11722,0,0.0,,0,1,11776,3560,3360.0,,1,1,11787,0,0.0,,1,1,11760,0,0.0,,0,1,11804,0,0.0,,0,1,11880,0,0.0,,0,1,11924,0,0.0,,0,1,11924,0,0.0,,0,0,0,0,0.0,,0,1,11902,0,0.0,,0,0,0,0,0.0,,0,1,11804,0,0.0
1778951473.5159507,3595.0,11878,-44.0,1,,0,0,0,0,0.0,,0,0,0,0,0.0,,0,1,11727,200,235.0,,0,0,0,0,0.0,,1,1,11722,0,0.0,,0,1,11776,3560,3360.0,,1,1,11787,0,0.0,,1,1,11760,0,0.0,,0,1,11804,0,0.0,,0,1,11880,0,0.0,,0,1,11924,0,0.0,,0,1,11924,0,0.0,,0,0,0,0,0.0,,0,1,11902,0,0.0,,0,0,0,0,0.0,,0,1,11804,0,0.0
1778951473.5716674,3595.0,11878,-44.0,1,,0,0,0,0,0.0,,0,0,0,0,0.0,,0,1,11727,200,235.0,,0,0,0,0,0.0,,1,1,11722,0,0.0,,0,1,11776,3560,3360.0,,1,1,11787,0,0.0,,1,1,11760,0,0.0,,0,1,11804,0,0.0,,0,1,11880,0,0.0,,0,1,11924,0,0.0,,0,1,11924,0,0.0,,0,0,0,0,0.0,,0,1,11902,0,0.0,,0,0,0,0,0.0,,0,1,11804,0,0.0
1778951473.6294518,3595.0,11878,-44.0,1,,0,0,0,0,0.0,,0,0,0,0,0.0,,0,1,11727,200,235.0,,0,0,0,0,0.0,,1,1,11722,0,0.0,,0,1,11776,3560,3360.0,,1,1,11787,0,0.0,,1,1,11760,0,0.0,,0,1,11804,0,0.0,,0,1,11880,0,0.0,,0,1,11924,0,0.0,,0,1,11924,0,0.0,,0,0,0,0,0.0,,0,1,11902,0,0.0,,0,0,0,0,0.0,,0,1,11804,0,0.0
1778951473.686316,3595.0,11878,-44.0,1,,0,0,0,0,0.0,,0,0,0,0,0.0,,0,1,11727,200,235.0,,0,0,0,0,0.0,,1,1,11722,0,0.0,,0,1,11776,3560,3360.0,,1,1,11787,0,0.0,,1,1,11760,0,0.0,,0,1,11804,0,0.0,,0,1,11880,0,0.0,,0,1,11924,0,0.0,,0,1,11924,0,0.0,,0,0,0,0,0.0,,0,1,11902,0,0.0,,0,0,0,0,0.0,,0,1,11804,0,0.0
1778951473.7449014,3595.0,11878,-44.0,1,,0,0,0,0,0.0,,0,0,0,0,0.0,,0,1,11727,200,235.0,,0,0,0,0,0.0,,1,1,11722,0,0.0,,0,1,11776,3560,3360.0,,1,1,11787,0,0.0,,1,1,11760,0,0.0,,0,1,11804,0,0.0,,0,1,11880,0,0.0,,0,1,11924,0,0.0,,0,1,11924,0,0.0,,0,0,0,0,0.0,,0,1,11902,0,0.0,,0,0,0,0,0.0,,0,1,11804,0,0.0
1778951473.8052063,3595.0,11878,-44.0,1,,0,0,0,0,0.0,,0,0,0,0,0.0,,0,1,11727,200,235.0,,0,0,0,0,0.0,,1,1,11722,0,0.0,,0,1,11776,3560,3360.0,,1,1,11787,0,0.0,,1,1,11760,0,0.0,,0,1,11804,0,0.0,,0,1,11880,0,0.0,,0,1,11924,0,0.0,,0,1,11924,0,0.0,,0,0,0,0,0.0,,0,1,11902,0,0.0,,0,0,0,0,0.0,,0,1,11804,0,0.0
1778951473.8649476,3595.0,11878,-44.0,1,,0,0,0,0,0.0,,0,0,0,0,0.0,,0,1,11727,200,235.0,,0,0,0,0,0.0,,1,1,11722,0,0.0,,0,1,11776,3560,3360.0,,1,1,11787,0,0.0,,1,1,11760,0,0.0,,0,1,11804,0,0.0,,0,1,11880,0,0.0,,0,1,11924,0,0.0,,0,1,11924,0,0.0,,0,0,0,0,0.0,,0,1,11902,0,0.0,,0,0,0,0,0.0,,0,1,11804,0,0.0
1778951473.9201782,3595.0,11878,-44.0,1,,0,0,0,0,0.0,,0,0,0,0,0.0,,0,1,11727,200,235.0,,0,0,0,0,0.0,,1,1,11722,0,0.0,,0,1,11776,3560,3360.0,,1,1,11787,0,0.0,,1,1,11760,0,0.0,,0,1,11804,0,0.0,,0,1,11880,0,0.0,,0,1,11924,0,0.0,,0,1,11924,0,0.0,,0,0,0,0,0.0,,0,1,11902,0,0.0,,0,0,0,0,0.0,,0,1,11804,0,0.0
1778951473.9831095,3595.0,11878,-44.0,1,,0,0,0,0,0.0,,0,0,0,0,0.0,,0,1,11727,200,235.0,,0,0,0,0,0.0,,1,1,11722,0,0.0,,0,1,11776,3560,3360.0,,1,1,11787,0,0.0,,1,1,11760,0,0.0,,0,1,11804,0,0.0,,0,1,11880,0,0.0,,0,1,11924,0,0.0,,0,1,11924,0,0.0,,0,0,0,0,0.0,,0,1,11902,0,0.0,,0,0,0,0,0.0,,0,1,11804,0,0.0
1778951474.0373468,3595.0,11878,-44.0,1,,0,0,0,0,0.0,,0,0,0,0,0.0,,0,1,11727,200,235.0,,0,0,0,0,0.0,,1,1,11722,0,0.0,,0,1,11776,3560,3360.0,,1,1,11787,0,0.0,,1,1,11760,0,0.0,,0,1,11804,0,0.0,,0,1,11880,0,0.0,,0,1,11924,0,0.0,,0,1,11924,0,0.0,,0,0,0,0,0.0,,0,1,11902,0,0.0,,0,0,0,0,0.0,,0,1,11804,0,0.0
1778951474.0883315,3595.0,11878,-44.0,1,,0,0,0,0,0.0,,0,0,0,0,0.0,,0,1,11727,200,235.0,,0,0,0,0,0.0,,1,1,11722,0,0.0,,0,1,11776,3560,3360.0,,1,1,11787,0,0.0,,1,1,11760,0,0.0,,0,1,11804,0,0.0,,0,1,11880,0,0.0,,0,1,11924,0,0.0,,0,1,11924,0,0.0,,0,0,0,0,0.0,,0,1,11902,0,0.0,,0,0,0,0,0.0,,0,1,11804,0,0.0
1778951474.1395001,3595.0,11878,-44.0,1,,0,0,0,0,0.0,,0,0,0,0,0.0,,0,1,11727,200,235.0,,0,0,0,0,0.0,,1,1,11722,0,0.0,,0,1,11776,3560,3360.0,,1,1,11787,0,0.0,,1,1,11760,0,0.0,,0,1,11804,0,0.0,,0,1,11880,0,0.0,,0,1,11924,0,0.0,,0,1,11924,0,0.0,,0,0,0,0,0.0,,0,1,11902,0,0.0,,0,0,0,0,0.0,,0,1,11804,0,0.0
1778951474.1903245,3595.0,11878,-44.0,1,,0,0,0,0,0.0,,0,0,0,0,0.0,,0,1,11727,200,235.0,,0,0,0,0,0.0,,1,1,11722,0,0.0,,0,1,11776,3560,3360.0,,1,1,11787,0,0.0,,1,1,11760,0,0.0,,0,1,11804,0,0.0,,0,1,11880,0,0.0,,0,1,11924,0,0.0,,0,1,11924,0,0.0,,0,0,0,0,0.0,,0,1,11902,0,0.0,,0,0,0,0,0.0,,0,1,11804,0,0.0
1778951474.243636,3595.0,11878,-44.0,1,,0,0,0,0,0.0,,0,0,0,0,0.0,,0,1,11727,200,235.0,,0,0,0,0,0.0,,1,1,11722,0,0.0,,0,1,11776,3560,3360.0,,1,1,11787,0,0.0,,1,1,11760,0,0.0,,0,1,11804,0,0.0,,0,1,11880,0,0.0,,0,1,11924,0,0.0,,0,1,11924,0,0.0,,0,0,0,0,0.0,,0,1,11902,0,0.0,,0,0,0,0,0.0,,0,1,11804,0,0.0
1778951474.3053148,3595.0,11878,-44.0,1,,0,0,0,0,0.0,,0,0,0,0,0.0,,0,1,11727,200,235.0,,0,0,0,0,0.0,,1,1,11722,0,0.0,,0,1,11776,3560,3360.0,,1,1,11787,0,0.0,,1,1,11760,0,0.0,,0,1,11804,0,0.0,,0,1,11880,0,0.0,,0,1,11924,0,0.0,,0,1,11924,0,0.0,,0,0,0,0,0.0,,0,1,11902,0,0.0,,0,0,0,0,0.0,,0,1,11804,0,0.0
1778951474.3713298,3595.0,11878,-44.0,1,,0,0,0,0,0.0,,0,0,0,0,0.0,,0,1,11727,200,235.0,,0,0,0,0,0.0,,1,1,11722,0,0.0,,0,1,11776,3560,3360.0,,1,1,11787,0,0.0,,1,1,11760,0,0.0,,0,1,11804,0,0.0,,0,1,11880,0,0.0,,0,1,11924,0,0.0,,0,1,11924,0,0.0,,0,0,0,0,0.0,,0,1,11902,0,0.0,,0,0,0,0,0.0,,0,1,11804,0,0.0
1778951474.4223156,3595.0,11878,-44.0,1,,0,0,0,0,0.0,,0,0,0,0,0.0,,0,1,11727,200,235.0,,0,0,0,0,0.0,,1,1,11722,0,0.0,,0,1,11776,3560,3360.0,,1,1,11787,0,0.0,,1,1,11760,0,0.0,,0,1,11804,0,0.0,,0,1,11880,0,0.0,,0,1,11924,0,0.0,,0,1,11924,0,0.0,,0,0,0,0,0.0,,0,1,11902,0,0.0,,0,0,0,0,0.0,,0,1,11804,0,0.0
1778951474.4950378,3595.0,11878,-44.0,1,,0,0,0,0,0.0,,0,0,0,0,0.0,,0,1,11727,200,235.0,,0,0,0,0,0.0,,1,1,11722,0,0.0,,0,1,11776,3560,3360.0,,1,1,11787,0,0.0,,1,1,11760,0,0.0,,0,1,11804,0,0.0,,0,1,11880,0,0.0,,0,1,11924,0,0.0,,0,1,11924,0,0.0,,0,0,0,0,0.0,,0,1,11902,0,0.0,,0,0,0,0,0.0,,0,1,11804,0,0.0
1778951474.5453496,3595.0,11878,-44.0,1,,0,0,0,0,0.0,,0,0,0,0,0.0,,0,1,11727,200,235.0,,0,0,0,0,0.0,,1,1,11722,0,0.0,,0,1,11776,3560,3360.0,,1,1,11787,0,0.0,,1,1,11760,0,0.0,,0,1,11804,0,0.0,,0,1,11880,0,0.0,,0,1,11924,0,0.0,,0,1,11924,0,0.0,,0,0,0,0,0.0,,0,1,11902,0,0.0,,0,0,0,0,0.0,,0,1,11804,0,0.0
1778951474.5997765,3595.0,11878,-44.0,1,,0,0,0,0,0.0,,0,0,0,0,0.0,,0,1,11727,200,235.0,,0,0,0,0,0.0,,1,1,11722,0,0.0,,0,1,11776,3560,3360.0,,1,1,11787,0,0.0,,1,1,11760,0,0.0,,0,1,11804,0,0.0,,0,1,11880,0,0.0,,0,1,11924,0,0.0,,0,1,11924,0,0.0,,0,0,0,0,0.0,,0,1,11902,0,0.0,,0,0,0,0,0.0,,0,1,11804,0,0.0
1778951474.6509552,3595.0,11878,-44.0,1,,0,0,0,0,0.0,,0,0,0,0,0.0,,0,1,11727,200,235.0,,0,0,0,0,0.0,,1,1,11722,0,0.0,,0,1,11776,3560,3360.0,,1,1,11787,0,0.0,,1,1,11760,0,0.0,,0,1,11804,0,0.0,,0,1,11880,0,0.0,,0,1,11924,0,0.0,,0,1,11924,0,0.0,,0,0,0,0,0.0,,0,1,11902,0,0.0,,0,0,0,0,0.0,,0,1,11804,0,0.0
1778951474.7040322,3595.0,11878,-44.0,1,,0,0,0,0,0.0,,0,0,0,0,0.0,,0,1,11727,200,235.0,,0,0,0,0,0.0,,1,1,11722,0,0.0,,0,1,11776,3560,3360.0,,1,1,11787,0,0.0,,1,1,11760,0,0.0,,0,1,11804,0,0.0,,0,1,11880,0,0.0,,0,1,11924,0,0.0,,0,1,11924,0,0.0,,0,0,0,0,0.0,,0,1,11902,0,0.0,,0,0,0,0,0.0,,0,1,11804,0,0.0
1778951474.7667167,3595.0,11878,-44.0,1,,0,0,0,0,0.0,,0,0,0,0,0.0,,0,1,11727,200,235.0,,0,0,0,0,0.0,,1,1,11722,0,0.0,,0,1,11776,3560,3360.0,,1,1,11787,0,0.0,,1,1,11760,0,0.0,,0,1,11804,0,0.0,,0,1,11880,0,0.0,,0,1,11924,0,0.0,,0,1,11924,0,0.0,,0,0,0,0,0.0,,0,1,11902,0,0.0,,0,0,0,0,0.0,,0,1,11804,0,0.0
1778951474.817313,3595.0,11878,-44.0,1,,0,0,0,0,0.0,,0,0,0,0,0.0,,0,1,11727,200,235.0,,0,0,0,0,0.0,,1,1,11722,0,0.0,,0,1,11776,3560,3360.0,,1,1,11787,0,0.0,,1,1,11760,0,0.0,,0,1,11804,0,0.0,,0,1,11880,0,0.0,,0,1,11924,0,0.0,,0,1,11924,0,0.0,,0,0,0,0,0.0,,0,1,11902,0,0.0,,0,0,0,0,0.0,,0,1,11804,0,0.0
1778951474.8684545,3595.0,11878,-44.0,1,,0,0,0,0,0.0,,0,0,0,0,0.0,,0,1,11727,200,235.0,,0,0,0,0,0.0,,1,1,11722,0,0.0,,0,1,11776,3560,3360.0,,1,1,11787,0,0.0,,1,1,11760,0,0.0,,0,1,11804,0,0.0,,0,1,11880,0,0.0,,0,1,11924,0,0.0,,0,1,11924,0,0.0,,0,0,0,0,0.0,,0,1,11902,0,0.0,,0,0,0,0,0.0,,0,1,11804,0,0.0
1778951474.9189656,3595.0,11878,-44.0,1,,0,0,0,0,0.0,,0,0,0,0,0.0,,0,1,11727,200,235.0,,0,0,0,0,0.0,,1,1,11722,0,0.0,,0,1,11776,3560,3360.0,,1,1,11787,0,0.0,,1,1,11760,0,0.0,,0,1,11804,0,0.0,,0,1,11880,0,0.0,,0,1,11924,0,0.0,,0,1,11924,0,0.0,,0,0,0,0,0.0,,0,1,11902,0,0.0,,0,0,0,0,0.0,,0,1,11804,0,0.0
1778951474.9736016,3595.0,11878,-44.0,1,,0,0,0,0,0.0,,0,0,0,0,0.0,,0,1,11727,200,235.0,,0,0,0,0,0.0,,1,1,11722,0,0.0,,0,1,11776,3560,3360.0,,1,1,11787,0,0.0,,1,1,11760,0,0.0,,0,1,11804,0,0.0,,0,1,11880,0,0.0,,0,1,11924,0,0.0,,0,1,11924,0,0.0,,0,0,0,0,0.0,,0,1,11902,0,0.0,,0,0,0,0,0.0,,0,1,11804,0,0.0
1778951475.026077,3595.0,11878,-44.0,1,,0,0,0,0,0.0,,0,0,0,0,0.0,,0,1,11727,200,235.0,,0,0,0,0,0.0,,1,1,11722,0,0.0,,0,1,11776,3560,3360.0,,1,1,11787,0,0.0,,1,1,11760,0,0.0,,0,1,11804,0,0.0,,0,1,11880,0,0.0,,0,1,11924,0,0.0,,0,1,11924,0,0.0,,0,0,0,0,0.0,,0,1,11902,0,0.0,,0,0,0,0,0.0,,0,1,11804,0,0.0
1778951475.0839484,3595.0,11878,-44.0,1,,0,0,0,0,0.0,,0,0,0,0,0.0,,0,1,11727,200,235.0,,0,0,0,0,0.0,,1,1,11722,0,0.0,,0,1,11776,3560,3360.0,,1,1,11787,0,0.0,,1,1,11760,0,0.0,,0,1,11804,0,0.0,,0,1,11880,0,0.0,,0,1,11924,0,0.0,,0,1,11924,0,0.0,,0,0,0,0,0.0,,0,1,11902,0,0.0,,0,0,0,0,0.0,,0,1,11804,0,0.0
1778951475.14232,3595.0,11878,-44.0,1,,0,0,0,0,0.0,,0,0,0,0,0.0,,0,1,11727,200,235.0,,0,0,0,0,0.0,,1,1,11722,0,0.0,,0,1,11776,3560,3360.0,,1,1,11787,0,0.0,,1,1,11760,0,0.0,,0,1,11804,0,0.0,,0,1,11880,0,0.0,,0,1,11924,0,0.0,,0,1,11924,0,0.0,,0,0,0,0,0.0,,0,1,11902,0,0.0,,0,0,0,0,0.0,,0,1,11804,0,0.0
1778951475.1930342,3595.0,11878,-44.0,1,,0,0,0,0,0.0,,0,0,0,0,0.0,,0,1,11727,200,235.0,,0,0,0,0,0.0,,1,1,11722,0,0.0,,0,1,11776,3560,3360.0,,1,1,11787,0,0.0,,1,1,11760,0,0.0,,0,1,11804,0,0.0,,0,1,11880,0,0.0,,0,1,11924,0,0.0,,0,1,11924,0,0.0,,0,0,0,0,0.0,,0,1,11902,0,0.0,,0,0,0,0,0.0,,0,1,11804,0,0.0
1778951475.2462363,3595.0,11878,-44.0,1,,0,0,0,0,0.0,,0,0,0,0,0.0,,0,1,11727,200,235.0,,0,0,0,0,0.0,,1,1,11722,0,0.0,,0,1,11776,3560,3360.0,,1,1,11787,0,0.0,,1,1,11760,0,0.0,,0,1,11804,0,0.0,,0,1,11880,0,0.0,,0,1,11924,0,0.0,,0,1,11924,0,0.0,,0,0,0,0,0.0,,0,1,11902,0,0.0,,0,0,0,0,0.0,,0,1,11804,0,0.0
1778951475.296767,3595.0,11878,-44.0,1,,0,0,0,0,0.0,,0,0,0,0,0.0,,0,1,11727,200,235.0,,0,0,0,0,0.0,,1,1,11722,0,0.0,,0,1,11776,3560,3360.0,,1,1,11787,0,0.0,,1,1,11760,0,0.0,,0,1,11804,0,0.0,,0,1,11880,0,0.0,,0,1,11924,0,0.0,,0,1,11924,0,0.0,,0,0,0,0,0.0,,0,1,11902,0,0.0,,0,0,0,0,0.0,,0,1,11804,0,0.0
1778951475.3585956,3595.0,11878,-44.0,1,,0,0,0,0,0.0,,0,0,0,0,0.0,,0,1,11727,200,235.0,,0,0,0,0,0.0,,1,1,11722,0,0.0,,0,1,11776,3560,3360.0,,1,1,11787,0,0.0,,1,1,11760,0,0.0,,0,1,11804,0,0.0,,0,1,11880,0,0.0,,0,1,11924,0,0.0,,0,1,11924,0,0.0,,0,0,0,0,0.0,,0,1,11902,0,0.0,,0,0,0,0,0.0,,0,1,11804,0,0.0
1778951475.410866,3595.0,11878,-44.0,1,,0,0,0,0,0.0,,0,0,0,0,0.0,,0,1,11727,200,235.0,,0,0,0,0,0.0,,1,1,11722,0,0.0,,0,1,11776,3560,3360.0,,1,1,11787,0,0.0,,1,1,11760,0,0.0,,0,1,11804,0,0.0,,0,1,11880,0,0.0,,0,1,11924,0,0.0,,0,1,11924,0,0.0,,0,0,0,0,0.0,,0,1,11902,0,0.0,,0,0,0,0,0.0,,0,1,11804,0,0.0
1778951475.4675062,3595.0,11878,-44.0,1,,0,0,0,0,0.0,,0,0,0,0,0.0,,0,1,11727,200,235.0,,0,0,0,0,0.0,,1,1,11722,0,0.0,,0,1,11776,3560,3360.0,,1,1,11787,0,0.0,,1,1,11760,0,0.0,,0,1,11804,0,0.0,,0,1,11880,0,0.0,,0,1,11924,0,0.0,,0,1,11924,0,0.0,,0,0,0,0,0.0,,0,1,11902,0,0.0,,0,0,0,0,0.0,,0,1,11804,0,0.0
1778951475.5304122,3595.0,11878,-44.0,1,,0,0,0,0,0.0,,0,0,0,0,0.0,,0,1,11727,200,235.0,,0,0,0,0,0.0,,1,1,11722,0,0.0,,0,1,11776,3560,3360.0,,1,1,11787,0,0.0,,1,1,11760,0,0.0,,0,1,11804,0,0.0,,0,1,11880,0,0.0,,0,1,11924,0,0.0,,0,1,11924,0,0.0,,0,0,0,0,0.0,,0,1,11902,0,0.0,,0,0,0,0,0.0,,0,1,11804,0,0.0
1778951475.5810935,3595.0,11878,-44.0,1,,0,0,0,0,0.0,,0,0,0,0,0.0,,0,1,11727,200,235.0,,0,0,0,0,0.0,,1,1,11722,0,0.0,,0,1,11776,3560,3360.0,,1,1,11787,0,0.0,,1,1,11760,0,0.0,,0,1,11804,0,0.0,,0,1,11880,0,0.0,,0,1,11924,0,0.0,,0,1,11924,0,0.0,,0,0,0,0,0.0,,0,1,11902,0,0.0,,0,0,0,0,0.0,,0,1,11804,0,0.0
1778951475.6340954,3595.0,11878,-44.0,1,,0,0,0,0,0.0,,0,0,0,0,0.0,,0,1,11727,200,235.0,,0,0,0,0,0.0,,1,1,11722,0,0.0,,0,1,11776,3560,3360.0,,1,1,11787,0,0.0,,1,1,11760,0,0.0,,0,1,11804,0,0.0,,0,1,11880,0,0.0,,0,1,11924,0,0.0,,0,1,11924,0,0.0,,0,0,0,0,0.0,,0,1,11902,0,0.0,,0,0,0,0,0.0,,0,1,11804,0,0.0
1778951475.6943526,3595.0,11878,-44.0,1,,0,0,0,0,0.0,,0,0,0,0,0.0,,0,1,11727,200,235.0,,0,0,0,0,0.0,,1,1,11722,0,0.0,,0,1,11776,3560,3360.0,,1,1,11787,0,0.0,,1,1,11760,0,0.0,,0,1,11804,0,0.0,,0,1,11880,0,0.0,,0,1,11924,0,0.0,,0,1,11924,0,0.0,,0,0,0,0,0.0,,0,1,11902,0,0.0,,0,0,0,0,0.0,,0,1,11804,0,0.0
1778951475.7517116,3595.0,11878,-44.0,1,,0,0,0,0,0.0,,0,0,0,0,0.0,,0,1,11727,200,235.0,,0,0,0,0,0.0,,1,1,11722,0,0.0,,0,1,11776,3560,3360.0,,1,1,11787,0,0.0,,1,1,11760,0,0.0,,0,1,11804,0,0.0,,0,1,11880,0,0.0,,0,1,11924,0,0.0,,0,1,11924,0,0.0,,0,0,0,0,0.0,,0,1,11902,0,0.0,,0,0,0,0,0.0,,0,1,11804,0,0.0
1778951475.808147,3595.0,11878,-44.0,1,,0,0,0,0,0.0,,0,0,0,0,0.0,,0,1,11727,200,235.0,,0,0,0,0,0.0,,1,1,11722,0,0.0,,0,1,11776,3560,3360.0,,1,1,11787,0,0.0,,1,1,11760,0,0.0,,0,1,11804,0,0.0,,0,1,11880,0,0.0,,0,1,11924,0,0.0,,0,1,11924,0,0.0,,0,0,0,0,0.0,,0,1,11902,0,0.0,,0,0,0,0,0.0,,0,1,11804,0,0.0
1778951475.8681006,3595.0,11878,-44.0,1,,0,0,0,0,0.0,,0,0,0,0,0.0,,0,1,11727,200,235.0,,0,0,0,0,0.0,,1,1,11722,0,0.0,,0,1,11776,3560,3360.0,,1,1,11787,0,0.0,,1,1,11760,0,0.0,,0,1,11804,0,0.0,,0,1,11880,0,0.0,,0,1,11924,0,0.0,,0,1,11924,0,0.0,,0,0,0,0,0.0,,0,1,11902,0,0.0,,0,0,0,0,0.0,,0,1,11804,0,0.0
1778951475.9258158,3595.0,11878,-44.0,1,,0,0,0,0,0.0,,0,0,0,0,0.0,,0,1,11727,200,235.0,,0,0,0,0,0.0,,1,1,11722,0,0.0,,0,1,11776,3560,3360.0,,1,1,11787,0,0.0,,1,1,11760,0,0.0,,0,1,11804,0,0.0,,0,1,11880,0,0.0,,0,1,11924,0,0.0,,0,1,11924,0,0.0,,0,0,0,0,0.0,,0,1,11902,0,0.0,,0,0,0,0,0.0,,0,1,11804,0,0.0
1778951475.982111,3595.0,11878,-44.0,1,,0,0,0,0,0.0,,0,0,0,0,0.0,,0,1,11727,200,235.0,,0,0,0,0,0.0,,1,1,11722,0,0.0,,0,1,11776,3560,3360.0,,1,1,11787,0,0.0,,1,1,11760,0,0.0,,0,1,11804,0,0.0,,0,1,11880,0,0.0,,0,1,11924,0,0.0,,0,1,11924,0,0.0,,0,0,0,0,0.0,,0,1,11902,0,0.0,,0,0,0,0,0.0,,0,1,11804,0,0.0
1778951476.0331662,3595.0,11878,-44.0,1,,0,0,0,0,0.0,,0,0,0,0,0.0,,0,1,11727,200,235.0,,0,0,0,0,0.0,,1,1,11722,0,0.0,,0,1,11776,3560,3360.0,,1,1,11787,0,0.0,,1,1,11760,0,0.0,,0,1,11804,0,0.0,,0,1,11880,0,0.0,,0,1,11924,0,0.0,,0,1,11924,0,0.0,,0,0,0,0,0.0,,0,1,11902,0,0.0,,0,0,0,0,0.0,,0,1,11804,0,0.0
1778951476.0899417,3595.0,11878,-44.0,1,,0,0,0,0,0.0,,0,0,0,0,0.0,,0,1,11727,200,235.0,,0,0,0,0,0.0,,1,1,11722,0,0.0,,0,1,11776,3560,3360.0,,1,1,11787,0,0.0,,1,1,11760,0,0.0,,0,1,11804,0,0.0,,0,1,11880,0,0.0,,0,1,11924,0,0.0,,0,1,11924,0,0.0,,0,0,0,0,0.0,,0,1,11902,0,0.0,,0,0,0,0,0.0,,0,1,11804,0,0.0
1778951476.1589675,3595.0,11878,-44.0,1,,0,0,0,0,0.0,,0,0,0,0,0.0,,0,1,11727,200,235.0,,0,0,0,0,0.0,,1,1,11722,0,0.0,,0,1,11776,3560,3360.0,,1,1,11787,0,0.0,,1,1,11760,0,0.0,,0,1,11804,0,0.0,,0,1,11880,0,0.0,,0,1,11924,0,0.0,,0,1,11924,0,0.0,,0,0,0,0,0.0,,0,1,11902,0,0.0,,0,0,0,0,0.0,,0,1,11804,0,0.0
1778951476.2160776,3595.0,11878,-44.0,1,,0,0,0,0,0.0,,0,0,0,0,0.0,,0,1,11727,200,235.0,,0,0,0,0,0.0,,1,1,11722,0,0.0,,0,1,11776,3560,3360.0,,1,1,11787,0,0.0,,1,1,11760,0,0.0,,0,1,11804,0,0.0,,0,1,11880,0,0.0,,0,1,11924,0,0.0,,0,1,11924,0,0.0,,0,0,0,0,0.0,,0,1,11902,0,0.0,,0,0,0,0,0.0,,0,1,11804,0,0.0
1778951476.267065,3595.0,11878,-44.0,1,,0,0,0,0,0.0,,0,0,0,0,0.0,,0,1,11727,200,235.0,,0,0,0,0,0.0,,1,1,11722,0,0.0,,0,1,11776,3560,3360.0,,1,1,11787,0,0.0,,1,1,11760,0,0.0,,0,1,11804,0,0.0,,0,1,11880,0,0.0,,0,1,11924,0,0.0,,0,1,11924,0,0.0,,0,0,0,0,0.0,,0,1,11902,0,0.0,,0,0,0,0,0.0,,0,1,11804,0,0.0
1778951476.3173237,3595.0,11878,-44.0,1,,0,0,0,0,0.0,,0,0,0,0,0.0,,0,1,11727,200,235.0,,0,0,0,0,0.0,,1,1,11722,0,0.0,,0,1,11776,3560,3360.0,,1,1,11787,0,0.0,,1,1,11760,0,0.0,,0,1,11804,0,0.0,,0,1,11880,0,0.0,,0,1,11924,0,0.0,,0,1,11924,0,0.0,,0,0,0,0,0.0,,0,1,11902,0,0.0,,0,0,0,0,0.0,,0,1,11804,0,0.0
1778951476.3679657,3595.0,11878,-44.0,1,,0,0,0,0,0.0,,0,0,0,0,0.0,,0,1,11727,200,235.0,,0,0,0,0,0.0,,1,1,11722,0,0.0,,0,1,11776,3560,3360.0,,1,1,11787,0,0.0,,1,1,11760,0,0.0,,0,1,11804,0,0.0,,0,1,11880,0,0.0,,0,1,11924,0,0.0,,0,1,11924,0,0.0,,0,0,0,0,0.0,,0,1,11902,0,0.0,,0,0,0,0,0.0,,0,1,11804,0,0.0
1778951476.4205298,3595.0,11878,-44.0,1,,0,0,0,0,0.0,,0,0,0,0,0.0,,0,1,11727,200,235.0,,0,0,0,0,0.0,,1,1,11722,0,0.0,,0,1,11776,3560,3360.0,,1,1,11787,0,0.0,,1,1,11760,0,0.0,,0,1,11804,0,0.0,,0,1,11880,0,0.0,,0,1,11924,0,0.0,,0,1,11924,0,0.0,,0,0,0,0,0.0,,0,1,11902,0,0.0,,0,0,0,0,0.0,,0,1,11804,0,0.0
1778951476.4818232,3595.0,11878,-44.0,1,,0,0,0,0,0.0,,0,0,0,0,0.0,,0,1,11727,200,235.0,,0,0,0,0,0.0,,1,1,11722,0,0.0,,0,1,11776,3560,3360.0,,1,1,11787,0,0.0,,1,1,11760,0,0.0,,0,1,11804,0,0.0,,0,1,11880,0,0.0,,0,1,11924,0,0.0,,0,1,11924,0,0.0,,0,0,0,0,0.0,,0,1,11902,0,0.0,,0,0,0,0,0.0,,0,1,11804,0,0.0
1778951476.538558,3595.0,11878,-44.0,1,,0,0,0,0,0.0,,0,0,0,0,0.0,,0,1,11727,200,235.0,,0,0,0,0,0.0,,1,1,11722,0,0.0,,0,1,11776,3560,3360.0,,1,1,11787,0,0.0,,1,1,11760,0,0.0,,0,1,11804,0,0.0,,0,1,11880,0,0.0,,0,1,11924,0,0.0,,0,1,11924,0,0.0,,0,0,0,0,0.0,,0,1,11902,0,0.0,,0,0,0,0,0.0,,0,1,11804,0,0.0
1778951476.6008322,3595.0,11878,-44.0,1,,0,0,0,0,0.0,,0,0,0,0,0.0,,0,1,11727,200,235.0,,0,0,0,0,0.0,,1,1,11722,0,0.0,,0,1,11776,3560,3360.0,,1,1,11787,0,0.0,,1,1,11760,0,0.0,,0,1,11804,0,0.0,,0,1,11880,0,0.0,,0,1,11924,0,0.0,,0,1,11924,0,0.0,,0,0,0,0,0.0,,0,1,11902,0,0.0,,0,0,0,0,0.0,,0,1,11804,0,0.0
1778951476.651307,3595.0,11878,-44.0,1,,0,0,0,0,0.0,,0,0,0,0,0.0,,0,1,11727,200,235.0,,0,0,0,0,0.0,,1,1,11722,0,0.0,,0,1,11776,3560,3360.0,,1,1,11787,0,0.0,,1,1,11760,0,0.0,,0,1,11804,0,0.0,,0,1,11880,0,0.0,,0,1,11924,0,0.0,,0,1,11924,0,0.0,,0,0,0,0,0.0,,0,1,11902,0,0.0,,0,0,0,0,0.0,,0,1,11804,0,0.0
