timestamp,total_i_mA,batt_mV,core_temp_C,safety,ch1_name,ch1_status,ch1_state,ch1_voltage_mV,ch1_i_inst_mA,ch1_i_avg_mA,ch2_name,ch2_status,ch2_state,ch2_voltage_mV,ch2_i_inst_mA,ch2_i_avg_mA,ch3_name,ch3_status,ch3_state,ch3_voltage_mV,ch3_i_inst_mA,ch3_i_avg_mA,ch4_name,ch4_status,ch4_state,ch4_voltage_mV,ch4_i_inst_mA,ch4_i_avg_mA,ch5_name,ch5_status,ch5_state,ch5_voltage_mV,ch5_i_inst_mA,ch5_i_avg_mA,ch6_name,ch6_status,ch6_state,ch6_voltage_mV,ch6_i_inst_mA,ch6_i_avg_mA,ch7_name,ch7_status,ch7_state,ch7_voltage_mV,ch7_i_inst_mA,ch7_i_avg_mA,ch8_name,ch8_status,ch8_state,ch8_voltage_mV,ch8_i_inst_mA,ch8_i_avg_mA,ch9_name,ch9_status,ch9_state,ch9_voltage_mV,ch9_i_inst_mA,ch9_i_avg_mA,ch10_name,ch10_status,ch10_state,ch10_voltage_mV,ch10_i_inst_mA,ch10_i_avg_mA,ch11_name,ch11_status,ch11_state,ch11_voltage_mV,ch11_i_inst_mA,ch11_i_avg_mA,ch12_name,ch12_status,ch12_state,ch12_voltage_mV,ch12_i_inst_mA,ch12_i_avg_mA,ch13_name,ch13_status,ch13_state,ch13_voltage_mV,ch13_i_inst_mA,ch13_i_avg_mA,ch14_name,ch14_status,ch14_state,ch14_voltage_mV,ch14_i_inst_mA,ch14_i_avg_mA,ch15_name,ch15_status,ch15_state,ch15_voltage_mV,ch15_i_inst_mA,ch15_i_avg_mA,ch16_name,ch16_status,ch16_state,ch16_voltage_mV,ch16_i_inst_mA,ch16_i_avg_mA
1778951480.9415627,0.0,0,0.0,0,,0,0,0,0,0.0,,0,0,0,0,0.0,,0,0,0,0,0.0,,0,0,0,0,0.0,,0,0,0,0,0.0,,0,0,0,0,0.0,,0,0,0,0,0.0,,0,0,0,0,0.0,,0,0,0,0,0.0,,0,0,0,0,0.0,,0,0,0,0,0.0,,0,0,0,0,0.0,,0,0,0,0,0.0,,0,0,0,0,0.0,,0,0,0,0,0.0,,0,0,0,0,0.0
1778951480.9990273,0.0,0,0.0,0,,0,0,0,0,0.0,,0,0,0,0,0.0,,0,0,0,0,0.0,,0,0,0,0,0.0,,0,0,0,0,0.0,,0,0,0,0,0.0,,0,0,0,0,0.0,,0,0,0,0,0.0,,0,0,0,0,0.0,,0,0,0,0,0.0,,0,0,0,0,0.0,,0,0,0,0,0.0,,0,0,0,0,0.0,,0,0,0,0,0.0,,0,0,0,0,0.0,,0,0,0,0,0.0
1778951481.0502021,0.0,0,0.0,0,,0,0,0,0,0.0,,0,0,0,0,0.0,,0,0,0,0,0.0,,0,0,0,0,0.0,,0,0,0,0,0.0,,0,0,0,0,0.0,,0,0,0,0,0.0,,0,0,0,0,0.0,,0,0,0,0,0.0,,0,0,0,0,0.0,,0,0,0,0,0.0,,0,0,0,0,0.0,,0,0,0,0,0.0,,0,0,0,0,0.0,,0,0,0,0,0.0,,0,0,0,0,0.0
1778951481.103461,0.0,0,0.0,0,,0,0,0,0,0.0,,0,0,0,0,0.0,,0,0,0,0,0.0,,0,0,0,0,0.0,,0,0,0,0,0.0,,0,0,0,0,0.0,,0,0,0,0,0.0,,0,0,0,0,0.0,,0,0,0,0,0.0,,0,0,0,0,0.0,,0,0,0,0,0.0,,0,0,0,0,0.0,,0,0,0,0,0.0,,0,0,0,0,0.0,,0,0,0,0,0.0,,0,0,0,0,0.0
1778951481.1621802,0.0,0,0.0,0,,0,0,0,0,0.0,,0,0,0,0,0.0,,0,0,0,0,0.0,,0,0,0,0,0.0,,0,0,0,0,0.0,,0,0,0,0,0.0,,0,0,0,0,0.0,,0,0,0,0,0.0,,0,0,0,0,0.0,,0,0,0,0,0.0,,0,0,0,0,0.0,,0,0,0,0,0.0,,0,0,0,0,0.0,,0,0,0,0,0.0,,0,0,0,0,0.0,,0,0,0,0,0.0
1778951481.2186396,0.0,0,0.0,0,,0,0,0,0,0.0,,0,0,0,0,0.0,,0,0,0,0,0.0,,0,0,0,0,0.0,,0,0,0,0,0.0,,0,0,0,0,0.0,,0,0,0,0,0.0,,0,0,0,0,0.0,,0,0,0,0,0.0,,0,0,0,0,0.0,,0,0,0,0,0.0,,0,0,0,0,0.0,,0,0,0,0,0.0,,0,0,0,0,0.0,,0,0,0,0,0.0,,0,0,0,0,0.0
1778951481.2694173,0.0,0,0.0,0,,0,0,0,0,0.0,,0,0,0,0,0.0,,0,0,0,0,0.0,,0,0,0,0,0.0,,0,0,0,0,0.0,,0,0,0,0,0.0,,0,0,0,0,0.0,,0,0,0,0,0.0,,0,0,0,0,0.0,,0,0,0,0,0.0,,0,0,0,0,0.0,,0,0,0,0,0.0,,0,0,0,0,0.0,,0,0,0,0,0.0,,0,0,0,0,0.0,,0,0,0,0,0.0
1778951481.3215935,0.0,0,0.0,0,,0,0,0,0,0.0,,0,0,0,0,0.0,,0,0,0,0,0.0,,0,0,0,0,0.0,,0,0,0,0,0.0,,0,0,0,0,0.0,,0,0,0,0,0.0,,0,0,0,0,0.0,,0,0,0,0,0.0,,0,0,0,0,0.0,,0,0,0,0,0.0,,0,0,0,0,0.0,,0,0,0,0,0.0,,0,0,0,0,0.0,,0,0,0,0,0.0,,0,0,0,0,0.0
1778951481.3722591,0.0,0,0.0,0,,0,0,0,0,0.0,,0,0,0,0,0.0,,0,0,0,0,0.0,,0,0,0,0,0.0,,0,0,0,0,0.0,,0,0,0,0,0.0,,0,0,0,0,0.0,,0,0,0,0,0.0,,0,0,0,0,0.0,,0,0,0,0,0.0,,0,0,0,0,0.0,,0,0,0,0,0.0,,0,0,0,0,0.0,,0,0,0,0,0.0,,0,0,0,0,0.0,,0,0,0,0,0.0
1778951481.426818,0.0,0,0.0,0,,0,0,0,0,0.0,,0,0,0,0,0.0,,0,0,0,0,0.0,,0,0,0,0,0.0,,0,0,0,0,0.0,,0,0,0,0,0.0,,0,0,0,0,0.0,,0,0,0,0,0.0,,0,0,0,0,0.0,,0,0,0,0,0.0,,0,0,0,0,0.0,,0,0,0,0,0.0,,0,0,0,0,0.0,,0,0,0,0,0.0,,0,0,0,0,0.0,,0,0,0,0,0.0
1778951481.4784698,0.0,0,0.0,0,,0,0,0,0,0.0,,0,0,0,0,0.0,,0,0,0,0,0.0,,0,0,0,0,0.0,,0,0,0,0,0.0,,0,0,0,0,0.0,,0,0,0,0,0.0,,0,0,0,0,0.0,,0,0,0,0,0.0,,0,0,0,0,0.0,,0,0,0,0,0.0,,0,0,0,0,0.0,,0,0,0,0,0.0,,0,0,0,0,0.0,,0,0,0,0,0.0,,0,0,0,0,0.0
1778951481.5289536,0.0,0,0.0,0,,0,0,0,0,0.0,,0,0,0,0,0.0,,0,0,0,0,0.0,,0,0,0,0,0.0,,0,0,0,0,0.0,,0,0,0,0,0.0,,0,0,0,0,0.0,,0,0,0,0,0.0,,0,0,0,0,0.0,,0,0,0,0,0.0,,0,0,0,0,0.0,,0,0,0,0,0.0,,0,0,0,0,0.0,,0,0,0,0,0.0,,0,0,0,0,0.0,,0,0,0,0,0.0
1778951481.5809338,0.0,0,0.0,0,,0,0,0,0,0.0,,0,0,0,0,0.0,,0,0,0,0,0.0,,0,0,0,0,0.0,,0,0,0,0,0.0,,0,0,0,0,0.0,,0,0,0,0,0.0,,0,0,0,0,0.0,,0,0,0,0,0.0,,0,0,0,0,0.0,,0,0,0,0,0.0,,0,0,0,0,0.0,,0,0,0,0,0.0,,0,0,0,0,0.0,,0,0,0,0,0.0,,0,0,0,0,0.0
1778951481.631276,0.0,0,0.0,0,,0,0,0,0,0.0,,0,0,0,0,0.0,,0,0,0,0,0.0,,0,0,0,0,0.0,,0,0,0,0,0.0,,0,0,0,0,0.0,,0,0,0,0,0.0,,0,0,0,0,0.0,,0,0,0,0,0.0,,0,0,0,0,0.0,,0,0,0,0,0.0,,0,0,0,0,0.0,,0,0,0,0,0.0,,0,0,0,0,0.0,,0,0,0,0,0.0,,0,0,0,0,0.0
1778951481.6826108,0.0,0,0.0,0,,0,0,0,0,0.0,,0,0,0,0,0.0,,0,0,0,0,0.0,,0,0,0,0,0.0,,0,0,0,0,0.0,,0,0,0,0,0.0,,0,0,0,0,0.0,,0,0,0,0,0.0,,0,0,0,0,0.0,,0,0,0,0,0.0,,0,0,0,0,0.0,,0,0,0,0,0.0,,0,0,0,0,0.0,,0,0,0,0,0.0,,0,0,0,0,0.0,,0,0,0,0,0.0
1778951481.7331786,0.0,0,0.0,0,,0,0,0,0,0.0,,0,0,0,0,0.0,,0,0,0,0,0.0,,0,0,0,0,0.0,,0,0,0,0,0.0,,0,0,0,0,0.0,,0,0,0,0,0.0,,0,0,0,0,0.0,,0,0,0,0,0.0,,0,0,0,0,0.0,,0,0,0,0,0.0,,0,0,0,0,0.0,,0,0,0,0,0.0,,0,0,0,0,0.0,,0,0,0,0,0.0,,0,0,0,0,0.0
1778951481.7894807,0.0,0,0.0,0,,0,0,0,0,0.0,,0,0,0,0,0.0,,0,0,0,0,0.0,,0,0,0,0,0.0,,0,0,0,0,0.0,,0,0,0,0,0.0,,0,0,0,0,0.0,,0,0,0,0,0.0,,0,0,0,0,0.0,,0,0,0,0,0.0,,0,0,0,0,0.0,,0,0,0,0,0.0,,0,0,0,0,0.0,,0,0,0,0,0.0,,0,0,0,0,0.0,,0,0,0,0,0.0
1778951481.841433,0.0,0,0.0,0,,0,0,0,0,0.0,,0,0,0,0,0.0,,0,0,0,0,0.0,,0,0,0,0,0.0,,0,0,0,0,0.0,,0,0,0,0,0.0,,0,0,0,0,0.0,,0,0,0,0,0.0,,0,0,0,0,0.0,,0,0,0,0,0.0,,0,0,0,0,0.0,,0,0,0,0,0.0,,0,0,0,0,0.0,,0,0,0,0,0.0,,0,0,0,0,0.0,,0,0,0,0,0.0
1778951481.8971126,0.0,0,0.0,0,,0,0,0,0,0.0,,0,0,0,0,0.0,,0,0,0,0,0.0,,0,0,0,0,0.0,,0,0,0,0,0.0,,0,0,0,0,0.0,,0,0,0,0,0.0,,0,0,0,0,0.0,,0,0,0,0,0.0,,0,0,0,0,0.0,,0,0,0,0,0.0,,0,0,0,0,0.0,,0,0,0,0,0.0,,0,0,0,0,0.0,,0,0,0,0,0.0,,0,0,0,0,0.0
1778951481.947383,0.0,0,0.0,0,,0,0,0,0,0.0,,0,0,0,0,0.0,,0,0,0,0,0.0,,0,0,0,0,0.0,,0,0,0,0,0.0,,0,0,0,0,0.0,,0,0,0,0,0.0,,0,0,0,0,0.0,,0,0,0,0,0.0,,0,0,0,0,0.0,,0,0,0,0,0.0,,0,0,0,0,0.0,,0,0,0,0,0.0,,0,0,0,0,0.0,,0,0,0,0,0.0,,0,0,0,0,0.0
1778951482.0005736,0.0,0,0.0,0,,0,0,0,0,0.0,,0,0,0,0,0.0,,0,0,0,0,0.0,,0,0,0,0,0.0,,0,0,0,0,0.0,,0,0,0,0,0.0,,0,0,0,0,0.0,,0,0,0,0,0.0,,0,0,0,0,0.0,,0,0,0,0,0.0,,0,0,0,0,0.0,,0,0,0,0,0.0,,0,0,0,0,0.0,,0,0,0,0,0.0,,0,0,0,0,0.0,,0,0,0,0,0.0
1778951482.0568054,0.0,0,0.0,0,,0,0,0,0,0.0,,0,0,0,0,0.0,,0,0,0,0,0.0,,0,0,0,0,0.0,,0,0,0,0,0.0,,0,0,0,0,0.0,,0,0,0,0,0.0,,0,0,0,0,0.0,,0,0,0,0,0.0,,0,0,0,0,0.0,,0,0,0,0,0.0,,0,0,0,0,0.0,,0,0,0,0,0.0,,0,0,0,0,0.0,,0,0,0,0,0.0,,0,0,0,0,0.0
1778951482.1074,0.0,0,0.0,0,,0,0,0,0,0.0,,0,0,0,0,0.0,,0,0,0,0,0.0,,0,0,0,0,0.0,,0,0,0,0,0.0,,0,0,0,0,0.0,,0,0,0,0,0.0,,0,0,0,0,0.0,,0,0,0,0,0.0,,0,0,0,0,0.0,,0,0,0,0,0.0,,0,0,0,0,0.0,,0,0,0,0,0.0,,0,0,0,0,0.0,,0,0,0,0,0.0,,0,0,0,0,0.0
1778951482.1648183,0.0,0,0.0,0,,0,0,0,0,0.0,,0,0,0,0,0.0,,0,0,0,0,0.0,,0,0,0,0,0.0,,0,0,0,0,0.0,,0,0,0,0,0.0,,0,0,0,0,0.0,,0,0,0,0,0.0,,0,0,0,0,0.0,,0,0,0,0,0.0,,0,0,0,0,0.0,,0,0,0,0,0.0,,0,0,0,0,0.0,,0,0,0,0,0.0,,0,0,0,0,0.0,,0,0,0,0,0.0
1778951482.2153802,0.0,0,0.0,0,,0,0,0,0,0.0,,0,0,0,0,0.0,,0,0,0,0,0.0,,0,0,0,0,0.0,,0,0,0,0,0.0,,0,0,0,0,0.0,,0,0,0,0,0.0,,0,0,0,0,0.0,,0,0,0,0,0.0,,0,0,0,0,0.0,,0,0,0,0,0.0,,0,0,0,0,0.0,,0,0,0,0,0.0,,0,0,0,0,0.0,,0,0,0,0,0.0,,0,0,0,0,0.0
1778951482.2668347,0.0,0,0.0,0,,0,0,0,0,0.0,,0,0,0,0,0.0,,0,0,0,0,0.0,,0,0,0,0,0.0,,0,0,0,0,0.0,,0,0,0,0,0.0,,0,0,0,0,0.0,,0,0,0,0,0.0,,0,0,0,0,0.0,,0,0,0,0,0.0,,0,0,0,0,0.0,,0,0,0,0,0.0,,0,0,0,0,0.0,,0,0,0,0,0.0,,0,0,0,0,0.0,,0,0,0,0,0.0
1778951482.3173633,0.0,0,0.0,0,,0,0,0,0,0.0,,0,0,0,0,0.0,,0,0,0,0,0.0,,0,0,0,0,0.0,,0,0,0,0,0.0,,0,0,0,0,0.0,,0,0,0,0,0.0,,0,0,0,0,0.0,,0,0,0,0,0.0,,0,0,0,0,0.0,,0,0,0,0,0.0,,0,0,0,0,0.0,,0,0,0,0,0.0,,0,0,0,0,0.0,,0,0,0,0,0.0,,0,0,0,0,0.0
1778951482.3683789,0.0,0,0.0,0,,0,0,0,0,0.0,,0,0,0,0,0.0,,0,0,0,0,0.0,,0,0,0,0,0.0,,0,0,0,0,0.0,,0,0,0,0,0.0,,0,0,0,0,0.0,,0,0,0,0,0.0,,0,0,0,0,0.0,,0,0,0,0,0.0,,0,0,0,0,0.0,,0,0,0,0,0.0,,0,0,0,0,0.0,,0,0,0,0,0.0,,0,0,0,0,0.0,,0,0,0,0,0.0
1778951482.4190261,0.0,0,0.0,0,,0,0,0,0,0.0,,0,0,0,0,0.0,,0,0,0,0,0.0,,0,0,0,0,0.0,,0,0,0,0,0.0,,0,0,0,0,0.0,,0,0,0,0,0.0,,0,0,0,0,0.0,,0,0,0,0,0.0,,0,0,0,0,0.0,,0,0,0,0,0.0,,0,0,0,0,0.0,,0,0,0,0,0.0,,0,0,0,0,0.0,,0,0,0,0,0.0,,0,0,0,0,0.0
1778951482.4720507,0.0,0,0.0,0,,0,0,0,0,0.0,,0,0,0,0,0.0,,0,0,0,0,0.0,,0,0,0,0,0.0,,0,0,0,0,0.0,,0,0,0,0,0.0,,0,0,0,0,0.0,,0,0,0,0,0.0,,0,0,0,0,0.0,,0,0,0,0,0.0,,0,0,0,0,0.0,,0,0,0,0,0.0,,0,0,0,0,0.0,,0,0,0,0,0.0,,0,0,0,0,0.0,,0,0,0,0,0.0
1778951482.5227983,0.0,0,0.0,0,,0,0,0,0,0.0,,0,0,0,0,0.0,,0,0,0,0,0.0,,0,0,0,0,0.0,,0,0,0,0,0.0,,0,0,0,0,0.0,,0,0,0,0,0.0,,0,0,0,0,0.0,,0,0,0,0,0.0,,0,0,0,0,0.0,,0,0,0,0,0.0,,0,0,0,0,0.0,,0,0,0,0,0.0,,0,0,0,0,0.0,,0,0,0,0,0.0,,0,0,0,0,0.0
1778951482.5739276,0.0,0,0.0,0,,0,0,0,0,0.0,,0,0,0,0,0.0,,0,0,0,0,0.0,,0,0,0,0,0.0,,0,0,0,0,0.0,,0,0,0,0,0.0,,0,0,0,0,0.0,,0,0,0,0,0.0,,0,0,0,0,0.0,,0,0,0,0,0.0,,0,0,0,0,0.0,,0,0,0,0,0.0,,0,0,0,0,0.0,,0,0,0,0,0.0,,0,0,0,0,0.0,,0,0,0,0,0.0
1778951482.6243339,0.0,0,0.0,0,,0,0,0,0,0.0,,0,0,0,0,0.0,,0,0,0,0,0.0,,0,0,0,0,0.0,,0,0,0,0,0.0,,0,0,0,0,0.0,,0,0,0,0,0.0,,0,0,0,0,0.0,,0,0,0,0,0.0,,0,0,0,0,0.0,,0,0,0,0,0.0,,0,0,0,0,0.0,,0,0,0,0,0.0,,0,0,0,0,0.0,,0,0,0,0,0.0,,0,0,0,0,0.0
1778951482.6754704,0.0,0,0.0,0,,0,0,0,0,0.0,,0,0,0,0,0.0,,0,0,0,0,0.0,,0,0,0,0,0.0,,0,0,0,0,0.0,,0,0,0,0,0.0,,0,0,0,0,0.0,,0,0,0,0,0.0,,0,0,0,0,0.0,,0,0,0,0,0.0,,0,0,0,0,0.0,,0,0,0,0,0.0,,0,0,0,0,0.0,,0,0,0,0,0.0,,0,0,0,0,0.0,,0,0,0,0,0.0
1778951482.726333,0.0,0,0.0,0,,0,0,0,0,0.0,,0,0,0,0,0.0,,0,0,0,0,0.0,,0,0,0,0,0.0,,0,0,0,0,0.0,,0,0,0,0,0.0,,0,0,0,0,0.0,,0,0,0,0,0.0,,0,0,0,0,0.0,,0,0,0,0,0.0,,0,0,0,0,0.0,,0,0,0,0,0.0,,0,0,0,0,0.0,,0,0,0,0,0.0,,0,0,0,0,0.0,,0,0,0,0,0.0
1778951482.780246,0.0,0,0.0,0,,0,0,0,0,0.0,,0,0,0,0,0.0,,0,0,0,0,0.0,,0,0,0,0,0.0,,0,0,0,0,0.0,,0,0,0,0,0.0,,0,0,0,0,0.0,,0,0,0,0,0.0,,0,0,0,0,0.0,,0,0,0,0,0.0,,0,0,0,0,0.0,,0,0,0,0,0.0,,0,0,0,0,0.0,,0,0,0,0,0.0,,0,0,0,0,0.0,,0,0,0,0,0.0
1778951482.83085,0.0,0,0.0,0,,0,0,0,0,0.0,,0,0,0,0,0.0,,0,0,0,0,0.0,,0,0,0,0,0.0,,0,0,0,0,0.0,,0,0,0,0,0.0,,0,0,0,0,0.0,,0,0,0,0,0.0,,0,0,0,0,0.0,,0,0,0,0,0.0,,0,0,0,0,0.0,,0,0,0,0,0.0,,0,0,0,0,0.0,,0,0,0,0,0.0,,0,0,0,0,0.0,,0,0,0,0,0.0
1778951482.8822567,0.0,0,0.0,0,,0,0,0,0,0.0,,0,0,0,0,0.0,,0,0,0,0,0.0,,0,0,0,0,0.0,,0,0,0,0,0.0,,0,0,0,0,0.0,,0,0,0,0,0.0,,0,0,0,0,0.0,,0,0,0,0,0.0,,0,0,0,0,0.0,,0,0,0,0,0.0,,0,0,0,0,0.0,,0,0,0,0,0.0,,0,0,0,0,0.0,,0,0,0,0,0.0,,0,0,0,0,0.0
1778951482.933216,0.0,0,0.0,0,,0,0,0,0,0.0,,0,0,0,0,0.0,,0,0,0,0,0.0,,0,0,0,0,0.0,,0,0,0,0,0.0,,0,0,0,0,0.0,,0,0,0,0,0.0,,0,0,0,0,0.0,,0,0,0,0,0.0,,0,0,0,0,0.0,,0,0,0,0,0.0,,0,0,0,0,0.0,,0,0,0,0,0.0,,0,0,0,0,0.0,,0,0,0,0,0.0,,0,0,0,0,0.0
1778951482.9926558,0.0,0,0.0,0,,0,0,0,0,0.0,,0,0,0,0,0.0,,0,0,0,0,0.0,,0,0,0,0,0.0,,0,0,0,0,0.0,,0,0,0,0,0.0,,0,0,0,0,0.0,,0,0,0,0,0.0,,0,0,0,0,0.0,,0,0,0,0,0.0,,0,0,0,0,0.0,,0,0,0,0,0.0,,0,0,0,0,0.0,,0,0,0,0,0.0,,0,0,0,0,0.0,,0,0,0,0,0.0
1778951483.043562,0.0,0,0.0,0,,0,0,0,0,0.0,,0,0,0,0,0.0,,0,0,0,0,0.0,,0,0,0,0,0.0,,0,0,0,0,0.0,,0,0,0,0,0.0,,0,0,0,0,0.0,,0,0,0,0,0.0,,0,0,0,0,0.0,,0,0,0,0,0.0,,0,0,0,0,0.0,,0,0,0,0,0.0,,0,0,0,0,0.0,,0,0,0,0,0.0,,0,0,0,0,0.0,,0,0,0,0,0.0
1778951483.100398,0.0,0,0.0,0,,0,0,0,0,0.0,,0,0,0,0,0.0,,0,0,0,0,0.0,,0,0,0,0,0.0,,0,0,0,0,0.0,,0,0,0,0,0.0,,0,0,0,0,0.0,,0,0,0,0,0.0,,0,0,0,0,0.0,,0,0,0,0,0.0,,0,0,0,0,0.0,,0,0,0,0,0.0,,0,0,0,0,0.0,,0,0,0,0,0.0,,0,0,0,0,0.0,,0,0,0,0,0.0
1778951483.1508343,0.0,0,0.0,0,,0,0,0,0,0.0,,0,0,0,0,0.0,,0,0,0,0,0.0,,0,0,0,0,0.0,,0,0,0,0,0.0,,0,0,0,0,0.0,,0,0,0,0,0.0,,0,0,0,0,0.0,,0,0,0,0,0.0,,0,0,0,0,0.0,,0,0,0,0,0.0,,0,0,0,0,0.0,,0,0,0,0,0.0,,0,0,0,0,0.0,,0,0,0,0,0.0,,0,0,0,0,0.0
1778951483.204971,0.0,0,0.0,0,,0,0,0,0,0.0,,0,0,0,0,0.0,,0,0,0,0,0.0,,0,0,0,0,0.0,,0,0,0,0,0.0,,0,0,0,0,0.0,,0,0,0,0,0.0,,0,0,0,0,0.0,,0,0,0,0,0.0,,0,0,0,0,0.0,,0,0,0,0,0.0,,0,0,0,0,0.0,,0,0,0,0,0.0,,0,0,0,0,0.0,,0,0,0,0,0.0,,0,0,0,0,0.0
1778951483.2558005,0.0,0,0.0,0,,0,0,0,0,0.0,,0,0,0,0,0.0,,0,0,0,0,0.0,,0,0,0,0,0.0,,0,0,0,0,0.0,,0,0,0,0,0.0,,0,0,0,0,0.0,,0,0,0,0,0.0,,0,0,0,0,0.0,,0,0,0,0,0.0,,0,0,0,0,0.0,,0,0,0,0,0.0,,0,0,0,0,0.0,,0,0,0,0,0.0,,0,0,0,0,0.0,,0,0,0,0,0.0
1778951483.309255,0.0,0,0.0,0,,0,0,0,0,0.0,,0,0,0,0,0.0,,0,0,0,0,0.0,,0,0,0,0,0.0,,0,0,0,0,0.0,,0,0,0,0,0.0,,0,0,0,0,0.0,,0,0,0,0,0.0,,0,0,0,0,0.0,,0,0,0,0,0.0,,0,0,0,0,0.0,,0,0,0,0,0.0,,0,0,0,0,0.0,,0,0,0,0,0.0,,0,0,0,0,0.0,,0,0,0,0,0.0
1778951483.3608167,0.0,0,0.0,0,,0,0,0,0,0.0,,0,0,0,0,0.0,,0,0,0,0,0.0,,0,0,0,0,0.0,,0,0,0,0,0.0,,0,0,0,0,0.0,,0,0,0,0,0.0,,0,0,0,0,0.0,,0,0,0,0,0.0,,0,0,0,0,0.0,,0,0,0,0,0.0,,0,0,0,0,0.0,,0,0,0,0,0.0,,0,0,0,0,0.0,,0,0,0,0,0.0,,0,0,0,0,0.0
1778951483.4204297,0.0,0,0.0,0,,0,0,0,0,0.0,,0,0,0,0,0.0,,0,0,0,0,0.0,,0,0,0,0,0.0,,0,0,0,0,0.0,,0,0,0,0,0.0,,0,0,0,0,0.0,,0,0,0,0,0.0,,0,0,0,0,0.0,,0,0,0,0,0.0,,0,0,0,0,0.0,,0,0,0,0,0.0,,0,0,0,0,0.0,,0,0,0,0,0.0,,0,0,0,0,0.0,,0,0,0,0,0.0
1778951483.471452,0.0,0,0.0,0,,0,0,0,0,0.0,,0,0,0,0,0.0,,0,0,0,0,0.0,,0,0,0,0,0.0,,0,0,0,0,0.0,,0,0,0,0,0.0,,0,0,0,0,0.0,,0,0,0,0,0.0,,0,0,0,0,0.0,,0,0,0,0,0.0,,0,0,0,0,0.0,,0,0,0,0,0.0,,0,0,0,0,0.0,,0,0,0,0,0.0,,0,0,0,0,0.0,,0,0,0,0,0.0
1778951483.5230093,0.0,0,0.0,0,,0,0,0,0,0.0,,0,0,0,0,0.0,,0,0,0,0,0.0,,0,0,0,0,0.0,,0,0,0,0,0.0,,0,0,0,0,0.0,,0,0,0,0,0.0,,0,0,0,0,0.0,,0,0,0,0,0.0,,0,0,0,0,0.0,,0,0,0,0,0.0,,0,0,0,0,0.0,,0,0,0,0,0.0,,0,0,0,0,0.0,,0,0,0,0,0.0,,0,0,0,0,0.0
1778951483.57408,0.0,0,0.0,0,,0,0,0,0,0.0,,0,0,0,0,0.0,,0,0,0,0,0.0,,0,0,0,0,0.0,,0,0,0,0,0.0,,0,0,0,0,0.0,,0,0,0,0,0.0,,0,0,0,0,0.0,,0,0,0,0,0.0,,0,0,0,0,0.0,,0,0,0,0,0.0,,0,0,0,0,0.0,,0,0,0,0,0.0,,0,0,0,0,0.0,,0,0,0,0,0.0,,0,0,0,0,0.0
1778951483.627472,0.0,0,0.0,0,,0,0,0,0,0.0,,0,0,0,0,0.0,,0,0,0,0,0.0,,0,0,0,0,0.0,,0,0,0,0,0.0,,0,0,0,0,0.0,,0,0,0,0,0.0,,0,0,0,0,0.0,,0,0,0,0,0.0,,0,0,0,0,0.0,,0,0,0,0,0.0,,0,0,0,0,0.0,,0,0,0,0,0.0,,0,0,0,0,0.0,,0,0,0,0,0.0,,0,0,0,0,0.0
1778951483.6785495,0.0,0,0.0,0,,0,0,0,0,0.0,,0,0,0,0,0.0,,0,0,0,0,0.0,,0,0,0,0,0.0,,0,0,0,0,0.0,,0,0,0,0,0.0,,0,0,0,0,0.0,,0,0,0,0,0.0,,0,0,0,0,0.0,,0,0,0,0,0.0,,0,0,0,0,0.0,,0,0,0,0,0.0,,0,0,0,0,0.0,,0,0,0,0,0.0,,0,0,0,0,0.0,,0,0,0,0,0.0
1778951483.7298443,0.0,0,0.0,0,,0,0,0,0,0.0,,0,0,0,0,0.0,,0,0,0,0,0.0,,0,0,0,0,0.0,,0,0,0,0,0.0,,0,0,0,0,0.0,,0,0,0,0,0.0,,0,0,0,0,0.0,,0,0,0,0,0.0,,0,0,0,0,0.0,,0,0,0,0,0.0,,0,0,0,0,0.0,,0,0,0,0,0.0,,0,0,0,0,0.0,,0,0,0,0,0.0,,0,0,0,0,0.0
1778951483.7805302,0.0,0,0.0,0,,0,0,0,0,0.0,,0,0,0,0,0.0,,0,0,0,0,0.0,,0,0,0,0,0.0,,0,0,0,0,0.0,,0,0,0,0,0.0,,0,0,0,0,0.0,,0,0,0,0,0.0,,0,0,0,0,0.0,,0,0,0,0,0.0,,0,0,0,0,0.0,,0,0,0,0,0.0,,0,0,0,0,0.0,,0,0,0,0,0.0,,0,0,0,0,0.0,,0,0,0,0,0.0
1778951483.83184,0.0,0,0.0,0,,0,0,0,0,0.0,,0,0,0,0,0.0,,0,0,0,0,0.0,,0,0,0,0,0.0,,0,0,0,0,0.0,,0,0,0,0,0.0,,0,0,0,0,0.0,,0,0,0,0,0.0,,0,0,0,0,0.0,,0,0,0,0,0.0,,0,0,0,0,0.0,,0,0,0,0,0.0,,0,0,0,0,0.0,,0,0,0,0,0.0,,0,0,0,0,0.0,,0,0,0,0,0.0
1778951483.8821745,0.0,0,0.0,0,,0,0,0,0,0.0,,0,0,0,0,0.0,,0,0,0,0,0.0,,0,0,0,0,0.0,,0,0,0,0,0.0,,0,0,0,0,0.0,,0,0,0,0,0.0,,0,0,0,0,0.0,,0,0,0,0,0.0,,0,0,0,0,0.0,,0,0,0,0,0.0,,0,0,0,0,0.0,,0,0,0,0,0.0,,0,0,0,0,0.0,,0,0,0,0,0.0,,0,0,0,0,0.0
1778951483.9375615,0.0,0,0.0,0,,0,0,0,0,0.0,,0,0,0,0,0.0,,0,0,0,0,0.0,,0,0,0,0,0.0,,0,0,0,0,0.0,,0,0,0,0,0.0,,0,0,0,0,0.0,,0,0,0,0,0.0,,0,0,0,0,0.0,,0,0,0,0,0.0,,0,0,0,0,0.0,,0,0,0,0,0.0,,0,0,0,0,0.0,,0,0,0,0,0.0,,0,0,0,0,0.0,,0,0,0,0,0.0
1778951483.987963,0.0,0,0.0,0,,0,0,0,0,0.0,,0,0,0,0,0.0,,0,0,0,0,0.0,,0,0,0,0,0.0,,0,0,0,0,0.0,,0,0,0,0,0.0,,0,0,0,0,0.0,,0,0,0,0,0.0,,0,0,0,0,0.0,,0,0,0,0,0.0,,0,0,0,0,0.0,,0,0,0,0,0.0,,0,0,0,0,0.0,,0,0,0,0,0.0,,0,0,0,0,0.0,,0,0,0,0,0.0
1778951484.0468197,0.0,0,0.0,0,,0,0,0,0,0.0,,0,0,0,0,0.0,,0,0,0,0,0.0,,0,0,0,0,0.0,,0,0,0,0,0.0,,0,0,0,0,0.0,,0,0,0,0,0.0,,0,0,0,0,0.0,,0,0,0,0,0.0,,0,0,0,0,0.0,,0,0,0,0,0.0,,0,0,0,0,0.0,,0,0,0,0,0.0,,0,0,0,0,0.0,,0,0,0,0,0.0,,0,0,0,0,0.0
1778951484.097567,0.0,0,0.0,0,,0,0,0,0,0.0,,0,0,0,0,0.0,,0,0,0,0,0.0,,0,0,0,0,0.0,,0,0,0,0,0.0,,0,0,0,0,0.0,,0,0,0,0,0.0,,0,0,0,0,0.0,,0,0,0,0,0.0,,0,0,0,0,0.0,,0,0,0,0,0.0,,0,0,0,0,0.0,,0,0,0,0,0.0,,0,0,0,0,0.0,,0,0,0,0,0.0,,0,0,0,0,0.0
1778951484.153772,0.0,0,0.0,0,,0,0,0,0,0.0,,0,0,0,0,0.0,,0,0,0,0,0.0,,0,0,0,0,0.0,,0,0,0,0,0.0,,0,0,0,0,0.0,,0,0,0,0,0.0,,0,0,0,0,0.0,,0,0,0,0,0.0,,0,0,0,0,0.0,,0,0,0,0,0.0,,0,0,0,0,0.0,,0,0,0,0,0.0,,0,0,0,0,0.0,,0,0,0,0,0.0,,0,0,0,0,0.0
1778951484.2045777,0.0,0,0.0,0,,0,0,0,0,0.0,,0,0,0,0,0.0,,0,0,0,0,0.0,,0,0,0,0,0.0,,0,0,0,0,0.0,,0,0,0,0,0.0,,0,0,0,0,0.0,,0,0,0,0,0.0,,0,0,0,0,0.0,,0,0,0,0,0.0,,0,0,0,0,0.0,,0,0,0,0,0.0,,0,0,0,0,0.0,,0,0,0,0,0.0,,0,0,0,0,0.0,,0,0,0,0,0.0
1778951484.2559683,0.0,0,0.0,0,,0,0,0,0,0.0,,0,0,0,0,0.0,,0,0,0,0,0.0,,0,0,0,0,0.0,,0,0,0,0,0.0,,0,0,0,0,0.0,,0,0,0,0,0.0,,0,0,0,0,0.0,,0,0,0,0,0.0,,0,0,0,0,0.0,,0,0,0,0,0.0,,0,0,0,0,0.0,,0,0,0,0,0.0,,0,0,0,0,0.0,,0,0,0,0,0.0,,0,0,0,0,0.0
1778951484.3065732,0.0,0,0.0,0,,0,0,0,0,0.0,,0,0,0,0,0.0,,0,0,0,0,0.0,,0,0,0,0,0.0,,0,0,0,0,0.0,,0,0,0,0,0.0,,0,0,0,0,0.0,,0,0,0,0,0.0,,0,0,0,0,0.0,,0,0,0,0,0.0,,0,0,0,0,0.0,,0,0,0,0,0.0,,0,0,0,0,0.0,,0,0,0,0,0.0,,0,0,0,0,0.0,,0,0,0,0,0.0
1778951484.3658473,0.0,0,0.0,0,,0,0,0,0,0.0,,0,0,0,0,0.0,,0,0,0,0,0.0,,0,0,0,0,0.0,,0,0,0,0,0.0,,0,0,0,0,0.0,,0,0,0,0,0.0,,0,0,0,0,0.0,,0,0,0,0,0.0,,0,0,0,0,0.0,,0,0,0,0,0.0,,0,0,0,0,0.0,,0,0,0,0,0.0,,0,0,0,0,0.0,,0,0,0,0,0.0,,0,0,0,0,0.0
1778951484.4165814,0.0,0,0.0,0,,0,0,0,0,0.0,,0,0,0,0,0.0,,0,0,0,0,0.0,,0,0,0,0,0.0,,0,0,0,0,0.0,,0,0,0,0,0.0,,0,0,0,0,0.0,,0,0,0,0,0.0,,0,0,0,0,0.0,,0,0,0,0,0.0,,0,0,0,0,0.0,,0,0,0,0,0.0,,0,0,0,0,0.0,,0,0,0,0,0.0,,0,0,0,0,0.0,,0,0,0,0,0.0
1778951484.472153,0.0,0,0.0,0,,0,0,0,0,0.0,,0,0,0,0,0.0,,0,0,0,0,0.0,,0,0,0,0,0.0,,0,0,0,0,0.0,,0,0,0,0,0.0,,0,0,0,0,0.0,,0,0,0,0,0.0,,0,0,0,0,0.0,,0,0,0,0,0.0,,0,0,0,0,0.0,,0,0,0,0,0.0,,0,0,0,0,0.0,,0,0,0,0,0.0,,0,0,0,0,0.0,,0,0,0,0,0.0
1778951484.531101,0.0,0,0.0,0,,0,0,0,0,0.0,,0,0,0,0,0.0,,0,0,0,0,0.0,,0,0,0,0,0.0,,0,0,0,0,0.0,,0,0,0,0,0.0,,0,0,0,0,0.0,,0,0,0,0,0.0,,0,0,0,0,0.0,,0,0,0,0,0.0,,0,0,0,0,0.0,,0,0,0,0,0.0,,0,0,0,0,0.0,,0,0,0,0,0.0,,0,0,0,0,0.0,,0,0,0,0,0.0
1778951484.5848043,0.0,0,0.0,0,,0,0,0,0,0.0,,0,0,0,0,0.0,,0,0,0,0,0.0,,0,0,0,0,0.0,,0,0,0,0,0.0,,0,0,0,0,0.0,,0,0,0,0,0.0,,0,0,0,0,0.0,,0,0,0,0,0.0,,0,0,0,0,0.0,,0,0,0,0,0.0,,0,0,0,0,0.0,,0,0,0,0,0.0,,0,0,0,0,0.0,,0,0,0,0,0.0,,0,0,0,0,0.0
1778951484.6350918,0.0,0,0.0,0,,0,0,0,0,0.0,,0,0,0,0,0.0,,0,0,0,0,0.0,,0,0,0,0,0.0,,0,0,0,0,0.0,,0,0,0,0,0.0,,0,0,0,0,0.0,,0,0,0,0,0.0,,0,0,0,0,0.0,,0,0,0,0,0.0,,0,0,0,0,0.0,,0,0,0,0,0.0,,0,0,0,0,0.0,,0,0,0,0,0.0,,0,0,0,0,0.0,,0,0,0,0,0.0
1778951484.6891303,0.0,0,0.0,0,,0,0,0,0,0.0,,0,0,0,0,0.0,,0,0,0,0,0.0,,0,0,0,0,0.0,,0,0,0,0,0.0,,0,0,0,0,0.0,,0,0,0,0,0.0,,0,0,0,0,0.0,,0,0,0,0,0.0,,0,0,0,0,0.0,,0,0,0,0,0.0,,0,0,0,0,0.0,,0,0,0,0,0.0,,0,0,0,0,0.0,,0,0,0,0,0.0,,0,0,0,0,0.0
1778951484.740124,0.0,0,0.0,0,,0,0,0,0,0.0,,0,0,0,0,0.0,,0,0,0,0,0.0,,0,0,0,0,0.0,,0,0,0,0,0.0,,0,0,0,0,0.0,,0,0,0,0,0.0,,0,0,0,0,0.0,,0,0,0,0,0.0,,0,0,0,0,0.0,,0,0,0,0,0.0,,0,0,0,0,0.0,,0,0,0,0,0.0,,0,0,0,0,0.0,,0,0,0,0,0.0,,0,0,0,0,0.0
1778951484.7913842,0.0,0,0.0,0,,0,0,0,0,0.0,,0,0,0,0,0.0,,0,0,0,0,0.0,,0,0,0,0,0.0,,0,0,0,0,0.0,,0,0,0,0,0.0,,0,0,0,0,0.0,,0,0,0,0,0.0,,0,0,0,0,0.0,,0,0,0,0,0.0,,0,0,0,0,0.0,,0,0,0,0,0.0,,0,0,0,0,0.0,,0,0,0,0,0.0,,0,0,0,0,0.0,,0,0,0,0,0.0
1778951484.842093,0.0,0,0.0,0,,0,0,0,0,0.0,,0,0,0,0,0.0,,0,0,0,0,0.0,,0,0,0,0,0.0,,0,0,0,0,0.0,,0,0,0,0,0.0,,0,0,0,0,0.0,,0,0,0,0,0.0,,0,0,0,0,0.0,,0,0,0,0,0.0,,0,0,0,0,0.0,,0,0,0,0,0.0,,0,0,0,0,0.0,,0,0,0,0,0.0,,0,0,0,0,0.0,,0,0,0,0,0.0
1778951484.8963625,0.0,0,0.0,0,,0,0,0,0,0.0,,0,0,0,0,0.0,,0,0,0,0,0.0,,0,0,0,0,0.0,,0,0,0,0,0.0,,0,0,0,0,0.0,,0,0,0,0,0.0,,0,0,0,0,0.0,,0,0,0,0,0.0,,0,0,0,0,0.0,,0,0,0,0,0.0,,0,0,0,0,0.0,,0,0,0,0,0.0,,0,0,0,0,0.0,,0,0,0,0,0.0,,0,0,0,0,0.0
1778951484.946735,0.0,0,0.0,0,,0,0,0,0,0.0,,0,0,0,0,0.0,,0,0,0,0,0.0,,0,0,0,0,0.0,,0,0,0,0,0.0,,0,0,0,0,0.0,,0,0,0,0,0.0,,0,0,0,0,0.0,,0,0,0,0,0.0,,0,0,0,0,0.0,,0,0,0,0,0.0,,0,0,0,0,0.0,,0,0,0,0,0.0,,0,0,0,0,0.0,,0,0,0,0,0.0,,0,0,0,0,0.0
1778951485.0055225,0.0,0,0.0,0,,0,0,0,0,0.0,,0,0,0,0,0.0,,0,0,0,0,0.0,,0,0,0,0,0.0,,0,0,0,0,0.0,,0,0,0,0,0.0,,0,0,0,0,0.0,,0,0,0,0,0.0,,0,0,0,0,0.0,,0,0,0,0,0.0,,0,0,0,0,0.0,,0,0,0,0,0.0,,0,0,0,0,0.0,,0,0,0,0,0.0,,0,0,0,0,0.0,,0,0,0,0,0.0
1778951485.0564427,0.0,0,0.0,0,,0,0,0,0,0.0,,0,0,0,0,0.0,,0,0,0,0,0.0,,0,0,0,0,0.0,,0,0,0,0,0.0,,0,0,0,0,0.0,,0,0,0,0,0.0,,0,0,0,0,0.0,,0,0,0,0,0.0,,0,0,0,0,0.0,,0,0,0,0,0.0,,0,0,0,0,0.0,,0,0,0,0,0.0,,0,0,0,0,0.0,,0,0,0,0,0.0,,0,0,0,0,0.0
1778951485.1083302,0.0,0,0.0,0,,0,0,0,0,0.0,,0,0,0,0,0.0,,0,0,0,0,0.0,,0,0,0,0,0.0,,0,0,0,0,0.0,,0,0,0,0,0.0,,0,0,0,0,0.0,,0,0,0,0,0.0,,0,0,0,0,0.0,,0,0,0,0,0.0,,0,0,0,0,0.0,,0,0,0,0,0.0,,0,0,0,0,0.0,,0,0,0,0,0.0,,0,0,0,0,0.0,,0,0,0,0,0.0
1778951485.1594014,0.0,0,0.0,0,,0,0,0,0,0.0,,0,0,0,0,0.0,,0,0,0,0,0.0,,0,0,0,0,0.0,,0,0,0,0,0.0,,0,0,0,0,0.0,,0,0,0,0,0.0,,0,0,0,0,0.0,,0,0,0,0,0.0,,0,0,0,0,0.0,,0,0,0,0,0.0,,0,0,0,0,0.0,,0,0,0,0,0.0,,0,0,0,0,0.0,,0,0,0,0,0.0,,0,0,0,0,0.0
1778951485.2098794,0.0,0,0.0,0,,0,0,0,0,0.0,,0,0,0,0,0.0,,0,0,0,0,0.0,,0,0,0,0,0.0,,0,0,0,0,0.0,,0,0,0,0,0.0,,0,0,0,0,0.0,,0,0,0,0,0.0,,0,0,0,0,0.0,,0,0,0,0,0.0,,0,0,0,0,0.0,,0,0,0,0,0.0,,0,0,0,0,0.0,,0,0,0,0,0.0,,0,0,0,0,0.0,,0,0,0,0,0.0
1778951485.2627513,0.0,0,0.0,0,,0,0,0,0,0.0,,0,0,0,0,0.0,,0,0,0,0,0.0,,0,0,0,0,0.0,,0,0,0,0,0.0,,0,0,0,0,0.0,,0,0,0,0,0.0,,0,0,0,0,0.0,,0,0,0,0,0.0,,0,0,0,0,0.0,,0,0,0,0,0.0,,0,0,0,0,0.0,,0,0,0,0,0.0,,0,0,0,0,0.0,,0,0,0,0,0.0,,0,0,0,0,0.0
1778951485.3228443,0.0,0,0.0,0,,0,0,0,0,0.0,,0,0,0,0,0.0,,0,0,0,0,0.0,,0,0,0,0,0.0,,0,0,0,0,0.0,,0,0,0,0,0.0,,0,0,0,0,0.0,,0,0,0,0,0.0,,0,0,0,0,0.0,,0,0,0,0,0.0,,0,0,0,0,0.0,,0,0,0,0,0.0,,0,0,0,0,0.0,,0,0,0,0,0.0,,0,0,0,0,0.0,,0,0,0,0,0.0
1778951485.373807,0.0,0,0.0,0,,0,0,0,0,0.0,,0,0,0,0,0.0,,0,0,0,0,0.0,,0,0,0,0,0.0,,0,0,0,0,0.0,,0,0,0,0,0.0,,0,0,0,0,0.0,,0,0,0,0,0.0,,0,0,0,0,0.0,,0,0,0,0,0.0,,0,0,0,0,0.0,,0,0,0,0,0.0,,0,0,0,0,0.0,,0,0,0,0,0.0,,0,0,0,0,0.0,,0,0,0,0,0.0
1778951485.4478734,0.0,0,0.0,0,,0,0,0,0,0.0,,0,0,0,0,0.0,,0,0,0,0,0.0,,0,0,0,0,0.0,,0,0,0,0,0.0,,0,0,0,0,0.0,,0,0,0,0,0.0,,0,0,0,0,0.0,,0,0,0,0,0.0,,0,0,0,0,0.0,,0,0,0,0,0.0,,0,0,0,0,0.0,,0,0,0,0,0.0,,0,0,0,0,0.0,,0,0,0,0,0.0,,0,0,0,0,0.0
1778951485.4987721,0.0,0,0.0,0,,0,0,0,0,0.0,,0,0,0,0,0.0,,0,0,0,0,0.0,,0,0,0,0,0.0,,0,0,0,0,0.0,,0,0,0,0,0.0,,0,0,0,0,0.0,,0,0,0,0,0.0,,0,0,0,0,0.0,,0,0,0,0,0.0,,0,0,0,0,0.0,,0,0,0,0,0.0,,0,0,0,0,0.0,,0,0,0,0,0.0,,0,0,0,0,0.0,,0,0,0,0,0.0
1778951485.552852,0.0,0,0.0,0,,0,0,0,0,0.0,,0,0,0,0,0.0,,0,0,0,0,0.0,,0,0,0,0,0.0,,0,0,0,0,0.0,,0,0,0,0,0.0,,0,0,0,0,0.0,,0,0,0,0,0.0,,0,0,0,0,0.0,,0,0,0,0,0.0,,0,0,0,0,0.0,,0,0,0,0,0.0,,0,0,0,0,0.0,,0,0,0,0,0.0,,0,0,0,0,0.0,,0,0,0,0,0.0
1778951485.6049366,0.0,0,0.0,0,,0,0,0,0,0.0,,0,0,0,0,0.0,,0,0,0,0,0.0,,0,0,0,0,0.0,,0,0,0,0,0.0,,0,0,0,0,0.0,,0,0,0,0,0.0,,0,0,0,0,0.0,,0,0,0,0,0.0,,0,0,0,0,0.0,,0,0,0,0,0.0,,0,0,0,0,0.0,,0,0,0,0,0.0,,0,0,0,0,0.0,,0,0,0,0,0.0,,0,0,0,0,0.0
1778951485.660044,0.0,0,0.0,0,,0,0,0,0,0.0,,0,0,0,0,0.0,,0,0,0,0,0.0,,0,0,0,0,0.0,,0,0,0,0,0.0,,0,0,0,0,0.0,,0,0,0,0,0.0,,0,0,0,0,0.0,,0,0,0,0,0.0,,0,0,0,0,0.0,,0,0,0,0,0.0,,0,0,0,0,0.0,,0,0,0,0,0.0,,0,0,0,0,0.0,,0,0,0,0,0.0,,0,0,0,0,0.0
1778951485.7125785,0.0,0,0.0,0,,0,0,0,0,0.0,,0,0,0,0,0.0,,0,0,0,0,0.0,,0,0,0,0,0.0,,0,0,0,0,0.0,,0,0,0,0,0.0,,0,0,0,0,0.0,,0,0,0,0,0.0,,0,0,0,0,0.0,,0,0,0,0,0.0,,0,0,0,0,0.0,,0,0,0,0,0.0,,0,0,0,0,0.0,,0,0,0,0,0.0,,0,0,0,0,0.0,,0,0,0,0,0.0
1778951485.7639966,0.0,0,0.0,0,,0,0,0,0,0.0,,0,0,0,0,0.0,,0,0,0,0,0.0,,0,0,0,0,0.0,,0,0,0,0,0.0,,0,0,0,0,0.0,,0,0,0,0,0.0,,0,0,0,0,0.0,,0,0,0,0,0.0,,0,0,0,0,0.0,,0,0,0,0,0.0,,0,0,0,0,0.0,,0,0,0,0,0.0,,0,0,0,0,0.0,,0,0,0,0,0.0,,0,0,0,0,0.0
1778951485.8145733,0.0,0,0.0,0,,0,0,0,0,0.0,,0,0,0,0,0.0,,0,0,0,0,0.0,,0,0,0,0,0.0,,0,0,0,0,0.0,,0,0,0,0,0.0,,0,0,0,0,0.0,,0,0,0,0,0.0,,0,0,0,0,0.0,,0,0,0,0,0.0,,0,0,0,0,0.0,,0,0,0,0,0.0,,0,0,0,0,0.0,,0,0,0,0,0.0,,0,0,0,0,0.0,,0,0,0,0,0.0
1778951485.8656046,0.0,0,0.0,0,,0,0,0,0,0.0,,0,0,0,0,0.0,,0,0,0,0,0.0,,0,0,0,0,0.0,,0,0,0,0,0.0,,0,0,0,0,0.0,,0,0,0,0,0.0,,0,0,0,0,0.0,,0,0,0,0,0.0,,0,0,0,0,0.0,,0,0,0,0,0.0,,0,0,0,0,0.0,,0,0,0,0,0.0,,0,0,0,0,0.0,,0,0,0,0,0.0,,0,0,0,0,0.0
1778951485.9161224,0.0,0,0.0,0,,0,0,0,0,0.0,,0,0,0,0,0.0,,0,0,0,0,0.0,,0,0,0,0,0.0,,0,0,0,0,0.0,,0,0,0,0,0.0,,0,0,0,0,0.0,,0,0,0,0,0.0,,0,0,0,0,0.0,,0,0,0,0,0.0,,0,0,0,0,0.0,,0,0,0,0,0.0,,0,0,0,0,0.0,,0,0,0,0,0.0,,0,0,0,0,0.0,,0,0,0,0,0.0
1778951485.9675915,0.0,0,0.0,0,,0,0,0,0,0.0,,0,0,0,0,0.0,,0,0,0,0,0.0,,0,0,0,0,0.0,,0,0,0,0,0.0,,0,0,0,0,0.0,,0,0,0,0,0.0,,0,0,0,0,0.0,,0,0,0,0,0.0,,0,0,0,0,0.0,,0,0,0,0,0.0,,0,0,0,0,0.0,,0,0,0,0,0.0,,0,0,0,0,0.0,,0,0,0,0,0.0,,0,0,0,0,0.0
1778951486.0190742,0.0,0,0.0,0,,0,0,0,0,0.0,,0,0,0,0,0.0,,0,0,0,0,0.0,,0,0,0,0,0.0,,0,0,0,0,0.0,,0,0,0,0,0.0,,0,0,0,0,0.0,,0,0,0,0,0.0,,0,0,0,0,0.0,,0,0,0,0,0.0,,0,0,0,0,0.0,,0,0,0,0,0.0,,0,0,0,0,0.0,,0,0,0,0,0.0,,0,0,0,0,0.0,,0,0,0,0,0.0
1778951486.0706892,0.0,0,0.0,0,,0,0,0,0,0.0,,0,0,0,0,0.0,,0,0,0,0,0.0,,0,0,0,0,0.0,,0,0,0,0,0.0,,0,0,0,0,0.0,,0,0,0,0,0.0,,0,0,0,0,0.0,,0,0,0,0,0.0,,0,0,0,0,0.0,,0,0,0,0,0.0,,0,0,0,0,0.0,,0,0,0,0,0.0,,0,0,0,0,0.0,,0,0,0,0,0.0,,0,0,0,0,0.0
1778951486.1210752,0.0,0,0.0,0,,0,0,0,0,0.0,,0,0,0,0,0.0,,0,0,0,0,0.0,,0,0,0,0,0.0,,0,0,0,0,0.0,,0,0,0,0,0.0,,0,0,0,0,0.0,,0,0,0,0,0.0,,0,0,0,0,0.0,,0,0,0,0,0.0,,0,0,0,0,0.0,,0,0,0,0,0.0,,0,0,0,0,0.0,,0,0,0,0,0.0,,0,0,0,0,0.0,,0,0,0,0,0.0
1778951486.1778727,0.0,0,0.0,0,,0,0,0,0,0.0,,0,0,0,0,0.0,,0,0,0,0,0.0,,0,0,0,0,0.0,,0,0,0,0,0.0,,0,0,0,0,0.0,,0,0,0,0,0.0,,0,0,0,0,0.0,,0,0,0,0,0.0,,0,0,0,0,0.0,,0,0,0,0,0.0,,0,0,0,0,0.0,,0,0,0,0,0.0,,0,0,0,0,0.0,,0,0,0,0,0.0,,0,0,0,0,0.0
1778951486.228679,0.0,0,0.0,0,,0,0,0,0,0.0,,0,0,0,0,0.0,,0,0,0,0,0.0,,0,0,0,0,0.0,,0,0,0,0,0.0,,0,0,0,0,0.0,,0,0,0,0,0.0,,0,0,0,0,0.0,,0,0,0,0,0.0,,0,0,0,0,0.0,,0,0,0,0,0.0,,0,0,0,0,0.0,,0,0,0,0,0.0,,0,0,0,0,0.0,,0,0,0,0,0.0,,0,0,0,0,0.0
1778951486.2814226,0.0,0,0.0,0,,0,0,0,0,0.0,,0,0,0,0,0.0,,0,0,0,0,0.0,,0,0,0,0,0.0,,0,0,0,0,0.0,,0,0,0,0,0.0,,0,0,0,0,0.0,,0,0,0,0,0.0,,0,0,0,0,0.0,,0,0,0,0,0.0,,0,0,0,0,0.0,,0,0,0,0,0.0,,0,0,0,0,0.0,,0,0,0,0,0.0,,0,0,0,0,0.0,,0,0,0,0,0.0
1778951486.332326,0.0,0,0.0,0,,0,0,0,0,0.0,,0,0,0,0,0.0,,0,0,0,0,0.0,,0,0,0,0,0.0,,0,0,0,0,0.0,,0,0,0,0,0.0,,0,0,0,0,0.0,,0,0,0,0,0.0,,0,0,0,0,0.0,,0,0,0,0,0.0,,0,0,0,0,0.0,,0,0,0,0,0.0,,0,0,0,0,0.0,,0,0,0,0,0.0,,0,0,0,0,0.0,,0,0,0,0,0.0
1778951486.3829288,0.0,0,0.0,0,,0,0,0,0,0.0,,0,0,0,0,0.0,,0,0,0,0,0.0,,0,0,0,0,0.0,,0,0,0,0,0.0,,0,0,0,0,0.0,,0,0,0,0,0.0,,0,0,0,0,0.0,,0,0,0,0,0.0,,0,0,0,0,0.0,,0,0,0,0,0.0,,0,0,0,0,0.0,,0,0,0,0,0.0,,0,0,0,0,0.0,,0,0,0,0,0.0,,0,0,0,0,0.0
1778951486.4337902,0.0,0,0.0,0,,0,0,0,0,0.0,,0,0,0,0,0.0,,0,0,0,0,0.0,,0,0,0,0,0.0,,0,0,0,0,0.0,,0,0,0,0,0.0,,0,0,0,0,0.0,,0,0,0,0,0.0,,0,0,0,0,0.0,,0,0,0,0,0.0,,0,0,0,0,0.0,,0,0,0,0,0.0,,0,0,0,0,0.0,,0,0,0,0,0.0,,0,0,0,0,0.0,,0,0,0,0,0.0
1778951486.4864182,0.0,0,0.0,0,,0,0,0,0,0.0,,0,0,0,0,0.0,,0,0,0,0,0.0,,0,0,0,0,0.0,,0,0,0,0,0.0,,0,0,0,0,0.0,,0,0,0,0,0.0,,0,0,0,0,0.0,,0,0,0,0,0.0,,0,0,0,0,0.0,,0,0,0,0,0.0,,0,0,0,0,0.0,,0,0,0,0,0.0,,0,0,0,0,0.0,,0,0,0,0,0.0,,0,0,0,0,0.0
1778951486.5376556,0.0,0,0.0,0,,0,0,0,0,0.0,,0,0,0,0,0.0,,0,0,0,0,0.0,,0,0,0,0,0.0,,0,0,0,0,0.0,,0,0,0,0,0.0,,0,0,0,0,0.0,,0,0,0,0,0.0,,0,0,0,0,0.0,,0,0,0,0,0.0,,0,0,0,0,0.0,,0,0,0,0,0.0,,0,0,0,0,0.0,,0,0,0,0,0.0,,0,0,0,0,0.0,,0,0,0,0,0.0
1778951486.588597,0.0,0,0.0,0,,0,0,0,0,0.0,,0,0,0,0,0.0,,0,0,0,0,0.0,,0,0,0,0,0.0,,0,0,0,0,0.0,,0,0,0,0,0.0,,0,0,0,0,0.0,,0,0,0,0,0.0,,0,0,0,0,0.0,,0,0,0,0,0.0,,0,0,0,0,0.0,,0,0,0,0,0.0,,0,0,0,0,0.0,,0,0,0,0,0.0,,0,0,0,0,0.0,,0,0,0,0,0.0
1778951486.6389847,0.0,0,0.0,0,,0,0,0,0,0.0,,0,0,0,0,0.0,,0,0,0,0,0.0,,0,0,0,0,0.0,,0,0,0,0,0.0,,0,0,0,0,0.0,,0,0,0,0,0.0,,0,0,0,0,0.0,,0,0,0,0,0.0,,0,0,0,0,0.0,,0,0,0,0,0.0,,0,0,0,0,0.0,,0,0,0,0,0.0,,0,0,0,0,0.0,,0,0,0,0,0.0,,0,0,0,0,0.0
1778951486.692294,0.0,0,0.0,0,,0,0,0,0,0.0,,0,0,0,0,0.0,,0,0,0,0,0.0,,0,0,0,0,0.0,,0,0,0,0,0.0,,0,0,0,0,0.0,,0,0,0,0,0.0,,0,0,0,0,0.0,,0,0,0,0,0.0,,0,0,0,0,0.0,,0,0,0,0,0.0,,0,0,0,0,0.0,,0,0,0,0,0.0,,0,0,0,0,0.0,,0,0,0,0,0.0,,0,0,0,0,0.0
1778951486.74298,0.0,0,0.0,0,,0,0,0,0,0.0,,0,0,0,0,0.0,,0,0,0,0,0.0,,0,0,0,0,0.0,,0,0,0,0,0.0,,0,0,0,0,0.0,,0,0,0,0,0.0,,0,0,0,0,0.0,,0,0,0,0,0.0,,0,0,0,0,0.0,,0,0,0,0,0.0,,0,0,0,0,0.0,,0,0,0,0,0.0,,0,0,0,0,0.0,,0,0,0,0,0.0,,0,0,0,0,0.0
1778951486.7941713,0.0,0,0.0,0,,0,0,0,0,0.0,,0,0,0,0,0.0,,0,0,0,0,0.0,,0,0,0,0,0.0,,0,0,0,0,0.0,,0,0,0,0,0.0,,0,0,0,0,0.0,,0,0,0,0,0.0,,0,0,0,0,0.0,,0,0,0,0,0.0,,0,0,0,0,0.0,,0,0,0,0,0.0,,0,0,0,0,0.0,,0,0,0,0,0.0,,0,0,0,0,0.0,,0,0,0,0,0.0
1778951486.845263,0.0,0,0.0,0,,0,0,0,0,0.0,,0,0,0,0,0.0,,0,0,0,0,0.0,,0,0,0,0,0.0,,0,0,0,0,0.0,,0,0,0,0,0.0,,0,0,0,0,0.0,,0,0,0,0,0.0,,0,0,0,0,0.0,,0,0,0,0,0.0,,0,0,0,0,0.0,,0,0,0,0,0.0,,0,0,0,0,0.0,,0,0,0,0,0.0,,0,0,0,0,0.0,,0,0,0,0,0.0
1778951486.8963084,0.0,0,0.0,0,,0,0,0,0,0.0,,0,0,0,0,0.0,,0,0,0,0,0.0,,0,0,0,0,0.0,,0,0,0,0,0.0,,0,0,0,0,0.0,,0,0,0,0,0.0,,0,0,0,0,0.0,,0,0,0,0,0.0,,0,0,0,0,0.0,,0,0,0,0,0.0,,0,0,0,0,0.0,,0,0,0,0,0.0,,0,0,0,0,0.0,,0,0,0,0,0.0,,0,0,0,0,0.0
1778951486.9469771,0.0,0,0.0,0,,0,0,0,0,0.0,,0,0,0,0,0.0,,0,0,0,0,0.0,,0,0,0,0,0.0,,0,0,0,0,0.0,,0,0,0,0,0.0,,0,0,0,0,0.0,,0,0,0,0,0.0,,0,0,0,0,0.0,,0,0,0,0,0.0,,0,0,0,0,0.0,,0,0,0,0,0.0,,0,0,0,0,0.0,,0,0,0,0,0.0,,0,0,0,0,0.0,,0,0,0,0,0.0
1778951486.9998057,0.0,0,0.0,0,,0,0,0,0,0.0,,0,0,0,0,0.0,,0,0,0,0,0.0,,0,0,0,0,0.0,,0,0,0,0,0.0,,0,0,0,0,0.0,,0,0,0,0,0.0,,0,0,0,0,0.0,,0,0,0,0,0.0,,0,0,0,0,0.0,,0,0,0,0,0.0,,0,0,0,0,0.0,,0,0,0,0,0.0,,0,0,0,0,0.0,,0,0,0,0,0.0,,0,0,0,0,0.0
1778951487.049997,0.0,0,0.0,0,,0,0,0,0,0.0,,0,0,0,0,0.0,,0,0,0,0,0.0,,0,0,0,0,0.0,,0,0,0,0,0.0,,0,0,0,0,0.0,,0,0,0,0,0.0,,0,0,0,0,0.0,,0,0,0,0,0.0,,0,0,0,0,0.0,,0,0,0,0,0.0,,0,0,0,0,0.0,,0,0,0,0,0.0,,0,0,0,0,0.0,,0,0,0,0,0.0,,0,0,0,0,0.0
1778951487.1013708,0.0,0,0.0,0,,0,0,0,0,0.0,,0,0,0,0,0.0,,0,0,0,0,0.0,,0,0,0,0,0.0,,0,0,0,0,0.0,,0,0,0,0,0.0,,0,0,0,0,0.0,,0,0,0,0,0.0,,0,0,0,0,0.0,,0,0,0,0,0.0,,0,0,0,0,0.0,,0,0,0,0,0.0,,0,0,0,0,0.0,,0,0,0,0,0.0,,0,0,0,0,0.0,,0,0,0,0,0.0
1778951487.151992,0.0,0,0.0,0,,0,0,0,0,0.0,,0,0,0,0,0.0,,0,0,0,0,0.0,,0,0,0,0,0.0,,0,0,0,0,0.0,,0,0,0,0,0.0,,0,0,0,0,0.0,,0,0,0,0,0.0,,0,0,0,0,0.0,,0,0,0,0,0.0,,0,0,0,0,0.0,,0,0,0,0,0.0,,0,0,0,0,0.0,,0,0,0,0,0.0,,0,0,0,0,0.0,,0,0,0,0,0.0
1778951487.2036881,0.0,0,0.0,0,,0,0,0,0,0.0,,0,0,0,0,0.0,,0,0,0,0,0.0,,0,0,0,0,0.0,,0,0,0,0,0.0,,0,0,0,0,0.0,,0,0,0,0,0.0,,0,0,0,0,0.0,,0,0,0,0,0.0,,0,0,0,0,0.0,,0,0,0,0,0.0,,0,0,0,0,0.0,,0,0,0,0,0.0,,0,0,0,0,0.0,,0,0,0,0,0.0,,0,0,0,0,0.0
1778951487.2544549,0.0,0,0.0,0,,0,0,0,0,0.0,,0,0,0,0,0.0,,0,0,0,0,0.0,,0,0,0,0,0.0,,0,0,0,0,0.0,,0,0,0,0,0.0,,0,0,0,0,0.0,,0,0,0,0,0.0,,0,0,0,0,0.0,,0,0,0,0,0.0,,0,0,0,0,0.0,,0,0,0,0,0.0,,0,0,0,0,0.0,,0,0,0,0,0.0,,0,0,0,0,0.0,,0,0,0,0,0.0
1778951487.3094277,0.0,0,0.0,0,,0,0,0,0,0.0,,0,0,0,0,0.0,,0,0,0,0,0.0,,0,0,0,0,0.0,,0,0,0,0,0.0,,0,0,0,0,0.0,,0,0,0,0,0.0,,0,0,0,0,0.0,,0,0,0,0,0.0,,0,0,0,0,0.0,,0,0,0,0,0.0,,0,0,0,0,0.0,,0,0,0,0,0.0,,0,0,0,0,0.0,,0,0,0,0,0.0,,0,0,0,0,0.0
1778951487.3600543,0.0,0,0.0,0,,0,0,0,0,0.0,,0,0,0,0,0.0,,0,0,0,0,0.0,,0,0,0,0,0.0,,0,0,0,0,0.0,,0,0,0,0,0.0,,0,0,0,0,0.0,,0,0,0,0,0.0,,0,0,0,0,0.0,,0,0,0,0,0.0,,0,0,0,0,0.0,,0,0,0,0,0.0,,0,0,0,0,0.0,,0,0,0,0,0.0,,0,0,0,0,0.0,,0,0,0,0,0.0
1778951487.4229584,0.0,0,0.0,0,,0,0,0,0,0.0,,0,0,0,0,0.0,,0,0,0,0,0.0,,0,0,0,0,0.0,,0,0,0,0,0.0,,0,0,0,0,0.0,,0,0,0,0,0.0,,0,0,0,0,0.0,,0,0,0,0,0.0,,0,0,0,0,0.0,,0,0,0,0,0.0,,0,0,0,0,0.0,,0,0,0,0,0.0,,0,0,0,0,0.0,,0,0,0,0,0.0,,0,0,0,0,0.0
1778951487.473663,0.0,0,0.0,0,,0,0,0,0,0.0,,0,0,0,0,0.0,,0,0,0,0,0.0,,0,0,0,0,0.0,,0,0,0,0,0.0,,0,0,0,0,0.0,,0,0,0,0,0.0,,0,0,0,0,0.0,,0,0,0,0,0.0,,0,0,0,0,0.0,,0,0,0,0,0.0,,0,0,0,0,0.0,,0,0,0,0,0.0,,0,0,0,0,0.0,,0,0,0,0,0.0,,0,0,0,0,0.0
1778951487.5263796,0.0,0,0.0,0,,0,0,0,0,0.0,,0,0,0,0,0.0,,0,0,0,0,0.0,,0,0,0,0,0.0,,0,0,0,0,0.0,,0,0,0,0,0.0,,0,0,0,0,0.0,,0,0,0,0,0.0,,0,0,0,0,0.0,,0,0,0,0,0.0,,0,0,0,0,0.0,,0,0,0,0,0.0,,0,0,0,0,0.0,,0,0,0,0,0.0,,0,0,0,0,0.0,,0,0,0,0,0.0
1778951487.5768292,0.0,0,0.0,0,,0,0,0,0,0.0,,0,0,0,0,0.0,,0,0,0,0,0.0,,0,0,0,0,0.0,,0,0,0,0,0.0,,0,0,0,0,0.0,,0,0,0,0,0.0,,0,0,0,0,0.0,,0,0,0,0,0.0,,0,0,0,0,0.0,,0,0,0,0,0.0,,0,0,0,0,0.0,,0,0,0,0,0.0,,0,0,0,0,0.0,,0,0,0,0,0.0,,0,0,0,0,0.0
1778951487.6395214,0.0,0,0.0,0,,0,0,0,0,0.0,,0,0,0,0,0.0,,0,0,0,0,0.0,,0,0,0,0,0.0,,0,0,0,0,0.0,,0,0,0,0,0.0,,0,0,0,0,0.0,,0,0,0,0,0.0,,0,0,0,0,0.0,,0,0,0,0,0.0,,0,0,0,0,0.0,,0,0,0,0,0.0,,0,0,0,0,0.0,,0,0,0,0,0.0,,0,0,0,0,0.0,,0,0,0,0,0.0
1778951487.6903248,0.0,0,0.0,0,,0,0,0,0,0.0,,0,0,0,0,0.0,,0,0,0,0,0.0,,0,0,0,0,0.0,,0,0,0,0,0.0,,0,0,0,0,0.0,,0,0,0,0,0.0,,0,0,0,0,0.0,,0,0,0,0,0.0,,0,0,0,0,0.0,,0,0,0,0,0.0,,0,0,0,0,0.0,,0,0,0,0,0.0,,0,0,0,0,0.0,,0,0,0,0,0.0,,0,0,0,0,0.0
1778951487.7423708,0.0,0,0.0,0,,0,0,0,0,0.0,,0,0,0,0,0.0,,0,0,0,0,0.0,,0,0,0,0,0.0,,0,0,0,0,0.0,,0,0,0,0,0.0,,0,0,0,0,0.0,,0,0,0,0,0.0,,0,0,0,0,0.0,,0,0,0,0,0.0,,0,0,0,0,0.0,,0,0,0,0,0.0,,0,0,0,0,0.0,,0,0,0,0,0.0,,0,0,0,0,0.0,,0,0,0,0,0.0
1778951487.7933905,0.0,0,0.0,0,,0,0,0,0,0.0,,0,0,0,0,0.0,,0,0,0,0,0.0,,0,0,0,0,0.0,,0,0,0,0,0.0,,0,0,0,0,0.0,,0,0,0,0,0.0,,0,0,0,0,0.0,,0,0,0,0,0.0,,0,0,0,0,0.0,,0,0,0,0,0.0,,0,0,0,0,0.0,,0,0,0,0,0.0,,0,0,0,0,0.0,,0,0,0,0,0.0,,0,0,0,0,0.0
1778951487.8452284,0.0,0,0.0,0,,0,0,0,0,0.0,,0,0,0,0,0.0,,0,0,0,0,0.0,,0,0,0,0,0.0,,0,0,0,0,0.0,,0,0,0,0,0.0,,0,0,0,0,0.0,,0,0,0,0,0.0,,0,0,0,0,0.0,,0,0,0,0,0.0,,0,0,0,0,0.0,,0,0,0,0,0.0,,0,0,0,0,0.0,,0,0,0,0,0.0,,0,0,0,0,0.0,,0,0,0,0,0.0
1778951487.8964174,0.0,0,0.0,0,,0,0,0,0,0.0,,0,0,0,0,0.0,,0,0,0,0,0.0,,0,0,0,0,0.0,,0,0,0,0,0.0,,0,0,0,0,0.0,,0,0,0,0,0.0,,0,0,0,0,0.0,,0,0,0,0,0.0,,0,0,0,0,0.0,,0,0,0,0,0.0,,0,0,0,0,0.0,,0,0,0,0,0.0,,0,0,0,0,0.0,,0,0,0,0,0.0,,0,0,0,0,0.0
1778951487.9473376,0.0,0,0.0,0,,0,0,0,0,0.0,,0,0,0,0,0.0,,0,0,0,0,0.0,,0,0,0,0,0.0,,0,0,0,0,0.0,,0,0,0,0,0.0,,0,0,0,0,0.0,,0,0,0,0,0.0,,0,0,0,0,0.0,,0,0,0,0,0.0,,0,0,0,0,0.0,,0,0,0,0,0.0,,0,0,0,0,0.0,,0,0,0,0,0.0,,0,0,0,0,0.0,,0,0,0,0,0.0
1778951487.9983168,0.0,0,0.0,0,,0,0,0,0,0.0,,0,0,0,0,0.0,,0,0,0,0,0.0,,0,0,0,0,0.0,,0,0,0,0,0.0,,0,0,0,0,0.0,,0,0,0,0,0.0,,0,0,0,0,0.0,,0,0,0,0,0.0,,0,0,0,0,0.0,,0,0,0,0,0.0,,0,0,0,0,0.0,,0,0,0,0,0.0,,0,0,0,0,0.0,,0,0,0,0,0.0,,0,0,0,0,0.0
1778951488.0496554,0.0,0,0.0,0,,0,0,0,0,0.0,,0,0,0,0,0.0,,0,0,0,0,0.0,,0,0,0,0,0.0,,0,0,0,0,0.0,,0,0,0,0,0.0,,0,0,0,0,0.0,,0,0,0,0,0.0,,0,0,0,0,0.0,,0,0,0,0,0.0,,0,0,0,0,0.0,,0,0,0,0,0.0,,0,0,0,0,0.0,,0,0,0,0,0.0,,0,0,0,0,0.0,,0,0,0,0,0.0
1778951488.1003637,0.0,0,0.0,0,,0,0,0,0,0.0,,0,0,0,0,0.0,,0,0,0,0,0.0,,0,0,0,0,0.0,,0,0,0,0,0.0,,0,0,0,0,0.0,,0,0,0,0,0.0,,0,0,0,0,0.0,,0,0,0,0,0.0,,0,0,0,0,0.0,,0,0,0,0,0.0,,0,0,0,0,0.0,,0,0,0,0,0.0,,0,0,0,0,0.0,,0,0,0,0,0.0,,0,0,0,0,0.0
1778951488.1561747,0.0,0,0.0,0,,0,0,0,0,0.0,,0,0,0,0,0.0,,0,0,0,0,0.0,,0,0,0,0,0.0,,0,0,0,0,0.0,,0,0,0,0,0.0,,0,0,0,0,0.0,,0,0,0,0,0.0,,0,0,0,0,0.0,,0,0,0,0,0.0,,0,0,0,0,0.0,,0,0,0,0,0.0,,0,0,0,0,0.0,,0,0,0,0,0.0,,0,0,0,0,0.0,,0,0,0,0,0.0
1778951488.2074378,0.0,0,0.0,0,,0,0,0,0,0.0,,0,0,0,0,0.0,,0,0,0,0,0.0,,0,0,0,0,0.0,,0,0,0,0,0.0,,0,0,0,0,0.0,,0,0,0,0,0.0,,0,0,0,0,0.0,,0,0,0,0,0.0,,0,0,0,0,0.0,,0,0,0,0,0.0,,0,0,0,0,0.0,,0,0,0,0,0.0,,0,0,0,0,0.0,,0,0,0,0,0.0,,0,0,0,0,0.0
1778951488.2588882,0.0,0,0.0,0,,0,0,0,0,0.0,,0,0,0,0,0.0,,0,0,0,0,0.0,,0,0,0,0,0.0,,0,0,0,0,0.0,,0,0,0,0,0.0,,0,0,0,0,0.0,,0,0,0,0,0.0,,0,0,0,0,0.0,,0,0,0,0,0.0,,0,0,0,0,0.0,,0,0,0,0,0.0,,0,0,0,0,0.0,,0,0,0,0,0.0,,0,0,0,0,0.0,,0,0,0,0,0.0
1778951488.3094037,0.0,0,0.0,0,,0,0,0,0,0.0,,0,0,0,0,0.0,,0,0,0,0,0.0,,0,0,0,0,0.0,,0,0,0,0,0.0,,0,0,0,0,0.0,,0,0,0,0,0.0,,0,0,0,0,0.0,,0,0,0,0,0.0,,0,0,0,0,0.0,,0,0,0,0,0.0,,0,0,0,0,0.0,,0,0,0,0,0.0,,0,0,0,0,0.0,,0,0,0,0,0.0,,0,0,0,0,0.0
1778951488.3631775,0.0,0,0.0,0,,0,0,0,0,0.0,,0,0,0,0,0.0,,0,0,0,0,0.0,,0,0,0,0,0.0,,0,0,0,0,0.0,,0,0,0,0,0.0,,0,0,0,0,0.0,,0,0,0,0,0.0,,0,0,0,0,0.0,,0,0,0,0,0.0,,0,0,0,0,0.0,,0,0,0,0,0.0,,0,0,0,0,0.0,,0,0,0,0,0.0,,0,0,0,0,0.0,,0,0,0,0,0.0
1778951488.4135861,0.0,0,0.0,0,,0,0,0,0,0.0,,0,0,0,0,0.0,,0,0,0,0,0.0,,0,0,0,0,0.0,,0,0,0,0,0.0,,0,0,0,0,0.0,,0,0,0,0,0.0,,0,0,0,0,0.0,,0,0,0,0,0.0,,0,0,0,0,0.0,,0,0,0,0,0.0,,0,0,0,0,0.0,,0,0,0,0,0.0,,0,0,0,0,0.0,,0,0,0,0,0.0,,0,0,0,0,0.0
1778951488.4695327,0.0,0,0.0,0,,0,0,0,0,0.0,,0,0,0,0,0.0,,0,0,0,0,0.0,,0,0,0,0,0.0,,0,0,0,0,0.0,,0,0,0,0,0.0,,0,0,0,0,0.0,,0,0,0,0,0.0,,0,0,0,0,0.0,,0,0,0,0,0.0,,0,0,0,0,0.0,,0,0,0,0,0.0,,0,0,0,0,0.0,,0,0,0,0,0.0,,0,0,0,0,0.0,,0,0,0,0,0.0
1778951488.5204437,0.0,0,0.0,0,,0,0,0,0,0.0,,0,0,0,0,0.0,,0,0,0,0,0.0,,0,0,0,0,0.0,,0,0,0,0,0.0,,0,0,0,0,0.0,,0,0,0,0,0.0,,0,0,0,0,0.0,,0,0,0,0,0.0,,0,0,0,0,0.0,,0,0,0,0,0.0,,0,0,0,0,0.0,,0,0,0,0,0.0,,0,0,0,0,0.0,,0,0,0,0,0.0,,0,0,0,0,0.0
1778951488.571689,0.0,0,0.0,0,,0,0,0,0,0.0,,0,0,0,0,0.0,,0,0,0,0,0.0,,0,0,0,0,0.0,,0,0,0,0,0.0,,0,0,0,0,0.0,,0,0,0,0,0.0,,0,0,0,0,0.0,,0,0,0,0,0.0,,0,0,0,0,0.0,,0,0,0,0,0.0,,0,0,0,0,0.0,,0,0,0,0,0.0,,0,0,0,0,0.0,,0,0,0,0,0.0,,0,0,0,0,0.0
1778951488.6231964,0.0,0,0.0,0,,0,0,0,0,0.0,,0,0,0,0,0.0,,0,0,0,0,0.0,,0,0,0,0,0.0,,0,0,0,0,0.0,,0,0,0,0,0.0,,0,0,0,0,0.0,,0,0,0,0,0.0,,0,0,0,0,0.0,,0,0,0,0,0.0,,0,0,0,0,0.0,,0,0,0,0,0.0,,0,0,0,0,0.0,,0,0,0,0,0.0,,0,0,0,0,0.0,,0,0,0,0,0.0
1778951488.6735923,0.0,0,0.0,0,,0,0,0,0,0.0,,0,0,0,0,0.0,,0,0,0,0,0.0,,0,0,0,0,0.0,,0,0,0,0,0.0,,0,0,0,0,0.0,,0,0,0,0,0.0,,0,0,0,0,0.0,,0,0,0,0,0.0,,0,0,0,0,0.0,,0,0,0,0,0.0,,0,0,0,0,0.0,,0,0,0,0,0.0,,0,0,0,0,0.0,,0,0,0,0,0.0,,0,0,0,0,0.0
1778951488.7243507,0.0,0,0.0,0,,0,0,0,0,0.0,,0,0,0,0,0.0,,0,0,0,0,0.0,,0,0,0,0,0.0,,0,0,0,0,0.0,,0,0,0,0,0.0,,0,0,0,0,0.0,,0,0,0,0,0.0,,0,0,0,0,0.0,,0,0,0,0,0.0,,0,0,0,0,0.0,,0,0,0,0,0.0,,0,0,0,0,0.0,,0,0,0,0,0.0,,0,0,0,0,0.0,,0,0,0,0,0.0
1778951488.7791727,0.0,0,0.0,0,,0,0,0,0,0.0,,0,0,0,0,0.0,,0,0,0,0,0.0,,0,0,0,0,0.0,,0,0,0,0,0.0,,0,0,0,0,0.0,,0,0,0,0,0.0,,0,0,0,0,0.0,,0,0,0,0,0.0,,0,0,0,0,0.0,,0,0,0,0,0.0,,0,0,0,0,0.0,,0,0,0,0,0.0,,0,0,0,0,0.0,,0,0,0,0,0.0,,0,0,0,0,0.0
1778951488.8293564,0.0,0,0.0,0,,0,0,0,0,0.0,,0,0,0,0,0.0,,0,0,0,0,0.0,,0,0,0,0,0.0,,0,0,0,0,0.0,,0,0,0,0,0.0,,0,0,0,0,0.0,,0,0,0,0,0.0,,0,0,0,0,0.0,,0,0,0,0,0.0,,0,0,0,0,0.0,,0,0,0,0,0.0,,0,0,0,0,0.0,,0,0,0,0,0.0,,0,0,0,0,0.0,,0,0,0,0,0.0
1778951488.8824286,0.0,0,0.0,0,,0,0,0,0,0.0,,0,0,0,0,0.0,,0,0,0,0,0.0,,0,0,0,0,0.0,,0,0,0,0,0.0,,0,0,0,0,0.0,,0,0,0,0,0.0,,0,0,0,0,0.0,,0,0,0,0,0.0,,0,0,0,0,0.0,,0,0,0,0,0.0,,0,0,0,0,0.0,,0,0,0,0,0.0,,0,0,0,0,0.0,,0,0,0,0,0.0,,0,0,0,0,0.0
1778951488.9333434,0.0,0,0.0,0,,0,0,0,0,0.0,,0,0,0,0,0.0,,0,0,0,0,0.0,,0,0,0,0,0.0,,0,0,0,0,0.0,,0,0,0,0,0.0,,0,0,0,0,0.0,,0,0,0,0,0.0,,0,0,0,0,0.0,,0,0,0,0,0.0,,0,0,0,0,0.0,,0,0,0,0,0.0,,0,0,0,0,0.0,,0,0,0,0,0.0,,0,0,0,0,0.0,,0,0,0,0,0.0
1778951489.0001671,0.0,0,0.0,0,,0,0,0,0,0.0,,0,0,0,0,0.0,,0,0,0,0,0.0,,0,0,0,0,0.0,,0,0,0,0,0.0,,0,0,0,0,0.0,,0,0,0,0,0.0,,0,0,0,0,0.0,,0,0,0,0,0.0,,0,0,0,0,0.0,,0,0,0,0,0.0,,0,0,0,0,0.0,,0,0,0,0,0.0,,0,0,0,0,0.0,,0,0,0,0,0.0,,0,0,0,0,0.0
1778951489.0541422,0.0,0,0.0,0,,0,0,0,0,0.0,,0,0,0,0,0.0,,0,0,0,0,0.0,,0,0,0,0,0.0,,0,0,0,0,0.0,,0,0,0,0,0.0,,0,0,0,0,0.0,,0,0,0,0,0.0,,0,0,0,0,0.0,,0,0,0,0,0.0,,0,0,0,0,0.0,,0,0,0,0,0.0,,0,0,0,0,0.0,,0,0,0,0,0.0,,0,0,0,0,0.0,,0,0,0,0,0.0
1778951489.1044972,0.0,0,0.0,0,,0,0,0,0,0.0,,0,0,0,0,0.0,,0,0,0,0,0.0,,0,0,0,0,0.0,,0,0,0,0,0.0,,0,0,0,0,0.0,,0,0,0,0,0.0,,0,0,0,0,0.0,,0,0,0,0,0.0,,0,0,0,0,0.0,,0,0,0,0,0.0,,0,0,0,0,0.0,,0,0,0,0,0.0,,0,0,0,0,0.0,,0,0,0,0,0.0,,0,0,0,0,0.0
1778951489.1562767,0.0,0,0.0,0,,0,0,0,0,0.0,,0,0,0,0,0.0,,0,0,0,0,0.0,,0,0,0,0,0.0,,0,0,0,0,0.0,,0,0,0,0,0.0,,0,0,0,0,0.0,,0,0,0,0,0.0,,0,0,0,0,0.0,,0,0,0,0,0.0,,0,0,0,0,0.0,,0,0,0,0,0.0,,0,0,0,0,0.0,,0,0,0,0,0.0,,0,0,0,0,0.0,,0,0,0,0,0.0
1778951489.2071593,0.0,0,0.0,0,,0,0,0,0,0.0,,0,0,0,0,0.0,,0,0,0,0,0.0,,0,0,0,0,0.0,,0,0,0,0,0.0,,0,0,0,0,0.0,,0,0,0,0,0.0,,0,0,0,0,0.0,,0,0,0,0,0.0,,0,0,0,0,0.0,,0,0,0,0,0.0,,0,0,0,0,0.0,,0,0,0,0,0.0,,0,0,0,0,0.0,,0,0,0,0,0.0,,0,0,0,0,0.0
1778951489.258332,0.0,0,0.0,0,,0,0,0,0,0.0,,0,0,0,0,0.0,,0,0,0,0,0.0,,0,0,0,0,0.0,,0,0,0,0,0.0,,0,0,0,0,0.0,,0,0,0,0,0.0,,0,0,0,0,0.0,,0,0,0,0,0.0,,0,0,0,0,0.0,,0,0,0,0,0.0,,0,0,0,0,0.0,,0,0,0,0,0.0,,0,0,0,0,0.0,,0,0,0,0,0.0,,0,0,0,0,0.0
1778951489.3095183,0.0,0,0.0,0,,0,0,0,0,0.0,,0,0,0,0,0.0,,0,0,0,0,0.0,,0,0,0,0,0.0,,0,0,0,0,0.0,,0,0,0,0,0.0,,0,0,0,0,0.0,,0,0,0,0,0.0,,0,0,0,0,0.0,,0,0,0,0,0.0,,0,0,0,0,0.0,,0,0,0,0,0.0,,0,0,0,0,0.0,,0,0,0,0,0.0,,0,0,0,0,0.0,,0,0,0,0,0.0
1778951489.3609781,0.0,0,0.0,0,,0,0,0,0,0.0,,0,0,0,0,0.0,,0,0,0,0,0.0,,0,0,0,0,0.0,,0,0,0,0,0.0,,0,0,0,0,0.0,,0,0,0,0,0.0,,0,0,0,0,0.0,,0,0,0,0,0.0,,0,0,0,0,0.0,,0,0,0,0,0.0,,0,0,0,0,0.0,,0,0,0,0,0.0,,0,0,0,0,0.0,,0,0,0,0,0.0,,0,0,0,0,0.0
1778951489.4120967,0.0,0,0.0,0,,0,0,0,0,0.0,,0,0,0,0,0.0,,0,0,0,0,0.0,,0,0,0,0,0.0,,0,0,0,0,0.0,,0,0,0,0,0.0,,0,0,0,0,0.0,,0,0,0,0,0.0,,0,0,0,0,0.0,,0,0,0,0,0.0,,0,0,0,0,0.0,,0,0,0,0,0.0,,0,0,0,0,0.0,,0,0,0,0,0.0,,0,0,0,0,0.0,,0,0,0,0,0.0
1778951489.4651086,0.0,0,0.0,0,,0,0,0,0,0.0,,0,0,0,0,0.0,,0,0,0,0,0.0,,0,0,0,0,0.0,,0,0,0,0,0.0,,0,0,0,0,0.0,,0,0,0,0,0.0,,0,0,0,0,0.0,,0,0,0,0,0.0,,0,0,0,0,0.0,,0,0,0,0,0.0,,0,0,0,0,0.0,,0,0,0,0,0.0,,0,0,0,0,0.0,,0,0,0,0,0.0,,0,0,0,0,0.0
1778951489.5161037,0.0,0,0.0,0,,0,0,0,0,0.0,,0,0,0,0,0.0,,0,0,0,0,0.0,,0,0,0,0,0.0,,0,0,0,0,0.0,,0,0,0,0,0.0,,0,0,0,0,0.0,,0,0,0,0,0.0,,0,0,0,0,0.0,,0,0,0,0,0.0,,0,0,0,0,0.0,,0,0,0,0,0.0,,0,0,0,0,0.0,,0,0,0,0,0.0,,0,0,0,0,0.0,,0,0,0,0,0.0
1778951489.5718725,0.0,0,0.0,0,,0,0,0,0,0.0,,0,0,0,0,0.0,,0,0,0,0,0.0,,0,0,0,0,0.0,,0,0,0,0,0.0,,0,0,0,0,0.0,,0,0,0,0,0.0,,0,0,0,0,0.0,,0,0,0,0,0.0,,0,0,0,0,0.0,,0,0,0,0,0.0,,0,0,0,0,0.0,,0,0,0,0,0.0,,0,0,0,0,0.0,,0,0,0,0,0.0,,0,0,0,0,0.0
1778951489.6264277,0.0,0,0.0,0,,0,0,0,0,0.0,,0,0,0,0,0.0,,0,0,0,0,0.0,,0,0,0,0,0.0,,0,0,0,0,0.0,,0,0,0,0,0.0,,0,0,0,0,0.0,,0,0,0,0,0.0,,0,0,0,0,0.0,,0,0,0,0,0.0,,0,0,0,0,0.0,,0,0,0,0,0.0,,0,0,0,0,0.0,,0,0,0,0,0.0,,0,0,0,0,0.0,,0,0,0,0,0.0
1778951489.681493,0.0,0,0.0,0,,0,0,0,0,0.0,,0,0,0,0,0.0,,0,0,0,0,0.0,,0,0,0,0,0.0,,0,0,0,0,0.0,,0,0,0,0,0.0,,0,0,0,0,0.0,,0,0,0,0,0.0,,0,0,0,0,0.0,,0,0,0,0,0.0,,0,0,0,0,0.0,,0,0,0,0,0.0,,0,0,0,0,0.0,,0,0,0,0,0.0,,0,0,0,0,0.0,,0,0,0,0,0.0
1778951489.7324498,0.0,0,0.0,0,,0,0,0,0,0.0,,0,0,0,0,0.0,,0,0,0,0,0.0,,0,0,0,0,0.0,,0,0,0,0,0.0,,0,0,0,0,0.0,,0,0,0,0,0.0,,0,0,0,0,0.0,,0,0,0,0,0.0,,0,0,0,0,0.0,,0,0,0,0,0.0,,0,0,0,0,0.0,,0,0,0,0,0.0,,0,0,0,0,0.0,,0,0,0,0,0.0,,0,0,0,0,0.0
1778951489.7858963,0.0,0,0.0,0,,0,0,0,0,0.0,,0,0,0,0,0.0,,0,0,0,0,0.0,,0,0,0,0,0.0,,0,0,0,0,0.0,,0,0,0,0,0.0,,0,0,0,0,0.0,,0,0,0,0,0.0,,0,0,0,0,0.0,,0,0,0,0,0.0,,0,0,0,0,0.0,,0,0,0,0,0.0,,0,0,0,0,0.0,,0,0,0,0,0.0,,0,0,0,0,0.0,,0,0,0,0,0.0
1778951489.836399,0.0,0,0.0,0,,0,0,0,0,0.0,,0,0,0,0,0.0,,0,0,0,0,0.0,,0,0,0,0,0.0,,0,0,0,0,0.0,,0,0,0,0,0.0,,0,0,0,0,0.0,,0,0,0,0,0.0,,0,0,0,0,0.0,,0,0,0,0,0.0,,0,0,0,0,0.0,,0,0,0,0,0.0,,0,0,0,0,0.0,,0,0,0,0,0.0,,0,0,0,0,0.0,,0,0,0,0,0.0
1778951489.8873866,0.0,0,0.0,0,,0,0,0,0,0.0,,0,0,0,0,0.0,,0,0,0,0,0.0,,0,0,0,0,0.0,,0,0,0,0,0.0,,0,0,0,0,0.0,,0,0,0,0,0.0,,0,0,0,0,0.0,,0,0,0,0,0.0,,0,0,0,0,0.0,,0,0,0,0,0.0,,0,0,0,0,0.0,,0,0,0,0,0.0,,0,0,0,0,0.0,,0,0,0,0,0.0,,0,0,0,0,0.0
1778951489.9381442,0.0,0,0.0,0,,0,0,0,0,0.0,,0,0,0,0,0.0,,0,0,0,0,0.0,,0,0,0,0,0.0,,0,0,0,0,0.0,,0,0,0,0,0.0,,0,0,0,0,0.0,,0,0,0,0,0.0,,0,0,0,0,0.0,,0,0,0,0,0.0,,0,0,0,0,0.0,,0,0,0,0,0.0,,0,0,0,0,0.0,,0,0,0,0,0.0,,0,0,0,0,0.0,,0,0,0,0,0.0
1778951489.9886587,0.0,0,0.0,0,,0,0,0,0,0.0,,0,0,0,0,0.0,,0,0,0,0,0.0,,0,0,0,0,0.0,,0,0,0,0,0.0,,0,0,0,0,0.0,,0,0,0,0,0.0,,0,0,0,0,0.0,,0,0,0,0,0.0,,0,0,0,0,0.0,,0,0,0,0,0.0,,0,0,0,0,0.0,,0,0,0,0,0.0,,0,0,0,0,0.0,,0,0,0,0,0.0,,0,0,0,0,0.0
1778951490.0411298,0.0,0,0.0,0,,0,0,0,0,0.0,,0,0,0,0,0.0,,0,0,0,0,0.0,,0,0,0,0,0.0,,0,0,0,0,0.0,,0,0,0,0,0.0,,0,0,0,0,0.0,,0,0,0,0,0.0,,0,0,0,0,0.0,,0,0,0,0,0.0,,0,0,0,0,0.0,,0,0,0,0,0.0,,0,0,0,0,0.0,,0,0,0,0,0.0,,0,0,0,0,0.0,,0,0,0,0,0.0
1778951490.110409,0.0,0,0.0,0,,0,0,0,0,0.0,,0,0,0,0,0.0,,0,0,0,0,0.0,,0,0,0,0,0.0,,0,0,0,0,0.0,,0,0,0,0,0.0,,0,0,0,0,0.0,,0,0,0,0,0.0,,0,0,0,0,0.0,,0,0,0,0,0.0,,0,0,0,0,0.0,,0,0,0,0,0.0,,0,0,0,0,0.0,,0,0,0,0,0.0,,0,0,0,0,0.0,,0,0,0,0,0.0
1778951490.1606908,0.0,0,0.0,0,,0,0,0,0,0.0,,0,0,0,0,0.0,,0,0,0,0,0.0,,0,0,0,0,0.0,,0,0,0,0,0.0,,0,0,0,0,0.0,,0,0,0,0,0.0,,0,0,0,0,0.0,,0,0,0,0,0.0,,0,0,0,0,0.0,,0,0,0,0,0.0,,0,0,0,0,0.0,,0,0,0,0,0.0,,0,0,0,0,0.0,,0,0,0,0,0.0,,0,0,0,0,0.0
1778951490.213837,0.0,0,0.0,0,,0,0,0,0,0.0,,0,0,0,0,0.0,,0,0,0,0,0.0,,0,0,0,0,0.0,,0,0,0,0,0.0,,0,0,0,0,0.0,,0,0,0,0,0.0,,0,0,0,0,0.0,,0,0,0,0,0.0,,0,0,0,0,0.0,,0,0,0,0,0.0,,0,0,0,0,0.0,,0,0,0,0,0.0,,0,0,0,0,0.0,,0,0,0,0,0.0,,0,0,0,0,0.0
1778951490.2647014,0.0,0,0.0,0,,0,0,0,0,0.0,,0,0,0,0,0.0,,0,0,0,0,0.0,,0,0,0,0,0.0,,0,0,0,0,0.0,,0,0,0,0,0.0,,0,0,0,0,0.0,,0,0,0,0,0.0,,0,0,0,0,0.0,,0,0,0,0,0.0,,0,0,0,0,0.0,,0,0,0,0,0.0,,0,0,0,0,0.0,,0,0,0,0,0.0,,0,0,0,0,0.0,,0,0,0,0,0.0
1778951490.317871,0.0,0,0.0,0,,0,0,0,0,0.0,,0,0,0,0,0.0,,0,0,0,0,0.0,,0,0,0,0,0.0,,0,0,0,0,0.0,,0,0,0,0,0.0,,0,0,0,0,0.0,,0,0,0,0,0.0,,0,0,0,0,0.0,,0,0,0,0,0.0,,0,0,0,0,0.0,,0,0,0,0,0.0,,0,0,0,0,0.0,,0,0,0,0,0.0,,0,0,0,0,0.0,,0,0,0,0,0.0
1778951490.368689,0.0,0,0.0,0,,0,0,0,0,0.0,,0,0,0,0,0.0,,0,0,0,0,0.0,,0,0,0,0,0.0,,0,0,0,0,0.0,,0,0,0,0,0.0,,0,0,0,0,0.0,,0,0,0,0,0.0,,0,0,0,0,0.0,,0,0,0,0,0.0,,0,0,0,0,0.0,,0,0,0,0,0.0,,0,0,0,0,0.0,,0,0,0,0,0.0,,0,0,0,0,0.0,,0,0,0,0,0.0
1778951490.420028,0.0,0,0.0,0,,0,0,0,0,0.0,,0,0,0,0,0.0,,0,0,0,0,0.0,,0,0,0,0,0.0,,0,0,0,0,0.0,,0,0,0,0,0.0,,0,0,0,0,0.0,,0,0,0,0,0.0,,0,0,0,0,0.0,,0,0,0,0,0.0,,0,0,0,0,0.0,,0,0,0,0,0.0,,0,0,0,0,0.0,,0,0,0,0,0.0,,0,0,0,0,0.0,,0,0,0,0,0.0
1778951490.4707167,0.0,0,0.0,0,,0,0,0,0,0.0,,0,0,0,0,0.0,,0,0,0,0,0.0,,0,0,0,0,0.0,,0,0,0,0,0.0,,0,0,0,0,0.0,,0,0,0,0,0.0,,0,0,0,0,0.0,,0,0,0,0,0.0,,0,0,0,0,0.0,,0,0,0,0,0.0,,0,0,0,0,0.0,,0,0,0,0,0.0,,0,0,0,0,0.0,,0,0,0,0,0.0,,0,0,0,0,0.0
1778951490.5236022,0.0,0,0.0,0,,0,0,0,0,0.0,,0,0,0,0,0.0,,0,0,0,0,0.0,,0,0,0,0,0.0,,0,0,0,0,0.0,,0,0,0,0,0.0,,0,0,0,0,0.0,,0,0,0,0,0.0,,0,0,0,0,0.0,,0,0,0,0,0.0,,0,0,0,0,0.0,,0,0,0,0,0.0,,0,0,0,0,0.0,,0,0,0,0,0.0,,0,0,0,0,0.0,,0,0,0,0,0.0
1778951490.5746484,0.0,0,0.0,0,,0,0,0,0,0.0,,0,0,0,0,0.0,,0,0,0,0,0.0,,0,0,0,0,0.0,,0,0,0,0,0.0,,0,0,0,0,0.0,,0,0,0,0,0.0,,0,0,0,0,0.0,,0,0,0,0,0.0,,0,0,0,0,0.0,,0,0,0,0,0.0,,0,0,0,0,0.0,,0,0,0,0,0.0,,0,0,0,0,0.0,,0,0,0,0,0.0,,0,0,0,0,0.0
1778951490.6308782,0.0,0,0.0,0,,0,0,0,0,0.0,,0,0,0,0,0.0,,0,0,0,0,0.0,,0,0,0,0,0.0,,0,0,0,0,0.0,,0,0,0,0,0.0,,0,0,0,0,0.0,,0,0,0,0,0.0,,0,0,0,0,0.0,,0,0,0,0,0.0,,0,0,0,0,0.0,,0,0,0,0,0.0,,0,0,0,0,0.0,,0,0,0,0,0.0,,0,0,0,0,0.0,,0,0,0,0,0.0
1778951490.683371,0.0,0,0.0,0,,0,0,0,0,0.0,,0,0,0,0,0.0,,0,0,0,0,0.0,,0,0,0,0,0.0,,0,0,0,0,0.0,,0,0,0,0,0.0,,0,0,0,0,0.0,,0,0,0,0,0.0,,0,0,0,0,0.0,,0,0,0,0,0.0,,0,0,0,0,0.0,,0,0,0,0,0.0,,0,0,0,0,0.0,,0,0,0,0,0.0,,0,0,0,0,0.0,,0,0,0,0,0.0
1778951490.737803,0.0,0,0.0,0,,0,0,0,0,0.0,,0,0,0,0,0.0,,0,0,0,0,0.0,,0,0,0,0,0.0,,0,0,0,0,0.0,,0,0,0,0,0.0,,0,0,0,0,0.0,,0,0,0,0,0.0,,0,0,0,0,0.0,,0,0,0,0,0.0,,0,0,0,0,0.0,,0,0,0,0,0.0,,0,0,0,0,0.0,,0,0,0,0,0.0,,0,0,0,0,0.0,,0,0,0,0,0.0
1778951490.7883654,0.0,0,0.0,0,,0,0,0,0,0.0,,0,0,0,0,0.0,,0,0,0,0,0.0,,0,0,0,0,0.0,,0,0,0,0,0.0,,0,0,0,0,0.0,,0,0,0,0,0.0,,0,0,0,0,0.0,,0,0,0,0,0.0,,0,0,0,0,0.0,,0,0,0,0,0.0,,0,0,0,0,0.0,,0,0,0,0,0.0,,0,0,0,0,0.0,,0,0,0,0,0.0,,0,0,0,0,0.0
1778951490.8397307,0.0,0,0.0,0,,0,0,0,0,0.0,,0,0,0,0,0.0,,0,0,0,0,0.0,,0,0,0,0,0.0,,0,0,0,0,0.0,,0,0,0,0,0.0,,0,0,0,0,0.0,,0,0,0,0,0.0,,0,0,0,0,0.0,,0,0,0,0,0.0,,0,0,0,0,0.0,,0,0,0,0,0.0,,0,0,0,0,0.0,,0,0,0,0,0.0,,0,0,0,0,0.0,,0,0,0,0,0.0
1778951490.8903773,0.0,0,0.0,0,,0,0,0,0,0.0,,0,0,0,0,0.0,,0,0,0,0,0.0,,0,0,0,0,0.0,,0,0,0,0,0.0,,0,0,0,0,0.0,,0,0,0,0,0.0,,0,0,0,0,0.0,,0,0,0,0,0.0,,0,0,0,0,0.0,,0,0,0,0,0.0,,0,0,0,0,0.0,,0,0,0,0,0.0,,0,0,0,0,0.0,,0,0,0,0,0.0,,0,0,0,0,0.0
1778951490.9446402,0.0,0,0.0,0,,0,0,0,0,0.0,,0,0,0,0,0.0,,0,0,0,0,0.0,,0,0,0,0,0.0,,0,0,0,0,0.0,,0,0,0,0,0.0,,0,0,0,0,0.0,,0,0,0,0,0.0,,0,0,0,0,0.0,,0,0,0,0,0.0,,0,0,0,0,0.0,,0,0,0,0,0.0,,0,0,0,0,0.0,,0,0,0,0,0.0,,0,0,0,0,0.0,,0,0,0,0,0.0
1778951490.9953327,0.0,0,0.0,0,,0,0,0,0,0.0,,0,0,0,0,0.0,,0,0,0,0,0.0,,0,0,0,0,0.0,,0,0,0,0,0.0,,0,0,0,0,0.0,,0,0,0,0,0.0,,0,0,0,0,0.0,,0,0,0,0,0.0,,0,0,0,0,0.0,,0,0,0,0,0.0,,0,0,0,0,0.0,,0,0,0,0,0.0,,0,0,0,0,0.0,,0,0,0,0,0.0,,0,0,0,0,0.0
1778951491.04651,0.0,0,0.0,0,,0,0,0,0,0.0,,0,0,0,0,0.0,,0,0,0,0,0.0,,0,0,0,0,0.0,,0,0,0,0,0.0,,0,0,0,0,0.0,,0,0,0,0,0.0,,0,0,0,0,0.0,,0,0,0,0,0.0,,0,0,0,0,0.0,,0,0,0,0,0.0,,0,0,0,0,0.0,,0,0,0,0,0.0,,0,0,0,0,0.0,,0,0,0,0,0.0,,0,0,0,0,0.0
1778951491.0972803,0.0,0,0.0,0,,0,0,0,0,0.0,,0,0,0,0,0.0,,0,0,0,0,0.0,,0,0,0,0,0.0,,0,0,0,0,0.0,,0,0,0,0,0.0,,0,0,0,0,0.0,,0,0,0,0,0.0,,0,0,0,0,0.0,,0,0,0,0,0.0,,0,0,0,0,0.0,,0,0,0,0,0.0,,0,0,0,0,0.0,,0,0,0,0,0.0,,0,0,0,0,0.0,,0,0,0,0,0.0
1778951491.1505508,0.0,0,0.0,0,,0,0,0,0,0.0,,0,0,0,0,0.0,,0,0,0,0,0.0,,0,0,0,0,0.0,,0,0,0,0,0.0,,0,0,0,0,0.0,,0,0,0,0,0.0,,0,0,0,0,0.0,,0,0,0,0,0.0,,0,0,0,0,0.0,,0,0,0,0,0.0,,0,0,0,0,0.0,,0,0,0,0,0.0,,0,0,0,0,0.0,,0,0,0,0,0.0,,0,0,0,0,0.0
1778951491.201231,0.0,0,0.0,0,,0,0,0,0,0.0,,0,0,0,0,0.0,,0,0,0,0,0.0,,0,0,0,0,0.0,,0,0,0,0,0.0,,0,0,0,0,0.0,,0,0,0,0,0.0,,0,0,0,0,0.0,,0,0,0,0,0.0,,0,0,0,0,0.0,,0,0,0,0,0.0,,0,0,0,0,0.0,,0,0,0,0,0.0,,0,0,0,0,0.0,,0,0,0,0,0.0,,0,0,0,0,0.0
1778951491.2536077,0.0,0,0.0,0,,0,0,0,0,0.0,,0,0,0,0,0.0,,0,0,0,0,0.0,,0,0,0,0,0.0,,0,0,0,0,0.0,,0,0,0,0,0.0,,0,0,0,0,0.0,,0,0,0,0,0.0,,0,0,0,0,0.0,,0,0,0,0,0.0,,0,0,0,0,0.0,,0,0,0,0,0.0,,0,0,0,0,0.0,,0,0,0,0,0.0,,0,0,0,0,0.0,,0,0,0,0,0.0
1778951491.3042102,0.0,0,0.0,0,,0,0,0,0,0.0,,0,0,0,0,0.0,,0,0,0,0,0.0,,0,0,0,0,0.0,,0,0,0,0,0.0,,0,0,0,0,0.0,,0,0,0,0,0.0,,0,0,0,0,0.0,,0,0,0,0,0.0,,0,0,0,0,0.0,,0,0,0,0,0.0,,0,0,0,0,0.0,,0,0,0,0,0.0,,0,0,0,0,0.0,,0,0,0,0,0.0,,0,0,0,0,0.0
1778951491.3552108,0.0,0,0.0,0,,0,0,0,0,0.0,,0,0,0,0,0.0,,0,0,0,0,0.0,,0,0,0,0,0.0,,0,0,0,0,0.0,,0,0,0,0,0.0,,0,0,0,0,0.0,,0,0,0,0,0.0,,0,0,0,0,0.0,,0,0,0,0,0.0,,0,0,0,0,0.0,,0,0,0,0,0.0,,0,0,0,0,0.0,,0,0,0,0,0.0,,0,0,0,0,0.0,,0,0,0,0,0.0
1778951491.4062922,0.0,0,0.0,0,,0,0,0,0,0.0,,0,0,0,0,0.0,,0,0,0,0,0.0,,0,0,0,0,0.0,,0,0,0,0,0.0,,0,0,0,0,0.0,,0,0,0,0,0.0,,0,0,0,0,0.0,,0,0,0,0,0.0,,0,0,0,0,0.0,,0,0,0,0,0.0,,0,0,0,0,0.0,,0,0,0,0,0.0,,0,0,0,0,0.0,,0,0,0,0,0.0,,0,0,0,0,0.0
1778951491.4722474,0.0,0,0.0,0,,0,0,0,0,0.0,,0,0,0,0,0.0,,0,0,0,0,0.0,,0,0,0,0,0.0,,0,0,0,0,0.0,,0,0,0,0,0.0,,0,0,0,0,0.0,,0,0,0,0,0.0,,0,0,0,0,0.0,,0,0,0,0,0.0,,0,0,0,0,0.0,,0,0,0,0,0.0,,0,0,0,0,0.0,,0,0,0,0,0.0,,0,0,0,0,0.0,,0,0,0,0,0.0
1778951491.5268314,0.0,0,0.0,0,,0,0,0,0,0.0,,0,0,0,0,0.0,,0,0,0,0,0.0,,0,0,0,0,0.0,,0,0,0,0,0.0,,0,0,0,0,0.0,,0,0,0,0,0.0,,0,0,0,0,0.0,,0,0,0,0,0.0,,0,0,0,0,0.0,,0,0,0,0,0.0,,0,0,0,0,0.0,,0,0,0,0,0.0,,0,0,0,0,0.0,,0,0,0,0,0.0,,0,0,0,0,0.0
1778951491.5782814,0.0,0,0.0,0,,0,0,0,0,0.0,,0,0,0,0,0.0,,0,0,0,0,0.0,,0,0,0,0,0.0,,0,0,0,0,0.0,,0,0,0,0,0.0,,0,0,0,0,0.0,,0,0,0,0,0.0,,0,0,0,0,0.0,,0,0,0,0,0.0,,0,0,0,0,0.0,,0,0,0,0,0.0,,0,0,0,0,0.0,,0,0,0,0,0.0,,0,0,0,0,0.0,,0,0,0,0,0.0
1778951491.6327987,0.0,0,0.0,0,,0,0,0,0,0.0,,0,0,0,0,0.0,,0,0,0,0,0.0,,0,0,0,0,0.0,,0,0,0,0,0.0,,0,0,0,0,0.0,,0,0,0,0,0.0,,0,0,0,0,0.0,,0,0,0,0,0.0,,0,0,0,0,0.0,,0,0,0,0,0.0,,0,0,0,0,0.0,,0,0,0,0,0.0,,0,0,0,0,0.0,,0,0,0,0,0.0,,0,0,0,0,0.0
1778951491.6858258,0.0,0,0.0,0,,0,0,0,0,0.0,,0,0,0,0,0.0,,0,0,0,0,0.0,,0,0,0,0,0.0,,0,0,0,0,0.0,,0,0,0,0,0.0,,0,0,0,0,0.0,,0,0,0,0,0.0,,0,0,0,0,0.0,,0,0,0,0,0.0,,0,0,0,0,0.0,,0,0,0,0,0.0,,0,0,0,0,0.0,,0,0,0,0,0.0,,0,0,0,0,0.0,,0,0,0,0,0.0
1778951491.7380548,0.0,0,0.0,0,,0,0,0,0,0.0,,0,0,0,0,0.0,,0,0,0,0,0.0,,0,0,0,0,0.0,,0,0,0,0,0.0,,0,0,0,0,0.0,,0,0,0,0,0.0,,0,0,0,0,0.0,,0,0,0,0,0.0,,0,0,0,0,0.0,,0,0,0,0,0.0,,0,0,0,0,0.0,,0,0,0,0,0.0,,0,0,0,0,0.0,,0,0,0,0,0.0,,0,0,0,0,0.0
1778951491.7898586,0.0,0,0.0,0,,0,0,0,0,0.0,,0,0,0,0,0.0,,0,0,0,0,0.0,,0,0,0,0,0.0,,0,0,0,0,0.0,,0,0,0,0,0.0,,0,0,0,0,0.0,,0,0,0,0,0.0,,0,0,0,0,0.0,,0,0,0,0,0.0,,0,0,0,0,0.0,,0,0,0,0,0.0,,0,0,0,0,0.0,,0,0,0,0,0.0,,0,0,0,0,0.0,,0,0,0,0,0.0
1778951491.8461854,0.0,0,0.0,0,,0,0,0,0,0.0,,0,0,0,0,0.0,,0,0,0,0,0.0,,0,0,0,0,0.0,,0,0,0,0,0.0,,0,0,0,0,0.0,,0,0,0,0,0.0,,0,0,0,0,0.0,,0,0,0,0,0.0,,0,0,0,0,0.0,,0,0,0,0,0.0,,0,0,0,0,0.0,,0,0,0,0,0.0,,0,0,0,0,0.0,,0,0,0,0,0.0,,0,0,0,0,0.0
1778951491.899911,0.0,0,0.0,0,,0,0,0,0,0.0,,0,0,0,0,0.0,,0,0,0,0,0.0,,0,0,0,0,0.0,,0,0,0,0,0.0,,0,0,0,0,0.0,,0,0,0,0,0.0,,0,0,0,0,0.0,,0,0,0,0,0.0,,0,0,0,0,0.0,,0,0,0,0,0.0,,0,0,0,0,0.0,,0,0,0,0,0.0,,0,0,0,0,0.0,,0,0,0,0,0.0,,0,0,0,0,0.0
1778951491.9517655,0.0,0,0.0,0,,0,0,0,0,0.0,,0,0,0,0,0.0,,0,0,0,0,0.0,,0,0,0,0,0.0,,0,0,0,0,0.0,,0,0,0,0,0.0,,0,0,0,0,0.0,,0,0,0,0,0.0,,0,0,0,0,0.0,,0,0,0,0,0.0,,0,0,0,0,0.0,,0,0,0,0,0.0,,0,0,0,0,0.0,,0,0,0,0,0.0,,0,0,0,0,0.0,,0,0,0,0,0.0
1778951492.0024407,0.0,0,0.0,0,,0,0,0,0,0.0,,0,0,0,0,0.0,,0,0,0,0,0.0,,0,0,0,0,0.0,,0,0,0,0,0.0,,0,0,0,0,0.0,,0,0,0,0,0.0,,0,0,0,0,0.0,,0,0,0,0,0.0,,0,0,0,0,0.0,,0,0,0,0,0.0,,0,0,0,0,0.0,,0,0,0,0,0.0,,0,0,0,0,0.0,,0,0,0,0,0.0,,0,0,0,0,0.0
1778951492.0534358,0.0,0,0.0,0,,0,0,0,0,0.0,,0,0,0,0,0.0,,0,0,0,0,0.0,,0,0,0,0,0.0,,0,0,0,0,0.0,,0,0,0,0,0.0,,0,0,0,0,0.0,,0,0,0,0,0.0,,0,0,0,0,0.0,,0,0,0,0,0.0,,0,0,0,0,0.0,,0,0,0,0,0.0,,0,0,0,0,0.0,,0,0,0,0,0.0,,0,0,0,0,0.0,,0,0,0,0,0.0
1778951492.106448,0.0,0,0.0,0,,0,0,0,0,0.0,,0,0,0,0,0.0,,0,0,0,0,0.0,,0,0,0,0,0.0,,0,0,0,0,0.0,,0,0,0,0,0.0,,0,0,0,0,0.0,,0,0,0,0,0.0,,0,0,0,0,0.0,,0,0,0,0,0.0,,0,0,0,0,0.0,,0,0,0,0,0.0,,0,0,0,0,0.0,,0,0,0,0,0.0,,0,0,0,0,0.0,,0,0,0,0,0.0
1778951492.1742575,0.0,0,0.0,0,,0,0,0,0,0.0,,0,0,0,0,0.0,,0,0,0,0,0.0,,0,0,0,0,0.0,,0,0,0,0,0.0,,0,0,0,0,0.0,,0,0,0,0,0.0,,0,0,0,0,0.0,,0,0,0,0,0.0,,0,0,0,0,0.0,,0,0,0,0,0.0,,0,0,0,0,0.0,,0,0,0,0,0.0,,0,0,0,0,0.0,,0,0,0,0,0.0,,0,0,0,0,0.0
1778951492.2254117,0.0,0,0.0,0,,0,0,0,0,0.0,,0,0,0,0,0.0,,0,0,0,0,0.0,,0,0,0,0,0.0,,0,0,0,0,0.0,,0,0,0,0,0.0,,0,0,0,0,0.0,,0,0,0,0,0.0,,0,0,0,0,0.0,,0,0,0,0,0.0,,0,0,0,0,0.0,,0,0,0,0,0.0,,0,0,0,0,0.0,,0,0,0,0,0.0,,0,0,0,0,0.0,,0,0,0,0,0.0
1778951492.2767444,0.0,0,0.0,0,,0,0,0,0,0.0,,0,0,0,0,0.0,,0,0,0,0,0.0,,0,0,0,0,0.0,,0,0,0,0,0.0,,0,0,0,0,0.0,,0,0,0,0,0.0,,0,0,0,0,0.0,,0,0,0,0,0.0,,0,0,0,0,0.0,,0,0,0,0,0.0,,0,0,0,0,0.0,,0,0,0,0,0.0,,0,0,0,0,0.0,,0,0,0,0,0.0,,0,0,0,0,0.0
1778951492.3279448,0.0,0,0.0,0,,0,0,0,0,0.0,,0,0,0,0,0.0,,0,0,0,0,0.0,,0,0,0,0,0.0,,0,0,0,0,0.0,,0,0,0,0,0.0,,0,0,0,0,0.0,,0,0,0,0,0.0,,0,0,0,0,0.0,,0,0,0,0,0.0,,0,0,0,0,0.0,,0,0,0,0,0.0,,0,0,0,0,0.0,,0,0,0,0,0.0,,0,0,0,0,0.0,,0,0,0,0,0.0
1778951492.3793051,0.0,0,0.0,0,,0,0,0,0,0.0,,0,0,0,0,0.0,,0,0,0,0,0.0,,0,0,0,0,0.0,,0,0,0,0,0.0,,0,0,0,0,0.0,,0,0,0,0,0.0,,0,0,0,0,0.0,,0,0,0,0,0.0,,0,0,0,0,0.0,,0,0,0,0,0.0,,0,0,0,0,0.0,,0,0,0,0,0.0,,0,0,0,0,0.0,,0,0,0,0,0.0,,0,0,0,0,0.0
1778951492.4304235,0.0,0,0.0,0,,0,0,0,0,0.0,,0,0,0,0,0.0,,0,0,0,0,0.0,,0,0,0,0,0.0,,0,0,0,0,0.0,,0,0,0,0,0.0,,0,0,0,0,0.0,,0,0,0,0,0.0,,0,0,0,0,0.0,,0,0,0,0,0.0,,0,0,0,0,0.0,,0,0,0,0,0.0,,0,0,0,0,0.0,,0,0,0,0,0.0,,0,0,0,0,0.0,,0,0,0,0,0.0
1778951492.4819095,0.0,0,0.0,0,,0,0,0,0,0.0,,0,0,0,0,0.0,,0,0,0,0,0.0,,0,0,0,0,0.0,,0,0,0,0,0.0,,0,0,0,0,0.0,,0,0,0,0,0.0,,0,0,0,0,0.0,,0,0,0,0,0.0,,0,0,0,0,0.0,,0,0,0,0,0.0,,0,0,0,0,0.0,,0,0,0,0,0.0,,0,0,0,0,0.0,,0,0,0,0,0.0,,0,0,0,0,0.0
1778951492.5324779,0.0,0,0.0,0,,0,0,0,0,0.0,,0,0,0,0,0.0,,0,0,0,0,0.0,,0,0,0,0,0.0,,0,0,0,0,0.0,,0,0,0,0,0.0,,0,0,0,0,0.0,,0,0,0,0,0.0,,0,0,0,0,0.0,,0,0,0,0,0.0,,0,0,0,0,0.0,,0,0,0,0,0.0,,0,0,0,0,0.0,,0,0,0,0,0.0,,0,0,0,0,0.0,,0,0,0,0,0.0
1778951492.5836933,0.0,0,0.0,0,,0,0,0,0,0.0,,0,0,0,0,0.0,,0,0,0,0,0.0,,0,0,0,0,0.0,,0,0,0,0,0.0,,0,0,0,0,0.0,,0,0,0,0,0.0,,0,0,0,0,0.0,,0,0,0,0,0.0,,0,0,0,0,0.0,,0,0,0,0,0.0,,0,0,0,0,0.0,,0,0,0,0,0.0,,0,0,0,0,0.0,,0,0,0,0,0.0,,0,0,0,0,0.0
1778951492.6345594,0.0,0,0.0,0,,0,0,0,0,0.0,,0,0,0,0,0.0,,0,0,0,0,0.0,,0,0,0,0,0.0,,0,0,0,0,0.0,,0,0,0,0,0.0,,0,0,0,0,0.0,,0,0,0,0,0.0,,0,0,0,0,0.0,,0,0,0,0,0.0,,0,0,0,0,0.0,,0,0,0,0,0.0,,0,0,0,0,0.0,,0,0,0,0,0.0,,0,0,0,0,0.0,,0,0,0,0,0.0
1778951492.685491,0.0,0,0.0,0,,0,0,0,0,0.0,,0,0,0,0,0.0,,0,0,0,0,0.0,,0,0,0,0,0.0,,0,0,0,0,0.0,,0,0,0,0,0.0,,0,0,0,0,0.0,,0,0,0,0,0.0,,0,0,0,0,0.0,,0,0,0,0,0.0,,0,0,0,0,0.0,,0,0,0,0,0.0,,0,0,0,0,0.0,,0,0,0,0,0.0,,0,0,0,0,0.0,,0,0,0,0,0.0
1778951492.7361174,0.0,0,0.0,0,,0,0,0,0,0.0,,0,0,0,0,0.0,,0,0,0,0,0.0,,0,0,0,0,0.0,,0,0,0,0,0.0,,0,0,0,0,0.0,,0,0,0,0,0.0,,0,0,0,0,0.0,,0,0,0,0,0.0,,0,0,0,0,0.0,,0,0,0,0,0.0,,0,0,0,0,0.0,,0,0,0,0,0.0,,0,0,0,0,0.0,,0,0,0,0,0.0,,0,0,0,0,0.0
1778951492.7880979,0.0,0,0.0,0,,0,0,0,0,0.0,,0,0,0,0,0.0,,0,0,0,0,0.0,,0,0,0,0,0.0,,0,0,0,0,0.0,,0,0,0,0,0.0,,0,0,0,0,0.0,,0,0,0,0,0.0,,0,0,0,0,0.0,,0,0,0,0,0.0,,0,0,0,0,0.0,,0,0,0,0,0.0,,0,0,0,0,0.0,,0,0,0,0,0.0,,0,0,0,0,0.0,,0,0,0,0,0.0
1778951492.838992,0.0,0,0.0,0,,0,0,0,0,0.0,,0,0,0,0,0.0,,0,0,0,0,0.0,,0,0,0,0,0.0,,0,0,0,0,0.0,,0,0,0,0,0.0,,0,0,0,0,0.0,,0,0,0,0,0.0,,0,0,0,0,0.0,,0,0,0,0,0.0,,0,0,0,0,0.0,,0,0,0,0,0.0,,0,0,0,0,0.0,,0,0,0,0,0.0,,0,0,0,0,0.0,,0,0,0,0,0.0
1778951492.8906584,0.0,0,0.0,0,,0,0,0,0,0.0,,0,0,0,0,0.0,,0,0,0,0,0.0,,0,0,0,0,0.0,,0,0,0,0,0.0,,0,0,0,0,0.0,,0,0,0,0,0.0,,0,0,0,0,0.0,,0,0,0,0,0.0,,0,0,0,0,0.0,,0,0,0,0,0.0,,0,0,0,0,0.0,,0,0,0,0,0.0,,0,0,0,0,0.0,,0,0,0,0,0.0,,0,0,0,0,0.0
1778951492.9412005,0.0,0,0.0,0,,0,0,0,0,0.0,,0,0,0,0,0.0,,0,0,0,0,0.0,,0,0,0,0,0.0,,0,0,0,0,0.0,,0,0,0,0,0.0,,0,0,0,0,0.0,,0,0,0,0,0.0,,0,0,0,0,0.0,,0,0,0,0,0.0,,0,0,0,0,0.0,,0,0,0,0,0.0,,0,0,0,0,0.0,,0,0,0,0,0.0,,0,0,0,0,0.0,,0,0,0,0,0.0
1778951493.001742,0.0,0,0.0,0,,0,0,0,0,0.0,,0,0,0,0,0.0,,0,0,0,0,0.0,,0,0,0,0,0.0,,0,0,0,0,0.0,,0,0,0,0,0.0,,0,0,0,0,0.0,,0,0,0,0,0.0,,0,0,0,0,0.0,,0,0,0,0,0.0,,0,0,0,0,0.0,,0,0,0,0,0.0,,0,0,0,0,0.0,,0,0,0,0,0.0,,0,0,0,0,0.0,,0,0,0,0,0.0
1778951493.0527844,0.0,0,0.0,0,,0,0,0,0,0.0,,0,0,0,0,0.0,,0,0,0,0,0.0,,0,0,0,0,0.0,,0,0,0,0,0.0,,0,0,0,0,0.0,,0,0,0,0,0.0,,0,0,0,0,0.0,,0,0,0,0,0.0,,0,0,0,0,0.0,,0,0,0,0,0.0,,0,0,0,0,0.0,,0,0,0,0,0.0,,0,0,0,0,0.0,,0,0,0,0,0.0,,0,0,0,0,0.0
1778951493.1061087,0.0,0,0.0,0,,0,0,0,0,0.0,,0,0,0,0,0.0,,0,0,0,0,0.0,,0,0,0,0,0.0,,0,0,0,0,0.0,,0,0,0,0,0.0,,0,0,0,0,0.0,,0,0,0,0,0.0,,0,0,0,0,0.0,,0,0,0,0,0.0,,0,0,0,0,0.0,,0,0,0,0,0.0,,0,0,0,0,0.0,,0,0,0,0,0.0,,0,0,0,0,0.0,,0,0,0,0,0.0
1778951493.156756,0.0,0,0.0,0,,0,0,0,0,0.0,,0,0,0,0,0.0,,0,0,0,0,0.0,,0,0,0,0,0.0,,0,0,0,0,0.0,,0,0,0,0,0.0,,0,0,0,0,0.0,,0,0,0,0,0.0,,0,0,0,0,0.0,,0,0,0,0,0.0,,0,0,0,0,0.0,,0,0,0,0,0.0,,0,0,0,0,0.0,,0,0,0,0,0.0,,0,0,0,0,0.0,,0,0,0,0,0.0
1778951493.2084467,0.0,0,0.0,0,,0,0,0,0,0.0,,0,0,0,0,0.0,,0,0,0,0,0.0,,0,0,0,0,0.0,,0,0,0,0,0.0,,0,0,0,0,0.0,,0,0,0,0,0.0,,0,0,0,0,0.0,,0,0,0,0,0.0,,0,0,0,0,0.0,,0,0,0,0,0.0,,0,0,0,0,0.0,,0,0,0,0,0.0,,0,0,0,0,0.0,,0,0,0,0,0.0,,0,0,0,0,0.0
1778951493.2590687,0.0,0,0.0,0,,0,0,0,0,0.0,,0,0,0,0,0.0,,0,0,0,0,0.0,,0,0,0,0,0.0,,0,0,0,0,0.0,,0,0,0,0,0.0,,0,0,0,0,0.0,,0,0,0,0,0.0,,0,0,0,0,0.0,,0,0,0,0,0.0,,0,0,0,0,0.0,,0,0,0,0,0.0,,0,0,0,0,0.0,,0,0,0,0,0.0,,0,0,0,0,0.0,,0,0,0,0,0.0
1778951493.3104208,0.0,0,0.0,0,,0,0,0,0,0.0,,0,0,0,0,0.0,,0,0,0,0,0.0,,0,0,0,0,0.0,,0,0,0,0,0.0,,0,0,0,0,0.0,,0,0,0,0,0.0,,0,0,0,0,0.0,,0,0,0,0,0.0,,0,0,0,0,0.0,,0,0,0,0,0.0,,0,0,0,0,0.0,,0,0,0,0,0.0,,0,0,0,0,0.0,,0,0,0,0,0.0,,0,0,0,0,0.0
1778951493.3607924,0.0,0,0.0,0,,0,0,0,0,0.0,,0,0,0,0,0.0,,0,0,0,0,0.0,,0,0,0,0,0.0,,0,0,0,0,0.0,,0,0,0,0,0.0,,0,0,0,0,0.0,,0,0,0,0,0.0,,0,0,0,0,0.0,,0,0,0,0,0.0,,0,0,0,0,0.0,,0,0,0,0,0.0,,0,0,0,0,0.0,,0,0,0,0,0.0,,0,0,0,0,0.0,,0,0,0,0,0.0
1778951493.415249,0.0,0,0.0,0,,0,0,0,0,0.0,,0,0,0,0,0.0,,0,0,0,0,0.0,,0,0,0,0,0.0,,0,0,0,0,0.0,,0,0,0,0,0.0,,0,0,0,0,0.0,,0,0,0,0,0.0,,0,0,0,0,0.0,,0,0,0,0,0.0,,0,0,0,0,0.0,,0,0,0,0,0.0,,0,0,0,0,0.0,,0,0,0,0,0.0,,0,0,0,0,0.0,,0,0,0,0,0.0
1778951493.4657886,0.0,0,0.0,0,,0,0,0,0,0.0,,0,0,0,0,0.0,,0,0,0,0,0.0,,0,0,0,0,0.0,,0,0,0,0,0.0,,0,0,0,0,0.0,,0,0,0,0,0.0,,0,0,0,0,0.0,,0,0,0,0,0.0,,0,0,0,0,0.0,,0,0,0,0,0.0,,0,0,0,0,0.0,,0,0,0,0,0.0,,0,0,0,0,0.0,,0,0,0,0,0.0,,0,0,0,0,0.0
1778951493.5167673,0.0,0,0.0,0,,0,0,0,0,0.0,,0,0,0,0,0.0,,0,0,0,0,0.0,,0,0,0,0,0.0,,0,0,0,0,0.0,,0,0,0,0,0.0,,0,0,0,0,0.0,,0,0,0,0,0.0,,0,0,0,0,0.0,,0,0,0,0,0.0,,0,0,0,0,0.0,,0,0,0,0,0.0,,0,0,0,0,0.0,,0,0,0,0,0.0,,0,0,0,0,0.0,,0,0,0,0,0.0
1778951493.5677829,0.0,0,0.0,0,,0,0,0,0,0.0,,0,0,0,0,0.0,,0,0,0,0,0.0,,0,0,0,0,0.0,,0,0,0,0,0.0,,0,0,0,0,0.0,,0,0,0,0,0.0,,0,0,0,0,0.0,,0,0,0,0,0.0,,0,0,0,0,0.0,,0,0,0,0,0.0,,0,0,0,0,0.0,,0,0,0,0,0.0,,0,0,0,0,0.0,,0,0,0,0,0.0,,0,0,0,0,0.0
1778951493.619295,0.0,0,0.0,0,,0,0,0,0,0.0,,0,0,0,0,0.0,,0,0,0,0,0.0,,0,0,0,0,0.0,,0,0,0,0,0.0,,0,0,0,0,0.0,,0,0,0,0,0.0,,0,0,0,0,0.0,,0,0,0,0,0.0,,0,0,0,0,0.0,,0,0,0,0,0.0,,0,0,0,0,0.0,,0,0,0,0,0.0,,0,0,0,0,0.0,,0,0,0,0,0.0,,0,0,0,0,0.0
1778951493.6702933,0.0,0,0.0,0,,0,0,0,0,0.0,,0,0,0,0,0.0,,0,0,0,0,0.0,,0,0,0,0,0.0,,0,0,0,0,0.0,,0,0,0,0,0.0,,0,0,0,0,0.0,,0,0,0,0,0.0,,0,0,0,0,0.0,,0,0,0,0,0.0,,0,0,0,0,0.0,,0,0,0,0,0.0,,0,0,0,0,0.0,,0,0,0,0,0.0,,0,0,0,0,0.0,,0,0,0,0,0.0
1778951493.7247014,0.0,0,0.0,0,,0,0,0,0,0.0,,0,0,0,0,0.0,,0,0,0,0,0.0,,0,0,0,0,0.0,,0,0,0,0,0.0,,0,0,0,0,0.0,,0,0,0,0,0.0,,0,0,0,0,0.0,,0,0,0,0,0.0,,0,0,0,0,0.0,,0,0,0,0,0.0,,0,0,0,0,0.0,,0,0,0,0,0.0,,0,0,0,0,0.0,,0,0,0,0,0.0,,0,0,0,0,0.0
1778951493.7753005,0.0,0,0.0,0,,0,0,0,0,0.0,,0,0,0,0,0.0,,0,0,0,0,0.0,,0,0,0,0,0.0,,0,0,0,0,0.0,,0,0,0,0,0.0,,0,0,0,0,0.0,,0,0,0,0,0.0,,0,0,0,0,0.0,,0,0,0,0,0.0,,0,0,0,0,0.0,,0,0,0,0,0.0,,0,0,0,0,0.0,,0,0,0,0,0.0,,0,0,0,0,0.0,,0,0,0,0,0.0
1778951493.829614,0.0,0,0.0,0,,0,0,0,0,0.0,,0,0,0,0,0.0,,0,0,0,0,0.0,,0,0,0,0,0.0,,0,0,0,0,0.0,,0,0,0,0,0.0,,0,0,0,0,0.0,,0,0,0,0,0.0,,0,0,0,0,0.0,,0,0,0,0,0.0,,0,0,0,0,0.0,,0,0,0,0,0.0,,0,0,0,0,0.0,,0,0,0,0,0.0,,0,0,0,0,0.0,,0,0,0,0,0.0
1778951493.8801086,0.0,0,0.0,0,,0,0,0,0,0.0,,0,0,0,0,0.0,,0,0,0,0,0.0,,0,0,0,0,0.0,,0,0,0,0,0.0,,0,0,0,0,0.0,,0,0,0,0,0.0,,0,0,0,0,0.0,,0,0,0,0,0.0,,0,0,0,0,0.0,,0,0,0,0,0.0,,0,0,0,0,0.0,,0,0,0,0,0.0,,0,0,0,0,0.0,,0,0,0,0,0.0,,0,0,0,0,0.0
1778951493.9337,0.0,0,0.0,0,,0,0,0,0,0.0,,0,0,0,0,0.0,,0,0,0,0,0.0,,0,0,0,0,0.0,,0,0,0,0,0.0,,0,0,0,0,0.0,,0,0,0,0,0.0,,0,0,0,0,0.0,,0,0,0,0,0.0,,0,0,0,0,0.0,,0,0,0,0,0.0,,0,0,0,0,0.0,,0,0,0,0,0.0,,0,0,0,0,0.0,,0,0,0,0,0.0,,0,0,0,0,0.0
1778951493.9844756,0.0,0,0.0,0,,0,0,0,0,0.0,,0,0,0,0,0.0,,0,0,0,0,0.0,,0,0,0,0,0.0,,0,0,0,0,0.0,,0,0,0,0,0.0,,0,0,0,0,0.0,,0,0,0,0,0.0,,0,0,0,0,0.0,,0,0,0,0,0.0,,0,0,0,0,0.0,,0,0,0,0,0.0,,0,0,0,0,0.0,,0,0,0,0,0.0,,0,0,0,0,0.0,,0,0,0,0,0.0
1778951494.036066,0.0,0,0.0,0,,0,0,0,0,0.0,,0,0,0,0,0.0,,0,0,0,0,0.0,,0,0,0,0,0.0,,0,0,0,0,0.0,,0,0,0,0,0.0,,0,0,0,0,0.0,,0,0,0,0,0.0,,0,0,0,0,0.0,,0,0,0,0,0.0,,0,0,0,0,0.0,,0,0,0,0,0.0,,0,0,0,0,0.0,,0,0,0,0,0.0,,0,0,0,0,0.0,,0,0,0,0,0.0
1778951494.0880015,0.0,0,0.0,0,,0,0,0,0,0.0,,0,0,0,0,0.0,,0,0,0,0,0.0,,0,0,0,0,0.0,,0,0,0,0,0.0,,0,0,0,0,0.0,,0,0,0,0,0.0,,0,0,0,0,0.0,,0,0,0,0,0.0,,0,0,0,0,0.0,,0,0,0,0,0.0,,0,0,0,0,0.0,,0,0,0,0,0.0,,0,0,0,0,0.0,,0,0,0,0,0.0,,0,0,0,0,0.0
1778951494.1448815,0.0,0,0.0,0,,0,0,0,0,0.0,,0,0,0,0,0.0,,0,0,0,0,0.0,,0,0,0,0,0.0,,0,0,0,0,0.0,,0,0,0,0,0.0,,0,0,0,0,0.0,,0,0,0,0,0.0,,0,0,0,0,0.0,,0,0,0,0,0.0,,0,0,0,0,0.0,,0,0,0,0,0.0,,0,0,0,0,0.0,,0,0,0,0,0.0,,0,0,0,0,0.0,,0,0,0,0,0.0
1778951494.1955597,0.0,0,0.0,0,,0,0,0,0,0.0,,0,0,0,0,0.0,,0,0,0,0,0.0,,0,0,0,0,0.0,,0,0,0,0,0.0,,0,0,0,0,0.0,,0,0,0,0,0.0,,0,0,0,0,0.0,,0,0,0,0,0.0,,0,0,0,0,0.0,,0,0,0,0,0.0,,0,0,0,0,0.0,,0,0,0,0,0.0,,0,0,0,0,0.0,,0,0,0,0,0.0,,0,0,0,0,0.0
1778951494.2482188,0.0,0,0.0,0,,0,0,0,0,0.0,,0,0,0,0,0.0,,0,0,0,0,0.0,,0,0,0,0,0.0,,0,0,0,0,0.0,,0,0,0,0,0.0,,0,0,0,0,0.0,,0,0,0,0,0.0,,0,0,0,0,0.0,,0,0,0,0,0.0,,0,0,0,0,0.0,,0,0,0,0,0.0,,0,0,0,0,0.0,,0,0,0,0,0.0,,0,0,0,0,0.0,,0,0,0,0,0.0
1778951494.2992847,0.0,0,0.0,0,,0,0,0,0,0.0,,0,0,0,0,0.0,,0,0,0,0,0.0,,0,0,0,0,0.0,,0,0,0,0,0.0,,0,0,0,0,0.0,,0,0,0,0,0.0,,0,0,0,0,0.0,,0,0,0,0,0.0,,0,0,0,0,0.0,,0,0,0,0,0.0,,0,0,0,0,0.0,,0,0,0,0,0.0,,0,0,0,0,0.0,,0,0,0,0,0.0,,0,0,0,0,0.0
1778951494.3549397,0.0,0,0.0,0,,0,0,0,0,0.0,,0,0,0,0,0.0,,0,0,0,0,0.0,,0,0,0,0,0.0,,0,0,0,0,0.0,,0,0,0,0,0.0,,0,0,0,0,0.0,,0,0,0,0,0.0,,0,0,0,0,0.0,,0,0,0,0,0.0,,0,0,0,0,0.0,,0,0,0,0,0.0,,0,0,0,0,0.0,,0,0,0,0,0.0,,0,0,0,0,0.0,,0,0,0,0,0.0
1778951494.405197,0.0,0,0.0,0,,0,0,0,0,0.0,,0,0,0,0,0.0,,0,0,0,0,0.0,,0,0,0,0,0.0,,0,0,0,0,0.0,,0,0,0,0,0.0,,0,0,0,0,0.0,,0,0,0,0,0.0,,0,0,0,0,0.0,,0,0,0,0,0.0,,0,0,0,0,0.0,,0,0,0,0,0.0,,0,0,0,0,0.0,,0,0,0,0,0.0,,0,0,0,0,0.0,,0,0,0,0,0.0
1778951494.464277,0.0,0,0.0,0,,0,0,0,0,0.0,,0,0,0,0,0.0,,0,0,0,0,0.0,,0,0,0,0,0.0,,0,0,0,0,0.0,,0,0,0,0,0.0,,0,0,0,0,0.0,,0,0,0,0,0.0,,0,0,0,0,0.0,,0,0,0,0,0.0,,0,0,0,0,0.0,,0,0,0,0,0.0,,0,0,0,0,0.0,,0,0,0,0,0.0,,0,0,0,0,0.0,,0,0,0,0,0.0
1778951494.5154498,0.0,0,0.0,0,,0,0,0,0,0.0,,0,0,0,0,0.0,,0,0,0,0,0.0,,0,0,0,0,0.0,,0,0,0,0,0.0,,0,0,0,0,0.0,,0,0,0,0,0.0,,0,0,0,0,0.0,,0,0,0,0,0.0,,0,0,0,0,0.0,,0,0,0,0,0.0,,0,0,0,0,0.0,,0,0,0,0,0.0,,0,0,0,0,0.0,,0,0,0,0,0.0,,0,0,0,0,0.0
1778951494.5665514,0.0,0,0.0,0,,0,0,0,0,0.0,,0,0,0,0,0.0,,0,0,0,0,0.0,,0,0,0,0,0.0,,0,0,0,0,0.0,,0,0,0,0,0.0,,0,0,0,0,0.0,,0,0,0,0,0.0,,0,0,0,0,0.0,,0,0,0,0,0.0,,0,0,0,0,0.0,,0,0,0,0,0.0,,0,0,0,0,0.0,,0,0,0,0,0.0,,0,0,0,0,0.0,,0,0,0,0,0.0
1778951494.6171765,0.0,0,0.0,0,,0,0,0,0,0.0,,0,0,0,0,0.0,,0,0,0,0,0.0,,0,0,0,0,0.0,,0,0,0,0,0.0,,0,0,0,0,0.0,,0,0,0,0,0.0,,0,0,0,0,0.0,,0,0,0,0,0.0,,0,0,0,0,0.0,,0,0,0,0,0.0,,0,0,0,0,0.0,,0,0,0,0,0.0,,0,0,0,0,0.0,,0,0,0,0,0.0,,0,0,0,0,0.0
1778951494.6694534,0.0,0,0.0,0,,0,0,0,0,0.0,,0,0,0,0,0.0,,0,0,0,0,0.0,,0,0,0,0,0.0,,0,0,0,0,0.0,,0,0,0,0,0.0,,0,0,0,0,0.0,,0,0,0,0,0.0,,0,0,0,0,0.0,,0,0,0,0,0.0,,0,0,0,0,0.0,,0,0,0,0,0.0,,0,0,0,0,0.0,,0,0,0,0,0.0,,0,0,0,0,0.0,,0,0,0,0,0.0
1778951494.7204626,0.0,0,0.0,0,,0,0,0,0,0.0,,0,0,0,0,0.0,,0,0,0,0,0.0,,0,0,0,0,0.0,,0,0,0,0,0.0,,0,0,0,0,0.0,,0,0,0,0,0.0,,0,0,0,0,0.0,,0,0,0,0,0.0,,0,0,0,0,0.0,,0,0,0,0,0.0,,0,0,0,0,0.0,,0,0,0,0,0.0,,0,0,0,0,0.0,,0,0,0,0,0.0,,0,0,0,0,0.0
1778951494.7715256,0.0,0,0.0,0,,0,0,0,0,0.0,,0,0,0,0,0.0,,0,0,0,0,0.0,,0,0,0,0,0.0,,0,0,0,0,0.0,,0,0,0,0,0.0,,0,0,0,0,0.0,,0,0,0,0,0.0,,0,0,0,0,0.0,,0,0,0,0,0.0,,0,0,0,0,0.0,,0,0,0,0,0.0,,0,0,0,0,0.0,,0,0,0,0,0.0,,0,0,0,0,0.0,,0,0,0,0,0.0
1778951494.8223114,0.0,0,0.0,0,,0,0,0,0,0.0,,0,0,0,0,0.0,,0,0,0,0,0.0,,0,0,0,0,0.0,,0,0,0,0,0.0,,0,0,0,0,0.0,,0,0,0,0,0.0,,0,0,0,0,0.0,,0,0,0,0,0.0,,0,0,0,0,0.0,,0,0,0,0,0.0,,0,0,0,0,0.0,,0,0,0,0,0.0,,0,0,0,0,0.0,,0,0,0,0,0.0,,0,0,0,0,0.0
1778951494.8750389,0.0,0,0.0,0,,0,0,0,0,0.0,,0,0,0,0,0.0,,0,0,0,0,0.0,,0,0,0,0,0.0,,0,0,0,0,0.0,,0,0,0,0,0.0,,0,0,0,0,0.0,,0,0,0,0,0.0,,0,0,0,0,0.0,,0,0,0,0,0.0,,0,0,0,0,0.0,,0,0,0,0,0.0,,0,0,0,0,0.0,,0,0,0,0,0.0,,0,0,0,0,0.0,,0,0,0,0,0.0
1778951494.926336,0.0,0,0.0,0,,0,0,0,0,0.0,,0,0,0,0,0.0,,0,0,0,0,0.0,,0,0,0,0,0.0,,0,0,0,0,0.0,,0,0,0,0,0.0,,0,0,0,0,0.0,,0,0,0,0,0.0,,0,0,0,0,0.0,,0,0,0,0,0.0,,0,0,0,0,0.0,,0,0,0,0,0.0,,0,0,0,0,0.0,,0,0,0,0,0.0,,0,0,0,0,0.0,,0,0,0,0,0.0
1778951494.9791708,0.0,0,0.0,0,,0,0,0,0,0.0,,0,0,0,0,0.0,,0,0,0,0,0.0,,0,0,0,0,0.0,,0,0,0,0,0.0,,0,0,0,0,0.0,,0,0,0,0,0.0,,0,0,0,0,0.0,,0,0,0,0,0.0,,0,0,0,0,0.0,,0,0,0,0,0.0,,0,0,0,0,0.0,,0,0,0,0,0.0,,0,0,0,0,0.0,,0,0,0,0,0.0,,0,0,0,0,0.0
1778951495.0295186,0.0,0,0.0,0,,0,0,0,0,0.0,,0,0,0,0,0.0,,0,0,0,0,0.0,,0,0,0,0,0.0,,0,0,0,0,0.0,,0,0,0,0,0.0,,0,0,0,0,0.0,,0,0,0,0,0.0,,0,0,0,0,0.0,,0,0,0,0,0.0,,0,0,0,0,0.0,,0,0,0,0,0.0,,0,0,0,0,0.0,,0,0,0,0,0.0,,0,0,0,0,0.0,,0,0,0,0,0.0
1778951495.0852237,0.0,0,0.0,0,,0,0,0,0,0.0,,0,0,0,0,0.0,,0,0,0,0,0.0,,0,0,0,0,0.0,,0,0,0,0,0.0,,0,0,0,0,0.0,,0,0,0,0,0.0,,0,0,0,0,0.0,,0,0,0,0,0.0,,0,0,0,0,0.0,,0,0,0,0,0.0,,0,0,0,0,0.0,,0,0,0,0,0.0,,0,0,0,0,0.0,,0,0,0,0,0.0,,0,0,0,0,0.0
1778951495.137092,0.0,0,0.0,0,,0,0,0,0,0.0,,0,0,0,0,0.0,,0,0,0,0,0.0,,0,0,0,0,0.0,,0,0,0,0,0.0,,0,0,0,0,0.0,,0,0,0,0,0.0,,0,0,0,0,0.0,,0,0,0,0,0.0,,0,0,0,0,0.0,,0,0,0,0,0.0,,0,0,0,0,0.0,,0,0,0,0,0.0,,0,0,0,0,0.0,,0,0,0,0,0.0,,0,0,0,0,0.0
1778951495.195462,0.0,0,0.0,0,,0,0,0,0,0.0,,0,0,0,0,0.0,,0,0,0,0,0.0,,0,0,0,0,0.0,,0,0,0,0,0.0,,0,0,0,0,0.0,,0,0,0,0,0.0,,0,0,0,0,0.0,,0,0,0,0,0.0,,0,0,0,0,0.0,,0,0,0,0,0.0,,0,0,0,0,0.0,,0,0,0,0,0.0,,0,0,0,0,0.0,,0,0,0,0,0.0,,0,0,0,0,0.0
1778951495.2462049,0.0,0,0.0,0,,0,0,0,0,0.0,,0,0,0,0,0.0,,0,0,0,0,0.0,,0,0,0,0,0.0,,0,0,0,0,0.0,,0,0,0,0,0.0,,0,0,0,0,0.0,,0,0,0,0,0.0,,0,0,0,0,0.0,,0,0,0,0,0.0,,0,0,0,0,0.0,,0,0,0,0,0.0,,0,0,0,0,0.0,,0,0,0,0,0.0,,0,0,0,0,0.0,,0,0,0,0,0.0
1778951495.2975302,0.0,0,0.0,0,,0,0,0,0,0.0,,0,0,0,0,0.0,,0,0,0,0,0.0,,0,0,0,0,0.0,,0,0,0,0,0.0,,0,0,0,0,0.0,,0,0,0,0,0.0,,0,0,0,0,0.0,,0,0,0,0,0.0,,0,0,0,0,0.0,,0,0,0,0,0.0,,0,0,0,0,0.0,,0,0,0,0,0.0,,0,0,0,0,0.0,,0,0,0,0,0.0,,0,0,0,0,0.0
1778951495.3481305,0.0,0,0.0,0,,0,0,0,0,0.0,,0,0,0,0,0.0,,0,0,0,0,0.0,,0,0,0,0,0.0,,0,0,0,0,0.0,,0,0,0,0,0.0,,0,0,0,0,0.0,,0,0,0,0,0.0,,0,0,0,0,0.0,,0,0,0,0,0.0,,0,0,0,0,0.0,,0,0,0,0,0.0,,0,0,0,0,0.0,,0,0,0,0,0.0,,0,0,0,0,0.0,,0,0,0,0,0.0
1778951495.4021704,0.0,0,0.0,0,,0,0,0,0,0.0,,0,0,0,0,0.0,,0,0,0,0,0.0,,0,0,0,0,0.0,,0,0,0,0,0.0,,0,0,0,0,0.0,,0,0,0,0,0.0,,0,0,0,0,0.0,,0,0,0,0,0.0,,0,0,0,0,0.0,,0,0,0,0,0.0,,0,0,0,0,0.0,,0,0,0,0,0.0,,0,0,0,0,0.0,,0,0,0,0,0.0,,0,0,0,0,0.0
1778951495.453138,0.0,0,0.0,0,,0,0,0,0,0.0,,0,0,0,0,0.0,,0,0,0,0,0.0,,0,0,0,0,0.0,,0,0,0,0,0.0,,0,0,0,0,0.0,,0,0,0,0,0.0,,0,0,0,0,0.0,,0,0,0,0,0.0,,0,0,0,0,0.0,,0,0,0,0,0.0,,0,0,0,0,0.0,,0,0,0,0,0.0,,0,0,0,0,0.0,,0,0,0,0,0.0,,0,0,0,0,0.0
1778951495.5059829,0.0,0,0.0,0,,0,0,0,0,0.0,,0,0,0,0,0.0,,0,0,0,0,0.0,,0,0,0,0,0.0,,0,0,0,0,0.0,,0,0,0,0,0.0,,0,0,0,0,0.0,,0,0,0,0,0.0,,0,0,0,0,0.0,,0,0,0,0,0.0,,0,0,0,0,0.0,,0,0,0,0,0.0,,0,0,0,0,0.0,,0,0,0,0,0.0,,0,0,0,0,0.0,,0,0,0,0,0.0
1778951495.5571382,0.0,0,0.0,0,,0,0,0,0,0.0,,0,0,0,0,0.0,,0,0,0,0,0.0,,0,0,0,0,0.0,,0,0,0,0,0.0,,0,0,0,0,0.0,,0,0,0,0,0.0,,0,0,0,0,0.0,,0,0,0,0,0.0,,0,0,0,0,0.0,,0,0,0,0,0.0,,0,0,0,0,0.0,,0,0,0,0,0.0,,0,0,0,0,0.0,,0,0,0,0,0.0,,0,0,0,0,0.0
1778951495.6084929,0.0,0,0.0,0,,0,0,0,0,0.0,,0,0,0,0,0.0,,0,0,0,0,0.0,,0,0,0,0,0.0,,0,0,0,0,0.0,,0,0,0,0,0.0,,0,0,0,0,0.0,,0,0,0,0,0.0,,0,0,0,0,0.0,,0,0,0,0,0.0,,0,0,0,0,0.0,,0,0,0,0,0.0,,0,0,0,0,0.0,,0,0,0,0,0.0,,0,0,0,0,0.0,,0,0,0,0,0.0
1778951495.6591182,0.0,0,0.0,0,,0,0,0,0,0.0,,0,0,0,0,0.0,,0,0,0,0,0.0,,0,0,0,0,0.0,,0,0,0,0,0.0,,0,0,0,0,0.0,,0,0,0,0,0.0,,0,0,0,0,0.0,,0,0,0,0,0.0,,0,0,0,0,0.0,,0,0,0,0,0.0,,0,0,0,0,0.0,,0,0,0,0,0.0,,0,0,0,0,0.0,,0,0,0,0,0.0,,0,0,0,0,0.0
1778951495.7108636,0.0,0,0.0,0,,0,0,0,0,0.0,,0,0,0,0,0.0,,0,0,0,0,0.0,,0,0,0,0,0.0,,0,0,0,0,0.0,,0,0,0,0,0.0,,0,0,0,0,0.0,,0,0,0,0,0.0,,0,0,0,0,0.0,,0,0,0,0,0.0,,0,0,0,0,0.0,,0,0,0,0,0.0,,0,0,0,0,0.0,,0,0,0,0,0.0,,0,0,0,0,0.0,,0,0,0,0,0.0
1778951495.761163,0.0,0,0.0,0,,0,0,0,0,0.0,,0,0,0,0,0.0,,0,0,0,0,0.0,,0,0,0,0,0.0,,0,0,0,0,0.0,,0,0,0,0,0.0,,0,0,0,0,0.0,,0,0,0,0,0.0,,0,0,0,0,0.0,,0,0,0,0,0.0,,0,0,0,0,0.0,,0,0,0,0,0.0,,0,0,0,0,0.0,,0,0,0,0,0.0,,0,0,0,0,0.0,,0,0,0,0,0.0
1778951495.814807,0.0,0,0.0,0,,0,0,0,0,0.0,,0,0,0,0,0.0,,0,0,0,0,0.0,,0,0,0,0,0.0,,0,0,0,0,0.0,,0,0,0,0,0.0,,0,0,0,0,0.0,,0,0,0,0,0.0,,0,0,0,0,0.0,,0,0,0,0,0.0,,0,0,0,0,0.0,,0,0,0,0,0.0,,0,0,0,0,0.0,,0,0,0,0,0.0,,0,0,0,0,0.0,,0,0,0,0,0.0
1778951495.86517,0.0,0,0.0,0,,0,0,0,0,0.0,,0,0,0,0,0.0,,0,0,0,0,0.0,,0,0,0,0,0.0,,0,0,0,0,0.0,,0,0,0,0,0.0,,0,0,0,0,0.0,,0,0,0,0,0.0,,0,0,0,0,0.0,,0,0,0,0,0.0,,0,0,0,0,0.0,,0,0,0,0,0.0,,0,0,0,0,0.0,,0,0,0,0,0.0,,0,0,0,0,0.0,,0,0,0,0,0.0
1778951495.9161766,0.0,0,0.0,0,,0,0,0,0,0.0,,0,0,0,0,0.0,,0,0,0,0,0.0,,0,0,0,0,0.0,,0,0,0,0,0.0,,0,0,0,0,0.0,,0,0,0,0,0.0,,0,0,0,0,0.0,,0,0,0,0,0.0,,0,0,0,0,0.0,,0,0,0,0,0.0,,0,0,0,0,0.0,,0,0,0,0,0.0,,0,0,0,0,0.0,,0,0,0,0,0.0,,0,0,0,0,0.0
1778951495.9671621,0.0,0,0.0,0,,0,0,0,0,0.0,,0,0,0,0,0.0,,0,0,0,0,0.0,,0,0,0,0,0.0,,0,0,0,0,0.0,,0,0,0,0,0.0,,0,0,0,0,0.0,,0,0,0,0,0.0,,0,0,0,0,0.0,,0,0,0,0,0.0,,0,0,0,0,0.0,,0,0,0,0,0.0,,0,0,0,0,0.0,,0,0,0,0,0.0,,0,0,0,0,0.0,,0,0,0,0,0.0
1778951496.0359323,0.0,0,0.0,0,,0,0,0,0,0.0,,0,0,0,0,0.0,,0,0,0,0,0.0,,0,0,0,0,0.0,,0,0,0,0,0.0,,0,0,0,0,0.0,,0,0,0,0,0.0,,0,0,0,0,0.0,,0,0,0,0,0.0,,0,0,0,0,0.0,,0,0,0,0,0.0,,0,0,0,0,0.0,,0,0,0,0,0.0,,0,0,0,0,0.0,,0,0,0,0,0.0,,0,0,0,0,0.0
1778951496.087679,0.0,0,0.0,0,,0,0,0,0,0.0,,0,0,0,0,0.0,,0,0,0,0,0.0,,0,0,0,0,0.0,,0,0,0,0,0.0,,0,0,0,0,0.0,,0,0,0,0,0.0,,0,0,0,0,0.0,,0,0,0,0,0.0,,0,0,0,0,0.0,,0,0,0,0,0.0,,0,0,0,0,0.0,,0,0,0,0,0.0,,0,0,0,0,0.0,,0,0,0,0,0.0,,0,0,0,0,0.0
1778951496.141403,0.0,0,0.0,0,,0,0,0,0,0.0,,0,0,0,0,0.0,,0,0,0,0,0.0,,0,0,0,0,0.0,,0,0,0,0,0.0,,0,0,0,0,0.0,,0,0,0,0,0.0,,0,0,0,0,0.0,,0,0,0,0,0.0,,0,0,0,0,0.0,,0,0,0,0,0.0,,0,0,0,0,0.0,,0,0,0,0,0.0,,0,0,0,0,0.0,,0,0,0,0,0.0,,0,0,0,0,0.0
1778951496.1938515,0.0,0,0.0,0,,0,0,0,0,0.0,,0,0,0,0,0.0,,0,0,0,0,0.0,,0,0,0,0,0.0,,0,0,0,0,0.0,,0,0,0,0,0.0,,0,0,0,0,0.0,,0,0,0,0,0.0,,0,0,0,0,0.0,,0,0,0,0,0.0,,0,0,0,0,0.0,,0,0,0,0,0.0,,0,0,0,0,0.0,,0,0,0,0,0.0,,0,0,0,0,0.0,,0,0,0,0,0.0
1778951496.2450473,0.0,0,0.0,0,,0,0,0,0,0.0,,0,0,0,0,0.0,,0,0,0,0,0.0,,0,0,0,0,0.0,,0,0,0,0,0.0,,0,0,0,0,0.0,,0,0,0,0,0.0,,0,0,0,0,0.0,,0,0,0,0,0.0,,0,0,0,0,0.0,,0,0,0,0,0.0,,0,0,0,0,0.0,,0,0,0,0,0.0,,0,0,0,0,0.0,,0,0,0,0,0.0,,0,0,0,0,0.0
1778951496.3030236,0.0,0,0.0,0,,0,0,0,0,0.0,,0,0,0,0,0.0,,0,0,0,0,0.0,,0,0,0,0,0.0,,0,0,0,0,0.0,,0,0,0,0,0.0,,0,0,0,0,0.0,,0,0,0,0,0.0,,0,0,0,0,0.0,,0,0,0,0,0.0,,0,0,0,0,0.0,,0,0,0,0,0.0,,0,0,0,0,0.0,,0,0,0,0,0.0,,0,0,0,0,0.0,,0,0,0,0,0.0
1778951496.3543782,0.0,0,0.0,0,,0,0,0,0,0.0,,0,0,0,0,0.0,,0,0,0,0,0.0,,0,0,0,0,0.0,,0,0,0,0,0.0,,0,0,0,0,0.0,,0,0,0,0,0.0,,0,0,0,0,0.0,,0,0,0,0,0.0,,0,0,0,0,0.0,,0,0,0,0,0.0,,0,0,0,0,0.0,,0,0,0,0,0.0,,0,0,0,0,0.0,,0,0,0,0,0.0,,0,0,0,0,0.0
1778951496.406116,0.0,0,0.0,0,,0,0,0,0,0.0,,0,0,0,0,0.0,,0,0,0,0,0.0,,0,0,0,0,0.0,,0,0,0,0,0.0,,0,0,0,0,0.0,,0,0,0,0,0.0,,0,0,0,0,0.0,,0,0,0,0,0.0,,0,0,0,0,0.0,,0,0,0,0,0.0,,0,0,0,0,0.0,,0,0,0,0,0.0,,0,0,0,0,0.0,,0,0,0,0,0.0,,0,0,0,0,0.0
1778951496.456841,0.0,0,0.0,0,,0,0,0,0,0.0,,0,0,0,0,0.0,,0,0,0,0,0.0,,0,0,0,0,0.0,,0,0,0,0,0.0,,0,0,0,0,0.0,,0,0,0,0,0.0,,0,0,0,0,0.0,,0,0,0,0,0.0,,0,0,0,0,0.0,,0,0,0,0,0.0,,0,0,0,0,0.0,,0,0,0,0,0.0,,0,0,0,0,0.0,,0,0,0,0,0.0,,0,0,0,0,0.0
1778951496.50804,0.0,0,0.0,0,,0,0,0,0,0.0,,0,0,0,0,0.0,,0,0,0,0,0.0,,0,0,0,0,0.0,,0,0,0,0,0.0,,0,0,0,0,0.0,,0,0,0,0,0.0,,0,0,0,0,0.0,,0,0,0,0,0.0,,0,0,0,0,0.0,,0,0,0,0,0.0,,0,0,0,0,0.0,,0,0,0,0,0.0,,0,0,0,0,0.0,,0,0,0,0,0.0,,0,0,0,0,0.0
1778951496.56055,0.0,0,0.0,0,,0,0,0,0,0.0,,0,0,0,0,0.0,,0,0,0,0,0.0,,0,0,0,0,0.0,,0,0,0,0,0.0,,0,0,0,0,0.0,,0,0,0,0,0.0,,0,0,0,0,0.0,,0,0,0,0,0.0,,0,0,0,0,0.0,,0,0,0,0,0.0,,0,0,0,0,0.0,,0,0,0,0,0.0,,0,0,0,0,0.0,,0,0,0,0,0.0,,0,0,0,0,0.0
1778951496.6123683,0.0,0,0.0,0,,0,0,0,0,0.0,,0,0,0,0,0.0,,0,0,0,0,0.0,,0,0,0,0,0.0,,0,0,0,0,0.0,,0,0,0,0,0.0,,0,0,0,0,0.0,,0,0,0,0,0.0,,0,0,0,0,0.0,,0,0,0,0,0.0,,0,0,0,0,0.0,,0,0,0,0,0.0,,0,0,0,0,0.0,,0,0,0,0,0.0,,0,0,0,0,0.0,,0,0,0,0,0.0
1778951496.6659734,0.0,0,0.0,0,,0,0,0,0,0.0,,0,0,0,0,0.0,,0,0,0,0,0.0,,0,0,0,0,0.0,,0,0,0,0,0.0,,0,0,0,0,0.0,,0,0,0,0,0.0,,0,0,0,0,0.0,,0,0,0,0,0.0,,0,0,0,0,0.0,,0,0,0,0,0.0,,0,0,0,0,0.0,,0,0,0,0,0.0,,0,0,0,0,0.0,,0,0,0,0,0.0,,0,0,0,0,0.0
1778951496.7335658,0.0,0,0.0,0,,0,0,0,0,0.0,,0,0,0,0,0.0,,0,0,0,0,0.0,,0,0,0,0,0.0,,0,0,0,0,0.0,,0,0,0,0,0.0,,0,0,0,0,0.0,,0,0,0,0,0.0,,0,0,0,0,0.0,,0,0,0,0,0.0,,0,0,0,0,0.0,,0,0,0,0,0.0,,0,0,0,0,0.0,,0,0,0,0,0.0,,0,0,0,0,0.0,,0,0,0,0,0.0
1778951496.7841105,0.0,0,0.0,0,,0,0,0,0,0.0,,0,0,0,0,0.0,,0,0,0,0,0.0,,0,0,0,0,0.0,,0,0,0,0,0.0,,0,0,0,0,0.0,,0,0,0,0,0.0,,0,0,0,0,0.0,,0,0,0,0,0.0,,0,0,0,0,0.0,,0,0,0,0,0.0,,0,0,0,0,0.0,,0,0,0,0,0.0,,0,0,0,0,0.0,,0,0,0,0,0.0,,0,0,0,0,0.0
1778951496.8353565,0.0,0,0.0,0,,0,0,0,0,0.0,,0,0,0,0,0.0,,0,0,0,0,0.0,,0,0,0,0,0.0,,0,0,0,0,0.0,,0,0,0,0,0.0,,0,0,0,0,0.0,,0,0,0,0,0.0,,0,0,0,0,0.0,,0,0,0,0,0.0,,0,0,0,0,0.0,,0,0,0,0,0.0,,0,0,0,0,0.0,,0,0,0,0,0.0,,0,0,0,0,0.0,,0,0,0,0,0.0
1778951496.886006,0.0,0,0.0,0,,0,0,0,0,0.0,,0,0,0,0,0.0,,0,0,0,0,0.0,,0,0,0,0,0.0,,0,0,0,0,0.0,,0,0,0,0,0.0,,0,0,0,0,0.0,,0,0,0,0,0.0,,0,0,0,0,0.0,,0,0,0,0,0.0,,0,0,0,0,0.0,,0,0,0,0,0.0,,0,0,0,0,0.0,,0,0,0,0,0.0,,0,0,0,0,0.0,,0,0,0,0,0.0
1778951496.9404545,0.0,0,0.0,0,,0,0,0,0,0.0,,0,0,0,0,0.0,,0,0,0,0,0.0,,0,0,0,0,0.0,,0,0,0,0,0.0,,0,0,0,0,0.0,,0,0,0,0,0.0,,0,0,0,0,0.0,,0,0,0,0,0.0,,0,0,0,0,0.0,,0,0,0,0,0.0,,0,0,0,0,0.0,,0,0,0,0,0.0,,0,0,0,0,0.0,,0,0,0,0,0.0,,0,0,0,0,0.0
1778951496.9910076,0.0,0,0.0,0,,0,0,0,0,0.0,,0,0,0,0,0.0,,0,0,0,0,0.0,,0,0,0,0,0.0,,0,0,0,0,0.0,,0,0,0,0,0.0,,0,0,0,0,0.0,,0,0,0,0,0.0,,0,0,0,0,0.0,,0,0,0,0,0.0,,0,0,0,0,0.0,,0,0,0,0,0.0,,0,0,0,0,0.0,,0,0,0,0,0.0,,0,0,0,0,0.0,,0,0,0,0,0.0
1778951497.042238,0.0,0,0.0,0,,0,0,0,0,0.0,,0,0,0,0,0.0,,0,0,0,0,0.0,,0,0,0,0,0.0,,0,0,0,0,0.0,,0,0,0,0,0.0,,0,0,0,0,0.0,,0,0,0,0,0.0,,0,0,0,0,0.0,,0,0,0,0,0.0,,0,0,0,0,0.0,,0,0,0,0,0.0,,0,0,0,0,0.0,,0,0,0,0,0.0,,0,0,0,0,0.0,,0,0,0,0,0.0
1778951497.0928204,0.0,0,0.0,0,,0,0,0,0,0.0,,0,0,0,0,0.0,,0,0,0,0,0.0,,0,0,0,0,0.0,,0,0,0,0,0.0,,0,0,0,0,0.0,,0,0,0,0,0.0,,0,0,0,0,0.0,,0,0,0,0,0.0,,0,0,0,0,0.0,,0,0,0,0,0.0,,0,0,0,0,0.0,,0,0,0,0,0.0,,0,0,0,0,0.0,,0,0,0,0,0.0,,0,0,0,0,0.0
1778951497.1448314,0.0,0,0.0,0,,0,0,0,0,0.0,,0,0,0,0,0.0,,0,0,0,0,0.0,,0,0,0,0,0.0,,0,0,0,0,0.0,,0,0,0,0,0.0,,0,0,0,0,0.0,,0,0,0,0,0.0,,0,0,0,0,0.0,,0,0,0,0,0.0,,0,0,0,0,0.0,,0,0,0,0,0.0,,0,0,0,0,0.0,,0,0,0,0,0.0,,0,0,0,0,0.0,,0,0,0,0,0.0
1778951497.1958144,0.0,0,0.0,0,,0,0,0,0,0.0,,0,0,0,0,0.0,,0,0,0,0,0.0,,0,0,0,0,0.0,,0,0,0,0,0.0,,0,0,0,0,0.0,,0,0,0,0,0.0,,0,0,0,0,0.0,,0,0,0,0,0.0,,0,0,0,0,0.0,,0,0,0,0,0.0,,0,0,0,0,0.0,,0,0,0,0,0.0,,0,0,0,0,0.0,,0,0,0,0,0.0,,0,0,0,0,0.0
1778951497.2487056,0.0,0,0.0,0,,0,0,0,0,0.0,,0,0,0,0,0.0,,0,0,0,0,0.0,,0,0,0,0,0.0,,0,0,0,0,0.0,,0,0,0,0,0.0,,0,0,0,0,0.0,,0,0,0,0,0.0,,0,0,0,0,0.0,,0,0,0,0,0.0,,0,0,0,0,0.0,,0,0,0,0,0.0,,0,0,0,0,0.0,,0,0,0,0,0.0,,0,0,0,0,0.0,,0,0,0,0,0.0
1778951497.2998211,0.0,0,0.0,0,,0,0,0,0,0.0,,0,0,0,0,0.0,,0,0,0,0,0.0,,0,0,0,0,0.0,,0,0,0,0,0.0,,0,0,0,0,0.0,,0,0,0,0,0.0,,0,0,0,0,0.0,,0,0,0,0,0.0,,0,0,0,0,0.0,,0,0,0,0,0.0,,0,0,0,0,0.0,,0,0,0,0,0.0,,0,0,0,0,0.0,,0,0,0,0,0.0,,0,0,0,0,0.0
1778951497.3516123,0.0,0,0.0,0,,0,0,0,0,0.0,,0,0,0,0,0.0,,0,0,0,0,0.0,,0,0,0,0,0.0,,0,0,0,0,0.0,,0,0,0,0,0.0,,0,0,0,0,0.0,,0,0,0,0,0.0,,0,0,0,0,0.0,,0,0,0,0,0.0,,0,0,0,0,0.0,,0,0,0,0,0.0,,0,0,0,0,0.0,,0,0,0,0,0.0,,0,0,0,0,0.0,,0,0,0,0,0.0
1778951497.4019012,0.0,0,0.0,0,,0,0,0,0,0.0,,0,0,0,0,0.0,,0,0,0,0,0.0,,0,0,0,0,0.0,,0,0,0,0,0.0,,0,0,0,0,0.0,,0,0,0,0,0.0,,0,0,0,0,0.0,,0,0,0,0,0.0,,0,0,0,0,0.0,,0,0,0,0,0.0,,0,0,0,0,0.0,,0,0,0,0,0.0,,0,0,0,0,0.0,,0,0,0,0,0.0,,0,0,0,0,0.0
1778951497.45286,0.0,0,0.0,0,,0,0,0,0,0.0,,0,0,0,0,0.0,,0,0,0,0,0.0,,0,0,0,0,0.0,,0,0,0,0,0.0,,0,0,0,0,0.0,,0,0,0,0,0.0,,0,0,0,0,0.0,,0,0,0,0,0.0,,0,0,0,0,0.0,,0,0,0,0,0.0,,0,0,0,0,0.0,,0,0,0,0,0.0,,0,0,0,0,0.0,,0,0,0,0,0.0,,0,0,0,0,0.0
1778951497.5059712,0.0,0,0.0,0,,0,0,0,0,0.0,,0,0,0,0,0.0,,0,0,0,0,0.0,,0,0,0,0,0.0,,0,0,0,0,0.0,,0,0,0,0,0.0,,0,0,0,0,0.0,,0,0,0,0,0.0,,0,0,0,0,0.0,,0,0,0,0,0.0,,0,0,0,0,0.0,,0,0,0,0,0.0,,0,0,0,0,0.0,,0,0,0,0,0.0,,0,0,0,0,0.0,,0,0,0,0,0.0
1778951497.5572574,0.0,0,0.0,0,,0,0,0,0,0.0,,0,0,0,0,0.0,,0,0,0,0,0.0,,0,0,0,0,0.0,,0,0,0,0,0.0,,0,0,0,0,0.0,,0,0,0,0,0.0,,0,0,0,0,0.0,,0,0,0,0,0.0,,0,0,0,0,0.0,,0,0,0,0,0.0,,0,0,0,0,0.0,,0,0,0,0,0.0,,0,0,0,0,0.0,,0,0,0,0,0.0,,0,0,0,0,0.0
1778951497.607404,0.0,0,0.0,0,,0,0,0,0,0.0,,0,0,0,0,0.0,,0,0,0,0,0.0,,0,0,0,0,0.0,,0,0,0,0,0.0,,0,0,0,0,0.0,,0,0,0,0,0.0,,0,0,0,0,0.0,,0,0,0,0,0.0,,0,0,0,0,0.0,,0,0,0,0,0.0,,0,0,0,0,0.0,,0,0,0,0,0.0,,0,0,0,0,0.0,,0,0,0,0,0.0,,0,0,0,0,0.0
1778951497.6583736,0.0,0,0.0,0,,0,0,0,0,0.0,,0,0,0,0,0.0,,0,0,0,0,0.0,,0,0,0,0,0.0,,0,0,0,0,0.0,,0,0,0,0,0.0,,0,0,0,0,0.0,,0,0,0,0,0.0,,0,0,0,0,0.0,,0,0,0,0,0.0,,0,0,0,0,0.0,,0,0,0,0,0.0,,0,0,0,0,0.0,,0,0,0,0,0.0,,0,0,0,0,0.0,,0,0,0,0,0.0
1778951497.7086997,0.0,0,0.0,0,,0,0,0,0,0.0,,0,0,0,0,0.0,,0,0,0,0,0.0,,0,0,0,0,0.0,,0,0,0,0,0.0,,0,0,0,0,0.0,,0,0,0,0,0.0,,0,0,0,0,0.0,,0,0,0,0,0.0,,0,0,0,0,0.0,,0,0,0,0,0.0,,0,0,0,0,0.0,,0,0,0,0,0.0,,0,0,0,0,0.0,,0,0,0,0,0.0,,0,0,0,0,0.0
1778951497.7596407,0.0,0,0.0,0,,0,0,0,0,0.0,,0,0,0,0,0.0,,0,0,0,0,0.0,,0,0,0,0,0.0,,0,0,0,0,0.0,,0,0,0,0,0.0,,0,0,0,0,0.0,,0,0,0,0,0.0,,0,0,0,0,0.0,,0,0,0,0,0.0,,0,0,0,0,0.0,,0,0,0,0,0.0,,0,0,0,0,0.0,,0,0,0,0,0.0,,0,0,0,0,0.0,,0,0,0,0,0.0
1778951497.8106835,0.0,0,0.0,0,,0,0,0,0,0.0,,0,0,0,0,0.0,,0,0,0,0,0.0,,0,0,0,0,0.0,,0,0,0,0,0.0,,0,0,0,0,0.0,,0,0,0,0,0.0,,0,0,0,0,0.0,,0,0,0,0,0.0,,0,0,0,0,0.0,,0,0,0,0,0.0,,0,0,0,0,0.0,,0,0,0,0,0.0,,0,0,0,0,0.0,,0,0,0,0,0.0,,0,0,0,0,0.0
1778951497.8617468,0.0,0,0.0,0,,0,0,0,0,0.0,,0,0,0,0,0.0,,0,0,0,0,0.0,,0,0,0,0,0.0,,0,0,0,0,0.0,,0,0,0,0,0.0,,0,0,0,0,0.0,,0,0,0,0,0.0,,0,0,0,0,0.0,,0,0,0,0,0.0,,0,0,0,0,0.0,,0,0,0,0,0.0,,0,0,0,0,0.0,,0,0,0,0,0.0,,0,0,0,0,0.0,,0,0,0,0,0.0
1778951497.9127088,0.0,0,0.0,0,,0,0,0,0,0.0,,0,0,0,0,0.0,,0,0,0,0,0.0,,0,0,0,0,0.0,,0,0,0,0,0.0,,0,0,0,0,0.0,,0,0,0,0,0.0,,0,0,0,0,0.0,,0,0,0,0,0.0,,0,0,0,0,0.0,,0,0,0,0,0.0,,0,0,0,0,0.0,,0,0,0,0,0.0,,0,0,0,0,0.0,,0,0,0,0,0.0,,0,0,0,0,0.0
1778951497.9650867,0.0,0,0.0,0,,0,0,0,0,0.0,,0,0,0,0,0.0,,0,0,0,0,0.0,,0,0,0,0,0.0,,0,0,0,0,0.0,,0,0,0,0,0.0,,0,0,0,0,0.0,,0,0,0,0,0.0,,0,0,0,0,0.0,,0,0,0,0,0.0,,0,0,0,0,0.0,,0,0,0,0,0.0,,0,0,0,0,0.0,,0,0,0,0,0.0,,0,0,0,0,0.0,,0,0,0,0,0.0
1778951498.015618,0.0,0,0.0,0,,0,0,0,0,0.0,,0,0,0,0,0.0,,0,0,0,0,0.0,,0,0,0,0,0.0,,0,0,0,0,0.0,,0,0,0,0,0.0,,0,0,0,0,0.0,,0,0,0,0,0.0,,0,0,0,0,0.0,,0,0,0,0,0.0,,0,0,0,0,0.0,,0,0,0,0,0.0,,0,0,0,0,0.0,,0,0,0,0,0.0,,0,0,0,0,0.0,,0,0,0,0,0.0
1778951498.0666418,0.0,0,0.0,0,,0,0,0,0,0.0,,0,0,0,0,0.0,,0,0,0,0,0.0,,0,0,0,0,0.0,,0,0,0,0,0.0,,0,0,0,0,0.0,,0,0,0,0,0.0,,0,0,0,0,0.0,,0,0,0,0,0.0,,0,0,0,0,0.0,,0,0,0,0,0.0,,0,0,0,0,0.0,,0,0,0,0,0.0,,0,0,0,0,0.0,,0,0,0,0,0.0,,0,0,0,0,0.0
1778951498.1176803,0.0,0,0.0,0,,0,0,0,0,0.0,,0,0,0,0,0.0,,0,0,0,0,0.0,,0,0,0,0,0.0,,0,0,0,0,0.0,,0,0,0,0,0.0,,0,0,0,0,0.0,,0,0,0,0,0.0,,0,0,0,0,0.0,,0,0,0,0,0.0,,0,0,0,0,0.0,,0,0,0,0,0.0,,0,0,0,0,0.0,,0,0,0,0,0.0,,0,0,0,0,0.0,,0,0,0,0,0.0
1778951498.1826982,0.0,0,0.0,0,,0,0,0,0,0.0,,0,0,0,0,0.0,,0,0,0,0,0.0,,0,0,0,0,0.0,,0,0,0,0,0.0,,0,0,0,0,0.0,,0,0,0,0,0.0,,0,0,0,0,0.0,,0,0,0,0,0.0,,0,0,0,0,0.0,,0,0,0,0,0.0,,0,0,0,0,0.0,,0,0,0,0,0.0,,0,0,0,0,0.0,,0,0,0,0,0.0,,0,0,0,0,0.0
1778951498.236032,0.0,0,0.0,0,,0,0,0,0,0.0,,0,0,0,0,0.0,,0,0,0,0,0.0,,0,0,0,0,0.0,,0,0,0,0,0.0,,0,0,0,0,0.0,,0,0,0,0,0.0,,0,0,0,0,0.0,,0,0,0,0,0.0,,0,0,0,0,0.0,,0,0,0,0,0.0,,0,0,0,0,0.0,,0,0,0,0,0.0,,0,0,0,0,0.0,,0,0,0,0,0.0,,0,0,0,0,0.0
1778951498.2879295,0.0,0,0.0,0,,0,0,0,0,0.0,,0,0,0,0,0.0,,0,0,0,0,0.0,,0,0,0,0,0.0,,0,0,0,0,0.0,,0,0,0,0,0.0,,0,0,0,0,0.0,,0,0,0,0,0.0,,0,0,0,0,0.0,,0,0,0,0,0.0,,0,0,0,0,0.0,,0,0,0,0,0.0,,0,0,0,0,0.0,,0,0,0,0,0.0,,0,0,0,0,0.0,,0,0,0,0,0.0
1778951498.3386035,0.0,0,0.0,0,,0,0,0,0,0.0,,0,0,0,0,0.0,,0,0,0,0,0.0,,0,0,0,0,0.0,,0,0,0,0,0.0,,0,0,0,0,0.0,,0,0,0,0,0.0,,0,0,0,0,0.0,,0,0,0,0,0.0,,0,0,0,0,0.0,,0,0,0,0,0.0,,0,0,0,0,0.0,,0,0,0,0,0.0,,0,0,0,0,0.0,,0,0,0,0,0.0,,0,0,0,0,0.0
1778951498.391559,0.0,0,0.0,0,,0,0,0,0,0.0,,0,0,0,0,0.0,,0,0,0,0,0.0,,0,0,0,0,0.0,,0,0,0,0,0.0,,0,0,0,0,0.0,,0,0,0,0,0.0,,0,0,0,0,0.0,,0,0,0,0,0.0,,0,0,0,0,0.0,,0,0,0,0,0.0,,0,0,0,0,0.0,,0,0,0,0,0.0,,0,0,0,0,0.0,,0,0,0,0,0.0,,0,0,0,0,0.0
1778951498.4426148,0.0,0,0.0,0,,0,0,0,0,0.0,,0,0,0,0,0.0,,0,0,0,0,0.0,,0,0,0,0,0.0,,0,0,0,0,0.0,,0,0,0,0,0.0,,0,0,0,0,0.0,,0,0,0,0,0.0,,0,0,0,0,0.0,,0,0,0,0,0.0,,0,0,0,0,0.0,,0,0,0,0,0.0,,0,0,0,0,0.0,,0,0,0,0,0.0,,0,0,0,0,0.0,,0,0,0,0,0.0
1778951498.497601,0.0,0,0.0,0,,0,0,0,0,0.0,,0,0,0,0,0.0,,0,0,0,0,0.0,,0,0,0,0,0.0,,0,0,0,0,0.0,,0,0,0,0,0.0,,0,0,0,0,0.0,,0,0,0,0,0.0,,0,0,0,0,0.0,,0,0,0,0,0.0,,0,0,0,0,0.0,,0,0,0,0,0.0,,0,0,0,0,0.0,,0,0,0,0,0.0,,0,0,0,0,0.0,,0,0,0,0,0.0
1778951498.547961,0.0,0,0.0,0,,0,0,0,0,0.0,,0,0,0,0,0.0,,0,0,0,0,0.0,,0,0,0,0,0.0,,0,0,0,0,0.0,,0,0,0,0,0.0,,0,0,0,0,0.0,,0,0,0,0,0.0,,0,0,0,0,0.0,,0,0,0,0,0.0,,0,0,0,0,0.0,,0,0,0,0,0.0,,0,0,0,0,0.0,,0,0,0,0,0.0,,0,0,0,0,0.0,,0,0,0,0,0.0
1778951498.6031477,0.0,0,0.0,0,,0,0,0,0,0.0,,0,0,0,0,0.0,,0,0,0,0,0.0,,0,0,0,0,0.0,,0,0,0,0,0.0,,0,0,0,0,0.0,,0,0,0,0,0.0,,0,0,0,0,0.0,,0,0,0,0,0.0,,0,0,0,0,0.0,,0,0,0,0,0.0,,0,0,0,0,0.0,,0,0,0,0,0.0,,0,0,0,0,0.0,,0,0,0,0,0.0,,0,0,0,0,0.0
1778951498.6556444,0.0,0,0.0,0,,0,0,0,0,0.0,,0,0,0,0,0.0,,0,0,0,0,0.0,,0,0,0,0,0.0,,0,0,0,0,0.0,,0,0,0,0,0.0,,0,0,0,0,0.0,,0,0,0,0,0.0,,0,0,0,0,0.0,,0,0,0,0,0.0,,0,0,0,0,0.0,,0,0,0,0,0.0,,0,0,0,0,0.0,,0,0,0,0,0.0,,0,0,0,0,0.0,,0,0,0,0,0.0
1778951498.7092307,0.0,0,0.0,0,,0,0,0,0,0.0,,0,0,0,0,0.0,,0,0,0,0,0.0,,0,0,0,0,0.0,,0,0,0,0,0.0,,0,0,0,0,0.0,,0,0,0,0,0.0,,0,0,0,0,0.0,,0,0,0,0,0.0,,0,0,0,0,0.0,,0,0,0,0,0.0,,0,0,0,0,0.0,,0,0,0,0,0.0,,0,0,0,0,0.0,,0,0,0,0,0.0,,0,0,0,0,0.0
1778951498.7600853,0.0,0,0.0,0,,0,0,0,0,0.0,,0,0,0,0,0.0,,0,0,0,0,0.0,,0,0,0,0,0.0,,0,0,0,0,0.0,,0,0,0,0,0.0,,0,0,0,0,0.0,,0,0,0,0,0.0,,0,0,0,0,0.0,,0,0,0,0,0.0,,0,0,0,0,0.0,,0,0,0,0,0.0,,0,0,0,0,0.0,,0,0,0,0,0.0,,0,0,0,0,0.0,,0,0,0,0,0.0
1778951498.811241,0.0,0,0.0,0,,0,0,0,0,0.0,,0,0,0,0,0.0,,0,0,0,0,0.0,,0,0,0,0,0.0,,0,0,0,0,0.0,,0,0,0,0,0.0,,0,0,0,0,0.0,,0,0,0,0,0.0,,0,0,0,0,0.0,,0,0,0,0,0.0,,0,0,0,0,0.0,,0,0,0,0,0.0,,0,0,0,0,0.0,,0,0,0,0,0.0,,0,0,0,0,0.0,,0,0,0,0,0.0
1778951498.8621168,0.0,0,0.0,0,,0,0,0,0,0.0,,0,0,0,0,0.0,,0,0,0,0,0.0,,0,0,0,0,0.0,,0,0,0,0,0.0,,0,0,0,0,0.0,,0,0,0,0,0.0,,0,0,0,0,0.0,,0,0,0,0,0.0,,0,0,0,0,0.0,,0,0,0,0,0.0,,0,0,0,0,0.0,,0,0,0,0,0.0,,0,0,0,0,0.0,,0,0,0,0,0.0,,0,0,0,0,0.0
1778951498.913067,0.0,0,0.0,0,,0,0,0,0,0.0,,0,0,0,0,0.0,,0,0,0,0,0.0,,0,0,0,0,0.0,,0,0,0,0,0.0,,0,0,0,0,0.0,,0,0,0,0,0.0,,0,0,0,0,0.0,,0,0,0,0,0.0,,0,0,0,0,0.0,,0,0,0,0,0.0,,0,0,0,0,0.0,,0,0,0,0,0.0,,0,0,0,0,0.0,,0,0,0,0,0.0,,0,0,0,0,0.0
1778951498.9640524,0.0,0,0.0,0,,0,0,0,0,0.0,,0,0,0,0,0.0,,0,0,0,0,0.0,,0,0,0,0,0.0,,0,0,0,0,0.0,,0,0,0,0,0.0,,0,0,0,0,0.0,,0,0,0,0,0.0,,0,0,0,0,0.0,,0,0,0,0,0.0,,0,0,0,0,0.0,,0,0,0,0,0.0,,0,0,0,0,0.0,,0,0,0,0,0.0,,0,0,0,0,0.0,,0,0,0,0,0.0
1778951499.0184228,0.0,0,0.0,0,,0,0,0,0,0.0,,0,0,0,0,0.0,,0,0,0,0,0.0,,0,0,0,0,0.0,,0,0,0,0,0.0,,0,0,0,0,0.0,,0,0,0,0,0.0,,0,0,0,0,0.0,,0,0,0,0,0.0,,0,0,0,0,0.0,,0,0,0,0,0.0,,0,0,0,0,0.0,,0,0,0,0,0.0,,0,0,0,0,0.0,,0,0,0,0,0.0,,0,0,0,0,0.0
1778951499.069275,0.0,0,0.0,0,,0,0,0,0,0.0,,0,0,0,0,0.0,,0,0,0,0,0.0,,0,0,0,0,0.0,,0,0,0,0,0.0,,0,0,0,0,0.0,,0,0,0,0,0.0,,0,0,0,0,0.0,,0,0,0,0,0.0,,0,0,0,0,0.0,,0,0,0,0,0.0,,0,0,0,0,0.0,,0,0,0,0,0.0,,0,0,0,0,0.0,,0,0,0,0,0.0,,0,0,0,0,0.0
1778951499.1219058,0.0,0,0.0,0,,0,0,0,0,0.0,,0,0,0,0,0.0,,0,0,0,0,0.0,,0,0,0,0,0.0,,0,0,0,0,0.0,,0,0,0,0,0.0,,0,0,0,0,0.0,,0,0,0,0,0.0,,0,0,0,0,0.0,,0,0,0,0,0.0,,0,0,0,0,0.0,,0,0,0,0,0.0,,0,0,0,0,0.0,,0,0,0,0,0.0,,0,0,0,0,0.0,,0,0,0,0,0.0
1778951499.1723158,0.0,0,0.0,0,,0,0,0,0,0.0,,0,0,0,0,0.0,,0,0,0,0,0.0,,0,0,0,0,0.0,,0,0,0,0,0.0,,0,0,0,0,0.0,,0,0,0,0,0.0,,0,0,0,0,0.0,,0,0,0,0,0.0,,0,0,0,0,0.0,,0,0,0,0,0.0,,0,0,0,0,0.0,,0,0,0,0,0.0,,0,0,0,0,0.0,,0,0,0,0,0.0,,0,0,0,0,0.0
1778951499.2238805,0.0,0,0.0,0,,0,0,0,0,0.0,,0,0,0,0,0.0,,0,0,0,0,0.0,,0,0,0,0,0.0,,0,0,0,0,0.0,,0,0,0,0,0.0,,0,0,0,0,0.0,,0,0,0,0,0.0,,0,0,0,0,0.0,,0,0,0,0,0.0,,0,0,0,0,0.0,,0,0,0,0,0.0,,0,0,0,0,0.0,,0,0,0,0,0.0,,0,0,0,0,0.0,,0,0,0,0,0.0
1778951499.2743397,0.0,0,0.0,0,,0,0,0,0,0.0,,0,0,0,0,0.0,,0,0,0,0,0.0,,0,0,0,0,0.0,,0,0,0,0,0.0,,0,0,0,0,0.0,,0,0,0,0,0.0,,0,0,0,0,0.0,,0,0,0,0,0.0,,0,0,0,0,0.0,,0,0,0,0,0.0,,0,0,0,0,0.0,,0,0,0,0,0.0,,0,0,0,0,0.0,,0,0,0,0,0.0,,0,0,0,0,0.0
1778951499.3265004,0.0,0,0.0,0,,0,0,0,0,0.0,,0,0,0,0,0.0,,0,0,0,0,0.0,,0,0,0,0,0.0,,0,0,0,0,0.0,,0,0,0,0,0.0,,0,0,0,0,0.0,,0,0,0,0,0.0,,0,0,0,0,0.0,,0,0,0,0,0.0,,0,0,0,0,0.0,,0,0,0,0,0.0,,0,0,0,0,0.0,,0,0,0,0,0.0,,0,0,0,0,0.0,,0,0,0,0,0.0
1778951499.3772855,0.0,0,0.0,0,,0,0,0,0,0.0,,0,0,0,0,0.0,,0,0,0,0,0.0,,0,0,0,0,0.0,,0,0,0,0,0.0,,0,0,0,0,0.0,,0,0,0,0,0.0,,0,0,0,0,0.0,,0,0,0,0,0.0,,0,0,0,0,0.0,,0,0,0,0,0.0,,0,0,0,0,0.0,,0,0,0,0,0.0,,0,0,0,0,0.0,,0,0,0,0,0.0,,0,0,0,0,0.0
1778951499.4283543,0.0,0,0.0,0,,0,0,0,0,0.0,,0,0,0,0,0.0,,0,0,0,0,0.0,,0,0,0,0,0.0,,0,0,0,0,0.0,,0,0,0,0,0.0,,0,0,0,0,0.0,,0,0,0,0,0.0,,0,0,0,0,0.0,,0,0,0,0,0.0,,0,0,0,0,0.0,,0,0,0,0,0.0,,0,0,0,0,0.0,,0,0,0,0,0.0,,0,0,0,0,0.0,,0,0,0,0,0.0
1778951499.478792,0.0,0,0.0,0,,0,0,0,0,0.0,,0,0,0,0,0.0,,0,0,0,0,0.0,,0,0,0,0,0.0,,0,0,0,0,0.0,,0,0,0,0,0.0,,0,0,0,0,0.0,,0,0,0,0,0.0,,0,0,0,0,0.0,,0,0,0,0,0.0,,0,0,0,0,0.0,,0,0,0,0,0.0,,0,0,0,0,0.0,,0,0,0,0,0.0,,0,0,0,0,0.0,,0,0,0,0,0.0
1778951499.5319848,0.0,0,0.0,0,,0,0,0,0,0.0,,0,0,0,0,0.0,,0,0,0,0,0.0,,0,0,0,0,0.0,,0,0,0,0,0.0,,0,0,0,0,0.0,,0,0,0,0,0.0,,0,0,0,0,0.0,,0,0,0,0,0.0,,0,0,0,0,0.0,,0,0,0,0,0.0,,0,0,0,0,0.0,,0,0,0,0,0.0,,0,0,0,0,0.0,,0,0,0,0,0.0,,0,0,0,0,0.0
1778951499.5827885,0.0,0,0.0,0,,0,0,0,0,0.0,,0,0,0,0,0.0,,0,0,0,0,0.0,,0,0,0,0,0.0,,0,0,0,0,0.0,,0,0,0,0,0.0,,0,0,0,0,0.0,,0,0,0,0,0.0,,0,0,0,0,0.0,,0,0,0,0,0.0,,0,0,0,0,0.0,,0,0,0,0,0.0,,0,0,0,0,0.0,,0,0,0,0,0.0,,0,0,0,0,0.0,,0,0,0,0,0.0
1778951499.6338005,0.0,0,0.0,0,,0,0,0,0,0.0,,0,0,0,0,0.0,,0,0,0,0,0.0,,0,0,0,0,0.0,,0,0,0,0,0.0,,0,0,0,0,0.0,,0,0,0,0,0.0,,0,0,0,0,0.0,,0,0,0,0,0.0,,0,0,0,0,0.0,,0,0,0,0,0.0,,0,0,0,0,0.0,,0,0,0,0,0.0,,0,0,0,0,0.0,,0,0,0,0,0.0,,0,0,0,0,0.0
1778951499.6848092,0.0,0,0.0,0,,0,0,0,0,0.0,,0,0,0,0,0.0,,0,0,0,0,0.0,,0,0,0,0,0.0,,0,0,0,0,0.0,,0,0,0,0,0.0,,0,0,0,0,0.0,,0,0,0,0,0.0,,0,0,0,0,0.0,,0,0,0,0,0.0,,0,0,0,0,0.0,,0,0,0,0,0.0,,0,0,0,0,0.0,,0,0,0,0,0.0,,0,0,0,0,0.0,,0,0,0,0,0.0
1778951499.7354465,0.0,0,0.0,0,,0,0,0,0,0.0,,0,0,0,0,0.0,,0,0,0,0,0.0,,0,0,0,0,0.0,,0,0,0,0,0.0,,0,0,0,0,0.0,,0,0,0,0,0.0,,0,0,0,0,0.0,,0,0,0,0,0.0,,0,0,0,0,0.0,,0,0,0,0,0.0,,0,0,0,0,0.0,,0,0,0,0,0.0,,0,0,0,0,0.0,,0,0,0,0,0.0,,0,0,0,0,0.0
1778951499.7863367,0.0,0,0.0,0,,0,0,0,0,0.0,,0,0,0,0,0.0,,0,0,0,0,0.0,,0,0,0,0,0.0,,0,0,0,0,0.0,,0,0,0,0,0.0,,0,0,0,0,0.0,,0,0,0,0,0.0,,0,0,0,0,0.0,,0,0,0,0,0.0,,0,0,0,0,0.0,,0,0,0,0,0.0,,0,0,0,0,0.0,,0,0,0,0,0.0,,0,0,0,0,0.0,,0,0,0,0,0.0
1778951499.8404002,0.0,0,0.0,0,,0,0,0,0,0.0,,0,0,0,0,0.0,,0,0,0,0,0.0,,0,0,0,0,0.0,,0,0,0,0,0.0,,0,0,0,0,0.0,,0,0,0,0,0.0,,0,0,0,0,0.0,,0,0,0,0,0.0,,0,0,0,0,0.0,,0,0,0,0,0.0,,0,0,0,0,0.0,,0,0,0,0,0.0,,0,0,0,0,0.0,,0,0,0,0,0.0,,0,0,0,0,0.0
1778951499.8913112,0.0,0,0.0,0,,0,0,0,0,0.0,,0,0,0,0,0.0,,0,0,0,0,0.0,,0,0,0,0,0.0,,0,0,0,0,0.0,,0,0,0,0,0.0,,0,0,0,0,0.0,,0,0,0,0,0.0,,0,0,0,0,0.0,,0,0,0,0,0.0,,0,0,0,0,0.0,,0,0,0,0,0.0,,0,0,0,0,0.0,,0,0,0,0,0.0,,0,0,0,0,0.0,,0,0,0,0,0.0
1778951499.94298,0.0,0,0.0,0,,0,0,0,0,0.0,,0,0,0,0,0.0,,0,0,0,0,0.0,,0,0,0,0,0.0,,0,0,0,0,0.0,,0,0,0,0,0.0,,0,0,0,0,0.0,,0,0,0,0,0.0,,0,0,0,0,0.0,,0,0,0,0,0.0,,0,0,0,0,0.0,,0,0,0,0,0.0,,0,0,0,0,0.0,,0,0,0,0,0.0,,0,0,0,0,0.0,,0,0,0,0,0.0
1778951499.9933321,0.0,0,0.0,0,,0,0,0,0,0.0,,0,0,0,0,0.0,,0,0,0,0,0.0,,0,0,0,0,0.0,,0,0,0,0,0.0,,0,0,0,0,0.0,,0,0,0,0,0.0,,0,0,0,0,0.0,,0,0,0,0,0.0,,0,0,0,0,0.0,,0,0,0,0,0.0,,0,0,0,0,0.0,,0,0,0,0,0.0,,0,0,0,0,0.0,,0,0,0,0,0.0,,0,0,0,0,0.0
1778951500.0443106,0.0,0,0.0,0,,0,0,0,0,0.0,,0,0,0,0,0.0,,0,0,0,0,0.0,,0,0,0,0,0.0,,0,0,0,0,0.0,,0,0,0,0,0.0,,0,0,0,0,0.0,,0,0,0,0,0.0,,0,0,0,0,0.0,,0,0,0,0,0.0,,0,0,0,0,0.0,,0,0,0,0,0.0,,0,0,0,0,0.0,,0,0,0,0,0.0,,0,0,0,0,0.0,,0,0,0,0,0.0
1778951500.0946426,0.0,0,0.0,0,,0,0,0,0,0.0,,0,0,0,0,0.0,,0,0,0,0,0.0,,0,0,0,0,0.0,,0,0,0,0,0.0,,0,0,0,0,0.0,,0,0,0,0,0.0,,0,0,0,0,0.0,,0,0,0,0,0.0,,0,0,0,0,0.0,,0,0,0,0,0.0,,0,0,0,0,0.0,,0,0,0,0,0.0,,0,0,0,0,0.0,,0,0,0,0,0.0,,0,0,0,0,0.0
1778951500.1484036,0.0,0,0.0,0,,0,0,0,0,0.0,,0,0,0,0,0.0,,0,0,0,0,0.0,,0,0,0,0,0.0,,0,0,0,0,0.0,,0,0,0,0,0.0,,0,0,0,0,0.0,,0,0,0,0,0.0,,0,0,0,0,0.0,,0,0,0,0,0.0,,0,0,0,0,0.0,,0,0,0,0,0.0,,0,0,0,0,0.0,,0,0,0,0,0.0,,0,0,0,0,0.0,,0,0,0,0,0.0
1778951500.1986449,0.0,0,0.0,0,,0,0,0,0,0.0,,0,0,0,0,0.0,,0,0,0,0,0.0,,0,0,0,0,0.0,,0,0,0,0,0.0,,0,0,0,0,0.0,,0,0,0,0,0.0,,0,0,0,0,0.0,,0,0,0,0,0.0,,0,0,0,0,0.0,,0,0,0,0,0.0,,0,0,0,0,0.0,,0,0,0,0,0.0,,0,0,0,0,0.0,,0,0,0,0,0.0,,0,0,0,0,0.0
1778951500.250105,0.0,0,0.0,0,,0,0,0,0,0.0,,0,0,0,0,0.0,,0,0,0,0,0.0,,0,0,0,0,0.0,,0,0,0,0,0.0,,0,0,0,0,0.0,,0,0,0,0,0.0,,0,0,0,0,0.0,,0,0,0,0,0.0,,0,0,0,0,0.0,,0,0,0,0,0.0,,0,0,0,0,0.0,,0,0,0,0,0.0,,0,0,0,0,0.0,,0,0,0,0,0.0,,0,0,0,0,0.0
1778951500.3007774,0.0,0,0.0,0,,0,0,0,0,0.0,,0,0,0,0,0.0,,0,0,0,0,0.0,,0,0,0,0,0.0,,0,0,0,0,0.0,,0,0,0,0,0.0,,0,0,0,0,0.0,,0,0,0,0,0.0,,0,0,0,0,0.0,,0,0,0,0,0.0,,0,0,0,0,0.0,,0,0,0,0,0.0,,0,0,0,0,0.0,,0,0,0,0,0.0,,0,0,0,0,0.0,,0,0,0,0,0.0
1778951500.3525429,0.0,0,0.0,0,,0,0,0,0,0.0,,0,0,0,0,0.0,,0,0,0,0,0.0,,0,0,0,0,0.0,,0,0,0,0,0.0,,0,0,0,0,0.0,,0,0,0,0,0.0,,0,0,0,0,0.0,,0,0,0,0,0.0,,0,0,0,0,0.0,,0,0,0,0,0.0,,0,0,0,0,0.0,,0,0,0,0,0.0,,0,0,0,0,0.0,,0,0,0,0,0.0,,0,0,0,0,0.0
1778951500.4032867,0.0,0,0.0,0,,0,0,0,0,0.0,,0,0,0,0,0.0,,0,0,0,0,0.0,,0,0,0,0,0.0,,0,0,0,0,0.0,,0,0,0,0,0.0,,0,0,0,0,0.0,,0,0,0,0,0.0,,0,0,0,0,0.0,,0,0,0,0,0.0,,0,0,0,0,0.0,,0,0,0,0,0.0,,0,0,0,0,0.0,,0,0,0,0,0.0,,0,0,0,0,0.0,,0,0,0,0,0.0
1778951500.4542966,0.0,0,0.0,0,,0,0,0,0,0.0,,0,0,0,0,0.0,,0,0,0,0,0.0,,0,0,0,0,0.0,,0,0,0,0,0.0,,0,0,0,0,0.0,,0,0,0,0,0.0,,0,0,0,0,0.0,,0,0,0,0,0.0,,0,0,0,0,0.0,,0,0,0,0,0.0,,0,0,0,0,0.0,,0,0,0,0,0.0,,0,0,0,0,0.0,,0,0,0,0,0.0,,0,0,0,0,0.0
1778951500.5052798,0.0,0,0.0,0,,0,0,0,0,0.0,,0,0,0,0,0.0,,0,0,0,0,0.0,,0,0,0,0,0.0,,0,0,0,0,0.0,,0,0,0,0,0.0,,0,0,0,0,0.0,,0,0,0,0,0.0,,0,0,0,0,0.0,,0,0,0,0,0.0,,0,0,0,0,0.0,,0,0,0,0,0.0,,0,0,0,0,0.0,,0,0,0,0,0.0,,0,0,0,0,0.0,,0,0,0,0,0.0
1778951500.5561032,0.0,0,0.0,0,,0,0,0,0,0.0,,0,0,0,0,0.0,,0,0,0,0,0.0,,0,0,0,0,0.0,,0,0,0,0,0.0,,0,0,0,0,0.0,,0,0,0,0,0.0,,0,0,0,0,0.0,,0,0,0,0,0.0,,0,0,0,0,0.0,,0,0,0,0,0.0,,0,0,0,0,0.0,,0,0,0,0,0.0,,0,0,0,0,0.0,,0,0,0,0,0.0,,0,0,0,0,0.0
1778951500.6069632,0.0,0,0.0,0,,0,0,0,0,0.0,,0,0,0,0,0.0,,0,0,0,0,0.0,,0,0,0,0,0.0,,0,0,0,0,0.0,,0,0,0,0,0.0,,0,0,0,0,0.0,,0,0,0,0,0.0,,0,0,0,0,0.0,,0,0,0,0,0.0,,0,0,0,0,0.0,,0,0,0,0,0.0,,0,0,0,0,0.0,,0,0,0,0,0.0,,0,0,0,0,0.0,,0,0,0,0,0.0
1778951500.6584,0.0,0,0.0,0,,0,0,0,0,0.0,,0,0,0,0,0.0,,0,0,0,0,0.0,,0,0,0,0,0.0,,0,0,0,0,0.0,,0,0,0,0,0.0,,0,0,0,0,0.0,,0,0,0,0,0.0,,0,0,0,0,0.0,,0,0,0,0,0.0,,0,0,0,0,0.0,,0,0,0,0,0.0,,0,0,0,0,0.0,,0,0,0,0,0.0,,0,0,0,0,0.0,,0,0,0,0,0.0
1778951500.7090886,0.0,0,0.0,0,,0,0,0,0,0.0,,0,0,0,0,0.0,,0,0,0,0,0.0,,0,0,0,0,0.0,,0,0,0,0,0.0,,0,0,0,0,0.0,,0,0,0,0,0.0,,0,0,0,0,0.0,,0,0,0,0,0.0,,0,0,0,0,0.0,,0,0,0,0,0.0,,0,0,0,0,0.0,,0,0,0,0,0.0,,0,0,0,0,0.0,,0,0,0,0,0.0,,0,0,0,0,0.0
1778951500.7658656,0.0,0,0.0,0,,0,0,0,0,0.0,,0,0,0,0,0.0,,0,0,0,0,0.0,,0,0,0,0,0.0,,0,0,0,0,0.0,,0,0,0,0,0.0,,0,0,0,0,0.0,,0,0,0,0,0.0,,0,0,0,0,0.0,,0,0,0,0,0.0,,0,0,0,0,0.0,,0,0,0,0,0.0,,0,0,0,0,0.0,,0,0,0,0,0.0,,0,0,0,0,0.0,,0,0,0,0,0.0
1778951500.8168914,0.0,0,0.0,0,,0,0,0,0,0.0,,0,0,0,0,0.0,,0,0,0,0,0.0,,0,0,0,0,0.0,,0,0,0,0,0.0,,0,0,0,0,0.0,,0,0,0,0,0.0,,0,0,0,0,0.0,,0,0,0,0,0.0,,0,0,0,0,0.0,,0,0,0,0,0.0,,0,0,0,0,0.0,,0,0,0,0,0.0,,0,0,0,0,0.0,,0,0,0,0,0.0,,0,0,0,0,0.0
1778951500.8707786,0.0,0,0.0,0,,0,0,0,0,0.0,,0,0,0,0,0.0,,0,0,0,0,0.0,,0,0,0,0,0.0,,0,0,0,0,0.0,,0,0,0,0,0.0,,0,0,0,0,0.0,,0,0,0,0,0.0,,0,0,0,0,0.0,,0,0,0,0,0.0,,0,0,0,0,0.0,,0,0,0,0,0.0,,0,0,0,0,0.0,,0,0,0,0,0.0,,0,0,0,0,0.0,,0,0,0,0,0.0
1778951500.921794,0.0,0,0.0,0,,0,0,0,0,0.0,,0,0,0,0,0.0,,0,0,0,0,0.0,,0,0,0,0,0.0,,0,0,0,0,0.0,,0,0,0,0,0.0,,0,0,0,0,0.0,,0,0,0,0,0.0,,0,0,0,0,0.0,,0,0,0,0,0.0,,0,0,0,0,0.0,,0,0,0,0,0.0,,0,0,0,0,0.0,,0,0,0,0,0.0,,0,0,0,0,0.0,,0,0,0,0,0.0
1778951500.973629,0.0,0,0.0,0,,0,0,0,0,0.0,,0,0,0,0,0.0,,0,0,0,0,0.0,,0,0,0,0,0.0,,0,0,0,0,0.0,,0,0,0,0,0.0,,0,0,0,0,0.0,,0,0,0,0,0.0,,0,0,0,0,0.0,,0,0,0,0,0.0,,0,0,0,0,0.0,,0,0,0,0,0.0,,0,0,0,0,0.0,,0,0,0,0,0.0,,0,0,0,0,0.0,,0,0,0,0,0.0
1778951501.0249343,0.0,0,0.0,0,,0,0,0,0,0.0,,0,0,0,0,0.0,,0,0,0,0,0.0,,0,0,0,0,0.0,,0,0,0,0,0.0,,0,0,0,0,0.0,,0,0,0,0,0.0,,0,0,0,0,0.0,,0,0,0,0,0.0,,0,0,0,0,0.0,,0,0,0,0,0.0,,0,0,0,0,0.0,,0,0,0,0,0.0,,0,0,0,0,0.0,,0,0,0,0,0.0,,0,0,0,0,0.0
1778951501.0769742,0.0,0,0.0,0,,0,0,0,0,0.0,,0,0,0,0,0.0,,0,0,0,0,0.0,,0,0,0,0,0.0,,0,0,0,0,0.0,,0,0,0,0,0.0,,0,0,0,0,0.0,,0,0,0,0,0.0,,0,0,0,0,0.0,,0,0,0,0,0.0,,0,0,0,0,0.0,,0,0,0,0,0.0,,0,0,0,0,0.0,,0,0,0,0,0.0,,0,0,0,0,0.0,,0,0,0,0,0.0
1778951501.1279595,0.0,0,0.0,0,,0,0,0,0,0.0,,0,0,0,0,0.0,,0,0,0,0,0.0,,0,0,0,0,0.0,,0,0,0,0,0.0,,0,0,0,0,0.0,,0,0,0,0,0.0,,0,0,0,0,0.0,,0,0,0,0,0.0,,0,0,0,0,0.0,,0,0,0,0,0.0,,0,0,0,0,0.0,,0,0,0,0,0.0,,0,0,0,0,0.0,,0,0,0,0,0.0,,0,0,0,0,0.0
1778951501.178727,0.0,0,0.0,0,,0,0,0,0,0.0,,0,0,0,0,0.0,,0,0,0,0,0.0,,0,0,0,0,0.0,,0,0,0,0,0.0,,0,0,0,0,0.0,,0,0,0,0,0.0,,0,0,0,0,0.0,,0,0,0,0,0.0,,0,0,0,0,0.0,,0,0,0,0,0.0,,0,0,0,0,0.0,,0,0,0,0,0.0,,0,0,0,0,0.0,,0,0,0,0,0.0,,0,0,0,0,0.0
1778951501.2295034,0.0,0,0.0,0,,0,0,0,0,0.0,,0,0,0,0,0.0,,0,0,0,0,0.0,,0,0,0,0,0.0,,0,0,0,0,0.0,,0,0,0,0,0.0,,0,0,0,0,0.0,,0,0,0,0,0.0,,0,0,0,0,0.0,,0,0,0,0,0.0,,0,0,0,0,0.0,,0,0,0,0,0.0,,0,0,0,0,0.0,,0,0,0,0,0.0,,0,0,0,0,0.0,,0,0,0,0,0.0
1778951501.2822468,0.0,0,0.0,0,,0,0,0,0,0.0,,0,0,0,0,0.0,,0,0,0,0,0.0,,0,0,0,0,0.0,,0,0,0,0,0.0,,0,0,0,0,0.0,,0,0,0,0,0.0,,0,0,0,0,0.0,,0,0,0,0,0.0,,0,0,0,0,0.0,,0,0,0,0,0.0,,0,0,0,0,0.0,,0,0,0,0,0.0,,0,0,0,0,0.0,,0,0,0,0,0.0,,0,0,0,0,0.0
1778951501.3325403,0.0,0,0.0,0,,0,0,0,0,0.0,,0,0,0,0,0.0,,0,0,0,0,0.0,,0,0,0,0,0.0,,0,0,0,0,0.0,,0,0,0,0,0.0,,0,0,0,0,0.0,,0,0,0,0,0.0,,0,0,0,0,0.0,,0,0,0,0,0.0,,0,0,0,0,0.0,,0,0,0,0,0.0,,0,0,0,0,0.0,,0,0,0,0,0.0,,0,0,0,0,0.0,,0,0,0,0,0.0
1778951501.385502,0.0,0,0.0,0,,0,0,0,0,0.0,,0,0,0,0,0.0,,0,0,0,0,0.0,,0,0,0,0,0.0,,0,0,0,0,0.0,,0,0,0,0,0.0,,0,0,0,0,0.0,,0,0,0,0,0.0,,0,0,0,0,0.0,,0,0,0,0,0.0,,0,0,0,0,0.0,,0,0,0,0,0.0,,0,0,0,0,0.0,,0,0,0,0,0.0,,0,0,0,0,0.0,,0,0,0,0,0.0
1778951501.436792,0.0,0,0.0,0,,0,0,0,0,0.0,,0,0,0,0,0.0,,0,0,0,0,0.0,,0,0,0,0,0.0,,0,0,0,0,0.0,,0,0,0,0,0.0,,0,0,0,0,0.0,,0,0,0,0,0.0,,0,0,0,0,0.0,,0,0,0,0,0.0,,0,0,0,0,0.0,,0,0,0,0,0.0,,0,0,0,0,0.0,,0,0,0,0,0.0,,0,0,0,0,0.0,,0,0,0,0,0.0
1778951501.488214,0.0,0,0.0,0,,0,0,0,0,0.0,,0,0,0,0,0.0,,0,0,0,0,0.0,,0,0,0,0,0.0,,0,0,0,0,0.0,,0,0,0,0,0.0,,0,0,0,0,0.0,,0,0,0,0,0.0,,0,0,0,0,0.0,,0,0,0,0,0.0,,0,0,0,0,0.0,,0,0,0,0,0.0,,0,0,0,0,0.0,,0,0,0,0,0.0,,0,0,0,0,0.0,,0,0,0,0,0.0
1778951501.5386567,0.0,0,0.0,0,,0,0,0,0,0.0,,0,0,0,0,0.0,,0,0,0,0,0.0,,0,0,0,0,0.0,,0,0,0,0,0.0,,0,0,0,0,0.0,,0,0,0,0,0.0,,0,0,0,0,0.0,,0,0,0,0,0.0,,0,0,0,0,0.0,,0,0,0,0,0.0,,0,0,0,0,0.0,,0,0,0,0,0.0,,0,0,0,0,0.0,,0,0,0,0,0.0,,0,0,0,0,0.0
1778951501.5897615,0.0,0,0.0,0,,0,0,0,0,0.0,,0,0,0,0,0.0,,0,0,0,0,0.0,,0,0,0,0,0.0,,0,0,0,0,0.0,,0,0,0,0,0.0,,0,0,0,0,0.0,,0,0,0,0,0.0,,0,0,0,0,0.0,,0,0,0,0,0.0,,0,0,0,0,0.0,,0,0,0,0,0.0,,0,0,0,0,0.0,,0,0,0,0,0.0,,0,0,0,0,0.0,,0,0,0,0,0.0
1778951501.6403186,0.0,0,0.0,0,,0,0,0,0,0.0,,0,0,0,0,0.0,,0,0,0,0,0.0,,0,0,0,0,0.0,,0,0,0,0,0.0,,0,0,0,0,0.0,,0,0,0,0,0.0,,0,0,0,0,0.0,,0,0,0,0,0.0,,0,0,0,0,0.0,,0,0,0,0,0.0,,0,0,0,0,0.0,,0,0,0,0,0.0,,0,0,0,0,0.0,,0,0,0,0,0.0,,0,0,0,0,0.0
1778951501.6912842,0.0,0,0.0,0,,0,0,0,0,0.0,,0,0,0,0,0.0,,0,0,0,0,0.0,,0,0,0,0,0.0,,0,0,0,0,0.0,,0,0,0,0,0.0,,0,0,0,0,0.0,,0,0,0,0,0.0,,0,0,0,0,0.0,,0,0,0,0,0.0,,0,0,0,0,0.0,,0,0,0,0,0.0,,0,0,0,0,0.0,,0,0,0,0,0.0,,0,0,0,0,0.0,,0,0,0,0,0.0
1778951501.7434065,0.0,0,0.0,0,,0,0,0,0,0.0,,0,0,0,0,0.0,,0,0,0,0,0.0,,0,0,0,0,0.0,,0,0,0,0,0.0,,0,0,0,0,0.0,,0,0,0,0,0.0,,0,0,0,0,0.0,,0,0,0,0,0.0,,0,0,0,0,0.0,,0,0,0,0,0.0,,0,0,0,0,0.0,,0,0,0,0,0.0,,0,0,0,0,0.0,,0,0,0,0,0.0,,0,0,0,0,0.0
1778951501.794365,0.0,0,0.0,0,,0,0,0,0,0.0,,0,0,0,0,0.0,,0,0,0,0,0.0,,0,0,0,0,0.0,,0,0,0,0,0.0,,0,0,0,0,0.0,,0,0,0,0,0.0,,0,0,0,0,0.0,,0,0,0,0,0.0,,0,0,0,0,0.0,,0,0,0,0,0.0,,0,0,0,0,0.0,,0,0,0,0,0.0,,0,0,0,0,0.0,,0,0,0,0,0.0,,0,0,0,0,0.0
1778951501.845563,0.0,0,0.0,0,,0,0,0,0,0.0,,0,0,0,0,0.0,,0,0,0,0,0.0,,0,0,0,0,0.0,,0,0,0,0,0.0,,0,0,0,0,0.0,,0,0,0,0,0.0,,0,0,0,0,0.0,,0,0,0,0,0.0,,0,0,0,0,0.0,,0,0,0,0,0.0,,0,0,0,0,0.0,,0,0,0,0,0.0,,0,0,0,0,0.0,,0,0,0,0,0.0,,0,0,0,0,0.0
1778951501.8991504,0.0,0,0.0,0,,0,0,0,0,0.0,,0,0,0,0,0.0,,0,0,0,0,0.0,,0,0,0,0,0.0,,0,0,0,0,0.0,,0,0,0,0,0.0,,0,0,0,0,0.0,,0,0,0,0,0.0,,0,0,0,0,0.0,,0,0,0,0,0.0,,0,0,0,0,0.0,,0,0,0,0,0.0,,0,0,0,0,0.0,,0,0,0,0,0.0,,0,0,0,0,0.0,,0,0,0,0,0.0
1778951501.950064,0.0,0,0.0,0,,0,0,0,0,0.0,,0,0,0,0,0.0,,0,0,0,0,0.0,,0,0,0,0,0.0,,0,0,0,0,0.0,,0,0,0,0,0.0,,0,0,0,0,0.0,,0,0,0,0,0.0,,0,0,0,0,0.0,,0,0,0,0,0.0,,0,0,0,0,0.0,,0,0,0,0,0.0,,0,0,0,0,0.0,,0,0,0,0,0.0,,0,0,0,0,0.0,,0,0,0,0,0.0
1778951502.0016317,0.0,0,0.0,0,,0,0,0,0,0.0,,0,0,0,0,0.0,,0,0,0,0,0.0,,0,0,0,0,0.0,,0,0,0,0,0.0,,0,0,0,0,0.0,,0,0,0,0,0.0,,0,0,0,0,0.0,,0,0,0,0,0.0,,0,0,0,0,0.0,,0,0,0,0,0.0,,0,0,0,0,0.0,,0,0,0,0,0.0,,0,0,0,0,0.0,,0,0,0,0,0.0,,0,0,0,0,0.0
1778951502.0519905,0.0,0,0.0,0,,0,0,0,0,0.0,,0,0,0,0,0.0,,0,0,0,0,0.0,,0,0,0,0,0.0,,0,0,0,0,0.0,,0,0,0,0,0.0,,0,0,0,0,0.0,,0,0,0,0,0.0,,0,0,0,0,0.0,,0,0,0,0,0.0,,0,0,0,0,0.0,,0,0,0,0,0.0,,0,0,0,0,0.0,,0,0,0,0,0.0,,0,0,0,0,0.0,,0,0,0,0,0.0
1778951502.1031716,0.0,0,0.0,0,,0,0,0,0,0.0,,0,0,0,0,0.0,,0,0,0,0,0.0,,0,0,0,0,0.0,,0,0,0,0,0.0,,0,0,0,0,0.0,,0,0,0,0,0.0,,0,0,0,0,0.0,,0,0,0,0,0.0,,0,0,0,0,0.0,,0,0,0,0,0.0,,0,0,0,0,0.0,,0,0,0,0,0.0,,0,0,0,0,0.0,,0,0,0,0,0.0,,0,0,0,0,0.0
1778951502.1540494,0.0,0,0.0,0,,0,0,0,0,0.0,,0,0,0,0,0.0,,0,0,0,0,0.0,,0,0,0,0,0.0,,0,0,0,0,0.0,,0,0,0,0,0.0,,0,0,0,0,0.0,,0,0,0,0,0.0,,0,0,0,0,0.0,,0,0,0,0,0.0,,0,0,0,0,0.0,,0,0,0,0,0.0,,0,0,0,0,0.0,,0,0,0,0,0.0,,0,0,0,0,0.0,,0,0,0,0,0.0
1778951502.206146,0.0,0,0.0,0,,0,0,0,0,0.0,,0,0,0,0,0.0,,0,0,0,0,0.0,,0,0,0,0,0.0,,0,0,0,0,0.0,,0,0,0,0,0.0,,0,0,0,0,0.0,,0,0,0,0,0.0,,0,0,0,0,0.0,,0,0,0,0,0.0,,0,0,0,0,0.0,,0,0,0,0,0.0,,0,0,0,0,0.0,,0,0,0,0,0.0,,0,0,0,0,0.0,,0,0,0,0,0.0
1778951502.2570205,0.0,0,0.0,0,,0,0,0,0,0.0,,0,0,0,0,0.0,,0,0,0,0,0.0,,0,0,0,0,0.0,,0,0,0,0,0.0,,0,0,0,0,0.0,,0,0,0,0,0.0,,0,0,0,0,0.0,,0,0,0,0,0.0,,0,0,0,0,0.0,,0,0,0,0,0.0,,0,0,0,0,0.0,,0,0,0,0,0.0,,0,0,0,0,0.0,,0,0,0,0,0.0,,0,0,0,0,0.0
1778951502.3083806,0.0,0,0.0,0,,0,0,0,0,0.0,,0,0,0,0,0.0,,0,0,0,0,0.0,,0,0,0,0,0.0,,0,0,0,0,0.0,,0,0,0,0,0.0,,0,0,0,0,0.0,,0,0,0,0,0.0,,0,0,0,0,0.0,,0,0,0,0,0.0,,0,0,0,0,0.0,,0,0,0,0,0.0,,0,0,0,0,0.0,,0,0,0,0,0.0,,0,0,0,0,0.0,,0,0,0,0,0.0
1778951502.3589818,0.0,0,0.0,0,,0,0,0,0,0.0,,0,0,0,0,0.0,,0,0,0,0,0.0,,0,0,0,0,0.0,,0,0,0,0,0.0,,0,0,0,0,0.0,,0,0,0,0,0.0,,0,0,0,0,0.0,,0,0,0,0,0.0,,0,0,0,0,0.0,,0,0,0,0,0.0,,0,0,0,0,0.0,,0,0,0,0,0.0,,0,0,0,0,0.0,,0,0,0,0,0.0,,0,0,0,0,0.0
1778951502.411654,0.0,0,0.0,0,,0,0,0,0,0.0,,0,0,0,0,0.0,,0,0,0,0,0.0,,0,0,0,0,0.0,,0,0,0,0,0.0,,0,0,0,0,0.0,,0,0,0,0,0.0,,0,0,0,0,0.0,,0,0,0,0,0.0,,0,0,0,0,0.0,,0,0,0,0,0.0,,0,0,0,0,0.0,,0,0,0,0,0.0,,0,0,0,0,0.0,,0,0,0,0,0.0,,0,0,0,0,0.0
1778951502.46208,0.0,0,0.0,0,,0,0,0,0,0.0,,0,0,0,0,0.0,,0,0,0,0,0.0,,0,0,0,0,0.0,,0,0,0,0,0.0,,0,0,0,0,0.0,,0,0,0,0,0.0,,0,0,0,0,0.0,,0,0,0,0,0.0,,0,0,0,0,0.0,,0,0,0,0,0.0,,0,0,0,0,0.0,,0,0,0,0,0.0,,0,0,0,0,0.0,,0,0,0,0,0.0,,0,0,0,0,0.0
1778951502.5137773,0.0,0,0.0,0,,0,0,0,0,0.0,,0,0,0,0,0.0,,0,0,0,0,0.0,,0,0,0,0,0.0,,0,0,0,0,0.0,,0,0,0,0,0.0,,0,0,0,0,0.0,,0,0,0,0,0.0,,0,0,0,0,0.0,,0,0,0,0,0.0,,0,0,0,0,0.0,,0,0,0,0,0.0,,0,0,0,0,0.0,,0,0,0,0,0.0,,0,0,0,0,0.0,,0,0,0,0,0.0
1778951502.5648694,0.0,0,0.0,0,,0,0,0,0,0.0,,0,0,0,0,0.0,,0,0,0,0,0.0,,0,0,0,0,0.0,,0,0,0,0,0.0,,0,0,0,0,0.0,,0,0,0,0,0.0,,0,0,0,0,0.0,,0,0,0,0,0.0,,0,0,0,0,0.0,,0,0,0,0,0.0,,0,0,0,0,0.0,,0,0,0,0,0.0,,0,0,0,0,0.0,,0,0,0,0,0.0,,0,0,0,0,0.0
1778951502.6193306,0.0,0,0.0,0,,0,0,0,0,0.0,,0,0,0,0,0.0,,0,0,0,0,0.0,,0,0,0,0,0.0,,0,0,0,0,0.0,,0,0,0,0,0.0,,0,0,0,0,0.0,,0,0,0,0,0.0,,0,0,0,0,0.0,,0,0,0,0,0.0,,0,0,0,0,0.0,,0,0,0,0,0.0,,0,0,0,0,0.0,,0,0,0,0,0.0,,0,0,0,0,0.0,,0,0,0,0,0.0
1778951502.6800768,0.0,0,0.0,0,,0,0,0,0,0.0,,0,0,0,0,0.0,,0,0,0,0,0.0,,0,0,0,0,0.0,,0,0,0,0,0.0,,0,0,0,0,0.0,,0,0,0,0,0.0,,0,0,0,0,0.0,,0,0,0,0,0.0,,0,0,0,0,0.0,,0,0,0,0,0.0,,0,0,0,0,0.0,,0,0,0,0,0.0,,0,0,0,0,0.0,,0,0,0,0,0.0,,0,0,0,0,0.0
1778951502.7312672,0.0,0,0.0,0,,0,0,0,0,0.0,,0,0,0,0,0.0,,0,0,0,0,0.0,,0,0,0,0,0.0,,0,0,0,0,0.0,,0,0,0,0,0.0,,0,0,0,0,0.0,,0,0,0,0,0.0,,0,0,0,0,0.0,,0,0,0,0,0.0,,0,0,0,0,0.0,,0,0,0,0,0.0,,0,0,0,0,0.0,,0,0,0,0,0.0,,0,0,0,0,0.0,,0,0,0,0,0.0
1778951502.7865772,0.0,0,0.0,0,,0,0,0,0,0.0,,0,0,0,0,0.0,,0,0,0,0,0.0,,0,0,0,0,0.0,,0,0,0,0,0.0,,0,0,0,0,0.0,,0,0,0,0,0.0,,0,0,0,0,0.0,,0,0,0,0,0.0,,0,0,0,0,0.0,,0,0,0,0,0.0,,0,0,0,0,0.0,,0,0,0,0,0.0,,0,0,0,0,0.0,,0,0,0,0,0.0,,0,0,0,0,0.0
1778951502.8371897,0.0,0,0.0,0,,0,0,0,0,0.0,,0,0,0,0,0.0,,0,0,0,0,0.0,,0,0,0,0,0.0,,0,0,0,0,0.0,,0,0,0,0,0.0,,0,0,0,0,0.0,,0,0,0,0,0.0,,0,0,0,0,0.0,,0,0,0,0,0.0,,0,0,0,0,0.0,,0,0,0,0,0.0,,0,0,0,0,0.0,,0,0,0,0,0.0,,0,0,0,0,0.0,,0,0,0,0,0.0
1778951502.888206,0.0,0,0.0,0,,0,0,0,0,0.0,,0,0,0,0,0.0,,0,0,0,0,0.0,,0,0,0,0,0.0,,0,0,0,0,0.0,,0,0,0,0,0.0,,0,0,0,0,0.0,,0,0,0,0,0.0,,0,0,0,0,0.0,,0,0,0,0,0.0,,0,0,0,0,0.0,,0,0,0,0,0.0,,0,0,0,0,0.0,,0,0,0,0,0.0,,0,0,0,0,0.0,,0,0,0,0,0.0
1778951502.9400148,0.0,0,0.0,0,,0,0,0,0,0.0,,0,0,0,0,0.0,,0,0,0,0,0.0,,0,0,0,0,0.0,,0,0,0,0,0.0,,0,0,0,0,0.0,,0,0,0,0,0.0,,0,0,0,0,0.0,,0,0,0,0,0.0,,0,0,0,0,0.0,,0,0,0,0,0.0,,0,0,0,0,0.0,,0,0,0,0,0.0,,0,0,0,0,0.0,,0,0,0,0,0.0,,0,0,0,0,0.0
1778951502.9965172,0.0,0,0.0,0,,0,0,0,0,0.0,,0,0,0,0,0.0,,0,0,0,0,0.0,,0,0,0,0,0.0,,0,0,0,0,0.0,,0,0,0,0,0.0,,0,0,0,0,0.0,,0,0,0,0,0.0,,0,0,0,0,0.0,,0,0,0,0,0.0,,0,0,0,0,0.0,,0,0,0,0,0.0,,0,0,0,0,0.0,,0,0,0,0,0.0,,0,0,0,0,0.0,,0,0,0,0,0.0
1778951503.0528293,0.0,0,0.0,0,,0,0,0,0,0.0,,0,0,0,0,0.0,,0,0,0,0,0.0,,0,0,0,0,0.0,,0,0,0,0,0.0,,0,0,0,0,0.0,,0,0,0,0,0.0,,0,0,0,0,0.0,,0,0,0,0,0.0,,0,0,0,0,0.0,,0,0,0,0,0.0,,0,0,0,0,0.0,,0,0,0,0,0.0,,0,0,0,0,0.0,,0,0,0,0,0.0,,0,0,0,0,0.0
1778951503.1192415,0.0,0,0.0,0,,0,0,0,0,0.0,,0,0,0,0,0.0,,0,0,0,0,0.0,,0,0,0,0,0.0,,0,0,0,0,0.0,,0,0,0,0,0.0,,0,0,0,0,0.0,,0,0,0,0,0.0,,0,0,0,0,0.0,,0,0,0,0,0.0,,0,0,0,0,0.0,,0,0,0,0,0.0,,0,0,0,0,0.0,,0,0,0,0,0.0,,0,0,0,0,0.0,,0,0,0,0,0.0
1778951503.17023,0.0,0,0.0,0,,0,0,0,0,0.0,,0,0,0,0,0.0,,0,0,0,0,0.0,,0,0,0,0,0.0,,0,0,0,0,0.0,,0,0,0,0,0.0,,0,0,0,0,0.0,,0,0,0,0,0.0,,0,0,0,0,0.0,,0,0,0,0,0.0,,0,0,0,0,0.0,,0,0,0,0,0.0,,0,0,0,0,0.0,,0,0,0,0,0.0,,0,0,0,0,0.0,,0,0,0,0,0.0
1778951503.221491,0.0,0,0.0,0,,0,0,0,0,0.0,,0,0,0,0,0.0,,0,0,0,0,0.0,,0,0,0,0,0.0,,0,0,0,0,0.0,,0,0,0,0,0.0,,0,0,0,0,0.0,,0,0,0,0,0.0,,0,0,0,0,0.0,,0,0,0,0,0.0,,0,0,0,0,0.0,,0,0,0,0,0.0,,0,0,0,0,0.0,,0,0,0,0,0.0,,0,0,0,0,0.0,,0,0,0,0,0.0
1778951503.2721267,0.0,0,0.0,0,,0,0,0,0,0.0,,0,0,0,0,0.0,,0,0,0,0,0.0,,0,0,0,0,0.0,,0,0,0,0,0.0,,0,0,0,0,0.0,,0,0,0,0,0.0,,0,0,0,0,0.0,,0,0,0,0,0.0,,0,0,0,0,0.0,,0,0,0,0,0.0,,0,0,0,0,0.0,,0,0,0,0,0.0,,0,0,0,0,0.0,,0,0,0,0,0.0,,0,0,0,0,0.0
1778951503.3230085,0.0,0,0.0,0,,0,0,0,0,0.0,,0,0,0,0,0.0,,0,0,0,0,0.0,,0,0,0,0,0.0,,0,0,0,0,0.0,,0,0,0,0,0.0,,0,0,0,0,0.0,,0,0,0,0,0.0,,0,0,0,0,0.0,,0,0,0,0,0.0,,0,0,0,0,0.0,,0,0,0,0,0.0,,0,0,0,0,0.0,,0,0,0,0,0.0,,0,0,0,0,0.0,,0,0,0,0,0.0
1778951503.3742557,0.0,0,0.0,0,,0,0,0,0,0.0,,0,0,0,0,0.0,,0,0,0,0,0.0,,0,0,0,0,0.0,,0,0,0,0,0.0,,0,0,0,0,0.0,,0,0,0,0,0.0,,0,0,0,0,0.0,,0,0,0,0,0.0,,0,0,0,0,0.0,,0,0,0,0,0.0,,0,0,0,0,0.0,,0,0,0,0,0.0,,0,0,0,0,0.0,,0,0,0,0,0.0,,0,0,0,0,0.0
1778951503.4264512,0.0,0,0.0,0,,0,0,0,0,0.0,,0,0,0,0,0.0,,0,0,0,0,0.0,,0,0,0,0,0.0,,0,0,0,0,0.0,,0,0,0,0,0.0,,0,0,0,0,0.0,,0,0,0,0,0.0,,0,0,0,0,0.0,,0,0,0,0,0.0,,0,0,0,0,0.0,,0,0,0,0,0.0,,0,0,0,0,0.0,,0,0,0,0,0.0,,0,0,0,0,0.0,,0,0,0,0,0.0
1778951503.480184,0.0,0,0.0,0,,0,0,0,0,0.0,,0,0,0,0,0.0,,0,0,0,0,0.0,,0,0,0,0,0.0,,0,0,0,0,0.0,,0,0,0,0,0.0,,0,0,0,0,0.0,,0,0,0,0,0.0,,0,0,0,0,0.0,,0,0,0,0,0.0,,0,0,0,0,0.0,,0,0,0,0,0.0,,0,0,0,0,0.0,,0,0,0,0,0.0,,0,0,0,0,0.0,,0,0,0,0,0.0
1778951503.531071,0.0,0,0.0,0,,0,0,0,0,0.0,,0,0,0,0,0.0,,0,0,0,0,0.0,,0,0,0,0,0.0,,0,0,0,0,0.0,,0,0,0,0,0.0,,0,0,0,0,0.0,,0,0,0,0,0.0,,0,0,0,0,0.0,,0,0,0,0,0.0,,0,0,0,0,0.0,,0,0,0,0,0.0,,0,0,0,0,0.0,,0,0,0,0,0.0,,0,0,0,0,0.0,,0,0,0,0,0.0
1778951503.5820591,0.0,0,0.0,0,,0,0,0,0,0.0,,0,0,0,0,0.0,,0,0,0,0,0.0,,0,0,0,0,0.0,,0,0,0,0,0.0,,0,0,0,0,0.0,,0,0,0,0,0.0,,0,0,0,0,0.0,,0,0,0,0,0.0,,0,0,0,0,0.0,,0,0,0,0,0.0,,0,0,0,0,0.0,,0,0,0,0,0.0,,0,0,0,0,0.0,,0,0,0,0,0.0,,0,0,0,0,0.0
1778951503.634023,0.0,0,0.0,0,,0,0,0,0,0.0,,0,0,0,0,0.0,,0,0,0,0,0.0,,0,0,0,0,0.0,,0,0,0,0,0.0,,0,0,0,0,0.0,,0,0,0,0,0.0,,0,0,0,0,0.0,,0,0,0,0,0.0,,0,0,0,0,0.0,,0,0,0,0,0.0,,0,0,0,0,0.0,,0,0,0,0,0.0,,0,0,0,0,0.0,,0,0,0,0,0.0,,0,0,0,0,0.0
1778951503.6857102,0.0,0,0.0,0,,0,0,0,0,0.0,,0,0,0,0,0.0,,0,0,0,0,0.0,,0,0,0,0,0.0,,0,0,0,0,0.0,,0,0,0,0,0.0,,0,0,0,0,0.0,,0,0,0,0,0.0,,0,0,0,0,0.0,,0,0,0,0,0.0,,0,0,0,0,0.0,,0,0,0,0,0.0,,0,0,0,0,0.0,,0,0,0,0,0.0,,0,0,0,0,0.0,,0,0,0,0,0.0
1778951503.741208,0.0,0,0.0,0,,0,0,0,0,0.0,,0,0,0,0,0.0,,0,0,0,0,0.0,,0,0,0,0,0.0,,0,0,0,0,0.0,,0,0,0,0,0.0,,0,0,0,0,0.0,,0,0,0,0,0.0,,0,0,0,0,0.0,,0,0,0,0,0.0,,0,0,0,0,0.0,,0,0,0,0,0.0,,0,0,0,0,0.0,,0,0,0,0,0.0,,0,0,0,0,0.0,,0,0,0,0,0.0
1778951503.7917016,0.0,0,0.0,0,,0,0,0,0,0.0,,0,0,0,0,0.0,,0,0,0,0,0.0,,0,0,0,0,0.0,,0,0,0,0,0.0,,0,0,0,0,0.0,,0,0,0,0,0.0,,0,0,0,0,0.0,,0,0,0,0,0.0,,0,0,0,0,0.0,,0,0,0,0,0.0,,0,0,0,0,0.0,,0,0,0,0,0.0,,0,0,0,0,0.0,,0,0,0,0,0.0,,0,0,0,0,0.0
1778951503.8523672,0.0,0,0.0,0,,0,0,0,0,0.0,,0,0,0,0,0.0,,0,0,0,0,0.0,,0,0,0,0,0.0,,0,0,0,0,0.0,,0,0,0,0,0.0,,0,0,0,0,0.0,,0,0,0,0,0.0,,0,0,0,0,0.0,,0,0,0,0,0.0,,0,0,0,0,0.0,,0,0,0,0,0.0,,0,0,0,0,0.0,,0,0,0,0,0.0,,0,0,0,0,0.0,,0,0,0,0,0.0
1778951503.9027212,0.0,0,0.0,0,,0,0,0,0,0.0,,0,0,0,0,0.0,,0,0,0,0,0.0,,0,0,0,0,0.0,,0,0,0,0,0.0,,0,0,0,0,0.0,,0,0,0,0,0.0,,0,0,0,0,0.0,,0,0,0,0,0.0,,0,0,0,0,0.0,,0,0,0,0,0.0,,0,0,0,0,0.0,,0,0,0,0,0.0,,0,0,0,0,0.0,,0,0,0,0,0.0,,0,0,0,0,0.0
1778951503.953408,0.0,0,0.0,0,,0,0,0,0,0.0,,0,0,0,0,0.0,,0,0,0,0,0.0,,0,0,0,0,0.0,,0,0,0,0,0.0,,0,0,0,0,0.0,,0,0,0,0,0.0,,0,0,0,0,0.0,,0,0,0,0,0.0,,0,0,0,0,0.0,,0,0,0,0,0.0,,0,0,0,0,0.0,,0,0,0,0,0.0,,0,0,0,0,0.0,,0,0,0,0,0.0,,0,0,0,0,0.0
1778951504.0054066,0.0,0,0.0,0,,0,0,0,0,0.0,,0,0,0,0,0.0,,0,0,0,0,0.0,,0,0,0,0,0.0,,0,0,0,0,0.0,,0,0,0,0,0.0,,0,0,0,0,0.0,,0,0,0,0,0.0,,0,0,0,0,0.0,,0,0,0,0,0.0,,0,0,0,0,0.0,,0,0,0,0,0.0,,0,0,0,0,0.0,,0,0,0,0,0.0,,0,0,0,0,0.0,,0,0,0,0,0.0
1778951504.0632994,0.0,0,0.0,0,,0,0,0,0,0.0,,0,0,0,0,0.0,,0,0,0,0,0.0,,0,0,0,0,0.0,,0,0,0,0,0.0,,0,0,0,0,0.0,,0,0,0,0,0.0,,0,0,0,0,0.0,,0,0,0,0,0.0,,0,0,0,0,0.0,,0,0,0,0,0.0,,0,0,0,0,0.0,,0,0,0,0,0.0,,0,0,0,0,0.0,,0,0,0,0,0.0,,0,0,0,0,0.0
1778951504.1139646,0.0,0,0.0,0,,0,0,0,0,0.0,,0,0,0,0,0.0,,0,0,0,0,0.0,,0,0,0,0,0.0,,0,0,0,0,0.0,,0,0,0,0,0.0,,0,0,0,0,0.0,,0,0,0,0,0.0,,0,0,0,0,0.0,,0,0,0,0,0.0,,0,0,0,0,0.0,,0,0,0,0,0.0,,0,0,0,0,0.0,,0,0,0,0,0.0,,0,0,0,0,0.0,,0,0,0,0,0.0
1778951504.1663513,0.0,0,0.0,0,,0,0,0,0,0.0,,0,0,0,0,0.0,,0,0,0,0,0.0,,0,0,0,0,0.0,,0,0,0,0,0.0,,0,0,0,0,0.0,,0,0,0,0,0.0,,0,0,0,0,0.0,,0,0,0,0,0.0,,0,0,0,0,0.0,,0,0,0,0,0.0,,0,0,0,0,0.0,,0,0,0,0,0.0,,0,0,0,0,0.0,,0,0,0,0,0.0,,0,0,0,0,0.0
1778951504.216655,0.0,0,0.0,0,,0,0,0,0,0.0,,0,0,0,0,0.0,,0,0,0,0,0.0,,0,0,0,0,0.0,,0,0,0,0,0.0,,0,0,0,0,0.0,,0,0,0,0,0.0,,0,0,0,0,0.0,,0,0,0,0,0.0,,0,0,0,0,0.0,,0,0,0,0,0.0,,0,0,0,0,0.0,,0,0,0,0,0.0,,0,0,0,0,0.0,,0,0,0,0,0.0,,0,0,0,0,0.0
1778951504.2707639,0.0,0,0.0,0,,0,0,0,0,0.0,,0,0,0,0,0.0,,0,0,0,0,0.0,,0,0,0,0,0.0,,0,0,0,0,0.0,,0,0,0,0,0.0,,0,0,0,0,0.0,,0,0,0,0,0.0,,0,0,0,0,0.0,,0,0,0,0,0.0,,0,0,0,0,0.0,,0,0,0,0,0.0,,0,0,0,0,0.0,,0,0,0,0,0.0,,0,0,0,0,0.0,,0,0,0,0,0.0
1778951504.3219562,0.0,0,0.0,0,,0,0,0,0,0.0,,0,0,0,0,0.0,,0,0,0,0,0.0,,0,0,0,0,0.0,,0,0,0,0,0.0,,0,0,0,0,0.0,,0,0,0,0,0.0,,0,0,0,0,0.0,,0,0,0,0,0.0,,0,0,0,0,0.0,,0,0,0,0,0.0,,0,0,0,0,0.0,,0,0,0,0,0.0,,0,0,0,0,0.0,,0,0,0,0,0.0,,0,0,0,0,0.0
1778951504.3746963,0.0,0,0.0,0,,0,0,0,0,0.0,,0,0,0,0,0.0,,0,0,0,0,0.0,,0,0,0,0,0.0,,0,0,0,0,0.0,,0,0,0,0,0.0,,0,0,0,0,0.0,,0,0,0,0,0.0,,0,0,0,0,0.0,,0,0,0,0,0.0,,0,0,0,0,0.0,,0,0,0,0,0.0,,0,0,0,0,0.0,,0,0,0,0,0.0,,0,0,0,0,0.0,,0,0,0,0,0.0
1778951504.42563,0.0,0,0.0,0,,0,0,0,0,0.0,,0,0,0,0,0.0,,0,0,0,0,0.0,,0,0,0,0,0.0,,0,0,0,0,0.0,,0,0,0,0,0.0,,0,0,0,0,0.0,,0,0,0,0,0.0,,0,0,0,0,0.0,,0,0,0,0,0.0,,0,0,0,0,0.0,,0,0,0,0,0.0,,0,0,0,0,0.0,,0,0,0,0,0.0,,0,0,0,0,0.0,,0,0,0,0,0.0
1778951504.4772096,0.0,0,0.0,0,,0,0,0,0,0.0,,0,0,0,0,0.0,,0,0,0,0,0.0,,0,0,0,0,0.0,,0,0,0,0,0.0,,0,0,0,0,0.0,,0,0,0,0,0.0,,0,0,0,0,0.0,,0,0,0,0,0.0,,0,0,0,0,0.0,,0,0,0,0,0.0,,0,0,0,0,0.0,,0,0,0,0,0.0,,0,0,0,0,0.0,,0,0,0,0,0.0,,0,0,0,0,0.0
1778951504.527589,0.0,0,0.0,0,,0,0,0,0,0.0,,0,0,0,0,0.0,,0,0,0,0,0.0,,0,0,0,0,0.0,,0,0,0,0,0.0,,0,0,0,0,0.0,,0,0,0,0,0.0,,0,0,0,0,0.0,,0,0,0,0,0.0,,0,0,0,0,0.0,,0,0,0,0,0.0,,0,0,0,0,0.0,,0,0,0,0,0.0,,0,0,0,0,0.0,,0,0,0,0,0.0,,0,0,0,0,0.0
1778951504.5835779,0.0,0,0.0,0,,0,0,0,0,0.0,,0,0,0,0,0.0,,0,0,0,0,0.0,,0,0,0,0,0.0,,0,0,0,0,0.0,,0,0,0,0,0.0,,0,0,0,0,0.0,,0,0,0,0,0.0,,0,0,0,0,0.0,,0,0,0,0,0.0,,0,0,0,0,0.0,,0,0,0,0,0.0,,0,0,0,0,0.0,,0,0,0,0,0.0,,0,0,0,0,0.0,,0,0,0,0,0.0
1778951504.6346514,0.0,0,0.0,0,,0,0,0,0,0.0,,0,0,0,0,0.0,,0,0,0,0,0.0,,0,0,0,0,0.0,,0,0,0,0,0.0,,0,0,0,0,0.0,,0,0,0,0,0.0,,0,0,0,0,0.0,,0,0,0,0,0.0,,0,0,0,0,0.0,,0,0,0,0,0.0,,0,0,0,0,0.0,,0,0,0,0,0.0,,0,0,0,0,0.0,,0,0,0,0,0.0,,0,0,0,0,0.0
1778951504.6864166,0.0,0,0.0,0,,0,0,0,0,0.0,,0,0,0,0,0.0,,0,0,0,0,0.0,,0,0,0,0,0.0,,0,0,0,0,0.0,,0,0,0,0,0.0,,0,0,0,0,0.0,,0,0,0,0,0.0,,0,0,0,0,0.0,,0,0,0,0,0.0,,0,0,0,0,0.0,,0,0,0,0,0.0,,0,0,0,0,0.0,,0,0,0,0,0.0,,0,0,0,0,0.0,,0,0,0,0,0.0
1778951504.737647,0.0,0,0.0,0,,0,0,0,0,0.0,,0,0,0,0,0.0,,0,0,0,0,0.0,,0,0,0,0,0.0,,0,0,0,0,0.0,,0,0,0,0,0.0,,0,0,0,0,0.0,,0,0,0,0,0.0,,0,0,0,0,0.0,,0,0,0,0,0.0,,0,0,0,0,0.0,,0,0,0,0,0.0,,0,0,0,0,0.0,,0,0,0,0,0.0,,0,0,0,0,0.0,,0,0,0,0,0.0
1778951504.7883828,0.0,0,0.0,0,,0,0,0,0,0.0,,0,0,0,0,0.0,,0,0,0,0,0.0,,0,0,0,0,0.0,,0,0,0,0,0.0,,0,0,0,0,0.0,,0,0,0,0,0.0,,0,0,0,0,0.0,,0,0,0,0,0.0,,0,0,0,0,0.0,,0,0,0,0,0.0,,0,0,0,0,0.0,,0,0,0,0,0.0,,0,0,0,0,0.0,,0,0,0,0,0.0,,0,0,0,0,0.0
1778951504.8390677,0.0,0,0.0,0,,0,0,0,0,0.0,,0,0,0,0,0.0,,0,0,0,0,0.0,,0,0,0,0,0.0,,0,0,0,0,0.0,,0,0,0,0,0.0,,0,0,0,0,0.0,,0,0,0,0,0.0,,0,0,0,0,0.0,,0,0,0,0,0.0,,0,0,0,0,0.0,,0,0,0,0,0.0,,0,0,0,0,0.0,,0,0,0,0,0.0,,0,0,0,0,0.0,,0,0,0,0,0.0
1778951504.890324,0.0,0,0.0,0,,0,0,0,0,0.0,,0,0,0,0,0.0,,0,0,0,0,0.0,,0,0,0,0,0.0,,0,0,0,0,0.0,,0,0,0,0,0.0,,0,0,0,0,0.0,,0,0,0,0,0.0,,0,0,0,0,0.0,,0,0,0,0,0.0,,0,0,0,0,0.0,,0,0,0,0,0.0,,0,0,0,0,0.0,,0,0,0,0,0.0,,0,0,0,0,0.0,,0,0,0,0,0.0
1778951504.9406452,0.0,0,0.0,0,,0,0,0,0,0.0,,0,0,0,0,0.0,,0,0,0,0,0.0,,0,0,0,0,0.0,,0,0,0,0,0.0,,0,0,0,0,0.0,,0,0,0,0,0.0,,0,0,0,0,0.0,,0,0,0,0,0.0,,0,0,0,0,0.0,,0,0,0,0,0.0,,0,0,0,0,0.0,,0,0,0,0,0.0,,0,0,0,0,0.0,,0,0,0,0,0.0,,0,0,0,0,0.0
1778951504.9940436,0.0,0,0.0,0,,0,0,0,0,0.0,,0,0,0,0,0.0,,0,0,0,0,0.0,,0,0,0,0,0.0,,0,0,0,0,0.0,,0,0,0,0,0.0,,0,0,0,0,0.0,,0,0,0,0,0.0,,0,0,0,0,0.0,,0,0,0,0,0.0,,0,0,0,0,0.0,,0,0,0,0,0.0,,0,0,0,0,0.0,,0,0,0,0,0.0,,0,0,0,0,0.0,,0,0,0,0,0.0
1778951505.0443969,0.0,0,0.0,0,,0,0,0,0,0.0,,0,0,0,0,0.0,,0,0,0,0,0.0,,0,0,0,0,0.0,,0,0,0,0,0.0,,0,0,0,0,0.0,,0,0,0,0,0.0,,0,0,0,0,0.0,,0,0,0,0,0.0,,0,0,0,0,0.0,,0,0,0,0,0.0,,0,0,0,0,0.0,,0,0,0,0,0.0,,0,0,0,0,0.0,,0,0,0,0,0.0,,0,0,0,0,0.0
1778951505.0980213,0.0,0,0.0,0,,0,0,0,0,0.0,,0,0,0,0,0.0,,0,0,0,0,0.0,,0,0,0,0,0.0,,0,0,0,0,0.0,,0,0,0,0,0.0,,0,0,0,0,0.0,,0,0,0,0,0.0,,0,0,0,0,0.0,,0,0,0,0,0.0,,0,0,0,0,0.0,,0,0,0,0,0.0,,0,0,0,0,0.0,,0,0,0,0,0.0,,0,0,0,0,0.0,,0,0,0,0,0.0
1778951505.1489375,0.0,0,0.0,0,,0,0,0,0,0.0,,0,0,0,0,0.0,,0,0,0,0,0.0,,0,0,0,0,0.0,,0,0,0,0,0.0,,0,0,0,0,0.0,,0,0,0,0,0.0,,0,0,0,0,0.0,,0,0,0,0,0.0,,0,0,0,0,0.0,,0,0,0,0,0.0,,0,0,0,0,0.0,,0,0,0,0,0.0,,0,0,0,0,0.0,,0,0,0,0,0.0,,0,0,0,0,0.0
1778951505.1999168,0.0,0,0.0,0,,0,0,0,0,0.0,,0,0,0,0,0.0,,0,0,0,0,0.0,,0,0,0,0,0.0,,0,0,0,0,0.0,,0,0,0,0,0.0,,0,0,0,0,0.0,,0,0,0,0,0.0,,0,0,0,0,0.0,,0,0,0,0,0.0,,0,0,0,0,0.0,,0,0,0,0,0.0,,0,0,0,0,0.0,,0,0,0,0,0.0,,0,0,0,0,0.0,,0,0,0,0,0.0
1778951505.2500684,0.0,0,0.0,0,,0,0,0,0,0.0,,0,0,0,0,0.0,,0,0,0,0,0.0,,0,0,0,0,0.0,,0,0,0,0,0.0,,0,0,0,0,0.0,,0,0,0,0,0.0,,0,0,0,0,0.0,,0,0,0,0,0.0,,0,0,0,0,0.0,,0,0,0,0,0.0,,0,0,0,0,0.0,,0,0,0,0,0.0,,0,0,0,0,0.0,,0,0,0,0,0.0,,0,0,0,0,0.0
1778951505.3071764,0.0,0,0.0,0,,0,0,0,0,0.0,,0,0,0,0,0.0,,0,0,0,0,0.0,,0,0,0,0,0.0,,0,0,0,0,0.0,,0,0,0,0,0.0,,0,0,0,0,0.0,,0,0,0,0,0.0,,0,0,0,0,0.0,,0,0,0,0,0.0,,0,0,0,0,0.0,,0,0,0,0,0.0,,0,0,0,0,0.0,,0,0,0,0,0.0,,0,0,0,0,0.0,,0,0,0,0,0.0
1778951505.3583746,0.0,0,0.0,0,,0,0,0,0,0.0,,0,0,0,0,0.0,,0,0,0,0,0.0,,0,0,0,0,0.0,,0,0,0,0,0.0,,0,0,0,0,0.0,,0,0,0,0,0.0,,0,0,0,0,0.0,,0,0,0,0,0.0,,0,0,0,0,0.0,,0,0,0,0,0.0,,0,0,0,0,0.0,,0,0,0,0,0.0,,0,0,0,0,0.0,,0,0,0,0,0.0,,0,0,0,0,0.0
1778951505.4122956,0.0,0,0.0,0,,0,0,0,0,0.0,,0,0,0,0,0.0,,0,0,0,0,0.0,,0,0,0,0,0.0,,0,0,0,0,0.0,,0,0,0,0,0.0,,0,0,0,0,0.0,,0,0,0,0,0.0,,0,0,0,0,0.0,,0,0,0,0,0.0,,0,0,0,0,0.0,,0,0,0,0,0.0,,0,0,0,0,0.0,,0,0,0,0,0.0,,0,0,0,0,0.0,,0,0,0,0,0.0
1778951505.462722,0.0,0,0.0,0,,0,0,0,0,0.0,,0,0,0,0,0.0,,0,0,0,0,0.0,,0,0,0,0,0.0,,0,0,0,0,0.0,,0,0,0,0,0.0,,0,0,0,0,0.0,,0,0,0,0,0.0,,0,0,0,0,0.0,,0,0,0,0,0.0,,0,0,0,0,0.0,,0,0,0,0,0.0,,0,0,0,0,0.0,,0,0,0,0,0.0,,0,0,0,0,0.0,,0,0,0,0,0.0
1778951505.5137513,0.0,0,0.0,0,,0,0,0,0,0.0,,0,0,0,0,0.0,,0,0,0,0,0.0,,0,0,0,0,0.0,,0,0,0,0,0.0,,0,0,0,0,0.0,,0,0,0,0,0.0,,0,0,0,0,0.0,,0,0,0,0,0.0,,0,0,0,0,0.0,,0,0,0,0,0.0,,0,0,0,0,0.0,,0,0,0,0,0.0,,0,0,0,0,0.0,,0,0,0,0,0.0,,0,0,0,0,0.0
1778951505.5648227,0.0,0,0.0,0,,0,0,0,0,0.0,,0,0,0,0,0.0,,0,0,0,0,0.0,,0,0,0,0,0.0,,0,0,0,0,0.0,,0,0,0,0,0.0,,0,0,0,0,0.0,,0,0,0,0,0.0,,0,0,0,0,0.0,,0,0,0,0,0.0,,0,0,0,0,0.0,,0,0,0,0,0.0,,0,0,0,0,0.0,,0,0,0,0,0.0,,0,0,0,0,0.0,,0,0,0,0,0.0
1778951505.616132,0.0,0,0.0,0,,0,0,0,0,0.0,,0,0,0,0,0.0,,0,0,0,0,0.0,,0,0,0,0,0.0,,0,0,0,0,0.0,,0,0,0,0,0.0,,0,0,0,0,0.0,,0,0,0,0,0.0,,0,0,0,0,0.0,,0,0,0,0,0.0,,0,0,0,0,0.0,,0,0,0,0,0.0,,0,0,0,0,0.0,,0,0,0,0,0.0,,0,0,0,0,0.0,,0,0,0,0,0.0
1778951505.6668391,0.0,0,0.0,0,,0,0,0,0,0.0,,0,0,0,0,0.0,,0,0,0,0,0.0,,0,0,0,0,0.0,,0,0,0,0,0.0,,0,0,0,0,0.0,,0,0,0,0,0.0,,0,0,0,0,0.0,,0,0,0,0,0.0,,0,0,0,0,0.0,,0,0,0,0,0.0,,0,0,0,0,0.0,,0,0,0,0,0.0,,0,0,0,0,0.0,,0,0,0,0,0.0,,0,0,0,0,0.0
1778951505.7178507,0.0,0,0.0,0,,0,0,0,0,0.0,,0,0,0,0,0.0,,0,0,0,0,0.0,,0,0,0,0,0.0,,0,0,0,0,0.0,,0,0,0,0,0.0,,0,0,0,0,0.0,,0,0,0,0,0.0,,0,0,0,0,0.0,,0,0,0,0,0.0,,0,0,0,0,0.0,,0,0,0,0,0.0,,0,0,0,0,0.0,,0,0,0,0,0.0,,0,0,0,0,0.0,,0,0,0,0,0.0
1778951505.7687726,0.0,0,0.0,0,,0,0,0,0,0.0,,0,0,0,0,0.0,,0,0,0,0,0.0,,0,0,0,0,0.0,,0,0,0,0,0.0,,0,0,0,0,0.0,,0,0,0,0,0.0,,0,0,0,0,0.0,,0,0,0,0,0.0,,0,0,0,0,0.0,,0,0,0,0,0.0,,0,0,0,0,0.0,,0,0,0,0,0.0,,0,0,0,0,0.0,,0,0,0,0,0.0,,0,0,0,0,0.0
1778951505.8200376,0.0,0,0.0,0,,0,0,0,0,0.0,,0,0,0,0,0.0,,0,0,0,0,0.0,,0,0,0,0,0.0,,0,0,0,0,0.0,,0,0,0,0,0.0,,0,0,0,0,0.0,,0,0,0,0,0.0,,0,0,0,0,0.0,,0,0,0,0,0.0,,0,0,0,0,0.0,,0,0,0,0,0.0,,0,0,0,0,0.0,,0,0,0,0,0.0,,0,0,0,0,0.0,,0,0,0,0,0.0
1778951505.8703878,0.0,0,0.0,0,,0,0,0,0,0.0,,0,0,0,0,0.0,,0,0,0,0,0.0,,0,0,0,0,0.0,,0,0,0,0,0.0,,0,0,0,0,0.0,,0,0,0,0,0.0,,0,0,0,0,0.0,,0,0,0,0,0.0,,0,0,0,0,0.0,,0,0,0,0,0.0,,0,0,0,0,0.0,,0,0,0,0,0.0,,0,0,0,0,0.0,,0,0,0,0,0.0,,0,0,0,0,0.0
1778951505.9217863,0.0,0,0.0,0,,0,0,0,0,0.0,,0,0,0,0,0.0,,0,0,0,0,0.0,,0,0,0,0,0.0,,0,0,0,0,0.0,,0,0,0,0,0.0,,0,0,0,0,0.0,,0,0,0,0,0.0,,0,0,0,0,0.0,,0,0,0,0,0.0,,0,0,0,0,0.0,,0,0,0,0,0.0,,0,0,0,0,0.0,,0,0,0,0,0.0,,0,0,0,0,0.0,,0,0,0,0,0.0
1778951505.9719622,0.0,0,0.0,0,,0,0,0,0,0.0,,0,0,0,0,0.0,,0,0,0,0,0.0,,0,0,0,0,0.0,,0,0,0,0,0.0,,0,0,0,0,0.0,,0,0,0,0,0.0,,0,0,0,0,0.0,,0,0,0,0,0.0,,0,0,0,0,0.0,,0,0,0,0,0.0,,0,0,0,0,0.0,,0,0,0,0,0.0,,0,0,0,0,0.0,,0,0,0,0,0.0,,0,0,0,0,0.0
1778951506.0231283,0.0,0,0.0,0,,0,0,0,0,0.0,,0,0,0,0,0.0,,0,0,0,0,0.0,,0,0,0,0,0.0,,0,0,0,0,0.0,,0,0,0,0,0.0,,0,0,0,0,0.0,,0,0,0,0,0.0,,0,0,0,0,0.0,,0,0,0,0,0.0,,0,0,0,0,0.0,,0,0,0,0,0.0,,0,0,0,0,0.0,,0,0,0,0,0.0,,0,0,0,0,0.0,,0,0,0,0,0.0
1778951506.073571,0.0,0,0.0,0,,0,0,0,0,0.0,,0,0,0,0,0.0,,0,0,0,0,0.0,,0,0,0,0,0.0,,0,0,0,0,0.0,,0,0,0,0,0.0,,0,0,0,0,0.0,,0,0,0,0,0.0,,0,0,0,0,0.0,,0,0,0,0,0.0,,0,0,0,0,0.0,,0,0,0,0,0.0,,0,0,0,0,0.0,,0,0,0,0,0.0,,0,0,0,0,0.0,,0,0,0,0,0.0
1778951506.1246986,0.0,0,0.0,0,,0,0,0,0,0.0,,0,0,0,0,0.0,,0,0,0,0,0.0,,0,0,0,0,0.0,,0,0,0,0,0.0,,0,0,0,0,0.0,,0,0,0,0,0.0,,0,0,0,0,0.0,,0,0,0,0,0.0,,0,0,0,0,0.0,,0,0,0,0,0.0,,0,0,0,0,0.0,,0,0,0,0,0.0,,0,0,0,0,0.0,,0,0,0,0,0.0,,0,0,0,0,0.0
1778951506.1751442,0.0,0,0.0,0,,0,0,0,0,0.0,,0,0,0,0,0.0,,0,0,0,0,0.0,,0,0,0,0,0.0,,0,0,0,0,0.0,,0,0,0,0,0.0,,0,0,0,0,0.0,,0,0,0,0,0.0,,0,0,0,0,0.0,,0,0,0,0,0.0,,0,0,0,0,0.0,,0,0,0,0,0.0,,0,0,0,0,0.0,,0,0,0,0,0.0,,0,0,0,0,0.0,,0,0,0,0,0.0
1778951506.2301126,0.0,0,0.0,0,,0,0,0,0,0.0,,0,0,0,0,0.0,,0,0,0,0,0.0,,0,0,0,0,0.0,,0,0,0,0,0.0,,0,0,0,0,0.0,,0,0,0,0,0.0,,0,0,0,0,0.0,,0,0,0,0,0.0,,0,0,0,0,0.0,,0,0,0,0,0.0,,0,0,0,0,0.0,,0,0,0,0,0.0,,0,0,0,0,0.0,,0,0,0,0,0.0,,0,0,0,0,0.0
1778951506.2807975,0.0,0,0.0,0,,0,0,0,0,0.0,,0,0,0,0,0.0,,0,0,0,0,0.0,,0,0,0,0,0.0,,0,0,0,0,0.0,,0,0,0,0,0.0,,0,0,0,0,0.0,,0,0,0,0,0.0,,0,0,0,0,0.0,,0,0,0,0,0.0,,0,0,0,0,0.0,,0,0,0,0,0.0,,0,0,0,0,0.0,,0,0,0,0,0.0,,0,0,0,0,0.0,,0,0,0,0,0.0
1778951506.3363862,0.0,0,0.0,0,,0,0,0,0,0.0,,0,0,0,0,0.0,,0,0,0,0,0.0,,0,0,0,0,0.0,,0,0,0,0,0.0,,0,0,0,0,0.0,,0,0,0,0,0.0,,0,0,0,0,0.0,,0,0,0,0,0.0,,0,0,0,0,0.0,,0,0,0,0,0.0,,0,0,0,0,0.0,,0,0,0,0,0.0,,0,0,0,0,0.0,,0,0,0,0,0.0,,0,0,0,0,0.0
1778951506.3870702,0.0,0,0.0,0,,0,0,0,0,0.0,,0,0,0,0,0.0,,0,0,0,0,0.0,,0,0,0,0,0.0,,0,0,0,0,0.0,,0,0,0,0,0.0,,0,0,0,0,0.0,,0,0,0,0,0.0,,0,0,0,0,0.0,,0,0,0,0,0.0,,0,0,0,0,0.0,,0,0,0,0,0.0,,0,0,0,0,0.0,,0,0,0,0,0.0,,0,0,0,0,0.0,,0,0,0,0,0.0
1778951506.4403024,0.0,0,0.0,0,,0,0,0,0,0.0,,0,0,0,0,0.0,,0,0,0,0,0.0,,0,0,0,0,0.0,,0,0,0,0,0.0,,0,0,0,0,0.0,,0,0,0,0,0.0,,0,0,0,0,0.0,,0,0,0,0,0.0,,0,0,0,0,0.0,,0,0,0,0,0.0,,0,0,0,0,0.0,,0,0,0,0,0.0,,0,0,0,0,0.0,,0,0,0,0,0.0,,0,0,0,0,0.0
1778951506.4907978,0.0,0,0.0,0,,0,0,0,0,0.0,,0,0,0,0,0.0,,0,0,0,0,0.0,,0,0,0,0,0.0,,0,0,0,0,0.0,,0,0,0,0,0.0,,0,0,0,0,0.0,,0,0,0,0,0.0,,0,0,0,0,0.0,,0,0,0,0,0.0,,0,0,0,0,0.0,,0,0,0,0,0.0,,0,0,0,0,0.0,,0,0,0,0,0.0,,0,0,0,0,0.0,,0,0,0,0,0.0
1778951506.5420856,0.0,0,0.0,0,,0,0,0,0,0.0,,0,0,0,0,0.0,,0,0,0,0,0.0,,0,0,0,0,0.0,,0,0,0,0,0.0,,0,0,0,0,0.0,,0,0,0,0,0.0,,0,0,0,0,0.0,,0,0,0,0,0.0,,0,0,0,0,0.0,,0,0,0,0,0.0,,0,0,0,0,0.0,,0,0,0,0,0.0,,0,0,0,0,0.0,,0,0,0,0,0.0,,0,0,0,0,0.0
1778951506.5927129,0.0,0,0.0,0,,0,0,0,0,0.0,,0,0,0,0,0.0,,0,0,0,0,0.0,,0,0,0,0,0.0,,0,0,0,0,0.0,,0,0,0,0,0.0,,0,0,0,0,0.0,,0,0,0,0,0.0,,0,0,0,0,0.0,,0,0,0,0,0.0,,0,0,0,0,0.0,,0,0,0,0,0.0,,0,0,0,0,0.0,,0,0,0,0,0.0,,0,0,0,0,0.0,,0,0,0,0,0.0
1778951506.6467438,0.0,0,0.0,0,,0,0,0,0,0.0,,0,0,0,0,0.0,,0,0,0,0,0.0,,0,0,0,0,0.0,,0,0,0,0,0.0,,0,0,0,0,0.0,,0,0,0,0,0.0,,0,0,0,0,0.0,,0,0,0,0,0.0,,0,0,0,0,0.0,,0,0,0,0,0.0,,0,0,0,0,0.0,,0,0,0,0,0.0,,0,0,0,0,0.0,,0,0,0,0,0.0,,0,0,0,0,0.0
1778951506.6977062,0.0,0,0.0,0,,0,0,0,0,0.0,,0,0,0,0,0.0,,0,0,0,0,0.0,,0,0,0,0,0.0,,0,0,0,0,0.0,,0,0,0,0,0.0,,0,0,0,0,0.0,,0,0,0,0,0.0,,0,0,0,0,0.0,,0,0,0,0,0.0,,0,0,0,0,0.0,,0,0,0,0,0.0,,0,0,0,0,0.0,,0,0,0,0,0.0,,0,0,0,0,0.0,,0,0,0,0,0.0
1778951506.7492912,0.0,0,0.0,0,,0,0,0,0,0.0,,0,0,0,0,0.0,,0,0,0,0,0.0,,0,0,0,0,0.0,,0,0,0,0,0.0,,0,0,0,0,0.0,,0,0,0,0,0.0,,0,0,0,0,0.0,,0,0,0,0,0.0,,0,0,0,0,0.0,,0,0,0,0,0.0,,0,0,0,0,0.0,,0,0,0,0,0.0,,0,0,0,0,0.0,,0,0,0,0,0.0,,0,0,0,0,0.0
1778951506.800329,0.0,0,0.0,0,,0,0,0,0,0.0,,0,0,0,0,0.0,,0,0,0,0,0.0,,0,0,0,0,0.0,,0,0,0,0,0.0,,0,0,0,0,0.0,,0,0,0,0,0.0,,0,0,0,0,0.0,,0,0,0,0,0.0,,0,0,0,0,0.0,,0,0,0,0,0.0,,0,0,0,0,0.0,,0,0,0,0,0.0,,0,0,0,0,0.0,,0,0,0,0,0.0,,0,0,0,0,0.0
1778951506.8513293,0.0,0,0.0,0,,0,0,0,0,0.0,,0,0,0,0,0.0,,0,0,0,0,0.0,,0,0,0,0,0.0,,0,0,0,0,0.0,,0,0,0,0,0.0,,0,0,0,0,0.0,,0,0,0,0,0.0,,0,0,0,0,0.0,,0,0,0,0,0.0,,0,0,0,0,0.0,,0,0,0,0,0.0,,0,0,0,0,0.0,,0,0,0,0,0.0,,0,0,0,0,0.0,,0,0,0,0,0.0
1778951506.9022942,0.0,0,0.0,0,,0,0,0,0,0.0,,0,0,0,0,0.0,,0,0,0,0,0.0,,0,0,0,0,0.0,,0,0,0,0,0.0,,0,0,0,0,0.0,,0,0,0,0,0.0,,0,0,0,0,0.0,,0,0,0,0,0.0,,0,0,0,0,0.0,,0,0,0,0,0.0,,0,0,0,0,0.0,,0,0,0,0,0.0,,0,0,0,0,0.0,,0,0,0,0,0.0,,0,0,0,0,0.0
1778951506.9536326,0.0,0,0.0,0,,0,0,0,0,0.0,,0,0,0,0,0.0,,0,0,0,0,0.0,,0,0,0,0,0.0,,0,0,0,0,0.0,,0,0,0,0,0.0,,0,0,0,0,0.0,,0,0,0,0,0.0,,0,0,0,0,0.0,,0,0,0,0,0.0,,0,0,0,0,0.0,,0,0,0,0,0.0,,0,0,0,0,0.0,,0,0,0,0,0.0,,0,0,0,0,0.0,,0,0,0,0,0.0
1778951507.0045903,0.0,0,0.0,0,,0,0,0,0,0.0,,0,0,0,0,0.0,,0,0,0,0,0.0,,0,0,0,0,0.0,,0,0,0,0,0.0,,0,0,0,0,0.0,,0,0,0,0,0.0,,0,0,0,0,0.0,,0,0,0,0,0.0,,0,0,0,0,0.0,,0,0,0,0,0.0,,0,0,0,0,0.0,,0,0,0,0,0.0,,0,0,0,0,0.0,,0,0,0,0,0.0,,0,0,0,0,0.0
1778951507.0553792,0.0,0,0.0,0,,0,0,0,0,0.0,,0,0,0,0,0.0,,0,0,0,0,0.0,,0,0,0,0,0.0,,0,0,0,0,0.0,,0,0,0,0,0.0,,0,0,0,0,0.0,,0,0,0,0,0.0,,0,0,0,0,0.0,,0,0,0,0,0.0,,0,0,0,0,0.0,,0,0,0,0,0.0,,0,0,0,0,0.0,,0,0,0,0,0.0,,0,0,0,0,0.0,,0,0,0,0,0.0
1778951507.1059153,0.0,0,0.0,0,,0,0,0,0,0.0,,0,0,0,0,0.0,,0,0,0,0,0.0,,0,0,0,0,0.0,,0,0,0,0,0.0,,0,0,0,0,0.0,,0,0,0,0,0.0,,0,0,0,0,0.0,,0,0,0,0,0.0,,0,0,0,0,0.0,,0,0,0,0,0.0,,0,0,0,0,0.0,,0,0,0,0,0.0,,0,0,0,0,0.0,,0,0,0,0,0.0,,0,0,0,0,0.0
1778951507.158422,0.0,0,0.0,0,,0,0,0,0,0.0,,0,0,0,0,0.0,,0,0,0,0,0.0,,0,0,0,0,0.0,,0,0,0,0,0.0,,0,0,0,0,0.0,,0,0,0,0,0.0,,0,0,0,0,0.0,,0,0,0,0,0.0,,0,0,0,0,0.0,,0,0,0,0,0.0,,0,0,0,0,0.0,,0,0,0,0,0.0,,0,0,0,0,0.0,,0,0,0,0,0.0,,0,0,0,0,0.0
1778951507.2089794,0.0,0,0.0,0,,0,0,0,0,0.0,,0,0,0,0,0.0,,0,0,0,0,0.0,,0,0,0,0,0.0,,0,0,0,0,0.0,,0,0,0,0,0.0,,0,0,0,0,0.0,,0,0,0,0,0.0,,0,0,0,0,0.0,,0,0,0,0,0.0,,0,0,0,0,0.0,,0,0,0,0,0.0,,0,0,0,0,0.0,,0,0,0,0,0.0,,0,0,0,0,0.0,,0,0,0,0,0.0
1778951507.262171,0.0,0,0.0,0,,0,0,0,0,0.0,,0,0,0,0,0.0,,0,0,0,0,0.0,,0,0,0,0,0.0,,0,0,0,0,0.0,,0,0,0,0,0.0,,0,0,0,0,0.0,,0,0,0,0,0.0,,0,0,0,0,0.0,,0,0,0,0,0.0,,0,0,0,0,0.0,,0,0,0,0,0.0,,0,0,0,0,0.0,,0,0,0,0,0.0,,0,0,0,0,0.0,,0,0,0,0,0.0
1778951507.3139343,0.0,0,0.0,0,,0,0,0,0,0.0,,0,0,0,0,0.0,,0,0,0,0,0.0,,0,0,0,0,0.0,,0,0,0,0,0.0,,0,0,0,0,0.0,,0,0,0,0,0.0,,0,0,0,0,0.0,,0,0,0,0,0.0,,0,0,0,0,0.0,,0,0,0,0,0.0,,0,0,0,0,0.0,,0,0,0,0,0.0,,0,0,0,0,0.0,,0,0,0,0,0.0,,0,0,0,0,0.0
1778951507.364891,0.0,0,0.0,0,,0,0,0,0,0.0,,0,0,0,0,0.0,,0,0,0,0,0.0,,0,0,0,0,0.0,,0,0,0,0,0.0,,0,0,0,0,0.0,,0,0,0,0,0.0,,0,0,0,0,0.0,,0,0,0,0,0.0,,0,0,0,0,0.0,,0,0,0,0,0.0,,0,0,0,0,0.0,,0,0,0,0,0.0,,0,0,0,0,0.0,,0,0,0,0,0.0,,0,0,0,0,0.0
1778951507.4158635,0.0,0,0.0,0,,0,0,0,0,0.0,,0,0,0,0,0.0,,0,0,0,0,0.0,,0,0,0,0,0.0,,0,0,0,0,0.0,,0,0,0,0,0.0,,0,0,0,0,0.0,,0,0,0,0,0.0,,0,0,0,0,0.0,,0,0,0,0,0.0,,0,0,0,0,0.0,,0,0,0,0,0.0,,0,0,0,0,0.0,,0,0,0,0,0.0,,0,0,0,0,0.0,,0,0,0,0,0.0
1778951507.4732838,0.0,0,0.0,0,,0,0,0,0,0.0,,0,0,0,0,0.0,,0,0,0,0,0.0,,0,0,0,0,0.0,,0,0,0,0,0.0,,0,0,0,0,0.0,,0,0,0,0,0.0,,0,0,0,0,0.0,,0,0,0,0,0.0,,0,0,0,0,0.0,,0,0,0,0,0.0,,0,0,0,0,0.0,,0,0,0,0,0.0,,0,0,0,0,0.0,,0,0,0,0,0.0,,0,0,0,0,0.0
1778951507.5235157,0.0,0,0.0,0,,0,0,0,0,0.0,,0,0,0,0,0.0,,0,0,0,0,0.0,,0,0,0,0,0.0,,0,0,0,0,0.0,,0,0,0,0,0.0,,0,0,0,0,0.0,,0,0,0,0,0.0,,0,0,0,0,0.0,,0,0,0,0,0.0,,0,0,0,0,0.0,,0,0,0,0,0.0,,0,0,0,0,0.0,,0,0,0,0,0.0,,0,0,0,0,0.0,,0,0,0,0,0.0
1778951507.5784335,0.0,0,0.0,0,,0,0,0,0,0.0,,0,0,0,0,0.0,,0,0,0,0,0.0,,0,0,0,0,0.0,,0,0,0,0,0.0,,0,0,0,0,0.0,,0,0,0,0,0.0,,0,0,0,0,0.0,,0,0,0,0,0.0,,0,0,0,0,0.0,,0,0,0,0,0.0,,0,0,0,0,0.0,,0,0,0,0,0.0,,0,0,0,0,0.0,,0,0,0,0,0.0,,0,0,0,0,0.0
1778951507.6295786,0.0,0,0.0,0,,0,0,0,0,0.0,,0,0,0,0,0.0,,0,0,0,0,0.0,,0,0,0,0,0.0,,0,0,0,0,0.0,,0,0,0,0,0.0,,0,0,0,0,0.0,,0,0,0,0,0.0,,0,0,0,0,0.0,,0,0,0,0,0.0,,0,0,0,0,0.0,,0,0,0,0,0.0,,0,0,0,0,0.0,,0,0,0,0,0.0,,0,0,0,0,0.0,,0,0,0,0,0.0
1778951507.6813076,0.0,0,0.0,0,,0,0,0,0,0.0,,0,0,0,0,0.0,,0,0,0,0,0.0,,0,0,0,0,0.0,,0,0,0,0,0.0,,0,0,0,0,0.0,,0,0,0,0,0.0,,0,0,0,0,0.0,,0,0,0,0,0.0,,0,0,0,0,0.0,,0,0,0,0,0.0,,0,0,0,0,0.0,,0,0,0,0,0.0,,0,0,0,0,0.0,,0,0,0,0,0.0,,0,0,0,0,0.0
1778951507.7352095,0.0,0,0.0,0,,0,0,0,0,0.0,,0,0,0,0,0.0,,0,0,0,0,0.0,,0,0,0,0,0.0,,0,0,0,0,0.0,,0,0,0,0,0.0,,0,0,0,0,0.0,,0,0,0,0,0.0,,0,0,0,0,0.0,,0,0,0,0,0.0,,0,0,0,0,0.0,,0,0,0,0,0.0,,0,0,0,0,0.0,,0,0,0,0,0.0,,0,0,0,0,0.0,,0,0,0,0,0.0
1778951507.7876587,0.0,0,0.0,0,,0,0,0,0,0.0,,0,0,0,0,0.0,,0,0,0,0,0.0,,0,0,0,0,0.0,,0,0,0,0,0.0,,0,0,0,0,0.0,,0,0,0,0,0.0,,0,0,0,0,0.0,,0,0,0,0,0.0,,0,0,0,0,0.0,,0,0,0,0,0.0,,0,0,0,0,0.0,,0,0,0,0,0.0,,0,0,0,0,0.0,,0,0,0,0,0.0,,0,0,0,0,0.0
1778951507.838357,0.0,0,0.0,0,,0,0,0,0,0.0,,0,0,0,0,0.0,,0,0,0,0,0.0,,0,0,0,0,0.0,,0,0,0,0,0.0,,0,0,0,0,0.0,,0,0,0,0,0.0,,0,0,0,0,0.0,,0,0,0,0,0.0,,0,0,0,0,0.0,,0,0,0,0,0.0,,0,0,0,0,0.0,,0,0,0,0,0.0,,0,0,0,0,0.0,,0,0,0,0,0.0,,0,0,0,0,0.0
1778951507.891114,0.0,0,0.0,0,,0,0,0,0,0.0,,0,0,0,0,0.0,,0,0,0,0,0.0,,0,0,0,0,0.0,,0,0,0,0,0.0,,0,0,0,0,0.0,,0,0,0,0,0.0,,0,0,0,0,0.0,,0,0,0,0,0.0,,0,0,0,0,0.0,,0,0,0,0,0.0,,0,0,0,0,0.0,,0,0,0,0,0.0,,0,0,0,0,0.0,,0,0,0,0,0.0,,0,0,0,0,0.0
1778951507.9414012,0.0,0,0.0,0,,0,0,0,0,0.0,,0,0,0,0,0.0,,0,0,0,0,0.0,,0,0,0,0,0.0,,0,0,0,0,0.0,,0,0,0,0,0.0,,0,0,0,0,0.0,,0,0,0,0,0.0,,0,0,0,0,0.0,,0,0,0,0,0.0,,0,0,0,0,0.0,,0,0,0,0,0.0,,0,0,0,0,0.0,,0,0,0,0,0.0,,0,0,0,0,0.0,,0,0,0,0,0.0
1778951507.9927292,0.0,0,0.0,0,,0,0,0,0,0.0,,0,0,0,0,0.0,,0,0,0,0,0.0,,0,0,0,0,0.0,,0,0,0,0,0.0,,0,0,0,0,0.0,,0,0,0,0,0.0,,0,0,0,0,0.0,,0,0,0,0,0.0,,0,0,0,0,0.0,,0,0,0,0,0.0,,0,0,0,0,0.0,,0,0,0,0,0.0,,0,0,0,0,0.0,,0,0,0,0,0.0,,0,0,0,0,0.0
1778951508.0433593,0.0,0,0.0,0,,0,0,0,0,0.0,,0,0,0,0,0.0,,0,0,0,0,0.0,,0,0,0,0,0.0,,0,0,0,0,0.0,,0,0,0,0,0.0,,0,0,0,0,0.0,,0,0,0,0,0.0,,0,0,0,0,0.0,,0,0,0,0,0.0,,0,0,0,0,0.0,,0,0,0,0,0.0,,0,0,0,0,0.0,,0,0,0,0,0.0,,0,0,0,0,0.0,,0,0,0,0,0.0
1778951508.0944996,0.0,0,0.0,0,,0,0,0,0,0.0,,0,0,0,0,0.0,,0,0,0,0,0.0,,0,0,0,0,0.0,,0,0,0,0,0.0,,0,0,0,0,0.0,,0,0,0,0,0.0,,0,0,0,0,0.0,,0,0,0,0,0.0,,0,0,0,0,0.0,,0,0,0,0,0.0,,0,0,0,0,0.0,,0,0,0,0,0.0,,0,0,0,0,0.0,,0,0,0,0,0.0,,0,0,0,0,0.0
1778951508.145076,0.0,0,0.0,0,,0,0,0,0,0.0,,0,0,0,0,0.0,,0,0,0,0,0.0,,0,0,0,0,0.0,,0,0,0,0,0.0,,0,0,0,0,0.0,,0,0,0,0,0.0,,0,0,0,0,0.0,,0,0,0,0,0.0,,0,0,0,0,0.0,,0,0,0,0,0.0,,0,0,0,0,0.0,,0,0,0,0,0.0,,0,0,0,0,0.0,,0,0,0,0,0.0,,0,0,0,0,0.0
1778951508.1981266,0.0,0,0.0,0,,0,0,0,0,0.0,,0,0,0,0,0.0,,0,0,0,0,0.0,,0,0,0,0,0.0,,0,0,0,0,0.0,,0,0,0,0,0.0,,0,0,0,0,0.0,,0,0,0,0,0.0,,0,0,0,0,0.0,,0,0,0,0,0.0,,0,0,0,0,0.0,,0,0,0,0,0.0,,0,0,0,0,0.0,,0,0,0,0,0.0,,0,0,0,0,0.0,,0,0,0,0,0.0
1778951508.2486887,0.0,0,0.0,0,,0,0,0,0,0.0,,0,0,0,0,0.0,,0,0,0,0,0.0,,0,0,0,0,0.0,,0,0,0,0,0.0,,0,0,0,0,0.0,,0,0,0,0,0.0,,0,0,0,0,0.0,,0,0,0,0,0.0,,0,0,0,0,0.0,,0,0,0,0,0.0,,0,0,0,0,0.0,,0,0,0,0,0.0,,0,0,0,0,0.0,,0,0,0,0,0.0,,0,0,0,0,0.0
1778951508.300129,0.0,0,0.0,0,,0,0,0,0,0.0,,0,0,0,0,0.0,,0,0,0,0,0.0,,0,0,0,0,0.0,,0,0,0,0,0.0,,0,0,0,0,0.0,,0,0,0,0,0.0,,0,0,0,0,0.0,,0,0,0,0,0.0,,0,0,0,0,0.0,,0,0,0,0,0.0,,0,0,0,0,0.0,,0,0,0,0,0.0,,0,0,0,0,0.0,,0,0,0,0,0.0,,0,0,0,0,0.0
1778951508.3506773,0.0,12838,-44.0,1,,0,0,0,0,0.0,,0,0,0,0,0.0,,1,1,12832,0,0.0,,0,0,0,0,0.0,,1,1,12859,0,0.0,,0,0,0,0,0.0,,1,1,12799,0,0.0,,1,1,12810,0,0.0,,0,1,12843,0,0.0,,0,1,12854,0,0.0,,0,1,12805,0,0.0,,0,1,12805,0,0.0,,0,0,0,0,0.0,,0,1,12838,0,0.0,,0,0,0,0,0.0,,0,1,12827,0,0.0
1778951508.4055037,0.0,12838,-44.0,1,,0,0,0,0,0.0,,0,0,0,0,0.0,,1,1,12553,0,0.0,,0,0,0,0,0.0,,1,1,12559,0,0.0,,0,1,12597,0,0.0,,1,1,12581,0,0.0,,1,1,12553,0,0.0,,0,1,12449,0,0.0,,0,1,12433,0,0.0,,0,1,12389,0,0.0,,0,1,12411,0,0.0,,0,0,0,0,0.0,,0,1,12838,0,0.0,,0,0,0,0,0.0,,0,1,12827,0,0.0
1778951508.4575286,2390.0,12838,-44.0,1,,0,0,0,0,0.0,,0,0,0,0,0.0,,1,1,12553,0,0.0,,0,0,0,0,0.0,,1,1,12559,0,0.0,,0,1,12597,4780,2390.0,,1,1,12581,0,0.0,,1,1,12553,0,0.0,,0,1,12449,0,0.0,,0,1,12433,0,0.0,,0,1,12389,0,0.0,,0,1,12411,0,0.0,,0,0,0,0,0.0,,0,1,12455,0,0.0,,0,0,0,0,0.0,,0,1,12427,0,0.0
1778951508.5095396,3165.0,12621,-43.0,1,,0,0,0,0,0.0,,0,0,0,0,0.0,,0,1,12630,430,107.5,,0,0,0,0,0.0,,1,1,12630,0,0.0,,0,1,12570,3630,3057.5,,1,1,12652,0,0.0,,1,1,12608,0,0.0,,0,1,12515,0,0.0,,0,1,12575,0,0.0,,0,1,12646,0,0.0,,0,1,12608,0,0.0,,0,0,0,0,0.0,,0,1,12695,0,0.0,,0,0,0,0,0.0,,0,1,12559,0,0.0
1778951508.560765,3165.0,12621,-43.0,1,-,0,0,0,0,0.0,-,0,0,0,0,0.0,ECU,0,1,12630,430,107.5,FAN1,0,0,0,0,0.0,COILS,1,1,12630,0,0.0,PUMP,0,1,12570,3630,3057.5,INJECTOR,1,1,12652,0,0.0,SERVO,1,1,12608,0,0.0,,0,1,12515,0,0.0,,0,1,12575,0,0.0,,0,1,12646,0,0.0,,0,1,12608,0,0.0,,0,0,0,0,0.0,,0,1,12695,0,0.0,,0,0,0,0,0.0,,0,1,12559,0,0.0
1778951508.6113262,3165.0,12621,-43.0,1,-,0,0,0,0,0.0,-,0,0,0,0,0.0,ECU,0,1,12630,430,107.5,FAN1,0,0,0,0,0.0,COILS,1,1,12630,0,0.0,PUMP,0,1,12570,3630,3057.5,INJECTOR,1,1,12652,0,0.0,SERVO,1,1,12608,0,0.0,ADD 1,0,1,12515,0,0.0,ADD 2,0,1,12575,0,0.0,ADD 3,0,1,12646,0,0.0,ADD 4,0,1,12608,0,0.0,ADD 5,0,0,0,0,0.0,ADD 6,0,1,12695,0,0.0,ADD 7,0,0,0,0,0.0,EGT2CAN,0,1,12559,0,0.0
1778951508.6617343,3916.0,12596,-44.0,1,-,0,0,0,0,0.0,-,0,0,0,0,0.0,ECU,0,1,12608,200,230.0,FAN1,0,0,0,0,0.0,COILS,1,1,12493,0,0.0,PUMP,0,1,12559,3670,3686.0,INJECTOR,1,1,12652,0,0.0,SERVO,1,1,12630,0,0.0,ADD 1,0,1,12630,0,0.0,ADD 2,0,1,12635,0,0.0,ADD 3,0,1,12635,0,0.0,ADD 4,0,1,12586,0,0.0,ADD 5,0,0,0,0,0.0,ADD 6,0,1,12564,0,0.0,ADD 7,0,0,0,0,0.0,EGT2CAN,0,1,12646,0,0.0
1778951508.7187033,3916.0,12596,-44.0,1,-,0,0,0,0,0.0,-,0,0,0,0,0.0,ECU,0,1,12608,200,230.0,FAN1,0,0,0,0,0.0,COILS,1,1,12493,0,0.0,PUMP,0,1,12559,3670,3686.0,INJECTOR,1,1,12652,0,0.0,SERVO,1,1,12630,0,0.0,ADD 1,0,1,12630,0,0.0,ADD 2,0,1,12635,0,0.0,ADD 3,0,1,12635,0,0.0,ADD 4,0,1,12586,0,0.0,ADD 5,0,0,0,0,0.0,ADD 6,0,1,12564,0,0.0,ADD 7,0,0,0,0,0.0,EGT2CAN,0,1,12646,0,0.0
1778951508.7695525,3872.0,12596,-43.0,1,-,0,0,0,0,0.0,-,0,0,0,0,0.0,ECU,0,1,12581,190,220.0,FAN1,0,0,0,0,0.0,COILS,1,1,12542,0,0.0,PUMP,0,1,12493,3630,3652.0,INJECTOR,1,1,12641,0,0.0,SERVO,1,1,12630,0,0.0,ADD 1,0,1,12548,0,0.0,ADD 2,0,1,12564,0,0.0,ADD 3,0,1,12586,0,0.0,ADD 4,0,1,12591,0,0.0,ADD 5,0,0,0,0,0.0,ADD 6,0,1,12663,0,0.0,ADD 7,0,0,0,0,0.0,EGT2CAN,0,1,12564,0,0.0
1778951508.8295262,3870.0,12602,-43.0,1,-,0,0,0,0,0.0,-,0,0,0,0,0.0,ECU,0,1,12663,230,221.7,FAN1,0,0,0,0,0.0,COILS,1,1,12663,0,0.0,PUMP,0,1,12597,3630,3648.3,INJECTOR,1,1,12520,0,0.0,SERVO,1,1,12531,0,0.0,ADD 1,0,1,12630,0,0.0,ADD 2,0,1,12597,0,0.0,ADD 3,0,1,12591,0,0.0,ADD 4,0,1,12531,0,0.0,ADD 5,0,0,0,0,0.0,ADD 6,0,1,12597,0,0.0,ADD 7,0,0,0,0,0.0,EGT2CAN,0,1,12641,0,0.0
1778951508.880601,3870.0,12602,-43.0,1,-,0,0,0,0,0.0,-,0,0,0,0,0.0,ECU,0,1,12646,230,221.7,FAN1,0,0,0,0,0.0,COILS,1,1,12663,0,0.0,PUMP,0,1,12597,3630,3648.3,INJECTOR,1,1,12520,0,0.0,SERVO,1,1,12531,0,0.0,ADD 1,0,1,12630,0,0.0,ADD 2,0,1,12597,0,0.0,ADD 3,0,1,12591,0,0.0,ADD 4,0,1,12531,0,0.0,ADD 5,0,0,0,0,0.0,ADD 6,0,1,12597,0,0.0,ADD 7,0,0,0,0,0.0,EGT2CAN,0,1,12641,0,0.0
1778951508.9313412,3830.0,12609,-43.0,1,-,0,0,0,0,0.0,-,0,0,0,0,0.0,ECU,0,1,12449,210,210.0,FAN1,0,0,0,0,0.0,COILS,1,1,12602,0,0.0,PUMP,0,1,12591,3600,3620.0,INJECTOR,1,1,12646,0,0.0,SERVO,1,1,12504,0,0.0,ADD 1,0,1,12559,0,0.0,ADD 2,0,1,12668,0,0.0,ADD 3,0,1,12624,0,0.0,ADD 4,0,1,12635,0,0.0,ADD 5,0,0,0,0,0.0,ADD 6,0,1,12673,0,0.0,ADD 7,0,0,0,0,0.0,EGT2CAN,0,1,12515,0,0.0
1778951508.9861465,3830.0,12609,-43.0,1,-,0,0,0,0,0.0,-,0,0,0,0,0.0,ECU,0,1,12668,210,210.0,FAN1,0,0,0,0,0.0,COILS,1,1,12504,0,0.0,PUMP,0,1,12553,3600,3620.0,INJECTOR,1,1,12608,0,0.0,SERVO,1,1,12559,0,0.0,ADD 1,0,1,12559,0,0.0,ADD 2,0,1,12668,0,0.0,ADD 3,0,1,12624,0,0.0,ADD 4,0,1,12635,0,0.0,ADD 5,0,0,0,0,0.0,ADD 6,0,1,12673,0,0.0,ADD 7,0,0,0,0,0.0,EGT2CAN,0,1,12515,0,0.0
1778951509.0438874,3820.0,12559,-43.0,1,-,0,0,0,0,0.0,-,0,0,0,0,0.0,ECU,0,1,12613,210,215.0,FAN1,0,0,0,0,0.0,COILS,1,1,12493,0,0.0,PUMP,0,1,12591,3640,3605.0,INJECTOR,1,1,12602,0,0.0,SERVO,1,1,12630,0,0.0,ADD 1,0,1,12570,0,0.0,ADD 2,0,1,12471,0,0.0,ADD 3,0,1,12559,0,0.0,ADD 4,0,1,12553,0,0.0,ADD 5,0,0,0,0,0.0,ADD 6,0,1,12663,0,0.0,ADD 7,0,0,0,0,0.0,EGT2CAN,0,1,12608,0,0.0
1778951509.1159635,3834.0,12590,-43.0,1,-,0,0,0,0,0.0,-,0,0,0,0,0.0,ECU,0,1,12652,210,214.0,FAN1,0,0,0,0,0.0,COILS,1,1,12537,0,0.0,PUMP,0,1,12597,3680,3620.0,INJECTOR,1,1,12663,0,0.0,SERVO,1,1,12613,0,0.0,ADD 1,0,1,12531,0,0.0,ADD 2,0,1,12553,0,0.0,ADD 3,0,1,12542,0,0.0,ADD 4,0,1,12597,0,0.0,ADD 5,0,0,0,0,0.0,ADD 6,0,1,12641,0,0.0,ADD 7,0,0,0,0,0.0,EGT2CAN,0,1,12570,0,0.0
1778951509.176267,3837.5,12584,-43.0,1,-,0,0,0,0,0.0,-,0,0,0,0,0.0,ECU,0,1,12646,200,207.5,FAN1,0,0,0,0,0.0,COILS,1,1,12652,0,0.0,PUMP,0,1,12657,3610,3630.0,INJECTOR,1,1,12537,0,0.0,SERVO,1,1,12498,0,0.0,ADD 1,0,1,12542,0,0.0,ADD 2,0,1,12608,0,0.0,ADD 3,0,1,12581,0,0.0,ADD 4,0,1,12581,0,0.0,ADD 5,0,0,0,0,0.0,ADD 6,0,1,12624,0,0.0,ADD 7,0,0,0,0,0.0,EGT2CAN,0,1,12482,0,0.0
1778951509.2274652,3818.7,12584,-43.0,1,-,0,0,0,0,0.0,-,0,0,0,0,0.0,ECU,0,1,12526,220,212.0,FAN1,0,0,0,0,0.0,COILS,1,1,12630,0,0.0,PUMP,0,1,12663,3540,3606.7,INJECTOR,1,1,12673,0,0.0,SERVO,1,1,12537,0,0.0,ADD 1,0,1,12619,0,0.0,ADD 2,0,1,12537,0,0.0,ADD 3,0,1,12526,0,0.0,ADD 4,0,1,12553,0,0.0,ADD 5,0,0,0,0,0.0,ADD 6,0,1,12668,0,0.0,ADD 7,0,0,0,0,0.0,EGT2CAN,0,1,12646,0,0.0
1778951509.2788572,3818.0,12584,-43.0,1,-,0,0,0,0,0.0,-,0,0,0,0,0.0,ECU,0,1,12515,220,214.0,FAN1,0,0,0,0,0.0,COILS,1,1,12613,0,0.0,PUMP,0,1,12646,3610,3604.0,INJECTOR,1,1,12537,0,0.0,SERVO,1,1,12493,0,0.0,ADD 1,0,1,12652,0,0.0,ADD 2,0,1,12652,0,0.0,ADD 3,0,1,12537,0,0.0,ADD 4,0,1,12488,0,0.0,ADD 5,0,0,0,0,0.0,ADD 6,0,1,12613,0,0.0,ADD 7,0,0,0,0,0.0,EGT2CAN,0,1,12657,0,0.0
1778951509.3297484,3818.0,12578,-47.0,1,-,0,0,0,0,0.0,-,0,0,0,0,0.0,ECU,0,1,12652,220,214.0,FAN1,0,0,0,0,0.0,COILS,1,1,12531,0,0.0,PUMP,0,1,12575,3610,3604.0,INJECTOR,1,1,12663,0,0.0,SERVO,1,1,12591,0,0.0,ADD 1,0,1,12646,0,0.0,ADD 2,0,1,12608,0,0.0,ADD 3,0,1,12624,0,0.0,ADD 4,0,1,12548,0,0.0,ADD 5,0,0,0,0,0.0,ADD 6,0,1,12613,0,0.0,ADD 7,0,0,0,0,0.0,EGT2CAN,0,1,12657,0,0.0
1778951509.3804054,3812.0,12590,-41.0,1,-,0,0,0,0,0.0,-,0,0,0,0,0.0,ECU,0,1,12630,230,222.0,FAN1,0,0,0,0,0.0,COILS,1,1,12526,0,0.0,PUMP,0,1,12602,3590,3590.0,INJECTOR,1,1,12537,0,0.0,SERVO,1,1,12548,0,0.0,ADD 1,0,1,12559,0,0.0,ADD 2,0,1,12548,0,0.0,ADD 3,0,1,12433,0,0.0,ADD 4,0,1,12493,0,0.0,ADD 5,0,0,0,0,0.0,ADD 6,0,1,12635,0,0.0,ADD 7,0,0,0,0,0.0,EGT2CAN,0,1,12630,0,0.0
1778951509.4422753,3812.0,12590,-41.0,1,-,0,0,0,0,0.0,-,0,0,0,0,0.0,ECU,0,1,12515,230,222.0,FAN1,0,0,0,0,0.0,COILS,1,1,12526,0,0.0,PUMP,0,1,12602,3590,3590.0,INJECTOR,1,1,12537,0,0.0,SERVO,1,1,12548,0,0.0,ADD 1,0,1,12559,0,0.0,ADD 2,0,1,12548,0,0.0,ADD 3,0,1,12433,0,0.0,ADD 4,0,1,12493,0,0.0,ADD 5,0,0,0,0,0.0,ADD 6,0,1,12635,0,0.0,ADD 7,0,0,0,0,0.0,EGT2CAN,0,1,12630,0,0.0
1778951509.492823,3817.5,12590,-43.0,1,-,0,0,0,0,0.0,-,0,0,0,0,0.0,ECU,0,1,12613,230,227.5,FAN1,0,0,0,0,0.0,COILS,1,1,12630,0,0.0,PUMP,0,1,12635,3570,3590.0,INJECTOR,1,1,12663,0,0.0,SERVO,1,1,12597,0,0.0,ADD 1,0,1,12613,0,0.0,ADD 2,0,1,12668,0,0.0,ADD 3,0,1,12613,0,0.0,ADD 4,0,1,12597,0,0.0,ADD 5,0,0,0,0,0.0,ADD 6,0,1,12559,0,0.0,ADD 7,0,0,0,0,0.0,EGT2CAN,0,1,12608,0,0.0
1778951509.5445786,3100.0,12813,-43.0,1,-,0,0,0,0,0.0,-,0,0,0,0,0.0,ECU,0,1,12772,230,228.0,FAN1,0,0,0,0,0.0,COILS,1,1,12854,0,0.0,PUMP,0,0,2149,0,2872.0,INJECTOR,1,1,12766,0,0.0,SERVO,1,1,12745,0,0.0,ADD 1,0,1,12810,0,0.0,ADD 2,0,1,12876,0,0.0,ADD 3,0,1,12832,0,0.0,ADD 4,0,1,12805,0,0.0,ADD 5,0,0,0,0,0.0,ADD 6,0,1,12695,0,0.0,ADD 7,0,0,0,0,0.0,EGT2CAN,0,1,12772,0,0.0
1778951509.5948262,3100.0,12813,-43.0,1,-,0,0,0,0,0.0,-,0,0,0,0,0.0,ECU,0,1,12745,230,228.0,FAN1,0,0,0,0,0.0,COILS,1,1,12788,0,0.0,PUMP,0,0,0,0,2872.0,INJECTOR,1,1,12799,0,0.0,SERVO,1,1,12739,0,0.0,ADD 1,0,1,12673,0,0.0,ADD 2,0,1,12772,0,0.0,ADD 3,0,1,12783,0,0.0,ADD 4,0,1,12684,0,0.0,ADD 5,0,0,0,0,0.0,ADD 6,0,1,12870,0,0.0,ADD 7,0,0,0,0,0.0,EGT2CAN,0,1,12750,0,0.0
1778951509.6566248,1658.0,12825,-43.0,1,-,0,0,0,0,0.0,-,0,0,0,0,0.0,ECU,0,1,12849,230,230.0,FAN1,0,0,0,0,0.0,COILS,1,1,12783,0,0.0,PUMP,0,0,0,0,1428.0,INJECTOR,1,1,12805,0,0.0,SERVO,1,1,12712,0,0.0,ADD 1,0,1,12706,0,0.0,ADD 2,0,1,12827,0,0.0,ADD 3,0,1,12788,0,0.0,ADD 4,0,1,12810,0,0.0,ADD 5,0,0,0,0,0.0,ADD 6,0,1,12854,0,0.0,ADD 7,0,0,0,0,0.0,EGT2CAN,0,1,12734,0,0.0
1778951509.7074904,1416.0,12813,-44.0,1,-,0,0,0,0,0.0,-,0,0,0,0,0.0,ECU,0,1,12849,210,226.0,FAN1,0,0,0,0,0.0,COILS,1,1,12783,0,0.0,PUMP,0,0,0,0,1190.0,INJECTOR,1,1,12777,0,0.0,SERVO,1,1,12717,0,0.0,ADD 1,0,1,12810,0,0.0,ADD 2,0,1,12870,0,0.0,ADD 3,0,1,12838,0,0.0,ADD 4,0,1,12827,0,0.0,ADD 5,0,0,0,0,0.0,ADD 6,0,1,12854,0,0.0,ADD 7,0,0,0,0,0.0,EGT2CAN,0,1,12690,0,0.0
1778951509.7583542,217.5,12831,-44.0,1,-,0,0,0,0,0.0,-,0,0,0,0,0.0,ECU,0,1,12832,200,217.5,FAN1,0,0,0,0,0.0,COILS,1,1,12843,0,0.0,PUMP,0,0,0,0,0.0,INJECTOR,1,1,12843,0,0.0,SERVO,1,1,12832,0,0.0,ADD 1,0,1,12827,0,0.0,ADD 2,0,1,12772,0,0.0,ADD 3,0,1,12717,0,0.0,ADD 4,0,1,12766,0,0.0,ADD 5,0,0,0,0,0.0,ADD 6,0,1,12854,0,0.0,ADD 7,0,0,0,0,0.0,EGT2CAN,0,1,12805,0,0.0
1778951509.8254051,214.0,12831,-43.0,1,-,0,0,0,0,0.0,-,0,0,0,0,0.0,ECU,0,1,12701,210,214.0,FAN1,0,0,0,0,0.0,COILS,1,1,12766,0,0.0,PUMP,0,0,0,0,0.0,INJECTOR,1,1,12810,0,0.0,SERVO,1,1,12684,0,0.0,ADD 1,0,1,12810,0,0.0,ADD 2,0,1,12843,0,0.0,ADD 3,0,1,12772,0,0.0,ADD 4,0,1,12657,0,0.0,ADD 5,0,0,0,0,0.0,ADD 6,0,1,12854,0,0.0,ADD 7,0,0,0,0,0.0,EGT2CAN,0,1,12838,0,0.0
1778951509.876651,214.0,12831,-43.0,1,-,0,0,0,0,0.0,-,0,0,0,0,0.0,ECU,0,1,12827,210,214.0,FAN1,0,0,0,0,0.0,COILS,1,1,12766,0,0.0,PUMP,0,0,0,0,0.0,INJECTOR,1,1,12810,0,0.0,SERVO,1,1,12684,0,0.0,ADD 1,0,1,12810,0,0.0,ADD 2,0,1,12843,0,0.0,ADD 3,0,1,12772,0,0.0,ADD 4,0,1,12657,0,0.0,ADD 5,0,0,0,0,0.0,ADD 6,0,1,12854,0,0.0,ADD 7,0,0,0,0,0.0,EGT2CAN,0,1,12838,0,0.0
1778951509.9329407,212.0,12831,-43.0,1,-,0,0,0,0,0.0,-,0,0,0,0,0.0,ECU,0,1,12827,220,212.0,FAN1,0,0,0,0,0.0,COILS,1,1,12766,0,0.0,PUMP,0,0,0,0,0.0,INJECTOR,1,1,12788,0,0.0,SERVO,1,1,12766,0,0.0,ADD 1,0,1,12832,0,0.0,ADD 2,0,1,12876,0,0.0,ADD 3,0,1,12849,0,0.0,ADD 4,0,1,12832,0,0.0,ADD 5,0,0,0,0,0.0,ADD 6,0,1,12810,0,0.0,ADD 7,0,0,0,0,0.0,EGT2CAN,0,1,12772,0,0.0
1778951509.9834738,212.0,12831,-43.0,1,-,0,0,0,0,0.0,-,0,0,0,0,0.0,ECU,0,1,12810,220,212.0,FAN1,0,0,0,0,0.0,COILS,1,1,12805,0,0.0,PUMP,0,0,0,0,0.0,INJECTOR,1,1,12865,0,0.0,SERVO,1,1,12788,0,0.0,ADD 1,0,1,12810,0,0.0,ADD 2,0,1,12821,0,0.0,ADD 3,0,1,12701,0,0.0,ADD 4,0,1,12728,0,0.0,ADD 5,0,0,0,0,0.0,ADD 6,0,1,12843,0,0.0,ADD 7,0,0,0,0,0.0,EGT2CAN,0,1,12810,0,0.0
1778951510.0345452,216.7,12782,-43.0,1,-,0,0,0,0,0.0,-,0,0,0,0,0.0,ECU,0,1,12810,220,216.7,FAN1,0,0,0,0,0.0,COILS,1,1,12876,0,0.0,PUMP,0,0,0,0,0.0,INJECTOR,1,1,12838,0,0.0,SERVO,1,1,12799,0,0.0,ADD 1,0,1,12854,0,0.0,ADD 2,0,1,12821,0,0.0,ADD 3,0,1,12838,0,0.0,ADD 4,0,1,12799,0,0.0,ADD 5,0,0,0,0,0.0,ADD 6,0,1,12843,0,0.0,ADD 7,0,0,0,0,0.0,EGT2CAN,0,1,12810,0,0.0
1778951510.085771,218.0,12788,-43.0,1,-,0,0,0,0,0.0,-,0,0,0,0,0.0,ECU,0,1,12838,220,218.0,FAN1,0,0,0,0,0.0,COILS,1,1,12859,0,0.0,PUMP,0,0,0,0,0.0,INJECTOR,1,1,12794,0,0.0,SERVO,1,1,12788,0,0.0,ADD 1,0,1,12843,0,0.0,ADD 2,0,1,12870,0,0.0,ADD 3,0,1,12843,0,0.0,ADD 4,0,1,12794,0,0.0,ADD 5,0,0,0,0,0.0,ADD 6,0,1,12712,0,0.0,ADD 7,0,0,0,0,0.0,EGT2CAN,0,1,12810,0,0.0
1778951510.1365495,218.0,12788,-43.0,1,-,0,0,0,0,0.0,-,0,0,0,0,0.0,ECU,0,1,12838,220,218.0,FAN1,0,0,0,0,0.0,COILS,1,1,12859,0,0.0,PUMP,0,0,0,0,0.0,INJECTOR,1,1,12794,0,0.0,SERVO,1,1,12788,0,0.0,ADD 1,0,1,12843,0,0.0,ADD 2,0,1,12870,0,0.0,ADD 3,0,1,12843,0,0.0,ADD 4,0,1,12794,0,0.0,ADD 5,0,0,0,0,0.0,ADD 6,0,1,12712,0,0.0,ADD 7,0,0,0,0,0.0,EGT2CAN,0,1,12810,0,0.0
1778951510.188907,220.0,12788,-43.0,1,-,0,0,0,0,0.0,-,0,0,0,0,0.0,ECU,0,1,12739,220,220.0,FAN1,0,0,0,0,0.0,COILS,1,1,12805,0,0.0,PUMP,0,0,0,0,0.0,INJECTOR,1,1,12854,0,0.0,SERVO,1,1,12810,0,0.0,ADD 1,0,1,12810,0,0.0,ADD 2,0,1,12821,0,0.0,ADD 3,0,1,12788,0,0.0,ADD 4,0,1,12690,0,0.0,ADD 5,0,0,0,0,0.0,ADD 6,0,1,12810,0,0.0,ADD 7,0,0,0,0,0.0,EGT2CAN,0,1,12843,0,0.0
1778951510.239468,220.0,12825,-43.0,1,-,0,0,0,0,0.0,-,0,0,0,0,0.0,ECU,0,1,12854,220,220.0,FAN1,0,0,0,0,0.0,COILS,1,1,12810,0,0.0,PUMP,0,0,0,0,0.0,INJECTOR,1,1,12679,0,0.0,SERVO,1,1,12832,0,0.0,ADD 1,0,1,12766,0,0.0,ADD 2,0,1,12859,0,0.0,ADD 3,0,1,12854,0,0.0,ADD 4,0,1,12827,0,0.0,ADD 5,0,0,0,0,0.0,ADD 6,0,1,12865,0,0.0,ADD 7,0,0,0,0,0.0,EGT2CAN,0,1,12706,0,0.0
1778951510.2910802,222.5,12813,-43.0,1,-,0,0,0,0,0.0,-,0,0,0,0,0.0,ECU,0,1,12788,230,222.5,FAN1,0,0,0,0,0.0,COILS,1,1,12788,0,0.0,PUMP,0,0,0,0,0.0,INJECTOR,1,1,12838,0,0.0,SERVO,1,1,12832,0,0.0,ADD 1,0,1,12701,0,0.0,ADD 2,0,1,12805,0,0.0,ADD 3,0,1,12832,0,0.0,ADD 4,0,1,12810,0,0.0,ADD 5,0,0,0,0,0.0,ADD 6,0,1,12876,0,0.0,ADD 7,0,0,0,0,0.0,EGT2CAN,0,1,12794,0,0.0
1778951510.34379,222.5,12813,-43.0,1,-,0,0,0,0,0.0,-,0,0,0,0,0.0,ECU,0,1,12788,230,222.5,FAN1,0,0,0,0,0.0,COILS,1,1,12870,0,0.0,PUMP,0,0,0,0,0.0,INJECTOR,1,1,12838,0,0.0,SERVO,1,1,12750,0,0.0,ADD 1,0,1,12788,0,0.0,ADD 2,0,1,12734,0,0.0,ADD 3,0,1,12739,0,0.0,ADD 4,0,1,12794,0,0.0,ADD 5,0,0,0,0,0.0,ADD 6,0,1,12870,0,0.0,ADD 7,0,0,0,0,0.0,EGT2CAN,0,1,12843,0,0.0
1778951510.398619,223.3,12819,-43.0,1,-,0,0,0,0,0.0,-,0,0,0,0,0.0,ECU,0,1,12827,230,223.3,FAN1,0,0,0,0,0.0,COILS,1,1,12772,0,0.0,PUMP,0,0,0,0,0.0,INJECTOR,1,1,12838,0,0.0,SERVO,1,1,12788,0,0.0,ADD 1,0,1,12843,0,0.0,ADD 2,0,1,12865,0,0.0,ADD 3,0,1,12761,0,0.0,ADD 4,0,1,12673,0,0.0,ADD 5,0,0,0,0,0.0,ADD 6,0,1,12816,0,0.0,ADD 7,0,0,0,0,0.0,EGT2CAN,0,1,12810,0,0.0
1778951510.4618359,223.3,12813,-43.0,1,-,0,0,0,0,0.0,-,0,0,0,0,0.0,ECU,0,1,12723,220,223.3,FAN1,0,0,0,0,0.0,COILS,1,1,12849,0,0.0,PUMP,0,0,0,0,0.0,INJECTOR,1,1,12788,0,0.0,SERVO,1,1,12788,0,0.0,ADD 1,0,1,12849,0,0.0,ADD 2,0,1,12832,0,0.0,ADD 3,0,1,12843,0,0.0,ADD 4,0,1,12772,0,0.0,ADD 5,0,0,0,0,0.0,ADD 6,0,1,12728,0,0.0,ADD 7,0,0,0,0,0.0,EGT2CAN,0,1,12799,0,0.0
1778951510.5127108,222.0,12794,-43.0,1,-,0,0,0,0,0.0,-,0,0,0,0,0.0,ECU,0,1,12728,220,222.0,FAN1,0,0,0,0,0.0,COILS,1,1,12832,0,0.0,PUMP,0,0,0,0,0.0,INJECTOR,1,1,12766,0,0.0,SERVO,1,1,12712,0,0.0,ADD 1,0,1,12816,0,0.0,ADD 2,0,1,12849,0,0.0,ADD 3,0,1,12838,0,0.0,ADD 4,0,1,12756,0,0.0,ADD 5,0,0,0,0,0.0,ADD 6,0,1,12876,0,0.0,ADD 7,0,0,0,0,0.0,EGT2CAN,0,1,12723,0,0.0
1778951510.565481,222.0,12794,-43.0,1,-,0,0,0,0,0.0,-,0,0,0,0,0.0,ECU,0,1,12728,220,222.0,FAN1,0,0,0,0,0.0,COILS,1,1,12832,0,0.0,PUMP,0,0,0,0,0.0,INJECTOR,1,1,12766,0,0.0,SERVO,1,1,12712,0,0.0,ADD 1,0,1,12816,0,0.0,ADD 2,0,1,12849,0,0.0,ADD 3,0,1,12838,0,0.0,ADD 4,0,1,12756,0,0.0,ADD 5,0,0,0,0,0.0,ADD 6,0,1,12876,0,0.0,ADD 7,0,0,0,0,0.0,EGT2CAN,0,1,12723,0,0.0
1778951510.6164372,216.7,12794,-43.0,1,-,0,0,0,0,0.0,-,0,0,0,0,0.0,ECU,0,1,12794,210,216.7,FAN1,0,0,0,0,0.0,COILS,1,1,12859,0,0.0,PUMP,0,0,0,0,0.0,INJECTOR,1,1,12810,0,0.0,SERVO,1,1,12684,0,0.0,ADD 1,0,1,12717,0,0.0,ADD 2,0,1,12799,0,0.0,ADD 3,0,1,12827,0,0.0,ADD 4,0,1,12810,0,0.0,ADD 5,0,0,0,0,0.0,ADD 6,0,1,12832,0,0.0,ADD 7,0,0,0,0,0.0,EGT2CAN,0,1,12761,0,0.0
1778951510.6699607,216.0,12800,-43.0,1,-,0,0,0,0,0.0,-,0,0,0,0,0.0,ECU,0,1,12832,220,216.0,FAN1,0,0,0,0,0.0,COILS,1,1,12854,0,0.0,PUMP,0,0,0,0,0.0,INJECTOR,1,1,12777,0,0.0,SERVO,1,1,12810,0,0.0,ADD 1,0,1,12832,0,0.0,ADD 2,0,1,12832,0,0.0,ADD 3,0,1,12827,0,0.0,ADD 4,0,1,12712,0,0.0,ADD 5,0,0,0,0,0.0,ADD 6,0,1,12788,0,0.0,ADD 7,0,0,0,0,0.0,EGT2CAN,0,1,12805,0,0.0
1778951510.7268026,216.0,12800,-43.0,1,-,0,0,0,0,0.0,-,0,0,0,0,0.0,ECU,0,1,12739,220,216.0,FAN1,0,0,0,0,0.0,COILS,1,1,12854,0,0.0,PUMP,0,0,0,0,0.0,INJECTOR,1,1,12777,0,0.0,SERVO,1,1,12810,0,0.0,ADD 1,0,1,12832,0,0.0,ADD 2,0,1,12832,0,0.0,ADD 3,0,1,12827,0,0.0,ADD 4,0,1,12712,0,0.0,ADD 5,0,0,0,0,0.0,ADD 6,0,1,12788,0,0.0,ADD 7,0,0,0,0,0.0,EGT2CAN,0,1,12805,0,0.0
1778951510.787181,218.0,12831,-42.0,1,-,0,0,0,0,0.0,-,0,0,0,0,0.0,ECU,0,1,12810,230,218.0,FAN1,0,0,0,0,0.0,COILS,1,1,12679,0,0.0,PUMP,0,0,0,0,0.0,INJECTOR,1,1,12821,0,0.0,SERVO,1,1,12821,0,0.0,ADD 1,0,1,12761,0,0.0,ADD 2,0,1,12717,0,0.0,ADD 3,0,1,12772,0,0.0,ADD 4,0,1,12810,0,0.0,ADD 5,0,0,0,0,0.0,ADD 6,0,1,12876,0,0.0,ADD 7,0,0,0,0,0.0,EGT2CAN,0,1,12843,0,0.0
1778951510.838214,220.0,12819,-45.0,1,-,0,0,0,0,0.0,-,0,0,0,0,0.0,ECU,0,1,12821,230,220.0,FAN1,0,0,0,0,0.0,COILS,1,1,12717,0,0.0,PUMP,0,0,0,0,0.0,INJECTOR,1,1,12854,0,0.0,SERVO,1,1,12783,0,0.0,ADD 1,0,1,12723,0,0.0,ADD 2,0,1,12739,0,0.0,ADD 3,0,1,12777,0,0.0,ADD 4,0,1,12788,0,0.0,ADD 5,0,0,0,0,0.0,ADD 6,0,1,12887,0,0.0,ADD 7,0,0,0,0,0.0,EGT2CAN,0,1,12788,0,0.0
1778951510.8891554,220.0,12819,-45.0,1,-,0,0,0,0,0.0,-,0,0,0,0,0.0,ECU,0,1,12843,230,220.0,FAN1,0,0,0,0,0.0,COILS,1,1,12854,0,0.0,PUMP,0,0,0,0,0.0,INJECTOR,1,1,12745,0,0.0,SERVO,1,1,12706,0,0.0,ADD 1,0,1,12745,0,0.0,ADD 2,0,1,12854,0,0.0,ADD 3,0,1,12832,0,0.0,ADD 4,0,1,12832,0,0.0,ADD 5,0,0,0,0,0.0,ADD 6,0,1,12870,0,0.0,ADD 7,0,0,0,0,0.0,EGT2CAN,0,1,12706,0,0.0
1778951510.9403253,224.0,12838,-43.0,1,-,0,0,0,0,0.0,-,0,0,0,0,0.0,ECU,0,1,12827,220,224.0,FAN1,0,0,0,0,0.0,COILS,1,1,12859,0,0.0,PUMP,0,0,0,0,0.0,INJECTOR,1,1,12816,0,0.0,SERVO,1,1,12810,0,0.0,ADD 1,0,1,12810,0,0.0,ADD 2,0,1,12684,0,0.0,ADD 3,0,1,12728,0,0.0,ADD 4,0,1,12788,0,0.0,ADD 5,0,0,0,0,0.0,ADD 6,0,1,12843,0,0.0,ADD 7,0,0,0,0,0.0,EGT2CAN,0,1,12827,0,0.0
1778951510.992082,223.3,12831,-43.0,1,-,0,0,0,0,0.0,-,0,0,0,0,0.0,ECU,0,1,12761,220,223.3,FAN1,0,0,0,0,0.0,COILS,1,1,12854,0,0.0,PUMP,0,0,0,0,0.0,INJECTOR,1,1,12854,0,0.0,SERVO,1,1,12816,0,0.0,ADD 1,0,1,12859,0,0.0,ADD 2,0,1,12810,0,0.0,ADD 3,0,1,12750,0,0.0,ADD 4,0,1,12663,0,0.0,ADD 5,0,0,0,0,0.0,ADD 6,0,1,12859,0,0.0,ADD 7,0,0,0,0,0.0,EGT2CAN,0,1,12843,0,0.0
1778951511.0548575,224.0,12825,-44.0,1,-,0,0,0,0,0.0,-,0,0,0,0,0.0,ECU,0,1,12810,230,224.0,FAN1,0,0,0,0,0.0,COILS,1,1,12739,0,0.0,PUMP,0,0,0,0,0.0,INJECTOR,1,1,12799,0,0.0,SERVO,1,1,12712,0,0.0,ADD 1,0,1,12832,0,0.0,ADD 2,0,1,12827,0,0.0,ADD 3,0,1,12717,0,0.0,ADD 4,0,1,12756,0,0.0,ADD 5,0,0,0,0,0.0,ADD 6,0,1,12876,0,0.0,ADD 7,0,0,0,0,0.0,EGT2CAN,0,1,12810,0,0.0
1778951511.1069832,224.0,12825,-44.0,1,-,0,0,0,0,0.0,-,0,0,0,0,0.0,ECU,0,1,12810,230,224.0,FAN1,0,0,0,0,0.0,COILS,1,1,12739,0,0.0,PUMP,0,0,0,0,0.0,INJECTOR,1,1,12799,0,0.0,SERVO,1,1,12712,0,0.0,ADD 1,0,1,12832,0,0.0,ADD 2,0,1,12827,0,0.0,ADD 3,0,1,12717,0,0.0,ADD 4,0,1,12756,0,0.0,ADD 5,0,0,0,0,0.0,ADD 6,0,1,12876,0,0.0,ADD 7,0,0,0,0,0.0,EGT2CAN,0,1,12810,0,0.0
1778951511.158522,225.0,12825,-44.0,1,-,0,0,0,0,0.0,-,0,0,0,0,0.0,ECU,0,1,12849,220,225.0,FAN1,0,0,0,0,0.0,COILS,1,1,12865,0,0.0,PUMP,0,0,0,0,0.0,INJECTOR,1,1,12788,0,0.0,SERVO,1,1,12783,0,0.0,ADD 1,0,1,12723,0,0.0,ADD 2,0,1,12827,0,0.0,ADD 3,0,1,12821,0,0.0,ADD 4,0,1,12788,0,0.0,ADD 5,0,0,0,0,0.0,ADD 6,0,1,12838,0,0.0,ADD 7,0,0,0,0,0.0,EGT2CAN,0,1,12788,0,0.0
1778951511.2101843,226.0,12800,-43.0,1,-,0,0,0,0,0.0,-,0,0,0,0,0.0,ECU,0,1,12854,230,226.0,FAN1,0,0,0,0,0.0,COILS,1,1,12772,0,0.0,PUMP,0,0,0,0,0.0,INJECTOR,1,1,12816,0,0.0,SERVO,1,1,12832,0,0.0,ADD 1,0,1,12816,0,0.0,ADD 2,0,1,12859,0,0.0,ADD 3,0,1,12810,0,0.0,ADD 4,0,1,12684,0,0.0,ADD 5,0,0,0,0,0.0,ADD 6,0,1,12859,0,0.0,ADD 7,0,0,0,0,0.0,EGT2CAN,0,1,12838,0,0.0
1778951511.271366,226.0,12776,-43.0,1,-,0,0,0,0,0.0,-,0,0,0,0,0.0,ECU,0,1,12854,230,226.0,FAN1,0,0,0,0,0.0,COILS,1,1,12772,0,0.0,PUMP,0,0,0,0,0.0,INJECTOR,1,1,12816,0,0.0,SERVO,1,1,12832,0,0.0,ADD 1,0,1,12816,0,0.0,ADD 2,0,1,12859,0,0.0,ADD 3,0,1,12810,0,0.0,ADD 4,0,1,12684,0,0.0,ADD 5,0,0,0,0,0.0,ADD 6,0,1,12859,0,0.0,ADD 7,0,0,0,0,0.0,EGT2CAN,0,1,12838,0,0.0
1778951511.321894,224.0,12831,-43.0,1,-,0,0,0,0,0.0,-,0,0,0,0,0.0,ECU,0,1,12794,230,224.0,FAN1,0,0,0,0,0.0,COILS,1,1,12734,0,0.0,PUMP,0,0,0,0,0.0,INJECTOR,1,1,12816,0,0.0,SERVO,1,1,12756,0,0.0,ADD 1,0,1,12810,0,0.0,ADD 2,0,1,12854,0,0.0,ADD 3,0,1,12810,0,0.0,ADD 4,0,1,12810,0,0.0,ADD 5,0,0,0,0,0.0,ADD 6,0,1,12766,0,0.0,ADD 7,0,0,0,0,0.0,EGT2CAN,0,1,12799,0,0.0
1778951511.3740814,208.0,12831,-43.0,1,-,0,0,0,0,0.0,-,0,0,0,0,0.0,ECU,0,1,12974,140,208.0,FAN1,0,0,0,0,0.0,COILS,1,1,13002,0,0.0,PUMP,0,0,0,0,0.0,INJECTOR,1,1,12914,0,0.0,SERVO,1,1,12925,0,0.0,ADD 1,0,1,13002,0,0.0,ADD 2,0,1,13045,0,0.0,ADD 3,0,1,13035,0,0.0,ADD 4,0,1,13024,0,0.0,ADD 5,0,0,0,0,0.0,ADD 6,0,1,13035,0,0.0,ADD 7,0,0,0,0,0.0,EGT2CAN,0,1,12920,0,0.0
1778951511.4248288,208.0,13147,-43.0,1,-,0,0,0,0,0.0,-,0,0,0,0,0.0,ECU,0,1,13264,140,208.0,FAN1,0,0,0,0,0.0,COILS,1,1,13002,0,0.0,PUMP,0,0,0,0,0.0,INJECTOR,1,1,12914,0,0.0,SERVO,1,1,12925,0,0.0,ADD 1,0,1,13002,0,0.0,ADD 2,0,1,13045,0,0.0,ADD 3,0,1,13035,0,0.0,ADD 4,0,1,13024,0,0.0,ADD 5,0,0,0,0,0.0,ADD 6,0,1,13035,0,0.0,ADD 7,0,0,0,0,0.0,EGT2CAN,0,1,12920,0,0.0
1778951511.4758956,170.0,13735,-43.0,1,-,0,0,0,0,0.0,-,0,0,0,0,0.0,ECU,0,1,13308,140,170.0,FAN1,0,0,0,0,0.0,COILS,1,1,13308,0,0.0,PUMP,0,0,0,0,0.0,INJECTOR,1,1,13330,0,0.0,SERVO,1,1,13303,0,0.0,ADD 1,0,1,13532,0,0.0,ADD 2,0,1,13713,0,0.0,ADD 3,0,1,13532,0,0.0,ADD 4,0,1,13543,0,0.0,ADD 5,0,0,0,0,0.0,ADD 6,0,1,13669,0,0.0,ADD 7,0,0,0,0,0.0,EGT2CAN,0,1,13707,0,0.0
1778951511.5391736,170.0,13735,-43.0,1,-,0,0,0,0,0.0,-,0,0,0,0,0.0,ECU,0,1,13888,140,170.0,FAN1,0,0,0,0,0.0,COILS,1,1,14030,0,0.0,PUMP,0,0,0,0,0.0,INJECTOR,1,1,14041,0,0.0,SERVO,1,1,13877,0,0.0,ADD 1,0,1,13401,0,0.0,ADD 2,0,1,13319,0,0.0,ADD 3,0,1,13352,0,0.0,ADD 4,0,1,13319,0,0.0,ADD 5,0,0,0,0,0.0,ADD 6,0,1,13669,0,0.0,ADD 7,0,0,0,0,0.0,EGT2CAN,0,1,13707,0,0.0
1778951511.5898354,130.0,13370,-43.0,1,-,0,0,0,0,0.0,-,0,0,0,0,0.0,ECU,0,1,13478,140,130.0,FAN1,0,0,0,0,0.0,COILS,1,1,13582,0,0.0,PUMP,0,0,0,0,0.0,INJECTOR,1,1,13571,0,0.0,SERVO,1,1,13582,0,0.0,ADD 1,0,1,13357,0,0.0,ADD 2,0,1,13335,0,0.0,ADD 3,0,1,13313,0,0.0,ADD 4,0,1,13171,0,0.0,ADD 5,0,0,0,0,0.0,ADD 6,0,1,13330,0,0.0,ADD 7,0,0,0,0,0.0,EGT2CAN,0,1,13330,0,0.0
1778951511.6454232,130.0,13475,-43.0,1,-,0,0,0,0,0.0,-,0,0,0,0,0.0,ECU,0,1,13226,130,130.0,FAN1,0,0,0,0,0.0,COILS,1,1,13303,0,0.0,PUMP,0,0,0,0,0.0,INJECTOR,1,1,13264,0,0.0,SERVO,1,1,13259,0,0.0,ADD 1,0,1,13439,0,0.0,ADD 2,0,1,13406,0,0.0,ADD 3,0,1,13374,0,0.0,ADD 4,0,1,13292,0,0.0,ADD 5,0,0,0,0,0.0,ADD 6,0,1,13270,0,0.0,ADD 7,0,0,0,0,0.0,EGT2CAN,0,1,13374,0,0.0
1778951511.696203,130.0,13475,-43.0,1,-,0,0,0,0,0.0,-,0,0,0,0,0.0,ECU,0,1,13516,130,130.0,FAN1,0,0,0,0,0.0,COILS,1,1,13379,0,0.0,PUMP,0,0,0,0,0.0,INJECTOR,1,1,13248,0,0.0,SERVO,1,1,13363,0,0.0,ADD 1,0,1,13412,0,0.0,ADD 2,0,1,13467,0,0.0,ADD 3,0,1,13248,0,0.0,ADD 4,0,1,13363,0,0.0,ADD 5,0,0,0,0,0.0,ADD 6,0,1,13352,0,0.0,ADD 7,0,0,0,0,0.0,EGT2CAN,0,1,13346,0,0.0
1778951511.7472837,130.0,13370,-43.0,1,-,0,0,0,0,0.0,-,0,0,0,0,0.0,ECU,0,1,13286,130,130.0,FAN1,0,0,0,0,0.0,COILS,1,1,13308,0,0.0,PUMP,0,0,0,0,0.0,INJECTOR,1,1,13248,0,0.0,SERVO,1,1,13292,0,0.0,ADD 1,0,1,13210,0,0.0,ADD 2,0,1,13270,0,0.0,ADD 3,0,1,13248,0,0.0,ADD 4,0,1,13330,0,0.0,ADD 5,0,0,0,0,0.0,ADD 6,0,1,13401,0,0.0,ADD 7,0,0,0,0,0.0,EGT2CAN,0,1,13330,0,0.0
1778951511.7982655,130.0,13314,-43.0,1,-,0,0,0,0,0.0,-,0,0,0,0,0.0,ECU,0,1,13286,130,130.0,FAN1,0,0,0,0,0.0,COILS,1,1,13308,0,0.0,PUMP,0,0,0,0,0.0,INJECTOR,1,1,13248,0,0.0,SERVO,1,1,13292,0,0.0,ADD 1,0,1,13210,0,0.0,ADD 2,0,1,13270,0,0.0,ADD 3,0,1,13248,0,0.0,ADD 4,0,1,13330,0,0.0,ADD 5,0,0,0,0,0.0,ADD 6,0,1,13401,0,0.0,ADD 7,0,0,0,0,0.0,EGT2CAN,0,1,13330,0,0.0
1778951511.8489668,132.5,13314,-43.0,1,-,0,0,0,0,0.0,-,0,0,0,0,0.0,ECU,0,1,13669,140,132.5,FAN1,0,0,0,0,0.0,COILS,1,1,13494,0,0.0,PUMP,0,0,0,0,0.0,INJECTOR,1,1,13489,0,0.0,SERVO,1,1,13423,0,0.0,ADD 1,0,1,13385,0,0.0,ADD 2,0,1,13286,0,0.0,ADD 3,0,1,13275,0,0.0,ADD 4,0,1,13286,0,0.0,ADD 5,0,0,0,0,0.0,ADD 6,0,1,13406,0,0.0,ADD 7,0,0,0,0,0.0,EGT2CAN,0,1,13406,0,0.0
1778951511.899478,140.0,13723,-43.0,1,-,0,0,0,0,0.0,-,0,0,0,0,0.0,ECU,0,1,13729,160,140.0,FAN1,0,0,0,0,0.0,COILS,1,1,13510,0,0.0,PUMP,0,0,0,0,0.0,INJECTOR,1,1,13538,0,0.0,SERVO,1,1,13532,0,0.0,ADD 1,0,1,13614,0,0.0,ADD 2,0,1,13658,0,0.0,ADD 3,0,1,13669,0,0.0,ADD 4,0,1,13592,0,0.0,ADD 5,0,0,0,0,0.0,ADD 6,0,1,13647,0,0.0,ADD 7,0,0,0,0,0.0,EGT2CAN,0,1,13620,0,0.0
1778951511.9501178,140.0,13723,-43.0,1,-,0,0,0,0,0.0,-,0,0,0,0,0.0,ECU,0,1,13729,160,140.0,FAN1,0,0,0,0,0.0,COILS,1,1,13510,0,0.0,PUMP,0,0,0,0,0.0,INJECTOR,1,1,13538,0,0.0,SERVO,1,1,13532,0,0.0,ADD 1,0,1,13614,0,0.0,ADD 2,0,1,13658,0,0.0,ADD 3,0,1,13669,0,0.0,ADD 4,0,1,13592,0,0.0,ADD 5,0,0,0,0,0.0,ADD 6,0,1,13647,0,0.0,ADD 7,0,0,0,0,0.0,EGT2CAN,0,1,13620,0,0.0
1778951512.0009546,152.5,13723,-43.0,1,-,0,0,0,0,0.0,-,0,0,0,0,0.0,ECU,0,1,13735,160,152.5,FAN1,0,0,0,0,0.0,COILS,1,1,13729,0,0.0,PUMP,0,0,0,0,0.0,INJECTOR,1,1,13735,0,0.0,SERVO,1,1,13800,0,0.0,ADD 1,0,1,13297,0,0.0,ADD 2,0,1,13330,0,0.0,ADD 3,0,1,13253,0,0.0,ADD 4,0,1,13264,0,0.0,ADD 5,0,0,0,0,0.0,ADD 6,0,1,13171,0,0.0,ADD 7,0,0,0,0,0.0,EGT2CAN,0,1,13281,0,0.0
1778951512.0515058,156.7,13413,-41.0,1,-,0,0,0,0,0.0,-,0,0,0,0,0.0,ECU,0,1,13199,160,156.7,FAN1,0,0,0,0,0.0,COILS,1,1,13292,0,0.0,PUMP,0,0,0,0,0.0,INJECTOR,1,1,13303,0,0.0,SERVO,1,1,13231,0,0.0,ADD 1,0,1,13499,0,0.0,ADD 2,0,1,13582,0,0.0,ADD 3,0,1,13592,0,0.0,ADD 4,0,1,13499,0,0.0,ADD 5,0,0,0,0,0.0,ADD 6,0,1,13554,0,0.0,ADD 7,0,0,0,0,0.0,EGT2CAN,0,1,13330,0,0.0
1778951512.1021662,156.7,13413,-41.0,1,-,0,0,0,0,0.0,-,0,0,0,0,0.0,ECU,0,1,13308,160,156.7,FAN1,0,0,0,0,0.0,COILS,1,1,13292,0,0.0,PUMP,0,0,0,0,0.0,INJECTOR,1,1,13303,0,0.0,SERVO,1,1,13231,0,0.0,ADD 1,0,1,13499,0,0.0,ADD 2,0,1,13582,0,0.0,ADD 3,0,1,13592,0,0.0,ADD 4,0,1,13499,0,0.0,ADD 5,0,0,0,0,0.0,ADD 6,0,1,13554,0,0.0,ADD 7,0,0,0,0,0.0,EGT2CAN,0,1,13330,0,0.0
1778951512.1535983,170.0,13729,-43.0,1,-,0,0,0,0,0.0,-,0,0,0,0,0.0,ECU,0,1,13308,190,170.0,FAN1,0,0,0,0,0.0,COILS,1,1,13324,0,0.0,PUMP,0,0,0,0,0.0,INJECTOR,1,1,13313,0,0.0,SERVO,1,1,13237,0,0.0,ADD 1,0,1,13833,0,0.0,ADD 2,0,1,13871,0,0.0,ADD 3,0,1,13806,0,0.0,ADD 4,0,1,13817,0,0.0,ADD 5,0,0,0,0,0.0,ADD 6,0,1,13746,0,0.0,ADD 7,0,0,0,0,0.0,EGT2CAN,0,1,13833,0,0.0
1778951512.2081802,178.0,13395,-43.0,1,-,0,0,0,0,0.0,-,0,0,0,0,0.0,ECU,0,1,13193,200,178.0,FAN1,0,0,0,0,0.0,COILS,1,1,13319,0,0.0,PUMP,0,0,0,0,0.0,INJECTOR,1,1,13270,0,0.0,SERVO,1,1,13226,0,0.0,ADD 1,0,1,13297,0,0.0,ADD 2,0,1,13401,0,0.0,ADD 3,0,1,13390,0,0.0,ADD 4,0,1,13396,0,0.0,ADD 5,0,0,0,0,0.0,ADD 6,0,1,13467,0,0.0,ADD 7,0,0,0,0,0.0,EGT2CAN,0,1,13324,0,0.0
1778951512.262985,178.0,13333,-43.0,1,-,0,0,0,0,0.0,-,0,0,0,0,0.0,ECU,0,1,13259,200,178.0,FAN1,0,0,0,0,0.0,COILS,1,1,13215,0,0.0,PUMP,0,0,0,0,0.0,INJECTOR,1,1,13248,0,0.0,SERVO,1,1,13237,0,0.0,ADD 1,0,1,13297,0,0.0,ADD 2,0,1,13401,0,0.0,ADD 3,0,1,13390,0,0.0,ADD 4,0,1,13396,0,0.0,ADD 5,0,0,0,0,0.0,ADD 6,0,1,13467,0,0.0,ADD 7,0,0,0,0,0.0,EGT2CAN,0,1,13324,0,0.0
1778951512.3150163,194.0,13679,-44.0,1,-,0,0,0,0,0.0,-,0,0,0,0,0.0,ECU,0,1,13702,220,194.0,FAN1,0,0,0,0,0.0,COILS,1,1,13603,0,0.0,PUMP,0,0,0,0,0.0,INJECTOR,1,1,13549,0,0.0,SERVO,1,1,13521,0,0.0,ADD 1,0,1,13390,0,0.0,ADD 2,0,1,13412,0,0.0,ADD 3,0,1,13374,0,0.0,ADD 4,0,1,13379,0,0.0,ADD 5,0,0,0,0,0.0,ADD 6,0,1,13363,0,0.0,ADD 7,0,0,0,0,0.0,EGT2CAN,0,1,13346,0,0.0
1778951512.37077,196.0,13754,-43.0,1,-,0,0,0,0,0.0,-,0,0,0,0,0.0,ECU,0,1,13811,200,196.0,FAN1,0,0,0,0,0.0,COILS,1,1,13806,0,0.0,PUMP,0,0,0,0,0.0,INJECTOR,1,1,13735,0,0.0,SERVO,1,1,13751,0,0.0,ADD 1,0,1,13740,0,0.0,ADD 2,0,1,13855,0,0.0,ADD 3,0,1,13811,0,0.0,ADD 4,0,1,13839,0,0.0,ADD 5,0,0,0,0,0.0,ADD 6,0,1,13855,0,0.0,ADD 7,0,0,0,0,0.0,EGT2CAN,0,1,13735,0,0.0
1778951512.424138,196.0,13754,-43.0,1,-,0,0,0,0,0.0,-,0,0,0,0,0.0,ECU,0,1,13811,200,196.0,FAN1,0,0,0,0,0.0,COILS,1,1,13806,0,0.0,PUMP,0,0,0,0,0.0,INJECTOR,1,1,13735,0,0.0,SERVO,1,1,13751,0,0.0,ADD 1,0,1,13740,0,0.0,ADD 2,0,1,13855,0,0.0,ADD 3,0,1,13811,0,0.0,ADD 4,0,1,13839,0,0.0,ADD 5,0,0,0,0,0.0,ADD 6,0,1,13855,0,0.0,ADD 7,0,0,0,0,0.0,EGT2CAN,0,1,13735,0,0.0
1778951512.4809349,210.0,13308,-43.0,1,-,0,0,0,0,0.0,-,0,0,0,0,0.0,ECU,0,1,13445,220,210.0,FAN1,0,0,0,0,0.0,COILS,1,1,13576,0,0.0,PUMP,0,0,0,0,0.0,INJECTOR,1,1,13603,0,0.0,SERVO,1,1,13538,0,0.0,ADD 1,0,1,13297,0,0.0,ADD 2,0,1,13275,0,0.0,ADD 3,0,1,13177,0,0.0,ADD 4,0,1,13149,0,0.0,ADD 5,0,0,0,0,0.0,ADD 6,0,1,13292,0,0.0,ADD 7,0,0,0,0,0.0,EGT2CAN,0,1,13286,0,0.0
1778951512.5427475,220.0,13308,-43.0,1,-,0,0,0,0,0.0,-,0,0,0,0,0.0,ECU,0,1,13193,240,220.0,FAN1,0,0,0,0,0.0,COILS,1,1,13292,0,0.0,PUMP,0,0,0,0,0.0,INJECTOR,1,1,13155,0,0.0,SERVO,1,1,13215,0,0.0,ADD 1,0,1,13248,0,0.0,ADD 2,0,1,13335,0,0.0,ADD 3,0,1,13248,0,0.0,ADD 4,0,1,13171,0,0.0,ADD 5,0,0,0,0,0.0,ADD 6,0,1,13292,0,0.0,ADD 7,0,0,0,0,0.0,EGT2CAN,0,1,13292,0,0.0
1778951512.5939376,234.0,13549,-44.0,1,-,0,0,0,0,0.0,-,0,0,0,0,0.0,ECU,0,1,13352,250,234.0,FAN1,0,0,0,0,0.0,COILS,1,1,13220,0,0.0,PUMP,0,0,0,0,0.0,INJECTOR,1,1,13264,0,0.0,SERVO,1,1,13193,0,0.0,ADD 1,0,1,13543,0,0.0,ADD 2,0,1,13538,0,0.0,ADD 3,0,1,13510,0,0.0,ADD 4,0,1,13565,0,0.0,ADD 5,0,0,0,0,0.0,ADD 6,0,1,13718,0,0.0,ADD 7,0,0,0,0,0.0,EGT2CAN,0,1,13532,0,0.0
1778951512.6450257,234.0,13704,-43.0,1,-,0,0,0,0,0.0,-,0,0,0,0,0.0,ECU,0,1,13352,250,234.0,FAN1,0,0,0,0,0.0,COILS,1,1,13220,0,0.0,PUMP,0,0,0,0,0.0,INJECTOR,1,1,13264,0,0.0,SERVO,1,1,13193,0,0.0,ADD 1,0,1,13543,0,0.0,ADD 2,0,1,13538,0,0.0,ADD 3,0,1,13510,0,0.0,ADD 4,0,1,13565,0,0.0,ADD 5,0,0,0,0,0.0,ADD 6,0,1,13718,0,0.0,ADD 7,0,0,0,0,0.0,EGT2CAN,0,1,13532,0,0.0
1778951512.6959736,242.5,13704,-43.0,1,-,0,0,0,0,0.0,-,0,0,0,0,0.0,ECU,0,1,13505,240,242.5,FAN1,0,0,0,0,0.0,COILS,1,1,13554,0,0.0,PUMP,0,0,0,0,0.0,INJECTOR,1,1,13494,0,0.0,SERVO,1,1,13625,0,0.0,ADD 1,0,1,13680,0,0.0,ADD 2,0,1,13669,0,0.0,ADD 3,0,1,13653,0,0.0,ADD 4,0,1,13549,0,0.0,ADD 5,0,0,0,0,0.0,ADD 6,0,1,13724,0,0.0,ADD 7,0,0,0,0,0.0,EGT2CAN,0,1,13746,0,0.0
1778951512.7520971,248.0,13426,-43.0,1,-,0,0,0,0,0.0,-,0,0,0,0,0.0,ECU,0,1,13324,270,248.0,FAN1,0,0,0,0,0.0,COILS,1,1,13319,0,0.0,PUMP,0,0,0,0,0.0,INJECTOR,1,1,13341,0,0.0,SERVO,1,1,13270,0,0.0,ADD 1,0,1,13308,0,0.0,ADD 2,0,1,13357,0,0.0,ADD 3,0,1,13335,0,0.0,ADD 4,0,1,13308,0,0.0,ADD 5,0,0,0,0,0.0,ADD 6,0,1,13286,0,0.0,ADD 7,0,0,0,0,0.0,EGT2CAN,0,1,13253,0,0.0
1778951512.803458,252.0,13785,-43.0,1,-,0,0,0,0,0.0,-,0,0,0,0,0.0,ECU,0,1,13324,260,252.0,FAN1,0,0,0,0,0.0,COILS,1,1,13319,0,0.0,PUMP,0,0,0,0,0.0,INJECTOR,1,1,13341,0,0.0,SERVO,1,1,13270,0,0.0,ADD 1,0,1,13308,0,0.0,ADD 2,0,1,13357,0,0.0,ADD 3,0,1,13335,0,0.0,ADD 4,0,1,13308,0,0.0,ADD 5,0,0,0,0,0.0,ADD 6,0,1,13286,0,0.0,ADD 7,0,0,0,0,0.0,EGT2CAN,0,1,13253,0,0.0
1778951512.8591297,262.0,13791,-43.0,1,-,0,0,0,0,0.0,-,0,0,0,0,0.0,ECU,0,1,13505,260,262.0,FAN1,0,0,0,0,0.0,COILS,1,1,13554,0,0.0,PUMP,0,0,0,0,0.0,INJECTOR,1,1,13669,0,0.0,SERVO,1,1,13532,0,0.0,ADD 1,0,1,13767,0,0.0,ADD 2,0,1,13795,0,0.0,ADD 3,0,1,13778,0,0.0,ADD 4,0,1,13532,0,0.0,ADD 5,0,0,0,0,0.0,ADD 6,0,1,13833,0,0.0,ADD 7,0,0,0,0,0.0,EGT2CAN,0,1,13855,0,0.0
1778951512.9190307,262.0,13791,-43.0,1,-,0,0,0,0,0.0,-,0,0,0,0,0.0,ECU,0,1,13800,260,262.0,FAN1,0,0,0,0,0.0,COILS,1,1,13811,0,0.0,PUMP,0,0,0,0,0.0,INJECTOR,1,1,13800,0,0.0,SERVO,1,1,13877,0,0.0,ADD 1,0,1,13767,0,0.0,ADD 2,0,1,13795,0,0.0,ADD 3,0,1,13778,0,0.0,ADD 4,0,1,13532,0,0.0,ADD 5,0,0,0,0,0.0,ADD 6,0,1,13833,0,0.0,ADD 7,0,0,0,0,0.0,EGT2CAN,0,1,13855,0,0.0
1778951512.9795136,266.0,13407,-41.0,1,-,0,0,0,0,0.0,-,0,0,0,0,0.0,ECU,0,1,13248,260,266.0,FAN1,0,0,0,0,0.0,COILS,1,1,13215,0,0.0,PUMP,0,0,0,0,0.0,INJECTOR,1,1,13270,0,0.0,SERVO,1,1,13204,0,0.0,ADD 1,0,1,13324,0,0.0,ADD 2,0,1,13330,0,0.0,ADD 3,0,1,13363,0,0.0,ADD 4,0,1,13286,0,0.0,ADD 5,0,0,0,0,0.0,ADD 6,0,1,13363,0,0.0,ADD 7,0,0,0,0,0.0,EGT2CAN,0,1,13210,0,0.0
1778951513.0310073,268.0,13822,-43.0,1,-,0,0,0,0,0.0,-,0,0,0,0,0.0,ECU,0,1,13368,270,268.0,FAN1,0,0,0,0,0.0,COILS,1,1,13363,0,0.0,PUMP,0,0,0,0,0.0,INJECTOR,1,1,13281,0,0.0,SERVO,1,1,13193,0,0.0,ADD 1,0,1,13773,0,0.0,ADD 2,0,1,13866,0,0.0,ADD 3,0,1,13921,0,0.0,ADD 4,0,1,13855,0,0.0,ADD 5,0,0,0,0,0.0,ADD 6,0,1,13943,0,0.0,ADD 7,0,0,0,0,0.0,EGT2CAN,0,1,13800,0,0.0
1778951513.0814157,268.0,13822,-43.0,1,-,0,0,0,0,0.0,-,0,0,0,0,0.0,ECU,0,1,13926,270,268.0,FAN1,0,0,0,0,0.0,COILS,1,1,13959,0,0.0,PUMP,0,0,0,0,0.0,INJECTOR,1,1,13921,0,0.0,SERVO,1,1,13899,0,0.0,ADD 1,0,1,13275,0,0.0,ADD 2,0,1,13253,0,0.0,ADD 3,0,1,13286,0,0.0,ADD 4,0,1,13286,0,0.0,ADD 5,0,0,0,0,0.0,ADD 6,0,1,13390,0,0.0,ADD 7,0,0,0,0,0.0,EGT2CAN,0,1,13417,0,0.0
1778951513.134079,266.0,13370,-44.0,1,-,0,0,0,0,0.0,-,0,0,0,0,0.0,ECU,0,1,13242,270,266.0,FAN1,0,0,0,0,0.0,COILS,1,1,13335,0,0.0,PUMP,0,0,0,0,0.0,INJECTOR,1,1,13324,0,0.0,SERVO,1,1,13330,0,0.0,ADD 1,0,1,13379,0,0.0,ADD 2,0,1,13417,0,0.0,ADD 3,0,1,13445,0,0.0,ADD 4,0,1,13396,0,0.0,ADD 5,0,0,0,0,0.0,ADD 6,0,1,13423,0,0.0,ADD 7,0,0,0,0,0.0,EGT2CAN,0,1,13374,0,0.0
1778951513.1977675,267.5,13370,-44.0,1,-,0,0,0,0,0.0,-,0,0,0,0,0.0,ECU,0,1,13363,270,267.5,FAN1,0,0,0,0,0.0,COILS,1,1,13259,0,0.0,PUMP,0,0,0,0,0.0,INJECTOR,1,1,13303,0,0.0,SERVO,1,1,13275,0,0.0,ADD 1,0,1,13335,0,0.0,ADD 2,0,1,13319,0,0.0,ADD 3,0,1,13275,0,0.0,ADD 4,0,1,13177,0,0.0,ADD 5,0,0,0,0,0.0,ADD 6,0,1,13270,0,0.0,ADD 7,0,0,0,0,0.0,EGT2CAN,0,1,13313,0,0.0
1778951513.2481818,268.0,13648,-43.0,1,-,0,0,0,0,0.0,-,0,0,0,0,0.0,ECU,0,1,13603,260,268.0,FAN1,0,0,0,0,0.0,COILS,1,1,13751,0,0.0,PUMP,0,0,0,0,0.0,INJECTOR,1,1,13647,0,0.0,SERVO,1,1,13696,0,0.0,ADD 1,0,1,13767,0,0.0,ADD 2,0,1,13855,0,0.0,ADD 3,0,1,13855,0,0.0,ADD 4,0,1,13844,0,0.0,ADD 5,0,0,0,0,0.0,ADD 6,0,1,13899,0,0.0,ADD 7,0,0,0,0,0.0,EGT2CAN,0,1,13773,0,0.0
1778951513.2992287,268.0,13648,-43.0,1,-,0,0,0,0,0.0,-,0,0,0,0,0.0,ECU,0,1,13603,260,268.0,FAN1,0,0,0,0,0.0,COILS,1,1,13751,0,0.0,PUMP,0,0,0,0,0.0,INJECTOR,1,1,13647,0,0.0,SERVO,1,1,13696,0,0.0,ADD 1,0,1,13767,0,0.0,ADD 2,0,1,13855,0,0.0,ADD 3,0,1,13855,0,0.0,ADD 4,0,1,13844,0,0.0,ADD 5,0,0,0,0,0.0,ADD 6,0,1,13899,0,0.0,ADD 7,0,0,0,0,0.0,EGT2CAN,0,1,13773,0,0.0
1778951513.3510177,270.0,13648,-43.0,1,-,0,0,0,0,0.0,-,0,0,0,0,0.0,ECU,0,1,13603,270,270.0,FAN1,0,0,0,0,0.0,COILS,1,1,13811,0,0.0,PUMP,0,0,0,0,0.0,INJECTOR,1,1,13740,0,0.0,SERVO,1,1,13680,0,0.0,ADD 1,0,1,13193,0,0.0,ADD 2,0,1,13248,0,0.0,ADD 3,0,1,13303,0,0.0,ADD 4,0,1,13281,0,0.0,ADD 5,0,0,0,0,0.0,ADD 6,0,1,13308,0,0.0,ADD 7,0,0,0,0,0.0,EGT2CAN,0,1,13220,0,0.0
1778951513.4024603,268.0,13419,-43.0,1,-,0,0,0,0,0.0,-,0,0,0,0,0.0,ECU,0,1,13335,270,268.0,FAN1,0,0,0,0,0.0,COILS,1,1,13368,0,0.0,PUMP,0,0,0,0,0.0,INJECTOR,1,1,13330,0,0.0,SERVO,1,1,13286,0,0.0,ADD 1,0,1,13800,0,0.0,ADD 2,0,1,13762,0,0.0,ADD 3,0,1,13647,0,0.0,ADD 4,0,1,13669,0,0.0,ADD 5,0,0,0,0,0.0,ADD 6,0,1,13806,0,0.0,ADD 7,0,0,0,0,0.0,EGT2CAN,0,1,13735,0,0.0
1778951513.4573884,268.0,13599,-43.0,1,-,0,0,0,0,0.0,-,0,0,0,0,0.0,ECU,0,1,13335,270,268.0,FAN1,0,0,0,0,0.0,COILS,1,1,13368,0,0.0,PUMP,0,0,0,0,0.0,INJECTOR,1,1,13330,0,0.0,SERVO,1,1,13286,0,0.0,ADD 1,0,1,13800,0,0.0,ADD 2,0,1,13762,0,0.0,ADD 3,0,1,13647,0,0.0,ADD 4,0,1,13669,0,0.0,ADD 5,0,0,0,0,0.0,ADD 6,0,1,13806,0,0.0,ADD 7,0,0,0,0,0.0,EGT2CAN,0,1,13735,0,0.0
1778951513.510275,258.0,13382,-44.0,1,-,0,0,0,0,0.0,-,0,0,0,0,0.0,ECU,0,1,13784,250,258.0,FAN1,0,0,0,0,0.0,COILS,1,1,13904,0,0.0,PUMP,0,0,0,0,0.0,INJECTOR,1,1,13822,0,0.0,SERVO,1,1,13839,0,0.0,ADD 1,0,1,13226,0,0.0,ADD 2,0,1,13264,0,0.0,ADD 3,0,1,13319,0,0.0,ADD 4,0,1,13264,0,0.0,ADD 5,0,0,0,0,0.0,ADD 6,0,1,13335,0,0.0,ADD 7,0,0,0,0,0.0,EGT2CAN,0,1,13264,0,0.0
1778951513.561504,258.0,13382,-44.0,1,-,0,0,0,0,0.0,-,0,0,0,0,0.0,ECU,0,1,13784,250,258.0,FAN1,0,0,0,0,0.0,COILS,1,1,13904,0,0.0,PUMP,0,0,0,0,0.0,INJECTOR,1,1,13822,0,0.0,SERVO,1,1,13839,0,0.0,ADD 1,0,1,13226,0,0.0,ADD 2,0,1,13264,0,0.0,ADD 3,0,1,13319,0,0.0,ADD 4,0,1,13264,0,0.0,ADD 5,0,0,0,0,0.0,ADD 6,0,1,13335,0,0.0,ADD 7,0,0,0,0,0.0,EGT2CAN,0,1,13264,0,0.0
1778951513.6152246,240.0,13593,-43.0,1,-,0,0,0,0,0.0,-,0,0,0,0,0.0,ECU,0,1,13363,240,240.0,FAN1,0,0,0,0,0.0,COILS,1,1,13330,0,0.0,PUMP,0,0,0,0,0.0,INJECTOR,1,1,13335,0,0.0,SERVO,1,1,13237,0,0.0,ADD 1,0,1,13220,0,0.0,ADD 2,0,1,13335,0,0.0,ADD 3,0,1,13303,0,0.0,ADD 4,0,1,13303,0,0.0,ADD 5,0,0,0,0,0.0,ADD 6,0,1,13401,0,0.0,ADD 7,0,0,0,0,0.0,EGT2CAN,0,1,13286,0,0.0
1778951513.6786304,238.0,13673,-43.0,1,-,0,0,0,0,0.0,-,0,0,0,0,0.0,ECU,0,1,13631,230,238.0,FAN1,0,0,0,0,0.0,COILS,1,1,13582,0,0.0,PUMP,0,0,0,0,0.0,INJECTOR,1,1,13461,0,0.0,SERVO,1,1,13330,0,0.0,ADD 1,0,1,13275,0,0.0,ADD 2,0,1,13363,0,0.0,ADD 3,0,1,13319,0,0.0,ADD 4,0,1,13374,0,0.0,ADD 5,0,0,0,0,0.0,ADD 6,0,1,13434,0,0.0,ADD 7,0,0,0,0,0.0,EGT2CAN,0,1,13324,0,0.0
1778951513.7309008,238.0,13673,-43.0,1,-,0,0,0,0,0.0,-,0,0,0,0,0.0,ECU,0,1,13724,230,238.0,FAN1,0,0,0,0,0.0,COILS,1,1,13806,0,0.0,PUMP,0,0,0,0,0.0,INJECTOR,1,1,13855,0,0.0,SERVO,1,1,13828,0,0.0,ADD 1,0,1,13275,0,0.0,ADD 2,0,1,13363,0,0.0,ADD 3,0,1,13319,0,0.0,ADD 4,0,1,13374,0,0.0,ADD 5,0,0,0,0,0.0,ADD 6,0,1,13434,0,0.0,ADD 7,0,0,0,0,0.0,EGT2CAN,0,1,13324,0,0.0
1778951513.7811687,234.0,13494,-44.0,1,-,0,0,0,0,0.0,-,0,0,0,0,0.0,ECU,0,1,13259,230,234.0,FAN1,0,0,0,0,0.0,COILS,1,1,13352,0,0.0,PUMP,0,0,0,0,0.0,INJECTOR,1,1,13368,0,0.0,SERVO,1,1,13385,0,0.0,ADD 1,0,1,13412,0,0.0,ADD 2,0,1,13390,0,0.0,ADD 3,0,1,13319,0,0.0,ADD 4,0,1,13264,0,0.0,ADD 5,0,0,0,0,0.0,ADD 6,0,1,13445,0,0.0,ADD 7,0,0,0,0,0.0,EGT2CAN,0,1,13499,0,0.0
1778951513.844245,234.0,13494,-44.0,1,-,0,0,0,0,0.0,-,0,0,0,0,0.0,ECU,0,1,13603,230,234.0,FAN1,0,0,0,0,0.0,COILS,1,1,13685,0,0.0,PUMP,0,0,0,0,0.0,INJECTOR,1,1,13691,0,0.0,SERVO,1,1,13691,0,0.0,ADD 1,0,1,13346,0,0.0,ADD 2,0,1,13374,0,0.0,ADD 3,0,1,13352,0,0.0,ADD 4,0,1,13303,0,0.0,ADD 5,0,0,0,0,0.0,ADD 6,0,1,13292,0,0.0,ADD 7,0,0,0,0,0.0,EGT2CAN,0,1,13335,0,0.0
1778951513.8949957,228.0,13574,-44.0,1,-,0,0,0,0,0.0,-,0,0,0,0,0.0,ECU,0,1,13844,220,228.0,FAN1,0,0,0,0,0.0,COILS,1,1,13828,0,0.0,PUMP,0,0,0,0,0.0,INJECTOR,1,1,13685,0,0.0,SERVO,1,1,13456,0,0.0,ADD 1,0,1,13603,0,0.0,ADD 2,0,1,13642,0,0.0,ADD 3,0,1,13713,0,0.0,ADD 4,0,1,13685,0,0.0,ADD 5,0,0,0,0,0.0,ADD 6,0,1,13828,0,0.0,ADD 7,0,0,0,0,0.0,EGT2CAN,0,1,13784,0,0.0
1778951513.9470382,228.0,13574,-44.0,1,-,0,0,0,0,0.0,-,0,0,0,0,0.0,ECU,0,1,13844,220,228.0,FAN1,0,0,0,0,0.0,COILS,1,1,13828,0,0.0,PUMP,0,0,0,0,0.0,INJECTOR,1,1,13685,0,0.0,SERVO,1,1,13456,0,0.0,ADD 1,0,1,13603,0,0.0,ADD 2,0,1,13642,0,0.0,ADD 3,0,1,13713,0,0.0,ADD 4,0,1,13685,0,0.0,ADD 5,0,0,0,0,0.0,ADD 6,0,1,13828,0,0.0,ADD 7,0,0,0,0,0.0,EGT2CAN,0,1,13784,0,0.0
1778951513.998643,220.0,13574,-44.0,1,-,0,0,0,0,0.0,-,0,0,0,0,0.0,ECU,0,1,13423,210,220.0,FAN1,0,0,0,0,0.0,COILS,1,1,13499,0,0.0,PUMP,0,0,0,0,0.0,INJECTOR,1,1,13538,0,0.0,SERVO,1,1,13390,0,0.0,ADD 1,0,1,13445,0,0.0,ADD 2,0,1,13565,0,0.0,ADD 3,0,1,13560,0,0.0,ADD 4,0,1,13598,0,0.0,ADD 5,0,0,0,0,0.0,ADD 6,0,1,13691,0,0.0,ADD 7,0,0,0,0,0.0,EGT2CAN,0,1,13532,0,0.0
1778951514.053429,218.0,13853,-44.0,1,-,0,0,0,0,0.0,-,0,0,0,0,0.0,ECU,0,1,13850,210,218.0,FAN1,0,0,0,0,0.0,COILS,1,1,13921,0,0.0,PUMP,0,0,0,0,0.0,INJECTOR,1,1,13888,0,0.0,SERVO,1,1,13702,0,0.0,ADD 1,0,1,13707,0,0.0,ADD 2,0,1,13614,0,0.0,ADD 3,0,1,13532,0,0.0,ADD 4,0,1,13489,0,0.0,ADD 5,0,0,0,0,0.0,ADD 6,0,1,13538,0,0.0,ADD 7,0,0,0,0,0.0,EGT2CAN,0,1,13467,0,0.0
1778951514.1042614,208.0,13518,-44.0,1,-,0,0,0,0,0.0,-,0,0,0,0,0.0,ECU,0,1,13850,190,208.0,FAN1,0,0,0,0,0.0,COILS,1,1,13921,0,0.0,PUMP,0,0,0,0,0.0,INJECTOR,1,1,13888,0,0.0,SERVO,1,1,13702,0,0.0,ADD 1,0,1,13707,0,0.0,ADD 2,0,1,13614,0,0.0,ADD 3,0,1,13532,0,0.0,ADD 4,0,1,13489,0,0.0,ADD 5,0,0,0,0,0.0,ADD 6,0,1,13538,0,0.0,ADD 7,0,0,0,0,0.0,EGT2CAN,0,1,13467,0,0.0
1778951514.155,202.5,13333,-44.0,1,-,0,0,0,0,0.0,-,0,0,0,0,0.0,ECU,0,1,13582,200,202.5,FAN1,0,0,0,0,0.0,COILS,1,1,13647,0,0.0,PUMP,0,0,0,0,0.0,INJECTOR,1,1,13357,0,0.0,SERVO,1,1,13319,0,0.0,ADD 1,0,1,13390,0,0.0,ADD 2,0,1,13352,0,0.0,ADD 3,0,1,13396,0,0.0,ADD 4,0,1,13313,0,0.0,ADD 5,0,0,0,0,0.0,ADD 6,0,1,13286,0,0.0,ADD 7,0,0,0,0,0.0,EGT2CAN,0,1,13368,0,0.0
1778951514.2080016,196.0,13494,-43.0,1,-,0,0,0,0,0.0,-,0,0,0,0,0.0,ECU,0,1,13374,190,196.0,FAN1,0,0,0,0,0.0,COILS,1,1,13303,0,0.0,PUMP,0,0,0,0,0.0,INJECTOR,1,1,13335,0,0.0,SERVO,1,1,13275,0,0.0,ADD 1,0,1,13313,0,0.0,ADD 2,0,1,13401,0,0.0,ADD 3,0,1,13401,0,0.0,ADD 4,0,1,13368,0,0.0,ADD 5,0,0,0,0,0.0,ADD 6,0,1,13406,0,0.0,ADD 7,0,0,0,0,0.0,EGT2CAN,0,1,13330,0,0.0
1778951514.2715938,196.0,13494,-43.0,1,-,0,0,0,0,0.0,-,0,0,0,0,0.0,ECU,0,1,13450,190,196.0,FAN1,0,0,0,0,0.0,COILS,1,1,13401,0,0.0,PUMP,0,0,0,0,0.0,INJECTOR,1,1,13248,0,0.0,SERVO,1,1,13324,0,0.0,ADD 1,0,1,13313,0,0.0,ADD 2,0,1,13401,0,0.0,ADD 3,0,1,13401,0,0.0,ADD 4,0,1,13368,0,0.0,ADD 5,0,0,0,0,0.0,ADD 6,0,1,13406,0,0.0,ADD 7,0,0,0,0,0.0,EGT2CAN,0,1,13330,0,0.0
1778951514.324159,190.0,13698,-44.0,1,-,0,0,0,0,0.0,-,0,0,0,0,0.0,ECU,0,1,13718,190,190.0,FAN1,0,0,0,0,0.0,COILS,1,1,13647,0,0.0,PUMP,0,0,0,0,0.0,INJECTOR,1,1,13565,0,0.0,SERVO,1,1,13461,0,0.0,ADD 1,0,1,13510,0,0.0,ADD 2,0,1,13521,0,0.0,ADD 3,0,1,13445,0,0.0,ADD 4,0,1,13461,0,0.0,ADD 5,0,0,0,0,0.0,ADD 6,0,1,13664,0,0.0,ADD 7,0,0,0,0,0.0,EGT2CAN,0,1,13658,0,0.0
1778951514.3870547,190.0,13698,-44.0,1,-,0,0,0,0,0.0,-,0,0,0,0,0.0,ECU,0,1,14003,190,190.0,FAN1,0,0,0,0,0.0,COILS,1,1,13997,0,0.0,PUMP,0,0,0,0,0.0,INJECTOR,1,1,13882,0,0.0,SERVO,1,1,13877,0,0.0,ADD 1,0,1,13510,0,0.0,ADD 2,0,1,13521,0,0.0,ADD 3,0,1,13445,0,0.0,ADD 4,0,1,13461,0,0.0,ADD 5,0,0,0,0,0.0,ADD 6,0,1,13664,0,0.0,ADD 7,0,0,0,0,0.0,EGT2CAN,0,1,13658,0,0.0
1778951514.4376209,187.5,13457,-45.0,1,-,0,0,0,0,0.0,-,0,0,0,0,0.0,ECU,0,1,13264,190,187.5,FAN1,0,0,0,0,0.0,COILS,1,1,13450,0,0.0,PUMP,0,0,0,0,0.0,INJECTOR,1,1,13445,0,0.0,SERVO,1,1,13461,0,0.0,ADD 1,0,1,13417,0,0.0,ADD 2,0,1,13406,0,0.0,ADD 3,0,1,13319,0,0.0,ADD 4,0,1,13286,0,0.0,ADD 5,0,0,0,0,0.0,ADD 6,0,1,13472,0,0.0,ADD 7,0,0,0,0,0.0,EGT2CAN,0,1,13423,0,0.0
1778951514.4885676,184.0,13574,-43.0,1,-,0,0,0,0,0.0,-,0,0,0,0,0.0,ECU,0,1,13264,170,184.0,FAN1,0,0,0,0,0.0,COILS,1,1,13401,0,0.0,PUMP,0,0,0,0,0.0,INJECTOR,1,1,13406,0,0.0,SERVO,1,1,13368,0,0.0,ADD 1,0,1,13319,0,0.0,ADD 2,0,1,13412,0,0.0,ADD 3,0,1,13319,0,0.0,ADD 4,0,1,13259,0,0.0,ADD 5,0,0,0,0,0.0,ADD 6,0,1,13390,0,0.0,ADD 7,0,0,0,0,0.0,EGT2CAN,0,1,13406,0,0.0
1778951514.5398085,182.5,13574,-43.0,1,-,0,0,0,0,0.0,-,0,0,0,0,0.0,ECU,0,1,13324,180,182.5,FAN1,0,0,0,0,0.0,COILS,1,1,13456,0,0.0,PUMP,0,0,0,0,0.0,INJECTOR,1,1,13423,0,0.0,SERVO,1,1,13423,0,0.0,ADD 1,0,1,13461,0,0.0,ADD 2,0,1,13516,0,0.0,ADD 3,0,1,13434,0,0.0,ADD 4,0,1,13439,0,0.0,ADD 5,0,0,0,0,0.0,ADD 6,0,1,13352,0,0.0,ADD 7,0,0,0,0,0.0,EGT2CAN,0,1,13417,0,0.0
1778951514.5906508,182.0,13438,-43.0,1,-,0,0,0,0,0.0,-,0,0,0,0,0.0,ECU,0,1,13286,180,182.0,FAN1,0,0,0,0,0.0,COILS,1,1,13248,0,0.0,PUMP,0,0,0,0,0.0,INJECTOR,1,1,13352,0,0.0,SERVO,1,1,13220,0,0.0,ADD 1,0,1,13319,0,0.0,ADD 2,0,1,13379,0,0.0,ADD 3,0,1,13248,0,0.0,ADD 4,0,1,13396,0,0.0,ADD 5,0,0,0,0,0.0,ADD 6,0,1,13921,0,0.0,ADD 7,0,0,0,0,0.0,EGT2CAN,0,1,13800,0,0.0
1778951514.642902,181.7,13438,-43.0,1,-,0,0,0,0,0.0,-,0,0,0,0,0.0,ECU,0,1,13286,180,181.7,FAN1,0,0,0,0,0.0,COILS,1,1,13248,0,0.0,PUMP,0,0,0,0,0.0,INJECTOR,1,1,13352,0,0.0,SERVO,1,1,13220,0,0.0,ADD 1,0,1,13319,0,0.0,ADD 2,0,1,13379,0,0.0,ADD 3,0,1,13248,0,0.0,ADD 4,0,1,13396,0,0.0,ADD 5,0,0,0,0,0.0,ADD 6,0,1,13417,0,0.0,ADD 7,0,0,0,0,0.0,EGT2CAN,0,1,13319,0,0.0
1778951514.6946192,174.0,13915,-44.0,1,-,0,0,0,0,0.0,-,0,0,0,0,0.0,ECU,0,1,13379,170,174.0,FAN1,0,0,0,0,0.0,COILS,1,1,13472,0,0.0,PUMP,0,0,0,0,0.0,INJECTOR,1,1,13472,0,0.0,SERVO,1,1,13297,0,0.0,ADD 1,0,1,13850,0,0.0,ADD 2,0,1,13817,0,0.0,ADD 3,0,1,13718,0,0.0,ADD 4,0,1,13713,0,0.0,ADD 5,0,0,0,0,0.0,ADD 6,0,1,13795,0,0.0,ADD 7,0,0,0,0,0.0,EGT2CAN,0,1,13762,0,0.0
1778951514.7486157,174.0,13915,-44.0,1,-,0,0,0,0,0.0,-,0,0,0,0,0.0,ECU,0,1,13379,170,174.0,FAN1,0,0,0,0,0.0,COILS,1,1,13472,0,0.0,PUMP,0,0,0,0,0.0,INJECTOR,1,1,13472,0,0.0,SERVO,1,1,13297,0,0.0,ADD 1,0,1,13850,0,0.0,ADD 2,0,1,13817,0,0.0,ADD 3,0,1,13718,0,0.0,ADD 4,0,1,13713,0,0.0,ADD 5,0,0,0,0,0.0,ADD 6,0,1,13795,0,0.0,ADD 7,0,0,0,0,0.0,EGT2CAN,0,1,13762,0,0.0
1778951514.8015895,174.0,13915,-44.0,1,-,0,0,0,0,0.0,-,0,0,0,0,0.0,ECU,0,1,13888,170,174.0,FAN1,0,0,0,0,0.0,COILS,1,1,13964,0,0.0,PUMP,0,0,0,0,0.0,INJECTOR,1,1,13762,0,0.0,SERVO,1,1,13778,0,0.0,ADD 1,0,1,13658,0,0.0,ADD 2,0,1,13724,0,0.0,ADD 3,0,1,13625,0,0.0,ADD 4,0,1,13571,0,0.0,ADD 5,0,0,0,0,0.0,ADD 6,0,1,13795,0,0.0,ADD 7,0,0,0,0,0.0,EGT2CAN,0,1,13762,0,0.0
1778951514.8525996,172.0,13494,-41.0,1,-,0,0,0,0,0.0,-,0,0,0,0,0.0,ECU,0,1,13385,180,172.0,FAN1,0,0,0,0,0.0,COILS,1,1,13330,0,0.0,PUMP,0,0,0,0,0.0,INJECTOR,1,1,13461,0,0.0,SERVO,1,1,13423,0,0.0,ADD 1,0,1,13423,0,0.0,ADD 2,0,1,13505,0,0.0,ADD 3,0,1,13456,0,0.0,ADD 4,0,1,13428,0,0.0,ADD 5,0,0,0,0,0.0,ADD 6,0,1,13417,0,0.0,ADD 7,0,0,0,0,0.0,EGT2CAN,0,1,13423,0,0.0
1778951514.9030068,172.0,13494,-41.0,1,-,0,0,0,0,0.0,-,0,0,0,0,0.0,ECU,0,1,13385,180,172.0,FAN1,0,0,0,0,0.0,COILS,1,1,13330,0,0.0,PUMP,0,0,0,0,0.0,INJECTOR,1,1,13461,0,0.0,SERVO,1,1,13423,0,0.0,ADD 1,0,1,13423,0,0.0,ADD 2,0,1,13505,0,0.0,ADD 3,0,1,13456,0,0.0,ADD 4,0,1,13428,0,0.0,ADD 5,0,0,0,0,0.0,ADD 6,0,1,13417,0,0.0,ADD 7,0,0,0,0,0.0,EGT2CAN,0,1,13423,0,0.0
1778951514.9541109,177.5,13494,-41.0,1,-,0,0,0,0,0.0,-,0,0,0,0,0.0,ECU,0,1,13489,180,177.5,FAN1,0,0,0,0,0.0,COILS,1,1,13494,0,0.0,PUMP,0,0,0,0,0.0,INJECTOR,1,1,13390,0,0.0,SERVO,1,1,13374,0,0.0,ADD 1,0,1,13494,0,0.0,ADD 2,0,1,13456,0,0.0,ADD 3,0,1,13390,0,0.0,ADD 4,0,1,13346,0,0.0,ADD 5,0,0,0,0,0.0,ADD 6,0,1,13472,0,0.0,ADD 7,0,0,0,0,0.0,EGT2CAN,0,1,13439,0,0.0
1778951515.0051897,173.3,13457,-43.0,1,-,0,0,0,0,0.0,-,0,0,0,0,0.0,ECU,0,1,13603,160,173.3,FAN1,0,0,0,0,0.0,COILS,1,1,13653,0,0.0,PUMP,0,0,0,0,0.0,INJECTOR,1,1,13642,0,0.0,SERVO,1,1,13685,0,0.0,ADD 1,0,1,13767,0,0.0,ADD 2,0,1,13817,0,0.0,ADD 3,0,1,13784,0,0.0,ADD 4,0,1,13746,0,0.0,ADD 5,0,0,0,0,0.0,ADD 6,0,1,13696,0,0.0,ADD 7,0,0,0,0,0.0,EGT2CAN,0,1,13740,0,0.0
1778951515.0676436,173.3,13438,-42.0,1,-,0,0,0,0,0.0,-,0,0,0,0,0.0,ECU,0,1,13603,160,173.3,FAN1,0,0,0,0,0.0,COILS,1,1,13653,0,0.0,PUMP,0,0,0,0,0.0,INJECTOR,1,1,13642,0,0.0,SERVO,1,1,13685,0,0.0,ADD 1,0,1,13767,0,0.0,ADD 2,0,1,13817,0,0.0,ADD 3,0,1,13784,0,0.0,ADD 4,0,1,13746,0,0.0,ADD 5,0,0,0,0,0.0,ADD 6,0,1,13696,0,0.0,ADD 7,0,0,0,0,0.0,EGT2CAN,0,1,13740,0,0.0
1778951515.1185298,164.0,13463,-43.0,1,-,0,0,0,0,0.0,-,0,0,0,0,0.0,ECU,0,1,13248,160,164.0,FAN1,0,0,0,0,0.0,COILS,1,1,13248,0,0.0,PUMP,0,0,0,0,0.0,INJECTOR,1,1,13505,0,0.0,SERVO,1,1,13450,0,0.0,ADD 1,0,1,13439,0,0.0,ADD 2,0,1,13494,0,0.0,ADD 3,0,1,13401,0,0.0,ADD 4,0,1,13319,0,0.0,ADD 5,0,0,0,0,0.0,ADD 6,0,1,13450,0,0.0,ADD 7,0,0,0,0,0.0,EGT2CAN,0,1,13478,0,0.0
1778951515.1691253,163.3,13648,-44.0,1,-,0,0,0,0,0.0,-,0,0,0,0,0.0,ECU,0,1,13308,160,163.3,FAN1,0,0,0,0,0.0,COILS,1,1,13423,0,0.0,PUMP,0,0,0,0,0.0,INJECTOR,1,1,13385,0,0.0,SERVO,1,1,13330,0,0.0,ADD 1,0,1,13735,0,0.0,ADD 2,0,1,13685,0,0.0,ADD 3,0,1,13647,0,0.0,ADD 4,0,1,13560,0,0.0,ADD 5,0,0,0,0,0.0,ADD 6,0,1,13456,0,0.0,ADD 7,0,0,0,0,0.0,EGT2CAN,0,1,13483,0,0.0
1778951515.2206929,163.3,13648,-44.0,1,-,0,0,0,0,0.0,-,0,0,0,0,0.0,ECU,0,1,13499,160,163.3,FAN1,0,0,0,0,0.0,COILS,1,1,13423,0,0.0,PUMP,0,0,0,0,0.0,INJECTOR,1,1,13423,0,0.0,SERVO,1,1,13456,0,0.0,ADD 1,0,1,13735,0,0.0,ADD 2,0,1,13685,0,0.0,ADD 3,0,1,13647,0,0.0,ADD 4,0,1,13560,0,0.0,ADD 5,0,0,0,0,0.0,ADD 6,0,1,13456,0,0.0,ADD 7,0,0,0,0,0.0,EGT2CAN,0,1,13483,0,0.0
1778951515.2775126,158.0,13574,-43.0,1,-,0,0,0,0,0.0,-,0,0,0,0,0.0,ECU,0,1,14046,150,158.0,FAN1,0,0,0,0,0.0,COILS,1,1,13964,0,0.0,PUMP,0,0,0,0,0.0,INJECTOR,1,1,14079,0,0.0,SERVO,1,1,13986,0,0.0,ADD 1,0,1,13483,0,0.0,ADD 2,0,1,13505,0,0.0,ADD 3,0,1,13532,0,0.0,ADD 4,0,1,13527,0,0.0,ADD 5,0,0,0,0,0.0,ADD 6,0,1,13571,0,0.0,ADD 7,0,0,0,0,0.0,EGT2CAN,0,1,13450,0,0.0
1778951515.3451588,158.0,13574,-43.0,1,-,0,0,0,0,0.0,-,0,0,0,0,0.0,ECU,0,1,13450,150,158.0,FAN1,0,0,0,0,0.0,COILS,1,1,13450,0,0.0,PUMP,0,0,0,0,0.0,INJECTOR,1,1,13445,0,0.0,SERVO,1,1,13406,0,0.0,ADD 1,0,1,13390,0,0.0,ADD 2,0,1,13499,0,0.0,ADD 3,0,1,13494,0,0.0,ADD 4,0,1,13445,0,0.0,ADD 5,0,0,0,0,0.0,ADD 6,0,1,13494,0,0.0,ADD 7,0,0,0,0,0.0,EGT2CAN,0,1,13423,0,0.0
1778951515.3973176,152.0,13735,-43.0,1,-,0,0,0,0,0.0,-,0,0,0,0,0.0,ECU,0,1,14019,150,152.0,FAN1,0,0,0,0,0.0,COILS,1,1,14036,0,0.0,PUMP,0,0,0,0,0.0,INJECTOR,1,1,13970,0,0.0,SERVO,1,1,13899,0,0.0,ADD 1,0,1,13959,0,0.0,ADD 2,0,1,13888,0,0.0,ADD 3,0,1,13817,0,0.0,ADD 4,0,1,13680,0,0.0,ADD 5,0,0,0,0,0.0,ADD 6,0,1,13833,0,0.0,ADD 7,0,0,0,0,0.0,EGT2CAN,0,1,13762,0,0.0
1778951515.448457,152.0,13735,-43.0,1,-,0,0,0,0,0.0,-,0,0,0,0,0.0,ECU,0,1,14019,150,152.0,FAN1,0,0,0,0,0.0,COILS,1,1,14036,0,0.0,PUMP,0,0,0,0,0.0,INJECTOR,1,1,13970,0,0.0,SERVO,1,1,13899,0,0.0,ADD 1,0,1,13959,0,0.0,ADD 2,0,1,13888,0,0.0,ADD 3,0,1,13817,0,0.0,ADD 4,0,1,13680,0,0.0,ADD 5,0,0,0,0,0.0,ADD 6,0,1,13833,0,0.0,ADD 7,0,0,0,0,0.0,EGT2CAN,0,1,13762,0,0.0
1778951515.4992464,152.0,13735,-43.0,1,-,0,0,0,0,0.0,-,0,0,0,0,0.0,ECU,0,1,13499,150,152.0,FAN1,0,0,0,0,0.0,COILS,1,1,13603,0,0.0,PUMP,0,0,0,0,0.0,INJECTOR,1,1,13680,0,0.0,SERVO,1,1,13729,0,0.0,ADD 1,0,1,13762,0,0.0,ADD 2,0,1,13778,0,0.0,ADD 3,0,1,13762,0,0.0,ADD 4,0,1,13653,0,0.0,ADD 5,0,0,0,0,0.0,ADD 6,0,1,13844,0,0.0,ADD 7,0,0,0,0,0.0,EGT2CAN,0,1,13877,0,0.0
1778951515.5574694,145.0,13518,-43.0,1,-,0,0,0,0,0.0,-,0,0,0,0,0.0,ECU,0,1,13554,130,145.0,FAN1,0,0,0,0,0.0,COILS,1,1,13461,0,0.0,PUMP,0,0,0,0,0.0,INJECTOR,1,1,13538,0,0.0,SERVO,1,1,13478,0,0.0,ADD 1,0,1,13461,0,0.0,ADD 2,0,1,13532,0,0.0,ADD 3,0,1,13549,0,0.0,ADD 4,0,1,13467,0,0.0,ADD 5,0,0,0,0,0.0,ADD 6,0,1,13483,0,0.0,ADD 7,0,0,0,0,0.0,EGT2CAN,0,1,13467,0,0.0
1778951515.6251912,145.0,13518,-43.0,1,-,0,0,0,0,0.0,-,0,0,0,0,0.0,ECU,0,1,13489,130,145.0,FAN1,0,0,0,0,0.0,COILS,1,1,13461,0,0.0,PUMP,0,0,0,0,0.0,INJECTOR,1,1,13538,0,0.0,SERVO,1,1,13478,0,0.0,ADD 1,0,1,13461,0,0.0,ADD 2,0,1,13532,0,0.0,ADD 3,0,1,13549,0,0.0,ADD 4,0,1,13467,0,0.0,ADD 5,0,0,0,0,0.0,ADD 6,0,1,13483,0,0.0,ADD 7,0,0,0,0,0.0,EGT2CAN,0,1,13467,0,0.0
1778951515.677765,138.0,13797,-43.0,1,-,0,0,0,0,0.0,-,0,0,0,0,0.0,ECU,0,1,14036,110,138.0,FAN1,0,0,0,0,0.0,COILS,1,1,13975,0,0.0,PUMP,0,0,0,0,0.0,INJECTOR,1,1,13910,0,0.0,SERVO,1,1,13844,0,0.0,ADD 1,0,1,13828,0,0.0,ADD 2,0,1,13921,0,0.0,ADD 3,0,1,13997,0,0.0,ADD 4,0,1,13986,0,0.0,ADD 5,0,0,0,0,0.0,ADD 6,0,1,14063,0,0.0,ADD 7,0,0,0,0,0.0,EGT2CAN,0,1,13975,0,0.0
1778951515.7294142,138.3,13444,-43.0,1,-,0,0,0,0,0.0,-,0,0,0,0,0.0,ECU,0,1,13975,140,138.3,FAN1,0,0,0,0,0.0,COILS,1,1,13992,0,0.0,PUMP,0,0,0,0,0.0,INJECTOR,1,1,13986,0,0.0,SERVO,1,1,14014,0,0.0,ADD 1,0,1,13434,0,0.0,ADD 2,0,1,13406,0,0.0,ADD 3,0,1,13390,0,0.0,ADD 4,0,1,13450,0,0.0,ADD 5,0,0,0,0,0.0,ADD 6,0,1,13510,0,0.0,ADD 7,0,0,0,0,0.0,EGT2CAN,0,1,13489,0,0.0
1778951515.7821198,138.3,13444,-43.0,1,-,0,0,0,0,0.0,-,0,0,0,0,0.0,ECU,0,1,13653,140,138.3,FAN1,0,0,0,0,0.0,COILS,1,1,13822,0,0.0,PUMP,0,0,0,0,0.0,INJECTOR,1,1,13855,0,0.0,SERVO,1,1,13762,0,0.0,ADD 1,0,1,13461,0,0.0,ADD 2,0,1,13445,0,0.0,ADD 3,0,1,13319,0,0.0,ADD 4,0,1,13445,0,0.0,ADD 5,0,0,0,0,0.0,ADD 6,0,1,13543,0,0.0,ADD 7,0,0,0,0,0.0,EGT2CAN,0,1,13489,0,0.0
1778951515.8360653,128.0,13964,-43.0,1,-,0,0,0,0,0.0,-,0,0,0,0,0.0,ECU,0,1,13478,130,128.0,FAN1,0,0,0,0,0.0,COILS,1,1,13532,0,0.0,PUMP,0,0,0,0,0.0,INJECTOR,1,1,13423,0,0.0,SERVO,1,1,13406,0,0.0,ADD 1,0,1,13882,0,0.0,ADD 2,0,1,13899,0,0.0,ADD 3,0,1,13882,0,0.0,ADD 4,0,1,13877,0,0.0,ADD 5,0,0,0,0,0.0,ADD 6,0,1,13866,0,0.0,ADD 7,0,0,0,0,0.0,EGT2CAN,0,1,13675,0,0.0
1778951515.905667,126.7,13859,-43.0,1,-,0,0,0,0,0.0,-,0,0,0,0,0.0,ECU,0,1,13582,120,126.7,FAN1,0,0,0,0,0.0,COILS,1,1,13445,0,0.0,PUMP,0,0,0,0,0.0,INJECTOR,1,1,13549,0,0.0,SERVO,1,1,13489,0,0.0,ADD 1,0,1,13510,0,0.0,ADD 2,0,1,13571,0,0.0,ADD 3,0,1,13549,0,0.0,ADD 4,0,1,13478,0,0.0,ADD 5,0,0,0,0,0.0,ADD 6,0,1,13445,0,0.0,ADD 7,0,0,0,0,0.0,EGT2CAN,0,1,13494,0,0.0
1778951515.956751,122.0,13568,-43.0,1,-,0,0,0,0,0.0,-,0,0,0,0,0.0,ECU,0,1,13483,120,122.0,FAN1,0,0,0,0,0.0,COILS,1,1,13472,0,0.0,PUMP,0,0,0,0,0.0,INJECTOR,1,1,13406,0,0.0,SERVO,1,1,13461,0,0.0,ADD 1,0,1,13532,0,0.0,ADD 2,0,1,13582,0,0.0,ADD 3,0,1,13532,0,0.0,ADD 4,0,1,13560,0,0.0,ADD 5,0,0,0,0,0.0,ADD 6,0,1,13675,0,0.0,ADD 7,0,0,0,0,0.0,EGT2CAN,0,1,13560,0,0.0
1778951516.008048,122.0,13568,-43.0,1,-,0,0,0,0,0.0,-,0,0,0,0,0.0,ECU,0,1,13483,120,122.0,FAN1,0,0,0,0,0.0,COILS,1,1,13472,0,0.0,PUMP,0,0,0,0,0.0,INJECTOR,1,1,13406,0,0.0,SERVO,1,1,13461,0,0.0,ADD 1,0,1,13532,0,0.0,ADD 2,0,1,13582,0,0.0,ADD 3,0,1,13532,0,0.0,ADD 4,0,1,13560,0,0.0,ADD 5,0,0,0,0,0.0,ADD 6,0,1,13675,0,0.0,ADD 7,0,0,0,0,0.0,EGT2CAN,0,1,13560,0,0.0
1778951516.0594728,122.0,13568,-43.0,1,-,0,0,0,0,0.0,-,0,0,0,0,0.0,ECU,0,1,13423,120,122.0,FAN1,0,0,0,0,0.0,COILS,1,1,13461,0,0.0,PUMP,0,0,0,0,0.0,INJECTOR,1,1,13461,0,0.0,SERVO,1,1,13423,0,0.0,ADD 1,0,1,13445,0,0.0,ADD 2,0,1,13510,0,0.0,ADD 3,0,1,13461,0,0.0,ADD 4,0,1,13521,0,0.0,ADD 5,0,0,0,0,0.0,ADD 6,0,1,13527,0,0.0,ADD 7,0,0,0,0,0.0,EGT2CAN,0,1,13450,0,0.0
1778951516.1205158,124.0,13977,-43.0,1,-,0,0,0,0,0.0,-,0,0,0,0,0.0,ECU,0,1,13532,120,124.0,FAN1,0,0,0,0,0.0,COILS,1,1,13554,0,0.0,PUMP,0,0,0,0,0.0,INJECTOR,1,1,13554,0,0.0,SERVO,1,1,13494,0,0.0,ADD 1,0,1,13899,0,0.0,ADD 2,0,1,13937,0,0.0,ADD 3,0,1,13948,0,0.0,ADD 4,0,1,13866,0,0.0,ADD 5,0,0,0,0,0.0,ADD 6,0,1,13937,0,0.0,ADD 7,0,0,0,0,0.0,EGT2CAN,0,1,14008,0,0.0
1778951516.171488,124.0,13977,-43.0,1,-,0,0,0,0,0.0,-,0,0,0,0,0.0,ECU,0,1,13532,120,124.0,FAN1,0,0,0,0,0.0,COILS,1,1,13554,0,0.0,PUMP,0,0,0,0,0.0,INJECTOR,1,1,13554,0,0.0,SERVO,1,1,13494,0,0.0,ADD 1,0,1,13899,0,0.0,ADD 2,0,1,13937,0,0.0,ADD 3,0,1,13948,0,0.0,ADD 4,0,1,13866,0,0.0,ADD 5,0,0,0,0,0.0,ADD 6,0,1,13937,0,0.0,ADD 7,0,0,0,0,0.0,EGT2CAN,0,1,14008,0,0.0
1778951516.2225235,122.5,13977,-43.0,1,-,0,0,0,0,0.0,-,0,0,0,0,0.0,ECU,0,1,13964,120,122.5,FAN1,0,0,0,0,0.0,COILS,1,1,14101,0,0.0,PUMP,0,0,0,0,0.0,INJECTOR,1,1,14145,0,0.0,SERVO,1,1,13953,0,0.0,ADD 1,0,1,13603,0,0.0,ADD 2,0,1,13614,0,0.0,ADD 3,0,1,13510,0,0.0,ADD 4,0,1,13483,0,0.0,ADD 5,0,0,0,0,0.0,ADD 6,0,1,13658,0,0.0,ADD 7,0,0,0,0,0.0,EGT2CAN,0,1,13696,0,0.0
1778951516.2734911,121.7,13655,-43.0,1,-,0,0,0,0,0.0,-,0,0,0,0,0.0,ECU,0,1,13423,120,121.7,FAN1,0,0,0,0,0.0,COILS,1,1,13494,0,0.0,PUMP,0,0,0,0,0.0,INJECTOR,1,1,13489,0,0.0,SERVO,1,1,13489,0,0.0,ADD 1,0,1,13582,0,0.0,ADD 2,0,1,13614,0,0.0,ADD 3,0,1,13554,0,0.0,ADD 4,0,1,13532,0,0.0,ADD 5,0,0,0,0,0.0,ADD 6,0,1,13478,0,0.0,ADD 7,0,0,0,0,0.0,EGT2CAN,0,1,13510,0,0.0
1778951516.3246052,121.7,13655,-43.0,1,-,0,0,0,0,0.0,-,0,0,0,0,0.0,ECU,0,1,13582,120,121.7,FAN1,0,0,0,0,0.0,COILS,1,1,13494,0,0.0,PUMP,0,0,0,0,0.0,INJECTOR,1,1,13489,0,0.0,SERVO,1,1,13489,0,0.0,ADD 1,0,1,13582,0,0.0,ADD 2,0,1,13614,0,0.0,ADD 3,0,1,13554,0,0.0,ADD 4,0,1,13532,0,0.0,ADD 5,0,0,0,0,0.0,ADD 6,0,1,13478,0,0.0,ADD 7,0,0,0,0,0.0,EGT2CAN,0,1,13510,0,0.0
1778951516.3762245,120.0,13655,-43.0,1,-,0,0,0,0,0.0,-,0,0,0,0,0.0,ECU,0,1,13582,120,120.0,FAN1,0,0,0,0,0.0,COILS,1,1,13603,0,0.0,PUMP,0,0,0,0,0.0,INJECTOR,1,1,13532,0,0.0,SERVO,1,1,13445,0,0.0,ADD 1,0,1,13549,0,0.0,ADD 2,0,1,13636,0,0.0,ADD 3,0,1,13582,0,0.0,ADD 4,0,1,13549,0,0.0,ADD 5,0,0,0,0,0.0,ADD 6,0,1,13625,0,0.0,ADD 7,0,0,0,0,0.0,EGT2CAN,0,1,13456,0,0.0
1778951516.4271877,125.0,13673,-43.0,1,-,0,0,0,0,0.0,-,0,0,0,0,0.0,ECU,0,1,13560,130,125.0,FAN1,0,0,0,0,0.0,COILS,1,1,13560,0,0.0,PUMP,0,0,0,0,0.0,INJECTOR,1,1,13505,0,0.0,SERVO,1,1,13516,0,0.0,ADD 1,0,1,13549,0,0.0,ADD 2,0,1,13510,0,0.0,ADD 3,0,1,13527,0,0.0,ADD 4,0,1,13478,0,0.0,ADD 5,0,0,0,0,0.0,ADD 6,0,1,13456,0,0.0,ADD 7,0,0,0,0,0.0,EGT2CAN,0,1,13494,0,0.0
1778951516.48188,125.0,13673,-43.0,1,-,0,0,0,0,0.0,-,0,0,0,0,0.0,ECU,0,1,13877,130,125.0,FAN1,0,0,0,0,0.0,COILS,1,1,13691,0,0.0,PUMP,0,0,0,0,0.0,INJECTOR,1,1,13642,0,0.0,SERVO,1,1,13625,0,0.0,ADD 1,0,1,13576,0,0.0,ADD 2,0,1,13532,0,0.0,ADD 3,0,1,13456,0,0.0,ADD 4,0,1,13510,0,0.0,ADD 5,0,0,0,0,0.0,ADD 6,0,1,13456,0,0.0,ADD 7,0,0,0,0,0.0,EGT2CAN,0,1,13494,0,0.0
1778951516.5461855,135.0,13735,-43.0,1,-,0,0,0,0,0.0,-,0,0,0,0,0.0,ECU,0,1,14118,140,135.0,FAN1,0,0,0,0,0.0,COILS,1,1,14079,0,0.0,PUMP,0,0,0,0,0.0,INJECTOR,1,1,14161,0,0.0,SERVO,1,1,14041,0,0.0,ADD 1,0,1,13844,0,0.0,ADD 2,0,1,13828,0,0.0,ADD 3,0,1,13871,0,0.0,ADD 4,0,1,13795,0,0.0,ADD 5,0,0,0,0,0.0,ADD 6,0,1,13855,0,0.0,ADD 7,0,0,0,0,0.0,EGT2CAN,0,1,13828,0,0.0
1778951516.5976186,135.0,13735,-43.0,1,-,0,0,0,0,0.0,-,0,0,0,0,0.0,ECU,0,1,14118,140,135.0,FAN1,0,0,0,0,0.0,COILS,1,1,14079,0,0.0,PUMP,0,0,0,0,0.0,INJECTOR,1,1,14161,0,0.0,SERVO,1,1,14041,0,0.0,ADD 1,0,1,13844,0,0.0,ADD 2,0,1,13828,0,0.0,ADD 3,0,1,13871,0,0.0,ADD 4,0,1,13795,0,0.0,ADD 5,0,0,0,0,0.0,ADD 6,0,1,13855,0,0.0,ADD 7,0,0,0,0,0.0,EGT2CAN,0,1,13828,0,0.0
1778951516.648236,142.5,13735,-43.0,1,-,0,0,0,0,0.0,-,0,0,0,0,0.0,ECU,0,1,13554,150,142.5,FAN1,0,0,0,0,0.0,COILS,1,1,13603,0,0.0,PUMP,0,0,0,0,0.0,INJECTOR,1,1,13691,0,0.0,SERVO,1,1,13631,0,0.0,ADD 1,0,1,13549,0,0.0,ADD 2,0,1,13614,0,0.0,ADD 3,0,1,13603,0,0.0,ADD 4,0,1,13549,0,0.0,ADD 5,0,0,0,0,0.0,ADD 6,0,1,13472,0,0.0,ADD 7,0,0,0,0,0.0,EGT2CAN,0,1,13510,0,0.0
1778951516.6992385,143.3,13797,-44.0,1,-,0,0,0,0,0.0,-,0,0,0,0,0.0,ECU,0,1,13910,140,143.3,FAN1,0,0,0,0,0.0,COILS,1,1,13959,0,0.0,PUMP,0,0,0,0,0.0,INJECTOR,1,1,13888,0,0.0,SERVO,1,1,13746,0,0.0,ADD 1,0,1,13789,0,0.0,ADD 2,0,1,13789,0,0.0,ADD 3,0,1,13800,0,0.0,ADD 4,0,1,13729,0,0.0,ADD 5,0,0,0,0,0.0,ADD 6,0,1,13740,0,0.0,ADD 7,0,0,0,0,0.0,EGT2CAN,0,1,13582,0,0.0
1778951516.7537384,143.3,13890,-42.0,1,-,0,0,0,0,0.0,-,0,0,0,0,0.0,ECU,0,1,13910,140,143.3,FAN1,0,0,0,0,0.0,COILS,1,1,13959,0,0.0,PUMP,0,0,0,0,0.0,INJECTOR,1,1,13888,0,0.0,SERVO,1,1,13746,0,0.0,ADD 1,0,1,13789,0,0.0,ADD 2,0,1,13789,0,0.0,ADD 3,0,1,13800,0,0.0,ADD 4,0,1,13729,0,0.0,ADD 5,0,0,0,0,0.0,ADD 6,0,1,13740,0,0.0,ADD 7,0,0,0,0,0.0,EGT2CAN,0,1,13582,0,0.0
1778951516.804214,152.0,13648,-43.0,1,-,0,0,0,0,0.0,-,0,0,0,0,0.0,ECU,0,1,13527,160,152.0,FAN1,0,0,0,0,0.0,COILS,1,1,13565,0,0.0,PUMP,0,0,0,0,0.0,INJECTOR,1,1,13549,0,0.0,SERVO,1,1,13521,0,0.0,ADD 1,0,1,13489,0,0.0,ADD 2,0,1,13417,0,0.0,ADD 3,0,1,13423,0,0.0,ADD 4,0,1,13489,0,0.0,ADD 5,0,0,0,0,0.0,ADD 6,0,1,13582,0,0.0,ADD 7,0,0,0,0,0.0,EGT2CAN,0,1,13554,0,0.0
1778951516.8555415,152.0,13648,-43.0,1,-,0,0,0,0,0.0,-,0,0,0,0,0.0,ECU,0,1,13527,160,152.0,FAN1,0,0,0,0,0.0,COILS,1,1,13565,0,0.0,PUMP,0,0,0,0,0.0,INJECTOR,1,1,13549,0,0.0,SERVO,1,1,13521,0,0.0,ADD 1,0,1,13489,0,0.0,ADD 2,0,1,13417,0,0.0,ADD 3,0,1,13423,0,0.0,ADD 4,0,1,13489,0,0.0,ADD 5,0,0,0,0,0.0,ADD 6,0,1,13582,0,0.0,ADD 7,0,0,0,0,0.0,EGT2CAN,0,1,13554,0,0.0
1778951516.9065423,170.0,13648,-43.0,1,-,0,0,0,0,0.0,-,0,0,0,0,0.0,ECU,0,1,14079,190,170.0,FAN1,0,0,0,0,0.0,COILS,1,1,13986,0,0.0,PUMP,0,0,0,0,0.0,INJECTOR,1,1,14025,0,0.0,SERVO,1,1,13959,0,0.0,ADD 1,0,1,13921,0,0.0,ADD 2,0,1,13953,0,0.0,ADD 3,0,1,13850,0,0.0,ADD 4,0,1,13767,0,0.0,ADD 5,0,0,0,0,0.0,ADD 6,0,1,13877,0,0.0,ADD 7,0,0,0,0,0.0,EGT2CAN,0,1,13806,0,0.0
1778951516.966487,174.0,13636,-43.0,1,-,0,0,0,0,0.0,-,0,0,0,0,0.0,ECU,0,1,14074,190,174.0,FAN1,0,0,0,0,0.0,COILS,1,1,14052,0,0.0,PUMP,0,0,0,0,0.0,INJECTOR,1,1,14123,0,0.0,SERVO,1,1,14112,0,0.0,ADD 1,0,1,13582,0,0.0,ADD 2,0,1,13576,0,0.0,ADD 3,0,1,13582,0,0.0,ADD 4,0,1,13527,0,0.0,ADD 5,0,0,0,0,0.0,ADD 6,0,1,13467,0,0.0,ADD 7,0,0,0,0,0.0,EGT2CAN,0,1,13587,0,0.0
1778951517.0305188,182.5,13636,-43.0,1,-,0,0,0,0,0.0,-,0,0,0,0,0.0,ECU,0,1,13625,180,182.5,FAN1,0,0,0,0,0.0,COILS,1,1,13592,0,0.0,PUMP,0,0,0,0,0.0,INJECTOR,1,1,13642,0,0.0,SERVO,1,1,13718,0,0.0,ADD 1,0,1,13538,0,0.0,ADD 2,0,1,13467,0,0.0,ADD 3,0,1,13510,0,0.0,ADD 4,0,1,13549,0,0.0,ADD 5,0,0,0,0,0.0,ADD 6,0,1,13647,0,0.0,ADD 7,0,0,0,0,0.0,EGT2CAN,0,1,13582,0,0.0
1778951517.085003,186.0,13667,-44.0,1,-,0,0,0,0,0.0,-,0,0,0,0,0.0,ECU,0,1,13521,200,186.0,FAN1,0,0,0,0,0.0,COILS,1,1,13467,0,0.0,PUMP,0,0,0,0,0.0,INJECTOR,1,1,13554,0,0.0,SERVO,1,1,13538,0,0.0,ADD 1,0,1,13538,0,0.0,ADD 2,0,1,13560,0,0.0,ADD 3,0,1,13603,0,0.0,ADD 4,0,1,13571,0,0.0,ADD 5,0,0,0,0,0.0,ADD 6,0,1,13647,0,0.0,ADD 7,0,0,0,0,0.0,EGT2CAN,0,1,13565,0,0.0
1778951517.1443717,188.3,14082,-43.0,1,-,0,0,0,0,0.0,-,0,0,0,0,0.0,ECU,0,1,13685,200,188.3,FAN1,0,0,0,0,0.0,COILS,1,1,13642,0,0.0,PUMP,0,0,0,0,0.0,INJECTOR,1,1,13625,0,0.0,SERVO,1,1,13609,0,0.0,ADD 1,0,1,14036,0,0.0,ADD 2,0,1,14079,0,0.0,ADD 3,0,1,14014,0,0.0,ADD 4,0,1,13937,0,0.0,ADD 5,0,0,0,0,0.0,ADD 6,0,1,14101,0,0.0,ADD 7,0,0,0,0,0.0,EGT2CAN,0,1,14123,0,0.0
1778951517.1957257,204.0,13587,-45.0,1,-,0,0,0,0,0.0,-,0,0,0,0,0.0,ECU,0,1,13538,220,204.0,FAN1,0,0,0,0,0.0,COILS,1,1,13560,0,0.0,PUMP,0,0,0,0,0.0,INJECTOR,1,1,13560,0,0.0,SERVO,1,1,13532,0,0.0,ADD 1,0,1,13603,0,0.0,ADD 2,0,1,13598,0,0.0,ADD 3,0,1,13614,0,0.0,ADD 4,0,1,13554,0,0.0,ADD 5,0,0,0,0,0.0,ADD 6,0,1,13560,0,0.0,ADD 7,0,0,0,0,0.0,EGT2CAN,0,1,13614,0,0.0
1778951517.2473047,204.0,13587,-45.0,1,-,0,0,0,0,0.0,-,0,0,0,0,0.0,ECU,0,1,13538,220,204.0,FAN1,0,0,0,0,0.0,COILS,1,1,13560,0,0.0,PUMP,0,0,0,0,0.0,INJECTOR,1,1,13560,0,0.0,SERVO,1,1,13532,0,0.0,ADD 1,0,1,13603,0,0.0,ADD 2,0,1,13598,0,0.0,ADD 3,0,1,13614,0,0.0,ADD 4,0,1,13554,0,0.0,ADD 5,0,0,0,0,0.0,ADD 6,0,1,13560,0,0.0,ADD 7,0,0,0,0,0.0,EGT2CAN,0,1,13614,0,0.0
1778951517.2985737,222.5,14007,-43.0,1,-,0,0,0,0,0.0,-,0,0,0,0,0.0,ECU,0,1,13494,220,222.5,FAN1,0,0,0,0,0.0,COILS,1,1,13631,0,0.0,PUMP,0,0,0,0,0.0,INJECTOR,1,1,13576,0,0.0,SERVO,1,1,13565,0,0.0,ADD 1,0,1,13614,0,0.0,ADD 2,0,1,13680,0,0.0,ADD 3,0,1,13603,0,0.0,ADD 4,0,1,13565,0,0.0,ADD 5,0,0,0,0,0.0,ADD 6,0,1,13549,0,0.0,ADD 7,0,0,0,0,0.0,EGT2CAN,0,1,13603,0,0.0
1778951517.3643355,224.0,14119,-43.0,1,-,0,0,0,0,0.0,-,0,0,0,0,0.0,ECU,0,1,14003,230,224.0,FAN1,0,0,0,0,0.0,COILS,1,1,13882,0,0.0,PUMP,0,0,0,0,0.0,INJECTOR,1,1,14046,0,0.0,SERVO,1,1,14096,0,0.0,ADD 1,0,1,14167,0,0.0,ADD 2,0,1,14145,0,0.0,ADD 3,0,1,14145,0,0.0,ADD 4,0,1,14101,0,0.0,ADD 5,0,0,0,0,0.0,ADD 6,0,1,14085,0,0.0,ADD 7,0,0,0,0,0.0,EGT2CAN,0,1,14161,0,0.0
1778951517.4152007,224.0,14119,-43.0,1,-,0,0,0,0,0.0,-,0,0,0,0,0.0,ECU,0,1,14003,230,224.0,FAN1,0,0,0,0,0.0,COILS,1,1,13882,0,0.0,PUMP,0,0,0,0,0.0,INJECTOR,1,1,14046,0,0.0,SERVO,1,1,14096,0,0.0,ADD 1,0,1,14167,0,0.0,ADD 2,0,1,14145,0,0.0,ADD 3,0,1,14145,0,0.0,ADD 4,0,1,14101,0,0.0,ADD 5,0,0,0,0,0.0,ADD 6,0,1,14085,0,0.0,ADD 7,0,0,0,0,0.0,EGT2CAN,0,1,14161,0,0.0
1778951517.469313,230.0,13593,-43.0,1,-,0,0,0,0,0.0,-,0,0,0,0,0.0,ECU,0,1,13795,240,230.0,FAN1,0,0,0,0,0.0,COILS,1,1,13811,0,0.0,PUMP,0,0,0,0,0.0,INJECTOR,1,1,13740,0,0.0,SERVO,1,1,13860,0,0.0,ADD 1,0,1,13543,0,0.0,ADD 2,0,1,13603,0,0.0,ADD 3,0,1,13582,0,0.0,ADD 4,0,1,13576,0,0.0,ADD 5,0,0,0,0,0.0,ADD 6,0,1,13625,0,0.0,ADD 7,0,0,0,0,0.0,EGT2CAN,0,1,13472,0,0.0
1778951517.5203583,230.0,13593,-43.0,1,-,0,0,0,0,0.0,-,0,0,0,0,0.0,ECU,0,1,13603,240,230.0,FAN1,0,0,0,0,0.0,COILS,1,1,13811,0,0.0,PUMP,0,0,0,0,0.0,INJECTOR,1,1,13740,0,0.0,SERVO,1,1,13860,0,0.0,ADD 1,0,1,13543,0,0.0,ADD 2,0,1,13603,0,0.0,ADD 3,0,1,13582,0,0.0,ADD 4,0,1,13576,0,0.0,ADD 5,0,0,0,0,0.0,ADD 6,0,1,13625,0,0.0,ADD 7,0,0,0,0,0.0,EGT2CAN,0,1,13472,0,0.0
1778951517.578316,240.0,13717,-43.0,1,-,0,0,0,0,0.0,-,0,0,0,0,0.0,ECU,0,1,13521,250,240.0,FAN1,0,0,0,0,0.0,COILS,1,1,13614,0,0.0,PUMP,0,0,0,0,0.0,INJECTOR,1,1,13631,0,0.0,SERVO,1,1,13582,0,0.0,ADD 1,0,1,14129,0,0.0,ADD 2,0,1,14003,0,0.0,ADD 3,0,1,14041,0,0.0,ADD 4,0,1,14025,0,0.0,ADD 5,0,0,0,0,0.0,ADD 6,0,1,14161,0,0.0,ADD 7,0,0,0,0,0.0,EGT2CAN,0,1,14052,0,0.0
1778951517.6298335,240.0,13983,-44.0,1,-,0,0,0,0,0.0,-,0,0,0,0,0.0,ECU,0,1,14046,240,240.0,FAN1,0,0,0,0,0.0,COILS,1,1,14096,0,0.0,PUMP,0,0,0,0,0.0,INJECTOR,1,1,13921,0,0.0,SERVO,1,1,13866,0,0.0,ADD 1,0,1,13850,0,0.0,ADD 2,0,1,13871,0,0.0,ADD 3,0,1,13877,0,0.0,ADD 4,0,1,13860,0,0.0,ADD 5,0,0,0,0,0.0,ADD 6,0,1,13926,0,0.0,ADD 7,0,0,0,0,0.0,EGT2CAN,0,1,13833,0,0.0
1778951517.680357,245.0,13983,-44.0,1,-,0,0,0,0,0.0,-,0,0,0,0,0.0,ECU,0,1,13795,250,245.0,FAN1,0,0,0,0,0.0,COILS,1,1,13773,0,0.0,PUMP,0,0,0,0,0.0,INJECTOR,1,1,13921,0,0.0,SERVO,1,1,13943,0,0.0,ADD 1,0,1,14036,0,0.0,ADD 2,0,1,14025,0,0.0,ADD 3,0,1,14014,0,0.0,ADD 4,0,1,14014,0,0.0,ADD 5,0,0,0,0,0.0,ADD 6,0,1,14019,0,0.0,ADD 7,0,0,0,0,0.0,EGT2CAN,0,1,14101,0,0.0
1778951517.7316484,244.0,13611,-43.0,1,-,0,0,0,0,0.0,-,0,0,0,0,0.0,ECU,0,1,13532,240,244.0,FAN1,0,0,0,0,0.0,COILS,1,1,13478,0,0.0,PUMP,0,0,0,0,0.0,INJECTOR,1,1,13538,0,0.0,SERVO,1,1,13532,0,0.0,ADD 1,0,1,13675,0,0.0,ADD 2,0,1,13675,0,0.0,ADD 3,0,1,13636,0,0.0,ADD 4,0,1,13647,0,0.0,ADD 5,0,0,0,0,0.0,ADD 6,0,1,13675,0,0.0,ADD 7,0,0,0,0,0.0,EGT2CAN,0,1,13642,0,0.0
1778951517.7833867,247.5,13611,-43.0,1,-,0,0,0,0,0.0,-,0,0,0,0,0.0,ECU,0,1,13532,260,247.5,FAN1,0,0,0,0,0.0,COILS,1,1,13647,0,0.0,PUMP,0,0,0,0,0.0,INJECTOR,1,1,13576,0,0.0,SERVO,1,1,13248,0,0.0,ADD 1,0,1,13592,0,0.0,ADD 2,0,1,13653,0,0.0,ADD 3,0,1,13625,0,0.0,ADD 4,0,1,13620,0,0.0,ADD 5,0,0,0,0,0.0,ADD 6,0,1,13631,0,0.0,ADD 7,0,0,0,0,0.0,EGT2CAN,0,1,13510,0,0.0
1778951517.8343325,250.0,13964,-43.0,1,-,0,0,0,0,0.0,-,0,0,0,0,0.0,ECU,0,1,14068,250,250.0,FAN1,0,0,0,0,0.0,COILS,1,1,14123,0,0.0,PUMP,0,0,0,0,0.0,INJECTOR,1,1,14167,0,0.0,SERVO,1,1,14139,0,0.0,ADD 1,0,1,14167,0,0.0,ADD 2,0,1,14085,0,0.0,ADD 3,0,1,14079,0,0.0,ADD 4,0,1,14068,0,0.0,ADD 5,0,0,0,0,0.0,ADD 6,0,1,13603,0,0.0,ADD 7,0,0,0,0,0.0,EGT2CAN,0,1,13609,0,0.0
1778951517.8921604,252.0,14032,-44.0,1,-,0,0,0,0,0.0,-,0,0,0,0,0.0,ECU,0,1,14068,260,252.0,FAN1,0,0,0,0,0.0,COILS,1,1,14123,0,0.0,PUMP,0,0,0,0,0.0,INJECTOR,1,1,14167,0,0.0,SERVO,1,1,14139,0,0.0,ADD 1,0,1,14167,0,0.0,ADD 2,0,1,14085,0,0.0,ADD 3,0,1,14079,0,0.0,ADD 4,0,1,14068,0,0.0,ADD 5,0,0,0,0,0.0,ADD 6,0,1,14194,0,0.0,ADD 7,0,0,0,0,0.0,EGT2CAN,0,1,14205,0,0.0
1778951517.9429836,252.0,14032,-44.0,1,-,0,0,0,0,0.0,-,0,0,0,0,0.0,ECU,0,1,13948,260,252.0,FAN1,0,0,0,0,0.0,COILS,1,1,14019,0,0.0,PUMP,0,0,0,0,0.0,INJECTOR,1,1,14063,0,0.0,SERVO,1,1,14052,0,0.0,ADD 1,0,1,13587,0,0.0,ADD 2,0,1,13532,0,0.0,ADD 3,0,1,13538,0,0.0,ADD 4,0,1,13439,0,0.0,ADD 5,0,0,0,0,0.0,ADD 6,0,1,13631,0,0.0,ADD 7,0,0,0,0,0.0,EGT2CAN,0,1,13647,0,0.0
1778951518.0003939,250.0,13648,-44.0,1,-,0,0,0,0,0.0,-,0,0,0,0,0.0,ECU,0,1,13642,240,250.0,FAN1,0,0,0,0,0.0,COILS,1,1,13603,0,0.0,PUMP,0,0,0,0,0.0,INJECTOR,1,1,13565,0,0.0,SERVO,1,1,13609,0,0.0,ADD 1,0,1,14112,0,0.0,ADD 2,0,1,14129,0,0.0,ADD 3,0,1,14101,0,0.0,ADD 4,0,1,14101,0,0.0,ADD 5,0,0,0,0,0.0,ADD 6,0,1,14036,0,0.0,ADD 7,0,0,0,0,0.0,EGT2CAN,0,1,14008,0,0.0
1778951518.052637,250.0,14137,-43.0,1,-,0,0,0,0,0.0,-,0,0,0,0,0.0,ECU,0,1,13647,240,250.0,FAN1,0,0,0,0,0.0,COILS,1,1,13603,0,0.0,PUMP,0,0,0,0,0.0,INJECTOR,1,1,13565,0,0.0,SERVO,1,1,13609,0,0.0,ADD 1,0,1,14112,0,0.0,ADD 2,0,1,14129,0,0.0,ADD 3,0,1,14101,0,0.0,ADD 4,0,1,14101,0,0.0,ADD 5,0,0,0,0,0.0,ADD 6,0,1,14036,0,0.0,ADD 7,0,0,0,0,0.0,EGT2CAN,0,1,14008,0,0.0
1778951518.1030953,244.0,13599,-44.0,1,-,0,0,0,0,0.0,-,0,0,0,0,0.0,ECU,0,1,14161,230,244.0,FAN1,0,0,0,0,0.0,COILS,1,1,14145,0,0.0,PUMP,0,0,0,0,0.0,INJECTOR,1,1,14211,0,0.0,SERVO,1,1,14183,0,0.0,ADD 1,0,1,13461,0,0.0,ADD 2,0,1,13592,0,0.0,ADD 3,0,1,13587,0,0.0,ADD 4,0,1,13571,0,0.0,ADD 5,0,0,0,0,0.0,ADD 6,0,1,13664,0,0.0,ADD 7,0,0,0,0,0.0,EGT2CAN,0,1,13576,0,0.0
1778951518.1634252,243.3,13661,-43.0,1,-,0,0,0,0,0.0,-,0,0,0,0,0.0,ECU,0,1,13592,240,243.3,FAN1,0,0,0,0,0.0,COILS,1,1,13696,0,0.0,PUMP,0,0,0,0,0.0,INJECTOR,1,1,13532,0,0.0,SERVO,1,1,13718,0,0.0,ADD 1,0,1,13778,0,0.0,ADD 2,0,1,13675,0,0.0,ADD 3,0,1,13718,0,0.0,ADD 4,0,1,13702,0,0.0,ADD 5,0,0,0,0,0.0,ADD 6,0,1,13855,0,0.0,ADD 7,0,0,0,0,0.0,EGT2CAN,0,1,13860,0,0.0
1778951518.2163439,243.3,13661,-43.0,1,-,0,0,0,0,0.0,-,0,0,0,0,0.0,ECU,0,1,13532,240,243.3,FAN1,0,0,0,0,0.0,COILS,1,1,13532,0,0.0,PUMP,0,0,0,0,0.0,INJECTOR,1,1,13510,0,0.0,SERVO,1,1,13598,0,0.0,ADD 1,0,1,13778,0,0.0,ADD 2,0,1,13675,0,0.0,ADD 3,0,1,13718,0,0.0,ADD 4,0,1,13702,0,0.0,ADD 5,0,0,0,0,0.0,ADD 6,0,1,13855,0,0.0,ADD 7,0,0,0,0,0.0,EGT2CAN,0,1,13860,0,0.0
1778951518.2689676,236.0,14032,-43.0,1,-,0,0,0,0,0.0,-,0,0,0,0,0.0,ECU,0,1,13964,230,236.0,FAN1,0,0,0,0,0.0,COILS,1,1,13828,0,0.0,PUMP,0,0,0,0,0.0,INJECTOR,1,1,13877,0,0.0,SERVO,1,1,13658,0,0.0,ADD 1,0,1,13680,0,0.0,ADD 2,0,1,13702,0,0.0,ADD 3,0,1,13702,0,0.0,ADD 4,0,1,13636,0,0.0,ADD 5,0,0,0,0,0.0,ADD 6,0,1,13631,0,0.0,ADD 7,0,0,0,0,0.0,EGT2CAN,0,1,13696,0,0.0
1778951518.329807,236.0,14032,-43.0,1,-,0,0,0,0,0.0,-,0,0,0,0,0.0,ECU,0,1,13932,230,236.0,FAN1,0,0,0,0,0.0,COILS,1,1,13828,0,0.0,PUMP,0,0,0,0,0.0,INJECTOR,1,1,13877,0,0.0,SERVO,1,1,13658,0,0.0,ADD 1,0,1,13680,0,0.0,ADD 2,0,1,13702,0,0.0,ADD 3,0,1,13702,0,0.0,ADD 4,0,1,13636,0,0.0,ADD 5,0,0,0,0,0.0,ADD 6,0,1,13631,0,0.0,ADD 7,0,0,0,0,0.0,EGT2CAN,0,1,13696,0,0.0
1778951518.380456,227.5,13828,-43.0,1,-,0,0,0,0,0.0,-,0,0,0,0,0.0,ECU,0,1,13953,230,227.5,FAN1,0,0,0,0,0.0,COILS,1,1,13625,0,0.0,PUMP,0,0,0,0,0.0,INJECTOR,1,1,13527,0,0.0,SERVO,1,1,13620,0,0.0,ADD 1,0,1,13675,0,0.0,ADD 2,0,1,13762,0,0.0,ADD 3,0,1,13811,0,0.0,ADD 4,0,1,13751,0,0.0,ADD 5,0,0,0,0,0.0,ADD 6,0,1,13855,0,0.0,ADD 7,0,0,0,0,0.0,EGT2CAN,0,1,13740,0,0.0
1778951518.4322758,224.0,13636,-45.0,1,-,0,0,0,0,0.0,-,0,0,0,0,0.0,ECU,0,1,13953,210,224.0,FAN1,0,0,0,0,0.0,COILS,1,1,13970,0,0.0,PUMP,0,0,0,0,0.0,INJECTOR,1,1,14057,0,0.0,SERVO,1,1,14046,0,0.0,ADD 1,0,1,13576,0,0.0,ADD 2,0,1,13543,0,0.0,ADD 3,0,1,13603,0,0.0,ADD 4,0,1,13603,0,0.0,ADD 5,0,0,0,0,0.0,ADD 6,0,1,13653,0,0.0,ADD 7,0,0,0,0,0.0,EGT2CAN,0,1,13653,0,0.0
1778951518.4842176,224.0,13636,-45.0,1,-,0,0,0,0,0.0,-,0,0,0,0,0.0,ECU,0,1,13598,210,224.0,FAN1,0,0,0,0,0.0,COILS,1,1,13647,0,0.0,PUMP,0,0,0,0,0.0,INJECTOR,1,1,13647,0,0.0,SERVO,1,1,13538,0,0.0,ADD 1,0,1,13680,0,0.0,ADD 2,0,1,13647,0,0.0,ADD 3,0,1,13560,0,0.0,ADD 4,0,1,13576,0,0.0,ADD 5,0,0,0,0,0.0,ADD 6,0,1,13702,0,0.0,ADD 7,0,0,0,0,0.0,EGT2CAN,0,1,13658,0,0.0
1778951518.541175,216.0,14162,-43.0,1,-,0,0,0,0,0.0,-,0,0,0,0,0.0,ECU,0,1,13675,200,216.0,FAN1,0,0,0,0,0.0,COILS,1,1,13718,0,0.0,PUMP,0,0,0,0,0.0,INJECTOR,1,1,13571,0,0.0,SERVO,1,1,13560,0,0.0,ADD 1,0,1,14232,0,0.0,ADD 2,0,1,14167,0,0.0,ADD 3,0,1,14200,0,0.0,ADD 4,0,1,14101,0,0.0,ADD 5,0,0,0,0,0.0,ADD 6,0,1,14167,0,0.0,ADD 7,0,0,0,0,0.0,EGT2CAN,0,1,14238,0,0.0
1778951518.6026363,215.0,13754,-43.0,1,-,0,0,0,0,0.0,-,0,0,0,0,0.0,ECU,0,1,14036,210,215.0,FAN1,0,0,0,0,0.0,COILS,1,1,14101,0,0.0,PUMP,0,0,0,0,0.0,INJECTOR,1,1,14096,0,0.0,SERVO,1,1,14014,0,0.0,ADD 1,0,1,13685,0,0.0,ADD 2,0,1,13691,0,0.0,ADD 3,0,1,13669,0,0.0,ADD 4,0,1,13631,0,0.0,ADD 5,0,0,0,0,0.0,ADD 6,0,1,13620,0,0.0,ADD 7,0,0,0,0,0.0,EGT2CAN,0,1,13685,0,0.0
1778951518.6559045,204.0,13723,-43.0,1,-,0,0,0,0,0.0,-,0,0,0,0,0.0,ECU,0,1,13647,200,204.0,FAN1,0,0,0,0,0.0,COILS,1,1,13680,0,0.0,PUMP,0,0,0,0,0.0,INJECTOR,1,1,13549,0,0.0,SERVO,1,1,13521,0,0.0,ADD 1,0,1,13587,0,0.0,ADD 2,0,1,13647,0,0.0,ADD 3,0,1,13636,0,0.0,ADD 4,0,1,13642,0,0.0,ADD 5,0,0,0,0,0.0,ADD 6,0,1,13675,0,0.0,ADD 7,0,0,0,0,0.0,EGT2CAN,0,1,13571,0,0.0
1778951518.7083697,204.0,13723,-43.0,1,-,0,0,0,0,0.0,-,0,0,0,0,0.0,ECU,0,1,13647,200,204.0,FAN1,0,0,0,0,0.0,COILS,1,1,13680,0,0.0,PUMP,0,0,0,0,0.0,INJECTOR,1,1,13549,0,0.0,SERVO,1,1,13521,0,0.0,ADD 1,0,1,13587,0,0.0,ADD 2,0,1,13647,0,0.0,ADD 3,0,1,13636,0,0.0,ADD 4,0,1,13642,0,0.0,ADD 5,0,0,0,0,0.0,ADD 6,0,1,13675,0,0.0,ADD 7,0,0,0,0,0.0,EGT2CAN,0,1,13571,0,0.0
1778951518.7598467,204.0,13723,-43.0,1,-,0,0,0,0,0.0,-,0,0,0,0,0.0,ECU,0,1,13653,200,204.0,FAN1,0,0,0,0,0.0,COILS,1,1,13685,0,0.0,PUMP,0,0,0,0,0.0,INJECTOR,1,1,13603,0,0.0,SERVO,1,1,13647,0,0.0,ADD 1,0,1,13598,0,0.0,ADD 2,0,1,13582,0,0.0,ADD 3,0,1,13576,0,0.0,ADD 4,0,1,13631,0,0.0,ADD 5,0,0,0,0,0.0,ADD 6,0,1,13675,0,0.0,ADD 7,0,0,0,0,0.0,EGT2CAN,0,1,13571,0,0.0
1778951518.8195057,192.0,13803,-43.0,1,-,0,0,0,0,0.0,-,0,0,0,0,0.0,ECU,0,1,13680,190,192.0,FAN1,0,0,0,0,0.0,COILS,1,1,13664,0,0.0,PUMP,0,0,0,0,0.0,INJECTOR,1,1,13735,0,0.0,SERVO,1,1,13707,0,0.0,ADD 1,0,1,13735,0,0.0,ADD 2,0,1,13740,0,0.0,ADD 3,0,1,13718,0,0.0,ADD 4,0,1,13582,0,0.0,ADD 5,0,0,0,0,0.0,ADD 6,0,1,13746,0,0.0,ADD 7,0,0,0,0,0.0,EGT2CAN,0,1,13773,0,0.0
1778951518.8717036,190.0,13667,-42.0,1,-,0,0,0,0,0.0,-,0,0,0,0,0.0,ECU,0,1,13964,190,190.0,FAN1,0,0,0,0,0.0,COILS,1,1,13992,0,0.0,PUMP,0,0,0,0,0.0,INJECTOR,1,1,13532,0,0.0,SERVO,1,1,13631,0,0.0,ADD 1,0,1,13554,0,0.0,ADD 2,0,1,13587,0,0.0,ADD 3,0,1,13625,0,0.0,ADD 4,0,1,13603,0,0.0,ADD 5,0,0,0,0,0.0,ADD 6,0,1,13718,0,0.0,ADD 7,0,0,0,0,0.0,EGT2CAN,0,1,13669,0,0.0
1778951518.9225883,188.0,13754,-44.0,1,-,0,0,0,0,0.0,-,0,0,0,0,0.0,ECU,0,1,13582,180,188.0,FAN1,0,0,0,0,0.0,COILS,1,1,13685,0,0.0,PUMP,0,0,0,0,0.0,INJECTOR,1,1,13538,0,0.0,SERVO,1,1,13587,0,0.0,ADD 1,0,1,13631,0,0.0,ADD 2,0,1,13669,0,0.0,ADD 3,0,1,13713,0,0.0,ADD 4,0,1,13669,0,0.0,ADD 5,0,0,0,0,0.0,ADD 6,0,1,13757,0,0.0,ADD 7,0,0,0,0,0.0,EGT2CAN,0,1,13702,0,0.0
1778951518.9885807,186.7,13902,-41.0,1,-,0,0,0,0,0.0,-,0,0,0,0,0.0,ECU,0,1,13713,180,186.7,FAN1,0,0,0,0,0.0,COILS,1,1,13702,0,0.0,PUMP,0,0,0,0,0.0,INJECTOR,1,1,13631,0,0.0,SERVO,1,1,13653,0,0.0,ADD 1,0,1,14036,0,0.0,ADD 2,0,1,14041,0,0.0,ADD 3,0,1,14046,0,0.0,ADD 4,0,1,13986,0,0.0,ADD 5,0,0,0,0,0.0,ADD 6,0,1,14003,0,0.0,ADD 7,0,0,0,0,0.0,EGT2CAN,0,1,13817,0,0.0
1778951519.042335,180.0,13902,-41.0,1,-,0,0,0,0,0.0,-,0,0,0,0,0.0,ECU,0,1,13882,170,180.0,FAN1,0,0,0,0,0.0,COILS,1,1,13839,0,0.0,PUMP,0,0,0,0,0.0,INJECTOR,1,1,13532,0,0.0,SERVO,1,1,13729,0,0.0,ADD 1,0,1,14046,0,0.0,ADD 2,0,1,13992,0,0.0,ADD 3,0,1,14079,0,0.0,ADD 4,0,1,14079,0,0.0,ADD 5,0,0,0,0,0.0,ADD 6,0,1,14194,0,0.0,ADD 7,0,0,0,0,0.0,EGT2CAN,0,1,14139,0,0.0
1778951519.0971634,178.0,13803,-43.0,1,-,0,0,0,0,0.0,-,0,0,0,0,0.0,ECU,0,1,13817,170,178.0,FAN1,0,0,0,0,0.0,COILS,1,1,13948,0,0.0,PUMP,0,0,0,0,0.0,INJECTOR,1,1,13986,0,0.0,SERVO,1,1,14101,0,0.0,ADD 1,0,1,13647,0,0.0,ADD 2,0,1,13702,0,0.0,ADD 3,0,1,13696,0,0.0,ADD 4,0,1,13669,0,0.0,ADD 5,0,0,0,0,0.0,ADD 6,0,1,13718,0,0.0,ADD 7,0,0,0,0,0.0,EGT2CAN,0,1,13565,0,0.0
1778951519.1510384,178.0,13692,-43.0,1,-,0,0,0,0,0.0,-,0,0,0,0,0.0,ECU,0,1,13713,170,178.0,FAN1,0,0,0,0,0.0,COILS,1,1,13948,0,0.0,PUMP,0,0,0,0,0.0,INJECTOR,1,1,13986,0,0.0,SERVO,1,1,14101,0,0.0,ADD 1,0,1,13647,0,0.0,ADD 2,0,1,13702,0,0.0,ADD 3,0,1,13696,0,0.0,ADD 4,0,1,13669,0,0.0,ADD 5,0,0,0,0,0.0,ADD 6,0,1,13718,0,0.0,ADD 7,0,0,0,0,0.0,EGT2CAN,0,1,13565,0,0.0
1778951519.2125406,172.0,14094,-43.0,1,-,0,0,0,0,0.0,-,0,0,0,0,0.0,ECU,0,1,13696,160,172.0,FAN1,0,0,0,0,0.0,COILS,1,1,13582,0,0.0,PUMP,0,0,0,0,0.0,INJECTOR,1,1,13636,0,0.0,SERVO,1,1,13592,0,0.0,ADD 1,0,1,13669,0,0.0,ADD 2,0,1,13746,0,0.0,ADD 3,0,1,13724,0,0.0,ADD 4,0,1,13691,0,0.0,ADD 5,0,0,0,0,0.0,ADD 6,0,1,13696,0,0.0,ADD 7,0,0,0,0,0.0,EGT2CAN,0,1,13576,0,0.0
1778951519.2641075,171.7,14094,-43.0,1,-,0,0,0,0,0.0,-,0,0,0,0,0.0,ECU,0,1,14183,170,171.7,FAN1,0,0,0,0,0.0,COILS,1,1,14211,0,0.0,PUMP,0,0,0,0,0.0,INJECTOR,1,1,14129,0,0.0,SERVO,1,1,14150,0,0.0,ADD 1,0,1,14167,0,0.0,ADD 2,0,1,14260,0,0.0,ADD 3,0,1,14238,0,0.0,ADD 4,0,1,14227,0,0.0,ADD 5,0,0,0,0,0.0,ADD 6,0,1,14254,0,0.0,ADD 7,0,0,0,0,0.0,EGT2CAN,0,1,14183,0,0.0
1778951519.3146622,171.7,13729,-43.0,1,-,0,0,0,0,0.0,-,0,0,0,0,0.0,ECU,0,1,13740,170,171.7,FAN1,0,0,0,0,0.0,COILS,1,1,13740,0,0.0,PUMP,0,0,0,0,0.0,INJECTOR,1,1,13910,0,0.0,SERVO,1,1,13866,0,0.0,ADD 1,0,1,14167,0,0.0,ADD 2,0,1,14260,0,0.0,ADD 3,0,1,14238,0,0.0,ADD 4,0,1,14227,0,0.0,ADD 5,0,0,0,0,0.0,ADD 6,0,1,14254,0,0.0,ADD 7,0,0,0,0,0.0,EGT2CAN,0,1,14183,0,0.0
1778951519.365731,162.0,13717,-43.0,1,-,0,0,0,0,0.0,-,0,0,0,0,0.0,ECU,0,1,13625,160,162.0,FAN1,0,0,0,0,0.0,COILS,1,1,13669,0,0.0,PUMP,0,0,0,0,0.0,INJECTOR,1,1,13685,0,0.0,SERVO,1,1,13691,0,0.0,ADD 1,0,1,13707,0,0.0,ADD 2,0,1,13680,0,0.0,ADD 3,0,1,13554,0,0.0,ADD 4,0,1,13592,0,0.0,ADD 5,0,0,0,0,0.0,ADD 6,0,1,13675,0,0.0,ADD 7,0,0,0,0,0.0,EGT2CAN,0,1,13718,0,0.0
1778951519.422712,162.0,13717,-43.0,1,-,0,0,0,0,0.0,-,0,0,0,0,0.0,ECU,0,1,13625,160,162.0,FAN1,0,0,0,0,0.0,COILS,1,1,13669,0,0.0,PUMP,0,0,0,0,0.0,INJECTOR,1,1,13685,0,0.0,SERVO,1,1,13691,0,0.0,ADD 1,0,1,13707,0,0.0,ADD 2,0,1,13680,0,0.0,ADD 3,0,1,13554,0,0.0,ADD 4,0,1,13592,0,0.0,ADD 5,0,0,0,0,0.0,ADD 6,0,1,13675,0,0.0,ADD 7,0,0,0,0,0.0,EGT2CAN,0,1,13718,0,0.0
1778951519.4736302,160.0,14125,-43.0,1,-,0,0,0,0,0.0,-,0,0,0,0,0.0,ECU,0,1,13675,170,160.0,FAN1,0,0,0,0,0.0,COILS,1,1,13642,0,0.0,PUMP,0,0,0,0,0.0,INJECTOR,1,1,13658,0,0.0,SERVO,1,1,13675,0,0.0,ADD 1,0,1,14243,0,0.0,ADD 2,0,1,14260,0,0.0,ADD 3,0,1,14227,0,0.0,ADD 4,0,1,14200,0,0.0,ADD 5,0,0,0,0,0.0,ADD 6,0,1,14134,0,0.0,ADD 7,0,0,0,0,0.0,EGT2CAN,0,1,14200,0,0.0
1778951519.5247843,158.0,13822,-43.0,1,-,0,0,0,0,0.0,-,0,0,0,0,0.0,ECU,0,1,14172,150,158.0,FAN1,0,0,0,0,0.0,COILS,1,1,14304,0,0.0,PUMP,0,0,0,0,0.0,INJECTOR,1,1,14216,0,0.0,SERVO,1,1,14079,0,0.0,ADD 1,0,1,13625,0,0.0,ADD 2,0,1,13603,0,0.0,ADD 3,0,1,13702,0,0.0,ADD 4,0,1,13685,0,0.0,ADD 5,0,0,0,0,0.0,ADD 6,0,1,13789,0,0.0,ADD 7,0,0,0,0,0.0,EGT2CAN,0,1,13740,0,0.0
1778951519.5775,158.0,13822,-43.0,1,-,0,0,0,0,0.0,-,0,0,0,0,0.0,ECU,0,1,13921,150,158.0,FAN1,0,0,0,0,0.0,COILS,1,1,13975,0,0.0,PUMP,0,0,0,0,0.0,INJECTOR,1,1,13943,0,0.0,SERVO,1,1,13992,0,0.0,ADD 1,0,1,13625,0,0.0,ADD 2,0,1,13603,0,0.0,ADD 3,0,1,13702,0,0.0,ADD 4,0,1,13685,0,0.0,ADD 5,0,0,0,0,0.0,ADD 6,0,1,13789,0,0.0,ADD 7,0,0,0,0,0.0,EGT2CAN,0,1,13740,0,0.0
1778951519.630945,158.0,13853,-42.0,1,-,0,0,0,0,0.0,-,0,0,0,0,0.0,ECU,0,1,13735,160,158.0,FAN1,0,0,0,0,0.0,COILS,1,1,13718,0,0.0,PUMP,0,0,0,0,0.0,INJECTOR,1,1,13718,0,0.0,SERVO,1,1,13664,0,0.0,ADD 1,0,1,13696,0,0.0,ADD 2,0,1,13658,0,0.0,ADD 3,0,1,13582,0,0.0,ADD 4,0,1,13603,0,0.0,ADD 5,0,0,0,0,0.0,ADD 6,0,1,13735,0,0.0,ADD 7,0,0,0,0,0.0,EGT2CAN,0,1,13669,0,0.0
1778951519.6944475,160.0,14100,-43.0,1,-,0,0,0,0,0.0,-,0,0,0,0,0.0,ECU,0,1,14036,170,160.0,FAN1,0,0,0,0,0.0,COILS,1,1,14036,0,0.0,PUMP,0,0,0,0,0.0,INJECTOR,1,1,13860,0,0.0,SERVO,1,1,13828,0,0.0,ADD 1,0,1,13773,0,0.0,ADD 2,0,1,13806,0,0.0,ADD 3,0,1,13757,0,0.0,ADD 4,0,1,13532,0,0.0,ADD 5,0,0,0,0,0.0,ADD 6,0,1,13784,0,0.0,ADD 7,0,0,0,0,0.0,EGT2CAN,0,1,13762,0,0.0
1778951519.7480588,158.0,13741,-43.0,1,-,0,0,0,0,0.0,-,0,0,0,0,0.0,ECU,0,1,13696,160,158.0,FAN1,0,0,0,0,0.0,COILS,1,1,13625,0,0.0,PUMP,0,0,0,0,0.0,INJECTOR,1,1,13620,0,0.0,SERVO,1,1,13685,0,0.0,ADD 1,0,1,13740,0,0.0,ADD 2,0,1,13806,0,0.0,ADD 3,0,1,13778,0,0.0,ADD 4,0,1,13778,0,0.0,ADD 5,0,0,0,0,0.0,ADD 6,0,1,13850,0,0.0,ADD 7,0,0,0,0,0.0,EGT2CAN,0,1,13735,0,0.0
1778951519.8009698,158.0,13741,-43.0,1,-,0,0,0,0,0.0,-,0,0,0,0,0.0,ECU,0,1,13696,160,158.0,FAN1,0,0,0,0,0.0,COILS,1,1,13625,0,0.0,PUMP,0,0,0,0,0.0,INJECTOR,1,1,13620,0,0.0,SERVO,1,1,13685,0,0.0,ADD 1,0,1,13740,0,0.0,ADD 2,0,1,13806,0,0.0,ADD 3,0,1,13778,0,0.0,ADD 4,0,1,13778,0,0.0,ADD 5,0,0,0,0,0.0,ADD 6,0,1,13850,0,0.0,ADD 7,0,0,0,0,0.0,EGT2CAN,0,1,13735,0,0.0
1778951519.852131,153.3,13741,-43.0,1,-,0,0,0,0,0.0,-,0,0,0,0,0.0,ECU,0,1,13598,150,153.3,FAN1,0,0,0,0,0.0,COILS,1,1,13724,0,0.0,PUMP,0,0,0,0,0.0,INJECTOR,1,1,13675,0,0.0,SERVO,1,1,13614,0,0.0,ADD 1,0,1,13658,0,0.0,ADD 2,0,1,13762,0,0.0,ADD 3,0,1,13735,0,0.0,ADD 4,0,1,13729,0,0.0,ADD 5,0,0,0,0,0.0,ADD 6,0,1,13762,0,0.0,ADD 7,0,0,0,0,0.0,EGT2CAN,0,1,13582,0,0.0
1778951519.9059074,152.0,14249,-43.0,1,-,0,0,0,0,0.0,-,0,0,0,0,0.0,ECU,0,1,13675,140,152.0,FAN1,0,0,0,0,0.0,COILS,1,1,13751,0,0.0,PUMP,0,0,0,0,0.0,INJECTOR,1,1,13757,0,0.0,SERVO,1,1,13532,0,0.0,ADD 1,0,1,14227,0,0.0,ADD 2,0,1,14227,0,0.0,ADD 3,0,1,14129,0,0.0,ADD 4,0,1,14238,0,0.0,ADD 5,0,0,0,0,0.0,ADD 6,0,1,14304,0,0.0,ADD 7,0,0,0,0,0.0,EGT2CAN,0,1,14282,0,0.0
1778951519.9725616,152.0,14249,-43.0,1,-,0,0,0,0,0.0,-,0,0,0,0,0.0,ECU,0,1,14041,140,152.0,FAN1,0,0,0,0,0.0,COILS,1,1,14112,0,0.0,PUMP,0,0,0,0,0.0,INJECTOR,1,1,14112,0,0.0,SERVO,1,1,13893,0,0.0,ADD 1,0,1,13740,0,0.0,ADD 2,0,1,13866,0,0.0,ADD 3,0,1,13740,0,0.0,ADD 4,0,1,13817,0,0.0,ADD 5,0,0,0,0,0.0,ADD 6,0,1,13877,0,0.0,ADD 7,0,0,0,0,0.0,EGT2CAN,0,1,13718,0,0.0
1778951520.022774,150.0,13692,-44.0,1,-,0,0,0,0,0.0,-,0,0,0,0,0.0,ECU,0,1,13910,150,150.0,FAN1,0,0,0,0,0.0,COILS,1,1,13877,0,0.0,PUMP,0,0,0,0,0.0,INJECTOR,1,1,13997,0,0.0,SERVO,1,1,14068,0,0.0,ADD 1,0,1,13746,0,0.0,ADD 2,0,1,13746,0,0.0,ADD 3,0,1,13729,0,0.0,ADD 4,0,1,13636,0,0.0,ADD 5,0,0,0,0,0.0,ADD 6,0,1,13680,0,0.0,ADD 7,0,0,0,0,0.0,EGT2CAN,0,1,13718,0,0.0
1778951520.0753322,150.0,13803,-43.0,1,-,0,0,0,0,0.0,-,0,0,0,0,0.0,ECU,0,1,13735,150,150.0,FAN1,0,0,0,0,0.0,COILS,1,1,13740,0,0.0,PUMP,0,0,0,0,0.0,INJECTOR,1,1,13675,0,0.0,SERVO,1,1,13560,0,0.0,ADD 1,0,1,13784,0,0.0,ADD 2,0,1,13735,0,0.0,ADD 3,0,1,13762,0,0.0,ADD 4,0,1,13696,0,0.0,ADD 5,0,0,0,0,0.0,ADD 6,0,1,13784,0,0.0,ADD 7,0,0,0,0,0.0,EGT2CAN,0,1,13740,0,0.0
1778951520.1259599,150.0,13803,-43.0,1,-,0,0,0,0,0.0,-,0,0,0,0,0.0,ECU,0,1,13625,150,150.0,FAN1,0,0,0,0,0.0,COILS,1,1,13718,0,0.0,PUMP,0,0,0,0,0.0,INJECTOR,1,1,13647,0,0.0,SERVO,1,1,13631,0,0.0,ADD 1,0,1,13669,0,0.0,ADD 2,0,1,13696,0,0.0,ADD 3,0,1,13762,0,0.0,ADD 4,0,1,13680,0,0.0,ADD 5,0,0,0,0,0.0,ADD 6,0,1,13735,0,0.0,ADD 7,0,0,0,0,0.0,EGT2CAN,0,1,13592,0,0.0
1778951520.1782749,144.0,14088,-41.0,1,-,0,0,0,0,0.0,-,0,0,0,0,0.0,ECU,0,1,14194,140,144.0,FAN1,0,0,0,0,0.0,COILS,1,1,14172,0,0.0,PUMP,0,0,0,0,0.0,INJECTOR,1,1,14063,0,0.0,SERVO,1,1,13986,0,0.0,ADD 1,0,1,14019,0,0.0,ADD 2,0,1,13986,0,0.0,ADD 3,0,1,13932,0,0.0,ADD 4,0,1,13822,0,0.0,ADD 5,0,0,0,0,0.0,ADD 6,0,1,13806,0,0.0,ADD 7,0,0,0,0,0.0,EGT2CAN,0,1,13800,0,0.0
1778951520.2450142,138.0,13766,-43.0,1,-,0,0,0,0,0.0,-,0,0,0,0,0.0,ECU,0,1,14183,120,138.0,FAN1,0,0,0,0,0.0,COILS,1,1,14216,0,0.0,PUMP,0,0,0,0,0.0,INJECTOR,1,1,14238,0,0.0,SERVO,1,1,14238,0,0.0,ADD 1,0,1,14232,0,0.0,ADD 2,0,1,14287,0,0.0,ADD 3,0,1,14194,0,0.0,ADD 4,0,1,14118,0,0.0,ADD 5,0,0,0,0,0.0,ADD 6,0,1,14227,0,0.0,ADD 7,0,0,0,0,0.0,EGT2CAN,0,1,14238,0,0.0
1778951520.2953463,130.0,14113,-45.0,1,-,0,0,0,0,0.0,-,0,0,0,0,0.0,ECU,0,1,13751,110,130.0,FAN1,0,0,0,0,0.0,COILS,1,1,13767,0,0.0,PUMP,0,0,0,0,0.0,INJECTOR,1,1,13647,0,0.0,SERVO,1,1,13680,0,0.0,ADD 1,0,1,13746,0,0.0,ADD 2,0,1,13751,0,0.0,ADD 3,0,1,13767,0,0.0,ADD 4,0,1,13735,0,0.0,ADD 5,0,0,0,0,0.0,ADD 6,0,1,13702,0,0.0,ADD 7,0,0,0,0,0.0,EGT2CAN,0,1,13669,0,0.0
1778951520.3466923,130.0,14113,-45.0,1,-,0,0,0,0,0.0,-,0,0,0,0,0.0,ECU,0,1,13751,110,130.0,FAN1,0,0,0,0,0.0,COILS,1,1,13767,0,0.0,PUMP,0,0,0,0,0.0,INJECTOR,1,1,13647,0,0.0,SERVO,1,1,13680,0,0.0,ADD 1,0,1,13746,0,0.0,ADD 2,0,1,13751,0,0.0,ADD 3,0,1,13767,0,0.0,ADD 4,0,1,13735,0,0.0,ADD 5,0,0,0,0,0.0,ADD 6,0,1,13702,0,0.0,ADD 7,0,0,0,0,0.0,EGT2CAN,0,1,13669,0,0.0
1778951520.3975394,130.0,14113,-45.0,1,-,0,0,0,0,0.0,-,0,0,0,0,0.0,ECU,0,1,13751,110,130.0,FAN1,0,0,0,0,0.0,COILS,1,1,13669,0,0.0,PUMP,0,0,0,0,0.0,INJECTOR,1,1,13740,0,0.0,SERVO,1,1,13746,0,0.0,ADD 1,0,1,13800,0,0.0,ADD 2,0,1,13800,0,0.0,ADD 3,0,1,13740,0,0.0,ADD 4,0,1,13740,0,0.0,ADD 5,0,0,0,0,0.0,ADD 6,0,1,13664,0,0.0,ADD 7,0,0,0,0,0.0,EGT2CAN,0,1,13767,0,0.0
1778951520.4559064,128.0,13902,-44.0,1,-,0,0,0,0,0.0,-,0,0,0,0,0.0,ECU,0,1,14183,130,128.0,FAN1,0,0,0,0,0.0,COILS,1,1,14183,0,0.0,PUMP,0,0,0,0,0.0,INJECTOR,1,1,14025,0,0.0,SERVO,1,1,14074,0,0.0,ADD 1,0,1,14008,0,0.0,ADD 2,0,1,14030,0,0.0,ADD 3,0,1,14063,0,0.0,ADD 4,0,1,14030,0,0.0,ADD 5,0,0,0,0,0.0,ADD 6,0,1,14118,0,0.0,ADD 7,0,0,0,0,0.0,EGT2CAN,0,1,14036,0,0.0
1778951520.5124857,128.0,13902,-44.0,1,-,0,0,0,0,0.0,-,0,0,0,0,0.0,ECU,0,1,14172,130,128.0,FAN1,0,0,0,0,0.0,COILS,1,1,14183,0,0.0,PUMP,0,0,0,0,0.0,INJECTOR,1,1,14025,0,0.0,SERVO,1,1,14074,0,0.0,ADD 1,0,1,14008,0,0.0,ADD 2,0,1,14030,0,0.0,ADD 3,0,1,14063,0,0.0,ADD 4,0,1,14030,0,0.0,ADD 5,0,0,0,0,0.0,ADD 6,0,1,14118,0,0.0,ADD 7,0,0,0,0,0.0,EGT2CAN,0,1,14036,0,0.0
1778951520.5720603,126.0,13754,-44.0,1,-,0,0,0,0,0.0,-,0,0,0,0,0.0,ECU,0,1,13806,140,126.0,FAN1,0,0,0,0,0.0,COILS,1,1,13877,0,0.0,PUMP,0,0,0,0,0.0,INJECTOR,1,1,13910,0,0.0,SERVO,1,1,13893,0,0.0,ADD 1,0,1,13696,0,0.0,ADD 2,0,1,13718,0,0.0,ADD 3,0,1,13762,0,0.0,ADD 4,0,1,13778,0,0.0,ADD 5,0,0,0,0,0.0,ADD 6,0,1,13811,0,0.0,ADD 7,0,0,0,0,0.0,EGT2CAN,0,1,13784,0,0.0
1778951520.623104,125.0,13915,-43.0,1,-,0,0,0,0,0.0,-,0,0,0,0,0.0,ECU,0,1,13740,120,125.0,FAN1,0,0,0,0,0.0,COILS,1,1,13784,0,0.0,PUMP,0,0,0,0,0.0,INJECTOR,1,1,13773,0,0.0,SERVO,1,1,13757,0,0.0,ADD 1,0,1,14085,0,0.0,ADD 2,0,1,14101,0,0.0,ADD 3,0,1,14074,0,0.0,ADD 4,0,1,14014,0,0.0,ADD 5,0,0,0,0,0.0,ADD 6,0,1,14003,0,0.0,ADD 7,0,0,0,0,0.0,EGT2CAN,0,1,13910,0,0.0
1778951520.6739018,125.0,13915,-43.0,1,-,0,0,0,0,0.0,-,0,0,0,0,0.0,ECU,0,1,14068,120,125.0,FAN1,0,0,0,0,0.0,COILS,1,1,14172,0,0.0,PUMP,0,0,0,0,0.0,INJECTOR,1,1,14096,0,0.0,SERVO,1,1,13899,0,0.0,ADD 1,0,1,13915,0,0.0,ADD 2,0,1,13899,0,0.0,ADD 3,0,1,13751,0,0.0,ADD 4,0,1,13675,0,0.0,ADD 5,0,0,0,0,0.0,ADD 6,0,1,13822,0,0.0,ADD 7,0,0,0,0,0.0,EGT2CAN,0,1,13806,0,0.0
1778951520.7247722,124.0,13797,-43.0,1,-,0,0,0,0,0.0,-,0,0,0,0,0.0,ECU,0,1,13904,120,124.0,FAN1,0,0,0,0,0.0,COILS,1,1,14101,0,0.0,PUMP,0,0,0,0,0.0,INJECTOR,1,1,14036,0,0.0,SERVO,1,1,13997,0,0.0,ADD 1,0,1,14112,0,0.0,ADD 2,0,1,14172,0,0.0,ADD 3,0,1,14172,0,0.0,ADD 4,0,1,14172,0,0.0,ADD 5,0,0,0,0,0.0,ADD 6,0,1,14238,0,0.0,ADD 7,0,0,0,0,0.0,EGT2CAN,0,1,14118,0,0.0
1778951520.7762709,126.0,13853,-43.0,1,-,0,0,0,0,0.0,-,0,0,0,0,0.0,ECU,0,1,13762,120,126.0,FAN1,0,0,0,0,0.0,COILS,1,1,13647,0,0.0,PUMP,0,0,0,0,0.0,INJECTOR,1,1,13718,0,0.0,SERVO,1,1,13713,0,0.0,ADD 1,0,1,13680,0,0.0,ADD 2,0,1,13675,0,0.0,ADD 3,0,1,13647,0,0.0,ADD 4,0,1,13691,0,0.0,ADD 5,0,0,0,0,0.0,ADD 6,0,1,13784,0,0.0,ADD 7,0,0,0,0,0.0,EGT2CAN,0,1,13746,0,0.0
1778951520.828603,126.0,13853,-43.0,1,-,0,0,0,0,0.0,-,0,0,0,0,0.0,ECU,0,1,13762,120,126.0,FAN1,0,0,0,0,0.0,COILS,1,1,13850,0,0.0,PUMP,0,0,0,0,0.0,INJECTOR,1,1,13740,0,0.0,SERVO,1,1,13718,0,0.0,ADD 1,0,1,13828,0,0.0,ADD 2,0,1,13828,0,0.0,ADD 3,0,1,13817,0,0.0,ADD 4,0,1,13773,0,0.0,ADD 5,0,0,0,0,0.0,ADD 6,0,1,13828,0,0.0,ADD 7,0,0,0,0,0.0,EGT2CAN,0,1,13707,0,0.0
1778951520.881382,120.0,13995,-43.0,1,-,0,0,0,0,0.0,-,0,0,0,0,0.0,ECU,0,1,13778,110,120.0,FAN1,0,0,0,0,0.0,COILS,1,1,13762,0,0.0,PUMP,0,0,0,0,0.0,INJECTOR,1,1,14156,0,0.0,SERVO,1,1,14232,0,0.0,ADD 1,0,1,14254,0,0.0,ADD 2,0,1,14243,0,0.0,ADD 3,0,1,14194,0,0.0,ADD 4,0,1,14057,0,0.0,ADD 5,0,0,0,0,0.0,ADD 6,0,1,14145,0,0.0,ADD 7,0,0,0,0,0.0,EGT2CAN,0,1,14134,0,0.0
1778951520.939322,116.0,13983,-43.0,1,-,0,0,0,0,0.0,-,0,0,0,0,0.0,ECU,0,1,14254,110,116.0,FAN1,0,0,0,0,0.0,COILS,1,1,14271,0,0.0,PUMP,0,0,0,0,0.0,INJECTOR,1,1,14232,0,0.0,SERVO,1,1,14112,0,0.0,ADD 1,0,1,14167,0,0.0,ADD 2,0,1,14178,0,0.0,ADD 3,0,1,14101,0,0.0,ADD 4,0,1,14041,0,0.0,ADD 5,0,0,0,0,0.0,ADD 6,0,1,14222,0,0.0,ADD 7,0,0,0,0,0.0,EGT2CAN,0,1,14216,0,0.0
1778951520.990005,118.0,13828,-44.0,1,-,0,0,0,0,0.0,-,0,0,0,0,0.0,ECU,0,1,13669,140,118.0,FAN1,0,0,0,0,0.0,COILS,1,1,13735,0,0.0,PUMP,0,0,0,0,0.0,INJECTOR,1,1,13778,0,0.0,SERVO,1,1,13751,0,0.0,ADD 1,0,1,13817,0,0.0,ADD 2,0,1,13800,0,0.0,ADD 3,0,1,13811,0,0.0,ADD 4,0,1,13773,0,0.0,ADD 5,0,0,0,0,0.0,ADD 6,0,1,13685,0,0.0,ADD 7,0,0,0,0,0.0,EGT2CAN,0,1,13762,0,0.0
1778951521.0428586,118.0,13828,-44.0,1,-,0,0,0,0,0.0,-,0,0,0,0,0.0,ECU,0,1,13669,140,118.0,FAN1,0,0,0,0,0.0,COILS,1,1,13735,0,0.0,PUMP,0,0,0,0,0.0,INJECTOR,1,1,13778,0,0.0,SERVO,1,1,13751,0,0.0,ADD 1,0,1,13817,0,0.0,ADD 2,0,1,13800,0,0.0,ADD 3,0,1,13811,0,0.0,ADD 4,0,1,13773,0,0.0,ADD 5,0,0,0,0,0.0,ADD 6,0,1,13685,0,0.0,ADD 7,0,0,0,0,0.0,EGT2CAN,0,1,13762,0,0.0
1778951521.0941317,126.7,13828,-44.0,1,-,0,0,0,0,0.0,-,0,0,0,0,0.0,ECU,0,1,13784,130,126.7,FAN1,0,0,0,0,0.0,COILS,1,1,13735,0,0.0,PUMP,0,0,0,0,0.0,INJECTOR,1,1,13740,0,0.0,SERVO,1,1,13762,0,0.0,ADD 1,0,1,14271,0,0.0,ADD 2,0,1,14358,0,0.0,ADD 3,0,1,14304,0,0.0,ADD 4,0,1,14304,0,0.0,ADD 5,0,0,0,0,0.0,ADD 6,0,1,14358,0,0.0,ADD 7,0,0,0,0,0.0,EGT2CAN,0,1,14194,0,0.0
1778951521.147638,130.0,13741,-43.0,1,-,0,0,0,0,0.0,-,0,0,0,0,0.0,ECU,0,1,14079,140,130.0,FAN1,0,0,0,0,0.0,COILS,1,1,14041,0,0.0,PUMP,0,0,0,0,0.0,INJECTOR,1,1,14167,0,0.0,SERVO,1,1,14112,0,0.0,ADD 1,0,1,14238,0,0.0,ADD 2,0,1,14287,0,0.0,ADD 3,0,1,14304,0,0.0,ADD 4,0,1,14254,0,0.0,ADD 5,0,0,0,0,0.0,ADD 6,0,1,14282,0,0.0,ADD 7,0,0,0,0,0.0,EGT2CAN,0,1,14178,0,0.0
1778951521.203327,130.0,13741,-43.0,1,-,0,0,0,0,0.0,-,0,0,0,0,0.0,ECU,0,1,13806,140,130.0,FAN1,0,0,0,0,0.0,COILS,1,1,13778,0,0.0,PUMP,0,0,0,0,0.0,INJECTOR,1,1,13713,0,0.0,SERVO,1,1,13647,0,0.0,ADD 1,0,1,14238,0,0.0,ADD 2,0,1,14287,0,0.0,ADD 3,0,1,14304,0,0.0,ADD 4,0,1,14254,0,0.0,ADD 5,0,0,0,0,0.0,ADD 6,0,1,14282,0,0.0,ADD 7,0,0,0,0,0.0,EGT2CAN,0,1,14178,0,0.0
1778951521.2539282,140.0,14162,-45.0,1,-,0,0,0,0,0.0,-,0,0,0,0,0.0,ECU,0,1,13822,150,140.0,FAN1,0,0,0,0,0.0,COILS,1,1,13811,0,0.0,PUMP,0,0,0,0,0.0,INJECTOR,1,1,13806,0,0.0,SERVO,1,1,13789,0,0.0,ADD 1,0,1,13746,0,0.0,ADD 2,0,1,13707,0,0.0,ADD 3,0,1,13691,0,0.0,ADD 4,0,1,13762,0,0.0,ADD 5,0,0,0,0,0.0,ADD 6,0,1,13828,0,0.0,ADD 7,0,0,0,0,0.0,EGT2CAN,0,1,13806,0,0.0
1778951521.3059907,143.3,14193,-44.0,1,-,0,0,0,0,0.0,-,0,0,0,0,0.0,ECU,0,1,14309,160,143.3,FAN1,0,0,0,0,0.0,COILS,1,1,14375,0,0.0,PUMP,0,0,0,0,0.0,INJECTOR,1,1,14369,0,0.0,SERVO,1,1,14260,0,0.0,ADD 1,0,1,14260,0,0.0,ADD 2,0,1,14183,0,0.0,ADD 3,0,1,14216,0,0.0,ADD 4,0,1,14200,0,0.0,ADD 5,0,0,0,0,0.0,ADD 6,0,1,14271,0,0.0,ADD 7,0,0,0,0,0.0,EGT2CAN,0,1,14238,0,0.0
1778951521.3602722,143.3,14193,-44.0,1,-,0,0,0,0,0.0,-,0,0,0,0,0.0,ECU,0,1,14309,160,143.3,FAN1,0,0,0,0,0.0,COILS,1,1,14375,0,0.0,PUMP,0,0,0,0,0.0,INJECTOR,1,1,14369,0,0.0,SERVO,1,1,14260,0,0.0,ADD 1,0,1,14260,0,0.0,ADD 2,0,1,14183,0,0.0,ADD 3,0,1,14216,0,0.0,ADD 4,0,1,14200,0,0.0,ADD 5,0,0,0,0,0.0,ADD 6,0,1,14271,0,0.0,ADD 7,0,0,0,0,0.0,EGT2CAN,0,1,14238,0,0.0
1778951521.4146123,168.0,13834,-44.0,1,-,0,0,0,0,0.0,-,0,0,0,0,0.0,ECU,0,1,14260,230,168.0,FAN1,0,0,0,0,0.0,COILS,1,1,14298,0,0.0,PUMP,0,0,0,0,0.0,INJECTOR,1,1,14364,0,0.0,SERVO,1,1,14304,0,0.0,ADD 1,0,1,14347,0,0.0,ADD 2,0,1,14353,0,0.0,ADD 3,0,1,14287,0,0.0,ADD 4,0,1,14243,0,0.0,ADD 5,0,0,0,0,0.0,ADD 6,0,1,14254,0,0.0,ADD 7,0,0,0,0,0.0,EGT2CAN,0,1,14287,0,0.0
1778951521.481579,168.0,13834,-44.0,1,-,0,0,0,0,0.0,-,0,0,0,0,0.0,ECU,0,1,14260,230,168.0,FAN1,0,0,0,0,0.0,COILS,1,1,14298,0,0.0,PUMP,0,0,0,0,0.0,INJECTOR,1,1,14364,0,0.0,SERVO,1,1,14304,0,0.0,ADD 1,0,1,14347,0,0.0,ADD 2,0,1,14353,0,0.0,ADD 3,0,1,14287,0,0.0,ADD 4,0,1,14243,0,0.0,ADD 5,0,0,0,0,0.0,ADD 6,0,1,14254,0,0.0,ADD 7,0,0,0,0,0.0,EGT2CAN,0,1,14287,0,0.0
1778951521.5319698,212.5,13840,-43.0,1,-,0,0,0,0,0.0,-,0,0,0,0,0.0,ECU,0,1,13625,230,212.5,FAN1,0,0,0,0,0.0,COILS,1,1,13800,0,0.0,PUMP,0,0,0,0,0.0,INJECTOR,1,1,13713,0,0.0,SERVO,1,1,13642,0,0.0,ADD 1,0,1,13762,0,0.0,ADD 2,0,1,13778,0,0.0,ADD 3,0,1,13767,0,0.0,ADD 4,0,1,13735,0,0.0,ADD 5,0,0,0,0,0.0,ADD 6,0,1,13800,0,0.0,ADD 7,0,0,0,0,0.0,EGT2CAN,0,1,13707,0,0.0
1778951521.5831206,216.0,14311,-44.0,1,-,0,0,0,0,0.0,-,0,0,0,0,0.0,ECU,0,1,13767,230,216.0,FAN1,0,0,0,0,0.0,COILS,1,1,13817,0,0.0,PUMP,0,0,0,0,0.0,INJECTOR,1,1,13811,0,0.0,SERVO,1,1,13817,0,0.0,ADD 1,0,1,13773,0,0.0,ADD 2,0,1,13702,0,0.0,ADD 3,0,1,13811,0,0.0,ADD 4,0,1,13767,0,0.0,ADD 5,0,0,0,0,0.0,ADD 6,0,1,13806,0,0.0,ADD 7,0,0,0,0,0.0,EGT2CAN,0,1,13767,0,0.0
1778951521.6342628,216.0,14311,-44.0,1,-,0,0,0,0,0.0,-,0,0,0,0,0.0,ECU,0,1,14222,230,216.0,FAN1,0,0,0,0,0.0,COILS,1,1,14200,0,0.0,PUMP,0,0,0,0,0.0,INJECTOR,1,1,14134,0,0.0,SERVO,1,1,14129,0,0.0,ADD 1,0,1,14030,0,0.0,ADD 2,0,1,14008,0,0.0,ADD 3,0,1,13964,0,0.0,ADD 4,0,1,14008,0,0.0,ADD 5,0,0,0,0,0.0,ADD 6,0,1,14046,0,0.0,ADD 7,0,0,0,0,0.0,EGT2CAN,0,1,13899,0,0.0
1778951521.6953816,232.0,14280,-43.0,1,-,0,0,0,0,0.0,-,0,0,0,0,0.0,ECU,0,1,14036,230,232.0,FAN1,0,0,0,0,0.0,COILS,1,1,14161,0,0.0,PUMP,0,0,0,0,0.0,INJECTOR,1,1,14189,0,0.0,SERVO,1,1,14107,0,0.0,ADD 1,0,1,14232,0,0.0,ADD 2,0,1,14238,0,0.0,ADD 3,0,1,14260,0,0.0,ADD 4,0,1,14200,0,0.0,ADD 5,0,0,0,0,0.0,ADD 6,0,1,14200,0,0.0,ADD 7,0,0,0,0,0.0,EGT2CAN,0,1,14183,0,0.0
1778951521.7467852,228.3,13717,-44.0,1,-,0,0,0,0,0.0,-,0,0,0,0,0.0,ECU,0,1,14161,210,228.3,FAN1,0,0,0,0,0.0,COILS,1,1,14216,0,0.0,PUMP,0,0,0,0,0.0,INJECTOR,1,1,14293,0,0.0,SERVO,1,1,13675,0,0.0,ADD 1,0,1,13822,0,0.0,ADD 2,0,1,13800,0,0.0,ADD 3,0,1,13833,0,0.0,ADD 4,0,1,13784,0,0.0,ADD 5,0,0,0,0,0.0,ADD 6,0,1,13789,0,0.0,ADD 7,0,0,0,0,0.0,EGT2CAN,0,1,13762,0,0.0
1778951521.7975998,218.0,14237,-43.0,1,-,0,0,0,0,0.0,-,0,0,0,0,0.0,ECU,0,1,13871,200,218.0,FAN1,0,0,0,0,0.0,COILS,1,1,13811,0,0.0,PUMP,0,0,0,0,0.0,INJECTOR,1,1,13778,0,0.0,SERVO,1,1,13762,0,0.0,ADD 1,0,1,14320,0,0.0,ADD 2,0,1,14375,0,0.0,ADD 3,0,1,14298,0,0.0,ADD 4,0,1,14276,0,0.0,ADD 5,0,0,0,0,0.0,ADD 6,0,1,14189,0,0.0,ADD 7,0,0,0,0,0.0,EGT2CAN,0,1,14227,0,0.0
1778951521.8498995,214.0,14237,-43.0,1,-,0,0,0,0,0.0,-,0,0,0,0,0.0,ECU,0,1,14200,210,214.0,FAN1,0,0,0,0,0.0,COILS,1,1,14107,0,0.0,PUMP,0,0,0,0,0.0,INJECTOR,1,1,14041,0,0.0,SERVO,1,1,14101,0,0.0,ADD 1,0,1,13844,0,0.0,ADD 2,0,1,13959,0,0.0,ADD 3,0,1,13964,0,0.0,ADD 4,0,1,13943,0,0.0,ADD 5,0,0,0,0,0.0,ADD 6,0,1,14014,0,0.0,ADD 7,0,0,0,0,0.0,EGT2CAN,0,1,13855,0,0.0
1778951521.9142547,214.0,13995,-44.0,1,-,0,0,0,0,0.0,-,0,0,0,0,0.0,ECU,0,1,14200,210,214.0,FAN1,0,0,0,0,0.0,COILS,1,1,14107,0,0.0,PUMP,0,0,0,0,0.0,INJECTOR,1,1,14041,0,0.0,SERVO,1,1,14101,0,0.0,ADD 1,0,1,13844,0,0.0,ADD 2,0,1,13959,0,0.0,ADD 3,0,1,13964,0,0.0,ADD 4,0,1,13943,0,0.0,ADD 5,0,0,0,0,0.0,ADD 6,0,1,14014,0,0.0,ADD 7,0,0,0,0,0.0,EGT2CAN,0,1,13855,0,0.0
1778951521.9644468,208.0,14057,-44.0,1,-,0,0,0,0,0.0,-,0,0,0,0,0.0,ECU,0,1,13811,210,208.0,FAN1,0,0,0,0,0.0,COILS,1,1,13833,0,0.0,PUMP,0,0,0,0,0.0,INJECTOR,1,1,13839,0,0.0,SERVO,1,1,13822,0,0.0,ADD 1,0,1,13871,0,0.0,ADD 2,0,1,13844,0,0.0,ADD 3,0,1,13833,0,0.0,ADD 4,0,1,13713,0,0.0,ADD 5,0,0,0,0,0.0,ADD 6,0,1,13740,0,0.0,ADD 7,0,0,0,0,0.0,EGT2CAN,0,1,13740,0,0.0
1778951522.0156596,208.0,14057,-44.0,1,-,0,0,0,0,0.0,-,0,0,0,0,0.0,ECU,0,1,13811,210,208.0,FAN1,0,0,0,0,0.0,COILS,1,1,13833,0,0.0,PUMP,0,0,0,0,0.0,INJECTOR,1,1,13839,0,0.0,SERVO,1,1,13822,0,0.0,ADD 1,0,1,13871,0,0.0,ADD 2,0,1,13844,0,0.0,ADD 3,0,1,13833,0,0.0,ADD 4,0,1,13713,0,0.0,ADD 5,0,0,0,0,0.0,ADD 6,0,1,13740,0,0.0,ADD 7,0,0,0,0,0.0,EGT2CAN,0,1,13740,0,0.0
1778951522.066954,200.0,14057,-44.0,1,-,0,0,0,0,0.0,-,0,0,0,0,0.0,ECU,0,1,14282,190,200.0,FAN1,0,0,0,0,0.0,COILS,1,1,14271,0,0.0,PUMP,0,0,0,0,0.0,INJECTOR,1,1,14145,0,0.0,SERVO,1,1,14118,0,0.0,ADD 1,0,1,14150,0,0.0,ADD 2,0,1,14107,0,0.0,ADD 3,0,1,14079,0,0.0,ADD 4,0,1,13997,0,0.0,ADD 5,0,0,0,0,0.0,ADD 6,0,1,13921,0,0.0,ADD 7,0,0,0,0,0.0,EGT2CAN,0,1,13921,0,0.0
1778951522.1209111,196.0,13840,-43.0,1,-,0,0,0,0,0.0,-,0,0,0,0,0.0,ECU,0,1,13680,180,196.0,FAN1,0,0,0,0,0.0,COILS,1,1,13828,0,0.0,PUMP,0,0,0,0,0.0,INJECTOR,1,1,13795,0,0.0,SERVO,1,1,13696,0,0.0,ADD 1,0,1,13784,0,0.0,ADD 2,0,1,13811,0,0.0,ADD 3,0,1,13822,0,0.0,ADD 4,0,1,13795,0,0.0,ADD 5,0,0,0,0,0.0,ADD 6,0,1,13811,0,0.0,ADD 7,0,0,0,0,0.0,EGT2CAN,0,1,13680,0,0.0
1778951522.1887307,196.0,13840,-43.0,1,-,0,0,0,0,0.0,-,0,0,0,0,0.0,ECU,0,1,13921,180,196.0,FAN1,0,0,0,0,0.0,COILS,1,1,13828,0,0.0,PUMP,0,0,0,0,0.0,INJECTOR,1,1,13795,0,0.0,SERVO,1,1,13696,0,0.0,ADD 1,0,1,13784,0,0.0,ADD 2,0,1,13811,0,0.0,ADD 3,0,1,13822,0,0.0,ADD 4,0,1,13795,0,0.0,ADD 5,0,0,0,0,0.0,ADD 6,0,1,13811,0,0.0,ADD 7,0,0,0,0,0.0,EGT2CAN,0,1,13680,0,0.0
1778951522.2410023,188.3,14007,-43.0,1,-,0,0,0,0,0.0,-,0,0,0,0,0.0,ECU,0,1,13855,190,188.3,FAN1,0,0,0,0,0.0,COILS,1,1,13828,0,0.0,PUMP,0,0,0,0,0.0,INJECTOR,1,1,13784,0,0.0,SERVO,1,1,13773,0,0.0,ADD 1,0,1,14222,0,0.0,ADD 2,0,1,14293,0,0.0,ADD 3,0,1,14331,0,0.0,ADD 4,0,1,14298,0,0.0,ADD 5,0,0,0,0,0.0,ADD 6,0,1,14320,0,0.0,ADD 7,0,0,0,0,0.0,EGT2CAN,0,1,14304,0,0.0
1778951522.2922015,188.3,14199,-43.0,1,-,0,0,0,0,0.0,-,0,0,0,0,0.0,ECU,0,1,13855,190,188.3,FAN1,0,0,0,0,0.0,COILS,1,1,13828,0,0.0,PUMP,0,0,0,0,0.0,INJECTOR,1,1,13784,0,0.0,SERVO,1,1,13773,0,0.0,ADD 1,0,1,14222,0,0.0,ADD 2,0,1,14293,0,0.0,ADD 3,0,1,14331,0,0.0,ADD 4,0,1,14298,0,0.0,ADD 5,0,0,0,0,0.0,ADD 6,0,1,14320,0,0.0,ADD 7,0,0,0,0,0.0,EGT2CAN,0,1,14304,0,0.0
1778951522.3432553,182.5,14199,-43.0,1,-,0,0,0,0,0.0,-,0,0,0,0,0.0,ECU,0,1,14331,170,182.5,FAN1,0,0,0,0,0.0,COILS,1,1,14298,0,0.0,PUMP,0,0,0,0,0.0,INJECTOR,1,1,14172,0,0.0,SERVO,1,1,14139,0,0.0,ADD 1,0,1,13997,0,0.0,ADD 2,0,1,14003,0,0.0,ADD 3,0,1,14025,0,0.0,ADD 4,0,1,13986,0,0.0,ADD 5,0,0,0,0,0.0,ADD 6,0,1,13910,0,0.0,ADD 7,0,0,0,0,0.0,EGT2CAN,0,1,14008,0,0.0
1778951522.4006631,181.7,13853,-43.0,1,-,0,0,0,0,0.0,-,0,0,0,0,0.0,ECU,0,1,13713,180,181.7,FAN1,0,0,0,0,0.0,COILS,1,1,13806,0,0.0,PUMP,0,0,0,0,0.0,INJECTOR,1,1,13740,0,0.0,SERVO,1,1,13702,0,0.0,ADD 1,0,1,13740,0,0.0,ADD 2,0,1,13866,0,0.0,ADD 3,0,1,13828,0,0.0,ADD 4,0,1,13767,0,0.0,ADD 5,0,0,0,0,0.0,ADD 6,0,1,13850,0,0.0,ADD 7,0,0,0,0,0.0,EGT2CAN,0,1,13696,0,0.0
1778951522.4549797,181.7,13983,-43.0,1,-,0,0,0,0,0.0,-,0,0,0,0,0.0,ECU,0,1,13713,180,181.7,FAN1,0,0,0,0,0.0,COILS,1,1,13806,0,0.0,PUMP,0,0,0,0,0.0,INJECTOR,1,1,13740,0,0.0,SERVO,1,1,13702,0,0.0,ADD 1,0,1,13740,0,0.0,ADD 2,0,1,13866,0,0.0,ADD 3,0,1,13828,0,0.0,ADD 4,0,1,13767,0,0.0,ADD 5,0,0,0,0,0.0,ADD 6,0,1,13850,0,0.0,ADD 7,0,0,0,0,0.0,EGT2CAN,0,1,13696,0,0.0
1778951522.5059748,176.0,13828,-44.0,1,-,0,0,0,0,0.0,-,0,0,0,0,0.0,ECU,0,1,14057,170,176.0,FAN1,0,0,0,0,0.0,COILS,1,1,14211,0,0.0,PUMP,0,0,0,0,0.0,INJECTOR,1,1,14161,0,0.0,SERVO,1,1,14167,0,0.0,ADD 1,0,1,14254,0,0.0,ADD 2,0,1,14304,0,0.0,ADD 3,0,1,14293,0,0.0,ADD 4,0,1,14243,0,0.0,ADD 5,0,0,0,0,0.0,ADD 6,0,1,14336,0,0.0,ADD 7,0,0,0,0,0.0,EGT2CAN,0,1,14227,0,0.0
1778951522.5652854,176.0,14032,-43.0,1,-,0,0,0,0,0.0,-,0,0,0,0,0.0,ECU,0,1,13817,170,176.0,FAN1,0,0,0,0,0.0,COILS,1,1,13855,0,0.0,PUMP,0,0,0,0,0.0,INJECTOR,1,1,13757,0,0.0,SERVO,1,1,13877,0,0.0,ADD 1,0,1,13915,0,0.0,ADD 2,0,1,13926,0,0.0,ADD 3,0,1,13866,0,0.0,ADD 4,0,1,13795,0,0.0,ADD 5,0,0,0,0,0.0,ADD 6,0,1,13943,0,0.0,ADD 7,0,0,0,0,0.0,EGT2CAN,0,1,13959,0,0.0
1778951522.6174905,176.0,14032,-43.0,1,-,0,0,0,0,0.0,-,0,0,0,0,0.0,ECU,0,1,13882,170,176.0,FAN1,0,0,0,0,0.0,COILS,1,1,13888,0,0.0,PUMP,0,0,0,0,0.0,INJECTOR,1,1,13850,0,0.0,SERVO,1,1,13806,0,0.0,ADD 1,0,1,13860,0,0.0,ADD 2,0,1,13860,0,0.0,ADD 3,0,1,13757,0,0.0,ADD 4,0,1,13532,0,0.0,ADD 5,0,0,0,0,0.0,ADD 6,0,1,13943,0,0.0,ADD 7,0,0,0,0,0.0,EGT2CAN,0,1,13959,0,0.0
1778951522.676842,168.0,13933,-42.0,1,-,0,0,0,0,0.0,-,0,0,0,0,0.0,ECU,0,1,13817,160,168.0,FAN1,0,0,0,0,0.0,COILS,1,1,13855,0,0.0,PUMP,0,0,0,0,0.0,INJECTOR,1,1,13855,0,0.0,SERVO,1,1,13833,0,0.0,ADD 1,0,1,13877,0,0.0,ADD 2,0,1,13850,0,0.0,ADD 3,0,1,13767,0,0.0,ADD 4,0,1,13757,0,0.0,ADD 5,0,0,0,0,0.0,ADD 6,0,1,13866,0,0.0,ADD 7,0,0,0,0,0.0,EGT2CAN,0,1,13839,0,0.0
1778951522.7279704,168.0,13933,-42.0,1,-,0,0,0,0,0.0,-,0,0,0,0,0.0,ECU,0,1,13904,160,168.0,FAN1,0,0,0,0,0.0,COILS,1,1,13811,0,0.0,PUMP,0,0,0,0,0.0,INJECTOR,1,1,13882,0,0.0,SERVO,1,1,13882,0,0.0,ADD 1,0,1,14418,0,0.0,ADD 2,0,1,14435,0,0.0,ADD 3,0,1,14407,0,0.0,ADD 4,0,1,14325,0,0.0,ADD 5,0,0,0,0,0.0,ADD 6,0,1,14265,0,0.0,ADD 7,0,0,0,0,0.0,EGT2CAN,0,1,14375,0,0.0
1778951522.7789457,157.5,14323,-41.0,1,-,0,0,0,0,0.0,-,0,0,0,0,0.0,ECU,0,1,14216,160,157.5,FAN1,0,0,0,0,0.0,COILS,1,1,14101,0,0.0,PUMP,0,0,0,0,0.0,INJECTOR,1,1,14172,0,0.0,SERVO,1,1,14052,0,0.0,ADD 1,0,1,13981,0,0.0,ADD 2,0,1,14052,0,0.0,ADD 3,0,1,14008,0,0.0,ADD 4,0,1,13921,0,0.0,ADD 5,0,0,0,0,0.0,ADD 6,0,1,13997,0,0.0,ADD 7,0,0,0,0,0.0,EGT2CAN,0,1,14052,0,0.0
1778951522.835206,156.0,13828,-43.0,1,-,0,0,0,0,0.0,-,0,0,0,0,0.0,ECU,0,1,14036,150,156.0,FAN1,0,0,0,0,0.0,COILS,1,1,14156,0,0.0,PUMP,0,0,0,0,0.0,INJECTOR,1,1,14079,0,0.0,SERVO,1,1,14150,0,0.0,ADD 1,0,1,13860,0,0.0,ADD 2,0,1,13888,0,0.0,ADD 3,0,1,13811,0,0.0,ADD 4,0,1,13828,0,0.0,ADD 5,0,0,0,0,0.0,ADD 6,0,1,13828,0,0.0,ADD 7,0,0,0,0,0.0,EGT2CAN,0,1,13762,0,0.0
1778951522.8942757,156.0,13828,-43.0,1,-,0,0,0,0,0.0,-,0,0,0,0,0.0,ECU,0,1,13877,150,156.0,FAN1,0,0,0,0,0.0,COILS,1,1,13871,0,0.0,PUMP,0,0,0,0,0.0,INJECTOR,1,1,13762,0,0.0,SERVO,1,1,13871,0,0.0,ADD 1,0,1,13866,0,0.0,ADD 2,0,1,13893,0,0.0,ADD 3,0,1,13800,0,0.0,ADD 4,0,1,13713,0,0.0,ADD 5,0,0,0,0,0.0,ADD 6,0,1,13828,0,0.0,ADD 7,0,0,0,0,0.0,EGT2CAN,0,1,13762,0,0.0
1778951522.9449408,154.0,13921,-41.0,1,-,0,0,0,0,0.0,-,0,0,0,0,0.0,ECU,0,1,14375,160,154.0,FAN1,0,0,0,0,0.0,COILS,1,1,14397,0,0.0,PUMP,0,0,0,0,0.0,INJECTOR,1,1,14418,0,0.0,SERVO,1,1,14353,0,0.0,ADD 1,0,1,14353,0,0.0,ADD 2,0,1,14375,0,0.0,ADD 3,0,1,14325,0,0.0,ADD 4,0,1,14282,0,0.0,ADD 5,0,0,0,0,0.0,ADD 6,0,1,14227,0,0.0,ADD 7,0,0,0,0,0.0,EGT2CAN,0,1,14145,0,0.0
1778951522.9969628,154.0,13921,-41.0,1,-,0,0,0,0,0.0,-,0,0,0,0,0.0,ECU,0,1,14375,160,154.0,FAN1,0,0,0,0,0.0,COILS,1,1,14397,0,0.0,PUMP,0,0,0,0,0.0,INJECTOR,1,1,14418,0,0.0,SERVO,1,1,14353,0,0.0,ADD 1,0,1,14353,0,0.0,ADD 2,0,1,14375,0,0.0,ADD 3,0,1,14325,0,0.0,ADD 4,0,1,14282,0,0.0,ADD 5,0,0,0,0,0.0,ADD 6,0,1,14227,0,0.0,ADD 7,0,0,0,0,0.0,EGT2CAN,0,1,14145,0,0.0
1778951523.0500314,154.0,13921,-41.0,1,-,0,0,0,0,0.0,-,0,0,0,0,0.0,ECU,0,1,13767,160,154.0,FAN1,0,0,0,0,0.0,COILS,1,1,13844,0,0.0,PUMP,0,0,0,0,0.0,INJECTOR,1,1,13877,0,0.0,SERVO,1,1,13877,0,0.0,ADD 1,0,1,13937,0,0.0,ADD 2,0,1,13926,0,0.0,ADD 3,0,1,13828,0,0.0,ADD 4,0,1,13828,0,0.0,ADD 5,0,0,0,0,0.0,ADD 6,0,1,14227,0,0.0,ADD 7,0,0,0,0,0.0,EGT2CAN,0,1,14145,0,0.0
1778951523.101149,153.3,14014,-43.0,1,-,0,0,0,0,0.0,-,0,0,0,0,0.0,ECU,0,1,13882,150,153.3,FAN1,0,0,0,0,0.0,COILS,1,1,13740,0,0.0,PUMP,0,0,0,0,0.0,INJECTOR,1,1,13877,0,0.0,SERVO,1,1,13855,0,0.0,ADD 1,0,1,13888,0,0.0,ADD 2,0,1,13970,0,0.0,ADD 3,0,1,13915,0,0.0,ADD 4,0,1,13904,0,0.0,ADD 5,0,0,0,0,0.0,ADD 6,0,1,13795,0,0.0,ADD 7,0,0,0,0,0.0,EGT2CAN,0,1,13882,0,0.0
1778951523.152499,153.3,14014,-43.0,1,-,0,0,0,0,0.0,-,0,0,0,0,0.0,ECU,0,1,13882,150,153.3,FAN1,0,0,0,0,0.0,COILS,1,1,13740,0,0.0,PUMP,0,0,0,0,0.0,INJECTOR,1,1,13877,0,0.0,SERVO,1,1,13855,0,0.0,ADD 1,0,1,13888,0,0.0,ADD 2,0,1,13970,0,0.0,ADD 3,0,1,13915,0,0.0,ADD 4,0,1,13904,0,0.0,ADD 5,0,0,0,0,0.0,ADD 6,0,1,13795,0,0.0,ADD 7,0,0,0,0,0.0,EGT2CAN,0,1,13882,0,0.0
1778951523.2045975,152.5,14014,-43.0,1,-,0,0,0,0,0.0,-,0,0,0,0,0.0,ECU,0,1,13855,150,152.5,FAN1,0,0,0,0,0.0,COILS,1,1,13778,0,0.0,PUMP,0,0,0,0,0.0,INJECTOR,1,1,13866,0,0.0,SERVO,1,1,13882,0,0.0,ADD 1,0,1,14331,0,0.0,ADD 2,0,1,14397,0,0.0,ADD 3,0,1,14331,0,0.0,ADD 4,0,1,14353,0,0.0,ADD 5,0,0,0,0,0.0,ADD 6,0,1,14331,0,0.0,ADD 7,0,0,0,0,0.0,EGT2CAN,0,1,14249,0,0.0
1778951523.256906,151.7,13908,-44.0,1,-,0,0,0,0,0.0,-,0,0,0,0,0.0,ECU,0,1,13893,150,151.7,FAN1,0,0,0,0,0.0,COILS,1,1,13986,0,0.0,PUMP,0,0,0,0,0.0,INJECTOR,1,1,13981,0,0.0,SERVO,1,1,13943,0,0.0,ADD 1,0,1,13795,0,0.0,ADD 2,0,1,13811,0,0.0,ADD 3,0,1,13850,0,0.0,ADD 4,0,1,13860,0,0.0,ADD 5,0,0,0,0,0.0,ADD 6,0,1,13932,0,0.0,ADD 7,0,0,0,0,0.0,EGT2CAN,0,1,13855,0,0.0
1778951523.3244717,151.7,13908,-44.0,1,-,0,0,0,0,0.0,-,0,0,0,0,0.0,ECU,0,1,13844,150,151.7,FAN1,0,0,0,0,0.0,COILS,1,1,13986,0,0.0,PUMP,0,0,0,0,0.0,INJECTOR,1,1,13981,0,0.0,SERVO,1,1,13943,0,0.0,ADD 1,0,1,13795,0,0.0,ADD 2,0,1,13811,0,0.0,ADD 3,0,1,13850,0,0.0,ADD 4,0,1,13860,0,0.0,ADD 5,0,0,0,0,0.0,ADD 6,0,1,13932,0,0.0,ADD 7,0,0,0,0,0.0,EGT2CAN,0,1,13855,0,0.0
1778951523.375227,150.0,14317,-44.0,1,-,0,0,0,0,0.0,-,0,0,0,0,0.0,ECU,0,1,13910,150,150.0,FAN1,0,0,0,0,0.0,COILS,1,1,13943,0,0.0,PUMP,0,0,0,0,0.0,INJECTOR,1,1,13860,0,0.0,SERVO,1,1,13899,0,0.0,ADD 1,0,1,13948,0,0.0,ADD 2,0,1,13953,0,0.0,ADD 3,0,1,13926,0,0.0,ADD 4,0,1,13910,0,0.0,ADD 5,0,0,0,0,0.0,ADD 6,0,1,13828,0,0.0,ADD 7,0,0,0,0,0.0,EGT2CAN,0,1,13899,0,0.0
1778951523.4266007,150.0,13908,-43.0,1,-,0,0,0,0,0.0,-,0,0,0,0,0.0,ECU,0,1,14287,150,150.0,FAN1,0,0,0,0,0.0,COILS,1,1,14331,0,0.0,PUMP,0,0,0,0,0.0,INJECTOR,1,1,14386,0,0.0,SERVO,1,1,14347,0,0.0,ADD 1,0,1,14216,0,0.0,ADD 2,0,1,14353,0,0.0,ADD 3,0,1,14353,0,0.0,ADD 4,0,1,14271,0,0.0,ADD 5,0,0,0,0,0.0,ADD 6,0,1,14380,0,0.0,ADD 7,0,0,0,0,0.0,EGT2CAN,0,1,14254,0,0.0
1778951523.4777756,150.0,13908,-43.0,1,-,0,0,0,0,0.0,-,0,0,0,0,0.0,ECU,0,1,13899,150,150.0,FAN1,0,0,0,0,0.0,COILS,1,1,13866,0,0.0,PUMP,0,0,0,0,0.0,INJECTOR,1,1,13964,0,0.0,SERVO,1,1,13943,0,0.0,ADD 1,0,1,14008,0,0.0,ADD 2,0,1,14074,0,0.0,ADD 3,0,1,13992,0,0.0,ADD 4,0,1,14014,0,0.0,ADD 5,0,0,0,0,0.0,ADD 6,0,1,14014,0,0.0,ADD 7,0,0,0,0,0.0,EGT2CAN,0,1,14079,0,0.0
1778951523.5399976,150.0,13896,-43.0,1,-,0,0,0,0,0.0,-,0,0,0,0,0.0,ECU,0,1,13921,150,150.0,FAN1,0,0,0,0,0.0,COILS,1,1,13860,0,0.0,PUMP,0,0,0,0,0.0,INJECTOR,1,1,13877,0,0.0,SERVO,1,1,13910,0,0.0,ADD 1,0,1,13899,0,0.0,ADD 2,0,1,13871,0,0.0,ADD 3,0,1,13784,0,0.0,ADD 4,0,1,13828,0,0.0,ADD 5,0,0,0,0,0.0,ADD 6,0,1,13937,0,0.0,ADD 7,0,0,0,0,0.0,EGT2CAN,0,1,13899,0,0.0
1778951523.592186,150.0,13890,-43.0,1,-,0,0,0,0,0.0,-,0,0,0,0,0.0,ECU,0,1,13921,150,150.0,FAN1,0,0,0,0,0.0,COILS,1,1,13833,0,0.0,PUMP,0,0,0,0,0.0,INJECTOR,1,1,13811,0,0.0,SERVO,1,1,13888,0,0.0,ADD 1,0,1,13855,0,0.0,ADD 2,0,1,13806,0,0.0,ADD 3,0,1,13784,0,0.0,ADD 4,0,1,13844,0,0.0,ADD 5,0,0,0,0,0.0,ADD 6,0,1,13948,0,0.0,ADD 7,0,0,0,0,0.0,EGT2CAN,0,1,13899,0,0.0
1778951523.6552246,150.0,13902,-43.0,1,-,0,0,0,0,0.0,-,0,0,0,0,0.0,ECU,0,1,14282,150,150.0,FAN1,0,0,0,0,0.0,COILS,1,1,14347,0,0.0,PUMP,0,0,0,0,0.0,INJECTOR,1,1,14320,0,0.0,SERVO,1,1,14320,0,0.0,ADD 1,0,1,13893,0,0.0,ADD 2,0,1,13811,0,0.0,ADD 3,0,1,13839,0,0.0,ADD 4,0,1,13811,0,0.0,ADD 5,0,0,0,0,0.0,ADD 6,0,1,13986,0,0.0,ADD 7,0,0,0,0,0.0,EGT2CAN,0,1,13959,0,0.0
1778951523.7062538,150.0,13902,-43.0,1,-,0,0,0,0,0.0,-,0,0,0,0,0.0,ECU,0,1,13953,150,150.0,FAN1,0,0,0,0,0.0,COILS,1,1,14008,0,0.0,PUMP,0,0,0,0,0.0,INJECTOR,1,1,14003,0,0.0,SERVO,1,1,14101,0,0.0,ADD 1,0,1,13899,0,0.0,ADD 2,0,1,13855,0,0.0,ADD 3,0,1,13789,0,0.0,ADD 4,0,1,13778,0,0.0,ADD 5,0,0,0,0,0.0,ADD 6,0,1,13986,0,0.0,ADD 7,0,0,0,0,0.0,EGT2CAN,0,1,13959,0,0.0
1778951523.7608411,145.0,13915,-44.0,1,-,0,0,0,0,0.0,-,0,0,0,0,0.0,ECU,0,1,13953,130,145.0,FAN1,0,0,0,0,0.0,COILS,1,1,14008,0,0.0,PUMP,0,0,0,0,0.0,INJECTOR,1,1,14003,0,0.0,SERVO,1,1,14101,0,0.0,ADD 1,0,1,13899,0,0.0,ADD 2,0,1,13855,0,0.0,ADD 3,0,1,13789,0,0.0,ADD 4,0,1,13778,0,0.0,ADD 5,0,0,0,0,0.0,ADD 6,0,1,13932,0,0.0,ADD 7,0,0,0,0,0.0,EGT2CAN,0,1,13915,0,0.0
1778951523.8115296,142.0,14237,-43.0,1,-,0,0,0,0,0.0,-,0,0,0,0,0.0,ECU,0,1,13828,130,142.0,FAN1,0,0,0,0,0.0,COILS,1,1,13915,0,0.0,PUMP,0,0,0,0,0.0,INJECTOR,1,1,13921,0,0.0,SERVO,1,1,13817,0,0.0,ADD 1,0,1,13877,0,0.0,ADD 2,0,1,13943,0,0.0,ADD 3,0,1,13937,0,0.0,ADD 4,0,1,13921,0,0.0,ADD 5,0,0,0,0,0.0,ADD 6,0,1,13959,0,0.0,ADD 7,0,0,0,0,0.0,EGT2CAN,0,1,13828,0,0.0
1778951523.8622293,142.0,14237,-43.0,1,-,0,0,0,0,0.0,-,0,0,0,0,0.0,ECU,0,1,14386,130,142.0,FAN1,0,0,0,0,0.0,COILS,1,1,13915,0,0.0,PUMP,0,0,0,0,0.0,INJECTOR,1,1,13921,0,0.0,SERVO,1,1,13817,0,0.0,ADD 1,0,1,13877,0,0.0,ADD 2,0,1,13943,0,0.0,ADD 3,0,1,13937,0,0.0,ADD 4,0,1,13921,0,0.0,ADD 5,0,0,0,0,0.0,ADD 6,0,1,13959,0,0.0,ADD 7,0,0,0,0,0.0,EGT2CAN,0,1,13828,0,0.0
1778951523.9138231,140.0,14094,-42.0,1,-,0,0,0,0,0.0,-,0,0,0,0,0.0,ECU,0,1,14386,150,140.0,FAN1,0,0,0,0,0.0,COILS,1,1,14397,0,0.0,PUMP,0,0,0,0,0.0,INJECTOR,1,1,14407,0,0.0,SERVO,1,1,14265,0,0.0,ADD 1,0,1,14325,0,0.0,ADD 2,0,1,14391,0,0.0,ADD 3,0,1,14353,0,0.0,ADD 4,0,1,14260,0,0.0,ADD 5,0,0,0,0,0.0,ADD 6,0,1,14238,0,0.0,ADD 7,0,0,0,0,0.0,EGT2CAN,0,1,14238,0,0.0
1778951523.9677632,138.0,13964,-44.0,1,-,0,0,0,0,0.0,-,0,0,0,0,0.0,ECU,0,1,13828,130,138.0,FAN1,0,0,0,0,0.0,COILS,1,1,13910,0,0.0,PUMP,0,0,0,0,0.0,INJECTOR,1,1,13893,0,0.0,SERVO,1,1,13800,0,0.0,ADD 1,0,1,13800,0,0.0,ADD 2,0,1,13871,0,0.0,ADD 3,0,1,13910,0,0.0,ADD 4,0,1,13844,0,0.0,ADD 5,0,0,0,0,0.0,ADD 6,0,1,13899,0,0.0,ADD 7,0,0,0,0,0.0,EGT2CAN,0,1,13822,0,0.0
1778951524.01882,138.0,13964,-44.0,1,-,0,0,0,0,0.0,-,0,0,0,0,0.0,ECU,0,1,13893,130,138.0,FAN1,0,0,0,0,0.0,COILS,1,1,13910,0,0.0,PUMP,0,0,0,0,0.0,INJECTOR,1,1,13893,0,0.0,SERVO,1,1,13800,0,0.0,ADD 1,0,1,13800,0,0.0,ADD 2,0,1,13871,0,0.0,ADD 3,0,1,13910,0,0.0,ADD 4,0,1,13844,0,0.0,ADD 5,0,0,0,0,0.0,ADD 6,0,1,13899,0,0.0,ADD 7,0,0,0,0,0.0,EGT2CAN,0,1,13822,0,0.0
1778951524.0695078,132.5,13964,-44.0,1,-,0,0,0,0,0.0,-,0,0,0,0,0.0,ECU,0,1,13893,120,132.5,FAN1,0,0,0,0,0.0,COILS,1,1,13964,0,0.0,PUMP,0,0,0,0,0.0,INJECTOR,1,1,13970,0,0.0,SERVO,1,1,13850,0,0.0,ADD 1,0,1,13921,0,0.0,ADD 2,0,1,13970,0,0.0,ADD 3,0,1,13899,0,0.0,ADD 4,0,1,13904,0,0.0,ADD 5,0,0,0,0,0.0,ADD 6,0,1,13855,0,0.0,ADD 7,0,0,0,0,0.0,EGT2CAN,0,1,13910,0,0.0
1778951524.1201067,122.0,14348,-44.0,1,-,0,0,0,0,0.0,-,0,0,0,0,0.0,ECU,0,1,13877,110,122.0,FAN1,0,0,0,0,0.0,COILS,1,1,13981,0,0.0,PUMP,0,0,0,0,0.0,INJECTOR,1,1,13986,0,0.0,SERVO,1,1,13953,0,0.0,ADD 1,0,1,14265,0,0.0,ADD 2,0,1,14304,0,0.0,ADD 3,0,1,14309,0,0.0,ADD 4,0,1,14331,0,0.0,ADD 5,0,0,0,0,0.0,ADD 6,0,1,14407,0,0.0,ADD 7,0,0,0,0,0.0,EGT2CAN,0,1,14298,0,0.0
1778951524.1891441,122.0,14348,-44.0,1,-,0,0,0,0,0.0,-,0,0,0,0,0.0,ECU,0,1,14309,110,122.0,FAN1,0,0,0,0,0.0,COILS,1,1,13981,0,0.0,PUMP,0,0,0,0,0.0,INJECTOR,1,1,13986,0,0.0,SERVO,1,1,13953,0,0.0,ADD 1,0,1,14265,0,0.0,ADD 2,0,1,14304,0,0.0,ADD 3,0,1,14309,0,0.0,ADD 4,0,1,14331,0,0.0,ADD 5,0,0,0,0,0.0,ADD 6,0,1,14407,0,0.0,ADD 7,0,0,0,0,0.0,EGT2CAN,0,1,14298,0,0.0
1778951524.241131,121.7,14336,-43.0,1,-,0,0,0,0,0.0,-,0,0,0,0,0.0,ECU,0,1,13959,140,121.7,FAN1,0,0,0,0,0.0,COILS,1,1,13953,0,0.0,PUMP,0,0,0,0,0.0,INJECTOR,1,1,13806,0,0.0,SERVO,1,1,13784,0,0.0,ADD 1,0,1,13915,0,0.0,ADD 2,0,1,13915,0,0.0,ADD 3,0,1,13964,0,0.0,ADD 4,0,1,13877,0,0.0,ADD 5,0,0,0,0,0.0,ADD 6,0,1,13959,0,0.0,ADD 7,0,0,0,0,0.0,EGT2CAN,0,1,13784,0,0.0
1778951524.2922807,121.7,14336,-43.0,1,-,0,0,0,0,0.0,-,0,0,0,0,0.0,ECU,0,1,13959,140,121.7,FAN1,0,0,0,0,0.0,COILS,1,1,13953,0,0.0,PUMP,0,0,0,0,0.0,INJECTOR,1,1,13806,0,0.0,SERVO,1,1,13784,0,0.0,ADD 1,0,1,13915,0,0.0,ADD 2,0,1,13915,0,0.0,ADD 3,0,1,13964,0,0.0,ADD 4,0,1,13877,0,0.0,ADD 5,0,0,0,0,0.0,ADD 6,0,1,13959,0,0.0,ADD 7,0,0,0,0,0.0,EGT2CAN,0,1,13784,0,0.0
1778951524.343986,125.0,14336,-43.0,1,-,0,0,0,0,0.0,-,0,0,0,0,0.0,ECU,0,1,14265,120,125.0,FAN1,0,0,0,0,0.0,COILS,1,1,14260,0,0.0,PUMP,0,0,0,0,0.0,INJECTOR,1,1,14145,0,0.0,SERVO,1,1,14123,0,0.0,ADD 1,0,1,14101,0,0.0,ADD 2,0,1,14003,0,0.0,ADD 3,0,1,13926,0,0.0,ADD 4,0,1,13877,0,0.0,ADD 5,0,0,0,0,0.0,ADD 6,0,1,13932,0,0.0,ADD 7,0,0,0,0,0.0,EGT2CAN,0,1,13959,0,0.0
1778951524.4021828,121.7,14026,-44.0,1,-,0,0,0,0,0.0,-,0,0,0,0,0.0,ECU,0,1,13921,110,121.7,FAN1,0,0,0,0,0.0,COILS,1,1,13910,0,0.0,PUMP,0,0,0,0,0.0,INJECTOR,1,1,13850,0,0.0,SERVO,1,1,13860,0,0.0,ADD 1,0,1,13937,0,0.0,ADD 2,0,1,13943,0,0.0,ADD 3,0,1,13921,0,0.0,ADD 4,0,1,13860,0,0.0,ADD 5,0,0,0,0,0.0,ADD 6,0,1,13850,0,0.0,ADD 7,0,0,0,0,0.0,EGT2CAN,0,1,13915,0,0.0
1778951524.4691508,121.7,14026,-44.0,1,-,0,0,0,0,0.0,-,0,0,0,0,0.0,ECU,0,1,13828,110,121.7,FAN1,0,0,0,0,0.0,COILS,1,1,13910,0,0.0,PUMP,0,0,0,0,0.0,INJECTOR,1,1,13850,0,0.0,SERVO,1,1,13860,0,0.0,ADD 1,0,1,13937,0,0.0,ADD 2,0,1,13943,0,0.0,ADD 3,0,1,13921,0,0.0,ADD 4,0,1,13860,0,0.0,ADD 5,0,0,0,0,0.0,ADD 6,0,1,13850,0,0.0,ADD 7,0,0,0,0,0.0,EGT2CAN,0,1,13915,0,0.0
1778951524.520101,116.0,14404,-43.0,1,-,0,0,0,0,0.0,-,0,0,0,0,0.0,ECU,0,1,13921,110,116.0,FAN1,0,0,0,0,0.0,COILS,1,1,13839,0,0.0,PUMP,0,0,0,0,0.0,INJECTOR,1,1,13904,0,0.0,SERVO,1,1,14254,0,0.0,ADD 1,0,1,14304,0,0.0,ADD 2,0,1,14353,0,0.0,ADD 3,0,1,14304,0,0.0,ADD 4,0,1,14320,0,0.0,ADD 5,0,0,0,0,0.0,ADD 6,0,1,14347,0,0.0,ADD 7,0,0,0,0,0.0,EGT2CAN,0,1,14167,0,0.0
1778951524.572418,116.7,14020,-43.0,1,-,0,0,0,0,0.0,-,0,0,0,0,0.0,ECU,0,1,14407,120,116.7,FAN1,0,0,0,0,0.0,COILS,1,1,14287,0,0.0,PUMP,0,0,0,0,0.0,INJECTOR,1,1,14342,0,0.0,SERVO,1,1,14265,0,0.0,ADD 1,0,1,13943,0,0.0,ADD 2,0,1,13986,0,0.0,ADD 3,0,1,13997,0,0.0,ADD 4,0,1,13926,0,0.0,ADD 5,0,0,0,0,0.0,ADD 6,0,1,13964,0,0.0,ADD 7,0,0,0,0,0.0,EGT2CAN,0,1,13943,0,0.0
1778951524.6235116,116.7,14020,-43.0,1,-,0,0,0,0,0.0,-,0,0,0,0,0.0,ECU,0,1,14194,120,116.7,FAN1,0,0,0,0,0.0,COILS,1,1,14227,0,0.0,PUMP,0,0,0,0,0.0,INJECTOR,1,1,14129,0,0.0,SERVO,1,1,14183,0,0.0,ADD 1,0,1,13893,0,0.0,ADD 2,0,1,13882,0,0.0,ADD 3,0,1,13932,0,0.0,ADD 4,0,1,13882,0,0.0,ADD 5,0,0,0,0,0.0,ADD 6,0,1,13964,0,0.0,ADD 7,0,0,0,0,0.0,EGT2CAN,0,1,13943,0,0.0
1778951524.674761,118.0,14088,-43.0,1,-,0,0,0,0,0.0,-,0,0,0,0,0.0,ECU,0,1,13953,110,118.0,FAN1,0,0,0,0,0.0,COILS,1,1,13910,0,0.0,PUMP,0,0,0,0,0.0,INJECTOR,1,1,13910,0,0.0,SERVO,1,1,13921,0,0.0,ADD 1,0,1,14014,0,0.0,ADD 2,0,1,13986,0,0.0,ADD 3,0,1,14041,0,0.0,ADD 4,0,1,13986,0,0.0,ADD 5,0,0,0,0,0.0,ADD 6,0,1,14036,0,0.0,ADD 7,0,0,0,0,0.0,EGT2CAN,0,1,13953,0,0.0
1778951524.7257624,120.0,14088,-43.0,1,-,0,0,0,0,0.0,-,0,0,0,0,0.0,ECU,0,1,13877,120,120.0,FAN1,0,0,0,0,0.0,COILS,1,1,13953,0,0.0,PUMP,0,0,0,0,0.0,INJECTOR,1,1,13997,0,0.0,SERVO,1,1,13948,0,0.0,ADD 1,0,1,13932,0,0.0,ADD 2,0,1,13986,0,0.0,ADD 3,0,1,13926,0,0.0,ADD 4,0,1,13932,0,0.0,ADD 5,0,0,0,0,0.0,ADD 6,0,1,13943,0,0.0,ADD 7,0,0,0,0,0.0,EGT2CAN,0,1,13899,0,0.0
1778951524.7768617,120.0,14286,-43.0,1,-,0,0,0,0,0.0,-,0,0,0,0,0.0,ECU,0,1,13877,120,120.0,FAN1,0,0,0,0,0.0,COILS,1,1,13953,0,0.0,PUMP,0,0,0,0,0.0,INJECTOR,1,1,13997,0,0.0,SERVO,1,1,13948,0,0.0,ADD 1,0,1,13932,0,0.0,ADD 2,0,1,13986,0,0.0,ADD 3,0,1,13926,0,0.0,ADD 4,0,1,13932,0,0.0,ADD 5,0,0,0,0,0.0,ADD 6,0,1,13943,0,0.0,ADD 7,0,0,0,0,0.0,EGT2CAN,0,1,13899,0,0.0
1778951524.8303788,126.0,14131,-43.0,1,-,0,0,0,0,0.0,-,0,0,0,0,0.0,ECU,0,1,13860,150,126.0,FAN1,0,0,0,0,0.0,COILS,1,1,14101,0,0.0,PUMP,0,0,0,0,0.0,INJECTOR,1,1,13860,0,0.0,SERVO,1,1,13860,0,0.0,ADD 1,0,1,13899,0,0.0,ADD 2,0,1,13959,0,0.0,ADD 3,0,1,13904,0,0.0,ADD 4,0,1,13921,0,0.0,ADD 5,0,0,0,0,0.0,ADD 6,0,1,13943,0,0.0,ADD 7,0,0,0,0,0.0,EGT2CAN,0,1,13855,0,0.0
1778951524.8972342,126.0,14069,-45.0,1,-,0,0,0,0,0.0,-,0,0,0,0,0.0,ECU,0,1,13975,130,126.0,FAN1,0,0,0,0,0.0,COILS,1,1,13855,0,0.0,PUMP,0,0,0,0,0.0,INJECTOR,1,1,13953,0,0.0,SERVO,1,1,13964,0,0.0,ADD 1,0,1,13970,0,0.0,ADD 2,0,1,13850,0,0.0,ADD 3,0,1,13882,0,0.0,ADD 4,0,1,13921,0,0.0,ADD 5,0,0,0,0,0.0,ADD 6,0,1,13975,0,0.0,ADD 7,0,0,0,0,0.0,EGT2CAN,0,1,13943,0,0.0
1778951524.9483268,140.0,13964,-43.0,1,-,0,0,0,0,0.0,-,0,0,0,0,0.0,ECU,0,1,14183,150,140.0,FAN1,0,0,0,0,0.0,COILS,1,1,14331,0,0.0,PUMP,0,0,0,0,0.0,INJECTOR,1,1,14353,0,0.0,SERVO,1,1,14271,0,0.0,ADD 1,0,1,13828,0,0.0,ADD 2,0,1,13915,0,0.0,ADD 3,0,1,13921,0,0.0,ADD 4,0,1,13877,0,0.0,ADD 5,0,0,0,0,0.0,ADD 6,0,1,13975,0,0.0,ADD 7,0,0,0,0,0.0,EGT2CAN,0,1,13899,0,0.0
1778951525.0018127,140.0,13964,-43.0,1,-,0,0,0,0,0.0,-,0,0,0,0,0.0,ECU,0,1,14183,150,140.0,FAN1,0,0,0,0,0.0,COILS,1,1,14331,0,0.0,PUMP,0,0,0,0,0.0,INJECTOR,1,1,14353,0,0.0,SERVO,1,1,14271,0,0.0,ADD 1,0,1,13828,0,0.0,ADD 2,0,1,13915,0,0.0,ADD 3,0,1,13921,0,0.0,ADD 4,0,1,13877,0,0.0,ADD 5,0,0,0,0,0.0,ADD 6,0,1,13975,0,0.0,ADD 7,0,0,0,0,0.0,EGT2CAN,0,1,13899,0,0.0
1778951525.0524218,140.0,13964,-43.0,1,-,0,0,0,0,0.0,-,0,0,0,0,0.0,ECU,0,1,13921,150,140.0,FAN1,0,0,0,0,0.0,COILS,1,1,13948,0,0.0,PUMP,0,0,0,0,0.0,INJECTOR,1,1,13921,0,0.0,SERVO,1,1,13877,0,0.0,ADD 1,0,1,14003,0,0.0,ADD 2,0,1,14030,0,0.0,ADD 3,0,1,13975,0,0.0,ADD 4,0,1,13899,0,0.0,ADD 5,0,0,0,0,0.0,ADD 6,0,1,13877,0,0.0,ADD 7,0,0,0,0,0.0,EGT2CAN,0,1,13981,0,0.0
1778951525.1031466,156.0,14026,-43.0,1,-,0,0,0,0,0.0,-,0,0,0,0,0.0,ECU,0,1,14391,170,156.0,FAN1,0,0,0,0,0.0,COILS,1,1,14440,0,0.0,PUMP,0,0,0,0,0.0,INJECTOR,1,1,14282,0,0.0,SERVO,1,1,14304,0,0.0,ADD 1,0,1,14276,0,0.0,ADD 2,0,1,14309,0,0.0,ADD 3,0,1,14282,0,0.0,ADD 4,0,1,14129,0,0.0,ADD 5,0,0,0,0,0.0,ADD 6,0,1,14189,0,0.0,ADD 7,0,0,0,0,0.0,EGT2CAN,0,1,14134,0,0.0
1778951525.1541853,156.0,14026,-43.0,1,-,0,0,0,0,0.0,-,0,0,0,0,0.0,ECU,0,1,14145,170,156.0,FAN1,0,0,0,0,0.0,COILS,1,1,14282,0,0.0,PUMP,0,0,0,0,0.0,INJECTOR,1,1,14249,0,0.0,SERVO,1,1,14211,0,0.0,ADD 1,0,1,14276,0,0.0,ADD 2,0,1,14309,0,0.0,ADD 3,0,1,14282,0,0.0,ADD 4,0,1,14129,0,0.0,ADD 5,0,0,0,0,0.0,ADD 6,0,1,14189,0,0.0,ADD 7,0,0,0,0,0.0,EGT2CAN,0,1,14134,0,0.0
1778951525.205141,160.0,14026,-43.0,1,-,0,0,0,0,0.0,-,0,0,0,0,0.0,ECU,0,1,14145,160,160.0,FAN1,0,0,0,0,0.0,COILS,1,1,14282,0,0.0,PUMP,0,0,0,0,0.0,INJECTOR,1,1,14249,0,0.0,SERVO,1,1,14211,0,0.0,ADD 1,0,1,14314,0,0.0,ADD 2,0,1,14342,0,0.0,ADD 3,0,1,14304,0,0.0,ADD 4,0,1,14325,0,0.0,ADD 5,0,0,0,0,0.0,ADD 6,0,1,14380,0,0.0,ADD 7,0,0,0,0,0.0,EGT2CAN,0,1,14304,0,0.0
1778951525.2554984,166.7,14007,-43.0,1,-,0,0,0,0,0.0,-,0,0,0,0,0.0,ECU,0,1,14293,170,166.7,FAN1,0,0,0,0,0.0,COILS,1,1,14304,0,0.0,PUMP,0,0,0,0,0.0,INJECTOR,1,1,14156,0,0.0,SERVO,1,1,14150,0,0.0,ADD 1,0,1,14118,0,0.0,ADD 2,0,1,14112,0,0.0,ADD 3,0,1,13970,0,0.0,ADD 4,0,1,13921,0,0.0,ADD 5,0,0,0,0,0.0,ADD 6,0,1,14019,0,0.0,ADD 7,0,0,0,0,0.0,EGT2CAN,0,1,13975,0,0.0
1778951525.3060105,178.0,14007,-43.0,1,-,0,0,0,0,0.0,-,0,0,0,0,0.0,ECU,0,1,14336,200,178.0,FAN1,0,0,0,0,0.0,COILS,1,1,14314,0,0.0,PUMP,0,0,0,0,0.0,INJECTOR,1,1,14451,0,0.0,SERVO,1,1,14440,0,0.0,ADD 1,0,1,14446,0,0.0,ADD 2,0,1,14380,0,0.0,ADD 3,0,1,14331,0,0.0,ADD 4,0,1,14375,0,0.0,ADD 5,0,0,0,0,0.0,ADD 6,0,1,14473,0,0.0,ADD 7,0,0,0,0,0.0,EGT2CAN,0,1,14495,0,0.0
1778951525.3578079,178.0,14422,-44.0,1,-,0,0,0,0,0.0,-,0,0,0,0,0.0,ECU,0,1,14336,200,178.0,FAN1,0,0,0,0,0.0,COILS,1,1,14314,0,0.0,PUMP,0,0,0,0,0.0,INJECTOR,1,1,14451,0,0.0,SERVO,1,1,14440,0,0.0,ADD 1,0,1,14446,0,0.0,ADD 2,0,1,14380,0,0.0,ADD 3,0,1,14331,0,0.0,ADD 4,0,1,14375,0,0.0,ADD 5,0,0,0,0,0.0,ADD 6,0,1,14473,0,0.0,ADD 7,0,0,0,0,0.0,EGT2CAN,0,1,14495,0,0.0
1778951525.417724,192.0,13958,-44.0,1,-,0,0,0,0,0.0,-,0,0,0,0,0.0,ECU,0,1,14139,210,192.0,FAN1,0,0,0,0,0.0,COILS,1,1,14172,0,0.0,PUMP,0,0,0,0,0.0,INJECTOR,1,1,14227,0,0.0,SERVO,1,1,14232,0,0.0,ADD 1,0,1,13981,0,0.0,ADD 2,0,1,14014,0,0.0,ADD 3,0,1,13943,0,0.0,ADD 4,0,1,13850,0,0.0,ADD 5,0,0,0,0,0.0,ADD 6,0,1,13921,0,0.0,ADD 7,0,0,0,0,0.0,EGT2CAN,0,1,13959,0,0.0
1778951525.4763315,192.0,13958,-44.0,1,-,0,0,0,0,0.0,-,0,0,0,0,0.0,ECU,0,1,13893,210,192.0,FAN1,0,0,0,0,0.0,COILS,1,1,13964,0,0.0,PUMP,0,0,0,0,0.0,INJECTOR,1,1,13986,0,0.0,SERVO,1,1,13964,0,0.0,ADD 1,0,1,13981,0,0.0,ADD 2,0,1,14014,0,0.0,ADD 3,0,1,13943,0,0.0,ADD 4,0,1,13850,0,0.0,ADD 5,0,0,0,0,0.0,ADD 6,0,1,13921,0,0.0,ADD 7,0,0,0,0,0.0,EGT2CAN,0,1,13959,0,0.0
1778951525.5266497,202.5,14336,-43.0,1,-,0,0,0,0,0.0,-,0,0,0,0,0.0,ECU,0,1,14003,210,202.5,FAN1,0,0,0,0,0.0,COILS,1,1,13899,0,0.0,PUMP,0,0,0,0,0.0,INJECTOR,1,1,13986,0,0.0,SERVO,1,1,13932,0,0.0,ADD 1,0,1,14314,0,0.0,ADD 2,0,1,14375,0,0.0,ADD 3,0,1,14375,0,0.0,ADD 4,0,1,14375,0,0.0,ADD 5,0,0,0,0,0.0,ADD 6,0,1,14418,0,0.0,ADD 7,0,0,0,0,0.0,EGT2CAN,0,1,14304,0,0.0
1778951525.5808296,202.0,13964,-43.0,1,-,0,0,0,0,0.0,-,0,0,0,0,0.0,ECU,0,1,14429,200,202.0,FAN1,0,0,0,0,0.0,COILS,1,1,14397,0,0.0,PUMP,0,0,0,0,0.0,INJECTOR,1,1,14353,0,0.0,SERVO,1,1,14397,0,0.0,ADD 1,0,1,14446,0,0.0,ADD 2,0,1,14544,0,0.0,ADD 3,0,1,14468,0,0.0,ADD 4,0,1,14457,0,0.0,ADD 5,0,0,0,0,0.0,ADD 6,0,1,14484,0,0.0,ADD 7,0,0,0,0,0.0,EGT2CAN,0,1,14375,0,0.0
1778951525.6384938,202.0,13964,-43.0,1,-,0,0,0,0,0.0,-,0,0,0,0,0.0,ECU,0,1,14008,200,202.0,FAN1,0,0,0,0,0.0,COILS,1,1,13959,0,0.0,PUMP,0,0,0,0,0.0,INJECTOR,1,1,13893,0,0.0,SERVO,1,1,13953,0,0.0,ADD 1,0,1,13992,0,0.0,ADD 2,0,1,13970,0,0.0,ADD 3,0,1,13882,0,0.0,ADD 4,0,1,13844,0,0.0,ADD 5,0,0,0,0,0.0,ADD 6,0,1,13953,0,0.0,ADD 7,0,0,0,0,0.0,EGT2CAN,0,1,13964,0,0.0
1778951525.6887906,215.0,14404,-43.0,1,-,0,0,0,0,0.0,-,0,0,0,0,0.0,ECU,0,1,14462,230,215.0,FAN1,0,0,0,0,0.0,COILS,1,1,14533,0,0.0,PUMP,0,0,0,0,0.0,INJECTOR,1,1,14446,0,0.0,SERVO,1,1,14380,0,0.0,ADD 1,0,1,14462,0,0.0,ADD 2,0,1,14533,0,0.0,ADD 3,0,1,14484,0,0.0,ADD 4,0,1,14418,0,0.0,ADD 5,0,0,0,0,0.0,ADD 6,0,1,14386,0,0.0,ADD 7,0,0,0,0,0.0,EGT2CAN,0,1,14440,0,0.0
1778951525.740282,215.0,14404,-43.0,1,-,0,0,0,0,0.0,-,0,0,0,0,0.0,ECU,0,1,14462,230,215.0,FAN1,0,0,0,0,0.0,COILS,1,1,14533,0,0.0,PUMP,0,0,0,0,0.0,INJECTOR,1,1,14446,0,0.0,SERVO,1,1,14380,0,0.0,ADD 1,0,1,14462,0,0.0,ADD 2,0,1,14533,0,0.0,ADD 3,0,1,14484,0,0.0,ADD 4,0,1,14418,0,0.0,ADD 5,0,0,0,0,0.0,ADD 6,0,1,14386,0,0.0,ADD 7,0,0,0,0,0.0,EGT2CAN,0,1,14440,0,0.0
1778951525.7927136,227.5,14404,-43.0,1,-,0,0,0,0,0.0,-,0,0,0,0,0.0,ECU,0,1,14336,230,227.5,FAN1,0,0,0,0,0.0,COILS,1,1,14462,0,0.0,PUMP,0,0,0,0,0.0,INJECTOR,1,1,14479,0,0.0,SERVO,1,1,14331,0,0.0,ADD 1,0,1,14063,0,0.0,ADD 2,0,1,14036,0,0.0,ADD 3,0,1,13975,0,0.0,ADD 4,0,1,13992,0,0.0,ADD 5,0,0,0,0,0.0,ADD 6,0,1,14183,0,0.0,ADD 7,0,0,0,0,0.0,EGT2CAN,0,1,14145,0,0.0
1778951525.8484123,230.0,14076,-43.0,1,-,0,0,0,0,0.0,-,0,0,0,0,0.0,ECU,0,1,13953,230,230.0,FAN1,0,0,0,0,0.0,COILS,1,1,13882,0,0.0,PUMP,0,0,0,0,0.0,INJECTOR,1,1,14014,0,0.0,SERVO,1,1,13959,0,0.0,ADD 1,0,1,14030,0,0.0,ADD 2,0,1,14063,0,0.0,ADD 3,0,1,13986,0,0.0,ADD 4,0,1,13964,0,0.0,ADD 5,0,0,0,0,0.0,ADD 6,0,1,13992,0,0.0,ADD 7,0,0,0,0,0.0,EGT2CAN,0,1,14036,0,0.0
1778951525.91925,230.0,14076,-43.0,1,-,0,0,0,0,0.0,-,0,0,0,0,0.0,ECU,0,1,13986,230,230.0,FAN1,0,0,0,0,0.0,COILS,1,1,13932,0,0.0,PUMP,0,0,0,0,0.0,INJECTOR,1,1,13904,0,0.0,SERVO,1,1,13915,0,0.0,ADD 1,0,1,14030,0,0.0,ADD 2,0,1,14063,0,0.0,ADD 3,0,1,13986,0,0.0,ADD 4,0,1,13964,0,0.0,ADD 5,0,0,0,0,0.0,ADD 6,0,1,13992,0,0.0,ADD 7,0,0,0,0,0.0,EGT2CAN,0,1,14036,0,0.0
1778951525.969973,232.0,14119,-44.0,1,-,0,0,0,0,0.0,-,0,0,0,0,0.0,ECU,0,1,14528,230,232.0,FAN1,0,0,0,0,0.0,COILS,1,1,14511,0,0.0,PUMP,0,0,0,0,0.0,INJECTOR,1,1,14364,0,0.0,SERVO,1,1,14282,0,0.0,ADD 1,0,1,14342,0,0.0,ADD 2,0,1,14418,0,0.0,ADD 3,0,1,14342,0,0.0,ADD 4,0,1,14353,0,0.0,ADD 5,0,0,0,0,0.0,ADD 6,0,1,14325,0,0.0,ADD 7,0,0,0,0,0.0,EGT2CAN,0,1,14161,0,0.0
1778951526.0210538,234.0,14032,-43.0,1,-,0,0,0,0,0.0,-,0,0,0,0,0.0,ECU,0,1,13943,240,234.0,FAN1,0,0,0,0,0.0,COILS,1,1,13970,0,0.0,PUMP,0,0,0,0,0.0,INJECTOR,1,1,14019,0,0.0,SERVO,1,1,13943,0,0.0,ADD 1,0,1,13921,0,0.0,ADD 2,0,1,13981,0,0.0,ADD 3,0,1,14014,0,0.0,ADD 4,0,1,13997,0,0.0,ADD 5,0,0,0,0,0.0,ADD 6,0,1,14057,0,0.0,ADD 7,0,0,0,0,0.0,EGT2CAN,0,1,14008,0,0.0
1778951526.072552,234.0,14032,-43.0,1,-,0,0,0,0,0.0,-,0,0,0,0,0.0,ECU,0,1,14003,240,234.0,FAN1,0,0,0,0,0.0,COILS,1,1,13981,0,0.0,PUMP,0,0,0,0,0.0,INJECTOR,1,1,13855,0,0.0,SERVO,1,1,13844,0,0.0,ADD 1,0,1,13964,0,0.0,ADD 2,0,1,13959,0,0.0,ADD 3,0,1,13992,0,0.0,ADD 4,0,1,13964,0,0.0,ADD 5,0,0,0,0,0.0,ADD 6,0,1,13992,0,0.0,ADD 7,0,0,0,0,0.0,EGT2CAN,0,1,13811,0,0.0
1778951526.1231012,232.0,14366,-43.0,1,-,0,0,0,0,0.0,-,0,0,0,0,0.0,ECU,0,1,14014,230,232.0,FAN1,0,0,0,0,0.0,COILS,1,1,14030,0,0.0,PUMP,0,0,0,0,0.0,INJECTOR,1,1,13975,0,0.0,SERVO,1,1,14008,0,0.0,ADD 1,0,1,14019,0,0.0,ADD 2,0,1,14025,0,0.0,ADD 3,0,1,14008,0,0.0,ADD 4,0,1,14025,0,0.0,ADD 5,0,0,0,0,0.0,ADD 6,0,1,13882,0,0.0,ADD 7,0,0,0,0,0.0,EGT2CAN,0,1,13964,0,0.0
1778951526.1758509,230.0,14342,-45.0,1,-,0,0,0,0,0.0,-,0,0,0,0,0.0,ECU,0,1,14216,220,230.0,FAN1,0,0,0,0,0.0,COILS,1,1,14369,0,0.0,PUMP,0,0,0,0,0.0,INJECTOR,1,1,14429,0,0.0,SERVO,1,1,14287,0,0.0,ADD 1,0,1,14380,0,0.0,ADD 2,0,1,14413,0,0.0,ADD 3,0,1,14468,0,0.0,ADD 4,0,1,14418,0,0.0,ADD 5,0,0,0,0,0.0,ADD 6,0,1,14479,0,0.0,ADD 7,0,0,0,0,0.0,EGT2CAN,0,1,14397,0,0.0
1778951526.226183,230.0,14342,-45.0,1,-,0,0,0,0,0.0,-,0,0,0,0,0.0,ECU,0,1,13921,220,230.0,FAN1,0,0,0,0,0.0,COILS,1,1,13992,0,0.0,PUMP,0,0,0,0,0.0,INJECTOR,1,1,14134,0,0.0,SERVO,1,1,14014,0,0.0,ADD 1,0,1,14118,0,0.0,ADD 2,0,1,14123,0,0.0,ADD 3,0,1,14205,0,0.0,ADD 4,0,1,14145,0,0.0,ADD 5,0,0,0,0,0.0,ADD 6,0,1,14479,0,0.0,ADD 7,0,0,0,0,0.0,EGT2CAN,0,1,14397,0,0.0
1778951526.2767334,228.0,14014,-43.0,1,-,0,0,0,0,0.0,-,0,0,0,0,0.0,ECU,0,1,14331,220,228.0,FAN1,0,0,0,0,0.0,COILS,1,1,14342,0,0.0,PUMP,0,0,0,0,0.0,INJECTOR,1,1,14249,0,0.0,SERVO,1,1,14298,0,0.0,ADD 1,0,1,13997,0,0.0,ADD 2,0,1,14041,0,0.0,ADD 3,0,1,14008,0,0.0,ADD 4,0,1,13943,0,0.0,ADD 5,0,0,0,0,0.0,ADD 6,0,1,13975,0,0.0,ADD 7,0,0,0,0,0.0,EGT2CAN,0,1,13926,0,0.0
1778951526.32837,227.5,14020,-43.0,1,-,0,0,0,0,0.0,-,0,0,0,0,0.0,ECU,0,1,13986,230,227.5,FAN1,0,0,0,0,0.0,COILS,1,1,13986,0,0.0,PUMP,0,0,0,0,0.0,INJECTOR,1,1,14057,0,0.0,SERVO,1,1,14063,0,0.0,ADD 1,0,1,13948,0,0.0,ADD 2,0,1,14014,0,0.0,ADD 3,0,1,13975,0,0.0,ADD 4,0,1,13986,0,0.0,ADD 5,0,0,0,0,0.0,ADD 6,0,1,13997,0,0.0,ADD 7,0,0,0,0,0.0,EGT2CAN,0,1,13877,0,0.0
1778951526.3788817,227.5,14193,-43.0,1,-,0,0,0,0,0.0,-,0,0,0,0,0.0,ECU,0,1,14112,220,227.5,FAN1,0,0,0,0,0.0,COILS,1,1,14041,0,0.0,PUMP,0,0,0,0,0.0,INJECTOR,1,1,13986,0,0.0,SERVO,1,1,14025,0,0.0,ADD 1,0,1,14304,0,0.0,ADD 2,0,1,14282,0,0.0,ADD 3,0,1,14254,0,0.0,ADD 4,0,1,14282,0,0.0,ADD 5,0,0,0,0,0.0,ADD 6,0,1,14320,0,0.0,ADD 7,0,0,0,0,0.0,EGT2CAN,0,1,14222,0,0.0
1778951526.4459836,228.0,14274,-44.0,1,-,0,0,0,0,0.0,-,0,0,0,0,0.0,ECU,0,1,14112,230,228.0,FAN1,0,0,0,0,0.0,COILS,1,1,14041,0,0.0,PUMP,0,0,0,0,0.0,INJECTOR,1,1,13986,0,0.0,SERVO,1,1,14025,0,0.0,ADD 1,0,1,14358,0,0.0,ADD 2,0,1,14380,0,0.0,ADD 3,0,1,14358,0,0.0,ADD 4,0,1,14386,0,0.0,ADD 5,0,0,0,0,0.0,ADD 6,0,1,14375,0,0.0,ADD 7,0,0,0,0,0.0,EGT2CAN,0,1,14353,0,0.0
1778951526.498407,228.0,14274,-44.0,1,-,0,0,0,0,0.0,-,0,0,0,0,0.0,ECU,0,1,14402,230,228.0,FAN1,0,0,0,0,0.0,COILS,1,1,14462,0,0.0,PUMP,0,0,0,0,0.0,INJECTOR,1,1,14522,0,0.0,SERVO,1,1,14533,0,0.0,ADD 1,0,1,14500,0,0.0,ADD 2,0,1,14533,0,0.0,ADD 3,0,1,14490,0,0.0,ADD 4,0,1,14424,0,0.0,ADD 5,0,0,0,0,0.0,ADD 6,0,1,14490,0,0.0,ADD 7,0,0,0,0,0.0,EGT2CAN,0,1,14462,0,0.0
1778951526.5491652,218.0,14045,-44.0,1,-,0,0,0,0,0.0,-,0,0,0,0,0.0,ECU,0,1,13970,200,218.0,FAN1,0,0,0,0,0.0,COILS,1,1,13932,0,0.0,PUMP,0,0,0,0,0.0,INJECTOR,1,1,13915,0,0.0,SERVO,1,1,13921,0,0.0,ADD 1,0,1,14014,0,0.0,ADD 2,0,1,13882,0,0.0,ADD 3,0,1,13871,0,0.0,ADD 4,0,1,13904,0,0.0,ADD 5,0,0,0,0,0.0,ADD 6,0,1,13986,0,0.0,ADD 7,0,0,0,0,0.0,EGT2CAN,0,1,14003,0,0.0
1778951526.6265085,218.0,14045,-44.0,1,-,0,0,0,0,0.0,-,0,0,0,0,0.0,ECU,0,1,13970,200,218.0,FAN1,0,0,0,0,0.0,COILS,1,1,13932,0,0.0,PUMP,0,0,0,0,0.0,INJECTOR,1,1,13915,0,0.0,SERVO,1,1,13921,0,0.0,ADD 1,0,1,14014,0,0.0,ADD 2,0,1,13882,0,0.0,ADD 3,0,1,13871,0,0.0,ADD 4,0,1,13904,0,0.0,ADD 5,0,0,0,0,0.0,ADD 6,0,1,13986,0,0.0,ADD 7,0,0,0,0,0.0,EGT2CAN,0,1,14003,0,0.0
1778951526.6772227,210.0,14397,-43.0,1,-,0,0,0,0,0.0,-,0,0,0,0,0.0,ECU,0,1,14353,190,210.0,FAN1,0,0,0,0,0.0,COILS,1,1,14397,0,0.0,PUMP,0,0,0,0,0.0,INJECTOR,1,1,14397,0,0.0,SERVO,1,1,14397,0,0.0,ADD 1,0,1,14369,0,0.0,ADD 2,0,1,14336,0,0.0,ADD 3,0,1,14424,0,0.0,ADD 4,0,1,14440,0,0.0,ADD 5,0,0,0,0,0.0,ADD 6,0,1,14479,0,0.0,ADD 7,0,0,0,0,0.0,EGT2CAN,0,1,14462,0,0.0
1778951526.7287571,210.0,14113,-43.0,1,-,0,0,0,0,0.0,-,0,0,0,0,0.0,ECU,0,1,14052,210,210.0,FAN1,0,0,0,0,0.0,COILS,1,1,14085,0,0.0,PUMP,0,0,0,0,0.0,INJECTOR,1,1,14074,0,0.0,SERVO,1,1,14145,0,0.0,ADD 1,0,1,14172,0,0.0,ADD 2,0,1,14123,0,0.0,ADD 3,0,1,14063,0,0.0,ADD 4,0,1,14123,0,0.0,ADD 5,0,0,0,0,0.0,ADD 6,0,1,14265,0,0.0,ADD 7,0,0,0,0,0.0,EGT2CAN,0,1,14227,0,0.0
1778951526.7800195,210.0,14113,-43.0,1,-,0,0,0,0,0.0,-,0,0,0,0,0.0,ECU,0,1,13953,210,210.0,FAN1,0,0,0,0,0.0,COILS,1,1,13986,0,0.0,PUMP,0,0,0,0,0.0,INJECTOR,1,1,14096,0,0.0,SERVO,1,1,14036,0,0.0,ADD 1,0,1,14172,0,0.0,ADD 2,0,1,14123,0,0.0,ADD 3,0,1,14063,0,0.0,ADD 4,0,1,14123,0,0.0,ADD 5,0,0,0,0,0.0,ADD 6,0,1,14265,0,0.0,ADD 7,0,0,0,0,0.0,EGT2CAN,0,1,14227,0,0.0
1778951526.8425398,204.0,14082,-43.0,1,-,0,0,0,0,0.0,-,0,0,0,0,0.0,ECU,0,1,14063,210,204.0,FAN1,0,0,0,0,0.0,COILS,1,1,13975,0,0.0,PUMP,0,0,0,0,0.0,INJECTOR,1,1,14057,0,0.0,SERVO,1,1,14030,0,0.0,ADD 1,0,1,14517,0,0.0,ADD 2,0,1,14522,0,0.0,ADD 3,0,1,14468,0,0.0,ADD 4,0,1,14451,0,0.0,ADD 5,0,0,0,0,0.0,ADD 6,0,1,14418,0,0.0,ADD 7,0,0,0,0,0.0,EGT2CAN,0,1,14533,0,0.0
1778951526.8937316,201.7,14354,-44.0,1,-,0,0,0,0,0.0,-,0,0,0,0,0.0,ECU,0,1,14063,190,201.7,FAN1,0,0,0,0,0.0,COILS,1,1,13975,0,0.0,PUMP,0,0,0,0,0.0,INJECTOR,1,1,14057,0,0.0,SERVO,1,1,14030,0,0.0,ADD 1,0,1,14517,0,0.0,ADD 2,0,1,14522,0,0.0,ADD 3,0,1,14468,0,0.0,ADD 4,0,1,14451,0,0.0,ADD 5,0,0,0,0,0.0,ADD 6,0,1,14418,0,0.0,ADD 7,0,0,0,0,0.0,EGT2CAN,0,1,14533,0,0.0
1778951526.9556463,192.0,14045,-43.0,1,-,0,0,0,0,0.0,-,0,0,0,0,0.0,ECU,0,1,14008,180,192.0,FAN1,0,0,0,0,0.0,COILS,1,1,13943,0,0.0,PUMP,0,0,0,0,0.0,INJECTOR,1,1,14019,0,0.0,SERVO,1,1,13953,0,0.0,ADD 1,0,1,13986,0,0.0,ADD 2,0,1,14123,0,0.0,ADD 3,0,1,14074,0,0.0,ADD 4,0,1,14107,0,0.0,ADD 5,0,0,0,0,0.0,ADD 6,0,1,14172,0,0.0,ADD 7,0,0,0,0,0.0,EGT2CAN,0,1,14096,0,0.0
1778951527.0163171,191.7,14280,-43.0,1,-,0,0,0,0,0.0,-,0,0,0,0,0.0,ECU,0,1,13975,190,191.7,FAN1,0,0,0,0,0.0,COILS,1,1,14046,0,0.0,PUMP,0,0,0,0,0.0,INJECTOR,1,1,13997,0,0.0,SERVO,1,1,13959,0,0.0,ADD 1,0,1,13899,0,0.0,ADD 2,0,1,14014,0,0.0,ADD 3,0,1,14014,0,0.0,ADD 4,0,1,13986,0,0.0,ADD 5,0,0,0,0,0.0,ADD 6,0,1,14063,0,0.0,ADD 7,0,0,0,0,0.0,EGT2CAN,0,1,13992,0,0.0
1778951527.0726976,191.7,14280,-43.0,1,-,0,0,0,0,0.0,-,0,0,0,0,0.0,ECU,0,1,14052,190,191.7,FAN1,0,0,0,0,0.0,COILS,1,1,14052,0,0.0,PUMP,0,0,0,0,0.0,INJECTOR,1,1,14101,0,0.0,SERVO,1,1,13959,0,0.0,ADD 1,0,1,14101,0,0.0,ADD 2,0,1,14036,0,0.0,ADD 3,0,1,14041,0,0.0,ADD 4,0,1,14008,0,0.0,ADD 5,0,0,0,0,0.0,ADD 6,0,1,14036,0,0.0,ADD 7,0,0,0,0,0.0,EGT2CAN,0,1,13882,0,0.0
1778951527.1228557,184.0,13877,-43.0,1,-,0,0,0,0,0.0,-,0,0,0,0,0.0,ECU,0,1,13871,180,184.0,FAN1,0,0,0,0,0.0,COILS,1,1,13915,0,0.0,PUMP,0,0,0,0,0.0,INJECTOR,1,1,13860,0,0.0,SERVO,1,1,13888,0,0.0,ADD 1,0,1,13937,0,0.0,ADD 2,0,1,13910,0,0.0,ADD 3,0,1,13921,0,0.0,ADD 4,0,1,13844,0,0.0,ADD 5,0,0,0,0,0.0,ADD 6,0,1,13833,0,0.0,ADD 7,0,0,0,0,0.0,EGT2CAN,0,1,13915,0,0.0
1778951527.1737068,183.3,13741,-44.0,1,-,0,0,0,0,0.0,-,0,0,0,0,0.0,ECU,0,1,13713,180,183.3,FAN1,0,0,0,0,0.0,COILS,1,1,13784,0,0.0,PUMP,0,0,0,0,0.0,INJECTOR,1,1,13806,0,0.0,SERVO,1,1,13702,0,0.0,ADD 1,0,1,13532,0,0.0,ADD 2,0,1,13828,0,0.0,ADD 3,0,1,13778,0,0.0,ADD 4,0,1,13784,0,0.0,ADD 5,0,0,0,0,0.0,ADD 6,0,1,13839,0,0.0,ADD 7,0,0,0,0,0.0,EGT2CAN,0,1,13702,0,0.0
1778951527.2246778,183.3,13741,-44.0,1,-,0,0,0,0,0.0,-,0,0,0,0,0.0,ECU,0,1,13735,180,183.3,FAN1,0,0,0,0,0.0,COILS,1,1,13740,0,0.0,PUMP,0,0,0,0,0.0,INJECTOR,1,1,13811,0,0.0,SERVO,1,1,13702,0,0.0,ADD 1,0,1,13532,0,0.0,ADD 2,0,1,13828,0,0.0,ADD 3,0,1,13778,0,0.0,ADD 4,0,1,13784,0,0.0,ADD 5,0,0,0,0,0.0,ADD 6,0,1,13839,0,0.0,ADD 7,0,0,0,0,0.0,EGT2CAN,0,1,13702,0,0.0
1778951527.2789226,184.0,13735,-43.0,1,-,0,0,0,0,0.0,-,0,0,0,0,0.0,ECU,0,1,13685,190,184.0,FAN1,0,0,0,0,0.0,COILS,1,1,13740,0,0.0,PUMP,0,0,0,0,0.0,INJECTOR,1,1,13696,0,0.0,SERVO,1,1,13740,0,0.0,ADD 1,0,1,13696,0,0.0,ADD 2,0,1,13669,0,0.0,ADD 3,0,1,13751,0,0.0,ADD 4,0,1,13757,0,0.0,ADD 5,0,0,0,0,0.0,ADD 6,0,1,13784,0,0.0,ADD 7,0,0,0,0,0.0,EGT2CAN,0,1,13757,0,0.0
1778951527.3316522,182.0,13754,-43.0,1,-,0,0,0,0,0.0,-,0,0,0,0,0.0,ECU,0,1,13532,170,182.0,FAN1,0,0,0,0,0.0,COILS,1,1,13746,0,0.0,PUMP,0,0,0,0,0.0,INJECTOR,1,1,13625,0,0.0,SERVO,1,1,13702,0,0.0,ADD 1,0,1,13685,0,0.0,ADD 2,0,1,13762,0,0.0,ADD 3,0,1,13778,0,0.0,ADD 4,0,1,13718,0,0.0,ADD 5,0,0,0,0,0.0,ADD 6,0,1,13778,0,0.0,ADD 7,0,0,0,0,0.0,EGT2CAN,0,1,13707,0,0.0
1778951527.393918,184.0,13772,-44.0,1,-,0,0,0,0,0.0,-,0,0,0,0,0.0,ECU,0,1,13762,190,184.0,FAN1,0,0,0,0,0.0,COILS,1,1,13784,0,0.0,PUMP,0,0,0,0,0.0,INJECTOR,1,1,13735,0,0.0,SERVO,1,1,13620,0,0.0,ADD 1,0,1,13784,0,0.0,ADD 2,0,1,13762,0,0.0,ADD 3,0,1,13778,0,0.0,ADD 4,0,1,13669,0,0.0,ADD 5,0,0,0,0,0.0,ADD 6,0,1,13691,0,0.0,ADD 7,0,0,0,0,0.0,EGT2CAN,0,1,13757,0,0.0
1778951527.4458954,184.0,13772,-44.0,1,-,0,0,0,0,0.0,-,0,0,0,0,0.0,ECU,0,1,13762,190,184.0,FAN1,0,0,0,0,0.0,COILS,1,1,13784,0,0.0,PUMP,0,0,0,0,0.0,INJECTOR,1,1,13735,0,0.0,SERVO,1,1,13620,0,0.0,ADD 1,0,1,13784,0,0.0,ADD 2,0,1,13762,0,0.0,ADD 3,0,1,13778,0,0.0,ADD 4,0,1,13669,0,0.0,ADD 5,0,0,0,0,0.0,ADD 6,0,1,13691,0,0.0,ADD 7,0,0,0,0,0.0,EGT2CAN,0,1,13757,0,0.0
1778951527.4977221,184.0,13772,-44.0,1,-,0,0,0,0,0.0,-,0,0,0,0,0.0,ECU,0,1,13740,190,184.0,FAN1,0,0,0,0,0.0,COILS,1,1,13740,0,0.0,PUMP,0,0,0,0,0.0,INJECTOR,1,1,13762,0,0.0,SERVO,1,1,13751,0,0.0,ADD 1,0,1,13735,0,0.0,ADD 2,0,1,13784,0,0.0,ADD 3,0,1,13696,0,0.0,ADD 4,0,1,13582,0,0.0,ADD 5,0,0,0,0,0.0,ADD 6,0,1,13691,0,0.0,ADD 7,0,0,0,0,0.0,EGT2CAN,0,1,13757,0,0.0
1778951527.5483975,186.0,13747,-43.0,1,-,0,0,0,0,0.0,-,0,0,0,0,0.0,ECU,0,1,13647,190,186.0,FAN1,0,0,0,0,0.0,COILS,1,1,13740,0,0.0,PUMP,0,0,0,0,0.0,INJECTOR,1,1,13740,0,0.0,SERVO,1,1,13757,0,0.0,ADD 1,0,1,13685,0,0.0,ADD 2,0,1,13724,0,0.0,ADD 3,0,1,13718,0,0.0,ADD 4,0,1,13740,0,0.0,ADD 5,0,0,0,0,0.0,ADD 6,0,1,13778,0,0.0,ADD 7,0,0,0,0,0.0,EGT2CAN,0,1,13625,0,0.0
1778951527.6001747,186.0,13747,-43.0,1,-,0,0,0,0,0.0,-,0,0,0,0,0.0,ECU,0,1,13647,190,186.0,FAN1,0,0,0,0,0.0,COILS,1,1,13740,0,0.0,PUMP,0,0,0,0,0.0,INJECTOR,1,1,13740,0,0.0,SERVO,1,1,13757,0,0.0,ADD 1,0,1,13685,0,0.0,ADD 2,0,1,13724,0,0.0,ADD 3,0,1,13718,0,0.0,ADD 4,0,1,13740,0,0.0,ADD 5,0,0,0,0,0.0,ADD 6,0,1,13778,0,0.0,ADD 7,0,0,0,0,0.0,EGT2CAN,0,1,13625,0,0.0
1778951527.6515799,187.5,13747,-43.0,1,-,0,0,0,0,0.0,-,0,0,0,0,0.0,ECU,0,1,13620,190,187.5,FAN1,0,0,0,0,0.0,COILS,1,1,13762,0,0.0,PUMP,0,0,0,0,0.0,INJECTOR,1,1,13647,0,0.0,SERVO,1,1,13653,0,0.0,ADD 1,0,1,13729,0,0.0,ADD 2,0,1,13740,0,0.0,ADD 3,0,1,13707,0,0.0,ADD 4,0,1,13735,0,0.0,ADD 5,0,0,0,0,0.0,ADD 6,0,1,13767,0,0.0,ADD 7,0,0,0,0,0.0,EGT2CAN,0,1,13647,0,0.0
1778951527.701967,188.3,13735,-43.0,1,-,0,0,0,0,0.0,-,0,0,0,0,0.0,ECU,0,1,13636,190,188.3,FAN1,0,0,0,0,0.0,COILS,1,1,13707,0,0.0,PUMP,0,0,0,0,0.0,INJECTOR,1,1,13691,0,0.0,SERVO,1,1,13625,0,0.0,ADD 1,0,1,13598,0,0.0,ADD 2,0,1,13680,0,0.0,ADD 3,0,1,13685,0,0.0,ADD 4,0,1,13696,0,0.0,ADD 5,0,0,0,0,0.0,ADD 6,0,1,13751,0,0.0,ADD 7,0,0,0,0,0.0,EGT2CAN,0,1,13735,0,0.0
1778951527.7773423,187.5,13692,-43.0,1,-,0,0,0,0,0.0,-,0,0,0,0,0.0,ECU,0,1,13740,180,187.5,FAN1,0,0,0,0,0.0,COILS,1,1,13691,0,0.0,PUMP,0,0,0,0,0.0,INJECTOR,1,1,13740,0,0.0,SERVO,1,1,13636,0,0.0,ADD 1,0,1,13724,0,0.0,ADD 2,0,1,13773,0,0.0,ADD 3,0,1,13675,0,0.0,ADD 4,0,1,13532,0,0.0,ADD 5,0,0,0,0,0.0,ADD 6,0,1,13729,0,0.0,ADD 7,0,0,0,0,0.0,EGT2CAN,0,1,13762,0,0.0
1778951527.8390326,187.5,13692,-43.0,1,-,0,0,0,0,0.0,-,0,0,0,0,0.0,ECU,0,1,13735,180,187.5,FAN1,0,0,0,0,0.0,COILS,1,1,13740,0,0.0,PUMP,0,0,0,0,0.0,INJECTOR,1,1,13532,0,0.0,SERVO,1,1,13702,0,0.0,ADD 1,0,1,13614,0,0.0,ADD 2,0,1,13675,0,0.0,ADD 3,0,1,13532,0,0.0,ADD 4,0,1,13675,0,0.0,ADD 5,0,0,0,0,0.0,ADD 6,0,1,13773,0,0.0,ADD 7,0,0,0,0,0.0,EGT2CAN,0,1,13696,0,0.0
1778951527.8900878,188.3,13698,-42.0,1,-,0,0,0,0,0.0,-,0,0,0,0,0.0,ECU,0,1,13636,190,188.3,FAN1,0,0,0,0,0.0,COILS,1,1,13669,0,0.0,PUMP,0,0,0,0,0.0,INJECTOR,1,1,13702,0,0.0,SERVO,1,1,13582,0,0.0,ADD 1,0,1,13718,0,0.0,ADD 2,0,1,13740,0,0.0,ADD 3,0,1,13740,0,0.0,ADD 4,0,1,13718,0,0.0,ADD 5,0,0,0,0,0.0,ADD 6,0,1,13740,0,0.0,ADD 7,0,0,0,0,0.0,EGT2CAN,0,1,13582,0,0.0
1778951527.942844,188.3,13698,-42.0,1,-,0,0,0,0,0.0,-,0,0,0,0,0.0,ECU,0,1,13636,190,188.3,FAN1,0,0,0,0,0.0,COILS,1,1,13669,0,0.0,PUMP,0,0,0,0,0.0,INJECTOR,1,1,13702,0,0.0,SERVO,1,1,13582,0,0.0,ADD 1,0,1,13718,0,0.0,ADD 2,0,1,13740,0,0.0,ADD 3,0,1,13740,0,0.0,ADD 4,0,1,13718,0,0.0,ADD 5,0,0,0,0,0.0,ADD 6,0,1,13740,0,0.0,ADD 7,0,0,0,0,0.0,EGT2CAN,0,1,13582,0,0.0
1778951527.9947913,188.3,13698,-42.0,1,-,0,0,0,0,0.0,-,0,0,0,0,0.0,ECU,0,1,13532,190,188.3,FAN1,0,0,0,0,0.0,COILS,1,1,13592,0,0.0,PUMP,0,0,0,0,0.0,INJECTOR,1,1,13707,0,0.0,SERVO,1,1,13718,0,0.0,ADD 1,0,1,13696,0,0.0,ADD 2,0,1,13746,0,0.0,ADD 3,0,1,13735,0,0.0,ADD 4,0,1,13587,0,0.0,ADD 5,0,0,0,0,0.0,ADD 6,0,1,13702,0,0.0,ADD 7,0,0,0,0,0.0,EGT2CAN,0,1,13740,0,0.0
1778951528.0453248,188.3,13710,-43.0,1,-,0,0,0,0,0.0,-,0,0,0,0,0.0,ECU,0,1,13729,190,188.3,FAN1,0,0,0,0,0.0,COILS,1,1,13702,0,0.0,PUMP,0,0,0,0,0.0,INJECTOR,1,1,13647,0,0.0,SERVO,1,1,13532,0,0.0,ADD 1,0,1,13532,0,0.0,ADD 2,0,1,13675,0,0.0,ADD 3,0,1,13675,0,0.0,ADD 4,0,1,13669,0,0.0,ADD 5,0,0,0,0,0.0,ADD 6,0,1,13762,0,0.0,ADD 7,0,0,0,0,0.0,EGT2CAN,0,1,13675,0,0.0
1778951528.097545,188.3,13710,-43.0,1,-,0,0,0,0,0.0,-,0,0,0,0,0.0,ECU,0,1,13729,190,188.3,FAN1,0,0,0,0,0.0,COILS,1,1,13702,0,0.0,PUMP,0,0,0,0,0.0,INJECTOR,1,1,13647,0,0.0,SERVO,1,1,13532,0,0.0,ADD 1,0,1,13532,0,0.0,ADD 2,0,1,13675,0,0.0,ADD 3,0,1,13675,0,0.0,ADD 4,0,1,13669,0,0.0,ADD 5,0,0,0,0,0.0,ADD 6,0,1,13762,0,0.0,ADD 7,0,0,0,0,0.0,EGT2CAN,0,1,13675,0,0.0
1778951528.1504807,185.0,13710,-43.0,1,-,0,0,0,0,0.0,-,0,0,0,0,0.0,ECU,0,1,13691,180,185.0,FAN1,0,0,0,0,0.0,COILS,1,1,13653,0,0.0,PUMP,0,0,0,0,0.0,INJECTOR,1,1,13718,0,0.0,SERVO,1,1,13625,0,0.0,ADD 1,0,1,13713,0,0.0,ADD 2,0,1,13685,0,0.0,ADD 3,0,1,13625,0,0.0,ADD 4,0,1,13543,0,0.0,ADD 5,0,0,0,0,0.0,ADD 6,0,1,13718,0,0.0,ADD 7,0,0,0,0,0.0,EGT2CAN,0,1,13729,0,0.0
1778951528.2036605,183.3,13636,-44.0,1,-,0,0,0,0,0.0,-,0,0,0,0,0.0,ECU,0,1,13713,180,183.3,FAN1,0,0,0,0,0.0,COILS,1,1,13680,0,0.0,PUMP,0,0,0,0,0.0,INJECTOR,1,1,13718,0,0.0,SERVO,1,1,13642,0,0.0,ADD 1,0,1,13718,0,0.0,ADD 2,0,1,13740,0,0.0,ADD 3,0,1,13735,0,0.0,ADD 4,0,1,13685,0,0.0,ADD 5,0,0,0,0,0.0,ADD 6,0,1,13582,0,0.0,ADD 7,0,0,0,0,0.0,EGT2CAN,0,1,13691,0,0.0
1778951528.2539825,183.3,13636,-44.0,1,-,0,0,0,0,0.0,-,0,0,0,0,0.0,ECU,0,1,13592,180,183.3,FAN1,0,0,0,0,0.0,COILS,1,1,13680,0,0.0,PUMP,0,0,0,0,0.0,INJECTOR,1,1,13718,0,0.0,SERVO,1,1,13642,0,0.0,ADD 1,0,1,13718,0,0.0,ADD 2,0,1,13740,0,0.0,ADD 3,0,1,13735,0,0.0,ADD 4,0,1,13685,0,0.0,ADD 5,0,0,0,0,0.0,ADD 6,0,1,13582,0,0.0,ADD 7,0,0,0,0,0.0,EGT2CAN,0,1,13691,0,0.0
1778951528.3054018,182.5,13636,-44.0,1,-,0,0,0,0,0.0,-,0,0,0,0,0.0,ECU,0,1,13592,190,182.5,FAN1,0,0,0,0,0.0,COILS,1,1,13680,0,0.0,PUMP,0,0,0,0,0.0,INJECTOR,1,1,13680,0,0.0,SERVO,1,1,13582,0,0.0,ADD 1,0,1,13664,0,0.0,ADD 2,0,1,13735,0,0.0,ADD 3,0,1,13680,0,0.0,ADD 4,0,1,13675,0,0.0,ADD 5,0,0,0,0,0.0,ADD 6,0,1,13713,0,0.0,ADD 7,0,0,0,0,0.0,EGT2CAN,0,1,13625,0,0.0
1778951528.3580706,185.0,13642,-42.0,1,-,0,0,0,0,0.0,-,0,0,0,0,0.0,ECU,0,1,13653,190,185.0,FAN1,0,0,0,0,0.0,COILS,1,1,13631,0,0.0,PUMP,0,0,0,0,0.0,INJECTOR,1,1,13707,0,0.0,SERVO,1,1,13625,0,0.0,ADD 1,0,1,13549,0,0.0,ADD 2,0,1,13620,0,0.0,ADD 3,0,1,13653,0,0.0,ADD 4,0,1,13625,0,0.0,ADD 5,0,0,0,0,0.0,ADD 6,0,1,13762,0,0.0,ADD 7,0,0,0,0,0.0,EGT2CAN,0,1,13691,0,0.0
1778951528.4164155,185.0,13642,-42.0,1,-,0,0,0,0,0.0,-,0,0,0,0,0.0,ECU,0,1,13647,190,185.0,FAN1,0,0,0,0,0.0,COILS,1,1,13631,0,0.0,PUMP,0,0,0,0,0.0,INJECTOR,1,1,13707,0,0.0,SERVO,1,1,13625,0,0.0,ADD 1,0,1,13549,0,0.0,ADD 2,0,1,13620,0,0.0,ADD 3,0,1,13653,0,0.0,ADD 4,0,1,13625,0,0.0,ADD 5,0,0,0,0,0.0,ADD 6,0,1,13762,0,0.0,ADD 7,0,0,0,0,0.0,EGT2CAN,0,1,13691,0,0.0
1778951528.478676,188.3,13686,-43.0,1,-,0,0,0,0,0.0,-,0,0,0,0,0.0,ECU,0,1,13653,180,188.3,FAN1,0,0,0,0,0.0,COILS,1,1,13664,0,0.0,PUMP,0,0,0,0,0.0,INJECTOR,1,1,13598,0,0.0,SERVO,1,1,13653,0,0.0,ADD 1,0,1,13647,0,0.0,ADD 2,0,1,13647,0,0.0,ADD 3,0,1,13532,0,0.0,ADD 4,0,1,13614,0,0.0,ADD 5,0,0,0,0,0.0,ADD 6,0,1,13718,0,0.0,ADD 7,0,0,0,0,0.0,EGT2CAN,0,1,13696,0,0.0
1778951528.5310166,188.3,13655,-43.0,1,-,0,0,0,0,0.0,-,0,0,0,0,0.0,ECU,0,1,13653,180,188.3,FAN1,0,0,0,0,0.0,COILS,1,1,13664,0,0.0,PUMP,0,0,0,0,0.0,INJECTOR,1,1,13598,0,0.0,SERVO,1,1,13653,0,0.0,ADD 1,0,1,13647,0,0.0,ADD 2,0,1,13647,0,0.0,ADD 3,0,1,13532,0,0.0,ADD 4,0,1,13614,0,0.0,ADD 5,0,0,0,0,0.0,ADD 6,0,1,13718,0,0.0,ADD 7,0,0,0,0,0.0,EGT2CAN,0,1,13696,0,0.0
1778951528.5836053,188.3,13655,-43.0,1,-,0,0,0,0,0.0,-,0,0,0,0,0.0,ECU,0,1,13685,180,188.3,FAN1,0,0,0,0,0.0,COILS,1,1,13664,0,0.0,PUMP,0,0,0,0,0.0,INJECTOR,1,1,13696,0,0.0,SERVO,1,1,13669,0,0.0,ADD 1,0,1,13609,0,0.0,ADD 2,0,1,13582,0,0.0,ADD 3,0,1,13636,0,0.0,ADD 4,0,1,13625,0,0.0,ADD 5,0,0,0,0,0.0,ADD 6,0,1,13729,0,0.0,ADD 7,0,0,0,0,0.0,EGT2CAN,0,1,13696,0,0.0
1778951528.6338491,186.7,13692,-43.0,1,-,0,0,0,0,0.0,-,0,0,0,0,0.0,ECU,0,1,13658,190,186.7,FAN1,0,0,0,0,0.0,COILS,1,1,13691,0,0.0,PUMP,0,0,0,0,0.0,INJECTOR,1,1,13696,0,0.0,SERVO,1,1,13685,0,0.0,ADD 1,0,1,13691,0,0.0,ADD 2,0,1,13685,0,0.0,ADD 3,0,1,13696,0,0.0,ADD 4,0,1,13631,0,0.0,ADD 5,0,0,0,0,0.0,ADD 6,0,1,13642,0,0.0,ADD 7,0,0,0,0,0.0,EGT2CAN,0,1,13598,0,0.0
1778951528.6866076,186.7,13692,-43.0,1,-,0,0,0,0,0.0,-,0,0,0,0,0.0,ECU,0,1,13658,190,186.7,FAN1,0,0,0,0,0.0,COILS,1,1,13691,0,0.0,PUMP,0,0,0,0,0.0,INJECTOR,1,1,13696,0,0.0,SERVO,1,1,13685,0,0.0,ADD 1,0,1,13691,0,0.0,ADD 2,0,1,13685,0,0.0,ADD 3,0,1,13696,0,0.0,ADD 4,0,1,13631,0,0.0,ADD 5,0,0,0,0,0.0,ADD 6,0,1,13642,0,0.0,ADD 7,0,0,0,0,0.0,EGT2CAN,0,1,13598,0,0.0
1778951528.7384603,187.5,13692,-43.0,1,-,0,0,0,0,0.0,-,0,0,0,0,0.0,ECU,0,1,13582,190,187.5,FAN1,0,0,0,0,0.0,COILS,1,1,13620,0,0.0,PUMP,0,0,0,0,0.0,INJECTOR,1,1,13664,0,0.0,SERVO,1,1,13625,0,0.0,ADD 1,0,1,13696,0,0.0,ADD 2,0,1,13696,0,0.0,ADD 3,0,1,13680,0,0.0,ADD 4,0,1,13587,0,0.0,ADD 5,0,0,0,0,0.0,ADD 6,0,1,13653,0,0.0,ADD 7,0,0,0,0,0.0,EGT2CAN,0,1,13653,0,0.0
1778951528.7961802,188.3,13667,-43.0,1,-,0,0,0,0,0.0,-,0,0,0,0,0.0,ECU,0,1,13636,190,188.3,FAN1,0,0,0,0,0.0,COILS,1,1,13587,0,0.0,PUMP,0,0,0,0,0.0,INJECTOR,1,1,13636,0,0.0,SERVO,1,1,13620,0,0.0,ADD 1,0,1,13669,0,0.0,ADD 2,0,1,13598,0,0.0,ADD 3,0,1,13560,0,0.0,ADD 4,0,1,13576,0,0.0,ADD 5,0,0,0,0,0.0,ADD 6,0,1,13713,0,0.0,ADD 7,0,0,0,0,0.0,EGT2CAN,0,1,13647,0,0.0
1778951528.8478732,188.3,13667,-43.0,1,-,0,0,0,0,0.0,-,0,0,0,0,0.0,ECU,0,1,13636,190,188.3,FAN1,0,0,0,0,0.0,COILS,1,1,13587,0,0.0,PUMP,0,0,0,0,0.0,INJECTOR,1,1,13636,0,0.0,SERVO,1,1,13620,0,0.0,ADD 1,0,1,13669,0,0.0,ADD 2,0,1,13598,0,0.0,ADD 3,0,1,13560,0,0.0,ADD 4,0,1,13576,0,0.0,ADD 5,0,0,0,0,0.0,ADD 6,0,1,13713,0,0.0,ADD 7,0,0,0,0,0.0,EGT2CAN,0,1,13647,0,0.0
1778951528.8986819,190.0,13667,-43.0,1,-,0,0,0,0,0.0,-,0,0,0,0,0.0,ECU,0,1,13614,190,190.0,FAN1,0,0,0,0,0.0,COILS,1,1,13582,0,0.0,PUMP,0,0,0,0,0.0,INJECTOR,1,1,13685,0,0.0,SERVO,1,1,13647,0,0.0,ADD 1,0,1,13647,0,0.0,ADD 2,0,1,13625,0,0.0,ADD 3,0,1,13510,0,0.0,ADD 4,0,1,13549,0,0.0,ADD 5,0,0,0,0,0.0,ADD 6,0,1,13603,0,0.0,ADD 7,0,0,0,0,0.0,EGT2CAN,0,1,13675,0,0.0
1778951528.9499552,190.0,13673,-43.0,1,-,0,0,0,0,0.0,-,0,0,0,0,0.0,ECU,0,1,13696,190,190.0,FAN1,0,0,0,0,0.0,COILS,1,1,13669,0,0.0,PUMP,0,0,0,0,0.0,INJECTOR,1,1,13691,0,0.0,SERVO,1,1,13625,0,0.0,ADD 1,0,1,13680,0,0.0,ADD 2,0,1,13680,0,0.0,ADD 3,0,1,13538,0,0.0,ADD 4,0,1,13499,0,0.0,ADD 5,0,0,0,0,0.0,ADD 6,0,1,13691,0,0.0,ADD 7,0,0,0,0,0.0,EGT2CAN,0,1,13625,0,0.0
1778951529.0168815,190.0,13673,-43.0,1,-,0,0,0,0,0.0,-,0,0,0,0,0.0,ECU,0,1,13532,190,190.0,FAN1,0,0,0,0,0.0,COILS,1,1,13532,0,0.0,PUMP,0,0,0,0,0.0,INJECTOR,1,1,13532,0,0.0,SERVO,1,1,13625,0,0.0,ADD 1,0,1,13625,0,0.0,ADD 2,0,1,13582,0,0.0,ADD 3,0,1,13571,0,0.0,ADD 4,0,1,13625,0,0.0,ADD 5,0,0,0,0,0.0,ADD 6,0,1,13691,0,0.0,ADD 7,0,0,0,0,0.0,EGT2CAN,0,1,13625,0,0.0
1778951529.0672605,190.0,13618,-43.0,1,-,0,0,0,0,0.0,-,0,0,0,0,0.0,ECU,0,1,13603,190,190.0,FAN1,0,0,0,0,0.0,COILS,1,1,13658,0,0.0,PUMP,0,0,0,0,0.0,INJECTOR,1,1,13614,0,0.0,SERVO,1,1,13587,0,0.0,ADD 1,0,1,13647,0,0.0,ADD 2,0,1,13691,0,0.0,ADD 3,0,1,13532,0,0.0,ADD 4,0,1,13510,0,0.0,ADD 5,0,0,0,0,0.0,ADD 6,0,1,13664,0,0.0,ADD 7,0,0,0,0,0.0,EGT2CAN,0,1,13642,0,0.0
1778951529.1184855,190.0,13648,-43.0,1,-,0,0,0,0,0.0,-,0,0,0,0,0.0,ECU,0,1,13549,190,190.0,FAN1,0,0,0,0,0.0,COILS,1,1,13582,0,0.0,PUMP,0,0,0,0,0.0,INJECTOR,1,1,13636,0,0.0,SERVO,1,1,13664,0,0.0,ADD 1,0,1,13675,0,0.0,ADD 2,0,1,13636,0,0.0,ADD 3,0,1,13592,0,0.0,ADD 4,0,1,13472,0,0.0,ADD 5,0,0,0,0,0.0,ADD 6,0,1,13680,0,0.0,ADD 7,0,0,0,0,0.0,EGT2CAN,0,1,13625,0,0.0
1778951529.17107,190.0,13648,-43.0,1,-,0,0,0,0,0.0,-,0,0,0,0,0.0,ECU,0,1,13549,190,190.0,FAN1,0,0,0,0,0.0,COILS,1,1,13664,0,0.0,PUMP,0,0,0,0,0.0,INJECTOR,1,1,13653,0,0.0,SERVO,1,1,13532,0,0.0,ADD 1,0,1,13675,0,0.0,ADD 2,0,1,13636,0,0.0,ADD 3,0,1,13592,0,0.0,ADD 4,0,1,13472,0,0.0,ADD 5,0,0,0,0,0.0,ADD 6,0,1,13680,0,0.0,ADD 7,0,0,0,0,0.0,EGT2CAN,0,1,13625,0,0.0
1778951529.226342,190.0,13618,-43.0,1,-,0,0,0,0,0.0,-,0,0,0,0,0.0,ECU,0,1,13675,190,190.0,FAN1,0,0,0,0,0.0,COILS,1,1,13614,0,0.0,PUMP,0,0,0,0,0.0,INJECTOR,1,1,13636,0,0.0,SERVO,1,1,13571,0,0.0,ADD 1,0,1,13647,0,0.0,ADD 2,0,1,13691,0,0.0,ADD 3,0,1,13675,0,0.0,ADD 4,0,1,13614,0,0.0,ADD 5,0,0,0,0,0.0,ADD 6,0,1,13587,0,0.0,ADD 7,0,0,0,0,0.0,EGT2CAN,0,1,13560,0,0.0
1778951529.2930605,190.0,13636,-43.0,1,-,0,0,0,0,0.0,-,0,0,0,0,0.0,ECU,0,1,13614,190,190.0,FAN1,0,0,0,0,0.0,COILS,1,1,13494,0,0.0,PUMP,0,0,0,0,0.0,INJECTOR,1,1,13625,0,0.0,SERVO,1,1,13625,0,0.0,ADD 1,0,1,13560,0,0.0,ADD 2,0,1,13560,0,0.0,ADD 3,0,1,13576,0,0.0,ADD 4,0,1,13625,0,0.0,ADD 5,0,0,0,0,0.0,ADD 6,0,1,13713,0,0.0,ADD 7,0,0,0,0,0.0,EGT2CAN,0,1,13647,0,0.0
1778951529.3442926,188.0,13648,-44.0,1,-,0,0,0,0,0.0,-,0,0,0,0,0.0,ECU,0,1,13675,180,188.0,FAN1,0,0,0,0,0.0,COILS,1,1,13664,0,0.0,PUMP,0,0,0,0,0.0,INJECTOR,1,1,13647,0,0.0,SERVO,1,1,13532,0,0.0,ADD 1,0,1,13669,0,0.0,ADD 2,0,1,13680,0,0.0,ADD 3,0,1,13647,0,0.0,ADD 4,0,1,13603,0,0.0,ADD 5,0,0,0,0,0.0,ADD 6,0,1,13532,0,0.0,ADD 7,0,0,0,0,0.0,EGT2CAN,0,1,13527,0,0.0
1778951529.3953576,188.0,13648,-44.0,1,-,0,0,0,0,0.0,-,0,0,0,0,0.0,ECU,0,1,13675,180,188.0,FAN1,0,0,0,0,0.0,COILS,1,1,13664,0,0.0,PUMP,0,0,0,0,0.0,INJECTOR,1,1,13647,0,0.0,SERVO,1,1,13532,0,0.0,ADD 1,0,1,13669,0,0.0,ADD 2,0,1,13680,0,0.0,ADD 3,0,1,13647,0,0.0,ADD 4,0,1,13603,0,0.0,ADD 5,0,0,0,0,0.0,ADD 6,0,1,13532,0,0.0,ADD 7,0,0,0,0,0.0,EGT2CAN,0,1,13527,0,0.0
1778951529.4481485,188.0,13648,-44.0,1,-,0,0,0,0,0.0,-,0,0,0,0,0.0,ECU,0,1,13603,180,188.0,FAN1,0,0,0,0,0.0,COILS,1,1,13653,0,0.0,PUMP,0,0,0,0,0.0,INJECTOR,1,1,13675,0,0.0,SERVO,1,1,13625,0,0.0,ADD 1,0,1,13653,0,0.0,ADD 2,0,1,13664,0,0.0,ADD 3,0,1,13680,0,0.0,ADD 4,0,1,13636,0,0.0,ADD 5,0,0,0,0,0.0,ADD 6,0,1,13532,0,0.0,ADD 7,0,0,0,0,0.0,EGT2CAN,0,1,13527,0,0.0
1778951529.4992716,188.0,13630,-43.0,1,-,0,0,0,0,0.0,-,0,0,0,0,0.0,ECU,0,1,13521,190,188.0,FAN1,0,0,0,0,0.0,COILS,1,1,13609,0,0.0,PUMP,0,0,0,0,0.0,INJECTOR,1,1,13620,0,0.0,SERVO,1,1,13625,0,0.0,ADD 1,0,1,13582,0,0.0,ADD 2,0,1,13614,0,0.0,ADD 3,0,1,13642,0,0.0,ADD 4,0,1,13647,0,0.0,ADD 5,0,0,0,0,0.0,ADD 6,0,1,13680,0,0.0,ADD 7,0,0,0,0,0.0,EGT2CAN,0,1,13543,0,0.0
1778951529.5498211,188.0,13636,-42.0,1,-,0,0,0,0,0.0,-,0,0,0,0,0.0,ECU,0,1,13653,190,188.0,FAN1,0,0,0,0,0.0,COILS,1,1,13510,0,0.0,PUMP,0,0,0,0,0.0,INJECTOR,1,1,13592,0,0.0,SERVO,1,1,13532,0,0.0,ADD 1,0,1,13647,0,0.0,ADD 2,0,1,13691,0,0.0,ADD 3,0,1,13647,0,0.0,ADD 4,0,1,13609,0,0.0,ADD 5,0,0,0,0,0.0,ADD 6,0,1,13532,0,0.0,ADD 7,0,0,0,0,0.0,EGT2CAN,0,1,13587,0,0.0
1778951529.6018295,188.0,13636,-42.0,1,-,0,0,0,0,0.0,-,0,0,0,0,0.0,ECU,0,1,13625,190,188.0,FAN1,0,0,0,0,0.0,COILS,1,1,13560,0,0.0,PUMP,0,0,0,0,0.0,INJECTOR,1,1,13510,0,0.0,SERVO,1,1,13565,0,0.0,ADD 1,0,1,13647,0,0.0,ADD 2,0,1,13691,0,0.0,ADD 3,0,1,13647,0,0.0,ADD 4,0,1,13609,0,0.0,ADD 5,0,0,0,0,0.0,ADD 6,0,1,13532,0,0.0,ADD 7,0,0,0,0,0.0,EGT2CAN,0,1,13587,0,0.0
1778951529.665888,190.0,13636,-42.0,1,-,0,0,0,0,0.0,-,0,0,0,0,0.0,ECU,0,1,13478,190,190.0,FAN1,0,0,0,0,0.0,COILS,1,1,13603,0,0.0,PUMP,0,0,0,0,0.0,INJECTOR,1,1,13582,0,0.0,SERVO,1,1,13494,0,0.0,ADD 1,0,1,13538,0,0.0,ADD 2,0,1,13538,0,0.0,ADD 3,0,1,13565,0,0.0,ADD 4,0,1,13603,0,0.0,ADD 5,0,0,0,0,0.0,ADD 6,0,1,13664,0,0.0,ADD 7,0,0,0,0,0.0,EGT2CAN,0,1,13625,0,0.0
1778951529.7254763,190.0,13642,-43.0,1,-,0,0,0,0,0.0,-,0,0,0,0,0.0,ECU,0,1,13653,190,190.0,FAN1,0,0,0,0,0.0,COILS,1,1,13647,0,0.0,PUMP,0,0,0,0,0.0,INJECTOR,1,1,13647,0,0.0,SERVO,1,1,13560,0,0.0,ADD 1,0,1,13543,0,0.0,ADD 2,0,1,13554,0,0.0,ADD 3,0,1,13582,0,0.0,ADD 4,0,1,13582,0,0.0,ADD 5,0,0,0,0,0.0,ADD 6,0,1,13647,0,0.0,ADD 7,0,0,0,0,0.0,EGT2CAN,0,1,13598,0,0.0
1778951529.7770932,190.0,13642,-43.0,1,-,0,0,0,0,0.0,-,0,0,0,0,0.0,ECU,0,1,13614,190,190.0,FAN1,0,0,0,0,0.0,COILS,1,1,13620,0,0.0,PUMP,0,0,0,0,0.0,INJECTOR,1,1,13609,0,0.0,SERVO,1,1,13625,0,0.0,ADD 1,0,1,13543,0,0.0,ADD 2,0,1,13554,0,0.0,ADD 3,0,1,13582,0,0.0,ADD 4,0,1,13582,0,0.0,ADD 5,0,0,0,0,0.0,ADD 6,0,1,13647,0,0.0,ADD 7,0,0,0,0,0.0,EGT2CAN,0,1,13598,0,0.0
1778951529.8276842,190.0,13580,-43.0,1,-,0,0,0,0,0.0,-,0,0,0,0,0.0,ECU,0,1,13543,190,190.0,FAN1,0,0,0,0,0.0,COILS,1,1,13636,0,0.0,PUMP,0,0,0,0,0.0,INJECTOR,1,1,13603,0,0.0,SERVO,1,1,13510,0,0.0,ADD 1,0,1,13614,0,0.0,ADD 2,0,1,13614,0,0.0,ADD 3,0,1,13609,0,0.0,ADD 4,0,1,13587,0,0.0,ADD 5,0,0,0,0,0.0,ADD 6,0,1,13631,0,0.0,ADD 7,0,0,0,0,0.0,EGT2CAN,0,1,13483,0,0.0
1778951529.8792584,190.0,13599,-44.0,1,-,0,0,0,0,0.0,-,0,0,0,0,0.0,ECU,0,1,13543,190,190.0,FAN1,0,0,0,0,0.0,COILS,1,1,13636,0,0.0,PUMP,0,0,0,0,0.0,INJECTOR,1,1,13603,0,0.0,SERVO,1,1,13510,0,0.0,ADD 1,0,1,13614,0,0.0,ADD 2,0,1,13614,0,0.0,ADD 3,0,1,13609,0,0.0,ADD 4,0,1,13587,0,0.0,ADD 5,0,0,0,0,0.0,ADD 6,0,1,13631,0,0.0,ADD 7,0,0,0,0,0.0,EGT2CAN,0,1,13483,0,0.0
1778951529.929722,190.0,13599,-44.0,1,-,0,0,0,0,0.0,-,0,0,0,0,0.0,ECU,0,1,13598,190,190.0,FAN1,0,0,0,0,0.0,COILS,1,1,13653,0,0.0,PUMP,0,0,0,0,0.0,INJECTOR,1,1,13510,0,0.0,SERVO,1,1,13527,0,0.0,ADD 1,0,1,13620,0,0.0,ADD 2,0,1,13685,0,0.0,ADD 3,0,1,13636,0,0.0,ADD 4,0,1,13614,0,0.0,ADD 5,0,0,0,0,0.0,ADD 6,0,1,13582,0,0.0,ADD 7,0,0,0,0,0.0,EGT2CAN,0,1,13549,0,0.0
1778951529.9817028,188.0,13574,-43.0,1,-,0,0,0,0,0.0,-,0,0,0,0,0.0,ECU,0,1,13489,180,188.0,FAN1,0,0,0,0,0.0,COILS,1,1,13560,0,0.0,PUMP,0,0,0,0,0.0,INJECTOR,1,1,13532,0,0.0,SERVO,1,1,13592,0,0.0,ADD 1,0,1,13614,0,0.0,ADD 2,0,1,13647,0,0.0,ADD 3,0,1,13609,0,0.0,ADD 4,0,1,13576,0,0.0,ADD 5,0,0,0,0,0.0,ADD 6,0,1,13576,0,0.0,ADD 7,0,0,0,0,0.0,EGT2CAN,0,1,13598,0,0.0
1778951530.042949,186.0,13618,-41.0,1,-,0,0,0,0,0.0,-,0,0,0,0,0.0,ECU,0,1,13532,180,186.0,FAN1,0,0,0,0,0.0,COILS,1,1,13603,0,0.0,PUMP,0,0,0,0,0.0,INJECTOR,1,1,13538,0,0.0,SERVO,1,1,13582,0,0.0,ADD 1,0,1,13532,0,0.0,ADD 2,0,1,13614,0,0.0,ADD 3,0,1,13532,0,0.0,ADD 4,0,1,13571,0,0.0,ADD 5,0,0,0,0,0.0,ADD 6,0,1,13603,0,0.0,ADD 7,0,0,0,0,0.0,EGT2CAN,0,1,13516,0,0.0
1778951530.0933013,186.0,13599,-43.0,1,-,0,0,0,0,0.0,-,0,0,0,0,0.0,ECU,0,1,13532,190,186.0,FAN1,0,0,0,0,0.0,COILS,1,1,13532,0,0.0,PUMP,0,0,0,0,0.0,INJECTOR,1,1,13390,0,0.0,SERVO,1,1,13439,0,0.0,ADD 1,0,1,13560,0,0.0,ADD 2,0,1,13598,0,0.0,ADD 3,0,1,13614,0,0.0,ADD 4,0,1,13603,0,0.0,ADD 5,0,0,0,0,0.0,ADD 6,0,1,13636,0,0.0,ADD 7,0,0,0,0,0.0,EGT2CAN,0,1,13467,0,0.0
1778951530.1447341,186.0,13599,-43.0,1,-,0,0,0,0,0.0,-,0,0,0,0,0.0,ECU,0,1,13532,190,186.0,FAN1,0,0,0,0,0.0,COILS,1,1,13532,0,0.0,PUMP,0,0,0,0,0.0,INJECTOR,1,1,13390,0,0.0,SERVO,1,1,13439,0,0.0,ADD 1,0,1,13560,0,0.0,ADD 2,0,1,13598,0,0.0,ADD 3,0,1,13614,0,0.0,ADD 4,0,1,13603,0,0.0,ADD 5,0,0,0,0,0.0,ADD 6,0,1,13636,0,0.0,ADD 7,0,0,0,0,0.0,EGT2CAN,0,1,13467,0,0.0
1778951530.1957278,190.0,13599,-43.0,1,-,0,0,0,0,0.0,-,0,0,0,0,0.0,ECU,0,1,13592,190,190.0,FAN1,0,0,0,0,0.0,COILS,1,1,13598,0,0.0,PUMP,0,0,0,0,0.0,INJECTOR,1,1,13625,0,0.0,SERVO,1,1,13603,0,0.0,ADD 1,0,1,13538,0,0.0,ADD 2,0,1,13549,0,0.0,ADD 3,0,1,13592,0,0.0,ADD 4,0,1,13538,0,0.0,ADD 5,0,0,0,0,0.0,ADD 6,0,1,13603,0,0.0,ADD 7,0,0,0,0,0.0,EGT2CAN,0,1,13620,0,0.0
1778951530.2462904,190.0,13599,-44.0,1,-,0,0,0,0,0.0,-,0,0,0,0,0.0,ECU,0,1,13625,190,190.0,FAN1,0,0,0,0,0.0,COILS,1,1,13603,0,0.0,PUMP,0,0,0,0,0.0,INJECTOR,1,1,13603,0,0.0,SERVO,1,1,13603,0,0.0,ADD 1,0,1,13592,0,0.0,ADD 2,0,1,13554,0,0.0,ADD 3,0,1,13461,0,0.0,ADD 4,0,1,13560,0,0.0,ADD 5,0,0,0,0,0.0,ADD 6,0,1,13658,0,0.0,ADD 7,0,0,0,0,0.0,EGT2CAN,0,1,13631,0,0.0
1778951530.2996044,190.0,13599,-44.0,1,-,0,0,0,0,0.0,-,0,0,0,0,0.0,ECU,0,1,13625,190,190.0,FAN1,0,0,0,0,0.0,COILS,1,1,13603,0,0.0,PUMP,0,0,0,0,0.0,INJECTOR,1,1,13603,0,0.0,SERVO,1,1,13603,0,0.0,ADD 1,0,1,13592,0,0.0,ADD 2,0,1,13554,0,0.0,ADD 3,0,1,13461,0,0.0,ADD 4,0,1,13560,0,0.0,ADD 5,0,0,0,0,0.0,ADD 6,0,1,13658,0,0.0,ADD 7,0,0,0,0,0.0,EGT2CAN,0,1,13631,0,0.0
1778951530.3498542,190.0,13599,-44.0,1,-,0,0,0,0,0.0,-,0,0,0,0,0.0,ECU,0,1,13510,190,190.0,FAN1,0,0,0,0,0.0,COILS,1,1,13625,0,0.0,PUMP,0,0,0,0,0.0,INJECTOR,1,1,13620,0,0.0,SERVO,1,1,13582,0,0.0,ADD 1,0,1,13603,0,0.0,ADD 2,0,1,13603,0,0.0,ADD 3,0,1,13625,0,0.0,ADD 4,0,1,13592,0,0.0,ADD 5,0,0,0,0,0.0,ADD 6,0,1,13603,0,0.0,ADD 7,0,0,0,0,0.0,EGT2CAN,0,1,13461,0,0.0
1778951530.4008672,190.0,13574,-44.0,1,-,0,0,0,0,0.0,-,0,0,0,0,0.0,ECU,0,1,13527,190,190.0,FAN1,0,0,0,0,0.0,COILS,1,1,13554,0,0.0,PUMP,0,0,0,0,0.0,INJECTOR,1,1,13538,0,0.0,SERVO,1,1,13538,0,0.0,ADD 1,0,1,13467,0,0.0,ADD 2,0,1,13592,0,0.0,ADD 3,0,1,13549,0,0.0,ADD 4,0,1,13582,0,0.0,ADD 5,0,0,0,0,0.0,ADD 6,0,1,13642,0,0.0,ADD 7,0,0,0,0,0.0,EGT2CAN,0,1,13510,0,0.0
1778951530.4520266,190.0,13574,-44.0,1,-,0,0,0,0,0.0,-,0,0,0,0,0.0,ECU,0,1,13527,190,190.0,FAN1,0,0,0,0,0.0,COILS,1,1,13554,0,0.0,PUMP,0,0,0,0,0.0,INJECTOR,1,1,13538,0,0.0,SERVO,1,1,13538,0,0.0,ADD 1,0,1,13467,0,0.0,ADD 2,0,1,13592,0,0.0,ADD 3,0,1,13549,0,0.0,ADD 4,0,1,13582,0,0.0,ADD 5,0,0,0,0,0.0,ADD 6,0,1,13642,0,0.0,ADD 7,0,0,0,0,0.0,EGT2CAN,0,1,13510,0,0.0
1778951530.5038142,190.0,13574,-44.0,1,-,0,0,0,0,0.0,-,0,0,0,0,0.0,ECU,0,1,13543,190,190.0,FAN1,0,0,0,0,0.0,COILS,1,1,13609,0,0.0,PUMP,0,0,0,0,0.0,INJECTOR,1,1,13489,0,0.0,SERVO,1,1,13532,0,0.0,ADD 1,0,1,13489,0,0.0,ADD 2,0,1,13571,0,0.0,ADD 3,0,1,13603,0,0.0,ADD 4,0,1,13560,0,0.0,ADD 5,0,0,0,0,0.0,ADD 6,0,1,13647,0,0.0,ADD 7,0,0,0,0,0.0,EGT2CAN,0,1,13521,0,0.0
1778951530.5543227,190.0,13562,-43.0,1,-,0,0,0,0,0.0,-,0,0,0,0,0.0,ECU,0,1,13532,190,190.0,FAN1,0,0,0,0,0.0,COILS,1,1,13532,0,0.0,PUMP,0,0,0,0,0.0,INJECTOR,1,1,13587,0,0.0,SERVO,1,1,13603,0,0.0,ADD 1,0,1,13505,0,0.0,ADD 2,0,1,13603,0,0.0,ADD 3,0,1,13582,0,0.0,ADD 4,0,1,13587,0,0.0,ADD 5,0,0,0,0,0.0,ADD 6,0,1,13642,0,0.0,ADD 7,0,0,0,0,0.0,EGT2CAN,0,1,13538,0,0.0
1778951530.6213863,190.0,13562,-43.0,1,-,0,0,0,0,0.0,-,0,0,0,0,0.0,ECU,0,1,13554,190,190.0,FAN1,0,0,0,0,0.0,COILS,1,1,13576,0,0.0,PUMP,0,0,0,0,0.0,INJECTOR,1,1,13565,0,0.0,SERVO,1,1,13582,0,0.0,ADD 1,0,1,13505,0,0.0,ADD 2,0,1,13603,0,0.0,ADD 3,0,1,13582,0,0.0,ADD 4,0,1,13587,0,0.0,ADD 5,0,0,0,0,0.0,ADD 6,0,1,13642,0,0.0,ADD 7,0,0,0,0,0.0,EGT2CAN,0,1,13538,0,0.0
1778951530.6723442,190.0,13587,-41.0,1,-,0,0,0,0,0.0,-,0,0,0,0,0.0,ECU,0,1,13582,190,190.0,FAN1,0,0,0,0,0.0,COILS,1,1,13582,0,0.0,PUMP,0,0,0,0,0.0,INJECTOR,1,1,13620,0,0.0,SERVO,1,1,13549,0,0.0,ADD 1,0,1,13603,0,0.0,ADD 2,0,1,13582,0,0.0,ADD 3,0,1,13478,0,0.0,ADD 4,0,1,13478,0,0.0,ADD 5,0,0,0,0,0.0,ADD 6,0,1,13592,0,0.0,ADD 7,0,0,0,0,0.0,EGT2CAN,0,1,13576,0,0.0
1778951530.7239072,190.0,13568,-41.0,1,-,0,0,0,0,0.0,-,0,0,0,0,0.0,ECU,0,1,13510,190,190.0,FAN1,0,0,0,0,0.0,COILS,1,1,13603,0,0.0,PUMP,0,0,0,0,0.0,INJECTOR,1,1,13625,0,0.0,SERVO,1,1,13592,0,0.0,ADD 1,0,1,13587,0,0.0,ADD 2,0,1,13620,0,0.0,ADD 3,0,1,13489,0,0.0,ADD 4,0,1,13461,0,0.0,ADD 5,0,0,0,0,0.0,ADD 6,0,1,13582,0,0.0,ADD 7,0,0,0,0,0.0,EGT2CAN,0,1,13582,0,0.0
1778951530.7749221,190.0,13568,-41.0,1,-,0,0,0,0,0.0,-,0,0,0,0,0.0,ECU,0,1,13532,190,190.0,FAN1,0,0,0,0,0.0,COILS,1,1,13549,0,0.0,PUMP,0,0,0,0,0.0,INJECTOR,1,1,13592,0,0.0,SERVO,1,1,13582,0,0.0,ADD 1,0,1,13587,0,0.0,ADD 2,0,1,13620,0,0.0,ADD 3,0,1,13489,0,0.0,ADD 4,0,1,13461,0,0.0,ADD 5,0,0,0,0,0.0,ADD 6,0,1,13582,0,0.0,ADD 7,0,0,0,0,0.0,EGT2CAN,0,1,13582,0,0.0
1778951530.8258572,190.0,13593,-43.0,1,-,0,0,0,0,0.0,-,0,0,0,0,0.0,ECU,0,1,13592,190,190.0,FAN1,0,0,0,0,0.0,COILS,1,1,13505,0,0.0,PUMP,0,0,0,0,0.0,INJECTOR,1,1,13472,0,0.0,SERVO,1,1,13521,0,0.0,ADD 1,0,1,13582,0,0.0,ADD 2,0,1,13631,0,0.0,ADD 3,0,1,13582,0,0.0,ADD 4,0,1,13582,0,0.0,ADD 5,0,0,0,0,0.0,ADD 6,0,1,13549,0,0.0,ADD 7,0,0,0,0,0.0,EGT2CAN,0,1,13499,0,0.0
1778951530.8795185,190.0,13549,-43.0,1,-,0,0,0,0,0.0,-,0,0,0,0,0.0,ECU,0,1,13592,190,190.0,FAN1,0,0,0,0,0.0,COILS,1,1,13505,0,0.0,PUMP,0,0,0,0,0.0,INJECTOR,1,1,13472,0,0.0,SERVO,1,1,13521,0,0.0,ADD 1,0,1,13582,0,0.0,ADD 2,0,1,13631,0,0.0,ADD 3,0,1,13582,0,0.0,ADD 4,0,1,13582,0,0.0,ADD 5,0,0,0,0,0.0,ADD 6,0,1,13549,0,0.0,ADD 7,0,0,0,0,0.0,EGT2CAN,0,1,13499,0,0.0
1778951530.930089,190.0,13549,-43.0,1,-,0,0,0,0,0.0,-,0,0,0,0,0.0,ECU,0,1,13587,190,190.0,FAN1,0,0,0,0,0.0,COILS,1,1,13625,0,0.0,PUMP,0,0,0,0,0.0,INJECTOR,1,1,13467,0,0.0,SERVO,1,1,13456,0,0.0,ADD 1,0,1,13554,0,0.0,ADD 2,0,1,13603,0,0.0,ADD 3,0,1,13560,0,0.0,ADD 4,0,1,13571,0,0.0,ADD 5,0,0,0,0,0.0,ADD 6,0,1,13625,0,0.0,ADD 7,0,0,0,0,0.0,EGT2CAN,0,1,13467,0,0.0
1778951530.9868116,190.0,13562,-44.0,1,-,0,0,0,0,0.0,-,0,0,0,0,0.0,ECU,0,1,13560,190,190.0,FAN1,0,0,0,0,0.0,COILS,1,1,13598,0,0.0,PUMP,0,0,0,0,0.0,INJECTOR,1,1,13565,0,0.0,SERVO,1,1,13516,0,0.0,ADD 1,0,1,13538,0,0.0,ADD 2,0,1,13494,0,0.0,ADD 3,0,1,13510,0,0.0,ADD 4,0,1,13532,0,0.0,ADD 5,0,0,0,0,0.0,ADD 6,0,1,13587,0,0.0,ADD 7,0,0,0,0,0.0,EGT2CAN,0,1,13532,0,0.0
1778951531.0541134,190.0,13537,-43.0,1,-,0,0,0,0,0.0,-,0,0,0,0,0.0,ECU,0,1,13543,190,190.0,FAN1,0,0,0,0,0.0,COILS,1,1,13598,0,0.0,PUMP,0,0,0,0,0.0,INJECTOR,1,1,13565,0,0.0,SERVO,1,1,13516,0,0.0,ADD 1,0,1,13538,0,0.0,ADD 2,0,1,13494,0,0.0,ADD 3,0,1,13510,0,0.0,ADD 4,0,1,13532,0,0.0,ADD 5,0,0,0,0,0.0,ADD 6,0,1,13587,0,0.0,ADD 7,0,0,0,0,0.0,EGT2CAN,0,1,13532,0,0.0
1778951531.1045547,190.0,13574,-44.0,1,-,0,0,0,0,0.0,-,0,0,0,0,0.0,ECU,0,1,13467,190,190.0,FAN1,0,0,0,0,0.0,COILS,1,1,13565,0,0.0,PUMP,0,0,0,0,0.0,INJECTOR,1,1,13614,0,0.0,SERVO,1,1,13571,0,0.0,ADD 1,0,1,13620,0,0.0,ADD 2,0,1,13582,0,0.0,ADD 3,0,1,13499,0,0.0,ADD 4,0,1,13401,0,0.0,ADD 5,0,0,0,0,0.0,ADD 6,0,1,13565,0,0.0,ADD 7,0,0,0,0,0.0,EGT2CAN,0,1,13554,0,0.0
1778951531.1561117,190.0,13574,-43.0,1,-,0,0,0,0,0.0,-,0,0,0,0,0.0,ECU,0,1,13461,190,190.0,FAN1,0,0,0,0,0.0,COILS,1,1,13582,0,0.0,PUMP,0,0,0,0,0.0,INJECTOR,1,1,13554,0,0.0,SERVO,1,1,13543,0,0.0,ADD 1,0,1,13603,0,0.0,ADD 2,0,1,13603,0,0.0,ADD 3,0,1,13614,0,0.0,ADD 4,0,1,13521,0,0.0,ADD 5,0,0,0,0,0.0,ADD 6,0,1,13467,0,0.0,ADD 7,0,0,0,0,0.0,EGT2CAN,0,1,13582,0,0.0
1778951531.2071326,190.0,13574,-43.0,1,-,0,0,0,0,0.0,-,0,0,0,0,0.0,ECU,0,1,13461,190,190.0,FAN1,0,0,0,0,0.0,COILS,1,1,13582,0,0.0,PUMP,0,0,0,0,0.0,INJECTOR,1,1,13554,0,0.0,SERVO,1,1,13543,0,0.0,ADD 1,0,1,13603,0,0.0,ADD 2,0,1,13603,0,0.0,ADD 3,0,1,13614,0,0.0,ADD 4,0,1,13521,0,0.0,ADD 5,0,0,0,0,0.0,ADD 6,0,1,13467,0,0.0,ADD 7,0,0,0,0,0.0,EGT2CAN,0,1,13582,0,0.0
1778951531.258084,188.0,13549,-43.0,1,-,0,0,0,0,0.0,-,0,0,0,0,0.0,ECU,0,1,13560,180,188.0,FAN1,0,0,0,0,0.0,COILS,1,1,13499,0,0.0,PUMP,0,0,0,0,0.0,INJECTOR,1,1,13565,0,0.0,SERVO,1,1,13565,0,0.0,ADD 1,0,1,13560,0,0.0,ADD 2,0,1,13527,0,0.0,ADD 3,0,1,13423,0,0.0,ADD 4,0,1,13505,0,0.0,ADD 5,0,0,0,0,0.0,ADD 6,0,1,13494,0,0.0,ADD 7,0,0,0,0,0.0,EGT2CAN,0,1,13582,0,0.0
1778951531.3091784,188.0,13543,-43.0,1,-,0,0,0,0,0.0,-,0,0,0,0,0.0,ECU,0,1,13582,190,188.0,FAN1,0,0,0,0,0.0,COILS,1,1,13560,0,0.0,PUMP,0,0,0,0,0.0,INJECTOR,1,1,13510,0,0.0,SERVO,1,1,13472,0,0.0,ADD 1,0,1,13576,0,0.0,ADD 2,0,1,13609,0,0.0,ADD 3,0,1,13516,0,0.0,ADD 4,0,1,13412,0,0.0,ADD 5,0,0,0,0,0.0,ADD 6,0,1,13603,0,0.0,ADD 7,0,0,0,0,0.0,EGT2CAN,0,1,13603,0,0.0
1778951531.3613114,188.0,13543,-43.0,1,-,0,0,0,0,0.0,-,0,0,0,0,0.0,ECU,0,1,13582,190,188.0,FAN1,0,0,0,0,0.0,COILS,1,1,13560,0,0.0,PUMP,0,0,0,0,0.0,INJECTOR,1,1,13510,0,0.0,SERVO,1,1,13472,0,0.0,ADD 1,0,1,13576,0,0.0,ADD 2,0,1,13609,0,0.0,ADD 3,0,1,13516,0,0.0,ADD 4,0,1,13412,0,0.0,ADD 5,0,0,0,0,0.0,ADD 6,0,1,13603,0,0.0,ADD 7,0,0,0,0,0.0,EGT2CAN,0,1,13603,0,0.0
1778951531.4121246,188.0,13574,-43.0,1,-,0,0,0,0,0.0,-,0,0,0,0,0.0,ECU,0,1,13587,190,188.0,FAN1,0,0,0,0,0.0,COILS,1,1,13603,0,0.0,PUMP,0,0,0,0,0.0,INJECTOR,1,1,13582,0,0.0,SERVO,1,1,13560,0,0.0,ADD 1,0,1,13532,0,0.0,ADD 2,0,1,13598,0,0.0,ADD 3,0,1,13532,0,0.0,ADD 4,0,1,13390,0,0.0,ADD 5,0,0,0,0,0.0,ADD 6,0,1,13489,0,0.0,ADD 7,0,0,0,0,0.0,EGT2CAN,0,1,13549,0,0.0
1778951531.4629471,188.0,13574,-44.0,1,-,0,0,0,0,0.0,-,0,0,0,0,0.0,ECU,0,1,13505,190,188.0,FAN1,0,0,0,0,0.0,COILS,1,1,13560,0,0.0,PUMP,0,0,0,0,0.0,INJECTOR,1,1,13554,0,0.0,SERVO,1,1,13543,0,0.0,ADD 1,0,1,13538,0,0.0,ADD 2,0,1,13521,0,0.0,ADD 3,0,1,13423,0,0.0,ADD 4,0,1,13489,0,0.0,ADD 5,0,0,0,0,0.0,ADD 6,0,1,13614,0,0.0,ADD 7,0,0,0,0,0.0,EGT2CAN,0,1,13582,0,0.0
1778951531.5144966,188.0,13574,-44.0,1,-,0,0,0,0,0.0,-,0,0,0,0,0.0,ECU,0,1,13543,190,188.0,FAN1,0,0,0,0,0.0,COILS,1,1,13560,0,0.0,PUMP,0,0,0,0,0.0,INJECTOR,1,1,13554,0,0.0,SERVO,1,1,13543,0,0.0,ADD 1,0,1,13538,0,0.0,ADD 2,0,1,13521,0,0.0,ADD 3,0,1,13423,0,0.0,ADD 4,0,1,13489,0,0.0,ADD 5,0,0,0,0,0.0,ADD 6,0,1,13614,0,0.0,ADD 7,0,0,0,0,0.0,EGT2CAN,0,1,13582,0,0.0
1778951531.5666366,190.0,13587,-43.0,1,-,0,0,0,0,0.0,-,0,0,0,0,0.0,ECU,0,1,13510,190,190.0,FAN1,0,0,0,0,0.0,COILS,1,1,13489,0,0.0,PUMP,0,0,0,0,0.0,INJECTOR,1,1,13582,0,0.0,SERVO,1,1,13571,0,0.0,ADD 1,0,1,13532,0,0.0,ADD 2,0,1,13620,0,0.0,ADD 3,0,1,13560,0,0.0,ADD 4,0,1,13510,0,0.0,ADD 5,0,0,0,0,0.0,ADD 6,0,1,13521,0,0.0,ADD 7,0,0,0,0,0.0,EGT2CAN,0,1,13538,0,0.0
1778951531.6338513,190.0,13587,-43.0,1,-,0,0,0,0,0.0,-,0,0,0,0,0.0,ECU,0,1,13560,190,190.0,FAN1,0,0,0,0,0.0,COILS,1,1,13510,0,0.0,PUMP,0,0,0,0,0.0,INJECTOR,1,1,13510,0,0.0,SERVO,1,1,13554,0,0.0,ADD 1,0,1,13538,0,0.0,ADD 2,0,1,13603,0,0.0,ADD 3,0,1,13565,0,0.0,ADD 4,0,1,13543,0,0.0,ADD 5,0,0,0,0,0.0,ADD 6,0,1,13499,0,0.0,ADD 7,0,0,0,0,0.0,EGT2CAN,0,1,13510,0,0.0
1778951531.688752,192.0,13556,-43.0,1,-,0,0,0,0,0.0,-,0,0,0,0,0.0,ECU,0,1,13576,190,192.0,FAN1,0,0,0,0,0.0,COILS,1,1,13565,0,0.0,PUMP,0,0,0,0,0.0,INJECTOR,1,1,13505,0,0.0,SERVO,1,1,13571,0,0.0,ADD 1,0,1,13603,0,0.0,ADD 2,0,1,13565,0,0.0,ADD 3,0,1,13456,0,0.0,ADD 4,0,1,13248,0,0.0,ADD 5,0,0,0,0,0.0,ADD 6,0,1,13554,0,0.0,ADD 7,0,0,0,0,0.0,EGT2CAN,0,1,13582,0,0.0
1778951531.7389727,192.0,13556,-43.0,1,-,0,0,0,0,0.0,-,0,0,0,0,0.0,ECU,0,1,13576,190,192.0,FAN1,0,0,0,0,0.0,COILS,1,1,13565,0,0.0,PUMP,0,0,0,0,0.0,INJECTOR,1,1,13505,0,0.0,SERVO,1,1,13571,0,0.0,ADD 1,0,1,13603,0,0.0,ADD 2,0,1,13565,0,0.0,ADD 3,0,1,13456,0,0.0,ADD 4,0,1,13248,0,0.0,ADD 5,0,0,0,0,0.0,ADD 6,0,1,13554,0,0.0,ADD 7,0,0,0,0,0.0,EGT2CAN,0,1,13582,0,0.0
1778951531.7910569,192.0,13556,-43.0,1,-,0,0,0,0,0.0,-,0,0,0,0,0.0,ECU,0,1,13549,190,192.0,FAN1,0,0,0,0,0.0,COILS,1,1,13510,0,0.0,PUMP,0,0,0,0,0.0,INJECTOR,1,1,13549,0,0.0,SERVO,1,1,13560,0,0.0,ADD 1,0,1,13516,0,0.0,ADD 2,0,1,13516,0,0.0,ADD 3,0,1,13445,0,0.0,ADD 4,0,1,13494,0,0.0,ADD 5,0,0,0,0,0.0,ADD 6,0,1,13620,0,0.0,ADD 7,0,0,0,0,0.0,EGT2CAN,0,1,13582,0,0.0
1778951531.8416953,192.0,13518,-43.0,1,-,0,0,0,0,0.0,-,0,0,0,0,0.0,ECU,0,1,13494,190,192.0,FAN1,0,0,0,0,0.0,COILS,1,1,13565,0,0.0,PUMP,0,0,0,0,0.0,INJECTOR,1,1,13554,0,0.0,SERVO,1,1,13538,0,0.0,ADD 1,0,1,13549,0,0.0,ADD 2,0,1,13603,0,0.0,ADD 3,0,1,13527,0,0.0,ADD 4,0,1,13439,0,0.0,ADD 5,0,0,0,0,0.0,ADD 6,0,1,13571,0,0.0,ADD 7,0,0,0,0,0.0,EGT2CAN,0,1,13565,0,0.0
1778951531.8930094,192.0,13518,-43.0,1,-,0,0,0,0,0.0,-,0,0,0,0,0.0,ECU,0,1,13494,190,192.0,FAN1,0,0,0,0,0.0,COILS,1,1,13565,0,0.0,PUMP,0,0,0,0,0.0,INJECTOR,1,1,13554,0,0.0,SERVO,1,1,13538,0,0.0,ADD 1,0,1,13549,0,0.0,ADD 2,0,1,13603,0,0.0,ADD 3,0,1,13527,0,0.0,ADD 4,0,1,13439,0,0.0,ADD 5,0,0,0,0,0.0,ADD 6,0,1,13571,0,0.0,ADD 7,0,0,0,0,0.0,EGT2CAN,0,1,13565,0,0.0
1778951531.9434583,192.0,13518,-43.0,1,-,0,0,0,0,0.0,-,0,0,0,0,0.0,ECU,0,1,13565,190,192.0,FAN1,0,0,0,0,0.0,COILS,1,1,13571,0,0.0,PUMP,0,0,0,0,0.0,INJECTOR,1,1,13510,0,0.0,SERVO,1,1,13543,0,0.0,ADD 1,0,1,13571,0,0.0,ADD 2,0,1,13489,0,0.0,ADD 3,0,1,13428,0,0.0,ADD 4,0,1,13434,0,0.0,ADD 5,0,0,0,0,0.0,ADD 6,0,1,13571,0,0.0,ADD 7,0,0,0,0,0.0,EGT2CAN,0,1,13565,0,0.0
1778951531.9944842,190.0,13543,-43.0,1,-,0,0,0,0,0.0,-,0,0,0,0,0.0,ECU,0,1,13456,190,190.0,FAN1,0,0,0,0,0.0,COILS,1,1,13571,0,0.0,PUMP,0,0,0,0,0.0,INJECTOR,1,1,13439,0,0.0,SERVO,1,1,13401,0,0.0,ADD 1,0,1,13543,0,0.0,ADD 2,0,1,13565,0,0.0,ADD 3,0,1,13582,0,0.0,ADD 4,0,1,13505,0,0.0,ADD 5,0,0,0,0,0.0,ADD 6,0,1,13532,0,0.0,ADD 7,0,0,0,0,0.0,EGT2CAN,0,1,13461,0,0.0
1778951532.0458696,190.0,13543,-43.0,1,-,0,0,0,0,0.0,-,0,0,0,0,0.0,ECU,0,1,13456,190,190.0,FAN1,0,0,0,0,0.0,COILS,1,1,13571,0,0.0,PUMP,0,0,0,0,0.0,INJECTOR,1,1,13439,0,0.0,SERVO,1,1,13401,0,0.0,ADD 1,0,1,13543,0,0.0,ADD 2,0,1,13565,0,0.0,ADD 3,0,1,13582,0,0.0,ADD 4,0,1,13505,0,0.0,ADD 5,0,0,0,0,0.0,ADD 6,0,1,13532,0,0.0,ADD 7,0,0,0,0,0.0,EGT2CAN,0,1,13461,0,0.0
1778951532.097595,192.5,13543,-43.0,1,-,0,0,0,0,0.0,-,0,0,0,0,0.0,ECU,0,1,13450,200,192.5,FAN1,0,0,0,0,0.0,COILS,1,1,13571,0,0.0,PUMP,0,0,0,0,0.0,INJECTOR,1,1,13554,0,0.0,SERVO,1,1,13543,0,0.0,ADD 1,0,1,13543,0,0.0,ADD 2,0,1,13521,0,0.0,ADD 3,0,1,13401,0,0.0,ADD 4,0,1,13456,0,0.0,ADD 5,0,0,0,0,0.0,ADD 6,0,1,13582,0,0.0,ADD 7,0,0,0,0,0.0,EGT2CAN,0,1,13527,0,0.0
1778951532.1554432,191.7,13568,-43.0,1,-,0,0,0,0,0.0,-,0,0,0,0,0.0,ECU,0,1,13554,190,191.7,FAN1,0,0,0,0,0.0,COILS,1,1,13560,0,0.0,PUMP,0,0,0,0,0.0,INJECTOR,1,1,13489,0,0.0,SERVO,1,1,13549,0,0.0,ADD 1,0,1,13571,0,0.0,ADD 2,0,1,13549,0,0.0,ADD 3,0,1,13450,0,0.0,ADD 4,0,1,13248,0,0.0,ADD 5,0,0,0,0,0.0,ADD 6,0,1,13543,0,0.0,ADD 7,0,0,0,0,0.0,EGT2CAN,0,1,13510,0,0.0
1778951532.2111607,191.7,13568,-43.0,1,-,0,0,0,0,0.0,-,0,0,0,0,0.0,ECU,0,1,13560,190,191.7,FAN1,0,0,0,0,0.0,COILS,1,1,13571,0,0.0,PUMP,0,0,0,0,0.0,INJECTOR,1,1,13423,0,0.0,SERVO,1,1,13549,0,0.0,ADD 1,0,1,13571,0,0.0,ADD 2,0,1,13549,0,0.0,ADD 3,0,1,13450,0,0.0,ADD 4,0,1,13248,0,0.0,ADD 5,0,0,0,0,0.0,ADD 6,0,1,13543,0,0.0,ADD 7,0,0,0,0,0.0,EGT2CAN,0,1,13510,0,0.0
1778951532.277062,191.7,13543,-43.0,1,-,0,0,0,0,0.0,-,0,0,0,0,0.0,ECU,0,1,13543,190,191.7,FAN1,0,0,0,0,0.0,COILS,1,1,13582,0,0.0,PUMP,0,0,0,0,0.0,INJECTOR,1,1,13582,0,0.0,SERVO,1,1,13516,0,0.0,ADD 1,0,1,13560,0,0.0,ADD 2,0,1,13576,0,0.0,ADD 3,0,1,13499,0,0.0,ADD 4,0,1,13401,0,0.0,ADD 5,0,0,0,0,0.0,ADD 6,0,1,13516,0,0.0,ADD 7,0,0,0,0,0.0,EGT2CAN,0,1,13527,0,0.0
1778951532.3295767,191.7,13512,-43.0,1,-,0,0,0,0,0.0,-,0,0,0,0,0.0,ECU,0,1,13543,190,191.7,FAN1,0,0,0,0,0.0,COILS,1,1,13582,0,0.0,PUMP,0,0,0,0,0.0,INJECTOR,1,1,13582,0,0.0,SERVO,1,1,13516,0,0.0,ADD 1,0,1,13560,0,0.0,ADD 2,0,1,13576,0,0.0,ADD 3,0,1,13499,0,0.0,ADD 4,0,1,13401,0,0.0,ADD 5,0,0,0,0,0.0,ADD 6,0,1,13516,0,0.0,ADD 7,0,0,0,0,0.0,EGT2CAN,0,1,13527,0,0.0
1778951532.3807814,191.7,13512,-43.0,1,-,0,0,0,0,0.0,-,0,0,0,0,0.0,ECU,0,1,13521,190,191.7,FAN1,0,0,0,0,0.0,COILS,1,1,13576,0,0.0,PUMP,0,0,0,0,0.0,INJECTOR,1,1,13565,0,0.0,SERVO,1,1,13489,0,0.0,ADD 1,0,1,13560,0,0.0,ADD 2,0,1,13576,0,0.0,ADD 3,0,1,13499,0,0.0,ADD 4,0,1,13401,0,0.0,ADD 5,0,0,0,0,0.0,ADD 6,0,1,13516,0,0.0,ADD 7,0,0,0,0,0.0,EGT2CAN,0,1,13527,0,0.0
1778951532.431749,190.0,13494,-43.0,1,-,0,0,0,0,0.0,-,0,0,0,0,0.0,ECU,0,1,13401,190,190.0,FAN1,0,0,0,0,0.0,COILS,1,1,13527,0,0.0,PUMP,0,0,0,0,0.0,INJECTOR,1,1,13582,0,0.0,SERVO,1,1,13527,0,0.0,ADD 1,0,1,13483,0,0.0,ADD 2,0,1,13505,0,0.0,ADD 3,0,1,13554,0,0.0,ADD 4,0,1,13489,0,0.0,ADD 5,0,0,0,0,0.0,ADD 6,0,1,13554,0,0.0,ADD 7,0,0,0,0,0.0,EGT2CAN,0,1,13461,0,0.0
1778951532.485436,190.0,13494,-43.0,1,-,0,0,0,0,0.0,-,0,0,0,0,0.0,ECU,0,1,13401,190,190.0,FAN1,0,0,0,0,0.0,COILS,1,1,13527,0,0.0,PUMP,0,0,0,0,0.0,INJECTOR,1,1,13582,0,0.0,SERVO,1,1,13527,0,0.0,ADD 1,0,1,13483,0,0.0,ADD 2,0,1,13505,0,0.0,ADD 3,0,1,13554,0,0.0,ADD 4,0,1,13489,0,0.0,ADD 5,0,0,0,0,0.0,ADD 6,0,1,13554,0,0.0,ADD 7,0,0,0,0,0.0,EGT2CAN,0,1,13461,0,0.0
1778951532.536721,190.0,13494,-43.0,1,-,0,0,0,0,0.0,-,0,0,0,0,0.0,ECU,0,1,13560,190,190.0,FAN1,0,0,0,0,0.0,COILS,1,1,13423,0,0.0,PUMP,0,0,0,0,0.0,INJECTOR,1,1,13494,0,0.0,SERVO,1,1,13510,0,0.0,ADD 1,0,1,13565,0,0.0,ADD 2,0,1,13582,0,0.0,ADD 3,0,1,13560,0,0.0,ADD 4,0,1,13467,0,0.0,ADD 5,0,0,0,0,0.0,ADD 6,0,1,13428,0,0.0,ADD 7,0,0,0,0,0.0,EGT2CAN,0,1,13538,0,0.0
1778951532.5948977,190.0,13531,-43.0,1,-,0,0,0,0,0.0,-,0,0,0,0,0.0,ECU,0,1,13532,190,190.0,FAN1,0,0,0,0,0.0,COILS,1,1,13445,0,0.0,PUMP,0,0,0,0,0.0,INJECTOR,1,1,13467,0,0.0,SERVO,1,1,13467,0,0.0,ADD 1,0,1,13510,0,0.0,ADD 2,0,1,13505,0,0.0,ADD 3,0,1,13445,0,0.0,ADD 4,0,1,13467,0,0.0,ADD 5,0,0,0,0,0.0,ADD 6,0,1,13576,0,0.0,ADD 7,0,0,0,0,0.0,EGT2CAN,0,1,13560,0,0.0
1778951532.6452603,190.0,13531,-43.0,1,-,0,0,0,0,0.0,-,0,0,0,0,0.0,ECU,0,1,13560,190,190.0,FAN1,0,0,0,0,0.0,COILS,1,1,13560,0,0.0,PUMP,0,0,0,0,0.0,INJECTOR,1,1,13423,0,0.0,SERVO,1,1,13489,0,0.0,ADD 1,0,1,13510,0,0.0,ADD 2,0,1,13505,0,0.0,ADD 3,0,1,13445,0,0.0,ADD 4,0,1,13467,0,0.0,ADD 5,0,0,0,0,0.0,ADD 6,0,1,13576,0,0.0,ADD 7,0,0,0,0,0.0,EGT2CAN,0,1,13560,0,0.0
1778951532.6963308,190.0,13500,-44.0,1,-,0,0,0,0,0.0,-,0,0,0,0,0.0,ECU,0,1,13554,190,190.0,FAN1,0,0,0,0,0.0,COILS,1,1,13549,0,0.0,PUMP,0,0,0,0,0.0,INJECTOR,1,1,13527,0,0.0,SERVO,1,1,13439,0,0.0,ADD 1,0,1,13560,0,0.0,ADD 2,0,1,13571,0,0.0,ADD 3,0,1,13494,0,0.0,ADD 4,0,1,13390,0,0.0,ADD 5,0,0,0,0,0.0,ADD 6,0,1,13532,0,0.0,ADD 7,0,0,0,0,0.0,EGT2CAN,0,1,13532,0,0.0
1778951532.7630847,190.0,13537,-43.0,1,-,0,0,0,0,0.0,-,0,0,0,0,0.0,ECU,0,1,13516,190,190.0,FAN1,0,0,0,0,0.0,COILS,1,1,13560,0,0.0,PUMP,0,0,0,0,0.0,INJECTOR,1,1,13554,0,0.0,SERVO,1,1,13532,0,0.0,ADD 1,0,1,13527,0,0.0,ADD 2,0,1,13494,0,0.0,ADD 3,0,1,13412,0,0.0,ADD 4,0,1,13423,0,0.0,ADD 5,0,0,0,0,0.0,ADD 6,0,1,13560,0,0.0,ADD 7,0,0,0,0,0.0,EGT2CAN,0,1,13532,0,0.0
1778951532.8153365,190.0,13537,-43.0,1,-,0,0,0,0,0.0,-,0,0,0,0,0.0,ECU,0,1,13532,190,190.0,FAN1,0,0,0,0,0.0,COILS,1,1,13532,0,0.0,PUMP,0,0,0,0,0.0,INJECTOR,1,1,13549,0,0.0,SERVO,1,1,13532,0,0.0,ADD 1,0,1,13516,0,0.0,ADD 2,0,1,13565,0,0.0,ADD 3,0,1,13521,0,0.0,ADD 4,0,1,13472,0,0.0,ADD 5,0,0,0,0,0.0,ADD 6,0,1,13450,0,0.0,ADD 7,0,0,0,0,0.0,EGT2CAN,0,1,13510,0,0.0
1778951532.866051,192.0,13518,-43.0,1,-,0,0,0,0,0.0,-,0,0,0,0,0.0,ECU,0,1,13505,200,192.0,FAN1,0,0,0,0,0.0,COILS,1,1,13532,0,0.0,PUMP,0,0,0,0,0.0,INJECTOR,1,1,13532,0,0.0,SERVO,1,1,13489,0,0.0,ADD 1,0,1,13554,0,0.0,ADD 2,0,1,13499,0,0.0,ADD 3,0,1,13412,0,0.0,ADD 4,0,1,13379,0,0.0,ADD 5,0,0,0,0,0.0,ADD 6,0,1,13560,0,0.0,ADD 7,0,0,0,0,0.0,EGT2CAN,0,1,13510,0,0.0
1778951532.926142,192.0,13518,-43.0,1,-,0,0,0,0,0.0,-,0,0,0,0,0.0,ECU,0,1,13489,190,192.0,FAN1,0,0,0,0,0.0,COILS,1,1,13554,0,0.0,PUMP,0,0,0,0,0.0,INJECTOR,1,1,13461,0,0.0,SERVO,1,1,13499,0,0.0,ADD 1,0,1,13532,0,0.0,ADD 2,0,1,13538,0,0.0,ADD 3,0,1,13538,0,0.0,ADD 4,0,1,13510,0,0.0,ADD 5,0,0,0,0,0.0,ADD 6,0,1,13412,0,0.0,ADD 7,0,0,0,0,0.0,EGT2CAN,0,1,13494,0,0.0
1778951532.9791253,192.5,13518,-43.0,1,-,0,0,0,0,0.0,-,0,0,0,0,0.0,ECU,0,1,13543,190,192.5,FAN1,0,0,0,0,0.0,COILS,1,1,13472,0,0.0,PUMP,0,0,0,0,0.0,INJECTOR,1,1,13445,0,0.0,SERVO,1,1,13499,0,0.0,ADD 1,0,1,13505,0,0.0,ADD 2,0,1,13554,0,0.0,ADD 3,0,1,13406,0,0.0,ADD 4,0,1,13248,0,0.0,ADD 5,0,0,0,0,0.0,ADD 6,0,1,13571,0,0.0,ADD 7,0,0,0,0,0.0,EGT2CAN,0,1,13532,0,0.0
1778951533.032481,192.0,13518,-43.0,1,-,0,0,0,0,0.0,-,0,0,0,0,0.0,ECU,0,1,13516,190,192.0,FAN1,0,0,0,0,0.0,COILS,1,1,13461,0,0.0,PUMP,0,0,0,0,0.0,INJECTOR,1,1,13467,0,0.0,SERVO,1,1,13461,0,0.0,ADD 1,0,1,13571,0,0.0,ADD 2,0,1,13582,0,0.0,ADD 3,0,1,13532,0,0.0,ADD 4,0,1,13521,0,0.0,ADD 5,0,0,0,0,0.0,ADD 6,0,1,13445,0,0.0,ADD 7,0,0,0,0,0.0,EGT2CAN,0,1,13505,0,0.0
1778951533.0846856,190.0,13543,-43.0,1,-,0,0,0,0,0.0,-,0,0,0,0,0.0,ECU,0,1,13516,190,190.0,FAN1,0,0,0,0,0.0,COILS,1,1,13467,0,0.0,PUMP,0,0,0,0,0.0,INJECTOR,1,1,13510,0,0.0,SERVO,1,1,13505,0,0.0,ADD 1,0,1,13549,0,0.0,ADD 2,0,1,13549,0,0.0,ADD 3,0,1,13499,0,0.0,ADD 4,0,1,13505,0,0.0,ADD 5,0,0,0,0,0.0,ADD 6,0,1,13445,0,0.0,ADD 7,0,0,0,0,0.0,EGT2CAN,0,1,13532,0,0.0
1778951533.1475902,192.0,13525,-42.0,1,-,0,0,0,0,0.0,-,0,0,0,0,0.0,ECU,0,1,13499,200,192.0,FAN1,0,0,0,0,0.0,COILS,1,1,13390,0,0.0,PUMP,0,0,0,0,0.0,INJECTOR,1,1,13527,0,0.0,SERVO,1,1,13510,0,0.0,ADD 1,0,1,13494,0,0.0,ADD 2,0,1,13396,0,0.0,ADD 3,0,1,13472,0,0.0,ADD 4,0,1,13489,0,0.0,ADD 5,0,0,0,0,0.0,ADD 6,0,1,13532,0,0.0,ADD 7,0,0,0,0,0.0,EGT2CAN,0,1,13505,0,0.0
1778951533.2064345,192.0,13494,-43.0,1,-,0,0,0,0,0.0,-,0,0,0,0,0.0,ECU,0,1,13499,190,192.0,FAN1,0,0,0,0,0.0,COILS,1,1,13489,0,0.0,PUMP,0,0,0,0,0.0,INJECTOR,1,1,13532,0,0.0,SERVO,1,1,13494,0,0.0,ADD 1,0,1,13428,0,0.0,ADD 2,0,1,13510,0,0.0,ADD 3,0,1,13516,0,0.0,ADD 4,0,1,13510,0,0.0,ADD 5,0,0,0,0,0.0,ADD 6,0,1,13516,0,0.0,ADD 7,0,0,0,0,0.0,EGT2CAN,0,1,13450,0,0.0
1778951533.2580187,192.0,13494,-43.0,1,-,0,0,0,0,0.0,-,0,0,0,0,0.0,ECU,0,1,13521,190,192.0,FAN1,0,0,0,0,0.0,COILS,1,1,13489,0,0.0,PUMP,0,0,0,0,0.0,INJECTOR,1,1,13532,0,0.0,SERVO,1,1,13494,0,0.0,ADD 1,0,1,13428,0,0.0,ADD 2,0,1,13510,0,0.0,ADD 3,0,1,13516,0,0.0,ADD 4,0,1,13510,0,0.0,ADD 5,0,0,0,0,0.0,ADD 6,0,1,13516,0,0.0,ADD 7,0,0,0,0,0.0,EGT2CAN,0,1,13450,0,0.0
1778951533.3184013,192.0,13518,-43.0,1,-,0,0,0,0,0.0,-,0,0,0,0,0.0,ECU,0,1,13478,190,192.0,FAN1,0,0,0,0,0.0,COILS,1,1,13538,0,0.0,PUMP,0,0,0,0,0.0,INJECTOR,1,1,13554,0,0.0,SERVO,1,1,13478,0,0.0,ADD 1,0,1,13510,0,0.0,ADD 2,0,1,13560,0,0.0,ADD 3,0,1,13478,0,0.0,ADD 4,0,1,13494,0,0.0,ADD 5,0,0,0,0,0.0,ADD 6,0,1,13401,0,0.0,ADD 7,0,0,0,0,0.0,EGT2CAN,0,1,13505,0,0.0
1778951533.36912,190.0,13518,-43.0,1,-,0,0,0,0,0.0,-,0,0,0,0,0.0,ECU,0,1,13494,190,190.0,FAN1,0,0,0,0,0.0,COILS,1,1,13489,0,0.0,PUMP,0,0,0,0,0.0,INJECTOR,1,1,13538,0,0.0,SERVO,1,1,13510,0,0.0,ADD 1,0,1,13538,0,0.0,ADD 2,0,1,13510,0,0.0,ADD 3,0,1,13456,0,0.0,ADD 4,0,1,13363,0,0.0,ADD 5,0,0,0,0,0.0,ADD 6,0,1,13499,0,0.0,ADD 7,0,0,0,0,0.0,EGT2CAN,0,1,13554,0,0.0
1778951533.4202566,190.0,13518,-43.0,1,-,0,0,0,0,0.0,-,0,0,0,0,0.0,ECU,0,1,13450,190,190.0,FAN1,0,0,0,0,0.0,COILS,1,1,13554,0,0.0,PUMP,0,0,0,0,0.0,INJECTOR,1,1,13423,0,0.0,SERVO,1,1,13423,0,0.0,ADD 1,0,1,13510,0,0.0,ADD 2,0,1,13532,0,0.0,ADD 3,0,1,13532,0,0.0,ADD 4,0,1,13461,0,0.0,ADD 5,0,0,0,0,0.0,ADD 6,0,1,13510,0,0.0,ADD 7,0,0,0,0,0.0,EGT2CAN,0,1,13467,0,0.0
1778951533.4719949,190.0,13525,-41.0,1,-,0,0,0,0,0.0,-,0,0,0,0,0.0,ECU,0,1,13549,190,190.0,FAN1,0,0,0,0,0.0,COILS,1,1,13532,0,0.0,PUMP,0,0,0,0,0.0,INJECTOR,1,1,13417,0,0.0,SERVO,1,1,13445,0,0.0,ADD 1,0,1,13494,0,0.0,ADD 2,0,1,13527,0,0.0,ADD 3,0,1,13423,0,0.0,ADD 4,0,1,13248,0,0.0,ADD 5,0,0,0,0,0.0,ADD 6,0,1,13521,0,0.0,ADD 7,0,0,0,0,0.0,EGT2CAN,0,1,13248,0,0.0
1778951533.5286431,192.0,13475,-45.0,1,-,0,0,0,0,0.0,-,0,0,0,0,0.0,ECU,0,1,13423,200,192.0,FAN1,0,0,0,0,0.0,COILS,1,1,13434,0,0.0,PUMP,0,0,0,0,0.0,INJECTOR,1,1,13483,0,0.0,SERVO,1,1,13445,0,0.0,ADD 1,0,1,13423,0,0.0,ADD 2,0,1,13456,0,0.0,ADD 3,0,1,13510,0,0.0,ADD 4,0,1,13390,0,0.0,ADD 5,0,0,0,0,0.0,ADD 6,0,1,13560,0,0.0,ADD 7,0,0,0,0,0.0,EGT2CAN,0,1,13456,0,0.0
1778951533.591136,192.0,13475,-43.0,1,-,0,0,0,0,0.0,-,0,0,0,0,0.0,ECU,0,1,13489,190,192.0,FAN1,0,0,0,0,0.0,COILS,1,1,13461,0,0.0,PUMP,0,0,0,0,0.0,INJECTOR,1,1,13532,0,0.0,SERVO,1,1,13456,0,0.0,ADD 1,0,1,13516,0,0.0,ADD 2,0,1,13423,0,0.0,ADD 3,0,1,13374,0,0.0,ADD 4,0,1,13428,0,0.0,ADD 5,0,0,0,0,0.0,ADD 6,0,1,13549,0,0.0,ADD 7,0,0,0,0,0.0,EGT2CAN,0,1,13510,0,0.0
1778951533.6434245,192.0,13475,-43.0,1,-,0,0,0,0,0.0,-,0,0,0,0,0.0,ECU,0,1,13461,190,192.0,FAN1,0,0,0,0,0.0,COILS,1,1,13461,0,0.0,PUMP,0,0,0,0,0.0,INJECTOR,1,1,13532,0,0.0,SERVO,1,1,13489,0,0.0,ADD 1,0,1,13390,0,0.0,ADD 2,0,1,13390,0,0.0,ADD 3,0,1,13450,0,0.0,ADD 4,0,1,13494,0,0.0,ADD 5,0,0,0,0,0.0,ADD 6,0,1,13549,0,0.0,ADD 7,0,0,0,0,0.0,EGT2CAN,0,1,13510,0,0.0
1778951533.696127,192.5,13525,-44.0,1,-,0,0,0,0,0.0,-,0,0,0,0,0.0,ECU,0,1,13461,190,192.5,FAN1,0,0,0,0,0.0,COILS,1,1,13461,0,0.0,PUMP,0,0,0,0,0.0,INJECTOR,1,1,13532,0,0.0,SERVO,1,1,13489,0,0.0,ADD 1,0,1,13390,0,0.0,ADD 2,0,1,13390,0,0.0,ADD 3,0,1,13450,0,0.0,ADD 4,0,1,13494,0,0.0,ADD 5,0,0,0,0,0.0,ADD 6,0,1,13560,0,0.0,ADD 7,0,0,0,0,0.0,EGT2CAN,0,1,13489,0,0.0
1778951533.747145,190.0,13469,-43.0,1,-,0,0,0,0,0.0,-,0,0,0,0,0.0,ECU,0,1,13510,190,190.0,FAN1,0,0,0,0,0.0,COILS,1,1,13538,0,0.0,PUMP,0,0,0,0,0.0,INJECTOR,1,1,13483,0,0.0,SERVO,1,1,13489,0,0.0,ADD 1,0,1,13489,0,0.0,ADD 2,0,1,13527,0,0.0,ADD 3,0,1,13494,0,0.0,ADD 4,0,1,13510,0,0.0,ADD 5,0,0,0,0,0.0,ADD 6,0,1,13505,0,0.0,ADD 7,0,0,0,0,0.0,EGT2CAN,0,1,13428,0,0.0
1778951533.7991896,190.0,13469,-43.0,1,-,0,0,0,0,0.0,-,0,0,0,0,0.0,ECU,0,1,13510,190,190.0,FAN1,0,0,0,0,0.0,COILS,1,1,13538,0,0.0,PUMP,0,0,0,0,0.0,INJECTOR,1,1,13483,0,0.0,SERVO,1,1,13489,0,0.0,ADD 1,0,1,13489,0,0.0,ADD 2,0,1,13527,0,0.0,ADD 3,0,1,13494,0,0.0,ADD 4,0,1,13510,0,0.0,ADD 5,0,0,0,0,0.0,ADD 6,0,1,13505,0,0.0,ADD 7,0,0,0,0,0.0,EGT2CAN,0,1,13428,0,0.0
1778951533.850241,190.0,13469,-43.0,1,-,0,0,0,0,0.0,-,0,0,0,0,0.0,ECU,0,1,13406,190,190.0,FAN1,0,0,0,0,0.0,COILS,1,1,13532,0,0.0,PUMP,0,0,0,0,0.0,INJECTOR,1,1,13543,0,0.0,SERVO,1,1,13472,0,0.0,ADD 1,0,1,13461,0,0.0,ADD 2,0,1,13560,0,0.0,ADD 3,0,1,13461,0,0.0,ADD 4,0,1,13385,0,0.0,ADD 5,0,0,0,0,0.0,ADD 6,0,1,13521,0,0.0,ADD 7,0,0,0,0,0.0,EGT2CAN,0,1,13489,0,0.0
1778951533.9011316,190.0,13457,-43.0,1,-,0,0,0,0,0.0,-,0,0,0,0,0.0,ECU,0,1,13510,190,190.0,FAN1,0,0,0,0,0.0,COILS,1,1,13450,0,0.0,PUMP,0,0,0,0,0.0,INJECTOR,1,1,13467,0,0.0,SERVO,1,1,13478,0,0.0,ADD 1,0,1,13527,0,0.0,ADD 2,0,1,13554,0,0.0,ADD 3,0,1,13478,0,0.0,ADD 4,0,1,13494,0,0.0,ADD 5,0,0,0,0,0.0,ADD 6,0,1,13428,0,0.0,ADD 7,0,0,0,0,0.0,EGT2CAN,0,1,13478,0,0.0
1778951533.9713275,190.0,13457,-43.0,1,-,0,0,0,0,0.0,-,0,0,0,0,0.0,ECU,0,1,13390,190,190.0,FAN1,0,0,0,0,0.0,COILS,1,1,13450,0,0.0,PUMP,0,0,0,0,0.0,INJECTOR,1,1,13467,0,0.0,SERVO,1,1,13478,0,0.0,ADD 1,0,1,13527,0,0.0,ADD 2,0,1,13554,0,0.0,ADD 3,0,1,13478,0,0.0,ADD 4,0,1,13494,0,0.0,ADD 5,0,0,0,0,0.0,ADD 6,0,1,13428,0,0.0,ADD 7,0,0,0,0,0.0,EGT2CAN,0,1,13478,0,0.0
1778951534.0219207,190.0,13518,-44.0,1,-,0,0,0,0,0.0,-,0,0,0,0,0.0,ECU,0,1,13510,190,190.0,FAN1,0,0,0,0,0.0,COILS,1,1,13510,0,0.0,PUMP,0,0,0,0,0.0,INJECTOR,1,1,13428,0,0.0,SERVO,1,1,13505,0,0.0,ADD 1,0,1,13521,0,0.0,ADD 2,0,1,13532,0,0.0,ADD 3,0,1,13510,0,0.0,ADD 4,0,1,13374,0,0.0,ADD 5,0,0,0,0,0.0,ADD 6,0,1,13467,0,0.0,ADD 7,0,0,0,0,0.0,EGT2CAN,0,1,13478,0,0.0
1778951534.0725844,190.0,13481,-43.0,1,-,0,0,0,0,0.0,-,0,0,0,0,0.0,ECU,0,1,13510,190,190.0,FAN1,0,0,0,0,0.0,COILS,1,1,13510,0,0.0,PUMP,0,0,0,0,0.0,INJECTOR,1,1,13428,0,0.0,SERVO,1,1,13505,0,0.0,ADD 1,0,1,13521,0,0.0,ADD 2,0,1,13532,0,0.0,ADD 3,0,1,13510,0,0.0,ADD 4,0,1,13374,0,0.0,ADD 5,0,0,0,0,0.0,ADD 6,0,1,13467,0,0.0,ADD 7,0,0,0,0,0.0,EGT2CAN,0,1,13478,0,0.0
1778951534.1238592,190.0,13481,-43.0,1,-,0,0,0,0,0.0,-,0,0,0,0,0.0,ECU,0,1,13445,190,190.0,FAN1,0,0,0,0,0.0,COILS,1,1,13532,0,0.0,PUMP,0,0,0,0,0.0,INJECTOR,1,1,13461,0,0.0,SERVO,1,1,13445,0,0.0,ADD 1,0,1,13516,0,0.0,ADD 2,0,1,13538,0,0.0,ADD 3,0,1,13478,0,0.0,ADD 4,0,1,13341,0,0.0,ADD 5,0,0,0,0,0.0,ADD 6,0,1,13467,0,0.0,ADD 7,0,0,0,0,0.0,EGT2CAN,0,1,13478,0,0.0
1778951534.1743133,190.0,13469,-44.0,1,-,0,0,0,0,0.0,-,0,0,0,0,0.0,ECU,0,1,13505,190,190.0,FAN1,0,0,0,0,0.0,COILS,1,1,13521,0,0.0,PUMP,0,0,0,0,0.0,INJECTOR,1,1,13527,0,0.0,SERVO,1,1,13505,0,0.0,ADD 1,0,1,13467,0,0.0,ADD 2,0,1,13543,0,0.0,ADD 3,0,1,13483,0,0.0,ADD 4,0,1,13483,0,0.0,ADD 5,0,0,0,0,0.0,ADD 6,0,1,13390,0,0.0,ADD 7,0,0,0,0,0.0,EGT2CAN,0,1,13489,0,0.0
1778951534.2246695,191.7,13494,-43.0,1,-,0,0,0,0,0.0,-,0,0,0,0,0.0,ECU,0,1,13483,200,191.7,FAN1,0,0,0,0,0.0,COILS,1,1,13483,0,0.0,PUMP,0,0,0,0,0.0,INJECTOR,1,1,13472,0,0.0,SERVO,1,1,13472,0,0.0,ADD 1,0,1,13521,0,0.0,ADD 2,0,1,13478,0,0.0,ADD 3,0,1,13445,0,0.0,ADD 4,0,1,13335,0,0.0,ADD 5,0,0,0,0,0.0,ADD 6,0,1,13489,0,0.0,ADD 7,0,0,0,0,0.0,EGT2CAN,0,1,13510,0,0.0
1778951534.2759156,191.7,13494,-43.0,1,-,0,0,0,0,0.0,-,0,0,0,0,0.0,ECU,0,1,13423,200,191.7,FAN1,0,0,0,0,0.0,COILS,1,1,13461,0,0.0,PUMP,0,0,0,0,0.0,INJECTOR,1,1,13489,0,0.0,SERVO,1,1,13461,0,0.0,ADD 1,0,1,13521,0,0.0,ADD 2,0,1,13478,0,0.0,ADD 3,0,1,13445,0,0.0,ADD 4,0,1,13335,0,0.0,ADD 5,0,0,0,0,0.0,ADD 6,0,1,13489,0,0.0,ADD 7,0,0,0,0,0.0,EGT2CAN,0,1,13510,0,0.0
1778951534.32621,194.0,13494,-44.0,1,-,0,0,0,0,0.0,-,0,0,0,0,0.0,ECU,0,1,13494,190,194.0,FAN1,0,0,0,0,0.0,COILS,1,1,13390,0,0.0,PUMP,0,0,0,0,0.0,INJECTOR,1,1,13489,0,0.0,SERVO,1,1,13494,0,0.0,ADD 1,0,1,13494,0,0.0,ADD 2,0,1,13505,0,0.0,ADD 3,0,1,13499,0,0.0,ADD 4,0,1,13423,0,0.0,ADD 5,0,0,0,0,0.0,ADD 6,0,1,13445,0,0.0,ADD 7,0,0,0,0,0.0,EGT2CAN,0,1,13489,0,0.0
1778951534.3786032,194.0,13494,-43.0,1,-,0,0,0,0,0.0,-,0,0,0,0,0.0,ECU,0,1,13456,190,194.0,FAN1,0,0,0,0,0.0,COILS,1,1,13423,0,0.0,PUMP,0,0,0,0,0.0,INJECTOR,1,1,13406,0,0.0,SERVO,1,1,13439,0,0.0,ADD 1,0,1,13494,0,0.0,ADD 2,0,1,13549,0,0.0,ADD 3,0,1,13461,0,0.0,ADD 4,0,1,13489,0,0.0,ADD 5,0,0,0,0,0.0,ADD 6,0,1,13467,0,0.0,ADD 7,0,0,0,0,0.0,EGT2CAN,0,1,13439,0,0.0
1778951534.4305,194.0,13494,-43.0,1,-,0,0,0,0,0.0,-,0,0,0,0,0.0,ECU,0,1,13510,190,194.0,FAN1,0,0,0,0,0.0,COILS,1,1,13467,0,0.0,PUMP,0,0,0,0,0.0,INJECTOR,1,1,13374,0,0.0,SERVO,1,1,13445,0,0.0,ADD 1,0,1,13461,0,0.0,ADD 2,0,1,13510,0,0.0,ADD 3,0,1,13483,0,0.0,ADD 4,0,1,13489,0,0.0,ADD 5,0,0,0,0,0.0,ADD 6,0,1,13467,0,0.0,ADD 7,0,0,0,0,0.0,EGT2CAN,0,1,13439,0,0.0
1778951534.4812524,194.0,13494,-44.0,1,-,0,0,0,0,0.0,-,0,0,0,0,0.0,ECU,0,1,13494,190,194.0,FAN1,0,0,0,0,0.0,COILS,1,1,13478,0,0.0,PUMP,0,0,0,0,0.0,INJECTOR,1,1,13439,0,0.0,SERVO,1,1,13401,0,0.0,ADD 1,0,1,13335,0,0.0,ADD 2,0,1,13439,0,0.0,ADD 3,0,1,13445,0,0.0,ADD 4,0,1,13467,0,0.0,ADD 5,0,0,0,0,0.0,ADD 6,0,1,13532,0,0.0,ADD 7,0,0,0,0,0.0,EGT2CAN,0,1,13450,0,0.0
1778951534.53224,193.3,13500,-43.0,1,-,0,0,0,0,0.0,-,0,0,0,0,0.0,ECU,0,1,13494,190,193.3,FAN1,0,0,0,0,0.0,COILS,1,1,13478,0,0.0,PUMP,0,0,0,0,0.0,INJECTOR,1,1,13439,0,0.0,SERVO,1,1,13401,0,0.0,ADD 1,0,1,13335,0,0.0,ADD 2,0,1,13439,0,0.0,ADD 3,0,1,13445,0,0.0,ADD 4,0,1,13467,0,0.0,ADD 5,0,0,0,0,0.0,ADD 6,0,1,13532,0,0.0,ADD 7,0,0,0,0,0.0,EGT2CAN,0,1,13450,0,0.0
1778951534.5832157,192.5,13500,-43.0,1,-,0,0,0,0,0.0,-,0,0,0,0,0.0,ECU,0,1,13505,190,192.5,FAN1,0,0,0,0,0.0,COILS,1,1,13489,0,0.0,PUMP,0,0,0,0,0.0,INJECTOR,1,1,13505,0,0.0,SERVO,1,1,13478,0,0.0,ADD 1,0,1,13532,0,0.0,ADD 2,0,1,13494,0,0.0,ADD 3,0,1,13499,0,0.0,ADD 4,0,1,13423,0,0.0,ADD 5,0,0,0,0,0.0,ADD 6,0,1,13352,0,0.0,ADD 7,0,0,0,0,0.0,EGT2CAN,0,1,13472,0,0.0
1778951534.6339087,193.3,13494,-43.0,1,-,0,0,0,0,0.0,-,0,0,0,0,0.0,ECU,0,1,13379,190,193.3,FAN1,0,0,0,0,0.0,COILS,1,1,13489,0,0.0,PUMP,0,0,0,0,0.0,INJECTOR,1,1,13521,0,0.0,SERVO,1,1,13472,0,0.0,ADD 1,0,1,13417,0,0.0,ADD 2,0,1,13489,0,0.0,ADD 3,0,1,13489,0,0.0,ADD 4,0,1,13445,0,0.0,ADD 5,0,0,0,0,0.0,ADD 6,0,1,13505,0,0.0,ADD 7,0,0,0,0,0.0,EGT2CAN,0,1,13401,0,0.0
1778951534.695297,193.3,13494,-42.0,1,-,0,0,0,0,0.0,-,0,0,0,0,0.0,ECU,0,1,13379,190,193.3,FAN1,0,0,0,0,0.0,COILS,1,1,13489,0,0.0,PUMP,0,0,0,0,0.0,INJECTOR,1,1,13521,0,0.0,SERVO,1,1,13472,0,0.0,ADD 1,0,1,13417,0,0.0,ADD 2,0,1,13489,0,0.0,ADD 3,0,1,13489,0,0.0,ADD 4,0,1,13445,0,0.0,ADD 5,0,0,0,0,0.0,ADD 6,0,1,13505,0,0.0,ADD 7,0,0,0,0,0.0,EGT2CAN,0,1,13401,0,0.0
1778951534.7457957,192.0,13481,-45.0,1,-,0,0,0,0,0.0,-,0,0,0,0,0.0,ECU,0,1,13456,190,192.0,FAN1,0,0,0,0,0.0,COILS,1,1,13374,0,0.0,PUMP,0,0,0,0,0.0,INJECTOR,1,1,13489,0,0.0,SERVO,1,1,13445,0,0.0,ADD 1,0,1,13445,0,0.0,ADD 2,0,1,13401,0,0.0,ADD 3,0,1,13461,0,0.0,ADD 4,0,1,13445,0,0.0,ADD 5,0,0,0,0,0.0,ADD 6,0,1,13543,0,0.0,ADD 7,0,0,0,0,0.0,EGT2CAN,0,1,13450,0,0.0
1778951534.7971523,192.0,13481,-45.0,1,-,0,0,0,0,0.0,-,0,0,0,0,0.0,ECU,0,1,13456,190,192.0,FAN1,0,0,0,0,0.0,COILS,1,1,13374,0,0.0,PUMP,0,0,0,0,0.0,INJECTOR,1,1,13489,0,0.0,SERVO,1,1,13445,0,0.0,ADD 1,0,1,13445,0,0.0,ADD 2,0,1,13401,0,0.0,ADD 3,0,1,13461,0,0.0,ADD 4,0,1,13445,0,0.0,ADD 5,0,0,0,0,0.0,ADD 6,0,1,13543,0,0.0,ADD 7,0,0,0,0,0.0,EGT2CAN,0,1,13450,0,0.0
1778951534.848417,192.0,13481,-45.0,1,-,0,0,0,0,0.0,-,0,0,0,0,0.0,ECU,0,1,13461,190,192.0,FAN1,0,0,0,0,0.0,COILS,1,1,13472,0,0.0,PUMP,0,0,0,0,0.0,INJECTOR,1,1,13412,0,0.0,SERVO,1,1,13423,0,0.0,ADD 1,0,1,13445,0,0.0,ADD 2,0,1,13401,0,0.0,ADD 3,0,1,13461,0,0.0,ADD 4,0,1,13445,0,0.0,ADD 5,0,0,0,0,0.0,ADD 6,0,1,13543,0,0.0,ADD 7,0,0,0,0,0.0,EGT2CAN,0,1,13450,0,0.0
1778951534.8995638,192.0,13457,-44.0,1,-,0,0,0,0,0.0,-,0,0,0,0,0.0,ECU,0,1,13467,190,192.0,FAN1,0,0,0,0,0.0,COILS,1,1,13450,0,0.0,PUMP,0,0,0,0,0.0,INJECTOR,1,1,13489,0,0.0,SERVO,1,1,13472,0,0.0,ADD 1,0,1,13510,0,0.0,ADD 2,0,1,13406,0,0.0,ADD 3,0,1,13385,0,0.0,ADD 4,0,1,13406,0,0.0,ADD 5,0,0,0,0,0.0,ADD 6,0,1,13478,0,0.0,ADD 7,0,0,0,0,0.0,EGT2CAN,0,1,13478,0,0.0
1778951534.9523947,192.0,13457,-44.0,1,-,0,0,0,0,0.0,-,0,0,0,0,0.0,ECU,0,1,13467,190,192.0,FAN1,0,0,0,0,0.0,COILS,1,1,13521,0,0.0,PUMP,0,0,0,0,0.0,INJECTOR,1,1,13489,0,0.0,SERVO,1,1,13423,0,0.0,ADD 1,0,1,13510,0,0.0,ADD 2,0,1,13538,0,0.0,ADD 3,0,1,13478,0,0.0,ADD 4,0,1,13428,0,0.0,ADD 5,0,0,0,0,0.0,ADD 6,0,1,13428,0,0.0,ADD 7,0,0,0,0,0.0,EGT2CAN,0,1,13478,0,0.0
1778951535.003562,192.5,13469,-43.0,1,-,0,0,0,0,0.0,-,0,0,0,0,0.0,ECU,0,1,13467,190,192.5,FAN1,0,0,0,0,0.0,COILS,1,1,13521,0,0.0,PUMP,0,0,0,0,0.0,INJECTOR,1,1,13489,0,0.0,SERVO,1,1,13423,0,0.0,ADD 1,0,1,13510,0,0.0,ADD 2,0,1,13538,0,0.0,ADD 3,0,1,13478,0,0.0,ADD 4,0,1,13428,0,0.0,ADD 5,0,0,0,0,0.0,ADD 6,0,1,13428,0,0.0,ADD 7,0,0,0,0,0.0,EGT2CAN,0,1,13478,0,0.0
1778951535.0658689,193.3,13494,-43.0,1,-,0,0,0,0,0.0,-,0,0,0,0,0.0,ECU,0,1,13445,190,193.3,FAN1,0,0,0,0,0.0,COILS,1,1,13494,0,0.0,PUMP,0,0,0,0,0.0,INJECTOR,1,1,13461,0,0.0,SERVO,1,1,13417,0,0.0,ADD 1,0,1,13499,0,0.0,ADD 2,0,1,13423,0,0.0,ADD 3,0,1,13352,0,0.0,ADD 4,0,1,13423,0,0.0,ADD 5,0,0,0,0,0.0,ADD 6,0,1,13478,0,0.0,ADD 7,0,0,0,0,0.0,EGT2CAN,0,1,13423,0,0.0
1778951535.12181,193.3,13494,-43.0,1,-,0,0,0,0,0.0,-,0,0,0,0,0.0,ECU,0,1,13445,190,193.3,FAN1,0,0,0,0,0.0,COILS,1,1,13494,0,0.0,PUMP,0,0,0,0,0.0,INJECTOR,1,1,13461,0,0.0,SERVO,1,1,13417,0,0.0,ADD 1,0,1,13499,0,0.0,ADD 2,0,1,13423,0,0.0,ADD 3,0,1,13352,0,0.0,ADD 4,0,1,13423,0,0.0,ADD 5,0,0,0,0,0.0,ADD 6,0,1,13478,0,0.0,ADD 7,0,0,0,0,0.0,EGT2CAN,0,1,13423,0,0.0
1778951535.173724,192.5,13450,-43.0,1,-,0,0,0,0,0.0,-,0,0,0,0,0.0,ECU,0,1,13401,190,192.5,FAN1,0,0,0,0,0.0,COILS,1,1,13434,0,0.0,PUMP,0,0,0,0,0.0,INJECTOR,1,1,13494,0,0.0,SERVO,1,1,13467,0,0.0,ADD 1,0,1,13489,0,0.0,ADD 2,0,1,13461,0,0.0,ADD 3,0,1,13461,0,0.0,ADD 4,0,1,13319,0,0.0,ADD 5,0,0,0,0,0.0,ADD 6,0,1,13461,0,0.0,ADD 7,0,0,0,0,0.0,EGT2CAN,0,1,13456,0,0.0
1778951535.2416694,192.0,13488,-43.0,1,-,0,0,0,0,0.0,-,0,0,0,0,0.0,ECU,0,1,13319,190,192.0,FAN1,0,0,0,0,0.0,COILS,1,1,13445,0,0.0,PUMP,0,0,0,0,0.0,INJECTOR,1,1,13445,0,0.0,SERVO,1,1,13434,0,0.0,ADD 1,0,1,13516,0,0.0,ADD 2,0,1,13510,0,0.0,ADD 3,0,1,13467,0,0.0,ADD 4,0,1,13467,0,0.0,ADD 5,0,0,0,0,0.0,ADD 6,0,1,13401,0,0.0,ADD 7,0,0,0,0,0.0,EGT2CAN,0,1,13478,0,0.0
1778951535.2937024,192.0,13488,-43.0,1,-,0,0,0,0,0.0,-,0,0,0,0,0.0,ECU,0,1,13478,190,192.0,FAN1,0,0,0,0,0.0,COILS,1,1,13445,0,0.0,PUMP,0,0,0,0,0.0,INJECTOR,1,1,13428,0,0.0,SERVO,1,1,13423,0,0.0,ADD 1,0,1,13478,0,0.0,ADD 2,0,1,13483,0,0.0,ADD 3,0,1,13505,0,0.0,ADD 4,0,1,13423,0,0.0,ADD 5,0,0,0,0,0.0,ADD 6,0,1,13401,0,0.0,ADD 7,0,0,0,0,0.0,EGT2CAN,0,1,13478,0,0.0
1778951535.3442862,190.0,13481,-43.0,1,-,0,0,0,0,0.0,-,0,0,0,0,0.0,ECU,0,1,13352,190,190.0,FAN1,0,0,0,0,0.0,COILS,1,1,13489,0,0.0,PUMP,0,0,0,0,0.0,INJECTOR,1,1,13428,0,0.0,SERVO,1,1,13324,0,0.0,ADD 1,0,1,13445,0,0.0,ADD 2,0,1,13478,0,0.0,ADD 3,0,1,13461,0,0.0,ADD 4,0,1,13434,0,0.0,ADD 5,0,0,0,0,0.0,ADD 6,0,1,13467,0,0.0,ADD 7,0,0,0,0,0.0,EGT2CAN,0,1,13352,0,0.0
1778951535.3953402,190.0,13481,-43.0,1,-,0,0,0,0,0.0,-,0,0,0,0,0.0,ECU,0,1,13352,190,190.0,FAN1,0,0,0,0,0.0,COILS,1,1,13489,0,0.0,PUMP,0,0,0,0,0.0,INJECTOR,1,1,13428,0,0.0,SERVO,1,1,13324,0,0.0,ADD 1,0,1,13445,0,0.0,ADD 2,0,1,13478,0,0.0,ADD 3,0,1,13461,0,0.0,ADD 4,0,1,13434,0,0.0,ADD 5,0,0,0,0,0.0,ADD 6,0,1,13467,0,0.0,ADD 7,0,0,0,0,0.0,EGT2CAN,0,1,13352,0,0.0
1778951535.4488544,192.5,13481,-43.0,1,-,0,0,0,0,0.0,-,0,0,0,0,0.0,ECU,0,1,13461,200,192.5,FAN1,0,0,0,0,0.0,COILS,1,1,13456,0,0.0,PUMP,0,0,0,0,0.0,INJECTOR,1,1,13467,0,0.0,SERVO,1,1,13319,0,0.0,ADD 1,0,1,13396,0,0.0,ADD 2,0,1,13450,0,0.0,ADD 3,0,1,13434,0,0.0,ADD 4,0,1,13445,0,0.0,ADD 5,0,0,0,0,0.0,ADD 6,0,1,13472,0,0.0,ADD 7,0,0,0,0,0.0,EGT2CAN,0,1,13428,0,0.0
1778951535.5041454,135.0,13475,-43.0,1,-,0,0,0,0,0.0,-,0,0,0,0,0.0,ECU,0,1,13434,20,135.0,FAN1,0,0,0,0,0.0,COILS,1,1,13489,0,0.0,PUMP,0,0,0,0,0.0,INJECTOR,1,1,13456,0,0.0,SERVO,1,1,13423,0,0.0,ADD 1,0,1,13483,0,0.0,ADD 2,0,1,13406,0,0.0,ADD 3,0,1,13428,0,0.0,ADD 4,0,1,13439,0,0.0,ADD 5,0,0,0,0,0.0,ADD 6,0,1,13472,0,0.0,ADD 7,0,0,0,0,0.0,EGT2CAN,0,1,13461,0,0.0
1778951535.5722823,135.0,13475,-43.0,1,-,0,0,0,0,0.0,-,0,0,0,0,0.0,ECU,1,1,13461,20,135.0,FAN1,0,0,0,0,0.0,COILS,1,1,13489,0,0.0,PUMP,0,0,0,0,0.0,INJECTOR,1,1,13456,0,0.0,SERVO,1,1,13423,0,0.0,ADD 1,0,1,13483,0,0.0,ADD 2,0,1,13406,0,0.0,ADD 3,0,1,13428,0,0.0,ADD 4,0,1,13439,0,0.0,ADD 5,0,0,0,0,0.0,ADD 6,0,1,13472,0,0.0,ADD 7,0,0,0,0,0.0,EGT2CAN,0,1,13461,0,0.0
1778951535.6228642,88.0,13457,-43.0,1,-,0,0,0,0,0.0,-,0,0,0,0,0.0,ECU,0,1,13439,190,88.0,FAN1,0,0,0,0,0.0,COILS,1,1,13494,0,0.0,PUMP,0,0,0,0,0.0,INJECTOR,1,1,13352,0,0.0,SERVO,1,1,13374,0,0.0,ADD 1,0,1,13461,0,0.0,ADD 2,0,1,13505,0,0.0,ADD 3,0,1,13417,0,0.0,ADD 4,0,1,13335,0,0.0,ADD 5,0,0,0,0,0.0,ADD 6,0,1,13472,0,0.0,ADD 7,0,0,0,0,0.0,EGT2CAN,0,1,13483,0,0.0
1778951535.6740642,105.0,13494,-43.0,1,-,0,0,0,0,0.0,-,0,0,0,0,0.0,ECU,0,1,13352,190,105.0,FAN1,0,0,0,0,0.0,COILS,1,1,13396,0,0.0,PUMP,0,0,0,0,0.0,INJECTOR,1,1,13461,0,0.0,SERVO,1,1,13439,0,0.0,ADD 1,0,1,13450,0,0.0,ADD 2,0,1,13516,0,0.0,ADD 3,0,1,13423,0,0.0,ADD 4,0,1,13335,0,0.0,ADD 5,0,0,0,0,0.0,ADD 6,0,1,13456,0,0.0,ADD 7,0,0,0,0,0.0,EGT2CAN,0,1,13450,0,0.0
1778951535.7248998,105.0,13494,-43.0,1,-,0,0,0,0,0.0,-,0,0,0,0,0.0,ECU,0,1,13313,190,105.0,FAN1,0,0,0,0,0.0,COILS,1,1,13423,0,0.0,PUMP,0,0,0,0,0.0,INJECTOR,1,1,13417,0,0.0,SERVO,1,1,13417,0,0.0,ADD 1,0,1,13450,0,0.0,ADD 2,0,1,13494,0,0.0,ADD 3,0,1,13445,0,0.0,ADD 4,0,1,13406,0,0.0,ADD 5,0,0,0,0,0.0,ADD 6,0,1,13385,0,0.0,ADD 7,0,0,0,0,0.0,EGT2CAN,0,1,13467,0,0.0
1778951535.775901,154.0,13481,-44.0,1,-,0,0,0,0,0.0,-,0,0,0,0,0.0,ECU,1,1,13472,190,154.0,FAN1,0,0,0,0,0.0,COILS,1,1,13368,0,0.0,PUMP,0,1,0,0,0.0,INJECTOR,1,1,13472,0,0.0,SERVO,1,1,13445,0,0.0,ADD 1,0,1,13439,0,0.0,ADD 2,0,1,13505,0,0.0,ADD 3,0,1,13489,0,0.0,ADD 4,0,1,13423,0,0.0,ADD 5,0,0,0,0,0.0,ADD 6,0,1,13401,0,0.0,ADD 7,0,0,0,0,0.0,EGT2CAN,0,1,13390,0,0.0
1778951535.8264747,1448.7,13469,-44.0,1,-,0,0,0,0,0.0,-,0,0,0,0,0.0,ECU,1,1,13248,0,152.0,FAN1,0,0,0,0,0.0,COILS,1,1,13308,0,0.0,PUMP,0,1,0,7780,1296.7,INJECTOR,1,1,13248,0,0.0,SERVO,1,1,13412,0,0.0,ADD 1,0,1,13489,0,0.0,ADD 2,0,1,13582,0,0.0,ADD 3,0,1,13549,0,0.0,ADD 4,0,1,13505,0,0.0,ADD 5,0,0,0,0,0.0,ADD 6,0,1,13330,0,0.0,ADD 7,0,0,0,0,0.0,EGT2CAN,0,1,13363,0,0.0
1778951535.8777535,3067.5,13469,-44.0,1,-,0,0,0,0,0.0,-,0,0,0,0,0.0,ECU,1,1,13215,0,95.0,FAN1,0,0,0,0,0.0,COILS,1,1,13204,0,0.0,PUMP,0,1,13149,4110,2972.5,INJECTOR,1,1,13138,0,0.0,SERVO,1,1,13035,0,0.0,ADD 1,0,1,13149,0,0.0,ADD 2,0,1,13193,0,0.0,ADD 3,0,1,13128,0,0.0,ADD 4,0,1,13106,0,0.0,ADD 5,0,0,0,0,0.0,ADD 6,0,1,13237,0,0.0,ADD 7,0,0,0,0,0.0,EGT2CAN,0,1,13226,0,0.0
1778951535.9283688,3228.0,13215,-43.0,1,-,0,0,0,0,0.0,-,0,0,0,0,0.0,ECU,1,1,13204,0,76.0,FAN1,0,0,0,0,0.0,COILS,1,1,13171,0,0.0,PUMP,0,1,13155,3870,3152.0,INJECTOR,1,1,13231,0,0.0,SERVO,1,1,13215,0,0.0,ADD 1,0,1,13215,0,0.0,ADD 2,0,1,13264,0,0.0,ADD 3,0,1,13199,0,0.0,ADD 4,0,1,13199,0,0.0,ADD 5,0,0,0,0,0.0,ADD 6,0,1,13286,0,0.0,ADD 7,0,0,0,0,0.0,EGT2CAN,0,1,13215,0,0.0
1778951535.9827235,3284.7,13265,-44.0,1,-,0,0,0,0,0.0,-,0,0,0,0,0.0,ECU,1,1,13182,0,38.0,FAN1,0,0,0,0,0.0,COILS,1,1,13248,0,0.0,PUMP,0,1,13215,3720,3246.7,INJECTOR,1,1,13242,0,0.0,SERVO,1,1,13215,0,0.0,ADD 1,0,1,13242,0,0.0,ADD 2,0,1,13264,0,0.0,ADD 3,0,1,13237,0,0.0,ADD 4,0,1,13215,0,0.0,ADD 5,0,0,0,0,0.0,ADD 6,0,1,13215,0,0.0,ADD 7,0,0,0,0,0.0,EGT2CAN,0,1,13144,0,0.0
1778951536.045876,3834.0,13240,-44.0,1,-,0,0,0,0,0.0,-,0,0,0,0,0.0,ECU,1,1,13204,0,0.0,FAN1,0,0,0,0,0.0,COILS,1,1,13259,0,0.0,PUMP,0,1,13231,3750,3834.0,INJECTOR,1,1,13231,0,0.0,SERVO,1,1,13171,0,0.0,ADD 1,0,1,13177,0,0.0,ADD 2,0,1,13193,0,0.0,ADD 3,0,1,13138,0,0.0,ADD 4,0,1,13133,0,0.0,ADD 5,0,0,0,0,0.0,ADD 6,0,1,13210,0,0.0,ADD 7,0,0,0,0,0.0,EGT2CAN,0,1,13193,0,0.0
1778951536.0964625,3834.0,13240,-44.0,1,-,0,0,0,0,0.0,-,0,0,0,0,0.0,ECU,1,1,13204,0,0.0,FAN1,0,0,0,0,0.0,COILS,1,1,13259,0,0.0,PUMP,0,1,13231,3750,3834.0,INJECTOR,1,1,13231,0,0.0,SERVO,1,1,13171,0,0.0,ADD 1,0,1,13177,0,0.0,ADD 2,0,1,13193,0,0.0,ADD 3,0,1,13138,0,0.0,ADD 4,0,1,13133,0,0.0,ADD 5,0,0,0,0,0.0,ADD 6,0,1,13210,0,0.0,ADD 7,0,0,0,0,0.0,EGT2CAN,0,1,13193,0,0.0
1778951536.1496105,3834.0,13240,-44.0,1,-,0,0,0,0,0.0,-,0,0,0,0,0.0,ECU,1,1,13155,0,0.0,FAN1,0,0,0,0,0.0,COILS,1,1,13248,0,0.0,PUMP,0,1,13220,3750,3834.0,INJECTOR,1,1,13259,0,0.0,SERVO,1,1,13231,0,0.0,ADD 1,0,1,13128,0,0.0,ADD 2,0,1,13215,0,0.0,ADD 3,0,1,13193,0,0.0,ADD 4,0,1,13210,0,0.0,ADD 5,0,0,0,0,0.0,ADD 6,0,1,13286,0,0.0,ADD 7,0,0,0,0,0.0,EGT2CAN,0,1,13177,0,0.0
1778951536.1997867,3734.0,13265,-44.0,1,-,0,0,0,0,0.0,-,0,0,0,0,0.0,ECU,1,1,13220,0,0.0,FAN1,0,0,0,0,0.0,COILS,1,1,13204,0,0.0,PUMP,0,1,13149,3740,3734.0,INJECTOR,1,1,13193,0,0.0,SERVO,1,1,13144,0,0.0,ADD 1,0,1,13204,0,0.0,ADD 2,0,1,13215,0,0.0,ADD 3,0,1,13144,0,0.0,ADD 4,0,1,13188,0,0.0,ADD 5,0,0,0,0,0.0,ADD 6,0,1,13264,0,0.0,ADD 7,0,0,0,0,0.0,EGT2CAN,0,1,13226,0,0.0
1778951536.251078,3734.0,13265,-44.0,1,-,0,0,0,0,0.0,-,0,0,0,0,0.0,ECU,1,1,13248,0,0.0,FAN1,0,0,0,0,0.0,COILS,1,1,13166,0,0.0,PUMP,0,1,13220,3740,3734.0,INJECTOR,1,1,13226,0,0.0,SERVO,1,1,13253,0,0.0,ADD 1,0,1,13248,0,0.0,ADD 2,0,1,13177,0,0.0,ADD 3,0,1,13237,0,0.0,ADD 4,0,1,13210,0,0.0,ADD 5,0,0,0,0,0.0,ADD 6,0,1,13264,0,0.0,ADD 7,0,0,0,0,0.0,EGT2CAN,0,1,13226,0,0.0
1778951536.303263,3732.5,13228,-43.0,1,-,0,0,0,0,0.0,-,0,0,0,0,0.0,ECU,1,1,13248,0,0.0,FAN1,0,0,0,0,0.0,COILS,1,1,13166,0,0.0,PUMP,0,1,13220,3730,3732.5,INJECTOR,1,1,13226,0,0.0,SERVO,1,1,13253,0,0.0,ADD 1,0,1,13248,0,0.0,ADD 2,0,1,13177,0,0.0,ADD 3,0,1,13237,0,0.0,ADD 4,0,1,13210,0,0.0,ADD 5,0,0,0,0,0.0,ADD 6,0,1,13281,0,0.0,ADD 7,0,0,0,0,0.0,EGT2CAN,0,1,13237,0,0.0
1778951536.3538995,3725.0,13215,-43.0,1,-,0,0,0,0,0.0,-,0,0,0,0,0.0,ECU,1,1,13210,0,0.0,FAN1,0,0,0,0,0.0,COILS,1,1,13220,0,0.0,PUMP,0,1,13177,3670,3725.0,INJECTOR,1,1,13242,0,0.0,SERVO,1,1,13188,0,0.0,ADD 1,0,1,13182,0,0.0,ADD 2,0,1,13204,0,0.0,ADD 3,0,1,13193,0,0.0,ADD 4,0,1,13220,0,0.0,ADD 5,0,0,0,0,0.0,ADD 6,0,1,13281,0,0.0,ADD 7,0,0,0,0,0.0,EGT2CAN,0,1,13242,0,0.0
1778951536.4043453,3725.0,13215,-43.0,1,-,0,0,0,0,0.0,-,0,0,0,0,0.0,ECU,1,1,13248,0,0.0,FAN1,0,0,0,0,0.0,COILS,1,1,13220,0,0.0,PUMP,0,1,13177,3670,3725.0,INJECTOR,1,1,13242,0,0.0,SERVO,1,1,13188,0,0.0,ADD 1,0,1,13182,0,0.0,ADD 2,0,1,13204,0,0.0,ADD 3,0,1,13193,0,0.0,ADD 4,0,1,13220,0,0.0,ADD 5,0,0,0,0,0.0,ADD 6,0,1,13281,0,0.0,ADD 7,0,0,0,0,0.0,EGT2CAN,0,1,13242,0,0.0
1778951536.4555247,3717.5,13215,-43.0,1,-,0,0,0,0,0.0,-,0,0,0,0,0.0,ECU,1,1,13248,0,0.0,FAN1,0,0,0,0,0.0,COILS,1,1,13248,0,0.0,PUMP,0,1,13231,3720,3717.5,INJECTOR,1,1,13231,0,0.0,SERVO,1,1,13204,0,0.0,ADD 1,0,1,13210,0,0.0,ADD 2,0,1,13171,0,0.0,ADD 3,0,1,13160,0,0.0,ADD 4,0,1,13171,0,0.0,ADD 5,0,0,0,0,0.0,ADD 6,0,1,13242,0,0.0,ADD 7,0,0,0,0,0.0,EGT2CAN,0,1,13182,0,0.0
1778951536.5059586,3702.0,13258,-44.0,1,-,0,0,0,0,0.0,-,0,0,0,0,0.0,ECU,1,1,13226,0,0.0,FAN1,0,0,0,0,0.0,COILS,1,1,13264,0,0.0,PUMP,0,1,13215,3670,3702.0,INJECTOR,1,1,13210,0,0.0,SERVO,1,1,13171,0,0.0,ADD 1,0,1,13226,0,0.0,ADD 2,0,1,13248,0,0.0,ADD 3,0,1,13215,0,0.0,ADD 4,0,1,13177,0,0.0,ADD 5,0,0,0,0,0.0,ADD 6,0,1,13210,0,0.0,ADD 7,0,0,0,0,0.0,EGT2CAN,0,1,13144,0,0.0
1778951536.5598252,3694.0,13258,-44.0,1,-,0,0,0,0,0.0,-,0,0,0,0,0.0,ECU,1,1,13204,0,0.0,FAN1,0,0,0,0,0.0,COILS,1,1,13149,0,0.0,PUMP,0,1,13215,3710,3694.0,INJECTOR,1,1,13215,0,0.0,SERVO,1,1,13231,0,0.0,ADD 1,0,1,13248,0,0.0,ADD 2,0,1,13259,0,0.0,ADD 3,0,1,13188,0,0.0,ADD 4,0,1,13166,0,0.0,ADD 5,0,0,0,0,0.0,ADD 6,0,1,13226,0,0.0,ADD 7,0,0,0,0,0.0,EGT2CAN,0,1,13188,0,0.0
1778951536.6113605,3694.0,13234,-43.0,1,-,0,0,0,0,0.0,-,0,0,0,0,0.0,ECU,1,1,13204,0,0.0,FAN1,0,0,0,0,0.0,COILS,1,1,13149,0,0.0,PUMP,0,1,13215,3710,3694.0,INJECTOR,1,1,13215,0,0.0,SERVO,1,1,13231,0,0.0,ADD 1,0,1,13248,0,0.0,ADD 2,0,1,13259,0,0.0,ADD 3,0,1,13188,0,0.0,ADD 4,0,1,13166,0,0.0,ADD 5,0,0,0,0,0.0,ADD 6,0,1,13226,0,0.0,ADD 7,0,0,0,0,0.0,EGT2CAN,0,1,13188,0,0.0
1778951536.6619985,3694.0,13197,-43.0,1,-,0,0,0,0,0.0,-,0,0,0,0,0.0,ECU,1,1,13210,0,0.0,FAN1,0,0,0,0,0.0,COILS,1,1,13128,0,0.0,PUMP,0,1,13111,3700,3694.0,INJECTOR,1,1,13117,0,0.0,SERVO,1,1,13193,0,0.0,ADD 1,0,1,13248,0,0.0,ADD 2,0,1,13259,0,0.0,ADD 3,0,1,13199,0,0.0,ADD 4,0,1,13199,0,0.0,ADD 5,0,0,0,0,0.0,ADD 6,0,1,13231,0,0.0,ADD 7,0,0,0,0,0.0,EGT2CAN,0,1,13204,0,0.0
1778951536.7143302,3696.0,13228,-43.0,1,-,0,0,0,0,0.0,-,0,0,0,0,0.0,ECU,1,1,13237,0,0.0,FAN1,0,0,0,0,0.0,COILS,1,1,13242,0,0.0,PUMP,0,1,13166,3710,3696.0,INJECTOR,1,1,13177,0,0.0,SERVO,1,1,13144,0,0.0,ADD 1,0,1,13248,0,0.0,ADD 2,0,1,13259,0,0.0,ADD 3,0,1,13193,0,0.0,ADD 4,0,1,13133,0,0.0,ADD 5,0,0,0,0,0.0,ADD 6,0,1,13177,0,0.0,ADD 7,0,0,0,0,0.0,EGT2CAN,0,1,13177,0,0.0
1778951536.7736394,3696.0,13228,-43.0,1,-,0,0,0,0,0.0,-,0,0,0,0,0.0,ECU,1,1,13237,0,0.0,FAN1,0,0,0,0,0.0,COILS,1,1,13242,0,0.0,PUMP,0,1,13166,3710,3696.0,INJECTOR,1,1,13177,0,0.0,SERVO,1,1,13144,0,0.0,ADD 1,0,1,13248,0,0.0,ADD 2,0,1,13259,0,0.0,ADD 3,0,1,13193,0,0.0,ADD 4,0,1,13133,0,0.0,ADD 5,0,0,0,0,0.0,ADD 6,0,1,13177,0,0.0,ADD 7,0,0,0,0,0.0,EGT2CAN,0,1,13177,0,0.0
1778951536.8246052,2966.0,13215,-44.0,1,-,0,0,0,0,0.0,-,0,0,0,0,0.0,ECU,1,1,13199,0,0.0,FAN1,0,0,0,0,0.0,COILS,1,1,13231,0,0.0,PUMP,0,0,13231,0,2966.0,INJECTOR,1,1,13199,0,0.0,SERVO,1,1,13215,0,0.0,ADD 1,0,1,13215,0,0.0,ADD 2,0,1,13270,0,0.0,ADD 3,0,1,13199,0,0.0,ADD 4,0,1,13199,0,0.0,ADD 5,0,0,0,0,0.0,ADD 6,0,1,13193,0,0.0,ADD 7,0,0,0,0,0.0,EGT2CAN,0,1,13210,0,0.0
1778951536.875663,2228.0,13438,-43.0,1,-,0,0,0,0,0.0,-,0,0,0,0,0.0,ECU,1,1,13406,0,0.0,FAN1,0,0,0,0,0.0,COILS,1,1,13374,0,0.0,PUMP,0,0,0,0,2228.0,INJECTOR,1,1,13390,0,0.0,SERVO,1,1,13385,0,0.0,ADD 1,0,1,13390,0,0.0,ADD 2,0,1,13450,0,0.0,ADD 3,0,1,13324,0,0.0,ADD 4,0,1,13341,0,0.0,ADD 5,0,0,0,0,0.0,ADD 6,0,1,13445,0,0.0,ADD 7,0,0,0,0,0.0,EGT2CAN,0,1,13379,0,0.0
1778951536.9277663,2228.0,13438,-43.0,1,-,0,0,0,0,0.0,-,0,0,0,0,0.0,ECU,1,1,13379,0,0.0,FAN1,0,0,0,0,0.0,COILS,1,1,13412,0,0.0,PUMP,0,0,0,0,2228.0,INJECTOR,1,1,13401,0,0.0,SERVO,1,1,13401,0,0.0,ADD 1,0,1,13434,0,0.0,ADD 2,0,1,13439,0,0.0,ADD 3,0,1,13390,0,0.0,ADD 4,0,1,13352,0,0.0,ADD 5,0,0,0,0,0.0,ADD 6,0,1,13423,0,0.0,ADD 7,0,0,0,0,0.0,EGT2CAN,0,1,13423,0,0.0
1778951536.986878,746.0,13419,-45.0,1,-,0,0,0,0,0.0,-,0,0,0,0,0.0,ECU,1,1,13330,0,0.0,FAN1,0,0,0,0,0.0,COILS,1,1,13396,0,0.0,PUMP,0,0,0,0,746.0,INJECTOR,1,1,13390,0,0.0,SERVO,1,1,13390,0,0.0,ADD 1,0,1,13385,0,0.0,ADD 2,0,1,13461,0,0.0,ADD 3,0,1,13396,0,0.0,ADD 4,0,1,13346,0,0.0,ADD 5,0,0,0,0,0.0,ADD 6,0,1,13423,0,0.0,ADD 7,0,0,0,0,0.0,EGT2CAN,0,1,13319,0,0.0
1778951537.054286,621.7,13438,-44.0,1,-,0,0,0,0,0.0,-,0,0,0,0,0.0,ECU,1,1,13330,0,0.0,FAN1,0,0,0,0,0.0,COILS,1,1,13417,0,0.0,PUMP,0,0,0,0,621.7,INJECTOR,1,1,13434,0,0.0,SERVO,1,1,13390,0,0.0,ADD 1,0,1,13352,0,0.0,ADD 2,0,1,13445,0,0.0,ADD 3,0,1,13396,0,0.0,ADD 4,0,1,13390,0,0.0,ADD 5,0,0,0,0,0.0,ADD 6,0,1,13385,0,0.0,ADD 7,0,0,0,0,0.0,EGT2CAN,0,1,13401,0,0.0
1778951537.1048307,0.0,13395,-43.0,1,-,0,0,0,0,0.0,-,0,0,0,0,0.0,ECU,1,1,13423,0,0.0,FAN1,0,0,0,0,0.0,COILS,1,1,13341,0,0.0,PUMP,0,0,0,0,0.0,INJECTOR,1,1,13390,0,0.0,SERVO,1,1,13417,0,0.0,ADD 1,0,1,13374,0,0.0,ADD 2,0,1,13423,0,0.0,ADD 3,0,1,13401,0,0.0,ADD 4,0,1,13368,0,0.0,ADD 5,0,0,0,0,0.0,ADD 6,0,1,13456,0,0.0,ADD 7,0,0,0,0,0.0,EGT2CAN,0,1,13352,0,0.0
1778951537.161273,0.0,13426,-43.0,1,-,0,0,0,0,0.0,-,0,0,0,0,0.0,ECU,1,1,13423,0,0.0,FAN1,0,0,0,0,0.0,COILS,1,1,13445,0,0.0,PUMP,0,0,0,0,0.0,INJECTOR,1,1,13406,0,0.0,SERVO,1,1,13352,0,0.0,ADD 1,0,1,13385,0,0.0,ADD 2,0,1,13423,0,0.0,ADD 3,0,1,13379,0,0.0,ADD 4,0,1,13368,0,0.0,ADD 5,0,0,0,0,0.0,ADD 6,0,1,13434,0,0.0,ADD 7,0,0,0,0,0.0,EGT2CAN,0,1,13363,0,0.0
1778951537.2118535,0.0,13426,-43.0,1,-,0,0,0,0,0.0,-,0,0,0,0,0.0,ECU,1,1,13423,0,0.0,FAN1,0,0,0,0,0.0,COILS,1,1,13445,0,0.0,PUMP,0,0,0,0,0.0,INJECTOR,1,1,13406,0,0.0,SERVO,1,1,13352,0,0.0,ADD 1,0,1,13385,0,0.0,ADD 2,0,1,13423,0,0.0,ADD 3,0,1,13379,0,0.0,ADD 4,0,1,13368,0,0.0,ADD 5,0,0,0,0,0.0,ADD 6,0,1,13434,0,0.0,ADD 7,0,0,0,0,0.0,EGT2CAN,0,1,13363,0,0.0
1778951537.262837,0.0,13419,-43.0,1,-,0,0,0,0,0.0,-,0,0,0,0,0.0,ECU,1,1,13363,0,0.0,FAN1,0,0,0,0,0.0,COILS,1,1,13401,0,0.0,PUMP,0,0,0,0,0.0,INJECTOR,1,1,13401,0,0.0,SERVO,1,1,13368,0,0.0,ADD 1,0,1,13412,0,0.0,ADD 2,0,1,13374,0,0.0,ADD 3,0,1,13374,0,0.0,ADD 4,0,1,13385,0,0.0,ADD 5,0,0,0,0,0.0,ADD 6,0,1,13461,0,0.0,ADD 7,0,0,0,0,0.0,EGT2CAN,0,1,13385,0,0.0
1778951537.3213398,0.0,13438,-43.0,1,-,0,0,0,0,0.0,-,0,0,0,0,0.0,ECU,1,1,13412,0,0.0,FAN1,0,0,0,0,0.0,COILS,1,1,13423,0,0.0,PUMP,0,0,0,0,0.0,INJECTOR,1,1,13428,0,0.0,SERVO,1,1,13368,0,0.0,ADD 1,0,1,13439,0,0.0,ADD 2,0,1,13445,0,0.0,ADD 3,0,1,13368,0,0.0,ADD 4,0,1,13308,0,0.0,ADD 5,0,0,0,0,0.0,ADD 6,0,1,13406,0,0.0,ADD 7,0,0,0,0,0.0,EGT2CAN,0,1,13423,0,0.0
1778951537.3839948,0.0,13438,-43.0,1,-,0,0,0,0,0.0,-,0,0,0,0,0.0,ECU,1,1,13352,0,0.0,FAN1,0,0,0,0,0.0,COILS,1,1,13390,0,0.0,PUMP,0,0,0,0,0.0,INJECTOR,1,1,13401,0,0.0,SERVO,1,1,13390,0,0.0,ADD 1,0,1,13439,0,0.0,ADD 2,0,1,13445,0,0.0,ADD 3,0,1,13368,0,0.0,ADD 4,0,1,13308,0,0.0,ADD 5,0,0,0,0,0.0,ADD 6,0,1,13406,0,0.0,ADD 7,0,0,0,0,0.0,EGT2CAN,0,1,13423,0,0.0
1778951537.4350681,0.0,13395,-43.0,1,-,0,0,0,0,0.0,-,0,0,0,0,0.0,ECU,1,1,13423,0,0.0,FAN1,0,0,0,0,0.0,COILS,1,1,13379,0,0.0,PUMP,0,0,0,0,0.0,INJECTOR,1,1,13428,0,0.0,SERVO,1,1,13401,0,0.0,ADD 1,0,1,13390,0,0.0,ADD 2,0,1,13357,0,0.0,ADD 3,0,1,13357,0,0.0,ADD 4,0,1,13412,0,0.0,ADD 5,0,0,0,0,0.0,ADD 6,0,1,13401,0,0.0,ADD 7,0,0,0,0,0.0,EGT2CAN,0,1,13423,0,0.0
1778951537.4909415,0.0,13395,-43.0,1,-,0,0,0,0,0.0,-,0,0,0,0,0.0,ECU,1,1,13423,0,0.0,FAN1,0,0,0,0,0.0,COILS,1,1,13379,0,0.0,PUMP,0,0,0,0,0.0,INJECTOR,1,1,13428,0,0.0,SERVO,1,1,13401,0,0.0,ADD 1,0,1,13390,0,0.0,ADD 2,0,1,13357,0,0.0,ADD 3,0,1,13357,0,0.0,ADD 4,0,1,13412,0,0.0,ADD 5,0,0,0,0,0.0,ADD 6,0,1,13401,0,0.0,ADD 7,0,0,0,0,0.0,EGT2CAN,0,1,13423,0,0.0
1778951537.546789,0.0,13395,-43.0,1,-,0,0,0,0,0.0,-,0,0,0,0,0.0,ECU,1,1,13428,0,0.0,FAN1,0,0,0,0,0.0,COILS,1,1,13385,0,0.0,PUMP,0,0,0,0,0.0,INJECTOR,1,1,13412,0,0.0,SERVO,1,1,13390,0,0.0,ADD 1,0,1,13352,0,0.0,ADD 2,0,1,13363,0,0.0,ADD 3,0,1,13401,0,0.0,ADD 4,0,1,13385,0,0.0,ADD 5,0,0,0,0,0.0,ADD 6,0,1,13434,0,0.0,ADD 7,0,0,0,0,0.0,EGT2CAN,0,1,13417,0,0.0
1778951537.5979004,0.0,13438,-43.0,1,-,0,0,0,0,0.0,-,0,0,0,0,0.0,ECU,1,1,13417,0,0.0,FAN1,0,0,0,0,0.0,COILS,1,1,13390,0,0.0,PUMP,0,0,0,0,0.0,INJECTOR,1,1,13390,0,0.0,SERVO,1,1,13401,0,0.0,ADD 1,0,1,13374,0,0.0,ADD 2,0,1,13401,0,0.0,ADD 3,0,1,13390,0,0.0,ADD 4,0,1,13401,0,0.0,ADD 5,0,0,0,0,0.0,ADD 6,0,1,13445,0,0.0,ADD 7,0,0,0,0,0.0,EGT2CAN,0,1,13412,0,0.0
1778951537.6501946,0.0,13438,-43.0,1,-,0,0,0,0,0.0,-,0,0,0,0,0.0,ECU,1,1,13417,0,0.0,FAN1,0,0,0,0,0.0,COILS,1,1,13390,0,0.0,PUMP,0,0,0,0,0.0,INJECTOR,1,1,13390,0,0.0,SERVO,1,1,13401,0,0.0,ADD 1,0,1,13374,0,0.0,ADD 2,0,1,13401,0,0.0,ADD 3,0,1,13390,0,0.0,ADD 4,0,1,13401,0,0.0,ADD 5,0,0,0,0,0.0,ADD 6,0,1,13445,0,0.0,ADD 7,0,0,0,0,0.0,EGT2CAN,0,1,13412,0,0.0
1778951537.700824,0.0,13438,-43.0,1,-,0,0,0,0,0.0,-,0,0,0,0,0.0,ECU,1,1,13248,0,0.0,FAN1,0,0,0,0,0.0,COILS,1,1,13450,0,0.0,PUMP,0,0,0,0,0.0,INJECTOR,1,1,13390,0,0.0,SERVO,1,1,13401,0,0.0,ADD 1,0,1,13346,0,0.0,ADD 2,0,1,13401,0,0.0,ADD 3,0,1,13352,0,0.0,ADD 4,0,1,13374,0,0.0,ADD 5,0,0,0,0,0.0,ADD 6,0,1,13406,0,0.0,ADD 7,0,0,0,0,0.0,EGT2CAN,0,1,13423,0,0.0
1778951537.7578356,0.0,13419,-43.0,1,-,0,0,0,0,0.0,-,0,0,0,0,0.0,ECU,1,1,13363,0,0.0,FAN1,0,0,0,0,0.0,COILS,1,1,13423,0,0.0,PUMP,0,0,0,0,0.0,INJECTOR,1,1,13423,0,0.0,SERVO,1,1,13390,0,0.0,ADD 1,0,1,13423,0,0.0,ADD 2,0,1,13445,0,0.0,ADD 3,0,1,13374,0,0.0,ADD 4,0,1,13346,0,0.0,ADD 5,0,0,0,0,0.0,ADD 6,0,1,13406,0,0.0,ADD 7,0,0,0,0,0.0,EGT2CAN,0,1,13428,0,0.0
1778951537.8153274,0.0,13419,-43.0,1,-,0,0,0,0,0.0,-,0,0,0,0,0.0,ECU,1,1,13335,0,0.0,FAN1,0,0,0,0,0.0,COILS,1,1,13385,0,0.0,PUMP,0,0,0,0,0.0,INJECTOR,1,1,13423,0,0.0,SERVO,1,1,13401,0,0.0,ADD 1,0,1,13439,0,0.0,ADD 2,0,1,13439,0,0.0,ADD 3,0,1,13412,0,0.0,ADD 4,0,1,13401,0,0.0,ADD 5,0,0,0,0,0.0,ADD 6,0,1,13406,0,0.0,ADD 7,0,0,0,0,0.0,EGT2CAN,0,1,13428,0,0.0
1778951537.877408,0.0,13419,-43.0,1,-,0,0,0,0,0.0,-,0,0,0,0,0.0,ECU,1,1,13428,0,0.0,FAN1,0,0,0,0,0.0,COILS,1,1,13341,0,0.0,PUMP,0,0,0,0,0.0,INJECTOR,1,1,13390,0,0.0,SERVO,1,1,13412,0,0.0,ADD 1,0,1,13417,0,0.0,ADD 2,0,1,13248,0,0.0,ADD 3,0,1,13363,0,0.0,ADD 4,0,1,13374,0,0.0,ADD 5,0,0,0,0,0.0,ADD 6,0,1,13379,0,0.0,ADD 7,0,0,0,0,0.0,EGT2CAN,0,1,13406,0,0.0
1778951537.9289558,0.0,13432,-45.0,1,-,0,0,0,0,0.0,-,0,0,0,0,0.0,ECU,1,1,13428,0,0.0,FAN1,0,0,0,0,0.0,COILS,1,1,13341,0,0.0,PUMP,0,0,0,0,0.0,INJECTOR,1,1,13390,0,0.0,SERVO,1,1,13412,0,0.0,ADD 1,0,1,13417,0,0.0,ADD 2,0,1,13248,0,0.0,ADD 3,0,1,13363,0,0.0,ADD 4,0,1,13374,0,0.0,ADD 5,0,0,0,0,0.0,ADD 6,0,1,13423,0,0.0,ADD 7,0,0,0,0,0.0,EGT2CAN,0,1,13423,0,0.0
1778951537.979488,0.0,13432,-45.0,1,-,0,0,0,0,0.0,-,0,0,0,0,0.0,ECU,1,1,13412,0,0.0,FAN1,0,0,0,0,0.0,COILS,1,1,13368,0,0.0,PUMP,0,0,0,0,0.0,INJECTOR,1,1,13385,0,0.0,SERVO,1,1,13390,0,0.0,ADD 1,0,1,13374,0,0.0,ADD 2,0,1,13374,0,0.0,ADD 3,0,1,13357,0,0.0,ADD 4,0,1,13352,0,0.0,ADD 5,0,0,0,0,0.0,ADD 6,0,1,13439,0,0.0,ADD 7,0,0,0,0,0.0,EGT2CAN,0,1,13412,0,0.0
1778951538.0394063,0.0,13395,-45.0,1,-,0,0,0,0,0.0,-,0,0,0,0,0.0,ECU,1,1,13428,0,0.0,FAN1,0,0,0,0,0.0,COILS,1,1,13439,0,0.0,PUMP,0,0,0,0,0.0,INJECTOR,1,1,13417,0,0.0,SERVO,1,1,13417,0,0.0,ADD 1,0,1,13396,0,0.0,ADD 2,0,1,13401,0,0.0,ADD 3,0,1,13352,0,0.0,ADD 4,0,1,13319,0,0.0,ADD 5,0,0,0,0,0.0,ADD 6,0,1,13439,0,0.0,ADD 7,0,0,0,0,0.0,EGT2CAN,0,1,13406,0,0.0
1778951538.1093142,0.0,13419,-43.0,1,-,0,0,0,0,0.0,-,0,0,0,0,0.0,ECU,1,1,13379,0,0.0,FAN1,0,0,0,0,0.0,COILS,1,1,13434,0,0.0,PUMP,0,0,0,0,0.0,INJECTOR,1,1,13423,0,0.0,SERVO,1,1,13374,0,0.0,ADD 1,0,1,13434,0,0.0,ADD 2,0,1,13319,0,0.0,ADD 3,0,1,13368,0,0.0,ADD 4,0,1,13374,0,0.0,ADD 5,0,0,0,0,0.0,ADD 6,0,1,13456,0,0.0,ADD 7,0,0,0,0,0.0,EGT2CAN,0,1,13406,0,0.0
1778951538.1610188,0.0,13419,-43.0,1,-,0,0,0,0,0.0,-,0,0,0,0,0.0,ECU,1,1,13319,0,0.0,FAN1,0,0,0,0,0.0,COILS,1,1,13423,0,0.0,PUMP,0,0,0,0,0.0,INJECTOR,1,1,13330,0,0.0,SERVO,1,1,13352,0,0.0,ADD 1,0,1,13417,0,0.0,ADD 2,0,1,13445,0,0.0,ADD 3,0,1,13401,0,0.0,ADD 4,0,1,13368,0,0.0,ADD 5,0,0,0,0,0.0,ADD 6,0,1,13461,0,0.0,ADD 7,0,0,0,0,0.0,EGT2CAN,0,1,13374,0,0.0
1778951538.212645,0.0,13395,-44.0,1,-,0,0,0,0,0.0,-,0,0,0,0,0.0,ECU,1,1,13390,0,0.0,FAN1,0,0,0,0,0.0,COILS,1,1,13390,0,0.0,PUMP,0,0,0,0,0.0,INJECTOR,1,1,13412,0,0.0,SERVO,1,1,13396,0,0.0,ADD 1,0,1,13406,0,0.0,ADD 2,0,1,13445,0,0.0,ADD 3,0,1,13368,0,0.0,ADD 4,0,1,13319,0,0.0,ADD 5,0,0,0,0,0.0,ADD 6,0,1,13423,0,0.0,ADD 7,0,0,0,0,0.0,EGT2CAN,0,1,13445,0,0.0
1778951538.2633681,0.0,13395,-44.0,1,-,0,0,0,0,0.0,-,0,0,0,0,0.0,ECU,1,1,13401,0,0.0,FAN1,0,0,0,0,0.0,COILS,1,1,13385,0,0.0,PUMP,0,0,0,0,0.0,INJECTOR,1,1,13406,0,0.0,SERVO,1,1,13352,0,0.0,ADD 1,0,1,13406,0,0.0,ADD 2,0,1,13445,0,0.0,ADD 3,0,1,13368,0,0.0,ADD 4,0,1,13319,0,0.0,ADD 5,0,0,0,0,0.0,ADD 6,0,1,13423,0,0.0,ADD 7,0,0,0,0,0.0,EGT2CAN,0,1,13445,0,0.0
1778951538.3217318,0.0,13426,-43.0,1,-,0,0,0,0,0.0,-,0,0,0,0,0.0,ECU,1,1,13379,0,0.0,FAN1,0,0,0,0,0.0,COILS,1,1,13330,0,0.0,PUMP,0,0,0,0,0.0,INJECTOR,1,1,13330,0,0.0,SERVO,1,1,13374,0,0.0,ADD 1,0,1,13379,0,0.0,ADD 2,0,1,13428,0,0.0,ADD 3,0,1,13248,0,0.0,ADD 4,0,1,13374,0,0.0,ADD 5,0,0,0,0,0.0,ADD 6,0,1,13423,0,0.0,ADD 7,0,0,0,0,0.0,EGT2CAN,0,1,13341,0,0.0
1778951538.3842254,0.0,13419,-43.0,1,-,0,0,0,0,0.0,-,0,0,0,0,0.0,ECU,1,1,13406,0,0.0,FAN1,0,0,0,0,0.0,COILS,1,1,13379,0,0.0,PUMP,0,0,0,0,0.0,INJECTOR,1,1,13335,0,0.0,SERVO,1,1,13346,0,0.0,ADD 1,0,1,13401,0,0.0,ADD 2,0,1,13401,0,0.0,ADD 3,0,1,13417,0,0.0,ADD 4,0,1,13352,0,0.0,ADD 5,0,0,0,0,0.0,ADD 6,0,1,13417,0,0.0,ADD 7,0,0,0,0,0.0,EGT2CAN,0,1,13330,0,0.0
1778951538.4448926,0.0,13407,-44.0,1,-,0,0,0,0,0.0,-,0,0,0,0,0.0,ECU,1,1,13374,0,0.0,FAN1,0,0,0,0,0.0,COILS,1,1,13423,0,0.0,PUMP,0,0,0,0,0.0,INJECTOR,1,1,13330,0,0.0,SERVO,1,1,13346,0,0.0,ADD 1,0,1,13357,0,0.0,ADD 2,0,1,13401,0,0.0,ADD 3,0,1,13363,0,0.0,ADD 4,0,1,13374,0,0.0,ADD 5,0,0,0,0,0.0,ADD 6,0,1,13401,0,0.0,ADD 7,0,0,0,0,0.0,EGT2CAN,0,1,13346,0,0.0
1778951538.4958954,0.0,13407,-44.0,1,-,0,0,0,0,0.0,-,0,0,0,0,0.0,ECU,1,1,13423,0,0.0,FAN1,0,0,0,0,0.0,COILS,1,1,13428,0,0.0,PUMP,0,0,0,0,0.0,INJECTOR,1,1,13385,0,0.0,SERVO,1,1,13352,0,0.0,ADD 1,0,1,13357,0,0.0,ADD 2,0,1,13401,0,0.0,ADD 3,0,1,13363,0,0.0,ADD 4,0,1,13374,0,0.0,ADD 5,0,0,0,0,0.0,ADD 6,0,1,13401,0,0.0,ADD 7,0,0,0,0,0.0,EGT2CAN,0,1,13346,0,0.0
1778951538.5474973,0.0,13407,-44.0,1,-,0,0,0,0,0.0,-,0,0,0,0,0.0,ECU,1,1,13423,0,0.0,FAN1,0,0,0,0,0.0,COILS,1,1,13428,0,0.0,PUMP,0,0,0,0,0.0,INJECTOR,1,1,13385,0,0.0,SERVO,1,1,13352,0,0.0,ADD 1,0,1,13396,0,0.0,ADD 2,0,1,13330,0,0.0,ADD 3,0,1,13352,0,0.0,ADD 4,0,1,13330,0,0.0,ADD 5,0,0,0,0,0.0,ADD 6,0,1,13423,0,0.0,ADD 7,0,0,0,0,0.0,EGT2CAN,0,1,13390,0,0.0
1778951538.5976827,0.0,13426,-43.0,1,-,0,0,0,0,0.0,-,0,0,0,0,0.0,ECU,1,1,13368,0,0.0,FAN1,0,0,0,0,0.0,COILS,1,1,13385,0,0.0,PUMP,0,0,0,0,0.0,INJECTOR,1,1,13401,0,0.0,SERVO,1,1,13346,0,0.0,ADD 1,0,1,13412,0,0.0,ADD 2,0,1,13445,0,0.0,ADD 3,0,1,13374,0,0.0,ADD 4,0,1,13335,0,0.0,ADD 5,0,0,0,0,0.0,ADD 6,0,1,13412,0,0.0,ADD 7,0,0,0,0,0.0,EGT2CAN,0,1,13248,0,0.0
1778951538.6485157,0.0,13426,-43.0,1,-,0,0,0,0,0.0,-,0,0,0,0,0.0,ECU,1,1,13319,0,0.0,FAN1,0,0,0,0,0.0,COILS,1,1,13412,0,0.0,PUMP,0,0,0,0,0.0,INJECTOR,1,1,13401,0,0.0,SERVO,1,1,13346,0,0.0,ADD 1,0,1,13357,0,0.0,ADD 2,0,1,13412,0,0.0,ADD 3,0,1,13396,0,0.0,ADD 4,0,1,13390,0,0.0,ADD 5,0,0,0,0,0.0,ADD 6,0,1,13428,0,0.0,ADD 7,0,0,0,0,0.0,EGT2CAN,0,1,13352,0,0.0
1778951538.7005737,0.0,13413,-43.0,1,-,0,0,0,0,0.0,-,0,0,0,0,0.0,ECU,1,1,13319,0,0.0,FAN1,0,0,0,0,0.0,COILS,1,1,13412,0,0.0,PUMP,0,0,0,0,0.0,INJECTOR,1,1,13401,0,0.0,SERVO,1,1,13346,0,0.0,ADD 1,0,1,13357,0,0.0,ADD 2,0,1,13412,0,0.0,ADD 3,0,1,13396,0,0.0,ADD 4,0,1,13390,0,0.0,ADD 5,0,0,0,0,0.0,ADD 6,0,1,13428,0,0.0,ADD 7,0,0,0,0,0.0,EGT2CAN,0,1,13352,0,0.0
1778951538.75106,0.0,13438,-44.0,1,-,0,0,0,0,0.0,-,0,0,0,0,0.0,ECU,1,1,13423,0,0.0,FAN1,0,0,0,0,0.0,COILS,1,1,13401,0,0.0,PUMP,0,0,0,0,0.0,INJECTOR,1,1,13319,0,0.0,SERVO,1,1,13390,0,0.0,ADD 1,0,1,13406,0,0.0,ADD 2,0,1,13374,0,0.0,ADD 3,0,1,13319,0,0.0,ADD 4,0,1,13341,0,0.0,ADD 5,0,0,0,0,0.0,ADD 6,0,1,13423,0,0.0,ADD 7,0,0,0,0,0.0,EGT2CAN,0,1,13423,0,0.0
1778951538.8021038,0.0,13438,-44.0,1,-,0,0,0,0,0.0,-,0,0,0,0,0.0,ECU,1,1,13423,0,0.0,FAN1,0,0,0,0,0.0,COILS,1,1,13401,0,0.0,PUMP,0,0,0,0,0.0,INJECTOR,1,1,13319,0,0.0,SERVO,1,1,13390,0,0.0,ADD 1,0,1,13406,0,0.0,ADD 2,0,1,13374,0,0.0,ADD 3,0,1,13319,0,0.0,ADD 4,0,1,13341,0,0.0,ADD 5,0,0,0,0,0.0,ADD 6,0,1,13423,0,0.0,ADD 7,0,0,0,0,0.0,EGT2CAN,0,1,13423,0,0.0
1778951538.8553314,0.0,13438,-44.0,1,-,0,0,0,0,0.0,-,0,0,0,0,0.0,ECU,1,1,13412,0,0.0,FAN1,0,0,0,0,0.0,COILS,1,1,13385,0,0.0,PUMP,0,0,0,0,0.0,INJECTOR,1,1,13423,0,0.0,SERVO,1,1,13379,0,0.0,ADD 1,0,1,13379,0,0.0,ADD 2,0,1,13352,0,0.0,ADD 3,0,1,13330,0,0.0,ADD 4,0,1,13324,0,0.0,ADD 5,0,0,0,0,0.0,ADD 6,0,1,13445,0,0.0,ADD 7,0,0,0,0,0.0,EGT2CAN,0,1,13406,0,0.0
1778951538.9096484,0.0,13413,-43.0,1,-,0,0,0,0,0.0,-,0,0,0,0,0.0,ECU,1,1,13406,0,0.0,FAN1,0,0,0,0,0.0,COILS,1,1,13412,0,0.0,PUMP,0,0,0,0,0.0,INJECTOR,1,1,13417,0,0.0,SERVO,1,1,13319,0,0.0,ADD 1,0,1,13346,0,0.0,ADD 2,0,1,13319,0,0.0,ADD 3,0,1,13385,0,0.0,ADD 4,0,1,13319,0,0.0,ADD 5,0,0,0,0,0.0,ADD 6,0,1,13450,0,0.0,ADD 7,0,0,0,0,0.0,EGT2CAN,0,1,13417,0,0.0
1778951538.9800272,0.0,13413,-43.0,1,-,0,0,0,0,0.0,-,0,0,0,0,0.0,ECU,1,1,13368,0,0.0,FAN1,0,0,0,0,0.0,COILS,1,1,13406,0,0.0,PUMP,0,0,0,0,0.0,INJECTOR,1,1,13412,0,0.0,SERVO,1,1,13368,0,0.0,ADD 1,0,1,13346,0,0.0,ADD 2,0,1,13319,0,0.0,ADD 3,0,1,13385,0,0.0,ADD 4,0,1,13319,0,0.0,ADD 5,0,0,0,0,0.0,ADD 6,0,1,13450,0,0.0,ADD 7,0,0,0,0,0.0,EGT2CAN,0,1,13417,0,0.0
1778951539.031093,0.0,13395,-43.0,1,-,0,0,0,0,0.0,-,0,0,0,0,0.0,ECU,1,1,13390,0,0.0,FAN1,0,0,0,0,0.0,COILS,1,1,13374,0,0.0,PUMP,0,0,0,0,0.0,INJECTOR,1,1,13390,0,0.0,SERVO,1,1,13319,0,0.0,ADD 1,0,1,13417,0,0.0,ADD 2,0,1,13357,0,0.0,ADD 3,0,1,13319,0,0.0,ADD 4,0,1,13352,0,0.0,ADD 5,0,0,0,0,0.0,ADD 6,0,1,13434,0,0.0,ADD 7,0,0,0,0,0.0,EGT2CAN,0,1,13401,0,0.0
1778951539.0819206,0.0,13395,-43.0,1,-,0,0,0,0,0.0,-,0,0,0,0,0.0,ECU,1,1,13390,0,0.0,FAN1,0,0,0,0,0.0,COILS,1,1,13374,0,0.0,PUMP,0,0,0,0,0.0,INJECTOR,1,1,13390,0,0.0,SERVO,1,1,13319,0,0.0,ADD 1,0,1,13417,0,0.0,ADD 2,0,1,13357,0,0.0,ADD 3,0,1,13319,0,0.0,ADD 4,0,1,13352,0,0.0,ADD 5,0,0,0,0,0.0,ADD 6,0,1,13434,0,0.0,ADD 7,0,0,0,0,0.0,EGT2CAN,0,1,13401,0,0.0
1778951539.1326947,0.0,13395,-43.0,1,-,0,0,0,0,0.0,-,0,0,0,0,0.0,ECU,1,1,13352,0,0.0,FAN1,0,0,0,0,0.0,COILS,1,1,13346,0,0.0,PUMP,0,0,0,0,0.0,INJECTOR,1,1,13352,0,0.0,SERVO,1,1,13374,0,0.0,ADD 1,0,1,13390,0,0.0,ADD 2,0,1,13379,0,0.0,ADD 3,0,1,13390,0,0.0,ADD 4,0,1,13335,0,0.0,ADD 5,0,0,0,0,0.0,ADD 6,0,1,13417,0,0.0,ADD 7,0,0,0,0,0.0,EGT2CAN,0,1,13319,0,0.0
1778951539.183331,0.0,13401,-43.0,1,-,0,0,0,0,0.0,-,0,0,0,0,0.0,ECU,1,1,13412,0,0.0,FAN1,0,0,0,0,0.0,COILS,1,1,13352,0,0.0,PUMP,0,0,0,0,0.0,INJECTOR,1,1,13417,0,0.0,SERVO,1,1,13346,0,0.0,ADD 1,0,1,13401,0,0.0,ADD 2,0,1,13439,0,0.0,ADD 3,0,1,13417,0,0.0,ADD 4,0,1,13374,0,0.0,ADD 5,0,0,0,0,0.0,ADD 6,0,1,13379,0,0.0,ADD 7,0,0,0,0,0.0,EGT2CAN,0,1,13286,0,0.0
1778951539.2349718,0.0,13401,-43.0,1,-,0,0,0,0,0.0,-,0,0,0,0,0.0,ECU,1,1,13412,0,0.0,FAN1,0,0,0,0,0.0,COILS,1,1,13352,0,0.0,PUMP,0,0,0,0,0.0,INJECTOR,1,1,13417,0,0.0,SERVO,1,1,13346,0,0.0,ADD 1,0,1,13401,0,0.0,ADD 2,0,1,13439,0,0.0,ADD 3,0,1,13417,0,0.0,ADD 4,0,1,13374,0,0.0,ADD 5,0,0,0,0,0.0,ADD 6,0,1,13379,0,0.0,ADD 7,0,0,0,0,0.0,EGT2CAN,0,1,13286,0,0.0
1778951539.2855885,0.0,13401,-43.0,1,-,0,0,0,0,0.0,-,0,0,0,0,0.0,ECU,1,1,13374,0,0.0,FAN1,0,0,0,0,0.0,COILS,1,1,13401,0,0.0,PUMP,0,0,0,0,0.0,INJECTOR,1,1,13319,0,0.0,SERVO,1,1,13319,0,0.0,ADD 1,0,1,13330,0,0.0,ADD 2,0,1,13406,0,0.0,ADD 3,0,1,13385,0,0.0,ADD 4,0,1,13330,0,0.0,ADD 5,0,0,0,0,0.0,ADD 6,0,1,13390,0,0.0,ADD 7,0,0,0,0,0.0,EGT2CAN,0,1,13374,0,0.0
1778951539.3360484,0.0,13419,-43.0,1,-,0,0,0,0,0.0,-,0,0,0,0,0.0,ECU,1,1,13319,0,0.0,FAN1,0,0,0,0,0.0,COILS,1,1,13390,0,0.0,PUMP,0,0,0,0,0.0,INJECTOR,1,1,13352,0,0.0,SERVO,1,1,13374,0,0.0,ADD 1,0,1,13406,0,0.0,ADD 2,0,1,13374,0,0.0,ADD 3,0,1,13341,0,0.0,ADD 4,0,1,13303,0,0.0,ADD 5,0,0,0,0,0.0,ADD 6,0,1,13445,0,0.0,ADD 7,0,0,0,0,0.0,EGT2CAN,0,1,13396,0,0.0
1778951539.3886507,0.0,13419,-43.0,1,-,0,0,0,0,0.0,-,0,0,0,0,0.0,ECU,1,1,13319,0,0.0,FAN1,0,0,0,0,0.0,COILS,1,1,13390,0,0.0,PUMP,0,0,0,0,0.0,INJECTOR,1,1,13352,0,0.0,SERVO,1,1,13374,0,0.0,ADD 1,0,1,13406,0,0.0,ADD 2,0,1,13374,0,0.0,ADD 3,0,1,13341,0,0.0,ADD 4,0,1,13303,0,0.0,ADD 5,0,0,0,0,0.0,ADD 6,0,1,13423,0,0.0,ADD 7,0,0,0,0,0.0,EGT2CAN,0,1,13396,0,0.0
1778951539.4390733,0.0,13419,-43.0,1,-,0,0,0,0,0.0,-,0,0,0,0,0.0,ECU,1,1,13330,0,0.0,FAN1,0,0,0,0,0.0,COILS,1,1,13401,0,0.0,PUMP,0,0,0,0,0.0,INJECTOR,1,1,13379,0,0.0,SERVO,1,1,13363,0,0.0,ADD 1,0,1,13401,0,0.0,ADD 2,0,1,13401,0,0.0,ADD 3,0,1,13390,0,0.0,ADD 4,0,1,13324,0,0.0,ADD 5,0,0,0,0,0.0,ADD 6,0,1,13352,0,0.0,ADD 7,0,0,0,0,0.0,EGT2CAN,0,1,13374,0,0.0
1778951539.4983816,0.0,13419,-43.0,1,-,0,0,0,0,0.0,-,0,0,0,0,0.0,ECU,1,1,13401,0,0.0,FAN1,0,0,0,0,0.0,COILS,1,1,13363,0,0.0,PUMP,0,0,0,0,0.0,INJECTOR,1,1,13390,0,0.0,SERVO,1,1,13335,0,0.0,ADD 1,0,1,13401,0,0.0,ADD 2,0,1,13396,0,0.0,ADD 3,0,1,13368,0,0.0,ADD 4,0,1,13357,0,0.0,ADD 5,0,0,0,0,0.0,ADD 6,0,1,13335,0,0.0,ADD 7,0,0,0,0,0.0,EGT2CAN,0,1,13335,0,0.0
1778951539.5496686,0.0,13358,-43.0,1,-,0,0,0,0,0.0,-,0,0,0,0,0.0,ECU,1,1,13401,0,0.0,FAN1,0,0,0,0,0.0,COILS,1,1,13363,0,0.0,PUMP,0,0,0,0,0.0,INJECTOR,1,1,13390,0,0.0,SERVO,1,1,13335,0,0.0,ADD 1,0,1,13401,0,0.0,ADD 2,0,1,13396,0,0.0,ADD 3,0,1,13368,0,0.0,ADD 4,0,1,13357,0,0.0,ADD 5,0,0,0,0,0.0,ADD 6,0,1,13335,0,0.0,ADD 7,0,0,0,0,0.0,EGT2CAN,0,1,13335,0,0.0
1778951539.6000686,0.0,13358,-43.0,1,-,0,0,0,0,0.0,-,0,0,0,0,0.0,ECU,1,1,13385,0,0.0,FAN1,0,0,0,0,0.0,COILS,1,1,13379,0,0.0,PUMP,0,0,0,0,0.0,INJECTOR,1,1,13341,0,0.0,SERVO,1,1,13297,0,0.0,ADD 1,0,1,13368,0,0.0,ADD 2,0,1,13423,0,0.0,ADD 3,0,1,13401,0,0.0,ADD 4,0,1,13352,0,0.0,ADD 5,0,0,0,0,0.0,ADD 6,0,1,13401,0,0.0,ADD 7,0,0,0,0,0.0,EGT2CAN,0,1,13286,0,0.0
1778951539.6534474,0.0,13358,-43.0,1,-,0,0,0,0,0.0,-,0,0,0,0,0.0,ECU,1,1,13385,0,0.0,FAN1,0,0,0,0,0.0,COILS,1,1,13379,0,0.0,PUMP,0,0,0,0,0.0,INJECTOR,1,1,13341,0,0.0,SERVO,1,1,13297,0,0.0,ADD 1,0,1,13368,0,0.0,ADD 2,0,1,13423,0,0.0,ADD 3,0,1,13401,0,0.0,ADD 4,0,1,13352,0,0.0,ADD 5,0,0,0,0,0.0,ADD 6,0,1,13401,0,0.0,ADD 7,0,0,0,0,0.0,EGT2CAN,0,1,13286,0,0.0
1778951539.70437,0.0,13358,-43.0,1,-,0,0,0,0,0.0,-,0,0,0,0,0.0,ECU,1,1,13374,0,0.0,FAN1,0,0,0,0,0.0,COILS,1,1,13417,0,0.0,PUMP,0,0,0,0,0.0,INJECTOR,1,1,13374,0,0.0,SERVO,1,1,13319,0,0.0,ADD 1,0,1,13417,0,0.0,ADD 2,0,1,13390,0,0.0,ADD 3,0,1,13406,0,0.0,ADD 4,0,1,13330,0,0.0,ADD 5,0,0,0,0,0.0,ADD 6,0,1,13352,0,0.0,ADD 7,0,0,0,0,0.0,EGT2CAN,0,1,13352,0,0.0
1778951539.763927,0.0,13401,-43.0,1,-,0,0,0,0,0.0,-,0,0,0,0,0.0,ECU,1,1,13374,0,0.0,FAN1,0,0,0,0,0.0,COILS,1,1,13363,0,0.0,PUMP,0,0,0,0,0.0,INJECTOR,1,1,13352,0,0.0,SERVO,1,1,13352,0,0.0,ADD 1,0,1,13417,0,0.0,ADD 2,0,1,13379,0,0.0,ADD 3,0,1,13401,0,0.0,ADD 4,0,1,13352,0,0.0,ADD 5,0,0,0,0,0.0,ADD 6,0,1,13330,0,0.0,ADD 7,0,0,0,0,0.0,EGT2CAN,0,1,13363,0,0.0
1778951539.8207073,0.0,13401,-43.0,1,-,0,0,0,0,0.0,-,0,0,0,0,0.0,ECU,1,1,13313,0,0.0,FAN1,0,0,0,0,0.0,COILS,1,1,13352,0,0.0,PUMP,0,0,0,0,0.0,INJECTOR,1,1,13412,0,0.0,SERVO,1,1,13303,0,0.0,ADD 1,0,1,13417,0,0.0,ADD 2,0,1,13379,0,0.0,ADD 3,0,1,13401,0,0.0,ADD 4,0,1,13352,0,0.0,ADD 5,0,0,0,0,0.0,ADD 6,0,1,13330,0,0.0,ADD 7,0,0,0,0,0.0,EGT2CAN,0,1,13363,0,0.0
1778951539.882925,0.0,13395,-43.0,1,-,0,0,0,0,0.0,-,0,0,0,0,0.0,ECU,1,1,13390,0,0.0,FAN1,0,0,0,0,0.0,COILS,1,1,13363,0,0.0,PUMP,0,0,0,0,0.0,INJECTOR,1,1,13379,0,0.0,SERVO,1,1,13352,0,0.0,ADD 1,0,1,13401,0,0.0,ADD 2,0,1,13428,0,0.0,ADD 3,0,1,13357,0,0.0,ADD 4,0,1,13374,0,0.0,ADD 5,0,0,0,0,0.0,ADD 6,0,1,13319,0,0.0,ADD 7,0,0,0,0,0.0,EGT2CAN,0,1,13357,0,0.0
1778951539.9354908,0.0,13395,-43.0,1,-,0,0,0,0,0.0,-,0,0,0,0,0.0,ECU,1,1,13390,0,0.0,FAN1,0,0,0,0,0.0,COILS,1,1,13363,0,0.0,PUMP,0,0,0,0,0.0,INJECTOR,1,1,13379,0,0.0,SERVO,1,1,13352,0,0.0,ADD 1,0,1,13401,0,0.0,ADD 2,0,1,13428,0,0.0,ADD 3,0,1,13357,0,0.0,ADD 4,0,1,13374,0,0.0,ADD 5,0,0,0,0,0.0,ADD 6,0,1,13319,0,0.0,ADD 7,0,0,0,0,0.0,EGT2CAN,0,1,13357,0,0.0
1778951539.9893272,0.0,13395,-43.0,1,-,0,0,0,0,0.0,-,0,0,0,0,0.0,ECU,1,1,13401,0,0.0,FAN1,0,0,0,0,0.0,COILS,1,1,13352,0,0.0,PUMP,0,0,0,0,0.0,INJECTOR,1,1,13357,0,0.0,SERVO,1,1,13297,0,0.0,ADD 1,0,1,13385,0,0.0,ADD 2,0,1,13357,0,0.0,ADD 3,0,1,13390,0,0.0,ADD 4,0,1,13330,0,0.0,ADD 5,0,0,0,0,0.0,ADD 6,0,1,13423,0,0.0,ADD 7,0,0,0,0,0.0,EGT2CAN,0,1,13308,0,0.0
1778951540.0431616,0.0,13407,-43.0,1,-,0,0,0,0,0.0,-,0,0,0,0,0.0,ECU,1,1,13379,0,0.0,FAN1,0,0,0,0,0.0,COILS,1,1,13401,0,0.0,PUMP,0,0,0,0,0.0,INJECTOR,1,1,13390,0,0.0,SERVO,1,1,13324,0,0.0,ADD 1,0,1,13401,0,0.0,ADD 2,0,1,13406,0,0.0,ADD 3,0,1,13319,0,0.0,ADD 4,0,1,13352,0,0.0,ADD 5,0,0,0,0,0.0,ADD 6,0,1,13357,0,0.0,ADD 7,0,0,0,0,0.0,EGT2CAN,0,1,13374,0,0.0
1778951540.0935917,0.0,13407,-43.0,1,-,0,0,0,0,0.0,-,0,0,0,0,0.0,ECU,1,1,13357,0,0.0,FAN1,0,0,0,0,0.0,COILS,1,1,13352,0,0.0,PUMP,0,0,0,0,0.0,INJECTOR,1,1,13363,0,0.0,SERVO,1,1,13363,0,0.0,ADD 1,0,1,13374,0,0.0,ADD 2,0,1,13412,0,0.0,ADD 3,0,1,13357,0,0.0,ADD 4,0,1,13330,0,0.0,ADD 5,0,0,0,0,0.0,ADD 6,0,1,13357,0,0.0,ADD 7,0,0,0,0,0.0,EGT2CAN,0,1,13374,0,0.0
1778951540.1445985,0.0,13401,-43.0,1,-,0,0,0,0,0.0,-,0,0,0,0,0.0,ECU,1,1,13335,0,0.0,FAN1,0,0,0,0,0.0,COILS,1,1,13352,0,0.0,PUMP,0,0,0,0,0.0,INJECTOR,1,1,13401,0,0.0,SERVO,1,1,13330,0,0.0,ADD 1,0,1,13417,0,0.0,ADD 2,0,1,13396,0,0.0,ADD 3,0,1,13352,0,0.0,ADD 4,0,1,13270,0,0.0,ADD 5,0,0,0,0,0.0,ADD 6,0,1,13374,0,0.0,ADD 7,0,0,0,0,0.0,EGT2CAN,0,1,13363,0,0.0
1778951540.2005656,0.0,13351,-43.0,1,-,0,0,0,0,0.0,-,0,0,0,0,0.0,ECU,1,1,13352,0,0.0,FAN1,0,0,0,0,0.0,COILS,1,1,13346,0,0.0,PUMP,0,0,0,0,0.0,INJECTOR,1,1,13401,0,0.0,SERVO,1,1,13341,0,0.0,ADD 1,0,1,13374,0,0.0,ADD 2,0,1,13406,0,0.0,ADD 3,0,1,13390,0,0.0,ADD 4,0,1,13357,0,0.0,ADD 5,0,0,0,0,0.0,ADD 6,0,1,13352,0,0.0,ADD 7,0,0,0,0,0.0,EGT2CAN,0,1,13357,0,0.0
1778951540.2642999,0.0,13351,-43.0,1,-,0,0,0,0,0.0,-,0,0,0,0,0.0,ECU,1,1,13396,0,0.0,FAN1,0,0,0,0,0.0,COILS,1,1,13335,0,0.0,PUMP,0,0,0,0,0.0,INJECTOR,1,1,13352,0,0.0,SERVO,1,1,13379,0,0.0,ADD 1,0,1,13401,0,0.0,ADD 2,0,1,13363,0,0.0,ADD 3,0,1,13341,0,0.0,ADD 4,0,1,13335,0,0.0,ADD 5,0,0,0,0,0.0,ADD 6,0,1,13352,0,0.0,ADD 7,0,0,0,0,0.0,EGT2CAN,0,1,13357,0,0.0
1778951540.3249645,0.0,13345,-44.0,1,-,0,0,0,0,0.0,-,0,0,0,0,0.0,ECU,1,1,13401,0,0.0,FAN1,0,0,0,0,0.0,COILS,1,1,13335,0,0.0,PUMP,0,0,0,0,0.0,INJECTOR,1,1,13363,0,0.0,SERVO,1,1,13368,0,0.0,ADD 1,0,1,13385,0,0.0,ADD 2,0,1,13335,0,0.0,ADD 3,0,1,13352,0,0.0,ADD 4,0,1,13335,0,0.0,ADD 5,0,0,0,0,0.0,ADD 6,0,1,13374,0,0.0,ADD 7,0,0,0,0,0.0,EGT2CAN,0,1,13390,0,0.0
1778951540.3870876,0.0,13314,-43.0,1,-,0,0,0,0,0.0,-,0,0,0,0,0.0,ECU,1,1,13385,0,0.0,FAN1,0,0,0,0,0.0,COILS,1,1,13374,0,0.0,PUMP,0,0,0,0,0.0,INJECTOR,1,1,13330,0,0.0,SERVO,1,1,13352,0,0.0,ADD 1,0,1,13335,0,0.0,ADD 2,0,1,13346,0,0.0,ADD 3,0,1,13357,0,0.0,ADD 4,0,1,13330,0,0.0,ADD 5,0,0,0,0,0.0,ADD 6,0,1,13396,0,0.0,ADD 7,0,0,0,0,0.0,EGT2CAN,0,1,13374,0,0.0
1778951540.4378269,0.0,13382,-43.0,1,-,0,0,0,0,0.0,-,0,0,0,0,0.0,ECU,1,1,13352,0,0.0,FAN1,0,0,0,0,0.0,COILS,1,1,13401,0,0.0,PUMP,0,0,0,0,0.0,INJECTOR,1,1,13363,0,0.0,SERVO,1,1,13335,0,0.0,ADD 1,0,1,13363,0,0.0,ADD 2,0,1,13401,0,0.0,ADD 3,0,1,13374,0,0.0,ADD 4,0,1,13319,0,0.0,ADD 5,0,0,0,0,0.0,ADD 6,0,1,13390,0,0.0,ADD 7,0,0,0,0,0.0,EGT2CAN,0,1,13335,0,0.0
1778951540.4899037,0.0,13382,-43.0,1,-,0,0,0,0,0.0,-,0,0,0,0,0.0,ECU,1,1,13352,0,0.0,FAN1,0,0,0,0,0.0,COILS,1,1,13401,0,0.0,PUMP,0,0,0,0,0.0,INJECTOR,1,1,13363,0,0.0,SERVO,1,1,13335,0,0.0,ADD 1,0,1,13363,0,0.0,ADD 2,0,1,13401,0,0.0,ADD 3,0,1,13374,0,0.0,ADD 4,0,1,13319,0,0.0,ADD 5,0,0,0,0,0.0,ADD 6,0,1,13390,0,0.0,ADD 7,0,0,0,0,0.0,EGT2CAN,0,1,13335,0,0.0
1778951540.5431542,0.0,13382,-43.0,1,-,0,0,0,0,0.0,-,0,0,0,0,0.0,ECU,1,1,13335,0,0.0,FAN1,0,0,0,0,0.0,COILS,1,1,13352,0,0.0,PUMP,0,0,0,0,0.0,INJECTOR,1,1,13330,0,0.0,SERVO,1,1,13352,0,0.0,ADD 1,0,1,13374,0,0.0,ADD 2,0,1,13406,0,0.0,ADD 3,0,1,13352,0,0.0,ADD 4,0,1,13335,0,0.0,ADD 5,0,0,0,0,0.0,ADD 6,0,1,13335,0,0.0,ADD 7,0,0,0,0,0.0,EGT2CAN,0,1,13352,0,0.0
1778951540.596434,0.0,13395,-41.0,1,-,0,0,0,0,0.0,-,0,0,0,0,0.0,ECU,1,1,13303,0,0.0,FAN1,0,0,0,0,0.0,COILS,1,1,13368,0,0.0,PUMP,0,0,0,0,0.0,INJECTOR,1,1,13385,0,0.0,SERVO,1,1,13335,0,0.0,ADD 1,0,1,13401,0,0.0,ADD 2,0,1,13406,0,0.0,ADD 3,0,1,13396,0,0.0,ADD 4,0,1,13368,0,0.0,ADD 5,0,0,0,0,0.0,ADD 6,0,1,13248,0,0.0,ADD 7,0,0,0,0,0.0,EGT2CAN,0,1,13248,0,0.0
1778951540.6467187,0.0,13395,-41.0,1,-,0,0,0,0,0.0,-,0,0,0,0,0.0,ECU,1,1,13385,0,0.0,FAN1,0,0,0,0,0.0,COILS,1,1,13368,0,0.0,PUMP,0,0,0,0,0.0,INJECTOR,1,1,13385,0,0.0,SERVO,1,1,13335,0,0.0,ADD 1,0,1,13401,0,0.0,ADD 2,0,1,13406,0,0.0,ADD 3,0,1,13396,0,0.0,ADD 4,0,1,13368,0,0.0,ADD 5,0,0,0,0,0.0,ADD 6,0,1,13248,0,0.0,ADD 7,0,0,0,0,0.0,EGT2CAN,0,1,13248,0,0.0
1778951540.6969845,0.0,13395,-43.0,1,-,0,0,0,0,0.0,-,0,0,0,0,0.0,ECU,1,1,13346,0,0.0,FAN1,0,0,0,0,0.0,COILS,1,1,13374,0,0.0,PUMP,0,0,0,0,0.0,INJECTOR,1,1,13357,0,0.0,SERVO,1,1,13341,0,0.0,ADD 1,0,1,13396,0,0.0,ADD 2,0,1,13396,0,0.0,ADD 3,0,1,13319,0,0.0,ADD 4,0,1,13352,0,0.0,ADD 5,0,0,0,0,0.0,ADD 6,0,1,13363,0,0.0,ADD 7,0,0,0,0,0.0,EGT2CAN,0,1,13330,0,0.0
1778951540.7553632,0.0,13376,-43.0,1,-,0,0,0,0,0.0,-,0,0,0,0,0.0,ECU,1,1,13379,0,0.0,FAN1,0,0,0,0,0.0,COILS,1,1,13379,0,0.0,PUMP,0,0,0,0,0.0,INJECTOR,1,1,13357,0,0.0,SERVO,1,1,13292,0,0.0,ADD 1,0,1,13308,0,0.0,ADD 2,0,1,13379,0,0.0,ADD 3,0,1,13341,0,0.0,ADD 4,0,1,13330,0,0.0,ADD 5,0,0,0,0,0.0,ADD 6,0,1,13428,0,0.0,ADD 7,0,0,0,0,0.0,EGT2CAN,0,1,13330,0,0.0
1778951540.817669,0.0,13376,-43.0,1,-,0,0,0,0,0.0,-,0,0,0,0,0.0,ECU,1,1,13390,0,0.0,FAN1,0,0,0,0,0.0,COILS,1,1,13379,0,0.0,PUMP,0,0,0,0,0.0,INJECTOR,1,1,13357,0,0.0,SERVO,1,1,13292,0,0.0,ADD 1,0,1,13308,0,0.0,ADD 2,0,1,13379,0,0.0,ADD 3,0,1,13341,0,0.0,ADD 4,0,1,13330,0,0.0,ADD 5,0,0,0,0,0.0,ADD 6,0,1,13428,0,0.0,ADD 7,0,0,0,0,0.0,EGT2CAN,0,1,13330,0,0.0
1778951540.868335,0.0,13358,-44.0,1,-,0,0,0,0,0.0,-,0,0,0,0,0.0,ECU,1,1,13363,0,0.0,FAN1,0,0,0,0,0.0,COILS,1,1,13396,0,0.0,PUMP,0,0,0,0,0.0,INJECTOR,1,1,13385,0,0.0,SERVO,1,1,13357,0,0.0,ADD 1,0,1,13401,0,0.0,ADD 2,0,1,13374,0,0.0,ADD 3,0,1,13319,0,0.0,ADD 4,0,1,13335,0,0.0,ADD 5,0,0,0,0,0.0,ADD 6,0,1,13406,0,0.0,ADD 7,0,0,0,0,0.0,EGT2CAN,0,1,13346,0,0.0
1778951540.919406,0.0,13345,-44.0,1,-,0,0,0,0,0.0,-,0,0,0,0,0.0,ECU,1,1,13374,0,0.0,FAN1,0,0,0,0,0.0,COILS,1,1,13379,0,0.0,PUMP,0,0,0,0,0.0,INJECTOR,1,1,13363,0,0.0,SERVO,1,1,13363,0,0.0,ADD 1,0,1,13401,0,0.0,ADD 2,0,1,13406,0,0.0,ADD 3,0,1,13341,0,0.0,ADD 4,0,1,13335,0,0.0,ADD 5,0,0,0,0,0.0,ADD 6,0,1,13335,0,0.0,ADD 7,0,0,0,0,0.0,EGT2CAN,0,1,13374,0,0.0
1778951540.97145,0.0,13345,-44.0,1,-,0,0,0,0,0.0,-,0,0,0,0,0.0,ECU,1,1,13335,0,0.0,FAN1,0,0,0,0,0.0,COILS,1,1,13390,0,0.0,PUMP,0,0,0,0,0.0,INJECTOR,1,1,13379,0,0.0,SERVO,1,1,13303,0,0.0,ADD 1,0,1,13341,0,0.0,ADD 2,0,1,13352,0,0.0,ADD 3,0,1,13374,0,0.0,ADD 4,0,1,13319,0,0.0,ADD 5,0,0,0,0,0.0,ADD 6,0,1,13335,0,0.0,ADD 7,0,0,0,0,0.0,EGT2CAN,0,1,13374,0,0.0
1778951541.0224826,0.0,13395,-45.0,1,-,0,0,0,0,0.0,-,0,0,0,0,0.0,ECU,1,1,13335,0,0.0,FAN1,0,0,0,0,0.0,COILS,1,1,13303,0,0.0,PUMP,0,0,0,0,0.0,INJECTOR,1,1,13324,0,0.0,SERVO,1,1,13324,0,0.0,ADD 1,0,1,13374,0,0.0,ADD 2,0,1,13401,0,0.0,ADD 3,0,1,13319,0,0.0,ADD 4,0,1,13335,0,0.0,ADD 5,0,0,0,0,0.0,ADD 6,0,1,13363,0,0.0,ADD 7,0,0,0,0,0.0,EGT2CAN,0,1,13308,0,0.0
1778951541.07536,0.0,13382,-43.0,1,-,0,0,0,0,0.0,-,0,0,0,0,0.0,ECU,1,1,13335,0,0.0,FAN1,0,0,0,0,0.0,COILS,1,1,13303,0,0.0,PUMP,0,0,0,0,0.0,INJECTOR,1,1,13324,0,0.0,SERVO,1,1,13324,0,0.0,ADD 1,0,1,13374,0,0.0,ADD 2,0,1,13401,0,0.0,ADD 3,0,1,13319,0,0.0,ADD 4,0,1,13335,0,0.0,ADD 5,0,0,0,0,0.0,ADD 6,0,1,13396,0,0.0,ADD 7,0,0,0,0,0.0,EGT2CAN,0,1,13374,0,0.0
1778951541.1260157,0.0,13382,-43.0,1,-,0,0,0,0,0.0,-,0,0,0,0,0.0,ECU,1,1,13330,0,0.0,FAN1,0,0,0,0,0.0,COILS,1,1,13374,0,0.0,PUMP,0,0,0,0,0.0,INJECTOR,1,1,13335,0,0.0,SERVO,1,1,13319,0,0.0,ADD 1,0,1,13324,0,0.0,ADD 2,0,1,13368,0,0.0,ADD 3,0,1,13352,0,0.0,ADD 4,0,1,13363,0,0.0,ADD 5,0,0,0,0,0.0,ADD 6,0,1,13423,0,0.0,ADD 7,0,0,0,0,0.0,EGT2CAN,0,1,13335,0,0.0
1778951541.1963995,0.0,13351,-43.0,1,-,0,0,0,0,0.0,-,0,0,0,0,0.0,ECU,1,1,13374,0,0.0,FAN1,0,0,0,0,0.0,COILS,1,1,13390,0,0.0,PUMP,0,0,0,0,0.0,INJECTOR,1,1,13390,0,0.0,SERVO,1,1,13330,0,0.0,ADD 1,0,1,13248,0,0.0,ADD 2,0,1,13352,0,0.0,ADD 3,0,1,13248,0,0.0,ADD 4,0,1,13352,0,0.0,ADD 5,0,0,0,0,0.0,ADD 6,0,1,13363,0,0.0,ADD 7,0,0,0,0,0.0,EGT2CAN,0,1,13346,0,0.0
1778951541.2466333,0.0,13388,-43.0,1,-,0,0,0,0,0.0,-,0,0,0,0,0.0,ECU,1,1,13374,0,0.0,FAN1,0,0,0,0,0.0,COILS,1,1,13390,0,0.0,PUMP,0,0,0,0,0.0,INJECTOR,1,1,13390,0,0.0,SERVO,1,1,13330,0,0.0,ADD 1,0,1,13248,0,0.0,ADD 2,0,1,13352,0,0.0,ADD 3,0,1,13248,0,0.0,ADD 4,0,1,13352,0,0.0,ADD 5,0,0,0,0,0.0,ADD 6,0,1,13363,0,0.0,ADD 7,0,0,0,0,0.0,EGT2CAN,0,1,13346,0,0.0
1778951541.3064933,0.0,13395,-43.0,1,-,0,0,0,0,0.0,-,0,0,0,0,0.0,ECU,1,1,13352,0,0.0,FAN1,0,0,0,0,0.0,COILS,1,1,13406,0,0.0,PUMP,0,0,0,0,0.0,INJECTOR,1,1,13352,0,0.0,SERVO,1,1,13319,0,0.0,ADD 1,0,1,13352,0,0.0,ADD 2,0,1,13401,0,0.0,ADD 3,0,1,13352,0,0.0,ADD 4,0,1,13346,0,0.0,ADD 5,0,0,0,0,0.0,ADD 6,0,1,13368,0,0.0,ADD 7,0,0,0,0,0.0,EGT2CAN,0,1,13335,0,0.0
1778951541.3578393,0.0,13395,-43.0,1,-,0,0,0,0,0.0,-,0,0,0,0,0.0,ECU,1,1,13275,0,0.0,FAN1,0,0,0,0,0.0,COILS,1,1,13357,0,0.0,PUMP,0,0,0,0,0.0,INJECTOR,1,1,13363,0,0.0,SERVO,1,1,13248,0,0.0,ADD 1,0,1,13352,0,0.0,ADD 2,0,1,13401,0,0.0,ADD 3,0,1,13352,0,0.0,ADD 4,0,1,13346,0,0.0,ADD 5,0,0,0,0,0.0,ADD 6,0,1,13368,0,0.0,ADD 7,0,0,0,0,0.0,EGT2CAN,0,1,13335,0,0.0
1778951541.409011,0.0,13370,-43.0,1,-,0,0,0,0,0.0,-,0,0,0,0,0.0,ECU,1,1,13330,0,0.0,FAN1,0,0,0,0,0.0,COILS,1,1,13352,0,0.0,PUMP,0,0,0,0,0.0,INJECTOR,1,1,13396,0,0.0,SERVO,1,1,13330,0,0.0,ADD 1,0,1,13346,0,0.0,ADD 2,0,1,13401,0,0.0,ADD 3,0,1,13363,0,0.0,ADD 4,0,1,13303,0,0.0,ADD 5,0,0,0,0,0.0,ADD 6,0,1,13412,0,0.0,ADD 7,0,0,0,0,0.0,EGT2CAN,0,1,13297,0,0.0
1778951541.4651582,0.0,13370,-43.0,1,-,0,0,0,0,0.0,-,0,0,0,0,0.0,ECU,1,1,13303,0,0.0,FAN1,0,0,0,0,0.0,COILS,1,1,13330,0,0.0,PUMP,0,0,0,0,0.0,INJECTOR,1,1,13319,0,0.0,SERVO,1,1,13368,0,0.0,ADD 1,0,1,13319,0,0.0,ADD 2,0,1,13390,0,0.0,ADD 3,0,1,13390,0,0.0,ADD 4,0,1,13352,0,0.0,ADD 5,0,0,0,0,0.0,ADD 6,0,1,13346,0,0.0,ADD 7,0,0,0,0,0.0,EGT2CAN,0,1,13357,0,0.0
1778951541.5290384,0.0,13370,-43.0,1,-,0,0,0,0,0.0,-,0,0,0,0,0.0,ECU,1,1,13374,0,0.0,FAN1,0,0,0,0,0.0,COILS,1,1,13319,0,0.0,PUMP,0,0,0,0,0.0,INJECTOR,1,1,13352,0,0.0,SERVO,1,1,13352,0,0.0,ADD 1,0,1,13379,0,0.0,ADD 2,0,1,13401,0,0.0,ADD 3,0,1,13390,0,0.0,ADD 4,0,1,13341,0,0.0,ADD 5,0,0,0,0,0.0,ADD 6,0,1,13346,0,0.0,ADD 7,0,0,0,0,0.0,EGT2CAN,0,1,13357,0,0.0
1778951541.580021,0.0,13395,-44.0,1,-,0,0,0,0,0.0,-,0,0,0,0,0.0,ECU,1,1,13313,0,0.0,FAN1,0,0,0,0,0.0,COILS,1,1,13379,0,0.0,PUMP,0,0,0,0,0.0,INJECTOR,1,1,13374,0,0.0,SERVO,1,1,13259,0,0.0,ADD 1,0,1,13363,0,0.0,ADD 2,0,1,13303,0,0.0,ADD 3,0,1,13335,0,0.0,ADD 4,0,1,13346,0,0.0,ADD 5,0,0,0,0,0.0,ADD 6,0,1,13390,0,0.0,ADD 7,0,0,0,0,0.0,EGT2CAN,0,1,13374,0,0.0
1778951541.6318636,0.0,13395,-44.0,1,-,0,0,0,0,0.0,-,0,0,0,0,0.0,ECU,1,1,13313,0,0.0,FAN1,0,0,0,0,0.0,COILS,1,1,13379,0,0.0,PUMP,0,0,0,0,0.0,INJECTOR,1,1,13374,0,0.0,SERVO,1,1,13259,0,0.0,ADD 1,0,1,13363,0,0.0,ADD 2,0,1,13303,0,0.0,ADD 3,0,1,13335,0,0.0,ADD 4,0,1,13346,0,0.0,ADD 5,0,0,0,0,0.0,ADD 6,0,1,13390,0,0.0,ADD 7,0,0,0,0,0.0,EGT2CAN,0,1,13374,0,0.0
1778951541.6848555,0.0,13395,-44.0,1,-,0,0,0,0,0.0,-,0,0,0,0,0.0,ECU,1,1,13363,0,0.0,FAN1,0,0,0,0,0.0,COILS,1,1,13363,0,0.0,PUMP,0,0,0,0,0.0,INJECTOR,1,1,13341,0,0.0,SERVO,1,1,13368,0,0.0,ADD 1,0,1,13303,0,0.0,ADD 2,0,1,13352,0,0.0,ADD 3,0,1,13379,0,0.0,ADD 4,0,1,13319,0,0.0,ADD 5,0,0,0,0,0.0,ADD 6,0,1,13374,0,0.0,ADD 7,0,0,0,0,0.0,EGT2CAN,0,1,13292,0,0.0
1778951541.7389517,1.7,13364,-43.0,1,-,0,0,0,0,0.0,-,0,0,0,0,0.0,ECU,1,1,13352,10,1.7,FAN1,0,0,0,0,0.0,COILS,1,1,13374,0,0.0,PUMP,0,0,0,0,0.0,INJECTOR,1,1,13401,0,0.0,SERVO,1,1,13352,0,0.0,ADD 1,0,1,13390,0,0.0,ADD 2,0,1,13385,0,0.0,ADD 3,0,1,13330,0,0.0,ADD 4,0,1,13308,0,0.0,ADD 5,0,0,0,0,0.0,ADD 6,0,1,13357,0,0.0,ADD 7,0,0,0,0,0.0,EGT2CAN,0,1,13374,0,0.0
1778951541.7964694,1.7,13364,-43.0,1,-,0,0,0,0,0.0,-,0,0,0,0,0.0,ECU,1,1,13352,10,1.7,FAN1,0,0,0,0,0.0,COILS,1,1,13385,0,0.0,PUMP,0,0,0,0,0.0,INJECTOR,1,1,13379,0,0.0,SERVO,1,1,13352,0,0.0,ADD 1,0,1,13390,0,0.0,ADD 2,0,1,13385,0,0.0,ADD 3,0,1,13330,0,0.0,ADD 4,0,1,13308,0,0.0,ADD 5,0,0,0,0,0.0,ADD 6,0,1,13357,0,0.0,ADD 7,0,0,0,0,0.0,EGT2CAN,0,1,13374,0,0.0
1778951541.8469903,2.0,13358,-43.0,1,-,0,0,0,0,0.0,-,0,0,0,0,0.0,ECU,1,1,13368,0,2.0,FAN1,0,0,0,0,0.0,COILS,1,1,13390,0,0.0,PUMP,0,0,0,0,0.0,INJECTOR,1,1,13330,0,0.0,SERVO,1,1,13286,0,0.0,ADD 1,0,1,13390,0,0.0,ADD 2,0,1,13406,0,0.0,ADD 3,0,1,13374,0,0.0,ADD 4,0,1,13308,0,0.0,ADD 5,0,0,0,0,0.0,ADD 6,0,1,13303,0,0.0,ADD 7,0,0,0,0,0.0,EGT2CAN,0,1,13303,0,0.0
1778951541.9016159,1.7,13364,-43.0,1,-,0,0,0,0,0.0,-,0,0,0,0,0.0,ECU,1,1,13324,0,1.7,FAN1,0,0,0,0,0.0,COILS,1,1,13374,0,0.0,PUMP,0,0,0,0,0.0,INJECTOR,1,1,13341,0,0.0,SERVO,1,1,13357,0,0.0,ADD 1,0,1,13374,0,0.0,ADD 2,0,1,13406,0,0.0,ADD 3,0,1,13374,0,0.0,ADD 4,0,1,13319,0,0.0,ADD 5,0,0,0,0,0.0,ADD 6,0,1,13319,0,0.0,ADD 7,0,0,0,0,0.0,EGT2CAN,0,1,13319,0,0.0
1778951541.9603646,1.7,13364,-43.0,1,-,0,0,0,0,0.0,-,0,0,0,0,0.0,ECU,1,1,13374,0,1.7,FAN1,0,0,0,0,0.0,COILS,1,1,13286,0,0.0,PUMP,0,0,0,0,0.0,INJECTOR,1,1,13341,0,0.0,SERVO,1,1,13335,0,0.0,ADD 1,0,1,13374,0,0.0,ADD 2,0,1,13406,0,0.0,ADD 3,0,1,13374,0,0.0,ADD 4,0,1,13319,0,0.0,ADD 5,0,0,0,0,0.0,ADD 6,0,1,13319,0,0.0,ADD 7,0,0,0,0,0.0,EGT2CAN,0,1,13319,0,0.0
1778951542.010852,0.0,13314,-43.0,1,-,0,0,0,0,0.0,-,0,0,0,0,0.0,ECU,1,1,13352,0,0.0,FAN1,0,0,0,0,0.0,COILS,1,1,13352,0,0.0,PUMP,0,0,0,0,0.0,INJECTOR,1,1,13352,0,0.0,SERVO,1,1,13281,0,0.0,ADD 1,0,1,13357,0,0.0,ADD 2,0,1,13406,0,0.0,ADD 3,0,1,13341,0,0.0,ADD 4,0,1,13335,0,0.0,ADD 5,0,0,0,0,0.0,ADD 6,0,1,13335,0,0.0,ADD 7,0,0,0,0,0.0,EGT2CAN,0,1,13341,0,0.0
1778951542.0618615,0.0,13370,-43.0,1,-,0,0,0,0,0.0,-,0,0,0,0,0.0,ECU,1,1,13335,0,0.0,FAN1,0,0,0,0,0.0,COILS,1,1,13363,0,0.0,PUMP,0,0,0,0,0.0,INJECTOR,1,1,13341,0,0.0,SERVO,1,1,13319,0,0.0,ADD 1,0,1,13357,0,0.0,ADD 2,0,1,13357,0,0.0,ADD 3,0,1,13357,0,0.0,ADD 4,0,1,13341,0,0.0,ADD 5,0,0,0,0,0.0,ADD 6,0,1,13313,0,0.0,ADD 7,0,0,0,0,0.0,EGT2CAN,0,1,13352,0,0.0
1778951542.1130974,0.0,13370,-43.0,1,-,0,0,0,0,0.0,-,0,0,0,0,0.0,ECU,1,1,13379,0,0.0,FAN1,0,0,0,0,0.0,COILS,1,1,13286,0,0.0,PUMP,0,0,0,0,0.0,INJECTOR,1,1,13346,0,0.0,SERVO,1,1,13248,0,0.0,ADD 1,0,1,13357,0,0.0,ADD 2,0,1,13357,0,0.0,ADD 3,0,1,13357,0,0.0,ADD 4,0,1,13341,0,0.0,ADD 5,0,0,0,0,0.0,ADD 6,0,1,13313,0,0.0,ADD 7,0,0,0,0,0.0,EGT2CAN,0,1,13352,0,0.0
1778951542.1640863,0.0,13370,-43.0,1,-,0,0,0,0,0.0,-,0,0,0,0,0.0,ECU,1,1,13390,0,0.0,FAN1,0,0,0,0,0.0,COILS,1,1,13352,0,0.0,PUMP,0,0,0,0,0.0,INJECTOR,1,1,13319,0,0.0,SERVO,1,1,13292,0,0.0,ADD 1,0,1,13341,0,0.0,ADD 2,0,1,13368,0,0.0,ADD 3,0,1,13341,0,0.0,ADD 4,0,1,13352,0,0.0,ADD 5,0,0,0,0,0.0,ADD 6,0,1,13401,0,0.0,ADD 7,0,0,0,0,0.0,EGT2CAN,0,1,13319,0,0.0
1778951542.2152393,0.0,13376,-43.0,1,-,0,0,0,0,0.0,-,0,0,0,0,0.0,ECU,1,1,13363,0,0.0,FAN1,0,0,0,0,0.0,COILS,1,1,13379,0,0.0,PUMP,0,0,0,0,0.0,INJECTOR,1,1,13352,0,0.0,SERVO,1,1,13357,0,0.0,ADD 1,0,1,13335,0,0.0,ADD 2,0,1,13341,0,0.0,ADD 3,0,1,13303,0,0.0,ADD 4,0,1,13330,0,0.0,ADD 5,0,0,0,0,0.0,ADD 6,0,1,13396,0,0.0,ADD 7,0,0,0,0,0.0,EGT2CAN,0,1,13368,0,0.0
1778951542.2655938,0.0,13376,-43.0,1,-,0,0,0,0,0.0,-,0,0,0,0,0.0,ECU,1,1,13357,0,0.0,FAN1,0,0,0,0,0.0,COILS,1,1,13396,0,0.0,PUMP,0,0,0,0,0.0,INJECTOR,1,1,13385,0,0.0,SERVO,1,1,13335,0,0.0,ADD 1,0,1,13374,0,0.0,ADD 2,0,1,13248,0,0.0,ADD 3,0,1,13352,0,0.0,ADD 4,0,1,13330,0,0.0,ADD 5,0,0,0,0,0.0,ADD 6,0,1,13248,0,0.0,ADD 7,0,0,0,0,0.0,EGT2CAN,0,1,13248,0,0.0
1778951542.331665,0.0,13364,-44.0,1,-,0,0,0,0,0.0,-,0,0,0,0,0.0,ECU,1,1,13374,0,0.0,FAN1,0,0,0,0,0.0,COILS,1,1,13330,0,0.0,PUMP,0,0,0,0,0.0,INJECTOR,1,1,13330,0,0.0,SERVO,1,1,13248,0,0.0,ADD 1,0,1,13379,0,0.0,ADD 2,0,1,13248,0,0.0,ADD 3,0,1,13264,0,0.0,ADD 4,0,1,13248,0,0.0,ADD 5,0,0,0,0,0.0,ADD 6,0,1,13352,0,0.0,ADD 7,0,0,0,0,0.0,EGT2CAN,0,1,13248,0,0.0
1778951542.3886054,0.0,13364,-44.0,1,-,0,0,0,0,0.0,-,0,0,0,0,0.0,ECU,1,1,13346,0,0.0,FAN1,0,0,0,0,0.0,COILS,1,1,13374,0,0.0,PUMP,0,0,0,0,0.0,INJECTOR,1,1,13390,0,0.0,SERVO,1,1,13352,0,0.0,ADD 1,0,1,13390,0,0.0,ADD 2,0,1,13352,0,0.0,ADD 3,0,1,13352,0,0.0,ADD 4,0,1,13253,0,0.0,ADD 5,0,0,0,0,0.0,ADD 6,0,1,13379,0,0.0,ADD 7,0,0,0,0,0.0,EGT2CAN,0,1,13352,0,0.0
1778951542.4396422,0.0,13327,-44.0,1,-,0,0,0,0,0.0,-,0,0,0,0,0.0,ECU,1,1,13330,0,0.0,FAN1,0,0,0,0,0.0,COILS,1,1,13368,0,0.0,PUMP,0,0,0,0,0.0,INJECTOR,1,1,13281,0,0.0,SERVO,1,1,13330,0,0.0,ADD 1,0,1,13363,0,0.0,ADD 2,0,1,13352,0,0.0,ADD 3,0,1,13319,0,0.0,ADD 4,0,1,13297,0,0.0,ADD 5,0,0,0,0,0.0,ADD 6,0,1,13352,0,0.0,ADD 7,0,0,0,0,0.0,EGT2CAN,0,1,13374,0,0.0
1778951542.4909103,0.0,13327,-44.0,1,-,0,0,0,0,0.0,-,0,0,0,0,0.0,ECU,1,1,13330,0,0.0,FAN1,0,0,0,0,0.0,COILS,1,1,13368,0,0.0,PUMP,0,0,0,0,0.0,INJECTOR,1,1,13281,0,0.0,SERVO,1,1,13330,0,0.0,ADD 1,0,1,13363,0,0.0,ADD 2,0,1,13352,0,0.0,ADD 3,0,1,13319,0,0.0,ADD 4,0,1,13297,0,0.0,ADD 5,0,0,0,0,0.0,ADD 6,0,1,13352,0,0.0,ADD 7,0,0,0,0,0.0,EGT2CAN,0,1,13374,0,0.0
1778951542.5419855,0.0,13327,-44.0,1,-,0,0,0,0,0.0,-,0,0,0,0,0.0,ECU,1,1,13319,0,0.0,FAN1,0,0,0,0,0.0,COILS,1,1,13248,0,0.0,PUMP,0,0,0,0,0.0,INJECTOR,1,1,13286,0,0.0,SERVO,1,1,13275,0,0.0,ADD 1,0,1,13264,0,0.0,ADD 2,0,1,13335,0,0.0,ADD 3,0,1,13335,0,0.0,ADD 4,0,1,13352,0,0.0,ADD 5,0,0,0,0,0.0,ADD 6,0,1,13396,0,0.0,ADD 7,0,0,0,0,0.0,EGT2CAN,0,1,13352,0,0.0
1778951542.5957482,0.0,13351,-43.0,1,-,0,0,0,0,0.0,-,0,0,0,0,0.0,ECU,1,1,13248,0,0.0,FAN1,0,0,0,0,0.0,COILS,1,1,13368,0,0.0,PUMP,0,0,0,0,0.0,INJECTOR,1,1,13303,0,0.0,SERVO,1,1,13264,0,0.0,ADD 1,0,1,13330,0,0.0,ADD 2,0,1,13352,0,0.0,ADD 3,0,1,13313,0,0.0,ADD 4,0,1,13292,0,0.0,ADD 5,0,0,0,0,0.0,ADD 6,0,1,13352,0,0.0,ADD 7,0,0,0,0,0.0,EGT2CAN,0,1,13330,0,0.0
1778951542.6628723,0.0,13351,-43.0,1,-,0,0,0,0,0.0,-,0,0,0,0,0.0,ECU,1,1,13330,0,0.0,FAN1,0,0,0,0,0.0,COILS,1,1,13330,0,0.0,PUMP,0,0,0,0,0.0,INJECTOR,1,1,13335,0,0.0,SERVO,1,1,13341,0,0.0,ADD 1,0,1,13330,0,0.0,ADD 2,0,1,13352,0,0.0,ADD 3,0,1,13313,0,0.0,ADD 4,0,1,13292,0,0.0,ADD 5,0,0,0,0,0.0,ADD 6,0,1,13352,0,0.0,ADD 7,0,0,0,0,0.0,EGT2CAN,0,1,13330,0,0.0
1778951542.7138214,0.0,13364,-43.0,1,-,0,0,0,0,0.0,-,0,0,0,0,0.0,ECU,1,1,13324,0,0.0,FAN1,0,0,0,0,0.0,COILS,1,1,13390,0,0.0,PUMP,0,0,0,0,0.0,INJECTOR,1,1,13319,0,0.0,SERVO,1,1,13297,0,0.0,ADD 1,0,1,13335,0,0.0,ADD 2,0,1,13319,0,0.0,ADD 3,0,1,13341,0,0.0,ADD 4,0,1,13319,0,0.0,ADD 5,0,0,0,0,0.0,ADD 6,0,1,13319,0,0.0,ADD 7,0,0,0,0,0.0,EGT2CAN,0,1,13368,0,0.0
1778951542.7649953,0.0,13345,-44.0,1,-,0,0,0,0,0.0,-,0,0,0,0,0.0,ECU,1,1,13319,0,0.0,FAN1,0,0,0,0,0.0,COILS,1,1,13319,0,0.0,PUMP,0,0,0,0,0.0,INJECTOR,1,1,13390,0,0.0,SERVO,1,1,13357,0,0.0,ADD 1,0,1,13357,0,0.0,ADD 2,0,1,13330,0,0.0,ADD 3,0,1,13297,0,0.0,ADD 4,0,1,13303,0,0.0,ADD 5,0,0,0,0,0.0,ADD 6,0,1,13352,0,0.0,ADD 7,0,0,0,0,0.0,EGT2CAN,0,1,13319,0,0.0
1778951542.8162436,0.0,13345,-44.0,1,-,0,0,0,0,0.0,-,0,0,0,0,0.0,ECU,1,1,13346,0,0.0,FAN1,0,0,0,0,0.0,COILS,1,1,13368,0,0.0,PUMP,0,0,0,0,0.0,INJECTOR,1,1,13341,0,0.0,SERVO,1,1,13352,0,0.0,ADD 1,0,1,13335,0,0.0,ADD 2,0,1,13352,0,0.0,ADD 3,0,1,13281,0,0.0,ADD 4,0,1,13264,0,0.0,ADD 5,0,0,0,0,0.0,ADD 6,0,1,13390,0,0.0,ADD 7,0,0,0,0,0.0,EGT2CAN,0,1,13346,0,0.0
1778951542.878061,0.0,13339,-44.0,1,-,0,0,0,0,0.0,-,0,0,0,0,0.0,ECU,1,1,13330,0,0.0,FAN1,0,0,0,0,0.0,COILS,1,1,13303,0,0.0,PUMP,0,0,0,0,0.0,INJECTOR,1,1,13330,0,0.0,SERVO,1,1,13253,0,0.0,ADD 1,0,1,13363,0,0.0,ADD 2,0,1,13385,0,0.0,ADD 3,0,1,13346,0,0.0,ADD 4,0,1,13248,0,0.0,ADD 5,0,0,0,0,0.0,ADD 6,0,1,13374,0,0.0,ADD 7,0,0,0,0,0.0,EGT2CAN,0,1,13330,0,0.0
1778951542.9324577,0.0,13364,-41.0,1,-,0,0,0,0,0.0,-,0,0,0,0,0.0,ECU,1,1,13324,0,0.0,FAN1,0,0,0,0,0.0,COILS,1,1,13330,0,0.0,PUMP,0,0,0,0,0.0,INJECTOR,1,1,13346,0,0.0,SERVO,1,1,13335,0,0.0,ADD 1,0,1,13363,0,0.0,ADD 2,0,1,13396,0,0.0,ADD 3,0,1,13374,0,0.0,ADD 4,0,1,13297,0,0.0,ADD 5,0,0,0,0,0.0,ADD 6,0,1,13308,0,0.0,ADD 7,0,0,0,0,0.0,EGT2CAN,0,1,13346,0,0.0
1778951542.9843435,0.0,13327,-45.0,1,-,0,0,0,0,0.0,-,0,0,0,0,0.0,ECU,1,1,13379,0,0.0,FAN1,0,0,0,0,0.0,COILS,1,1,13363,0,0.0,PUMP,0,0,0,0,0.0,INJECTOR,1,1,13335,0,0.0,SERVO,1,1,13248,0,0.0,ADD 1,0,1,13281,0,0.0,ADD 2,0,1,13346,0,0.0,ADD 3,0,1,13303,0,0.0,ADD 4,0,1,13324,0,0.0,ADD 5,0,0,0,0,0.0,ADD 6,0,1,13396,0,0.0,ADD 7,0,0,0,0,0.0,EGT2CAN,0,1,13308,0,0.0
1778951543.0360236,0.0,13327,-45.0,1,-,0,0,0,0,0.0,-,0,0,0,0,0.0,ECU,1,1,13352,0,0.0,FAN1,0,0,0,0,0.0,COILS,1,1,13286,0,0.0,PUMP,0,0,0,0,0.0,INJECTOR,1,1,13335,0,0.0,SERVO,1,1,13352,0,0.0,ADD 1,0,1,13346,0,0.0,ADD 2,0,1,13330,0,0.0,ADD 3,0,1,13341,0,0.0,ADD 4,0,1,13286,0,0.0,ADD 5,0,0,0,0,0.0,ADD 6,0,1,13352,0,0.0,ADD 7,0,0,0,0,0.0,EGT2CAN,0,1,13324,0,0.0
1778951543.0902145,0.0,13388,-43.0,1,-,0,0,0,0,0.0,-,0,0,0,0,0.0,ECU,1,1,13352,0,0.0,FAN1,0,0,0,0,0.0,COILS,1,1,13286,0,0.0,PUMP,0,0,0,0,0.0,INJECTOR,1,1,13335,0,0.0,SERVO,1,1,13352,0,0.0,ADD 1,0,1,13346,0,0.0,ADD 2,0,1,13330,0,0.0,ADD 3,0,1,13341,0,0.0,ADD 4,0,1,13286,0,0.0,ADD 5,0,0,0,0,0.0,ADD 6,0,1,13352,0,0.0,ADD 7,0,0,0,0,0.0,EGT2CAN,0,1,13324,0,0.0
1778951543.1418474,0.0,13327,-43.0,1,-,0,0,0,0,0.0,-,0,0,0,0,0.0,ECU,1,1,13352,0,0.0,FAN1,0,0,0,0,0.0,COILS,1,1,13352,0,0.0,PUMP,0,0,0,0,0.0,INJECTOR,1,1,13374,0,0.0,SERVO,1,1,13346,0,0.0,ADD 1,0,1,13286,0,0.0,ADD 2,0,1,13324,0,0.0,ADD 3,0,1,13330,0,0.0,ADD 4,0,1,13346,0,0.0,ADD 5,0,0,0,0,0.0,ADD 6,0,1,13406,0,0.0,ADD 7,0,0,0,0,0.0,EGT2CAN,0,1,13352,0,0.0
1778951543.1970468,0.0,13327,-43.0,1,-,0,0,0,0,0.0,-,0,0,0,0,0.0,ECU,1,1,13330,0,0.0,FAN1,0,0,0,0,0.0,COILS,1,1,13335,0,0.0,PUMP,0,0,0,0,0.0,INJECTOR,1,1,13379,0,0.0,SERVO,1,1,13303,0,0.0,ADD 1,0,1,13368,0,0.0,ADD 2,0,1,13363,0,0.0,ADD 3,0,1,13292,0,0.0,ADD 4,0,1,13303,0,0.0,ADD 5,0,0,0,0,0.0,ADD 6,0,1,13374,0,0.0,ADD 7,0,0,0,0,0.0,EGT2CAN,0,1,13363,0,0.0
1778951543.2484233,0.0,13364,-43.0,1,-,0,0,0,0,0.0,-,0,0,0,0,0.0,ECU,1,1,13275,0,0.0,FAN1,0,0,0,0,0.0,COILS,1,1,13335,0,0.0,PUMP,0,0,0,0,0.0,INJECTOR,1,1,13379,0,0.0,SERVO,1,1,13303,0,0.0,ADD 1,0,1,13368,0,0.0,ADD 2,0,1,13363,0,0.0,ADD 3,0,1,13292,0,0.0,ADD 4,0,1,13303,0,0.0,ADD 5,0,0,0,0,0.0,ADD 6,0,1,13374,0,0.0,ADD 7,0,0,0,0,0.0,EGT2CAN,0,1,13363,0,0.0
1778951543.2994194,0.0,13364,-43.0,1,-,0,0,0,0,0.0,-,0,0,0,0,0.0,ECU,1,1,13286,0,0.0,FAN1,0,0,0,0,0.0,COILS,1,1,13281,0,0.0,PUMP,0,0,0,0,0.0,INJECTOR,1,1,13368,0,0.0,SERVO,1,1,13330,0,0.0,ADD 1,0,1,13352,0,0.0,ADD 2,0,1,13352,0,0.0,ADD 3,0,1,13352,0,0.0,ADD 4,0,1,13242,0,0.0,ADD 5,0,0,0,0,0.0,ADD 6,0,1,13335,0,0.0,ADD 7,0,0,0,0,0.0,EGT2CAN,0,1,13335,0,0.0
1778951543.3507102,0.0,13364,-43.0,1,-,0,0,0,0,0.0,-,0,0,0,0,0.0,ECU,1,1,13297,0,0.0,FAN1,0,0,0,0,0.0,COILS,1,1,13281,0,0.0,PUMP,0,0,0,0,0.0,INJECTOR,1,1,13368,0,0.0,SERVO,1,1,13330,0,0.0,ADD 1,0,1,13352,0,0.0,ADD 2,0,1,13352,0,0.0,ADD 3,0,1,13352,0,0.0,ADD 4,0,1,13242,0,0.0,ADD 5,0,0,0,0,0.0,ADD 6,0,1,13335,0,0.0,ADD 7,0,0,0,0,0.0,EGT2CAN,0,1,13335,0,0.0
1778951543.4015062,0.0,13345,-44.0,1,-,0,0,0,0,0.0,-,0,0,0,0,0.0,ECU,1,1,13297,0,0.0,FAN1,0,0,0,0,0.0,COILS,1,1,13385,0,0.0,PUMP,0,0,0,0,0.0,INJECTOR,1,1,13352,0,0.0,SERVO,1,1,13330,0,0.0,ADD 1,0,1,13330,0,0.0,ADD 2,0,1,13341,0,0.0,ADD 3,0,1,13352,0,0.0,ADD 4,0,1,13281,0,0.0,ADD 5,0,0,0,0,0.0,ADD 6,0,1,13346,0,0.0,ADD 7,0,0,0,0,0.0,EGT2CAN,0,1,13346,0,0.0
1778951543.460344,0.0,13370,-43.0,1,-,0,0,0,0,0.0,-,0,0,0,0,0.0,ECU,1,1,13352,0,0.0,FAN1,0,0,0,0,0.0,COILS,1,1,13308,0,0.0,PUMP,0,0,0,0,0.0,INJECTOR,1,1,13330,0,0.0,SERVO,1,1,13286,0,0.0,ADD 1,0,1,13330,0,0.0,ADD 2,0,1,13341,0,0.0,ADD 3,0,1,13352,0,0.0,ADD 4,0,1,13292,0,0.0,ADD 5,0,0,0,0,0.0,ADD 6,0,1,13374,0,0.0,ADD 7,0,0,0,0,0.0,EGT2CAN,0,1,13286,0,0.0
1778951543.5299945,0.0,13370,-43.0,1,-,0,0,0,0,0.0,-,0,0,0,0,0.0,ECU,1,1,13341,0,0.0,FAN1,0,0,0,0,0.0,COILS,1,1,13368,0,0.0,PUMP,0,0,0,0,0.0,INJECTOR,1,1,13303,0,0.0,SERVO,1,1,13264,0,0.0,ADD 1,0,1,13330,0,0.0,ADD 2,0,1,13341,0,0.0,ADD 3,0,1,13352,0,0.0,ADD 4,0,1,13292,0,0.0,ADD 5,0,0,0,0,0.0,ADD 6,0,1,13374,0,0.0,ADD 7,0,0,0,0,0.0,EGT2CAN,0,1,13286,0,0.0
1778951543.5804644,0.0,13333,-44.0,1,-,0,0,0,0,0.0,-,0,0,0,0,0.0,ECU,1,1,13341,0,0.0,FAN1,0,0,0,0,0.0,COILS,1,1,13330,0,0.0,PUMP,0,0,0,0,0.0,INJECTOR,1,1,13330,0,0.0,SERVO,1,1,13319,0,0.0,ADD 1,0,1,13335,0,0.0,ADD 2,0,1,13385,0,0.0,ADD 3,0,1,13335,0,0.0,ADD 4,0,1,13324,0,0.0,ADD 5,0,0,0,0,0.0,ADD 6,0,1,13308,0,0.0,ADD 7,0,0,0,0,0.0,EGT2CAN,0,1,13297,0,0.0
1778951543.6321077,0.0,13333,-44.0,1,-,0,0,0,0,0.0,-,0,0,0,0,0.0,ECU,1,1,13341,0,0.0,FAN1,0,0,0,0,0.0,COILS,1,1,13330,0,0.0,PUMP,0,0,0,0,0.0,INJECTOR,1,1,13330,0,0.0,SERVO,1,1,13319,0,0.0,ADD 1,0,1,13335,0,0.0,ADD 2,0,1,13385,0,0.0,ADD 3,0,1,13335,0,0.0,ADD 4,0,1,13324,0,0.0,ADD 5,0,0,0,0,0.0,ADD 6,0,1,13308,0,0.0,ADD 7,0,0,0,0,0.0,EGT2CAN,0,1,13297,0,0.0
1778951543.6842694,0.0,13333,-44.0,1,-,0,0,0,0,0.0,-,0,0,0,0,0.0,ECU,1,1,13363,0,0.0,FAN1,0,0,0,0,0.0,COILS,1,1,13335,0,0.0,PUMP,0,0,0,0,0.0,INJECTOR,1,1,13330,0,0.0,SERVO,1,1,13286,0,0.0,ADD 1,0,1,13335,0,0.0,ADD 2,0,1,13385,0,0.0,ADD 3,0,1,13335,0,0.0,ADD 4,0,1,13324,0,0.0,ADD 5,0,0,0,0,0.0,ADD 6,0,1,13308,0,0.0,ADD 7,0,0,0,0,0.0,EGT2CAN,0,1,13297,0,0.0
1778951543.734524,0.0,13327,-43.0,1,-,0,0,0,0,0.0,-,0,0,0,0,0.0,ECU,1,1,13281,0,0.0,FAN1,0,0,0,0,0.0,COILS,1,1,13308,0,0.0,PUMP,0,0,0,0,0.0,INJECTOR,1,1,13352,0,0.0,SERVO,1,1,13264,0,0.0,ADD 1,0,1,13319,0,0.0,ADD 2,0,1,13390,0,0.0,ADD 3,0,1,13297,0,0.0,ADD 4,0,1,13275,0,0.0,ADD 5,0,0,0,0,0.0,ADD 6,0,1,13341,0,0.0,ADD 7,0,0,0,0,0.0,EGT2CAN,0,1,13374,0,0.0
1778951543.7854497,0.0,13327,-43.0,1,-,0,0,0,0,0.0,-,0,0,0,0,0.0,ECU,1,1,13281,0,0.0,FAN1,0,0,0,0,0.0,COILS,1,1,13308,0,0.0,PUMP,0,0,0,0,0.0,INJECTOR,1,1,13352,0,0.0,SERVO,1,1,13264,0,0.0,ADD 1,0,1,13319,0,0.0,ADD 2,0,1,13390,0,0.0,ADD 3,0,1,13297,0,0.0,ADD 4,0,1,13275,0,0.0,ADD 5,0,0,0,0,0.0,ADD 6,0,1,13341,0,0.0,ADD 7,0,0,0,0,0.0,EGT2CAN,0,1,13374,0,0.0
1778951543.836554,0.0,13327,-43.0,1,-,0,0,0,0,0.0,-,0,0,0,0,0.0,ECU,1,1,13248,0,0.0,FAN1,0,0,0,0,0.0,COILS,1,1,13248,0,0.0,PUMP,0,0,0,0,0.0,INJECTOR,1,1,13330,0,0.0,SERVO,1,1,13308,0,0.0,ADD 1,0,1,13308,0,0.0,ADD 2,0,1,13352,0,0.0,ADD 3,0,1,13330,0,0.0,ADD 4,0,1,13286,0,0.0,ADD 5,0,0,0,0,0.0,ADD 6,0,1,13313,0,0.0,ADD 7,0,0,0,0,0.0,EGT2CAN,0,1,13286,0,0.0
1778951543.8887703,0.0,13339,-44.0,1,-,0,0,0,0,0.0,-,0,0,0,0,0.0,ECU,1,1,13248,0,0.0,FAN1,0,0,0,0,0.0,COILS,1,1,13248,0,0.0,PUMP,0,0,0,0,0.0,INJECTOR,1,1,13248,0,0.0,SERVO,1,1,13248,0,0.0,ADD 1,0,1,13264,0,0.0,ADD 2,0,1,13352,0,0.0,ADD 3,0,1,13248,0,0.0,ADD 4,0,1,13324,0,0.0,ADD 5,0,0,0,0,0.0,ADD 6,0,1,13385,0,0.0,ADD 7,0,0,0,0,0.0,EGT2CAN,0,1,13308,0,0.0
1778951543.9525015,0.0,13339,-44.0,1,-,0,0,0,0,0.0,-,0,0,0,0,0.0,ECU,1,1,13324,0,0.0,FAN1,0,0,0,0,0.0,COILS,1,1,13313,0,0.0,PUMP,0,0,0,0,0.0,INJECTOR,1,1,13319,0,0.0,SERVO,1,1,13335,0,0.0,ADD 1,0,1,13303,0,0.0,ADD 2,0,1,13308,0,0.0,ADD 3,0,1,13319,0,0.0,ADD 4,0,1,13303,0,0.0,ADD 5,0,0,0,0,0.0,ADD 6,0,1,13374,0,0.0,ADD 7,0,0,0,0,0.0,EGT2CAN,0,1,13308,0,0.0
1778951544.0084662,0.0,13333,-43.0,1,-,0,0,0,0,0.0,-,0,0,0,0,0.0,ECU,1,1,13335,0,0.0,FAN1,0,0,0,0,0.0,COILS,1,1,13319,0,0.0,PUMP,0,0,0,0,0.0,INJECTOR,1,1,13319,0,0.0,SERVO,1,1,13248,0,0.0,ADD 1,0,1,13346,0,0.0,ADD 2,0,1,13248,0,0.0,ADD 3,0,1,13259,0,0.0,ADD 4,0,1,13248,0,0.0,ADD 5,0,0,0,0,0.0,ADD 6,0,1,13248,0,0.0,ADD 7,0,0,0,0,0.0,EGT2CAN,0,1,13352,0,0.0
1778951544.0594425,0.0,13358,-43.0,1,-,0,0,0,0,0.0,-,0,0,0,0,0.0,ECU,1,1,13303,0,0.0,FAN1,0,0,0,0,0.0,COILS,1,1,13324,0,0.0,PUMP,0,0,0,0,0.0,INJECTOR,1,1,13368,0,0.0,SERVO,1,1,13303,0,0.0,ADD 1,0,1,13374,0,0.0,ADD 2,0,1,13368,0,0.0,ADD 3,0,1,13357,0,0.0,ADD 4,0,1,13248,0,0.0,ADD 5,0,0,0,0,0.0,ADD 6,0,1,13330,0,0.0,ADD 7,0,0,0,0,0.0,EGT2CAN,0,1,13319,0,0.0
1778951544.1106007,0.0,13358,-43.0,1,-,0,0,0,0,0.0,-,0,0,0,0,0.0,ECU,1,1,13264,0,0.0,FAN1,0,0,0,0,0.0,COILS,1,1,13324,0,0.0,PUMP,0,0,0,0,0.0,INJECTOR,1,1,13368,0,0.0,SERVO,1,1,13303,0,0.0,ADD 1,0,1,13374,0,0.0,ADD 2,0,1,13368,0,0.0,ADD 3,0,1,13357,0,0.0,ADD 4,0,1,13248,0,0.0,ADD 5,0,0,0,0,0.0,ADD 6,0,1,13330,0,0.0,ADD 7,0,0,0,0,0.0,EGT2CAN,0,1,13319,0,0.0
1778951544.1613498,0.0,13364,-43.0,1,-,0,0,0,0,0.0,-,0,0,0,0,0.0,ECU,1,1,13319,0,0.0,FAN1,0,0,0,0,0.0,COILS,1,1,13324,0,0.0,PUMP,0,0,0,0,0.0,INJECTOR,1,1,13352,0,0.0,SERVO,1,1,13308,0,0.0,ADD 1,0,1,13248,0,0.0,ADD 2,0,1,13357,0,0.0,ADD 3,0,1,13308,0,0.0,ADD 4,0,1,13292,0,0.0,ADD 5,0,0,0,0,0.0,ADD 6,0,1,13292,0,0.0,ADD 7,0,0,0,0,0.0,EGT2CAN,0,1,13330,0,0.0
1778951544.2120705,0.0,13351,-43.0,1,-,0,0,0,0,0.0,-,0,0,0,0,0.0,ECU,1,1,13330,0,0.0,FAN1,0,0,0,0,0.0,COILS,1,1,13319,0,0.0,PUMP,0,0,0,0,0.0,INJECTOR,1,1,13281,0,0.0,SERVO,1,1,13264,0,0.0,ADD 1,0,1,13303,0,0.0,ADD 2,0,1,13368,0,0.0,ADD 3,0,1,13341,0,0.0,ADD 4,0,1,13330,0,0.0,ADD 5,0,0,0,0,0.0,ADD 6,0,1,13335,0,0.0,ADD 7,0,0,0,0,0.0,EGT2CAN,0,1,13303,0,0.0
1778951544.2632864,0.0,13351,-43.0,1,-,0,0,0,0,0.0,-,0,0,0,0,0.0,ECU,1,1,13308,0,0.0,FAN1,0,0,0,0,0.0,COILS,1,1,13286,0,0.0,PUMP,0,0,0,0,0.0,INJECTOR,1,1,13308,0,0.0,SERVO,1,1,13330,0,0.0,ADD 1,0,1,13303,0,0.0,ADD 2,0,1,13368,0,0.0,ADD 3,0,1,13341,0,0.0,ADD 4,0,1,13330,0,0.0,ADD 5,0,0,0,0,0.0,ADD 6,0,1,13335,0,0.0,ADD 7,0,0,0,0,0.0,EGT2CAN,0,1,13303,0,0.0
1778951544.3208697,0.0,13345,-43.0,1,-,0,0,0,0,0.0,-,0,0,0,0,0.0,ECU,1,1,13303,0,0.0,FAN1,0,0,0,0,0.0,COILS,1,1,13324,0,0.0,PUMP,0,0,0,0,0.0,INJECTOR,1,1,13330,0,0.0,SERVO,1,1,13319,0,0.0,ADD 1,0,1,13297,0,0.0,ADD 2,0,1,13363,0,0.0,ADD 3,0,1,13352,0,0.0,ADD 4,0,1,13313,0,0.0,ADD 5,0,0,0,0,0.0,ADD 6,0,1,13335,0,0.0,ADD 7,0,0,0,0,0.0,EGT2CAN,0,1,13275,0,0.0
1778951544.3826408,0.0,13364,-43.0,1,-,0,0,0,0,0.0,-,0,0,0,0,0.0,ECU,1,1,13352,0,0.0,FAN1,0,0,0,0,0.0,COILS,1,1,13330,0,0.0,PUMP,0,0,0,0,0.0,INJECTOR,1,1,13308,0,0.0,SERVO,1,1,13286,0,0.0,ADD 1,0,1,13335,0,0.0,ADD 2,0,1,13297,0,0.0,ADD 3,0,1,13330,0,0.0,ADD 4,0,1,13297,0,0.0,ADD 5,0,0,0,0,0.0,ADD 6,0,1,13335,0,0.0,ADD 7,0,0,0,0,0.0,EGT2CAN,0,1,13308,0,0.0
1778951544.4337814,0.0,13314,-44.0,1,-,0,0,0,0,0.0,-,0,0,0,0,0.0,ECU,1,1,13335,0,0.0,FAN1,0,0,0,0,0.0,COILS,1,1,13352,0,0.0,PUMP,0,0,0,0,0.0,INJECTOR,1,1,13313,0,0.0,SERVO,1,1,13248,0,0.0,ADD 1,0,1,13319,0,0.0,ADD 2,0,1,13352,0,0.0,ADD 3,0,1,13308,0,0.0,ADD 4,0,1,13308,0,0.0,ADD 5,0,0,0,0,0.0,ADD 6,0,1,13303,0,0.0,ADD 7,0,0,0,0,0.0,EGT2CAN,0,1,13324,0,0.0
1778951544.487681,0.0,13314,-44.0,1,-,0,0,0,0,0.0,-,0,0,0,0,0.0,ECU,1,1,13335,0,0.0,FAN1,0,0,0,0,0.0,COILS,1,1,13352,0,0.0,PUMP,0,0,0,0,0.0,INJECTOR,1,1,13313,0,0.0,SERVO,1,1,13248,0,0.0,ADD 1,0,1,13319,0,0.0,ADD 2,0,1,13352,0,0.0,ADD 3,0,1,13308,0,0.0,ADD 4,0,1,13308,0,0.0,ADD 5,0,0,0,0,0.0,ADD 6,0,1,13303,0,0.0,ADD 7,0,0,0,0,0.0,EGT2CAN,0,1,13324,0,0.0
1778951544.540927,0.0,13314,-44.0,1,-,0,0,0,0,0.0,-,0,0,0,0,0.0,ECU,1,1,13286,0,0.0,FAN1,0,0,0,0,0.0,COILS,1,1,13286,0,0.0,PUMP,0,0,0,0,0.0,INJECTOR,1,1,13308,0,0.0,SERVO,1,1,13292,0,0.0,ADD 1,0,1,13335,0,0.0,ADD 2,0,1,13374,0,0.0,ADD 3,0,1,13303,0,0.0,ADD 4,0,1,13308,0,0.0,ADD 5,0,0,0,0,0.0,ADD 6,0,1,13330,0,0.0,ADD 7,0,0,0,0,0.0,EGT2CAN,0,1,13330,0,0.0
1778951544.5943048,0.0,13345,-43.0,1,-,0,0,0,0,0.0,-,0,0,0,0,0.0,ECU,1,1,13341,0,0.0,FAN1,0,0,0,0,0.0,COILS,1,1,13297,0,0.0,PUMP,0,0,0,0,0.0,INJECTOR,1,1,13308,0,0.0,SERVO,1,1,13275,0,0.0,ADD 1,0,1,13330,0,0.0,ADD 2,0,1,13319,0,0.0,ADD 3,0,1,13352,0,0.0,ADD 4,0,1,13319,0,0.0,ADD 5,0,0,0,0,0.0,ADD 6,0,1,13313,0,0.0,ADD 7,0,0,0,0,0.0,EGT2CAN,0,1,13286,0,0.0
1778951544.650667,0.0,13345,-43.0,1,-,0,0,0,0,0.0,-,0,0,0,0,0.0,ECU,1,1,13352,0,0.0,FAN1,0,0,0,0,0.0,COILS,1,1,13297,0,0.0,PUMP,0,0,0,0,0.0,INJECTOR,1,1,13308,0,0.0,SERVO,1,1,13275,0,0.0,ADD 1,0,1,13330,0,0.0,ADD 2,0,1,13319,0,0.0,ADD 3,0,1,13352,0,0.0,ADD 4,0,1,13319,0,0.0,ADD 5,0,0,0,0,0.0,ADD 6,0,1,13313,0,0.0,ADD 7,0,0,0,0,0.0,EGT2CAN,0,1,13286,0,0.0
1778951544.7145457,0.0,13314,-43.0,1,-,0,0,0,0,0.0,-,0,0,0,0,0.0,ECU,1,1,13352,0,0.0,FAN1,0,0,0,0,0.0,COILS,1,1,13357,0,0.0,PUMP,0,0,0,0,0.0,INJECTOR,1,1,13330,0,0.0,SERVO,1,1,13303,0,0.0,ADD 1,0,1,13286,0,0.0,ADD 2,0,1,13363,0,0.0,ADD 3,0,1,13319,0,0.0,ADD 4,0,1,13286,0,0.0,ADD 5,0,0,0,0,0.0,ADD 6,0,1,13335,0,0.0,ADD 7,0,0,0,0,0.0,EGT2CAN,0,1,13286,0,0.0
1778951544.765535,0.0,13339,-43.0,1,-,0,0,0,0,0.0,-,0,0,0,0,0.0,ECU,1,1,13319,0,0.0,FAN1,0,0,0,0,0.0,COILS,1,1,13352,0,0.0,PUMP,0,0,0,0,0.0,INJECTOR,1,1,13352,0,0.0,SERVO,1,1,13330,0,0.0,ADD 1,0,1,13303,0,0.0,ADD 2,0,1,13330,0,0.0,ADD 3,0,1,13286,0,0.0,ADD 4,0,1,13313,0,0.0,ADD 5,0,0,0,0,0.0,ADD 6,0,1,13368,0,0.0,ADD 7,0,0,0,0,0.0,EGT2CAN,0,1,13330,0,0.0
1778951544.8160603,0.0,13339,-43.0,1,-,0,0,0,0,0.0,-,0,0,0,0,0.0,ECU,1,1,13330,0,0.0,FAN1,0,0,0,0,0.0,COILS,1,1,13357,0,0.0,PUMP,0,0,0,0,0.0,INJECTOR,1,1,13341,0,0.0,SERVO,1,1,13292,0,0.0,ADD 1,0,1,13319,0,0.0,ADD 2,0,1,13330,0,0.0,ADD 3,0,1,13248,0,0.0,ADD 4,0,1,13281,0,0.0,ADD 5,0,0,0,0,0.0,ADD 6,0,1,13368,0,0.0,ADD 7,0,0,0,0,0.0,EGT2CAN,0,1,13330,0,0.0
1778951544.8760626,0.0,13314,-44.0,1,-,0,0,0,0,0.0,-,0,0,0,0,0.0,ECU,1,1,13292,0,0.0,FAN1,0,0,0,0,0.0,COILS,1,1,13308,0,0.0,PUMP,0,0,0,0,0.0,INJECTOR,1,1,13330,0,0.0,SERVO,1,1,13308,0,0.0,ADD 1,0,1,13352,0,0.0,ADD 2,0,1,13335,0,0.0,ADD 3,0,1,13242,0,0.0,ADD 4,0,1,13264,0,0.0,ADD 5,0,0,0,0,0.0,ADD 6,0,1,13324,0,0.0,ADD 7,0,0,0,0,0.0,EGT2CAN,0,1,13335,0,0.0
1778951544.9380665,0.0,13401,-43.0,1,-,0,0,0,0,0.0,-,0,0,0,0,0.0,ECU,1,1,13303,0,0.0,FAN1,0,0,0,0,0.0,COILS,1,1,13352,0,0.0,PUMP,0,0,0,0,0.0,INJECTOR,1,1,13346,0,0.0,SERVO,1,1,13248,0,0.0,ADD 1,0,1,13346,0,0.0,ADD 2,0,1,13374,0,0.0,ADD 3,0,1,13286,0,0.0,ADD 4,0,1,13264,0,0.0,ADD 5,0,0,0,0,0.0,ADD 6,0,1,13313,0,0.0,ADD 7,0,0,0,0,0.0,EGT2CAN,0,1,13341,0,0.0
1778951544.9910743,0.0,13339,-43.0,1,-,0,0,0,0,0.0,-,0,0,0,0,0.0,ECU,1,1,13297,0,0.0,FAN1,0,0,0,0,0.0,COILS,1,1,13264,0,0.0,PUMP,0,0,0,0,0.0,INJECTOR,1,1,13303,0,0.0,SERVO,1,1,13286,0,0.0,ADD 1,0,1,13308,0,0.0,ADD 2,0,1,13330,0,0.0,ADD 3,0,1,13297,0,0.0,ADD 4,0,1,13313,0,0.0,ADD 5,0,0,0,0,0.0,ADD 6,0,1,13363,0,0.0,ADD 7,0,0,0,0,0.0,EGT2CAN,0,1,13335,0,0.0
1778951545.0480642,0.0,13333,-43.0,1,-,0,0,0,0,0.0,-,0,0,0,0,0.0,ECU,1,1,13286,0,0.0,FAN1,0,0,0,0,0.0,COILS,1,1,13308,0,0.0,PUMP,0,0,0,0,0.0,INJECTOR,1,1,13275,0,0.0,SERVO,1,1,13242,0,0.0,ADD 1,0,1,13352,0,0.0,ADD 2,0,1,13374,0,0.0,ADD 3,0,1,13303,0,0.0,ADD 4,0,1,13330,0,0.0,ADD 5,0,0,0,0,0.0,ADD 6,0,1,13352,0,0.0,ADD 7,0,0,0,0,0.0,EGT2CAN,0,1,13286,0,0.0
1778951545.0995297,0.0,13333,-43.0,1,-,0,0,0,0,0.0,-,0,0,0,0,0.0,ECU,1,1,13286,0,0.0,FAN1,0,0,0,0,0.0,COILS,1,1,13308,0,0.0,PUMP,0,0,0,0,0.0,INJECTOR,1,1,13275,0,0.0,SERVO,1,1,13242,0,0.0,ADD 1,0,1,13352,0,0.0,ADD 2,0,1,13374,0,0.0,ADD 3,0,1,13303,0,0.0,ADD 4,0,1,13330,0,0.0,ADD 5,0,0,0,0,0.0,ADD 6,0,1,13352,0,0.0,ADD 7,0,0,0,0,0.0,EGT2CAN,0,1,13286,0,0.0
1778951545.1497319,0.0,13345,-43.0,1,-,0,0,0,0,0.0,-,0,0,0,0,0.0,ECU,1,1,13297,0,0.0,FAN1,0,0,0,0,0.0,COILS,1,1,13352,0,0.0,PUMP,0,0,0,0,0.0,INJECTOR,1,1,13335,0,0.0,SERVO,1,1,13281,0,0.0,ADD 1,0,1,13352,0,0.0,ADD 2,0,1,13352,0,0.0,ADD 3,0,1,13264,0,0.0,ADD 4,0,1,13215,0,0.0,ADD 5,0,0,0,0,0.0,ADD 6,0,1,13286,0,0.0,ADD 7,0,0,0,0,0.0,EGT2CAN,0,1,13363,0,0.0
1778951545.2021632,0.0,13345,-43.0,1,-,0,0,0,0,0.0,-,0,0,0,0,0.0,ECU,1,1,13346,0,0.0,FAN1,0,0,0,0,0.0,COILS,1,1,13335,0,0.0,PUMP,0,0,0,0,0.0,INJECTOR,1,1,13341,0,0.0,SERVO,1,1,13286,0,0.0,ADD 1,0,1,13330,0,0.0,ADD 2,0,1,13270,0,0.0,ADD 3,0,1,13303,0,0.0,ADD 4,0,1,13286,0,0.0,ADD 5,0,0,0,0,0.0,ADD 6,0,1,13330,0,0.0,ADD 7,0,0,0,0,0.0,EGT2CAN,0,1,13297,0,0.0
1778951545.2547903,0.0,13351,-43.0,1,-,0,0,0,0,0.0,-,0,0,0,0,0.0,ECU,1,1,13346,0,0.0,FAN1,0,0,0,0,0.0,COILS,1,1,13335,0,0.0,PUMP,0,0,0,0,0.0,INJECTOR,1,1,13341,0,0.0,SERVO,1,1,13286,0,0.0,ADD 1,0,1,13330,0,0.0,ADD 2,0,1,13270,0,0.0,ADD 3,0,1,13303,0,0.0,ADD 4,0,1,13286,0,0.0,ADD 5,0,0,0,0,0.0,ADD 6,0,1,13330,0,0.0,ADD 7,0,0,0,0,0.0,EGT2CAN,0,1,13297,0,0.0
1778951545.3142283,0.0,13345,-44.0,1,-,0,0,0,0,0.0,-,0,0,0,0,0.0,ECU,1,1,13330,0,0.0,FAN1,0,0,0,0,0.0,COILS,1,1,13264,0,0.0,PUMP,0,0,0,0,0.0,INJECTOR,1,1,13330,0,0.0,SERVO,1,1,13281,0,0.0,ADD 1,0,1,13346,0,0.0,ADD 2,0,1,13330,0,0.0,ADD 3,0,1,13324,0,0.0,ADD 4,0,1,13210,0,0.0,ADD 5,0,0,0,0,0.0,ADD 6,0,1,13352,0,0.0,ADD 7,0,0,0,0,0.0,EGT2CAN,0,1,13341,0,0.0
1778951545.3646755,0.0,13339,-43.0,1,-,0,0,0,0,0.0,-,0,0,0,0,0.0,ECU,1,1,13286,0,0.0,FAN1,0,0,0,0,0.0,COILS,1,1,13319,0,0.0,PUMP,0,0,0,0,0.0,INJECTOR,1,1,13330,0,0.0,SERVO,1,1,13324,0,0.0,ADD 1,0,1,13335,0,0.0,ADD 2,0,1,13368,0,0.0,ADD 3,0,1,13346,0,0.0,ADD 4,0,1,13286,0,0.0,ADD 5,0,0,0,0,0.0,ADD 6,0,1,13286,0,0.0,ADD 7,0,0,0,0,0.0,EGT2CAN,0,1,13303,0,0.0
1778951545.4155865,0.0,13339,-43.0,1,-,0,0,0,0,0.0,-,0,0,0,0,0.0,ECU,1,1,13292,0,0.0,FAN1,0,0,0,0,0.0,COILS,1,1,13308,0,0.0,PUMP,0,0,0,0,0.0,INJECTOR,1,1,13308,0,0.0,SERVO,1,1,13270,0,0.0,ADD 1,0,1,13335,0,0.0,ADD 2,0,1,13346,0,0.0,ADD 3,0,1,13308,0,0.0,ADD 4,0,1,13297,0,0.0,ADD 5,0,0,0,0,0.0,ADD 6,0,1,13330,0,0.0,ADD 7,0,0,0,0,0.0,EGT2CAN,0,1,13319,0,0.0
1778951545.4665675,0.0,13327,-42.0,1,-,0,0,0,0,0.0,-,0,0,0,0,0.0,ECU,1,1,13335,0,0.0,FAN1,0,0,0,0,0.0,COILS,1,1,13286,0,0.0,PUMP,0,0,0,0,0.0,INJECTOR,1,1,13292,0,0.0,SERVO,1,1,13253,0,0.0,ADD 1,0,1,13346,0,0.0,ADD 2,0,1,13363,0,0.0,ADD 3,0,1,13319,0,0.0,ADD 4,0,1,13313,0,0.0,ADD 5,0,0,0,0,0.0,ADD 6,0,1,13346,0,0.0,ADD 7,0,0,0,0,0.0,EGT2CAN,0,1,13292,0,0.0
1778951545.56201,0.0,13327,-42.0,1,-,0,0,0,0,0.0,-,0,0,0,0,0.0,ECU,1,1,13335,0,0.0,FAN1,0,0,0,0,0.0,COILS,1,1,13281,0,0.0,PUMP,0,0,0,0,0.0,INJECTOR,1,1,13324,0,0.0,SERVO,1,1,13286,0,0.0,ADD 1,0,1,13357,0,0.0,ADD 2,0,1,13341,0,0.0,ADD 3,0,1,13335,0,0.0,ADD 4,0,1,13286,0,0.0,ADD 5,0,0,0,0,0.0,ADD 6,0,1,13341,0,0.0,ADD 7,0,0,0,0,0.0,EGT2CAN,0,1,13281,0,0.0
1778951545.6131203,0.0,13333,-44.0,1,-,0,0,0,0,0.0,-,0,0,0,0,0.0,ECU,1,1,13341,0,0.0,FAN1,0,0,0,0,0.0,COILS,1,1,13308,0,0.0,PUMP,0,0,0,0,0.0,INJECTOR,1,1,13303,0,0.0,SERVO,1,1,13275,0,0.0,ADD 1,0,1,13242,0,0.0,ADD 2,0,1,13330,0,0.0,ADD 3,0,1,13335,0,0.0,ADD 4,0,1,13275,0,0.0,ADD 5,0,0,0,0,0.0,ADD 6,0,1,13363,0,0.0,ADD 7,0,0,0,0,0.0,EGT2CAN,0,1,13313,0,0.0
1778951545.6646245,0.0,13339,-44.0,1,-,0,0,0,0,0.0,-,0,0,0,0,0.0,ECU,1,1,13346,0,0.0,FAN1,0,0,0,0,0.0,COILS,1,1,13352,0,0.0,PUMP,0,0,0,0,0.0,INJECTOR,1,1,13357,0,0.0,SERVO,1,1,13313,0,0.0,ADD 1,0,1,13352,0,0.0,ADD 2,0,1,13313,0,0.0,ADD 3,0,1,13319,0,0.0,ADD 4,0,1,13330,0,0.0,ADD 5,0,0,0,0,0.0,ADD 6,0,1,13346,0,0.0,ADD 7,0,0,0,0,0.0,EGT2CAN,0,1,13270,0,0.0
1778951545.717275,0.0,13339,-44.0,1,-,0,0,0,0,0.0,-,0,0,0,0,0.0,ECU,1,1,13297,0,0.0,FAN1,0,0,0,0,0.0,COILS,1,1,13341,0,0.0,PUMP,0,0,0,0,0.0,INJECTOR,1,1,13352,0,0.0,SERVO,1,1,13275,0,0.0,ADD 1,0,1,13319,0,0.0,ADD 2,0,1,13352,0,0.0,ADD 3,0,1,13319,0,0.0,ADD 4,0,1,13231,0,0.0,ADD 5,0,0,0,0,0.0,ADD 6,0,1,13303,0,0.0,ADD 7,0,0,0,0,0.0,EGT2CAN,0,1,13335,0,0.0
1778951545.768148,0.0,13339,-43.0,1,-,0,0,0,0,0.0,-,0,0,0,0,0.0,ECU,1,1,13330,0,0.0,FAN1,0,0,0,0,0.0,COILS,1,1,13286,0,0.0,PUMP,0,0,0,0,0.0,INJECTOR,1,1,13297,0,0.0,SERVO,1,1,13308,0,0.0,ADD 1,0,1,13319,0,0.0,ADD 2,0,1,13341,0,0.0,ADD 3,0,1,13319,0,0.0,ADD 4,0,1,13248,0,0.0,ADD 5,0,0,0,0,0.0,ADD 6,0,1,13308,0,0.0,ADD 7,0,0,0,0,0.0,EGT2CAN,0,1,13324,0,0.0
1778951545.81938,0.0,13296,-43.0,1,-,0,0,0,0,0.0,-,0,0,0,0,0.0,ECU,1,1,13330,0,0.0,FAN1,0,0,0,0,0.0,COILS,1,1,13286,0,0.0,PUMP,0,0,0,0,0.0,INJECTOR,1,1,13297,0,0.0,SERVO,1,1,13308,0,0.0,ADD 1,0,1,13319,0,0.0,ADD 2,0,1,13341,0,0.0,ADD 3,0,1,13319,0,0.0,ADD 4,0,1,13248,0,0.0,ADD 5,0,0,0,0,0.0,ADD 6,0,1,13308,0,0.0,ADD 7,0,0,0,0,0.0,EGT2CAN,0,1,13324,0,0.0
1778951545.8701627,0.0,13296,-43.0,1,-,0,0,0,0,0.0,-,0,0,0,0,0.0,ECU,1,1,13286,0,0.0,FAN1,0,0,0,0,0.0,COILS,1,1,13330,0,0.0,PUMP,0,0,0,0,0.0,INJECTOR,1,1,13303,0,0.0,SERVO,1,1,13264,0,0.0,ADD 1,0,1,13352,0,0.0,ADD 2,0,1,13346,0,0.0,ADD 3,0,1,13330,0,0.0,ADD 4,0,1,13286,0,0.0,ADD 5,0,0,0,0,0.0,ADD 6,0,1,13324,0,0.0,ADD 7,0,0,0,0,0.0,EGT2CAN,0,1,13292,0,0.0
1778951545.9233296,0.0,13308,-44.0,1,-,0,0,0,0,0.0,-,0,0,0,0,0.0,ECU,1,1,13324,0,0.0,FAN1,0,0,0,0,0.0,COILS,1,1,13319,0,0.0,PUMP,0,0,0,0,0.0,INJECTOR,1,1,13319,0,0.0,SERVO,1,1,13264,0,0.0,ADD 1,0,1,13335,0,0.0,ADD 2,0,1,13319,0,0.0,ADD 3,0,1,13319,0,0.0,ADD 4,0,1,13259,0,0.0,ADD 5,0,0,0,0,0.0,ADD 6,0,1,13264,0,0.0,ADD 7,0,0,0,0,0.0,EGT2CAN,0,1,13313,0,0.0
1778951545.9882774,0.0,13345,-43.0,1,-,0,0,0,0,0.0,-,0,0,0,0,0.0,ECU,1,1,13319,0,0.0,FAN1,0,0,0,0,0.0,COILS,1,1,13275,0,0.0,PUMP,0,0,0,0,0.0,INJECTOR,1,1,13303,0,0.0,SERVO,1,1,13242,0,0.0,ADD 1,0,1,13319,0,0.0,ADD 2,0,1,13330,0,0.0,ADD 3,0,1,13286,0,0.0,ADD 4,0,1,13308,0,0.0,ADD 5,0,0,0,0,0.0,ADD 6,0,1,13346,0,0.0,ADD 7,0,0,0,0,0.0,EGT2CAN,0,1,13264,0,0.0
1778951546.0391304,0.0,13333,-43.0,1,-,0,0,0,0,0.0,-,0,0,0,0,0.0,ECU,1,1,13297,0,0.0,FAN1,0,0,0,0,0.0,COILS,1,1,13303,0,0.0,PUMP,0,0,0,0,0.0,INJECTOR,1,1,13319,0,0.0,SERVO,1,1,13264,0,0.0,ADD 1,0,1,13248,0,0.0,ADD 2,0,1,13341,0,0.0,ADD 3,0,1,13324,0,0.0,ADD 4,0,1,13308,0,0.0,ADD 5,0,0,0,0,0.0,ADD 6,0,1,13374,0,0.0,ADD 7,0,0,0,0,0.0,EGT2CAN,0,1,13297,0,0.0
1778951546.0920768,0.0,13333,-43.0,1,-,0,0,0,0,0.0,-,0,0,0,0,0.0,ECU,1,1,13330,0,0.0,FAN1,0,0,0,0,0.0,COILS,1,1,13303,0,0.0,PUMP,0,0,0,0,0.0,INJECTOR,1,1,13319,0,0.0,SERVO,1,1,13264,0,0.0,ADD 1,0,1,13248,0,0.0,ADD 2,0,1,13341,0,0.0,ADD 3,0,1,13324,0,0.0,ADD 4,0,1,13308,0,0.0,ADD 5,0,0,0,0,0.0,ADD 6,0,1,13374,0,0.0,ADD 7,0,0,0,0,0.0,EGT2CAN,0,1,13297,0,0.0
1778951546.144035,0.0,13333,-43.0,1,-,0,0,0,0,0.0,-,0,0,0,0,0.0,ECU,1,1,13330,0,0.0,FAN1,0,0,0,0,0.0,COILS,1,1,13346,0,0.0,PUMP,0,0,0,0,0.0,INJECTOR,1,1,13308,0,0.0,SERVO,1,1,13308,0,0.0,ADD 1,0,1,13264,0,0.0,ADD 2,0,1,13324,0,0.0,ADD 3,0,1,13303,0,0.0,ADD 4,0,1,13308,0,0.0,ADD 5,0,0,0,0,0.0,ADD 6,0,1,13352,0,0.0,ADD 7,0,0,0,0,0.0,EGT2CAN,0,1,13264,0,0.0
1778951546.1951947,0.0,13308,-43.0,1,-,0,0,0,0,0.0,-,0,0,0,0,0.0,ECU,1,1,13330,0,0.0,FAN1,0,0,0,0,0.0,COILS,1,1,13324,0,0.0,PUMP,0,0,0,0,0.0,INJECTOR,1,1,13248,0,0.0,SERVO,1,1,13281,0,0.0,ADD 1,0,1,13335,0,0.0,ADD 2,0,1,13303,0,0.0,ADD 3,0,1,13275,0,0.0,ADD 4,0,1,13264,0,0.0,ADD 5,0,0,0,0,0.0,ADD 6,0,1,13357,0,0.0,ADD 7,0,0,0,0,0.0,EGT2CAN,0,1,13319,0,0.0
1778951546.247487,0.0,13308,-43.0,1,-,0,0,0,0,0.0,-,0,0,0,0,0.0,ECU,1,1,13308,0,0.0,FAN1,0,0,0,0,0.0,COILS,1,1,13319,0,0.0,PUMP,0,0,0,0,0.0,INJECTOR,1,1,13292,0,0.0,SERVO,1,1,13303,0,0.0,ADD 1,0,1,13335,0,0.0,ADD 2,0,1,13303,0,0.0,ADD 3,0,1,13275,0,0.0,ADD 4,0,1,13264,0,0.0,ADD 5,0,0,0,0,0.0,ADD 6,0,1,13357,0,0.0,ADD 7,0,0,0,0,0.0,EGT2CAN,0,1,13319,0,0.0
1778951546.2984798,0.0,13308,-43.0,1,-,0,0,0,0,0.0,-,0,0,0,0,0.0,ECU,1,1,13308,0,0.0,FAN1,0,0,0,0,0.0,COILS,1,1,13319,0,0.0,PUMP,0,0,0,0,0.0,INJECTOR,1,1,13292,0,0.0,SERVO,1,1,13303,0,0.0,ADD 1,0,1,13324,0,0.0,ADD 2,0,1,13308,0,0.0,ADD 3,0,1,13324,0,0.0,ADD 4,0,1,13204,0,0.0,ADD 5,0,0,0,0,0.0,ADD 6,0,1,13319,0,0.0,ADD 7,0,0,0,0,0.0,EGT2CAN,0,1,13319,0,0.0
1778951546.348841,0.0,13314,-43.0,1,-,0,0,0,0,0.0,-,0,0,0,0,0.0,ECU,1,1,13248,0,0.0,FAN1,0,0,0,0,0.0,COILS,1,1,13303,0,0.0,PUMP,0,0,0,0,0.0,INJECTOR,1,1,13297,0,0.0,SERVO,1,1,13215,0,0.0,ADD 1,0,1,13313,0,0.0,ADD 2,0,1,13319,0,0.0,ADD 3,0,1,13319,0,0.0,ADD 4,0,1,13313,0,0.0,ADD 5,0,0,0,0,0.0,ADD 6,0,1,13341,0,0.0,ADD 7,0,0,0,0,0.0,EGT2CAN,0,1,13264,0,0.0
1778951546.4012372,0.0,13277,-44.0,1,-,0,0,0,0,0.0,-,0,0,0,0,0.0,ECU,1,1,13242,0,0.0,FAN1,0,0,0,0,0.0,COILS,1,1,13324,0,0.0,PUMP,0,0,0,0,0.0,INJECTOR,1,1,13308,0,0.0,SERVO,1,1,13303,0,0.0,ADD 1,0,1,13308,0,0.0,ADD 2,0,1,13352,0,0.0,ADD 3,0,1,13286,0,0.0,ADD 4,0,1,13286,0,0.0,ADD 5,0,0,0,0,0.0,ADD 6,0,1,13286,0,0.0,ADD 7,0,0,0,0,0.0,EGT2CAN,0,1,13313,0,0.0
1778951546.4524717,0.0,13277,-44.0,1,-,0,0,0,0,0.0,-,0,0,0,0,0.0,ECU,1,1,13242,0,0.0,FAN1,0,0,0,0,0.0,COILS,1,1,13324,0,0.0,PUMP,0,0,0,0,0.0,INJECTOR,1,1,13308,0,0.0,SERVO,1,1,13303,0,0.0,ADD 1,0,1,13308,0,0.0,ADD 2,0,1,13352,0,0.0,ADD 3,0,1,13286,0,0.0,ADD 4,0,1,13286,0,0.0,ADD 5,0,0,0,0,0.0,ADD 6,0,1,13286,0,0.0,ADD 7,0,0,0,0,0.0,EGT2CAN,0,1,13313,0,0.0
1778951546.5034332,0.0,13339,-44.0,1,-,0,0,0,0,0.0,-,0,0,0,0,0.0,ECU,1,1,13319,0,0.0,FAN1,0,0,0,0,0.0,COILS,1,1,13292,0,0.0,PUMP,0,0,0,0,0.0,INJECTOR,1,1,13308,0,0.0,SERVO,1,1,13281,0,0.0,ADD 1,0,1,13308,0,0.0,ADD 2,0,1,13352,0,0.0,ADD 3,0,1,13248,0,0.0,ADD 4,0,1,13313,0,0.0,ADD 5,0,0,0,0,0.0,ADD 6,0,1,13346,0,0.0,ADD 7,0,0,0,0,0.0,EGT2CAN,0,1,13220,0,0.0
1778951546.55557,0.0,13351,-43.0,1,-,0,0,0,0,0.0,-,0,0,0,0,0.0,ECU,1,1,13324,0,0.0,FAN1,0,0,0,0,0.0,COILS,1,1,13330,0,0.0,PUMP,0,0,0,0,0.0,INJECTOR,1,1,13303,0,0.0,SERVO,1,1,13292,0,0.0,ADD 1,0,1,13264,0,0.0,ADD 2,0,1,13330,0,0.0,ADD 3,0,1,13324,0,0.0,ADD 4,0,1,13297,0,0.0,ADD 5,0,0,0,0,0.0,ADD 6,0,1,13346,0,0.0,ADD 7,0,0,0,0,0.0,EGT2CAN,0,1,13248,0,0.0
1778951546.6075761,0.0,13351,-43.0,1,-,0,0,0,0,0.0,-,0,0,0,0,0.0,ECU,1,1,13270,0,0.0,FAN1,0,0,0,0,0.0,COILS,1,1,13303,0,0.0,PUMP,0,0,0,0,0.0,INJECTOR,1,1,13341,0,0.0,SERVO,1,1,13292,0,0.0,ADD 1,0,1,13264,0,0.0,ADD 2,0,1,13330,0,0.0,ADD 3,0,1,13324,0,0.0,ADD 4,0,1,13297,0,0.0,ADD 5,0,0,0,0,0.0,ADD 6,0,1,13346,0,0.0,ADD 7,0,0,0,0,0.0,EGT2CAN,0,1,13248,0,0.0
1778951546.6637242,0.0,13296,-43.0,1,-,0,0,0,0,0.0,-,0,0,0,0,0.0,ECU,1,1,13313,0,0.0,FAN1,0,0,0,0,0.0,COILS,1,1,13335,0,0.0,PUMP,0,0,0,0,0.0,INJECTOR,1,1,13341,0,0.0,SERVO,1,1,13292,0,0.0,ADD 1,0,1,13297,0,0.0,ADD 2,0,1,13330,0,0.0,ADD 3,0,1,13308,0,0.0,ADD 4,0,1,13253,0,0.0,ADD 5,0,0,0,0,0.0,ADD 6,0,1,13308,0,0.0,ADD 7,0,0,0,0,0.0,EGT2CAN,0,1,13286,0,0.0
1778951546.733808,0.0,13339,-44.0,1,-,0,0,0,0,0.0,-,0,0,0,0,0.0,ECU,1,1,13324,0,0.0,FAN1,0,0,0,0,0.0,COILS,1,1,13352,0,0.0,PUMP,0,0,0,0,0.0,INJECTOR,1,1,13308,0,0.0,SERVO,1,1,13264,0,0.0,ADD 1,0,1,13292,0,0.0,ADD 2,0,1,13352,0,0.0,ADD 3,0,1,13308,0,0.0,ADD 4,0,1,13286,0,0.0,ADD 5,0,0,0,0,0.0,ADD 6,0,1,13286,0,0.0,ADD 7,0,0,0,0,0.0,EGT2CAN,0,1,13308,0,0.0
1778951546.7844734,0.0,13339,-43.0,1,-,0,0,0,0,0.0,-,0,0,0,0,0.0,ECU,1,1,13264,0,0.0,FAN1,0,0,0,0,0.0,COILS,1,1,13313,0,0.0,PUMP,0,0,0,0,0.0,INJECTOR,1,1,13346,0,0.0,SERVO,1,1,13281,0,0.0,ADD 1,0,1,13303,0,0.0,ADD 2,0,1,13335,0,0.0,ADD 3,0,1,13324,0,0.0,ADD 4,0,1,13215,0,0.0,ADD 5,0,0,0,0,0.0,ADD 6,0,1,13330,0,0.0,ADD 7,0,0,0,0,0.0,EGT2CAN,0,1,13281,0,0.0
1778951546.8374147,0.0,13339,-43.0,1,-,0,0,0,0,0.0,-,0,0,0,0,0.0,ECU,1,1,13264,0,0.0,FAN1,0,0,0,0,0.0,COILS,1,1,13313,0,0.0,PUMP,0,0,0,0,0.0,INJECTOR,1,1,13346,0,0.0,SERVO,1,1,13281,0,0.0,ADD 1,0,1,13303,0,0.0,ADD 2,0,1,13335,0,0.0,ADD 3,0,1,13324,0,0.0,ADD 4,0,1,13215,0,0.0,ADD 5,0,0,0,0,0.0,ADD 6,0,1,13330,0,0.0,ADD 7,0,0,0,0,0.0,EGT2CAN,0,1,13281,0,0.0
1778951546.8885953,0.0,13339,-43.0,1,-,0,0,0,0,0.0,-,0,0,0,0,0.0,ECU,1,1,13248,0,0.0,FAN1,0,0,0,0,0.0,COILS,1,1,13286,0,0.0,PUMP,0,0,0,0,0.0,INJECTOR,1,1,13248,0,0.0,SERVO,1,1,13308,0,0.0,ADD 1,0,1,13248,0,0.0,ADD 2,0,1,13346,0,0.0,ADD 3,0,1,13319,0,0.0,ADD 4,0,1,13286,0,0.0,ADD 5,0,0,0,0,0.0,ADD 6,0,1,13292,0,0.0,ADD 7,0,0,0,0,0.0,EGT2CAN,0,1,13324,0,0.0
1778951546.9459488,0.0,13339,-43.0,1,-,0,0,0,0,0.0,-,0,0,0,0,0.0,ECU,1,1,13335,0,0.0,FAN1,0,0,0,0,0.0,COILS,1,1,13259,0,0.0,PUMP,0,0,0,0,0.0,INJECTOR,1,1,13303,0,0.0,SERVO,1,1,13248,0,0.0,ADD 1,0,1,13335,0,0.0,ADD 2,0,1,13319,0,0.0,ADD 3,0,1,13313,0,0.0,ADD 4,0,1,13292,0,0.0,ADD 5,0,0,0,0,0.0,ADD 6,0,1,13253,0,0.0,ADD 7,0,0,0,0,0.0,EGT2CAN,0,1,13324,0,0.0
1778951546.9970527,0.0,13296,-44.0,1,-,0,0,0,0,0.0,-,0,0,0,0,0.0,ECU,1,1,13286,0,0.0,FAN1,0,0,0,0,0.0,COILS,1,1,13319,0,0.0,PUMP,0,0,0,0,0.0,INJECTOR,1,1,13237,0,0.0,SERVO,1,1,13242,0,0.0,ADD 1,0,1,13319,0,0.0,ADD 2,0,1,13264,0,0.0,ADD 3,0,1,13281,0,0.0,ADD 4,0,1,13253,0,0.0,ADD 5,0,0,0,0,0.0,ADD 6,0,1,13352,0,0.0,ADD 7,0,0,0,0,0.0,EGT2CAN,0,1,13319,0,0.0
1778951547.0489776,0.0,13296,-44.0,1,-,0,0,0,0,0.0,-,0,0,0,0,0.0,ECU,1,1,13286,0,0.0,FAN1,0,0,0,0,0.0,COILS,1,1,13319,0,0.0,PUMP,0,0,0,0,0.0,INJECTOR,1,1,13237,0,0.0,SERVO,1,1,13242,0,0.0,ADD 1,0,1,13286,0,0.0,ADD 2,0,1,13324,0,0.0,ADD 3,0,1,13319,0,0.0,ADD 4,0,1,13292,0,0.0,ADD 5,0,0,0,0,0.0,ADD 6,0,1,13324,0,0.0,ADD 7,0,0,0,0,0.0,EGT2CAN,0,1,13264,0,0.0
1778951547.1002557,0.0,13333,-43.0,1,-,0,0,0,0,0.0,-,0,0,0,0,0.0,ECU,1,1,13264,0,0.0,FAN1,0,0,0,0,0.0,COILS,1,1,13286,0,0.0,PUMP,0,0,0,0,0.0,INJECTOR,1,1,13286,0,0.0,SERVO,1,1,13308,0,0.0,ADD 1,0,1,13281,0,0.0,ADD 2,0,1,13292,0,0.0,ADD 3,0,1,13259,0,0.0,ADD 4,0,1,13286,0,0.0,ADD 5,0,0,0,0,0.0,ADD 6,0,1,13341,0,0.0,ADD 7,0,0,0,0,0.0,EGT2CAN,0,1,13292,0,0.0
1778951547.1512473,0.0,13333,-43.0,1,-,0,0,0,0,0.0,-,0,0,0,0,0.0,ECU,1,1,13264,0,0.0,FAN1,0,0,0,0,0.0,COILS,1,1,13286,0,0.0,PUMP,0,0,0,0,0.0,INJECTOR,1,1,13286,0,0.0,SERVO,1,1,13308,0,0.0,ADD 1,0,1,13281,0,0.0,ADD 2,0,1,13292,0,0.0,ADD 3,0,1,13259,0,0.0,ADD 4,0,1,13286,0,0.0,ADD 5,0,0,0,0,0.0,ADD 6,0,1,13341,0,0.0,ADD 7,0,0,0,0,0.0,EGT2CAN,0,1,13292,0,0.0
1778951547.2021744,0.0,13333,-43.0,1,-,0,0,0,0,0.0,-,0,0,0,0,0.0,ECU,1,1,13319,0,0.0,FAN1,0,0,0,0,0.0,COILS,1,1,13319,0,0.0,PUMP,0,0,0,0,0.0,INJECTOR,1,1,13319,0,0.0,SERVO,1,1,13259,0,0.0,ADD 1,0,1,13330,0,0.0,ADD 2,0,1,13319,0,0.0,ADD 3,0,1,13286,0,0.0,ADD 4,0,1,13270,0,0.0,ADD 5,0,0,0,0,0.0,ADD 6,0,1,13308,0,0.0,ADD 7,0,0,0,0,0.0,EGT2CAN,0,1,13264,0,0.0
1778951547.2526624,0.0,13327,-43.0,1,-,0,0,0,0,0.0,-,0,0,0,0,0.0,ECU,1,1,13286,0,0.0,FAN1,0,0,0,0,0.0,COILS,1,1,13248,0,0.0,PUMP,0,0,0,0,0.0,INJECTOR,1,1,13286,0,0.0,SERVO,1,1,13297,0,0.0,ADD 1,0,1,13335,0,0.0,ADD 2,0,1,13335,0,0.0,ADD 3,0,1,13330,0,0.0,ADD 4,0,1,13253,0,0.0,ADD 5,0,0,0,0,0.0,ADD 6,0,1,13270,0,0.0,ADD 7,0,0,0,0,0.0,EGT2CAN,0,1,13319,0,0.0
1778951547.3093944,0.0,13327,-43.0,1,-,0,0,0,0,0.0,-,0,0,0,0,0.0,ECU,1,1,13264,0,0.0,FAN1,0,0,0,0,0.0,COILS,1,1,13281,0,0.0,PUMP,0,0,0,0,0.0,INJECTOR,1,1,13308,0,0.0,SERVO,1,1,13248,0,0.0,ADD 1,0,1,13335,0,0.0,ADD 2,0,1,13335,0,0.0,ADD 3,0,1,13330,0,0.0,ADD 4,0,1,13253,0,0.0,ADD 5,0,0,0,0,0.0,ADD 6,0,1,13270,0,0.0,ADD 7,0,0,0,0,0.0,EGT2CAN,0,1,13319,0,0.0
1778951547.3720305,0.0,13339,-43.0,1,-,0,0,0,0,0.0,-,0,0,0,0,0.0,ECU,1,1,13231,0,0.0,FAN1,0,0,0,0,0.0,COILS,1,1,13330,0,0.0,PUMP,0,0,0,0,0.0,INJECTOR,1,1,13281,0,0.0,SERVO,1,1,13286,0,0.0,ADD 1,0,1,13231,0,0.0,ADD 2,0,1,13324,0,0.0,ADD 3,0,1,13259,0,0.0,ADD 4,0,1,13286,0,0.0,ADD 5,0,0,0,0,0.0,ADD 6,0,1,13352,0,0.0,ADD 7,0,0,0,0,0.0,EGT2CAN,0,1,13297,0,0.0
1778951547.4241066,0.0,13314,-43.0,1,-,0,0,0,0,0.0,-,0,0,0,0,0.0,ECU,1,1,13231,0,0.0,FAN1,0,0,0,0,0.0,COILS,1,1,13319,0,0.0,PUMP,0,0,0,0,0.0,INJECTOR,1,1,13303,0,0.0,SERVO,1,1,13237,0,0.0,ADD 1,0,1,13308,0,0.0,ADD 2,0,1,13292,0,0.0,ADD 3,0,1,13292,0,0.0,ADD 4,0,1,13270,0,0.0,ADD 5,0,0,0,0,0.0,ADD 6,0,1,13330,0,0.0,ADD 7,0,0,0,0,0.0,EGT2CAN,0,1,13248,0,0.0
1778951547.4753706,0.0,13314,-43.0,1,-,0,0,0,0,0.0,-,0,0,0,0,0.0,ECU,1,1,13248,0,0.0,FAN1,0,0,0,0,0.0,COILS,1,1,13248,0,0.0,PUMP,0,0,0,0,0.0,INJECTOR,1,1,13248,0,0.0,SERVO,1,1,13308,0,0.0,ADD 1,0,1,13308,0,0.0,ADD 2,0,1,13292,0,0.0,ADD 3,0,1,13292,0,0.0,ADD 4,0,1,13270,0,0.0,ADD 5,0,0,0,0,0.0,ADD 6,0,1,13330,0,0.0,ADD 7,0,0,0,0,0.0,EGT2CAN,0,1,13248,0,0.0
1778951547.5255342,0.0,13289,-44.0,1,-,0,0,0,0,0.0,-,0,0,0,0,0.0,ECU,1,1,13308,0,0.0,FAN1,0,0,0,0,0.0,COILS,1,1,13319,0,0.0,PUMP,0,0,0,0,0.0,INJECTOR,1,1,13319,0,0.0,SERVO,1,1,13286,0,0.0,ADD 1,0,1,13319,0,0.0,ADD 2,0,1,13330,0,0.0,ADD 3,0,1,13220,0,0.0,ADD 4,0,1,13248,0,0.0,ADD 5,0,0,0,0,0.0,ADD 6,0,1,13319,0,0.0,ADD 7,0,0,0,0,0.0,EGT2CAN,0,1,13319,0,0.0
1778951547.5801907,0.0,13401,-41.0,1,-,0,0,0,0,0.0,-,0,0,0,0,0.0,ECU,1,1,13308,0,0.0,FAN1,0,0,0,0,0.0,COILS,1,1,13319,0,0.0,PUMP,0,0,0,0,0.0,INJECTOR,1,1,13319,0,0.0,SERVO,1,1,13286,0,0.0,ADD 1,0,1,13319,0,0.0,ADD 2,0,1,13330,0,0.0,ADD 3,0,1,13220,0,0.0,ADD 4,0,1,13248,0,0.0,ADD 5,0,0,0,0,0.0,ADD 6,0,1,13297,0,0.0,ADD 7,0,0,0,0,0.0,EGT2CAN,0,1,13330,0,0.0
1778951547.633287,0.0,13401,-41.0,1,-,0,0,0,0,0.0,-,0,0,0,0,0.0,ECU,1,1,13220,0,0.0,FAN1,0,0,0,0,0.0,COILS,1,1,13330,0,0.0,PUMP,0,0,0,0,0.0,INJECTOR,1,1,13308,0,0.0,SERVO,1,1,13308,0,0.0,ADD 1,0,1,13286,0,0.0,ADD 2,0,1,13286,0,0.0,ADD 3,0,1,13248,0,0.0,ADD 4,0,1,13215,0,0.0,ADD 5,0,0,0,0,0.0,ADD 6,0,1,13297,0,0.0,ADD 7,0,0,0,0,0.0,EGT2CAN,0,1,13330,0,0.0
1778951547.6838923,0.0,13314,-43.0,1,-,0,0,0,0,0.0,-,0,0,0,0,0.0,ECU,1,1,13319,0,0.0,FAN1,0,0,0,0,0.0,COILS,1,1,13259,0,0.0,PUMP,0,0,0,0,0.0,INJECTOR,1,1,13303,0,0.0,SERVO,1,1,13297,0,0.0,ADD 1,0,1,13335,0,0.0,ADD 2,0,1,13335,0,0.0,ADD 3,0,1,13297,0,0.0,ADD 4,0,1,13286,0,0.0,ADD 5,0,0,0,0,0.0,ADD 6,0,1,13242,0,0.0,ADD 7,0,0,0,0,0.0,EGT2CAN,0,1,13286,0,0.0
1778951547.73532,0.0,13314,-43.0,1,-,0,0,0,0,0.0,-,0,0,0,0,0.0,ECU,1,1,13319,0,0.0,FAN1,0,0,0,0,0.0,COILS,1,1,13259,0,0.0,PUMP,0,0,0,0,0.0,INJECTOR,1,1,13303,0,0.0,SERVO,1,1,13297,0,0.0,ADD 1,0,1,13335,0,0.0,ADD 2,0,1,13335,0,0.0,ADD 3,0,1,13297,0,0.0,ADD 4,0,1,13286,0,0.0,ADD 5,0,0,0,0,0.0,ADD 6,0,1,13242,0,0.0,ADD 7,0,0,0,0,0.0,EGT2CAN,0,1,13286,0,0.0
1778951547.786229,0.0,13314,-43.0,1,-,0,0,0,0,0.0,-,0,0,0,0,0.0,ECU,1,1,13231,0,0.0,FAN1,0,0,0,0,0.0,COILS,1,1,13324,0,0.0,PUMP,0,0,0,0,0.0,INJECTOR,1,1,13259,0,0.0,SERVO,1,1,13270,0,0.0,ADD 1,0,1,13319,0,0.0,ADD 2,0,1,13330,0,0.0,ADD 3,0,1,13313,0,0.0,ADD 4,0,1,13248,0,0.0,ADD 5,0,0,0,0,0.0,ADD 6,0,1,13242,0,0.0,ADD 7,0,0,0,0,0.0,EGT2CAN,0,1,13286,0,0.0
1778951547.8369136,0.0,13314,-44.0,1,-,0,0,0,0,0.0,-,0,0,0,0,0.0,ECU,1,1,13324,0,0.0,FAN1,0,0,0,0,0.0,COILS,1,1,13286,0,0.0,PUMP,0,0,0,0,0.0,INJECTOR,1,1,13242,0,0.0,SERVO,1,1,13215,0,0.0,ADD 1,0,1,13286,0,0.0,ADD 2,0,1,13286,0,0.0,ADD 3,0,1,13297,0,0.0,ADD 4,0,1,13286,0,0.0,ADD 5,0,0,0,0,0.0,ADD 6,0,1,13308,0,0.0,ADD 7,0,0,0,0,0.0,EGT2CAN,0,1,13281,0,0.0
1778951547.888372,0.0,13314,-44.0,1,-,0,0,0,0,0.0,-,0,0,0,0,0.0,ECU,1,1,13324,0,0.0,FAN1,0,0,0,0,0.0,COILS,1,1,13286,0,0.0,PUMP,0,0,0,0,0.0,INJECTOR,1,1,13242,0,0.0,SERVO,1,1,13215,0,0.0,ADD 1,0,1,13286,0,0.0,ADD 2,0,1,13286,0,0.0,ADD 3,0,1,13297,0,0.0,ADD 4,0,1,13286,0,0.0,ADD 5,0,0,0,0,0.0,ADD 6,0,1,13308,0,0.0,ADD 7,0,0,0,0,0.0,EGT2CAN,0,1,13281,0,0.0
1778951547.9392717,0.0,13314,-44.0,1,-,0,0,0,0,0.0,-,0,0,0,0,0.0,ECU,1,1,13341,0,0.0,FAN1,0,0,0,0,0.0,COILS,1,1,13335,0,0.0,PUMP,0,0,0,0,0.0,INJECTOR,1,1,13303,0,0.0,SERVO,1,1,13264,0,0.0,ADD 1,0,1,13297,0,0.0,ADD 2,0,1,13226,0,0.0,ADD 3,0,1,13264,0,0.0,ADD 4,0,1,13264,0,0.0,ADD 5,0,0,0,0,0.0,ADD 6,0,1,13308,0,0.0,ADD 7,0,0,0,0,0.0,EGT2CAN,0,1,13281,0,0.0
1778951548.0004838,0.0,13302,-43.0,1,-,0,0,0,0,0.0,-,0,0,0,0,0.0,ECU,1,1,13303,0,0.0,FAN1,0,0,0,0,0.0,COILS,1,1,13286,0,0.0,PUMP,0,0,0,0,0.0,INJECTOR,1,1,13248,0,0.0,SERVO,1,1,13292,0,0.0,ADD 1,0,1,13248,0,0.0,ADD 2,0,1,13319,0,0.0,ADD 3,0,1,13248,0,0.0,ADD 4,0,1,13188,0,0.0,ADD 5,0,0,0,0,0.0,ADD 6,0,1,13330,0,0.0,ADD 7,0,0,0,0,0.0,EGT2CAN,0,1,13292,0,0.0
1778951548.0509799,0.0,13302,-43.0,1,-,0,0,0,0,0.0,-,0,0,0,0,0.0,ECU,1,1,13259,0,0.0,FAN1,0,0,0,0,0.0,COILS,1,1,13319,0,0.0,PUMP,0,0,0,0,0.0,INJECTOR,1,1,13286,0,0.0,SERVO,1,1,13292,0,0.0,ADD 1,0,1,13248,0,0.0,ADD 2,0,1,13319,0,0.0,ADD 3,0,1,13248,0,0.0,ADD 4,0,1,13188,0,0.0,ADD 5,0,0,0,0,0.0,ADD 6,0,1,13330,0,0.0,ADD 7,0,0,0,0,0.0,EGT2CAN,0,1,13292,0,0.0
1778951548.1017957,0.0,13302,-44.0,1,-,0,0,0,0,0.0,-,0,0,0,0,0.0,ECU,1,1,13259,0,0.0,FAN1,0,0,0,0,0.0,COILS,1,1,13297,0,0.0,PUMP,0,0,0,0,0.0,INJECTOR,1,1,13286,0,0.0,SERVO,1,1,13259,0,0.0,ADD 1,0,1,13324,0,0.0,ADD 2,0,1,13297,0,0.0,ADD 3,0,1,13286,0,0.0,ADD 4,0,1,13220,0,0.0,ADD 5,0,0,0,0,0.0,ADD 6,0,1,13248,0,0.0,ADD 7,0,0,0,0,0.0,EGT2CAN,0,1,13248,0,0.0
1778951548.1714997,0.0,13320,-43.0,1,-,0,0,0,0,0.0,-,0,0,0,0,0.0,ECU,1,1,13242,0,0.0,FAN1,0,0,0,0,0.0,COILS,1,1,13264,0,0.0,PUMP,0,0,0,0,0.0,INJECTOR,1,1,13281,0,0.0,SERVO,1,1,13242,0,0.0,ADD 1,0,1,13215,0,0.0,ADD 2,0,1,13264,0,0.0,ADD 3,0,1,13286,0,0.0,ADD 4,0,1,13275,0,0.0,ADD 5,0,0,0,0,0.0,ADD 6,0,1,13352,0,0.0,ADD 7,0,0,0,0,0.0,EGT2CAN,0,1,13308,0,0.0
1778951548.2227368,0.0,13320,-43.0,1,-,0,0,0,0,0.0,-,0,0,0,0,0.0,ECU,1,1,13313,0,0.0,FAN1,0,0,0,0,0.0,COILS,1,1,13286,0,0.0,PUMP,0,0,0,0,0.0,INJECTOR,1,1,13303,0,0.0,SERVO,1,1,13248,0,0.0,ADD 1,0,1,13281,0,0.0,ADD 2,0,1,13308,0,0.0,ADD 3,0,1,13319,0,0.0,ADD 4,0,1,13177,0,0.0,ADD 5,0,0,0,0,0.0,ADD 6,0,1,13330,0,0.0,ADD 7,0,0,0,0,0.0,EGT2CAN,0,1,13275,0,0.0
1778951548.2731736,0.0,13333,-43.0,1,-,0,0,0,0,0.0,-,0,0,0,0,0.0,ECU,1,1,13324,0,0.0,FAN1,0,0,0,0,0.0,COILS,1,1,13330,0,0.0,PUMP,0,0,0,0,0.0,INJECTOR,1,1,13297,0,0.0,SERVO,1,1,13303,0,0.0,ADD 1,0,1,13286,0,0.0,ADD 2,0,1,13303,0,0.0,ADD 3,0,1,13308,0,0.0,ADD 4,0,1,13264,0,0.0,ADD 5,0,0,0,0,0.0,ADD 6,0,1,13308,0,0.0,ADD 7,0,0,0,0,0.0,EGT2CAN,0,1,13226,0,0.0
1778951548.3249679,0.0,13314,-43.0,1,-,0,0,0,0,0.0,-,0,0,0,0,0.0,ECU,1,1,13324,0,0.0,FAN1,0,0,0,0,0.0,COILS,1,1,13330,0,0.0,PUMP,0,0,0,0,0.0,INJECTOR,1,1,13297,0,0.0,SERVO,1,1,13303,0,0.0,ADD 1,0,1,13313,0,0.0,ADD 2,0,1,13319,0,0.0,ADD 3,0,1,13264,0,0.0,ADD 4,0,1,13242,0,0.0,ADD 5,0,0,0,0,0.0,ADD 6,0,1,13292,0,0.0,ADD 7,0,0,0,0,0.0,EGT2CAN,0,1,13303,0,0.0
1778951548.3756678,0.0,13314,-43.0,1,-,0,0,0,0,0.0,-,0,0,0,0,0.0,ECU,1,1,13313,0,0.0,FAN1,0,0,0,0,0.0,COILS,1,1,13281,0,0.0,PUMP,0,0,0,0,0.0,INJECTOR,1,1,13308,0,0.0,SERVO,1,1,13292,0,0.0,ADD 1,0,1,13231,0,0.0,ADD 2,0,1,13303,0,0.0,ADD 3,0,1,13286,0,0.0,ADD 4,0,1,13286,0,0.0,ADD 5,0,0,0,0,0.0,ADD 6,0,1,13330,0,0.0,ADD 7,0,0,0,0,0.0,EGT2CAN,0,1,13308,0,0.0
1778951548.4302025,0.0,13320,-43.0,1,-,0,0,0,0,0.0,-,0,0,0,0,0.0,ECU,1,1,13319,0,0.0,FAN1,0,0,0,0,0.0,COILS,1,1,13286,0,0.0,PUMP,0,0,0,0,0.0,INJECTOR,1,1,13308,0,0.0,SERVO,1,1,13275,0,0.0,ADD 1,0,1,13313,0,0.0,ADD 2,0,1,13281,0,0.0,ADD 3,0,1,13264,0,0.0,ADD 4,0,1,13253,0,0.0,ADD 5,0,0,0,0,0.0,ADD 6,0,1,13319,0,0.0,ADD 7,0,0,0,0,0.0,EGT2CAN,0,1,13313,0,0.0
1778951548.4905467,0.0,13302,-43.0,1,-,0,0,0,0,0.0,-,0,0,0,0,0.0,ECU,1,1,13237,0,0.0,FAN1,0,0,0,0,0.0,COILS,1,1,13324,0,0.0,PUMP,0,0,0,0,0.0,INJECTOR,1,1,13330,0,0.0,SERVO,1,1,13215,0,0.0,ADD 1,0,1,13270,0,0.0,ADD 2,0,1,13303,0,0.0,ADD 3,0,1,13231,0,0.0,ADD 4,0,1,13193,0,0.0,ADD 5,0,0,0,0,0.0,ADD 6,0,1,13330,0,0.0,ADD 7,0,0,0,0,0.0,EGT2CAN,0,1,13303,0,0.0
1778951548.5409422,0.0,13333,-43.0,1,-,0,0,0,0,0.0,-,0,0,0,0,0.0,ECU,1,1,13292,0,0.0,FAN1,0,0,0,0,0.0,COILS,1,1,13248,0,0.0,PUMP,0,0,0,0,0.0,INJECTOR,1,1,13324,0,0.0,SERVO,1,1,13281,0,0.0,ADD 1,0,1,13341,0,0.0,ADD 2,0,1,13330,0,0.0,ADD 3,0,1,13286,0,0.0,ADD 4,0,1,13231,0,0.0,ADD 5,0,0,0,0,0.0,ADD 6,0,1,13264,0,0.0,ADD 7,0,0,0,0,0.0,EGT2CAN,0,1,13303,0,0.0
1778951548.5929072,0.0,13277,-44.0,1,-,0,0,0,0,0.0,-,0,0,0,0,0.0,ECU,1,1,13264,0,0.0,FAN1,0,0,0,0,0.0,COILS,1,1,13308,0,0.0,PUMP,0,0,0,0,0.0,INJECTOR,1,1,13292,0,0.0,SERVO,1,1,13275,0,0.0,ADD 1,0,1,13281,0,0.0,ADD 2,0,1,13248,0,0.0,ADD 3,0,1,13248,0,0.0,ADD 4,0,1,13286,0,0.0,ADD 5,0,0,0,0,0.0,ADD 6,0,1,13330,0,0.0,ADD 7,0,0,0,0,0.0,EGT2CAN,0,1,13297,0,0.0
1778951548.6594305,0.0,13277,-44.0,1,-,0,0,0,0,0.0,-,0,0,0,0,0.0,ECU,1,1,13264,0,0.0,FAN1,0,0,0,0,0.0,COILS,1,1,13308,0,0.0,PUMP,0,0,0,0,0.0,INJECTOR,1,1,13292,0,0.0,SERVO,1,1,13275,0,0.0,ADD 1,0,1,13281,0,0.0,ADD 2,0,1,13248,0,0.0,ADD 3,0,1,13248,0,0.0,ADD 4,0,1,13286,0,0.0,ADD 5,0,0,0,0,0.0,ADD 6,0,1,13330,0,0.0,ADD 7,0,0,0,0,0.0,EGT2CAN,0,1,13297,0,0.0
1778951548.7110007,0.0,13320,-43.0,1,-,0,0,0,0,0.0,-,0,0,0,0,0.0,ECU,1,1,13297,0,0.0,FAN1,0,0,0,0,0.0,COILS,1,1,13248,0,0.0,PUMP,0,0,0,0,0.0,INJECTOR,1,1,13330,0,0.0,SERVO,1,1,13264,0,0.0,ADD 1,0,1,13281,0,0.0,ADD 2,0,1,13264,0,0.0,ADD 3,0,1,13286,0,0.0,ADD 4,0,1,13177,0,0.0,ADD 5,0,0,0,0,0.0,ADD 6,0,1,13319,0,0.0,ADD 7,0,0,0,0,0.0,EGT2CAN,0,1,13308,0,0.0
1778951548.763571,0.0,13277,-45.0,1,-,0,0,0,0,0.0,-,0,0,0,0,0.0,ECU,1,1,13286,0,0.0,FAN1,0,0,0,0,0.0,COILS,1,1,13275,0,0.0,PUMP,0,0,0,0,0.0,INJECTOR,1,1,13220,0,0.0,SERVO,1,1,13231,0,0.0,ADD 1,0,1,13248,0,0.0,ADD 2,0,1,13303,0,0.0,ADD 3,0,1,13259,0,0.0,ADD 4,0,1,13292,0,0.0,ADD 5,0,0,0,0,0.0,ADD 6,0,1,13346,0,0.0,ADD 7,0,0,0,0,0.0,EGT2CAN,0,1,13242,0,0.0
1778951548.815675,0.0,13277,-45.0,1,-,0,0,0,0,0.0,-,0,0,0,0,0.0,ECU,1,1,13281,0,0.0,FAN1,0,0,0,0,0.0,COILS,1,1,13330,0,0.0,PUMP,0,0,0,0,0.0,INJECTOR,1,1,13292,0,0.0,SERVO,1,1,13248,0,0.0,ADD 1,0,1,13248,0,0.0,ADD 2,0,1,13303,0,0.0,ADD 3,0,1,13259,0,0.0,ADD 4,0,1,13292,0,0.0,ADD 5,0,0,0,0,0.0,ADD 6,0,1,13346,0,0.0,ADD 7,0,0,0,0,0.0,EGT2CAN,0,1,13242,0,0.0
1778951548.866081,0.0,13296,-43.0,1,-,0,0,0,0,0.0,-,0,0,0,0,0.0,ECU,1,1,13292,0,0.0,FAN1,0,0,0,0,0.0,COILS,1,1,13303,0,0.0,PUMP,0,0,0,0,0.0,INJECTOR,1,1,13308,0,0.0,SERVO,1,1,13253,0,0.0,ADD 1,0,1,13286,0,0.0,ADD 2,0,1,13324,0,0.0,ADD 3,0,1,13308,0,0.0,ADD 4,0,1,13248,0,0.0,ADD 5,0,0,0,0,0.0,ADD 6,0,1,13275,0,0.0,ADD 7,0,0,0,0,0.0,EGT2CAN,0,1,13303,0,0.0
1778951548.9183452,0.0,13277,-43.0,1,-,0,0,0,0,0.0,-,0,0,0,0,0.0,ECU,1,1,13264,0,0.0,FAN1,0,0,0,0,0.0,COILS,1,1,13281,0,0.0,PUMP,0,0,0,0,0.0,INJECTOR,1,1,13313,0,0.0,SERVO,1,1,13297,0,0.0,ADD 1,0,1,13264,0,0.0,ADD 2,0,1,13308,0,0.0,ADD 3,0,1,13231,0,0.0,ADD 4,0,1,13242,0,0.0,ADD 5,0,0,0,0,0.0,ADD 6,0,1,13319,0,0.0,ADD 7,0,0,0,0,0.0,EGT2CAN,0,1,13270,0,0.0
1778951548.9694989,0.0,13277,-43.0,1,-,0,0,0,0,0.0,-,0,0,0,0,0.0,ECU,1,1,13248,0,0.0,FAN1,0,0,0,0,0.0,COILS,1,1,13319,0,0.0,PUMP,0,0,0,0,0.0,INJECTOR,1,1,13275,0,0.0,SERVO,1,1,13264,0,0.0,ADD 1,0,1,13303,0,0.0,ADD 2,0,1,13286,0,0.0,ADD 3,0,1,13313,0,0.0,ADD 4,0,1,13242,0,0.0,ADD 5,0,0,0,0,0.0,ADD 6,0,1,13308,0,0.0,ADD 7,0,0,0,0,0.0,EGT2CAN,0,1,13242,0,0.0
1778951549.0201018,0.0,13277,-43.0,1,-,0,0,0,0,0.0,-,0,0,0,0,0.0,ECU,1,1,13242,0,0.0,FAN1,0,0,0,0,0.0,COILS,1,1,13248,0,0.0,PUMP,0,0,0,0,0.0,INJECTOR,1,1,13264,0,0.0,SERVO,1,1,13259,0,0.0,ADD 1,0,1,13286,0,0.0,ADD 2,0,1,13297,0,0.0,ADD 3,0,1,13308,0,0.0,ADD 4,0,1,13171,0,0.0,ADD 5,0,0,0,0,0.0,ADD 6,0,1,13324,0,0.0,ADD 7,0,0,0,0,0.0,EGT2CAN,0,1,13308,0,0.0
1778951549.0723243,0.0,13277,-43.0,1,-,0,0,0,0,0.0,-,0,0,0,0,0.0,ECU,1,1,13242,0,0.0,FAN1,0,0,0,0,0.0,COILS,1,1,13308,0,0.0,PUMP,0,0,0,0,0.0,INJECTOR,1,1,13297,0,0.0,SERVO,1,1,13199,0,0.0,ADD 1,0,1,13281,0,0.0,ADD 2,0,1,13335,0,0.0,ADD 3,0,1,13264,0,0.0,ADD 4,0,1,13264,0,0.0,ADD 5,0,0,0,0,0.0,ADD 6,0,1,13286,0,0.0,ADD 7,0,0,0,0,0.0,EGT2CAN,0,1,13308,0,0.0
1778951549.1335857,0.0,13308,-45.0,1,-,0,0,0,0,0.0,-,0,0,0,0,0.0,ECU,1,1,13308,0,0.0,FAN1,0,0,0,0,0.0,COILS,1,1,13259,0,0.0,PUMP,0,0,0,0,0.0,INJECTOR,1,1,13330,0,0.0,SERVO,1,1,13275,0,0.0,ADD 1,0,1,13242,0,0.0,ADD 2,0,1,13237,0,0.0,ADD 3,0,1,13270,0,0.0,ADD 4,0,1,13226,0,0.0,ADD 5,0,0,0,0,0.0,ADD 6,0,1,13248,0,0.0,ADD 7,0,0,0,0,0.0,EGT2CAN,0,1,13248,0,0.0
1778951549.1848114,0.0,13308,-45.0,1,-,0,0,0,0,0.0,-,0,0,0,0,0.0,ECU,1,1,13308,0,0.0,FAN1,0,0,0,0,0.0,COILS,1,1,13259,0,0.0,PUMP,0,0,0,0,0.0,INJECTOR,1,1,13330,0,0.0,SERVO,1,1,13275,0,0.0,ADD 1,0,1,13242,0,0.0,ADD 2,0,1,13237,0,0.0,ADD 3,0,1,13270,0,0.0,ADD 4,0,1,13226,0,0.0,ADD 5,0,0,0,0,0.0,ADD 6,0,1,13248,0,0.0,ADD 7,0,0,0,0,0.0,EGT2CAN,0,1,13248,0,0.0
1778951549.2355845,0.0,13308,-45.0,1,-,0,0,0,0,0.0,-,0,0,0,0,0.0,ECU,1,1,13270,0,0.0,FAN1,0,0,0,0,0.0,COILS,1,1,13281,0,0.0,PUMP,0,0,0,0,0.0,INJECTOR,1,1,13259,0,0.0,SERVO,1,1,13204,0,0.0,ADD 1,0,1,13286,0,0.0,ADD 2,0,1,13248,0,0.0,ADD 3,0,1,13286,0,0.0,ADD 4,0,1,13242,0,0.0,ADD 5,0,0,0,0,0.0,ADD 6,0,1,13248,0,0.0,ADD 7,0,0,0,0,0.0,EGT2CAN,0,1,13248,0,0.0
1778951549.286585,0.0,13265,-43.0,1,-,0,0,0,0,0.0,-,0,0,0,0,0.0,ECU,1,1,13275,0,0.0,FAN1,0,0,0,0,0.0,COILS,1,1,13270,0,0.0,PUMP,0,0,0,0,0.0,INJECTOR,1,1,13330,0,0.0,SERVO,1,1,13275,0,0.0,ADD 1,0,1,13303,0,0.0,ADD 2,0,1,13281,0,0.0,ADD 3,0,1,13231,0,0.0,ADD 4,0,1,13270,0,0.0,ADD 5,0,0,0,0,0.0,ADD 6,0,1,13335,0,0.0,ADD 7,0,0,0,0,0.0,EGT2CAN,0,1,13308,0,0.0
1778951549.337565,0.0,13265,-43.0,1,-,0,0,0,0,0.0,-,0,0,0,0,0.0,ECU,1,1,13275,0,0.0,FAN1,0,0,0,0,0.0,COILS,1,1,13270,0,0.0,PUMP,0,0,0,0,0.0,INJECTOR,1,1,13330,0,0.0,SERVO,1,1,13275,0,0.0,ADD 1,0,1,13303,0,0.0,ADD 2,0,1,13281,0,0.0,ADD 3,0,1,13231,0,0.0,ADD 4,0,1,13270,0,0.0,ADD 5,0,0,0,0,0.0,ADD 6,0,1,13335,0,0.0,ADD 7,0,0,0,0,0.0,EGT2CAN,0,1,13308,0,0.0
1778951549.3892279,0.0,13265,-43.0,1,-,0,0,0,0,0.0,-,0,0,0,0,0.0,ECU,1,1,13242,0,0.0,FAN1,0,0,0,0,0.0,COILS,1,1,13286,0,0.0,PUMP,0,0,0,0,0.0,INJECTOR,1,1,13303,0,0.0,SERVO,1,1,13292,0,0.0,ADD 1,0,1,13270,0,0.0,ADD 2,0,1,13281,0,0.0,ADD 3,0,1,13231,0,0.0,ADD 4,0,1,13204,0,0.0,ADD 5,0,0,0,0,0.0,ADD 6,0,1,13319,0,0.0,ADD 7,0,0,0,0,0.0,EGT2CAN,0,1,13313,0,0.0
1778951549.445913,0.0,13296,-43.0,1,-,0,0,0,0,0.0,-,0,0,0,0,0.0,ECU,1,1,13297,0,0.0,FAN1,0,0,0,0,0.0,COILS,1,1,13248,0,0.0,PUMP,0,0,0,0,0.0,INJECTOR,1,1,13264,0,0.0,SERVO,1,1,13242,0,0.0,ADD 1,0,1,13297,0,0.0,ADD 2,0,1,13286,0,0.0,ADD 3,0,1,13324,0,0.0,ADD 4,0,1,13270,0,0.0,ADD 5,0,0,0,0,0.0,ADD 6,0,1,13281,0,0.0,ADD 7,0,0,0,0,0.0,EGT2CAN,0,1,13253,0,0.0
1778951549.4975827,0.0,13296,-43.0,1,-,0,0,0,0,0.0,-,0,0,0,0,0.0,ECU,1,1,13292,0,0.0,FAN1,0,0,0,0,0.0,COILS,1,1,13248,0,0.0,PUMP,0,0,0,0,0.0,INJECTOR,1,1,13264,0,0.0,SERVO,1,1,13242,0,0.0,ADD 1,0,1,13297,0,0.0,ADD 2,0,1,13286,0,0.0,ADD 3,0,1,13324,0,0.0,ADD 4,0,1,13270,0,0.0,ADD 5,0,0,0,0,0.0,ADD 6,0,1,13281,0,0.0,ADD 7,0,0,0,0,0.0,EGT2CAN,0,1,13253,0,0.0
1778951549.548154,0.0,13296,-43.0,1,-,0,0,0,0,0.0,-,0,0,0,0,0.0,ECU,1,1,13292,0,0.0,FAN1,0,0,0,0,0.0,COILS,1,1,13231,0,0.0,PUMP,0,0,0,0,0.0,INJECTOR,1,1,13275,0,0.0,SERVO,1,1,13264,0,0.0,ADD 1,0,1,13319,0,0.0,ADD 2,0,1,13303,0,0.0,ADD 3,0,1,13270,0,0.0,ADD 4,0,1,13270,0,0.0,ADD 5,0,0,0,0,0.0,ADD 6,0,1,13253,0,0.0,ADD 7,0,0,0,0,0.0,EGT2CAN,0,1,13259,0,0.0
1778951549.5989592,0.0,13271,-44.0,1,-,0,0,0,0,0.0,-,0,0,0,0,0.0,ECU,1,1,13324,0,0.0,FAN1,0,0,0,0,0.0,COILS,1,1,13281,0,0.0,PUMP,0,0,0,0,0.0,INJECTOR,1,1,13270,0,0.0,SERVO,1,1,13242,0,0.0,ADD 1,0,1,13264,0,0.0,ADD 2,0,1,13286,0,0.0,ADD 3,0,1,13292,0,0.0,ADD 4,0,1,13231,0,0.0,ADD 5,0,0,0,0,0.0,ADD 6,0,1,13308,0,0.0,ADD 7,0,0,0,0,0.0,EGT2CAN,0,1,13220,0,0.0
1778951549.6492546,0.0,13271,-44.0,1,-,0,0,0,0,0.0,-,0,0,0,0,0.0,ECU,1,1,13264,0,0.0,FAN1,0,0,0,0,0.0,COILS,1,1,13281,0,0.0,PUMP,0,0,0,0,0.0,INJECTOR,1,1,13270,0,0.0,SERVO,1,1,13242,0,0.0,ADD 1,0,1,13264,0,0.0,ADD 2,0,1,13286,0,0.0,ADD 3,0,1,13292,0,0.0,ADD 4,0,1,13231,0,0.0,ADD 5,0,0,0,0,0.0,ADD 6,0,1,13308,0,0.0,ADD 7,0,0,0,0,0.0,EGT2CAN,0,1,13220,0,0.0
1778951549.7002332,0.0,13271,-44.0,1,-,0,0,0,0,0.0,-,0,0,0,0,0.0,ECU,1,1,13264,0,0.0,FAN1,0,0,0,0,0.0,COILS,1,1,13286,0,0.0,PUMP,0,0,0,0,0.0,INJECTOR,1,1,13308,0,0.0,SERVO,1,1,13248,0,0.0,ADD 1,0,1,13242,0,0.0,ADD 2,0,1,13248,0,0.0,ADD 3,0,1,13259,0,0.0,ADD 4,0,1,13226,0,0.0,ADD 5,0,0,0,0,0.0,ADD 6,0,1,13319,0,0.0,ADD 7,0,0,0,0,0.0,EGT2CAN,0,1,13264,0,0.0
1778951549.7512352,0.0,13314,-43.0,1,-,0,0,0,0,0.0,-,0,0,0,0,0.0,ECU,1,1,13297,0,0.0,FAN1,0,0,0,0,0.0,COILS,1,1,13308,0,0.0,PUMP,0,0,0,0,0.0,INJECTOR,1,1,13264,0,0.0,SERVO,1,1,13286,0,0.0,ADD 1,0,1,13253,0,0.0,ADD 2,0,1,13237,0,0.0,ADD 3,0,1,13275,0,0.0,ADD 4,0,1,13237,0,0.0,ADD 5,0,0,0,0,0.0,ADD 6,0,1,13324,0,0.0,ADD 7,0,0,0,0,0.0,EGT2CAN,0,1,13275,0,0.0
1778951549.8078618,0.0,13308,-43.0,1,-,0,0,0,0,0.0,-,0,0,0,0,0.0,ECU,1,1,13264,0,0.0,FAN1,0,0,0,0,0.0,COILS,1,1,13308,0,0.0,PUMP,0,0,0,0,0.0,INJECTOR,1,1,13324,0,0.0,SERVO,1,1,13242,0,0.0,ADD 1,0,1,13286,0,0.0,ADD 2,0,1,13297,0,0.0,ADD 3,0,1,13215,0,0.0,ADD 4,0,1,13226,0,0.0,ADD 5,0,0,0,0,0.0,ADD 6,0,1,13286,0,0.0,ADD 7,0,0,0,0,0.0,EGT2CAN,0,1,13248,0,0.0
1778951549.8608685,0.0,13308,-43.0,1,-,0,0,0,0,0.0,-,0,0,0,0,0.0,ECU,1,1,13242,0,0.0,FAN1,0,0,0,0,0.0,COILS,1,1,13286,0,0.0,PUMP,0,0,0,0,0.0,INJECTOR,1,1,13292,0,0.0,SERVO,1,1,13264,0,0.0,ADD 1,0,1,13297,0,0.0,ADD 2,0,1,13308,0,0.0,ADD 3,0,1,13264,0,0.0,ADD 4,0,1,13231,0,0.0,ADD 5,0,0,0,0,0.0,ADD 6,0,1,13286,0,0.0,ADD 7,0,0,0,0,0.0,EGT2CAN,0,1,13248,0,0.0
1778951549.9119925,0.0,13302,-43.0,1,-,0,0,0,0,0.0,-,0,0,0,0,0.0,ECU,1,1,13242,0,0.0,FAN1,0,0,0,0,0.0,COILS,1,1,13292,0,0.0,PUMP,0,0,0,0,0.0,INJECTOR,1,1,13286,0,0.0,SERVO,1,1,13281,0,0.0,ADD 1,0,1,13281,0,0.0,ADD 2,0,1,13308,0,0.0,ADD 3,0,1,13303,0,0.0,ADD 4,0,1,13242,0,0.0,ADD 5,0,0,0,0,0.0,ADD 6,0,1,13308,0,0.0,ADD 7,0,0,0,0,0.0,EGT2CAN,0,1,13242,0,0.0
1778951549.963308,0.0,13289,-44.0,1,-,0,0,0,0,0.0,-,0,0,0,0,0.0,ECU,1,1,13297,0,0.0,FAN1,0,0,0,0,0.0,COILS,1,1,13248,0,0.0,PUMP,0,0,0,0,0.0,INJECTOR,1,1,13313,0,0.0,SERVO,1,1,13231,0,0.0,ADD 1,0,1,13275,0,0.0,ADD 2,0,1,13292,0,0.0,ADD 3,0,1,13286,0,0.0,ADD 4,0,1,13270,0,0.0,ADD 5,0,0,0,0,0.0,ADD 6,0,1,13286,0,0.0,ADD 7,0,0,0,0,0.0,EGT2CAN,0,1,13231,0,0.0
1778951550.0147045,0.0,13289,-44.0,1,-,0,0,0,0,0.0,-,0,0,0,0,0.0,ECU,1,1,13259,0,0.0,FAN1,0,0,0,0,0.0,COILS,1,1,13264,0,0.0,PUMP,0,0,0,0,0.0,INJECTOR,1,1,13259,0,0.0,SERVO,1,1,13264,0,0.0,ADD 1,0,1,13286,0,0.0,ADD 2,0,1,13286,0,0.0,ADD 3,0,1,13292,0,0.0,ADD 4,0,1,13242,0,0.0,ADD 5,0,0,0,0,0.0,ADD 6,0,1,13319,0,0.0,ADD 7,0,0,0,0,0.0,EGT2CAN,0,1,13248,0,0.0
1778951550.067191,0.0,13302,-45.0,1,-,0,0,0,0,0.0,-,0,0,0,0,0.0,ECU,1,1,13297,0,0.0,FAN1,0,0,0,0,0.0,COILS,1,1,13303,0,0.0,PUMP,0,0,0,0,0.0,INJECTOR,1,1,13199,0,0.0,SERVO,1,1,13210,0,0.0,ADD 1,0,1,13248,0,0.0,ADD 2,0,1,13319,0,0.0,ADD 3,0,1,13264,0,0.0,ADD 4,0,1,13204,0,0.0,ADD 5,0,0,0,0,0.0,ADD 6,0,1,13308,0,0.0,ADD 7,0,0,0,0,0.0,EGT2CAN,0,1,13292,0,0.0
1778951550.1259346,0.0,13302,-45.0,1,-,0,0,0,0,0.0,-,0,0,0,0,0.0,ECU,1,1,13215,0,0.0,FAN1,0,0,0,0,0.0,COILS,1,1,13308,0,0.0,PUMP,0,0,0,0,0.0,INJECTOR,1,1,13303,0,0.0,SERVO,1,1,13193,0,0.0,ADD 1,0,1,13242,0,0.0,ADD 2,0,1,13264,0,0.0,ADD 3,0,1,13303,0,0.0,ADD 4,0,1,13286,0,0.0,ADD 5,0,0,0,0,0.0,ADD 6,0,1,13330,0,0.0,ADD 7,0,0,0,0,0.0,EGT2CAN,0,1,13264,0,0.0
1778951550.178051,0.0,13289,-43.0,1,-,0,0,0,0,0.0,-,0,0,0,0,0.0,ECU,1,1,13292,0,0.0,FAN1,0,0,0,0,0.0,COILS,1,1,13281,0,0.0,PUMP,0,0,0,0,0.0,INJECTOR,1,1,13297,0,0.0,SERVO,1,1,13237,0,0.0,ADD 1,0,1,13264,0,0.0,ADD 2,0,1,13270,0,0.0,ADD 3,0,1,13215,0,0.0,ADD 4,0,1,13259,0,0.0,ADD 5,0,0,0,0,0.0,ADD 6,0,1,13313,0,0.0,ADD 7,0,0,0,0,0.0,EGT2CAN,0,1,13292,0,0.0
1778951550.231447,0.0,13289,-43.0,1,-,0,0,0,0,0.0,-,0,0,0,0,0.0,ECU,1,1,13292,0,0.0,FAN1,0,0,0,0,0.0,COILS,1,1,13281,0,0.0,PUMP,0,0,0,0,0.0,INJECTOR,1,1,13297,0,0.0,SERVO,1,1,13237,0,0.0,ADD 1,0,1,13264,0,0.0,ADD 2,0,1,13270,0,0.0,ADD 3,0,1,13215,0,0.0,ADD 4,0,1,13259,0,0.0,ADD 5,0,0,0,0,0.0,ADD 6,0,1,13313,0,0.0,ADD 7,0,0,0,0,0.0,EGT2CAN,0,1,13292,0,0.0
1778951550.2885156,0.0,13289,-43.0,1,-,0,0,0,0,0.0,-,0,0,0,0,0.0,ECU,1,1,13220,0,0.0,FAN1,0,0,0,0,0.0,COILS,1,1,13308,0,0.0,PUMP,0,0,0,0,0.0,INJECTOR,1,1,13264,0,0.0,SERVO,1,1,13281,0,0.0,ADD 1,0,1,13264,0,0.0,ADD 2,0,1,13270,0,0.0,ADD 3,0,1,13215,0,0.0,ADD 4,0,1,13259,0,0.0,ADD 5,0,0,0,0,0.0,ADD 6,0,1,13313,0,0.0,ADD 7,0,0,0,0,0.0,EGT2CAN,0,1,13292,0,0.0
1778951550.3485484,0.0,13289,-44.0,1,-,0,0,0,0,0.0,-,0,0,0,0,0.0,ECU,1,1,13308,0,0.0,FAN1,0,0,0,0,0.0,COILS,1,1,13248,0,0.0,PUMP,0,0,0,0,0.0,INJECTOR,1,1,13281,0,0.0,SERVO,1,1,13259,0,0.0,ADD 1,0,1,13308,0,0.0,ADD 2,0,1,13275,0,0.0,ADD 3,0,1,13303,0,0.0,ADD 4,0,1,13270,0,0.0,ADD 5,0,0,0,0,0.0,ADD 6,0,1,13297,0,0.0,ADD 7,0,0,0,0,0.0,EGT2CAN,0,1,13264,0,0.0
1778951550.4042752,0.0,13289,-44.0,1,-,0,0,0,0,0.0,-,0,0,0,0,0.0,ECU,1,1,13193,0,0.0,FAN1,0,0,0,0,0.0,COILS,1,1,13248,0,0.0,PUMP,0,0,0,0,0.0,INJECTOR,1,1,13281,0,0.0,SERVO,1,1,13259,0,0.0,ADD 1,0,1,13308,0,0.0,ADD 2,0,1,13275,0,0.0,ADD 3,0,1,13303,0,0.0,ADD 4,0,1,13270,0,0.0,ADD 5,0,0,0,0,0.0,ADD 6,0,1,13297,0,0.0,ADD 7,0,0,0,0,0.0,EGT2CAN,0,1,13264,0,0.0
1778951550.4550614,0.0,13302,-43.0,1,-,0,0,0,0,0.0,-,0,0,0,0,0.0,ECU,1,1,13177,0,0.0,FAN1,0,0,0,0,0.0,COILS,1,1,13177,0,0.0,PUMP,0,0,0,0,0.0,INJECTOR,1,1,13297,0,0.0,SERVO,1,1,13264,0,0.0,ADD 1,0,1,13231,0,0.0,ADD 2,0,1,13303,0,0.0,ADD 3,0,1,13303,0,0.0,ADD 4,0,1,13253,0,0.0,ADD 5,0,0,0,0,0.0,ADD 6,0,1,13286,0,0.0,ADD 7,0,0,0,0,0.0,EGT2CAN,0,1,13231,0,0.0
1778951550.512344,0.0,13277,-44.0,1,-,0,0,0,0,0.0,-,0,0,0,0,0.0,ECU,1,1,13215,0,0.0,FAN1,0,0,0,0,0.0,COILS,1,1,13275,0,0.0,PUMP,0,0,0,0,0.0,INJECTOR,1,1,13177,0,0.0,SERVO,1,1,13215,0,0.0,ADD 1,0,1,13275,0,0.0,ADD 2,0,1,13319,0,0.0,ADD 3,0,1,13253,0,0.0,ADD 4,0,1,13248,0,0.0,ADD 5,0,0,0,0,0.0,ADD 6,0,1,13270,0,0.0,ADD 7,0,0,0,0,0.0,EGT2CAN,0,1,13242,0,0.0
1778951550.5671504,0.0,13277,-44.0,1,-,0,0,0,0,0.0,-,0,0,0,0,0.0,ECU,1,1,13286,0,0.0,FAN1,0,0,0,0,0.0,COILS,1,1,13253,0,0.0,PUMP,0,0,0,0,0.0,INJECTOR,1,1,13275,0,0.0,SERVO,1,1,13160,0,0.0,ADD 1,0,1,13259,0,0.0,ADD 2,0,1,13319,0,0.0,ADD 3,0,1,13308,0,0.0,ADD 4,0,1,13275,0,0.0,ADD 5,0,0,0,0,0.0,ADD 6,0,1,13286,0,0.0,ADD 7,0,0,0,0,0.0,EGT2CAN,0,1,13182,0,0.0
1778951550.6180558,0.0,13283,-43.0,1,-,0,0,0,0,0.0,-,0,0,0,0,0.0,ECU,1,1,13275,0,0.0,FAN1,0,0,0,0,0.0,COILS,1,1,13264,0,0.0,PUMP,0,0,0,0,0.0,INJECTOR,1,1,13226,0,0.0,SERVO,1,1,13220,0,0.0,ADD 1,0,1,13259,0,0.0,ADD 2,0,1,13286,0,0.0,ADD 3,0,1,13297,0,0.0,ADD 4,0,1,13237,0,0.0,ADD 5,0,0,0,0,0.0,ADD 6,0,1,13297,0,0.0,ADD 7,0,0,0,0,0.0,EGT2CAN,0,1,13264,0,0.0
1778951550.6694305,0.0,13296,-43.0,1,-,0,0,0,0,0.0,-,0,0,0,0,0.0,ECU,1,1,13248,0,0.0,FAN1,0,0,0,0,0.0,COILS,1,1,13248,0,0.0,PUMP,0,0,0,0,0.0,INJECTOR,1,1,13281,0,0.0,SERVO,1,1,13242,0,0.0,ADD 1,0,1,13281,0,0.0,ADD 2,0,1,13319,0,0.0,ADD 3,0,1,13215,0,0.0,ADD 4,0,1,13166,0,0.0,ADD 5,0,0,0,0,0.0,ADD 6,0,1,13297,0,0.0,ADD 7,0,0,0,0,0.0,EGT2CAN,0,1,13303,0,0.0
1778951550.7202206,0.0,13296,-43.0,1,-,0,0,0,0,0.0,-,0,0,0,0,0.0,ECU,1,1,13281,0,0.0,FAN1,0,0,0,0,0.0,COILS,1,1,13264,0,0.0,PUMP,0,0,0,0,0.0,INJECTOR,1,1,13292,0,0.0,SERVO,1,1,13248,0,0.0,ADD 1,0,1,13242,0,0.0,ADD 2,0,1,13231,0,0.0,ADD 3,0,1,13215,0,0.0,ADD 4,0,1,13242,0,0.0,ADD 5,0,0,0,0,0.0,ADD 6,0,1,13319,0,0.0,ADD 7,0,0,0,0,0.0,EGT2CAN,0,1,13286,0,0.0
1778951550.7726045,0.0,13289,-44.0,1,-,0,0,0,0,0.0,-,0,0,0,0,0.0,ECU,1,1,13286,0,0.0,FAN1,0,0,0,0,0.0,COILS,1,1,13297,0,0.0,PUMP,0,0,0,0,0.0,INJECTOR,1,1,13275,0,0.0,SERVO,1,1,13270,0,0.0,ADD 1,0,1,13264,0,0.0,ADD 2,0,1,13270,0,0.0,ADD 3,0,1,13215,0,0.0,ADD 4,0,1,13204,0,0.0,ADD 5,0,0,0,0,0.0,ADD 6,0,1,13324,0,0.0,ADD 7,0,0,0,0,0.0,EGT2CAN,0,1,13292,0,0.0
1778951550.8234665,0.0,13289,-43.0,1,-,0,0,0,0,0.0,-,0,0,0,0,0.0,ECU,1,1,13226,0,0.0,FAN1,0,0,0,0,0.0,COILS,1,1,13286,0,0.0,PUMP,0,0,0,0,0.0,INJECTOR,1,1,13297,0,0.0,SERVO,1,1,13264,0,0.0,ADD 1,0,1,13303,0,0.0,ADD 2,0,1,13313,0,0.0,ADD 3,0,1,13248,0,0.0,ADD 4,0,1,13215,0,0.0,ADD 5,0,0,0,0,0.0,ADD 6,0,1,13308,0,0.0,ADD 7,0,0,0,0,0.0,EGT2CAN,0,1,13286,0,0.0
1778951550.875904,0.0,13289,-43.0,1,-,0,0,0,0,0.0,-,0,0,0,0,0.0,ECU,1,1,13237,0,0.0,FAN1,0,0,0,0,0.0,COILS,1,1,13308,0,0.0,PUMP,0,0,0,0,0.0,INJECTOR,1,1,13248,0,0.0,SERVO,1,1,13264,0,0.0,ADD 1,0,1,13303,0,0.0,ADD 2,0,1,13313,0,0.0,ADD 3,0,1,13248,0,0.0,ADD 4,0,1,13215,0,0.0,ADD 5,0,0,0,0,0.0,ADD 6,0,1,13308,0,0.0,ADD 7,0,0,0,0,0.0,EGT2CAN,0,1,13286,0,0.0
1778951550.9262638,0.0,13289,-44.0,1,-,0,0,0,0,0.0,-,0,0,0,0,0.0,ECU,1,1,13292,0,0.0,FAN1,0,0,0,0,0.0,COILS,1,1,13215,0,0.0,PUMP,0,0,0,0,0.0,INJECTOR,1,1,13242,0,0.0,SERVO,1,1,13275,0,0.0,ADD 1,0,1,13270,0,0.0,ADD 2,0,1,13324,0,0.0,ADD 3,0,1,13215,0,0.0,ADD 4,0,1,13160,0,0.0,ADD 5,0,0,0,0,0.0,ADD 6,0,1,13308,0,0.0,ADD 7,0,0,0,0,0.0,EGT2CAN,0,1,13286,0,0.0
1778951550.9816635,0.0,13265,-44.0,1,-,0,0,0,0,0.0,-,0,0,0,0,0.0,ECU,1,1,13292,0,0.0,FAN1,0,0,0,0,0.0,COILS,1,1,13215,0,0.0,PUMP,0,0,0,0,0.0,INJECTOR,1,1,13242,0,0.0,SERVO,1,1,13275,0,0.0,ADD 1,0,1,13270,0,0.0,ADD 2,0,1,13324,0,0.0,ADD 3,0,1,13215,0,0.0,ADD 4,0,1,13160,0,0.0,ADD 5,0,0,0,0,0.0,ADD 6,0,1,13308,0,0.0,ADD 7,0,0,0,0,0.0,EGT2CAN,0,1,13286,0,0.0
1778951551.033108,0.0,13265,-44.0,1,-,0,0,0,0,0.0,-,0,0,0,0,0.0,ECU,1,1,13248,0,0.0,FAN1,0,0,0,0,0.0,COILS,1,1,13204,0,0.0,PUMP,0,0,0,0,0.0,INJECTOR,1,1,13286,0,0.0,SERVO,1,1,13242,0,0.0,ADD 1,0,1,13248,0,0.0,ADD 2,0,1,13270,0,0.0,ADD 3,0,1,13264,0,0.0,ADD 4,0,1,13253,0,0.0,ADD 5,0,0,0,0,0.0,ADD 6,0,1,13275,0,0.0,ADD 7,0,0,0,0,0.0,EGT2CAN,0,1,13215,0,0.0
1778951551.0868762,0.0,13271,-43.0,1,-,0,0,0,0,0.0,-,0,0,0,0,0.0,ECU,1,1,13199,0,0.0,FAN1,0,0,0,0,0.0,COILS,1,1,13292,0,0.0,PUMP,0,0,0,0,0.0,INJECTOR,1,1,13275,0,0.0,SERVO,1,1,13188,0,0.0,ADD 1,0,1,13226,0,0.0,ADD 2,0,1,13264,0,0.0,ADD 3,0,1,13275,0,0.0,ADD 4,0,1,13264,0,0.0,ADD 5,0,0,0,0,0.0,ADD 6,0,1,13286,0,0.0,ADD 7,0,0,0,0,0.0,EGT2CAN,0,1,13264,0,0.0
1778951551.1376035,0.0,13271,-43.0,1,-,0,0,0,0,0.0,-,0,0,0,0,0.0,ECU,1,1,13199,0,0.0,FAN1,0,0,0,0,0.0,COILS,1,1,13292,0,0.0,PUMP,0,0,0,0,0.0,INJECTOR,1,1,13275,0,0.0,SERVO,1,1,13188,0,0.0,ADD 1,0,1,13226,0,0.0,ADD 2,0,1,13264,0,0.0,ADD 3,0,1,13275,0,0.0,ADD 4,0,1,13264,0,0.0,ADD 5,0,0,0,0,0.0,ADD 6,0,1,13286,0,0.0,ADD 7,0,0,0,0,0.0,EGT2CAN,0,1,13264,0,0.0
1778951551.1885555,0.0,13271,-43.0,1,-,0,0,0,0,0.0,-,0,0,0,0,0.0,ECU,1,1,13286,0,0.0,FAN1,0,0,0,0,0.0,COILS,1,1,13270,0,0.0,PUMP,0,0,0,0,0.0,INJECTOR,1,1,13292,0,0.0,SERVO,1,1,13259,0,0.0,ADD 1,0,1,13308,0,0.0,ADD 2,0,1,13308,0,0.0,ADD 3,0,1,13281,0,0.0,ADD 4,0,1,13193,0,0.0,ADD 5,0,0,0,0,0.0,ADD 6,0,1,13248,0,0.0,ADD 7,0,0,0,0,0.0,EGT2CAN,0,1,13248,0,0.0
1778951551.2397628,1.7,13252,-43.0,1,-,0,0,0,0,0.0,-,0,0,0,0,0.0,ECU,1,1,13297,0,1.7,FAN1,0,0,0,0,0.0,COILS,1,1,13297,0,0.0,PUMP,0,0,0,0,0.0,INJECTOR,1,1,13275,0,0.0,SERVO,1,1,13270,0,0.0,ADD 1,0,1,13248,0,0.0,ADD 2,0,1,13259,0,0.0,ADD 3,0,1,13204,0,0.0,ADD 4,0,1,13188,0,0.0,ADD 5,0,0,0,0,0.0,ADD 6,0,1,13275,0,0.0,ADD 7,0,0,0,0,0.0,EGT2CAN,0,1,13303,0,0.0
1778951551.3063576,1.7,13252,-43.0,1,-,0,0,0,0,0.0,-,0,0,0,0,0.0,ECU,1,1,13270,0,1.7,FAN1,0,0,0,0,0.0,COILS,1,1,13297,0,0.0,PUMP,0,0,0,0,0.0,INJECTOR,1,1,13275,0,0.0,SERVO,1,1,13270,0,0.0,ADD 1,0,1,13248,0,0.0,ADD 2,0,1,13259,0,0.0,ADD 3,0,1,13204,0,0.0,ADD 4,0,1,13188,0,0.0,ADD 5,0,0,0,0,0.0,ADD 6,0,1,13275,0,0.0,ADD 7,0,0,0,0,0.0,EGT2CAN,0,1,13303,0,0.0
1778951551.3570187,2.0,13308,-44.0,1,-,0,0,0,0,0.0,-,0,0,0,0,0.0,ECU,1,1,13248,0,2.0,FAN1,0,0,0,0,0.0,COILS,1,1,13231,0,0.0,PUMP,0,0,0,0,0.0,INJECTOR,1,1,13248,0,0.0,SERVO,1,1,13248,0,0.0,ADD 1,0,1,13264,0,0.0,ADD 2,0,1,13319,0,0.0,ADD 3,0,1,13281,0,0.0,ADD 4,0,1,13177,0,0.0,ADD 5,0,0,0,0,0.0,ADD 6,0,1,13297,0,0.0,ADD 7,0,0,0,0,0.0,EGT2CAN,0,1,13242,0,0.0
1778951551.4080436,1.7,13302,-43.0,1,-,0,0,0,0,0.0,-,0,0,0,0,0.0,ECU,1,1,13199,0,1.7,FAN1,0,0,0,0,0.0,COILS,1,1,13308,0,0.0,PUMP,0,0,0,0,0.0,INJECTOR,1,1,13237,0,0.0,SERVO,1,1,13182,0,0.0,ADD 1,0,1,13270,0,0.0,ADD 2,0,1,13303,0,0.0,ADD 3,0,1,13286,0,0.0,ADD 4,0,1,13248,0,0.0,ADD 5,0,0,0,0,0.0,ADD 6,0,1,13264,0,0.0,ADD 7,0,0,0,0,0.0,EGT2CAN,0,1,13242,0,0.0
1778951551.459427,1.7,13302,-43.0,1,-,0,0,0,0,0.0,-,0,0,0,0,0.0,ECU,1,1,13281,0,1.7,FAN1,0,0,0,0,0.0,COILS,1,1,13177,0,0.0,PUMP,0,0,0,0,0.0,INJECTOR,1,1,13275,0,0.0,SERVO,1,1,13220,0,0.0,ADD 1,0,1,13270,0,0.0,ADD 2,0,1,13303,0,0.0,ADD 3,0,1,13286,0,0.0,ADD 4,0,1,13248,0,0.0,ADD 5,0,0,0,0,0.0,ADD 6,0,1,13264,0,0.0,ADD 7,0,0,0,0,0.0,EGT2CAN,0,1,13242,0,0.0
1778951551.5209801,0.0,13271,-43.0,1,-,0,0,0,0,0.0,-,0,0,0,0,0.0,ECU,1,1,13215,0,0.0,FAN1,0,0,0,0,0.0,COILS,1,1,13264,0,0.0,PUMP,0,0,0,0,0.0,INJECTOR,1,1,13248,0,0.0,SERVO,1,1,13226,0,0.0,ADD 1,0,1,13270,0,0.0,ADD 2,0,1,13319,0,0.0,ADD 3,0,1,13248,0,0.0,ADD 4,0,1,13270,0,0.0,ADD 5,0,0,0,0,0.0,ADD 6,0,1,13286,0,0.0,ADD 7,0,0,0,0,0.0,EGT2CAN,0,1,13220,0,0.0
1778951551.5867808,0.0,13302,-43.0,1,-,0,0,0,0,0.0,-,0,0,0,0,0.0,ECU,1,1,13281,0,0.0,FAN1,0,0,0,0,0.0,COILS,1,1,13199,0,0.0,PUMP,0,0,0,0,0.0,INJECTOR,1,1,13242,0,0.0,SERVO,1,1,13275,0,0.0,ADD 1,0,1,13231,0,0.0,ADD 2,0,1,13242,0,0.0,ADD 3,0,1,13210,0,0.0,ADD 4,0,1,13226,0,0.0,ADD 5,0,0,0,0,0.0,ADD 6,0,1,13324,0,0.0,ADD 7,0,0,0,0,0.0,EGT2CAN,0,1,13281,0,0.0
1778951551.6373503,0.0,13252,-43.0,1,-,0,0,0,0,0.0,-,0,0,0,0,0.0,ECU,1,1,13242,0,0.0,FAN1,0,0,0,0,0.0,COILS,1,1,13286,0,0.0,PUMP,0,0,0,0,0.0,INJECTOR,1,1,13264,0,0.0,SERVO,1,1,13281,0,0.0,ADD 1,0,1,13281,0,0.0,ADD 2,0,1,13264,0,0.0,ADD 3,0,1,13253,0,0.0,ADD 4,0,1,13210,0,0.0,ADD 5,0,0,0,0,0.0,ADD 6,0,1,13308,0,0.0,ADD 7,0,0,0,0,0.0,EGT2CAN,0,1,13281,0,0.0
1778951551.6891966,0.0,13252,-43.0,1,-,0,0,0,0,0.0,-,0,0,0,0,0.0,ECU,1,1,13242,0,0.0,FAN1,0,0,0,0,0.0,COILS,1,1,13286,0,0.0,PUMP,0,0,0,0,0.0,INJECTOR,1,1,13264,0,0.0,SERVO,1,1,13281,0,0.0,ADD 1,0,1,13281,0,0.0,ADD 2,0,1,13264,0,0.0,ADD 3,0,1,13253,0,0.0,ADD 4,0,1,13210,0,0.0,ADD 5,0,0,0,0,0.0,ADD 6,0,1,13308,0,0.0,ADD 7,0,0,0,0,0.0,EGT2CAN,0,1,13281,0,0.0
1778951551.7407246,0.0,13252,-43.0,1,-,0,0,0,0,0.0,-,0,0,0,0,0.0,ECU,1,1,13177,0,0.0,FAN1,0,0,0,0,0.0,COILS,1,1,13253,0,0.0,PUMP,0,0,0,0,0.0,INJECTOR,1,1,13292,0,0.0,SERVO,1,1,13177,0,0.0,ADD 1,0,1,13281,0,0.0,ADD 2,0,1,13264,0,0.0,ADD 3,0,1,13253,0,0.0,ADD 4,0,1,13210,0,0.0,ADD 5,0,0,0,0,0.0,ADD 6,0,1,13308,0,0.0,ADD 7,0,0,0,0,0.0,EGT2CAN,0,1,13281,0,0.0
1778951551.791312,0.0,13283,-44.0,1,-,0,0,0,0,0.0,-,0,0,0,0,0.0,ECU,1,1,13215,0,0.0,FAN1,0,0,0,0,0.0,COILS,1,1,13286,0,0.0,PUMP,0,0,0,0,0.0,INJECTOR,1,1,13248,0,0.0,SERVO,1,1,13275,0,0.0,ADD 1,0,1,13259,0,0.0,ADD 2,0,1,13248,0,0.0,ADD 3,0,1,13275,0,0.0,ADD 4,0,1,13215,0,0.0,ADD 5,0,0,0,0,0.0,ADD 6,0,1,13319,0,0.0,ADD 7,0,0,0,0,0.0,EGT2CAN,0,1,13177,0,0.0
1778951551.8426278,0.0,13283,-44.0,1,-,0,0,0,0,0.0,-,0,0,0,0,0.0,ECU,1,1,13215,0,0.0,FAN1,0,0,0,0,0.0,COILS,1,1,13286,0,0.0,PUMP,0,0,0,0,0.0,INJECTOR,1,1,13248,0,0.0,SERVO,1,1,13275,0,0.0,ADD 1,0,1,13259,0,0.0,ADD 2,0,1,13248,0,0.0,ADD 3,0,1,13275,0,0.0,ADD 4,0,1,13215,0,0.0,ADD 5,0,0,0,0,0.0,ADD 6,0,1,13319,0,0.0,ADD 7,0,0,0,0,0.0,EGT2CAN,0,1,13177,0,0.0
1778951551.893937,0.0,13283,-44.0,1,-,0,0,0,0,0.0,-,0,0,0,0,0.0,ECU,1,1,13259,0,0.0,FAN1,0,0,0,0,0.0,COILS,1,1,13193,0,0.0,PUMP,0,0,0,0,0.0,INJECTOR,1,1,13242,0,0.0,SERVO,1,1,13270,0,0.0,ADD 1,0,1,13281,0,0.0,ADD 2,0,1,13270,0,0.0,ADD 3,0,1,13303,0,0.0,ADD 4,0,1,13264,0,0.0,ADD 5,0,0,0,0,0.0,ADD 6,0,1,13264,0,0.0,ADD 7,0,0,0,0,0.0,EGT2CAN,0,1,13193,0,0.0
1778951551.949411,0.0,13246,-44.0,1,-,0,0,0,0,0.0,-,0,0,0,0,0.0,ECU,1,1,13248,0,0.0,FAN1,0,0,0,0,0.0,COILS,1,1,13248,0,0.0,PUMP,0,0,0,0,0.0,INJECTOR,1,1,13275,0,0.0,SERVO,1,1,13259,0,0.0,ADD 1,0,1,13237,0,0.0,ADD 2,0,1,13292,0,0.0,ADD 3,0,1,13303,0,0.0,ADD 4,0,1,13242,0,0.0,ADD 5,0,0,0,0,0.0,ADD 6,0,1,13270,0,0.0,ADD 7,0,0,0,0,0.0,EGT2CAN,0,1,13242,0,0.0
1778951552.0002773,0.0,13246,-44.0,1,-,0,0,0,0,0.0,-,0,0,0,0,0.0,ECU,1,1,13248,0,0.0,FAN1,0,0,0,0,0.0,COILS,1,1,13248,0,0.0,PUMP,0,0,0,0,0.0,INJECTOR,1,1,13275,0,0.0,SERVO,1,1,13259,0,0.0,ADD 1,0,1,13237,0,0.0,ADD 2,0,1,13292,0,0.0,ADD 3,0,1,13303,0,0.0,ADD 4,0,1,13242,0,0.0,ADD 5,0,0,0,0,0.0,ADD 6,0,1,13270,0,0.0,ADD 7,0,0,0,0,0.0,EGT2CAN,0,1,13242,0,0.0
1778951552.0514314,0.0,13246,-44.0,1,-,0,0,0,0,0.0,-,0,0,0,0,0.0,ECU,1,1,13242,0,0.0,FAN1,0,0,0,0,0.0,COILS,1,1,13270,0,0.0,PUMP,0,0,0,0,0.0,INJECTOR,1,1,13177,0,0.0,SERVO,1,1,13210,0,0.0,ADD 1,0,1,13177,0,0.0,ADD 2,0,1,13308,0,0.0,ADD 3,0,1,13177,0,0.0,ADD 4,0,1,13248,0,0.0,ADD 5,0,0,0,0,0.0,ADD 6,0,1,13292,0,0.0,ADD 7,0,0,0,0,0.0,EGT2CAN,0,1,13171,0,0.0
1778951552.102357,0.0,13283,-43.0,1,-,0,0,0,0,0.0,-,0,0,0,0,0.0,ECU,1,1,13248,0,0.0,FAN1,0,0,0,0,0.0,COILS,1,1,13237,0,0.0,PUMP,0,0,0,0,0.0,INJECTOR,1,1,13248,0,0.0,SERVO,1,1,13248,0,0.0,ADD 1,0,1,13220,0,0.0,ADD 2,0,1,13264,0,0.0,ADD 3,0,1,13281,0,0.0,ADD 4,0,1,13264,0,0.0,ADD 5,0,0,0,0,0.0,ADD 6,0,1,13313,0,0.0,ADD 7,0,0,0,0,0.0,EGT2CAN,0,1,13264,0,0.0
1778951552.153587,0.0,13283,-43.0,1,-,0,0,0,0,0.0,-,0,0,0,0,0.0,ECU,1,1,13281,0,0.0,FAN1,0,0,0,0,0.0,COILS,1,1,13313,0,0.0,PUMP,0,0,0,0,0.0,INJECTOR,1,1,13297,0,0.0,SERVO,1,1,13264,0,0.0,ADD 1,0,1,13220,0,0.0,ADD 2,0,1,13264,0,0.0,ADD 3,0,1,13281,0,0.0,ADD 4,0,1,13264,0,0.0,ADD 5,0,0,0,0,0.0,ADD 6,0,1,13313,0,0.0,ADD 7,0,0,0,0,0.0,EGT2CAN,0,1,13264,0,0.0
1778951552.2040215,0.0,13296,-41.0,1,-,0,0,0,0,0.0,-,0,0,0,0,0.0,ECU,1,1,13248,0,0.0,FAN1,0,0,0,0,0.0,COILS,1,1,13270,0,0.0,PUMP,0,0,0,0,0.0,INJECTOR,1,1,13286,0,0.0,SERVO,1,1,13220,0,0.0,ADD 1,0,1,13264,0,0.0,ADD 2,0,1,13215,0,0.0,ADD 3,0,1,13220,0,0.0,ADD 4,0,1,13220,0,0.0,ADD 5,0,0,0,0,0.0,ADD 6,0,1,13248,0,0.0,ADD 7,0,0,0,0,0.0,EGT2CAN,0,1,13264,0,0.0
1778951552.2670515,0.0,13258,-43.0,1,-,0,0,0,0,0.0,-,0,0,0,0,0.0,ECU,1,1,13215,0,0.0,FAN1,0,0,0,0,0.0,COILS,1,1,13286,0,0.0,PUMP,0,0,0,0,0.0,INJECTOR,1,1,13286,0,0.0,SERVO,1,1,13275,0,0.0,ADD 1,0,1,13264,0,0.0,ADD 2,0,1,13286,0,0.0,ADD 3,0,1,13264,0,0.0,ADD 4,0,1,13264,0,0.0,ADD 5,0,0,0,0,0.0,ADD 6,0,1,13292,0,0.0,ADD 7,0,0,0,0,0.0,EGT2CAN,0,1,13226,0,0.0
1778951552.318651,0.0,13258,-43.0,1,-,0,0,0,0,0.0,-,0,0,0,0,0.0,ECU,1,1,13215,0,0.0,FAN1,0,0,0,0,0.0,COILS,1,1,13281,0,0.0,PUMP,0,0,0,0,0.0,INJECTOR,1,1,13292,0,0.0,SERVO,1,1,13270,0,0.0,ADD 1,0,1,13264,0,0.0,ADD 2,0,1,13286,0,0.0,ADD 3,0,1,13264,0,0.0,ADD 4,0,1,13264,0,0.0,ADD 5,0,0,0,0,0.0,ADD 6,0,1,13292,0,0.0,ADD 7,0,0,0,0,0.0,EGT2CAN,0,1,13226,0,0.0
1778951552.3690197,0.0,13296,-44.0,1,-,0,0,0,0,0.0,-,0,0,0,0,0.0,ECU,1,1,13264,0,0.0,FAN1,0,0,0,0,0.0,COILS,1,1,13231,0,0.0,PUMP,0,0,0,0,0.0,INJECTOR,1,1,13281,0,0.0,SERVO,1,1,13264,0,0.0,ADD 1,0,1,13286,0,0.0,ADD 2,0,1,13281,0,0.0,ADD 3,0,1,13286,0,0.0,ADD 4,0,1,13215,0,0.0,ADD 5,0,0,0,0,0.0,ADD 6,0,1,13253,0,0.0,ADD 7,0,0,0,0,0.0,EGT2CAN,0,1,13242,0,0.0
1778951552.4225426,0.0,13252,-43.0,1,-,0,0,0,0,0.0,-,0,0,0,0,0.0,ECU,1,1,13264,0,0.0,FAN1,0,0,0,0,0.0,COILS,1,1,13231,0,0.0,PUMP,0,0,0,0,0.0,INJECTOR,1,1,13281,0,0.0,SERVO,1,1,13264,0,0.0,ADD 1,0,1,13297,0,0.0,ADD 2,0,1,13292,0,0.0,ADD 3,0,1,13286,0,0.0,ADD 4,0,1,13237,0,0.0,ADD 5,0,0,0,0,0.0,ADD 6,0,1,13215,0,0.0,ADD 7,0,0,0,0,0.0,EGT2CAN,0,1,13270,0,0.0
1778951552.4729862,0.0,13252,-43.0,1,-,0,0,0,0,0.0,-,0,0,0,0,0.0,ECU,1,1,13237,0,0.0,FAN1,0,0,0,0,0.0,COILS,1,1,13253,0,0.0,PUMP,0,0,0,0,0.0,INJECTOR,1,1,13242,0,0.0,SERVO,1,1,13215,0,0.0,ADD 1,0,1,13215,0,0.0,ADD 2,0,1,13270,0,0.0,ADD 3,0,1,13237,0,0.0,ADD 4,0,1,13242,0,0.0,ADD 5,0,0,0,0,0.0,ADD 6,0,1,13215,0,0.0,ADD 7,0,0,0,0,0.0,EGT2CAN,0,1,13270,0,0.0
1778951552.5240207,0.0,13296,-43.0,1,-,0,0,0,0,0.0,-,0,0,0,0,0.0,ECU,1,1,13199,0,0.0,FAN1,0,0,0,0,0.0,COILS,1,1,13264,0,0.0,PUMP,0,0,0,0,0.0,INJECTOR,1,1,13264,0,0.0,SERVO,1,1,13210,0,0.0,ADD 1,0,1,13264,0,0.0,ADD 2,0,1,13248,0,0.0,ADD 3,0,1,13177,0,0.0,ADD 4,0,1,13231,0,0.0,ADD 5,0,0,0,0,0.0,ADD 6,0,1,13297,0,0.0,ADD 7,0,0,0,0,0.0,EGT2CAN,0,1,13275,0,0.0
1778951552.574745,0.0,13246,-43.0,1,-,0,0,0,0,0.0,-,0,0,0,0,0.0,ECU,1,1,13199,0,0.0,FAN1,0,0,0,0,0.0,COILS,1,1,13264,0,0.0,PUMP,0,0,0,0,0.0,INJECTOR,1,1,13264,0,0.0,SERVO,1,1,13210,0,0.0,ADD 1,0,1,13264,0,0.0,ADD 2,0,1,13248,0,0.0,ADD 3,0,1,13177,0,0.0,ADD 4,0,1,13231,0,0.0,ADD 5,0,0,0,0,0.0,ADD 6,0,1,13297,0,0.0,ADD 7,0,0,0,0,0.0,EGT2CAN,0,1,13275,0,0.0
1778951552.6263118,0.0,13246,-43.0,1,-,0,0,0,0,0.0,-,0,0,0,0,0.0,ECU,1,1,13264,0,0.0,FAN1,0,0,0,0,0.0,COILS,1,1,13259,0,0.0,PUMP,0,0,0,0,0.0,INJECTOR,1,1,13264,0,0.0,SERVO,1,1,13270,0,0.0,ADD 1,0,1,13248,0,0.0,ADD 2,0,1,13275,0,0.0,ADD 3,0,1,13264,0,0.0,ADD 4,0,1,13199,0,0.0,ADD 5,0,0,0,0,0.0,ADD 6,0,1,13313,0,0.0,ADD 7,0,0,0,0,0.0,EGT2CAN,0,1,13242,0,0.0
1778951552.6784244,0.0,13277,-43.0,1,-,0,0,0,0,0.0,-,0,0,0,0,0.0,ECU,1,1,13264,0,0.0,FAN1,0,0,0,0,0.0,COILS,1,1,13242,0,0.0,PUMP,0,0,0,0,0.0,INJECTOR,1,1,13297,0,0.0,SERVO,1,1,13248,0,0.0,ADD 1,0,1,13231,0,0.0,ADD 2,0,1,13210,0,0.0,ADD 3,0,1,13220,0,0.0,ADD 4,0,1,13220,0,0.0,ADD 5,0,0,0,0,0.0,ADD 6,0,1,13308,0,0.0,ADD 7,0,0,0,0,0.0,EGT2CAN,0,1,13264,0,0.0
1778951552.7423015,0.0,13252,-43.0,1,-,0,0,0,0,0.0,-,0,0,0,0,0.0,ECU,1,1,13264,0,0.0,FAN1,0,0,0,0,0.0,COILS,1,1,13281,0,0.0,PUMP,0,0,0,0,0.0,INJECTOR,1,1,13281,0,0.0,SERVO,1,1,13253,0,0.0,ADD 1,0,1,13270,0,0.0,ADD 2,0,1,13248,0,0.0,ADD 3,0,1,13231,0,0.0,ADD 4,0,1,13166,0,0.0,ADD 5,0,0,0,0,0.0,ADD 6,0,1,13308,0,0.0,ADD 7,0,0,0,0,0.0,EGT2CAN,0,1,13242,0,0.0
1778951552.794885,2.0,13252,-42.0,1,-,0,0,0,0,0.0,-,0,0,0,0,0.0,ECU,1,1,13215,10,2.0,FAN1,0,0,0,0,0.0,COILS,1,1,13248,0,0.0,PUMP,0,0,0,0,0.0,INJECTOR,1,1,13220,0,0.0,SERVO,1,1,13177,0,0.0,ADD 1,0,1,13281,0,0.0,ADD 2,0,1,13264,0,0.0,ADD 3,0,1,13275,0,0.0,ADD 4,0,1,13253,0,0.0,ADD 5,0,0,0,0,0.0,ADD 6,0,1,13281,0,0.0,ADD 7,0,0,0,0,0.0,EGT2CAN,0,1,13231,0,0.0
1778951552.8459566,1.7,13252,-42.0,1,-,0,0,0,0,0.0,-,0,0,0,0,0.0,ECU,1,1,13204,0,1.7,FAN1,0,0,0,0,0.0,COILS,1,1,13275,0,0.0,PUMP,0,0,0,0,0.0,INJECTOR,1,1,13264,0,0.0,SERVO,1,1,13264,0,0.0,ADD 1,0,1,13242,0,0.0,ADD 2,0,1,13308,0,0.0,ADD 3,0,1,13226,0,0.0,ADD 4,0,1,13231,0,0.0,ADD 5,0,0,0,0,0.0,ADD 6,0,1,13253,0,0.0,ADD 7,0,0,0,0,0.0,EGT2CAN,0,1,13270,0,0.0
1778951552.8968694,1.7,13289,-43.0,1,-,0,0,0,0,0.0,-,0,0,0,0,0.0,ECU,1,1,13204,0,1.7,FAN1,0,0,0,0,0.0,COILS,1,1,13275,0,0.0,PUMP,0,0,0,0,0.0,INJECTOR,1,1,13264,0,0.0,SERVO,1,1,13264,0,0.0,ADD 1,0,1,13242,0,0.0,ADD 2,0,1,13308,0,0.0,ADD 3,0,1,13226,0,0.0,ADD 4,0,1,13231,0,0.0,ADD 5,0,0,0,0,0.0,ADD 6,0,1,13253,0,0.0,ADD 7,0,0,0,0,0.0,EGT2CAN,0,1,13270,0,0.0
1778951552.957979,2.0,13277,-43.0,1,-,0,0,0,0,0.0,-,0,0,0,0,0.0,ECU,1,1,13237,0,2.0,FAN1,0,0,0,0,0.0,COILS,1,1,13231,0,0.0,PUMP,0,0,0,0,0.0,INJECTOR,1,1,13248,0,0.0,SERVO,1,1,13264,0,0.0,ADD 1,0,1,13226,0,0.0,ADD 2,0,1,13308,0,0.0,ADD 3,0,1,13286,0,0.0,ADD 4,0,1,13242,0,0.0,ADD 5,0,0,0,0,0.0,ADD 6,0,1,13303,0,0.0,ADD 7,0,0,0,0,0.0,EGT2CAN,0,1,13220,0,0.0
1778951553.0088825,2.0,13277,-43.0,1,-,0,0,0,0,0.0,-,0,0,0,0,0.0,ECU,1,1,13242,0,2.0,FAN1,0,0,0,0,0.0,COILS,1,1,13242,0,0.0,PUMP,0,0,0,0,0.0,INJECTOR,1,1,13220,0,0.0,SERVO,1,1,13237,0,0.0,ADD 1,0,1,13231,0,0.0,ADD 2,0,1,13286,0,0.0,ADD 3,0,1,13264,0,0.0,ADD 4,0,1,13248,0,0.0,ADD 5,0,0,0,0,0.0,ADD 6,0,1,13303,0,0.0,ADD 7,0,0,0,0,0.0,EGT2CAN,0,1,13220,0,0.0
1778951553.06013,3.3,13296,-43.0,1,-,0,0,0,0,0.0,-,0,0,0,0,0.0,ECU,1,1,13242,10,3.3,FAN1,0,0,0,0,0.0,COILS,1,1,13242,0,0.0,PUMP,0,0,0,0,0.0,INJECTOR,1,1,13220,0,0.0,SERVO,1,1,13237,0,0.0,ADD 1,0,1,13231,0,0.0,ADD 2,0,1,13286,0,0.0,ADD 3,0,1,13264,0,0.0,ADD 4,0,1,13248,0,0.0,ADD 5,0,0,0,0,0.0,ADD 6,0,1,13303,0,0.0,ADD 7,0,0,0,0,0.0,EGT2CAN,0,1,13182,0,0.0
1778951553.1103714,2.0,13289,-43.0,1,-,0,0,0,0,0.0,-,0,0,0,0,0.0,ECU,1,1,13237,0,2.0,FAN1,0,0,0,0,0.0,COILS,1,1,13259,0,0.0,PUMP,0,0,0,0,0.0,INJECTOR,1,1,13275,0,0.0,SERVO,1,1,13177,0,0.0,ADD 1,0,1,13215,0,0.0,ADD 2,0,1,13242,0,0.0,ADD 3,0,1,13275,0,0.0,ADD 4,0,1,13226,0,0.0,ADD 5,0,0,0,0,0.0,ADD 6,0,1,13292,0,0.0,ADD 7,0,0,0,0,0.0,EGT2CAN,0,1,13264,0,0.0
1778951553.1760774,2.0,13289,-43.0,1,-,0,0,0,0,0.0,-,0,0,0,0,0.0,ECU,1,1,13231,0,2.0,FAN1,0,0,0,0,0.0,COILS,1,1,13259,0,0.0,PUMP,0,0,0,0,0.0,INJECTOR,1,1,13275,0,0.0,SERVO,1,1,13177,0,0.0,ADD 1,0,1,13215,0,0.0,ADD 2,0,1,13242,0,0.0,ADD 3,0,1,13275,0,0.0,ADD 4,0,1,13226,0,0.0,ADD 5,0,0,0,0,0.0,ADD 6,0,1,13292,0,0.0,ADD 7,0,0,0,0,0.0,EGT2CAN,0,1,13264,0,0.0
1778951553.2283962,1.7,13240,-44.0,1,-,0,0,0,0,0.0,-,0,0,0,0,0.0,ECU,1,1,13264,0,1.7,FAN1,0,0,0,0,0.0,COILS,1,1,13275,0,0.0,PUMP,0,0,0,0,0.0,INJECTOR,1,1,13177,0,0.0,SERVO,1,1,13242,0,0.0,ADD 1,0,1,13226,0,0.0,ADD 2,0,1,13286,0,0.0,ADD 3,0,1,13253,0,0.0,ADD 4,0,1,13242,0,0.0,ADD 5,0,0,0,0,0.0,ADD 6,0,1,13248,0,0.0,ADD 7,0,0,0,0,0.0,EGT2CAN,0,1,13215,0,0.0
1778951553.2793937,1.7,13240,-44.0,1,-,0,0,0,0,0.0,-,0,0,0,0,0.0,ECU,1,1,13264,0,1.7,FAN1,0,0,0,0,0.0,COILS,1,1,13275,0,0.0,PUMP,0,0,0,0,0.0,INJECTOR,1,1,13177,0,0.0,SERVO,1,1,13242,0,0.0,ADD 1,0,1,13226,0,0.0,ADD 2,0,1,13286,0,0.0,ADD 3,0,1,13253,0,0.0,ADD 4,0,1,13242,0,0.0,ADD 5,0,0,0,0,0.0,ADD 6,0,1,13248,0,0.0,ADD 7,0,0,0,0,0.0,EGT2CAN,0,1,13215,0,0.0
1778951553.332586,1.7,13240,-44.0,1,-,0,0,0,0,0.0,-,0,0,0,0,0.0,ECU,1,1,13220,0,1.7,FAN1,0,0,0,0,0.0,COILS,1,1,13248,0,0.0,PUMP,0,0,0,0,0.0,INJECTOR,1,1,13286,0,0.0,SERVO,1,1,13177,0,0.0,ADD 1,0,1,13292,0,0.0,ADD 2,0,1,13313,0,0.0,ADD 3,0,1,13259,0,0.0,ADD 4,0,1,13177,0,0.0,ADD 5,0,0,0,0,0.0,ADD 6,0,1,13248,0,0.0,ADD 7,0,0,0,0,0.0,EGT2CAN,0,1,13215,0,0.0
1778951553.3942163,0.0,13283,-44.0,1,-,0,0,0,0,0.0,-,0,0,0,0,0.0,ECU,1,1,13264,0,0.0,FAN1,0,0,0,0,0.0,COILS,1,1,13220,0,0.0,PUMP,0,0,0,0,0.0,INJECTOR,1,1,13182,0,0.0,SERVO,1,1,13193,0,0.0,ADD 1,0,1,13215,0,0.0,ADD 2,0,1,13215,0,0.0,ADD 3,0,1,13231,0,0.0,ADD 4,0,1,13215,0,0.0,ADD 5,0,0,0,0,0.0,ADD 6,0,1,13286,0,0.0,ADD 7,0,0,0,0,0.0,EGT2CAN,0,1,13264,0,0.0
1778951553.4596553,0.0,13283,-44.0,1,-,0,0,0,0,0.0,-,0,0,0,0,0.0,ECU,1,1,13286,0,0.0,FAN1,0,0,0,0,0.0,COILS,1,1,13220,0,0.0,PUMP,0,0,0,0,0.0,INJECTOR,1,1,13182,0,0.0,SERVO,1,1,13193,0,0.0,ADD 1,0,1,13215,0,0.0,ADD 2,0,1,13215,0,0.0,ADD 3,0,1,13231,0,0.0,ADD 4,0,1,13215,0,0.0,ADD 5,0,0,0,0,0.0,ADD 6,0,1,13286,0,0.0,ADD 7,0,0,0,0,0.0,EGT2CAN,0,1,13264,0,0.0
1778951553.5106153,0.0,13215,-43.0,1,-,0,0,0,0,0.0,-,0,0,0,0,0.0,ECU,1,1,13281,0,0.0,FAN1,0,0,0,0,0.0,COILS,1,1,13275,0,0.0,PUMP,0,0,0,0,0.0,INJECTOR,1,1,13297,0,0.0,SERVO,1,1,13226,0,0.0,ADD 1,0,1,13193,0,0.0,ADD 2,0,1,13237,0,0.0,ADD 3,0,1,13281,0,0.0,ADD 4,0,1,13204,0,0.0,ADD 5,0,0,0,0,0.0,ADD 6,0,1,13308,0,0.0,ADD 7,0,0,0,0,0.0,EGT2CAN,0,1,13242,0,0.0
1778951553.5629363,0.0,13240,-43.0,1,-,0,0,0,0,0.0,-,0,0,0,0,0.0,ECU,1,1,13264,0,0.0,FAN1,0,0,0,0,0.0,COILS,1,1,13286,0,0.0,PUMP,0,0,0,0,0.0,INJECTOR,1,1,13286,0,0.0,SERVO,1,1,13210,0,0.0,ADD 1,0,1,13286,0,0.0,ADD 2,0,1,13281,0,0.0,ADD 3,0,1,13226,0,0.0,ADD 4,0,1,13149,0,0.0,ADD 5,0,0,0,0,0.0,ADD 6,0,1,13248,0,0.0,ADD 7,0,0,0,0,0.0,EGT2CAN,0,1,13286,0,0.0
1778951553.6137364,0.0,13240,-43.0,1,-,0,0,0,0,0.0,-,0,0,0,0,0.0,ECU,1,1,13259,0,0.0,FAN1,0,0,0,0,0.0,COILS,1,1,13264,0,0.0,PUMP,0,0,0,0,0.0,INJECTOR,1,1,13275,0,0.0,SERVO,1,1,13237,0,0.0,ADD 1,0,1,13286,0,0.0,ADD 2,0,1,13281,0,0.0,ADD 3,0,1,13226,0,0.0,ADD 4,0,1,13149,0,0.0,ADD 5,0,0,0,0,0.0,ADD 6,0,1,13248,0,0.0,ADD 7,0,0,0,0,0.0,EGT2CAN,0,1,13286,0,0.0
1778951553.6646082,2.0,13240,-44.0,1,-,0,0,0,0,0.0,-,0,0,0,0,0.0,ECU,1,1,13177,0,2.0,FAN1,0,0,0,0,0.0,COILS,1,1,13248,0,0.0,PUMP,0,0,0,0,0.0,INJECTOR,1,1,13281,0,0.0,SERVO,1,1,13264,0,0.0,ADD 1,0,1,13275,0,0.0,ADD 2,0,1,13286,0,0.0,ADD 3,0,1,13171,0,0.0,ADD 4,0,1,13193,0,0.0,ADD 5,0,0,0,0,0.0,ADD 6,0,1,13270,0,0.0,ADD 7,0,0,0,0,0.0,EGT2CAN,0,1,13264,0,0.0
1778951553.715634,1.7,13252,-44.0,1,-,0,0,0,0,0.0,-,0,0,0,0,0.0,ECU,1,1,13270,0,1.7,FAN1,0,0,0,0,0.0,COILS,1,1,13215,0,0.0,PUMP,0,0,0,0,0.0,INJECTOR,1,1,13259,0,0.0,SERVO,1,1,13264,0,0.0,ADD 1,0,1,13264,0,0.0,ADD 2,0,1,13248,0,0.0,ADD 3,0,1,13215,0,0.0,ADD 4,0,1,13149,0,0.0,ADD 5,0,0,0,0,0.0,ADD 6,0,1,13270,0,0.0,ADD 7,0,0,0,0,0.0,EGT2CAN,0,1,13281,0,0.0
1778951553.767283,1.7,13252,-44.0,1,-,0,0,0,0,0.0,-,0,0,0,0,0.0,ECU,1,1,13264,0,1.7,FAN1,0,0,0,0,0.0,COILS,1,1,13177,0,0.0,PUMP,0,0,0,0,0.0,INJECTOR,1,1,13177,0,0.0,SERVO,1,1,13215,0,0.0,ADD 1,0,1,13160,0,0.0,ADD 2,0,1,13248,0,0.0,ADD 3,0,1,13177,0,0.0,ADD 4,0,1,13231,0,0.0,ADD 5,0,0,0,0,0.0,ADD 6,0,1,13308,0,0.0,ADD 7,0,0,0,0,0.0,EGT2CAN,0,1,13264,0,0.0
1778951553.8220522,2.0,13289,-44.0,1,-,0,0,0,0,0.0,-,0,0,0,0,0.0,ECU,1,1,13188,0,2.0,FAN1,0,0,0,0,0.0,COILS,1,1,13210,0,0.0,PUMP,0,0,0,0,0.0,INJECTOR,1,1,13215,0,0.0,SERVO,1,1,13193,0,0.0,ADD 1,0,1,13231,0,0.0,ADD 2,0,1,13226,0,0.0,ADD 3,0,1,13242,0,0.0,ADD 4,0,1,13259,0,0.0,ADD 5,0,0,0,0,0.0,ADD 6,0,1,13292,0,0.0,ADD 7,0,0,0,0,0.0,EGT2CAN,0,1,13231,0,0.0
1778951553.8819187,1.7,13265,-45.0,1,-,0,0,0,0,0.0,-,0,0,0,0,0.0,ECU,1,1,13231,0,1.7,FAN1,0,0,0,0,0.0,COILS,1,1,13182,0,0.0,PUMP,0,0,0,0,0.0,INJECTOR,1,1,13231,0,0.0,SERVO,1,1,13188,0,0.0,ADD 1,0,1,13264,0,0.0,ADD 2,0,1,13248,0,0.0,ADD 3,0,1,13248,0,0.0,ADD 4,0,1,13248,0,0.0,ADD 5,0,0,0,0,0.0,ADD 6,0,1,13242,0,0.0,ADD 7,0,0,0,0,0.0,EGT2CAN,0,1,13193,0,0.0
1778951553.9326475,0.0,13289,-43.0,1,-,0,0,0,0,0.0,-,0,0,0,0,0.0,ECU,1,1,13231,0,0.0,FAN1,0,0,0,0,0.0,COILS,1,1,13264,0,0.0,PUMP,0,0,0,0,0.0,INJECTOR,1,1,13270,0,0.0,SERVO,1,1,13193,0,0.0,ADD 1,0,1,13248,0,0.0,ADD 2,0,1,13242,0,0.0,ADD 3,0,1,13248,0,0.0,ADD 4,0,1,13210,0,0.0,ADD 5,0,0,0,0,0.0,ADD 6,0,1,13220,0,0.0,ADD 7,0,0,0,0,0.0,EGT2CAN,0,1,13259,0,0.0
1778951553.984054,0.0,13289,-43.0,1,-,0,0,0,0,0.0,-,0,0,0,0,0.0,ECU,1,1,13231,0,0.0,FAN1,0,0,0,0,0.0,COILS,1,1,13264,0,0.0,PUMP,0,0,0,0,0.0,INJECTOR,1,1,13270,0,0.0,SERVO,1,1,13193,0,0.0,ADD 1,0,1,13248,0,0.0,ADD 2,0,1,13242,0,0.0,ADD 3,0,1,13248,0,0.0,ADD 4,0,1,13210,0,0.0,ADD 5,0,0,0,0,0.0,ADD 6,0,1,13220,0,0.0,ADD 7,0,0,0,0,0.0,EGT2CAN,0,1,13259,0,0.0
1778951554.0347729,0.0,13289,-43.0,1,-,0,0,0,0,0.0,-,0,0,0,0,0.0,ECU,1,1,13259,0,0.0,FAN1,0,0,0,0,0.0,COILS,1,1,13259,0,0.0,PUMP,0,0,0,0,0.0,INJECTOR,1,1,13259,0,0.0,SERVO,1,1,13226,0,0.0,ADD 1,0,1,13286,0,0.0,ADD 2,0,1,13248,0,0.0,ADD 3,0,1,13226,0,0.0,ADD 4,0,1,13128,0,0.0,ADD 5,0,0,0,0,0.0,ADD 6,0,1,13220,0,0.0,ADD 7,0,0,0,0,0.0,EGT2CAN,0,1,13259,0,0.0
1778951554.0850074,0.0,13271,-44.0,1,-,0,0,0,0,0.0,-,0,0,0,0,0.0,ECU,1,1,13215,0,0.0,FAN1,0,0,0,0,0.0,COILS,1,1,13286,0,0.0,PUMP,0,0,0,0,0.0,INJECTOR,1,1,13215,0,0.0,SERVO,1,1,13193,0,0.0,ADD 1,0,1,13275,0,0.0,ADD 2,0,1,13248,0,0.0,ADD 3,0,1,13242,0,0.0,ADD 4,0,1,13193,0,0.0,ADD 5,0,0,0,0,0.0,ADD 6,0,1,13215,0,0.0,ADD 7,0,0,0,0,0.0,EGT2CAN,0,1,13242,0,0.0
1778951554.1368766,0.0,13271,-44.0,1,-,0,0,0,0,0.0,-,0,0,0,0,0.0,ECU,1,1,13215,0,0.0,FAN1,0,0,0,0,0.0,COILS,1,1,13286,0,0.0,PUMP,0,0,0,0,0.0,INJECTOR,1,1,13215,0,0.0,SERVO,1,1,13193,0,0.0,ADD 1,0,1,13275,0,0.0,ADD 2,0,1,13248,0,0.0,ADD 3,0,1,13242,0,0.0,ADD 4,0,1,13193,0,0.0,ADD 5,0,0,0,0,0.0,ADD 6,0,1,13215,0,0.0,ADD 7,0,0,0,0,0.0,EGT2CAN,0,1,13242,0,0.0
1778951554.1878662,0.0,13271,-44.0,1,-,0,0,0,0,0.0,-,0,0,0,0,0.0,ECU,1,1,13231,0,0.0,FAN1,0,0,0,0,0.0,COILS,1,1,13237,0,0.0,PUMP,0,0,0,0,0.0,INJECTOR,1,1,13242,0,0.0,SERVO,1,1,13248,0,0.0,ADD 1,0,1,13259,0,0.0,ADD 2,0,1,13248,0,0.0,ADD 3,0,1,13226,0,0.0,ADD 4,0,1,13193,0,0.0,ADD 5,0,0,0,0,0.0,ADD 6,0,1,13248,0,0.0,ADD 7,0,0,0,0,0.0,EGT2CAN,0,1,13248,0,0.0
1778951554.2380984,1.7,13265,-43.0,1,-,0,0,0,0,0.0,-,0,0,0,0,0.0,ECU,1,1,13215,0,1.7,FAN1,0,0,0,0,0.0,COILS,1,1,13210,0,0.0,PUMP,0,0,0,0,0.0,INJECTOR,1,1,13199,0,0.0,SERVO,1,1,13220,0,0.0,ADD 1,0,1,13270,0,0.0,ADD 2,0,1,13264,0,0.0,ADD 3,0,1,13248,0,0.0,ADD 4,0,1,13193,0,0.0,ADD 5,0,0,0,0,0.0,ADD 6,0,1,13237,0,0.0,ADD 7,0,0,0,0,0.0,EGT2CAN,0,1,13231,0,0.0
1778951554.299253,1.7,13265,-43.0,1,-,0,0,0,0,0.0,-,0,0,0,0,0.0,ECU,1,1,13242,0,1.7,FAN1,0,0,0,0,0.0,COILS,1,1,13210,0,0.0,PUMP,0,0,0,0,0.0,INJECTOR,1,1,13199,0,0.0,SERVO,1,1,13220,0,0.0,ADD 1,0,1,13270,0,0.0,ADD 2,0,1,13264,0,0.0,ADD 3,0,1,13248,0,0.0,ADD 4,0,1,13193,0,0.0,ADD 5,0,0,0,0,0.0,ADD 6,0,1,13237,0,0.0,ADD 7,0,0,0,0,0.0,EGT2CAN,0,1,13231,0,0.0
1778951554.3538847,1.7,13265,-43.0,1,-,0,0,0,0,0.0,-,0,0,0,0,0.0,ECU,1,1,13242,0,1.7,FAN1,0,0,0,0,0.0,COILS,1,1,13215,0,0.0,PUMP,0,0,0,0,0.0,INJECTOR,1,1,13199,0,0.0,SERVO,1,1,13215,0,0.0,ADD 1,0,1,13259,0,0.0,ADD 2,0,1,13215,0,0.0,ADD 3,0,1,13204,0,0.0,ADD 4,0,1,13215,0,0.0,ADD 5,0,0,0,0,0.0,ADD 6,0,1,13237,0,0.0,ADD 7,0,0,0,0,0.0,EGT2CAN,0,1,13231,0,0.0
1778951554.4048333,3.3,13277,-43.0,1,-,0,0,0,0,0.0,-,0,0,0,0,0.0,ECU,1,1,13270,10,3.3,FAN1,0,0,0,0,0.0,COILS,1,1,13270,0,0.0,PUMP,0,0,0,0,0.0,INJECTOR,1,1,13231,0,0.0,SERVO,1,1,13177,0,0.0,ADD 1,0,1,13177,0,0.0,ADD 2,0,1,13281,0,0.0,ADD 3,0,1,13253,0,0.0,ADD 4,0,1,13177,0,0.0,ADD 5,0,0,0,0,0.0,ADD 6,0,1,13297,0,0.0,ADD 7,0,0,0,0,0.0,EGT2CAN,0,1,13177,0,0.0
1778951554.4570625,2.5,13265,-44.0,1,-,0,0,0,0,0.0,-,0,0,0,0,0.0,ECU,1,1,13259,0,2.5,FAN1,0,0,0,0,0.0,COILS,1,1,13231,0,0.0,PUMP,0,0,0,0,0.0,INJECTOR,1,1,13270,0,0.0,SERVO,1,1,13199,0,0.0,ADD 1,0,1,13182,0,0.0,ADD 2,0,1,13177,0,0.0,ADD 3,0,1,13264,0,0.0,ADD 4,0,1,13177,0,0.0,ADD 5,0,0,0,0,0.0,ADD 6,0,1,13286,0,0.0,ADD 7,0,0,0,0,0.0,EGT2CAN,0,1,13264,0,0.0
1778951554.5078747,2.5,13265,-44.0,1,-,0,0,0,0,0.0,-,0,0,0,0,0.0,ECU,1,1,13264,0,2.5,FAN1,0,0,0,0,0.0,COILS,1,1,13275,0,0.0,PUMP,0,0,0,0,0.0,INJECTOR,1,1,13275,0,0.0,SERVO,1,1,13259,0,0.0,ADD 1,0,1,13215,0,0.0,ADD 2,0,1,13286,0,0.0,ADD 3,0,1,13259,0,0.0,ADD 4,0,1,13193,0,0.0,ADD 5,0,0,0,0,0.0,ADD 6,0,1,13286,0,0.0,ADD 7,0,0,0,0,0.0,EGT2CAN,0,1,13264,0,0.0
1778951554.5593095,1.7,13258,-43.0,1,-,0,0,0,0,0.0,-,0,0,0,0,0.0,ECU,1,1,13264,0,1.7,FAN1,0,0,0,0,0.0,COILS,1,1,13253,0,0.0,PUMP,0,0,0,0,0.0,INJECTOR,1,1,13281,0,0.0,SERVO,1,1,13242,0,0.0,ADD 1,0,1,13292,0,0.0,ADD 2,0,1,13242,0,0.0,ADD 3,0,1,13275,0,0.0,ADD 4,0,1,13237,0,0.0,ADD 5,0,0,0,0,0.0,ADD 6,0,1,13193,0,0.0,ADD 7,0,0,0,0,0.0,EGT2CAN,0,1,13242,0,0.0
1778951554.624565,1.7,13258,-43.0,1,-,0,0,0,0,0.0,-,0,0,0,0,0.0,ECU,1,1,13210,0,1.7,FAN1,0,0,0,0,0.0,COILS,1,1,13259,0,0.0,PUMP,0,0,0,0,0.0,INJECTOR,1,1,13286,0,0.0,SERVO,1,1,13188,0,0.0,ADD 1,0,1,13259,0,0.0,ADD 2,0,1,13303,0,0.0,ADD 3,0,1,13215,0,0.0,ADD 4,0,1,13171,0,0.0,ADD 5,0,0,0,0,0.0,ADD 6,0,1,13193,0,0.0,ADD 7,0,0,0,0,0.0,EGT2CAN,0,1,13242,0,0.0
1778951554.6748502,0.0,13283,-43.0,1,-,0,0,0,0,0.0,-,0,0,0,0,0.0,ECU,1,1,13270,0,0.0,FAN1,0,0,0,0,0.0,COILS,1,1,13188,0,0.0,PUMP,0,0,0,0,0.0,INJECTOR,1,1,13248,0,0.0,SERVO,1,1,13242,0,0.0,ADD 1,0,1,13264,0,0.0,ADD 2,0,1,13275,0,0.0,ADD 3,0,1,13264,0,0.0,ADD 4,0,1,13237,0,0.0,ADD 5,0,0,0,0,0.0,ADD 6,0,1,13215,0,0.0,ADD 7,0,0,0,0,0.0,EGT2CAN,0,1,13242,0,0.0
1778951554.726245,0.0,13283,-43.0,1,-,0,0,0,0,0.0,-,0,0,0,0,0.0,ECU,1,1,13270,0,0.0,FAN1,0,0,0,0,0.0,COILS,1,1,13188,0,0.0,PUMP,0,0,0,0,0.0,INJECTOR,1,1,13248,0,0.0,SERVO,1,1,13242,0,0.0,ADD 1,0,1,13264,0,0.0,ADD 2,0,1,13275,0,0.0,ADD 3,0,1,13264,0,0.0,ADD 4,0,1,13237,0,0.0,ADD 5,0,0,0,0,0.0,ADD 6,0,1,13215,0,0.0,ADD 7,0,0,0,0,0.0,EGT2CAN,0,1,13242,0,0.0
1778951554.7776084,0.0,13283,-43.0,1,-,0,0,0,0,0.0,-,0,0,0,0,0.0,ECU,1,1,13215,0,0.0,FAN1,0,0,0,0,0.0,COILS,1,1,13204,0,0.0,PUMP,0,0,0,0,0.0,INJECTOR,1,1,13231,0,0.0,SERVO,1,1,13248,0,0.0,ADD 1,0,1,13226,0,0.0,ADD 2,0,1,13264,0,0.0,ADD 3,0,1,13226,0,0.0,ADD 4,0,1,13237,0,0.0,ADD 5,0,0,0,0,0.0,ADD 6,0,1,13281,0,0.0,ADD 7,0,0,0,0,0.0,EGT2CAN,0,1,13242,0,0.0
1778951554.838496,3.3,13277,-43.0,1,-,0,0,0,0,0.0,-,0,0,0,0,0.0,ECU,1,1,13177,10,3.3,FAN1,0,0,0,0,0.0,COILS,1,1,13177,0,0.0,PUMP,0,0,0,0,0.0,INJECTOR,1,1,13275,0,0.0,SERVO,1,1,13199,0,0.0,ADD 1,0,1,13264,0,0.0,ADD 2,0,1,13248,0,0.0,ADD 3,0,1,13210,0,0.0,ADD 4,0,1,13171,0,0.0,ADD 5,0,0,0,0,0.0,ADD 6,0,1,13275,0,0.0,ADD 7,0,0,0,0,0.0,EGT2CAN,0,1,13264,0,0.0
1778951554.893621,3.3,13277,-43.0,1,-,0,0,0,0,0.0,-,0,0,0,0,0.0,ECU,1,1,13264,10,3.3,FAN1,0,0,0,0,0.0,COILS,1,1,13264,0,0.0,PUMP,0,0,0,0,0.0,INJECTOR,1,1,13281,0,0.0,SERVO,1,1,13204,0,0.0,ADD 1,0,1,13264,0,0.0,ADD 2,0,1,13248,0,0.0,ADD 3,0,1,13210,0,0.0,ADD 4,0,1,13171,0,0.0,ADD 5,0,0,0,0,0.0,ADD 6,0,1,13275,0,0.0,ADD 7,0,0,0,0,0.0,EGT2CAN,0,1,13264,0,0.0
1778951554.944724,4.0,13240,-43.0,1,-,0,0,0,0,0.0,-,0,0,0,0,0.0,ECU,1,1,13231,0,4.0,FAN1,0,0,0,0,0.0,COILS,1,1,13215,0,0.0,PUMP,0,0,0,0,0.0,INJECTOR,1,1,13231,0,0.0,SERVO,1,1,13220,0,0.0,ADD 1,0,1,13248,0,0.0,ADD 2,0,1,13292,0,0.0,ADD 3,0,1,13248,0,0.0,ADD 4,0,1,13149,0,0.0,ADD 5,0,0,0,0,0.0,ADD 6,0,1,13220,0,0.0,ADD 7,0,0,0,0,0.0,EGT2CAN,0,1,13264,0,0.0
1778951554.9987626,3.3,13252,-45.0,1,-,0,0,0,0,0.0,-,0,0,0,0,0.0,ECU,1,1,13226,0,3.3,FAN1,0,0,0,0,0.0,COILS,1,1,13226,0,0.0,PUMP,0,0,0,0,0.0,INJECTOR,1,1,13231,0,0.0,SERVO,1,1,13237,0,0.0,ADD 1,0,1,13253,0,0.0,ADD 2,0,1,13248,0,0.0,ADD 3,0,1,13264,0,0.0,ADD 4,0,1,13253,0,0.0,ADD 5,0,0,0,0,0.0,ADD 6,0,1,13264,0,0.0,ADD 7,0,0,0,0,0.0,EGT2CAN,0,1,13215,0,0.0
1778951555.0547028,3.3,13252,-45.0,1,-,0,0,0,0,0.0,-,0,0,0,0,0.0,ECU,1,1,13226,0,3.3,FAN1,0,0,0,0,0.0,COILS,1,1,13226,0,0.0,PUMP,0,0,0,0,0.0,INJECTOR,1,1,13231,0,0.0,SERVO,1,1,13237,0,0.0,ADD 1,0,1,13253,0,0.0,ADD 2,0,1,13248,0,0.0,ADD 3,0,1,13264,0,0.0,ADD 4,0,1,13253,0,0.0,ADD 5,0,0,0,0,0.0,ADD 6,0,1,13264,0,0.0,ADD 7,0,0,0,0,0.0,EGT2CAN,0,1,13215,0,0.0
1778951555.1057148,0.0,13252,-43.0,1,-,0,0,0,0,0.0,-,0,0,0,0,0.0,ECU,1,1,13215,0,0.0,FAN1,0,0,0,0,0.0,COILS,1,1,13204,0,0.0,PUMP,0,0,0,0,0.0,INJECTOR,1,1,13231,0,0.0,SERVO,1,1,13193,0,0.0,ADD 1,0,1,13220,0,0.0,ADD 2,0,1,13286,0,0.0,ADD 3,0,1,13215,0,0.0,ADD 4,0,1,13204,0,0.0,ADD 5,0,0,0,0,0.0,ADD 6,0,1,13237,0,0.0,ADD 7,0,0,0,0,0.0,EGT2CAN,0,1,13242,0,0.0
1778951555.1667118,0.0,13296,-41.0,1,-,0,0,0,0,0.0,-,0,0,0,0,0.0,ECU,1,1,13210,0,0.0,FAN1,0,0,0,0,0.0,COILS,1,1,13237,0,0.0,PUMP,0,0,0,0,0.0,INJECTOR,1,1,13210,0,0.0,SERVO,1,1,13204,0,0.0,ADD 1,0,1,13248,0,0.0,ADD 2,0,1,13286,0,0.0,ADD 3,0,1,13248,0,0.0,ADD 4,0,1,13242,0,0.0,ADD 5,0,0,0,0,0.0,ADD 6,0,1,13259,0,0.0,ADD 7,0,0,0,0,0.0,EGT2CAN,0,1,13193,0,0.0
1778951555.2178373,0.0,13296,-41.0,1,-,0,0,0,0,0.0,-,0,0,0,0,0.0,ECU,1,1,13264,0,0.0,FAN1,0,0,0,0,0.0,COILS,1,1,13220,0,0.0,PUMP,0,0,0,0,0.0,INJECTOR,1,1,13259,0,0.0,SERVO,1,1,13171,0,0.0,ADD 1,0,1,13215,0,0.0,ADD 2,0,1,13264,0,0.0,ADD 3,0,1,13215,0,0.0,ADD 4,0,1,13242,0,0.0,ADD 5,0,0,0,0,0.0,ADD 6,0,1,13297,0,0.0,ADD 7,0,0,0,0,0.0,EGT2CAN,0,1,13215,0,0.0
1778951555.268722,0.0,13234,-43.0,1,-,0,0,0,0,0.0,-,0,0,0,0,0.0,ECU,1,1,13264,0,0.0,FAN1,0,0,0,0,0.0,COILS,1,1,13264,0,0.0,PUMP,0,0,0,0,0.0,INJECTOR,1,1,13275,0,0.0,SERVO,1,1,13237,0,0.0,ADD 1,0,1,13264,0,0.0,ADD 2,0,1,13275,0,0.0,ADD 3,0,1,13264,0,0.0,ADD 4,0,1,13144,0,0.0,ADD 5,0,0,0,0,0.0,ADD 6,0,1,13259,0,0.0,ADD 7,0,0,0,0,0.0,EGT2CAN,0,1,13242,0,0.0
1778951555.3210084,0.0,13265,-44.0,1,-,0,0,0,0,0.0,-,0,0,0,0,0.0,ECU,1,1,13264,0,0.0,FAN1,0,0,0,0,0.0,COILS,1,1,13264,0,0.0,PUMP,0,0,0,0,0.0,INJECTOR,1,1,13275,0,0.0,SERVO,1,1,13237,0,0.0,ADD 1,0,1,13171,0,0.0,ADD 2,0,1,13215,0,0.0,ADD 3,0,1,13215,0,0.0,ADD 4,0,1,13237,0,0.0,ADD 5,0,0,0,0,0.0,ADD 6,0,1,13286,0,0.0,ADD 7,0,0,0,0,0.0,EGT2CAN,0,1,13248,0,0.0
1778951555.3726258,0.0,13265,-41.0,1,-,0,0,0,0,0.0,-,0,0,0,0,0.0,ECU,1,1,13242,0,0.0,FAN1,0,0,0,0,0.0,COILS,1,1,13242,0,0.0,PUMP,0,0,0,0,0.0,INJECTOR,1,1,13226,0,0.0,SERVO,1,1,13177,0,0.0,ADD 1,0,1,13264,0,0.0,ADD 2,0,1,13242,0,0.0,ADD 3,0,1,13231,0,0.0,ADD 4,0,1,13215,0,0.0,ADD 5,0,0,0,0,0.0,ADD 6,0,1,13242,0,0.0,ADD 7,0,0,0,0,0.0,EGT2CAN,0,1,13215,0,0.0
1778951555.4317634,0.0,13265,-41.0,1,-,0,0,0,0,0.0,-,0,0,0,0,0.0,ECU,1,1,13242,0,0.0,FAN1,0,0,0,0,0.0,COILS,1,1,13242,0,0.0,PUMP,0,0,0,0,0.0,INJECTOR,1,1,13226,0,0.0,SERVO,1,1,13177,0,0.0,ADD 1,0,1,13264,0,0.0,ADD 2,0,1,13242,0,0.0,ADD 3,0,1,13231,0,0.0,ADD 4,0,1,13215,0,0.0,ADD 5,0,0,0,0,0.0,ADD 6,0,1,13242,0,0.0,ADD 7,0,0,0,0,0.0,EGT2CAN,0,1,13215,0,0.0
1778951555.4823287,0.0,13265,-41.0,1,-,0,0,0,0,0.0,-,0,0,0,0,0.0,ECU,1,1,13215,0,0.0,FAN1,0,0,0,0,0.0,COILS,1,1,13270,0,0.0,PUMP,0,0,0,0,0.0,INJECTOR,1,1,13253,0,0.0,SERVO,1,1,13215,0,0.0,ADD 1,0,1,13270,0,0.0,ADD 2,0,1,13226,0,0.0,ADD 3,0,1,13248,0,0.0,ADD 4,0,1,13133,0,0.0,ADD 5,0,0,0,0,0.0,ADD 6,0,1,13242,0,0.0,ADD 7,0,0,0,0,0.0,EGT2CAN,0,1,13215,0,0.0
1778951555.533211,2.0,13277,-44.0,1,-,0,0,0,0,0.0,-,0,0,0,0,0.0,ECU,1,1,13253,0,2.0,FAN1,0,0,0,0,0.0,COILS,1,1,13220,0,0.0,PUMP,0,0,0,0,0.0,INJECTOR,1,1,13188,0,0.0,SERVO,1,1,13220,0,0.0,ADD 1,0,1,13215,0,0.0,ADD 2,0,1,13292,0,0.0,ADD 3,0,1,13248,0,0.0,ADD 4,0,1,13226,0,0.0,ADD 5,0,0,0,0,0.0,ADD 6,0,1,13281,0,0.0,ADD 7,0,0,0,0,0.0,EGT2CAN,0,1,13188,0,0.0
1778951555.584003,2.0,13277,-44.0,1,-,0,0,0,0,0.0,-,0,0,0,0,0.0,ECU,1,1,13253,0,2.0,FAN1,0,0,0,0,0.0,COILS,1,1,13220,0,0.0,PUMP,0,0,0,0,0.0,INJECTOR,1,1,13188,0,0.0,SERVO,1,1,13220,0,0.0,ADD 1,0,1,13215,0,0.0,ADD 2,0,1,13292,0,0.0,ADD 3,0,1,13248,0,0.0,ADD 4,0,1,13226,0,0.0,ADD 5,0,0,0,0,0.0,ADD 6,0,1,13281,0,0.0,ADD 7,0,0,0,0,0.0,EGT2CAN,0,1,13188,0,0.0
1778951555.6348877,2.0,13277,-44.0,1,-,0,0,0,0,0.0,-,0,0,0,0,0.0,ECU,1,1,13275,0,2.0,FAN1,0,0,0,0,0.0,COILS,1,1,13264,0,0.0,PUMP,0,0,0,0,0.0,INJECTOR,1,1,13215,0,0.0,SERVO,1,1,13149,0,0.0,ADD 1,0,1,13237,0,0.0,ADD 2,0,1,13248,0,0.0,ADD 3,0,1,13215,0,0.0,ADD 4,0,1,13242,0,0.0,ADD 5,0,0,0,0,0.0,ADD 6,0,1,13281,0,0.0,ADD 7,0,0,0,0,0.0,EGT2CAN,0,1,13188,0,0.0
1778951555.6948764,1.7,13246,-43.0,1,-,0,0,0,0,0.0,-,0,0,0,0,0.0,ECU,1,1,13220,0,1.7,FAN1,0,0,0,0,0.0,COILS,1,1,13215,0,0.0,PUMP,0,0,0,0,0.0,INJECTOR,1,1,13237,0,0.0,SERVO,1,1,13160,0,0.0,ADD 1,0,1,13248,0,0.0,ADD 2,0,1,13292,0,0.0,ADD 3,0,1,13193,0,0.0,ADD 4,0,1,13231,0,0.0,ADD 5,0,0,0,0,0.0,ADD 6,0,1,13220,0,0.0,ADD 7,0,0,0,0,0.0,EGT2CAN,0,1,13248,0,0.0
1778951555.765158,1.7,13246,-43.0,1,-,0,0,0,0,0.0,-,0,0,0,0,0.0,ECU,1,1,13242,0,1.7,FAN1,0,0,0,0,0.0,COILS,1,1,13275,0,0.0,PUMP,0,0,0,0,0.0,INJECTOR,1,1,13270,0,0.0,SERVO,1,1,13242,0,0.0,ADD 1,0,1,13248,0,0.0,ADD 2,0,1,13292,0,0.0,ADD 3,0,1,13193,0,0.0,ADD 4,0,1,13231,0,0.0,ADD 5,0,0,0,0,0.0,ADD 6,0,1,13220,0,0.0,ADD 7,0,0,0,0,0.0,EGT2CAN,0,1,13248,0,0.0
1778951555.8158371,0.0,13215,-43.0,1,-,0,0,0,0,0.0,-,0,0,0,0,0.0,ECU,1,1,13237,0,0.0,FAN1,0,0,0,0,0.0,COILS,1,1,13171,0,0.0,PUMP,0,0,0,0,0.0,INJECTOR,1,1,13242,0,0.0,SERVO,1,1,13193,0,0.0,ADD 1,0,1,13215,0,0.0,ADD 2,0,1,13177,0,0.0,ADD 3,0,1,13242,0,0.0,ADD 4,0,1,13231,0,0.0,ADD 5,0,0,0,0,0.0,ADD 6,0,1,13259,0,0.0,ADD 7,0,0,0,0,0.0,EGT2CAN,0,1,13226,0,0.0
1778951555.867134,0.0,13221,-43.0,1,-,0,0,0,0,0.0,-,0,0,0,0,0.0,ECU,1,1,13237,0,0.0,FAN1,0,0,0,0,0.0,COILS,1,1,13171,0,0.0,PUMP,0,0,0,0,0.0,INJECTOR,1,1,13242,0,0.0,SERVO,1,1,13193,0,0.0,ADD 1,0,1,13215,0,0.0,ADD 2,0,1,13177,0,0.0,ADD 3,0,1,13242,0,0.0,ADD 4,0,1,13231,0,0.0,ADD 5,0,0,0,0,0.0,ADD 6,0,1,13259,0,0.0,ADD 7,0,0,0,0,0.0,EGT2CAN,0,1,13226,0,0.0
1778951555.918986,0.0,13221,-43.0,1,-,0,0,0,0,0.0,-,0,0,0,0,0.0,ECU,1,1,13248,0,0.0,FAN1,0,0,0,0,0.0,COILS,1,1,13199,0,0.0,PUMP,0,0,0,0,0.0,INJECTOR,1,1,13259,0,0.0,SERVO,1,1,13215,0,0.0,ADD 1,0,1,13215,0,0.0,ADD 2,0,1,13177,0,0.0,ADD 3,0,1,13242,0,0.0,ADD 4,0,1,13231,0,0.0,ADD 5,0,0,0,0,0.0,ADD 6,0,1,13259,0,0.0,ADD 7,0,0,0,0,0.0,EGT2CAN,0,1,13226,0,0.0
1778951555.9693024,0.0,13258,-43.0,1,-,0,0,0,0,0.0,-,0,0,0,0,0.0,ECU,1,1,13253,0,0.0,FAN1,0,0,0,0,0.0,COILS,1,1,13248,0,0.0,PUMP,0,0,0,0,0.0,INJECTOR,1,1,13204,0,0.0,SERVO,1,1,13177,0,0.0,ADD 1,0,1,13248,0,0.0,ADD 2,0,1,13177,0,0.0,ADD 3,0,1,13248,0,0.0,ADD 4,0,1,13177,0,0.0,ADD 5,0,0,0,0,0.0,ADD 6,0,1,13231,0,0.0,ADD 7,0,0,0,0,0.0,EGT2CAN,0,1,13177,0,0.0
1778951556.0239563,0.0,13215,-43.0,1,-,0,0,0,0,0.0,-,0,0,0,0,0.0,ECU,1,1,13253,0,0.0,FAN1,0,0,0,0,0.0,COILS,1,1,13248,0,0.0,PUMP,0,0,0,0,0.0,INJECTOR,1,1,13204,0,0.0,SERVO,1,1,13177,0,0.0,ADD 1,0,1,13248,0,0.0,ADD 2,0,1,13177,0,0.0,ADD 3,0,1,13248,0,0.0,ADD 4,0,1,13177,0,0.0,ADD 5,0,0,0,0,0.0,ADD 6,0,1,13231,0,0.0,ADD 7,0,0,0,0,0.0,EGT2CAN,0,1,13177,0,0.0
1778951556.0743065,0.0,13215,-43.0,1,-,0,0,0,0,0.0,-,0,0,0,0,0.0,ECU,1,1,13259,0,0.0,FAN1,0,0,0,0,0.0,COILS,1,1,13231,0,0.0,PUMP,0,0,0,0,0.0,INJECTOR,1,1,13193,0,0.0,SERVO,1,1,13193,0,0.0,ADD 1,0,1,13149,0,0.0,ADD 2,0,1,13210,0,0.0,ADD 3,0,1,13248,0,0.0,ADD 4,0,1,13231,0,0.0,ADD 5,0,0,0,0,0.0,ADD 6,0,1,13264,0,0.0,ADD 7,0,0,0,0,0.0,EGT2CAN,0,1,13242,0,0.0
1778951556.1248348,0.0,13228,-44.0,1,-,0,0,0,0,0.0,-,0,0,0,0,0.0,ECU,1,1,13270,0,0.0,FAN1,0,0,0,0,0.0,COILS,1,1,13231,0,0.0,PUMP,0,0,0,0,0.0,INJECTOR,1,1,13220,0,0.0,SERVO,1,1,13231,0,0.0,ADD 1,0,1,13237,0,0.0,ADD 2,0,1,13210,0,0.0,ADD 3,0,1,13193,0,0.0,ADD 4,0,1,13231,0,0.0,ADD 5,0,0,0,0,0.0,ADD 6,0,1,13182,0,0.0,ADD 7,0,0,0,0,0.0,EGT2CAN,0,1,13253,0,0.0
1778951556.1783373,0.0,13258,-44.0,1,-,0,0,0,0,0.0,-,0,0,0,0,0.0,ECU,1,1,13270,0,0.0,FAN1,0,0,0,0,0.0,COILS,1,1,13231,0,0.0,PUMP,0,0,0,0,0.0,INJECTOR,1,1,13220,0,0.0,SERVO,1,1,13231,0,0.0,ADD 1,0,1,13237,0,0.0,ADD 2,0,1,13210,0,0.0,ADD 3,0,1,13193,0,0.0,ADD 4,0,1,13231,0,0.0,ADD 5,0,0,0,0,0.0,ADD 6,0,1,13286,0,0.0,ADD 7,0,0,0,0,0.0,EGT2CAN,0,1,13242,0,0.0
1778951556.2285962,0.0,13252,-44.0,1,-,0,0,0,0,0.0,-,0,0,0,0,0.0,ECU,1,1,13215,0,0.0,FAN1,0,0,0,0,0.0,COILS,1,1,13253,0,0.0,PUMP,0,0,0,0,0.0,INJECTOR,1,1,13226,0,0.0,SERVO,1,1,13199,0,0.0,ADD 1,0,1,13253,0,0.0,ADD 2,0,1,13226,0,0.0,ADD 3,0,1,13226,0,0.0,ADD 4,0,1,13128,0,0.0,ADD 5,0,0,0,0,0.0,ADD 6,0,1,13275,0,0.0,ADD 7,0,0,0,0,0.0,EGT2CAN,0,1,13248,0,0.0
1778951556.2807453,0.0,13252,-44.0,1,-,0,0,0,0,0.0,-,0,0,0,0,0.0,ECU,1,1,13259,0,0.0,FAN1,0,0,0,0,0.0,COILS,1,1,13215,0,0.0,PUMP,0,0,0,0,0.0,INJECTOR,1,1,13242,0,0.0,SERVO,1,1,13193,0,0.0,ADD 1,0,1,13226,0,0.0,ADD 2,0,1,13270,0,0.0,ADD 3,0,1,13248,0,0.0,ADD 4,0,1,13144,0,0.0,ADD 5,0,0,0,0,0.0,ADD 6,0,1,13248,0,0.0,ADD 7,0,0,0,0,0.0,EGT2CAN,0,1,13248,0,0.0
1778951556.3419433,0.0,13252,-43.0,1,-,0,0,0,0,0.0,-,0,0,0,0,0.0,ECU,1,1,13259,0,0.0,FAN1,0,0,0,0,0.0,COILS,1,1,13215,0,0.0,PUMP,0,0,0,0,0.0,INJECTOR,1,1,13242,0,0.0,SERVO,1,1,13193,0,0.0,ADD 1,0,1,13226,0,0.0,ADD 2,0,1,13270,0,0.0,ADD 3,0,1,13248,0,0.0,ADD 4,0,1,13144,0,0.0,ADD 5,0,0,0,0,0.0,ADD 6,0,1,13248,0,0.0,ADD 7,0,0,0,0,0.0,EGT2CAN,0,1,13248,0,0.0
1778951556.3928616,0.0,13252,-43.0,1,-,0,0,0,0,0.0,-,0,0,0,0,0.0,ECU,1,1,13210,0,0.0,FAN1,0,0,0,0,0.0,COILS,1,1,13160,0,0.0,PUMP,0,0,0,0,0.0,INJECTOR,1,1,13199,0,0.0,SERVO,1,1,13188,0,0.0,ADD 1,0,1,13248,0,0.0,ADD 2,0,1,13242,0,0.0,ADD 3,0,1,13259,0,0.0,ADD 4,0,1,13210,0,0.0,ADD 5,0,0,0,0,0.0,ADD 6,0,1,13259,0,0.0,ADD 7,0,0,0,0,0.0,EGT2CAN,0,1,13155,0,0.0
1778951556.4462266,0.0,13252,-43.0,1,-,0,0,0,0,0.0,-,0,0,0,0,0.0,ECU,1,1,13193,0,0.0,FAN1,0,0,0,0,0.0,COILS,1,1,13242,0,0.0,PUMP,0,0,0,0,0.0,INJECTOR,1,1,13242,0,0.0,SERVO,1,1,13166,0,0.0,ADD 1,0,1,13242,0,0.0,ADD 2,0,1,13264,0,0.0,ADD 3,0,1,13215,0,0.0,ADD 4,0,1,13193,0,0.0,ADD 5,0,0,0,0,0.0,ADD 6,0,1,13259,0,0.0,ADD 7,0,0,0,0,0.0,EGT2CAN,0,1,13155,0,0.0
1778951556.4973452,0.0,13215,-43.0,1,-,0,0,0,0,0.0,-,0,0,0,0,0.0,ECU,1,1,13193,0,0.0,FAN1,0,0,0,0,0.0,COILS,1,1,13242,0,0.0,PUMP,0,0,0,0,0.0,INJECTOR,1,1,13242,0,0.0,SERVO,1,1,13166,0,0.0,ADD 1,0,1,13242,0,0.0,ADD 2,0,1,13264,0,0.0,ADD 3,0,1,13215,0,0.0,ADD 4,0,1,13193,0,0.0,ADD 5,0,0,0,0,0.0,ADD 6,0,1,13264,0,0.0,ADD 7,0,0,0,0,0.0,EGT2CAN,0,1,13144,0,0.0
1778951556.5555737,0.0,13265,-43.0,1,-,0,0,0,0,0.0,-,0,0,0,0,0.0,ECU,1,1,13264,0,0.0,FAN1,0,0,0,0,0.0,COILS,1,1,13264,0,0.0,PUMP,0,0,0,0,0.0,INJECTOR,1,1,13248,0,0.0,SERVO,1,1,13215,0,0.0,ADD 1,0,1,13204,0,0.0,ADD 2,0,1,13220,0,0.0,ADD 3,0,1,13248,0,0.0,ADD 4,0,1,13231,0,0.0,ADD 5,0,0,0,0,0.0,ADD 6,0,1,13242,0,0.0,ADD 7,0,0,0,0,0.0,EGT2CAN,0,1,13231,0,0.0
1778951556.6185215,0.0,13265,-43.0,1,-,0,0,0,0,0.0,-,0,0,0,0,0.0,ECU,1,1,13248,0,0.0,FAN1,0,0,0,0,0.0,COILS,1,1,13264,0,0.0,PUMP,0,0,0,0,0.0,INJECTOR,1,1,13248,0,0.0,SERVO,1,1,13215,0,0.0,ADD 1,0,1,13204,0,0.0,ADD 2,0,1,13220,0,0.0,ADD 3,0,1,13248,0,0.0,ADD 4,0,1,13231,0,0.0,ADD 5,0,0,0,0,0.0,ADD 6,0,1,13242,0,0.0,ADD 7,0,0,0,0,0.0,EGT2CAN,0,1,13231,0,0.0
1778951556.669472,2.0,13221,-44.0,1,-,0,0,0,0,0.0,-,0,0,0,0,0.0,ECU,1,1,13259,0,2.0,FAN1,0,0,0,0,0.0,COILS,1,1,13199,0,0.0,PUMP,0,0,0,0,0.0,INJECTOR,1,1,13259,0,0.0,SERVO,1,1,13193,0,0.0,ADD 1,0,1,13242,0,0.0,ADD 2,0,1,13231,0,0.0,ADD 3,0,1,13242,0,0.0,ADD 4,0,1,13215,0,0.0,ADD 5,0,0,0,0,0.0,ADD 6,0,1,13215,0,0.0,ADD 7,0,0,0,0,0.0,EGT2CAN,0,1,13231,0,0.0
1778951556.720609,2.0,13265,-44.0,1,-,0,0,0,0,0.0,-,0,0,0,0,0.0,ECU,1,1,13259,0,2.0,FAN1,0,0,0,0,0.0,COILS,1,1,13199,0,0.0,PUMP,0,0,0,0,0.0,INJECTOR,1,1,13259,0,0.0,SERVO,1,1,13193,0,0.0,ADD 1,0,1,13242,0,0.0,ADD 2,0,1,13231,0,0.0,ADD 3,0,1,13242,0,0.0,ADD 4,0,1,13215,0,0.0,ADD 5,0,0,0,0,0.0,ADD 6,0,1,13215,0,0.0,ADD 7,0,0,0,0,0.0,EGT2CAN,0,1,13231,0,0.0
1778951556.7721565,2.0,13265,-44.0,1,-,0,0,0,0,0.0,-,0,0,0,0,0.0,ECU,1,1,13215,0,2.0,FAN1,0,0,0,0,0.0,COILS,1,1,13220,0,0.0,PUMP,0,0,0,0,0.0,INJECTOR,1,1,13242,0,0.0,SERVO,1,1,13177,0,0.0,ADD 1,0,1,13226,0,0.0,ADD 2,0,1,13248,0,0.0,ADD 3,0,1,13193,0,0.0,ADD 4,0,1,13155,0,0.0,ADD 5,0,0,0,0,0.0,ADD 6,0,1,13215,0,0.0,ADD 7,0,0,0,0,0.0,EGT2CAN,0,1,13231,0,0.0
1778951556.8225584,1.7,13240,-43.0,1,-,0,0,0,0,0.0,-,0,0,0,0,0.0,ECU,1,1,13193,0,1.7,FAN1,0,0,0,0,0.0,COILS,1,1,13193,0,0.0,PUMP,0,0,0,0,0.0,INJECTOR,1,1,13182,0,0.0,SERVO,1,1,13171,0,0.0,ADD 1,0,1,13237,0,0.0,ADD 2,0,1,13231,0,0.0,ADD 3,0,1,13193,0,0.0,ADD 4,0,1,13149,0,0.0,ADD 5,0,0,0,0,0.0,ADD 6,0,1,13231,0,0.0,ADD 7,0,0,0,0,0.0,EGT2CAN,0,1,13193,0,0.0
1778951556.8734865,1.7,13240,-43.0,1,-,0,0,0,0,0.0,-,0,0,0,0,0.0,ECU,1,1,13193,0,1.7,FAN1,0,0,0,0,0.0,COILS,1,1,13193,0,0.0,PUMP,0,0,0,0,0.0,INJECTOR,1,1,13182,0,0.0,SERVO,1,1,13171,0,0.0,ADD 1,0,1,13237,0,0.0,ADD 2,0,1,13231,0,0.0,ADD 3,0,1,13193,0,0.0,ADD 4,0,1,13149,0,0.0,ADD 5,0,0,0,0,0.0,ADD 6,0,1,13231,0,0.0,ADD 7,0,0,0,0,0.0,EGT2CAN,0,1,13193,0,0.0
1778951556.9248154,0.0,13240,-43.0,1,-,0,0,0,0,0.0,-,0,0,0,0,0.0,ECU,1,1,13237,0,0.0,FAN1,0,0,0,0,0.0,COILS,1,1,13259,0,0.0,PUMP,0,0,0,0,0.0,INJECTOR,1,1,13215,0,0.0,SERVO,1,1,13188,0,0.0,ADD 1,0,1,13193,0,0.0,ADD 2,0,1,13275,0,0.0,ADD 3,0,1,13199,0,0.0,ADD 4,0,1,13215,0,0.0,ADD 5,0,0,0,0,0.0,ADD 6,0,1,13264,0,0.0,ADD 7,0,0,0,0,0.0,EGT2CAN,0,1,13193,0,0.0
1778951556.9793637,0.0,13265,-43.0,1,-,0,0,0,0,0.0,-,0,0,0,0,0.0,ECU,1,1,13215,0,0.0,FAN1,0,0,0,0,0.0,COILS,1,1,13215,0,0.0,PUMP,0,0,0,0,0.0,INJECTOR,1,1,13210,0,0.0,SERVO,1,1,13215,0,0.0,ADD 1,0,1,13199,0,0.0,ADD 2,0,1,13188,0,0.0,ADD 3,0,1,13226,0,0.0,ADD 4,0,1,13193,0,0.0,ADD 5,0,0,0,0,0.0,ADD 6,0,1,13292,0,0.0,ADD 7,0,0,0,0,0.0,EGT2CAN,0,1,13215,0,0.0
1778951557.044209,0.0,13252,-43.0,1,-,0,0,0,0,0.0,-,0,0,0,0,0.0,ECU,1,1,13215,0,0.0,FAN1,0,0,0,0,0.0,COILS,1,1,13215,0,0.0,PUMP,0,0,0,0,0.0,INJECTOR,1,1,13210,0,0.0,SERVO,1,1,13215,0,0.0,ADD 1,0,1,13199,0,0.0,ADD 2,0,1,13188,0,0.0,ADD 3,0,1,13226,0,0.0,ADD 4,0,1,13193,0,0.0,ADD 5,0,0,0,0,0.0,ADD 6,0,1,13292,0,0.0,ADD 7,0,0,0,0,0.0,EGT2CAN,0,1,13215,0,0.0
1778951557.0944974,0.0,13265,-43.0,1,-,0,0,0,0,0.0,-,0,0,0,0,0.0,ECU,1,1,13220,0,0.0,FAN1,0,0,0,0,0.0,COILS,1,1,13242,0,0.0,PUMP,0,0,0,0,0.0,INJECTOR,1,1,13248,0,0.0,SERVO,1,1,13220,0,0.0,ADD 1,0,1,13253,0,0.0,ADD 2,0,1,13264,0,0.0,ADD 3,0,1,13242,0,0.0,ADD 4,0,1,13226,0,0.0,ADD 5,0,0,0,0,0.0,ADD 6,0,1,13193,0,0.0,ADD 7,0,0,0,0,0.0,EGT2CAN,0,1,13160,0,0.0
1778951557.1456158,0.0,13240,-43.0,1,-,0,0,0,0,0.0,-,0,0,0,0,0.0,ECU,1,1,13177,0,0.0,FAN1,0,0,0,0,0.0,COILS,1,1,13264,0,0.0,PUMP,0,0,0,0,0.0,INJECTOR,1,1,13259,0,0.0,SERVO,1,1,13188,0,0.0,ADD 1,0,1,13248,0,0.0,ADD 2,0,1,13231,0,0.0,ADD 3,0,1,13231,0,0.0,ADD 4,0,1,13231,0,0.0,ADD 5,0,0,0,0,0.0,ADD 6,0,1,13193,0,0.0,ADD 7,0,0,0,0,0.0,EGT2CAN,0,1,13226,0,0.0
1778951557.197509,0.0,13240,-43.0,1,-,0,0,0,0,0.0,-,0,0,0,0,0.0,ECU,1,1,13177,0,0.0,FAN1,0,0,0,0,0.0,COILS,1,1,13253,0,0.0,PUMP,0,0,0,0,0.0,INJECTOR,1,1,13155,0,0.0,SERVO,1,1,13177,0,0.0,ADD 1,0,1,13248,0,0.0,ADD 2,0,1,13231,0,0.0,ADD 3,0,1,13231,0,0.0,ADD 4,0,1,13231,0,0.0,ADD 5,0,0,0,0,0.0,ADD 6,0,1,13193,0,0.0,ADD 7,0,0,0,0,0.0,EGT2CAN,0,1,13226,0,0.0
1778951557.2479415,0.0,13240,-43.0,1,-,0,0,0,0,0.0,-,0,0,0,0,0.0,ECU,1,1,13248,0,0.0,FAN1,0,0,0,0,0.0,COILS,1,1,13188,0,0.0,PUMP,0,0,0,0,0.0,INJECTOR,1,1,13242,0,0.0,SERVO,1,1,13215,0,0.0,ADD 1,0,1,13177,0,0.0,ADD 2,0,1,13264,0,0.0,ADD 3,0,1,13215,0,0.0,ADD 4,0,1,13215,0,0.0,ADD 5,0,0,0,0,0.0,ADD 6,0,1,13264,0,0.0,ADD 7,0,0,0,0,0.0,EGT2CAN,0,1,13144,0,0.0
1778951557.2997797,0.0,13240,-43.0,1,-,0,0,0,0,0.0,-,0,0,0,0,0.0,ECU,1,1,13215,0,0.0,FAN1,0,0,0,0,0.0,COILS,1,1,13210,0,0.0,PUMP,0,0,0,0,0.0,INJECTOR,1,1,13242,0,0.0,SERVO,1,1,13215,0,0.0,ADD 1,0,1,13193,0,0.0,ADD 2,0,1,13193,0,0.0,ADD 3,0,1,13226,0,0.0,ADD 4,0,1,13215,0,0.0,ADD 5,0,0,0,0,0.0,ADD 6,0,1,13259,0,0.0,ADD 7,0,0,0,0,0.0,EGT2CAN,0,1,13226,0,0.0
1778951557.3512292,0.0,13252,-43.0,1,-,0,0,0,0,0.0,-,0,0,0,0,0.0,ECU,1,1,13193,0,0.0,FAN1,0,0,0,0,0.0,COILS,1,1,13193,0,0.0,PUMP,0,0,0,0,0.0,INJECTOR,1,1,13193,0,0.0,SERVO,1,1,13128,0,0.0,ADD 1,0,1,13226,0,0.0,ADD 2,0,1,13226,0,0.0,ADD 3,0,1,13210,0,0.0,ADD 4,0,1,13215,0,0.0,ADD 5,0,0,0,0,0.0,ADD 6,0,1,13259,0,0.0,ADD 7,0,0,0,0,0.0,EGT2CAN,0,1,13226,0,0.0
1778951557.412527,0.0,13228,-43.0,1,-,0,0,0,0,0.0,-,0,0,0,0,0.0,ECU,1,1,13171,0,0.0,FAN1,0,0,0,0,0.0,COILS,1,1,13220,0,0.0,PUMP,0,0,0,0,0.0,INJECTOR,1,1,13193,0,0.0,SERVO,1,1,13149,0,0.0,ADD 1,0,1,13188,0,0.0,ADD 2,0,1,13242,0,0.0,ADD 3,0,1,13237,0,0.0,ADD 4,0,1,13231,0,0.0,ADD 5,0,0,0,0,0.0,ADD 6,0,1,13264,0,0.0,ADD 7,0,0,0,0,0.0,EGT2CAN,0,1,13177,0,0.0
1778951557.4628882,0.0,13240,-43.0,1,-,0,0,0,0,0.0,-,0,0,0,0,0.0,ECU,1,1,13231,0,0.0,FAN1,0,0,0,0,0.0,COILS,1,1,13248,0,0.0,PUMP,0,0,0,0,0.0,INJECTOR,1,1,13215,0,0.0,SERVO,1,1,13231,0,0.0,ADD 1,0,1,13160,0,0.0,ADD 2,0,1,13215,0,0.0,ADD 3,0,1,13199,0,0.0,ADD 4,0,1,13177,0,0.0,ADD 5,0,0,0,0,0.0,ADD 6,0,1,13286,0,0.0,ADD 7,0,0,0,0,0.0,EGT2CAN,0,1,13226,0,0.0
1778951557.5141153,0.0,13240,-43.0,1,-,0,0,0,0,0.0,-,0,0,0,0,0.0,ECU,1,1,13193,0,0.0,FAN1,0,0,0,0,0.0,COILS,1,1,13220,0,0.0,PUMP,0,0,0,0,0.0,INJECTOR,1,1,13215,0,0.0,SERVO,1,1,13188,0,0.0,ADD 1,0,1,13220,0,0.0,ADD 2,0,1,13215,0,0.0,ADD 3,0,1,13215,0,0.0,ADD 4,0,1,13215,0,0.0,ADD 5,0,0,0,0,0.0,ADD 6,0,1,13286,0,0.0,ADD 7,0,0,0,0,0.0,EGT2CAN,0,1,13226,0,0.0
1778951557.5738623,0.0,13203,-43.0,1,-,0,0,0,0,0.0,-,0,0,0,0,0.0,ECU,1,1,13220,0,0.0,FAN1,0,0,0,0,0.0,COILS,1,1,13231,0,0.0,PUMP,0,0,0,0,0.0,INJECTOR,1,1,13253,0,0.0,SERVO,1,1,13220,0,0.0,ADD 1,0,1,13177,0,0.0,ADD 2,0,1,13226,0,0.0,ADD 3,0,1,13177,0,0.0,ADD 4,0,1,13177,0,0.0,ADD 5,0,0,0,0,0.0,ADD 6,0,1,13259,0,0.0,ADD 7,0,0,0,0,0.0,EGT2CAN,0,1,13177,0,0.0
1778951557.6245265,0.0,13215,-43.0,1,-,0,0,0,0,0.0,-,0,0,0,0,0.0,ECU,1,1,13220,0,0.0,FAN1,0,0,0,0,0.0,COILS,1,1,13215,0,0.0,PUMP,0,0,0,0,0.0,INJECTOR,1,1,13264,0,0.0,SERVO,1,1,13215,0,0.0,ADD 1,0,1,13264,0,0.0,ADD 2,0,1,13253,0,0.0,ADD 3,0,1,13242,0,0.0,ADD 4,0,1,13160,0,0.0,ADD 5,0,0,0,0,0.0,ADD 6,0,1,13215,0,0.0,ADD 7,0,0,0,0,0.0,EGT2CAN,0,1,13231,0,0.0
1778951557.6753142,0.0,13240,-44.0,1,-,0,0,0,0,0.0,-,0,0,0,0,0.0,ECU,1,1,13226,0,0.0,FAN1,0,0,0,0,0.0,COILS,1,1,13193,0,0.0,PUMP,0,0,0,0,0.0,INJECTOR,1,1,13220,0,0.0,SERVO,1,1,13215,0,0.0,ADD 1,0,1,13210,0,0.0,ADD 2,0,1,13248,0,0.0,ADD 3,0,1,13204,0,0.0,ADD 4,0,1,13204,0,0.0,ADD 5,0,0,0,0,0.0,ADD 6,0,1,13193,0,0.0,ADD 7,0,0,0,0,0.0,EGT2CAN,0,1,13237,0,0.0
1778951557.7263284,0.0,13246,-43.0,1,-,0,0,0,0,0.0,-,0,0,0,0,0.0,ECU,1,1,13177,0,0.0,FAN1,0,0,0,0,0.0,COILS,1,1,13182,0,0.0,PUMP,0,0,0,0,0.0,INJECTOR,1,1,13199,0,0.0,SERVO,1,1,13231,0,0.0,ADD 1,0,1,13204,0,0.0,ADD 2,0,1,13171,0,0.0,ADD 3,0,1,13149,0,0.0,ADD 4,0,1,13193,0,0.0,ADD 5,0,0,0,0,0.0,ADD 6,0,1,13259,0,0.0,ADD 7,0,0,0,0,0.0,EGT2CAN,0,1,13248,0,0.0
1778951557.7889845,0.0,13246,-43.0,1,-,0,0,0,0,0.0,-,0,0,0,0,0.0,ECU,1,1,13177,0,0.0,FAN1,0,0,0,0,0.0,COILS,1,1,13182,0,0.0,PUMP,0,0,0,0,0.0,INJECTOR,1,1,13199,0,0.0,SERVO,1,1,13231,0,0.0,ADD 1,0,1,13204,0,0.0,ADD 2,0,1,13171,0,0.0,ADD 3,0,1,13149,0,0.0,ADD 4,0,1,13193,0,0.0,ADD 5,0,0,0,0,0.0,ADD 6,0,1,13259,0,0.0,ADD 7,0,0,0,0,0.0,EGT2CAN,0,1,13248,0,0.0
1778951557.840116,0.0,13240,-43.0,1,-,0,0,0,0,0.0,-,0,0,0,0,0.0,ECU,1,1,13242,0,0.0,FAN1,0,0,0,0,0.0,COILS,1,1,13237,0,0.0,PUMP,0,0,0,0,0.0,INJECTOR,1,1,13193,0,0.0,SERVO,1,1,13155,0,0.0,ADD 1,0,1,13193,0,0.0,ADD 2,0,1,13248,0,0.0,ADD 3,0,1,13193,0,0.0,ADD 4,0,1,13215,0,0.0,ADD 5,0,0,0,0,0.0,ADD 6,0,1,13264,0,0.0,ADD 7,0,0,0,0,0.0,EGT2CAN,0,1,13177,0,0.0
1778951557.8911283,0.0,13209,-43.0,1,-,0,0,0,0,0.0,-,0,0,0,0,0.0,ECU,1,1,13242,0,0.0,FAN1,0,0,0,0,0.0,COILS,1,1,13215,0,0.0,PUMP,0,0,0,0,0.0,INJECTOR,1,1,13226,0,0.0,SERVO,1,1,13188,0,0.0,ADD 1,0,1,13177,0,0.0,ADD 2,0,1,13259,0,0.0,ADD 3,0,1,13193,0,0.0,ADD 4,0,1,13155,0,0.0,ADD 5,0,0,0,0,0.0,ADD 6,0,1,13270,0,0.0,ADD 7,0,0,0,0,0.0,EGT2CAN,0,1,13226,0,0.0
1778951557.9422047,0.0,13209,-43.0,1,-,0,0,0,0,0.0,-,0,0,0,0,0.0,ECU,1,1,13253,0,0.0,FAN1,0,0,0,0,0.0,COILS,1,1,13177,0,0.0,PUMP,0,0,0,0,0.0,INJECTOR,1,1,13242,0,0.0,SERVO,1,1,13177,0,0.0,ADD 1,0,1,13177,0,0.0,ADD 2,0,1,13259,0,0.0,ADD 3,0,1,13193,0,0.0,ADD 4,0,1,13155,0,0.0,ADD 5,0,0,0,0,0.0,ADD 6,0,1,13270,0,0.0,ADD 7,0,0,0,0,0.0,EGT2CAN,0,1,13226,0,0.0
1778951557.9931707,0.0,13209,-43.0,1,-,0,0,0,0,0.0,-,0,0,0,0,0.0,ECU,1,1,13253,0,0.0,FAN1,0,0,0,0,0.0,COILS,1,1,13177,0,0.0,PUMP,0,0,0,0,0.0,INJECTOR,1,1,13242,0,0.0,SERVO,1,1,13177,0,0.0,ADD 1,0,1,13248,0,0.0,ADD 2,0,1,13177,0,0.0,ADD 3,0,1,13128,0,0.0,ADD 4,0,1,13177,0,0.0,ADD 5,0,0,0,0,0.0,ADD 6,0,1,13253,0,0.0,ADD 7,0,0,0,0,0.0,EGT2CAN,0,1,13231,0,0.0
1778951558.0443504,0.0,13240,-41.0,1,-,0,0,0,0,0.0,-,0,0,0,0,0.0,ECU,1,1,13177,0,0.0,FAN1,0,0,0,0,0.0,COILS,1,1,13177,0,0.0,PUMP,0,0,0,0,0.0,INJECTOR,1,1,13155,0,0.0,SERVO,1,1,13193,0,0.0,ADD 1,0,1,13248,0,0.0,ADD 2,0,1,13281,0,0.0,ADD 3,0,1,13220,0,0.0,ADD 4,0,1,13160,0,0.0,ADD 5,0,0,0,0,0.0,ADD 6,0,1,13237,0,0.0,ADD 7,0,0,0,0,0.0,EGT2CAN,0,1,13242,0,0.0
1778951558.096229,0.0,13240,-41.0,1,-,0,0,0,0,0.0,-,0,0,0,0,0.0,ECU,1,1,13177,0,0.0,FAN1,0,0,0,0,0.0,COILS,1,1,13177,0,0.0,PUMP,0,0,0,0,0.0,INJECTOR,1,1,13155,0,0.0,SERVO,1,1,13193,0,0.0,ADD 1,0,1,13248,0,0.0,ADD 2,0,1,13281,0,0.0,ADD 3,0,1,13220,0,0.0,ADD 4,0,1,13160,0,0.0,ADD 5,0,0,0,0,0.0,ADD 6,0,1,13237,0,0.0,ADD 7,0,0,0,0,0.0,EGT2CAN,0,1,13242,0,0.0
1778951558.1581483,0.0,13258,-43.0,1,-,0,0,0,0,0.0,-,0,0,0,0,0.0,ECU,1,1,13242,0,0.0,FAN1,0,0,0,0,0.0,COILS,1,1,13215,0,0.0,PUMP,0,0,0,0,0.0,INJECTOR,1,1,13188,0,0.0,SERVO,1,1,13220,0,0.0,ADD 1,0,1,13231,0,0.0,ADD 2,0,1,13264,0,0.0,ADD 3,0,1,13188,0,0.0,ADD 4,0,1,13177,0,0.0,ADD 5,0,0,0,0,0.0,ADD 6,0,1,13171,0,0.0,ADD 7,0,0,0,0,0.0,EGT2CAN,0,1,13226,0,0.0
1778951558.228477,0.0,13159,-43.0,1,-,0,0,0,0,0.0,-,0,0,0,0,0.0,ECU,1,1,13215,0,0.0,FAN1,0,0,0,0,0.0,COILS,1,1,13144,0,0.0,PUMP,0,0,0,0,0.0,INJECTOR,1,1,13193,0,0.0,SERVO,1,1,13144,0,0.0,ADD 1,0,1,13237,0,0.0,ADD 2,0,1,13264,0,0.0,ADD 3,0,1,13193,0,0.0,ADD 4,0,1,13220,0,0.0,ADD 5,0,0,0,0,0.0,ADD 6,0,1,13253,0,0.0,ADD 7,0,0,0,0,0.0,EGT2CAN,0,1,13193,0,0.0
1778951558.2791533,0.0,13228,-44.0,1,-,0,0,0,0,0.0,-,0,0,0,0,0.0,ECU,1,1,13199,0,0.0,FAN1,0,0,0,0,0.0,COILS,1,1,13188,0,0.0,PUMP,0,0,0,0,0.0,INJECTOR,1,1,13231,0,0.0,SERVO,1,1,13226,0,0.0,ADD 1,0,1,13242,0,0.0,ADD 2,0,1,13188,0,0.0,ADD 3,0,1,13166,0,0.0,ADD 4,0,1,13193,0,0.0,ADD 5,0,0,0,0,0.0,ADD 6,0,1,13259,0,0.0,ADD 7,0,0,0,0,0.0,EGT2CAN,0,1,13220,0,0.0
1778951558.3301086,0.0,13240,-43.0,1,-,0,0,0,0,0.0,-,0,0,0,0,0.0,ECU,1,1,13231,0,0.0,FAN1,0,0,0,0,0.0,COILS,1,1,13231,0,0.0,PUMP,0,0,0,0,0.0,INJECTOR,1,1,13193,0,0.0,SERVO,1,1,13144,0,0.0,ADD 1,0,1,13199,0,0.0,ADD 2,0,1,13259,0,0.0,ADD 3,0,1,13242,0,0.0,ADD 4,0,1,13177,0,0.0,ADD 5,0,0,0,0,0.0,ADD 6,0,1,13177,0,0.0,ADD 7,0,0,0,0,0.0,EGT2CAN,0,1,13242,0,0.0
1778951558.380727,0.0,13240,-43.0,1,-,0,0,0,0,0.0,-,0,0,0,0,0.0,ECU,1,1,13220,0,0.0,FAN1,0,0,0,0,0.0,COILS,1,1,13231,0,0.0,PUMP,0,0,0,0,0.0,INJECTOR,1,1,13193,0,0.0,SERVO,1,1,13144,0,0.0,ADD 1,0,1,13199,0,0.0,ADD 2,0,1,13259,0,0.0,ADD 3,0,1,13242,0,0.0,ADD 4,0,1,13177,0,0.0,ADD 5,0,0,0,0,0.0,ADD 6,0,1,13177,0,0.0,ADD 7,0,0,0,0,0.0,EGT2CAN,0,1,13242,0,0.0
1778951558.4310663,0.0,13240,-43.0,1,-,0,0,0,0,0.0,-,0,0,0,0,0.0,ECU,1,1,13220,0,0.0,FAN1,0,0,0,0,0.0,COILS,1,1,13259,0,0.0,PUMP,0,0,0,0,0.0,INJECTOR,1,1,13259,0,0.0,SERVO,1,1,13204,0,0.0,ADD 1,0,1,13231,0,0.0,ADD 2,0,1,13204,0,0.0,ADD 3,0,1,13193,0,0.0,ADD 4,0,1,13171,0,0.0,ADD 5,0,0,0,0,0.0,ADD 6,0,1,13242,0,0.0,ADD 7,0,0,0,0,0.0,EGT2CAN,0,1,13242,0,0.0
1778951558.4843736,0.0,13246,-43.0,1,-,0,0,0,0,0.0,-,0,0,0,0,0.0,ECU,1,1,13171,0,0.0,FAN1,0,0,0,0,0.0,COILS,1,1,13231,0,0.0,PUMP,0,0,0,0,0.0,INJECTOR,1,1,13264,0,0.0,SERVO,1,1,13144,0,0.0,ADD 1,0,1,13237,0,0.0,ADD 2,0,1,13264,0,0.0,ADD 3,0,1,13133,0,0.0,ADD 4,0,1,13160,0,0.0,ADD 5,0,0,0,0,0.0,ADD 6,0,1,13264,0,0.0,ADD 7,0,0,0,0,0.0,EGT2CAN,0,1,13215,0,0.0
1778951558.5356877,0.0,13197,-43.0,1,-,0,0,0,0,0.0,-,0,0,0,0,0.0,ECU,1,1,13171,0,0.0,FAN1,0,0,0,0,0.0,COILS,1,1,13231,0,0.0,PUMP,0,0,0,0,0.0,INJECTOR,1,1,13264,0,0.0,SERVO,1,1,13144,0,0.0,ADD 1,0,1,13237,0,0.0,ADD 2,0,1,13264,0,0.0,ADD 3,0,1,13133,0,0.0,ADD 4,0,1,13160,0,0.0,ADD 5,0,0,0,0,0.0,ADD 6,0,1,13264,0,0.0,ADD 7,0,0,0,0,0.0,EGT2CAN,0,1,13215,0,0.0
1778951558.5869558,0.0,13234,-43.0,1,-,0,0,0,0,0.0,-,0,0,0,0,0.0,ECU,1,1,13220,0,0.0,FAN1,0,0,0,0,0.0,COILS,1,1,13188,0,0.0,PUMP,0,0,0,0,0.0,INJECTOR,1,1,13171,0,0.0,SERVO,1,1,13193,0,0.0,ADD 1,0,1,13242,0,0.0,ADD 2,0,1,13242,0,0.0,ADD 3,0,1,13248,0,0.0,ADD 4,0,1,13188,0,0.0,ADD 5,0,0,0,0,0.0,ADD 6,0,1,13199,0,0.0,ADD 7,0,0,0,0,0.0,EGT2CAN,0,1,13160,0,0.0
1778951558.6387033,0.0,13234,-43.0,1,-,0,0,0,0,0.0,-,0,0,0,0,0.0,ECU,1,1,13188,0,0.0,FAN1,0,0,0,0,0.0,COILS,1,1,13220,0,0.0,PUMP,0,0,0,0,0.0,INJECTOR,1,1,13177,0,0.0,SERVO,1,1,13204,0,0.0,ADD 1,0,1,13182,0,0.0,ADD 2,0,1,13259,0,0.0,ADD 3,0,1,13188,0,0.0,ADD 4,0,1,13193,0,0.0,ADD 5,0,0,0,0,0.0,ADD 6,0,1,13199,0,0.0,ADD 7,0,0,0,0,0.0,EGT2CAN,0,1,13166,0,0.0
1778951558.6894233,0.0,13246,-43.0,1,-,0,0,0,0,0.0,-,0,0,0,0,0.0,ECU,1,1,13188,0,0.0,FAN1,0,0,0,0,0.0,COILS,1,1,13220,0,0.0,PUMP,0,0,0,0,0.0,INJECTOR,1,1,13177,0,0.0,SERVO,1,1,13204,0,0.0,ADD 1,0,1,13182,0,0.0,ADD 2,0,1,13259,0,0.0,ADD 3,0,1,13188,0,0.0,ADD 4,0,1,13193,0,0.0,ADD 5,0,0,0,0,0.0,ADD 6,0,1,13199,0,0.0,ADD 7,0,0,0,0,0.0,EGT2CAN,0,1,13166,0,0.0
1778951558.740164,0.0,13215,-41.0,1,-,0,0,0,0,0.0,-,0,0,0,0,0.0,ECU,1,1,13193,0,0.0,FAN1,0,0,0,0,0.0,COILS,1,1,13264,0,0.0,PUMP,0,0,0,0,0.0,INJECTOR,1,1,13193,0,0.0,SERVO,1,1,13193,0,0.0,ADD 1,0,1,13138,0,0.0,ADD 2,0,1,13188,0,0.0,ADD 3,0,1,13231,0,0.0,ADD 4,0,1,13160,0,0.0,ADD 5,0,0,0,0,0.0,ADD 6,0,1,13264,0,0.0,ADD 7,0,0,0,0,0.0,EGT2CAN,0,1,13182,0,0.0
1778951558.7913053,0.0,13246,-45.0,1,-,0,0,0,0,0.0,-,0,0,0,0,0.0,ECU,1,1,13231,0,0.0,FAN1,0,0,0,0,0.0,COILS,1,1,13242,0,0.0,PUMP,0,0,0,0,0.0,INJECTOR,1,1,13259,0,0.0,SERVO,1,1,13204,0,0.0,ADD 1,0,1,13242,0,0.0,ADD 2,0,1,13215,0,0.0,ADD 3,0,1,13171,0,0.0,ADD 4,0,1,13193,0,0.0,ADD 5,0,0,0,0,0.0,ADD 6,0,1,13270,0,0.0,ADD 7,0,0,0,0,0.0,EGT2CAN,0,1,13231,0,0.0
1778951558.844542,0.0,13246,-45.0,1,-,0,0,0,0,0.0,-,0,0,0,0,0.0,ECU,1,1,13231,0,0.0,FAN1,0,0,0,0,0.0,COILS,1,1,13242,0,0.0,PUMP,0,0,0,0,0.0,INJECTOR,1,1,13259,0,0.0,SERVO,1,1,13204,0,0.0,ADD 1,0,1,13242,0,0.0,ADD 2,0,1,13215,0,0.0,ADD 3,0,1,13171,0,0.0,ADD 4,0,1,13193,0,0.0,ADD 5,0,0,0,0,0.0,ADD 6,0,1,13270,0,0.0,ADD 7,0,0,0,0,0.0,EGT2CAN,0,1,13231,0,0.0
1778951558.9036567,0.0,13240,-44.0,1,-,0,0,0,0,0.0,-,0,0,0,0,0.0,ECU,1,1,13193,0,0.0,FAN1,0,0,0,0,0.0,COILS,1,1,13242,0,0.0,PUMP,0,0,0,0,0.0,INJECTOR,1,1,13182,0,0.0,SERVO,1,1,13188,0,0.0,ADD 1,0,1,13242,0,0.0,ADD 2,0,1,13210,0,0.0,ADD 3,0,1,13231,0,0.0,ADD 4,0,1,13122,0,0.0,ADD 5,0,0,0,0,0.0,ADD 6,0,1,13215,0,0.0,ADD 7,0,0,0,0,0.0,EGT2CAN,0,1,13193,0,0.0
1778951558.9541717,0.0,13240,-44.0,1,-,0,0,0,0,0.0,-,0,0,0,0,0.0,ECU,1,1,13210,0,0.0,FAN1,0,0,0,0,0.0,COILS,1,1,13177,0,0.0,PUMP,0,0,0,0,0.0,INJECTOR,1,1,13226,0,0.0,SERVO,1,1,13199,0,0.0,ADD 1,0,1,13248,0,0.0,ADD 2,0,1,13248,0,0.0,ADD 3,0,1,13248,0,0.0,ADD 4,0,1,13193,0,0.0,ADD 5,0,0,0,0,0.0,ADD 6,0,1,13215,0,0.0,ADD 7,0,0,0,0,0.0,EGT2CAN,0,1,13193,0,0.0
1778951559.0054033,0.0,13215,-45.0,1,-,0,0,0,0,0.0,-,0,0,0,0,0.0,ECU,1,1,13199,0,0.0,FAN1,0,0,0,0,0.0,COILS,1,1,13177,0,0.0,PUMP,0,0,0,0,0.0,INJECTOR,1,1,13226,0,0.0,SERVO,1,1,13199,0,0.0,ADD 1,0,1,13248,0,0.0,ADD 2,0,1,13248,0,0.0,ADD 3,0,1,13248,0,0.0,ADD 4,0,1,13193,0,0.0,ADD 5,0,0,0,0,0.0,ADD 6,0,1,13215,0,0.0,ADD 7,0,0,0,0,0.0,EGT2CAN,0,1,13220,0,0.0
1778951559.0560186,0.0,13228,-43.0,1,-,0,0,0,0,0.0,-,0,0,0,0,0.0,ECU,1,1,13193,0,0.0,FAN1,0,0,0,0,0.0,COILS,1,1,13199,0,0.0,PUMP,0,0,0,0,0.0,INJECTOR,1,1,13177,0,0.0,SERVO,1,1,13128,0,0.0,ADD 1,0,1,13182,0,0.0,ADD 2,0,1,13220,0,0.0,ADD 3,0,1,13226,0,0.0,ADD 4,0,1,13171,0,0.0,ADD 5,0,0,0,0,0.0,ADD 6,0,1,13264,0,0.0,ADD 7,0,0,0,0,0.0,EGT2CAN,0,1,13220,0,0.0
1778951559.1092098,0.0,13228,-43.0,1,-,0,0,0,0,0.0,-,0,0,0,0,0.0,ECU,1,1,13215,0,0.0,FAN1,0,0,0,0,0.0,COILS,1,1,13177,0,0.0,PUMP,0,0,0,0,0.0,INJECTOR,1,1,13242,0,0.0,SERVO,1,1,13177,0,0.0,ADD 1,0,1,13226,0,0.0,ADD 2,0,1,13204,0,0.0,ADD 3,0,1,13171,0,0.0,ADD 4,0,1,13160,0,0.0,ADD 5,0,0,0,0,0.0,ADD 6,0,1,13264,0,0.0,ADD 7,0,0,0,0,0.0,EGT2CAN,0,1,13193,0,0.0
1778951559.1720114,0.0,13234,-43.0,1,-,0,0,0,0,0.0,-,0,0,0,0,0.0,ECU,1,1,13215,0,0.0,FAN1,0,0,0,0,0.0,COILS,1,1,13242,0,0.0,PUMP,0,0,0,0,0.0,INJECTOR,1,1,13220,0,0.0,SERVO,1,1,13166,0,0.0,ADD 1,0,1,13160,0,0.0,ADD 2,0,1,13177,0,0.0,ADD 3,0,1,13193,0,0.0,ADD 4,0,1,13177,0,0.0,ADD 5,0,0,0,0,0.0,ADD 6,0,1,13259,0,0.0,ADD 7,0,0,0,0,0.0,EGT2CAN,0,1,13237,0,0.0
1778951559.223676,0.0,13234,-43.0,1,-,0,0,0,0,0.0,-,0,0,0,0,0.0,ECU,1,1,13215,0,0.0,FAN1,0,0,0,0,0.0,COILS,1,1,13242,0,0.0,PUMP,0,0,0,0,0.0,INJECTOR,1,1,13220,0,0.0,SERVO,1,1,13166,0,0.0,ADD 1,0,1,13160,0,0.0,ADD 2,0,1,13177,0,0.0,ADD 3,0,1,13193,0,0.0,ADD 4,0,1,13177,0,0.0,ADD 5,0,0,0,0,0.0,ADD 6,0,1,13259,0,0.0,ADD 7,0,0,0,0,0.0,EGT2CAN,0,1,13237,0,0.0
1778951559.275637,0.0,13234,-43.0,1,-,0,0,0,0,0.0,-,0,0,0,0,0.0,ECU,1,1,13248,0,0.0,FAN1,0,0,0,0,0.0,COILS,1,1,13231,0,0.0,PUMP,0,0,0,0,0.0,INJECTOR,1,1,13215,0,0.0,SERVO,1,1,13210,0,0.0,ADD 1,0,1,13215,0,0.0,ADD 2,0,1,13188,0,0.0,ADD 3,0,1,13188,0,0.0,ADD 4,0,1,13199,0,0.0,ADD 5,0,0,0,0,0.0,ADD 6,0,1,13253,0,0.0,ADD 7,0,0,0,0,0.0,EGT2CAN,0,1,13231,0,0.0
1778951559.3363478,0.0,13215,-43.0,1,-,0,0,0,0,0.0,-,0,0,0,0,0.0,ECU,1,1,13182,0,0.0,FAN1,0,0,0,0,0.0,COILS,1,1,13242,0,0.0,PUMP,0,0,0,0,0.0,INJECTOR,1,1,13171,0,0.0,SERVO,1,1,13188,0,0.0,ADD 1,0,1,13248,0,0.0,ADD 2,0,1,13242,0,0.0,ADD 3,0,1,13220,0,0.0,ADD 4,0,1,13155,0,0.0,ADD 5,0,0,0,0,0.0,ADD 6,0,1,13226,0,0.0,ADD 7,0,0,0,0,0.0,EGT2CAN,0,1,13204,0,0.0
1778951559.386645,0.0,13215,-43.0,1,-,0,0,0,0,0.0,-,0,0,0,0,0.0,ECU,1,1,13210,0,0.0,FAN1,0,0,0,0,0.0,COILS,1,1,13242,0,0.0,PUMP,0,0,0,0,0.0,INJECTOR,1,1,13171,0,0.0,SERVO,1,1,13188,0,0.0,ADD 1,0,1,13248,0,0.0,ADD 2,0,1,13242,0,0.0,ADD 3,0,1,13220,0,0.0,ADD 4,0,1,13155,0,0.0,ADD 5,0,0,0,0,0.0,ADD 6,0,1,13226,0,0.0,ADD 7,0,0,0,0,0.0,EGT2CAN,0,1,13204,0,0.0
1778951559.4373596,0.0,13240,-44.0,1,-,0,0,0,0,0.0,-,0,0,0,0,0.0,ECU,1,1,13210,0,0.0,FAN1,0,0,0,0,0.0,COILS,1,1,13210,0,0.0,PUMP,0,0,0,0,0.0,INJECTOR,1,1,13253,0,0.0,SERVO,1,1,13220,0,0.0,ADD 1,0,1,13253,0,0.0,ADD 2,0,1,13231,0,0.0,ADD 3,0,1,13182,0,0.0,ADD 4,0,1,13128,0,0.0,ADD 5,0,0,0,0,0.0,ADD 6,0,1,13193,0,0.0,ADD 7,0,0,0,0,0.0,EGT2CAN,0,1,13231,0,0.0
1778951559.4922655,0.0,13240,-43.0,1,-,0,0,0,0,0.0,-,0,0,0,0,0.0,ECU,1,1,13177,0,0.0,FAN1,0,0,0,0,0.0,COILS,1,1,13177,0,0.0,PUMP,0,0,0,0,0.0,INJECTOR,1,1,13144,0,0.0,SERVO,1,1,13171,0,0.0,ADD 1,0,1,13204,0,0.0,ADD 2,0,1,13259,0,0.0,ADD 3,0,1,13193,0,0.0,ADD 4,0,1,13177,0,0.0,ADD 5,0,0,0,0,0.0,ADD 6,0,1,13177,0,0.0,ADD 7,0,0,0,0,0.0,EGT2CAN,0,1,13166,0,0.0
1778951559.5434492,0.0,13240,-43.0,1,-,0,0,0,0,0.0,-,0,0,0,0,0.0,ECU,1,1,13231,0,0.0,FAN1,0,0,0,0,0.0,COILS,1,1,13248,0,0.0,PUMP,0,0,0,0,0.0,INJECTOR,1,1,13193,0,0.0,SERVO,1,1,13149,0,0.0,ADD 1,0,1,13215,0,0.0,ADD 2,0,1,13231,0,0.0,ADD 3,0,1,13193,0,0.0,ADD 4,0,1,13193,0,0.0,ADD 5,0,0,0,0,0.0,ADD 6,0,1,13177,0,0.0,ADD 7,0,0,0,0,0.0,EGT2CAN,0,1,13166,0,0.0
1778951559.5941725,0.0,13215,-43.0,1,-,0,0,0,0,0.0,-,0,0,0,0,0.0,ECU,1,1,13231,0,0.0,FAN1,0,0,0,0,0.0,COILS,1,1,13248,0,0.0,PUMP,0,0,0,0,0.0,INJECTOR,1,1,13193,0,0.0,SERVO,1,1,13149,0,0.0,ADD 1,0,1,13215,0,0.0,ADD 2,0,1,13231,0,0.0,ADD 3,0,1,13193,0,0.0,ADD 4,0,1,13193,0,0.0,ADD 5,0,0,0,0,0.0,ADD 6,0,1,13231,0,0.0,ADD 7,0,0,0,0,0.0,EGT2CAN,0,1,13182,0,0.0
1778951559.6485407,1.7,13215,-44.0,1,-,0,0,0,0,0.0,-,0,0,0,0,0.0,ECU,1,1,13242,10,1.7,FAN1,0,0,0,0,0.0,COILS,1,1,13248,0,0.0,PUMP,0,0,0,0,0.0,INJECTOR,1,1,13226,0,0.0,SERVO,1,1,13155,0,0.0,ADD 1,0,1,13237,0,0.0,ADD 2,0,1,13248,0,0.0,ADD 3,0,1,13231,0,0.0,ADD 4,0,1,13193,0,0.0,ADD 5,0,0,0,0,0.0,ADD 6,0,1,13177,0,0.0,ADD 7,0,0,0,0,0.0,EGT2CAN,0,1,13193,0,0.0
1778951559.6995444,1.7,13215,-44.0,1,-,0,0,0,0,0.0,-,0,0,0,0,0.0,ECU,1,1,13242,10,1.7,FAN1,0,0,0,0,0.0,COILS,1,1,13248,0,0.0,PUMP,0,0,0,0,0.0,INJECTOR,1,1,13226,0,0.0,SERVO,1,1,13155,0,0.0,ADD 1,0,1,13237,0,0.0,ADD 2,0,1,13248,0,0.0,ADD 3,0,1,13231,0,0.0,ADD 4,0,1,13193,0,0.0,ADD 5,0,0,0,0,0.0,ADD 6,0,1,13177,0,0.0,ADD 7,0,0,0,0,0.0,EGT2CAN,0,1,13193,0,0.0
1778951559.7505686,2.5,13215,-44.0,1,-,0,0,0,0,0.0,-,0,0,0,0,0.0,ECU,1,1,13220,0,2.5,FAN1,0,0,0,0,0.0,COILS,1,1,13215,0,0.0,PUMP,0,0,0,0,0.0,INJECTOR,1,1,13248,0,0.0,SERVO,1,1,13210,0,0.0,ADD 1,0,1,13242,0,0.0,ADD 2,0,1,13155,0,0.0,ADD 3,0,1,13171,0,0.0,ADD 4,0,1,13144,0,0.0,ADD 5,0,0,0,0,0.0,ADD 6,0,1,13215,0,0.0,ADD 7,0,0,0,0,0.0,EGT2CAN,0,1,13177,0,0.0
1778951559.8069363,1.7,13197,-43.0,1,-,0,0,0,0,0.0,-,0,0,0,0,0.0,ECU,1,1,13231,0,1.7,FAN1,0,0,0,0,0.0,COILS,1,1,13193,0,0.0,PUMP,0,0,0,0,0.0,INJECTOR,1,1,13193,0,0.0,SERVO,1,1,13193,0,0.0,ADD 1,0,1,13220,0,0.0,ADD 2,0,1,13215,0,0.0,ADD 3,0,1,13204,0,0.0,ADD 4,0,1,13128,0,0.0,ADD 5,0,0,0,0,0.0,ADD 6,0,1,13231,0,0.0,ADD 7,0,0,0,0,0.0,EGT2CAN,0,1,13215,0,0.0
1778951559.8642993,1.7,13197,-43.0,1,-,0,0,0,0,0.0,-,0,0,0,0,0.0,ECU,1,1,13220,0,1.7,FAN1,0,0,0,0,0.0,COILS,1,1,13188,0,0.0,PUMP,0,0,0,0,0.0,INJECTOR,1,1,13231,0,0.0,SERVO,1,1,13199,0,0.0,ADD 1,0,1,13220,0,0.0,ADD 2,0,1,13215,0,0.0,ADD 3,0,1,13204,0,0.0,ADD 4,0,1,13128,0,0.0,ADD 5,0,0,0,0,0.0,ADD 6,0,1,13231,0,0.0,ADD 7,0,0,0,0,0.0,EGT2CAN,0,1,13215,0,0.0
1778951559.9151955,0.0,13234,-43.0,1,-,0,0,0,0,0.0,-,0,0,0,0,0.0,ECU,1,1,13226,0,0.0,FAN1,0,0,0,0,0.0,COILS,1,1,13160,0,0.0,PUMP,0,0,0,0,0.0,INJECTOR,1,1,13215,0,0.0,SERVO,1,1,13193,0,0.0,ADD 1,0,1,13226,0,0.0,ADD 2,0,1,13264,0,0.0,ADD 3,0,1,13193,0,0.0,ADD 4,0,1,13177,0,0.0,ADD 5,0,0,0,0,0.0,ADD 6,0,1,13177,0,0.0,ADD 7,0,0,0,0,0.0,EGT2CAN,0,1,13215,0,0.0
1778951559.9782307,0.0,13240,-44.0,1,-,0,0,0,0,0.0,-,0,0,0,0,0.0,ECU,1,1,13226,0,0.0,FAN1,0,0,0,0,0.0,COILS,1,1,13171,0,0.0,PUMP,0,0,0,0,0.0,INJECTOR,1,1,13177,0,0.0,SERVO,1,1,13133,0,0.0,ADD 1,0,1,13177,0,0.0,ADD 2,0,1,13215,0,0.0,ADD 3,0,1,13237,0,0.0,ADD 4,0,1,13193,0,0.0,ADD 5,0,0,0,0,0.0,ADD 6,0,1,13242,0,0.0,ADD 7,0,0,0,0,0.0,EGT2CAN,0,1,13138,0,0.0
1778951560.0288758,0.0,13240,-44.0,1,-,0,0,0,0,0.0,-,0,0,0,0,0.0,ECU,1,1,13182,0,0.0,FAN1,0,0,0,0,0.0,COILS,1,1,13182,0,0.0,PUMP,0,0,0,0,0.0,INJECTOR,1,1,13193,0,0.0,SERVO,1,1,13117,0,0.0,ADD 1,0,1,13215,0,0.0,ADD 2,0,1,13259,0,0.0,ADD 3,0,1,13215,0,0.0,ADD 4,0,1,13210,0,0.0,ADD 5,0,0,0,0,0.0,ADD 6,0,1,13242,0,0.0,ADD 7,0,0,0,0,0.0,EGT2CAN,0,1,13138,0,0.0
1778951560.0798967,0.0,13190,-44.0,1,-,0,0,0,0,0.0,-,0,0,0,0,0.0,ECU,1,1,13177,0,0.0,FAN1,0,0,0,0,0.0,COILS,1,1,13193,0,0.0,PUMP,0,0,0,0,0.0,INJECTOR,1,1,13193,0,0.0,SERVO,1,1,13193,0,0.0,ADD 1,0,1,13155,0,0.0,ADD 2,0,1,13171,0,0.0,ADD 3,0,1,13215,0,0.0,ADD 4,0,1,13149,0,0.0,ADD 5,0,0,0,0,0.0,ADD 6,0,1,13264,0,0.0,ADD 7,0,0,0,0,0.0,EGT2CAN,0,1,13199,0,0.0
1778951560.1328614,0.0,13190,-44.0,1,-,0,0,0,0,0.0,-,0,0,0,0,0.0,ECU,1,1,13177,0,0.0,FAN1,0,0,0,0,0.0,COILS,1,1,13193,0,0.0,PUMP,0,0,0,0,0.0,INJECTOR,1,1,13193,0,0.0,SERVO,1,1,13193,0,0.0,ADD 1,0,1,13155,0,0.0,ADD 2,0,1,13171,0,0.0,ADD 3,0,1,13215,0,0.0,ADD 4,0,1,13149,0,0.0,ADD 5,0,0,0,0,0.0,ADD 6,0,1,13264,0,0.0,ADD 7,0,0,0,0,0.0,EGT2CAN,0,1,13199,0,0.0
1778951560.1836948,0.0,13190,-44.0,1,-,0,0,0,0,0.0,-,0,0,0,0,0.0,ECU,1,1,13177,0,0.0,FAN1,0,0,0,0,0.0,COILS,1,1,13199,0,0.0,PUMP,0,0,0,0,0.0,INJECTOR,1,1,13231,0,0.0,SERVO,1,1,13171,0,0.0,ADD 1,0,1,13193,0,0.0,ADD 2,0,1,13188,0,0.0,ADD 3,0,1,13160,0,0.0,ADD 4,0,1,13149,0,0.0,ADD 5,0,0,0,0,0.0,ADD 6,0,1,13264,0,0.0,ADD 7,0,0,0,0,0.0,EGT2CAN,0,1,13204,0,0.0
1778951560.243218,0.0,13190,-43.0,1,-,0,0,0,0,0.0,-,0,0,0,0,0.0,ECU,1,1,13171,0,0.0,FAN1,0,0,0,0,0.0,COILS,1,1,13177,0,0.0,PUMP,0,0,0,0,0.0,INJECTOR,1,1,13193,0,0.0,SERVO,1,1,13171,0,0.0,ADD 1,0,1,13220,0,0.0,ADD 2,0,1,13210,0,0.0,ADD 3,0,1,13220,0,0.0,ADD 4,0,1,13089,0,0.0,ADD 5,0,0,0,0,0.0,ADD 6,0,1,13242,0,0.0,ADD 7,0,0,0,0,0.0,EGT2CAN,0,1,13193,0,0.0
1778951560.2966783,0.0,13190,-43.0,1,-,0,0,0,0,0.0,-,0,0,0,0,0.0,ECU,1,1,13237,0,0.0,FAN1,0,0,0,0,0.0,COILS,1,1,13177,0,0.0,PUMP,0,0,0,0,0.0,INJECTOR,1,1,13237,0,0.0,SERVO,1,1,13204,0,0.0,ADD 1,0,1,13220,0,0.0,ADD 2,0,1,13210,0,0.0,ADD 3,0,1,13220,0,0.0,ADD 4,0,1,13089,0,0.0,ADD 5,0,0,0,0,0.0,ADD 6,0,1,13242,0,0.0,ADD 7,0,0,0,0,0.0,EGT2CAN,0,1,13193,0,0.0
1778951560.361391,0.0,13252,-44.0,1,-,0,0,0,0,0.0,-,0,0,0,0,0.0,ECU,1,1,13171,0,0.0,FAN1,0,0,0,0,0.0,COILS,1,1,13122,0,0.0,PUMP,0,0,0,0,0.0,INJECTOR,1,1,13199,0,0.0,SERVO,1,1,13177,0,0.0,ADD 1,0,1,13226,0,0.0,ADD 2,0,1,13155,0,0.0,ADD 3,0,1,13193,0,0.0,ADD 4,0,1,13188,0,0.0,ADD 5,0,0,0,0,0.0,ADD 6,0,1,13231,0,0.0,ADD 7,0,0,0,0,0.0,EGT2CAN,0,1,13215,0,0.0
1778951560.4135463,0.0,13228,-44.0,1,-,0,0,0,0,0.0,-,0,0,0,0,0.0,ECU,1,1,13215,0,0.0,FAN1,0,0,0,0,0.0,COILS,1,1,13231,0,0.0,PUMP,0,0,0,0,0.0,INJECTOR,1,1,13144,0,0.0,SERVO,1,1,13182,0,0.0,ADD 1,0,1,13193,0,0.0,ADD 2,0,1,13231,0,0.0,ADD 3,0,1,13193,0,0.0,ADD 4,0,1,13149,0,0.0,ADD 5,0,0,0,0,0.0,ADD 6,0,1,13215,0,0.0,ADD 7,0,0,0,0,0.0,EGT2CAN,0,1,13171,0,0.0
1778951560.4659424,0.0,13228,-44.0,1,-,0,0,0,0,0.0,-,0,0,0,0,0.0,ECU,1,1,13231,0,0.0,FAN1,0,0,0,0,0.0,COILS,1,1,13193,0,0.0,PUMP,0,0,0,0,0.0,INJECTOR,1,1,13149,0,0.0,SERVO,1,1,13220,0,0.0,ADD 1,0,1,13231,0,0.0,ADD 2,0,1,13248,0,0.0,ADD 3,0,1,13171,0,0.0,ADD 4,0,1,13133,0,0.0,ADD 5,0,0,0,0,0.0,ADD 6,0,1,13226,0,0.0,ADD 7,0,0,0,0,0.0,EGT2CAN,0,1,13177,0,0.0
1778951560.527603,0.0,13197,-45.0,1,-,0,0,0,0,0.0,-,0,0,0,0,0.0,ECU,1,1,13171,0,0.0,FAN1,0,0,0,0,0.0,COILS,1,1,13231,0,0.0,PUMP,0,0,0,0,0.0,INJECTOR,1,1,13193,0,0.0,SERVO,1,1,13149,0,0.0,ADD 1,0,1,13193,0,0.0,ADD 2,0,1,13193,0,0.0,ADD 3,0,1,13149,0,0.0,ADD 4,0,1,13171,0,0.0,ADD 5,0,0,0,0,0.0,ADD 6,0,1,13264,0,0.0,ADD 7,0,0,0,0,0.0,EGT2CAN,0,1,13210,0,0.0
1778951560.5962799,0.0,13228,-43.0,1,-,0,0,0,0,0.0,-,0,0,0,0,0.0,ECU,1,1,13215,0,0.0,FAN1,0,0,0,0,0.0,COILS,1,1,13226,0,0.0,PUMP,0,0,0,0,0.0,INJECTOR,1,1,13177,0,0.0,SERVO,1,1,13177,0,0.0,ADD 1,0,1,13155,0,0.0,ADD 2,0,1,13242,0,0.0,ADD 3,0,1,13199,0,0.0,ADD 4,0,1,13199,0,0.0,ADD 5,0,0,0,0,0.0,ADD 6,0,1,13248,0,0.0,ADD 7,0,0,0,0,0.0,EGT2CAN,0,1,13177,0,0.0
1778951560.646732,0.0,13209,-44.0,1,-,0,0,0,0,0.0,-,0,0,0,0,0.0,ECU,1,1,13188,0,0.0,FAN1,0,0,0,0,0.0,COILS,1,1,13226,0,0.0,PUMP,0,0,0,0,0.0,INJECTOR,1,1,13242,0,0.0,SERVO,1,1,13193,0,0.0,ADD 1,0,1,13160,0,0.0,ADD 2,0,1,13188,0,0.0,ADD 3,0,1,13177,0,0.0,ADD 4,0,1,13144,0,0.0,ADD 5,0,0,0,0,0.0,ADD 6,0,1,13231,0,0.0,ADD 7,0,0,0,0,0.0,EGT2CAN,0,1,13193,0,0.0
1778951560.6984546,0.0,13240,-43.0,1,-,0,0,0,0,0.0,-,0,0,0,0,0.0,ECU,1,1,13193,0,0.0,FAN1,0,0,0,0,0.0,COILS,1,1,13215,0,0.0,PUMP,0,0,0,0,0.0,INJECTOR,1,1,13193,0,0.0,SERVO,1,1,13166,0,0.0,ADD 1,0,1,13242,0,0.0,ADD 2,0,1,13210,0,0.0,ADD 3,0,1,13215,0,0.0,ADD 4,0,1,13149,0,0.0,ADD 5,0,0,0,0,0.0,ADD 6,0,1,13155,0,0.0,ADD 7,0,0,0,0,0.0,EGT2CAN,0,1,13171,0,0.0
1778951560.7487106,0.0,13240,-43.0,1,-,0,0,0,0,0.0,-,0,0,0,0,0.0,ECU,1,1,13193,0,0.0,FAN1,0,0,0,0,0.0,COILS,1,1,13215,0,0.0,PUMP,0,1,0,0,0.0,INJECTOR,1,1,13193,0,0.0,SERVO,1,1,13166,0,0.0,ADD 1,0,1,13242,0,0.0,ADD 2,0,1,13210,0,0.0,ADD 3,0,1,13215,0,0.0,ADD 4,0,1,13149,0,0.0,ADD 5,0,0,0,0,0.0,ADD 6,0,1,13155,0,0.0,ADD 7,0,0,0,0,0.0,EGT2CAN,0,1,13171,0,0.0
1778951560.808962,1720.0,12980,-43.0,1,-,0,0,0,0,0.0,-,0,0,0,0,0.0,ECU,1,1,12942,0,0.0,FAN1,0,0,0,0,0.0,COILS,1,1,12974,0,0.0,PUMP,0,1,12980,3920,1720.0,INJECTOR,1,1,12980,0,0.0,SERVO,1,1,12996,0,0.0,ADD 1,0,1,12980,0,0.0,ADD 2,0,1,13013,0,0.0,ADD 3,0,1,12958,0,0.0,ADD 4,0,1,12898,0,0.0,ADD 5,0,0,0,0,0.0,ADD 6,0,1,12991,0,0.0,ADD 7,0,0,0,0,0.0,EGT2CAN,0,1,12969,0,0.0
1778951560.859711,1720.0,12980,-43.0,1,-,0,0,0,0,0.0,-,0,0,0,0,0.0,ECU,1,1,13024,0,0.0,FAN1,0,0,0,0,0.0,COILS,1,1,12974,0,0.0,PUMP,0,1,12980,3920,1720.0,INJECTOR,1,1,12980,0,0.0,SERVO,1,1,12996,0,0.0,ADD 1,0,1,12980,0,0.0,ADD 2,0,1,13013,0,0.0,ADD 3,0,1,12958,0,0.0,ADD 4,0,1,12898,0,0.0,ADD 5,0,0,0,0,0.0,ADD 6,0,1,12991,0,0.0,ADD 7,0,0,0,0,0.0,EGT2CAN,0,1,12969,0,0.0
1778951560.9109232,4100.0,12980,-43.0,1,-,0,0,0,0,0.0,-,0,0,0,0,0.0,ECU,1,1,13024,0,0.0,FAN1,0,0,0,0,0.0,COILS,1,1,12969,0,0.0,PUMP,0,1,12963,3700,4100.0,INJECTOR,1,1,13024,0,0.0,SERVO,1,1,13018,0,0.0,ADD 1,0,1,13002,0,0.0,ADD 2,0,1,13051,0,0.0,ADD 3,0,1,13024,0,0.0,ADD 4,0,1,12985,0,0.0,ADD 5,0,0,0,0,0.0,ADD 6,0,1,13024,0,0.0,ADD 7,0,0,0,0,0.0,EGT2CAN,0,1,13024,0,0.0
1778951560.9619844,3926.0,13036,-43.0,1,-,0,0,0,0,0.0,-,0,0,0,0,0.0,ECU,1,1,13007,0,0.0,FAN1,0,0,0,0,0.0,COILS,1,1,12980,0,0.0,PUMP,0,1,12974,3660,3926.0,INJECTOR,1,1,12969,0,0.0,SERVO,1,1,12920,0,0.0,ADD 1,0,1,12898,0,0.0,ADD 2,0,1,12958,0,0.0,ADD 3,0,1,12952,0,0.0,ADD 4,0,1,12925,0,0.0,ADD 5,0,0,0,0,0.0,ADD 6,0,1,13024,0,0.0,ADD 7,0,0,0,0,0.0,EGT2CAN,0,1,12991,0,0.0
1778951561.0179327,3675.0,13036,-43.0,1,-,0,0,0,0,0.0,-,0,0,0,0,0.0,ECU,1,1,12991,0,0.0,FAN1,0,0,0,0,0.0,COILS,1,1,13018,0,0.0,PUMP,0,1,12985,3670,3675.0,INJECTOR,1,1,13007,0,0.0,SERVO,1,1,12947,0,0.0,ADD 1,0,1,12985,0,0.0,ADD 2,0,1,12985,0,0.0,ADD 3,0,1,12985,0,0.0,ADD 4,0,1,12958,0,0.0,ADD 5,0,0,0,0,0.0,ADD 6,0,1,12947,0,0.0,ADD 7,0,0,0,0,0.0,EGT2CAN,0,1,12936,0,0.0
1778951561.0685196,3678.0,12999,-43.0,1,-,0,0,0,0,0.0,-,0,0,0,0,0.0,ECU,1,1,12969,0,0.0,FAN1,0,0,0,0,0.0,COILS,1,1,12969,0,0.0,PUMP,0,1,13013,3690,3678.0,INJECTOR,1,1,12898,0,0.0,SERVO,1,1,12898,0,0.0,ADD 1,0,1,12974,0,0.0,ADD 2,0,1,12996,0,0.0,ADD 3,0,1,13024,0,0.0,ADD 4,0,1,12969,0,0.0,ADD 5,0,0,0,0,0.0,ADD 6,0,1,12991,0,0.0,ADD 7,0,0,0,0,0.0,EGT2CAN,0,1,12892,0,0.0
1778951561.128633,3675.0,12992,-43.0,1,-,0,0,0,0,0.0,-,0,0,0,0,0.0,ECU,1,1,12936,0,0.0,FAN1,0,0,0,0,0.0,COILS,1,1,12969,0,0.0,PUMP,0,1,13013,3660,3675.0,INJECTOR,1,1,12898,0,0.0,SERVO,1,1,12898,0,0.0,ADD 1,0,1,12974,0,0.0,ADD 2,0,1,12996,0,0.0,ADD 3,0,1,13024,0,0.0,ADD 4,0,1,12969,0,0.0,ADD 5,0,0,0,0,0.0,ADD 6,0,1,13035,0,0.0,ADD 7,0,0,0,0,0.0,EGT2CAN,0,1,12980,0,0.0
1778951561.192093,3680.0,12992,-43.0,1,-,0,0,0,0,0.0,-,0,0,0,0,0.0,ECU,1,1,12936,10,2.5,FAN1,0,0,0,0,0.0,COILS,1,1,12969,0,0.0,PUMP,0,1,12980,3690,3677.5,INJECTOR,1,1,12991,0,0.0,SERVO,1,1,12985,0,0.0,ADD 1,0,1,13024,0,0.0,ADD 2,0,1,13018,0,0.0,ADD 3,0,1,13018,0,0.0,ADD 4,0,1,12980,0,0.0,ADD 5,0,0,0,0,0.0,ADD 6,0,1,12947,0,0.0,ADD 7,0,0,0,0,0.0,EGT2CAN,0,1,13002,0,0.0
1778951561.242518,3664.0,12980,-43.0,1,-,0,0,0,0,0.0,-,0,0,0,0,0.0,ECU,1,1,12925,0,2.0,FAN1,0,0,0,0,0.0,COILS,1,1,12974,0,0.0,PUMP,0,1,13024,3640,3662.0,INJECTOR,1,1,13007,0,0.0,SERVO,1,1,12859,0,0.0,ADD 1,0,1,12980,0,0.0,ADD 2,0,1,12996,0,0.0,ADD 3,0,1,12920,0,0.0,ADD 4,0,1,12942,0,0.0,ADD 5,0,0,0,0,0.0,ADD 6,0,1,13029,0,0.0,ADD 7,0,0,0,0,0.0,EGT2CAN,0,1,13013,0,0.0
1778951561.294967,3664.0,12980,-43.0,1,-,0,0,0,0,0.0,-,0,0,0,0,0.0,ECU,1,1,12925,0,2.0,FAN1,0,0,0,0,0.0,COILS,1,1,12974,0,0.0,PUMP,0,1,13024,3640,3662.0,INJECTOR,1,1,13007,0,0.0,SERVO,1,1,12859,0,0.0,ADD 1,0,1,12980,0,0.0,ADD 2,0,1,12996,0,0.0,ADD 3,0,1,12920,0,0.0,ADD 4,0,1,12942,0,0.0,ADD 5,0,0,0,0,0.0,ADD 6,0,1,13029,0,0.0,ADD 7,0,0,0,0,0.0,EGT2CAN,0,1,13013,0,0.0
1778951561.3455713,3645.0,13005,-44.0,1,-,0,0,0,0,0.0,-,0,0,0,0,0.0,ECU,1,1,12980,0,2.5,FAN1,0,0,0,0,0.0,COILS,1,1,13018,0,0.0,PUMP,0,1,13007,3610,3642.5,INJECTOR,1,1,12898,0,0.0,SERVO,1,1,12931,0,0.0,ADD 1,0,1,12996,0,0.0,ADD 2,0,1,12991,0,0.0,ADD 3,0,1,12963,0,0.0,ADD 4,0,1,12942,0,0.0,ADD 5,0,0,0,0,0.0,ADD 6,0,1,12947,0,0.0,ADD 7,0,0,0,0,0.0,EGT2CAN,0,1,12947,0,0.0
1778951561.4021132,3634.0,12999,-43.0,1,-,0,0,0,0,0.0,-,0,0,0,0,0.0,ECU,1,1,12963,0,2.0,FAN1,0,0,0,0,0.0,COILS,1,1,12985,0,0.0,PUMP,0,1,13013,3650,3632.0,INJECTOR,1,1,12991,0,0.0,SERVO,1,1,12958,0,0.0,ADD 1,0,1,12996,0,0.0,ADD 2,0,1,13013,0,0.0,ADD 3,0,1,12969,0,0.0,ADD 4,0,1,12914,0,0.0,ADD 5,0,0,0,0,0.0,ADD 6,0,1,12898,0,0.0,ADD 7,0,0,0,0,0.0,EGT2CAN,0,1,12947,0,0.0
1778951561.4531903,3634.0,12999,-43.0,1,-,0,0,0,0,0.0,-,0,0,0,0,0.0,ECU,1,1,12969,0,2.0,FAN1,0,0,0,0,0.0,COILS,1,1,12985,0,0.0,PUMP,0,1,13013,3650,3632.0,INJECTOR,1,1,12991,0,0.0,SERVO,1,1,12958,0,0.0,ADD 1,0,1,12996,0,0.0,ADD 2,0,1,13013,0,0.0,ADD 3,0,1,12969,0,0.0,ADD 4,0,1,12914,0,0.0,ADD 5,0,0,0,0,0.0,ADD 6,0,1,12898,0,0.0,ADD 7,0,0,0,0,0.0,EGT2CAN,0,1,12947,0,0.0
1778951561.5115633,3644.0,12999,-44.0,1,-,0,0,0,0,0.0,-,0,0,0,0,0.0,ECU,1,1,12974,10,4.0,FAN1,0,0,0,0,0.0,COILS,1,1,12991,0,0.0,PUMP,0,1,12947,3670,3640.0,INJECTOR,1,1,12963,0,0.0,SERVO,1,1,12952,0,0.0,ADD 1,0,1,13024,0,0.0,ADD 2,0,1,13007,0,0.0,ADD 3,0,1,12969,0,0.0,ADD 4,0,1,12898,0,0.0,ADD 5,0,0,0,0,0.0,ADD 6,0,1,13013,0,0.0,ADD 7,0,0,0,0,0.0,EGT2CAN,0,1,12991,0,0.0
1778951561.5668302,3643.3,12980,-43.0,1,-,0,0,0,0,0.0,-,0,0,0,0,0.0,ECU,1,1,12969,10,5.0,FAN1,0,0,0,0,0.0,COILS,1,1,12969,0,0.0,PUMP,0,1,12947,3630,3638.3,INJECTOR,1,1,13013,0,0.0,SERVO,1,1,12985,0,0.0,ADD 1,0,1,13002,0,0.0,ADD 2,0,1,12947,0,0.0,ADD 3,0,1,12952,0,0.0,ADD 4,0,1,12963,0,0.0,ADD 5,0,0,0,0,0.0,ADD 6,0,1,12991,0,0.0,ADD 7,0,0,0,0,0.0,EGT2CAN,0,1,12985,0,0.0
1778951561.6247523,3643.3,12980,-43.0,1,-,0,0,0,0,0.0,-,0,0,0,0,0.0,ECU,1,1,12952,10,5.0,FAN1,0,0,0,0,0.0,COILS,1,1,12952,0,0.0,PUMP,0,1,12952,3630,3638.3,INJECTOR,1,1,12892,0,0.0,SERVO,1,1,12952,0,0.0,ADD 1,0,1,12969,0,0.0,ADD 2,0,1,13013,0,0.0,ADD 3,0,1,13018,0,0.0,ADD 4,0,1,12974,0,0.0,ADD 5,0,0,0,0,0.0,ADD 6,0,1,12991,0,0.0,ADD 7,0,0,0,0,0.0,EGT2CAN,0,1,12985,0,0.0
1778951561.676072,3653.3,12986,-45.0,1,-,0,0,0,0,0.0,-,0,0,0,0,0.0,ECU,1,1,12931,0,5.0,FAN1,0,0,0,0,0.0,COILS,1,1,12996,0,0.0,PUMP,0,1,12991,3650,3648.3,INJECTOR,1,1,12958,0,0.0,SERVO,1,1,12903,0,0.0,ADD 1,0,1,12969,0,0.0,ADD 2,0,1,12947,0,0.0,ADD 3,0,1,12914,0,0.0,ADD 4,0,1,12947,0,0.0,ADD 5,0,0,0,0,0.0,ADD 6,0,1,13018,0,0.0,ADD 7,0,0,0,0,0.0,EGT2CAN,0,1,12985,0,0.0
1778951561.72666,3653.3,12986,-45.0,1,-,0,0,0,0,0.0,-,0,0,0,0,0.0,ECU,1,1,12931,0,5.0,FAN1,0,0,0,0,0.0,COILS,1,1,12996,0,0.0,PUMP,0,1,12991,3650,3648.3,INJECTOR,1,1,12958,0,0.0,SERVO,1,1,12903,0,0.0,ADD 1,0,1,12969,0,0.0,ADD 2,0,1,12947,0,0.0,ADD 3,0,1,12914,0,0.0,ADD 4,0,1,12947,0,0.0,ADD 5,0,0,0,0,0.0,ADD 6,0,1,13018,0,0.0,ADD 7,0,0,0,0,0.0,EGT2CAN,0,1,12985,0,0.0
1778951561.7777352,2742.5,12986,-45.0,1,-,0,0,0,0,0.0,-,0,0,0,0,0.0,ECU,1,1,13171,10,5.0,FAN1,0,0,0,0,0.0,COILS,1,1,13193,0,0.0,PUMP,0,0,973,0,2737.5,INJECTOR,1,1,13177,0,0.0,SERVO,1,1,13188,0,0.0,ADD 1,0,1,13177,0,0.0,ADD 2,0,1,13177,0,0.0,ADD 3,0,1,13193,0,0.0,ADD 4,0,1,13155,0,0.0,ADD 5,0,0,0,0,0.0,ADD 6,0,1,13160,0,0.0,ADD 7,0,0,0,0,0.0,EGT2CAN,0,1,13122,0,0.0
1778951561.8330016,2193.3,13203,-44.0,1,-,0,0,0,0,0.0,-,0,0,0,0,0.0,ECU,1,1,13128,0,3.3,FAN1,0,0,0,0,0.0,COILS,1,1,13171,0,0.0,PUMP,0,0,0,0,2190.0,INJECTOR,1,1,13144,0,0.0,SERVO,1,1,13193,0,0.0,ADD 1,0,1,13199,0,0.0,ADD 2,0,1,13182,0,0.0,ADD 3,0,1,13171,0,0.0,ADD 4,0,1,13100,0,0.0,ADD 5,0,0,0,0,0.0,ADD 6,0,1,13199,0,0.0,ADD 7,0,0,0,0,0.0,EGT2CAN,0,1,13193,0,0.0
1778951561.8838856,1828.3,13159,-44.0,1,-,0,0,0,0,0.0,-,0,0,0,0,0.0,ECU,1,1,13210,0,3.3,FAN1,0,0,0,0,0.0,COILS,1,1,13106,0,0.0,PUMP,0,0,0,0,1825.0,INJECTOR,1,1,13149,0,0.0,SERVO,1,1,13149,0,0.0,ADD 1,0,1,13199,0,0.0,ADD 2,0,1,13182,0,0.0,ADD 3,0,1,13171,0,0.0,ADD 4,0,1,13100,0,0.0,ADD 5,0,0,0,0,0.0,ADD 6,0,1,13199,0,0.0,ADD 7,0,0,0,0,0.0,EGT2CAN,0,1,13193,0,0.0
1778951561.934515,2.5,13159,-44.0,1,-,0,0,0,0,0.0,-,0,0,0,0,0.0,ECU,1,1,13210,0,2.5,FAN1,0,0,0,0,0.0,COILS,1,1,13106,0,0.0,PUMP,0,0,0,0,0.0,INJECTOR,1,1,13149,0,0.0,SERVO,1,1,13149,0,0.0,ADD 1,0,1,13226,0,0.0,ADD 2,0,1,13220,0,0.0,ADD 3,0,1,13182,0,0.0,ADD 4,0,1,13149,0,0.0,ADD 5,0,0,0,0,0.0,ADD 6,0,1,13128,0,0.0,ADD 7,0,0,0,0,0.0,EGT2CAN,0,1,13199,0,0.0
1778951561.9855225,2.0,13159,-43.0,1,-,0,0,0,0,0.0,-,0,0,0,0,0.0,ECU,1,1,13210,0,2.0,FAN1,0,0,0,0,0.0,COILS,1,1,13199,0,0.0,PUMP,0,0,0,0,0.0,INJECTOR,1,1,13171,0,0.0,SERVO,1,1,13138,0,0.0,ADD 1,0,1,13193,0,0.0,ADD 2,0,1,13220,0,0.0,ADD 3,0,1,13177,0,0.0,ADD 4,0,1,13149,0,0.0,ADD 5,0,0,0,0,0.0,ADD 6,0,1,13215,0,0.0,ADD 7,0,0,0,0,0.0,EGT2CAN,0,1,13138,0,0.0
1778951562.0363357,2.0,13159,-43.0,1,-,0,0,0,0,0.0,-,0,0,0,0,0.0,ECU,1,1,13204,0,2.0,FAN1,0,0,0,0,0.0,COILS,1,1,13149,0,0.0,PUMP,0,0,0,0,0.0,INJECTOR,1,1,13193,0,0.0,SERVO,1,1,13111,0,0.0,ADD 1,0,1,13193,0,0.0,ADD 2,0,1,13220,0,0.0,ADD 3,0,1,13177,0,0.0,ADD 4,0,1,13149,0,0.0,ADD 5,0,0,0,0,0.0,ADD 6,0,1,13215,0,0.0,ADD 7,0,0,0,0,0.0,EGT2CAN,0,1,13138,0,0.0
1778951562.0873327,2.0,13190,-41.0,1,-,0,0,0,0,0.0,-,0,0,0,0,0.0,ECU,1,1,13122,0,2.0,FAN1,0,0,0,0,0.0,COILS,1,1,13215,0,0.0,PUMP,0,0,0,0,0.0,INJECTOR,1,1,13199,0,0.0,SERVO,1,1,13128,0,0.0,ADD 1,0,1,13117,0,0.0,ADD 2,0,1,13210,0,0.0,ADD 3,0,1,13149,0,0.0,ADD 4,0,1,13177,0,0.0,ADD 5,0,0,0,0,0.0,ADD 6,0,1,13199,0,0.0,ADD 7,0,0,0,0,0.0,EGT2CAN,0,1,13166,0,0.0
1778951562.138311,4.0,13209,-43.0,1,-,0,0,0,0,0.0,-,0,0,0,0,0.0,ECU,1,1,13188,10,4.0,FAN1,0,0,0,0,0.0,COILS,1,1,13193,0,0.0,PUMP,0,0,0,0,0.0,INJECTOR,1,1,13160,0,0.0,SERVO,1,1,13155,0,0.0,ADD 1,0,1,13160,0,0.0,ADD 2,0,1,13215,0,0.0,ADD 3,0,1,13177,0,0.0,ADD 4,0,1,13149,0,0.0,ADD 5,0,0,0,0,0.0,ADD 6,0,1,13188,0,0.0,ADD 7,0,0,0,0,0.0,EGT2CAN,0,1,13160,0,0.0
1778951562.1946657,4.0,13209,-43.0,1,-,0,0,0,0,0.0,-,0,0,0,0,0.0,ECU,1,1,13149,10,4.0,FAN1,0,0,0,0,0.0,COILS,1,1,13193,0,0.0,PUMP,0,0,0,0,0.0,INJECTOR,1,1,13160,0,0.0,SERVO,1,1,13155,0,0.0,ADD 1,0,1,13160,0,0.0,ADD 2,0,1,13215,0,0.0,ADD 3,0,1,13177,0,0.0,ADD 4,0,1,13149,0,0.0,ADD 5,0,0,0,0,0.0,ADD 6,0,1,13188,0,0.0,ADD 7,0,0,0,0,0.0,EGT2CAN,0,1,13160,0,0.0
1778951562.2453587,2.0,13184,-44.0,1,-,0,0,0,0,0.0,-,0,0,0,0,0.0,ECU,1,1,13177,0,2.0,FAN1,0,0,0,0,0.0,COILS,1,1,13177,0,0.0,PUMP,0,0,0,0,0.0,INJECTOR,1,1,13220,0,0.0,SERVO,1,1,13149,0,0.0,ADD 1,0,1,13193,0,0.0,ADD 2,0,1,13188,0,0.0,ADD 3,0,1,13193,0,0.0,ADD 4,0,1,13188,0,0.0,ADD 5,0,0,0,0,0.0,ADD 6,0,1,13171,0,0.0,ADD 7,0,0,0,0,0.0,EGT2CAN,0,1,13149,0,0.0
1778951562.3024993,2.0,13184,-43.0,1,-,0,0,0,0,0.0,-,0,0,0,0,0.0,ECU,1,1,13193,0,2.0,FAN1,0,0,0,0,0.0,COILS,1,1,13149,0,0.0,PUMP,0,0,0,0,0.0,INJECTOR,1,1,13215,0,0.0,SERVO,1,1,13166,0,0.0,ADD 1,0,1,13177,0,0.0,ADD 2,0,1,13204,0,0.0,ADD 3,0,1,13160,0,0.0,ADD 4,0,1,13149,0,0.0,ADD 5,0,0,0,0,0.0,ADD 6,0,1,13177,0,0.0,ADD 7,0,0,0,0,0.0,EGT2CAN,0,1,13193,0,0.0
1778951562.3682687,2.0,13184,-43.0,1,-,0,0,0,0,0.0,-,0,0,0,0,0.0,ECU,1,1,13149,0,2.0,FAN1,0,0,0,0,0.0,COILS,1,1,13215,0,0.0,PUMP,0,0,0,0,0.0,INJECTOR,1,1,13155,0,0.0,SERVO,1,1,13171,0,0.0,ADD 1,0,1,13226,0,0.0,ADD 2,0,1,13215,0,0.0,ADD 3,0,1,13144,0,0.0,ADD 4,0,1,13155,0,0.0,ADD 5,0,0,0,0,0.0,ADD 6,0,1,13193,0,0.0,ADD 7,0,0,0,0,0.0,EGT2CAN,0,1,13188,0,0.0
1778951562.4189045,0.0,13190,-43.0,1,-,0,0,0,0,0.0,-,0,0,0,0,0.0,ECU,1,1,13111,0,0.0,FAN1,0,0,0,0,0.0,COILS,1,1,13144,0,0.0,PUMP,0,0,0,0,0.0,INJECTOR,1,1,13177,0,0.0,SERVO,1,1,13160,0,0.0,ADD 1,0,1,13210,0,0.0,ADD 2,0,1,13220,0,0.0,ADD 3,0,1,13177,0,0.0,ADD 4,0,1,13160,0,0.0,ADD 5,0,0,0,0,0.0,ADD 6,0,1,13166,0,0.0,ADD 7,0,0,0,0,0.0,EGT2CAN,0,1,13177,0,0.0
1778951562.4699311,0.0,13178,-43.0,1,-,0,0,0,0,0.0,-,0,0,0,0,0.0,ECU,1,1,13111,0,0.0,FAN1,0,0,0,0,0.0,COILS,1,1,13144,0,0.0,PUMP,0,0,0,0,0.0,INJECTOR,1,1,13177,0,0.0,SERVO,1,1,13160,0,0.0,ADD 1,0,1,13210,0,0.0,ADD 2,0,1,13220,0,0.0,ADD 3,0,1,13177,0,0.0,ADD 4,0,1,13160,0,0.0,ADD 5,0,0,0,0,0.0,ADD 6,0,1,13166,0,0.0,ADD 7,0,0,0,0,0.0,EGT2CAN,0,1,13177,0,0.0
1778951562.5209606,0.0,13178,-43.0,1,-,0,0,0,0,0.0,-,0,0,0,0,0.0,ECU,1,1,13215,0,0.0,FAN1,0,0,0,0,0.0,COILS,1,1,13171,0,0.0,PUMP,0,0,0,0,0.0,INJECTOR,1,1,13177,0,0.0,SERVO,1,1,13128,0,0.0,ADD 1,0,1,13193,0,0.0,ADD 2,0,1,13193,0,0.0,ADD 3,0,1,13171,0,0.0,ADD 4,0,1,13160,0,0.0,ADD 5,0,0,0,0,0.0,ADD 6,0,1,13128,0,0.0,ADD 7,0,0,0,0,0.0,EGT2CAN,0,1,13188,0,0.0
1778951562.5847955,0.0,13153,-43.0,1,-,0,0,0,0,0.0,-,0,0,0,0,0.0,ECU,1,1,13160,0,0.0,FAN1,0,0,0,0,0.0,COILS,1,1,13199,0,0.0,PUMP,0,0,0,0,0.0,INJECTOR,1,1,13149,0,0.0,SERVO,1,1,13122,0,0.0,ADD 1,0,1,13160,0,0.0,ADD 2,0,1,13215,0,0.0,ADD 3,0,1,13177,0,0.0,ADD 4,0,1,13171,0,0.0,ADD 5,0,0,0,0,0.0,ADD 6,0,1,13171,0,0.0,ADD 7,0,0,0,0,0.0,EGT2CAN,0,1,13149,0,0.0
1778951562.636069,0.0,13153,-43.0,1,-,0,0,0,0,0.0,-,0,0,0,0,0.0,ECU,1,1,13160,0,0.0,FAN1,0,0,0,0,0.0,COILS,1,1,13199,0,0.0,PUMP,0,0,0,0,0.0,INJECTOR,1,1,13149,0,0.0,SERVO,1,1,13122,0,0.0,ADD 1,0,1,13160,0,0.0,ADD 2,0,1,13215,0,0.0,ADD 3,0,1,13177,0,0.0,ADD 4,0,1,13171,0,0.0,ADD 5,0,0,0,0,0.0,ADD 6,0,1,13171,0,0.0,ADD 7,0,0,0,0,0.0,EGT2CAN,0,1,13149,0,0.0
1778951562.6999974,0.0,13197,-43.0,1,-,0,0,0,0,0.0,-,0,0,0,0,0.0,ECU,1,1,13188,0,0.0,FAN1,0,0,0,0,0.0,COILS,1,1,13199,0,0.0,PUMP,0,0,0,0,0.0,INJECTOR,1,1,13215,0,0.0,SERVO,1,1,13149,0,0.0,ADD 1,0,1,13122,0,0.0,ADD 2,0,1,13193,0,0.0,ADD 3,0,1,13149,0,0.0,ADD 4,0,1,13155,0,0.0,ADD 5,0,0,0,0,0.0,ADD 6,0,1,13188,0,0.0,ADD 7,0,0,0,0,0.0,EGT2CAN,0,1,13144,0,0.0
1778951562.7511683,0.0,13203,-43.0,1,-,0,0,0,0,0.0,-,0,0,0,0,0.0,ECU,1,1,13210,0,0.0,FAN1,0,0,0,0,0.0,COILS,1,1,13188,0,0.0,PUMP,0,0,0,0,0.0,INJECTOR,1,1,13199,0,0.0,SERVO,1,1,13188,0,0.0,ADD 1,0,1,13215,0,0.0,ADD 2,0,1,13199,0,0.0,ADD 3,0,1,13188,0,0.0,ADD 4,0,1,13084,0,0.0,ADD 5,0,0,0,0,0.0,ADD 6,0,1,13215,0,0.0,ADD 7,0,0,0,0,0.0,EGT2CAN,0,1,13160,0,0.0
1778951562.801618,0.0,13203,-43.0,1,-,0,0,0,0,0.0,-,0,0,0,0,0.0,ECU,1,1,13193,0,0.0,FAN1,0,0,0,0,0.0,COILS,1,1,13188,0,0.0,PUMP,0,0,0,0,0.0,INJECTOR,1,1,13199,0,0.0,SERVO,1,1,13188,0,0.0,ADD 1,0,1,13215,0,0.0,ADD 2,0,1,13199,0,0.0,ADD 3,0,1,13188,0,0.0,ADD 4,0,1,13084,0,0.0,ADD 5,0,0,0,0,0.0,ADD 6,0,1,13215,0,0.0,ADD 7,0,0,0,0,0.0,EGT2CAN,0,1,13160,0,0.0
1778951562.852642,0.0,13184,-43.0,1,-,0,0,0,0,0.0,-,0,0,0,0,0.0,ECU,1,1,13128,0,0.0,FAN1,0,0,0,0,0.0,COILS,1,1,13193,0,0.0,PUMP,0,0,0,0,0.0,INJECTOR,1,1,13210,0,0.0,SERVO,1,1,13171,0,0.0,ADD 1,0,1,13160,0,0.0,ADD 2,0,1,13215,0,0.0,ADD 3,0,1,13166,0,0.0,ADD 4,0,1,13078,0,0.0,ADD 5,0,0,0,0,0.0,ADD 6,0,1,13220,0,0.0,ADD 7,0,0,0,0,0.0,EGT2CAN,0,1,13215,0,0.0
1778951562.9037707,0.0,13166,-43.0,1,-,0,0,0,0,0.0,-,0,0,0,0,0.0,ECU,1,1,13204,0,0.0,FAN1,0,0,0,0,0.0,COILS,1,1,13149,0,0.0,PUMP,0,0,0,0,0.0,INJECTOR,1,1,13204,0,0.0,SERVO,1,1,13182,0,0.0,ADD 1,0,1,13149,0,0.0,ADD 2,0,1,13226,0,0.0,ADD 3,0,1,13177,0,0.0,ADD 4,0,1,13106,0,0.0,ADD 5,0,0,0,0,0.0,ADD 6,0,1,13199,0,0.0,ADD 7,0,0,0,0,0.0,EGT2CAN,0,1,13144,0,0.0
1778951562.9547,0.0,13166,-43.0,1,-,0,0,0,0,0.0,-,0,0,0,0,0.0,ECU,1,1,13171,0,0.0,FAN1,0,0,0,0,0.0,COILS,1,1,13149,0,0.0,PUMP,0,0,0,0,0.0,INJECTOR,1,1,13204,0,0.0,SERVO,1,1,13182,0,0.0,ADD 1,0,1,13149,0,0.0,ADD 2,0,1,13226,0,0.0,ADD 3,0,1,13177,0,0.0,ADD 4,0,1,13106,0,0.0,ADD 5,0,0,0,0,0.0,ADD 6,0,1,13199,0,0.0,ADD 7,0,0,0,0,0.0,EGT2CAN,0,1,13144,0,0.0
1778951563.0156744,0.0,13079,-44.0,1,-,0,0,0,0,0.0,-,0,0,0,0,0.0,ECU,1,1,13122,0,0.0,FAN1,0,0,0,0,0.0,COILS,1,1,13166,0,0.0,PUMP,0,0,0,0,0.0,INJECTOR,1,1,13204,0,0.0,SERVO,1,1,13133,0,0.0,ADD 1,0,1,13149,0,0.0,ADD 2,0,1,13166,0,0.0,ADD 3,0,1,13155,0,0.0,ADD 4,0,1,13149,0,0.0,ADD 5,0,0,0,0,0.0,ADD 6,0,1,13220,0,0.0,ADD 7,0,0,0,0,0.0,EGT2CAN,0,1,13117,0,0.0
1778951563.096805,0.0,13159,-43.0,1,-,0,0,0,0,0.0,-,0,0,0,0,0.0,ECU,1,1,13171,0,0.0,FAN1,0,0,0,0,0.0,COILS,1,1,13171,0,0.0,PUMP,0,0,0,0,0.0,INJECTOR,1,1,13117,0,0.0,SERVO,1,1,13149,0,0.0,ADD 1,0,1,13193,0,0.0,ADD 2,0,1,13215,0,0.0,ADD 3,0,1,13215,0,0.0,ADD 4,0,1,13177,0,0.0,ADD 5,0,0,0,0,0.0,ADD 6,0,1,13193,0,0.0,ADD 7,0,0,0,0,0.0,EGT2CAN,0,1,13171,0,0.0
1778951563.148641,0.0,13159,-43.0,1,-,0,0,0,0,0.0,-,0,0,0,0,0.0,ECU,1,1,13160,0,0.0,FAN1,0,0,0,0,0.0,COILS,1,1,13149,0,0.0,PUMP,0,0,0,0,0.0,INJECTOR,1,1,13133,0,0.0,SERVO,1,1,13149,0,0.0,ADD 1,0,1,13188,0,0.0,ADD 2,0,1,13166,0,0.0,ADD 3,0,1,13095,0,0.0,ADD 4,0,1,13133,0,0.0,ADD 5,0,0,0,0,0.0,ADD 6,0,1,13220,0,0.0,ADD 7,0,0,0,0,0.0,EGT2CAN,0,1,13193,0,0.0
1778951563.2164574,0.0,13197,-44.0,1,-,0,0,0,0,0.0,-,0,0,0,0,0.0,ECU,1,1,13193,0,0.0,FAN1,0,0,0,0,0.0,COILS,1,1,13193,0,0.0,PUMP,0,0,0,0,0.0,INJECTOR,1,1,13193,0,0.0,SERVO,1,1,13128,0,0.0,ADD 1,0,1,13122,0,0.0,ADD 2,0,1,13193,0,0.0,ADD 3,0,1,13199,0,0.0,ADD 4,0,1,13160,0,0.0,ADD 5,0,0,0,0,0.0,ADD 6,0,1,13231,0,0.0,ADD 7,0,0,0,0,0.0,EGT2CAN,0,1,13106,0,0.0
1778951563.2669816,0.0,13197,-44.0,1,-,0,0,0,0,0.0,-,0,0,0,0,0.0,ECU,1,1,13171,0,0.0,FAN1,0,0,0,0,0.0,COILS,1,1,13199,0,0.0,PUMP,0,0,0,0,0.0,INJECTOR,1,1,13199,0,0.0,SERVO,1,1,13171,0,0.0,ADD 1,0,1,13100,0,0.0,ADD 2,0,1,13149,0,0.0,ADD 3,0,1,13149,0,0.0,ADD 4,0,1,13149,0,0.0,ADD 5,0,0,0,0,0.0,ADD 6,0,1,13215,0,0.0,ADD 7,0,0,0,0,0.0,EGT2CAN,0,1,13155,0,0.0
1778951563.3179755,0.0,13209,-43.0,1,-,0,0,0,0,0.0,-,0,0,0,0,0.0,ECU,1,1,13133,0,0.0,FAN1,0,0,0,0,0.0,COILS,1,1,13210,0,0.0,PUMP,0,0,0,0,0.0,INJECTOR,1,1,13215,0,0.0,SERVO,1,1,13106,0,0.0,ADD 1,0,1,13188,0,0.0,ADD 2,0,1,13182,0,0.0,ADD 3,0,1,13171,0,0.0,ADD 4,0,1,13166,0,0.0,ADD 5,0,0,0,0,0.0,ADD 6,0,1,13199,0,0.0,ADD 7,0,0,0,0,0.0,EGT2CAN,0,1,13149,0,0.0
1778951563.3692806,1.7,13209,-44.0,1,-,0,0,0,0,0.0,-,0,0,0,0,0.0,ECU,1,1,13133,10,1.7,FAN1,0,0,0,0,0.0,COILS,1,1,13210,0,0.0,PUMP,0,0,0,0,0.0,INJECTOR,1,1,13215,0,0.0,SERVO,1,1,13106,0,0.0,ADD 1,0,1,13188,0,0.0,ADD 2,0,1,13182,0,0.0,ADD 3,0,1,13171,0,0.0,ADD 4,0,1,13166,0,0.0,ADD 5,0,0,0,0,0.0,ADD 6,0,1,13199,0,0.0,ADD 7,0,0,0,0,0.0,EGT2CAN,0,1,13149,0,0.0
1778951563.4208918,2.5,13209,-44.0,1,-,0,0,0,0,0.0,-,0,0,0,0,0.0,ECU,1,1,13188,0,2.5,FAN1,0,0,0,0,0.0,COILS,1,1,13193,0,0.0,PUMP,0,0,0,0,0.0,INJECTOR,1,1,13144,0,0.0,SERVO,1,1,13160,0,0.0,ADD 1,0,1,13193,0,0.0,ADD 2,0,1,13215,0,0.0,ADD 3,0,1,13193,0,0.0,ADD 4,0,1,13160,0,0.0,ADD 5,0,0,0,0,0.0,ADD 6,0,1,13177,0,0.0,ADD 7,0,0,0,0,0.0,EGT2CAN,0,1,13193,0,0.0
1778951563.4821537,1.7,13178,-43.0,1,-,0,0,0,0,0.0,-,0,0,0,0,0.0,ECU,1,1,13193,0,1.7,FAN1,0,0,0,0,0.0,COILS,1,1,13128,0,0.0,PUMP,0,0,0,0,0.0,INJECTOR,1,1,13149,0,0.0,SERVO,1,1,13177,0,0.0,ADD 1,0,1,13160,0,0.0,ADD 2,0,1,13182,0,0.0,ADD 3,0,1,13188,0,0.0,ADD 4,0,1,13122,0,0.0,ADD 5,0,0,0,0,0.0,ADD 6,0,1,13177,0,0.0,ADD 7,0,0,0,0,0.0,EGT2CAN,0,1,13177,0,0.0
1778951563.5518603,1.7,13159,-44.0,1,-,0,0,0,0,0.0,-,0,0,0,0,0.0,ECU,1,1,13177,0,1.7,FAN1,0,0,0,0,0.0,COILS,1,1,13160,0,0.0,PUMP,0,0,0,0,0.0,INJECTOR,1,1,13204,0,0.0,SERVO,1,1,13160,0,0.0,ADD 1,0,1,13122,0,0.0,ADD 2,0,1,13160,0,0.0,ADD 3,0,1,13177,0,0.0,ADD 4,0,1,13160,0,0.0,ADD 5,0,0,0,0,0.0,ADD 6,0,1,13177,0,0.0,ADD 7,0,0,0,0,0.0,EGT2CAN,0,1,13177,0,0.0
1778951563.6049356,0.0,13190,-43.0,1,-,0,0,0,0,0.0,-,0,0,0,0,0.0,ECU,1,1,13133,0,0.0,FAN1,0,0,0,0,0.0,COILS,1,1,13204,0,0.0,PUMP,0,0,0,0,0.0,INJECTOR,1,1,13160,0,0.0,SERVO,1,1,13106,0,0.0,ADD 1,0,1,13089,0,0.0,ADD 2,0,1,13188,0,0.0,ADD 3,0,1,13160,0,0.0,ADD 4,0,1,13149,0,0.0,ADD 5,0,0,0,0,0.0,ADD 6,0,1,13226,0,0.0,ADD 7,0,0,0,0,0.0,EGT2CAN,0,1,13166,0,0.0
1778951563.6611445,0.0,13184,-45.0,1,-,0,0,0,0,0.0,-,0,0,0,0,0.0,ECU,1,1,13193,0,0.0,FAN1,0,0,0,0,0.0,COILS,1,1,13177,0,0.0,PUMP,0,0,0,0,0.0,INJECTOR,1,1,13144,0,0.0,SERVO,1,1,13177,0,0.0,ADD 1,0,1,13171,0,0.0,ADD 2,0,1,13171,0,0.0,ADD 3,0,1,13188,0,0.0,ADD 4,0,1,13166,0,0.0,ADD 5,0,0,0,0,0.0,ADD 6,0,1,13171,0,0.0,ADD 7,0,0,0,0,0.0,EGT2CAN,0,1,13117,0,0.0
1778951563.71176,0.0,13184,-45.0,1,-,0,0,0,0,0.0,-,0,0,0,0,0.0,ECU,1,1,13155,0,0.0,FAN1,0,0,0,0,0.0,COILS,1,1,13128,0,0.0,PUMP,0,0,0,0,0.0,INJECTOR,1,1,13171,0,0.0,SERVO,1,1,13166,0,0.0,ADD 1,0,1,13182,0,0.0,ADD 2,0,1,13204,0,0.0,ADD 3,0,1,13171,0,0.0,ADD 4,0,1,13138,0,0.0,ADD 5,0,0,0,0,0.0,ADD 6,0,1,13171,0,0.0,ADD 7,0,0,0,0,0.0,EGT2CAN,0,1,13117,0,0.0
1778951563.7627683,0.0,13178,-44.0,1,-,0,0,0,0,0.0,-,0,0,0,0,0.0,ECU,1,1,13193,0,0.0,FAN1,0,0,0,0,0.0,COILS,1,1,13210,0,0.0,PUMP,0,0,0,0,0.0,INJECTOR,1,1,13155,0,0.0,SERVO,1,1,13106,0,0.0,ADD 1,0,1,13144,0,0.0,ADD 2,0,1,13160,0,0.0,ADD 3,0,1,13204,0,0.0,ADD 4,0,1,13122,0,0.0,ADD 5,0,0,0,0,0.0,ADD 6,0,1,13215,0,0.0,ADD 7,0,0,0,0,0.0,EGT2CAN,0,1,13111,0,0.0
1778951563.8138514,2.0,13203,-43.0,1,-,0,0,0,0,0.0,-,0,0,0,0,0.0,ECU,1,1,13193,10,2.0,FAN1,0,0,0,0,0.0,COILS,1,1,13199,0,0.0,PUMP,0,0,0,0,0.0,INJECTOR,1,1,13204,0,0.0,SERVO,1,1,13128,0,0.0,ADD 1,0,1,13171,0,0.0,ADD 2,0,1,13177,0,0.0,ADD 3,0,1,13193,0,0.0,ADD 4,0,1,13117,0,0.0,ADD 5,0,0,0,0,0.0,ADD 6,0,1,13193,0,0.0,ADD 7,0,0,0,0,0.0,EGT2CAN,0,1,13171,0,0.0
1778951563.8648078,2.0,13203,-43.0,1,-,0,0,0,0,0.0,-,0,0,0,0,0.0,ECU,1,1,13177,10,2.0,FAN1,0,0,0,0,0.0,COILS,1,1,13193,0,0.0,PUMP,0,0,0,0,0.0,INJECTOR,1,1,13171,0,0.0,SERVO,1,1,13171,0,0.0,ADD 1,0,1,13160,0,0.0,ADD 2,0,1,13160,0,0.0,ADD 3,0,1,13166,0,0.0,ADD 4,0,1,13149,0,0.0,ADD 5,0,0,0,0,0.0,ADD 6,0,1,13193,0,0.0,ADD 7,0,0,0,0,0.0,EGT2CAN,0,1,13171,0,0.0
1778951563.9157066,2.0,13141,-44.0,1,-,0,0,0,0,0.0,-,0,0,0,0,0.0,ECU,0,1,13160,0,2.0,FAN1,0,0,0,0,0.0,COILS,1,1,13160,0,0.0,PUMP,0,0,0,0,0.0,INJECTOR,1,1,13177,0,0.0,SERVO,1,1,13188,0,0.0,ADD 1,0,1,13199,0,0.0,ADD 2,0,1,13193,0,0.0,ADD 3,0,1,13177,0,0.0,ADD 4,0,1,13117,0,0.0,ADD 5,0,0,0,0,0.0,ADD 6,0,1,13199,0,0.0,ADD 7,0,0,0,0,0.0,EGT2CAN,0,1,13144,0,0.0
1778951563.98519,5.0,13209,-43.0,1,-,0,0,0,0,0.0,-,0,0,0,0,0.0,ECU,0,1,13111,20,5.0,FAN1,0,0,0,0,0.0,COILS,1,1,13166,0,0.0,PUMP,0,0,0,0,0.0,INJECTOR,1,1,13193,0,0.0,SERVO,1,1,13035,0,0.0,ADD 1,0,1,13160,0,0.0,ADD 2,0,1,13177,0,0.0,ADD 3,0,1,13166,0,0.0,ADD 4,0,1,13177,0,0.0,ADD 5,0,0,0,0,0.0,ADD 6,0,1,13177,0,0.0,ADD 7,0,0,0,0,0.0,EGT2CAN,0,1,13149,0,0.0
1778951564.0357275,4.0,13184,-43.0,1,-,0,0,0,0,0.0,-,0,0,0,0,0.0,ECU,1,1,13095,0,4.0,FAN1,0,0,0,0,0.0,COILS,1,1,13166,0,0.0,PUMP,0,0,0,0,0.0,INJECTOR,1,1,13171,0,0.0,SERVO,1,1,13106,0,0.0,ADD 1,0,1,13138,0,0.0,ADD 2,0,1,13193,0,0.0,ADD 3,0,1,13199,0,0.0,ADD 4,0,1,13117,0,0.0,ADD 5,0,0,0,0,0.0,ADD 6,0,1,13177,0,0.0,ADD 7,0,0,0,0,0.0,EGT2CAN,0,1,13149,0,0.0
1778951564.0870867,4.0,13184,-43.0,1,-,0,0,0,0,0.0,-,0,0,0,0,0.0,ECU,1,1,13095,0,4.0,FAN1,0,0,0,0,0.0,COILS,1,1,13166,0,0.0,PUMP,0,0,0,0,0.0,INJECTOR,1,1,13171,0,0.0,SERVO,1,1,13106,0,0.0,ADD 1,0,1,13138,0,0.0,ADD 2,0,1,13193,0,0.0,ADD 3,0,1,13199,0,0.0,ADD 4,0,1,13117,0,0.0,ADD 5,0,0,0,0,0.0,ADD 6,0,1,13177,0,0.0,ADD 7,0,0,0,0,0.0,EGT2CAN,0,1,13149,0,0.0
1778951564.13926,0.0,13184,-43.0,1,-,0,0,0,0,0.0,-,0,0,0,0,0.0,ECU,1,1,13182,0,0.0,FAN1,0,0,0,0,0.0,COILS,1,1,13177,0,0.0,PUMP,0,0,0,0,0.0,INJECTOR,1,1,13144,0,0.0,SERVO,1,1,13117,0,0.0,ADD 1,0,1,13171,0,0.0,ADD 2,0,1,13171,0,0.0,ADD 3,0,1,13188,0,0.0,ADD 4,0,1,13182,0,0.0,ADD 5,0,0,0,0,0.0,ADD 6,0,1,13204,0,0.0,ADD 7,0,0,0,0,0.0,EGT2CAN,0,1,13106,0,0.0
1778951564.1903458,0.0,13197,-43.0,1,-,0,0,0,0,0.0,-,0,0,0,0,0.0,ECU,1,1,13193,0,0.0,FAN1,0,0,0,0,0.0,COILS,1,1,13128,0,0.0,PUMP,0,0,0,0,0.0,INJECTOR,1,1,13193,0,0.0,SERVO,1,1,13144,0,0.0,ADD 1,0,1,13182,0,0.0,ADD 2,0,1,13177,0,0.0,ADD 3,0,1,13160,0,0.0,ADD 4,0,1,13171,0,0.0,ADD 5,0,0,0,0,0.0,ADD 6,0,1,13204,0,0.0,ADD 7,0,0,0,0,0.0,EGT2CAN,0,1,13128,0,0.0
1778951564.243855,0.0,13197,-43.0,1,-,0,0,0,0,0.0,-,0,0,0,0,0.0,ECU,1,1,13193,0,0.0,FAN1,0,0,0,0,0.0,COILS,1,1,13128,0,0.0,PUMP,0,0,0,0,0.0,INJECTOR,1,1,13193,0,0.0,SERVO,1,1,13144,0,0.0,ADD 1,0,1,13182,0,0.0,ADD 2,0,1,13177,0,0.0,ADD 3,0,1,13160,0,0.0,ADD 4,0,1,13171,0,0.0,ADD 5,0,0,0,0,0.0,ADD 6,0,1,13204,0,0.0,ADD 7,0,0,0,0,0.0,EGT2CAN,0,1,13128,0,0.0
1778951564.2957513,0.0,13197,-43.0,1,-,0,0,0,0,0.0,-,0,0,0,0,0.0,ECU,1,1,13177,0,0.0,FAN1,0,0,0,0,0.0,COILS,1,1,13215,0,0.0,PUMP,0,0,0,0,0.0,INJECTOR,1,1,13144,0,0.0,SERVO,1,1,13171,0,0.0,ADD 1,0,1,13171,0,0.0,ADD 2,0,1,13171,0,0.0,ADD 3,0,1,13193,0,0.0,ADD 4,0,1,13133,0,0.0,ADD 5,0,0,0,0,0.0,ADD 6,0,1,13215,0,0.0,ADD 7,0,0,0,0,0.0,EGT2CAN,0,1,13128,0,0.0
1778951564.3501613,1.7,13147,-43.0,1,-,0,0,0,0,0.0,-,0,0,0,0,0.0,ECU,1,1,13188,10,1.7,FAN1,0,0,0,0,0.0,COILS,1,1,13204,0,0.0,PUMP,0,0,0,0,0.0,INJECTOR,1,1,13149,0,0.0,SERVO,1,1,13166,0,0.0,ADD 1,0,1,13144,0,0.0,ADD 2,0,1,13166,0,0.0,ADD 3,0,1,13166,0,0.0,ADD 4,0,1,13160,0,0.0,ADD 5,0,0,0,0,0.0,ADD 6,0,1,13193,0,0.0,ADD 7,0,0,0,0,0.0,EGT2CAN,0,1,13171,0,0.0
1778951564.4064333,1.7,13147,-43.0,1,-,0,0,0,0,0.0,-,0,0,0,0,0.0,ECU,0,1,13188,10,1.7,FAN1,0,0,0,0,0.0,COILS,1,1,13204,0,0.0,PUMP,0,0,0,0,0.0,INJECTOR,1,1,13149,0,0.0,SERVO,1,1,13166,0,0.0,ADD 1,0,1,13144,0,0.0,ADD 2,0,1,13166,0,0.0,ADD 3,0,1,13166,0,0.0,ADD 4,0,1,13160,0,0.0,ADD 5,0,0,0,0,0.0,ADD 6,0,1,13193,0,0.0,ADD 7,0,0,0,0,0.0,EGT2CAN,0,1,13171,0,0.0
1778951564.4571283,6.0,13197,-43.0,1,-,0,0,0,0,0.0,-,0,0,0,0,0.0,ECU,1,1,13160,0,6.0,FAN1,0,0,0,0,0.0,COILS,1,1,13193,0,0.0,PUMP,0,0,0,0,0.0,INJECTOR,1,1,13193,0,0.0,SERVO,1,1,13122,0,0.0,ADD 1,0,1,13193,0,0.0,ADD 2,0,1,13204,0,0.0,ADD 3,0,1,13193,0,0.0,ADD 4,0,1,13171,0,0.0,ADD 5,0,0,0,0,0.0,ADD 6,0,1,13204,0,0.0,ADD 7,0,0,0,0,0.0,EGT2CAN,0,1,13128,0,0.0
1778951564.5131617,5.0,13159,-45.0,1,-,0,0,0,0,0.0,-,0,0,0,0,0.0,ECU,1,1,13193,0,5.0,FAN1,0,0,0,0,0.0,COILS,1,1,13138,0,0.0,PUMP,0,0,0,0,0.0,INJECTOR,1,1,13210,0,0.0,SERVO,1,1,13160,0,0.0,ADD 1,0,1,13188,0,0.0,ADD 2,0,1,13215,0,0.0,ADD 3,0,1,13149,0,0.0,ADD 4,0,1,13106,0,0.0,ADD 5,0,0,0,0,0.0,ADD 6,0,1,13210,0,0.0,ADD 7,0,0,0,0,0.0,EGT2CAN,0,1,13177,0,0.0
1778951564.5672307,5.0,13159,-45.0,1,-,0,0,0,0,0.0,-,0,0,0,0,0.0,ECU,1,1,13138,0,5.0,FAN1,0,0,0,0,0.0,COILS,1,1,13215,0,0.0,PUMP,0,0,0,0,0.0,INJECTOR,1,1,13177,0,0.0,SERVO,1,1,13035,0,0.0,ADD 1,0,1,13117,0,0.0,ADD 2,0,1,13193,0,0.0,ADD 3,0,1,13171,0,0.0,ADD 4,0,1,13182,0,0.0,ADD 5,0,0,0,0,0.0,ADD 6,0,1,13210,0,0.0,ADD 7,0,0,0,0,0.0,EGT2CAN,0,1,13177,0,0.0
1778951564.6181242,3.3,13197,-43.0,1,-,0,0,0,0,0.0,-,0,0,0,0,0.0,ECU,1,1,13171,0,3.3,FAN1,0,0,0,0,0.0,COILS,1,1,13128,0,0.0,PUMP,0,0,0,0,0.0,INJECTOR,1,1,13199,0,0.0,SERVO,1,1,13144,0,0.0,ADD 1,0,1,13199,0,0.0,ADD 2,0,1,13210,0,0.0,ADD 3,0,1,13177,0,0.0,ADD 4,0,1,13138,0,0.0,ADD 5,0,0,0,0,0.0,ADD 6,0,1,13155,0,0.0,ADD 7,0,0,0,0,0.0,EGT2CAN,0,1,13171,0,0.0
1778951564.6690924,3.3,13159,-44.0,1,-,0,0,0,0,0.0,-,0,0,0,0,0.0,ECU,1,1,13171,0,3.3,FAN1,0,0,0,0,0.0,COILS,1,1,13128,0,0.0,PUMP,0,0,0,0,0.0,INJECTOR,1,1,13199,0,0.0,SERVO,1,1,13144,0,0.0,ADD 1,0,1,13199,0,0.0,ADD 2,0,1,13210,0,0.0,ADD 3,0,1,13177,0,0.0,ADD 4,0,1,13138,0,0.0,ADD 5,0,0,0,0,0.0,ADD 6,0,1,13155,0,0.0,ADD 7,0,0,0,0,0.0,EGT2CAN,0,1,13171,0,0.0
1778951564.7217753,0.0,13159,-44.0,1,-,0,0,0,0,0.0,-,0,0,0,0,0.0,ECU,1,1,13171,0,0.0,FAN1,0,0,0,0,0.0,COILS,1,1,13128,0,0.0,PUMP,0,0,0,0,0.0,INJECTOR,1,1,13188,0,0.0,SERVO,1,1,13160,0,0.0,ADD 1,0,1,13144,0,0.0,ADD 2,0,1,13204,0,0.0,ADD 3,0,1,13182,0,0.0,ADD 4,0,1,13160,0,0.0,ADD 5,0,0,0,0,0.0,ADD 6,0,1,13210,0,0.0,ADD 7,0,0,0,0,0.0,EGT2CAN,0,1,13128,0,0.0
1778951564.779188,1.7,13166,-44.0,1,-,0,0,0,0,0.0,-,0,0,0,0,0.0,ECU,1,1,13193,10,1.7,FAN1,0,0,0,0,0.0,COILS,1,1,13193,0,0.0,PUMP,0,0,0,0,0.0,INJECTOR,1,1,13204,0,0.0,SERVO,1,1,13106,0,0.0,ADD 1,0,1,13199,0,0.0,ADD 2,0,1,13166,0,0.0,ADD 3,0,1,13155,0,0.0,ADD 4,0,1,13056,0,0.0,ADD 5,0,0,0,0,0.0,ADD 6,0,1,13182,0,0.0,ADD 7,0,0,0,0,0.0,EGT2CAN,0,1,13193,0,0.0
1778951564.8431594,1.7,13147,-45.0,1,-,0,0,0,0,0.0,-,0,0,0,0,0.0,ECU,1,1,13193,10,1.7,FAN1,0,0,0,0,0.0,COILS,1,1,13193,0,0.0,PUMP,0,0,0,0,0.0,INJECTOR,1,1,13204,0,0.0,SERVO,1,1,13106,0,0.0,ADD 1,0,1,13199,0,0.0,ADD 2,0,1,13166,0,0.0,ADD 3,0,1,13155,0,0.0,ADD 4,0,1,13056,0,0.0,ADD 5,0,0,0,0,0.0,ADD 6,0,1,13182,0,0.0,ADD 7,0,0,0,0,0.0,EGT2CAN,0,1,13193,0,0.0
1778951564.894091,2.0,13203,-43.0,1,-,0,0,0,0,0.0,-,0,0,0,0,0.0,ECU,1,1,13193,0,2.0,FAN1,0,0,0,0,0.0,COILS,1,1,13177,0,0.0,PUMP,0,0,0,0,0.0,INJECTOR,1,1,13160,0,0.0,SERVO,1,1,13122,0,0.0,ADD 1,0,1,13111,0,0.0,ADD 2,0,1,13122,0,0.0,ADD 3,0,1,13144,0,0.0,ADD 4,0,1,13149,0,0.0,ADD 5,0,0,0,0,0.0,ADD 6,0,1,13210,0,0.0,ADD 7,0,0,0,0,0.0,EGT2CAN,0,1,13171,0,0.0
1778951564.945486,2.0,13159,-44.0,1,-,0,0,0,0,0.0,-,0,0,0,0,0.0,ECU,1,1,13171,0,2.0,FAN1,0,0,0,0,0.0,COILS,1,1,13171,0,0.0,PUMP,0,0,0,0,0.0,INJECTOR,1,1,13188,0,0.0,SERVO,1,1,13149,0,0.0,ADD 1,0,1,13188,0,0.0,ADD 2,0,1,13177,0,0.0,ADD 3,0,1,13193,0,0.0,ADD 4,0,1,13171,0,0.0,ADD 5,0,0,0,0,0.0,ADD 6,0,1,13155,0,0.0,ADD 7,0,0,0,0,0.0,EGT2CAN,0,1,13155,0,0.0
1778951564.9981673,2.0,13159,-44.0,1,-,0,0,0,0,0.0,-,0,0,0,0,0.0,ECU,1,1,13182,0,2.0,FAN1,0,0,0,0,0.0,COILS,1,1,13171,0,0.0,PUMP,0,0,0,0,0.0,INJECTOR,1,1,13188,0,0.0,SERVO,1,1,13149,0,0.0,ADD 1,0,1,13188,0,0.0,ADD 2,0,1,13177,0,0.0,ADD 3,0,1,13193,0,0.0,ADD 4,0,1,13171,0,0.0,ADD 5,0,0,0,0,0.0,ADD 6,0,1,13155,0,0.0,ADD 7,0,0,0,0,0.0,EGT2CAN,0,1,13155,0,0.0
1778951565.0589764,0.0,13147,-43.0,1,-,0,0,0,0,0.0,-,0,0,0,0,0.0,ECU,1,1,13177,0,0.0,FAN1,0,0,0,0,0.0,COILS,1,1,13177,0,0.0,PUMP,0,0,0,0,0.0,INJECTOR,1,1,13215,0,0.0,SERVO,1,1,13128,0,0.0,ADD 1,0,1,13171,0,0.0,ADD 2,0,1,13149,0,0.0,ADD 3,0,1,13188,0,0.0,ADD 4,0,1,13171,0,0.0,ADD 5,0,0,0,0,0.0,ADD 6,0,1,13215,0,0.0,ADD 7,0,0,0,0,0.0,EGT2CAN,0,1,13111,0,0.0
1778951565.1097488,0.0,13147,-43.0,1,-,0,0,0,0,0.0,-,0,0,0,0,0.0,ECU,1,1,13177,0,0.0,FAN1,0,0,0,0,0.0,COILS,1,1,13160,0,0.0,PUMP,0,0,0,0,0.0,INJECTOR,1,1,13188,0,0.0,SERVO,1,1,13177,0,0.0,ADD 1,0,1,13193,0,0.0,ADD 2,0,1,13171,0,0.0,ADD 3,0,1,13193,0,0.0,ADD 4,0,1,13160,0,0.0,ADD 5,0,0,0,0,0.0,ADD 6,0,1,13133,0,0.0,ADD 7,0,0,0,0,0.0,EGT2CAN,0,1,13122,0,0.0
1778951565.1605597,0.0,13159,-43.0,1,-,0,0,0,0,0.0,-,0,0,0,0,0.0,ECU,1,1,13128,0,0.0,FAN1,0,0,0,0,0.0,COILS,1,1,13155,0,0.0,PUMP,0,0,0,0,0.0,INJECTOR,1,1,13188,0,0.0,SERVO,1,1,13100,0,0.0,ADD 1,0,1,13193,0,0.0,ADD 2,0,1,13171,0,0.0,ADD 3,0,1,13193,0,0.0,ADD 4,0,1,13160,0,0.0,ADD 5,0,0,0,0,0.0,ADD 6,0,1,13133,0,0.0,ADD 7,0,0,0,0,0.0,EGT2CAN,0,1,13122,0,0.0
1778951565.213078,2.0,13190,-44.0,1,-,0,0,0,0,0.0,-,0,0,0,0,0.0,ECU,1,1,13155,10,2.0,FAN1,0,0,0,0,0.0,COILS,1,1,13149,0,0.0,PUMP,0,0,0,0,0.0,INJECTOR,1,1,13182,0,0.0,SERVO,1,1,13078,0,0.0,ADD 1,0,1,13210,0,0.0,ADD 2,0,1,13193,0,0.0,ADD 3,0,1,13171,0,0.0,ADD 4,0,1,13106,0,0.0,ADD 5,0,0,0,0,0.0,ADD 6,0,1,13128,0,0.0,ADD 7,0,0,0,0,0.0,EGT2CAN,0,1,13177,0,0.0
1778951565.26427,2.5,13184,-43.0,1,-,0,0,0,0,0.0,-,0,0,0,0,0.0,ECU,1,1,13188,0,2.5,FAN1,0,0,0,0,0.0,COILS,1,1,13106,0,0.0,PUMP,0,0,0,0,0.0,INJECTOR,1,1,13171,0,0.0,SERVO,1,1,13171,0,0.0,ADD 1,0,1,13177,0,0.0,ADD 2,0,1,13193,0,0.0,ADD 3,0,1,13149,0,0.0,ADD 4,0,1,13149,0,0.0,ADD 5,0,0,0,0,0.0,ADD 6,0,1,13111,0,0.0,ADD 7,0,0,0,0,0.0,EGT2CAN,0,1,13171,0,0.0
1778951565.3150227,2.5,13184,-43.0,1,-,0,0,0,0,0.0,-,0,0,0,0,0.0,ECU,1,1,13144,0,2.5,FAN1,0,0,0,0,0.0,COILS,1,1,13073,0,0.0,PUMP,0,0,0,0,0.0,INJECTOR,1,1,13144,0,0.0,SERVO,1,1,13160,0,0.0,ADD 1,0,1,13177,0,0.0,ADD 2,0,1,13193,0,0.0,ADD 3,0,1,13149,0,0.0,ADD 4,0,1,13149,0,0.0,ADD 5,0,0,0,0,0.0,ADD 6,0,1,13111,0,0.0,ADD 7,0,0,0,0,0.0,EGT2CAN,0,1,13171,0,0.0
1778951565.3717663,4.0,13197,-44.0,1,-,0,0,0,0,0.0,-,0,0,0,0,0.0,ECU,1,1,13193,10,4.0,FAN1,0,0,0,0,0.0,COILS,1,1,13177,0,0.0,PUMP,0,0,0,0,0.0,INJECTOR,1,1,13106,0,0.0,SERVO,1,1,13106,0,0.0,ADD 1,0,1,13171,0,0.0,ADD 2,0,1,13199,0,0.0,ADD 3,0,1,13177,0,0.0,ADD 4,0,1,13155,0,0.0,ADD 5,0,0,0,0,0.0,ADD 6,0,1,13204,0,0.0,ADD 7,0,0,0,0,0.0,EGT2CAN,0,1,13084,0,0.0
1778951565.4225664,5.0,13159,-44.0,1,-,0,0,0,0,0.0,-,0,0,0,0,0.0,ECU,1,1,13199,10,5.0,FAN1,0,0,0,0,0.0,COILS,1,1,13177,0,0.0,PUMP,0,0,0,0,0.0,INJECTOR,1,1,13193,0,0.0,SERVO,1,1,13144,0,0.0,ADD 1,0,1,13089,0,0.0,ADD 2,0,1,13155,0,0.0,ADD 3,0,1,13171,0,0.0,ADD 4,0,1,13128,0,0.0,ADD 5,0,0,0,0,0.0,ADD 6,0,1,13226,0,0.0,ADD 7,0,0,0,0,0.0,EGT2CAN,0,1,13171,0,0.0
1778951565.4732215,5.0,13159,-44.0,1,-,0,0,0,0,0.0,-,0,0,0,0,0.0,ECU,1,1,13149,0,5.0,FAN1,0,0,0,0,0.0,COILS,1,1,13188,0,0.0,PUMP,0,0,0,0,0.0,INJECTOR,1,1,13193,0,0.0,SERVO,1,1,13155,0,0.0,ADD 1,0,1,13149,0,0.0,ADD 2,0,1,13149,0,0.0,ADD 3,0,1,13160,0,0.0,ADD 4,0,1,13149,0,0.0,ADD 5,0,0,0,0,0.0,ADD 6,0,1,13204,0,0.0,ADD 7,0,0,0,0,0.0,EGT2CAN,0,1,13193,0,0.0
1778951565.5241718,4.0,13178,-43.0,1,-,0,0,0,0,0.0,-,0,0,0,0,0.0,ECU,1,1,13199,0,4.0,FAN1,0,0,0,0,0.0,COILS,1,1,13177,0,0.0,PUMP,0,0,0,0,0.0,INJECTOR,1,1,13171,0,0.0,SERVO,1,1,13177,0,0.0,ADD 1,0,1,13149,0,0.0,ADD 2,0,1,13177,0,0.0,ADD 3,0,1,13122,0,0.0,ADD 4,0,1,13035,0,0.0,ADD 5,0,0,0,0,0.0,ADD 6,0,1,13215,0,0.0,ADD 7,0,0,0,0,0.0,EGT2CAN,0,1,13182,0,0.0
1778951565.5843894,4.0,13178,-43.0,1,-,0,0,0,0,0.0,-,0,0,0,0,0.0,ECU,1,1,13199,0,4.0,FAN1,0,0,0,0,0.0,COILS,1,1,13177,0,0.0,PUMP,0,0,0,0,0.0,INJECTOR,1,1,13171,0,0.0,SERVO,1,1,13177,0,0.0,ADD 1,0,1,13149,0,0.0,ADD 2,0,1,13177,0,0.0,ADD 3,0,1,13122,0,0.0,ADD 4,0,1,13035,0,0.0,ADD 5,0,0,0,0,0.0,ADD 6,0,1,13215,0,0.0,ADD 7,0,0,0,0,0.0,EGT2CAN,0,1,13182,0,0.0
1778951565.6347327,0.0,13184,-44.0,1,-,0,0,0,0,0.0,-,0,0,0,0,0.0,ECU,1,1,13193,0,0.0,FAN1,0,0,0,0,0.0,COILS,1,1,13122,0,0.0,PUMP,0,0,0,0,0.0,INJECTOR,1,1,13171,0,0.0,SERVO,1,1,13128,0,0.0,ADD 1,0,1,13182,0,0.0,ADD 2,0,1,13171,0,0.0,ADD 3,0,1,13188,0,0.0,ADD 4,0,1,13166,0,0.0,ADD 5,0,0,0,0,0.0,ADD 6,0,1,13171,0,0.0,ADD 7,0,0,0,0,0.0,EGT2CAN,0,1,13106,0,0.0
1778951565.6861076,0.0,13184,-44.0,1,-,0,0,0,0,0.0,-,0,0,0,0,0.0,ECU,1,1,13171,0,0.0,FAN1,0,0,0,0,0.0,COILS,1,1,13138,0,0.0,PUMP,0,0,0,0,0.0,INJECTOR,1,1,13177,0,0.0,SERVO,1,1,13149,0,0.0,ADD 1,0,1,13177,0,0.0,ADD 2,0,1,13171,0,0.0,ADD 3,0,1,13149,0,0.0,ADD 4,0,1,13128,0,0.0,ADD 5,0,0,0,0,0.0,ADD 6,0,1,13171,0,0.0,ADD 7,0,0,0,0,0.0,EGT2CAN,0,1,13106,0,0.0
1778951565.736845,0.0,13141,-43.0,1,-,0,0,0,0,0.0,-,0,0,0,0,0.0,ECU,1,1,13171,0,0.0,FAN1,0,0,0,0,0.0,COILS,1,1,13138,0,0.0,PUMP,0,0,0,0,0.0,INJECTOR,1,1,13177,0,0.0,SERVO,1,1,13149,0,0.0,ADD 1,0,1,13177,0,0.0,ADD 2,0,1,13171,0,0.0,ADD 3,0,1,13149,0,0.0,ADD 4,0,1,13128,0,0.0,ADD 5,0,0,0,0,0.0,ADD 6,0,1,13144,0,0.0,ADD 7,0,0,0,0,0.0,EGT2CAN,0,1,13166,0,0.0
1778951565.78741,0.0,13184,-43.0,1,-,0,0,0,0,0.0,-,0,0,0,0,0.0,ECU,1,1,13171,0,0.0,FAN1,0,0,0,0,0.0,COILS,1,1,13084,0,0.0,PUMP,0,0,0,0,0.0,INJECTOR,1,1,13133,0,0.0,SERVO,1,1,13100,0,0.0,ADD 1,0,1,13177,0,0.0,ADD 2,0,1,13204,0,0.0,ADD 3,0,1,13193,0,0.0,ADD 4,0,1,13117,0,0.0,ADD 5,0,0,0,0,0.0,ADD 6,0,1,13171,0,0.0,ADD 7,0,0,0,0,0.0,EGT2CAN,0,1,13117,0,0.0
1778951565.838984,0.0,13184,-43.0,1,-,0,0,0,0,0.0,-,0,0,0,0,0.0,ECU,1,1,13149,0,0.0,FAN1,0,0,0,0,0.0,COILS,1,1,13171,0,0.0,PUMP,0,0,0,0,0.0,INJECTOR,1,1,13128,0,0.0,SERVO,1,1,13117,0,0.0,ADD 1,0,1,13122,0,0.0,ADD 2,0,1,13193,0,0.0,ADD 3,0,1,13193,0,0.0,ADD 4,0,1,13133,0,0.0,ADD 5,0,0,0,0,0.0,ADD 6,0,1,13171,0,0.0,ADD 7,0,0,0,0,0.0,EGT2CAN,0,1,13117,0,0.0
1778951565.890061,0.0,13079,-43.0,1,-,0,0,0,0,0.0,-,0,0,0,0,0.0,ECU,1,1,13149,0,0.0,FAN1,0,0,0,0,0.0,COILS,1,1,13171,0,0.0,PUMP,0,0,0,0,0.0,INJECTOR,1,1,13128,0,0.0,SERVO,1,1,13117,0,0.0,ADD 1,0,1,13122,0,0.0,ADD 2,0,1,13193,0,0.0,ADD 3,0,1,13193,0,0.0,ADD 4,0,1,13133,0,0.0,ADD 5,0,0,0,0,0.0,ADD 6,0,1,13193,0,0.0,ADD 7,0,0,0,0,0.0,EGT2CAN,0,1,13122,0,0.0
1778951565.950715,0.0,13197,-43.0,1,-,0,0,0,0,0.0,-,0,0,0,0,0.0,ECU,1,1,13171,0,0.0,FAN1,0,0,0,0,0.0,COILS,1,1,13193,0,0.0,PUMP,0,0,0,0,0.0,INJECTOR,1,1,13204,0,0.0,SERVO,1,1,13155,0,0.0,ADD 1,0,1,13144,0,0.0,ADD 2,0,1,13204,0,0.0,ADD 3,0,1,13149,0,0.0,ADD 4,0,1,13035,0,0.0,ADD 5,0,0,0,0,0.0,ADD 6,0,1,13160,0,0.0,ADD 7,0,0,0,0,0.0,EGT2CAN,0,1,13166,0,0.0
1778951566.0014577,0.0,13197,-43.0,1,-,0,0,0,0,0.0,-,0,0,0,0,0.0,ECU,1,1,13171,0,0.0,FAN1,0,0,0,0,0.0,COILS,1,1,13193,0,0.0,PUMP,0,0,0,0,0.0,INJECTOR,1,1,13204,0,0.0,SERVO,1,1,13155,0,0.0,ADD 1,0,1,13144,0,0.0,ADD 2,0,1,13204,0,0.0,ADD 3,0,1,13149,0,0.0,ADD 4,0,1,13035,0,0.0,ADD 5,0,0,0,0,0.0,ADD 6,0,1,13160,0,0.0,ADD 7,0,0,0,0,0.0,EGT2CAN,0,1,13166,0,0.0
1778951566.0520916,2.5,13166,-44.0,1,-,0,0,0,0,0.0,-,0,0,0,0,0.0,ECU,1,1,13171,10,2.5,FAN1,0,0,0,0,0.0,COILS,1,1,13193,0,0.0,PUMP,0,0,0,0,0.0,INJECTOR,1,1,13193,0,0.0,SERVO,1,1,13155,0,0.0,ADD 1,0,1,13171,0,0.0,ADD 2,0,1,13210,0,0.0,ADD 3,0,1,13171,0,0.0,ADD 4,0,1,13078,0,0.0,ADD 5,0,0,0,0,0.0,ADD 6,0,1,13188,0,0.0,ADD 7,0,0,0,0,0.0,EGT2CAN,0,1,13171,0,0.0
1778951566.1214435,2.0,13147,-44.0,1,-,0,0,0,0,0.0,-,0,0,0,0,0.0,ECU,1,1,13149,0,2.0,FAN1,0,0,0,0,0.0,COILS,1,1,13177,0,0.0,PUMP,0,0,0,0,0.0,INJECTOR,1,1,13188,0,0.0,SERVO,1,1,13122,0,0.0,ADD 1,0,1,13171,0,0.0,ADD 2,0,1,13210,0,0.0,ADD 3,0,1,13171,0,0.0,ADD 4,0,1,13149,0,0.0,ADD 5,0,0,0,0,0.0,ADD 6,0,1,13106,0,0.0,ADD 7,0,0,0,0,0.0,EGT2CAN,0,1,13128,0,0.0
1778951566.174645,2.0,13147,-44.0,1,-,0,0,0,0,0.0,-,0,0,0,0,0.0,ECU,1,1,13128,0,2.0,FAN1,0,0,0,0,0.0,COILS,1,1,13155,0,0.0,PUMP,0,0,0,0,0.0,INJECTOR,1,1,13199,0,0.0,SERVO,1,1,13106,0,0.0,ADD 1,0,1,13177,0,0.0,ADD 2,0,1,13177,0,0.0,ADD 3,0,1,13128,0,0.0,ADD 4,0,1,13084,0,0.0,ADD 5,0,0,0,0,0.0,ADD 6,0,1,13106,0,0.0,ADD 7,0,0,0,0,0.0,EGT2CAN,0,1,13128,0,0.0
1778951566.2250917,1.7,13079,-43.0,1,-,0,0,0,0,0.0,-,0,0,0,0,0.0,ECU,1,1,13177,0,1.7,FAN1,0,0,0,0,0.0,COILS,1,1,13084,0,0.0,PUMP,0,0,0,0,0.0,INJECTOR,1,1,13160,0,0.0,SERVO,1,1,13149,0,0.0,ADD 1,0,1,13199,0,0.0,ADD 2,0,1,13188,0,0.0,ADD 3,0,1,13138,0,0.0,ADD 4,0,1,13149,0,0.0,ADD 5,0,0,0,0,0.0,ADD 6,0,1,13117,0,0.0,ADD 7,0,0,0,0,0.0,EGT2CAN,0,1,13133,0,0.0
1778951566.2767842,1.7,13079,-43.0,1,-,0,0,0,0,0.0,-,0,0,0,0,0.0,ECU,1,1,13177,0,1.7,FAN1,0,0,0,0,0.0,COILS,1,1,13084,0,0.0,PUMP,0,0,0,0,0.0,INJECTOR,1,1,13160,0,0.0,SERVO,1,1,13149,0,0.0,ADD 1,0,1,13199,0,0.0,ADD 2,0,1,13188,0,0.0,ADD 3,0,1,13138,0,0.0,ADD 4,0,1,13149,0,0.0,ADD 5,0,0,0,0,0.0,ADD 6,0,1,13117,0,0.0,ADD 7,0,0,0,0,0.0,EGT2CAN,0,1,13133,0,0.0
1778951566.3270867,1.7,13079,-43.0,1,-,0,0,0,0,0.0,-,0,0,0,0,0.0,ECU,1,1,13182,0,1.7,FAN1,0,0,0,0,0.0,COILS,1,1,13144,0,0.0,PUMP,0,0,0,0,0.0,INJECTOR,1,1,13111,0,0.0,SERVO,1,1,13084,0,0.0,ADD 1,0,1,13177,0,0.0,ADD 2,0,1,13133,0,0.0,ADD 3,0,1,13149,0,0.0,ADD 4,0,1,13035,0,0.0,ADD 5,0,0,0,0,0.0,ADD 6,0,1,13171,0,0.0,ADD 7,0,0,0,0,0.0,EGT2CAN,0,1,13193,0,0.0
1778951566.3785763,0.0,13184,-43.0,1,-,0,0,0,0,0.0,-,0,0,0,0,0.0,ECU,1,1,13177,0,0.0,FAN1,0,0,0,0,0.0,COILS,1,1,13133,0,0.0,PUMP,0,0,0,0,0.0,INJECTOR,1,1,13193,0,0.0,SERVO,1,1,13133,0,0.0,ADD 1,0,1,13171,0,0.0,ADD 2,0,1,13128,0,0.0,ADD 3,0,1,13128,0,0.0,ADD 4,0,1,13144,0,0.0,ADD 5,0,0,0,0,0.0,ADD 6,0,1,13171,0,0.0,ADD 7,0,0,0,0,0.0,EGT2CAN,0,1,13133,0,0.0
1778951566.429066,0.0,13184,-43.0,1,-,0,0,0,0,0.0,-,0,0,0,0,0.0,ECU,1,1,13177,0,0.0,FAN1,0,0,0,0,0.0,COILS,1,1,13133,0,0.0,PUMP,0,0,0,0,0.0,INJECTOR,1,1,13193,0,0.0,SERVO,1,1,13133,0,0.0,ADD 1,0,1,13171,0,0.0,ADD 2,0,1,13128,0,0.0,ADD 3,0,1,13128,0,0.0,ADD 4,0,1,13144,0,0.0,ADD 5,0,0,0,0,0.0,ADD 6,0,1,13171,0,0.0,ADD 7,0,0,0,0,0.0,EGT2CAN,0,1,13133,0,0.0
1778951566.4800448,0.0,13184,-43.0,1,-,0,0,0,0,0.0,-,0,0,0,0,0.0,ECU,1,1,13149,0,0.0,FAN1,0,0,0,0,0.0,COILS,1,1,13149,0,0.0,PUMP,0,0,0,0,0.0,INJECTOR,1,1,13149,0,0.0,SERVO,1,1,13117,0,0.0,ADD 1,0,1,13177,0,0.0,ADD 2,0,1,13210,0,0.0,ADD 3,0,1,13149,0,0.0,ADD 4,0,1,13111,0,0.0,ADD 5,0,0,0,0,0.0,ADD 6,0,1,13171,0,0.0,ADD 7,0,0,0,0,0.0,EGT2CAN,0,1,13133,0,0.0
1778951566.5307891,0.0,13147,-44.0,1,-,0,0,0,0,0.0,-,0,0,0,0,0.0,ECU,1,1,13138,0,0.0,FAN1,0,0,0,0,0.0,COILS,1,1,13177,0,0.0,PUMP,0,0,0,0,0.0,INJECTOR,1,1,13182,0,0.0,SERVO,1,1,13149,0,0.0,ADD 1,0,1,13177,0,0.0,ADD 2,0,1,13160,0,0.0,ADD 3,0,1,13073,0,0.0,ADD 4,0,1,13106,0,0.0,ADD 5,0,0,0,0,0.0,ADD 6,0,1,13171,0,0.0,ADD 7,0,0,0,0,0.0,EGT2CAN,0,1,13188,0,0.0
1778951566.584329,0.0,13147,-44.0,1,-,0,0,0,0,0.0,-,0,0,0,0,0.0,ECU,1,1,13133,0,0.0,FAN1,0,0,0,0,0.0,COILS,1,1,13177,0,0.0,PUMP,0,0,0,0,0.0,INJECTOR,1,1,13182,0,0.0,SERVO,1,1,13149,0,0.0,ADD 1,0,1,13177,0,0.0,ADD 2,0,1,13160,0,0.0,ADD 3,0,1,13073,0,0.0,ADD 4,0,1,13106,0,0.0,ADD 5,0,0,0,0,0.0,ADD 6,0,1,13171,0,0.0,ADD 7,0,0,0,0,0.0,EGT2CAN,0,1,13188,0,0.0
1778951566.6478214,0.0,13184,-43.0,1,-,0,0,0,0,0.0,-,0,0,0,0,0.0,ECU,1,1,13171,0,0.0,FAN1,0,0,0,0,0.0,COILS,1,1,13199,0,0.0,PUMP,0,0,0,0,0.0,INJECTOR,1,1,13199,0,0.0,SERVO,1,1,13149,0,0.0,ADD 1,0,1,13160,0,0.0,ADD 2,0,1,13182,0,0.0,ADD 3,0,1,13182,0,0.0,ADD 4,0,1,13133,0,0.0,ADD 5,0,0,0,0,0.0,ADD 6,0,1,13171,0,0.0,ADD 7,0,0,0,0,0.0,EGT2CAN,0,1,13128,0,0.0
1778951566.6993365,0.0,13178,-45.0,1,-,0,0,0,0,0.0,-,0,0,0,0,0.0,ECU,1,1,13138,0,0.0,FAN1,0,0,0,0,0.0,COILS,1,1,13155,0,0.0,PUMP,0,0,0,0,0.0,INJECTOR,1,1,13188,0,0.0,SERVO,1,1,13128,0,0.0,ADD 1,0,1,13138,0,0.0,ADD 2,0,1,13210,0,0.0,ADD 3,0,1,13133,0,0.0,ADD 4,0,1,13149,0,0.0,ADD 5,0,0,0,0,0.0,ADD 6,0,1,13166,0,0.0,ADD 7,0,0,0,0,0.0,EGT2CAN,0,1,13106,0,0.0
1778951566.749815,0.0,13178,-45.0,1,-,0,0,0,0,0.0,-,0,0,0,0,0.0,ECU,1,1,13128,0,0.0,FAN1,0,0,0,0,0.0,COILS,1,1,13155,0,0.0,PUMP,0,0,0,0,0.0,INJECTOR,1,1,13188,0,0.0,SERVO,1,1,13128,0,0.0,ADD 1,0,1,13138,0,0.0,ADD 2,0,1,13210,0,0.0,ADD 3,0,1,13133,0,0.0,ADD 4,0,1,13149,0,0.0,ADD 5,0,0,0,0,0.0,ADD 6,0,1,13166,0,0.0,ADD 7,0,0,0,0,0.0,EGT2CAN,0,1,13106,0,0.0
1778951566.80932,0.0,13178,-43.0,1,-,0,0,0,0,0.0,-,0,0,0,0,0.0,ECU,1,1,13193,0,0.0,FAN1,0,0,0,0,0.0,COILS,1,1,13128,0,0.0,PUMP,0,0,0,0,0.0,INJECTOR,1,1,13177,0,0.0,SERVO,1,1,13111,0,0.0,ADD 1,0,1,13193,0,0.0,ADD 2,0,1,13160,0,0.0,ADD 3,0,1,13177,0,0.0,ADD 4,0,1,13149,0,0.0,ADD 5,0,0,0,0,0.0,ADD 6,0,1,13144,0,0.0,ADD 7,0,0,0,0,0.0,EGT2CAN,0,1,13144,0,0.0
1778951566.8738074,0.0,13178,-43.0,1,-,0,0,0,0,0.0,-,0,0,0,0,0.0,ECU,1,1,13182,0,0.0,FAN1,0,0,0,0,0.0,COILS,1,1,13128,0,0.0,PUMP,0,0,0,0,0.0,INJECTOR,1,1,13177,0,0.0,SERVO,1,1,13160,0,0.0,ADD 1,0,1,13193,0,0.0,ADD 2,0,1,13160,0,0.0,ADD 3,0,1,13177,0,0.0,ADD 4,0,1,13149,0,0.0,ADD 5,0,0,0,0,0.0,ADD 6,0,1,13144,0,0.0,ADD 7,0,0,0,0,0.0,EGT2CAN,0,1,13144,0,0.0
1778951566.9352825,0.0,13079,-43.0,1,-,0,0,0,0,0.0,-,0,0,0,0,0.0,ECU,1,1,13177,0,0.0,FAN1,0,0,0,0,0.0,COILS,1,1,13155,0,0.0,PUMP,0,0,0,0,0.0,INJECTOR,1,1,13193,0,0.0,SERVO,1,1,13149,0,0.0,ADD 1,0,1,13171,0,0.0,ADD 2,0,1,13155,0,0.0,ADD 3,0,1,13035,0,0.0,ADD 4,0,1,13128,0,0.0,ADD 5,0,0,0,0,0.0,ADD 6,0,1,13171,0,0.0,ADD 7,0,0,0,0,0.0,EGT2CAN,0,1,13171,0,0.0
1778951566.986478,0.0,13079,-43.0,1,-,0,0,0,0,0.0,-,0,0,0,0,0.0,ECU,1,1,13166,0,0.0,FAN1,0,0,0,0,0.0,COILS,1,1,13149,0,0.0,PUMP,0,0,0,0,0.0,INJECTOR,1,1,13149,0,0.0,SERVO,1,1,13144,0,0.0,ADD 1,0,1,13171,0,0.0,ADD 2,0,1,13155,0,0.0,ADD 3,0,1,13035,0,0.0,ADD 4,0,1,13128,0,0.0,ADD 5,0,0,0,0,0.0,ADD 6,0,1,13171,0,0.0,ADD 7,0,0,0,0,0.0,EGT2CAN,0,1,13171,0,0.0
1778951567.0372965,0.0,13184,-43.0,1,-,0,0,0,0,0.0,-,0,0,0,0,0.0,ECU,1,1,13128,0,0.0,FAN1,0,0,0,0,0.0,COILS,1,1,13193,0,0.0,PUMP,0,0,0,0,0.0,INJECTOR,1,1,13144,0,0.0,SERVO,1,1,13155,0,0.0,ADD 1,0,1,13193,0,0.0,ADD 2,0,1,13210,0,0.0,ADD 3,0,1,13128,0,0.0,ADD 4,0,1,13111,0,0.0,ADD 5,0,0,0,0,0.0,ADD 6,0,1,13171,0,0.0,ADD 7,0,0,0,0,0.0,EGT2CAN,0,1,13177,0,0.0
1778951567.1058528,0.0,13153,-43.0,1,-,0,0,0,0,0.0,-,0,0,0,0,0.0,ECU,1,1,13171,0,0.0,FAN1,0,0,0,0,0.0,COILS,1,1,13193,0,0.0,PUMP,0,0,0,0,0.0,INJECTOR,1,1,13171,0,0.0,SERVO,1,1,13149,0,0.0,ADD 1,0,1,13128,0,0.0,ADD 2,0,1,13128,0,0.0,ADD 3,0,1,13128,0,0.0,ADD 4,0,1,13138,0,0.0,ADD 5,0,0,0,0,0.0,ADD 6,0,1,13210,0,0.0,ADD 7,0,0,0,0,0.0,EGT2CAN,0,1,13182,0,0.0
1778951567.159122,0.0,13153,-43.0,1,-,0,0,0,0,0.0,-,0,0,0,0,0.0,ECU,1,1,13144,0,0.0,FAN1,0,0,0,0,0.0,COILS,1,1,13188,0,0.0,PUMP,0,0,0,0,0.0,INJECTOR,1,1,13171,0,0.0,SERVO,1,1,13149,0,0.0,ADD 1,0,1,13128,0,0.0,ADD 2,0,1,13128,0,0.0,ADD 3,0,1,13128,0,0.0,ADD 4,0,1,13138,0,0.0,ADD 5,0,0,0,0,0.0,ADD 6,0,1,13210,0,0.0,ADD 7,0,0,0,0,0.0,EGT2CAN,0,1,13182,0,0.0
1778951567.209482,2.0,13135,-42.0,1,-,0,0,0,0,0.0,-,0,0,0,0,0.0,ECU,1,1,13149,10,2.0,FAN1,0,0,0,0,0.0,COILS,1,1,13171,0,0.0,PUMP,0,0,0,0,0.0,INJECTOR,1,1,13171,0,0.0,SERVO,1,1,13117,0,0.0,ADD 1,0,1,13160,0,0.0,ADD 2,0,1,13149,0,0.0,ADD 3,0,1,13171,0,0.0,ADD 4,0,1,13155,0,0.0,ADD 5,0,0,0,0,0.0,ADD 6,0,1,13177,0,0.0,ADD 7,0,0,0,0,0.0,EGT2CAN,0,1,13035,0,0.0
1778951567.2605336,2.0,13159,-45.0,1,-,0,0,0,0,0.0,-,0,0,0,0,0.0,ECU,1,1,13138,0,2.0,FAN1,0,0,0,0,0.0,COILS,1,1,13117,0,0.0,PUMP,0,0,0,0,0.0,INJECTOR,1,1,13166,0,0.0,SERVO,1,1,13149,0,0.0,ADD 1,0,1,13171,0,0.0,ADD 2,0,1,13188,0,0.0,ADD 3,0,1,13182,0,0.0,ADD 4,0,1,13128,0,0.0,ADD 5,0,0,0,0,0.0,ADD 6,0,1,13166,0,0.0,ADD 7,0,0,0,0,0.0,EGT2CAN,0,1,13117,0,0.0
1778951567.311598,2.0,13159,-45.0,1,-,0,0,0,0,0.0,-,0,0,0,0,0.0,ECU,1,1,13149,0,2.0,FAN1,0,0,0,0,0.0,COILS,1,1,13117,0,0.0,PUMP,0,0,0,0,0.0,INJECTOR,1,1,13133,0,0.0,SERVO,1,1,13117,0,0.0,ADD 1,0,1,13035,0,0.0,ADD 2,0,1,13128,0,0.0,ADD 3,0,1,13128,0,0.0,ADD 4,0,1,13133,0,0.0,ADD 5,0,0,0,0,0.0,ADD 6,0,1,13166,0,0.0,ADD 7,0,0,0,0,0.0,EGT2CAN,0,1,13117,0,0.0
1778951567.3833578,2.0,13184,-44.0,1,-,0,0,0,0,0.0,-,0,0,0,0,0.0,ECU,1,1,13160,0,2.0,FAN1,0,0,0,0,0.0,COILS,1,1,13166,0,0.0,PUMP,0,0,0,0,0.0,INJECTOR,1,1,13100,0,0.0,SERVO,1,1,13117,0,0.0,ADD 1,0,1,13155,0,0.0,ADD 2,0,1,13149,0,0.0,ADD 3,0,1,13177,0,0.0,ADD 4,0,1,13106,0,0.0,ADD 5,0,0,0,0,0.0,ADD 6,0,1,13166,0,0.0,ADD 7,0,0,0,0,0.0,EGT2CAN,0,1,13133,0,0.0
1778951567.4344263,0.0,13184,-44.0,1,-,0,0,0,0,0.0,-,0,0,0,0,0.0,ECU,1,1,13128,0,0.0,FAN1,0,0,0,0,0.0,COILS,1,1,13084,0,0.0,PUMP,0,0,0,0,0.0,INJECTOR,1,1,13117,0,0.0,SERVO,1,1,13106,0,0.0,ADD 1,0,1,13160,0,0.0,ADD 2,0,1,13204,0,0.0,ADD 3,0,1,13160,0,0.0,ADD 4,0,1,13138,0,0.0,ADD 5,0,0,0,0,0.0,ADD 6,0,1,13166,0,0.0,ADD 7,0,0,0,0,0.0,EGT2CAN,0,1,13084,0,0.0
1778951567.4854846,0.0,13159,-43.0,1,-,0,0,0,0,0.0,-,0,0,0,0,0.0,ECU,1,1,13149,0,0.0,FAN1,0,0,0,0,0.0,COILS,1,1,13166,0,0.0,PUMP,0,0,0,0,0.0,INJECTOR,1,1,13133,0,0.0,SERVO,1,1,13100,0,0.0,ADD 1,0,1,13149,0,0.0,ADD 2,0,1,13199,0,0.0,ADD 3,0,1,13160,0,0.0,ADD 4,0,1,13078,0,0.0,ADD 5,0,0,0,0,0.0,ADD 6,0,1,13160,0,0.0,ADD 7,0,0,0,0,0.0,EGT2CAN,0,1,13117,0,0.0
1778951567.5369473,0.0,13159,-43.0,1,-,0,0,0,0,0.0,-,0,0,0,0,0.0,ECU,1,1,13149,0,0.0,FAN1,0,0,0,0,0.0,COILS,1,1,13166,0,0.0,PUMP,0,0,0,0,0.0,INJECTOR,1,1,13133,0,0.0,SERVO,1,1,13100,0,0.0,ADD 1,0,1,13149,0,0.0,ADD 2,0,1,13199,0,0.0,ADD 3,0,1,13160,0,0.0,ADD 4,0,1,13078,0,0.0,ADD 5,0,0,0,0,0.0,ADD 6,0,1,13160,0,0.0,ADD 7,0,0,0,0,0.0,EGT2CAN,0,1,13117,0,0.0
1778951567.5879173,0.0,13159,-43.0,1,-,0,0,0,0,0.0,-,0,0,0,0,0.0,ECU,1,1,13144,0,0.0,FAN1,0,0,0,0,0.0,COILS,1,1,13193,0,0.0,PUMP,0,0,0,0,0.0,INJECTOR,1,1,13182,0,0.0,SERVO,1,1,13111,0,0.0,ADD 1,0,1,13177,0,0.0,ADD 2,0,1,13149,0,0.0,ADD 3,0,1,13138,0,0.0,ADD 4,0,1,13056,0,0.0,ADD 5,0,0,0,0,0.0,ADD 6,0,1,13155,0,0.0,ADD 7,0,0,0,0,0.0,EGT2CAN,0,1,13166,0,0.0
1778951567.638962,0.0,13159,-44.0,1,-,0,0,0,0,0.0,-,0,0,0,0,0.0,ECU,1,1,13138,0,0.0,FAN1,0,0,0,0,0.0,COILS,1,1,13177,0,0.0,PUMP,0,0,0,0,0.0,INJECTOR,1,1,13144,0,0.0,SERVO,1,1,13149,0,0.0,ADD 1,0,1,13138,0,0.0,ADD 2,0,1,13160,0,0.0,ADD 3,0,1,13062,0,0.0,ADD 4,0,1,13084,0,0.0,ADD 5,0,0,0,0,0.0,ADD 6,0,1,13160,0,0.0,ADD 7,0,0,0,0,0.0,EGT2CAN,0,1,13182,0,0.0
1778951567.6901364,0.0,13159,-44.0,1,-,0,0,0,0,0.0,-,0,0,0,0,0.0,ECU,1,1,13133,0,0.0,FAN1,0,0,0,0,0.0,COILS,1,1,13188,0,0.0,PUMP,0,0,0,0,0.0,INJECTOR,1,1,13177,0,0.0,SERVO,1,1,13155,0,0.0,ADD 1,0,1,13122,0,0.0,ADD 2,0,1,13188,0,0.0,ADD 3,0,1,13128,0,0.0,ADD 4,0,1,13128,0,0.0,ADD 5,0,0,0,0,0.0,ADD 6,0,1,13199,0,0.0,ADD 7,0,0,0,0,0.0,EGT2CAN,0,1,13106,0,0.0
1778951567.7409494,0.0,13166,-43.0,1,-,0,0,0,0,0.0,-,0,0,0,0,0.0,ECU,1,1,13133,0,0.0,FAN1,0,0,0,0,0.0,COILS,1,1,13188,0,0.0,PUMP,0,0,0,0,0.0,INJECTOR,1,1,13177,0,0.0,SERVO,1,1,13155,0,0.0,ADD 1,0,1,13122,0,0.0,ADD 2,0,1,13188,0,0.0,ADD 3,0,1,13128,0,0.0,ADD 4,0,1,13128,0,0.0,ADD 5,0,0,0,0,0.0,ADD 6,0,1,13199,0,0.0,ADD 7,0,0,0,0,0.0,EGT2CAN,0,1,13106,0,0.0
1778951567.798301,0.0,13178,-43.0,1,-,0,0,0,0,0.0,-,0,0,0,0,0.0,ECU,1,1,13122,0,0.0,FAN1,0,0,0,0,0.0,COILS,1,1,13133,0,0.0,PUMP,0,0,0,0,0.0,INJECTOR,1,1,13149,0,0.0,SERVO,1,1,13089,0,0.0,ADD 1,0,1,13106,0,0.0,ADD 2,0,1,13149,0,0.0,ADD 3,0,1,13166,0,0.0,ADD 4,0,1,13128,0,0.0,ADD 5,0,0,0,0,0.0,ADD 6,0,1,13160,0,0.0,ADD 7,0,0,0,0,0.0,EGT2CAN,0,1,13138,0,0.0
1778951567.8579183,0.0,13178,-43.0,1,-,0,0,0,0,0.0,-,0,0,0,0,0.0,ECU,1,1,13133,0,0.0,FAN1,0,0,0,0,0.0,COILS,1,1,13133,0,0.0,PUMP,0,0,0,0,0.0,INJECTOR,1,1,13149,0,0.0,SERVO,1,1,13089,0,0.0,ADD 1,0,1,13106,0,0.0,ADD 2,0,1,13149,0,0.0,ADD 3,0,1,13166,0,0.0,ADD 4,0,1,13128,0,0.0,ADD 5,0,0,0,0,0.0,ADD 6,0,1,13160,0,0.0,ADD 7,0,0,0,0,0.0,EGT2CAN,0,1,13138,0,0.0
1778951567.9205847,0.0,13184,-43.0,1,-,0,0,0,0,0.0,-,0,0,0,0,0.0,ECU,1,1,13149,0,0.0,FAN1,0,0,0,0,0.0,COILS,1,1,13106,0,0.0,PUMP,0,0,0,0,0.0,INJECTOR,1,1,13133,0,0.0,SERVO,1,1,13084,0,0.0,ADD 1,0,1,13100,0,0.0,ADD 2,0,1,13171,0,0.0,ADD 3,0,1,13171,0,0.0,ADD 4,0,1,13149,0,0.0,ADD 5,0,0,0,0,0.0,ADD 6,0,1,13204,0,0.0,ADD 7,0,0,0,0,0.0,EGT2CAN,0,1,13117,0,0.0
1778951567.9720147,0.0,13184,-43.0,1,-,0,0,0,0,0.0,-,0,0,0,0,0.0,ECU,1,1,13149,0,0.0,FAN1,0,0,0,0,0.0,COILS,1,1,13106,0,0.0,PUMP,0,0,0,0,0.0,INJECTOR,1,1,13133,0,0.0,SERVO,1,1,13084,0,0.0,ADD 1,0,1,13100,0,0.0,ADD 2,0,1,13171,0,0.0,ADD 3,0,1,13171,0,0.0,ADD 4,0,1,13149,0,0.0,ADD 5,0,0,0,0,0.0,ADD 6,0,1,13204,0,0.0,ADD 7,0,0,0,0,0.0,EGT2CAN,0,1,13117,0,0.0
1778951568.0237603,0.0,13184,-43.0,1,-,0,0,0,0,0.0,-,0,0,0,0,0.0,ECU,1,1,13166,0,0.0,FAN1,0,0,0,0,0.0,COILS,1,1,13144,0,0.0,PUMP,0,0,0,0,0.0,INJECTOR,1,1,13128,0,0.0,SERVO,1,1,13073,0,0.0,ADD 1,0,1,13138,0,0.0,ADD 2,0,1,13193,0,0.0,ADD 3,0,1,13149,0,0.0,ADD 4,0,1,13122,0,0.0,ADD 5,0,0,0,0,0.0,ADD 6,0,1,13204,0,0.0,ADD 7,0,0,0,0,0.0,EGT2CAN,0,1,13117,0,0.0
1778951568.0851514,0.0,13159,-44.0,1,-,0,0,0,0,0.0,-,0,0,0,0,0.0,ECU,1,1,13144,0,0.0,FAN1,0,0,0,0,0.0,COILS,1,1,13171,0,0.0,PUMP,0,0,0,0,0.0,INJECTOR,1,1,13182,0,0.0,SERVO,1,1,13149,0,0.0,ADD 1,0,1,13035,0,0.0,ADD 2,0,1,13106,0,0.0,ADD 3,0,1,13160,0,0.0,ADD 4,0,1,13106,0,0.0,ADD 5,0,0,0,0,0.0,ADD 6,0,1,13193,0,0.0,ADD 7,0,0,0,0,0.0,EGT2CAN,0,1,13122,0,0.0
1778951568.1358025,0.0,13159,-44.0,1,-,0,0,0,0,0.0,-,0,0,0,0,0.0,ECU,1,1,13128,0,0.0,FAN1,0,0,0,0,0.0,COILS,1,1,13171,0,0.0,PUMP,0,0,0,0,0.0,INJECTOR,1,1,13182,0,0.0,SERVO,1,1,13149,0,0.0,ADD 1,0,1,13035,0,0.0,ADD 2,0,1,13106,0,0.0,ADD 3,0,1,13160,0,0.0,ADD 4,0,1,13106,0,0.0,ADD 5,0,0,0,0,0.0,ADD 6,0,1,13193,0,0.0,ADD 7,0,0,0,0,0.0,EGT2CAN,0,1,13122,0,0.0
1778951568.1861694,0.0,13166,-43.0,1,-,0,0,0,0,0.0,-,0,0,0,0,0.0,ECU,1,1,13128,0,0.0,FAN1,0,0,0,0,0.0,COILS,1,1,13128,0,0.0,PUMP,0,0,0,0,0.0,INJECTOR,1,1,13182,0,0.0,SERVO,1,1,13106,0,0.0,ADD 1,0,1,13188,0,0.0,ADD 2,0,1,13160,0,0.0,ADD 3,0,1,13111,0,0.0,ADD 4,0,1,13128,0,0.0,ADD 5,0,0,0,0,0.0,ADD 6,0,1,13171,0,0.0,ADD 7,0,0,0,0,0.0,EGT2CAN,0,1,13155,0,0.0
1778951568.2374134,1.7,13079,-43.0,1,-,0,0,0,0,0.0,-,0,0,0,0,0.0,ECU,1,1,13106,0,1.7,FAN1,0,0,0,0,0.0,COILS,1,1,13155,0,0.0,PUMP,0,0,0,0,0.0,INJECTOR,1,1,13089,0,0.0,SERVO,1,1,13128,0,0.0,ADD 1,0,1,13177,0,0.0,ADD 2,0,1,13193,0,0.0,ADD 3,0,1,13166,0,0.0,ADD 4,0,1,13144,0,0.0,ADD 5,0,0,0,0,0.0,ADD 6,0,1,13128,0,0.0,ADD 7,0,0,0,0,0.0,EGT2CAN,0,1,13149,0,0.0
1778951568.2962456,1.7,13079,-43.0,1,-,0,0,0,0,0.0,-,0,0,0,0,0.0,ECU,1,1,13106,0,1.7,FAN1,0,0,0,0,0.0,COILS,1,1,13155,0,0.0,PUMP,0,0,0,0,0.0,INJECTOR,1,1,13089,0,0.0,SERVO,1,1,13128,0,0.0,ADD 1,0,1,13177,0,0.0,ADD 2,0,1,13193,0,0.0,ADD 3,0,1,13166,0,0.0,ADD 4,0,1,13144,0,0.0,ADD 5,0,0,0,0,0.0,ADD 6,0,1,13128,0,0.0,ADD 7,0,0,0,0,0.0,EGT2CAN,0,1,13149,0,0.0
1778951568.3511555,2.0,13178,-43.0,1,-,0,0,0,0,0.0,-,0,0,0,0,0.0,ECU,1,1,13100,0,2.0,FAN1,0,0,0,0,0.0,COILS,1,1,13149,0,0.0,PUMP,0,0,0,0,0.0,INJECTOR,1,1,13133,0,0.0,SERVO,1,1,13062,0,0.0,ADD 1,0,1,13133,0,0.0,ADD 2,0,1,13160,0,0.0,ADD 3,0,1,13177,0,0.0,ADD 4,0,1,13128,0,0.0,ADD 5,0,0,0,0,0.0,ADD 6,0,1,13149,0,0.0,ADD 7,0,0,0,0,0.0,EGT2CAN,0,1,13089,0,0.0
1778951568.4032636,2.0,13184,-43.0,1,-,0,0,0,0,0.0,-,0,0,0,0,0.0,ECU,1,1,13144,0,2.0,FAN1,0,0,0,0,0.0,COILS,1,1,13084,0,0.0,PUMP,0,0,0,0,0.0,INJECTOR,1,1,13171,0,0.0,SERVO,1,1,13117,0,0.0,ADD 1,0,1,13144,0,0.0,ADD 2,0,1,13149,0,0.0,ADD 3,0,1,13095,0,0.0,ADD 4,0,1,13073,0,0.0,ADD 5,0,0,0,0,0.0,ADD 6,0,1,13193,0,0.0,ADD 7,0,0,0,0,0.0,EGT2CAN,0,1,13122,0,0.0
1778951568.4550323,2.0,13184,-43.0,1,-,0,0,0,0,0.0,-,0,0,0,0,0.0,ECU,1,1,13138,0,2.0,FAN1,0,0,0,0,0.0,COILS,1,1,13078,0,0.0,PUMP,0,0,0,0,0.0,INJECTOR,1,1,13133,0,0.0,SERVO,1,1,13138,0,0.0,ADD 1,0,1,13144,0,0.0,ADD 2,0,1,13149,0,0.0,ADD 3,0,1,13095,0,0.0,ADD 4,0,1,13073,0,0.0,ADD 5,0,0,0,0,0.0,ADD 6,0,1,13193,0,0.0,ADD 7,0,0,0,0,0.0,EGT2CAN,0,1,13122,0,0.0
1778951568.5156565,0.0,13166,-43.0,1,-,0,0,0,0,0.0,-,0,0,0,0,0.0,ECU,1,1,13138,0,0.0,FAN1,0,0,0,0,0.0,COILS,1,1,13160,0,0.0,PUMP,0,0,0,0,0.0,INJECTOR,1,1,13128,0,0.0,SERVO,1,1,13100,0,0.0,ADD 1,0,1,13111,0,0.0,ADD 2,0,1,13160,0,0.0,ADD 3,0,1,13177,0,0.0,ADD 4,0,1,13106,0,0.0,ADD 5,0,0,0,0,0.0,ADD 6,0,1,13177,0,0.0,ADD 7,0,0,0,0,0.0,EGT2CAN,0,1,13062,0,0.0
1778951568.589789,0.0,13178,-45.0,1,-,0,0,0,0,0.0,-,0,0,0,0,0.0,ECU,1,1,13182,0,0.0,FAN1,0,0,0,0,0.0,COILS,1,1,13149,0,0.0,PUMP,0,0,0,0,0.0,INJECTOR,1,1,13171,0,0.0,SERVO,1,1,13144,0,0.0,ADD 1,0,1,13073,0,0.0,ADD 2,0,1,13138,0,0.0,ADD 3,0,1,13160,0,0.0,ADD 4,0,1,13149,0,0.0,ADD 5,0,0,0,0,0.0,ADD 6,0,1,13193,0,0.0,ADD 7,0,0,0,0,0.0,EGT2CAN,0,1,13084,0,0.0
1778951568.6401825,0.0,13184,-44.0,1,-,0,0,0,0,0.0,-,0,0,0,0,0.0,ECU,1,1,13128,0,0.0,FAN1,0,0,0,0,0.0,COILS,1,1,13138,0,0.0,PUMP,0,0,0,0,0.0,INJECTOR,1,1,13138,0,0.0,SERVO,1,1,13149,0,0.0,ADD 1,0,1,13171,0,0.0,ADD 2,0,1,13199,0,0.0,ADD 3,0,1,13133,0,0.0,ADD 4,0,1,13144,0,0.0,ADD 5,0,0,0,0,0.0,ADD 6,0,1,13111,0,0.0,ADD 7,0,0,0,0,0.0,EGT2CAN,0,1,13155,0,0.0
1778951568.695519,0.0,13147,-44.0,1,-,0,0,0,0,0.0,-,0,0,0,0,0.0,ECU,1,1,13144,0,0.0,FAN1,0,0,0,0,0.0,COILS,1,1,13166,0,0.0,PUMP,0,0,0,0,0.0,INJECTOR,1,1,13171,0,0.0,SERVO,1,1,13149,0,0.0,ADD 1,0,1,13193,0,0.0,ADD 2,0,1,13122,0,0.0,ADD 3,0,1,13160,0,0.0,ADD 4,0,1,13111,0,0.0,ADD 5,0,0,0,0,0.0,ADD 6,0,1,13160,0,0.0,ADD 7,0,0,0,0,0.0,EGT2CAN,0,1,13155,0,0.0
1778951568.7465804,0.0,13147,-44.0,1,-,0,0,0,0,0.0,-,0,0,0,0,0.0,ECU,1,1,13062,0,0.0,FAN1,0,0,0,0,0.0,COILS,1,1,13149,0,0.0,PUMP,0,0,0,0,0.0,INJECTOR,1,1,13160,0,0.0,SERVO,1,1,13111,0,0.0,ADD 1,0,1,13177,0,0.0,ADD 2,0,1,13160,0,0.0,ADD 3,0,1,13089,0,0.0,ADD 4,0,1,13106,0,0.0,ADD 5,0,0,0,0,0.0,ADD 6,0,1,13160,0,0.0,ADD 7,0,0,0,0,0.0,EGT2CAN,0,1,13155,0,0.0
1778951568.8075693,0.0,13184,-43.0,1,-,0,0,0,0,0.0,-,0,0,0,0,0.0,ECU,1,1,13106,0,0.0,FAN1,0,0,0,0,0.0,COILS,1,1,13149,0,0.0,PUMP,0,0,0,0,0.0,INJECTOR,1,1,13095,0,0.0,SERVO,1,1,13106,0,0.0,ADD 1,0,1,13171,0,0.0,ADD 2,0,1,13160,0,0.0,ADD 3,0,1,13155,0,0.0,ADD 4,0,1,13133,0,0.0,ADD 5,0,0,0,0,0.0,ADD 6,0,1,13171,0,0.0,ADD 7,0,0,0,0,0.0,EGT2CAN,0,1,13122,0,0.0
1778951568.8654237,0.0,13184,-43.0,1,-,0,0,0,0,0.0,-,0,0,0,0,0.0,ECU,1,1,13144,0,0.0,FAN1,0,0,0,0,0.0,COILS,1,1,13117,0,0.0,PUMP,0,0,0,0,0.0,INJECTOR,1,1,13182,0,0.0,SERVO,1,1,13128,0,0.0,ADD 1,0,1,13100,0,0.0,ADD 2,0,1,13138,0,0.0,ADD 3,0,1,13160,0,0.0,ADD 4,0,1,13128,0,0.0,ADD 5,0,0,0,0,0.0,ADD 6,0,1,13149,0,0.0,ADD 7,0,0,0,0,0.0,EGT2CAN,0,1,13149,0,0.0
1778951568.9291208,0.0,13147,-41.0,1,-,0,0,0,0,0.0,-,0,0,0,0,0.0,ECU,1,1,13160,0,0.0,FAN1,0,0,0,0,0.0,COILS,1,1,13117,0,0.0,PUMP,0,0,0,0,0.0,INJECTOR,1,1,13117,0,0.0,SERVO,1,1,13117,0,0.0,ADD 1,0,1,13160,0,0.0,ADD 2,0,1,13144,0,0.0,ADD 3,0,1,13056,0,0.0,ADD 4,0,1,13106,0,0.0,ADD 5,0,0,0,0,0.0,ADD 6,0,1,13193,0,0.0,ADD 7,0,0,0,0,0.0,EGT2CAN,0,1,13166,0,0.0
1778951568.9800773,0.0,13147,-41.0,1,-,0,0,0,0,0.0,-,0,0,0,0,0.0,ECU,1,1,13160,0,0.0,FAN1,0,0,0,0,0.0,COILS,1,1,13117,0,0.0,PUMP,0,0,0,0,0.0,INJECTOR,1,1,13117,0,0.0,SERVO,1,1,13117,0,0.0,ADD 1,0,1,13160,0,0.0,ADD 2,0,1,13144,0,0.0,ADD 3,0,1,13056,0,0.0,ADD 4,0,1,13106,0,0.0,ADD 5,0,0,0,0,0.0,ADD 6,0,1,13193,0,0.0,ADD 7,0,0,0,0,0.0,EGT2CAN,0,1,13166,0,0.0
1778951569.0310707,0.0,13147,-41.0,1,-,0,0,0,0,0.0,-,0,0,0,0,0.0,ECU,1,1,13106,0,0.0,FAN1,0,0,0,0,0.0,COILS,1,1,13155,0,0.0,PUMP,0,0,0,0,0.0,INJECTOR,1,1,13133,0,0.0,SERVO,1,1,13084,0,0.0,ADD 1,0,1,13084,0,0.0,ADD 2,0,1,13182,0,0.0,ADD 3,0,1,13171,0,0.0,ADD 4,0,1,13122,0,0.0,ADD 5,0,0,0,0,0.0,ADD 6,0,1,13193,0,0.0,ADD 7,0,0,0,0,0.0,EGT2CAN,0,1,13166,0,0.0
1778951569.0816867,0.0,13153,-44.0,1,-,0,0,0,0,0.0,-,0,0,0,0,0.0,ECU,1,1,13128,0,0.0,FAN1,0,0,0,0,0.0,COILS,1,1,13182,0,0.0,PUMP,0,0,0,0,0.0,INJECTOR,1,1,13166,0,0.0,SERVO,1,1,13133,0,0.0,ADD 1,0,1,13138,0,0.0,ADD 2,0,1,13177,0,0.0,ADD 3,0,1,13073,0,0.0,ADD 4,0,1,13035,0,0.0,ADD 5,0,0,0,0,0.0,ADD 6,0,1,13193,0,0.0,ADD 7,0,0,0,0,0.0,EGT2CAN,0,1,13171,0,0.0
1778951569.1331043,0.0,13153,-44.0,1,-,0,0,0,0,0.0,-,0,0,0,0,0.0,ECU,1,1,13128,0,0.0,FAN1,0,0,0,0,0.0,COILS,1,1,13182,0,0.0,PUMP,0,0,0,0,0.0,INJECTOR,1,1,13166,0,0.0,SERVO,1,1,13133,0,0.0,ADD 1,0,1,13138,0,0.0,ADD 2,0,1,13177,0,0.0,ADD 3,0,1,13073,0,0.0,ADD 4,0,1,13035,0,0.0,ADD 5,0,0,0,0,0.0,ADD 6,0,1,13193,0,0.0,ADD 7,0,0,0,0,0.0,EGT2CAN,0,1,13171,0,0.0
1778951569.1840165,0.0,13153,-44.0,1,-,0,0,0,0,0.0,-,0,0,0,0,0.0,ECU,1,1,13155,0,0.0,FAN1,0,0,0,0,0.0,COILS,1,1,13171,0,0.0,PUMP,0,0,0,0,0.0,INJECTOR,1,1,13171,0,0.0,SERVO,1,1,13122,0,0.0,ADD 1,0,1,13177,0,0.0,ADD 2,0,1,13160,0,0.0,ADD 3,0,1,13171,0,0.0,ADD 4,0,1,13084,0,0.0,ADD 5,0,0,0,0,0.0,ADD 6,0,1,13128,0,0.0,ADD 7,0,0,0,0,0.0,EGT2CAN,0,1,13122,0,0.0
1778951569.2450821,0.0,13128,-43.0,1,-,0,0,0,0,0.0,-,0,0,0,0,0.0,ECU,1,1,13111,0,0.0,FAN1,0,0,0,0,0.0,COILS,1,1,13138,0,0.0,PUMP,0,0,0,0,0.0,INJECTOR,1,1,13095,0,0.0,SERVO,1,1,13073,0,0.0,ADD 1,0,1,13133,0,0.0,ADD 2,0,1,13182,0,0.0,ADD 3,0,1,13155,0,0.0,ADD 4,0,1,13122,0,0.0,ADD 5,0,0,0,0,0.0,ADD 6,0,1,13188,0,0.0,ADD 7,0,0,0,0,0.0,EGT2CAN,0,1,13122,0,0.0
1778951569.295677,0.0,13128,-43.0,1,-,0,0,0,0,0.0,-,0,0,0,0,0.0,ECU,1,1,13149,0,0.0,FAN1,0,0,0,0,0.0,COILS,1,1,13089,0,0.0,PUMP,0,0,0,0,0.0,INJECTOR,1,1,13166,0,0.0,SERVO,1,1,13149,0,0.0,ADD 1,0,1,13133,0,0.0,ADD 2,0,1,13182,0,0.0,ADD 3,0,1,13155,0,0.0,ADD 4,0,1,13122,0,0.0,ADD 5,0,0,0,0,0.0,ADD 6,0,1,13188,0,0.0,ADD 7,0,0,0,0,0.0,EGT2CAN,0,1,13122,0,0.0
1778951569.3466816,0.0,13166,-45.0,1,-,0,0,0,0,0.0,-,0,0,0,0,0.0,ECU,1,1,13138,0,0.0,FAN1,0,0,0,0,0.0,COILS,1,1,13128,0,0.0,PUMP,0,0,0,0,0.0,INJECTOR,1,1,13106,0,0.0,SERVO,1,1,13133,0,0.0,ADD 1,0,1,13128,0,0.0,ADD 2,0,1,13193,0,0.0,ADD 3,0,1,13166,0,0.0,ADD 4,0,1,13144,0,0.0,ADD 5,0,0,0,0,0.0,ADD 6,0,1,13182,0,0.0,ADD 7,0,0,0,0,0.0,EGT2CAN,0,1,13078,0,0.0
1778951569.4146588,0.0,13166,-44.0,1,-,0,0,0,0,0.0,-,0,0,0,0,0.0,ECU,1,1,13089,0,0.0,FAN1,0,0,0,0,0.0,COILS,1,1,13171,0,0.0,PUMP,0,0,0,0,0.0,INJECTOR,1,1,13089,0,0.0,SERVO,1,1,13084,0,0.0,ADD 1,0,1,13188,0,0.0,ADD 2,0,1,13149,0,0.0,ADD 3,0,1,13144,0,0.0,ADD 4,0,1,13106,0,0.0,ADD 5,0,0,0,0,0.0,ADD 6,0,1,13160,0,0.0,ADD 7,0,0,0,0,0.0,EGT2CAN,0,1,13078,0,0.0
1778951569.466695,0.0,13166,-44.0,1,-,0,0,0,0,0.0,-,0,0,0,0,0.0,ECU,1,1,13155,0,0.0,FAN1,0,0,0,0,0.0,COILS,1,1,13171,0,0.0,PUMP,0,0,0,0,0.0,INJECTOR,1,1,13128,0,0.0,SERVO,1,1,13155,0,0.0,ADD 1,0,1,13128,0,0.0,ADD 2,0,1,13193,0,0.0,ADD 3,0,1,13106,0,0.0,ADD 4,0,1,13045,0,0.0,ADD 5,0,0,0,0,0.0,ADD 6,0,1,13128,0,0.0,ADD 7,0,0,0,0,0.0,EGT2CAN,0,1,13171,0,0.0
1778951569.5172672,0.0,13153,-45.0,1,-,0,0,0,0,0.0,-,0,0,0,0,0.0,ECU,1,1,13138,0,0.0,FAN1,0,0,0,0,0.0,COILS,1,1,13171,0,0.0,PUMP,0,0,0,0,0.0,INJECTOR,1,1,13149,0,0.0,SERVO,1,1,13149,0,0.0,ADD 1,0,1,13155,0,0.0,ADD 2,0,1,13084,0,0.0,ADD 3,0,1,13111,0,0.0,ADD 4,0,1,13095,0,0.0,ADD 5,0,0,0,0,0.0,ADD 6,0,1,13193,0,0.0,ADD 7,0,0,0,0,0.0,EGT2CAN,0,1,13160,0,0.0
1778951569.5682635,0.0,13153,-45.0,1,-,0,0,0,0,0.0,-,0,0,0,0,0.0,ECU,1,1,13138,0,0.0,FAN1,0,0,0,0,0.0,COILS,1,1,13171,0,0.0,PUMP,0,0,0,0,0.0,INJECTOR,1,1,13149,0,0.0,SERVO,1,1,13149,0,0.0,ADD 1,0,1,13155,0,0.0,ADD 2,0,1,13084,0,0.0,ADD 3,0,1,13111,0,0.0,ADD 4,0,1,13095,0,0.0,ADD 5,0,0,0,0,0.0,ADD 6,0,1,13193,0,0.0,ADD 7,0,0,0,0,0.0,EGT2CAN,0,1,13160,0,0.0
1778951569.6190917,0.0,13153,-45.0,1,-,0,0,0,0,0.0,-,0,0,0,0,0.0,ECU,0,1,13117,0,0.0,FAN1,0,0,0,0,0.0,COILS,1,1,13171,0,0.0,PUMP,0,0,0,0,0.0,INJECTOR,1,1,13122,0,0.0,SERVO,1,1,13117,0,0.0,ADD 1,0,1,13177,0,0.0,ADD 2,0,1,13155,0,0.0,ADD 3,0,1,13106,0,0.0,ADD 4,0,1,13035,0,0.0,ADD 5,0,0,0,0,0.0,ADD 6,0,1,13144,0,0.0,ADD 7,0,0,0,0,0.0,EGT2CAN,0,1,13133,0,0.0
1778951569.6697943,3.3,13135,-44.0,1,-,0,0,0,0,0.0,-,0,0,0,0,0.0,ECU,1,1,13100,0,3.3,FAN1,0,0,0,0,0.0,COILS,1,1,13117,0,0.0,PUMP,0,0,0,0,0.0,INJECTOR,1,1,13122,0,0.0,SERVO,1,1,13144,0,0.0,ADD 1,0,1,13171,0,0.0,ADD 2,0,1,13199,0,0.0,ADD 3,0,1,13149,0,0.0,ADD 4,0,1,13062,0,0.0,ADD 5,0,0,0,0,0.0,ADD 6,0,1,13149,0,0.0,ADD 7,0,0,0,0,0.0,EGT2CAN,0,1,13128,0,0.0
1778951569.7213678,3.3,13135,-44.0,1,-,0,0,0,0,0.0,-,0,0,0,0,0.0,ECU,1,1,13100,0,3.3,FAN1,0,0,0,0,0.0,COILS,1,1,13117,0,0.0,PUMP,0,0,0,0,0.0,INJECTOR,1,1,13122,0,0.0,SERVO,1,1,13144,0,0.0,ADD 1,0,1,13171,0,0.0,ADD 2,0,1,13199,0,0.0,ADD 3,0,1,13149,0,0.0,ADD 4,0,1,13062,0,0.0,ADD 5,0,0,0,0,0.0,ADD 6,0,1,13149,0,0.0,ADD 7,0,0,0,0,0.0,EGT2CAN,0,1,13128,0,0.0
1778951569.7722142,3.3,13135,-44.0,1,-,0,0,0,0,0.0,-,0,0,0,0,0.0,ECU,1,1,13149,0,3.3,FAN1,0,0,0,0,0.0,COILS,1,1,13078,0,0.0,PUMP,0,0,0,0,0.0,INJECTOR,1,1,13144,0,0.0,SERVO,1,1,13149,0,0.0,ADD 1,0,1,13144,0,0.0,ADD 2,0,1,13177,0,0.0,ADD 3,0,1,13149,0,0.0,ADD 4,0,1,13138,0,0.0,ADD 5,0,0,0,0,0.0,ADD 6,0,1,13149,0,0.0,ADD 7,0,0,0,0,0.0,EGT2CAN,0,1,13128,0,0.0
1778951569.8227823,3.3,13159,-44.0,1,-,0,0,0,0,0.0,-,0,0,0,0,0.0,ECU,1,1,13160,0,3.3,FAN1,0,0,0,0,0.0,COILS,1,1,13106,0,0.0,PUMP,0,0,0,0,0.0,INJECTOR,1,1,13149,0,0.0,SERVO,1,1,13149,0,0.0,ADD 1,0,1,13035,0,0.0,ADD 2,0,1,13117,0,0.0,ADD 3,0,1,13122,0,0.0,ADD 4,0,1,13122,0,0.0,ADD 5,0,0,0,0,0.0,ADD 6,0,1,13188,0,0.0,ADD 7,0,0,0,0,0.0,EGT2CAN,0,1,13106,0,0.0
1778951569.8749447,3.3,13159,-44.0,1,-,0,0,0,0,0.0,-,0,0,0,0,0.0,ECU,1,1,13160,0,3.3,FAN1,0,0,0,0,0.0,COILS,1,1,13106,0,0.0,PUMP,0,0,0,0,0.0,INJECTOR,1,1,13149,0,0.0,SERVO,1,1,13149,0,0.0,ADD 1,0,1,13035,0,0.0,ADD 2,0,1,13117,0,0.0,ADD 3,0,1,13122,0,0.0,ADD 4,0,1,13122,0,0.0,ADD 5,0,0,0,0,0.0,ADD 6,0,1,13188,0,0.0,ADD 7,0,0,0,0,0.0,EGT2CAN,0,1,13106,0,0.0
1778951569.92608,0.0,13159,-44.0,1,-,0,0,0,0,0.0,-,0,0,0,0,0.0,ECU,1,1,13160,0,0.0,FAN1,0,0,0,0,0.0,COILS,1,1,13166,0,0.0,PUMP,0,0,0,0,0.0,INJECTOR,1,1,13111,0,0.0,SERVO,1,1,13111,0,0.0,ADD 1,0,1,13144,0,0.0,ADD 2,0,1,13171,0,0.0,ADD 3,0,1,13128,0,0.0,ADD 4,0,1,13035,0,0.0,ADD 5,0,0,0,0,0.0,ADD 6,0,1,13144,0,0.0,ADD 7,0,0,0,0,0.0,EGT2CAN,0,1,13138,0,0.0
1778951569.9825456,0.0,13172,-44.0,1,-,0,0,0,0,0.0,-,0,0,0,0,0.0,ECU,1,1,13166,0,0.0,FAN1,0,0,0,0,0.0,COILS,1,1,13171,0,0.0,PUMP,0,0,0,0,0.0,INJECTOR,1,1,13149,0,0.0,SERVO,1,1,13128,0,0.0,ADD 1,0,1,13138,0,0.0,ADD 2,0,1,13128,0,0.0,ADD 3,0,1,13122,0,0.0,ADD 4,0,1,13035,0,0.0,ADD 5,0,0,0,0,0.0,ADD 6,0,1,13166,0,0.0,ADD 7,0,0,0,0,0.0,EGT2CAN,0,1,13149,0,0.0
1778951570.0335968,0.0,13172,-44.0,1,-,0,0,0,0,0.0,-,0,0,0,0,0.0,ECU,1,1,13160,0,0.0,FAN1,0,0,0,0,0.0,COILS,1,1,13138,0,0.0,PUMP,0,0,0,0,0.0,INJECTOR,1,1,13193,0,0.0,SERVO,1,1,13138,0,0.0,ADD 1,0,1,13138,0,0.0,ADD 2,0,1,13128,0,0.0,ADD 3,0,1,13122,0,0.0,ADD 4,0,1,13035,0,0.0,ADD 5,0,0,0,0,0.0,ADD 6,0,1,13166,0,0.0,ADD 7,0,0,0,0,0.0,EGT2CAN,0,1,13149,0,0.0
1778951570.0845366,0.0,13166,-44.0,1,-,0,0,0,0,0.0,-,0,0,0,0,0.0,ECU,1,1,13149,0,0.0,FAN1,0,0,0,0,0.0,COILS,1,1,13138,0,0.0,PUMP,0,0,0,0,0.0,INJECTOR,1,1,13193,0,0.0,SERVO,1,1,13138,0,0.0,ADD 1,0,1,13171,0,0.0,ADD 2,0,1,13182,0,0.0,ADD 3,0,1,13166,0,0.0,ADD 4,0,1,13073,0,0.0,ADD 5,0,0,0,0,0.0,ADD 6,0,1,13144,0,0.0,ADD 7,0,0,0,0,0.0,EGT2CAN,0,1,13149,0,0.0
1778951570.144467,0.0,13147,-44.0,1,-,0,0,0,0,0.0,-,0,0,0,0,0.0,ECU,1,1,13089,0,0.0,FAN1,0,0,0,0,0.0,COILS,1,1,13160,0,0.0,PUMP,0,0,0,0,0.0,INJECTOR,1,1,13188,0,0.0,SERVO,1,1,13111,0,0.0,ADD 1,0,1,13138,0,0.0,ADD 2,0,1,13144,0,0.0,ADD 3,0,1,13095,0,0.0,ADD 4,0,1,13056,0,0.0,ADD 5,0,0,0,0,0.0,ADD 6,0,1,13149,0,0.0,ADD 7,0,0,0,0,0.0,EGT2CAN,0,1,13117,0,0.0
1778951570.1970727,0.0,13147,-44.0,1,-,0,0,0,0,0.0,-,0,0,0,0,0.0,ECU,1,1,13073,0,0.0,FAN1,0,0,0,0,0.0,COILS,1,1,13149,0,0.0,PUMP,0,0,0,0,0.0,INJECTOR,1,1,13128,0,0.0,SERVO,1,1,13095,0,0.0,ADD 1,0,1,13138,0,0.0,ADD 2,0,1,13144,0,0.0,ADD 3,0,1,13095,0,0.0,ADD 4,0,1,13056,0,0.0,ADD 5,0,0,0,0,0.0,ADD 6,0,1,13149,0,0.0,ADD 7,0,0,0,0,0.0,EGT2CAN,0,1,13117,0,0.0
1778951570.2536075,0.0,13135,-43.0,1,-,0,0,0,0,0.0,-,0,0,0,0,0.0,ECU,1,1,13160,0,0.0,FAN1,0,0,0,0,0.0,COILS,1,1,13095,0,0.0,PUMP,0,0,0,0,0.0,INJECTOR,1,1,13160,0,0.0,SERVO,1,1,13133,0,0.0,ADD 1,0,1,13149,0,0.0,ADD 2,0,1,13204,0,0.0,ADD 3,0,1,13149,0,0.0,ADD 4,0,1,13128,0,0.0,ADD 5,0,0,0,0,0.0,ADD 6,0,1,13122,0,0.0,ADD 7,0,0,0,0,0.0,EGT2CAN,0,1,13117,0,0.0
1778951570.3043957,0.0,13172,-43.0,1,-,0,0,0,0,0.0,-,0,0,0,0,0.0,ECU,1,1,13100,0,0.0,FAN1,0,0,0,0,0.0,COILS,1,1,13117,0,0.0,PUMP,0,0,0,0,0.0,INJECTOR,1,1,13171,0,0.0,SERVO,1,1,13084,0,0.0,ADD 1,0,1,13100,0,0.0,ADD 2,0,1,13128,0,0.0,ADD 3,0,1,13149,0,0.0,ADD 4,0,1,13111,0,0.0,ADD 5,0,0,0,0,0.0,ADD 6,0,1,13188,0,0.0,ADD 7,0,0,0,0,0.0,EGT2CAN,0,1,13106,0,0.0
1778951570.356356,0.0,13172,-43.0,1,-,0,0,0,0,0.0,-,0,0,0,0,0.0,ECU,1,1,13155,0,0.0,FAN1,0,0,0,0,0.0,COILS,1,1,13171,0,0.0,PUMP,0,0,0,0,0.0,INJECTOR,1,1,13106,0,0.0,SERVO,1,1,13089,0,0.0,ADD 1,0,1,13149,0,0.0,ADD 2,0,1,13193,0,0.0,ADD 3,0,1,13128,0,0.0,ADD 4,0,1,13056,0,0.0,ADD 5,0,0,0,0,0.0,ADD 6,0,1,13171,0,0.0,ADD 7,0,0,0,0,0.0,EGT2CAN,0,1,13144,0,0.0
1778951570.407316,2.0,13147,-43.0,1,-,0,0,0,0,0.0,-,0,0,0,0,0.0,ECU,1,1,13100,10,2.0,FAN1,0,0,0,0,0.0,COILS,1,1,13171,0,0.0,PUMP,0,0,0,0,0.0,INJECTOR,1,1,13160,0,0.0,SERVO,1,1,13106,0,0.0,ADD 1,0,1,13067,0,0.0,ADD 2,0,1,13171,0,0.0,ADD 3,0,1,13128,0,0.0,ADD 4,0,1,13133,0,0.0,ADD 5,0,0,0,0,0.0,ADD 6,0,1,13182,0,0.0,ADD 7,0,0,0,0,0.0,EGT2CAN,0,1,13144,0,0.0
1778951570.4595222,2.0,13135,-44.0,1,-,0,0,0,0,0.0,-,0,0,0,0,0.0,ECU,1,1,13149,0,2.0,FAN1,0,0,0,0,0.0,COILS,1,1,13160,0,0.0,PUMP,0,0,0,0,0.0,INJECTOR,1,1,13144,0,0.0,SERVO,1,1,13133,0,0.0,ADD 1,0,1,13128,0,0.0,ADD 2,0,1,13166,0,0.0,ADD 3,0,1,13122,0,0.0,ADD 4,0,1,13128,0,0.0,ADD 5,0,0,0,0,0.0,ADD 6,0,1,13144,0,0.0,ADD 7,0,0,0,0,0.0,EGT2CAN,0,1,13117,0,0.0
1778951570.510395,2.0,13135,-44.0,1,-,0,0,0,0,0.0,-,0,0,0,0,0.0,ECU,1,1,13133,0,2.0,FAN1,0,0,0,0,0.0,COILS,1,1,13144,0,0.0,PUMP,0,0,0,0,0.0,INJECTOR,1,1,13182,0,0.0,SERVO,1,1,13144,0,0.0,ADD 1,0,1,13128,0,0.0,ADD 2,0,1,13166,0,0.0,ADD 3,0,1,13149,0,0.0,ADD 4,0,1,13067,0,0.0,ADD 5,0,0,0,0,0.0,ADD 6,0,1,13144,0,0.0,ADD 7,0,0,0,0,0.0,EGT2CAN,0,1,13117,0,0.0
1778951570.5618913,2.0,13184,-43.0,1,-,0,0,0,0,0.0,-,0,0,0,0,0.0,ECU,1,1,13067,0,2.0,FAN1,0,0,0,0,0.0,COILS,1,1,13138,0,0.0,PUMP,0,0,0,0,0.0,INJECTOR,1,1,13155,0,0.0,SERVO,1,1,13045,0,0.0,ADD 1,0,1,13171,0,0.0,ADD 2,0,1,13133,0,0.0,ADD 3,0,1,13100,0,0.0,ADD 4,0,1,13084,0,0.0,ADD 5,0,0,0,0,0.0,ADD 6,0,1,13149,0,0.0,ADD 7,0,0,0,0,0.0,EGT2CAN,0,1,13117,0,0.0
1778951570.6232402,4.0,13141,-44.0,1,-,0,0,0,0,0.0,-,0,0,0,0,0.0,ECU,1,1,13160,10,4.0,FAN1,0,0,0,0,0.0,COILS,1,1,13117,0,0.0,PUMP,0,0,0,0,0.0,INJECTOR,1,1,13144,0,0.0,SERVO,1,1,13128,0,0.0,ADD 1,0,1,13171,0,0.0,ADD 2,0,1,13171,0,0.0,ADD 3,0,1,13138,0,0.0,ADD 4,0,1,13045,0,0.0,ADD 5,0,0,0,0,0.0,ADD 6,0,1,13149,0,0.0,ADD 7,0,0,0,0,0.0,EGT2CAN,0,1,13111,0,0.0
1778951570.673415,2.0,13122,-44.0,1,-,0,0,0,0,0.0,-,0,0,0,0,0.0,ECU,1,1,13122,0,2.0,FAN1,0,0,0,0,0.0,COILS,1,1,13138,0,0.0,PUMP,0,0,0,0,0.0,INJECTOR,1,1,13117,0,0.0,SERVO,1,1,13035,0,0.0,ADD 1,0,1,13078,0,0.0,ADD 2,0,1,13149,0,0.0,ADD 3,0,1,13128,0,0.0,ADD 4,0,1,13144,0,0.0,ADD 5,0,0,0,0,0.0,ADD 6,0,1,13182,0,0.0,ADD 7,0,0,0,0,0.0,EGT2CAN,0,1,13128,0,0.0
1778951570.7243977,2.0,13122,-44.0,1,-,0,0,0,0,0.0,-,0,0,0,0,0.0,ECU,1,1,13122,0,2.0,FAN1,0,0,0,0,0.0,COILS,1,1,13138,0,0.0,PUMP,0,0,0,0,0.0,INJECTOR,1,1,13117,0,0.0,SERVO,1,1,13035,0,0.0,ADD 1,0,1,13078,0,0.0,ADD 2,0,1,13149,0,0.0,ADD 3,0,1,13128,0,0.0,ADD 4,0,1,13144,0,0.0,ADD 5,0,0,0,0,0.0,ADD 6,0,1,13182,0,0.0,ADD 7,0,0,0,0,0.0,EGT2CAN,0,1,13128,0,0.0
1778951570.7757397,0.0,13122,-44.0,1,-,0,0,0,0,0.0,-,0,0,0,0,0.0,ECU,1,1,13171,0,0.0,FAN1,0,0,0,0,0.0,COILS,1,1,13128,0,0.0,PUMP,0,0,0,0,0.0,INJECTOR,1,1,13073,0,0.0,SERVO,1,1,13106,0,0.0,ADD 1,0,1,13128,0,0.0,ADD 2,0,1,13171,0,0.0,ADD 3,0,1,13128,0,0.0,ADD 4,0,1,13095,0,0.0,ADD 5,0,0,0,0,0.0,ADD 6,0,1,13160,0,0.0,ADD 7,0,0,0,0,0.0,EGT2CAN,0,1,13111,0,0.0
1778951570.8377485,2.0,13122,-43.0,1,-,0,0,0,0,0.0,-,0,0,0,0,0.0,ECU,1,1,13128,0,2.0,FAN1,0,0,0,0,0.0,COILS,1,1,13171,0,0.0,PUMP,0,0,0,0,0.0,INJECTOR,1,1,13111,0,0.0,SERVO,1,1,13089,0,0.0,ADD 1,0,1,13171,0,0.0,ADD 2,0,1,13193,0,0.0,ADD 3,0,1,13149,0,0.0,ADD 4,0,1,13078,0,0.0,ADD 5,0,0,0,0,0.0,ADD 6,0,1,13106,0,0.0,ADD 7,0,0,0,0,0.0,EGT2CAN,0,1,13111,0,0.0
1778951570.888396,2.0,13122,-43.0,1,-,0,0,0,0,0.0,-,0,0,0,0,0.0,ECU,1,1,13111,0,2.0,FAN1,0,0,0,0,0.0,COILS,1,1,13171,0,0.0,PUMP,0,0,0,0,0.0,INJECTOR,1,1,13111,0,0.0,SERVO,1,1,13089,0,0.0,ADD 1,0,1,13171,0,0.0,ADD 2,0,1,13193,0,0.0,ADD 3,0,1,13149,0,0.0,ADD 4,0,1,13078,0,0.0,ADD 5,0,0,0,0,0.0,ADD 6,0,1,13106,0,0.0,ADD 7,0,0,0,0,0.0,EGT2CAN,0,1,13111,0,0.0
1778951570.9398992,2.5,13147,-44.0,1,-,0,0,0,0,0.0,-,0,0,0,0,0.0,ECU,1,1,13111,0,2.5,FAN1,0,0,0,0,0.0,COILS,1,1,13166,0,0.0,PUMP,0,0,0,0,0.0,INJECTOR,1,1,13177,0,0.0,SERVO,1,1,13111,0,0.0,ADD 1,0,1,13111,0,0.0,ADD 2,0,1,13106,0,0.0,ADD 3,0,1,13111,0,0.0,ADD 4,0,1,13111,0,0.0,ADD 5,0,0,0,0,0.0,ADD 6,0,1,13166,0,0.0,ADD 7,0,0,0,0,0.0,EGT2CAN,0,1,13117,0,0.0
1778951570.9971788,1.7,13122,-43.0,1,-,0,0,0,0,0.0,-,0,0,0,0,0.0,ECU,1,1,13089,0,1.7,FAN1,0,0,0,0,0.0,COILS,1,1,13160,0,0.0,PUMP,0,0,0,0,0.0,INJECTOR,1,1,13144,0,0.0,SERVO,1,1,13149,0,0.0,ADD 1,0,1,13166,0,0.0,ADD 2,0,1,13171,0,0.0,ADD 3,0,1,13089,0,0.0,ADD 4,0,1,13084,0,0.0,ADD 5,0,0,0,0,0.0,ADD 6,0,1,13182,0,0.0,ADD 7,0,0,0,0,0.0,EGT2CAN,0,1,13128,0,0.0
1778951571.0646484,1.7,13122,-43.0,1,-,0,0,0,0,0.0,-,0,0,0,0,0.0,ECU,1,1,13111,0,1.7,FAN1,0,0,0,0,0.0,COILS,1,1,13166,0,0.0,PUMP,0,0,0,0,0.0,INJECTOR,1,1,13166,0,0.0,SERVO,1,1,13138,0,0.0,ADD 1,0,1,13166,0,0.0,ADD 2,0,1,13171,0,0.0,ADD 3,0,1,13089,0,0.0,ADD 4,0,1,13084,0,0.0,ADD 5,0,0,0,0,0.0,ADD 6,0,1,13182,0,0.0,ADD 7,0,0,0,0,0.0,EGT2CAN,0,1,13128,0,0.0
1778951571.1164422,0.0,13122,-43.0,1,-,0,0,0,0,0.0,-,0,0,0,0,0.0,ECU,1,1,13089,0,0.0,FAN1,0,0,0,0,0.0,COILS,1,1,13128,0,0.0,PUMP,0,0,0,0,0.0,INJECTOR,1,1,13117,0,0.0,SERVO,1,1,13084,0,0.0,ADD 1,0,1,13089,0,0.0,ADD 2,0,1,13144,0,0.0,ADD 3,0,1,13128,0,0.0,ADD 4,0,1,13089,0,0.0,ADD 5,0,0,0,0,0.0,ADD 6,0,1,13188,0,0.0,ADD 7,0,0,0,0,0.0,EGT2CAN,0,1,13073,0,0.0
1778951571.1684265,0.0,13122,-43.0,1,-,0,0,0,0,0.0,-,0,0,0,0,0.0,ECU,1,1,13089,0,0.0,FAN1,0,0,0,0,0.0,COILS,1,1,13128,0,0.0,PUMP,0,0,0,0,0.0,INJECTOR,1,1,13117,0,0.0,SERVO,1,1,13084,0,0.0,ADD 1,0,1,13089,0,0.0,ADD 2,0,1,13144,0,0.0,ADD 3,0,1,13128,0,0.0,ADD 4,0,1,13089,0,0.0,ADD 5,0,0,0,0,0.0,ADD 6,0,1,13188,0,0.0,ADD 7,0,0,0,0,0.0,EGT2CAN,0,1,13073,0,0.0
1778951571.219114,2.5,13122,-43.0,1,-,0,0,0,0,0.0,-,0,0,0,0,0.0,ECU,1,1,13149,10,2.5,FAN1,0,0,0,0,0.0,COILS,1,1,13128,0,0.0,PUMP,0,0,0,0,0.0,INJECTOR,1,1,13106,0,0.0,SERVO,1,1,13078,0,0.0,ADD 1,0,1,13149,0,0.0,ADD 2,0,1,13171,0,0.0,ADD 3,0,1,13111,0,0.0,ADD 4,0,1,13111,0,0.0,ADD 5,0,0,0,0,0.0,ADD 6,0,1,13117,0,0.0,ADD 7,0,0,0,0,0.0,EGT2CAN,0,1,13133,0,0.0
1778951571.2765112,1.7,13135,-43.0,1,-,0,0,0,0,0.0,-,0,0,0,0,0.0,ECU,1,1,13166,0,1.7,FAN1,0,0,0,0,0.0,COILS,1,1,13128,0,0.0,PUMP,0,0,0,0,0.0,INJECTOR,1,1,13171,0,0.0,SERVO,1,1,13089,0,0.0,ADD 1,0,1,13149,0,0.0,ADD 2,0,1,13133,0,0.0,ADD 3,0,1,13095,0,0.0,ADD 4,0,1,13106,0,0.0,ADD 5,0,0,0,0,0.0,ADD 6,0,1,13149,0,0.0,ADD 7,0,0,0,0,0.0,EGT2CAN,0,1,13128,0,0.0
1778951571.328204,1.7,13166,-45.0,1,-,0,0,0,0,0.0,-,0,0,0,0,0.0,ECU,1,1,13073,0,1.7,FAN1,0,0,0,0,0.0,COILS,1,1,13177,0,0.0,PUMP,0,0,0,0,0.0,INJECTOR,1,1,13155,0,0.0,SERVO,1,1,13035,0,0.0,ADD 1,0,1,13149,0,0.0,ADD 2,0,1,13133,0,0.0,ADD 3,0,1,13095,0,0.0,ADD 4,0,1,13106,0,0.0,ADD 5,0,0,0,0,0.0,ADD 6,0,1,13149,0,0.0,ADD 7,0,0,0,0,0.0,EGT2CAN,0,1,13128,0,0.0
1778951571.3789294,2.5,13135,-43.0,1,-,0,0,0,0,0.0,-,0,0,0,0,0.0,ECU,1,1,13160,0,2.5,FAN1,0,0,0,0,0.0,COILS,1,1,13166,0,0.0,PUMP,0,0,0,0,0.0,INJECTOR,1,1,13171,0,0.0,SERVO,1,1,13095,0,0.0,ADD 1,0,1,13144,0,0.0,ADD 2,0,1,13188,0,0.0,ADD 3,0,1,13117,0,0.0,ADD 4,0,1,13122,0,0.0,ADD 5,0,0,0,0,0.0,ADD 6,0,1,13106,0,0.0,ADD 7,0,0,0,0,0.0,EGT2CAN,0,1,13138,0,0.0
1778951571.449229,0.0,13135,-43.0,1,-,0,0,0,0,0.0,-,0,0,0,0,0.0,ECU,1,1,13128,0,0.0,FAN1,0,0,0,0,0.0,COILS,1,1,13149,0,0.0,PUMP,0,0,0,0,0.0,INJECTOR,1,1,13166,0,0.0,SERVO,1,1,13035,0,0.0,ADD 1,0,1,13128,0,0.0,ADD 2,0,1,13177,0,0.0,ADD 3,0,1,13111,0,0.0,ADD 4,0,1,13095,0,0.0,ADD 5,0,0,0,0,0.0,ADD 6,0,1,13149,0,0.0,ADD 7,0,0,0,0,0.0,EGT2CAN,0,1,13133,0,0.0
1778951571.5008278,0.0,13135,-43.0,1,-,0,0,0,0,0.0,-,0,0,0,0,0.0,ECU,1,1,13138,0,0.0,FAN1,0,0,0,0,0.0,COILS,1,1,13160,0,0.0,PUMP,0,0,0,0,0.0,INJECTOR,1,1,13144,0,0.0,SERVO,1,1,13138,0,0.0,ADD 1,0,1,13177,0,0.0,ADD 2,0,1,13133,0,0.0,ADD 3,0,1,13089,0,0.0,ADD 4,0,1,13029,0,0.0,ADD 5,0,0,0,0,0.0,ADD 6,0,1,13149,0,0.0,ADD 7,0,0,0,0,0.0,EGT2CAN,0,1,13133,0,0.0
1778951571.5515966,0.0,13122,-43.0,1,-,0,0,0,0,0.0,-,0,0,0,0,0.0,ECU,1,1,13078,0,0.0,FAN1,0,0,0,0,0.0,COILS,1,1,13149,0,0.0,PUMP,0,0,0,0,0.0,INJECTOR,1,1,13128,0,0.0,SERVO,1,1,13035,0,0.0,ADD 1,0,1,13138,0,0.0,ADD 2,0,1,13166,0,0.0,ADD 3,0,1,13035,0,0.0,ADD 4,0,1,13073,0,0.0,ADD 5,0,0,0,0,0.0,ADD 6,0,1,13144,0,0.0,ADD 7,0,0,0,0,0.0,EGT2CAN,0,1,13144,0,0.0
1778951571.6030161,0.0,13159,-43.0,1,-,0,0,0,0,0.0,-,0,0,0,0,0.0,ECU,1,1,13078,0,0.0,FAN1,0,0,0,0,0.0,COILS,1,1,13149,0,0.0,PUMP,0,0,0,0,0.0,INJECTOR,1,1,13128,0,0.0,SERVO,1,1,13040,0,0.0,ADD 1,0,1,13128,0,0.0,ADD 2,0,1,13144,0,0.0,ADD 3,0,1,13155,0,0.0,ADD 4,0,1,13095,0,0.0,ADD 5,0,0,0,0,0.0,ADD 6,0,1,13171,0,0.0,ADD 7,0,0,0,0,0.0,EGT2CAN,0,1,13040,0,0.0
1778951571.6549926,0.0,13159,-43.0,1,-,0,0,0,0,0.0,-,0,0,0,0,0.0,ECU,1,1,13106,0,0.0,FAN1,0,0,0,0,0.0,COILS,1,1,13149,0,0.0,PUMP,0,0,0,0,0.0,INJECTOR,1,1,13106,0,0.0,SERVO,1,1,13084,0,0.0,ADD 1,0,1,13182,0,0.0,ADD 2,0,1,13160,0,0.0,ADD 3,0,1,13155,0,0.0,ADD 4,0,1,13128,0,0.0,ADD 5,0,0,0,0,0.0,ADD 6,0,1,13171,0,0.0,ADD 7,0,0,0,0,0.0,EGT2CAN,0,1,13040,0,0.0
1778951571.705627,0.0,13116,-43.0,1,-,0,0,0,0,0.0,-,0,0,0,0,0.0,ECU,1,1,13149,0,0.0,FAN1,0,0,0,0,0.0,COILS,1,1,13078,0,0.0,PUMP,0,0,0,0,0.0,INJECTOR,1,1,13084,0,0.0,SERVO,1,1,13122,0,0.0,ADD 1,0,1,13149,0,0.0,ADD 2,0,1,13100,0,0.0,ADD 3,0,1,13106,0,0.0,ADD 4,0,1,13106,0,0.0,ADD 5,0,0,0,0,0.0,ADD 6,0,1,13149,0,0.0,ADD 7,0,0,0,0,0.0,EGT2CAN,0,1,13100,0,0.0
1778951571.7649775,0.0,13116,-43.0,1,-,0,0,0,0,0.0,-,0,0,0,0,0.0,ECU,1,1,13138,0,0.0,FAN1,0,0,0,0,0.0,COILS,1,1,13095,0,0.0,PUMP,0,0,0,0,0.0,INJECTOR,1,1,13149,0,0.0,SERVO,1,1,13144,0,0.0,ADD 1,0,1,13073,0,0.0,ADD 2,0,1,13117,0,0.0,ADD 3,0,1,13084,0,0.0,ADD 4,0,1,13111,0,0.0,ADD 5,0,0,0,0,0.0,ADD 6,0,1,13144,0,0.0,ADD 7,0,0,0,0,0.0,EGT2CAN,0,1,13144,0,0.0
1778951571.8224297,2.0,13159,-43.0,1,-,0,0,0,0,0.0,-,0,0,0,0,0.0,ECU,1,1,13106,0,2.0,FAN1,0,0,0,0,0.0,COILS,1,1,13155,0,0.0,PUMP,0,0,0,0,0.0,INJECTOR,1,1,13160,0,0.0,SERVO,1,1,13078,0,0.0,ADD 1,0,1,13149,0,0.0,ADD 2,0,1,13166,0,0.0,ADD 3,0,1,13045,0,0.0,ADD 4,0,1,13084,0,0.0,ADD 5,0,0,0,0,0.0,ADD 6,0,1,13133,0,0.0,ADD 7,0,0,0,0,0.0,EGT2CAN,0,1,13166,0,0.0
1778951571.8765323,2.0,13159,-43.0,1,-,0,0,0,0,0.0,-,0,0,0,0,0.0,ECU,1,1,13106,0,2.0,FAN1,0,0,0,0,0.0,COILS,1,1,13155,0,0.0,PUMP,0,0,0,0,0.0,INJECTOR,1,1,13160,0,0.0,SERVO,1,1,13078,0,0.0,ADD 1,0,1,13149,0,0.0,ADD 2,0,1,13166,0,0.0,ADD 3,0,1,13045,0,0.0,ADD 4,0,1,13084,0,0.0,ADD 5,0,0,0,0,0.0,ADD 6,0,1,13133,0,0.0,ADD 7,0,0,0,0,0.0,EGT2CAN,0,1,13166,0,0.0
1778951571.9366488,2.5,13159,-43.0,1,-,0,0,0,0,0.0,-,0,0,0,0,0.0,ECU,1,1,13144,0,2.5,FAN1,0,0,0,0,0.0,COILS,1,1,13149,0,0.0,PUMP,0,0,0,0,0.0,INJECTOR,1,1,13117,0,0.0,SERVO,1,1,13128,0,0.0,ADD 1,0,1,13089,0,0.0,ADD 2,0,1,13084,0,0.0,ADD 3,0,1,13144,0,0.0,ADD 4,0,1,13073,0,0.0,ADD 5,0,0,0,0,0.0,ADD 6,0,1,13182,0,0.0,ADD 7,0,0,0,0,0.0,EGT2CAN,0,1,13149,0,0.0
1778951571.9875622,2.0,13122,-43.0,1,-,0,0,0,0,0.0,-,0,0,0,0,0.0,ECU,1,1,13056,0,2.0,FAN1,0,0,0,0,0.0,COILS,1,1,13128,0,0.0,PUMP,0,0,0,0,0.0,INJECTOR,1,1,13171,0,0.0,SERVO,1,1,13133,0,0.0,ADD 1,0,1,13171,0,0.0,ADD 2,0,1,13149,0,0.0,ADD 3,0,1,13056,0,0.0,ADD 4,0,1,13045,0,0.0,ADD 5,0,0,0,0,0.0,ADD 6,0,1,13138,0,0.0,ADD 7,0,0,0,0,0.0,EGT2CAN,0,1,13149,0,0.0
1778951572.03925,0.0,13159,-43.0,1,-,0,0,0,0,0.0,-,0,0,0,0,0.0,ECU,1,1,13106,0,0.0,FAN1,0,0,0,0,0.0,COILS,1,1,13149,0,0.0,PUMP,0,0,0,0,0.0,INJECTOR,1,1,13100,0,0.0,SERVO,1,1,13122,0,0.0,ADD 1,0,1,13128,0,0.0,ADD 2,0,1,13144,0,0.0,ADD 3,0,1,13149,0,0.0,ADD 4,0,1,13111,0,0.0,ADD 5,0,0,0,0,0.0,ADD 6,0,1,13133,0,0.0,ADD 7,0,0,0,0,0.0,EGT2CAN,0,1,13111,0,0.0
1778951572.0968428,0.0,13159,-43.0,1,-,0,0,0,0,0.0,-,0,0,0,0,0.0,ECU,1,1,13155,0,0.0,FAN1,0,0,0,0,0.0,COILS,1,1,13089,0,0.0,PUMP,0,0,0,0,0.0,INJECTOR,1,1,13133,0,0.0,SERVO,1,1,13089,0,0.0,ADD 1,0,1,13144,0,0.0,ADD 2,0,1,13171,0,0.0,ADD 3,0,1,13122,0,0.0,ADD 4,0,1,13111,0,0.0,ADD 5,0,0,0,0,0.0,ADD 6,0,1,13133,0,0.0,ADD 7,0,0,0,0,0.0,EGT2CAN,0,1,13111,0,0.0
1778951572.1478045,0.0,13110,-43.0,1,-,0,0,0,0,0.0,-,0,0,0,0,0.0,ECU,1,1,13111,0,0.0,FAN1,0,0,0,0,0.0,COILS,1,1,13106,0,0.0,PUMP,0,0,0,0,0.0,INJECTOR,1,1,13122,0,0.0,SERVO,1,1,13100,0,0.0,ADD 1,0,1,13144,0,0.0,ADD 2,0,1,13177,0,0.0,ADD 3,0,1,13144,0,0.0,ADD 4,0,1,13117,0,0.0,ADD 5,0,0,0,0,0.0,ADD 6,0,1,13084,0,0.0,ADD 7,0,0,0,0,0.0,EGT2CAN,0,1,13089,0,0.0
1778951572.199144,1.7,13122,-43.0,1,-,0,0,0,0,0.0,-,0,0,0,0,0.0,ECU,1,1,13133,10,1.7,FAN1,0,0,0,0,0.0,COILS,1,1,13106,0,0.0,PUMP,0,0,0,0,0.0,INJECTOR,1,1,13106,0,0.0,SERVO,1,1,13089,0,0.0,ADD 1,0,1,13138,0,0.0,ADD 2,0,1,13160,0,0.0,ADD 3,0,1,13155,0,0.0,ADD 4,0,1,13117,0,0.0,ADD 5,0,0,0,0,0.0,ADD 6,0,1,13149,0,0.0,ADD 7,0,0,0,0,0.0,EGT2CAN,0,1,13122,0,0.0
1778951572.25083,1.7,13122,-43.0,1,-,0,0,0,0,0.0,-,0,0,0,0,0.0,ECU,1,1,13160,10,1.7,FAN1,0,0,0,0,0.0,COILS,1,1,13160,0,0.0,PUMP,0,0,0,0,0.0,INJECTOR,1,1,13100,0,0.0,SERVO,1,1,13144,0,0.0,ADD 1,0,1,13155,0,0.0,ADD 2,0,1,13171,0,0.0,ADD 3,0,1,13106,0,0.0,ADD 4,0,1,13067,0,0.0,ADD 5,0,0,0,0,0.0,ADD 6,0,1,13149,0,0.0,ADD 7,0,0,0,0,0.0,EGT2CAN,0,1,13122,0,0.0
1778951572.309275,2.0,13110,-43.0,1,-,0,0,0,0,0.0,-,0,0,0,0,0.0,ECU,1,1,13073,0,2.0,FAN1,0,0,0,0,0.0,COILS,1,1,13122,0,0.0,PUMP,0,0,0,0,0.0,INJECTOR,1,1,13155,0,0.0,SERVO,1,1,13067,0,0.0,ADD 1,0,1,13117,0,0.0,ADD 2,0,1,13149,0,0.0,ADD 3,0,1,13155,0,0.0,ADD 4,0,1,13122,0,0.0,ADD 5,0,0,0,0,0.0,ADD 6,0,1,13144,0,0.0,ADD 7,0,0,0,0,0.0,EGT2CAN,0,1,13128,0,0.0
1778951572.3669417,2.0,13159,-43.0,1,-,0,0,0,0,0.0,-,0,0,0,0,0.0,ECU,1,1,13160,0,2.0,FAN1,0,0,0,0,0.0,COILS,1,1,13133,0,0.0,PUMP,0,0,0,0,0.0,INJECTOR,1,1,13144,0,0.0,SERVO,1,1,13144,0,0.0,ADD 1,0,1,13089,0,0.0,ADD 2,0,1,13122,0,0.0,ADD 3,0,1,13128,0,0.0,ADD 4,0,1,13106,0,0.0,ADD 5,0,0,0,0,0.0,ADD 6,0,1,13128,0,0.0,ADD 7,0,0,0,0,0.0,EGT2CAN,0,1,13128,0,0.0
1778951572.4174795,2.0,13135,-44.0,1,-,0,0,0,0,0.0,-,0,0,0,0,0.0,ECU,1,1,13100,0,2.0,FAN1,0,0,0,0,0.0,COILS,1,1,13133,0,0.0,PUMP,0,0,0,0,0.0,INJECTOR,1,1,13117,0,0.0,SERVO,1,1,13128,0,0.0,ADD 1,0,1,13149,0,0.0,ADD 2,0,1,13138,0,0.0,ADD 3,0,1,13035,0,0.0,ADD 4,0,1,13067,0,0.0,ADD 5,0,0,0,0,0.0,ADD 6,0,1,13166,0,0.0,ADD 7,0,0,0,0,0.0,EGT2CAN,0,1,13160,0,0.0
1778951572.4695876,2.0,13135,-44.0,1,-,0,0,0,0,0.0,-,0,0,0,0,0.0,ECU,1,1,13100,0,2.0,FAN1,0,0,0,0,0.0,COILS,1,1,13133,0,0.0,PUMP,0,0,0,0,0.0,INJECTOR,1,1,13117,0,0.0,SERVO,1,1,13128,0,0.0,ADD 1,0,1,13149,0,0.0,ADD 2,0,1,13138,0,0.0,ADD 3,0,1,13035,0,0.0,ADD 4,0,1,13067,0,0.0,ADD 5,0,0,0,0,0.0,ADD 6,0,1,13166,0,0.0,ADD 7,0,0,0,0,0.0,EGT2CAN,0,1,13160,0,0.0
1778951572.5200944,2.0,13135,-44.0,1,-,0,0,0,0,0.0,-,0,0,0,0,0.0,ECU,1,1,13095,0,2.0,FAN1,0,0,0,0,0.0,COILS,1,1,13138,0,0.0,PUMP,0,0,0,0,0.0,INJECTOR,1,1,13149,0,0.0,SERVO,1,1,13128,0,0.0,ADD 1,0,1,13149,0,0.0,ADD 2,0,1,13138,0,0.0,ADD 3,0,1,13035,0,0.0,ADD 4,0,1,13067,0,0.0,ADD 5,0,0,0,0,0.0,ADD 6,0,1,13166,0,0.0,ADD 7,0,0,0,0,0.0,EGT2CAN,0,1,13160,0,0.0
1778951572.5826628,2.0,13159,-43.0,1,-,0,0,0,0,0.0,-,0,0,0,0,0.0,ECU,1,1,13133,0,2.0,FAN1,0,0,0,0,0.0,COILS,1,1,13106,0,0.0,PUMP,0,0,0,0,0.0,INJECTOR,1,1,13144,0,0.0,SERVO,1,1,13089,0,0.0,ADD 1,0,1,13149,0,0.0,ADD 2,0,1,13133,0,0.0,ADD 3,0,1,13106,0,0.0,ADD 4,0,1,13117,0,0.0,ADD 5,0,0,0,0,0.0,ADD 6,0,1,13073,0,0.0,ADD 7,0,0,0,0,0.0,EGT2CAN,0,1,13149,0,0.0
1778951572.63669,2.0,13098,-45.0,1,-,0,0,0,0,0.0,-,0,0,0,0,0.0,ECU,1,1,13138,0,2.0,FAN1,0,0,0,0,0.0,COILS,1,1,13106,0,0.0,PUMP,0,0,0,0,0.0,INJECTOR,1,1,13144,0,0.0,SERVO,1,1,13089,0,0.0,ADD 1,0,1,13149,0,0.0,ADD 2,0,1,13133,0,0.0,ADD 3,0,1,13106,0,0.0,ADD 4,0,1,13117,0,0.0,ADD 5,0,0,0,0,0.0,ADD 6,0,1,13073,0,0.0,ADD 7,0,0,0,0,0.0,EGT2CAN,0,1,13149,0,0.0
1778951572.6897285,0.0,13104,-43.0,1,-,0,0,0,0,0.0,-,0,0,0,0,0.0,ECU,1,1,13149,0,0.0,FAN1,0,0,0,0,0.0,COILS,1,1,13155,0,0.0,PUMP,0,0,0,0,0.0,INJECTOR,1,1,13056,0,0.0,SERVO,1,1,13144,0,0.0,ADD 1,0,1,13133,0,0.0,ADD 2,0,1,13138,0,0.0,ADD 3,0,1,13106,0,0.0,ADD 4,0,1,13122,0,0.0,ADD 5,0,0,0,0,0.0,ADD 6,0,1,13128,0,0.0,ADD 7,0,0,0,0,0.0,EGT2CAN,0,1,13106,0,0.0
1778951572.7459998,1.7,13079,-44.0,1,-,0,0,0,0,0.0,-,0,0,0,0,0.0,ECU,1,1,13144,10,1.7,FAN1,0,0,0,0,0.0,COILS,1,1,13095,0,0.0,PUMP,0,0,0,0,0.0,INJECTOR,1,1,13133,0,0.0,SERVO,1,1,13095,0,0.0,ADD 1,0,1,13106,0,0.0,ADD 2,0,1,13177,0,0.0,ADD 3,0,1,13089,0,0.0,ADD 4,0,1,13024,0,0.0,ADD 5,0,0,0,0,0.0,ADD 6,0,1,13166,0,0.0,ADD 7,0,0,0,0,0.0,EGT2CAN,0,1,13149,0,0.0
1778951572.7976408,1.7,13079,-44.0,1,-,0,0,0,0,0.0,-,0,0,0,0,0.0,ECU,1,1,13144,10,1.7,FAN1,0,0,0,0,0.0,COILS,1,1,13095,0,0.0,PUMP,0,0,0,0,0.0,INJECTOR,1,1,13133,0,0.0,SERVO,1,1,13095,0,0.0,ADD 1,0,1,13106,0,0.0,ADD 2,0,1,13177,0,0.0,ADD 3,0,1,13089,0,0.0,ADD 4,0,1,13024,0,0.0,ADD 5,0,0,0,0,0.0,ADD 6,0,1,13166,0,0.0,ADD 7,0,0,0,0,0.0,EGT2CAN,0,1,13149,0,0.0
1778951572.8486664,2.0,13079,-43.0,1,-,0,0,0,0,0.0,-,0,0,0,0,0.0,ECU,1,1,13128,0,2.0,FAN1,0,0,0,0,0.0,COILS,1,1,13128,0,0.0,PUMP,0,0,0,0,0.0,INJECTOR,1,1,13160,0,0.0,SERVO,1,1,13133,0,0.0,ADD 1,0,1,13078,0,0.0,ADD 2,0,1,13100,0,0.0,ADD 3,0,1,13084,0,0.0,ADD 4,0,1,13089,0,0.0,ADD 5,0,0,0,0,0.0,ADD 6,0,1,13166,0,0.0,ADD 7,0,0,0,0,0.0,EGT2CAN,0,1,13128,0,0.0
1778951572.899698,2.5,13079,-43.0,1,-,0,0,0,0,0.0,-,0,0,0,0,0.0,ECU,1,1,13106,0,2.5,FAN1,0,0,0,0,0.0,COILS,1,1,13117,0,0.0,PUMP,0,0,0,0,0.0,INJECTOR,1,1,13149,0,0.0,SERVO,1,1,13084,0,0.0,ADD 1,0,1,13133,0,0.0,ADD 2,0,1,13117,0,0.0,ADD 3,0,1,13084,0,0.0,ADD 4,0,1,13089,0,0.0,ADD 5,0,0,0,0,0.0,ADD 6,0,1,13166,0,0.0,ADD 7,0,0,0,0,0.0,EGT2CAN,0,1,13117,0,0.0
1778951572.951352,2.5,13159,-43.0,1,-,0,0,0,0,0.0,-,0,0,0,0,0.0,ECU,1,1,13138,0,2.5,FAN1,0,0,0,0,0.0,COILS,1,1,13117,0,0.0,PUMP,0,0,0,0,0.0,INJECTOR,1,1,13149,0,0.0,SERVO,1,1,13084,0,0.0,ADD 1,0,1,13133,0,0.0,ADD 2,0,1,13117,0,0.0,ADD 3,0,1,13084,0,0.0,ADD 4,0,1,13089,0,0.0,ADD 5,0,0,0,0,0.0,ADD 6,0,1,13166,0,0.0,ADD 7,0,0,0,0,0.0,EGT2CAN,0,1,13117,0,0.0
1778951573.0060124,0.0,13159,-43.0,1,-,0,0,0,0,0.0,-,0,0,0,0,0.0,ECU,1,1,13117,0,0.0,FAN1,0,0,0,0,0.0,COILS,1,1,13138,0,0.0,PUMP,0,0,0,0,0.0,INJECTOR,1,1,13155,0,0.0,SERVO,1,1,13138,0,0.0,ADD 1,0,1,13084,0,0.0,ADD 2,0,1,13095,0,0.0,ADD 3,0,1,13128,0,0.0,ADD 4,0,1,13133,0,0.0,ADD 5,0,0,0,0,0.0,ADD 6,0,1,13171,0,0.0,ADD 7,0,0,0,0,0.0,EGT2CAN,0,1,13128,0,0.0
1778951573.0561917,0.0,13159,-43.0,1,-,0,0,0,0,0.0,-,0,0,0,0,0.0,ECU,1,1,13089,0,0.0,FAN1,0,0,0,0,0.0,COILS,1,1,13128,0,0.0,PUMP,0,0,0,0,0.0,INJECTOR,1,1,13160,0,0.0,SERVO,1,1,13122,0,0.0,ADD 1,0,1,13155,0,0.0,ADD 2,0,1,13117,0,0.0,ADD 3,0,1,13128,0,0.0,ADD 4,0,1,13084,0,0.0,ADD 5,0,0,0,0,0.0,ADD 6,0,1,13171,0,0.0,ADD 7,0,0,0,0,0.0,EGT2CAN,0,1,13128,0,0.0
1778951573.1073563,0.0,13153,-44.0,1,-,0,0,0,0,0.0,-,0,0,0,0,0.0,ECU,1,1,13089,0,0.0,FAN1,0,0,0,0,0.0,COILS,1,1,13128,0,0.0,PUMP,0,0,0,0,0.0,INJECTOR,1,1,13160,0,0.0,SERVO,1,1,13122,0,0.0,ADD 1,0,1,13155,0,0.0,ADD 2,0,1,13117,0,0.0,ADD 3,0,1,13128,0,0.0,ADD 4,0,1,13084,0,0.0,ADD 5,0,0,0,0,0.0,ADD 6,0,1,13111,0,0.0,ADD 7,0,0,0,0,0.0,EGT2CAN,0,1,13149,0,0.0
1778951573.1601553,2.0,13116,-43.0,1,-,0,0,0,0,0.0,-,0,0,0,0,0.0,ECU,1,1,13106,10,2.0,FAN1,0,0,0,0,0.0,COILS,1,1,13045,0,0.0,PUMP,0,0,0,0,0.0,INJECTOR,1,1,13100,0,0.0,SERVO,1,1,13051,0,0.0,ADD 1,0,1,13111,0,0.0,ADD 2,0,1,13133,0,0.0,ADD 3,0,1,13035,0,0.0,ADD 4,0,1,13067,0,0.0,ADD 5,0,0,0,0,0.0,ADD 6,0,1,13177,0,0.0,ADD 7,0,0,0,0,0.0,EGT2CAN,0,1,13155,0,0.0
1778951573.2287767,30.0,13116,-43.0,1,-,0,0,0,0,0.0,-,0,0,0,0,0.0,ECU,0,1,9670,110,30.0,FAN1,0,0,0,0,0.0,COILS,1,1,9971,0,0.0,PUMP,0,0,0,0,0.0,INJECTOR,1,1,9977,0,0.0,SERVO,1,1,9742,0,0.0,ADD 1,0,1,8046,0,0.0,ADD 2,0,1,8029,0,0.0,ADD 3,0,1,8068,0,0.0,ADD 4,0,1,8084,0,0.0,ADD 5,0,0,0,0,0.0,ADD 6,0,1,8079,0,0.0,ADD 7,0,0,0,0,0.0,EGT2CAN,0,1,8068,0,0.0
1778951573.2793143,63.3,10690,-44.0,1,-,0,0,0,0,0.0,-,0,0,0,0,0.0,ECU,0,1,10901,150,63.3,FAN1,0,0,0,0,0.0,COILS,1,1,10770,0,0.0,PUMP,0,0,0,0,0.0,INJECTOR,1,1,10693,0,0.0,SERVO,1,1,10770,0,0.0,ADD 1,0,1,10857,0,0.0,ADD 2,0,1,10923,0,0.0,ADD 3,0,1,10868,0,0.0,ADD 4,0,1,10852,0,0.0,ADD 5,0,0,0,0,0.0,ADD 6,0,1,10863,0,0.0,ADD 7,0,0,0,0,0.0,EGT2CAN,0,1,10808,0,0.0
1778951573.3314867,63.3,10690,-44.0,1,-,0,0,0,0,0.0,-,0,0,0,0,0.0,ECU,0,1,10901,150,63.3,FAN1,0,0,0,0,0.0,COILS,1,1,10770,0,0.0,PUMP,0,0,0,0,0.0,INJECTOR,1,1,10693,0,0.0,SERVO,1,1,10770,0,0.0,ADD 1,0,1,10857,0,0.0,ADD 2,0,1,10923,0,0.0,ADD 3,0,1,10868,0,0.0,ADD 4,0,1,10852,0,0.0,ADD 5,0,0,0,0,0.0,ADD 6,0,1,10863,0,0.0,ADD 7,0,0,0,0,0.0,EGT2CAN,0,1,10808,0,0.0
1778951573.3843863,115.0,10690,-44.0,1,-,0,0,0,0,0.0,-,0,0,0,0,0.0,ECU,0,1,11169,90,115.0,FAN1,0,0,0,0,0.0,COILS,1,1,11142,0,0.0,PUMP,0,0,0,0,0.0,INJECTOR,1,1,11125,0,0.0,SERVO,1,1,11043,0,0.0,ADD 1,0,1,11169,0,0.0,ADD 2,0,1,11208,0,0.0,ADD 3,0,1,11115,0,0.0,ADD 4,0,1,11153,0,0.0,ADD 5,0,0,0,0,0.0,ADD 6,0,1,11164,0,0.0,ADD 7,0,0,0,0,0.0,EGT2CAN,0,1,11224,0,0.0
1778951573.4353178,1854.0,12064,-43.0,1,-,0,0,0,0,0.0,-,0,0,0,0,0.0,ECU,0,1,12050,160,102.0,FAN1,0,0,0,0,0.0,COILS,1,1,12017,0,0.0,PUMP,0,1,12083,3810,1752.0,INJECTOR,1,1,11946,0,0.0,SERVO,1,1,11935,0,0.0,ADD 1,0,1,11995,0,0.0,ADD 2,0,1,12126,0,0.0,ADD 3,0,1,12121,0,0.0,ADD 4,0,1,12110,0,0.0,ADD 5,0,0,0,0,0.0,ADD 6,0,1,12039,0,0.0,ADD 7,0,0,0,0,0.0,EGT2CAN,0,1,12094,0,0.0
1778951573.487755,1854.0,12064,-43.0,1,-,0,0,0,0,0.0,-,0,0,0,0,0.0,ECU,0,1,12050,160,102.0,FAN1,0,0,0,0,0.0,COILS,1,1,12017,0,0.0,PUMP,0,1,12083,3810,1752.0,INJECTOR,1,1,11946,0,0.0,SERVO,1,1,11935,0,0.0,ADD 1,0,1,11995,0,0.0,ADD 2,0,1,12126,0,0.0,ADD 3,0,1,12121,0,0.0,ADD 4,0,1,12110,0,0.0,ADD 5,0,0,0,0,0.0,ADD 6,0,1,12039,0,0.0,ADD 7,0,0,0,0,0.0,EGT2CAN,0,1,12094,0,0.0
1778951573.538981,3185.0,12064,-43.0,1,-,0,0,0,0,0.0,-,0,0,0,0,0.0,ECU,0,1,11924,260,127.5,FAN1,0,0,0,0,0.0,COILS,1,1,11962,0,0.0,PUMP,0,1,11908,3470,3057.5,INJECTOR,1,1,11891,0,0.0,SERVO,1,1,11869,0,0.0,ADD 1,0,1,11913,0,0.0,ADD 2,0,1,11995,0,0.0,ADD 3,0,1,12001,0,0.0,ADD 4,0,1,11935,0,0.0,ADD 5,0,0,0,0,0.0,ADD 6,0,1,11842,0,0.0,ADD 7,0,0,0,0,0.0,EGT2CAN,0,1,11837,0,0.0
1778951573.5961568,3266.7,10182,-43.0,1,-,0,0,0,0,0.0,-,0,0,0,0,0.0,ECU,0,1,10168,270,176.7,FAN1,0,0,0,0,0.0,COILS,1,1,10130,0,0.0,PUMP,0,1,9999,2680,3090.0,INJECTOR,1,1,10234,0,0.0,SERVO,1,1,10174,0,0.0,ADD 1,0,1,11678,0,0.0,ADD 2,0,1,11601,0,0.0,ADD 3,0,1,11514,0,0.0,ADD 4,0,1,11672,0,0.0,ADD 5,0,0,0,0,0.0,ADD 6,0,1,11771,0,0.0,ADD 7,0,0,0,0,0.0,EGT2CAN,0,1,11645,0,0.0
1778951573.6466544,3266.7,10182,-43.0,1,-,0,0,0,0,0.0,-,0,0,0,0,0.0,ECU,0,1,11607,270,176.7,FAN1,0,0,0,0,0.0,COILS,1,1,10130,0,0.0,PUMP,0,1,9999,2680,3090.0,INJECTOR,1,1,10234,0,0.0,SERVO,1,1,10174,0,0.0,ADD 1,0,1,11678,0,0.0,ADD 2,0,1,11601,0,0.0,ADD 3,0,1,11514,0,0.0,ADD 4,0,1,11672,0,0.0,ADD 5,0,0,0,0,0.0,ADD 6,0,1,11771,0,0.0,ADD 7,0,0,0,0,0.0,EGT2CAN,0,1,11645,0,0.0
1778951573.697322,3652.5,10182,-43.0,1,-,0,0,0,0,0.0,-,0,0,0,0,0.0,ECU,0,1,11607,270,270.0,FAN1,0,0,0,0,0.0,COILS,1,1,11607,0,0.0,PUMP,0,1,11607,3750,3382.5,INJECTOR,1,1,11590,0,0.0,SERVO,1,1,11574,0,0.0,ADD 1,0,1,10994,0,0.0,ADD 2,0,1,11120,0,0.0,ADD 3,0,1,11065,0,0.0,ADD 4,0,1,11065,0,0.0,ADD 5,0,0,0,0,0.0,ADD 6,0,1,10857,0,0.0,ADD 7,0,0,0,0,0.0,EGT2CAN,0,1,11071,0,0.0
1778951573.7480998,3683.3,12200,-44.0,1,-,0,0,0,0,0.0,-,0,0,0,0,0.0,ECU,0,1,12159,130,225.0,FAN1,0,0,0,0,0.0,COILS,1,1,12083,0,0.0,PUMP,0,1,12137,3560,3458.3,INJECTOR,1,1,12219,0,0.0,SERVO,1,1,12225,0,0.0,ADD 1,0,1,12209,0,0.0,ADD 2,0,1,12126,0,0.0,ADD 3,0,1,12105,0,0.0,ADD 4,0,1,12094,0,0.0,ADD 5,0,0,0,0,0.0,ADD 6,0,1,12176,0,0.0,ADD 7,0,0,0,0,0.0,EGT2CAN,0,1,12121,0,0.0
1778951573.7991743,3683.3,12200,-44.0,1,-,0,0,0,0,0.0,-,0,0,0,0,0.0,ECU,0,1,12034,130,225.0,FAN1,0,0,0,0,0.0,COILS,1,1,12083,0,0.0,PUMP,0,1,12137,3560,3458.3,INJECTOR,1,1,12219,0,0.0,SERVO,1,1,12225,0,0.0,ADD 1,0,1,12209,0,0.0,ADD 2,0,1,12126,0,0.0,ADD 3,0,1,12105,0,0.0,ADD 4,0,1,12094,0,0.0,ADD 5,0,0,0,0,0.0,ADD 6,0,1,12176,0,0.0,ADD 7,0,0,0,0,0.0,EGT2CAN,0,1,12121,0,0.0
1778951573.850101,3805.0,11971,-43.0,1,-,0,0,0,0,0.0,-,0,0,0,0,0.0,ECU,0,1,12159,140,170.0,FAN1,0,0,0,0,0.0,COILS,1,1,12181,0,0.0,PUMP,0,1,12225,3570,3635.0,INJECTOR,1,1,12285,0,0.0,SERVO,1,1,12176,0,0.0,ADD 1,0,1,12017,0,0.0,ADD 2,0,1,12039,0,0.0,ADD 3,0,1,12023,0,0.0,ADD 4,0,1,12006,0,0.0,ADD 5,0,0,0,0,0.0,ADD 6,0,1,12050,0,0.0,ADD 7,0,0,0,0,0.0,EGT2CAN,0,1,11962,0,0.0
1778951573.923293,3773.3,10461,-44.0,1,-,0,0,0,0,0.0,-,0,0,0,0,0.0,ECU,0,1,10524,190,166.7,FAN1,0,0,0,0,0.0,COILS,1,1,10568,0,0.0,PUMP,0,1,10732,3470,3606.7,INJECTOR,1,1,10600,0,0.0,SERVO,1,1,10436,0,0.0,ADD 1,0,1,10524,0,0.0,ADD 2,0,1,10655,0,0.0,ADD 3,0,1,10792,0,0.0,ADD 4,0,1,10770,0,0.0,ADD 5,0,0,0,0,0.0,ADD 6,0,1,10754,0,0.0,ADD 7,0,0,0,0,0.0,EGT2CAN,0,1,10518,0,0.0
1778951573.9745839,3773.3,10461,-44.0,1,-,0,0,0,0,0.0,-,0,0,0,0,0.0,ECU,0,1,11765,190,166.7,FAN1,0,0,0,0,0.0,COILS,1,1,11705,0,0.0,PUMP,0,1,11733,3470,3606.7,INJECTOR,1,1,11776,0,0.0,SERVO,1,1,11787,0,0.0,ADD 1,0,1,11744,0,0.0,ADD 2,0,1,11760,0,0.0,ADD 3,0,1,11765,0,0.0,ADD 4,0,1,11776,0,0.0,ADD 5,0,0,0,0,0.0,ADD 6,0,1,10754,0,0.0,ADD 7,0,0,0,0,0.0,EGT2CAN,0,1,10518,0,0.0
1778951574.0251102,3706.7,12163,-44.0,1,-,0,0,0,0,0.0,-,0,0,0,0,0.0,ECU,0,1,11962,140,171.7,FAN1,0,0,0,0,0.0,COILS,1,1,12017,0,0.0,PUMP,0,1,12116,3550,3535.0,INJECTOR,1,1,12110,0,0.0,SERVO,1,1,11995,0,0.0,ADD 1,0,1,12072,0,0.0,ADD 2,0,1,12072,0,0.0,ADD 3,0,1,12137,0,0.0,ADD 4,0,1,12110,0,0.0,ADD 5,0,0,0,0,0.0,ADD 6,0,1,12121,0,0.0,ADD 7,0,0,0,0,0.0,EGT2CAN,0,1,12094,0,0.0
1778951574.0761728,3706.7,12163,-44.0,1,-,0,0,0,0,0.0,-,0,0,0,0,0.0,ECU,0,1,11962,140,171.7,FAN1,0,0,0,0,0.0,COILS,1,1,12017,0,0.0,PUMP,0,1,12116,3550,3535.0,INJECTOR,1,1,12110,0,0.0,SERVO,1,1,11995,0,0.0,ADD 1,0,1,12072,0,0.0,ADD 2,0,1,12072,0,0.0,ADD 3,0,1,12137,0,0.0,ADD 4,0,1,12110,0,0.0,ADD 5,0,0,0,0,0.0,ADD 6,0,1,12121,0,0.0,ADD 7,0,0,0,0,0.0,EGT2CAN,0,1,12094,0,0.0
1778951574.1281846,3702.5,12163,-44.0,1,-,0,0,0,0,0.0,-,0,0,0,0,0.0,ECU,0,1,12280,130,175.0,FAN1,0,0,0,0,0.0,COILS,1,1,12285,0,0.0,PUMP,0,1,12198,3570,3527.5,INJECTOR,1,1,12198,0,0.0,SERVO,1,1,12219,0,0.0,ADD 1,0,1,12121,0,0.0,ADD 2,0,1,12050,0,0.0,ADD 3,0,1,12132,0,0.0,ADD 4,0,1,12187,0,0.0,ADD 5,0,0,0,0,0.0,ADD 6,0,1,12192,0,0.0,ADD 7,0,0,0,0,0.0,EGT2CAN,0,1,12236,0,0.0
1778951574.1831298,3625.0,11315,-45.0,1,-,0,0,0,0,0.0,-,0,0,0,0,0.0,ECU,0,1,11470,230,170.0,FAN1,0,0,0,0,0.0,COILS,1,1,11383,0,11.7,PUMP,0,1,11273,3670,3443.3,INJECTOR,1,1,11328,0,0.0,SERVO,1,1,11322,0,0.0,ADD 1,0,1,10781,0,0.0,ADD 2,0,1,10655,0,0.0,ADD 3,0,1,10589,0,0.0,ADD 4,0,1,10655,0,0.0,ADD 5,0,0,0,0,0.0,ADD 6,0,1,10814,0,0.0,ADD 7,0,0,0,0,0.0,EGT2CAN,0,1,10732,0,0.0
1778951574.234329,3625.0,11315,-45.0,1,-,0,0,0,0,0.0,-,0,0,0,0,0.0,ECU,0,1,11662,230,170.0,FAN1,0,0,0,0,0.0,COILS,1,1,11383,0,11.7,PUMP,0,1,11273,3670,3443.3,INJECTOR,1,1,11328,0,0.0,SERVO,1,1,11322,0,0.0,ADD 1,0,1,10781,0,0.0,ADD 2,0,1,10655,0,0.0,ADD 3,0,1,10589,0,0.0,ADD 4,0,1,10655,0,0.0,ADD 5,0,0,0,0,0.0,ADD 6,0,1,10814,0,0.0,ADD 7,0,0,0,0,0.0,EGT2CAN,0,1,10732,0,0.0
1778951574.2847085,3592.5,11315,-45.0,1,-,0,0,0,0,0.0,-,0,0,0,0,0.0,ECU,0,1,11662,180,157.5,FAN1,0,0,0,0,0.0,COILS,1,1,11645,0,17.5,PUMP,0,1,11645,3550,3417.5,INJECTOR,1,1,11530,0,0.0,SERVO,1,1,11536,0,0.0,ADD 1,0,1,11722,0,0.0,ADD 2,0,1,11776,0,0.0,ADD 3,0,1,11672,0,0.0,ADD 4,0,1,11607,0,0.0,ADD 5,0,0,0,0,0.0,ADD 6,0,1,11694,0,0.0,ADD 7,0,0,0,0,0.0,EGT2CAN,0,1,11771,0,0.0
1778951574.3352077,3751.7,12163,-43.0,1,-,0,0,0,0,0.0,-,0,0,0,0,0.0,ECU,0,1,12105,150,153.3,FAN1,0,0,0,0,0.0,COILS,1,1,12187,0,11.7,PUMP,0,1,12143,3520,3470.0,INJECTOR,0,1,12176,700,116.7,SERVO,1,1,12192,0,0.0,ADD 1,0,1,11990,0,0.0,ADD 2,0,1,12105,0,0.0,ADD 3,0,1,12170,0,0.0,ADD 4,0,1,12061,0,0.0,ADD 5,0,0,0,0,0.0,ADD 6,0,1,12006,0,0.0,ADD 7,0,0,0,0,0.0,EGT2CAN,0,1,11957,0,0.0
1778951574.3922064,3751.7,12163,-43.0,1,-,0,0,0,0,0.0,-,0,0,0,0,0.0,ECU,0,1,12187,150,153.3,FAN1,0,0,0,0,0.0,COILS,1,1,12214,0,11.7,PUMP,0,1,12192,3520,3470.0,INJECTOR,1,1,12214,700,116.7,SERVO,1,1,12219,0,0.0,ADD 1,0,1,11990,0,0.0,ADD 2,0,1,12105,0,0.0,ADD 3,0,1,12170,0,0.0,ADD 4,0,1,12061,0,0.0,ADD 5,0,0,0,0,0.0,ADD 6,0,1,12006,0,0.0,ADD 7,0,0,0,0,0.0,EGT2CAN,0,1,11957,0,0.0
1778951574.4543157,3692.0,10739,-43.0,1,-,0,0,0,0,0.0,-,0,0,0,0,0.0,ECU,0,1,10589,190,170.0,FAN1,0,0,0,0,0.0,COILS,1,1,10403,0,0.0,PUMP,0,1,10310,2690,3382.0,INJECTOR,1,1,10300,0,140.0,SERVO,1,1,10403,0,0.0,ADD 1,0,1,10425,0,0.0,ADD 2,0,1,10398,0,0.0,ADD 3,0,1,10289,0,0.0,ADD 4,0,1,10223,0,0.0,ADD 5,0,0,0,0,0.0,ADD 6,0,1,10179,0,0.0,ADD 7,0,0,0,0,0.0,EGT2CAN,0,1,10376,0,0.0
1778951574.5065746,3725.7,11247,-43.0,1,-,0,0,0,0,0.0,-,0,0,0,0,0.0,ECU,0,1,11322,200,174.0,FAN1,0,0,0,0,0.0,COILS,1,1,11350,0,0.0,PUMP,0,1,11279,3700,3435.0,INJECTOR,1,1,11328,0,116.7,SERVO,1,1,11344,0,0.0,ADD 1,0,1,11344,0,0.0,ADD 2,0,1,11279,0,0.0,ADD 3,0,1,11213,0,0.0,ADD 4,0,1,11218,0,0.0,ADD 5,0,0,0,0,0.0,ADD 6,0,1,11404,0,0.0,ADD 7,0,0,0,0,0.0,EGT2CAN,0,1,11290,0,0.0
1778951574.5568633,3725.7,11247,-43.0,1,-,0,0,0,0,0.0,-,0,0,0,0,0.0,ECU,0,1,11672,200,174.0,FAN1,0,0,0,0,0.0,COILS,1,1,11689,0,0.0,PUMP,0,1,11662,3700,3435.0,INJECTOR,1,1,11678,0,116.7,SERVO,1,1,11678,0,0.0,ADD 1,0,1,11344,0,0.0,ADD 2,0,1,11279,0,0.0,ADD 3,0,1,11213,0,0.0,ADD 4,0,1,11218,0,0.0,ADD 5,0,0,0,0,0.0,ADD 6,0,1,11404,0,0.0,ADD 7,0,0,0,0,0.0,EGT2CAN,0,1,11290,0,0.0
1778951574.6089008,3602.0,12020,-44.0,1,-,0,0,0,0,0.0,-,0,0,0,0,0.0,ECU,0,1,11995,150,180.0,FAN1,0,0,0,0,0.0,COILS,1,1,12083,0,0.0,PUMP,0,1,12044,3600,3422.0,INJECTOR,1,1,12001,0,0.0,SERVO,1,1,11995,0,0.0,ADD 1,0,1,11984,0,0.0,ADD 2,0,1,12039,0,0.0,ADD 3,0,1,12061,0,0.0,ADD 4,0,1,11957,0,0.0,ADD 5,0,0,0,0,0.0,ADD 6,0,1,11962,0,0.0,ADD 7,0,0,0,0,0.0,EGT2CAN,0,1,11995,0,0.0
1778951574.6691751,3772.5,12020,-44.0,1,-,0,0,0,0,0.0,-,0,0,0,0,0.0,ECU,0,1,12110,140,165.0,FAN1,0,0,0,0,0.0,COILS,1,1,12154,0,0.0,PUMP,0,1,12198,3530,3607.5,INJECTOR,1,1,12137,0,0.0,SERVO,1,1,12165,0,0.0,ADD 1,0,1,12126,0,0.0,ADD 2,0,1,12088,0,0.0,ADD 3,0,1,12072,0,0.0,ADD 4,0,1,12154,0,0.0,ADD 5,0,0,0,0,0.0,ADD 6,0,1,12159,0,0.0,ADD 7,0,0,0,0,0.0,EGT2CAN,0,1,12126,0,0.0
1778951574.7298477,3580.0,8833,-44.0,1,-,0,0,0,0,0.0,-,0,0,0,0,0.0,ECU,0,1,8905,310,184.0,FAN1,0,0,0,0,0.0,COILS,1,1,9069,0,0.0,PUMP,0,1,9271,2690,3396.0,INJECTOR,1,1,9271,0,0.0,SERVO,1,1,9370,0,0.0,ADD 1,0,1,10059,0,0.0,ADD 2,0,1,10042,0,0.0,ADD 3,0,1,10010,0,0.0,ADD 4,0,1,10015,0,0.0,ADD 5,0,0,0,0,0.0,ADD 6,0,1,9977,0,0.0,ADD 7,0,0,0,0,0.0,EGT2CAN,0,1,9949,0,0.0
1778951574.781228,3580.0,8833,-44.0,1,-,0,0,0,0,0.0,-,0,0,0,0,0.0,ECU,0,1,8905,310,184.0,FAN1,0,0,0,0,0.0,COILS,1,1,9069,0,0.0,PUMP,0,1,9271,2690,3396.0,INJECTOR,1,1,9271,0,0.0,SERVO,1,1,9370,0,0.0,ADD 1,0,1,10059,0,0.0,ADD 2,0,1,10042,0,0.0,ADD 3,0,1,10010,0,0.0,ADD 4,0,1,10015,0,0.0,ADD 5,0,0,0,0,0.0,ADD 6,0,1,9977,0,0.0,ADD 7,0,0,0,0,0.0,EGT2CAN,0,1,9949,0,0.0
1778951574.8322065,3580.0,8833,-44.0,1,-,0,0,0,0,0.0,-,0,0,0,0,0.0,ECU,0,1,11301,310,184.0,FAN1,0,0,0,0,0.0,COILS,1,1,11251,0,0.0,PUMP,0,1,11202,2690,3396.0,INJECTOR,1,1,11158,0,0.0,SERVO,1,1,11175,0,0.0,ADD 1,0,1,10513,0,0.0,ADD 2,0,1,10644,0,0.0,ADD 3,0,1,10748,0,0.0,ADD 4,0,1,10688,0,0.0,ADD 5,0,0,0,0,0.0,ADD 6,0,1,10699,0,0.0,ADD 7,0,0,0,0,0.0,EGT2CAN,0,1,10633,0,0.0
1778951574.8828592,3552.0,9241,-43.0,1,-,0,0,0,0,0.0,-,0,0,0,0,0.0,ECU,0,1,9299,320,232.0,FAN1,0,0,0,0,0.0,COILS,1,1,9408,0,0.0,PUMP,0,1,9468,3570,3320.0,INJECTOR,1,1,9506,0,0.0,SERVO,1,1,9539,0,0.0,ADD 1,0,1,8773,0,0.0,ADD 2,0,1,8948,0,0.0,ADD 3,0,1,9058,0,0.0,ADD 4,0,1,9085,0,0.0,ADD 5,0,0,0,0,0.0,ADD 6,0,1,8998,0,0.0,ADD 7,0,0,0,0,0.0,EGT2CAN,0,1,8861,0,0.0
1778951574.933455,3552.0,9241,-43.0,1,-,0,0,0,0,0.0,-,0,0,0,0,0.0,ECU,0,1,9299,320,232.0,FAN1,0,0,0,0,0.0,COILS,0,1,9408,0,0.0,PUMP,0,1,9468,3570,3320.0,INJECTOR,1,1,9506,0,0.0,SERVO,1,1,9539,0,0.0,ADD 1,0,1,8773,0,0.0,ADD 2,0,1,8948,0,0.0,ADD 3,0,1,9058,0,0.0,ADD 4,0,1,9085,0,0.0,ADD 5,0,0,0,0,0.0,ADD 6,0,1,8998,0,0.0,ADD 7,0,0,0,0,0.0,EGT2CAN,0,1,8861,0,0.0
1778951574.985609,4030.0,9241,-43.0,1,-,0,0,0,0,0.0,-,0,0,0,0,0.0,ECU,0,1,11279,230,232.5,FAN1,0,0,0,0,0.0,COILS,0,1,11197,1120,280.0,PUMP,0,1,11317,3720,3517.5,INJECTOR,1,1,11328,0,0.0,SERVO,1,1,11273,0,0.0,ADD 1,0,1,10589,0,0.0,ADD 2,0,1,10655,0,0.0,ADD 3,0,1,10748,0,0.0,ADD 4,0,1,10743,0,0.0,ADD 5,0,0,0,0,0.0,ADD 6,0,1,10666,0,0.0,ADD 7,0,0,0,0,0.0,EGT2CAN,0,1,10671,0,0.0
1778951575.0414534,3833.3,10287,-43.0,1,-,0,0,0,0,0.0,-,0,0,0,0,0.0,ECU,0,1,10179,230,220.0,FAN1,0,0,0,0,0.0,COILS,1,1,10250,0,186.7,PUMP,0,1,10190,2860,3426.7,INJECTOR,1,1,10141,0,0.0,SERVO,1,1,10108,0,0.0,ADD 1,0,1,10190,0,0.0,ADD 2,0,1,10234,0,0.0,ADD 3,0,1,10289,0,0.0,ADD 4,0,1,10250,0,0.0,ADD 5,0,0,0,0,0.0,ADD 6,0,1,10250,0,0.0,ADD 7,0,0,0,0,0.0,EGT2CAN,0,1,10239,0,0.0
1778951575.1099365,3833.3,10287,-43.0,1,-,0,0,0,0,0.0,-,0,0,0,0,0.0,ECU,0,1,11311,230,220.0,FAN1,0,0,0,0,0.0,COILS,1,1,10250,0,186.7,PUMP,0,1,10190,2860,3426.7,INJECTOR,1,1,10141,0,0.0,SERVO,1,1,10108,0,0.0,ADD 1,0,1,10190,0,0.0,ADD 2,0,1,10234,0,0.0,ADD 3,0,1,10289,0,0.0,ADD 4,0,1,10250,0,0.0,ADD 5,0,0,0,0,0.0,ADD 6,0,1,10250,0,0.0,ADD 7,0,0,0,0,0.0,EGT2CAN,0,1,10239,0,0.0
1778951575.1605043,3918.0,11761,-43.0,1,-,0,0,0,0,0.0,-,0,0,0,0,0.0,ECU,0,1,11787,180,198.0,FAN1,0,0,0,0,0.0,COILS,1,1,11804,0,224.0,PUMP,0,1,11733,3590,3496.0,INJECTOR,1,1,11689,0,0.0,SERVO,1,1,11722,0,0.0,ADD 1,0,1,11809,0,0.0,ADD 2,0,1,11858,0,0.0,ADD 3,0,1,11831,0,0.0,ADD 4,0,1,11755,0,0.0,ADD 5,0,0,0,0,0.0,ADD 6,0,1,11738,0,0.0,ADD 7,0,0,0,0,0.0,EGT2CAN,0,1,11798,0,0.0
1778951575.2163792,3885.0,11971,-45.0,1,-,0,0,0,0,0.0,-,0,0,0,0,0.0,ECU,0,1,11995,150,190.0,FAN1,0,0,0,0,0.0,COILS,1,1,11957,0,186.7,PUMP,0,1,11995,3570,3508.3,INJECTOR,1,1,11968,0,0.0,SERVO,1,1,12023,0,0.0,ADD 1,0,1,12034,0,0.0,ADD 2,0,1,11995,0,0.0,ADD 3,0,1,11979,0,0.0,ADD 4,0,1,11990,0,0.0,ADD 5,0,0,0,0,0.0,ADD 6,0,1,11979,0,0.0,ADD 7,0,0,0,0,0.0,EGT2CAN,0,1,11951,0,0.0
1778951575.2672043,3885.0,11971,-45.0,1,-,0,0,0,0,0.0,-,0,0,0,0,0.0,ECU,0,1,11853,150,190.0,FAN1,0,0,0,0,0.0,COILS,1,1,12006,0,186.7,PUMP,0,1,12006,3570,3508.3,INJECTOR,1,1,12012,0,0.0,SERVO,1,1,11946,0,0.0,ADD 1,0,1,11946,0,0.0,ADD 2,0,1,12001,0,0.0,ADD 3,0,1,11886,0,0.0,ADD 4,0,1,11820,0,0.0,ADD 5,0,0,0,0,0.0,ADD 6,0,1,11935,0,0.0,ADD 7,0,0,0,0,0.0,EGT2CAN,0,1,11979,0,0.0
1778951575.3178086,3630.0,10634,-44.0,1,-,0,0,0,0,0.0,-,0,0,0,0,0.0,ECU,0,1,11290,230,165.0,FAN1,0,0,0,0,0.0,COILS,1,1,11218,0,0.0,PUMP,0,1,11306,3670,3465.0,INJECTOR,1,1,11333,0,0.0,SERVO,1,1,11202,0,0.0,ADD 1,0,1,10633,0,0.0,ADD 2,0,1,10600,0,0.0,ADD 3,0,1,10715,0,0.0,ADD 4,0,1,10715,0,0.0,ADD 5,0,0,0,0,0.0,ADD 6,0,1,10677,0,0.0,ADD 7,0,0,0,0,0.0,EGT2CAN,0,1,10655,0,0.0
1778951575.3766656,3630.0,11234,-44.0,1,-,0,0,0,0,0.0,-,0,0,0,0,0.0,ECU,0,1,11290,230,165.0,FAN1,0,0,0,0,0.0,COILS,1,1,11218,0,0.0,PUMP,0,1,11306,3670,3465.0,INJECTOR,1,1,11333,0,0.0,SERVO,1,1,11202,0,0.0,ADD 1,0,1,10633,0,0.0,ADD 2,0,1,10600,0,0.0,ADD 3,0,1,10715,0,0.0,ADD 4,0,1,10715,0,0.0,ADD 5,0,0,0,0,0.0,ADD 6,0,1,10677,0,0.0,ADD 7,0,0,0,0,0.0,EGT2CAN,0,1,10655,0,0.0
1778951575.4271634,3630.0,11234,-44.0,1,-,0,0,0,0,0.0,-,0,0,0,0,0.0,ECU,0,1,11333,230,165.0,FAN1,0,0,0,0,0.0,COILS,1,1,11399,0,0.0,PUMP,0,1,11383,3670,3465.0,INJECTOR,1,1,11273,0,0.0,SERVO,1,1,11153,0,0.0,ADD 1,0,1,10732,0,0.0,ADD 2,0,1,10721,0,0.0,ADD 3,0,1,10857,0,0.0,ADD 4,0,1,10819,0,0.0,ADD 5,0,0,0,0,0.0,ADD 6,0,1,10677,0,0.0,ADD 7,0,0,0,0,0.0,EGT2CAN,0,1,10655,0,0.0
1778951575.4800537,3601.7,11965,-43.0,1,-,0,0,0,0,0.0,-,0,0,0,0,0.0,ECU,0,1,11995,140,165.0,FAN1,0,0,0,0,0.0,COILS,1,1,11913,0,0.0,PUMP,0,1,11957,3540,3436.7,INJECTOR,1,1,11875,0,0.0,SERVO,1,1,11995,0,0.0,ADD 1,0,1,11908,0,0.0,ADD 2,0,1,11968,0,0.0,ADD 3,0,1,11908,0,0.0,ADD 4,0,1,11908,0,0.0,ADD 5,0,0,0,0,0.0,ADD 6,0,1,11951,0,0.0,ADD 7,0,0,0,0,0.0,EGT2CAN,0,1,11858,0,0.0
1778951575.5338962,3601.7,11965,-43.0,1,-,0,0,0,0,0.0,-,0,0,0,0,0.0,ECU,0,1,11995,140,165.0,FAN1,0,0,0,0,0.0,COILS,1,1,11913,0,0.0,PUMP,0,1,11957,3540,3436.7,INJECTOR,1,1,11875,0,0.0,SERVO,1,1,11995,0,0.0,ADD 1,0,1,11908,0,0.0,ADD 2,0,1,11968,0,0.0,ADD 3,0,1,11908,0,0.0,ADD 4,0,1,11908,0,0.0,ADD 5,0,0,0,0,0.0,ADD 6,0,1,11951,0,0.0,ADD 7,0,0,0,0,0.0,EGT2CAN,0,1,11858,0,0.0
1778951575.5849118,3597.5,11965,-43.0,1,-,0,0,0,0,0.0,-,0,0,0,0,0.0,ECU,0,1,11962,120,160.0,FAN1,0,0,0,0,0.0,COILS,1,1,12001,0,0.0,PUMP,0,1,11880,3080,3437.5,INJECTOR,1,1,11979,0,0.0,SERVO,1,1,11919,0,0.0,ADD 1,0,1,11968,0,0.0,ADD 2,0,1,11995,0,0.0,ADD 3,0,1,12034,0,0.0,ADD 4,0,1,11984,0,0.0,ADD 5,0,0,0,0,0.0,ADD 6,0,1,12039,0,0.0,ADD 7,0,0,0,0,0.0,EGT2CAN,0,1,12001,0,0.0
1778951575.6362875,3705.0,11569,-44.0,1,-,0,0,0,0,0.0,-,0,0,0,0,0.0,ECU,0,1,11579,150,175.0,FAN1,0,0,0,0,0.0,COILS,1,1,11629,0,0.0,PUMP,0,1,11618,3620,3491.7,INJECTOR,0,1,11558,220,36.7,SERVO,1,1,11541,0,1.7,ADD 1,0,1,11563,0,0.0,ADD 2,0,1,11536,0,0.0,ADD 3,0,1,11563,0,0.0,ADD 4,0,1,11525,0,0.0,ADD 5,0,0,0,0,0.0,ADD 6,0,1,11618,0,0.0,ADD 7,0,0,0,0,0.0,EGT2CAN,0,1,11607,0,0.0
1778951575.6870904,3705.0,11569,-44.0,1,-,0,0,0,0,0.0,-,0,0,0,0,0.0,ECU,0,1,11579,150,175.0,FAN1,0,0,0,0,0.0,COILS,1,1,11629,0,0.0,PUMP,0,1,11618,3620,3491.7,INJECTOR,1,1,11558,220,36.7,SERVO,1,1,11541,0,1.7,ADD 1,0,1,11563,0,0.0,ADD 2,0,1,11536,0,0.0,ADD 3,0,1,11563,0,0.0,ADD 4,0,1,11525,0,0.0,ADD 5,0,0,0,0,0.0,ADD 6,0,1,11618,0,0.0,ADD 7,0,0,0,0,0.0,EGT2CAN,0,1,11607,0,0.0
1778951575.7431343,3705.0,11569,-44.0,1,-,0,0,0,0,0.0,-,0,0,0,0,0.0,ECU,0,1,11908,150,175.0,FAN1,0,0,0,0,0.0,COILS,1,1,11880,0,0.0,PUMP,0,1,11820,3620,3491.7,INJECTOR,1,1,11782,220,36.7,SERVO,1,1,11815,0,1.7,ADD 1,0,1,11869,0,0.0,ADD 2,0,1,11941,0,0.0,ADD 3,0,1,11880,0,0.0,ADD 4,0,1,11946,0,0.0,ADD 5,0,0,0,0,0.0,ADD 6,0,1,12028,0,0.0,ADD 7,0,0,0,0,0.0,EGT2CAN,0,1,11886,0,0.0
1778951575.7977805,3693.0,11965,-44.0,1,-,0,0,0,0,0.0,-,0,0,0,0,0.0,ECU,0,1,12126,180,178.0,FAN1,0,0,0,0,0.0,COILS,1,1,12034,0,0.0,PUMP,0,1,11995,3540,3476.7,INJECTOR,1,1,11924,0,36.7,SERVO,1,1,11924,0,1.7,ADD 1,0,1,12061,0,0.0,ADD 2,0,1,12017,0,0.0,ADD 3,0,1,11908,0,0.0,ADD 4,0,1,11853,0,0.0,ADD 5,0,0,0,0,0.0,ADD 6,0,1,11924,0,0.0,ADD 7,0,0,0,0,0.0,EGT2CAN,0,1,11946,0,0.0
1778951575.8517663,3627.5,10764,-43.0,1,-,0,0,0,0,0.0,-,0,0,0,0,0.0,ECU,0,1,10485,230,177.5,FAN1,0,0,0,0,0.0,COILS,1,1,10699,0,0.0,PUMP,0,1,10721,3220,3450.0,INJECTOR,1,1,10737,0,0.0,SERVO,1,1,10639,0,0.0,ADD 1,0,1,10562,0,0.0,ADD 2,0,1,10513,0,0.0,ADD 3,0,1,10568,0,0.0,ADD 4,0,1,10573,0,0.0,ADD 5,0,0,0,0,0.0,ADD 6,0,1,10650,0,0.0,ADD 7,0,0,0,0,0.0,EGT2CAN,0,1,10496,0,0.0
1778951575.9023614,3627.5,10764,-43.0,1,-,0,0,0,0,0.0,-,0,0,0,0,0.0,ECU,0,1,11038,230,177.5,FAN1,0,0,0,0,0.0,COILS,1,1,11000,0,0.0,PUMP,0,1,11109,3220,3450.0,INJECTOR,1,1,11043,0,0.0,SERVO,1,1,10934,0,0.0,ADD 1,0,1,10562,0,0.0,ADD 2,0,1,10513,0,0.0,ADD 3,0,1,10568,0,0.0,ADD 4,0,1,10573,0,0.0,ADD 5,0,0,0,0,0.0,ADD 6,0,1,10650,0,0.0,ADD 7,0,0,0,0,0.0,EGT2CAN,0,1,10496,0,0.0
1778951575.9537792,3615.0,11600,-44.0,1,-,0,0,0,0,0.0,-,0,0,0,0,0.0,ECU,0,1,11651,230,188.3,FAN1,0,0,0,0,0.0,COILS,1,1,11645,0,0.0,PUMP,0,1,11569,3580,3426.7,INJECTOR,1,1,11727,0,0.0,SERVO,1,1,11651,0,0.0,ADD 1,0,1,11492,0,0.0,ADD 2,0,1,11541,0,0.0,ADD 3,0,1,11388,0,0.0,ADD 4,0,1,11328,0,0.0,ADD 5,0,0,0,0,0.0,ADD 6,0,1,11328,0,0.0,ADD 7,0,0,0,0,0.0,EGT2CAN,0,1,11421,0,0.0
1778951576.0046098,3615.0,11600,-44.0,1,-,0,0,0,0,0.0,-,0,0,0,0,0.0,ECU,0,1,11979,230,188.3,FAN1,0,0,0,0,0.0,COILS,1,1,11935,0,0.0,PUMP,0,1,11908,3580,3426.7,INJECTOR,1,1,11941,0,0.0,SERVO,1,1,11908,0,0.0,ADD 1,0,1,11744,0,0.0,ADD 2,0,1,11771,0,0.0,ADD 3,0,1,11782,0,0.0,ADD 4,0,1,11765,0,0.0,ADD 5,0,0,0,0,0.0,ADD 6,0,1,11328,0,0.0,ADD 7,0,0,0,0,0.0,EGT2CAN,0,1,11421,0,0.0
1778951576.0563653,3640.0,11909,-44.0,1,-,0,0,0,0,0.0,-,0,0,0,0,0.0,ECU,0,1,12017,170,196.7,FAN1,0,0,0,0,0.0,COILS,1,1,11935,0,0.0,PUMP,0,1,11908,3570,3443.3,INJECTOR,1,1,11941,0,0.0,SERVO,1,1,11908,0,0.0,ADD 1,0,1,11744,0,0.0,ADD 2,0,1,11771,0,0.0,ADD 3,0,1,11782,0,0.0,ADD 4,0,1,11765,0,0.0,ADD 5,0,0,0,0,0.0,ADD 6,0,1,11798,0,0.0,ADD 7,0,0,0,0,0.0,EGT2CAN,0,1,11826,0,0.0
1778951576.1134746,3410.0,10541,-44.0,1,-,0,0,0,0,0.0,-,0,0,0,0,0.0,ECU,0,1,10212,130,170.0,FAN1,0,0,0,0,0.0,COILS,1,1,10360,0,0.0,PUMP,0,1,10371,2300,3240.0,INJECTOR,1,1,10272,0,0.0,SERVO,1,1,10021,0,0.0,ADD 1,0,1,11951,0,0.0,ADD 2,0,1,12050,0,0.0,ADD 3,0,1,12044,0,0.0,ADD 4,0,1,11990,0,0.0,ADD 5,0,0,0,0,0.0,ADD 6,0,1,12110,0,0.0,ADD 7,0,0,0,0,0.0,EGT2CAN,0,1,11973,0,0.0
1778951576.1760337,3410.0,10541,-44.0,1,-,0,0,0,0,0.0,-,0,0,0,0,0.0,ECU,0,1,11180,130,170.0,FAN1,0,0,0,0,0.0,COILS,1,1,11022,0,0.0,PUMP,0,1,10956,2300,3240.0,INJECTOR,1,1,11158,0,0.0,SERVO,1,1,11120,0,0.0,ADD 1,0,1,10403,0,0.0,ADD 2,0,1,10425,0,0.0,ADD 3,0,1,10442,0,0.0,ADD 4,0,1,10540,0,0.0,ADD 5,0,0,0,0,0.0,ADD 6,0,1,12110,0,0.0,ADD 7,0,0,0,0,0.0,EGT2CAN,0,1,11973,0,0.0
1778951576.2293751,3625.0,11847,-43.0,1,-,0,0,0,0,0.0,-,0,0,0,0,0.0,ECU,0,1,11880,150,166.7,FAN1,0,0,0,0,0.0,COILS,1,1,11902,0,0.0,PUMP,0,1,11924,3560,3361.7,INJECTOR,1,1,11897,0,96.7,SERVO,1,1,11858,0,0.0,ADD 1,0,1,11946,0,0.0,ADD 2,0,1,11913,0,0.0,ADD 3,0,1,11880,0,0.0,ADD 4,0,1,11842,0,0.0,ADD 5,0,0,0,0,0.0,ADD 6,0,1,11957,0,0.0,ADD 7,0,0,0,0,0.0,EGT2CAN,0,1,11886,0,0.0
1778951576.2803047,3625.0,11847,-43.0,1,-,0,0,0,0,0.0,-,0,0,0,0,0.0,ECU,0,1,11880,150,166.7,FAN1,0,0,0,0,0.0,COILS,1,1,11902,0,0.0,PUMP,0,1,11924,3560,3361.7,INJECTOR,1,1,11897,0,96.7,SERVO,1,1,11858,0,0.0,ADD 1,0,1,11946,0,0.0,ADD 2,0,1,11913,0,0.0,ADD 3,0,1,11880,0,0.0,ADD 4,0,1,11842,0,0.0,ADD 5,0,0,0,0,0.0,ADD 6,0,1,11957,0,0.0,ADD 7,0,0,0,0,0.0,EGT2CAN,0,1,11886,0,0.0
1778951576.3311458,3625.0,11847,-43.0,1,-,0,0,0,0,0.0,-,0,0,0,0,0.0,ECU,0,1,11957,150,166.7,FAN1,0,0,0,0,0.0,COILS,1,1,11979,0,0.0,PUMP,0,1,12055,3560,3361.7,INJECTOR,1,1,12012,0,96.7,SERVO,1,1,11995,0,0.0,ADD 1,0,1,12039,0,0.0,ADD 2,0,1,12039,0,0.0,ADD 3,0,1,11979,0,0.0,ADD 4,0,1,11913,0,0.0,ADD 5,0,0,0,0,0.0,ADD 6,0,1,11995,0,0.0,ADD 7,0,0,0,0,0.0,EGT2CAN,0,1,12017,0,0.0
1778951576.3912299,3813.3,9823,-43.0,1,-,0,0,0,0,0.0,-,0,0,0,0,0.0,ECU,0,1,9867,280,190.0,FAN1,0,0,0,0,0.0,COILS,1,1,9944,0,0.0,PUMP,0,1,9862,3460,3526.7,INJECTOR,1,1,10004,0,96.7,SERVO,1,1,9862,0,0.0,ADD 1,0,1,9928,0,0.0,ADD 2,0,1,9999,0,0.0,ADD 3,0,1,10031,0,0.0,ADD 4,0,1,10010,0,0.0,ADD 5,0,0,0,0,0.0,ADD 6,0,1,10064,0,0.0,ADD 7,0,0,0,0,0.0,EGT2CAN,0,1,10015,0,0.0
1778951576.4421217,3813.3,9823,-43.0,1,-,0,0,0,0,0.0,-,0,0,0,0,0.0,ECU,0,1,11383,280,190.0,FAN1,0,0,0,0,0.0,COILS,1,1,9944,0,0.0,PUMP,0,1,9862,3460,3526.7,INJECTOR,1,1,10004,0,96.7,SERVO,1,1,9862,0,0.0,ADD 1,0,1,9928,0,0.0,ADD 2,0,1,9999,0,0.0,ADD 3,0,1,10031,0,0.0,ADD 4,0,1,10010,0,0.0,ADD 5,0,0,0,0,0.0,ADD 6,0,1,10064,0,0.0,ADD 7,0,0,0,0,0.0,EGT2CAN,0,1,10015,0,0.0
1778951576.4934616,3707.5,9823,-43.0,1,-,0,0,0,0,0.0,-,0,0,0,0,0.0,ECU,0,1,11383,190,190.0,FAN1,0,0,0,0,0.0,COILS,1,1,11339,0,0.0,PUMP,0,1,11350,3640,3517.5,INJECTOR,1,1,11421,0,0.0,SERVO,1,1,11322,0,0.0,ADD 1,0,1,11454,0,0.0,ADD 2,0,1,11448,0,0.0,ADD 3,0,1,11426,0,0.0,ADD 4,0,1,11339,0,0.0,ADD 5,0,0,0,0,0.0,ADD 6,0,1,11328,0,0.0,ADD 7,0,0,0,0,0.0,EGT2CAN,0,1,11339,0,0.0
1778951576.5445554,3705.0,11909,-43.0,1,-,0,0,0,0,0.0,-,0,0,0,0,0.0,ECU,0,1,12012,170,181.7,FAN1,0,0,0,0,0.0,COILS,1,1,11962,0,0.0,PUMP,0,1,11957,3520,3523.3,INJECTOR,1,1,11880,0,0.0,SERVO,1,1,11842,0,0.0,ADD 1,0,1,11880,0,0.0,ADD 2,0,1,11935,0,0.0,ADD 3,0,1,11930,0,0.0,ADD 4,0,1,11913,0,0.0,ADD 5,0,0,0,0,0.0,ADD 6,0,1,11957,0,0.0,ADD 7,0,0,0,0,0.0,EGT2CAN,0,1,11842,0,0.0
1778951576.6132352,3705.0,11909,-43.0,1,-,0,0,0,0,0.0,-,0,0,0,0,0.0,ECU,0,1,11902,170,181.7,FAN1,0,0,0,0,0.0,COILS,1,1,11962,0,0.0,PUMP,0,1,11957,3520,3523.3,INJECTOR,1,1,11880,0,0.0,SERVO,1,1,11842,0,0.0,ADD 1,0,1,11880,0,0.0,ADD 2,0,1,11935,0,0.0,ADD 3,0,1,11930,0,0.0,ADD 4,0,1,11913,0,0.0,ADD 5,0,0,0,0,0.0,ADD 6,0,1,11957,0,0.0,ADD 7,0,0,0,0,0.0,EGT2CAN,0,1,11842,0,0.0
1778951576.6641836,3534.0,10956,-43.0,1,-,0,0,0,0,0.0,-,0,0,0,0,0.0,ECU,0,1,10950,100,154.0,FAN1,0,0,0,0,0.0,COILS,1,1,11038,0,0.0,PUMP,0,1,11071,2690,3380.0,INJECTOR,1,1,11082,0,0.0,SERVO,1,1,10956,0,0.0,ADD 1,0,1,10135,0,0.0,ADD 2,0,1,10223,0,0.0,ADD 3,0,1,10272,0,0.0,ADD 4,0,1,10316,0,0.0,ADD 5,0,0,0,0,0.0,ADD 6,0,1,10289,0,0.0,ADD 7,0,0,0,0,0.0,EGT2CAN,0,1,10075,0,0.0
1778951576.716249,3600.0,10937,-43.0,1,-,0,0,0,0,0.0,-,0,0,0,0,0.0,ECU,0,1,10950,230,166.7,FAN1,0,0,0,0,0.0,COILS,1,1,11038,0,0.0,PUMP,0,1,11071,3700,3433.3,INJECTOR,1,1,11082,0,0.0,SERVO,1,1,10956,0,0.0,ADD 1,0,1,10135,0,0.0,ADD 2,0,1,10223,0,0.0,ADD 3,0,1,10272,0,0.0,ADD 4,0,1,10316,0,0.0,ADD 5,0,0,0,0,0.0,ADD 6,0,1,10289,0,0.0,ADD 7,0,0,0,0,0.0,EGT2CAN,0,1,10075,0,0.0
1778951576.7697315,3600.0,10937,-43.0,1,-,0,0,0,0,0.0,-,0,0,0,0,0.0,ECU,0,1,11476,230,166.7,FAN1,0,0,0,0,0.0,COILS,1,1,11476,0,0.0,PUMP,0,1,11497,3700,3433.3,INJECTOR,1,1,11448,0,0.0,SERVO,1,1,11487,0,0.0,ADD 1,0,1,11481,0,0.0,ADD 2,0,1,11470,0,0.0,ADD 3,0,1,11355,0,0.0,ADD 4,0,1,11399,0,0.0,ADD 5,0,0,0,0,0.0,ADD 6,0,1,10289,0,0.0,ADD 7,0,0,0,0,0.0,EGT2CAN,0,1,10075,0,0.0
1778951576.8207996,3580.0,11909,-44.0,1,-,0,0,0,0,0.0,-,0,0,0,0,0.0,ECU,0,1,11765,130,155.0,FAN1,0,0,0,0,0.0,COILS,1,1,11902,0,0.0,PUMP,0,1,11924,3580,3425.0,INJECTOR,1,1,11962,0,0.0,SERVO,1,1,11924,0,0.0,ADD 1,0,1,11908,0,0.0,ADD 2,0,1,11941,0,0.0,ADD 3,0,1,11930,0,0.0,ADD 4,0,1,11930,0,0.0,ADD 5,0,0,0,0,0.0,ADD 6,0,1,11962,0,0.0,ADD 7,0,0,0,0,0.0,EGT2CAN,0,1,11979,0,0.0
1778951576.8732328,3580.0,11909,-44.0,1,-,0,0,0,0,0.0,-,0,0,0,0,0.0,ECU,0,1,11765,130,155.0,FAN1,0,0,0,0,0.0,COILS,1,1,11902,0,0.0,PUMP,0,1,11924,3580,3425.0,INJECTOR,1,1,11962,0,0.0,SERVO,1,1,11924,0,0.0,ADD 1,0,1,11908,0,0.0,ADD 2,0,1,11941,0,0.0,ADD 3,0,1,11930,0,0.0,ADD 4,0,1,11930,0,0.0,ADD 5,0,0,0,0,0.0,ADD 6,0,1,11962,0,0.0,ADD 7,0,0,0,0,0.0,EGT2CAN,0,1,11979,0,0.0
1778951576.925626,3697.5,11909,-44.0,1,-,0,0,0,0,0.0,-,0,0,0,0,0.0,ECU,0,1,12006,140,147.5,FAN1,0,0,0,0,0.0,COILS,1,1,11962,0,0.0,PUMP,0,1,11946,3540,3550.0,INJECTOR,1,1,11962,0,0.0,SERVO,1,1,12006,0,0.0,ADD 1,0,1,12023,0,0.0,ADD 2,0,1,12061,0,0.0,ADD 3,0,1,12006,0,0.0,ADD 4,0,1,11984,0,0.0,ADD 5,0,0,0,0,0.0,ADD 6,0,1,11968,0,0.0,ADD 7,0,0,0,0,0.0,EGT2CAN,0,1,11962,0,0.0
1778951576.9790537,3635.0,10721,-44.0,1,-,0,0,0,0,0.0,-,0,0,0,0,0.0,ECU,0,1,11202,210,168.3,FAN1,0,0,0,0,0.0,COILS,1,1,11120,0,0.0,PUMP,0,1,11136,3700,3466.7,INJECTOR,1,1,11197,0,0.0,SERVO,1,1,11109,0,0.0,ADD 1,0,1,11038,0,0.0,ADD 2,0,1,11000,0,0.0,ADD 3,0,1,11147,0,0.0,ADD 4,0,1,11131,0,0.0,ADD 5,0,0,0,0,0.0,ADD 6,0,1,11186,0,0.0,ADD 7,0,0,0,0,0.0,EGT2CAN,0,1,11038,0,0.0
1778951577.0365922,3635.0,11049,-44.0,1,-,0,0,0,0,0.0,-,0,0,0,0,0.0,ECU,0,1,11563,210,168.3,FAN1,0,0,0,0,0.0,COILS,1,1,11596,0,0.0,PUMP,0,1,11514,3700,3466.7,INJECTOR,0,1,11487,0,0.0,SERVO,1,1,11476,0,0.0,ADD 1,0,1,11038,0,0.0,ADD 2,0,1,11000,0,0.0,ADD 3,0,1,11147,0,0.0,ADD 4,0,1,11131,0,0.0,ADD 5,0,0,0,0,0.0,ADD 6,0,1,11186,0,0.0,ADD 7,0,0,0,0,0.0,EGT2CAN,0,1,11038,0,0.0
1778951577.0995026,3934.0,12398,-43.0,1,-,0,0,0,0,0.0,-,0,0,0,0,0.0,ECU,0,1,12400,140,204.0,FAN1,0,0,0,0,0.0,COILS,1,1,12400,0,0.0,PUMP,0,1,12356,3630,3576.0,INJECTOR,1,1,12455,0,154.0,SERVO,1,1,12395,0,0.0,ADD 1,0,1,12455,0,0.0,ADD 2,0,1,12488,0,0.0,ADD 3,0,1,12493,0,0.0,ADD 4,0,1,12449,0,0.0,ADD 5,0,0,0,0,0.0,ADD 6,0,1,12455,0,0.0,ADD 7,0,0,0,0,0.0,EGT2CAN,0,1,12367,0,0.0
1778951577.1505415,3940.0,12417,-43.0,1,-,0,0,0,0,0.0,-,0,0,0,0,0.0,ECU,0,1,12411,140,204.0,FAN1,0,0,0,0,0.0,COILS,1,1,12477,0,0.0,PUMP,0,1,12493,3570,3582.0,INJECTOR,1,1,12455,0,154.0,SERVO,1,1,12400,0,0.0,ADD 1,0,1,12898,0,0.0,ADD 2,0,1,12734,0,0.0,ADD 3,0,1,12581,0,0.0,ADD 4,0,1,12471,0,0.0,ADD 5,0,0,0,0,0.0,ADD 6,0,1,12405,0,0.0,ADD 7,0,0,0,0,0.0,EGT2CAN,0,1,12334,0,0.0
1778951577.201494,3940.0,12417,-43.0,1,-,0,0,0,0,0.0,-,0,0,0,0,0.0,ECU,0,1,12400,140,204.0,FAN1,0,0,0,0,0.0,COILS,1,1,12548,0,0.0,PUMP,0,1,12591,3570,3582.0,INJECTOR,1,1,12509,0,154.0,SERVO,1,1,12449,0,0.0,ADD 1,0,1,12416,0,0.0,ADD 2,0,1,12460,0,0.0,ADD 3,0,1,12444,0,0.0,ADD 4,0,1,12411,0,0.0,ADD 5,0,0,0,0,0.0,ADD 6,0,1,12405,0,0.0,ADD 7,0,0,0,0,0.0,EGT2CAN,0,1,12334,0,0.0
1778951577.260113,4026.0,12441,-44.0,1,-,0,0,0,0,0.0,-,0,0,0,0,0.0,ECU,0,1,12449,130,174.0,FAN1,0,0,0,0,0.0,COILS,1,1,12395,0,0.0,PUMP,0,1,12416,3590,3698.0,INJECTOR,1,1,12471,0,154.0,SERVO,1,1,12444,0,0.0,ADD 1,0,1,12498,0,0.0,ADD 2,0,1,12460,0,0.0,ADD 3,0,1,12444,0,0.0,ADD 4,0,1,12384,0,0.0,ADD 5,0,0,0,0,0.0,ADD 6,0,1,12345,0,0.0,ADD 7,0,0,0,0,0.0,EGT2CAN,0,1,12433,0,0.0
1778951577.329103,3719.0,12466,-44.0,1,-,0,0,0,0,0.0,-,0,0,0,0,0.0,ECU,0,1,12378,120,134.0,FAN1,0,0,0,0,0.0,COILS,1,1,12455,0,0.0,PUMP,0,1,12482,3590,3585.0,INJECTOR,1,1,12460,0,0.0,SERVO,1,1,12296,0,0.0,ADD 1,0,1,12433,0,0.0,ADD 2,0,1,12482,0,0.0,ADD 3,0,1,12427,0,0.0,ADD 4,0,1,12285,0,0.0,ADD 5,0,0,0,0,0.0,ADD 6,0,1,12466,0,0.0,ADD 7,0,0,0,0,0.0,EGT2CAN,0,1,12493,0,0.0
1778951577.3801324,3732.0,12472,-44.0,1,-,0,0,0,0,0.0,-,0,0,0,0,0.0,ECU,0,1,12444,150,132.0,FAN1,0,0,0,0,0.0,COILS,1,1,12384,0,0.0,PUMP,0,1,12466,3630,3600.0,INJECTOR,1,1,12493,0,0.0,SERVO,1,1,12455,0,0.0,ADD 1,0,1,12504,0,0.0,ADD 2,0,1,12488,0,0.0,ADD 3,0,1,12449,0,0.0,ADD 4,0,1,12455,0,0.0,ADD 5,0,0,0,0,0.0,ADD 6,0,1,12416,0,0.0,ADD 7,0,0,0,0,0.0,EGT2CAN,0,1,12471,0,0.0
1778951577.4311612,3732.0,12472,-44.0,1,-,0,0,0,0,0.0,-,0,0,0,0,0.0,ECU,0,1,12444,150,132.0,FAN1,0,0,0,0,0.0,COILS,1,1,12384,0,0.0,PUMP,0,1,12466,3630,3600.0,INJECTOR,1,1,12493,0,0.0,SERVO,1,1,12455,0,0.0,ADD 1,0,1,12504,0,0.0,ADD 2,0,1,12488,0,0.0,ADD 3,0,1,12449,0,0.0,ADD 4,0,1,12455,0,0.0,ADD 5,0,0,0,0,0.0,ADD 6,0,1,12416,0,0.0,ADD 7,0,0,0,0,0.0,EGT2CAN,0,1,12471,0,0.0
1778951577.4826431,3732.0,12472,-44.0,1,-,0,0,0,0,0.0,-,0,0,0,0,0.0,ECU,0,1,12422,150,132.0,FAN1,0,0,0,0,0.0,COILS,1,1,12422,0,0.0,PUMP,0,1,12455,3630,3600.0,INJECTOR,1,1,12367,0,0.0,SERVO,1,1,12351,0,0.0,ADD 1,0,1,12323,0,0.0,ADD 2,0,1,12334,0,0.0,ADD 3,0,1,12334,0,0.0,ADD 4,0,1,12280,0,0.0,ADD 5,0,0,0,0,0.0,ADD 6,0,1,12416,0,0.0,ADD 7,0,0,0,0,0.0,EGT2CAN,0,1,12471,0,0.0
1778951577.5337214,3738.0,12448,-43.0,1,-,0,0,0,0,0.0,-,0,0,0,0,0.0,ECU,0,1,12312,130,132.0,FAN1,0,0,0,0,0.0,COILS,1,1,12340,0,0.0,PUMP,0,1,12312,3630,3606.0,INJECTOR,1,1,12263,0,0.0,SERVO,1,1,12537,0,0.0,ADD 1,0,1,12548,0,0.0,ADD 2,0,1,12548,0,0.0,ADD 3,0,1,12416,0,0.0,ADD 4,0,1,12345,0,0.0,ADD 5,0,0,0,0,0.0,ADD 6,0,1,12460,0,0.0,ADD 7,0,0,0,0,0.0,EGT2CAN,0,1,12460,0,0.0
1778951577.5873578,3738.0,12448,-43.0,1,-,0,0,0,0,0.0,-,0,0,0,0,0.0,ECU,0,1,12312,130,132.0,FAN1,0,0,0,0,0.0,COILS,1,1,12340,0,0.0,PUMP,0,1,12312,3630,3606.0,INJECTOR,1,1,12263,0,0.0,SERVO,1,1,12537,0,0.0,ADD 1,0,1,12548,0,0.0,ADD 2,0,1,12548,0,0.0,ADD 3,0,1,12416,0,0.0,ADD 4,0,1,12345,0,0.0,ADD 5,0,0,0,0,0.0,ADD 6,0,1,12460,0,0.0,ADD 7,0,0,0,0,0.0,EGT2CAN,0,1,12460,0,0.0
1778951577.6383693,3738.0,12448,-43.0,1,-,0,0,0,0,0.0,-,0,0,0,0,0.0,ECU,0,1,12493,130,132.0,FAN1,0,0,0,0,0.0,COILS,1,1,12416,0,0.0,PUMP,0,1,12351,3630,3606.0,INJECTOR,1,1,12471,0,0.0,SERVO,1,1,12400,0,0.0,ADD 1,0,1,12460,0,0.0,ADD 2,0,1,12438,0,0.0,ADD 3,0,1,12373,0,0.0,ADD 4,0,1,12400,0,0.0,ADD 5,0,0,0,0,0.0,ADD 6,0,1,12493,0,0.0,ADD 7,0,0,0,0,0.0,EGT2CAN,0,1,12504,0,0.0
1778951577.6991534,3698.3,12472,-43.0,1,-,0,0,0,0,0.0,-,0,0,0,0,0.0,ECU,0,1,12493,130,133.3,FAN1,0,0,0,0,0.0,COILS,1,1,12537,0,0.0,PUMP,0,1,12537,3510,3565.0,INJECTOR,1,1,12498,0,0.0,SERVO,1,1,12471,0,0.0,ADD 1,0,1,12509,0,0.0,ADD 2,0,1,12455,0,0.0,ADD 3,0,1,12427,0,0.0,ADD 4,0,1,12400,0,0.0,ADD 5,0,0,0,0,0.0,ADD 6,0,1,12455,0,0.0,ADD 7,0,0,0,0,0.0,EGT2CAN,0,1,12356,0,0.0
1778951577.7596316,3698.3,12472,-43.0,1,-,0,0,0,0,0.0,-,0,0,0,0,0.0,ECU,0,1,12384,130,133.3,FAN1,0,0,0,0,0.0,COILS,1,1,12482,0,0.0,PUMP,0,1,12493,3510,3565.0,INJECTOR,1,1,12509,0,0.0,SERVO,1,1,12455,0,0.0,ADD 1,0,1,12471,0,0.0,ADD 2,0,1,12515,0,0.0,ADD 3,0,1,12416,0,0.0,ADD 4,0,1,12400,0,0.0,ADD 5,0,0,0,0,0.0,ADD 6,0,1,12455,0,0.0,ADD 7,0,0,0,0,0.0,EGT2CAN,0,1,12356,0,0.0
1778951577.809979,3678.0,12497,-44.0,1,-,0,0,0,0,0.0,-,0,0,0,0,0.0,ECU,1,1,12673,140,134.0,FAN1,0,0,0,0,0.0,COILS,1,1,12444,0,0.0,PUMP,0,0,12416,3540,3544.0,INJECTOR,1,1,12455,0,0.0,SERVO,1,1,12433,0,0.0,ADD 1,0,1,12389,0,0.0,ADD 2,0,1,12477,0,0.0,ADD 3,0,1,12570,0,0.0,ADD 4,0,1,12630,0,0.0,ADD 5,0,0,0,0,0.0,ADD 6,0,1,12542,0,0.0,ADD 7,0,0,0,0,0.0,EGT2CAN,0,1,12378,0,0.0
1778951577.866709,3065.0,12596,-44.0,1,-,0,0,0,0,0.0,-,0,0,0,0,0.0,ECU,1,1,12673,0,111.7,FAN1,0,0,0,0,0.0,COILS,1,1,12668,0,0.0,PUMP,0,0,6388,0,2953.3,INJECTOR,1,1,12701,0,0.0,SERVO,1,1,12695,0,0.0,ADD 1,0,1,12444,0,0.0,ADD 2,0,1,12537,0,0.0,ADD 3,0,1,12520,0,0.0,ADD 4,0,1,12498,0,0.0,ADD 5,0,0,0,0,0.0,ADD 6,0,1,12482,0,0.0,ADD 7,0,0,0,0,0.0,EGT2CAN,0,1,12427,0,0.0
1778951577.9228678,3065.0,12596,-44.0,1,-,0,0,0,0,0.0,-,0,0,0,0,0.0,ECU,0,1,12548,0,111.7,FAN1,0,0,0,0,0.0,COILS,1,1,12652,0,0.0,PUMP,0,0,0,0,2953.3,INJECTOR,1,1,12717,0,0.0,SERVO,1,1,12673,0,0.0,ADD 1,0,1,12679,0,0.0,ADD 2,0,1,12684,0,0.0,ADD 3,0,1,12646,0,0.0,ADD 4,0,1,12652,0,0.0,ADD 5,0,0,0,0,0.0,ADD 6,0,1,12684,0,0.0,ADD 7,0,0,0,0,0.0,EGT2CAN,0,1,12630,0,0.0
1778951577.9736278,1396.7,12652,-44.0,1,-,0,0,0,0,0.0,-,0,0,0,0,0.0,ECU,0,1,12646,330,208.3,FAN1,0,0,0,0,0.0,COILS,1,1,12581,0,0.0,PUMP,0,0,0,0,1188.3,INJECTOR,1,1,12559,0,0.0,SERVO,1,1,12597,0,0.0,ADD 1,0,1,12695,0,0.0,ADD 2,0,1,12739,0,0.0,ADD 3,0,1,12679,0,0.0,ADD 4,0,1,12652,0,0.0,ADD 5,0,0,0,0,0.0,ADD 6,0,1,12679,0,0.0,ADD 7,0,0,0,0,0.0,EGT2CAN,0,1,12575,0,0.0
1778951578.0251508,1396.7,12652,-44.0,1,-,0,0,0,0,0.0,-,0,0,0,0,0.0,ECU,0,1,12646,330,208.3,FAN1,0,0,0,0,0.0,COILS,1,1,12581,0,0.0,PUMP,0,0,0,0,1188.3,INJECTOR,1,1,12559,0,0.0,SERVO,1,1,12597,0,0.0,ADD 1,0,1,12695,0,0.0,ADD 2,0,1,12739,0,0.0,ADD 3,0,1,12679,0,0.0,ADD 4,0,1,12652,0,0.0,ADD 5,0,0,0,0,0.0,ADD 6,0,1,12679,0,0.0,ADD 7,0,0,0,0,0.0,EGT2CAN,0,1,12575,0,0.0
1778951578.075782,327.5,12652,-44.0,1,-,0,0,0,0,0.0,-,0,0,0,0,0.0,ECU,0,1,12652,320,327.5,FAN1,0,0,0,0,0.0,COILS,1,1,12706,0,0.0,PUMP,0,0,0,0,0.0,INJECTOR,1,1,12570,0,0.0,SERVO,1,1,12591,0,0.0,ADD 1,0,1,12668,0,0.0,ADD 2,0,1,12739,0,0.0,ADD 3,0,1,12701,0,0.0,ADD 4,0,1,12684,0,0.0,ADD 5,0,0,0,0,0.0,ADD 6,0,1,12723,0,0.0,ADD 7,0,0,0,0,0.0,EGT2CAN,0,1,12608,0,0.0
1778951578.1354368,290.0,12689,-43.0,1,-,0,0,0,0,0.0,-,0,0,0,0,0.0,ECU,0,1,12695,220,290.0,FAN1,0,0,0,0,0.0,COILS,1,1,12739,0,0.0,PUMP,0,0,0,0,0.0,INJECTOR,1,1,12673,0,0.0,SERVO,1,1,12630,0,0.0,ADD 1,0,1,12581,0,0.0,ADD 2,0,1,12668,0,0.0,ADD 3,0,1,12695,0,0.0,ADD 4,0,1,12652,0,0.0,ADD 5,0,0,0,0,0.0,ADD 6,0,1,12750,0,0.0,ADD 7,0,0,0,0,0.0,EGT2CAN,0,1,12635,0,0.0
1778951578.1857097,290.0,12689,-43.0,1,-,0,0,0,0,0.0,-,0,0,0,0,0.0,ECU,0,1,12756,220,290.0,FAN1,0,0,0,0,0.0,COILS,1,1,12701,0,0.0,PUMP,0,0,0,0,0.0,INJECTOR,1,1,12723,0,0.0,SERVO,1,1,12717,0,0.0,ADD 1,0,1,12701,0,0.0,ADD 2,0,1,12701,0,0.0,ADD 3,0,1,12652,0,0.0,ADD 4,0,1,12537,0,0.0,ADD 5,0,0,0,0,0.0,ADD 6,0,1,12750,0,0.0,ADD 7,0,0,0,0,0.0,EGT2CAN,0,1,12635,0,0.0
1778951578.2369208,245.0,12658,-43.0,1,-,0,0,0,0,0.0,-,0,0,0,0,0.0,ECU,0,1,12756,230,245.0,FAN1,0,0,0,0,0.0,COILS,1,1,12701,0,0.0,PUMP,0,0,0,0,0.0,INJECTOR,1,1,12723,0,0.0,SERVO,1,1,12717,0,0.0,ADD 1,0,1,12701,0,0.0,ADD 2,0,1,12701,0,0.0,ADD 3,0,1,12652,0,0.0,ADD 4,0,1,12537,0,0.0,ADD 5,0,0,0,0,0.0,ADD 6,0,1,12712,0,0.0,ADD 7,0,0,0,0,0.0,EGT2CAN,0,1,12717,0,0.0
1778951578.2872458,235.0,12714,-44.0,1,-,0,0,0,0,0.0,-,0,0,0,0,0.0,ECU,0,1,12630,210,235.0,FAN1,0,0,0,0,0.0,COILS,1,1,12734,0,0.0,PUMP,0,0,0,0,0.0,INJECTOR,1,1,12734,0,0.0,SERVO,1,1,12630,0,0.0,ADD 1,0,1,12679,0,0.0,ADD 2,0,1,12630,0,0.0,ADD 3,0,1,12559,0,0.0,ADD 4,0,1,12630,0,0.0,ADD 5,0,0,0,0,0.0,ADD 6,0,1,12717,0,0.0,ADD 7,0,0,0,0,0.0,EGT2CAN,0,1,12723,0,0.0
1778951578.353781,235.0,12714,-44.0,1,-,0,0,0,0,0.0,-,0,0,0,0,0.0,ECU,0,1,12630,210,235.0,FAN1,0,0,0,0,0.0,COILS,1,1,12739,0,0.0,PUMP,0,0,0,0,0.0,INJECTOR,1,1,12624,0,0.0,SERVO,1,1,12657,0,0.0,ADD 1,0,1,12679,0,0.0,ADD 2,0,1,12630,0,0.0,ADD 3,0,1,12559,0,0.0,ADD 4,0,1,12630,0,0.0,ADD 5,0,0,0,0,0.0,ADD 6,0,1,12717,0,0.0,ADD 7,0,0,0,0,0.0,EGT2CAN,0,1,12723,0,0.0
1778951578.4042118,220.0,12708,-43.0,1,-,0,0,0,0,0.0,-,0,0,0,0,0.0,ECU,0,1,12602,230,220.0,FAN1,0,0,0,0,0.0,COILS,1,1,12684,0,0.0,PUMP,0,0,0,0,0.0,INJECTOR,1,1,12701,0,0.0,SERVO,1,1,12712,0,0.0,ADD 1,0,1,12701,0,0.0,ADD 2,0,1,12717,0,0.0,ADD 3,0,1,12739,0,0.0,ADD 4,0,1,12684,0,0.0,ADD 5,0,0,0,0,0.0,ADD 6,0,1,12602,0,0.0,ADD 7,0,0,0,0,0.0,EGT2CAN,0,1,12717,0,0.0
1778951578.4584155,218.0,12701,-44.0,1,-,0,0,0,0,0.0,-,0,0,0,0,0.0,ECU,0,1,12717,220,218.0,FAN1,0,0,0,0,0.0,COILS,1,1,12684,0,0.0,PUMP,0,0,0,0,0.0,INJECTOR,1,1,12684,0,0.0,SERVO,1,1,12663,0,0.0,ADD 1,0,1,12734,0,0.0,ADD 2,0,1,12756,0,0.0,ADD 3,0,1,12717,0,0.0,ADD 4,0,1,12701,0,0.0,ADD 5,0,0,0,0,0.0,ADD 6,0,1,12630,0,0.0,ADD 7,0,0,0,0,0.0,EGT2CAN,0,1,12717,0,0.0
1778951578.5086536,218.0,12701,-44.0,1,-,0,0,0,0,0.0,-,0,0,0,0,0.0,ECU,0,1,12684,220,218.0,FAN1,0,0,0,0,0.0,COILS,1,1,12597,0,0.0,PUMP,0,0,0,0,0.0,INJECTOR,1,1,12734,0,0.0,SERVO,1,1,12613,0,0.0,ADD 1,0,1,12591,0,0.0,ADD 2,0,1,12679,0,0.0,ADD 3,0,1,12684,0,0.0,ADD 4,0,1,12695,0,0.0,ADD 5,0,0,0,0,0.0,ADD 6,0,1,12630,0,0.0,ADD 7,0,0,0,0,0.0,EGT2CAN,0,1,12717,0,0.0
1778951578.5595763,216.0,12670,-43.0,1,-,0,0,0,0,0.0,-,0,0,0,0,0.0,ECU,0,1,12717,210,216.0,FAN1,0,0,0,0,0.0,COILS,1,1,12673,0,0.0,PUMP,0,0,0,0,0.0,INJECTOR,1,1,12739,0,0.0,SERVO,1,1,12701,0,0.0,ADD 1,0,1,12668,0,0.0,ADD 2,0,1,12766,0,0.0,ADD 3,0,1,12739,0,0.0,ADD 4,0,1,12673,0,0.0,ADD 5,0,0,0,0,0.0,ADD 6,0,1,12723,0,0.0,ADD 7,0,0,0,0,0.0,EGT2CAN,0,1,12624,0,0.0
1778951578.6157782,218.3,12708,-43.0,1,-,0,0,0,0,0.0,-,0,0,0,0,0.0,ECU,0,1,12717,230,218.3,FAN1,0,0,0,0,0.0,COILS,1,1,12673,0,0.0,PUMP,0,0,0,0,0.0,INJECTOR,1,1,12739,0,0.0,SERVO,1,1,12701,0,0.0,ADD 1,0,1,12723,0,0.0,ADD 2,0,1,12663,0,0.0,ADD 3,0,1,12597,0,0.0,ADD 4,0,1,12673,0,0.0,ADD 5,0,0,0,0,0.0,ADD 6,0,1,12717,0,0.0,ADD 7,0,0,0,0,0.0,EGT2CAN,0,1,12745,0,0.0
1778951578.6726422,218.3,12708,-43.0,1,-,0,0,0,0,0.0,-,0,0,0,0,0.0,ECU,0,1,12739,230,218.3,FAN1,0,0,0,0,0.0,COILS,1,1,12717,0,0.0,PUMP,0,0,0,0,0.0,INJECTOR,1,1,12717,0,0.0,SERVO,1,1,12695,0,0.0,ADD 1,0,1,12756,0,0.0,ADD 2,0,1,12728,0,0.0,ADD 3,0,1,12712,0,0.0,ADD 4,0,1,12668,0,0.0,ADD 5,0,0,0,0,0.0,ADD 6,0,1,12717,0,0.0,ADD 7,0,0,0,0,0.0,EGT2CAN,0,1,12745,0,0.0
1778951578.7235684,220.0,12677,-43.0,1,-,0,0,0,0,0.0,-,0,0,0,0,0.0,ECU,0,1,12630,230,220.0,FAN1,0,0,0,0,0.0,COILS,1,1,12717,0,0.0,PUMP,0,0,0,0,0.0,INJECTOR,1,1,12728,0,0.0,SERVO,1,1,12679,0,0.0,ADD 1,0,1,12756,0,0.0,ADD 2,0,1,12717,0,0.0,ADD 3,0,1,12624,0,0.0,ADD 4,0,1,12597,0,0.0,ADD 5,0,0,0,0,0.0,ADD 6,0,1,12728,0,0.0,ADD 7,0,0,0,0,0.0,EGT2CAN,0,1,12756,0,0.0
1778951578.7748976,220.0,12677,-43.0,1,-,0,0,0,0,0.0,-,0,0,0,0,0.0,ECU,0,1,12630,230,220.0,FAN1,0,0,0,0,0.0,COILS,1,1,12717,0,0.0,PUMP,0,0,0,0,0.0,INJECTOR,1,1,12728,0,0.0,SERVO,1,1,12679,0,0.0,ADD 1,0,1,12756,0,0.0,ADD 2,0,1,12717,0,0.0,ADD 3,0,1,12624,0,0.0,ADD 4,0,1,12597,0,0.0,ADD 5,0,0,0,0,0.0,ADD 6,0,1,12728,0,0.0,ADD 7,0,0,0,0,0.0,EGT2CAN,0,1,12756,0,0.0
1778951578.82577,220.0,12677,-43.0,1,-,0,0,0,0,0.0,-,0,0,0,0,0.0,ECU,0,1,12684,230,220.0,FAN1,0,0,0,0,0.0,COILS,1,1,12684,0,0.0,PUMP,0,0,0,0,0.0,INJECTOR,1,1,12608,0,0.0,SERVO,1,1,12641,0,0.0,ADD 1,0,1,12723,0,0.0,ADD 2,0,1,12756,0,0.0,ADD 3,0,1,12739,0,0.0,ADD 4,0,1,12695,0,0.0,ADD 5,0,0,0,0,0.0,ADD 6,0,1,12641,0,0.0,ADD 7,0,0,0,0,0.0,EGT2CAN,0,1,12668,0,0.0
1778951578.8767917,221.7,12726,-44.0,1,-,0,0,0,0,0.0,-,0,0,0,0,0.0,ECU,0,1,12581,220,221.7,FAN1,0,0,0,0,0.0,COILS,1,1,12673,0,0.0,PUMP,0,0,0,0,0.0,INJECTOR,1,1,12663,0,0.0,SERVO,1,1,12717,0,0.0,ADD 1,0,1,12723,0,0.0,ADD 2,0,1,12750,0,0.0,ADD 3,0,1,12712,0,0.0,ADD 4,0,1,12695,0,0.0,ADD 5,0,0,0,0,0.0,ADD 6,0,1,12624,0,0.0,ADD 7,0,0,0,0,0.0,EGT2CAN,0,1,12695,0,0.0
1778951578.9275513,221.7,12726,-44.0,1,-,0,0,0,0,0.0,-,0,0,0,0,0.0,ECU,0,1,12581,220,221.7,FAN1,0,0,0,0,0.0,COILS,1,1,12673,0,0.0,PUMP,0,0,0,0,0.0,INJECTOR,1,1,12663,0,0.0,SERVO,1,1,12717,0,0.0,ADD 1,0,1,12723,0,0.0,ADD 2,0,1,12750,0,0.0,ADD 3,0,1,12712,0,0.0,ADD 4,0,1,12695,0,0.0,ADD 5,0,0,0,0,0.0,ADD 6,0,1,12624,0,0.0,ADD 7,0,0,0,0,0.0,EGT2CAN,0,1,12695,0,0.0
1778951578.9785366,222.5,12726,-44.0,1,-,0,0,0,0,0.0,-,0,0,0,0,0.0,ECU,0,1,12695,230,222.5,FAN1,0,0,0,0,0.0,COILS,1,1,12673,0,0.0,PUMP,0,0,0,0,0.0,INJECTOR,1,1,12701,0,0.0,SERVO,1,1,12701,0,0.0,ADD 1,0,1,12750,0,0.0,ADD 2,0,1,12783,0,0.0,ADD 3,0,1,12745,0,0.0,ADD 4,0,1,12690,0,0.0,ADD 5,0,0,0,0,0.0,ADD 6,0,1,12673,0,0.0,ADD 7,0,0,0,0,0.0,EGT2CAN,0,1,12706,0,0.0
1778951579.0367196,223.3,12683,-44.0,1,-,0,0,0,0,0.0,-,0,0,0,0,0.0,ECU,0,1,12750,220,223.3,FAN1,0,0,0,0,0.0,COILS,1,1,12586,0,0.0,PUMP,0,0,0,0,0.0,INJECTOR,1,1,12728,0,0.0,SERVO,1,1,12739,0,0.0,ADD 1,0,1,12772,0,0.0,ADD 2,0,1,12761,0,0.0,ADD 3,0,1,12630,0,0.0,ADD 4,0,1,12613,0,0.0,ADD 5,0,0,0,0,0.0,ADD 6,0,1,12772,0,0.0,ADD 7,0,0,0,0,0.0,EGT2CAN,0,1,12750,0,0.0
1778951579.0892472,222.0,12683,-44.0,1,-,0,0,0,0,0.0,-,0,0,0,0,0.0,ECU,0,1,12712,210,222.0,FAN1,0,0,0,0,0.0,COILS,1,1,12766,0,0.0,PUMP,0,0,0,0,0.0,INJECTOR,1,1,12630,0,0.0,SERVO,1,1,12739,0,0.0,ADD 1,0,1,12613,0,0.0,ADD 2,0,1,12690,0,0.0,ADD 3,0,1,12739,0,0.0,ADD 4,0,1,12734,0,0.0,ADD 5,0,0,0,0,0.0,ADD 6,0,1,12788,0,0.0,ADD 7,0,0,0,0,0.0,EGT2CAN,0,1,12630,0,0.0
1778951579.1451283,222.0,12683,-44.0,1,-,0,0,0,0,0.0,-,0,0,0,0,0.0,ECU,0,1,12712,210,222.0,FAN1,0,0,0,0,0.0,COILS,1,1,12766,0,0.0,PUMP,0,0,0,0,0.0,INJECTOR,1,1,12630,0,0.0,SERVO,1,1,12739,0,0.0,ADD 1,0,1,12613,0,0.0,ADD 2,0,1,12690,0,0.0,ADD 3,0,1,12739,0,0.0,ADD 4,0,1,12734,0,0.0,ADD 5,0,0,0,0,0.0,ADD 6,0,1,12788,0,0.0,ADD 7,0,0,0,0,0.0,EGT2CAN,0,1,12630,0,0.0
1778951579.202895,223.3,12701,-43.0,1,-,0,0,0,0,0.0,-,0,0,0,0,0.0,ECU,0,1,12706,230,223.3,FAN1,0,0,0,0,0.0,COILS,1,1,12783,0,0.0,PUMP,0,0,0,0,0.0,INJECTOR,1,1,12657,0,0.0,SERVO,1,1,12652,0,0.0,ADD 1,0,1,12581,0,0.0,ADD 2,0,1,12695,0,0.0,ADD 3,0,1,12706,0,0.0,ADD 4,0,1,12684,0,0.0,ADD 5,0,0,0,0,0.0,ADD 6,0,1,12728,0,0.0,ADD 7,0,0,0,0,0.0,EGT2CAN,0,1,12739,0,0.0
1778951579.2539964,223.3,12701,-43.0,1,-,0,0,0,0,0.0,-,0,0,0,0,0.0,ECU,0,1,12777,230,223.3,FAN1,0,0,0,0,0.0,COILS,1,1,12761,0,0.0,PUMP,0,0,0,0,0.0,INJECTOR,1,1,12734,0,0.0,SERVO,1,1,12717,0,0.0,ADD 1,0,1,12777,0,0.0,ADD 2,0,1,12772,0,0.0,ADD 3,0,1,12684,0,0.0,ADD 4,0,1,12613,0,0.0,ADD 5,0,0,0,0,0.0,ADD 6,0,1,12728,0,0.0,ADD 7,0,0,0,0,0.0,EGT2CAN,0,1,12739,0,0.0
1778951579.3051274,220.0,12701,-45.0,1,-,0,0,0,0,0.0,-,0,0,0,0,0.0,ECU,0,1,12701,210,220.0,FAN1,0,0,0,0,0.0,COILS,1,1,12723,0,0.0,PUMP,0,0,0,0,0.0,INJECTOR,1,1,12777,0,0.0,SERVO,1,1,12717,0,0.0,ADD 1,0,1,12766,0,0.0,ADD 2,0,1,12690,0,0.0,ADD 3,0,1,12624,0,0.0,ADD 4,0,1,12630,0,0.0,ADD 5,0,0,0,0,0.0,ADD 6,0,1,12788,0,0.0,ADD 7,0,0,0,0,0.0,EGT2CAN,0,1,12706,0,0.0
1778951579.362851,220.0,12720,-43.0,1,-,0,0,0,0,0.0,-,0,0,0,0,0.0,ECU,0,1,12745,220,220.0,FAN1,0,0,0,0,0.0,COILS,1,1,12766,0,0.0,PUMP,0,0,0,0,0.0,INJECTOR,1,1,12635,0,0.0,SERVO,1,1,12679,0,0.0,ADD 1,0,1,12739,0,0.0,ADD 2,0,1,12805,0,0.0,ADD 3,0,1,12761,0,0.0,ADD 4,0,1,12728,0,0.0,ADD 5,0,0,0,0,0.0,ADD 6,0,1,12613,0,0.0,ADD 7,0,0,0,0,0.0,EGT2CAN,0,1,12712,0,0.0
1778951579.4265757,220.0,12720,-43.0,1,-,0,0,0,0,0.0,-,0,0,0,0,0.0,ECU,0,1,12641,220,220.0,FAN1,0,0,0,0,0.0,COILS,1,1,12756,0,0.0,PUMP,0,0,0,0,0.0,INJECTOR,1,1,12766,0,0.0,SERVO,1,1,12553,0,0.0,ADD 1,0,1,12668,0,0.0,ADD 2,0,1,12739,0,0.0,ADD 3,0,1,12684,0,0.0,ADD 4,0,1,12739,0,0.0,ADD 5,0,0,0,0,0.0,ADD 6,0,1,12613,0,0.0,ADD 7,0,0,0,0,0.0,EGT2CAN,0,1,12712,0,0.0
1778951579.4772575,216.0,12720,-44.0,1,-,0,0,0,0,0.0,-,0,0,0,0,0.0,ECU,0,1,12635,210,216.0,FAN1,0,0,0,0,0.0,COILS,1,1,12717,0,0.0,PUMP,0,0,0,0,0.0,INJECTOR,1,1,12684,0,0.0,SERVO,1,1,12684,0,0.0,ADD 1,0,1,12641,0,0.0,ADD 2,0,1,12668,0,0.0,ADD 3,0,1,12695,0,0.0,ADD 4,0,1,12717,0,0.0,ADD 5,0,0,0,0,0.0,ADD 6,0,1,12766,0,0.0,ADD 7,0,0,0,0,0.0,EGT2CAN,0,1,12766,0,0.0
1778951579.529795,216.0,12720,-44.0,1,-,0,0,0,0,0.0,-,0,0,0,0,0.0,ECU,0,1,12761,210,216.0,FAN1,0,0,0,0,0.0,COILS,1,1,12717,0,0.0,PUMP,0,0,0,0,0.0,INJECTOR,1,1,12684,0,0.0,SERVO,1,1,12684,0,0.0,ADD 1,0,1,12641,0,0.0,ADD 2,0,1,12668,0,0.0,ADD 3,0,1,12695,0,0.0,ADD 4,0,1,12717,0,0.0,ADD 5,0,0,0,0,0.0,ADD 6,0,1,12766,0,0.0,ADD 7,0,0,0,0,0.0,EGT2CAN,0,1,12766,0,0.0
1778951579.592845,220.0,12708,-43.0,1,-,0,0,0,0,0.0,-,0,0,0,0,0.0,ECU,0,1,12635,230,220.0,FAN1,0,0,0,0,0.0,COILS,1,1,12684,0,0.0,PUMP,0,0,0,0,0.0,INJECTOR,1,1,12652,0,0.0,SERVO,1,1,12652,0,0.0,ADD 1,0,1,12684,0,0.0,ADD 2,0,1,12761,0,0.0,ADD 3,0,1,12684,0,0.0,ADD 4,0,1,12712,0,0.0,ADD 5,0,0,0,0,0.0,ADD 6,0,1,12766,0,0.0,ADD 7,0,0,0,0,0.0,EGT2CAN,0,1,12641,0,0.0
1778951579.6453223,220.0,12751,-45.0,1,-,0,0,0,0,0.0,-,0,0,0,0,0.0,ECU,0,1,12717,220,220.0,FAN1,0,0,0,0,0.0,COILS,1,1,12652,0,0.0,PUMP,0,0,0,0,0.0,INJECTOR,1,1,12750,0,0.0,SERVO,1,1,12630,0,0.0,ADD 1,0,1,12635,0,0.0,ADD 2,0,1,12717,0,0.0,ADD 3,0,1,12745,0,0.0,ADD 4,0,1,12761,0,0.0,ADD 5,0,0,0,0,0.0,ADD 6,0,1,12766,0,0.0,ADD 7,0,0,0,0,0.0,EGT2CAN,0,1,12695,0,0.0
1778951579.6969185,220.0,12751,-45.0,1,-,0,0,0,0,0.0,-,0,0,0,0,0.0,ECU,0,1,12717,220,220.0,FAN1,0,0,0,0,0.0,COILS,1,1,12652,0,0.0,PUMP,0,0,0,0,0.0,INJECTOR,1,1,12750,0,0.0,SERVO,1,1,12630,0,0.0,ADD 1,0,1,12635,0,0.0,ADD 2,0,1,12717,0,0.0,ADD 3,0,1,12745,0,0.0,ADD 4,0,1,12761,0,0.0,ADD 5,0,0,0,0,0.0,ADD 6,0,1,12766,0,0.0,ADD 7,0,0,0,0,0.0,EGT2CAN,0,1,12695,0,0.0
1778951579.747819,220.0,12701,-45.0,1,-,0,0,0,0,0.0,-,0,0,0,0,0.0,ECU,0,1,12739,210,220.0,FAN1,0,0,0,0,0.0,COILS,1,1,12799,0,0.0,PUMP,0,0,0,0,0.0,INJECTOR,1,1,12772,0,0.0,SERVO,1,1,12712,0,0.0,ADD 1,0,1,12630,0,0.0,ADD 2,0,1,12679,0,0.0,ADD 3,0,1,12728,0,0.0,ADD 4,0,1,12723,0,0.0,ADD 5,0,0,0,0,0.0,ADD 6,0,1,12761,0,0.0,ADD 7,0,0,0,0,0.0,EGT2CAN,0,1,12712,0,0.0
1778951579.7990773,222.0,12708,-44.0,1,-,0,0,0,0,0.0,-,0,0,0,0,0.0,ECU,0,1,12772,230,222.0,FAN1,0,0,0,0,0.0,COILS,1,1,12734,0,0.0,PUMP,0,0,0,0,0.0,INJECTOR,1,1,12712,0,0.0,SERVO,1,1,12739,0,0.0,ADD 1,0,1,12756,0,0.0,ADD 2,0,1,12750,0,0.0,ADD 3,0,1,12788,0,0.0,ADD 4,0,1,12739,0,0.0,ADD 5,0,0,0,0,0.0,ADD 6,0,1,12619,0,0.0,ADD 7,0,0,0,0,0.0,EGT2CAN,0,1,12739,0,0.0
1778951579.8494802,222.0,12708,-44.0,1,-,0,0,0,0,0.0,-,0,0,0,0,0.0,ECU,0,1,12777,230,222.0,FAN1,0,0,0,0,0.0,COILS,1,1,12734,0,0.0,PUMP,0,0,0,0,0.0,INJECTOR,1,1,12712,0,0.0,SERVO,1,1,12739,0,0.0,ADD 1,0,1,12756,0,0.0,ADD 2,0,1,12750,0,0.0,ADD 3,0,1,12788,0,0.0,ADD 4,0,1,12739,0,0.0,ADD 5,0,0,0,0,0.0,ADD 6,0,1,12619,0,0.0,ADD 7,0,0,0,0,0.0,EGT2CAN,0,1,12739,0,0.0
1778951579.9004738,220.0,12732,-43.0,1,-,0,0,0,0,0.0,-,0,0,0,0,0.0,ECU,0,1,12766,210,220.0,FAN1,0,0,0,0,0.0,COILS,1,1,12756,0,0.0,PUMP,0,0,0,0,0.0,INJECTOR,1,1,12619,0,0.0,SERVO,1,1,12630,0,0.0,ADD 1,0,1,12766,0,0.0,ADD 2,0,1,12734,0,0.0,ADD 3,0,1,12652,0,0.0,ADD 4,0,1,12624,0,0.0,ADD 5,0,0,0,0,0.0,ADD 6,0,1,12766,0,0.0,ADD 7,0,0,0,0,0.0,EGT2CAN,0,1,12723,0,0.0
1778951579.9518204,222.5,12763,-43.0,1,-,0,0,0,0,0.0,-,0,0,0,0,0.0,ECU,0,1,12728,220,222.5,FAN1,0,0,0,0,0.0,COILS,1,1,12581,0,0.0,PUMP,0,0,0,0,0.0,INJECTOR,1,1,12717,0,0.0,SERVO,1,1,12750,0,0.0,ADD 1,0,1,12756,0,0.0,ADD 2,0,1,12772,0,0.0,ADD 3,0,1,12706,0,0.0,ADD 4,0,1,12701,0,0.0,ADD 5,0,0,0,0,0.0,ADD 6,0,1,12701,0,0.0,ADD 7,0,0,0,0,0.0,EGT2CAN,0,1,12739,0,0.0
1778951580.0021484,222.5,12763,-43.0,1,-,0,0,0,0,0.0,-,0,0,0,0,0.0,ECU,0,1,12613,220,222.5,FAN1,0,0,0,0,0.0,COILS,1,1,12756,0,0.0,PUMP,0,0,0,0,0.0,INJECTOR,1,1,12750,0,0.0,SERVO,1,1,12602,0,0.0,ADD 1,0,1,12756,0,0.0,ADD 2,0,1,12772,0,0.0,ADD 3,0,1,12706,0,0.0,ADD 4,0,1,12701,0,0.0,ADD 5,0,0,0,0,0.0,ADD 6,0,1,12701,0,0.0,ADD 7,0,0,0,0,0.0,EGT2CAN,0,1,12739,0,0.0
1778951580.052859,222.0,12745,-45.0,1,-,0,0,0,0,0.0,-,0,0,0,0,0.0,ECU,0,1,12777,220,222.0,FAN1,0,0,0,0,0.0,COILS,1,1,12652,0,0.0,PUMP,0,0,0,0,0.0,INJECTOR,1,1,12739,0,0.0,SERVO,1,1,12717,0,0.0,ADD 1,0,1,12783,0,0.0,ADD 2,0,1,12777,0,0.0,ADD 3,0,1,12766,0,0.0,ADD 4,0,1,12723,0,0.0,ADD 5,0,0,0,0,0.0,ADD 6,0,1,12712,0,0.0,ADD 7,0,0,0,0,0.0,EGT2CAN,0,1,12695,0,0.0
1778951580.103905,220.0,12739,-44.0,1,-,0,0,0,0,0.0,-,0,0,0,0,0.0,ECU,0,1,12728,220,220.0,FAN1,0,0,0,0,0.0,COILS,1,1,12663,0,0.0,PUMP,0,0,0,0,0.0,INJECTOR,1,1,12794,0,0.0,SERVO,1,1,12739,0,0.0,ADD 1,0,1,12646,0,0.0,ADD 2,0,1,12684,0,0.0,ADD 3,0,1,12728,0,0.0,ADD 4,0,1,12717,0,0.0,ADD 5,0,0,0,0,0.0,ADD 6,0,1,12750,0,0.0,ADD 7,0,0,0,0,0.0,EGT2CAN,0,1,12766,0,0.0
1778951580.1548634,220.0,12739,-44.0,1,-,0,0,0,0,0.0,-,0,0,0,0,0.0,ECU,0,1,12788,220,220.0,FAN1,0,0,0,0,0.0,COILS,1,1,12684,0,0.0,PUMP,0,0,0,0,0.0,INJECTOR,1,1,12701,0,0.0,SERVO,1,1,12652,0,0.0,ADD 1,0,1,12701,0,0.0,ADD 2,0,1,12750,0,0.0,ADD 3,0,1,12783,0,0.0,ADD 4,0,1,12766,0,0.0,ADD 5,0,0,0,0,0.0,ADD 6,0,1,12750,0,0.0,ADD 7,0,0,0,0,0.0,EGT2CAN,0,1,12766,0,0.0
1778951580.2090917,226.0,12714,-43.0,1,-,0,0,0,0,0.0,-,0,0,0,0,0.0,ECU,0,1,12668,230,226.0,FAN1,0,0,0,0,0.0,COILS,1,1,12756,0,0.0,PUMP,0,0,0,0,0.0,INJECTOR,1,1,12783,0,0.0,SERVO,1,1,12668,0,0.0,ADD 1,0,1,12619,0,0.0,ADD 2,0,1,12695,0,0.0,ADD 3,0,1,12734,0,0.0,ADD 4,0,1,12739,0,0.0,ADD 5,0,0,0,0,0.0,ADD 6,0,1,12756,0,0.0,ADD 7,0,0,0,0,0.0,EGT2CAN,0,1,12668,0,0.0
1778951580.2603614,224.0,12763,-43.0,1,-,0,0,0,0,0.0,-,0,0,0,0,0.0,ECU,0,1,12799,220,224.0,FAN1,0,0,0,0,0.0,COILS,1,1,12788,0,0.0,PUMP,0,0,0,0,0.0,INJECTOR,1,1,12777,0,0.0,SERVO,1,1,12766,0,0.0,ADD 1,0,1,12766,0,0.0,ADD 2,0,1,12756,0,0.0,ADD 3,0,1,12739,0,0.0,ADD 4,0,1,12679,0,0.0,ADD 5,0,0,0,0,0.0,ADD 6,0,1,12613,0,0.0,ADD 7,0,0,0,0,0.0,EGT2CAN,0,1,12717,0,0.0
1778951580.3115776,224.0,12745,-43.0,1,-,0,0,0,0,0.0,-,0,0,0,0,0.0,ECU,0,1,12761,220,224.0,FAN1,0,0,0,0,0.0,COILS,1,1,12805,0,0.0,PUMP,0,0,0,0,0.0,INJECTOR,1,1,12810,0,0.0,SERVO,1,1,12728,0,0.0,ADD 1,0,1,12728,0,0.0,ADD 2,0,1,12816,0,0.0,ADD 3,0,1,12794,0,0.0,ADD 4,0,1,12684,0,0.0,ADD 5,0,0,0,0,0.0,ADD 6,0,1,12695,0,0.0,ADD 7,0,0,0,0,0.0,EGT2CAN,0,1,12684,0,0.0
1778951580.3734617,224.0,12776,-44.0,1,-,0,0,0,0,0.0,-,0,0,0,0,0.0,ECU,0,1,12761,220,224.0,FAN1,0,0,0,0,0.0,COILS,1,1,12805,0,0.0,PUMP,0,0,0,0,0.0,INJECTOR,1,1,12810,0,0.0,SERVO,1,1,12728,0,0.0,ADD 1,0,1,12728,0,0.0,ADD 2,0,1,12816,0,0.0,ADD 3,0,1,12794,0,0.0,ADD 4,0,1,12684,0,0.0,ADD 5,0,0,0,0,0.0,ADD 6,0,1,12695,0,0.0,ADD 7,0,0,0,0,0.0,EGT2CAN,0,1,12684,0,0.0
1778951580.425371,224.0,12776,-44.0,1,-,0,0,0,0,0.0,-,0,0,0,0,0.0,ECU,0,1,12756,220,224.0,FAN1,0,0,0,0,0.0,COILS,1,1,12761,0,0.0,PUMP,0,0,0,0,0.0,INJECTOR,1,1,12766,0,0.0,SERVO,1,1,12756,0,0.0,ADD 1,0,1,12783,0,0.0,ADD 2,0,1,12810,0,0.0,ADD 3,0,1,12788,0,0.0,ADD 4,0,1,12756,0,0.0,ADD 5,0,0,0,0,0.0,ADD 6,0,1,12695,0,0.0,ADD 7,0,0,0,0,0.0,EGT2CAN,0,1,12684,0,0.0
1778951580.4758148,222.0,12751,-43.0,1,-,0,0,0,0,0.0,-,0,0,0,0,0.0,ECU,0,1,12750,210,222.0,FAN1,0,0,0,0,0.0,COILS,1,1,12673,0,0.0,PUMP,0,0,0,0,0.0,INJECTOR,1,1,12712,0,0.0,SERVO,1,1,12684,0,0.0,ADD 1,0,1,12799,0,0.0,ADD 2,0,1,12799,0,0.0,ADD 3,0,1,12766,0,0.0,ADD 4,0,1,12684,0,0.0,ADD 5,0,0,0,0,0.0,ADD 6,0,1,12663,0,0.0,ADD 7,0,0,0,0,0.0,EGT2CAN,0,1,12739,0,0.0
1778951580.527814,222.0,12751,-43.0,1,-,0,0,0,0,0.0,-,0,0,0,0,0.0,ECU,0,1,12750,210,222.0,FAN1,0,0,0,0,0.0,COILS,1,1,12673,0,0.0,PUMP,0,0,0,0,0.0,INJECTOR,1,1,12712,0,0.0,SERVO,1,1,12684,0,0.0,ADD 1,0,1,12799,0,0.0,ADD 2,0,1,12799,0,0.0,ADD 3,0,1,12766,0,0.0,ADD 4,0,1,12684,0,0.0,ADD 5,0,0,0,0,0.0,ADD 6,0,1,12663,0,0.0,ADD 7,0,0,0,0,0.0,EGT2CAN,0,1,12739,0,0.0
1778951580.5787888,222.0,12751,-43.0,1,-,0,0,0,0,0.0,-,0,0,0,0,0.0,ECU,0,1,12772,210,222.0,FAN1,0,0,0,0,0.0,COILS,1,1,12635,0,0.0,PUMP,0,0,0,0,0.0,INJECTOR,1,1,12734,0,0.0,SERVO,1,1,12712,0,0.0,ADD 1,0,1,12695,0,0.0,ADD 2,0,1,12652,0,0.0,ADD 3,0,1,12684,0,0.0,ADD 4,0,1,12734,0,0.0,ADD 5,0,0,0,0,0.0,ADD 6,0,1,12777,0,0.0,ADD 7,0,0,0,0,0.0,EGT2CAN,0,1,12788,0,0.0
1778951580.6351943,221.7,12739,-43.0,1,-,0,0,0,0,0.0,-,0,0,0,0,0.0,ECU,0,1,12799,210,221.7,FAN1,0,0,0,0,0.0,COILS,1,1,12635,0,0.0,PUMP,0,0,0,0,0.0,INJECTOR,1,1,12810,0,0.0,SERVO,1,1,12766,0,0.0,ADD 1,0,1,12701,0,0.0,ADD 2,0,1,12690,0,0.0,ADD 3,0,1,12701,0,0.0,ADD 4,0,1,12717,0,0.0,ADD 5,0,0,0,0,0.0,ADD 6,0,1,12827,0,0.0,ADD 7,0,0,0,0,0.0,EGT2CAN,0,1,12772,0,0.0
1778951580.6858826,221.7,12739,-43.0,1,-,0,0,0,0,0.0,-,0,0,0,0,0.0,ECU,0,1,12799,210,221.7,FAN1,0,0,0,0,0.0,COILS,1,1,12635,0,0.0,PUMP,0,0,0,0,0.0,INJECTOR,1,1,12810,0,0.0,SERVO,1,1,12766,0,0.0,ADD 1,0,1,12701,0,0.0,ADD 2,0,1,12690,0,0.0,ADD 3,0,1,12701,0,0.0,ADD 4,0,1,12717,0,0.0,ADD 5,0,0,0,0,0.0,ADD 6,0,1,12827,0,0.0,ADD 7,0,0,0,0,0.0,EGT2CAN,0,1,12772,0,0.0
1778951580.7480288,221.7,12739,-43.0,1,-,0,0,0,0,0.0,-,0,0,0,0,0.0,ECU,0,1,12756,210,221.7,FAN1,0,0,0,0,0.0,COILS,1,1,12756,0,0.0,PUMP,0,0,0,0,0.0,INJECTOR,1,1,12652,0,0.0,SERVO,1,1,12783,0,0.0,ADD 1,0,1,12783,0,0.0,ADD 2,0,1,12810,0,0.0,ADD 3,0,1,12695,0,0.0,ADD 4,0,1,12652,0,0.0,ADD 5,0,0,0,0,0.0,ADD 6,0,1,12788,0,0.0,ADD 7,0,0,0,0,0.0,EGT2CAN,0,1,12766,0,0.0
1778951580.79898,222.0,12751,-43.0,1,-,0,0,0,0,0.0,-,0,0,0,0,0.0,ECU,0,1,12805,230,222.0,FAN1,0,0,0,0,0.0,COILS,1,1,12777,0,0.0,PUMP,0,0,0,0,0.0,INJECTOR,1,1,12695,0,0.0,SERVO,1,1,12739,0,0.0,ADD 1,0,1,12756,0,0.0,ADD 2,0,1,12810,0,0.0,ADD 3,0,1,12756,0,0.0,ADD 4,0,1,12766,0,0.0,ADD 5,0,0,0,0,0.0,ADD 6,0,1,12652,0,0.0,ADD 7,0,0,0,0,0.0,EGT2CAN,0,1,12766,0,0.0
1778951580.8595195,222.0,12757,-45.0,1,-,0,0,0,0,0.0,-,0,0,0,0,0.0,ECU,0,1,12712,230,222.0,FAN1,0,0,0,0,0.0,COILS,1,1,12810,0,0.0,PUMP,0,0,0,0,0.0,INJECTOR,1,1,12750,0,0.0,SERVO,1,1,12772,0,0.0,ADD 1,0,1,12756,0,0.0,ADD 2,0,1,12652,0,0.0,ADD 3,0,1,12657,0,0.0,ADD 4,0,1,12717,0,0.0,ADD 5,0,0,0,0,0.0,ADD 6,0,1,12788,0,0.0,ADD 7,0,0,0,0,0.0,EGT2CAN,0,1,12717,0,0.0
1778951580.9134133,222.0,12757,-45.0,1,-,0,0,0,0,0.0,-,0,0,0,0,0.0,ECU,0,1,12728,230,222.0,FAN1,0,0,0,0,0.0,COILS,1,1,12794,0,0.0,PUMP,0,0,0,0,0.0,INJECTOR,1,1,12695,0,0.0,SERVO,1,1,12684,0,0.0,ADD 1,0,1,12799,0,0.0,ADD 2,0,1,12788,0,0.0,ADD 3,0,1,12641,0,0.0,ADD 4,0,1,12630,0,0.0,ADD 5,0,0,0,0,0.0,ADD 6,0,1,12788,0,0.0,ADD 7,0,0,0,0,0.0,EGT2CAN,0,1,12717,0,0.0
1778951580.9638228,221.7,12757,-44.0,1,-,0,0,0,0,0.0,-,0,0,0,0,0.0,ECU,0,1,12745,230,221.7,FAN1,0,0,0,0,0.0,COILS,1,1,12641,0,0.0,PUMP,0,0,0,0,0.0,INJECTOR,1,1,12783,0,0.0,SERVO,1,1,12766,0,0.0,ADD 1,0,1,12766,0,0.0,ADD 2,0,1,12788,0,0.0,ADD 3,0,1,12756,0,0.0,ADD 4,0,1,12679,0,0.0,ADD 5,0,0,0,0,0.0,ADD 6,0,1,12750,0,0.0,ADD 7,0,0,0,0,0.0,EGT2CAN,0,1,12777,0,0.0
1778951581.0312314,221.7,12720,-43.0,1,-,0,0,0,0,0.0,-,0,0,0,0,0.0,ECU,0,1,12777,230,221.7,FAN1,0,0,0,0,0.0,COILS,1,1,12646,0,0.0,PUMP,0,0,0,0,0.0,INJECTOR,1,1,12788,0,0.0,SERVO,1,1,12739,0,0.0,ADD 1,0,1,12766,0,0.0,ADD 2,0,1,12788,0,0.0,ADD 3,0,1,12756,0,0.0,ADD 4,0,1,12679,0,0.0,ADD 5,0,0,0,0,0.0,ADD 6,0,1,12750,0,0.0,ADD 7,0,0,0,0,0.0,EGT2CAN,0,1,12777,0,0.0
1778951581.0828094,215.0,12720,-43.0,1,-,0,0,0,0,0.0,-,0,0,0,0,0.0,ECU,0,1,12777,210,215.0,FAN1,0,0,0,0,0.0,COILS,1,1,12646,0,0.0,PUMP,0,0,0,0,0.0,INJECTOR,1,1,12788,0,0.0,SERVO,1,1,12739,0,0.0,ADD 1,0,1,12663,0,0.0,ADD 2,0,1,12690,0,0.0,ADD 3,0,1,12717,0,0.0,ADD 4,0,1,12712,0,0.0,ADD 5,0,0,0,0,0.0,ADD 6,0,1,12821,0,0.0,ADD 7,0,0,0,0,0.0,EGT2CAN,0,1,12739,0,0.0
1778951581.1340196,213.3,12726,-44.0,1,-,0,0,0,0,0.0,-,0,0,0,0,0.0,ECU,0,1,12788,210,213.3,FAN1,0,0,0,0,0.0,COILS,1,1,12630,0,0.0,PUMP,0,0,0,0,0.0,INJECTOR,1,1,12756,0,0.0,SERVO,1,1,12717,0,0.0,ADD 1,0,1,12728,0,0.0,ADD 2,0,1,12739,0,0.0,ADD 3,0,1,12641,0,0.0,ADD 4,0,1,12673,0,0.0,ADD 5,0,0,0,0,0.0,ADD 6,0,1,12816,0,0.0,ADD 7,0,0,0,0,0.0,EGT2CAN,0,1,12750,0,0.0
1778951581.1916862,215.0,12757,-43.0,1,-,0,0,0,0,0.0,-,0,0,0,0,0.0,ECU,0,1,12777,230,215.0,FAN1,0,0,0,0,0.0,COILS,1,1,12766,0,0.0,PUMP,0,0,0,0,0.0,INJECTOR,1,1,12794,0,0.0,SERVO,1,1,12717,0,0.0,ADD 1,0,1,12717,0,0.0,ADD 2,0,1,12756,0,0.0,ADD 3,0,1,12739,0,0.0,ADD 4,0,1,12772,0,0.0,ADD 5,0,0,0,0,0.0,ADD 6,0,1,12777,0,0.0,ADD 7,0,0,0,0,0.0,EGT2CAN,0,1,12668,0,0.0
1778951581.2427807,215.0,12757,-43.0,1,-,0,0,0,0,0.0,-,0,0,0,0,0.0,ECU,0,1,12810,230,215.0,FAN1,0,0,0,0,0.0,COILS,1,1,12766,0,0.0,PUMP,0,0,0,0,0.0,INJECTOR,1,1,12794,0,0.0,SERVO,1,1,12717,0,0.0,ADD 1,0,1,12717,0,0.0,ADD 2,0,1,12756,0,0.0,ADD 3,0,1,12739,0,0.0,ADD 4,0,1,12772,0,0.0,ADD 5,0,0,0,0,0.0,ADD 6,0,1,12777,0,0.0,ADD 7,0,0,0,0,0.0,EGT2CAN,0,1,12668,0,0.0
1778951581.293281,214.0,12769,-43.0,1,-,0,0,0,0,0.0,-,0,0,0,0,0.0,ECU,0,1,12783,200,214.0,FAN1,0,0,0,0,0.0,COILS,1,1,12788,0,0.0,PUMP,0,0,0,0,0.0,INJECTOR,1,1,12712,0,0.0,SERVO,1,1,12673,0,0.0,ADD 1,0,1,12788,0,0.0,ADD 2,0,1,12799,0,0.0,ADD 3,0,1,12690,0,0.0,ADD 4,0,1,12673,0,0.0,ADD 5,0,0,0,0,0.0,ADD 6,0,1,12684,0,0.0,ADD 7,0,0,0,0,0.0,EGT2CAN,0,1,12805,0,0.0
1778951581.3444355,215.0,12739,-45.0,1,-,0,0,0,0,0.0,-,0,0,0,0,0.0,ECU,0,1,12810,210,215.0,FAN1,0,0,0,0,0.0,COILS,1,1,12810,0,0.0,PUMP,0,0,0,0,0.0,INJECTOR,1,1,12810,0,0.0,SERVO,1,1,12772,0,0.0,ADD 1,0,1,12788,0,0.0,ADD 2,0,1,12832,0,0.0,ADD 3,0,1,12777,0,0.0,ADD 4,0,1,12706,0,0.0,ADD 5,0,0,0,0,0.0,ADD 6,0,1,12706,0,0.0,ADD 7,0,0,0,0,0.0,EGT2CAN,0,1,12739,0,0.0
1778951581.395918,215.0,12739,-45.0,1,-,0,0,0,0,0.0,-,0,0,0,0,0.0,ECU,0,1,12799,210,215.0,FAN1,0,0,0,0,0.0,COILS,1,1,12805,0,0.0,PUMP,0,0,0,0,0.0,INJECTOR,1,1,12810,0,0.0,SERVO,1,1,12783,0,0.0,ADD 1,0,1,12788,0,0.0,ADD 2,0,1,12832,0,0.0,ADD 3,0,1,12777,0,0.0,ADD 4,0,1,12706,0,0.0,ADD 5,0,0,0,0,0.0,ADD 6,0,1,12706,0,0.0,ADD 7,0,0,0,0,0.0,EGT2CAN,0,1,12739,0,0.0
1778951581.4463031,216.0,12788,-43.0,1,-,0,0,0,0,0.0,-,0,0,0,0,0.0,ECU,0,1,12706,220,216.0,FAN1,0,0,0,0,0.0,COILS,1,1,12756,0,0.0,PUMP,0,0,0,0,0.0,INJECTOR,1,1,12816,0,0.0,SERVO,1,1,12684,0,0.0,ADD 1,0,1,12777,0,0.0,ADD 2,0,1,12821,0,0.0,ADD 3,0,1,12772,0,0.0,ADD 4,0,1,12739,0,0.0,ADD 5,0,0,0,0,0.0,ADD 6,0,1,12788,0,0.0,ADD 7,0,0,0,0,0.0,EGT2CAN,0,1,12635,0,0.0
1778951581.5081449,214.0,12763,-43.0,1,-,0,0,0,0,0.0,-,0,0,0,0,0.0,ECU,0,1,12684,210,214.0,FAN1,0,0,0,0,0.0,COILS,1,1,12695,0,0.0,PUMP,0,0,0,0,0.0,INJECTOR,1,1,12810,0,0.0,SERVO,1,1,12783,0,0.0,ADD 1,0,1,12810,0,0.0,ADD 2,0,1,12761,0,0.0,ADD 3,0,1,12717,0,0.0,ADD 4,0,1,12652,0,0.0,ADD 5,0,0,0,0,0.0,ADD 6,0,1,12783,0,0.0,ADD 7,0,0,0,0,0.0,EGT2CAN,0,1,12761,0,0.0
1778951581.5722835,214.0,12763,-43.0,1,-,0,0,0,0,0.0,-,0,0,0,0,0.0,ECU,0,1,12641,210,214.0,FAN1,0,0,0,0,0.0,COILS,1,1,12739,0,0.0,PUMP,0,0,0,0,0.0,INJECTOR,1,1,12706,0,0.0,SERVO,1,1,12788,0,0.0,ADD 1,0,1,12794,0,0.0,ADD 2,0,1,12827,0,0.0,ADD 3,0,1,12739,0,0.0,ADD 4,0,1,12723,0,0.0,ADD 5,0,0,0,0,0.0,ADD 6,0,1,12706,0,0.0,ADD 7,0,0,0,0,0.0,EGT2CAN,0,1,12761,0,0.0
1778951581.6236103,220.0,12726,-44.0,1,-,0,0,0,0,0.0,-,0,0,0,0,0.0,ECU,0,1,12684,220,220.0,FAN1,0,0,0,0,0.0,COILS,1,1,12766,0,0.0,PUMP,0,0,0,0,0.0,INJECTOR,1,1,12750,0,0.0,SERVO,1,1,12739,0,0.0,ADD 1,0,1,12794,0,0.0,ADD 2,0,1,12827,0,0.0,ADD 3,0,1,12739,0,0.0,ADD 4,0,1,12723,0,0.0,ADD 5,0,0,0,0,0.0,ADD 6,0,1,12706,0,0.0,ADD 7,0,0,0,0,0.0,EGT2CAN,0,1,12761,0,0.0
1778951581.6749935,217.5,12800,-43.0,1,-,0,0,0,0,0.0,-,0,0,0,0,0.0,ECU,0,1,12673,210,217.5,FAN1,0,0,0,0,0.0,COILS,1,1,12788,0,0.0,PUMP,0,0,0,0,0.0,INJECTOR,1,1,12690,0,0.0,SERVO,1,1,12652,0,0.0,ADD 1,0,1,12766,0,0.0,ADD 2,0,1,12816,0,0.0,ADD 3,0,1,12816,0,0.0,ADD 4,0,1,12684,0,0.0,ADD 5,0,0,0,0,0.0,ADD 6,0,1,12772,0,0.0,ADD 7,0,0,0,0,0.0,EGT2CAN,0,1,12673,0,0.0
1778951581.7260957,217.5,12800,-43.0,1,-,0,0,0,0,0.0,-,0,0,0,0,0.0,ECU,0,1,12821,210,217.5,FAN1,0,0,0,0,0.0,COILS,1,1,12788,0,0.0,PUMP,0,0,0,0,0.0,INJECTOR,1,1,12673,0,0.0,SERVO,1,1,12613,0,0.0,ADD 1,0,1,12684,0,0.0,ADD 2,0,1,12816,0,0.0,ADD 3,0,1,12816,0,0.0,ADD 4,0,1,12739,0,0.0,ADD 5,0,0,0,0,0.0,ADD 6,0,1,12772,0,0.0,ADD 7,0,0,0,0,0.0,EGT2CAN,0,1,12673,0,0.0
1778951581.776593,216.0,12776,-45.0,1,-,0,0,0,0,0.0,-,0,0,0,0,0.0,ECU,0,1,12821,210,216.0,FAN1,0,0,0,0,0.0,COILS,1,1,12788,0,0.0,PUMP,0,0,0,0,0.0,INJECTOR,1,1,12673,0,0.0,SERVO,1,1,12613,0,0.0,ADD 1,0,1,12684,0,0.0,ADD 2,0,1,12816,0,0.0,ADD 3,0,1,12816,0,0.0,ADD 4,0,1,12739,0,0.0,ADD 5,0,0,0,0,0.0,ADD 6,0,1,12799,0,0.0,ADD 7,0,0,0,0,0.0,EGT2CAN,0,1,12608,0,0.0
1778951581.827624,216.7,12739,-44.0,1,-,0,0,0,0,0.0,-,0,0,0,0,0.0,ECU,0,1,12816,210,216.7,FAN1,0,0,0,0,0.0,COILS,1,1,12772,0,0.0,PUMP,0,0,0,0,0.0,INJECTOR,1,1,12788,0,0.0,SERVO,1,1,12772,0,0.0,ADD 1,0,1,12717,0,0.0,ADD 2,0,1,12690,0,0.0,ADD 3,0,1,12728,0,0.0,ADD 4,0,1,12712,0,0.0,ADD 5,0,0,0,0,0.0,ADD 6,0,1,12821,0,0.0,ADD 7,0,0,0,0,0.0,EGT2CAN,0,1,12788,0,0.0
1778951581.878565,216.7,12739,-44.0,1,-,0,0,0,0,0.0,-,0,0,0,0,0.0,ECU,0,1,12695,210,216.7,FAN1,0,0,0,0,0.0,COILS,1,1,12772,0,0.0,PUMP,0,0,0,0,0.0,INJECTOR,1,1,12788,0,0.0,SERVO,1,1,12772,0,0.0,ADD 1,0,1,12717,0,0.0,ADD 2,0,1,12690,0,0.0,ADD 3,0,1,12728,0,0.0,ADD 4,0,1,12712,0,0.0,ADD 5,0,0,0,0,0.0,ADD 6,0,1,12821,0,0.0,ADD 7,0,0,0,0,0.0,EGT2CAN,0,1,12788,0,0.0
1778951581.9301975,217.5,12732,-44.0,1,-,0,0,0,0,0.0,-,0,0,0,0,0.0,ECU,0,1,12695,220,217.5,FAN1,0,0,0,0,0.0,COILS,1,1,12816,0,0.0,PUMP,0,0,0,0,0.0,INJECTOR,1,1,12766,0,0.0,SERVO,1,1,12739,0,0.0,ADD 1,0,1,12827,0,0.0,ADD 2,0,1,12766,0,0.0,ADD 3,0,1,12652,0,0.0,ADD 4,0,1,12690,0,0.0,ADD 5,0,0,0,0,0.0,ADD 6,0,1,12827,0,0.0,ADD 7,0,0,0,0,0.0,EGT2CAN,0,1,12756,0,0.0
1778951581.983678,220.0,12794,-43.0,1,-,0,0,0,0,0.0,-,0,0,0,0,0.0,ECU,0,1,12657,230,220.0,FAN1,0,0,0,0,0.0,COILS,1,1,12810,0,0.0,PUMP,0,0,0,0,0.0,INJECTOR,1,1,12717,0,0.0,SERVO,1,1,12695,0,0.0,ADD 1,0,1,12788,0,0.0,ADD 2,0,1,12794,0,0.0,ADD 3,0,1,12799,0,0.0,ADD 4,0,1,12701,0,0.0,ADD 5,0,0,0,0,0.0,ADD 6,0,1,12766,0,0.0,ADD 7,0,0,0,0,0.0,EGT2CAN,0,1,12805,0,0.0
1778951582.0345027,220.0,12794,-43.0,1,-,0,0,0,0,0.0,-,0,0,0,0,0.0,ECU,0,1,12788,230,220.0,FAN1,0,0,0,0,0.0,COILS,1,1,12810,0,0.0,PUMP,0,0,0,0,0.0,INJECTOR,1,1,12717,0,0.0,SERVO,1,1,12695,0,0.0,ADD 1,0,1,12788,0,0.0,ADD 2,0,1,12794,0,0.0,ADD 3,0,1,12799,0,0.0,ADD 4,0,1,12701,0,0.0,ADD 5,0,0,0,0,0.0,ADD 6,0,1,12766,0,0.0,ADD 7,0,0,0,0,0.0,EGT2CAN,0,1,12805,0,0.0
1778951582.0851345,220.0,12794,-43.0,1,-,0,0,0,0,0.0,-,0,0,0,0,0.0,ECU,0,1,12788,220,220.0,FAN1,0,0,0,0,0.0,COILS,1,1,12652,0,0.0,PUMP,0,0,0,0,0.0,INJECTOR,1,1,12761,0,0.0,SERVO,1,1,12728,0,0.0,ADD 1,0,1,12810,0,0.0,ADD 2,0,1,12838,0,0.0,ADD 3,0,1,12772,0,0.0,ADD 4,0,1,12756,0,0.0,ADD 5,0,0,0,0,0.0,ADD 6,0,1,12701,0,0.0,ADD 7,0,0,0,0,0.0,EGT2CAN,0,1,12766,0,0.0
1778951582.1360447,218.0,12800,-45.0,1,-,0,0,0,0,0.0,-,0,0,0,0,0.0,ECU,0,1,12799,220,218.0,FAN1,0,0,0,0,0.0,COILS,1,1,12794,0,0.0,PUMP,0,0,0,0,0.0,INJECTOR,1,1,12690,0,0.0,SERVO,1,1,12684,0,0.0,ADD 1,0,1,12788,0,0.0,ADD 2,0,1,12838,0,0.0,ADD 3,0,1,12777,0,0.0,ADD 4,0,1,12739,0,0.0,ADD 5,0,0,0,0,0.0,ADD 6,0,1,12788,0,0.0,ADD 7,0,0,0,0,0.0,EGT2CAN,0,1,12695,0,0.0
1778951582.1870406,218.0,12800,-45.0,1,-,0,0,0,0,0.0,-,0,0,0,0,0.0,ECU,0,1,12805,220,218.0,FAN1,0,0,0,0,0.0,COILS,1,1,12794,0,0.0,PUMP,0,0,0,0,0.0,INJECTOR,1,1,12690,0,0.0,SERVO,1,1,12684,0,0.0,ADD 1,0,1,12788,0,0.0,ADD 2,0,1,12838,0,0.0,ADD 3,0,1,12777,0,0.0,ADD 4,0,1,12739,0,0.0,ADD 5,0,0,0,0,0.0,ADD 6,0,1,12788,0,0.0,ADD 7,0,0,0,0,0.0,EGT2CAN,0,1,12695,0,0.0
1778951582.2380383,220.0,12800,-45.0,1,-,0,0,0,0,0.0,-,0,0,0,0,0.0,ECU,0,1,12805,230,220.0,FAN1,0,0,0,0,0.0,COILS,1,1,12761,0,0.0,PUMP,0,0,0,0,0.0,INJECTOR,1,1,12799,0,0.0,SERVO,1,1,12657,0,0.0,ADD 1,0,1,12816,0,0.0,ADD 2,0,1,12777,0,0.0,ADD 3,0,1,12673,0,0.0,ADD 4,0,1,12663,0,0.0,ADD 5,0,0,0,0,0.0,ADD 6,0,1,12684,0,0.0,ADD 7,0,0,0,0,0.0,EGT2CAN,0,1,12788,0,0.0
1778951582.2934237,218.3,12776,-44.0,1,-,0,0,0,0,0.0,-,0,0,0,0,0.0,ECU,0,1,12739,210,218.3,FAN1,0,0,0,0,0.0,COILS,1,1,12783,0,0.0,PUMP,0,0,0,0,0.0,INJECTOR,1,1,12805,0,0.0,SERVO,1,1,12777,0,0.0,ADD 1,0,1,12684,0,0.0,ADD 2,0,1,12673,0,0.0,ADD 3,0,1,12750,0,0.0,ADD 4,0,1,12772,0,0.0,ADD 5,0,0,0,0,0.0,ADD 6,0,1,12788,0,0.0,ADD 7,0,0,0,0,0.0,EGT2CAN,0,1,12810,0,0.0
1778951582.3442426,218.3,12776,-44.0,1,-,0,0,0,0,0.0,-,0,0,0,0,0.0,ECU,0,1,12821,210,218.3,FAN1,0,0,0,0,0.0,COILS,1,1,12783,0,0.0,PUMP,0,0,0,0,0.0,INJECTOR,1,1,12805,0,0.0,SERVO,1,1,12777,0,0.0,ADD 1,0,1,12684,0,0.0,ADD 2,0,1,12673,0,0.0,ADD 3,0,1,12750,0,0.0,ADD 4,0,1,12772,0,0.0,ADD 5,0,0,0,0,0.0,ADD 6,0,1,12788,0,0.0,ADD 7,0,0,0,0,0.0,EGT2CAN,0,1,12810,0,0.0
1778951582.3952072,222.0,12807,-45.0,1,-,0,0,0,0,0.0,-,0,0,0,0,0.0,ECU,0,1,12816,230,222.0,FAN1,0,0,0,0,0.0,COILS,1,1,12772,0,0.0,PUMP,0,0,0,0,0.0,INJECTOR,1,1,12832,0,0.0,SERVO,1,1,12805,0,0.0,ADD 1,0,1,12799,0,0.0,ADD 2,0,1,12684,0,0.0,ADD 3,0,1,12657,0,0.0,ADD 4,0,1,12646,0,0.0,ADD 5,0,0,0,0,0.0,ADD 6,0,1,12794,0,0.0,ADD 7,0,0,0,0,0.0,EGT2CAN,0,1,12827,0,0.0
1778951582.4641683,220.0,12745,-43.0,1,-,0,0,0,0,0.0,-,0,0,0,0,0.0,ECU,0,1,12766,210,220.0,FAN1,0,0,0,0,0.0,COILS,1,1,12761,0,0.0,PUMP,0,0,0,0,0.0,INJECTOR,1,1,12684,0,0.0,SERVO,1,1,12717,0,0.0,ADD 1,0,1,12761,0,0.0,ADD 2,0,1,12772,0,0.0,ADD 3,0,1,12788,0,0.0,ADD 4,0,1,12668,0,0.0,ADD 5,0,0,0,0,0.0,ADD 6,0,1,12739,0,0.0,ADD 7,0,0,0,0,0.0,EGT2CAN,0,1,12827,0,0.0
1778951582.5154438,220.0,12745,-43.0,1,-,0,0,0,0,0.0,-,0,0,0,0,0.0,ECU,0,1,12766,210,220.0,FAN1,0,0,0,0,0.0,COILS,1,1,12717,0,0.0,PUMP,0,0,0,0,0.0,INJECTOR,1,1,12684,0,0.0,SERVO,1,1,12706,0,0.0,ADD 1,0,1,12756,0,0.0,ADD 2,0,1,12788,0,0.0,ADD 3,0,1,12723,0,0.0,ADD 4,0,1,12652,0,0.0,ADD 5,0,0,0,0,0.0,ADD 6,0,1,12766,0,0.0,ADD 7,0,0,0,0,0.0,EGT2CAN,0,1,12799,0,0.0
1778951582.5661929,218.3,12751,-44.0,1,-,0,0,0,0,0.0,-,0,0,0,0,0.0,ECU,0,1,12756,230,218.3,FAN1,0,0,0,0,0.0,COILS,1,1,12695,0,0.0,PUMP,0,0,0,0,0.0,INJECTOR,1,1,12739,0,0.0,SERVO,1,1,12756,0,0.0,ADD 1,0,1,12794,0,0.0,ADD 2,0,1,12843,0,0.0,ADD 3,0,1,12766,0,0.0,ADD 4,0,1,12684,0,0.0,ADD 5,0,0,0,0,0.0,ADD 6,0,1,12684,0,0.0,ADD 7,0,0,0,0,0.0,EGT2CAN,0,1,12717,0,0.0
1778951582.6174517,218.3,12751,-44.0,1,-,0,0,0,0,0.0,-,0,0,0,0,0.0,ECU,0,1,12756,230,218.3,FAN1,0,0,0,0,0.0,COILS,1,1,12695,0,0.0,PUMP,0,0,0,0,0.0,INJECTOR,1,1,12739,0,0.0,SERVO,1,1,12756,0,0.0,ADD 1,0,1,12794,0,0.0,ADD 2,0,1,12843,0,0.0,ADD 3,0,1,12766,0,0.0,ADD 4,0,1,12684,0,0.0,ADD 5,0,0,0,0,0.0,ADD 6,0,1,12684,0,0.0,ADD 7,0,0,0,0,0.0,EGT2CAN,0,1,12717,0,0.0
1778951582.6685262,215.0,12751,-44.0,1,-,0,0,0,0,0.0,-,0,0,0,0,0.0,ECU,0,1,12799,210,215.0,FAN1,0,0,0,0,0.0,COILS,1,1,12690,0,0.0,PUMP,0,0,0,0,0.0,INJECTOR,1,1,12673,0,0.0,SERVO,1,1,12673,0,0.0,ADD 1,0,1,12766,0,0.0,ADD 2,0,1,12695,0,0.0,ADD 3,0,1,12701,0,0.0,ADD 4,0,1,12701,0,0.0,ADD 5,0,0,0,0,0.0,ADD 6,0,1,12794,0,0.0,ADD 7,0,0,0,0,0.0,EGT2CAN,0,1,12794,0,0.0
1778951582.7237027,213.3,12769,-43.0,1,-,0,0,0,0,0.0,-,0,0,0,0,0.0,ECU,0,1,12816,210,213.3,FAN1,0,0,0,0,0.0,COILS,1,1,12772,0,0.0,PUMP,0,0,0,0,0.0,INJECTOR,1,1,12701,0,0.0,SERVO,1,1,12799,0,0.0,ADD 1,0,1,12849,0,0.0,ADD 2,0,1,12788,0,0.0,ADD 3,0,1,12739,0,0.0,ADD 4,0,1,12630,0,0.0,ADD 5,0,0,0,0,0.0,ADD 6,0,1,12805,0,0.0,ADD 7,0,0,0,0,0.0,EGT2CAN,0,1,12766,0,0.0
1778951582.7744813,213.3,12769,-43.0,1,-,0,0,0,0,0.0,-,0,0,0,0,0.0,ECU,0,1,12717,210,213.3,FAN1,0,0,0,0,0.0,COILS,1,1,12772,0,0.0,PUMP,0,0,0,0,0.0,INJECTOR,1,1,12701,0,0.0,SERVO,1,1,12799,0,0.0,ADD 1,0,1,12849,0,0.0,ADD 2,0,1,12788,0,0.0,ADD 3,0,1,12739,0,0.0,ADD 4,0,1,12630,0,0.0,ADD 5,0,0,0,0,0.0,ADD 6,0,1,12805,0,0.0,ADD 7,0,0,0,0,0.0,EGT2CAN,0,1,12766,0,0.0
1778951582.8251984,215.0,12813,-43.0,1,-,0,0,0,0,0.0,-,0,0,0,0,0.0,ECU,0,1,12717,230,215.0,FAN1,0,0,0,0,0.0,COILS,1,1,12783,0,0.0,PUMP,0,0,0,0,0.0,INJECTOR,1,1,12805,0,0.0,SERVO,1,1,12777,0,0.0,ADD 1,0,1,12690,0,0.0,ADD 2,0,1,12723,0,0.0,ADD 3,0,1,12756,0,0.0,ADD 4,0,1,12734,0,0.0,ADD 5,0,0,0,0,0.0,ADD 6,0,1,12849,0,0.0,ADD 7,0,0,0,0,0.0,EGT2CAN,0,1,12805,0,0.0
1778951582.876253,222.0,12776,-44.0,1,-,0,0,0,0,0.0,-,0,0,0,0,0.0,ECU,0,1,12772,230,222.0,FAN1,0,0,0,0,0.0,COILS,1,1,12810,0,0.0,PUMP,0,0,0,0,0.0,INJECTOR,1,1,12821,0,0.0,SERVO,1,1,12766,0,0.0,ADD 1,0,1,12761,0,0.0,ADD 2,0,1,12695,0,0.0,ADD 3,0,1,12701,0,0.0,ADD 4,0,1,12717,0,0.0,ADD 5,0,0,0,0,0.0,ADD 6,0,1,12854,0,0.0,ADD 7,0,0,0,0,0.0,EGT2CAN,0,1,12827,0,0.0
1778951582.9333353,222.0,12776,-44.0,1,-,0,0,0,0,0.0,-,0,0,0,0,0.0,ECU,0,1,12810,230,222.0,FAN1,0,0,0,0,0.0,COILS,1,1,12810,0,0.0,PUMP,0,0,0,0,0.0,INJECTOR,1,1,12821,0,0.0,SERVO,1,1,12766,0,0.0,ADD 1,0,1,12761,0,0.0,ADD 2,0,1,12695,0,0.0,ADD 3,0,1,12701,0,0.0,ADD 4,0,1,12717,0,0.0,ADD 5,0,0,0,0,0.0,ADD 6,0,1,12854,0,0.0,ADD 7,0,0,0,0,0.0,EGT2CAN,0,1,12827,0,0.0
1778951582.986225,230.0,12788,-43.0,1,-,0,0,0,0,0.0,-,0,0,0,0,0.0,ECU,0,1,12794,230,230.0,FAN1,0,0,0,0,0.0,COILS,1,1,12821,0,0.0,PUMP,0,0,0,0,0.0,INJECTOR,1,1,12827,0,0.0,SERVO,1,1,12761,0,0.0,ADD 1,0,1,12832,0,0.0,ADD 2,0,1,12827,0,0.0,ADD 3,0,1,12684,0,0.0,ADD 4,0,1,12630,0,0.0,ADD 5,0,0,0,0,0.0,ADD 6,0,1,12805,0,0.0,ADD 7,0,0,0,0,0.0,EGT2CAN,0,1,12766,0,0.0
1778951583.045253,230.0,12757,-44.0,1,-,0,0,0,0,0.0,-,0,0,0,0,0.0,ECU,0,1,12810,230,230.0,FAN1,0,0,0,0,0.0,COILS,1,1,12684,0,0.0,PUMP,0,0,0,0,0.0,INJECTOR,1,1,12810,0,0.0,SERVO,1,1,12799,0,0.0,ADD 1,0,1,12832,0,0.0,ADD 2,0,1,12843,0,0.0,ADD 3,0,1,12805,0,0.0,ADD 4,0,1,12766,0,0.0,ADD 5,0,0,0,0,0.0,ADD 6,0,1,12717,0,0.0,ADD 7,0,0,0,0,0.0,EGT2CAN,0,1,12772,0,0.0
1778951583.0993292,230.0,12757,-44.0,1,-,0,0,0,0,0.0,-,0,0,0,0,0.0,ECU,0,1,12816,230,230.0,FAN1,0,0,0,0,0.0,COILS,1,1,12684,0,0.0,PUMP,0,0,0,0,0.0,INJECTOR,1,1,12756,0,0.0,SERVO,1,1,12761,0,0.0,ADD 1,0,1,12832,0,0.0,ADD 2,0,1,12843,0,0.0,ADD 3,0,1,12805,0,0.0,ADD 4,0,1,12766,0,0.0,ADD 5,0,0,0,0,0.0,ADD 6,0,1,12717,0,0.0,ADD 7,0,0,0,0,0.0,EGT2CAN,0,1,12772,0,0.0
1778951583.1502144,222.0,12800,-43.0,1,-,0,0,0,0,0.0,-,0,0,0,0,0.0,ECU,0,1,12750,210,222.0,FAN1,0,0,0,0,0.0,COILS,1,1,12701,0,0.0,PUMP,0,0,0,0,0.0,INJECTOR,1,1,12832,0,0.0,SERVO,1,1,12788,0,0.0,ADD 1,0,1,12613,0,0.0,ADD 2,0,1,12739,0,0.0,ADD 3,0,1,12756,0,0.0,ADD 4,0,1,12772,0,0.0,ADD 5,0,0,0,0,0.0,ADD 6,0,1,12799,0,0.0,ADD 7,0,0,0,0,0.0,EGT2CAN,0,1,12750,0,0.0
1778951583.2019193,223.3,12769,-45.0,1,-,0,0,0,0,0.0,-,0,0,0,0,0.0,ECU,0,1,12766,230,223.3,FAN1,0,0,0,0,0.0,COILS,1,1,12706,0,0.0,PUMP,0,0,0,0,0.0,INJECTOR,1,1,12712,0,0.0,SERVO,1,1,12635,0,0.0,ADD 1,0,1,12761,0,0.0,ADD 2,0,1,12827,0,0.0,ADD 3,0,1,12794,0,0.0,ADD 4,0,1,12794,0,0.0,ADD 5,0,0,0,0,0.0,ADD 6,0,1,12805,0,0.0,ADD 7,0,0,0,0,0.0,EGT2CAN,0,1,12695,0,0.0
1778951583.2522516,220.0,12769,-45.0,1,-,0,0,0,0,0.0,-,0,0,0,0,0.0,ECU,0,1,12827,230,220.0,FAN1,0,0,0,0,0.0,COILS,1,1,12827,0,0.0,PUMP,0,0,0,0,0.0,INJECTOR,1,1,12712,0,0.0,SERVO,1,1,12613,0,0.0,ADD 1,0,1,12712,0,0.0,ADD 2,0,1,12816,0,0.0,ADD 3,0,1,12810,0,0.0,ADD 4,0,1,12788,0,0.0,ADD 5,0,0,0,0,0.0,ADD 6,0,1,12810,0,0.0,ADD 7,0,0,0,0,0.0,EGT2CAN,0,1,12657,0,0.0
1778951583.3034654,220.0,12782,-43.0,1,-,0,0,0,0,0.0,-,0,0,0,0,0.0,ECU,0,1,12827,230,220.0,FAN1,0,0,0,0,0.0,COILS,1,1,12827,0,0.0,PUMP,0,0,0,0,0.0,INJECTOR,1,1,12712,0,0.0,SERVO,1,1,12613,0,0.0,ADD 1,0,1,12712,0,0.0,ADD 2,0,1,12816,0,0.0,ADD 3,0,1,12810,0,0.0,ADD 4,0,1,12788,0,0.0,ADD 5,0,0,0,0,0.0,ADD 6,0,1,12810,0,0.0,ADD 7,0,0,0,0,0.0,EGT2CAN,0,1,12657,0,0.0
1778951583.353703,222.0,12807,-44.0,1,-,0,0,0,0,0.0,-,0,0,0,0,0.0,ECU,0,1,12821,220,222.0,FAN1,0,0,0,0,0.0,COILS,1,1,12810,0,0.0,PUMP,0,0,0,0,0.0,INJECTOR,1,1,12777,0,0.0,SERVO,1,1,12788,0,0.0,ADD 1,0,1,12739,0,0.0,ADD 2,0,1,12673,0,0.0,ADD 3,0,1,12712,0,0.0,ADD 4,0,1,12728,0,0.0,ADD 5,0,0,0,0,0.0,ADD 6,0,1,12810,0,0.0,ADD 7,0,0,0,0,0.0,EGT2CAN,0,1,12810,0,0.0
1778951583.4047394,226.0,12800,-45.0,1,-,0,0,0,0,0.0,-,0,0,0,0,0.0,ECU,0,1,12794,230,226.0,FAN1,0,0,0,0,0.0,COILS,1,1,12810,0,0.0,PUMP,0,0,0,0,0.0,INJECTOR,1,1,12756,0,0.0,SERVO,1,1,12761,0,0.0,ADD 1,0,1,12794,0,0.0,ADD 2,0,1,12756,0,0.0,ADD 3,0,1,12668,0,0.0,ADD 4,0,1,12701,0,0.0,ADD 5,0,0,0,0,0.0,ADD 6,0,1,12843,0,0.0,ADD 7,0,0,0,0,0.0,EGT2CAN,0,1,12799,0,0.0
1778951583.4569392,226.0,12800,-45.0,1,-,0,0,0,0,0.0,-,0,0,0,0,0.0,ECU,0,1,12652,230,226.0,FAN1,0,0,0,0,0.0,COILS,1,1,12788,0,0.0,PUMP,0,0,0,0,0.0,INJECTOR,1,1,12843,0,0.0,SERVO,1,1,12679,0,0.0,ADD 1,0,1,12777,0,0.0,ADD 2,0,1,12810,0,0.0,ADD 3,0,1,12734,0,0.0,ADD 4,0,1,12663,0,0.0,ADD 5,0,0,0,0,0.0,ADD 6,0,1,12843,0,0.0,ADD 7,0,0,0,0,0.0,EGT2CAN,0,1,12799,0,0.0
1778951583.5077102,224.0,12819,-43.0,1,-,0,0,0,0,0.0,-,0,0,0,0,0.0,ECU,0,1,12794,220,224.0,FAN1,0,0,0,0,0.0,COILS,1,1,12679,0,0.0,PUMP,0,0,0,0,0.0,INJECTOR,1,1,12821,0,0.0,SERVO,1,1,12788,0,0.0,ADD 1,0,1,12756,0,0.0,ADD 2,0,1,12832,0,0.0,ADD 3,0,1,12756,0,0.0,ADD 4,0,1,12695,0,0.0,ADD 5,0,0,0,0,0.0,ADD 6,0,1,12723,0,0.0,ADD 7,0,0,0,0,0.0,EGT2CAN,0,1,12766,0,0.0
1778951583.5761316,221.7,12769,-43.0,1,-,0,0,0,0,0.0,-,0,0,0,0,0.0,ECU,0,1,12794,210,221.7,FAN1,0,0,0,0,0.0,COILS,1,1,12679,0,0.0,PUMP,0,0,0,0,0.0,INJECTOR,1,1,12821,0,0.0,SERVO,1,1,12788,0,0.0,ADD 1,0,1,12756,0,0.0,ADD 2,0,1,12832,0,0.0,ADD 3,0,1,12756,0,0.0,ADD 4,0,1,12695,0,0.0,ADD 5,0,0,0,0,0.0,ADD 6,0,1,12723,0,0.0,ADD 7,0,0,0,0,0.0,EGT2CAN,0,1,12766,0,0.0
1778951583.6311662,222.5,12769,-43.0,1,-,0,0,0,0,0.0,-,0,0,0,0,0.0,ECU,0,1,12783,230,222.5,FAN1,0,0,0,0,0.0,COILS,1,1,12668,0,0.0,PUMP,0,0,0,0,0.0,INJECTOR,1,1,12788,0,0.0,SERVO,1,1,12788,0,0.0,ADD 1,0,1,12838,0,0.0,ADD 2,0,1,12805,0,0.0,ADD 3,0,1,12777,0,0.0,ADD 4,0,1,12799,0,0.0,ADD 5,0,0,0,0,0.0,ADD 6,0,1,12723,0,0.0,ADD 7,0,0,0,0,0.0,EGT2CAN,0,1,12750,0,0.0
1778951583.6822743,221.7,12788,-44.0,1,-,0,0,0,0,0.0,-,0,0,0,0,0.0,ECU,0,1,12684,210,221.7,FAN1,0,0,0,0,0.0,COILS,1,1,12821,0,0.0,PUMP,0,0,0,0,0.0,INJECTOR,1,1,12684,0,0.0,SERVO,1,1,12723,0,0.0,ADD 1,0,1,12684,0,0.0,ADD 2,0,1,12799,0,0.0,ADD 3,0,1,12684,0,0.0,ADD 4,0,1,12663,0,0.0,ADD 5,0,0,0,0,0.0,ADD 6,0,1,12832,0,0.0,ADD 7,0,0,0,0,0.0,EGT2CAN,0,1,12816,0,0.0
1778951583.7375011,220.0,12763,-43.0,1,-,0,0,0,0,0.0,-,0,0,0,0,0.0,ECU,0,1,12827,210,220.0,FAN1,0,0,0,0,0.0,COILS,1,1,12816,0,0.0,PUMP,0,0,0,0,0.0,INJECTOR,1,1,12652,0,0.0,SERVO,1,1,12668,0,0.0,ADD 1,0,1,12717,0,0.0,ADD 2,0,1,12805,0,0.0,ADD 3,0,1,12799,0,0.0,ADD 4,0,1,12745,0,0.0,ADD 5,0,0,0,0,0.0,ADD 6,0,1,12854,0,0.0,ADD 7,0,0,0,0,0.0,EGT2CAN,0,1,12701,0,0.0
1778951583.789823,220.0,12763,-43.0,1,-,0,0,0,0,0.0,-,0,0,0,0,0.0,ECU,0,1,12783,210,220.0,FAN1,0,0,0,0,0.0,COILS,1,1,12805,0,0.0,PUMP,0,0,0,0,0.0,INJECTOR,1,1,12788,0,0.0,SERVO,1,1,12766,0,0.0,ADD 1,0,1,12717,0,0.0,ADD 2,0,1,12805,0,0.0,ADD 3,0,1,12799,0,0.0,ADD 4,0,1,12745,0,0.0,ADD 5,0,0,0,0,0.0,ADD 6,0,1,12854,0,0.0,ADD 7,0,0,0,0,0.0,EGT2CAN,0,1,12701,0,0.0
1778951583.8423252,220.0,12769,-43.0,1,-,0,0,0,0,0.0,-,0,0,0,0,0.0,ECU,0,1,12739,220,220.0,FAN1,0,0,0,0,0.0,COILS,1,1,12816,0,0.0,PUMP,0,0,0,0,0.0,INJECTOR,1,1,12832,0,0.0,SERVO,1,1,12777,0,0.0,ADD 1,0,1,12728,0,0.0,ADD 2,0,1,12668,0,0.0,ADD 3,0,1,12728,0,0.0,ADD 4,0,1,12772,0,0.0,ADD 5,0,0,0,0,0.0,ADD 6,0,1,12810,0,0.0,ADD 7,0,0,0,0,0.0,EGT2CAN,0,1,12827,0,0.0
1778951583.8934937,218.3,12813,-43.0,1,-,0,0,0,0,0.0,-,0,0,0,0,0.0,ECU,0,1,12810,210,218.3,FAN1,0,0,0,0,0.0,COILS,1,1,12816,0,0.0,PUMP,0,0,0,0,0.0,INJECTOR,1,1,12788,0,0.0,SERVO,1,1,12783,0,0.0,ADD 1,0,1,12838,0,0.0,ADD 2,0,1,12854,0,0.0,ADD 3,0,1,12788,0,0.0,ADD 4,0,1,12728,0,0.0,ADD 5,0,0,0,0,0.0,ADD 6,0,1,12728,0,0.0,ADD 7,0,0,0,0,0.0,EGT2CAN,0,1,12821,0,0.0
1778951583.9442716,218.3,12813,-43.0,1,-,0,0,0,0,0.0,-,0,0,0,0,0.0,ECU,0,1,12772,210,218.3,FAN1,0,0,0,0,0.0,COILS,1,1,12816,0,0.0,PUMP,0,0,0,0,0.0,INJECTOR,1,1,12788,0,0.0,SERVO,1,1,12783,0,0.0,ADD 1,0,1,12838,0,0.0,ADD 2,0,1,12854,0,0.0,ADD 3,0,1,12788,0,0.0,ADD 4,0,1,12728,0,0.0,ADD 5,0,0,0,0,0.0,ADD 6,0,1,12728,0,0.0,ADD 7,0,0,0,0,0.0,EGT2CAN,0,1,12821,0,0.0
1778951584.0033004,220.0,12800,-41.0,1,-,0,0,0,0,0.0,-,0,0,0,0,0.0,ECU,0,1,12657,230,220.0,FAN1,0,0,0,0,0.0,COILS,1,1,12777,0,0.0,PUMP,0,0,0,0,0.0,INJECTOR,1,1,12832,0,0.0,SERVO,1,1,12756,0,0.0,ADD 1,0,1,12838,0,0.0,ADD 2,0,1,12854,0,0.0,ADD 3,0,1,12766,0,0.0,ADD 4,0,1,12613,0,0.0,ADD 5,0,0,0,0,0.0,ADD 6,0,1,12794,0,0.0,ADD 7,0,0,0,0,0.0,EGT2CAN,0,1,12838,0,0.0
1778951584.0729437,222.0,12813,-43.0,1,-,0,0,0,0,0.0,-,0,0,0,0,0.0,ECU,0,1,12739,240,222.0,FAN1,0,0,0,0,0.0,COILS,1,1,12788,0,0.0,PUMP,0,0,0,0,0.0,INJECTOR,1,1,12663,0,0.0,SERVO,1,1,12728,0,0.0,ADD 1,0,1,12761,0,0.0,ADD 2,0,1,12783,0,0.0,ADD 3,0,1,12816,0,0.0,ADD 4,0,1,12788,0,0.0,ADD 5,0,0,0,0,0.0,ADD 6,0,1,12777,0,0.0,ADD 7,0,0,0,0,0.0,EGT2CAN,0,1,12717,0,0.0
1778951584.1242657,220.0,12794,-44.0,1,-,0,0,0,0,0.0,-,0,0,0,0,0.0,ECU,0,1,12756,210,220.0,FAN1,0,0,0,0,0.0,COILS,1,1,12783,0,0.0,PUMP,0,0,0,0,0.0,INJECTOR,1,1,12679,0,0.0,SERVO,1,1,12723,0,0.0,ADD 1,0,1,12832,0,0.0,ADD 2,0,1,12849,0,0.0,ADD 3,0,1,12843,0,0.0,ADD 4,0,1,12761,0,0.0,ADD 5,0,0,0,0,0.0,ADD 6,0,1,12717,0,0.0,ADD 7,0,0,0,0,0.0,EGT2CAN,0,1,12788,0,0.0
1778951584.1814172,220.0,12794,-44.0,1,-,0,0,0,0,0.0,-,0,0,0,0,0.0,ECU,0,1,12832,210,220.0,FAN1,0,0,0,0,0.0,COILS,1,1,12668,0,0.0,PUMP,0,0,0,0,0.0,INJECTOR,1,1,12805,0,0.0,SERVO,1,1,12788,0,0.0,ADD 1,0,1,12756,0,0.0,ADD 2,0,1,12717,0,0.0,ADD 3,0,1,12717,0,0.0,ADD 4,0,1,12717,0,0.0,ADD 5,0,0,0,0,0.0,ADD 6,0,1,12821,0,0.0,ADD 7,0,0,0,0,0.0,EGT2CAN,0,1,12777,0,0.0
1778951584.2345898,220.0,12763,-43.0,1,-,0,0,0,0,0.0,-,0,0,0,0,0.0,ECU,0,1,12832,210,220.0,FAN1,0,0,0,0,0.0,COILS,1,1,12668,0,0.0,PUMP,0,0,0,0,0.0,INJECTOR,1,1,12805,0,0.0,SERVO,1,1,12788,0,0.0,ADD 1,0,1,12756,0,0.0,ADD 2,0,1,12717,0,0.0,ADD 3,0,1,12717,0,0.0,ADD 4,0,1,12717,0,0.0,ADD 5,0,0,0,0,0.0,ADD 6,0,1,12821,0,0.0,ADD 7,0,0,0,0,0.0,EGT2CAN,0,1,12777,0,0.0
1778951584.2853167,216.0,12776,-43.0,1,-,0,0,0,0,0.0,-,0,0,0,0,0.0,ECU,0,1,12712,220,216.0,FAN1,0,0,0,0,0.0,COILS,1,1,12810,0,0.0,PUMP,0,0,0,0,0.0,INJECTOR,1,1,12816,0,0.0,SERVO,1,1,12679,0,0.0,ADD 1,0,1,12673,0,0.0,ADD 2,0,1,12756,0,0.0,ADD 3,0,1,12816,0,0.0,ADD 4,0,1,12766,0,0.0,ADD 5,0,0,0,0,0.0,ADD 6,0,1,12810,0,0.0,ADD 7,0,0,0,0,0.0,EGT2CAN,0,1,12723,0,0.0
1778951584.3358314,217.5,12776,-43.0,1,-,0,0,0,0,0.0,-,0,0,0,0,0.0,ECU,0,1,12777,210,217.5,FAN1,0,0,0,0,0.0,COILS,1,1,12799,0,0.0,PUMP,0,0,0,0,0.0,INJECTOR,1,1,12832,0,0.0,SERVO,1,1,12734,0,0.0,ADD 1,0,1,12668,0,0.0,ADD 2,0,1,12712,0,0.0,ADD 3,0,1,12766,0,0.0,ADD 4,0,1,12810,0,0.0,ADD 5,0,0,0,0,0.0,ADD 6,0,1,12805,0,0.0,ADD 7,0,0,0,0,0.0,EGT2CAN,0,1,12799,0,0.0
1778951584.3879771,217.5,12800,-44.0,1,-,0,0,0,0,0.0,-,0,0,0,0,0.0,ECU,0,1,12788,210,217.5,FAN1,0,0,0,0,0.0,COILS,1,1,12799,0,0.0,PUMP,0,0,0,0,0.0,INJECTOR,1,1,12832,0,0.0,SERVO,1,1,12734,0,0.0,ADD 1,0,1,12668,0,0.0,ADD 2,0,1,12712,0,0.0,ADD 3,0,1,12766,0,0.0,ADD 4,0,1,12810,0,0.0,ADD 5,0,0,0,0,0.0,ADD 6,0,1,12805,0,0.0,ADD 7,0,0,0,0,0.0,EGT2CAN,0,1,12799,0,0.0
1778951584.438803,220.0,12819,-43.0,1,-,0,0,0,0,0.0,-,0,0,0,0,0.0,ECU,0,1,12816,220,220.0,FAN1,0,0,0,0,0.0,COILS,1,1,12799,0,0.0,PUMP,0,0,0,0,0.0,INJECTOR,1,1,12859,0,0.0,SERVO,1,1,12684,0,0.0,ADD 1,0,1,12766,0,0.0,ADD 2,0,1,12684,0,0.0,ADD 3,0,1,12652,0,0.0,ADD 4,0,1,12684,0,0.0,ADD 5,0,0,0,0,0.0,ADD 6,0,1,12876,0,0.0,ADD 7,0,0,0,0,0.0,EGT2CAN,0,1,12805,0,0.0
1778951584.4901323,215.0,12788,-43.0,1,-,0,0,0,0,0.0,-,0,0,0,0,0.0,ECU,0,1,12739,210,215.0,FAN1,0,0,0,0,0.0,COILS,1,1,12832,0,0.0,PUMP,0,0,0,0,0.0,INJECTOR,1,1,12832,0,0.0,SERVO,1,1,12766,0,0.0,ADD 1,0,1,12810,0,0.0,ADD 2,0,1,12821,0,0.0,ADD 3,0,1,12772,0,0.0,ADD 4,0,1,12712,0,0.0,ADD 5,0,0,0,0,0.0,ADD 6,0,1,12799,0,0.0,ADD 7,0,0,0,0,0.0,EGT2CAN,0,1,12766,0,0.0
1778951584.5422168,215.0,12788,-43.0,1,-,0,0,0,0,0.0,-,0,0,0,0,0.0,ECU,0,1,12706,210,215.0,FAN1,0,0,0,0,0.0,COILS,1,1,12832,0,0.0,PUMP,0,0,0,0,0.0,INJECTOR,1,1,12832,0,0.0,SERVO,1,1,12766,0,0.0,ADD 1,0,1,12810,0,0.0,ADD 2,0,1,12821,0,0.0,ADD 3,0,1,12772,0,0.0,ADD 4,0,1,12712,0,0.0,ADD 5,0,0,0,0,0.0,ADD 6,0,1,12799,0,0.0,ADD 7,0,0,0,0,0.0,EGT2CAN,0,1,12766,0,0.0
1778951584.5929995,218.0,12813,-44.0,1,-,0,0,0,0,0.0,-,0,0,0,0,0.0,ECU,0,1,12695,230,218.0,FAN1,0,0,0,0,0.0,COILS,1,1,12810,0,0.0,PUMP,0,0,0,0,0.0,INJECTOR,1,1,12777,0,0.0,SERVO,1,1,12673,0,0.0,ADD 1,0,1,12788,0,0.0,ADD 2,0,1,12876,0,0.0,ADD 3,0,1,12821,0,0.0,ADD 4,0,1,12799,0,0.0,ADD 5,0,0,0,0,0.0,ADD 6,0,1,12695,0,0.0,ADD 7,0,0,0,0,0.0,EGT2CAN,0,1,12810,0,0.0
1778951584.6499794,220.0,12800,-43.0,1,-,0,0,0,0,0.0,-,0,0,0,0,0.0,ECU,0,1,12772,230,220.0,FAN1,0,0,0,0,0.0,COILS,1,1,12684,0,0.0,PUMP,0,0,0,0,0.0,INJECTOR,1,1,12788,0,0.0,SERVO,1,1,12783,0,0.0,ADD 1,0,1,12788,0,0.0,ADD 2,0,1,12859,0,0.0,ADD 3,0,1,12838,0,0.0,ADD 4,0,1,12756,0,0.0,ADD 5,0,0,0,0,0.0,ADD 6,0,1,12717,0,0.0,ADD 7,0,0,0,0,0.0,EGT2CAN,0,1,12805,0,0.0
1778951584.701445,220.0,12800,-43.0,1,-,0,0,0,0,0.0,-,0,0,0,0,0.0,ECU,0,1,12750,230,220.0,FAN1,0,0,0,0,0.0,COILS,1,1,12810,0,0.0,PUMP,0,0,0,0,0.0,INJECTOR,1,1,12728,0,0.0,SERVO,1,1,12777,0,0.0,ADD 1,0,1,12788,0,0.0,ADD 2,0,1,12859,0,0.0,ADD 3,0,1,12838,0,0.0,ADD 4,0,1,12756,0,0.0,ADD 5,0,0,0,0,0.0,ADD 6,0,1,12717,0,0.0,ADD 7,0,0,0,0,0.0,EGT2CAN,0,1,12805,0,0.0
1778951584.7520375,222.0,12794,-43.0,1,-,0,0,0,0,0.0,-,0,0,0,0,0.0,ECU,0,1,12832,220,222.0,FAN1,0,0,0,0,0.0,COILS,1,1,12739,0,0.0,PUMP,0,0,0,0,0.0,INJECTOR,1,1,12766,0,0.0,SERVO,1,1,12630,0,0.0,ADD 1,0,1,12810,0,0.0,ADD 2,0,1,12859,0,0.0,ADD 3,0,1,12843,0,0.0,ADD 4,0,1,12805,0,0.0,ADD 5,0,0,0,0,0.0,ADD 6,0,1,12832,0,0.0,ADD 7,0,0,0,0,0.0,EGT2CAN,0,1,12728,0,0.0
1778951584.8035502,224.0,12825,-43.0,1,-,0,0,0,0,0.0,-,0,0,0,0,0.0,ECU,0,1,12832,220,224.0,FAN1,0,0,0,0,0.0,COILS,1,1,12788,0,0.0,PUMP,0,0,0,0,0.0,INJECTOR,1,1,12728,0,0.0,SERVO,1,1,12690,0,0.0,ADD 1,0,1,12832,0,0.0,ADD 2,0,1,12810,0,0.0,ADD 3,0,1,12750,0,0.0,ADD 4,0,1,12646,0,0.0,ADD 5,0,0,0,0,0.0,ADD 6,0,1,12810,0,0.0,ADD 7,0,0,0,0,0.0,EGT2CAN,0,1,12772,0,0.0
1778951584.8547938,224.0,12825,-43.0,1,-,0,0,0,0,0.0,-,0,0,0,0,0.0,ECU,0,1,12794,220,224.0,FAN1,0,0,0,0,0.0,COILS,1,1,12832,0,0.0,PUMP,0,0,0,0,0.0,INJECTOR,1,1,12728,0,0.0,SERVO,1,1,12701,0,0.0,ADD 1,0,1,12717,0,0.0,ADD 2,0,1,12766,0,0.0,ADD 3,0,1,12810,0,0.0,ADD 4,0,1,12783,0,0.0,ADD 5,0,0,0,0,0.0,ADD 6,0,1,12810,0,0.0,ADD 7,0,0,0,0,0.0,EGT2CAN,0,1,12772,0,0.0
1778951584.906031,220.0,12794,-43.0,1,-,0,0,0,0,0.0,-,0,0,0,0,0.0,ECU,0,1,12788,210,220.0,FAN1,0,0,0,0,0.0,COILS,1,1,12854,0,0.0,PUMP,0,0,0,0,0.0,INJECTOR,1,1,12827,0,0.0,SERVO,1,1,12810,0,0.0,ADD 1,0,1,12788,0,0.0,ADD 2,0,1,12717,0,0.0,ADD 3,0,1,12695,0,0.0,ADD 4,0,1,12756,0,0.0,ADD 5,0,0,0,0,0.0,ADD 6,0,1,12810,0,0.0,ADD 7,0,0,0,0,0.0,EGT2CAN,0,1,12810,0,0.0
1778951584.9580886,218.3,12800,-44.0,1,-,0,0,0,0,0.0,-,0,0,0,0,0.0,ECU,0,1,12788,210,218.3,FAN1,0,0,0,0,0.0,COILS,1,1,12854,0,0.0,PUMP,0,0,0,0,0.0,INJECTOR,1,1,12827,0,0.0,SERVO,1,1,12810,0,0.0,ADD 1,0,1,12788,0,0.0,ADD 2,0,1,12717,0,0.0,ADD 3,0,1,12695,0,0.0,ADD 4,0,1,12756,0,0.0,ADD 5,0,0,0,0,0.0,ADD 6,0,1,12859,0,0.0,ADD 7,0,0,0,0,0.0,EGT2CAN,0,1,12756,0,0.0
1778951585.009221,218.3,12800,-44.0,1,-,0,0,0,0,0.0,-,0,0,0,0,0.0,ECU,0,1,12750,210,218.3,FAN1,0,0,0,0,0.0,COILS,1,1,12849,0,0.0,PUMP,0,0,0,0,0.0,INJECTOR,1,1,12766,0,0.0,SERVO,1,1,12788,0,0.0,ADD 1,0,1,12788,0,0.0,ADD 2,0,1,12717,0,0.0,ADD 3,0,1,12695,0,0.0,ADD 4,0,1,12756,0,0.0,ADD 5,0,0,0,0,0.0,ADD 6,0,1,12859,0,0.0,ADD 7,0,0,0,0,0.0,EGT2CAN,0,1,12756,0,0.0
1778951585.0596063,215.0,12819,-43.0,1,-,0,0,0,0,0.0,-,0,0,0,0,0.0,ECU,0,1,12832,210,215.0,FAN1,0,0,0,0,0.0,COILS,1,1,12673,0,0.0,PUMP,0,0,0,0,0.0,INJECTOR,1,1,12832,0,0.0,SERVO,1,1,12756,0,0.0,ADD 1,0,1,12838,0,0.0,ADD 2,0,1,12859,0,0.0,ADD 3,0,1,12827,0,0.0,ADD 4,0,1,12701,0,0.0,ADD 5,0,0,0,0,0.0,ADD 6,0,1,12772,0,0.0,ADD 7,0,0,0,0,0.0,EGT2CAN,0,1,12766,0,0.0
1778951585.1145995,215.0,12769,-43.0,1,-,0,0,0,0,0.0,-,0,0,0,0,0.0,ECU,0,1,12821,210,215.0,FAN1,0,0,0,0,0.0,COILS,1,1,12684,0,0.0,PUMP,0,0,0,0,0.0,INJECTOR,1,1,12832,0,0.0,SERVO,1,1,12766,0,0.0,ADD 1,0,1,12838,0,0.0,ADD 2,0,1,12859,0,0.0,ADD 3,0,1,12827,0,0.0,ADD 4,0,1,12701,0,0.0,ADD 5,0,0,0,0,0.0,ADD 6,0,1,12772,0,0.0,ADD 7,0,0,0,0,0.0,EGT2CAN,0,1,12766,0,0.0
1778951585.1652284,210.0,12769,-43.0,1,-,0,0,0,0,0.0,-,0,0,0,0,0.0,ECU,0,1,12821,200,210.0,FAN1,0,0,0,0,0.0,COILS,1,1,12684,0,0.0,PUMP,0,0,0,0,0.0,INJECTOR,1,1,12832,0,0.0,SERVO,1,1,12766,0,0.0,ADD 1,0,1,12827,0,0.0,ADD 2,0,1,12854,0,0.0,ADD 3,0,1,12810,0,0.0,ADD 4,0,1,12701,0,0.0,ADD 5,0,0,0,0,0.0,ADD 6,0,1,12772,0,0.0,ADD 7,0,0,0,0,0.0,EGT2CAN,0,1,12821,0,0.0
1778951585.2157397,210.0,12813,-45.0,1,-,0,0,0,0,0.0,-,0,0,0,0,0.0,ECU,0,1,12761,200,210.0,FAN1,0,0,0,0,0.0,COILS,1,1,12788,0,0.0,PUMP,0,0,0,0,0.0,INJECTOR,1,1,12717,0,0.0,SERVO,1,1,12739,0,0.0,ADD 1,0,1,12832,0,0.0,ADD 2,0,1,12854,0,0.0,ADD 3,0,1,12843,0,0.0,ADD 4,0,1,12788,0,0.0,ADD 5,0,0,0,0,0.0,ADD 6,0,1,12772,0,0.0,ADD 7,0,0,0,0,0.0,EGT2CAN,0,1,12821,0,0.0
1778951585.2683957,213.3,12763,-43.0,1,-,0,0,0,0,0.0,-,0,0,0,0,0.0,ECU,0,1,12684,230,213.3,FAN1,0,0,0,0,0.0,COILS,1,1,12849,0,0.0,PUMP,0,0,0,0,0.0,INJECTOR,1,1,12783,0,0.0,SERVO,1,1,12630,0,0.0,ADD 1,0,1,12832,0,0.0,ADD 2,0,1,12756,0,0.0,ADD 3,0,1,12684,0,0.0,ADD 4,0,1,12706,0,0.0,ADD 5,0,0,0,0,0.0,ADD 6,0,1,12870,0,0.0,ADD 7,0,0,0,0,0.0,EGT2CAN,0,1,12788,0,0.0
1778951585.319507,215.0,12776,-44.0,1,-,0,0,0,0,0.0,-,0,0,0,0,0.0,ECU,0,1,12684,220,215.0,FAN1,0,0,0,0,0.0,COILS,1,1,12849,0,0.0,PUMP,0,0,0,0,0.0,INJECTOR,1,1,12783,0,0.0,SERVO,1,1,12630,0,0.0,ADD 1,0,1,12739,0,0.0,ADD 2,0,1,12832,0,0.0,ADD 3,0,1,12832,0,0.0,ADD 4,0,1,12816,0,0.0,ADD 5,0,0,0,0,0.0,ADD 6,0,1,12843,0,0.0,ADD 7,0,0,0,0,0.0,EGT2CAN,0,1,12684,0,0.0
1778951585.3700106,215.0,12776,-44.0,1,-,0,0,0,0,0.0,-,0,0,0,0,0.0,ECU,0,1,12684,220,215.0,FAN1,0,0,0,0,0.0,COILS,1,1,12849,0,0.0,PUMP,0,0,0,0,0.0,INJECTOR,1,1,12783,0,0.0,SERVO,1,1,12630,0,0.0,ADD 1,0,1,12739,0,0.0,ADD 2,0,1,12832,0,0.0,ADD 3,0,1,12832,0,0.0,ADD 4,0,1,12816,0,0.0,ADD 5,0,0,0,0,0.0,ADD 6,0,1,12843,0,0.0,ADD 7,0,0,0,0,0.0,EGT2CAN,0,1,12684,0,0.0
1778951585.4208007,220.0,12800,-43.0,1,-,0,0,0,0,0.0,-,0,0,0,0,0.0,ECU,0,1,12766,210,220.0,FAN1,0,0,0,0,0.0,COILS,1,1,12854,0,0.0,PUMP,0,0,0,0,0.0,INJECTOR,1,1,12783,0,0.0,SERVO,1,1,12788,0,0.0,ADD 1,0,1,12805,0,0.0,ADD 2,0,1,12701,0,0.0,ADD 3,0,1,12734,0,0.0,ADD 4,0,1,12772,0,0.0,ADD 5,0,0,0,0,0.0,ADD 6,0,1,12810,0,0.0,ADD 7,0,0,0,0,0.0,EGT2CAN,0,1,12816,0,0.0
1778951585.4714193,216.0,12825,-43.0,1,-,0,0,0,0,0.0,-,0,0,0,0,0.0,ECU,0,1,12832,210,216.0,FAN1,0,0,0,0,0.0,COILS,1,1,12843,0,0.0,PUMP,0,0,0,0,0.0,INJECTOR,1,1,12805,0,0.0,SERVO,1,1,12766,0,0.0,ADD 1,0,1,12766,0,0.0,ADD 2,0,1,12766,0,0.0,ADD 3,0,1,12717,0,0.0,ADD 4,0,1,12745,0,0.0,ADD 5,0,0,0,0,0.0,ADD 6,0,1,12854,0,0.0,ADD 7,0,0,0,0,0.0,EGT2CAN,0,1,12788,0,0.0
1778951585.5318425,216.0,12825,-43.0,1,-,0,0,0,0,0.0,-,0,0,0,0,0.0,ECU,0,1,12832,210,216.0,FAN1,0,0,0,0,0.0,COILS,1,1,12843,0,0.0,PUMP,0,0,0,0,0.0,INJECTOR,1,1,12805,0,0.0,SERVO,1,1,12766,0,0.0,ADD 1,0,1,12766,0,0.0,ADD 2,0,1,12766,0,0.0,ADD 3,0,1,12717,0,0.0,ADD 4,0,1,12745,0,0.0,ADD 5,0,0,0,0,0.0,ADD 6,0,1,12854,0,0.0,ADD 7,0,0,0,0,0.0,EGT2CAN,0,1,12788,0,0.0
1778951585.5975816,216.0,12825,-43.0,1,-,0,0,0,0,0.0,-,0,0,0,0,0.0,ECU,0,1,12739,210,216.0,FAN1,0,0,0,0,0.0,COILS,1,1,12854,0,0.0,PUMP,0,0,0,0,0.0,INJECTOR,1,1,12838,0,0.0,SERVO,1,1,12816,0,0.0,ADD 1,0,1,12832,0,0.0,ADD 2,0,1,12838,0,0.0,ADD 3,0,1,12739,0,0.0,ADD 4,0,1,12624,0,0.0,ADD 5,0,0,0,0,0.0,ADD 6,0,1,12854,0,0.0,ADD 7,0,0,0,0,0.0,EGT2CAN,0,1,12788,0,0.0
1778951585.6482642,217.5,12776,-43.0,1,-,0,0,0,0,0.0,-,0,0,0,0,0.0,ECU,0,1,12756,220,217.5,FAN1,0,0,0,0,0.0,COILS,1,1,12734,0,0.0,PUMP,0,0,0,0,0.0,INJECTOR,1,1,12805,0,0.0,SERVO,1,1,12821,0,0.0,ADD 1,0,1,12810,0,0.0,ADD 2,0,1,12843,0,0.0,ADD 3,0,1,12854,0,0.0,ADD 4,0,1,12761,0,0.0,ADD 5,0,0,0,0,0.0,ADD 6,0,1,12783,0,0.0,ADD 7,0,0,0,0,0.0,EGT2CAN,0,1,12684,0,0.0
1778951585.7080524,216.0,12788,-41.0,1,-,0,0,0,0,0.0,-,0,0,0,0,0.0,ECU,0,1,12777,210,216.0,FAN1,0,0,0,0,0.0,COILS,1,1,12706,0,0.0,PUMP,0,0,0,0,0.0,INJECTOR,1,1,12652,0,0.0,SERVO,1,1,12766,0,0.0,ADD 1,0,1,12838,0,0.0,ADD 2,0,1,12854,0,0.0,ADD 3,0,1,12805,0,0.0,ADD 4,0,1,12788,0,0.0,ADD 5,0,0,0,0,0.0,ADD 6,0,1,12717,0,0.0,ADD 7,0,0,0,0,0.0,EGT2CAN,0,1,12761,0,0.0
1778951585.7588027,216.0,12788,-41.0,1,-,0,0,0,0,0.0,-,0,0,0,0,0.0,ECU,0,1,12838,210,216.0,FAN1,0,0,0,0,0.0,COILS,1,1,12745,0,0.0,PUMP,0,0,0,0,0.0,INJECTOR,1,1,12788,0,0.0,SERVO,1,1,12750,0,0.0,ADD 1,0,1,12838,0,0.0,ADD 2,0,1,12854,0,0.0,ADD 3,0,1,12805,0,0.0,ADD 4,0,1,12788,0,0.0,ADD 5,0,0,0,0,0.0,ADD 6,0,1,12717,0,0.0,ADD 7,0,0,0,0,0.0,EGT2CAN,0,1,12761,0,0.0
1778951585.80924,220.0,12819,-44.0,1,-,0,0,0,0,0.0,-,0,0,0,0,0.0,ECU,0,1,12827,230,220.0,FAN1,0,0,0,0,0.0,COILS,1,1,12695,0,0.0,PUMP,0,0,0,0,0.0,INJECTOR,1,1,12788,0,0.0,SERVO,1,1,12690,0,0.0,ADD 1,0,1,12777,0,0.0,ADD 2,0,1,12739,0,0.0,ADD 3,0,1,12695,0,0.0,ADD 4,0,1,12701,0,0.0,ADD 5,0,0,0,0,0.0,ADD 6,0,1,12870,0,0.0,ADD 7,0,0,0,0,0.0,EGT2CAN,0,1,12794,0,0.0
1778951585.8614197,218.3,12769,-44.0,1,-,0,0,0,0,0.0,-,0,0,0,0,0.0,ECU,0,1,12810,210,218.3,FAN1,0,0,0,0,0.0,COILS,1,1,12849,0,0.0,PUMP,0,0,0,0,0.0,INJECTOR,1,1,12695,0,0.0,SERVO,1,1,12717,0,0.0,ADD 1,0,1,12745,0,0.0,ADD 2,0,1,12766,0,0.0,ADD 3,0,1,12821,0,0.0,ADD 4,0,1,12766,0,0.0,ADD 5,0,0,0,0,0.0,ADD 6,0,1,12865,0,0.0,ADD 7,0,0,0,0,0.0,EGT2CAN,0,1,12750,0,0.0
1778951585.912344,217.5,12769,-44.0,1,-,0,0,0,0,0.0,-,0,0,0,0,0.0,ECU,0,1,12772,210,217.5,FAN1,0,0,0,0,0.0,COILS,1,1,12854,0,0.0,PUMP,0,0,0,0,0.0,INJECTOR,1,1,12821,0,0.0,SERVO,1,1,12728,0,0.0,ADD 1,0,1,12745,0,0.0,ADD 2,0,1,12745,0,0.0,ADD 3,0,1,12777,0,0.0,ADD 4,0,1,12794,0,0.0,ADD 5,0,0,0,0,0.0,ADD 6,0,1,12854,0,0.0,ADD 7,0,0,0,0,0.0,EGT2CAN,0,1,12783,0,0.0
1778951585.9634233,220.0,12825,-45.0,1,-,0,0,0,0,0.0,-,0,0,0,0,0.0,ECU,0,1,12854,230,220.0,FAN1,0,0,0,0,0.0,COILS,1,1,12816,0,0.0,PUMP,0,0,0,0,0.0,INJECTOR,1,1,12859,0,0.0,SERVO,1,1,12788,0,0.0,ADD 1,0,1,12805,0,0.0,ADD 2,0,1,12777,0,0.0,ADD 3,0,1,12695,0,0.0,ADD 4,0,1,12712,0,0.0,ADD 5,0,0,0,0,0.0,ADD 6,0,1,12816,0,0.0,ADD 7,0,0,0,0,0.0,EGT2CAN,0,1,12810,0,0.0
1778951586.019411,221.7,12794,-44.0,1,-,0,0,0,0,0.0,-,0,0,0,0,0.0,ECU,0,1,12854,230,221.7,FAN1,0,0,0,0,0.0,COILS,1,1,12794,0,0.0,PUMP,0,0,0,0,0.0,INJECTOR,1,1,12854,0,0.0,SERVO,1,1,12832,0,0.0,ADD 1,0,1,12794,0,0.0,ADD 2,0,1,12827,0,0.0,ADD 3,0,1,12750,0,0.0,ADD 4,0,1,12695,0,0.0,ADD 5,0,0,0,0,0.0,ADD 6,0,1,12810,0,0.0,ADD 7,0,0,0,0,0.0,EGT2CAN,0,1,12832,0,0.0
1778951586.0854986,220.0,12794,-44.0,1,-,0,0,0,0,0.0,-,0,0,0,0,0.0,ECU,0,1,12684,210,220.0,FAN1,0,0,0,0,0.0,COILS,1,1,12849,0,0.0,PUMP,0,0,0,0,0.0,INJECTOR,1,1,12712,0,0.0,SERVO,1,1,12728,0,0.0,ADD 1,0,1,12805,0,0.0,ADD 2,0,1,12816,0,0.0,ADD 3,0,1,12739,0,0.0,ADD 4,0,1,12690,0,0.0,ADD 5,0,0,0,0,0.0,ADD 6,0,1,12838,0,0.0,ADD 7,0,0,0,0,0.0,EGT2CAN,0,1,12854,0,0.0
1778951586.1362522,218.0,12807,-44.0,1,-,0,0,0,0,0.0,-,0,0,0,0,0.0,ECU,0,1,12717,210,218.0,FAN1,0,0,0,0,0.0,COILS,1,1,12734,0,0.0,PUMP,0,0,0,0,0.0,INJECTOR,1,1,12799,0,0.0,SERVO,1,1,12673,0,0.0,ADD 1,0,1,12838,0,0.0,ADD 2,0,1,12827,0,0.0,ADD 3,0,1,12788,0,0.0,ADD 4,0,1,12745,0,0.0,ADD 5,0,0,0,0,0.0,ADD 6,0,1,12739,0,0.0,ADD 7,0,0,0,0,0.0,EGT2CAN,0,1,12794,0,0.0
1778951586.1900697,212.5,12807,-44.0,1,-,0,0,0,0,0.0,-,0,0,0,0,0.0,ECU,0,1,12821,220,212.5,FAN1,0,0,0,0,0.0,COILS,1,1,12745,0,0.0,PUMP,0,0,0,0,0.0,INJECTOR,1,1,12827,0,0.0,SERVO,1,1,12761,0,0.0,ADD 1,0,1,12810,0,0.0,ADD 2,0,1,12832,0,0.0,ADD 3,0,1,12859,0,0.0,ADD 4,0,1,12816,0,0.0,ADD 5,0,0,0,0,0.0,ADD 6,0,1,12745,0,0.0,ADD 7,0,0,0,0,0.0,EGT2CAN,0,1,12772,0,0.0
1778951586.247116,212.5,12807,-44.0,1,-,0,0,0,0,0.0,-,0,0,0,0,0.0,ECU,0,1,12810,220,212.5,FAN1,0,0,0,0,0.0,COILS,1,1,12734,0,0.0,PUMP,0,0,0,0,0.0,INJECTOR,1,1,12745,0,0.0,SERVO,1,1,12695,0,0.0,ADD 1,0,1,12810,0,0.0,ADD 2,0,1,12832,0,0.0,ADD 3,0,1,12859,0,0.0,ADD 4,0,1,12816,0,0.0,ADD 5,0,0,0,0,0.0,ADD 6,0,1,12745,0,0.0,ADD 7,0,0,0,0,0.0,EGT2CAN,0,1,12772,0,0.0
1778951586.2972727,212.0,12776,-43.0,1,-,0,0,0,0,0.0,-,0,0,0,0,0.0,ECU,0,1,12739,210,212.0,FAN1,0,0,0,0,0.0,COILS,1,1,12854,0,0.0,PUMP,0,0,0,0,0.0,INJECTOR,1,1,12827,0,0.0,SERVO,1,1,12750,0,0.0,ADD 1,0,1,12799,0,0.0,ADD 2,0,1,12668,0,0.0,ADD 3,0,1,12788,0,0.0,ADD 4,0,1,12810,0,0.0,ADD 5,0,0,0,0,0.0,ADD 6,0,1,12821,0,0.0,ADD 7,0,0,0,0,0.0,EGT2CAN,0,1,12717,0,0.0
1778951586.352558,215.0,12825,-44.0,1,-,0,0,0,0,0.0,-,0,0,0,0,0.0,ECU,0,1,12854,220,215.0,FAN1,0,0,0,0,0.0,COILS,1,1,12810,0,0.0,PUMP,0,0,0,0,0.0,INJECTOR,1,1,12799,0,0.0,SERVO,1,1,12783,0,0.0,ADD 1,0,1,12849,0,0.0,ADD 2,0,1,12832,0,0.0,ADD 3,0,1,12750,0,0.0,ADD 4,0,1,12668,0,0.0,ADD 5,0,0,0,0,0.0,ADD 6,0,1,12854,0,0.0,ADD 7,0,0,0,0,0.0,EGT2CAN,0,1,12849,0,0.0
1778951586.405621,215.0,12825,-44.0,1,-,0,0,0,0,0.0,-,0,0,0,0,0.0,ECU,0,1,12810,220,215.0,FAN1,0,0,0,0,0.0,COILS,1,1,12810,0,0.0,PUMP,0,0,0,0,0.0,INJECTOR,1,1,12799,0,0.0,SERVO,1,1,12783,0,0.0,ADD 1,0,1,12849,0,0.0,ADD 2,0,1,12832,0,0.0,ADD 3,0,1,12750,0,0.0,ADD 4,0,1,12668,0,0.0,ADD 5,0,0,0,0,0.0,ADD 6,0,1,12854,0,0.0,ADD 7,0,0,0,0,0.0,EGT2CAN,0,1,12849,0,0.0
1778951586.4568546,216.0,12800,-43.0,1,-,0,0,0,0,0.0,-,0,0,0,0,0.0,ECU,0,1,12810,210,216.0,FAN1,0,0,0,0,0.0,COILS,1,1,12859,0,0.0,PUMP,0,0,0,0,0.0,INJECTOR,1,1,12788,0,0.0,SERVO,1,1,12805,0,0.0,ADD 1,0,1,12827,0,0.0,ADD 2,0,1,12865,0,0.0,ADD 3,0,1,12838,0,0.0,ADD 4,0,1,12794,0,0.0,ADD 5,0,0,0,0,0.0,ADD 6,0,1,12717,0,0.0,ADD 7,0,0,0,0,0.0,EGT2CAN,0,1,12756,0,0.0
1778951586.5081577,217.5,12819,-44.0,1,-,0,0,0,0,0.0,-,0,0,0,0,0.0,ECU,0,1,12712,210,217.5,FAN1,0,0,0,0,0.0,COILS,1,1,12821,0,0.0,PUMP,0,0,0,0,0.0,INJECTOR,1,1,12816,0,0.0,SERVO,1,1,12652,0,0.0,ADD 1,0,1,12734,0,0.0,ADD 2,0,1,12854,0,0.0,ADD 3,0,1,12843,0,0.0,ADD 4,0,1,12810,0,0.0,ADD 5,0,0,0,0,0.0,ADD 6,0,1,12810,0,0.0,ADD 7,0,0,0,0,0.0,EGT2CAN,0,1,12717,0,0.0
1778951586.5591106,217.5,12819,-44.0,1,-,0,0,0,0,0.0,-,0,0,0,0,0.0,ECU,0,1,12756,210,217.5,FAN1,0,0,0,0,0.0,COILS,1,1,12854,0,0.0,PUMP,0,0,0,0,0.0,INJECTOR,1,1,12717,0,0.0,SERVO,1,1,12695,0,0.0,ADD 1,0,1,12734,0,0.0,ADD 2,0,1,12854,0,0.0,ADD 3,0,1,12843,0,0.0,ADD 4,0,1,12810,0,0.0,ADD 5,0,0,0,0,0.0,ADD 6,0,1,12810,0,0.0,ADD 7,0,0,0,0,0.0,EGT2CAN,0,1,12717,0,0.0
1778951586.60978,222.0,12825,-43.0,1,-,0,0,0,0,0.0,-,0,0,0,0,0.0,ECU,0,1,12745,230,222.0,FAN1,0,0,0,0,0.0,COILS,1,1,12739,0,0.0,PUMP,0,0,0,0,0.0,INJECTOR,1,1,12766,0,0.0,SERVO,1,1,12756,0,0.0,ADD 1,0,1,12701,0,0.0,ADD 2,0,1,12756,0,0.0,ADD 3,0,1,12788,0,0.0,ADD 4,0,1,12810,0,0.0,ADD 5,0,0,0,0,0.0,ADD 6,0,1,12832,0,0.0,ADD 7,0,0,0,0,0.0,EGT2CAN,0,1,12832,0,0.0
1778951586.660402,221.7,12825,-43.0,1,-,0,0,0,0,0.0,-,0,0,0,0,0.0,ECU,0,1,12788,220,221.7,FAN1,0,0,0,0,0.0,COILS,1,1,12766,0,0.0,PUMP,0,0,0,0,0.0,INJECTOR,1,1,12766,0,0.0,SERVO,1,1,12783,0,0.0,ADD 1,0,1,12854,0,0.0,ADD 2,0,1,12854,0,0.0,ADD 3,0,1,12849,0,0.0,ADD 4,0,1,12766,0,0.0,ADD 5,0,0,0,0,0.0,ADD 6,0,1,12745,0,0.0,ADD 7,0,0,0,0,0.0,EGT2CAN,0,1,12805,0,0.0
1778951586.7154694,221.7,12825,-43.0,1,-,0,0,0,0,0.0,-,0,0,0,0,0.0,ECU,0,1,12843,220,221.7,FAN1,0,0,0,0,0.0,COILS,1,1,12717,0,0.0,PUMP,0,0,0,0,0.0,INJECTOR,1,1,12717,0,0.0,SERVO,1,1,12695,0,0.0,ADD 1,0,1,12788,0,0.0,ADD 2,0,1,12717,0,0.0,ADD 3,0,1,12739,0,0.0,ADD 4,0,1,12783,0,0.0,ADD 5,0,0,0,0,0.0,ADD 6,0,1,12745,0,0.0,ADD 7,0,0,0,0,0.0,EGT2CAN,0,1,12805,0,0.0
1778951586.7664034,223.3,12819,-43.0,1,-,0,0,0,0,0.0,-,0,0,0,0,0.0,ECU,0,1,12684,220,223.3,FAN1,0,0,0,0,0.0,COILS,1,1,12810,0,0.0,PUMP,0,0,0,0,0.0,INJECTOR,1,1,12849,0,0.0,SERVO,1,1,12810,0,0.0,ADD 1,0,1,12832,0,0.0,ADD 2,0,1,12854,0,0.0,ADD 3,0,1,12783,0,0.0,ADD 4,0,1,12673,0,0.0,ADD 5,0,0,0,0,0.0,ADD 6,0,1,12810,0,0.0,ADD 7,0,0,0,0,0.0,EGT2CAN,0,1,12766,0,0.0
1778951586.8287077,223.3,12800,-44.0,1,-,0,0,0,0,0.0,-,0,0,0,0,0.0,ECU,0,1,12684,220,223.3,FAN1,0,0,0,0,0.0,COILS,1,1,12810,0,0.0,PUMP,0,0,0,0,0.0,INJECTOR,1,1,12849,0,0.0,SERVO,1,1,12810,0,0.0,ADD 1,0,1,12832,0,0.0,ADD 2,0,1,12854,0,0.0,ADD 3,0,1,12783,0,0.0,ADD 4,0,1,12673,0,0.0,ADD 5,0,0,0,0,0.0,ADD 6,0,1,12810,0,0.0,ADD 7,0,0,0,0,0.0,EGT2CAN,0,1,12766,0,0.0
1778951586.879783,217.5,12800,-44.0,1,-,0,0,0,0,0.0,-,0,0,0,0,0.0,ECU,0,1,12805,210,217.5,FAN1,0,0,0,0,0.0,COILS,1,1,12810,0,0.0,PUMP,0,0,0,0,0.0,INJECTOR,1,1,12816,0,0.0,SERVO,1,1,12701,0,0.0,ADD 1,0,1,12805,0,0.0,ADD 2,0,1,12876,0,0.0,ADD 3,0,1,12854,0,0.0,ADD 4,0,1,12794,0,0.0,ADD 5,0,0,0,0,0.0,ADD 6,0,1,12712,0,0.0,ADD 7,0,0,0,0,0.0,EGT2CAN,0,1,12816,0,0.0
1778951586.9308012,217.5,12800,-44.0,1,-,0,0,0,0,0.0,-,0,0,0,0,0.0,ECU,0,1,12805,210,217.5,FAN1,0,0,0,0,0.0,COILS,1,1,12810,0,0.0,PUMP,0,0,0,0,0.0,INJECTOR,1,1,12816,0,0.0,SERVO,1,1,12701,0,0.0,ADD 1,0,1,12805,0,0.0,ADD 2,0,1,12876,0,0.0,ADD 3,0,1,12854,0,0.0,ADD 4,0,1,12794,0,0.0,ADD 5,0,0,0,0,0.0,ADD 6,0,1,12712,0,0.0,ADD 7,0,0,0,0,0.0,EGT2CAN,0,1,12816,0,0.0
1778951586.9814272,220.0,12776,-43.0,1,-,0,0,0,0,0.0,-,0,0,0,0,0.0,ECU,0,1,12690,230,220.0,FAN1,0,0,0,0,0.0,COILS,1,1,12777,0,0.0,PUMP,0,0,0,0,0.0,INJECTOR,1,1,12854,0,0.0,SERVO,1,1,12810,0,0.0,ADD 1,0,1,12854,0,0.0,ADD 2,0,1,12859,0,0.0,ADD 3,0,1,12805,0,0.0,ADD 4,0,1,12630,0,0.0,ADD 5,0,0,0,0,0.0,ADD 6,0,1,12827,0,0.0,ADD 7,0,0,0,0,0.0,EGT2CAN,0,1,12794,0,0.0
1778951587.0329866,218.0,12800,-44.0,1,-,0,0,0,0,0.0,-,0,0,0,0,0.0,ECU,0,1,12810,210,218.0,FAN1,0,0,0,0,0.0,COILS,1,1,12695,0,0.0,PUMP,0,0,0,0,0.0,INJECTOR,1,1,12843,0,0.0,SERVO,1,1,12816,0,0.0,ADD 1,0,1,12832,0,0.0,ADD 2,0,1,12865,0,0.0,ADD 3,0,1,12821,0,0.0,ADD 4,0,1,12788,0,0.0,ADD 5,0,0,0,0,0.0,ADD 6,0,1,12810,0,0.0,ADD 7,0,0,0,0,0.0,EGT2CAN,0,1,12777,0,0.0
1778951587.1041157,218.0,12800,-44.0,1,-,0,0,0,0,0.0,-,0,0,0,0,0.0,ECU,0,1,12810,210,218.0,FAN1,0,0,0,0,0.0,COILS,1,1,12695,0,0.0,PUMP,0,0,0,0,0.0,INJECTOR,1,1,12843,0,0.0,SERVO,1,1,12816,0,0.0,ADD 1,0,1,12832,0,0.0,ADD 2,0,1,12865,0,0.0,ADD 3,0,1,12821,0,0.0,ADD 4,0,1,12788,0,0.0,ADD 5,0,0,0,0,0.0,ADD 6,0,1,12810,0,0.0,ADD 7,0,0,0,0,0.0,EGT2CAN,0,1,12777,0,0.0
1778951587.1544201,220.0,12831,-44.0,1,-,0,0,0,0,0.0,-,0,0,0,0,0.0,ECU,0,1,12766,220,220.0,FAN1,0,0,0,0,0.0,COILS,1,1,12717,0,0.0,PUMP,0,0,0,0,0.0,INJECTOR,1,1,12843,0,0.0,SERVO,1,1,12739,0,0.0,ADD 1,0,1,12712,0,0.0,ADD 2,0,1,12745,0,0.0,ADD 3,0,1,12756,0,0.0,ADD 4,0,1,12756,0,0.0,ADD 5,0,0,0,0,0.0,ADD 6,0,1,12870,0,0.0,ADD 7,0,0,0,0,0.0,EGT2CAN,0,1,12739,0,0.0
1778951587.213093,222.0,12782,-44.0,1,-,0,0,0,0,0.0,-,0,0,0,0,0.0,ECU,0,1,12750,230,222.0,FAN1,0,0,0,0,0.0,COILS,1,1,12723,0,0.0,PUMP,0,0,0,0,0.0,INJECTOR,1,1,12832,0,0.0,SERVO,1,1,12772,0,0.0,ADD 1,0,1,12816,0,0.0,ADD 2,0,1,12816,0,0.0,ADD 3,0,1,12821,0,0.0,ADD 4,0,1,12630,0,0.0,ADD 5,0,0,0,0,0.0,ADD 6,0,1,12794,0,0.0,ADD 7,0,0,0,0,0.0,EGT2CAN,0,1,12843,0,0.0
1778951587.2684503,222.0,12782,-44.0,1,-,0,0,0,0,0.0,-,0,0,0,0,0.0,ECU,0,1,12684,230,222.0,FAN1,0,0,0,0,0.0,COILS,1,1,12849,0,0.0,PUMP,0,0,0,0,0.0,INJECTOR,1,1,12717,0,0.0,SERVO,1,1,12652,0,0.0,ADD 1,0,1,12805,0,0.0,ADD 2,0,1,12788,0,0.0,ADD 3,0,1,12788,0,0.0,ADD 4,0,1,12810,0,0.0,ADD 5,0,0,0,0,0.0,ADD 6,0,1,12794,0,0.0,ADD 7,0,0,0,0,0.0,EGT2CAN,0,1,12843,0,0.0
1778951587.3194094,220.0,12838,-43.0,1,-,0,0,0,0,0.0,-,0,0,0,0,0.0,ECU,0,1,12684,210,220.0,FAN1,0,0,0,0,0.0,COILS,1,1,12849,0,0.0,PUMP,0,0,0,0,0.0,INJECTOR,1,1,12717,0,0.0,SERVO,1,1,12652,0,0.0,ADD 1,0,1,12805,0,0.0,ADD 2,0,1,12788,0,0.0,ADD 3,0,1,12788,0,0.0,ADD 4,0,1,12810,0,0.0,ADD 5,0,0,0,0,0.0,ADD 6,0,1,12876,0,0.0,ADD 7,0,0,0,0,0.0,EGT2CAN,0,1,12663,0,0.0
1778951587.3801098,218.0,12776,-43.0,1,-,0,0,0,0,0.0,-,0,0,0,0,0.0,ECU,0,1,12827,220,218.0,FAN1,0,0,0,0,0.0,COILS,1,1,12810,0,0.0,PUMP,0,0,0,0,0.0,INJECTOR,1,1,12810,0,0.0,SERVO,1,1,12816,0,0.0,ADD 1,0,1,12838,0,0.0,ADD 2,0,1,12859,0,0.0,ADD 3,0,1,12739,0,0.0,ADD 4,0,1,12613,0,0.0,ADD 5,0,0,0,0,0.0,ADD 6,0,1,12832,0,0.0,ADD 7,0,0,0,0,0.0,EGT2CAN,0,1,12827,0,0.0
1778951587.4316814,218.0,12831,-44.0,1,-,0,0,0,0,0.0,-,0,0,0,0,0.0,ECU,0,1,12827,220,218.0,FAN1,0,0,0,0,0.0,COILS,1,1,12810,0,0.0,PUMP,0,0,0,0,0.0,INJECTOR,1,1,12810,0,0.0,SERVO,1,1,12816,0,0.0,ADD 1,0,1,12838,0,0.0,ADD 2,0,1,12859,0,0.0,ADD 3,0,1,12739,0,0.0,ADD 4,0,1,12613,0,0.0,ADD 5,0,0,0,0,0.0,ADD 6,0,1,12832,0,0.0,ADD 7,0,0,0,0,0.0,EGT2CAN,0,1,12827,0,0.0
1778951587.4835978,216.0,12831,-44.0,1,-,0,0,0,0,0.0,-,0,0,0,0,0.0,ECU,0,1,12772,220,216.0,FAN1,0,0,0,0,0.0,COILS,1,1,12832,0,0.0,PUMP,0,0,0,0,0.0,INJECTOR,1,1,12854,0,0.0,SERVO,1,1,12772,0,0.0,ADD 1,0,1,12821,0,0.0,ADD 2,0,1,12745,0,0.0,ADD 3,0,1,12734,0,0.0,ADD 4,0,1,12723,0,0.0,ADD 5,0,0,0,0,0.0,ADD 6,0,1,12870,0,0.0,ADD 7,0,0,0,0,0.0,EGT2CAN,0,1,12849,0,0.0
1778951587.5348208,216.7,12807,-45.0,1,-,0,0,0,0,0.0,-,0,0,0,0,0.0,ECU,0,1,12739,220,216.7,FAN1,0,0,0,0,0.0,COILS,1,1,12827,0,0.0,PUMP,0,0,0,0,0.0,INJECTOR,1,1,12854,0,0.0,SERVO,1,1,12805,0,0.0,ADD 1,0,1,12816,0,0.0,ADD 2,0,1,12827,0,0.0,ADD 3,0,1,12756,0,0.0,ADD 4,0,1,12679,0,0.0,ADD 5,0,0,0,0,0.0,ADD 6,0,1,12788,0,0.0,ADD 7,0,0,0,0,0.0,EGT2CAN,0,1,12859,0,0.0
1778951587.59305,216.7,12807,-45.0,1,-,0,0,0,0,0.0,-,0,0,0,0,0.0,ECU,0,1,9058,220,216.7,FAN1,0,0,0,0,0.0,COILS,1,1,8883,0,0.0,PUMP,0,0,0,0,0.0,INJECTOR,1,1,9041,0,0.0,SERVO,1,1,9091,0,0.0,ADD 1,0,1,9014,0,0.0,ADD 2,0,1,8910,0,0.0,ADD 3,0,1,8773,0,0.0,ADD 4,0,1,8839,0,0.0,ADD 5,0,0,0,0,0.0,ADD 6,0,1,9140,0,0.0,ADD 7,0,0,0,0,0.0,EGT2CAN,0,1,9178,0,0.0
1778951587.6488152,260.0,8678,-43.0,1,-,0,0,0,0,0.0,-,0,0,0,0,0.0,ECU,0,1,9058,390,260.0,FAN1,0,0,0,0,0.0,COILS,1,1,8883,0,0.0,PUMP,0,0,0,0,0.0,INJECTOR,1,1,9041,0,0.0,SERVO,1,1,9091,0,0.0,ADD 1,0,1,9014,0,0.0,ADD 2,0,1,8910,0,0.0,ADD 3,0,1,8773,0,0.0,ADD 4,0,1,8839,0,0.0,ADD 5,0,0,0,0,0.0,ADD 6,0,1,9140,0,0.0,ADD 7,0,0,0,0,0.0,EGT2CAN,0,1,9178,0,0.0
1778951587.7008276,318.0,7650,-43.0,1,-,0,0,0,0,0.0,-,0,0,0,0,0.0,ECU,0,1,7548,480,318.0,FAN1,0,0,0,0,0.0,COILS,1,1,7641,0,0.0,PUMP,0,0,0,0,0.0,INJECTOR,1,1,7674,0,0.0,SERVO,1,1,7652,0,0.0,ADD 1,0,1,7647,0,0.0,ADD 2,0,1,7641,0,0.0,ADD 3,0,1,7570,0,0.0,ADD 4,0,1,7548,0,0.0,ADD 5,0,0,0,0,0.0,ADD 6,0,1,7679,0,0.0,ADD 7,0,0,0,0,0.0,EGT2CAN,0,1,7565,0,0.0
1778951587.7639732,1342.5,7520,-43.0,1,-,0,0,0,0,0.0,-,0,0,0,0,0.0,ECU,1,1,7504,0,290.0,FAN1,0,0,0,0,0.0,COILS,1,1,7548,0,0.0,PUMP,0,1,0,4210,1052.5,INJECTOR,1,1,7570,0,0.0,SERVO,1,1,7559,0,0.0,ADD 1,0,1,7592,0,0.0,ADD 2,0,1,7592,0,0.0,ADD 3,0,1,7570,0,0.0,ADD 4,0,1,7575,0,0.0,ADD 5,0,0,0,0,0.0,ADD 6,0,1,7608,0,0.0,ADD 7,0,0,0,0,0.0,EGT2CAN,0,1,7559,0,0.0
1778951587.8156583,1342.5,7520,-43.0,1,-,0,0,0,0,0.0,-,0,0,0,0,0.0,ECU,0,1,7433,0,290.0,FAN1,0,0,0,0,0.0,COILS,1,1,7504,0,0.0,PUMP,0,1,7521,4210,1052.5,INJECTOR,1,1,7493,0,0.0,SERVO,1,1,7461,0,0.0,ADD 1,0,1,7433,0,0.0,ADD 2,0,1,7482,0,0.0,ADD 3,0,1,7504,0,0.0,ADD 4,0,1,7499,0,0.0,ADD 5,0,0,0,0,0.0,ADD 6,0,1,7608,0,0.0,ADD 7,0,0,0,0,0.0,EGT2CAN,0,1,7559,0,0.0
1778951587.8664541,2683.3,7446,-44.0,1,-,0,0,0,0,0.0,-,0,0,0,0,0.0,ECU,0,1,7504,540,361.7,FAN1,0,0,0,0,0.0,COILS,1,1,7493,0,0.0,PUMP,0,1,7526,3340,2321.7,INJECTOR,1,1,7493,0,0.0,SERVO,1,1,7488,0,0.0,ADD 1,0,1,7493,0,0.0,ADD 2,0,1,7504,0,0.0,ADD 3,0,1,7482,0,0.0,ADD 4,0,1,7406,0,0.0,ADD 5,0,0,0,0,0.0,ADD 6,0,1,7417,0,0.0,ADD 7,0,0,0,0,0.0,EGT2CAN,0,1,7433,0,0.0
1778951587.9203453,2683.3,7421,-43.0,1,-,0,0,0,0,0.0,-,0,0,0,0,0.0,ECU,0,1,7504,540,361.7,FAN1,0,0,0,0,0.0,COILS,1,1,7493,0,0.0,PUMP,0,1,7526,3340,2321.7,INJECTOR,1,1,7493,0,0.0,SERVO,1,1,7488,0,0.0,ADD 1,0,1,7493,0,0.0,ADD 2,0,1,7504,0,0.0,ADD 3,0,1,7482,0,0.0,ADD 4,0,1,7406,0,0.0,ADD 5,0,0,0,0,0.0,ADD 6,0,1,7417,0,0.0,ADD 7,0,0,0,0,0.0,EGT2CAN,0,1,7433,0,0.0
1778951587.9732497,2683.3,7421,-43.0,1,-,0,0,0,0,0.0,-,0,0,0,0,0.0,ECU,0,1,7329,540,361.7,FAN1,0,0,0,0,0.0,COILS,1,1,7477,0,0.0,PUMP,0,1,7482,3340,2321.7,INJECTOR,1,1,7482,0,0.0,SERVO,1,1,7346,0,0.0,ADD 1,0,1,7493,0,0.0,ADD 2,0,1,7504,0,0.0,ADD 3,0,1,7482,0,0.0,ADD 4,0,1,7406,0,0.0,ADD 5,0,0,0,0,0.0,ADD 6,0,1,7417,0,0.0,ADD 7,0,0,0,0,0.0,EGT2CAN,0,1,7433,0,0.0
1778951588.023975,3728.3,7749,-44.0,1,-,0,0,0,0,0.0,-,0,0,0,0,0.0,ECU,0,1,7668,400,490.0,FAN1,0,0,0,0,0.0,COILS,1,1,7718,0,0.0,PUMP,0,1,7860,3220,3238.3,INJECTOR,1,1,7827,0,0.0,SERVO,1,1,7833,0,0.0,ADD 1,0,1,7658,0,0.0,ADD 2,0,1,7592,0,0.0,ADD 3,0,1,7537,0,0.0,ADD 4,0,1,7504,0,0.0,ADD 5,0,0,0,0,0.0,ADD 6,0,1,7526,0,0.0,ADD 7,0,0,0,0,0.0,EGT2CAN,0,1,7608,0,0.0
1778951588.0864038,3718.3,7749,-44.0,1,-,0,0,0,0,0.0,-,0,0,0,0,0.0,ECU,0,1,7504,380,480.0,FAN1,0,0,0,0,0.0,COILS,1,1,7565,0,0.0,PUMP,0,1,7641,3220,3238.3,INJECTOR,1,1,7510,0,0.0,SERVO,1,1,7504,0,0.0,ADD 1,0,1,7685,0,0.0,ADD 2,0,1,7679,0,0.0,ADD 3,0,1,7756,0,0.0,ADD 4,0,1,7772,0,0.0,ADD 5,0,0,0,0,0.0,ADD 6,0,1,7729,0,0.0,ADD 7,0,0,0,0,0.0,EGT2CAN,0,1,7614,0,0.0
1778951588.136975,3677.5,7502,-44.0,1,-,0,0,0,0,0.0,-,0,0,0,0,0.0,ECU,0,1,7504,380,480.0,FAN1,0,0,0,0,0.0,COILS,1,1,7565,0,0.0,PUMP,0,1,7641,3080,3197.5,INJECTOR,1,1,7510,0,0.0,SERVO,1,1,7504,0,0.0,ADD 1,0,1,7685,0,0.0,ADD 2,0,1,7679,0,0.0,ADD 3,0,1,7756,0,0.0,ADD 4,0,1,7772,0,0.0,ADD 5,0,0,0,0,0.0,ADD 6,0,1,7729,0,0.0,ADD 7,0,0,0,0,0.0,EGT2CAN,0,1,7614,0,0.0
1778951588.1880407,3681.7,7514,-44.0,1,-,0,0,0,0,0.0,-,0,0,0,0,0.0,ECU,0,1,7433,430,461.7,FAN1,0,0,0,0,0.0,COILS,1,1,7422,0,0.0,PUMP,0,1,7488,3230,3220.0,INJECTOR,1,1,7537,0,0.0,SERVO,1,1,7493,0,0.0,ADD 1,0,1,7488,0,0.0,ADD 2,0,1,7526,0,0.0,ADD 3,0,1,7455,0,0.0,ADD 4,0,1,7439,0,0.0,ADD 5,0,0,0,0,0.0,ADD 6,0,1,7482,0,0.0,ADD 7,0,0,0,0,0.0,EGT2CAN,0,1,7504,0,0.0
1778951588.2500007,3650.0,7694,-44.0,1,-,0,0,0,0,0.0,-,0,0,0,0,0.0,ECU,0,1,7685,390,405.0,FAN1,0,0,0,0,0.0,COILS,1,1,7641,0,0.0,PUMP,0,1,7685,3370,3245.0,INJECTOR,1,1,7707,0,0.0,SERVO,1,1,7636,0,0.0,ADD 1,0,1,7575,0,0.0,ADD 2,0,1,7592,0,0.0,ADD 3,0,1,7679,0,0.0,ADD 4,0,1,7701,0,0.0,ADD 5,0,0,0,0,0.0,ADD 6,0,1,7729,0,0.0,ADD 7,0,0,0,0,0.0,EGT2CAN,0,1,7723,0,0.0
1778951588.3036735,3650.0,7694,-44.0,1,-,0,0,0,0,0.0,-,0,0,0,0,0.0,ECU,0,1,8002,390,405.0,FAN1,0,0,0,0,0.0,COILS,1,1,7641,0,0.0,PUMP,0,1,7685,3370,3245.0,INJECTOR,1,1,7707,0,0.0,SERVO,1,1,7636,0,0.0,ADD 1,0,1,7575,0,0.0,ADD 2,0,1,7592,0,0.0,ADD 3,0,1,7679,0,0.0,ADD 4,0,1,7701,0,0.0,ADD 5,0,0,0,0,0.0,ADD 6,0,1,7729,0,0.0,ADD 7,0,0,0,0,0.0,EGT2CAN,0,1,7723,0,0.0
1778951588.3539898,3792.0,10033,-44.0,1,-,0,0,0,0,0.0,-,0,0,0,0,0.0,ECU,0,1,10305,240,374.0,FAN1,0,0,0,0,0.0,COILS,1,1,10250,0,0.0,PUMP,0,1,10130,3630,3418.0,INJECTOR,1,1,10316,0,0.0,SERVO,1,1,10316,0,0.0,ADD 1,0,1,10283,0,0.0,ADD 2,0,1,10223,0,0.0,ADD 3,0,1,10053,0,0.0,ADD 4,0,1,10004,0,0.0,ADD 5,0,0,0,0,0.0,ADD 6,0,1,10234,0,0.0,ADD 7,0,0,0,0,0.0,EGT2CAN,0,1,10283,0,0.0
1778951588.4084418,3778.3,10188,-43.0,1,-,0,0,0,0,0.0,-,0,0,0,0,0.0,ECU,0,1,10332,300,361.7,FAN1,0,0,0,0,0.0,COILS,1,1,10382,0,0.0,PUMP,0,1,10272,3410,3416.7,INJECTOR,1,1,10179,0,0.0,SERVO,1,1,10053,0,0.0,ADD 1,0,1,10092,0,0.0,ADD 2,0,1,10261,0,0.0,ADD 3,0,1,10338,0,0.0,ADD 4,0,1,10338,0,0.0,ADD 5,0,0,0,0,0.0,ADD 6,0,1,10261,0,0.0,ADD 7,0,0,0,0,0.0,EGT2CAN,0,1,10048,0,0.0
1778951588.4607978,3778.3,10188,-43.0,1,-,0,0,0,0,0.0,-,0,0,0,0,0.0,ECU,0,1,11262,300,361.7,FAN1,0,0,0,0,0.0,COILS,1,1,11295,0,0.0,PUMP,0,1,11361,3410,3416.7,INJECTOR,1,1,11257,0,0.0,SERVO,1,1,11290,0,0.0,ADD 1,0,1,10092,0,0.0,ADD 2,0,1,10261,0,0.0,ADD 3,0,1,10338,0,0.0,ADD 4,0,1,10338,0,0.0,ADD 5,0,0,0,0,0.0,ADD 6,0,1,10261,0,0.0,ADD 7,0,0,0,0,0.0,EGT2CAN,0,1,10048,0,0.0
1778951588.5115106,3882.0,11631,-43.0,1,-,0,0,0,0,0.0,-,0,0,0,0,0.0,ECU,0,1,11164,210,276.0,FAN1,0,0,0,0,0.0,COILS,1,1,11290,0,0.0,PUMP,0,1,11290,3670,3606.0,INJECTOR,1,1,11186,0,0.0,SERVO,1,1,11224,0,0.0,ADD 1,0,1,11322,0,0.0,ADD 2,0,1,11268,0,0.0,ADD 3,0,1,11125,0,0.0,ADD 4,0,1,11131,0,0.0,ADD 5,0,0,0,0,0.0,ADD 6,0,1,11514,0,0.0,ADD 7,0,0,0,0,0.0,EGT2CAN,0,1,11519,0,0.0
1778951588.5632145,3845.0,11191,-43.0,1,-,0,0,0,0,0.0,-,0,0,0,0,0.0,ECU,0,1,11164,200,263.3,FAN1,0,0,0,0,0.0,COILS,1,1,11290,0,0.0,PUMP,0,1,11290,3460,3581.7,INJECTOR,1,1,11186,0,0.0,SERVO,1,1,11224,0,0.0,ADD 1,0,1,11322,0,0.0,ADD 2,0,1,11268,0,0.0,ADD 3,0,1,11125,0,0.0,ADD 4,0,1,11131,0,0.0,ADD 5,0,0,0,0,0.0,ADD 6,0,1,11333,0,0.0,ADD 7,0,0,0,0,0.0,EGT2CAN,0,1,11306,0,0.0
1778951588.6140654,3845.0,11191,-43.0,1,-,0,0,0,0,0.0,-,0,0,0,0,0.0,ECU,0,1,11311,200,263.3,FAN1,0,0,0,0,0.0,COILS,1,1,11443,0,0.0,PUMP,0,1,11492,3460,3581.7,INJECTOR,1,1,11476,0,0.0,SERVO,1,1,11470,0,0.0,ADD 1,0,1,11284,0,0.0,ADD 2,0,1,11273,0,0.0,ADD 3,0,1,11186,0,0.0,ADD 4,0,1,11131,0,0.0,ADD 5,0,0,0,0,0.0,ADD 6,0,1,11333,0,0.0,ADD 7,0,0,0,0,0.0,EGT2CAN,0,1,11306,0,0.0
1778951588.6650116,3794.7,11717,-44.0,1,-,0,0,0,0,0.0,-,0,0,0,0,0.0,ECU,0,1,10431,280,216.7,FAN1,0,0,0,0,0.0,COILS,1,1,10655,0,0.0,PUMP,0,1,10578,3420,3578.0,INJECTOR,1,1,10431,0,0.0,SERVO,1,1,10507,0,0.0,ADD 1,0,1,10518,0,0.0,ADD 2,0,1,10518,0,0.0,ADD 3,0,1,10633,0,0.0,ADD 4,0,1,10485,0,0.0,ADD 5,0,0,0,0,0.0,ADD 6,0,1,10518,0,0.0,ADD 7,0,0,0,0,0.0,EGT2CAN,0,1,10595,0,0.0
1778951588.7183917,3788.3,10436,-43.0,1,-,0,0,0,0,0.0,-,0,0,0,0,0.0,ECU,0,1,10431,280,216.7,FAN1,0,0,0,0,0.0,COILS,1,1,10655,0,0.0,PUMP,0,1,10578,3540,3571.7,INJECTOR,1,1,10431,0,0.0,SERVO,1,1,10507,0,0.0,ADD 1,0,1,10518,0,0.0,ADD 2,0,1,10518,0,0.0,ADD 3,0,1,10633,0,0.0,ADD 4,0,1,10485,0,0.0,ADD 5,0,0,0,0,0.0,ADD 6,0,1,10518,0,0.0,ADD 7,0,0,0,0,0.0,EGT2CAN,0,1,10595,0,0.0
1778951588.769269,3788.3,10436,-43.0,1,-,0,0,0,0,0.0,-,0,0,0,0,0.0,ECU,0,1,10841,280,216.7,FAN1,0,0,0,0,0.0,COILS,1,1,10655,0,0.0,PUMP,0,1,10578,3540,3571.7,INJECTOR,1,1,10431,0,0.0,SERVO,1,1,10507,0,0.0,ADD 1,0,1,10518,0,0.0,ADD 2,0,1,10518,0,0.0,ADD 3,0,1,10633,0,0.0,ADD 4,0,1,10485,0,0.0,ADD 5,0,0,0,0,0.0,ADD 6,0,1,10518,0,0.0,ADD 7,0,0,0,0,0.0,EGT2CAN,0,1,10595,0,0.0
1778951588.8201478,3743.3,11705,-44.0,1,-,0,0,0,0,0.0,-,0,0,0,0,0.0,ECU,0,1,11776,190,216.7,FAN1,0,0,0,0,0.0,COILS,1,1,11727,0,0.0,PUMP,0,1,11744,3540,3526.7,INJECTOR,1,1,11722,0,0.0,SERVO,1,1,11716,0,0.0,ADD 1,0,1,11776,0,0.0,ADD 2,0,1,11705,0,0.0,ADD 3,0,1,11623,0,0.0,ADD 4,0,1,11629,0,0.0,ADD 5,0,0,0,0,0.0,ADD 6,0,1,11809,0,0.0,ADD 7,0,0,0,0,0.0,EGT2CAN,0,1,11733,0,0.0
1778951588.8796086,3741.0,11705,-44.0,1,-,0,0,0,0,0.0,-,0,0,0,0,0.0,ECU,0,1,11623,170,205.0,FAN1,0,0,0,0,0.0,COILS,1,1,11776,0,0.0,PUMP,0,1,11793,3520,3536.0,INJECTOR,1,1,11760,0,0.0,SERVO,1,1,11629,0,0.0,ADD 1,0,1,11700,0,0.0,ADD 2,0,1,11765,0,0.0,ADD 3,0,1,11744,0,0.0,ADD 4,0,1,11755,0,0.0,ADD 5,0,0,0,0,0.0,ADD 6,0,1,11755,0,0.0,ADD 7,0,0,0,0,0.0,EGT2CAN,0,1,11700,0,0.0
1778951588.932225,3741.0,11773,-44.0,1,-,0,0,0,0,0.0,-,0,0,0,0,0.0,ECU,0,1,11623,170,205.0,FAN1,0,0,0,0,0.0,COILS,1,1,11776,0,0.0,PUMP,0,1,11793,3520,3536.0,INJECTOR,0,1,11760,0,0.0,SERVO,0,1,11629,0,0.0,ADD 1,0,1,11700,0,0.0,ADD 2,0,1,11765,0,0.0,ADD 3,0,1,11744,0,0.0,ADD 4,0,1,11755,0,0.0,ADD 5,0,0,0,0,0.0,ADD 6,0,1,11755,0,0.0,ADD 7,0,0,0,0,0.0,EGT2CAN,0,1,11700,0,0.0
1778951588.9867089,3653.3,10863,-43.0,1,-,0,0,0,0,0.0,-,0,0,0,0,0.0,ECU,0,1,10972,290,208.3,FAN1,0,0,0,0,0.0,COILS,1,1,11011,0,0.0,PUMP,0,1,10972,3630,3445.0,INJECTOR,1,1,10945,0,0.0,SERVO,1,1,10972,0,0.0,ADD 1,0,1,10272,0,0.0,ADD 2,0,1,10305,0,0.0,ADD 3,0,1,10256,0,0.0,ADD 4,0,1,10124,0,0.0,ADD 5,0,0,0,0,0.0,ADD 6,0,1,10272,0,0.0,ADD 7,0,0,0,0,0.0,EGT2CAN,0,1,10387,0,0.0
1778951589.04616,3612.5,11185,-45.0,1,-,0,0,0,0,0.0,-,0,0,0,0,0.0,ECU,0,1,11339,260,215.0,FAN1,0,0,0,0,0.0,COILS,1,1,11115,0,0.0,PUMP,0,1,11131,3540,3397.5,INJECTOR,1,1,11186,0,0.0,SERVO,1,1,11240,0,0.0,ADD 1,0,1,11290,0,0.0,ADD 2,0,1,11262,0,0.0,ADD 3,0,1,11268,0,0.0,ADD 4,0,1,11240,0,0.0,ADD 5,0,0,0,0,0.0,ADD 6,0,1,11410,0,0.0,ADD 7,0,0,0,0,0.0,EGT2CAN,0,1,11284,0,0.0
1778951589.0968595,3612.5,11185,-45.0,1,-,0,0,0,0,0.0,-,0,0,0,0,0.0,ECU,0,1,11612,260,215.0,FAN1,0,0,0,0,0.0,COILS,1,1,11115,0,0.0,PUMP,0,1,11131,3540,3397.5,INJECTOR,1,1,11186,0,0.0,SERVO,1,1,11240,0,0.0,ADD 1,0,1,11290,0,0.0,ADD 2,0,1,11262,0,0.0,ADD 3,0,1,11268,0,0.0,ADD 4,0,1,11240,0,0.0,ADD 5,0,0,0,0,0.0,ADD 6,0,1,11410,0,0.0,ADD 7,0,0,0,0,0.0,EGT2CAN,0,1,11284,0,0.0
1778951589.1476867,3664.0,11723,-43.0,1,-,0,0,0,0,0.0,-,0,0,0,0,0.0,ECU,0,1,11738,200,216.0,FAN1,0,0,0,0,0.0,COILS,1,1,11837,0,0.0,PUMP,0,1,11837,3580,3448.0,INJECTOR,1,1,11727,0,0.0,SERVO,1,1,11733,0,0.0,ADD 1,0,1,11738,0,0.0,ADD 2,0,1,11820,0,0.0,ADD 3,0,1,11804,0,0.0,ADD 4,0,1,11700,0,0.0,ADD 5,0,0,0,0,0.0,ADD 6,0,1,11765,0,0.0,ADD 7,0,0,0,0,0.0,EGT2CAN,0,1,11744,0,0.0
1778951589.2070036,3670.0,11853,-44.0,1,-,0,0,0,0,0.0,-,0,0,0,0,0.0,ECU,0,1,11716,220,216.7,FAN1,0,0,0,0,0.0,COILS,1,1,11842,0,0.0,PUMP,0,1,11809,3480,3453.3,INJECTOR,1,1,11842,0,0.0,SERVO,1,1,11749,0,0.0,ADD 1,0,1,11842,0,0.0,ADD 2,0,1,11765,0,0.0,ADD 3,0,1,11738,0,0.0,ADD 4,0,1,11716,0,0.0,ADD 5,0,0,0,0,0.0,ADD 6,0,1,11744,0,0.0,ADD 7,0,0,0,0,0.0,EGT2CAN,0,1,11798,0,0.0
1778951589.2572932,3670.0,11853,-44.0,1,-,0,0,0,0,0.0,-,0,0,0,0,0.0,ECU,0,1,10677,220,216.7,FAN1,0,0,0,0,0.0,COILS,0,1,10699,0,0.0,PUMP,0,1,10836,3480,3453.3,INJECTOR,1,1,10879,0,0.0,SERVO,1,1,10743,0,0.0,ADD 1,0,1,11842,0,0.0,ADD 2,0,1,11765,0,0.0,ADD 3,0,1,11738,0,0.0,ADD 4,0,1,11716,0,0.0,ADD 5,0,0,0,0,0.0,ADD 6,0,1,11744,0,0.0,ADD 7,0,0,0,0,0.0,EGT2CAN,0,1,11798,0,0.0
1778951589.3082476,3572.0,10547,-44.0,1,-,0,0,0,0,0.0,-,0,0,0,0,0.0,ECU,0,1,10633,270,202.0,FAN1,0,0,0,0,0.0,COILS,1,1,10721,0,22.0,PUMP,0,1,10715,3640,3348.0,INJECTOR,1,1,10693,0,0.0,SERVO,1,1,10682,0,0.0,ADD 1,0,1,10677,0,0.0,ADD 2,0,1,10606,0,0.0,ADD 3,0,1,10584,0,0.0,ADD 4,0,1,10726,0,0.0,ADD 5,0,0,0,0,0.0,ADD 6,0,1,10754,0,0.0,ADD 7,0,0,0,0,0.0,EGT2CAN,0,1,10754,0,0.0
1778951589.3592675,3515.0,11389,-43.0,1,-,0,0,0,0,0.0,-,0,0,0,0,0.0,ECU,0,1,11344,250,210.0,FAN1,0,0,0,0,0.0,COILS,1,1,11279,0,27.5,PUMP,0,1,11235,3540,3277.5,INJECTOR,1,1,11344,0,0.0,SERVO,1,1,11366,0,0.0,ADD 1,0,1,11333,0,0.0,ADD 2,0,1,11290,0,0.0,ADD 3,0,1,11290,0,0.0,ADD 4,0,1,11361,0,0.0,ADD 5,0,0,0,0,0.0,ADD 6,0,1,11306,0,0.0,ADD 7,0,0,0,0,0.0,EGT2CAN,0,1,11344,0,0.0
1778951589.4103563,3515.0,11389,-43.0,1,-,0,0,0,0,0.0,-,0,0,0,0,0.0,ECU,0,1,11744,250,210.0,FAN1,0,0,0,0,0.0,COILS,1,1,11640,0,27.5,PUMP,0,1,11563,3540,3277.5,INJECTOR,1,1,11667,0,0.0,SERVO,1,1,11672,0,0.0,ADD 1,0,1,11700,0,0.0,ADD 2,0,1,11722,0,0.0,ADD 3,0,1,11629,0,0.0,ADD 4,0,1,11585,0,0.0,ADD 5,0,0,0,0,0.0,ADD 6,0,1,11306,0,0.0,ADD 7,0,0,0,0,0.0,EGT2CAN,0,1,11344,0,0.0
1778951589.4612775,3576.0,11878,-44.0,1,-,0,0,0,0,0.0,-,0,0,0,0,0.0,ECU,0,1,11946,200,212.0,FAN1,0,0,0,0,0.0,COILS,1,1,11902,0,22.0,PUMP,0,1,11880,3560,3342.0,INJECTOR,1,1,11809,0,0.0,SERVO,1,1,11858,0,0.0,ADD 1,0,1,11886,0,0.0,ADD 2,0,1,11880,0,0.0,ADD 3,0,1,11760,0,0.0,ADD 4,0,1,11722,0,0.0,ADD 5,0,0,0,0,0.0,ADD 6,0,1,11853,0,0.0,ADD 7,0,0,0,0,0.0,EGT2CAN,0,1,11984,0,0.0
1778951589.5122595,3595.0,11841,-45.0,1,-,0,0,0,0,0.0,-,0,0,0,0,0.0,ECU,0,1,11946,190,208.3,FAN1,0,0,0,0,0.0,COILS,1,1,11902,0,18.3,PUMP,0,1,11880,3500,3368.3,INJECTOR,1,1,11809,0,0.0,SERVO,1,1,11858,0,0.0,ADD 1,0,1,11886,0,0.0,ADD 2,0,1,11880,0,0.0,ADD 3,0,1,11760,0,0.0,ADD 4,0,1,11722,0,0.0,ADD 5,0,0,0,0,0.0,ADD 6,0,1,11853,0,0.0,ADD 7,0,0,0,0,0.0,EGT2CAN,0,1,11984,0,0.0
1778951589.5652103,3595.0,11841,-45.0,1,-,0,0,0,0,0.0,-,0,0,0,0,0.0,ECU,0,1,10223,190,208.3,FAN1,0,0,0,0,0.0,COILS,0,1,10321,0,18.3,PUMP,0,1,10338,3500,3368.3,INJECTOR,1,1,10294,0,0.0,SERVO,1,1,10157,0,0.0,ADD 1,0,1,11886,0,0.0,ADD 2,0,1,11880,0,0.0,ADD 3,0,1,11760,0,0.0,ADD 4,0,1,11722,0,0.0,ADD 5,0,0,0,0,0.0,ADD 6,0,1,11853,0,0.0,ADD 7,0,0,0,0,0.0,EGT2CAN,0,1,11984,0,0.0
1778951589.616245,3658.3,7260,-45.0,1,-,0,0,0,0,0.0,-,0,0,0,0,0.0,ECU,0,1,10371,280,226.7,FAN1,0,0,0,0,0.0,COILS,1,1,10475,0,180.0,PUMP,0,1,10354,3830,3251.7,INJECTOR,1,1,10371,0,0.0,SERVO,1,1,10414,0,0.0,ADD 1,0,1,9353,0,0.0,ADD 2,0,1,9178,0,0.0,ADD 3,0,1,9009,0,0.0,ADD 4,0,1,8921,0,0.0,ADD 5,0,0,0,0,0.0,ADD 6,0,1,9299,0,0.0,ADD 7,0,0,0,0,0.0,EGT2CAN,0,1,9517,0,0.0
1778951589.6716468,3658.3,10232,-44.0,1,-,0,0,0,0,0.0,-,0,0,0,0,0.0,ECU,0,1,10371,280,226.7,FAN1,0,0,0,0,0.0,COILS,1,1,10475,0,180.0,PUMP,0,1,10354,3830,3251.7,INJECTOR,1,1,10371,0,0.0,SERVO,1,1,10414,0,0.0,ADD 1,0,1,9353,0,0.0,ADD 2,0,1,9178,0,0.0,ADD 3,0,1,9009,0,0.0,ADD 4,0,1,8921,0,0.0,ADD 5,0,0,0,0,0.0,ADD 6,0,1,9299,0,0.0,ADD 7,0,0,0,0,0.0,EGT2CAN,0,1,9517,0,0.0
1778951589.7241328,3658.3,10232,-44.0,1,-,0,0,0,0,0.0,-,0,0,0,0,0.0,ECU,0,1,10086,280,226.7,FAN1,0,0,0,0,0.0,COILS,1,1,10245,0,180.0,PUMP,0,1,10321,3830,3251.7,INJECTOR,1,1,10310,0,0.0,SERVO,1,1,10196,0,0.0,ADD 1,0,1,9353,0,0.0,ADD 2,0,1,9178,0,0.0,ADD 3,0,1,9009,0,0.0,ADD 4,0,1,8921,0,0.0,ADD 5,0,0,0,0,0.0,ADD 6,0,1,9299,0,0.0,ADD 7,0,0,0,0,0.0,EGT2CAN,0,1,9517,0,0.0
1778951589.775196,3710.0,11030,-44.0,1,-,0,0,0,0,0.0,-,0,0,0,0,0.0,ECU,0,1,11065,280,265.0,FAN1,0,0,0,0,0.0,COILS,1,1,11065,0,180.0,PUMP,0,1,11060,3500,3265.0,INJECTOR,1,1,10989,0,0.0,SERVO,1,1,10874,0,0.0,ADD 1,0,1,11032,0,0.0,ADD 2,0,1,11186,0,0.0,ADD 3,0,1,11175,0,0.0,ADD 4,0,1,11098,0,0.0,ADD 5,0,0,0,0,0.0,ADD 6,0,1,11038,0,0.0,ADD 7,0,0,0,0,0.0,EGT2CAN,0,1,10989,0,0.0
1778951589.8273234,3710.0,11030,-44.0,1,-,0,0,0,0,0.0,-,0,0,0,0,0.0,ECU,0,1,11065,280,265.0,FAN1,0,0,0,0,0.0,COILS,1,1,11065,0,180.0,PUMP,0,1,11060,3500,3265.0,INJECTOR,1,1,10989,0,0.0,SERVO,1,1,10874,0,0.0,ADD 1,0,1,11032,0,0.0,ADD 2,0,1,11186,0,0.0,ADD 3,0,1,11175,0,0.0,ADD 4,0,1,11098,0,0.0,ADD 5,0,0,0,0,0.0,ADD 6,0,1,11038,0,0.0,ADD 7,0,0,0,0,0.0,EGT2CAN,0,1,10989,0,0.0
1778951589.878576,3710.0,11030,-44.0,1,-,0,0,0,0,0.0,-,0,0,0,0,0.0,ECU,0,1,11273,280,265.0,FAN1,0,0,0,0,0.0,COILS,1,1,11383,0,180.0,PUMP,0,1,11437,3500,3265.0,INJECTOR,1,1,11404,0,0.0,SERVO,1,1,11284,0,0.0,ADD 1,0,1,11032,0,0.0,ADD 2,0,1,11186,0,0.0,ADD 3,0,1,11175,0,0.0,ADD 4,0,1,11098,0,0.0,ADD 5,0,0,0,0,0.0,ADD 6,0,1,11038,0,0.0,ADD 7,0,0,0,0,0.0,EGT2CAN,0,1,10989,0,0.0
1778951589.9291427,3866.7,11389,-43.0,1,-,0,0,0,0,0.0,-,0,0,0,0,0.0,ECU,0,1,11372,270,256.7,FAN1,0,0,0,0,0.0,COILS,1,1,11317,0,85.0,PUMP,0,1,11339,3360,3525.0,INJECTOR,1,1,11383,0,0.0,SERVO,1,1,11262,0,0.0,ADD 1,0,1,11301,0,0.0,ADD 2,0,1,11372,0,0.0,ADD 3,0,1,11372,0,0.0,ADD 4,0,1,11404,0,0.0,ADD 5,0,0,0,0,0.0,ADD 6,0,1,11295,0,0.0,ADD 7,0,0,0,0,0.0,EGT2CAN,0,1,11224,0,0.0
1778951589.9923947,3860.0,11507,-43.0,1,-,0,0,0,0,0.0,-,0,0,0,0,0.0,ECU,0,1,11607,230,235.0,FAN1,0,0,0,0,0.0,COILS,1,1,11536,0,127.5,PUMP,0,1,11470,3500,3497.5,INJECTOR,1,1,11115,0,0.0,SERVO,1,1,11290,0,0.0,ADD 1,0,1,11284,0,0.0,ADD 2,0,1,11301,0,0.0,ADD 3,0,1,11322,0,0.0,ADD 4,0,1,11311,0,0.0,ADD 5,0,0,0,0,0.0,ADD 6,0,1,11426,0,0.0,ADD 7,0,0,0,0,0.0,EGT2CAN,0,1,11273,0,0.0
1778951590.0460274,3860.0,11507,-43.0,1,-,0,0,0,0,0.0,-,0,0,0,0,0.0,ECU,0,1,11530,230,235.0,FAN1,0,0,0,0,0.0,COILS,1,1,11536,0,127.5,PUMP,0,1,11470,3500,3497.5,INJECTOR,1,1,11115,0,0.0,SERVO,1,1,11290,0,0.0,ADD 1,0,1,11284,0,0.0,ADD 2,0,1,11301,0,0.0,ADD 3,0,1,11322,0,0.0,ADD 4,0,1,11311,0,0.0,ADD 5,0,0,0,0,0.0,ADD 6,0,1,11426,0,0.0,ADD 7,0,0,0,0,0.0,EGT2CAN,0,1,11273,0,0.0
1778951590.0967507,3800.0,10287,-43.0,1,-,0,0,0,0,0.0,-,0,0,0,0,0.0,ECU,0,1,10524,320,238.3,FAN1,0,0,0,0,0.0,COILS,1,1,10349,0,85.0,PUMP,0,1,10420,3390,3476.7,INJECTOR,1,1,10557,0,0.0,SERVO,1,1,10431,0,0.0,ADD 1,0,1,10108,0,0.0,ADD 2,0,1,9917,0,0.0,ADD 3,0,1,9818,0,0.0,ADD 4,0,1,9900,0,0.0,ADD 5,0,0,0,0,0.0,ADD 6,0,1,10119,0,0.0,ADD 7,0,0,0,0,0.0,EGT2CAN,0,1,10048,0,0.0
1778951590.1488283,3712.0,11315,-44.0,1,-,0,0,0,0,0.0,-,0,0,0,0,0.0,ECU,0,1,11443,260,250.0,FAN1,0,0,0,0,0.0,COILS,1,1,11426,0,0.0,PUMP,0,1,11432,3580,3462.0,INJECTOR,1,1,11404,0,0.0,SERVO,1,1,11328,0,0.0,ADD 1,0,1,11065,0,0.0,ADD 2,0,1,10983,0,0.0,ADD 3,0,1,10923,0,0.0,ADD 4,0,1,11049,0,0.0,ADD 5,0,0,0,0,0.0,ADD 6,0,1,11153,0,0.0,ADD 7,0,0,0,0,0.0,EGT2CAN,0,1,11043,0,0.0
1778951590.2005248,3712.0,11315,-44.0,1,-,0,0,0,0,0.0,-,0,0,0,0,0.0,ECU,0,1,11667,260,250.0,FAN1,0,0,0,0,0.0,COILS,1,1,11426,0,0.0,PUMP,0,1,11432,3580,3462.0,INJECTOR,1,1,11404,0,0.0,SERVO,1,1,11328,0,0.0,ADD 1,0,1,11065,0,0.0,ADD 2,0,1,10983,0,0.0,ADD 3,0,1,10923,0,0.0,ADD 4,0,1,11049,0,0.0,ADD 5,0,0,0,0,0.0,ADD 6,0,1,11153,0,0.0,ADD 7,0,0,0,0,0.0,EGT2CAN,0,1,11043,0,0.0
1778951590.2569368,3724.0,11761,-43.0,1,-,0,0,0,0,0.0,-,0,0,0,0,0.0,ECU,0,1,11798,190,228.0,FAN1,0,0,0,0,0.0,COILS,1,1,11645,0,0.0,PUMP,0,1,11689,3480,3496.0,INJECTOR,1,1,11760,0,0.0,SERVO,1,1,11760,0,0.0,ADD 1,0,1,11744,0,0.0,ADD 2,0,1,11711,0,0.0,ADD 3,0,1,11700,0,0.0,ADD 4,0,1,11607,0,0.0,ADD 5,0,0,0,0,0.0,ADD 6,0,1,11689,0,0.0,ADD 7,0,0,0,0,0.0,EGT2CAN,0,1,11733,0,0.0
1778951590.3147924,3905.0,11761,-43.0,1,-,0,0,0,0,0.0,-,0,0,0,0,0.0,ECU,0,1,11585,200,212.5,FAN1,0,0,0,0,0.0,COILS,1,1,11733,0,0.0,PUMP,0,1,11733,3500,3527.5,INJECTOR,0,1,11683,660,165.0,SERVO,1,1,11629,0,0.0,ADD 1,0,1,11645,0,0.0,ADD 2,0,1,11590,0,0.0,ADD 3,0,1,11596,0,0.0,ADD 4,0,1,11618,0,0.0,ADD 5,0,0,0,0,0.0,ADD 6,0,1,11607,0,0.0,ADD 7,0,0,0,0,0.0,EGT2CAN,0,1,11640,0,0.0
1778951590.3785083,3834.0,9625,-43.0,1,-,0,0,0,0,0.0,-,0,0,0,0,0.0,ECU,0,1,9906,330,212.0,FAN1,0,0,0,0,0.0,COILS,1,1,9856,0,0.0,PUMP,0,1,9818,3470,3490.0,INJECTOR,1,1,9763,0,132.0,SERVO,1,1,9791,0,0.0,ADD 1,0,1,9977,0,0.0,ADD 2,0,1,9933,0,0.0,ADD 3,0,1,9785,0,0.0,ADD 4,0,1,9791,0,0.0,ADD 5,0,0,0,0,0.0,ADD 6,0,1,9791,0,0.0,ADD 7,0,0,0,0,0.0,EGT2CAN,0,1,9649,0,0.0
1778951590.4296513,3834.0,9625,-43.0,1,-,0,0,0,0,0.0,-,0,0,0,0,0.0,ECU,0,1,9906,330,212.0,FAN1,0,0,0,0,0.0,COILS,1,1,9856,0,0.0,PUMP,0,1,9818,3470,3490.0,INJECTOR,1,1,9763,0,132.0,SERVO,1,1,9791,0,0.0,ADD 1,0,1,9977,0,0.0,ADD 2,0,1,9933,0,0.0,ADD 3,0,1,9785,0,0.0,ADD 4,0,1,9791,0,0.0,ADD 5,0,0,0,0,0.0,ADD 6,0,1,9791,0,0.0,ADD 7,0,0,0,0,0.0,EGT2CAN,0,1,9649,0,0.0
1778951590.4827394,3834.0,9625,-43.0,1,-,0,0,0,0,0.0,-,0,0,0,0,0.0,ECU,0,1,11208,330,212.0,FAN1,0,0,0,0,0.0,COILS,1,1,11153,0,0.0,PUMP,0,1,11213,3470,3490.0,INJECTOR,1,1,11175,0,132.0,SERVO,1,1,11169,0,0.0,ADD 1,0,1,11175,0,0.0,ADD 2,0,1,11153,0,0.0,ADD 3,0,1,11197,0,0.0,ADD 4,0,1,11197,0,0.0,ADD 5,0,0,0,0,0.0,ADD 6,0,1,9791,0,0.0,ADD 7,0,0,0,0,0.0,EGT2CAN,0,1,9649,0,0.0
1778951590.5330672,3742.0,11742,-45.0,1,-,0,0,0,0,0.0,-,0,0,0,0,0.0,ECU,0,1,11848,190,218.0,FAN1,0,0,0,0,0.0,COILS,1,1,11782,0,0.0,PUMP,0,1,11711,3540,3524.0,INJECTOR,1,1,11793,0,0.0,SERVO,1,1,11738,0,0.0,ADD 1,0,1,11629,0,0.0,ADD 2,0,1,11744,0,0.0,ADD 3,0,1,11700,0,0.0,ADD 4,0,1,11765,0,0.0,ADD 5,0,0,0,0,0.0,ADD 6,0,1,11864,0,0.0,ADD 7,0,0,0,0,0.0,EGT2CAN,0,1,11672,0,0.0
1778951590.584048,3742.0,11742,-45.0,1,-,0,0,0,0,0.0,-,0,0,0,0,0.0,ECU,0,1,11848,190,218.0,FAN1,0,0,0,0,0.0,COILS,1,1,11782,0,0.0,PUMP,0,1,11711,3540,3524.0,INJECTOR,1,1,11793,0,0.0,SERVO,1,1,11738,0,0.0,ADD 1,0,1,11629,0,0.0,ADD 2,0,1,11744,0,0.0,ADD 3,0,1,11700,0,0.0,ADD 4,0,1,11765,0,0.0,ADD 5,0,0,0,0,0.0,ADD 6,0,1,11864,0,0.0,ADD 7,0,0,0,0,0.0,EGT2CAN,0,1,11672,0,0.0
1778951590.6345763,3742.0,11742,-45.0,1,-,0,0,0,0,0.0,-,0,0,0,0,0.0,ECU,0,1,11837,190,218.0,FAN1,0,0,0,0,0.0,COILS,1,1,11902,0,0.0,PUMP,0,1,11902,3540,3524.0,INJECTOR,1,1,11908,0,0.0,SERVO,1,1,11837,0,0.0,ADD 1,0,1,11744,0,0.0,ADD 2,0,1,11749,0,0.0,ADD 3,0,1,11837,0,0.0,ADD 4,0,1,11858,0,0.0,ADD 5,0,0,0,0,0.0,ADD 6,0,1,11864,0,0.0,ADD 7,0,0,0,0,0.0,EGT2CAN,0,1,11672,0,0.0
1778951590.6855981,3695.0,10207,-43.0,1,-,0,0,0,0,0.0,-,0,0,0,0,0.0,ECU,0,1,10453,300,205.0,FAN1,0,0,0,0,0.0,COILS,1,1,10600,0,0.0,PUMP,0,1,10507,3440,3490.0,INJECTOR,1,1,10464,0,0.0,SERVO,1,1,10453,0,0.0,ADD 1,0,1,10042,0,0.0,ADD 2,0,1,10130,0,0.0,ADD 3,0,1,10114,0,0.0,ADD 4,0,1,10010,0,0.0,ADD 5,0,0,0,0,0.0,ADD 6,0,1,9949,0,0.0,ADD 7,0,0,0,0,0.0,EGT2CAN,0,1,10064,0,0.0
1778951590.736677,3695.0,10207,-43.0,1,-,0,0,0,0,0.0,-,0,0,0,0,0.0,ECU,0,1,11437,300,205.0,FAN1,0,0,0,0,0.0,COILS,1,1,11454,0,0.0,PUMP,0,1,11404,3440,3490.0,INJECTOR,1,1,11503,0,0.0,SERVO,1,1,11530,0,0.0,ADD 1,0,1,11038,0,0.0,ADD 2,0,1,11104,0,0.0,ADD 3,0,1,11115,0,0.0,ADD 4,0,1,11098,0,0.0,ADD 5,0,0,0,0,0.0,ADD 6,0,1,9949,0,0.0,ADD 7,0,0,0,0,0.0,EGT2CAN,0,1,10064,0,0.0
1778951590.7887754,3660.0,10207,-43.0,1,-,0,0,0,0,0.0,-,0,0,0,0,0.0,ECU,0,1,11437,230,210.0,FAN1,0,0,0,0,0.0,COILS,1,1,11454,0,0.0,PUMP,0,1,11404,3560,3450.0,INJECTOR,1,1,11503,0,0.0,SERVO,1,1,11530,0,0.0,ADD 1,0,1,11038,0,0.0,ADD 2,0,1,11104,0,0.0,ADD 3,0,1,11115,0,0.0,ADD 4,0,1,11098,0,0.0,ADD 5,0,0,0,0,0.0,ADD 6,0,1,11087,0,0.0,ADD 7,0,0,0,0,0.0,EGT2CAN,0,1,10956,0,0.0
1778951590.839171,3683.3,11742,-43.0,1,-,0,0,0,0,0.0,-,0,0,0,0,0.0,ECU,0,1,11716,180,208.3,FAN1,0,0,0,0,0.0,COILS,1,1,11738,0,0.0,PUMP,0,1,11738,3540,3475.0,INJECTOR,1,1,11853,0,0.0,SERVO,1,1,11820,0,0.0,ADD 1,0,1,11744,0,0.0,ADD 2,0,1,11744,0,0.0,ADD 3,0,1,11831,0,0.0,ADD 4,0,1,11842,0,0.0,ADD 5,0,0,0,0,0.0,ADD 6,0,1,11711,0,0.0,ADD 7,0,0,0,0,0.0,EGT2CAN,0,1,11864,0,0.0
1778951590.91082,3683.3,11742,-43.0,1,-,0,0,0,0,0.0,-,0,0,0,0,0.0,ECU,0,1,11875,180,208.3,FAN1,0,0,0,0,0.0,COILS,1,1,11738,0,0.0,PUMP,0,1,11738,3540,3475.0,INJECTOR,1,1,11853,0,0.0,SERVO,1,1,11820,0,0.0,ADD 1,0,1,11744,0,0.0,ADD 2,0,1,11744,0,0.0,ADD 3,0,1,11831,0,0.0,ADD 4,0,1,11842,0,0.0,ADD 5,0,0,0,0,0.0,ADD 6,0,1,11711,0,0.0,ADD 7,0,0,0,0,0.0,EGT2CAN,0,1,11864,0,0.0
1778951590.9614334,3682.5,11742,-43.0,1,-,0,0,0,0,0.0,-,0,0,0,0,0.0,ECU,0,1,11875,190,207.5,FAN1,0,0,0,0,0.0,COILS,1,1,11842,0,0.0,PUMP,0,1,11891,3540,3475.0,INJECTOR,1,1,11930,0,0.0,SERVO,1,1,11924,0,0.0,ADD 1,0,1,11946,0,0.0,ADD 2,0,1,11913,0,0.0,ADD 3,0,1,11842,0,0.0,ADD 4,0,1,11842,0,0.0,ADD 5,0,0,0,0,0.0,ADD 6,0,1,11848,0,0.0,ADD 7,0,0,0,0,0.0,EGT2CAN,0,1,11820,0,0.0
1778951591.0121555,3658.0,9928,-43.0,1,-,0,0,0,0,0.0,-,0,0,0,0,0.0,ECU,0,1,11333,230,210.0,FAN1,0,0,0,0,0.0,COILS,1,1,11268,0,0.0,PUMP,0,1,11213,3500,3444.0,INJECTOR,1,1,11186,0,0.0,SERVO,1,1,11169,20,4.0,ADD 1,0,1,11240,0,0.0,ADD 2,0,1,11246,0,0.0,ADD 3,0,1,11295,0,0.0,ADD 4,0,1,11322,0,0.0,ADD 5,0,0,0,0,0.0,ADD 6,0,1,11333,0,0.0,ADD 7,0,0,0,0,0.0,EGT2CAN,0,1,11065,0,0.0
1778951591.0707114,3650.0,11222,-43.0,1,-,0,0,0,0,0.0,-,0,0,0,0,0.0,ECU,0,1,11333,230,210.0,FAN1,0,0,0,0,0.0,COILS,1,1,11268,0,0.0,PUMP,0,1,11213,3460,3434.0,INJECTOR,1,1,11186,0,0.0,SERVO,1,1,11169,10,6.0,ADD 1,0,1,11240,0,0.0,ADD 2,0,1,11246,0,0.0,ADD 3,0,1,11295,0,0.0,ADD 4,0,1,11322,0,0.0,ADD 5,0,0,0,0,0.0,ADD 6,0,1,11333,0,0.0,ADD 7,0,0,0,0,0.0,EGT2CAN,0,1,11065,0,0.0
1778951591.12245,3650.0,11222,-43.0,1,-,0,0,0,0,0.0,-,0,0,0,0,0.0,ECU,0,1,11683,230,210.0,FAN1,0,0,0,0,0.0,COILS,1,1,11503,0,0.0,PUMP,0,1,11492,3460,3434.0,INJECTOR,1,1,11590,0,0.0,SERVO,1,1,11596,10,6.0,ADD 1,0,1,11333,0,0.0,ADD 2,0,1,11361,0,0.0,ADD 3,0,1,11437,0,0.0,ADD 4,0,1,11344,0,0.0,ADD 5,0,0,0,0,0.0,ADD 6,0,1,11333,0,0.0,ADD 7,0,0,0,0,0.0,EGT2CAN,0,1,11065,0,0.0
1778951591.1732428,3692.6,11835,-43.0,1,-,0,0,0,0,0.0,-,0,0,0,0,0.0,ECU,0,1,11886,210,218.3,FAN1,0,0,0,0,0.0,COILS,1,1,11869,0,0.0,PUMP,0,1,11831,3540,3470.0,INJECTOR,1,1,11902,0,0.0,SERVO,1,1,11837,0,4.3,ADD 1,0,1,11930,0,0.0,ADD 2,0,1,11902,0,0.0,ADD 3,0,1,11831,0,0.0,ADD 4,0,1,11765,0,0.0,ADD 5,0,0,0,0,0.0,ADD 6,0,1,11787,0,0.0,ADD 7,0,0,0,0,0.0,EGT2CAN,0,1,11793,0,0.0
1778951591.22482,3692.6,11835,-43.0,1,-,0,0,0,0,0.0,-,0,0,0,0,0.0,ECU,0,1,11886,210,218.3,FAN1,0,0,0,0,0.0,COILS,1,1,11869,0,0.0,PUMP,0,1,11831,3540,3470.0,INJECTOR,1,1,11902,0,0.0,SERVO,1,1,11837,0,4.3,ADD 1,0,1,11930,0,0.0,ADD 2,0,1,11902,0,0.0,ADD 3,0,1,11831,0,0.0,ADD 4,0,1,11765,0,0.0,ADD 5,0,0,0,0,0.0,ADD 6,0,1,11787,0,0.0,ADD 7,0,0,0,0,0.0,EGT2CAN,0,1,11793,0,0.0
1778951591.2770793,3692.6,11835,-43.0,1,-,0,0,0,0,0.0,-,0,0,0,0,0.0,ECU,0,1,11038,210,218.3,FAN1,0,0,0,0,0.0,COILS,1,1,11098,0,0.0,PUMP,0,1,11049,3540,3470.0,INJECTOR,1,1,10896,0,0.0,SERVO,1,1,10814,0,4.3,ADD 1,0,1,11837,0,0.0,ADD 2,0,1,11869,0,0.0,ADD 3,0,1,11897,0,0.0,ADD 4,0,1,11809,0,0.0,ADD 5,0,0,0,0,0.0,ADD 6,0,1,11787,0,0.0,ADD 7,0,0,0,0,0.0,EGT2CAN,0,1,11793,0,0.0
1778951591.3282626,3701.7,11426,-43.0,1,-,0,0,0,0,0.0,-,0,0,0,0,0.0,ECU,0,1,11437,210,208.3,FAN1,0,0,0,0,0.0,COILS,1,1,11541,0,0.0,PUMP,0,1,11503,3530,3451.7,INJECTOR,1,1,11394,0,38.3,SERVO,1,1,11361,10,3.3,ADD 1,0,1,11268,0,0.0,ADD 2,0,1,11262,0,0.0,ADD 3,0,1,11257,0,0.0,ADD 4,0,1,11202,0,0.0,ADD 5,0,0,0,0,0.0,ADD 6,0,1,11197,0,0.0,ADD 7,0,0,0,0,0.0,EGT2CAN,0,1,11301,0,0.0
1778951591.3803456,3701.7,11426,-43.0,1,-,0,0,0,0,0.0,-,0,0,0,0,0.0,ECU,0,1,11437,210,208.3,FAN1,0,0,0,0,0.0,COILS,1,1,11541,0,0.0,PUMP,0,1,11503,3530,3451.7,INJECTOR,1,1,11394,0,38.3,SERVO,1,1,11361,10,3.3,ADD 1,0,1,11268,0,0.0,ADD 2,0,1,11262,0,0.0,ADD 3,0,1,11257,0,0.0,ADD 4,0,1,11202,0,0.0,ADD 5,0,0,0,0,0.0,ADD 6,0,1,11197,0,0.0,ADD 7,0,0,0,0,0.0,EGT2CAN,0,1,11301,0,0.0
1778951591.430929,3705.8,11426,-43.0,1,-,0,0,0,0,0.0,-,0,0,0,0,0.0,ECU,0,1,11683,230,212.5,FAN1,0,0,0,0,0.0,COILS,1,1,11705,0,0.0,PUMP,0,1,11645,3530,3451.7,INJECTOR,1,1,11585,0,38.3,SERVO,1,1,11634,10,3.3,ADD 1,0,1,11771,0,0.0,ADD 2,0,1,11793,0,0.0,ADD 3,0,1,11640,0,0.0,ADD 4,0,1,11590,0,0.0,ADD 5,0,0,0,0,0.0,ADD 6,0,1,11755,0,0.0,ADD 7,0,0,0,0,0.0,EGT2CAN,0,1,11755,0,0.0
1778951591.4818244,3690.0,11829,-43.0,1,-,0,0,0,0,0.0,-,0,0,0,0,0.0,ECU,0,1,11765,170,201.7,FAN1,0,0,0,0,0.0,COILS,1,1,11776,0,0.0,PUMP,0,1,11727,3540,3445.0,INJECTOR,1,1,11765,0,38.3,SERVO,1,1,11848,0,5.0,ADD 1,0,1,11858,0,0.0,ADD 2,0,1,11930,0,0.0,ADD 3,0,1,11848,0,0.0,ADD 4,0,1,11755,0,0.0,ADD 5,0,0,0,0,0.0,ADD 6,0,1,11672,0,0.0,ADD 7,0,0,0,0,0.0,EGT2CAN,0,1,11782,0,0.0
1778951591.535972,4077.5,11829,-43.0,1,-,0,0,0,0,0.0,-,0,0,0,0,0.0,ECU,0,1,11481,810,350.0,FAN1,0,0,0,0,0.0,COILS,0,1,11443,70,17.5,PUMP,0,1,11404,4190,3702.5,INJECTOR,1,1,11421,0,0.0,SERVO,0,1,11432,20,7.5,ADD 1,0,1,11443,0,0.0,ADD 2,0,1,11448,0,0.0,ADD 3,0,1,11311,0,0.0,ADD 4,0,1,11317,0,0.0,ADD 5,0,0,0,0,0.0,ADD 6,0,1,11525,0,0.0,ADD 7,0,0,0,0,0.0,EGT2CAN,0,1,11421,0,0.0
1778951591.5873225,4077.5,11723,-43.0,1,-,0,0,0,0,0.0,-,0,0,0,0,0.0,ECU,0,1,11481,810,350.0,FAN1,0,0,0,0,0.0,COILS,1,1,11443,70,17.5,PUMP,0,1,11404,4190,3702.5,INJECTOR,0,1,11421,0,0.0,SERVO,1,1,11432,20,7.5,ADD 1,0,1,11443,0,0.0,ADD 2,0,1,11448,0,0.0,ADD 3,0,1,11311,0,0.0,ADD 4,0,1,11317,0,0.0,ADD 5,0,0,0,0,0.0,ADD 6,0,1,11525,0,0.0,ADD 7,0,0,0,0,0.0,EGT2CAN,0,1,11421,0,0.0
1778951591.6377892,4075.0,12336,-43.0,1,-,0,0,0,0,0.0,-,0,0,0,0,0.0,ECU,0,1,12302,150,288.3,FAN1,0,0,0,0,0.0,COILS,1,1,12285,0,11.7,PUMP,0,1,12285,3590,3670.0,INJECTOR,1,1,12219,0,100.0,SERVO,1,1,12312,0,5.0,ADD 1,0,1,12329,0,0.0,ADD 2,0,1,12285,0,0.0,ADD 3,0,1,12280,0,0.0,ADD 4,0,1,12219,0,0.0,ADD 5,0,0,0,0,0.0,ADD 6,0,1,12307,0,0.0,ADD 7,0,0,0,0,0.0,EGT2CAN,0,1,12345,0,0.0
1778951591.6889296,4140.0,12336,-43.0,1,-,0,0,0,0,0.0,-,0,0,0,0,0.0,ECU,0,1,12263,150,292.0,FAN1,0,0,0,0,0.0,COILS,1,1,12367,0,14.0,PUMP,0,1,12378,3610,3710.0,INJECTOR,1,1,12356,0,120.0,SERVO,1,1,12312,0,4.0,ADD 1,0,1,12455,0,0.0,ADD 2,0,1,12455,0,0.0,ADD 3,0,1,12416,0,0.0,ADD 4,0,1,12241,0,0.0,ADD 5,0,0,0,0,0.0,ADD 6,0,1,12373,0,0.0,ADD 7,0,0,0,0,0.0,EGT2CAN,0,1,12356,0,0.0
1778951591.740682,4140.0,12287,-43.0,1,-,0,0,0,0,0.0,-,0,0,0,0,0.0,ECU,0,1,12263,150,292.0,FAN1,0,0,0,0,0.0,COILS,1,1,12367,0,14.0,PUMP,0,1,12378,3610,3710.0,INJECTOR,1,1,12356,0,120.0,SERVO,1,1,12312,0,4.0,ADD 1,0,1,12455,0,0.0,ADD 2,0,1,12455,0,0.0,ADD 3,0,1,12416,0,0.0,ADD 4,0,1,12241,0,0.0,ADD 5,0,0,0,0,0.0,ADD 6,0,1,12373,0,0.0,ADD 7,0,0,0,0,0.0,EGT2CAN,0,1,12356,0,0.0
1778951591.7918677,3884.0,12342,-43.0,1,-,0,0,0,0,0.0,-,0,0,0,0,0.0,ECU,0,1,12340,170,160.0,FAN1,0,0,0,0,0.0,COILS,1,1,12367,0,0.0,PUMP,0,1,12384,3630,3604.0,INJECTOR,1,1,12367,0,120.0,SERVO,1,1,12340,0,0.0,ADD 1,0,1,12395,0,0.0,ADD 2,0,1,12378,0,0.0,ADD 3,0,1,12302,0,0.0,ADD 4,0,1,12198,0,0.0,ADD 5,0,0,0,0,0.0,ADD 6,0,1,12378,0,0.0,ADD 7,0,0,0,0,0.0,EGT2CAN,0,1,12351,0,0.0
1778951591.8450058,3755.0,12305,-44.0,1,-,0,0,0,0,0.0,-,0,0,0,0,0.0,ECU,0,1,12230,160,157.5,FAN1,0,0,0,0,0.0,COILS,1,1,12367,0,0.0,PUMP,0,1,12400,3580,3597.5,INJECTOR,1,1,12389,0,0.0,SERVO,1,1,12252,0,0.0,ADD 1,0,1,12362,0,0.0,ADD 2,0,1,12384,0,0.0,ADD 3,0,1,12323,0,0.0,ADD 4,0,1,12241,0,0.0,ADD 5,0,0,0,0,0.0,ADD 6,0,1,12400,0,0.0,ADD 7,0,0,0,0,0.0,EGT2CAN,0,1,12384,0,0.0
1778951591.901698,3755.0,12305,-44.0,1,-,0,0,0,0,0.0,-,0,0,0,0,0.0,ECU,0,1,12263,160,157.5,FAN1,0,0,0,0,0.0,COILS,1,1,12367,0,0.0,PUMP,0,1,12400,3580,3597.5,INJECTOR,1,1,12389,0,0.0,SERVO,1,1,12252,0,0.0,ADD 1,0,1,12362,0,0.0,ADD 2,0,1,12384,0,0.0,ADD 3,0,1,12323,0,0.0,ADD 4,0,1,12241,0,0.0,ADD 5,0,0,0,0,0.0,ADD 6,0,1,12400,0,0.0,ADD 7,0,0,0,0,0.0,EGT2CAN,0,1,12384,0,0.0
1778951591.955418,3748.0,12311,-44.0,1,-,0,0,0,0,0.0,-,0,0,0,0,0.0,ECU,0,1,12362,150,156.0,FAN1,0,0,0,0,0.0,COILS,1,1,12329,0,0.0,PUMP,0,1,12334,3630,3592.0,INJECTOR,1,1,12351,0,0.0,SERVO,1,1,12334,0,0.0,ADD 1,0,1,12356,0,0.0,ADD 2,0,1,12373,0,0.0,ADD 3,0,1,12334,0,0.0,ADD 4,0,1,12312,0,0.0,ADD 5,0,0,0,0,0.0,ADD 6,0,1,12329,0,0.0,ADD 7,0,0,0,0,0.0,EGT2CAN,0,1,12345,0,0.0
1778951592.01145,3748.3,12355,-44.0,1,-,0,0,0,0,0.0,-,0,0,0,0,0.0,ECU,0,1,12400,180,160.0,FAN1,0,0,0,0,0.0,COILS,1,1,12367,0,0.0,PUMP,0,1,12334,3570,3588.3,INJECTOR,1,1,12312,0,0.0,SERVO,1,1,12258,0,0.0,ADD 1,0,1,12351,0,0.0,ADD 2,0,1,12395,0,0.0,ADD 3,0,1,12384,0,0.0,ADD 4,0,1,12280,0,0.0,ADD 5,0,0,0,0,0.0,ADD 6,0,1,12334,0,0.0,ADD 7,0,0,0,0,0.0,EGT2CAN,0,1,12334,0,0.0
1778951592.0623426,3748.3,12355,-44.0,1,-,0,0,0,0,0.0,-,0,0,0,0,0.0,ECU,0,1,12367,180,160.0,FAN1,0,0,0,0,0.0,COILS,1,1,12345,0,0.0,PUMP,0,1,12280,3570,3588.3,INJECTOR,1,1,12296,0,0.0,SERVO,1,1,12323,0,0.0,ADD 1,0,1,12351,0,0.0,ADD 2,0,1,12395,0,0.0,ADD 3,0,1,12384,0,0.0,ADD 4,0,1,12280,0,0.0,ADD 5,0,0,0,0,0.0,ADD 6,0,1,12334,0,0.0,ADD 7,0,0,0,0,0.0,EGT2CAN,0,1,12334,0,0.0
1778951592.1129553,3726.7,12386,-44.0,1,-,0,0,0,0,0.0,-,0,0,0,0,0.0,ECU,0,1,12411,150,156.7,FAN1,0,0,0,0,0.0,COILS,1,1,12263,0,0.0,PUMP,0,1,12258,3570,3570.0,INJECTOR,1,1,12378,0,0.0,SERVO,1,1,12345,0,0.0,ADD 1,0,1,12356,0,0.0,ADD 2,0,1,12296,0,0.0,ADD 3,0,1,12176,0,0.0,ADD 4,0,1,12121,0,0.0,ADD 5,0,0,0,0,0.0,ADD 6,0,1,12269,0,0.0,ADD 7,0,0,0,0,0.0,EGT2CAN,0,1,12285,0,0.0
1778951592.1672676,3726.7,12361,-44.0,1,-,0,0,0,0,0.0,-,0,0,0,0,0.0,ECU,0,1,12411,150,156.7,FAN1,0,0,0,0,0.0,COILS,1,1,12263,0,0.0,PUMP,0,1,12258,3570,3570.0,INJECTOR,1,1,12378,0,0.0,SERVO,1,1,12345,0,0.0,ADD 1,0,1,12356,0,0.0,ADD 2,0,1,12296,0,0.0,ADD 3,0,1,12176,0,0.0,ADD 4,0,1,12121,0,0.0,ADD 5,0,0,0,0,0.0,ADD 6,0,1,12269,0,0.0,ADD 7,0,0,0,0,0.0,EGT2CAN,0,1,12285,0,0.0
1778951592.2183912,3727.5,12361,-44.0,1,-,0,0,0,0,0.0,-,0,0,0,0,0.0,ECU,0,1,12334,170,157.5,FAN1,0,0,0,0,0.0,COILS,1,1,12345,0,0.0,PUMP,0,1,12378,3570,3570.0,INJECTOR,1,1,12263,0,0.0,SERVO,1,1,12296,0,0.0,ADD 1,0,1,12356,0,0.0,ADD 2,0,1,12367,0,0.0,ADD 3,0,1,12362,0,0.0,ADD 4,0,1,12400,0,0.0,ADD 5,0,0,0,0,0.0,ADD 6,0,1,12422,0,0.0,ADD 7,0,0,0,0,0.0,EGT2CAN,0,1,12312,0,0.0
1778951592.2694752,3717.5,12342,-45.0,1,-,0,0,0,0,0.0,-,0,0,0,0,0.0,ECU,0,1,12334,170,157.5,FAN1,0,0,0,0,0.0,COILS,1,1,12345,0,0.0,PUMP,0,1,12378,3570,3560.0,INJECTOR,1,1,12263,0,0.0,SERVO,1,1,12296,0,0.0,ADD 1,0,1,12356,0,0.0,ADD 2,0,1,12367,0,0.0,ADD 3,0,1,12362,0,0.0,ADD 4,0,1,12400,0,0.0,ADD 5,0,0,0,0,0.0,ADD 6,0,1,12422,0,0.0,ADD 7,0,0,0,0,0.0,EGT2CAN,0,1,12312,0,0.0
1778951592.3243086,3732.0,12367,-43.0,1,-,0,0,0,0,0.0,-,0,0,0,0,0.0,ECU,0,1,12121,150,160.0,FAN1,0,0,0,0,0.0,COILS,1,1,12121,0,0.0,PUMP,0,1,12247,3590,3572.0,INJECTOR,1,1,12455,0,0.0,SERVO,1,1,12389,0,0.0,ADD 1,0,1,12389,0,0.0,ADD 2,0,1,12422,0,0.0,ADD 3,0,1,12389,0,0.0,ADD 4,0,1,12356,0,0.0,ADD 5,0,0,0,0,0.0,ADD 6,0,1,12373,0,0.0,ADD 7,0,0,0,0,0.0,EGT2CAN,0,1,12296,0,0.0
1778951592.3753982,3732.0,12342,-43.0,1,-,0,0,0,0,0.0,-,0,0,0,0,0.0,ECU,0,1,12438,150,160.0,FAN1,0,0,0,0,0.0,COILS,1,1,12121,0,0.0,PUMP,0,1,12247,3590,3572.0,INJECTOR,1,1,12455,0,0.0,SERVO,1,1,12389,0,0.0,ADD 1,0,1,12389,0,0.0,ADD 2,0,1,12422,0,0.0,ADD 3,0,1,12389,0,0.0,ADD 4,0,1,12356,0,0.0,ADD 5,0,0,0,0,0.0,ADD 6,0,1,12373,0,0.0,ADD 7,0,0,0,0,0.0,EGT2CAN,0,1,12296,0,0.0
1778951592.4263718,3736.5,12342,-43.0,1,-,0,0,0,0,0.0,-,0,0,0,0,0.0,ECU,0,1,12438,170,162.5,FAN1,0,0,0,0,0.0,COILS,1,1,12384,0,0.0,PUMP,0,1,12422,3580,3574.0,INJECTOR,1,1,12433,0,0.0,SERVO,1,1,12405,0,0.0,ADD 1,0,1,12395,0,0.0,ADD 2,0,1,12466,0,0.0,ADD 3,0,1,12378,0,0.0,ADD 4,0,1,12351,0,0.0,ADD 5,0,0,0,0,0.0,ADD 6,0,1,12340,0,0.0,ADD 7,0,0,0,0,0.0,EGT2CAN,0,1,12219,0,0.0
1778951592.4773192,2631.7,12528,-43.0,1,-,0,0,0,0,0.0,-,0,0,0,0,0.0,ECU,0,1,12597,280,248.3,FAN1,0,0,0,0,0.0,COILS,1,1,12586,0,0.0,PUMP,0,0,0,0,2383.3,INJECTOR,1,1,12471,0,0.0,SERVO,1,1,12520,0,0.0,ADD 1,0,1,12575,0,0.0,ADD 2,0,1,12602,0,0.0,ADD 3,0,1,12537,0,0.0,ADD 4,0,1,12493,0,0.0,ADD 5,0,0,0,0,0.0,ADD 6,0,1,12553,0,0.0,ADD 7,0,0,0,0,0.0,EGT2CAN,0,1,12581,0,0.0
1778951592.5284846,2631.7,12528,-43.0,1,-,0,0,0,0,0.0,-,0,0,0,0,0.0,ECU,0,1,12597,280,248.3,FAN1,0,0,0,0,0.0,COILS,1,1,12586,0,0.0,PUMP,0,0,0,0,2383.3,INJECTOR,1,1,12471,0,0.0,SERVO,1,1,12520,0,0.0,ADD 1,0,1,12575,0,0.0,ADD 2,0,1,12602,0,0.0,ADD 3,0,1,12537,0,0.0,ADD 4,0,1,12493,0,0.0,ADD 5,0,0,0,0,0.0,ADD 6,0,1,12553,0,0.0,ADD 7,0,0,0,0,0.0,EGT2CAN,0,1,12581,0,0.0
1778951592.5899394,2631.7,12528,-43.0,1,-,0,0,0,0,0.0,-,0,0,0,0,0.0,ECU,0,1,12433,280,248.3,FAN1,0,0,0,0,0.0,COILS,1,1,12608,0,0.0,PUMP,0,0,0,0,2383.3,INJECTOR,1,1,12624,0,0.0,SERVO,1,1,12471,0,0.0,ADD 1,0,1,12553,0,0.0,ADD 2,0,1,12586,0,0.0,ADD 3,0,1,12619,0,0.0,ADD 4,0,1,12553,0,0.0,ADD 5,0,0,0,0,0.0,ADD 6,0,1,12553,0,0.0,ADD 7,0,0,0,0,0.0,EGT2CAN,0,1,12581,0,0.0
1778951592.6434112,352.0,12602,-45.0,1,-,0,0,0,0,0.0,-,0,0,0,0,0.0,ECU,0,1,12493,290,352.0,FAN1,0,0,0,0,0.0,COILS,1,1,12575,0,0.0,PUMP,0,0,0,0,0.0,INJECTOR,1,1,12498,0,0.0,SERVO,1,1,12591,0,0.0,ADD 1,0,1,12597,0,0.0,ADD 2,0,1,12624,0,0.0,ADD 3,0,1,12613,0,0.0,ADD 4,0,1,12581,0,0.0,ADD 5,0,0,0,0,0.0,ADD 6,0,1,12466,0,0.0,ADD 7,0,0,0,0,0.0,EGT2CAN,0,1,12548,0,0.0
1778951592.701092,310.0,12565,-43.0,1,-,0,0,0,0,0.0,-,0,0,0,0,0.0,ECU,0,1,12630,320,310.0,FAN1,0,0,0,0,0.0,COILS,1,1,12488,0,0.0,PUMP,0,0,0,0,0.0,INJECTOR,1,1,12619,0,0.0,SERVO,1,1,12548,0,0.0,ADD 1,0,1,12581,0,0.0,ADD 2,0,1,12673,0,0.0,ADD 3,0,1,12641,0,0.0,ADD 4,0,1,12581,0,0.0,ADD 5,0,0,0,0,0.0,ADD 6,0,1,12438,0,0.0,ADD 7,0,0,0,0,0.0,EGT2CAN,0,1,12564,0,0.0
1778951592.7521243,294.0,12565,-43.0,1,-,0,0,0,0,0.0,-,0,0,0,0,0.0,ECU,0,1,12624,230,294.0,FAN1,0,0,0,0,0.0,COILS,1,1,12509,0,0.0,PUMP,0,0,0,0,0.0,INJECTOR,1,1,12635,0,0.0,SERVO,1,1,12608,0,0.0,ADD 1,0,1,12526,0,0.0,ADD 2,0,1,12586,0,0.0,ADD 3,0,1,12630,0,0.0,ADD 4,0,1,12581,0,0.0,ADD 5,0,0,0,0,0.0,ADD 6,0,1,12619,0,0.0,ADD 7,0,0,0,0,0.0,EGT2CAN,0,1,12422,0,0.0
1778951592.8029573,288.3,12571,-44.0,1,-,0,0,0,0,0.0,-,0,0,0,0,0.0,ECU,0,1,12630,260,288.3,FAN1,0,0,0,0,0.0,COILS,1,1,12586,0,0.0,PUMP,0,0,0,0,0.0,INJECTOR,1,1,12520,0,0.0,SERVO,1,1,12488,0,0.0,ADD 1,0,1,12515,0,0.0,ADD 2,0,1,12586,0,0.0,ADD 3,0,1,12613,0,0.0,ADD 4,0,1,12570,0,0.0,ADD 5,0,0,0,0,0.0,ADD 6,0,1,12608,0,0.0,ADD 7,0,0,0,0,0.0,EGT2CAN,0,1,12471,0,0.0
1778951592.85354,275.0,12571,-43.0,1,-,0,0,0,0,0.0,-,0,0,0,0,0.0,ECU,0,1,12564,240,275.0,FAN1,0,0,0,0,0.0,COILS,1,1,12635,0,0.0,PUMP,0,0,0,0,0.0,INJECTOR,1,1,12624,0,0.0,SERVO,1,1,12471,0,0.0,ADD 1,0,1,12471,0,0.0,ADD 2,0,1,12515,0,0.0,ADD 3,0,1,12602,0,0.0,ADD 4,0,1,12586,0,0.0,ADD 5,0,0,0,0,0.0,ADD 6,0,1,12624,0,0.0,ADD 7,0,0,0,0,0.0,EGT2CAN,0,1,12559,0,0.0
1778951592.9046626,256.0,12596,-45.0,1,-,0,0,0,0,0.0,-,0,0,0,0,0.0,ECU,0,1,12581,230,256.0,FAN1,0,0,0,0,0.0,COILS,1,1,12668,0,0.0,PUMP,0,0,0,0,0.0,INJECTOR,1,1,12586,0,0.0,SERVO,1,1,12542,0,0.0,ADD 1,0,1,12466,0,0.0,ADD 2,0,1,12520,0,0.0,ADD 3,0,1,12564,0,0.0,ADD 4,0,1,12575,0,0.0,ADD 5,0,0,0,0,0.0,ADD 6,0,1,12657,0,0.0,ADD 7,0,0,0,0,0.0,EGT2CAN,0,1,12553,0,0.0
1778951592.9557047,256.0,12596,-45.0,1,-,0,0,0,0,0.0,-,0,0,0,0,0.0,ECU,0,1,12608,230,256.0,FAN1,0,0,0,0,0.0,COILS,1,1,12619,0,0.0,PUMP,0,0,0,0,0.0,INJECTOR,1,1,12586,0,0.0,SERVO,1,1,12575,0,0.0,ADD 1,0,1,12520,0,0.0,ADD 2,0,1,12531,0,0.0,ADD 3,0,1,12400,0,0.0,ADD 4,0,1,12509,0,0.0,ADD 5,0,0,0,0,0.0,ADD 6,0,1,12657,0,0.0,ADD 7,0,0,0,0,0.0,EGT2CAN,0,1,12553,0,0.0
1778951593.0066931,244.0,12621,-44.0,1,-,0,0,0,0,0.0,-,0,0,0,0,0.0,ECU,0,1,12652,250,244.0,FAN1,0,0,0,0,0.0,COILS,1,1,12613,0,0.0,PUMP,0,0,0,0,0.0,INJECTOR,1,1,12537,0,0.0,SERVO,1,1,12559,0,0.0,ADD 1,0,1,12657,0,0.0,ADD 2,0,1,12673,0,0.0,ADD 3,0,1,12652,0,0.0,ADD 4,0,1,12581,0,0.0,ADD 5,0,0,0,0,0.0,ADD 6,0,1,12652,0,0.0,ADD 7,0,0,0,0,0.0,EGT2CAN,0,1,12515,0,0.0
1778951593.058144,242.5,12615,-43.0,1,-,0,0,0,0,0.0,-,0,0,0,0,0.0,ECU,0,1,12482,250,242.5,FAN1,0,0,0,0,0.0,COILS,1,1,12630,0,0.0,PUMP,0,0,0,0,0.0,INJECTOR,1,1,12619,0,0.0,SERVO,1,1,12482,0,0.0,ADD 1,0,1,12591,0,0.0,ADD 2,0,1,12657,0,0.0,ADD 3,0,1,12602,0,0.0,ADD 4,0,1,12581,0,0.0,ADD 5,0,0,0,0,0.0,ADD 6,0,1,12652,0,0.0,ADD 7,0,0,0,0,0.0,EGT2CAN,0,1,12466,0,0.0
1778951593.108501,242.5,12615,-43.0,1,-,0,0,0,0,0.0,-,0,0,0,0,0.0,ECU,0,1,12663,250,242.5,FAN1,0,0,0,0,0.0,COILS,1,1,12515,0,0.0,PUMP,0,0,0,0,0.0,INJECTOR,1,1,12646,0,0.0,SERVO,1,1,12630,0,0.0,ADD 1,0,1,12591,0,0.0,ADD 2,0,1,12641,0,0.0,ADD 3,0,1,12597,0,0.0,ADD 4,0,1,12471,0,0.0,ADD 5,0,0,0,0,0.0,ADD 6,0,1,12652,0,0.0,ADD 7,0,0,0,0,0.0,EGT2CAN,0,1,12466,0,0.0
1778951593.1642003,240.0,12602,-45.0,1,-,0,0,0,0,0.0,-,0,0,0,0,0.0,ECU,0,1,12471,230,240.0,FAN1,0,0,0,0,0.0,COILS,1,1,12613,0,0.0,PUMP,0,0,0,0,0.0,INJECTOR,1,1,12471,0,0.0,SERVO,1,1,12509,0,0.0,ADD 1,0,1,12657,0,0.0,ADD 2,0,1,12641,0,0.0,ADD 3,0,1,12613,0,0.0,ADD 4,0,1,12553,0,0.0,ADD 5,0,0,0,0,0.0,ADD 6,0,1,12559,0,0.0,ADD 7,0,0,0,0,0.0,EGT2CAN,0,1,12597,0,0.0
1778951593.2153735,240.0,12615,-43.0,1,-,0,0,0,0,0.0,-,0,0,0,0,0.0,ECU,0,1,12646,250,240.0,FAN1,0,0,0,0,0.0,COILS,1,1,12471,0,0.0,PUMP,0,0,0,0,0.0,INJECTOR,1,1,12641,0,0.0,SERVO,1,1,12570,0,0.0,ADD 1,0,1,12657,0,0.0,ADD 2,0,1,12684,0,0.0,ADD 3,0,1,12657,0,0.0,ADD 4,0,1,12581,0,0.0,ADD 5,0,0,0,0,0.0,ADD 6,0,1,12548,0,0.0,ADD 7,0,0,0,0,0.0,EGT2CAN,0,1,12630,0,0.0
1778951593.2679775,240.0,12615,-43.0,1,-,0,0,0,0,0.0,-,0,0,0,0,0.0,ECU,0,1,12575,250,240.0,FAN1,0,0,0,0,0.0,COILS,1,1,12575,0,0.0,PUMP,0,0,0,0,0.0,INJECTOR,1,1,12673,0,0.0,SERVO,1,1,12559,0,0.0,ADD 1,0,1,12619,0,0.0,ADD 2,0,1,12635,0,0.0,ADD 3,0,1,12613,0,0.0,ADD 4,0,1,12591,0,0.0,ADD 5,0,0,0,0,0.0,ADD 6,0,1,12548,0,0.0,ADD 7,0,0,0,0,0.0,EGT2CAN,0,1,12630,0,0.0
1778951593.3200886,238.3,12621,-43.0,1,-,0,0,0,0,0.0,-,0,0,0,0,0.0,ECU,0,1,12613,240,238.3,FAN1,0,0,0,0,0.0,COILS,1,1,12663,0,0.0,PUMP,0,0,0,0,0.0,INJECTOR,1,1,12488,0,0.0,SERVO,1,1,12488,0,0.0,ADD 1,0,1,12591,0,0.0,ADD 2,0,1,12663,0,0.0,ADD 3,0,1,12663,0,0.0,ADD 4,0,1,12619,0,0.0,ADD 5,0,0,0,0,0.0,ADD 6,0,1,12679,0,0.0,ADD 7,0,0,0,0,0.0,EGT2CAN,0,1,12493,0,0.0
1778951593.3714256,238.3,12621,-43.0,1,-,0,0,0,0,0.0,-,0,0,0,0,0.0,ECU,0,1,12613,240,238.3,FAN1,0,0,0,0,0.0,COILS,1,1,12663,0,0.0,PUMP,0,0,0,0,0.0,INJECTOR,1,1,12488,0,0.0,SERVO,1,1,12488,0,0.0,ADD 1,0,1,12591,0,0.0,ADD 2,0,1,12663,0,0.0,ADD 3,0,1,12663,0,0.0,ADD 4,0,1,12619,0,0.0,ADD 5,0,0,0,0,0.0,ADD 6,0,1,12679,0,0.0,ADD 7,0,0,0,0,0.0,EGT2CAN,0,1,12493,0,0.0
1778951593.4223256,238.3,12621,-43.0,1,-,0,0,0,0,0.0,-,0,0,0,0,0.0,ECU,0,1,12537,240,238.3,FAN1,0,0,0,0,0.0,COILS,1,1,12624,0,0.0,PUMP,0,0,0,0,0.0,INJECTOR,1,1,12624,0,0.0,SERVO,1,1,12509,0,0.0,ADD 1,0,1,12537,0,0.0,ADD 2,0,1,12591,0,0.0,ADD 3,0,1,12608,0,0.0,ADD 4,0,1,12635,0,0.0,ADD 5,0,0,0,0,0.0,ADD 6,0,1,12679,0,0.0,ADD 7,0,0,0,0,0.0,EGT2CAN,0,1,12493,0,0.0
1778951593.4732153,246.7,12596,-45.0,1,-,0,0,0,0,0.0,-,0,0,0,0,0.0,ECU,0,1,12602,240,246.7,FAN1,0,0,0,0,0.0,COILS,1,1,12630,0,0.0,PUMP,0,0,0,0,0.0,INJECTOR,1,1,12668,0,0.0,SERVO,1,1,12624,0,0.0,ADD 1,0,1,12548,0,0.0,ADD 2,0,1,12493,0,0.0,ADD 3,0,1,12537,0,0.0,ADD 4,0,1,12619,0,0.0,ADD 5,0,0,0,0,0.0,ADD 6,0,1,12652,0,0.0,ADD 7,0,0,0,0,0.0,EGT2CAN,0,1,12597,0,0.0
1778951593.5246446,246.7,12596,-45.0,1,-,0,0,0,0,0.0,-,0,0,0,0,0.0,ECU,0,1,12602,240,246.7,FAN1,0,0,0,0,0.0,COILS,1,1,12630,0,0.0,PUMP,0,0,0,0,0.0,INJECTOR,1,1,12668,0,0.0,SERVO,1,1,12624,0,0.0,ADD 1,0,1,12548,0,0.0,ADD 2,0,1,12493,0,0.0,ADD 3,0,1,12537,0,0.0,ADD 4,0,1,12619,0,0.0,ADD 5,0,0,0,0,0.0,ADD 6,0,1,12652,0,0.0,ADD 7,0,0,0,0,0.0,EGT2CAN,0,1,12597,0,0.0
1778951593.5752037,246.7,12596,-45.0,1,-,0,0,0,0,0.0,-,0,0,0,0,0.0,ECU,0,1,12613,240,246.7,FAN1,0,0,0,0,0.0,COILS,1,1,12673,0,0.0,PUMP,0,0,0,0,0.0,INJECTOR,1,1,12668,0,0.0,SERVO,1,1,12581,0,0.0,ADD 1,0,1,12624,0,0.0,ADD 2,0,1,12646,0,0.0,ADD 3,0,1,12657,0,0.0,ADD 4,0,1,12641,0,0.0,ADD 5,0,0,0,0,0.0,ADD 6,0,1,12652,0,0.0,ADD 7,0,0,0,0,0.0,EGT2CAN,0,1,12597,0,0.0
1778951593.6261847,248.3,12621,-43.0,1,-,0,0,0,0,0.0,-,0,0,0,0,0.0,ECU,0,1,12619,240,248.3,FAN1,0,0,0,0,0.0,COILS,1,1,12548,0,0.0,PUMP,0,0,0,0,0.0,INJECTOR,1,1,12624,0,0.0,SERVO,1,1,12657,0,0.0,ADD 1,0,1,12635,0,0.0,ADD 2,0,1,12668,0,0.0,ADD 3,0,1,12597,0,0.0,ADD 4,0,1,12548,0,0.0,ADD 5,0,0,0,0,0.0,ADD 6,0,1,12646,0,0.0,ADD 7,0,0,0,0,0.0,EGT2CAN,0,1,12581,0,0.0
1778951593.6822588,240.0,12621,-43.0,1,-,0,0,0,0,0.0,-,0,0,0,0,0.0,ECU,0,1,12548,230,240.0,FAN1,0,0,0,0,0.0,COILS,1,1,12591,0,0.0,PUMP,0,0,0,0,0.0,INJECTOR,1,1,12673,0,0.0,SERVO,1,1,12663,0,0.0,ADD 1,0,1,12673,0,0.0,ADD 2,0,1,12695,0,0.0,ADD 3,0,1,12624,0,0.0,ADD 4,0,1,12504,0,0.0,ADD 5,0,0,0,0,0.0,ADD 6,0,1,12635,0,0.0,ADD 7,0,0,0,0,0.0,EGT2CAN,0,1,12635,0,0.0
1778951593.7420928,240.0,12652,-43.0,1,-,0,0,0,0,0.0,-,0,0,0,0,0.0,ECU,0,1,12548,230,240.0,FAN1,0,0,0,0,0.0,COILS,1,1,12591,0,0.0,PUMP,0,0,0,0,0.0,INJECTOR,1,1,12673,0,0.0,SERVO,1,1,12663,0,0.0,ADD 1,0,1,12673,0,0.0,ADD 2,0,1,12695,0,0.0,ADD 3,0,1,12624,0,0.0,ADD 4,0,1,12504,0,0.0,ADD 5,0,0,0,0,0.0,ADD 6,0,1,12635,0,0.0,ADD 7,0,0,0,0,0.0,EGT2CAN,0,1,12635,0,0.0
1778951593.7928216,240.0,12646,-43.0,1,-,0,0,0,0,0.0,-,0,0,0,0,0.0,ECU,0,1,12570,250,240.0,FAN1,0,0,0,0,0.0,COILS,1,1,12581,0,0.0,PUMP,0,0,0,0,0.0,INJECTOR,1,1,12668,0,0.0,SERVO,1,1,12586,0,0.0,ADD 1,0,1,12548,0,0.0,ADD 2,0,1,12515,0,0.0,ADD 3,0,1,12575,0,0.0,ADD 4,0,1,12608,0,0.0,ADD 5,0,0,0,0,0.0,ADD 6,0,1,12668,0,0.0,ADD 7,0,0,0,0,0.0,EGT2CAN,0,1,12630,0,0.0
1778951593.8445163,237.5,12652,-43.0,1,-,0,0,0,0,0.0,-,0,0,0,0,0.0,ECU,0,1,12668,240,237.5,FAN1,0,0,0,0,0.0,COILS,1,1,12581,0,0.0,PUMP,0,0,0,0,0.0,INJECTOR,1,1,12608,0,0.0,SERVO,1,1,12635,0,0.0,ADD 1,0,1,12673,0,0.0,ADD 2,0,1,12575,0,0.0,ADD 3,0,1,12488,0,0.0,ADD 4,0,1,12559,0,0.0,ADD 5,0,0,0,0,0.0,ADD 6,0,1,12690,0,0.0,ADD 7,0,0,0,0,0.0,EGT2CAN,0,1,12630,0,0.0
1778951593.896796,237.5,12652,-43.0,1,-,0,0,0,0,0.0,-,0,0,0,0,0.0,ECU,0,1,12668,240,237.5,FAN1,0,0,0,0,0.0,COILS,1,1,12581,0,0.0,PUMP,0,0,0,0,0.0,INJECTOR,1,1,12608,0,0.0,SERVO,1,1,12635,0,0.0,ADD 1,0,1,12673,0,0.0,ADD 2,0,1,12575,0,0.0,ADD 3,0,1,12488,0,0.0,ADD 4,0,1,12559,0,0.0,ADD 5,0,0,0,0,0.0,ADD 6,0,1,12690,0,0.0,ADD 7,0,0,0,0,0.0,EGT2CAN,0,1,12630,0,0.0
1778951593.9478273,236.0,12652,-44.0,1,-,0,0,0,0,0.0,-,0,0,0,0,0.0,ECU,0,1,12668,230,236.0,FAN1,0,0,0,0,0.0,COILS,1,1,12515,0,0.0,PUMP,0,0,0,0,0.0,INJECTOR,1,1,12673,0,0.0,SERVO,1,1,12586,0,0.0,ADD 1,0,1,12619,0,0.0,ADD 2,0,1,12570,0,0.0,ADD 3,0,1,12559,0,0.0,ADD 4,0,1,12586,0,0.0,ADD 5,0,0,0,0,0.0,ADD 6,0,1,12690,0,0.0,ADD 7,0,0,0,0,0.0,EGT2CAN,0,1,12668,0,0.0
1778951594.0011916,237.5,12627,-43.0,1,-,0,0,0,0,0.0,-,0,0,0,0,0.0,ECU,0,1,12690,250,237.5,FAN1,0,0,0,0,0.0,COILS,1,1,12657,0,0.0,PUMP,0,0,0,0,0.0,INJECTOR,1,1,12646,0,0.0,SERVO,1,1,12613,0,0.0,ADD 1,0,1,12673,0,0.0,ADD 2,0,1,12695,0,0.0,ADD 3,0,1,12657,0,0.0,ADD 4,0,1,12564,0,0.0,ADD 5,0,0,0,0,0.0,ADD 6,0,1,12570,0,0.0,ADD 7,0,0,0,0,0.0,EGT2CAN,0,1,12657,0,0.0
1778951594.0526786,237.5,12627,-43.0,1,-,0,0,0,0,0.0,-,0,0,0,0,0.0,ECU,0,1,12684,250,237.5,FAN1,0,0,0,0,0.0,COILS,1,1,12657,0,0.0,PUMP,0,0,0,0,0.0,INJECTOR,1,1,12646,0,0.0,SERVO,1,1,12613,0,0.0,ADD 1,0,1,12673,0,0.0,ADD 2,0,1,12695,0,0.0,ADD 3,0,1,12657,0,0.0,ADD 4,0,1,12564,0,0.0,ADD 5,0,0,0,0,0.0,ADD 6,0,1,12570,0,0.0,ADD 7,0,0,0,0,0.0,EGT2CAN,0,1,12657,0,0.0
1778951594.103852,240.0,12615,-43.0,1,-,0,0,0,0,0.0,-,0,0,0,0,0.0,ECU,0,1,12673,230,240.0,FAN1,0,0,0,0,0.0,COILS,1,1,12690,0,0.0,PUMP,0,0,0,0,0.0,INJECTOR,1,1,12668,0,0.0,SERVO,1,1,12652,0,0.0,ADD 1,0,1,12652,0,0.0,ADD 2,0,1,12684,0,0.0,ADD 3,0,1,12684,0,0.0,ADD 4,0,1,12624,0,0.0,ADD 5,0,0,0,0,0.0,ADD 6,0,1,12586,0,0.0,ADD 7,0,0,0,0,0.0,EGT2CAN,0,1,12673,0,0.0
1778951594.162089,238.3,12652,-43.0,1,-,0,0,0,0,0.0,-,0,0,0,0,0.0,ECU,0,1,12657,230,238.3,FAN1,0,0,0,0,0.0,COILS,1,1,12684,0,0.0,PUMP,0,0,0,0,0.0,INJECTOR,1,1,12613,0,0.0,SERVO,1,1,12624,0,0.0,ADD 1,0,1,12679,0,0.0,ADD 2,0,1,12701,0,0.0,ADD 3,0,1,12679,0,0.0,ADD 4,0,1,12652,0,0.0,ADD 5,0,0,0,0,0.0,ADD 6,0,1,12526,0,0.0,ADD 7,0,0,0,0,0.0,EGT2CAN,0,1,12630,0,0.0
1778951594.2208903,238.3,12652,-43.0,1,-,0,0,0,0,0.0,-,0,0,0,0,0.0,ECU,0,1,12515,230,238.3,FAN1,0,0,0,0,0.0,COILS,1,1,12624,0,0.0,PUMP,0,0,0,0,0.0,INJECTOR,1,1,12684,0,0.0,SERVO,1,1,12668,0,0.0,ADD 1,0,1,12679,0,0.0,ADD 2,0,1,12701,0,0.0,ADD 3,0,1,12679,0,0.0,ADD 4,0,1,12652,0,0.0,ADD 5,0,0,0,0,0.0,ADD 6,0,1,12526,0,0.0,ADD 7,0,0,0,0,0.0,EGT2CAN,0,1,12630,0,0.0
1778951594.2726645,246.0,12621,-43.0,1,-,0,0,0,0,0.0,-,0,0,0,0,0.0,ECU,0,1,12652,260,246.0,FAN1,0,0,0,0,0.0,COILS,1,1,12515,0,0.0,PUMP,0,0,0,0,0.0,INJECTOR,1,1,12663,0,0.0,SERVO,1,1,12630,0,0.0,ADD 1,0,1,12695,0,0.0,ADD 2,0,1,12652,0,0.0,ADD 3,0,1,12630,0,0.0,ADD 4,0,1,12509,0,0.0,ADD 5,0,0,0,0,0.0,ADD 6,0,1,12641,0,0.0,ADD 7,0,0,0,0,0.0,EGT2CAN,0,1,12630,0,0.0
1778951594.3256965,240.0,12652,-44.0,1,-,0,0,0,0,0.0,-,0,0,0,0,0.0,ECU,0,1,12553,230,240.0,FAN1,0,0,0,0,0.0,COILS,1,1,12608,0,0.0,PUMP,0,0,0,0,0.0,INJECTOR,1,1,12619,0,0.0,SERVO,1,1,12570,0,0.0,ADD 1,0,1,12564,0,0.0,ADD 2,0,1,12515,0,0.0,ADD 3,0,1,12559,0,0.0,ADD 4,0,1,12581,0,0.0,ADD 5,0,0,0,0,0.0,ADD 6,0,1,12717,0,0.0,ADD 7,0,0,0,0,0.0,EGT2CAN,0,1,12652,0,0.0
1778951594.3774545,240.0,12652,-44.0,1,-,0,0,0,0,0.0,-,0,0,0,0,0.0,ECU,0,1,12553,230,240.0,FAN1,0,0,0,0,0.0,COILS,1,1,12608,0,0.0,PUMP,0,0,0,0,0.0,INJECTOR,1,1,12619,0,0.0,SERVO,1,1,12570,0,0.0,ADD 1,0,1,12564,0,0.0,ADD 2,0,1,12515,0,0.0,ADD 3,0,1,12559,0,0.0,ADD 4,0,1,12581,0,0.0,ADD 5,0,0,0,0,0.0,ADD 6,0,1,12717,0,0.0,ADD 7,0,0,0,0,0.0,EGT2CAN,0,1,12652,0,0.0
1778951594.4282787,240.0,12652,-44.0,1,-,0,0,0,0,0.0,-,0,0,0,0,0.0,ECU,0,1,12695,230,240.0,FAN1,0,0,0,0,0.0,COILS,1,1,12597,0,0.0,PUMP,0,0,0,0,0.0,INJECTOR,1,1,12575,0,0.0,SERVO,1,1,12602,0,0.0,ADD 1,0,1,12684,0,0.0,ADD 2,0,1,12717,0,0.0,ADD 3,0,1,12652,0,0.0,ADD 4,0,1,12652,0,0.0,ADD 5,0,0,0,0,0.0,ADD 6,0,1,12717,0,0.0,ADD 7,0,0,0,0,0.0,EGT2CAN,0,1,12652,0,0.0
1778951594.4790468,243.3,12646,-43.0,1,-,0,0,0,0,0.0,-,0,0,0,0,0.0,ECU,0,1,12493,240,243.3,FAN1,0,0,0,0,0.0,COILS,1,1,12684,0,0.0,PUMP,0,0,0,0,0.0,INJECTOR,1,1,12559,0,0.0,SERVO,1,1,12526,0,0.0,ADD 1,0,1,12646,0,0.0,ADD 2,0,1,12668,0,0.0,ADD 3,0,1,12679,0,0.0,ADD 4,0,1,12597,0,0.0,ADD 5,0,0,0,0,0.0,ADD 6,0,1,12701,0,0.0,ADD 7,0,0,0,0,0.0,EGT2CAN,0,1,12526,0,0.0
1778951594.5325599,240.0,12646,-43.0,1,-,0,0,0,0,0.0,-,0,0,0,0,0.0,ECU,0,1,12613,230,240.0,FAN1,0,0,0,0,0.0,COILS,1,1,12613,0,0.0,PUMP,0,0,0,0,0.0,INJECTOR,1,1,12695,0,0.0,SERVO,1,1,12597,0,0.0,ADD 1,0,1,12559,0,0.0,ADD 2,0,1,12581,0,0.0,ADD 3,0,1,12608,0,0.0,ADD 4,0,1,12613,0,0.0,ADD 5,0,0,0,0,0.0,ADD 6,0,1,12701,0,0.0,ADD 7,0,0,0,0,0.0,EGT2CAN,0,1,12652,0,0.0
1778951594.586838,240.0,12596,-43.0,1,-,0,0,0,0,0.0,-,0,0,0,0,0.0,ECU,0,1,12613,230,240.0,FAN1,0,0,0,0,0.0,COILS,1,1,12613,0,0.0,PUMP,0,0,0,0,0.0,INJECTOR,1,1,12695,0,0.0,SERVO,1,1,12597,0,0.0,ADD 1,0,1,12559,0,0.0,ADD 2,0,1,12581,0,0.0,ADD 3,0,1,12608,0,0.0,ADD 4,0,1,12613,0,0.0,ADD 5,0,0,0,0,0.0,ADD 6,0,1,12701,0,0.0,ADD 7,0,0,0,0,0.0,EGT2CAN,0,1,12652,0,0.0
1778951594.6373317,245.0,12658,-41.0,1,-,0,0,0,0,0.0,-,0,0,0,0,0.0,ECU,0,1,12652,250,245.0,FAN1,0,0,0,0,0.0,COILS,1,1,12695,0,0.0,PUMP,0,0,0,0,0.0,INJECTOR,1,1,12690,0,0.0,SERVO,1,1,12668,0,0.0,ADD 1,0,1,12695,0,0.0,ADD 2,0,1,12679,0,0.0,ADD 3,0,1,12663,0,0.0,ADD 4,0,1,12564,0,0.0,ADD 5,0,0,0,0,0.0,ADD 6,0,1,12630,0,0.0,ADD 7,0,0,0,0,0.0,EGT2CAN,0,1,12695,0,0.0
1778951594.688119,242.5,12658,-41.0,1,-,0,0,0,0,0.0,-,0,0,0,0,0.0,ECU,0,1,12613,240,242.5,FAN1,0,0,0,0,0.0,COILS,1,1,12706,0,0.0,PUMP,0,0,0,0,0.0,INJECTOR,1,1,12652,0,0.0,SERVO,1,1,12684,0,0.0,ADD 1,0,1,12624,0,0.0,ADD 2,0,1,12701,0,0.0,ADD 3,0,1,12695,0,0.0,ADD 4,0,1,12657,0,0.0,ADD 5,0,0,0,0,0.0,ADD 6,0,1,12619,0,0.0,ADD 7,0,0,0,0,0.0,EGT2CAN,0,1,12581,0,0.0
1778951594.7390556,242.5,12677,-44.0,1,-,0,0,0,0,0.0,-,0,0,0,0,0.0,ECU,0,1,12613,240,242.5,FAN1,0,0,0,0,0.0,COILS,1,1,12706,0,0.0,PUMP,0,0,0,0,0.0,INJECTOR,1,1,12652,0,0.0,SERVO,1,1,12684,0,0.0,ADD 1,0,1,12624,0,0.0,ADD 2,0,1,12701,0,0.0,ADD 3,0,1,12695,0,0.0,ADD 4,0,1,12657,0,0.0,ADD 5,0,0,0,0,0.0,ADD 6,0,1,12619,0,0.0,ADD 7,0,0,0,0,0.0,EGT2CAN,0,1,12581,0,0.0
1778951594.7972927,244.0,12763,-44.0,1,-,0,0,0,0,0.0,-,0,0,0,0,0.0,ECU,0,1,12559,250,244.0,FAN1,0,0,0,0,0.0,COILS,1,1,12690,0,0.0,PUMP,0,0,0,0,0.0,INJECTOR,1,1,12679,0,0.0,SERVO,1,1,12684,0,0.0,ADD 1,0,1,12701,0,0.0,ADD 2,0,1,12695,0,0.0,ADD 3,0,1,12630,0,0.0,ADD 4,0,1,12570,0,0.0,ADD 5,0,0,0,0,0.0,ADD 6,0,1,12668,0,0.0,ADD 7,0,0,0,0,0.0,EGT2CAN,0,1,12663,0,0.0
1778951594.8485131,246.0,12683,-43.0,1,-,0,0,0,0,0.0,-,0,0,0,0,0.0,ECU,0,1,12668,260,246.0,FAN1,0,0,0,0,0.0,COILS,1,1,12575,0,0.0,PUMP,0,0,0,0,0.0,INJECTOR,1,1,12717,0,0.0,SERVO,1,1,12663,0,0.0,ADD 1,0,1,12706,0,0.0,ADD 2,0,1,12673,0,0.0,ADD 3,0,1,12635,0,0.0,ADD 4,0,1,12641,0,0.0,ADD 5,0,0,0,0,0.0,ADD 6,0,1,12613,0,0.0,ADD 7,0,0,0,0,0.0,EGT2CAN,0,1,12641,0,0.0
1778951594.8991652,246.0,12683,-43.0,1,-,0,0,0,0,0.0,-,0,0,0,0,0.0,ECU,0,1,12630,260,246.0,FAN1,0,0,0,0,0.0,COILS,1,1,12575,0,0.0,PUMP,0,0,0,0,0.0,INJECTOR,1,1,12717,0,0.0,SERVO,1,1,12663,0,0.0,ADD 1,0,1,12706,0,0.0,ADD 2,0,1,12673,0,0.0,ADD 3,0,1,12635,0,0.0,ADD 4,0,1,12641,0,0.0,ADD 5,0,0,0,0,0.0,ADD 6,0,1,12613,0,0.0,ADD 7,0,0,0,0,0.0,EGT2CAN,0,1,12641,0,0.0
1778951594.95019,246.0,12677,-44.0,1,-,0,0,0,0,0.0,-,0,0,0,0,0.0,ECU,0,1,12695,240,246.0,FAN1,0,0,0,0,0.0,COILS,1,1,12663,0,0.0,PUMP,0,0,0,0,0.0,INJECTOR,1,1,12575,0,0.0,SERVO,1,1,12613,0,0.0,ADD 1,0,1,12673,0,0.0,ADD 2,0,1,12684,0,0.0,ADD 3,0,1,12657,0,0.0,ADD 4,0,1,12630,0,0.0,ADD 5,0,0,0,0,0.0,ADD 6,0,1,12635,0,0.0,ADD 7,0,0,0,0,0.0,EGT2CAN,0,1,12537,0,0.0
1778951595.0171044,250.0,12677,-44.0,1,-,0,0,0,0,0.0,-,0,0,0,0,0.0,ECU,0,1,12559,250,250.0,FAN1,0,0,0,0,0.0,COILS,1,1,12679,0,0.0,PUMP,0,0,0,0,0.0,INJECTOR,1,1,12581,0,0.0,SERVO,1,1,12526,0,0.0,ADD 1,0,1,12635,0,0.0,ADD 2,0,1,12712,0,0.0,ADD 3,0,1,12663,0,0.0,ADD 4,0,1,12641,0,0.0,ADD 5,0,0,0,0,0.0,ADD 6,0,1,12734,0,0.0,ADD 7,0,0,0,0,0.0,EGT2CAN,0,1,12471,0,0.0
1778951595.068068,244.0,12646,-43.0,1,-,0,0,0,0,0.0,-,0,0,0,0,0.0,ECU,0,1,12652,230,244.0,FAN1,0,0,0,0,0.0,COILS,1,1,12695,0,0.0,PUMP,0,0,0,0,0.0,INJECTOR,1,1,12663,0,0.0,SERVO,1,1,12619,0,0.0,ADD 1,0,1,12575,0,0.0,ADD 2,0,1,12630,0,0.0,ADD 3,0,1,12652,0,0.0,ADD 4,0,1,12668,0,0.0,ADD 5,0,0,0,0,0.0,ADD 6,0,1,12728,0,0.0,ADD 7,0,0,0,0,0.0,EGT2CAN,0,1,12657,0,0.0
1778951595.1190982,244.0,12646,-43.0,1,-,0,0,0,0,0.0,-,0,0,0,0,0.0,ECU,0,1,12652,230,244.0,FAN1,0,0,0,0,0.0,COILS,1,1,12695,0,0.0,PUMP,0,0,0,0,0.0,INJECTOR,1,1,12663,0,0.0,SERVO,1,1,12619,0,0.0,ADD 1,0,1,12575,0,0.0,ADD 2,0,1,12630,0,0.0,ADD 3,0,1,12652,0,0.0,ADD 4,0,1,12668,0,0.0,ADD 5,0,0,0,0,0.0,ADD 6,0,1,12728,0,0.0,ADD 7,0,0,0,0,0.0,EGT2CAN,0,1,12657,0,0.0
1778951595.1702595,244.0,12646,-43.0,1,-,0,0,0,0,0.0,-,0,0,0,0,0.0,ECU,0,1,12630,230,244.0,FAN1,0,0,0,0,0.0,COILS,1,1,12712,0,0.0,PUMP,0,0,0,0,0.0,INJECTOR,1,1,12695,0,0.0,SERVO,1,1,12630,0,0.0,ADD 1,0,1,12657,0,0.0,ADD 2,0,1,12591,0,0.0,ADD 3,0,1,12597,0,0.0,ADD 4,0,1,12591,0,0.0,ADD 5,0,0,0,0,0.0,ADD 6,0,1,12728,0,0.0,ADD 7,0,0,0,0,0.0,EGT2CAN,0,1,12657,0,0.0
1778951595.22107,238.0,12670,-44.0,1,-,0,0,0,0,0.0,-,0,0,0,0,0.0,ECU,0,1,12597,240,238.0,FAN1,0,0,0,0,0.0,COILS,1,1,12695,0,0.0,PUMP,0,0,0,0,0.0,INJECTOR,1,1,12690,0,0.0,SERVO,1,1,12657,0,0.0,ADD 1,0,1,12695,0,0.0,ADD 2,0,1,12630,0,0.0,ADD 3,0,1,12586,0,0.0,ADD 4,0,1,12548,0,0.0,ADD 5,0,0,0,0,0.0,ADD 6,0,1,12723,0,0.0,ADD 7,0,0,0,0,0.0,EGT2CAN,0,1,12668,0,0.0
1778951595.2743552,238.0,12670,-44.0,1,-,0,0,0,0,0.0,-,0,0,0,0,0.0,ECU,0,1,12597,240,238.0,FAN1,0,0,0,0,0.0,COILS,1,1,12695,0,0.0,PUMP,0,0,0,0,0.0,INJECTOR,1,1,12690,0,0.0,SERVO,1,1,12657,0,0.0,ADD 1,0,1,12695,0,0.0,ADD 2,0,1,12630,0,0.0,ADD 3,0,1,12586,0,0.0,ADD 4,0,1,12548,0,0.0,ADD 5,0,0,0,0,0.0,ADD 6,0,1,12723,0,0.0,ADD 7,0,0,0,0,0.0,EGT2CAN,0,1,12668,0,0.0
1778951595.3250306,235.0,12670,-44.0,1,-,0,0,0,0,0.0,-,0,0,0,0,0.0,ECU,0,1,12657,230,235.0,FAN1,0,0,0,0,0.0,COILS,1,1,12570,0,0.0,PUMP,0,0,0,0,0.0,INJECTOR,1,1,12652,0,0.0,SERVO,1,1,12673,0,0.0,ADD 1,0,1,12668,0,0.0,ADD 2,0,1,12684,0,0.0,ADD 3,0,1,12559,0,0.0,ADD 4,0,1,12586,0,0.0,ADD 5,0,0,0,0,0.0,ADD 6,0,1,12734,0,0.0,ADD 7,0,0,0,0,0.0,EGT2CAN,0,1,12641,0,0.0
1778951595.3760796,238.3,12646,-44.0,1,-,0,0,0,0,0.0,-,0,0,0,0,0.0,ECU,0,1,12673,250,238.3,FAN1,0,0,0,0,0.0,COILS,1,1,12608,0,0.0,PUMP,0,0,0,0,0.0,INJECTOR,1,1,12608,0,0.0,SERVO,1,1,12630,0,0.0,ADD 1,0,1,12701,0,0.0,ADD 2,0,1,12684,0,0.0,ADD 3,0,1,12717,0,0.0,ADD 4,0,1,12679,0,0.0,ADD 5,0,0,0,0,0.0,ADD 6,0,1,12559,0,0.0,ADD 7,0,0,0,0,0.0,EGT2CAN,0,1,12673,0,0.0
1778951595.4272833,238.3,12646,-44.0,1,-,0,0,0,0,0.0,-,0,0,0,0,0.0,ECU,0,1,12673,250,238.3,FAN1,0,0,0,0,0.0,COILS,1,1,12608,0,0.0,PUMP,0,0,0,0,0.0,INJECTOR,1,1,12608,0,0.0,SERVO,1,1,12630,0,0.0,ADD 1,0,1,12701,0,0.0,ADD 2,0,1,12684,0,0.0,ADD 3,0,1,12717,0,0.0,ADD 4,0,1,12679,0,0.0,ADD 5,0,0,0,0,0.0,ADD 6,0,1,12559,0,0.0,ADD 7,0,0,0,0,0.0,EGT2CAN,0,1,12673,0,0.0
1778951595.4779792,238.3,12646,-44.0,1,-,0,0,0,0,0.0,-,0,0,0,0,0.0,ECU,0,1,12657,250,238.3,FAN1,0,0,0,0,0.0,COILS,1,1,12586,0,0.0,PUMP,0,0,0,0,0.0,INJECTOR,1,1,12668,0,0.0,SERVO,1,1,12613,0,0.0,ADD 1,0,1,12690,0,0.0,ADD 2,0,1,12717,0,0.0,ADD 3,0,1,12701,0,0.0,ADD 4,0,1,12619,0,0.0,ADD 5,0,0,0,0,0.0,ADD 6,0,1,12641,0,0.0,ADD 7,0,0,0,0,0.0,EGT2CAN,0,1,12652,0,0.0
1778951595.529141,240.0,12695,-43.0,1,-,0,0,0,0,0.0,-,0,0,0,0,0.0,ECU,0,1,12679,240,240.0,FAN1,0,0,0,0,0.0,COILS,1,1,12712,0,0.0,PUMP,0,0,0,0,0.0,INJECTOR,1,1,12548,0,0.0,SERVO,1,1,12559,0,0.0,ADD 1,0,1,12652,0,0.0,ADD 2,0,1,12559,0,0.0,ADD 3,0,1,12559,0,0.0,ADD 4,0,1,12608,0,0.0,ADD 5,0,0,0,0,0.0,ADD 6,0,1,12739,0,0.0,ADD 7,0,0,0,0,0.0,EGT2CAN,0,1,12668,0,0.0
1778951595.5801136,244.0,12695,-43.0,1,-,0,0,0,0,0.0,-,0,0,0,0,0.0,ECU,0,1,12723,250,244.0,FAN1,0,0,0,0,0.0,COILS,1,1,12668,0,0.0,PUMP,0,0,0,0,0.0,INJECTOR,1,1,12657,0,0.0,SERVO,1,1,12657,0,0.0,ADD 1,0,1,12695,0,0.0,ADD 2,0,1,12728,0,0.0,ADD 3,0,1,12684,0,0.0,ADD 4,0,1,12515,0,0.0,ADD 5,0,0,0,0,0.0,ADD 6,0,1,12657,0,0.0,ADD 7,0,0,0,0,0.0,EGT2CAN,0,1,12684,0,0.0
1778951595.6307938,244.0,12695,-43.0,1,-,0,0,0,0,0.0,-,0,0,0,0,0.0,ECU,0,1,12723,250,244.0,FAN1,0,0,0,0,0.0,COILS,1,1,12668,0,0.0,PUMP,0,0,0,0,0.0,INJECTOR,1,1,12657,0,0.0,SERVO,1,1,12657,0,0.0,ADD 1,0,1,12695,0,0.0,ADD 2,0,1,12728,0,0.0,ADD 3,0,1,12684,0,0.0,ADD 4,0,1,12515,0,0.0,ADD 5,0,0,0,0,0.0,ADD 6,0,1,12657,0,0.0,ADD 7,0,0,0,0,0.0,EGT2CAN,0,1,12684,0,0.0
1778951595.6815543,241.7,12664,-44.0,1,-,0,0,0,0,0.0,-,0,0,0,0,0.0,ECU,0,1,12695,230,241.7,FAN1,0,0,0,0,0.0,COILS,1,1,12684,0,0.0,PUMP,0,0,0,0,0.0,INJECTOR,1,1,12646,0,0.0,SERVO,1,1,12679,0,0.0,ADD 1,0,1,12673,0,0.0,ADD 2,0,1,12690,0,0.0,ADD 3,0,1,12701,0,0.0,ADD 4,0,1,12630,0,0.0,ADD 5,0,0,0,0,0.0,ADD 6,0,1,12701,0,0.0,ADD 7,0,0,0,0,0.0,EGT2CAN,0,1,12581,0,0.0
1778951595.7320786,241.7,12664,-44.0,1,-,0,0,0,0,0.0,-,0,0,0,0,0.0,ECU,0,1,12695,230,241.7,FAN1,0,0,0,0,0.0,COILS,1,1,12684,0,0.0,PUMP,0,0,0,0,0.0,INJECTOR,1,1,12646,0,0.0,SERVO,1,1,12679,0,0.0,ADD 1,0,1,12673,0,0.0,ADD 2,0,1,12690,0,0.0,ADD 3,0,1,12701,0,0.0,ADD 4,0,1,12630,0,0.0,ADD 5,0,0,0,0,0.0,ADD 6,0,1,12701,0,0.0,ADD 7,0,0,0,0,0.0,EGT2CAN,0,1,12581,0,0.0
1778951595.783186,240.0,12664,-44.0,1,-,0,0,0,0,0.0,-,0,0,0,0,0.0,ECU,0,1,12619,230,240.0,FAN1,0,0,0,0,0.0,COILS,1,1,12706,0,0.0,PUMP,0,0,0,0,0.0,INJECTOR,1,1,12717,0,0.0,SERVO,1,1,12641,0,0.0,ADD 1,0,1,12684,0,0.0,ADD 2,0,1,12679,0,0.0,ADD 3,0,1,12673,0,0.0,ADD 4,0,1,12641,0,0.0,ADD 5,0,0,0,0,0.0,ADD 6,0,1,12668,0,0.0,ADD 7,0,0,0,0,0.0,EGT2CAN,0,1,12559,0,0.0
1778951595.8449655,242.0,12664,-44.0,1,-,0,0,0,0,0.0,-,0,0,0,0,0.0,ECU,0,1,12646,250,242.0,FAN1,0,0,0,0,0.0,COILS,1,1,12728,0,0.0,PUMP,0,0,0,0,0.0,INJECTOR,1,1,12537,0,0.0,SERVO,1,1,12613,0,0.0,ADD 1,0,1,12673,0,0.0,ADD 2,0,1,12684,0,0.0,ADD 3,0,1,12673,0,0.0,ADD 4,0,1,12553,0,0.0,ADD 5,0,0,0,0,0.0,ADD 6,0,1,12646,0,0.0,ADD 7,0,0,0,0,0.0,EGT2CAN,0,1,12684,0,0.0
1778951595.912803,242.0,12664,-44.0,1,-,0,0,0,0,0.0,-,0,0,0,0,0.0,ECU,0,1,12624,250,242.0,FAN1,0,0,0,0,0.0,COILS,1,1,12613,0,0.0,PUMP,0,0,0,0,0.0,INJECTOR,1,1,12652,0,0.0,SERVO,1,1,12717,0,0.0,ADD 1,0,1,12673,0,0.0,ADD 2,0,1,12684,0,0.0,ADD 3,0,1,12673,0,0.0,ADD 4,0,1,12553,0,0.0,ADD 5,0,0,0,0,0.0,ADD 6,0,1,12646,0,0.0,ADD 7,0,0,0,0,0.0,EGT2CAN,0,1,12684,0,0.0
1778951595.9630454,246.0,12689,-44.0,1,-,0,0,0,0,0.0,-,0,0,0,0,0.0,ECU,0,1,12624,260,246.0,FAN1,0,0,0,0,0.0,COILS,1,1,12630,0,0.0,PUMP,0,0,0,0,0.0,INJECTOR,1,1,12581,0,0.0,SERVO,1,1,12581,0,0.0,ADD 1,0,1,12684,0,0.0,ADD 2,0,1,12712,0,0.0,ADD 3,0,1,12723,0,0.0,ADD 4,0,1,12690,0,0.0,ADD 5,0,0,0,0,0.0,ADD 6,0,1,12608,0,0.0,ADD 7,0,0,0,0,0.0,EGT2CAN,0,1,12657,0,0.0
1778951596.0169547,246.0,12689,-44.0,1,-,0,0,0,0,0.0,-,0,0,0,0,0.0,ECU,0,1,12624,260,246.0,FAN1,0,0,0,0,0.0,COILS,1,1,12630,0,0.0,PUMP,0,0,0,0,0.0,INJECTOR,1,1,12581,0,0.0,SERVO,1,1,12581,0,0.0,ADD 1,0,1,12684,0,0.0,ADD 2,0,1,12712,0,0.0,ADD 3,0,1,12723,0,0.0,ADD 4,0,1,12690,0,0.0,ADD 5,0,0,0,0,0.0,ADD 6,0,1,12608,0,0.0,ADD 7,0,0,0,0,0.0,EGT2CAN,0,1,12657,0,0.0
1778951596.0683117,246.0,12689,-44.0,1,-,0,0,0,0,0.0,-,0,0,0,0,0.0,ECU,0,1,12728,260,246.0,FAN1,0,0,0,0,0.0,COILS,1,1,12684,0,0.0,PUMP,0,0,0,0,0.0,INJECTOR,1,1,12570,0,0.0,SERVO,1,1,12630,0,0.0,ADD 1,0,1,12717,0,0.0,ADD 2,0,1,12690,0,0.0,ADD 3,0,1,12591,0,0.0,ADD 4,0,1,12591,0,0.0,ADD 5,0,0,0,0,0.0,ADD 6,0,1,12695,0,0.0,ADD 7,0,0,0,0,0.0,EGT2CAN,0,1,12706,0,0.0
1778951596.1240075,243.3,12677,-43.0,1,-,0,0,0,0,0.0,-,0,0,0,0,0.0,ECU,0,1,12728,240,243.3,FAN1,0,0,0,0,0.0,COILS,1,1,12652,0,0.0,PUMP,0,0,0,0,0.0,INJECTOR,1,1,12684,0,0.0,SERVO,1,1,12646,0,0.0,ADD 1,0,1,12591,0,0.0,ADD 2,0,1,12679,0,0.0,ADD 3,0,1,12695,0,0.0,ADD 4,0,1,12684,0,0.0,ADD 5,0,0,0,0,0.0,ADD 6,0,1,12756,0,0.0,ADD 7,0,0,0,0,0.0,EGT2CAN,0,1,12673,0,0.0
1778951596.175038,243.3,12708,-43.0,1,-,0,0,0,0,0.0,-,0,0,0,0,0.0,ECU,0,1,12728,240,243.3,FAN1,0,0,0,0,0.0,COILS,1,1,12652,0,0.0,PUMP,0,0,0,0,0.0,INJECTOR,1,1,12684,0,0.0,SERVO,1,1,12646,0,0.0,ADD 1,0,1,12591,0,0.0,ADD 2,0,1,12679,0,0.0,ADD 3,0,1,12695,0,0.0,ADD 4,0,1,12684,0,0.0,ADD 5,0,0,0,0,0.0,ADD 6,0,1,12756,0,0.0,ADD 7,0,0,0,0,0.0,EGT2CAN,0,1,12673,0,0.0
1778951596.2262192,243.3,12708,-43.0,1,-,0,0,0,0,0.0,-,0,0,0,0,0.0,ECU,0,1,12684,240,243.3,FAN1,0,0,0,0,0.0,COILS,1,1,12695,0,0.0,PUMP,0,0,0,0,0.0,INJECTOR,1,1,12641,0,0.0,SERVO,1,1,12597,0,0.0,ADD 1,0,1,12597,0,0.0,ADD 2,0,1,12630,0,0.0,ADD 3,0,1,12701,0,0.0,ADD 4,0,1,12684,0,0.0,ADD 5,0,0,0,0,0.0,ADD 6,0,1,12734,0,0.0,ADD 7,0,0,0,0,0.0,EGT2CAN,0,1,12619,0,0.0
1778951596.2780914,247.5,12664,-43.0,1,-,0,0,0,0,0.0,-,0,0,0,0,0.0,ECU,0,1,12684,260,247.5,FAN1,0,0,0,0,0.0,COILS,1,1,12695,0,0.0,PUMP,0,0,0,0,0.0,INJECTOR,1,1,12641,0,0.0,SERVO,1,1,12597,0,0.0,ADD 1,0,1,12597,0,0.0,ADD 2,0,1,12630,0,0.0,ADD 3,0,1,12701,0,0.0,ADD 4,0,1,12684,0,0.0,ADD 5,0,0,0,0,0.0,ADD 6,0,1,12734,0,0.0,ADD 7,0,0,0,0,0.0,EGT2CAN,0,1,12619,0,0.0
1778951596.3377864,242.0,12670,-44.0,1,-,0,0,0,0,0.0,-,0,0,0,0,0.0,ECU,0,1,12646,230,242.0,FAN1,0,0,0,0,0.0,COILS,1,1,12739,0,0.0,PUMP,0,0,0,0,0.0,INJECTOR,1,1,12663,0,0.0,SERVO,1,1,12695,0,0.0,ADD 1,0,1,12673,0,0.0,ADD 2,0,1,12668,0,0.0,ADD 3,0,1,12613,0,0.0,ADD 4,0,1,12586,0,0.0,ADD 5,0,0,0,0,0.0,ADD 6,0,1,12679,0,0.0,ADD 7,0,0,0,0,0.0,EGT2CAN,0,1,12701,0,0.0
1778951596.3889203,242.0,12670,-44.0,1,-,0,0,0,0,0.0,-,0,0,0,0,0.0,ECU,0,1,12646,230,242.0,FAN1,0,0,0,0,0.0,COILS,1,1,12739,0,0.0,PUMP,0,0,0,0,0.0,INJECTOR,1,1,12663,0,0.0,SERVO,1,1,12695,0,0.0,ADD 1,0,1,12673,0,0.0,ADD 2,0,1,12668,0,0.0,ADD 3,0,1,12613,0,0.0,ADD 4,0,1,12586,0,0.0,ADD 5,0,0,0,0,0.0,ADD 6,0,1,12679,0,0.0,ADD 7,0,0,0,0,0.0,EGT2CAN,0,1,12701,0,0.0
1778951596.4398017,246.0,12670,-44.0,1,-,0,0,0,0,0.0,-,0,0,0,0,0.0,ECU,0,1,12531,260,246.0,FAN1,0,0,0,0,0.0,COILS,1,1,12668,0,0.0,PUMP,0,0,0,0,0.0,INJECTOR,1,1,12728,0,0.0,SERVO,1,1,12690,0,0.0,ADD 1,0,1,12684,0,0.0,ADD 2,0,1,12701,0,0.0,ADD 3,0,1,12657,0,0.0,ADD 4,0,1,12559,0,0.0,ADD 5,0,0,0,0,0.0,ADD 6,0,1,12706,0,0.0,ADD 7,0,0,0,0,0.0,EGT2CAN,0,1,12673,0,0.0
1778951596.4974425,248.3,12670,-44.0,1,-,0,0,0,0,0.0,-,0,0,0,0,0.0,ECU,0,1,12613,250,248.3,FAN1,0,0,0,0,0.0,COILS,1,1,12673,0,0.0,PUMP,0,0,0,0,0.0,INJECTOR,1,1,12712,0,0.0,SERVO,1,1,12717,0,0.0,ADD 1,0,1,12706,0,0.0,ADD 2,0,1,12635,0,0.0,ADD 3,0,1,12559,0,0.0,ADD 4,0,1,12635,0,0.0,ADD 5,0,0,0,0,0.0,ADD 6,0,1,12701,0,0.0,ADD 7,0,0,0,0,0.0,EGT2CAN,0,1,12734,0,0.0
1778951596.5547085,257.5,12670,-44.0,1,-,0,0,0,0,0.0,-,0,0,0,0,0.0,ECU,0,1,12684,250,257.5,FAN1,0,0,0,0,0.0,COILS,1,1,12701,0,0.0,PUMP,0,0,0,0,0.0,INJECTOR,1,1,12624,0,0.0,SERVO,1,1,12657,0,0.0,ADD 1,0,1,12690,0,0.0,ADD 2,0,1,12701,0,0.0,ADD 3,0,1,12717,0,0.0,ADD 4,0,1,12695,0,0.0,ADD 5,0,0,0,0,0.0,ADD 6,0,1,12630,0,0.0,ADD 7,0,0,0,0,0.0,EGT2CAN,0,1,12630,0,0.0
1778951596.6063576,258.3,12689,-43.0,1,-,0,0,0,0,0.0,-,0,0,0,0,0.0,ECU,0,1,12581,260,258.3,FAN1,0,0,0,0,0.0,COILS,1,1,12679,0,0.0,PUMP,0,0,0,0,0.0,INJECTOR,1,1,12635,0,0.0,SERVO,1,1,12509,0,0.0,ADD 1,0,1,12663,0,0.0,ADD 2,0,1,12717,0,0.0,ADD 3,0,1,12717,0,0.0,ADD 4,0,1,12701,0,0.0,ADD 5,0,0,0,0,0.0,ADD 6,0,1,12756,0,0.0,ADD 7,0,0,0,0,0.0,EGT2CAN,0,1,12559,0,0.0
1778951596.674385,258.3,12639,-44.0,1,-,0,0,0,0,0.0,-,0,0,0,0,0.0,ECU,0,1,12695,260,258.3,FAN1,0,0,0,0,0.0,COILS,1,1,12701,0,0.0,PUMP,0,0,0,0,0.0,INJECTOR,1,1,12684,0,0.0,SERVO,1,1,12668,0,0.0,ADD 1,0,1,12663,0,0.0,ADD 2,0,1,12717,0,0.0,ADD 3,0,1,12717,0,0.0,ADD 4,0,1,12701,0,0.0,ADD 5,0,0,0,0,0.0,ADD 6,0,1,12756,0,0.0,ADD 7,0,0,0,0,0.0,EGT2CAN,0,1,12559,0,0.0
1778951596.7283413,250.0,12639,-44.0,1,-,0,0,0,0,0.0,-,0,0,0,0,0.0,ECU,0,1,12695,230,250.0,FAN1,0,0,0,0,0.0,COILS,1,1,12701,0,0.0,PUMP,0,0,0,0,0.0,INJECTOR,1,1,12684,0,0.0,SERVO,1,1,12668,0,0.0,ADD 1,0,1,12602,0,0.0,ADD 2,0,1,12646,0,0.0,ADD 3,0,1,12630,0,0.0,ADD 4,0,1,12641,0,0.0,ADD 5,0,0,0,0,0.0,ADD 6,0,1,12706,0,0.0,ADD 7,0,0,0,0,0.0,EGT2CAN,0,1,12712,0,0.0
1778951596.7788825,244.0,12658,-43.0,1,-,0,0,0,0,0.0,-,0,0,0,0,0.0,ECU,0,1,12668,240,244.0,FAN1,0,0,0,0,0.0,COILS,1,1,12684,0,0.0,PUMP,0,0,0,0,0.0,INJECTOR,1,1,12739,0,0.0,SERVO,1,1,12652,0,0.0,ADD 1,0,1,12728,0,0.0,ADD 2,0,1,12657,0,0.0,ADD 3,0,1,12575,0,0.0,ADD 4,0,1,12635,0,0.0,ADD 5,0,0,0,0,0.0,ADD 6,0,1,12761,0,0.0,ADD 7,0,0,0,0,0.0,EGT2CAN,0,1,12695,0,0.0
1778951596.8318903,237.5,12763,-43.0,1,-,0,0,0,0,0.0,-,0,0,0,0,0.0,ECU,0,1,12673,250,237.5,FAN1,0,0,0,0,0.0,COILS,1,1,12679,0,0.0,PUMP,0,0,0,0,0.0,INJECTOR,1,1,12723,0,0.0,SERVO,1,1,12701,0,0.0,ADD 1,0,1,12613,0,0.0,ADD 2,0,1,12684,0,0.0,ADD 3,0,1,12570,0,0.0,ADD 4,0,1,12597,0,0.0,ADD 5,0,0,0,0,0.0,ADD 6,0,1,12695,0,0.0,ADD 7,0,0,0,0,0.0,EGT2CAN,0,1,12695,0,0.0
1778951596.8850436,237.5,12763,-43.0,1,-,0,0,0,0,0.0,-,0,0,0,0,0.0,ECU,0,1,12673,250,237.5,FAN1,0,0,0,0,0.0,COILS,1,1,12679,0,0.0,PUMP,0,0,0,0,0.0,INJECTOR,1,1,12723,0,0.0,SERVO,1,1,12701,0,0.0,ADD 1,0,1,12613,0,0.0,ADD 2,0,1,12684,0,0.0,ADD 3,0,1,12570,0,0.0,ADD 4,0,1,12597,0,0.0,ADD 5,0,0,0,0,0.0,ADD 6,0,1,12695,0,0.0,ADD 7,0,0,0,0,0.0,EGT2CAN,0,1,12695,0,0.0
1778951596.9545567,240.0,12689,-43.0,1,-,0,0,0,0,0.0,-,0,0,0,0,0.0,ECU,0,1,12695,240,240.0,FAN1,0,0,0,0,0.0,COILS,1,1,12581,0,0.0,PUMP,0,0,0,0,0.0,INJECTOR,1,1,12652,0,0.0,SERVO,1,1,12701,0,0.0,ADD 1,0,1,12723,0,0.0,ADD 2,0,1,12761,0,0.0,ADD 3,0,1,12673,0,0.0,ADD 4,0,1,12641,0,0.0,ADD 5,0,0,0,0,0.0,ADD 6,0,1,12646,0,0.0,ADD 7,0,0,0,0,0.0,EGT2CAN,0,1,12652,0,0.0
1778951597.0068598,242.5,12726,-43.0,1,-,0,0,0,0,0.0,-,0,0,0,0,0.0,ECU,0,1,12608,240,242.5,FAN1,0,0,0,0,0.0,COILS,1,1,12652,0,0.0,PUMP,0,0,0,0,0.0,INJECTOR,1,1,12695,0,0.0,SERVO,1,1,12553,0,0.0,ADD 1,0,1,12652,0,0.0,ADD 2,0,1,12695,0,0.0,ADD 3,0,1,12701,0,0.0,ADD 4,0,1,12679,0,0.0,ADD 5,0,0,0,0,0.0,ADD 6,0,1,12717,0,0.0,ADD 7,0,0,0,0,0.0,EGT2CAN,0,1,12608,0,0.0
1778951597.057831,242.5,12726,-43.0,1,-,0,0,0,0,0.0,-,0,0,0,0,0.0,ECU,0,1,12684,240,242.5,FAN1,0,0,0,0,0.0,COILS,1,1,12652,0,0.0,PUMP,0,0,0,0,0.0,INJECTOR,1,1,12695,0,0.0,SERVO,1,1,12553,0,0.0,ADD 1,0,1,12652,0,0.0,ADD 2,0,1,12695,0,0.0,ADD 3,0,1,12701,0,0.0,ADD 4,0,1,12679,0,0.0,ADD 5,0,0,0,0,0.0,ADD 6,0,1,12717,0,0.0,ADD 7,0,0,0,0,0.0,EGT2CAN,0,1,12608,0,0.0
1778951597.108349,240.0,12726,-45.0,1,-,0,0,0,0,0.0,-,0,0,0,0,0.0,ECU,0,1,12717,240,240.0,FAN1,0,0,0,0,0.0,COILS,1,1,12701,0,0.0,PUMP,0,0,0,0,0.0,INJECTOR,1,1,12630,0,0.0,SERVO,1,1,12701,0,0.0,ADD 1,0,1,12646,0,0.0,ADD 2,0,1,12706,0,0.0,ADD 3,0,1,12690,0,0.0,ADD 4,0,1,12712,0,0.0,ADD 5,0,0,0,0,0.0,ADD 6,0,1,12728,0,0.0,ADD 7,0,0,0,0,0.0,EGT2CAN,0,1,12559,0,0.0
1778951597.1593497,240.0,12701,-43.0,1,-,0,0,0,0,0.0,-,0,0,0,0,0.0,ECU,0,1,12646,240,240.0,FAN1,0,0,0,0,0.0,COILS,1,1,12750,0,0.0,PUMP,0,0,0,0,0.0,INJECTOR,1,1,12739,0,0.0,SERVO,1,1,12668,0,0.0,ADD 1,0,1,12564,0,0.0,ADD 2,0,1,12619,0,0.0,ADD 3,0,1,12695,0,0.0,ADD 4,0,1,12690,0,0.0,ADD 5,0,0,0,0,0.0,ADD 6,0,1,12717,0,0.0,ADD 7,0,0,0,0,0.0,EGT2CAN,0,1,12673,0,0.0
1778951597.2173917,240.0,12720,-44.0,1,-,0,0,0,0,0.0,-,0,0,0,0,0.0,ECU,0,1,12646,240,240.0,FAN1,0,0,0,0,0.0,COILS,1,1,12750,0,0.0,PUMP,0,0,0,0,0.0,INJECTOR,1,1,12739,0,0.0,SERVO,1,1,12668,0,0.0,ADD 1,0,1,12564,0,0.0,ADD 2,0,1,12619,0,0.0,ADD 3,0,1,12695,0,0.0,ADD 4,0,1,12690,0,0.0,ADD 5,0,0,0,0,0.0,ADD 6,0,1,12717,0,0.0,ADD 7,0,0,0,0,0.0,EGT2CAN,0,1,12673,0,0.0
1778951597.2723486,240.0,12701,-44.0,1,-,0,0,0,0,0.0,-,0,0,0,0,0.0,ECU,0,1,12652,230,240.0,FAN1,0,0,0,0,0.0,COILS,1,1,12717,0,0.0,PUMP,0,0,0,0,0.0,INJECTOR,1,1,12745,0,0.0,SERVO,1,1,12663,0,0.0,ADD 1,0,1,12723,0,0.0,ADD 2,0,1,12706,0,0.0,ADD 3,0,1,12695,0,0.0,ADD 4,0,1,12673,0,0.0,ADD 5,0,0,0,0,0.0,ADD 6,0,1,12684,0,0.0,ADD 7,0,0,0,0,0.0,EGT2CAN,0,1,12668,0,0.0
1778951597.341466,237.5,12695,-44.0,1,-,0,0,0,0,0.0,-,0,0,0,0,0.0,ECU,0,1,12701,230,237.5,FAN1,0,0,0,0,0.0,COILS,1,1,12761,0,0.0,PUMP,0,0,0,0,0.0,INJECTOR,1,1,12668,0,0.0,SERVO,1,1,12695,0,0.0,ADD 1,0,1,12734,0,0.0,ADD 2,0,1,12756,0,0.0,ADD 3,0,1,12728,0,0.0,ADD 4,0,1,12684,0,0.0,ADD 5,0,0,0,0,0.0,ADD 6,0,1,12613,0,0.0,ADD 7,0,0,0,0,0.0,EGT2CAN,0,1,12723,0,0.0
1778951597.3974519,237.5,12695,-44.0,1,-,0,0,0,0,0.0,-,0,0,0,0,0.0,ECU,0,1,12597,230,237.5,FAN1,0,0,0,0,0.0,COILS,1,1,12761,0,0.0,PUMP,0,0,0,0,0.0,INJECTOR,1,1,12668,0,0.0,SERVO,1,1,12695,0,0.0,ADD 1,0,1,12734,0,0.0,ADD 2,0,1,12756,0,0.0,ADD 3,0,1,12728,0,0.0,ADD 4,0,1,12684,0,0.0,ADD 5,0,0,0,0,0.0,ADD 6,0,1,12613,0,0.0,ADD 7,0,0,0,0,0.0,EGT2CAN,0,1,12723,0,0.0
1778951597.4483614,240.0,12670,-44.0,1,-,0,0,0,0,0.0,-,0,0,0,0,0.0,ECU,0,1,12581,240,240.0,FAN1,0,0,0,0,0.0,COILS,1,1,12734,0,0.0,PUMP,0,0,0,0,0.0,INJECTOR,1,1,12602,0,0.0,SERVO,1,1,12591,0,0.0,ADD 1,0,1,12701,0,0.0,ADD 2,0,1,12717,0,0.0,ADD 3,0,1,12701,0,0.0,ADD 4,0,1,12684,0,0.0,ADD 5,0,0,0,0,0.0,ADD 6,0,1,12695,0,0.0,ADD 7,0,0,0,0,0.0,EGT2CAN,0,1,12602,0,0.0
1778951597.5024939,238.3,12726,-43.0,1,-,0,0,0,0,0.0,-,0,0,0,0,0.0,ECU,0,1,12646,230,238.3,FAN1,0,0,0,0,0.0,COILS,1,1,12679,0,0.0,PUMP,0,0,0,0,0.0,INJECTOR,1,1,12717,0,0.0,SERVO,1,1,12690,0,0.0,ADD 1,0,1,12630,0,0.0,ADD 2,0,1,12613,0,0.0,ADD 3,0,1,12652,0,0.0,ADD 4,0,1,12695,0,0.0,ADD 5,0,0,0,0,0.0,ADD 6,0,1,12772,0,0.0,ADD 7,0,0,0,0,0.0,EGT2CAN,0,1,12684,0,0.0
1778951597.5538616,237.5,12726,-43.0,1,-,0,0,0,0,0.0,-,0,0,0,0,0.0,ECU,0,1,12619,230,237.5,FAN1,0,0,0,0,0.0,COILS,1,1,12663,0,0.0,PUMP,0,0,0,0,0.0,INJECTOR,1,1,12684,0,0.0,SERVO,1,1,12646,0,0.0,ADD 1,0,1,12575,0,0.0,ADD 2,0,1,12663,0,0.0,ADD 3,0,1,12712,0,0.0,ADD 4,0,1,12701,0,0.0,ADD 5,0,0,0,0,0.0,ADD 6,0,1,12739,0,0.0,ADD 7,0,0,0,0,0.0,EGT2CAN,0,1,12613,0,0.0
1778951597.604334,238.0,12670,-43.0,1,-,0,0,0,0,0.0,-,0,0,0,0,0.0,ECU,0,1,12717,240,238.0,FAN1,0,0,0,0,0.0,COILS,1,1,12717,0,0.0,PUMP,0,0,0,0,0.0,INJECTOR,1,1,12581,0,0.0,SERVO,1,1,12597,0,0.0,ADD 1,0,1,12690,0,0.0,ADD 2,0,1,12766,0,0.0,ADD 3,0,1,12750,0,0.0,ADD 4,0,1,12695,0,0.0,ADD 5,0,0,0,0,0.0,ADD 6,0,1,12750,0,0.0,ADD 7,0,0,0,0,0.0,EGT2CAN,0,1,12575,0,0.0
1778951597.6555023,238.3,12639,-44.0,1,-,0,0,0,0,0.0,-,0,0,0,0,0.0,ECU,0,1,12717,240,238.3,FAN1,0,0,0,0,0.0,COILS,1,1,12717,0,0.0,PUMP,0,0,0,0,0.0,INJECTOR,1,1,12581,0,0.0,SERVO,1,1,12597,0,0.0,ADD 1,0,1,12690,0,0.0,ADD 2,0,1,12766,0,0.0,ADD 3,0,1,12750,0,0.0,ADD 4,0,1,12695,0,0.0,ADD 5,0,0,0,0,0.0,ADD 6,0,1,12750,0,0.0,ADD 7,0,0,0,0,0.0,EGT2CAN,0,1,12575,0,0.0
1778951597.7065597,238.3,12639,-44.0,1,-,0,0,0,0,0.0,-,0,0,0,0,0.0,ECU,0,1,12745,240,238.3,FAN1,0,0,0,0,0.0,COILS,1,1,12695,0,0.0,PUMP,0,0,0,0,0.0,INJECTOR,1,1,12695,0,0.0,SERVO,1,1,12695,0,0.0,ADD 1,0,1,12690,0,0.0,ADD 2,0,1,12766,0,0.0,ADD 3,0,1,12750,0,0.0,ADD 4,0,1,12695,0,0.0,ADD 5,0,0,0,0,0.0,ADD 6,0,1,12750,0,0.0,ADD 7,0,0,0,0,0.0,EGT2CAN,0,1,12575,0,0.0
1778951597.7574089,236.0,12732,-43.0,1,-,0,0,0,0,0.0,-,0,0,0,0,0.0,ECU,0,1,12646,240,236.0,FAN1,0,0,0,0,0.0,COILS,1,1,12706,0,0.0,PUMP,0,0,0,0,0.0,INJECTOR,1,1,12750,0,0.0,SERVO,1,1,12701,0,0.0,ADD 1,0,1,12684,0,0.0,ADD 2,0,1,12761,0,0.0,ADD 3,0,1,12766,0,0.0,ADD 4,0,1,12717,0,0.0,ADD 5,0,0,0,0,0.0,ADD 6,0,1,12635,0,0.0,ADD 7,0,0,0,0,0.0,EGT2CAN,0,1,12668,0,0.0
1778951597.8126009,236.0,12670,-45.0,1,-,0,0,0,0,0.0,-,0,0,0,0,0.0,ECU,0,1,12646,240,236.0,FAN1,0,0,0,0,0.0,COILS,1,1,12706,0,0.0,PUMP,0,0,0,0,0.0,INJECTOR,1,1,12750,0,0.0,SERVO,1,1,12701,0,0.0,ADD 1,0,1,12684,0,0.0,ADD 2,0,1,12761,0,0.0,ADD 3,0,1,12766,0,0.0,ADD 4,0,1,12717,0,0.0,ADD 5,0,0,0,0,0.0,ADD 6,0,1,12635,0,0.0,ADD 7,0,0,0,0,0.0,EGT2CAN,0,1,12668,0,0.0
1778951597.863469,236.0,12670,-45.0,1,-,0,0,0,0,0.0,-,0,0,0,0,0.0,ECU,0,1,12723,240,236.0,FAN1,0,0,0,0,0.0,COILS,1,1,12695,0,0.0,PUMP,0,0,0,0,0.0,INJECTOR,1,1,12761,0,0.0,SERVO,1,1,12717,0,0.0,ADD 1,0,1,12712,0,0.0,ADD 2,0,1,12695,0,0.0,ADD 3,0,1,12641,0,0.0,ADD 4,0,1,12608,0,0.0,ADD 5,0,0,0,0,0.0,ADD 6,0,1,12635,0,0.0,ADD 7,0,0,0,0,0.0,EGT2CAN,0,1,12668,0,0.0
1778951597.914175,235.0,12739,-43.0,1,-,0,0,0,0,0.0,-,0,0,0,0,0.0,ECU,0,1,12613,230,235.0,FAN1,0,0,0,0,0.0,COILS,1,1,12613,0,0.0,PUMP,0,0,0,0,0.0,INJECTOR,1,1,12695,0,0.0,SERVO,1,1,12717,0,0.0,ADD 1,0,1,12766,0,0.0,ADD 2,0,1,12772,0,0.0,ADD 3,0,1,12701,0,0.0,ADD 4,0,1,12591,0,0.0,ADD 5,0,0,0,0,0.0,ADD 6,0,1,12684,0,0.0,ADD 7,0,0,0,0,0.0,EGT2CAN,0,1,12745,0,0.0
1778951597.980067,235.0,12739,-43.0,1,-,0,0,0,0,0.0,-,0,0,0,0,0.0,ECU,0,1,12613,230,235.0,FAN1,0,0,0,0,0.0,COILS,1,1,12613,0,0.0,PUMP,0,0,0,0,0.0,INJECTOR,1,1,12695,0,0.0,SERVO,1,1,12717,0,0.0,ADD 1,0,1,12766,0,0.0,ADD 2,0,1,12772,0,0.0,ADD 3,0,1,12701,0,0.0,ADD 4,0,1,12591,0,0.0,ADD 5,0,0,0,0,0.0,ADD 6,0,1,12684,0,0.0,ADD 7,0,0,0,0,0.0,EGT2CAN,0,1,12745,0,0.0
1778951598.035488,235.0,12739,-43.0,1,-,0,0,0,0,0.0,-,0,0,0,0,0.0,ECU,0,1,12728,230,235.0,FAN1,0,0,0,0,0.0,COILS,1,1,12581,0,0.0,PUMP,0,0,0,0,0.0,INJECTOR,1,1,12652,0,0.0,SERVO,1,1,12679,0,0.0,ADD 1,0,1,12766,0,0.0,ADD 2,0,1,12772,0,0.0,ADD 3,0,1,12701,0,0.0,ADD 4,0,1,12591,0,0.0,ADD 5,0,0,0,0,0.0,ADD 6,0,1,12684,0,0.0,ADD 7,0,0,0,0,0.0,EGT2CAN,0,1,12745,0,0.0
1778951598.086145,240.0,12689,-44.0,1,-,0,0,0,0,0.0,-,0,0,0,0,0.0,ECU,0,1,12739,230,240.0,FAN1,0,0,0,0,0.0,COILS,1,1,12591,0,0.0,PUMP,0,0,0,0,0.0,INJECTOR,1,1,12690,0,0.0,SERVO,1,1,12668,0,0.0,ADD 1,0,1,12657,0,0.0,ADD 2,0,1,12581,0,0.0,ADD 3,0,1,12679,0,0.0,ADD 4,0,1,12695,0,0.0,ADD 5,0,0,0,0,0.0,ADD 6,0,1,12788,0,0.0,ADD 7,0,0,0,0,0.0,EGT2CAN,0,1,12717,0,0.0
1778951598.1510615,240.0,12689,-44.0,1,-,0,0,0,0,0.0,-,0,0,0,0,0.0,ECU,0,1,12728,230,240.0,FAN1,0,0,0,0,0.0,COILS,1,1,12613,0,0.0,PUMP,0,0,0,0,0.0,INJECTOR,1,1,12657,0,0.0,SERVO,1,1,12542,0,0.0,ADD 1,0,1,12652,0,0.0,ADD 2,0,1,12706,0,0.0,ADD 3,0,1,12739,0,0.0,ADD 4,0,1,12734,0,0.0,ADD 5,0,0,0,0,0.0,ADD 6,0,1,12717,0,0.0,ADD 7,0,0,0,0,0.0,EGT2CAN,0,1,12613,0,0.0
1778951598.2027292,240.0,12763,-44.0,1,-,0,0,0,0,0.0,-,0,0,0,0,0.0,ECU,0,1,12728,230,240.0,FAN1,0,0,0,0,0.0,COILS,1,1,12613,0,0.0,PUMP,0,0,0,0,0.0,INJECTOR,1,1,12657,0,0.0,SERVO,1,1,12542,0,0.0,ADD 1,0,1,12652,0,0.0,ADD 2,0,1,12706,0,0.0,ADD 3,0,1,12739,0,0.0,ADD 4,0,1,12734,0,0.0,ADD 5,0,0,0,0,0.0,ADD 6,0,1,12717,0,0.0,ADD 7,0,0,0,0,0.0,EGT2CAN,0,1,12613,0,0.0
1778951598.2536185,241.7,12701,-44.0,1,-,0,0,0,0,0.0,-,0,0,0,0,0.0,ECU,0,1,12668,240,241.7,FAN1,0,0,0,0,0.0,COILS,1,1,12745,0,0.0,PUMP,0,0,0,0,0.0,INJECTOR,1,1,12750,0,0.0,SERVO,1,1,12717,0,0.0,ADD 1,0,1,12673,0,0.0,ADD 2,0,1,12608,0,0.0,ADD 3,0,1,12641,0,0.0,ADD 4,0,1,12673,0,0.0,ADD 5,0,0,0,0,0.0,ADD 6,0,1,12783,0,0.0,ADD 7,0,0,0,0,0.0,EGT2CAN,0,1,12706,0,0.0
1778951598.3064265,240.0,12701,-43.0,1,-,0,0,0,0,0.0,-,0,0,0,0,0.0,ECU,0,1,12750,240,240.0,FAN1,0,0,0,0,0.0,COILS,1,1,12706,0,0.0,PUMP,0,0,0,0,0.0,INJECTOR,1,1,12690,0,0.0,SERVO,1,1,12679,0,0.0,ADD 1,0,1,12777,0,0.0,ADD 2,0,1,12728,0,0.0,ADD 3,0,1,12684,0,0.0,ADD 4,0,1,12575,0,0.0,ADD 5,0,0,0,0,0.0,ADD 6,0,1,12717,0,0.0,ADD 7,0,0,0,0,0.0,EGT2CAN,0,1,12750,0,0.0
1778951598.3571699,240.0,12701,-43.0,1,-,0,0,0,0,0.0,-,0,0,0,0,0.0,ECU,0,1,12652,240,240.0,FAN1,0,0,0,0,0.0,COILS,1,1,12734,0,0.0,PUMP,0,0,0,0,0.0,INJECTOR,1,1,12728,0,0.0,SERVO,1,1,12624,0,0.0,ADD 1,0,1,12777,0,0.0,ADD 2,0,1,12728,0,0.0,ADD 3,0,1,12684,0,0.0,ADD 4,0,1,12575,0,0.0,ADD 5,0,0,0,0,0.0,ADD 6,0,1,12717,0,0.0,ADD 7,0,0,0,0,0.0,EGT2CAN,0,1,12750,0,0.0
1778951598.4127066,246.0,12726,-44.0,1,-,0,0,0,0,0.0,-,0,0,0,0,0.0,ECU,0,1,12750,250,246.0,FAN1,0,0,0,0,0.0,COILS,1,1,12684,0,0.0,PUMP,0,0,0,0,0.0,INJECTOR,1,1,12684,0,0.0,SERVO,1,1,12695,0,0.0,ADD 1,0,1,12734,0,0.0,ADD 2,0,1,12728,0,0.0,ADD 3,0,1,12706,0,0.0,ADD 4,0,1,12586,0,0.0,ADD 5,0,0,0,0,0.0,ADD 6,0,1,12712,0,0.0,ADD 7,0,0,0,0,0.0,EGT2CAN,0,1,12766,0,0.0
1778951598.4642124,246.7,12683,-43.0,1,-,0,0,0,0,0.0,-,0,0,0,0,0.0,ECU,0,1,12652,250,246.7,FAN1,0,0,0,0,0.0,COILS,1,1,12766,0,0.0,PUMP,0,0,0,0,0.0,INJECTOR,1,1,12608,0,0.0,SERVO,1,1,12602,0,0.0,ADD 1,0,1,12690,0,0.0,ADD 2,0,1,12777,0,0.0,ADD 3,0,1,12761,0,0.0,ADD 4,0,1,12723,0,0.0,ADD 5,0,0,0,0,0.0,ADD 6,0,1,12679,0,0.0,ADD 7,0,0,0,0,0.0,EGT2CAN,0,1,12630,0,0.0
1778951598.52758,250.0,12720,-44.0,1,-,0,0,0,0,0.0,-,0,0,0,0,0.0,ECU,0,1,12673,250,250.0,FAN1,0,0,0,0,0.0,COILS,1,1,12684,0,0.0,PUMP,0,0,0,0,0.0,INJECTOR,1,1,12630,0,0.0,SERVO,1,1,12673,0,0.0,ADD 1,0,1,12630,0,0.0,ADD 2,0,1,12739,0,0.0,ADD 3,0,1,12734,0,0.0,ADD 4,0,1,12734,0,0.0,ADD 5,0,0,0,0,0.0,ADD 6,0,1,12739,0,0.0,ADD 7,0,0,0,0,0.0,EGT2CAN,0,1,12602,0,0.0
1778951598.579092,250.0,12720,-44.0,1,-,0,0,0,0,0.0,-,0,0,0,0,0.0,ECU,0,1,12673,250,250.0,FAN1,0,0,0,0,0.0,COILS,1,1,12684,0,0.0,PUMP,0,0,0,0,0.0,INJECTOR,1,1,12630,0,0.0,SERVO,1,1,12673,0,0.0,ADD 1,0,1,12630,0,0.0,ADD 2,0,1,12739,0,0.0,ADD 3,0,1,12734,0,0.0,ADD 4,0,1,12734,0,0.0,ADD 5,0,0,0,0,0.0,ADD 6,0,1,12739,0,0.0,ADD 7,0,0,0,0,0.0,EGT2CAN,0,1,12602,0,0.0
1778951598.630964,250.0,12720,-44.0,1,-,0,0,0,0,0.0,-,0,0,0,0,0.0,ECU,0,1,12630,250,250.0,FAN1,0,0,0,0,0.0,COILS,1,1,12684,0,0.0,PUMP,0,0,0,0,0.0,INJECTOR,1,1,12745,0,0.0,SERVO,1,1,12630,0,0.0,ADD 1,0,1,12630,0,0.0,ADD 2,0,1,12739,0,0.0,ADD 3,0,1,12734,0,0.0,ADD 4,0,1,12734,0,0.0,ADD 5,0,0,0,0,0.0,ADD 6,0,1,12739,0,0.0,ADD 7,0,0,0,0,0.0,EGT2CAN,0,1,12602,0,0.0
1778951598.6818368,244.0,12695,-44.0,1,-,0,0,0,0,0.0,-,0,0,0,0,0.0,ECU,0,1,12581,230,244.0,FAN1,0,0,0,0,0.0,COILS,1,1,12761,0,0.0,PUMP,0,0,0,0,0.0,INJECTOR,1,1,12679,0,0.0,SERVO,1,1,12553,0,0.0,ADD 1,0,1,12684,0,0.0,ADD 2,0,1,12756,0,0.0,ADD 3,0,1,12750,0,0.0,ADD 4,0,1,12679,0,0.0,ADD 5,0,0,0,0,0.0,ADD 6,0,1,12783,0,0.0,ADD 7,0,0,0,0,0.0,EGT2CAN,0,1,12630,0,0.0
1778951598.7324958,244.0,12695,-44.0,1,-,0,0,0,0,0.0,-,0,0,0,0,0.0,ECU,0,1,12581,230,244.0,FAN1,0,0,0,0,0.0,COILS,1,1,12761,0,0.0,PUMP,0,0,0,0,0.0,INJECTOR,1,1,12679,0,0.0,SERVO,1,1,12553,0,0.0,ADD 1,0,1,12684,0,0.0,ADD 2,0,1,12756,0,0.0,ADD 3,0,1,12750,0,0.0,ADD 4,0,1,12679,0,0.0,ADD 5,0,0,0,0,0.0,ADD 6,0,1,12783,0,0.0,ADD 7,0,0,0,0,0.0,EGT2CAN,0,1,12630,0,0.0
1778951598.7835155,240.0,12695,-44.0,1,-,0,0,0,0,0.0,-,0,0,0,0,0.0,ECU,0,1,12766,240,240.0,FAN1,0,0,0,0,0.0,COILS,1,1,12684,0,0.0,PUMP,0,0,0,0,0.0,INJECTOR,1,1,12761,0,0.0,SERVO,1,1,12690,0,0.0,ADD 1,0,1,12701,0,0.0,ADD 2,0,1,12701,0,0.0,ADD 3,0,1,12597,0,0.0,ADD 4,0,1,12646,0,0.0,ADD 5,0,0,0,0,0.0,ADD 6,0,1,12728,0,0.0,ADD 7,0,0,0,0,0.0,EGT2CAN,0,1,12750,0,0.0
1778951598.8397353,240.0,12739,-43.0,1,-,0,0,0,0,0.0,-,0,0,0,0,0.0,ECU,0,1,12734,230,240.0,FAN1,0,0,0,0,0.0,COILS,1,1,12739,0,0.0,PUMP,0,0,0,0,0.0,INJECTOR,1,1,12772,0,0.0,SERVO,1,1,12712,0,0.0,ADD 1,0,1,12613,0,0.0,ADD 2,0,1,12630,0,0.0,ADD 3,0,1,12613,0,0.0,ADD 4,0,1,12695,0,0.0,ADD 5,0,0,0,0,0.0,ADD 6,0,1,12739,0,0.0,ADD 7,0,0,0,0,0.0,EGT2CAN,0,1,12745,0,0.0
1778951598.89062,240.0,12739,-43.0,1,-,0,0,0,0,0.0,-,0,0,0,0,0.0,ECU,0,1,12734,230,240.0,FAN1,0,0,0,0,0.0,COILS,1,1,12739,0,0.0,PUMP,0,0,0,0,0.0,INJECTOR,1,1,12772,0,0.0,SERVO,1,1,12712,0,0.0,ADD 1,0,1,12613,0,0.0,ADD 2,0,1,12630,0,0.0,ADD 3,0,1,12613,0,0.0,ADD 4,0,1,12695,0,0.0,ADD 5,0,0,0,0,0.0,ADD 6,0,1,12739,0,0.0,ADD 7,0,0,0,0,0.0,EGT2CAN,0,1,12745,0,0.0
1778951598.9410353,240.0,12739,-43.0,1,-,0,0,0,0,0.0,-,0,0,0,0,0.0,ECU,0,1,12734,240,240.0,FAN1,0,0,0,0,0.0,COILS,1,1,12756,0,0.0,PUMP,0,0,0,0,0.0,INJECTOR,1,1,12668,0,0.0,SERVO,1,1,12717,0,0.0,ADD 1,0,1,12734,0,0.0,ADD 2,0,1,12734,0,0.0,ADD 3,0,1,12717,0,0.0,ADD 4,0,1,12684,0,0.0,ADD 5,0,0,0,0,0.0,ADD 6,0,1,12756,0,0.0,ADD 7,0,0,0,0,0.0,EGT2CAN,0,1,12728,0,0.0
1778951598.9919908,243.3,12714,-43.0,1,-,0,0,0,0,0.0,-,0,0,0,0,0.0,ECU,0,1,12739,260,243.3,FAN1,0,0,0,0,0.0,COILS,1,1,12646,0,0.0,PUMP,0,0,0,0,0.0,INJECTOR,1,1,12728,0,0.0,SERVO,1,1,12701,0,0.0,ADD 1,0,1,12750,0,0.0,ADD 2,0,1,12788,0,0.0,ADD 3,0,1,12706,0,0.0,ADD 4,0,1,12641,0,0.0,ADD 5,0,0,0,0,0.0,ADD 6,0,1,12673,0,0.0,ADD 7,0,0,0,0,0.0,EGT2CAN,0,1,12701,0,0.0
1778951599.05238,242.5,12739,-43.0,1,-,0,0,0,0,0.0,-,0,0,0,0,0.0,ECU,0,1,12652,230,242.5,FAN1,0,0,0,0,0.0,COILS,1,1,12712,0,0.0,PUMP,0,0,0,0,0.0,INJECTOR,1,1,12684,0,0.0,SERVO,1,1,12652,0,0.0,ADD 1,0,1,12734,0,0.0,ADD 2,0,1,12777,0,0.0,ADD 3,0,1,12717,0,0.0,ADD 4,0,1,12684,0,0.0,ADD 5,0,0,0,0,0.0,ADD 6,0,1,12652,0,0.0,ADD 7,0,0,0,0,0.0,EGT2CAN,0,1,12652,0,0.0
1778951599.104346,242.5,12739,-43.0,1,-,0,0,0,0,0.0,-,0,0,0,0,0.0,ECU,0,1,12761,230,242.5,FAN1,0,0,0,0,0.0,COILS,1,1,12712,0,0.0,PUMP,0,0,0,0,0.0,INJECTOR,1,1,12684,0,0.0,SERVO,1,1,12652,0,0.0,ADD 1,0,1,12734,0,0.0,ADD 2,0,1,12777,0,0.0,ADD 3,0,1,12717,0,0.0,ADD 4,0,1,12684,0,0.0,ADD 5,0,0,0,0,0.0,ADD 6,0,1,12652,0,0.0,ADD 7,0,0,0,0,0.0,EGT2CAN,0,1,12652,0,0.0
1778951599.1549952,242.0,12701,-43.0,1,-,0,0,0,0,0.0,-,0,0,0,0,0.0,ECU,0,1,12745,240,242.0,FAN1,0,0,0,0,0.0,COILS,1,1,12663,0,0.0,PUMP,0,0,0,0,0.0,INJECTOR,1,1,12652,0,0.0,SERVO,1,1,12624,0,0.0,ADD 1,0,1,12734,0,0.0,ADD 2,0,1,12766,0,0.0,ADD 3,0,1,12766,0,0.0,ADD 4,0,1,12728,0,0.0,ADD 5,0,0,0,0,0.0,ADD 6,0,1,12750,0,0.0,ADD 7,0,0,0,0,0.0,EGT2CAN,0,1,12668,0,0.0
1778951599.2131925,240.0,12677,-44.0,1,-,0,0,0,0,0.0,-,0,0,0,0,0.0,ECU,0,1,12734,250,240.0,FAN1,0,0,0,0,0.0,COILS,1,1,12630,0,0.0,PUMP,0,0,0,0,0.0,INJECTOR,1,1,12701,0,0.0,SERVO,1,1,12613,0,0.0,ADD 1,0,1,12663,0,0.0,ADD 2,0,1,12739,0,0.0,ADD 3,0,1,12701,0,0.0,ADD 4,0,1,12706,0,0.0,ADD 5,0,0,0,0,0.0,ADD 6,0,1,12739,0,0.0,ADD 7,0,0,0,0,0.0,EGT2CAN,0,1,12652,0,0.0
1778951599.2739012,240.0,12677,-44.0,1,-,0,0,0,0,0.0,-,0,0,0,0,0.0,ECU,0,1,12630,250,240.0,FAN1,0,0,0,0,0.0,COILS,1,1,12761,0,0.0,PUMP,0,0,0,0,0.0,INJECTOR,1,1,12712,0,0.0,SERVO,1,1,12591,0,0.0,ADD 1,0,1,12663,0,0.0,ADD 2,0,1,12739,0,0.0,ADD 3,0,1,12701,0,0.0,ADD 4,0,1,12706,0,0.0,ADD 5,0,0,0,0,0.0,ADD 6,0,1,12739,0,0.0,ADD 7,0,0,0,0,0.0,EGT2CAN,0,1,12652,0,0.0
1778951599.3250065,236.7,12720,-44.0,1,-,0,0,0,0,0.0,-,0,0,0,0,0.0,ECU,0,1,12734,230,236.7,FAN1,0,0,0,0,0.0,COILS,1,1,12739,0,0.0,PUMP,0,0,0,0,0.0,INJECTOR,1,1,12766,0,0.0,SERVO,1,1,12745,0,0.0,ADD 1,0,1,12761,0,0.0,ADD 2,0,1,12777,0,0.0,ADD 3,0,1,12739,0,0.0,ADD 4,0,1,12581,0,0.0,ADD 5,0,0,0,0,0.0,ADD 6,0,1,12723,0,0.0,ADD 7,0,0,0,0,0.0,EGT2CAN,0,1,12684,0,0.0
1778951599.3869486,236.0,12720,-44.0,1,-,0,0,0,0,0.0,-,0,0,0,0,0.0,ECU,0,1,12717,240,236.0,FAN1,0,0,0,0,0.0,COILS,1,1,12756,0,0.0,PUMP,0,0,0,0,0.0,INJECTOR,1,1,12712,0,0.0,SERVO,1,1,12684,0,0.0,ADD 1,0,1,12723,0,0.0,ADD 2,0,1,12739,0,0.0,ADD 3,0,1,12728,0,0.0,ADD 4,0,1,12717,0,0.0,ADD 5,0,0,0,0,0.0,ADD 6,0,1,12739,0,0.0,ADD 7,0,0,0,0,0.0,EGT2CAN,0,1,12613,0,0.0
1778951599.438367,236.0,12732,-43.0,1,-,0,0,0,0,0.0,-,0,0,0,0,0.0,ECU,0,1,12717,240,236.0,FAN1,0,0,0,0,0.0,COILS,1,1,12756,0,0.0,PUMP,0,0,0,0,0.0,INJECTOR,1,1,12712,0,0.0,SERVO,1,1,12684,0,0.0,ADD 1,0,1,12723,0,0.0,ADD 2,0,1,12739,0,0.0,ADD 3,0,1,12728,0,0.0,ADD 4,0,1,12717,0,0.0,ADD 5,0,0,0,0,0.0,ADD 6,0,1,12739,0,0.0,ADD 7,0,0,0,0,0.0,EGT2CAN,0,1,12613,0,0.0
1778951599.4890175,231.7,12732,-44.0,1,-,0,0,0,0,0.0,-,0,0,0,0,0.0,ECU,0,1,12717,230,231.7,FAN1,0,0,0,0,0.0,COILS,1,1,12624,0,0.0,PUMP,0,0,0,0,0.0,INJECTOR,1,1,12717,0,0.0,SERVO,1,1,12717,0,0.0,ADD 1,0,1,12745,0,0.0,ADD 2,0,1,12734,0,0.0,ADD 3,0,1,12756,0,0.0,ADD 4,0,1,12679,0,0.0,ADD 5,0,0,0,0,0.0,ADD 6,0,1,12613,0,0.0,ADD 7,0,0,0,0,0.0,EGT2CAN,0,1,12717,0,0.0
1778951599.542838,237.5,12732,-44.0,1,-,0,0,0,0,0.0,-,0,0,0,0,0.0,ECU,0,1,12613,250,237.5,FAN1,0,0,0,0,0.0,COILS,1,1,12745,0,0.0,PUMP,0,0,0,0,0.0,INJECTOR,1,1,12712,0,0.0,SERVO,1,1,12608,0,0.0,ADD 1,0,1,12695,0,0.0,ADD 2,0,1,12723,0,0.0,ADD 3,0,1,12766,0,0.0,ADD 4,0,1,12745,0,0.0,ADD 5,0,0,0,0,0.0,ADD 6,0,1,12766,0,0.0,ADD 7,0,0,0,0,0.0,EGT2CAN,0,1,12635,0,0.0
1778951599.5931158,237.5,12701,-44.0,1,-,0,0,0,0,0.0,-,0,0,0,0,0.0,ECU,0,1,12766,250,237.5,FAN1,0,0,0,0,0.0,COILS,1,1,12745,0,0.0,PUMP,0,0,0,0,0.0,INJECTOR,1,1,12712,0,0.0,SERVO,1,1,12608,0,0.0,ADD 1,0,1,12695,0,0.0,ADD 2,0,1,12723,0,0.0,ADD 3,0,1,12766,0,0.0,ADD 4,0,1,12745,0,0.0,ADD 5,0,0,0,0,0.0,ADD 6,0,1,12766,0,0.0,ADD 7,0,0,0,0,0.0,EGT2CAN,0,1,12635,0,0.0
1778951599.6439958,244.0,12732,-43.0,1,-,0,0,0,0,0.0,-,0,0,0,0,0.0,ECU,0,1,12613,260,244.0,FAN1,0,0,0,0,0.0,COILS,1,1,12745,0,0.0,PUMP,0,0,0,0,0.0,INJECTOR,1,1,12663,0,0.0,SERVO,1,1,12630,0,0.0,ADD 1,0,1,12706,0,0.0,ADD 2,0,1,12756,0,0.0,ADD 3,0,1,12701,0,0.0,ADD 4,0,1,12695,0,0.0,ADD 5,0,0,0,0,0.0,ADD 6,0,1,12756,0,0.0,ADD 7,0,0,0,0,0.0,EGT2CAN,0,1,12591,0,0.0
1778951599.6955776,247.5,12708,-43.0,1,-,0,0,0,0,0.0,-,0,0,0,0,0.0,ECU,0,1,12783,230,247.5,FAN1,0,0,0,0,0.0,COILS,1,1,12750,0,0.0,PUMP,0,0,0,0,0.0,INJECTOR,1,1,12684,0,0.0,SERVO,1,1,12750,0,0.0,ADD 1,0,1,12777,0,0.0,ADD 2,0,1,12739,0,0.0,ADD 3,0,1,12739,0,0.0,ADD 4,0,1,12641,0,0.0,ADD 5,0,0,0,0,0.0,ADD 6,0,1,12739,0,0.0,ADD 7,0,0,0,0,0.0,EGT2CAN,0,1,12756,0,0.0
1778951599.7459877,247.5,12708,-43.0,1,-,0,0,0,0,0.0,-,0,0,0,0,0.0,ECU,0,1,12717,230,247.5,FAN1,0,0,0,0,0.0,COILS,1,1,12750,0,0.0,PUMP,0,0,0,0,0.0,INJECTOR,1,1,12684,0,0.0,SERVO,1,1,12750,0,0.0,ADD 1,0,1,12777,0,0.0,ADD 2,0,1,12739,0,0.0,ADD 3,0,1,12739,0,0.0,ADD 4,0,1,12641,0,0.0,ADD 5,0,0,0,0,0.0,ADD 6,0,1,12739,0,0.0,ADD 7,0,0,0,0,0.0,EGT2CAN,0,1,12756,0,0.0
1778951599.7969995,244.0,12677,-43.0,1,-,0,0,0,0,0.0,-,0,0,0,0,0.0,ECU,0,1,12695,240,244.0,FAN1,0,0,0,0,0.0,COILS,1,1,12766,0,0.0,PUMP,0,0,0,0,0.0,INJECTOR,1,1,12756,0,0.0,SERVO,1,1,12695,0,0.0,ADD 1,0,1,12663,0,0.0,ADD 2,0,1,12597,0,0.0,ADD 3,0,1,12630,0,0.0,ADD 4,0,1,12712,0,0.0,ADD 5,0,0,0,0,0.0,ADD 6,0,1,12799,0,0.0,ADD 7,0,0,0,0,0.0,EGT2CAN,0,1,12712,0,0.0
1778951599.8481894,237.5,12677,-43.0,1,-,0,0,0,0,0.0,-,0,0,0,0,0.0,ECU,0,1,12690,240,237.5,FAN1,0,0,0,0,0.0,COILS,1,1,12772,0,0.0,PUMP,0,0,0,0,0.0,INJECTOR,1,1,12788,0,0.0,SERVO,1,1,12739,0,0.0,ADD 1,0,1,12739,0,0.0,ADD 2,0,1,12788,0,0.0,ADD 3,0,1,12723,0,0.0,ADD 4,0,1,12739,0,0.0,ADD 5,0,0,0,0,0.0,ADD 6,0,1,12646,0,0.0,ADD 7,0,0,0,0,0.0,EGT2CAN,0,1,12668,0,0.0
1778951599.9004536,237.5,12701,-44.0,1,-,0,0,0,0,0.0,-,0,0,0,0,0.0,ECU,0,1,12690,240,237.5,FAN1,0,0,0,0,0.0,COILS,1,1,12772,0,0.0,PUMP,0,0,0,0,0.0,INJECTOR,1,1,12788,0,0.0,SERVO,1,1,12739,0,0.0,ADD 1,0,1,12739,0,0.0,ADD 2,0,1,12788,0,0.0,ADD 3,0,1,12723,0,0.0,ADD 4,0,1,12739,0,0.0,ADD 5,0,0,0,0,0.0,ADD 6,0,1,12646,0,0.0,ADD 7,0,0,0,0,0.0,EGT2CAN,0,1,12668,0,0.0
1778951599.9526138,238.0,12739,-43.0,1,-,0,0,0,0,0.0,-,0,0,0,0,0.0,ECU,0,1,12723,240,238.0,FAN1,0,0,0,0,0.0,COILS,1,1,12772,0,0.0,PUMP,0,0,0,0,0.0,INJECTOR,1,1,12624,0,0.0,SERVO,1,1,12663,0,0.0,ADD 1,0,1,12739,0,0.0,ADD 2,0,1,12777,0,0.0,ADD 3,0,1,12717,0,0.0,ADD 4,0,1,12690,0,0.0,ADD 5,0,0,0,0,0.0,ADD 6,0,1,12712,0,0.0,ADD 7,0,0,0,0,0.0,EGT2CAN,0,1,12695,0,0.0
1778951600.004356,240.0,12763,-44.0,1,-,0,0,0,0,0.0,-,0,0,0,0,0.0,ECU,0,1,12734,250,240.0,FAN1,0,0,0,0,0.0,COILS,1,1,12646,0,0.0,PUMP,0,0,0,0,0.0,INJECTOR,1,1,12723,0,0.0,SERVO,1,1,12673,0,0.0,ADD 1,0,1,12657,0,0.0,ADD 2,0,1,12663,0,0.0,ADD 3,0,1,12728,0,0.0,ADD 4,0,1,12734,0,0.0,ADD 5,0,0,0,0,0.0,ADD 6,0,1,12756,0,0.0,ADD 7,0,0,0,0,0.0,EGT2CAN,0,1,12756,0,0.0
1778951600.0553539,240.0,12763,-44.0,1,-,0,0,0,0,0.0,-,0,0,0,0,0.0,ECU,0,1,12717,250,240.0,FAN1,0,0,0,0,0.0,COILS,1,1,12706,0,0.0,PUMP,0,0,0,0,0.0,INJECTOR,1,1,12690,0,0.0,SERVO,1,1,12728,0,0.0,ADD 1,0,1,12657,0,0.0,ADD 2,0,1,12663,0,0.0,ADD 3,0,1,12728,0,0.0,ADD 4,0,1,12734,0,0.0,ADD 5,0,0,0,0,0.0,ADD 6,0,1,12756,0,0.0,ADD 7,0,0,0,0,0.0,EGT2CAN,0,1,12756,0,0.0
1778951600.1066422,236.0,12720,-44.0,1,-,0,0,0,0,0.0,-,0,0,0,0,0.0,ECU,0,1,12734,230,236.0,FAN1,0,0,0,0,0.0,COILS,1,1,12597,0,0.0,PUMP,0,0,0,0,0.0,INJECTOR,1,1,12734,0,0.0,SERVO,1,1,12745,0,0.0,ADD 1,0,1,12619,0,0.0,ADD 2,0,1,12756,0,0.0,ADD 3,0,1,12717,0,0.0,ADD 4,0,1,12679,0,0.0,ADD 5,0,0,0,0,0.0,ADD 6,0,1,12630,0,0.0,ADD 7,0,0,0,0,0.0,EGT2CAN,0,1,12739,0,0.0
1778951600.1576445,235.0,12751,-44.0,1,-,0,0,0,0,0.0,-,0,0,0,0,0.0,ECU,0,1,12701,230,235.0,FAN1,0,0,0,0,0.0,COILS,1,1,12739,0,0.0,PUMP,0,0,0,0,0.0,INJECTOR,1,1,12657,0,0.0,SERVO,1,1,12668,0,0.0,ADD 1,0,1,12663,0,0.0,ADD 2,0,1,12701,0,0.0,ADD 3,0,1,12766,0,0.0,ADD 4,0,1,12745,0,0.0,ADD 5,0,0,0,0,0.0,ADD 6,0,1,12717,0,0.0,ADD 7,0,0,0,0,0.0,EGT2CAN,0,1,12581,0,0.0
1778951600.2115104,235.0,12751,-44.0,1,-,0,0,0,0,0.0,-,0,0,0,0,0.0,ECU,0,1,12728,230,235.0,FAN1,0,0,0,0,0.0,COILS,1,1,12734,0,0.0,PUMP,0,0,0,0,0.0,INJECTOR,1,1,12591,0,0.0,SERVO,1,1,12581,0,0.0,ADD 1,0,1,12750,0,0.0,ADD 2,0,1,12613,0,0.0,ADD 3,0,1,12586,0,0.0,ADD 4,0,1,12630,0,0.0,ADD 5,0,0,0,0,0.0,ADD 6,0,1,12717,0,0.0,ADD 7,0,0,0,0,0.0,EGT2CAN,0,1,12581,0,0.0
1778951600.262623,234.0,12739,-43.0,1,-,0,0,0,0,0.0,-,0,0,0,0,0.0,ECU,0,1,12739,230,234.0,FAN1,0,0,0,0,0.0,COILS,1,1,12783,0,0.0,PUMP,0,0,0,0,0.0,INJECTOR,1,1,12706,0,0.0,SERVO,1,1,12695,0,0.0,ADD 1,0,1,12728,0,0.0,ADD 2,0,1,12772,0,0.0,ADD 3,0,1,12701,0,0.0,ADD 4,0,1,12597,0,0.0,ADD 5,0,0,0,0,0.0,ADD 6,0,1,12766,0,0.0,ADD 7,0,0,0,0,0.0,EGT2CAN,0,1,12772,0,0.0
1778951600.3206835,233.3,12683,-43.0,1,-,0,0,0,0,0.0,-,0,0,0,0,0.0,ECU,0,1,12739,230,233.3,FAN1,0,0,0,0,0.0,COILS,1,1,12783,0,0.0,PUMP,0,0,0,0,0.0,INJECTOR,1,1,12706,0,0.0,SERVO,1,1,12695,0,0.0,ADD 1,0,1,12766,0,0.0,ADD 2,0,1,12750,0,0.0,ADD 3,0,1,12739,0,0.0,ADD 4,0,1,12717,0,0.0,ADD 5,0,0,0,0,0.0,ADD 6,0,1,12684,0,0.0,ADD 7,0,0,0,0,0.0,EGT2CAN,0,1,12695,0,0.0
1778951600.3791006,233.3,12683,-43.0,1,-,0,0,0,0,0.0,-,0,0,0,0,0.0,ECU,0,1,12679,230,233.3,FAN1,0,0,0,0,0.0,COILS,1,1,12772,0,0.0,PUMP,0,0,0,0,0.0,INJECTOR,1,1,12723,0,0.0,SERVO,1,1,12701,0,0.0,ADD 1,0,1,12706,0,0.0,ADD 2,0,1,12717,0,0.0,ADD 3,0,1,12630,0,0.0,ADD 4,0,1,12597,0,0.0,ADD 5,0,0,0,0,0.0,ADD 6,0,1,12684,0,0.0,ADD 7,0,0,0,0,0.0,EGT2CAN,0,1,12695,0,0.0
1778951600.4301946,238.0,12757,-44.0,1,-,0,0,0,0,0.0,-,0,0,0,0,0.0,ECU,0,1,12679,230,238.0,FAN1,0,0,0,0,0.0,COILS,1,1,12701,0,0.0,PUMP,0,0,0,0,0.0,INJECTOR,1,1,12739,0,0.0,SERVO,1,1,12766,0,0.0,ADD 1,0,1,12723,0,0.0,ADD 2,0,1,12734,0,0.0,ADD 3,0,1,12701,0,0.0,ADD 4,0,1,12684,0,0.0,ADD 5,0,0,0,0,0.0,ADD 6,0,1,12673,0,0.0,ADD 7,0,0,0,0,0.0,EGT2CAN,0,1,12684,0,0.0
1778951600.4820046,240.0,12745,-43.0,1,-,0,0,0,0,0.0,-,0,0,0,0,0.0,ECU,0,1,12706,230,240.0,FAN1,0,0,0,0,0.0,COILS,1,1,12690,0,0.0,PUMP,0,0,0,0,0.0,INJECTOR,1,1,12728,0,0.0,SERVO,1,1,12679,0,0.0,ADD 1,0,1,12701,0,0.0,ADD 2,0,1,12788,0,0.0,ADD 3,0,1,12657,0,0.0,ADD 4,0,1,12624,0,0.0,ADD 5,0,0,0,0,0.0,ADD 6,0,1,12761,0,0.0,ADD 7,0,0,0,0,0.0,EGT2CAN,0,1,12717,0,0.0
1778951600.5465198,240.0,12745,-43.0,1,-,0,0,0,0,0.0,-,0,0,0,0,0.0,ECU,0,1,12717,230,240.0,FAN1,0,0,0,0,0.0,COILS,1,1,12690,0,0.0,PUMP,0,0,0,0,0.0,INJECTOR,1,1,12728,0,0.0,SERVO,1,1,12679,0,0.0,ADD 1,0,1,12701,0,0.0,ADD 2,0,1,12788,0,0.0,ADD 3,0,1,12657,0,0.0,ADD 4,0,1,12624,0,0.0,ADD 5,0,0,0,0,0.0,ADD 6,0,1,12761,0,0.0,ADD 7,0,0,0,0,0.0,EGT2CAN,0,1,12717,0,0.0
1778951600.5997736,238.0,12745,-43.0,1,-,0,0,0,0,0.0,-,0,0,0,0,0.0,ECU,0,1,12717,230,238.0,FAN1,0,0,0,0,0.0,COILS,1,1,12663,0,0.0,PUMP,0,0,0,0,0.0,INJECTOR,1,1,12663,0,0.0,SERVO,1,1,12652,0,0.0,ADD 1,0,1,12745,0,0.0,ADD 2,0,1,12766,0,0.0,ADD 3,0,1,12766,0,0.0,ADD 4,0,1,12679,0,0.0,ADD 5,0,0,0,0,0.0,ADD 6,0,1,12701,0,0.0,ADD 7,0,0,0,0,0.0,EGT2CAN,0,1,12701,0,0.0
1778951600.651039,235.0,12763,-43.0,1,-,0,0,0,0,0.0,-,0,0,0,0,0.0,ECU,0,1,12734,230,235.0,FAN1,0,0,0,0,0.0,COILS,1,1,12766,0,0.0,PUMP,0,0,0,0,0.0,INJECTOR,1,1,12772,0,0.0,SERVO,1,1,12684,0,0.0,ADD 1,0,1,12630,0,0.0,ADD 2,0,1,12723,0,0.0,ADD 3,0,1,12690,0,0.0,ADD 4,0,1,12695,0,0.0,ADD 5,0,0,0,0,0.0,ADD 6,0,1,12810,0,0.0,ADD 7,0,0,0,0,0.0,EGT2CAN,0,1,12723,0,0.0
1778951600.702101,235.0,12695,-44.0,1,-,0,0,0,0,0.0,-,0,0,0,0,0.0,ECU,0,1,12777,240,235.0,FAN1,0,0,0,0,0.0,COILS,1,1,12734,0,0.0,PUMP,0,0,0,0,0.0,INJECTOR,1,1,12695,0,0.0,SERVO,1,1,12695,0,0.0,ADD 1,0,1,12723,0,0.0,ADD 2,0,1,12788,0,0.0,ADD 3,0,1,12717,0,0.0,ADD 4,0,1,12717,0,0.0,ADD 5,0,0,0,0,0.0,ADD 6,0,1,12695,0,0.0,ADD 7,0,0,0,0,0.0,EGT2CAN,0,1,12766,0,0.0
1778951600.7534597,235.0,12695,-44.0,1,-,0,0,0,0,0.0,-,0,0,0,0,0.0,ECU,0,1,12684,240,235.0,FAN1,0,0,0,0,0.0,COILS,1,1,12734,0,0.0,PUMP,0,0,0,0,0.0,INJECTOR,1,1,12695,0,0.0,SERVO,1,1,12695,0,0.0,ADD 1,0,1,12723,0,0.0,ADD 2,0,1,12788,0,0.0,ADD 3,0,1,12717,0,0.0,ADD 4,0,1,12717,0,0.0,ADD 5,0,0,0,0,0.0,ADD 6,0,1,12695,0,0.0,ADD 7,0,0,0,0,0.0,EGT2CAN,0,1,12766,0,0.0
1778951600.8041353,240.0,12701,-44.0,1,-,0,0,0,0,0.0,-,0,0,0,0,0.0,ECU,0,1,12695,250,240.0,FAN1,0,0,0,0,0.0,COILS,1,1,12766,0,0.0,PUMP,0,0,0,0,0.0,INJECTOR,1,1,12750,0,0.0,SERVO,1,1,12712,0,0.0,ADD 1,0,1,12777,0,0.0,ADD 2,0,1,12756,0,0.0,ADD 3,0,1,12646,0,0.0,ADD 4,0,1,12652,0,0.0,ADD 5,0,0,0,0,0.0,ADD 6,0,1,12783,0,0.0,ADD 7,0,0,0,0,0.0,EGT2CAN,0,1,12777,0,0.0
1778951600.864451,238.0,12701,-44.0,1,-,0,0,0,0,0.0,-,0,0,0,0,0.0,ECU,0,1,12783,230,238.0,FAN1,0,0,0,0,0.0,COILS,1,1,12684,0,0.0,PUMP,0,0,0,0,0.0,INJECTOR,1,1,12788,0,0.0,SERVO,1,1,12766,0,0.0,ADD 1,0,1,12766,0,0.0,ADD 2,0,1,12717,0,0.0,ADD 3,0,1,12723,0,0.0,ADD 4,0,1,12581,0,0.0,ADD 5,0,0,0,0,0.0,ADD 6,0,1,12772,0,0.0,ADD 7,0,0,0,0,0.0,EGT2CAN,0,1,12756,0,0.0
1778951600.9158015,238.0,12701,-44.0,1,-,0,0,0,0,0.0,-,0,0,0,0,0.0,ECU,0,1,12635,230,238.0,FAN1,0,0,0,0,0.0,COILS,1,1,12684,0,0.0,PUMP,0,0,0,0,0.0,INJECTOR,1,1,12739,0,0.0,SERVO,1,1,12739,0,0.0,ADD 1,0,1,12581,0,0.0,ADD 2,0,1,12701,0,0.0,ADD 3,0,1,12723,0,0.0,ADD 4,0,1,12734,0,0.0,ADD 5,0,0,0,0,0.0,ADD 6,0,1,12772,0,0.0,ADD 7,0,0,0,0,0.0,EGT2CAN,0,1,12756,0,0.0
1778951600.9728692,238.3,12708,-44.0,1,-,0,0,0,0,0.0,-,0,0,0,0,0.0,ECU,0,1,12652,250,238.3,FAN1,0,0,0,0,0.0,COILS,1,1,12756,0,0.0,PUMP,0,0,0,0,0.0,INJECTOR,1,1,12624,0,0.0,SERVO,1,1,12630,0,0.0,ADD 1,0,1,12739,0,0.0,ADD 2,0,1,12772,0,0.0,ADD 3,0,1,12734,0,0.0,ADD 4,0,1,12695,0,0.0,ADD 5,0,0,0,0,0.0,ADD 6,0,1,12783,0,0.0,ADD 7,0,0,0,0,0.0,EGT2CAN,0,1,12608,0,0.0
1778951601.0308964,238.3,12708,-44.0,1,-,0,0,0,0,0.0,-,0,0,0,0,0.0,ECU,0,1,12717,250,238.3,FAN1,0,0,0,0,0.0,COILS,1,1,12772,0,0.0,PUMP,0,0,0,0,0.0,INJECTOR,1,1,12679,0,0.0,SERVO,1,1,12608,0,0.0,ADD 1,0,1,12739,0,0.0,ADD 2,0,1,12772,0,0.0,ADD 3,0,1,12734,0,0.0,ADD 4,0,1,12695,0,0.0,ADD 5,0,0,0,0,0.0,ADD 6,0,1,12783,0,0.0,ADD 7,0,0,0,0,0.0,EGT2CAN,0,1,12608,0,0.0
1778951601.0821497,237.5,12708,-44.0,1,-,0,0,0,0,0.0,-,0,0,0,0,0.0,ECU,0,1,12717,240,237.5,FAN1,0,0,0,0,0.0,COILS,1,1,12772,0,0.0,PUMP,0,0,0,0,0.0,INJECTOR,1,1,12679,0,0.0,SERVO,1,1,12608,0,0.0,ADD 1,0,1,12679,0,0.0,ADD 2,0,1,12739,0,0.0,ADD 3,0,1,12756,0,0.0,ADD 4,0,1,12766,0,0.0,ADD 5,0,0,0,0,0.0,ADD 6,0,1,12750,0,0.0,ADD 7,0,0,0,0,0.0,EGT2CAN,0,1,12635,0,0.0
1778951601.132619,236.7,12720,-43.0,1,-,0,0,0,0,0.0,-,0,0,0,0,0.0,ECU,0,1,12766,240,236.7,FAN1,0,0,0,0,0.0,COILS,1,1,12756,0,0.0,PUMP,0,0,0,0,0.0,INJECTOR,1,1,12761,0,0.0,SERVO,1,1,12712,0,0.0,ADD 1,0,1,12750,0,0.0,ADD 2,0,1,12788,0,0.0,ADD 3,0,1,12684,0,0.0,ADD 4,0,1,12581,0,0.0,ADD 5,0,0,0,0,0.0,ADD 6,0,1,12739,0,0.0,ADD 7,0,0,0,0,0.0,EGT2CAN,0,1,12766,0,0.0
1778951601.1893144,240.0,12720,-43.0,1,-,0,0,0,0,0.0,-,0,0,0,0,0.0,ECU,0,1,12652,250,240.0,FAN1,0,0,0,0,0.0,COILS,1,1,12756,0,0.0,PUMP,0,0,0,0,0.0,INJECTOR,1,1,12794,0,0.0,SERVO,1,1,12756,0,0.0,ADD 1,0,1,12756,0,0.0,ADD 2,0,1,12739,0,0.0,ADD 3,0,1,12739,0,0.0,ADD 4,0,1,12706,0,0.0,ADD 5,0,0,0,0,0.0,ADD 6,0,1,12777,0,0.0,ADD 7,0,0,0,0,0.0,EGT2CAN,0,1,12630,0,0.0
1778951601.2399018,240.0,12751,-44.0,1,-,0,0,0,0,0.0,-,0,0,0,0,0.0,ECU,0,1,12652,250,240.0,FAN1,0,0,0,0,0.0,COILS,1,1,12756,0,0.0,PUMP,0,0,0,0,0.0,INJECTOR,1,1,12794,0,0.0,SERVO,1,1,12756,0,0.0,ADD 1,0,1,12756,0,0.0,ADD 2,0,1,12739,0,0.0,ADD 3,0,1,12739,0,0.0,ADD 4,0,1,12706,0,0.0,ADD 5,0,0,0,0,0.0,ADD 6,0,1,12777,0,0.0,ADD 7,0,0,0,0,0.0,EGT2CAN,0,1,12630,0,0.0
1778951601.290331,236.0,12745,-44.0,1,-,0,0,0,0,0.0,-,0,0,0,0,0.0,ECU,0,1,12646,230,236.0,FAN1,0,0,0,0,0.0,COILS,1,1,12745,0,0.0,PUMP,0,0,0,0,0.0,INJECTOR,1,1,12657,0,0.0,SERVO,1,1,12581,0,0.0,ADD 1,0,1,12766,0,0.0,ADD 2,0,1,12821,0,0.0,ADD 3,0,1,12635,0,0.0,ADD 4,0,1,12668,0,0.0,ADD 5,0,0,0,0,0.0,ADD 6,0,1,12777,0,0.0,ADD 7,0,0,0,0,0.0,EGT2CAN,0,1,12739,0,0.0
1778951601.3417335,235.0,12745,-44.0,1,-,0,0,0,0,0.0,-,0,0,0,0,0.0,ECU,0,1,12679,230,235.0,FAN1,0,0,0,0,0.0,COILS,1,1,12723,0,0.0,PUMP,0,0,0,0,0.0,INJECTOR,1,1,12668,0,0.0,SERVO,1,1,12739,0,0.0,ADD 1,0,1,12756,0,0.0,ADD 2,0,1,12772,0,0.0,ADD 3,0,1,12739,0,0.0,ADD 4,0,1,12734,0,0.0,ADD 5,0,0,0,0,0.0,ADD 6,0,1,12646,0,0.0,ADD 7,0,0,0,0,0.0,EGT2CAN,0,1,12728,0,0.0
1778951601.3953228,235.0,12757,-44.0,1,-,0,0,0,0,0.0,-,0,0,0,0,0.0,ECU,0,1,12679,230,235.0,FAN1,0,0,0,0,0.0,COILS,1,1,12723,0,0.0,PUMP,0,0,0,0,0.0,INJECTOR,1,1,12668,0,0.0,SERVO,1,1,12739,0,0.0,ADD 1,0,1,12756,0,0.0,ADD 2,0,1,12772,0,0.0,ADD 3,0,1,12739,0,0.0,ADD 4,0,1,12734,0,0.0,ADD 5,0,0,0,0,0.0,ADD 6,0,1,12646,0,0.0,ADD 7,0,0,0,0,0.0,EGT2CAN,0,1,12728,0,0.0
1778951601.4463463,234.0,12769,-43.0,1,-,0,0,0,0,0.0,-,0,0,0,0,0.0,ECU,0,1,12750,230,234.0,FAN1,0,0,0,0,0.0,COILS,1,1,12613,0,0.0,PUMP,0,0,0,0,0.0,INJECTOR,1,1,12668,0,0.0,SERVO,1,1,12613,0,0.0,ADD 1,0,1,12663,0,0.0,ADD 2,0,1,12756,0,0.0,ADD 3,0,1,12788,0,0.0,ADD 4,0,1,12772,0,0.0,ADD 5,0,0,0,0,0.0,ADD 6,0,1,12756,0,0.0,ADD 7,0,0,0,0,0.0,EGT2CAN,0,1,12613,0,0.0
1778951601.5068743,237.5,12739,-44.0,1,-,0,0,0,0,0.0,-,0,0,0,0,0.0,ECU,0,1,12794,240,237.5,FAN1,0,0,0,0,0.0,COILS,1,1,12750,0,0.0,PUMP,0,0,0,0,0.0,INJECTOR,1,1,12690,0,0.0,SERVO,1,1,12717,0,0.0,ADD 1,0,1,12750,0,0.0,ADD 2,0,1,12761,0,0.0,ADD 3,0,1,12756,0,0.0,ADD 4,0,1,12635,0,0.0,ADD 5,0,0,0,0,0.0,ADD 6,0,1,12701,0,0.0,ADD 7,0,0,0,0,0.0,EGT2CAN,0,1,12788,0,0.0
1778951601.5865974,237.5,12739,-44.0,1,-,0,0,0,0,0.0,-,0,0,0,0,0.0,ECU,0,1,12717,240,237.5,FAN1,0,0,0,0,0.0,COILS,1,1,12756,0,0.0,PUMP,0,0,0,0,0.0,INJECTOR,1,1,12723,0,0.0,SERVO,1,1,12673,0,0.0,ADD 1,0,1,12613,0,0.0,ADD 2,0,1,12668,0,0.0,ADD 3,0,1,12756,0,0.0,ADD 4,0,1,12717,0,0.0,ADD 5,0,0,0,0,0.0,ADD 6,0,1,12701,0,0.0,ADD 7,0,0,0,0,0.0,EGT2CAN,0,1,12788,0,0.0
1778951601.6375313,240.0,12708,-44.0,1,-,0,0,0,0,0.0,-,0,0,0,0,0.0,ECU,0,1,12717,240,240.0,FAN1,0,0,0,0,0.0,COILS,1,1,12756,0,0.0,PUMP,0,0,0,0,0.0,INJECTOR,1,1,12723,0,0.0,SERVO,1,1,12673,0,0.0,ADD 1,0,1,12613,0,0.0,ADD 2,0,1,12668,0,0.0,ADD 3,0,1,12756,0,0.0,ADD 4,0,1,12717,0,0.0,ADD 5,0,0,0,0,0.0,ADD 6,0,1,12766,0,0.0,ADD 7,0,0,0,0,0.0,EGT2CAN,0,1,12717,0,0.0
1778951601.6885035,238.0,12751,-43.0,1,-,0,0,0,0,0.0,-,0,0,0,0,0.0,ECU,0,1,12788,230,238.0,FAN1,0,0,0,0,0.0,COILS,1,1,12712,0,0.0,PUMP,0,0,0,0,0.0,INJECTOR,1,1,12788,0,0.0,SERVO,1,1,12772,0,0.0,ADD 1,0,1,12756,0,0.0,ADD 2,0,1,12810,0,0.0,ADD 3,0,1,12788,0,0.0,ADD 4,0,1,12745,0,0.0,ADD 5,0,0,0,0,0.0,ADD 6,0,1,12805,0,0.0,ADD 7,0,0,0,0,0.0,EGT2CAN,0,1,12756,0,0.0
1778951601.739732,238.0,12751,-43.0,1,-,0,0,0,0,0.0,-,0,0,0,0,0.0,ECU,0,1,12630,230,238.0,FAN1,0,0,0,0,0.0,COILS,1,1,12745,0,0.0,PUMP,0,0,0,0,0.0,INJECTOR,1,1,12597,0,0.0,SERVO,1,1,12652,0,0.0,ADD 1,0,1,12652,0,0.0,ADD 2,0,1,12712,0,0.0,ADD 3,0,1,12717,0,0.0,ADD 4,0,1,12706,0,0.0,ADD 5,0,0,0,0,0.0,ADD 6,0,1,12805,0,0.0,ADD 7,0,0,0,0,0.0,EGT2CAN,0,1,12630,0,0.0
1778951601.7905557,236.0,12720,-44.0,1,-,0,0,0,0,0.0,-,0,0,0,0,0.0,ECU,0,1,12630,230,236.0,FAN1,0,0,0,0,0.0,COILS,1,1,12745,0,0.0,PUMP,0,0,0,0,0.0,INJECTOR,1,1,12597,0,0.0,SERVO,1,1,12652,0,0.0,ADD 1,0,1,12652,0,0.0,ADD 2,0,1,12712,0,0.0,ADD 3,0,1,12717,0,0.0,ADD 4,0,1,12706,0,0.0,ADD 5,0,0,0,0,0.0,ADD 6,0,1,12805,0,0.0,ADD 7,0,0,0,0,0.0,EGT2CAN,0,1,12630,0,0.0
1778951601.8415337,236.7,12701,-43.0,1,-,0,0,0,0,0.0,-,0,0,0,0,0.0,ECU,0,1,12717,230,236.7,FAN1,0,0,0,0,0.0,COILS,1,1,12695,0,0.0,PUMP,0,0,0,0,0.0,INJECTOR,1,1,12777,0,0.0,SERVO,1,1,12613,0,0.0,ADD 1,0,1,12613,0,0.0,ADD 2,0,1,12728,0,0.0,ADD 3,0,1,12756,0,0.0,ADD 4,0,1,12706,0,0.0,ADD 5,0,0,0,0,0.0,ADD 6,0,1,12766,0,0.0,ADD 7,0,0,0,0,0.0,EGT2CAN,0,1,12695,0,0.0
1778951601.893873,236.7,12701,-43.0,1,-,0,0,0,0,0.0,-,0,0,0,0,0.0,ECU,0,1,12788,230,236.7,FAN1,0,0,0,0,0.0,COILS,1,1,12695,0,0.0,PUMP,0,0,0,0,0.0,INJECTOR,1,1,12695,0,0.0,SERVO,1,1,12728,0,0.0,ADD 1,0,1,12734,0,0.0,ADD 2,0,1,12701,0,0.0,ADD 3,0,1,12646,0,0.0,ADD 4,0,1,12679,0,0.0,ADD 5,0,0,0,0,0.0,ADD 6,0,1,12766,0,0.0,ADD 7,0,0,0,0,0.0,EGT2CAN,0,1,12695,0,0.0
1778951601.9444945,235.0,12714,-44.0,1,-,0,0,0,0,0.0,-,0,0,0,0,0.0,ECU,0,1,12788,230,235.0,FAN1,0,0,0,0,0.0,COILS,1,1,12695,0,0.0,PUMP,0,0,0,0,0.0,INJECTOR,1,1,12695,0,0.0,SERVO,1,1,12728,0,0.0,ADD 1,0,1,12734,0,0.0,ADD 2,0,1,12701,0,0.0,ADD 3,0,1,12646,0,0.0,ADD 4,0,1,12679,0,0.0,ADD 5,0,0,0,0,0.0,ADD 6,0,1,12750,0,0.0,ADD 7,0,0,0,0,0.0,EGT2CAN,0,1,12788,0,0.0
1778951601.9982476,238.0,12732,-43.0,1,-,0,0,0,0,0.0,-,0,0,0,0,0.0,ECU,0,1,12788,250,238.0,FAN1,0,0,0,0,0.0,COILS,1,1,12761,0,0.0,PUMP,0,0,0,0,0.0,INJECTOR,1,1,12783,0,0.0,SERVO,1,1,12668,0,0.0,ADD 1,0,1,12597,0,0.0,ADD 2,0,1,12684,0,0.0,ADD 3,0,1,12717,0,0.0,ADD 4,0,1,12739,0,0.0,ADD 5,0,0,0,0,0.0,ADD 6,0,1,12788,0,0.0,ADD 7,0,0,0,0,0.0,EGT2CAN,0,1,12717,0,0.0
1778951602.055711,238.0,12732,-43.0,1,-,0,0,0,0,0.0,-,0,0,0,0,0.0,ECU,0,1,12788,250,238.0,FAN1,0,0,0,0,0.0,COILS,1,1,12777,0,0.0,PUMP,0,0,0,0,0.0,INJECTOR,1,1,12646,0,0.0,SERVO,1,1,12684,0,0.0,ADD 1,0,1,12673,0,0.0,ADD 2,0,1,12684,0,0.0,ADD 3,0,1,12684,0,0.0,ADD 4,0,1,12695,0,0.0,ADD 5,0,0,0,0,0.0,ADD 6,0,1,12788,0,0.0,ADD 7,0,0,0,0,0.0,EGT2CAN,0,1,12717,0,0.0
1778951602.106576,238.0,12720,-44.0,1,-,0,0,0,0,0.0,-,0,0,0,0,0.0,ECU,0,1,12756,230,238.0,FAN1,0,0,0,0,0.0,COILS,1,1,12783,0,0.0,PUMP,0,0,0,0,0.0,INJECTOR,1,1,12799,0,0.0,SERVO,1,1,12766,0,0.0,ADD 1,0,1,12783,0,0.0,ADD 2,0,1,12788,0,0.0,ADD 3,0,1,12788,0,0.0,ADD 4,0,1,12739,0,0.0,ADD 5,0,0,0,0,0.0,ADD 6,0,1,12652,0,0.0,ADD 7,0,0,0,0,0.0,EGT2CAN,0,1,12695,0,0.0
1778951602.1646748,238.0,12714,-44.0,1,-,0,0,0,0,0.0,-,0,0,0,0,0.0,ECU,0,1,12701,230,238.0,FAN1,0,0,0,0,0.0,COILS,1,1,12788,0,0.0,PUMP,0,0,0,0,0.0,INJECTOR,1,1,12756,0,0.0,SERVO,1,1,12657,0,0.0,ADD 1,0,1,12777,0,0.0,ADD 2,0,1,12701,0,0.0,ADD 3,0,1,12613,0,0.0,ADD 4,0,1,12695,0,0.0,ADD 5,0,0,0,0,0.0,ADD 6,0,1,12805,0,0.0,ADD 7,0,0,0,0,0.0,EGT2CAN,0,1,12756,0,0.0
1778951602.2161365,240.0,12745,-41.0,1,-,0,0,0,0,0.0,-,0,0,0,0,0.0,ECU,0,1,12756,250,240.0,FAN1,0,0,0,0,0.0,COILS,1,1,12745,0,0.0,PUMP,0,0,0,0,0.0,INJECTOR,1,1,12739,0,0.0,SERVO,1,1,12766,0,0.0,ADD 1,0,1,12766,0,0.0,ADD 2,0,1,12684,0,0.0,ADD 3,0,1,12712,0,0.0,ADD 4,0,1,12630,0,0.0,ADD 5,0,0,0,0,0.0,ADD 6,0,1,12766,0,0.0,ADD 7,0,0,0,0,0.0,EGT2CAN,0,1,12772,0,0.0
1778951602.2667303,238.0,12745,-41.0,1,-,0,0,0,0,0.0,-,0,0,0,0,0.0,ECU,0,1,12663,230,238.0,FAN1,0,0,0,0,0.0,COILS,1,1,12723,0,0.0,PUMP,0,0,0,0,0.0,INJECTOR,1,1,12739,0,0.0,SERVO,1,1,12766,0,0.0,ADD 1,0,1,12783,0,0.0,ADD 2,0,1,12816,0,0.0,ADD 3,0,1,12739,0,0.0,ADD 4,0,1,12641,0,0.0,ADD 5,0,0,0,0,0.0,ADD 6,0,1,12695,0,0.0,ADD 7,0,0,0,0,0.0,EGT2CAN,0,1,12739,0,0.0
1778951602.318779,236.7,12776,-43.0,1,-,0,0,0,0,0.0,-,0,0,0,0,0.0,ECU,0,1,12684,230,236.7,FAN1,0,0,0,0,0.0,COILS,1,1,12695,0,0.0,PUMP,0,0,0,0,0.0,INJECTOR,1,1,12734,0,0.0,SERVO,1,1,12684,0,0.0,ADD 1,0,1,12652,0,0.0,ADD 2,0,1,12652,0,0.0,ADD 3,0,1,12695,0,0.0,ADD 4,0,1,12761,0,0.0,ADD 5,0,0,0,0,0.0,ADD 6,0,1,12816,0,0.0,ADD 7,0,0,0,0,0.0,EGT2CAN,0,1,12766,0,0.0
1778951602.382738,235.0,12726,-44.0,1,-,0,0,0,0,0.0,-,0,0,0,0,0.0,ECU,0,1,12619,230,235.0,FAN1,0,0,0,0,0.0,COILS,1,1,12739,0,0.0,PUMP,0,0,0,0,0.0,INJECTOR,1,1,12750,0,0.0,SERVO,1,1,12613,0,0.0,ADD 1,0,1,12717,0,0.0,ADD 2,0,1,12756,0,0.0,ADD 3,0,1,12788,0,0.0,ADD 4,0,1,12772,0,0.0,ADD 5,0,0,0,0,0.0,ADD 6,0,1,12750,0,0.0,ADD 7,0,0,0,0,0.0,EGT2CAN,0,1,12652,0,0.0
1778951602.433746,236.0,12739,-44.0,1,-,0,0,0,0,0.0,-,0,0,0,0,0.0,ECU,0,1,12613,240,236.0,FAN1,0,0,0,0,0.0,COILS,1,1,12788,0,0.0,PUMP,0,0,0,0,0.0,INJECTOR,1,1,12657,0,0.0,SERVO,1,1,12646,0,0.0,ADD 1,0,1,12739,0,0.0,ADD 2,0,1,12788,0,0.0,ADD 3,0,1,12772,0,0.0,ADD 4,0,1,12712,0,0.0,ADD 5,0,0,0,0,0.0,ADD 6,0,1,12788,0,0.0,ADD 7,0,0,0,0,0.0,EGT2CAN,0,1,12613,0,0.0
1778951602.493652,237.5,12757,-44.0,1,-,0,0,0,0,0.0,-,0,0,0,0,0.0,ECU,0,1,12756,230,237.5,FAN1,0,0,0,0,0.0,COILS,1,1,12613,0,0.0,PUMP,0,0,0,0,0.0,INJECTOR,1,1,12810,0,0.0,SERVO,1,1,12777,0,0.0,ADD 1,0,1,12652,0,0.0,ADD 2,0,1,12684,0,0.0,ADD 3,0,1,12766,0,0.0,ADD 4,0,1,12684,0,0.0,ADD 5,0,0,0,0,0.0,ADD 6,0,1,12673,0,0.0,ADD 7,0,0,0,0,0.0,EGT2CAN,0,1,12701,0,0.0
1778951602.5448081,237.5,12757,-44.0,1,-,0,0,0,0,0.0,-,0,0,0,0,0.0,ECU,0,1,12772,230,237.5,FAN1,0,0,0,0,0.0,COILS,1,1,12613,0,0.0,PUMP,0,0,0,0,0.0,INJECTOR,1,1,12810,0,0.0,SERVO,1,1,12777,0,0.0,ADD 1,0,1,12652,0,0.0,ADD 2,0,1,12684,0,0.0,ADD 3,0,1,12766,0,0.0,ADD 4,0,1,12684,0,0.0,ADD 5,0,0,0,0,0.0,ADD 6,0,1,12673,0,0.0,ADD 7,0,0,0,0,0.0,EGT2CAN,0,1,12701,0,0.0
1778951602.5954523,240.0,12763,-44.0,1,-,0,0,0,0,0.0,-,0,0,0,0,0.0,ECU,0,1,12799,250,240.0,FAN1,0,0,0,0,0.0,COILS,1,1,12772,0,0.0,PUMP,0,0,0,0,0.0,INJECTOR,1,1,12701,0,0.0,SERVO,1,1,12657,0,0.0,ADD 1,0,1,12756,0,0.0,ADD 2,0,1,12772,0,0.0,ADD 3,0,1,12613,0,0.0,ADD 4,0,1,12657,0,0.0,ADD 5,0,0,0,0,0.0,ADD 6,0,1,12772,0,0.0,ADD 7,0,0,0,0,0.0,EGT2CAN,0,1,12788,0,0.0
1778951602.6480744,237.5,12732,-43.0,1,-,0,0,0,0,0.0,-,0,0,0,0,0.0,ECU,0,1,12777,240,237.5,FAN1,0,0,0,0,0.0,COILS,1,1,12794,0,0.0,PUMP,0,0,0,0,0.0,INJECTOR,1,1,12745,0,0.0,SERVO,1,1,12717,0,0.0,ADD 1,0,1,12783,0,0.0,ADD 2,0,1,12816,0,0.0,ADD 3,0,1,12745,0,0.0,ADD 4,0,1,12619,0,0.0,ADD 5,0,0,0,0,0.0,ADD 6,0,1,12750,0,0.0,ADD 7,0,0,0,0,0.0,EGT2CAN,0,1,12739,0,0.0
1778951602.6984322,237.5,12732,-43.0,1,-,0,0,0,0,0.0,-,0,0,0,0,0.0,ECU,0,1,12717,240,237.5,FAN1,0,0,0,0,0.0,COILS,1,1,12810,0,0.0,PUMP,0,0,0,0,0.0,INJECTOR,1,1,12788,0,0.0,SERVO,1,1,12684,0,0.0,ADD 1,0,1,12761,0,0.0,ADD 2,0,1,12684,0,0.0,ADD 3,0,1,12745,0,0.0,ADD 4,0,1,12728,0,0.0,ADD 5,0,0,0,0,0.0,ADD 6,0,1,12750,0,0.0,ADD 7,0,0,0,0,0.0,EGT2CAN,0,1,12739,0,0.0
1778951602.7494383,236.0,12763,-44.0,1,-,0,0,0,0,0.0,-,0,0,0,0,0.0,ECU,0,1,12799,230,236.0,FAN1,0,0,0,0,0.0,COILS,1,1,12684,0,0.0,PUMP,0,0,0,0,0.0,INJECTOR,1,1,12810,0,0.0,SERVO,1,1,12766,0,0.0,ADD 1,0,1,12750,0,0.0,ADD 2,0,1,12712,0,0.0,ADD 3,0,1,12619,0,0.0,ADD 4,0,1,12641,0,0.0,ADD 5,0,0,0,0,0.0,ADD 6,0,1,12734,0,0.0,ADD 7,0,0,0,0,0.0,EGT2CAN,0,1,12728,0,0.0
1778951602.8005583,240.0,12763,-44.0,1,-,0,0,0,0,0.0,-,0,0,0,0,0.0,ECU,0,1,12717,260,240.0,FAN1,0,0,0,0,0.0,COILS,1,1,12788,0,0.0,PUMP,0,0,0,0,0.0,INJECTOR,1,1,12794,0,0.0,SERVO,1,1,12723,0,0.0,ADD 1,0,1,12777,0,0.0,ADD 2,0,1,12761,0,0.0,ADD 3,0,1,12717,0,0.0,ADD 4,0,1,12635,0,0.0,ADD 5,0,0,0,0,0.0,ADD 6,0,1,12717,0,0.0,ADD 7,0,0,0,0,0.0,EGT2CAN,0,1,12766,0,0.0
1778951602.8511617,240.0,12739,-44.0,1,-,0,0,0,0,0.0,-,0,0,0,0,0.0,ECU,0,1,12652,260,240.0,FAN1,0,0,0,0,0.0,COILS,1,1,12788,0,0.0,PUMP,0,0,0,0,0.0,INJECTOR,1,1,12794,0,0.0,SERVO,1,1,12723,0,0.0,ADD 1,0,1,12777,0,0.0,ADD 2,0,1,12761,0,0.0,ADD 3,0,1,12717,0,0.0,ADD 4,0,1,12635,0,0.0,ADD 5,0,0,0,0,0.0,ADD 6,0,1,12717,0,0.0,ADD 7,0,0,0,0,0.0,EGT2CAN,0,1,12766,0,0.0
1778951602.9100966,236.0,12776,-45.0,1,-,0,0,0,0,0.0,-,0,0,0,0,0.0,ECU,0,1,12788,230,236.0,FAN1,0,0,0,0,0.0,COILS,1,1,12695,0,0.0,PUMP,0,0,0,0,0.0,INJECTOR,1,1,12695,0,0.0,SERVO,1,1,12695,0,0.0,ADD 1,0,1,12630,0,0.0,ADD 2,0,1,12728,0,0.0,ADD 3,0,1,12761,0,0.0,ADD 4,0,1,12756,0,0.0,ADD 5,0,0,0,0,0.0,ADD 6,0,1,12772,0,0.0,ADD 7,0,0,0,0,0.0,EGT2CAN,0,1,12761,0,0.0
1778951602.9717824,237.5,12745,-44.0,1,-,0,0,0,0,0.0,-,0,0,0,0,0.0,ECU,0,1,12734,230,237.5,FAN1,0,0,0,0,0.0,COILS,1,1,12641,0,0.0,PUMP,0,0,0,0,0.0,INJECTOR,1,1,12788,0,0.0,SERVO,1,1,12690,0,0.0,ADD 1,0,1,12668,0,0.0,ADD 2,0,1,12652,0,0.0,ADD 3,0,1,12695,0,0.0,ADD 4,0,1,12717,0,0.0,ADD 5,0,0,0,0,0.0,ADD 6,0,1,12788,0,0.0,ADD 7,0,0,0,0,0.0,EGT2CAN,0,1,12788,0,0.0
1778951603.0226405,234.0,12776,-44.0,1,-,0,0,0,0,0.0,-,0,0,0,0,0.0,ECU,0,1,12772,230,234.0,FAN1,0,0,0,0,0.0,COILS,1,1,12630,0,0.0,PUMP,0,0,0,0,0.0,INJECTOR,1,1,12739,0,0.0,SERVO,1,1,12717,0,0.0,ADD 1,0,1,12717,0,0.0,ADD 2,0,1,12663,0,0.0,ADD 3,0,1,12652,0,0.0,ADD 4,0,1,12717,0,0.0,ADD 5,0,0,0,0,0.0,ADD 6,0,1,12827,0,0.0,ADD 7,0,0,0,0,0.0,EGT2CAN,0,1,12739,0,0.0
1778951603.0826306,235.0,12751,-43.0,1,-,0,0,0,0,0.0,-,0,0,0,0,0.0,ECU,0,1,12728,230,235.0,FAN1,0,0,0,0,0.0,COILS,1,1,12772,0,0.0,PUMP,0,0,0,0,0.0,INJECTOR,1,1,12679,0,0.0,SERVO,1,1,12673,0,0.0,ADD 1,0,1,12805,0,0.0,ADD 2,0,1,12777,0,0.0,ADD 3,0,1,12734,0,0.0,ADD 4,0,1,12635,0,0.0,ADD 5,0,0,0,0,0.0,ADD 6,0,1,12772,0,0.0,ADD 7,0,0,0,0,0.0,EGT2CAN,0,1,12783,0,0.0
1778951603.1358135,235.0,12751,-43.0,1,-,0,0,0,0,0.0,-,0,0,0,0,0.0,ECU,0,1,12706,230,235.0,FAN1,0,0,0,0,0.0,COILS,1,1,12772,0,0.0,PUMP,0,0,0,0,0.0,INJECTOR,1,1,12679,0,0.0,SERVO,1,1,12673,0,0.0,ADD 1,0,1,12805,0,0.0,ADD 2,0,1,12777,0,0.0,ADD 3,0,1,12734,0,0.0,ADD 4,0,1,12635,0,0.0,ADD 5,0,0,0,0,0.0,ADD 6,0,1,12772,0,0.0,ADD 7,0,0,0,0,0.0,EGT2CAN,0,1,12783,0,0.0
1778951603.186705,235.0,12751,-43.0,1,-,0,0,0,0,0.0,-,0,0,0,0,0.0,ECU,0,1,12706,230,235.0,FAN1,0,0,0,0,0.0,COILS,1,1,12777,0,0.0,PUMP,0,0,0,0,0.0,INJECTOR,1,1,12783,0,0.0,SERVO,1,1,12668,0,0.0,ADD 1,0,1,12663,0,0.0,ADD 2,0,1,12750,0,0.0,ADD 3,0,1,12717,0,0.0,ADD 4,0,1,12739,0,0.0,ADD 5,0,0,0,0,0.0,ADD 6,0,1,12810,0,0.0,ADD 7,0,0,0,0,0.0,EGT2CAN,0,1,12668,0,0.0
1778951603.237421,240.0,12776,-43.0,1,-,0,0,0,0,0.0,-,0,0,0,0,0.0,ECU,0,1,12772,250,240.0,FAN1,0,0,0,0,0.0,COILS,1,1,12756,0,0.0,PUMP,0,0,0,0,0.0,INJECTOR,1,1,12756,0,0.0,SERVO,1,1,12766,0,0.0,ADD 1,0,1,12701,0,0.0,ADD 2,0,1,12624,0,0.0,ADD 3,0,1,12613,0,0.0,ADD 4,0,1,12734,0,0.0,ADD 5,0,0,0,0,0.0,ADD 6,0,1,12821,0,0.0,ADD 7,0,0,0,0,0.0,EGT2CAN,0,1,12794,0,0.0
1778951603.2896278,240.0,12720,-43.0,1,-,0,0,0,0,0.0,-,0,0,0,0,0.0,ECU,0,1,12723,230,240.0,FAN1,0,0,0,0,0.0,COILS,1,1,12783,0,0.0,PUMP,0,0,0,0,0.0,INJECTOR,1,1,12788,0,0.0,SERVO,1,1,12772,0,0.0,ADD 1,0,1,12684,0,0.0,ADD 2,0,1,12766,0,0.0,ADD 3,0,1,12684,0,0.0,ADD 4,0,1,12739,0,0.0,ADD 5,0,0,0,0,0.0,ADD 6,0,1,12723,0,0.0,ADD 7,0,0,0,0,0.0,EGT2CAN,0,1,12673,0,0.0
1778951603.3446677,240.0,12720,-43.0,1,-,0,0,0,0,0.0,-,0,0,0,0,0.0,ECU,0,1,12668,230,240.0,FAN1,0,0,0,0,0.0,COILS,1,1,12739,0,0.0,PUMP,0,0,0,0,0.0,INJECTOR,1,1,12788,0,0.0,SERVO,1,1,12783,0,0.0,ADD 1,0,1,12684,0,0.0,ADD 2,0,1,12766,0,0.0,ADD 3,0,1,12684,0,0.0,ADD 4,0,1,12739,0,0.0,ADD 5,0,0,0,0,0.0,ADD 6,0,1,12723,0,0.0,ADD 7,0,0,0,0,0.0,EGT2CAN,0,1,12673,0,0.0
1778951603.3978014,242.5,12763,-44.0,1,-,0,0,0,0,0.0,-,0,0,0,0,0.0,ECU,0,1,12766,240,242.5,FAN1,0,0,0,0,0.0,COILS,1,1,12739,0,0.0,PUMP,0,0,0,0,0.0,INJECTOR,1,1,12750,0,0.0,SERVO,1,1,12766,0,0.0,ADD 1,0,1,12810,0,0.0,ADD 2,0,1,12827,0,0.0,ADD 3,0,1,12739,0,0.0,ADD 4,0,1,12630,0,0.0,ADD 5,0,0,0,0,0.0,ADD 6,0,1,12613,0,0.0,ADD 7,0,0,0,0,0.0,EGT2CAN,0,1,12756,0,0.0
1778951603.451525,240.0,12757,-44.0,1,-,0,0,0,0,0.0,-,0,0,0,0,0.0,ECU,0,1,12668,230,240.0,FAN1,0,0,0,0,0.0,COILS,1,1,12706,0,0.0,PUMP,0,0,0,0,0.0,INJECTOR,1,1,12810,0,0.0,SERVO,1,1,12657,0,0.0,ADD 1,0,1,12788,0,0.0,ADD 2,0,1,12805,0,0.0,ADD 3,0,1,12652,0,0.0,ADD 4,0,1,12635,0,0.0,ADD 5,0,0,0,0,0.0,ADD 6,0,1,12788,0,0.0,ADD 7,0,0,0,0,0.0,EGT2CAN,0,1,12805,0,0.0
1778951603.5024955,240.0,12757,-44.0,1,-,0,0,0,0,0.0,-,0,0,0,0,0.0,ECU,0,1,12646,240,240.0,FAN1,0,0,0,0,0.0,COILS,1,1,12772,0,0.0,PUMP,0,0,0,0,0.0,INJECTOR,1,1,12701,0,0.0,SERVO,1,1,12591,0,0.0,ADD 1,0,1,12756,0,0.0,ADD 2,0,1,12777,0,0.0,ADD 3,0,1,12739,0,0.0,ADD 4,0,1,12772,0,0.0,ADD 5,0,0,0,0,0.0,ADD 6,0,1,12810,0,0.0,ADD 7,0,0,0,0,0.0,EGT2CAN,0,1,12597,0,0.0
1778951603.5534673,240.0,12751,-43.0,1,-,0,0,0,0,0.0,-,0,0,0,0,0.0,ECU,0,1,12646,240,240.0,FAN1,0,0,0,0,0.0,COILS,1,1,12772,0,0.0,PUMP,0,0,0,0,0.0,INJECTOR,1,1,12701,0,0.0,SERVO,1,1,12591,0,0.0,ADD 1,0,1,12756,0,0.0,ADD 2,0,1,12777,0,0.0,ADD 3,0,1,12739,0,0.0,ADD 4,0,1,12772,0,0.0,ADD 5,0,0,0,0,0.0,ADD 6,0,1,12810,0,0.0,ADD 7,0,0,0,0,0.0,EGT2CAN,0,1,12597,0,0.0
1778951603.6099427,240.0,12763,-44.0,1,-,0,0,0,0,0.0,-,0,0,0,0,0.0,ECU,0,1,12739,250,240.0,FAN1,0,0,0,0,0.0,COILS,1,1,12717,0,0.0,PUMP,0,0,0,0,0.0,INJECTOR,1,1,12712,0,0.0,SERVO,1,1,12695,0,0.0,ADD 1,0,1,12777,0,0.0,ADD 2,0,1,12788,0,0.0,ADD 3,0,1,12788,0,0.0,ADD 4,0,1,12723,0,0.0,ADD 5,0,0,0,0,0.0,ADD 6,0,1,12684,0,0.0,ADD 7,0,0,0,0,0.0,EGT2CAN,0,1,12717,0,0.0
1778951603.6741362,237.5,12782,-43.0,1,-,0,0,0,0,0.0,-,0,0,0,0,0.0,ECU,0,1,12668,230,237.5,FAN1,0,0,0,0,0.0,COILS,1,1,12788,0,0.0,PUMP,0,0,0,0,0.0,INJECTOR,1,1,12679,0,0.0,SERVO,1,1,12630,0,0.0,ADD 1,0,1,12745,0,0.0,ADD 2,0,1,12684,0,0.0,ADD 3,0,1,12783,0,0.0,ADD 4,0,1,12684,0,0.0,ADD 5,0,0,0,0,0.0,ADD 6,0,1,12739,0,0.0,ADD 7,0,0,0,0,0.0,EGT2CAN,0,1,12663,0,0.0
1778951603.7262042,234.0,12794,-44.0,1,-,0,0,0,0,0.0,-,0,0,0,0,0.0,ECU,0,1,12777,230,234.0,FAN1,0,0,0,0,0.0,COILS,1,1,12794,0,0.0,PUMP,0,0,0,0,0.0,INJECTOR,1,1,12799,0,0.0,SERVO,1,1,12739,0,0.0,ADD 1,0,1,12646,0,0.0,ADD 2,0,1,12701,0,0.0,ADD 3,0,1,12772,0,0.0,ADD 4,0,1,12766,0,0.0,ADD 5,0,0,0,0,0.0,ADD 6,0,1,12772,0,0.0,ADD 7,0,0,0,0,0.0,EGT2CAN,0,1,12717,0,0.0
1778951603.7779188,234.0,12794,-44.0,1,-,0,0,0,0,0.0,-,0,0,0,0,0.0,ECU,0,1,12739,230,234.0,FAN1,0,0,0,0,0.0,COILS,1,1,12794,0,0.0,PUMP,0,0,0,0,0.0,INJECTOR,1,1,12799,0,0.0,SERVO,1,1,12739,0,0.0,ADD 1,0,1,12646,0,0.0,ADD 2,0,1,12701,0,0.0,ADD 3,0,1,12772,0,0.0,ADD 4,0,1,12766,0,0.0,ADD 5,0,0,0,0,0.0,ADD 6,0,1,12772,0,0.0,ADD 7,0,0,0,0,0.0,EGT2CAN,0,1,12717,0,0.0
1778951603.8291273,235.0,12776,-44.0,1,-,0,0,0,0,0.0,-,0,0,0,0,0.0,ECU,0,1,12739,250,235.0,FAN1,0,0,0,0,0.0,COILS,1,1,12766,0,0.0,PUMP,0,0,0,0,0.0,INJECTOR,1,1,12750,0,0.0,SERVO,1,1,12706,0,0.0,ADD 1,0,1,12799,0,0.0,ADD 2,0,1,12772,0,0.0,ADD 3,0,1,12641,0,0.0,ADD 4,0,1,12597,0,0.0,ADD 5,0,0,0,0,0.0,ADD 6,0,1,12810,0,0.0,ADD 7,0,0,0,0,0.0,EGT2CAN,0,1,12750,0,0.0
1778951603.8802123,242.0,12720,-44.0,1,-,0,0,0,0,0.0,-,0,0,0,0,0.0,ECU,0,1,12794,240,242.0,FAN1,0,0,0,0,0.0,COILS,1,1,12750,0,0.0,PUMP,0,0,0,0,0.0,INJECTOR,1,1,12766,0,0.0,SERVO,1,1,12734,0,0.0,ADD 1,0,1,12805,0,0.0,ADD 2,0,1,12766,0,0.0,ADD 3,0,1,12663,0,0.0,ADD 4,0,1,12597,0,0.0,ADD 5,0,0,0,0,0.0,ADD 6,0,1,12772,0,0.0,ADD 7,0,0,0,0,0.0,EGT2CAN,0,1,12805,0,0.0
1778951603.9311523,242.0,12720,-44.0,1,-,0,0,0,0,0.0,-,0,0,0,0,0.0,ECU,0,1,12690,240,242.0,FAN1,0,0,0,0,0.0,COILS,1,1,12750,0,0.0,PUMP,0,0,0,0,0.0,INJECTOR,1,1,12766,0,0.0,SERVO,1,1,12734,0,0.0,ADD 1,0,1,12805,0,0.0,ADD 2,0,1,12766,0,0.0,ADD 3,0,1,12663,0,0.0,ADD 4,0,1,12597,0,0.0,ADD 5,0,0,0,0,0.0,ADD 6,0,1,12772,0,0.0,ADD 7,0,0,0,0,0.0,EGT2CAN,0,1,12805,0,0.0
1778951603.9821508,245.0,12720,-44.0,1,-,0,0,0,0,0.0,-,0,0,0,0,0.0,ECU,0,1,12690,230,245.0,FAN1,0,0,0,0,0.0,COILS,1,1,12756,0,0.0,PUMP,0,0,0,0,0.0,INJECTOR,1,1,12756,0,0.0,SERVO,1,1,12663,0,0.0,ADD 1,0,1,12766,0,0.0,ADD 2,0,1,12827,0,0.0,ADD 3,0,1,12766,0,0.0,ADD 4,0,1,12739,0,0.0,ADD 5,0,0,0,0,0.0,ADD 6,0,1,12810,0,0.0,ADD 7,0,0,0,0,0.0,EGT2CAN,0,1,12613,0,0.0
1778951604.0331242,246.0,12751,-45.0,1,-,0,0,0,0,0.0,-,0,0,0,0,0.0,ECU,0,1,12657,250,246.0,FAN1,0,0,0,0,0.0,COILS,1,1,12734,0,0.0,PUMP,0,0,0,0,0.0,INJECTOR,1,1,12673,0,0.0,SERVO,1,1,12652,0,0.0,ADD 1,0,1,12679,0,0.0,ADD 2,0,1,12810,0,0.0,ADD 3,0,1,12810,0,0.0,ADD 4,0,1,12788,0,0.0,ADD 5,0,0,0,0,0.0,ADD 6,0,1,12777,0,0.0,ADD 7,0,0,0,0,0.0,EGT2CAN,0,1,12652,0,0.0
1778951604.0841322,240.0,12751,-45.0,1,-,0,0,0,0,0.0,-,0,0,0,0,0.0,ECU,0,1,12794,230,240.0,FAN1,0,0,0,0,0.0,COILS,1,1,12794,0,0.0,PUMP,0,0,0,0,0.0,INJECTOR,1,1,12613,0,0.0,SERVO,1,1,12652,0,0.0,ADD 1,0,1,12734,0,0.0,ADD 2,0,1,12810,0,0.0,ADD 3,0,1,12756,0,0.0,ADD 4,0,1,12624,0,0.0,ADD 5,0,0,0,0,0.0,ADD 6,0,1,12717,0,0.0,ADD 7,0,0,0,0,0.0,EGT2CAN,0,1,12777,0,0.0
1778951604.1378884,240.0,12776,-43.0,1,-,0,0,0,0,0.0,-,0,0,0,0,0.0,ECU,0,1,12794,230,240.0,FAN1,0,0,0,0,0.0,COILS,1,1,12794,0,0.0,PUMP,0,0,0,0,0.0,INJECTOR,1,1,12613,0,0.0,SERVO,1,1,12652,0,0.0,ADD 1,0,1,12734,0,0.0,ADD 2,0,1,12810,0,0.0,ADD 3,0,1,12756,0,0.0,ADD 4,0,1,12624,0,0.0,ADD 5,0,0,0,0,0.0,ADD 6,0,1,12717,0,0.0,ADD 7,0,0,0,0,0.0,EGT2CAN,0,1,12777,0,0.0
1778951604.1881473,240.0,12782,-45.0,1,-,0,0,0,0,0.0,-,0,0,0,0,0.0,ECU,0,1,12766,240,240.0,FAN1,0,0,0,0,0.0,COILS,1,1,12766,0,0.0,PUMP,0,0,0,0,0.0,INJECTOR,1,1,12652,0,0.0,SERVO,1,1,12788,0,0.0,ADD 1,0,1,12717,0,0.0,ADD 2,0,1,12805,0,0.0,ADD 3,0,1,12761,0,0.0,ADD 4,0,1,12734,0,0.0,ADD 5,0,0,0,0,0.0,ADD 6,0,1,12821,0,0.0,ADD 7,0,0,0,0,0.0,EGT2CAN,0,1,12581,0,0.0
1778951604.2391315,236.0,12782,-45.0,1,-,0,0,0,0,0.0,-,0,0,0,0,0.0,ECU,0,1,12810,230,236.0,FAN1,0,0,0,0,0.0,COILS,1,1,12788,0,0.0,PUMP,0,0,0,0,0.0,INJECTOR,1,1,12684,0,0.0,SERVO,1,1,12766,0,0.0,ADD 1,0,1,12613,0,0.0,ADD 2,0,1,12739,0,0.0,ADD 3,0,1,12745,0,0.0,ADD 4,0,1,12745,0,0.0,ADD 5,0,0,0,0,0.0,ADD 6,0,1,12794,0,0.0,ADD 7,0,0,0,0,0.0,EGT2CAN,0,1,12701,0,0.0
1778951604.290123,236.0,12769,-44.0,1,-,0,0,0,0,0.0,-,0,0,0,0,0.0,ECU,0,1,12810,230,236.0,FAN1,0,0,0,0,0.0,COILS,1,1,12788,0,0.0,PUMP,0,0,0,0,0.0,INJECTOR,1,1,12684,0,0.0,SERVO,1,1,12766,0,0.0,ADD 1,0,1,12613,0,0.0,ADD 2,0,1,12739,0,0.0,ADD 3,0,1,12745,0,0.0,ADD 4,0,1,12745,0,0.0,ADD 5,0,0,0,0,0.0,ADD 6,0,1,12794,0,0.0,ADD 7,0,0,0,0,0.0,EGT2CAN,0,1,12701,0,0.0
1778951604.340658,232.0,12726,-44.0,1,-,0,0,0,0,0.0,-,0,0,0,0,0.0,ECU,0,1,12750,230,232.0,FAN1,0,0,0,0,0.0,COILS,1,1,12810,0,0.0,PUMP,0,0,0,0,0.0,INJECTOR,1,1,12756,0,0.0,SERVO,1,1,12739,0,0.0,ADD 1,0,1,12739,0,0.0,ADD 2,0,1,12668,0,0.0,ADD 3,0,1,12684,0,0.0,ADD 4,0,1,12723,0,0.0,ADD 5,0,0,0,0,0.0,ADD 6,0,1,12777,0,0.0,ADD 7,0,0,0,0,0.0,EGT2CAN,0,1,12794,0,0.0
1778951604.3919566,235.0,12726,-44.0,1,-,0,0,0,0,0.0,-,0,0,0,0,0.0,ECU,0,1,12788,250,235.0,FAN1,0,0,0,0,0.0,COILS,1,1,12766,0,0.0,PUMP,0,0,0,0,0.0,INJECTOR,1,1,12810,0,0.0,SERVO,1,1,12772,0,0.0,ADD 1,0,1,12777,0,0.0,ADD 2,0,1,12750,0,0.0,ADD 3,0,1,12646,0,0.0,ADD 4,0,1,12635,0,0.0,ADD 5,0,0,0,0,0.0,ADD 6,0,1,12810,0,0.0,ADD 7,0,0,0,0,0.0,EGT2CAN,0,1,12766,0,0.0
1778951604.4424522,235.0,12769,-44.0,1,-,0,0,0,0,0.0,-,0,0,0,0,0.0,ECU,0,1,12788,250,235.0,FAN1,0,0,0,0,0.0,COILS,1,1,12766,0,0.0,PUMP,0,0,0,0,0.0,INJECTOR,1,1,12810,0,0.0,SERVO,1,1,12772,0,0.0,ADD 1,0,1,12777,0,0.0,ADD 2,0,1,12750,0,0.0,ADD 3,0,1,12646,0,0.0,ADD 4,0,1,12635,0,0.0,ADD 5,0,0,0,0,0.0,ADD 6,0,1,12810,0,0.0,ADD 7,0,0,0,0,0.0,EGT2CAN,0,1,12766,0,0.0
1778951604.4930296,238.0,12763,-43.0,1,-,0,0,0,0,0.0,-,0,0,0,0,0.0,ECU,0,1,12646,230,238.0,FAN1,0,0,0,0,0.0,COILS,1,1,12712,0,0.0,PUMP,0,0,0,0,0.0,INJECTOR,1,1,12810,0,0.0,SERVO,1,1,12788,0,0.0,ADD 1,0,1,12641,0,0.0,ADD 2,0,1,12766,0,0.0,ADD 3,0,1,12788,0,0.0,ADD 4,0,1,12766,0,0.0,ADD 5,0,0,0,0,0.0,ADD 6,0,1,12777,0,0.0,ADD 7,0,0,0,0,0.0,EGT2CAN,0,1,12679,0,0.0
1778951604.5536652,238.3,12782,-43.0,1,-,0,0,0,0,0.0,-,0,0,0,0,0.0,ECU,0,1,12630,240,238.3,FAN1,0,0,0,0,0.0,COILS,1,1,12756,0,0.0,PUMP,0,0,0,0,0.0,INJECTOR,1,1,12783,0,0.0,SERVO,1,1,12630,0,0.0,ADD 1,0,1,12761,0,0.0,ADD 2,0,1,12783,0,0.0,ADD 3,0,1,12794,0,0.0,ADD 4,0,1,12761,0,0.0,ADD 5,0,0,0,0,0.0,ADD 6,0,1,12630,0,0.0,ADD 7,0,0,0,0,0.0,EGT2CAN,0,1,12750,0,0.0
1778951604.6090293,238.3,12782,-43.0,1,-,0,0,0,0,0.0,-,0,0,0,0,0.0,ECU,0,1,12788,240,238.3,FAN1,0,0,0,0,0.0,COILS,1,1,12673,0,0.0,PUMP,0,0,0,0,0.0,INJECTOR,1,1,12766,0,0.0,SERVO,1,1,12684,0,0.0,ADD 1,0,1,12766,0,0.0,ADD 2,0,1,12783,0,0.0,ADD 3,0,1,12739,0,0.0,ADD 4,0,1,12766,0,0.0,ADD 5,0,0,0,0,0.0,ADD 6,0,1,12630,0,0.0,ADD 7,0,0,0,0,0.0,EGT2CAN,0,1,12750,0,0.0
1778951604.6592317,242.0,12776,-43.0,1,-,0,0,0,0,0.0,-,0,0,0,0,0.0,ECU,0,1,12783,240,242.0,FAN1,0,0,0,0,0.0,COILS,1,1,12663,0,0.0,PUMP,0,0,0,0,0.0,INJECTOR,1,1,12723,0,0.0,SERVO,1,1,12663,0,0.0,ADD 1,0,1,12772,0,0.0,ADD 2,0,1,12816,0,0.0,ADD 3,0,1,12788,0,0.0,ADD 4,0,1,12766,0,0.0,ADD 5,0,0,0,0,0.0,ADD 6,0,1,12766,0,0.0,ADD 7,0,0,0,0,0.0,EGT2CAN,0,1,12690,0,0.0
1778951604.7123194,240.0,12788,-44.0,1,-,0,0,0,0,0.0,-,0,0,0,0,0.0,ECU,0,1,12783,230,240.0,FAN1,0,0,0,0,0.0,COILS,1,1,12663,0,0.0,PUMP,0,0,0,0,0.0,INJECTOR,1,1,12723,0,0.0,SERVO,1,1,12663,0,0.0,ADD 1,0,1,12772,0,0.0,ADD 2,0,1,12816,0,0.0,ADD 3,0,1,12788,0,0.0,ADD 4,0,1,12766,0,0.0,ADD 5,0,0,0,0,0.0,ADD 6,0,1,12816,0,0.0,ADD 7,0,0,0,0,0.0,EGT2CAN,0,1,12641,0,0.0
1778951604.7656074,240.0,12788,-44.0,1,-,0,0,0,0,0.0,-,0,0,0,0,0.0,ECU,0,1,12663,230,240.0,FAN1,0,0,0,0,0.0,COILS,1,1,12756,0,0.0,PUMP,0,0,0,0,0.0,INJECTOR,1,1,12777,0,0.0,SERVO,1,1,12717,0,0.0,ADD 1,0,1,12673,0,0.0,ADD 2,0,1,12739,0,0.0,ADD 3,0,1,12745,0,0.0,ADD 4,0,1,12761,0,0.0,ADD 5,0,0,0,0,0.0,ADD 6,0,1,12816,0,0.0,ADD 7,0,0,0,0,0.0,EGT2CAN,0,1,12641,0,0.0
1778951604.8162918,241.7,12763,-44.0,1,-,0,0,0,0,0.0,-,0,0,0,0,0.0,ECU,0,1,12756,260,241.7,FAN1,0,0,0,0,0.0,COILS,1,1,12805,0,0.0,PUMP,0,0,0,0,0.0,INJECTOR,1,1,12766,0,0.0,SERVO,1,1,12772,0,0.0,ADD 1,0,1,12695,0,0.0,ADD 2,0,1,12630,0,0.0,ADD 3,0,1,12673,0,0.0,ADD 4,0,1,12717,0,0.0,ADD 5,0,0,0,0,0.0,ADD 6,0,1,12772,0,0.0,ADD 7,0,0,0,0,0.0,EGT2CAN,0,1,12761,0,0.0
1778951604.8673735,241.7,12763,-44.0,1,-,0,0,0,0,0.0,-,0,0,0,0,0.0,ECU,0,1,12756,260,241.7,FAN1,0,0,0,0,0.0,COILS,1,1,12805,0,0.0,PUMP,0,0,0,0,0.0,INJECTOR,1,1,12766,0,0.0,SERVO,1,1,12772,0,0.0,ADD 1,0,1,12695,0,0.0,ADD 2,0,1,12630,0,0.0,ADD 3,0,1,12673,0,0.0,ADD 4,0,1,12717,0,0.0,ADD 5,0,0,0,0,0.0,ADD 6,0,1,12772,0,0.0,ADD 7,0,0,0,0,0.0,EGT2CAN,0,1,12761,0,0.0
1778951604.9203496,241.7,12763,-44.0,1,-,0,0,0,0,0.0,-,0,0,0,0,0.0,ECU,0,1,12788,260,241.7,FAN1,0,0,0,0,0.0,COILS,1,1,12810,0,0.0,PUMP,0,0,0,0,0.0,INJECTOR,1,1,12805,0,0.0,SERVO,1,1,12728,0,0.0,ADD 1,0,1,12810,0,0.0,ADD 2,0,1,12777,0,0.0,ADD 3,0,1,12690,0,0.0,ADD 4,0,1,12646,0,0.0,ADD 5,0,0,0,0,0.0,ADD 6,0,1,12772,0,0.0,ADD 7,0,0,0,0,0.0,EGT2CAN,0,1,12761,0,0.0
1778951604.970892,240.0,12794,-43.0,1,-,0,0,0,0,0.0,-,0,0,0,0,0.0,ECU,0,1,12652,250,240.0,FAN1,0,0,0,0,0.0,COILS,1,1,12745,0,0.0,PUMP,0,0,0,0,0.0,INJECTOR,1,1,12706,0,0.0,SERVO,1,1,12652,0,0.0,ADD 1,0,1,12739,0,0.0,ADD 2,0,1,12832,0,0.0,ADD 3,0,1,12663,0,0.0,ADD 4,0,1,12652,0,0.0,ADD 5,0,0,0,0,0.0,ADD 6,0,1,12805,0,0.0,ADD 7,0,0,0,0,0.0,EGT2CAN,0,1,12794,0,0.0
1778951605.022285,240.0,12794,-43.0,1,-,0,0,0,0,0.0,-,0,0,0,0,0.0,ECU,0,1,12652,250,240.0,FAN1,0,0,0,0,0.0,COILS,1,1,12745,0,0.0,PUMP,0,0,0,0,0.0,INJECTOR,1,1,12706,0,0.0,SERVO,1,1,12652,0,0.0,ADD 1,0,1,12739,0,0.0,ADD 2,0,1,12832,0,0.0,ADD 3,0,1,12663,0,0.0,ADD 4,0,1,12652,0,0.0,ADD 5,0,0,0,0,0.0,ADD 6,0,1,12805,0,0.0,ADD 7,0,0,0,0,0.0,EGT2CAN,0,1,12794,0,0.0
1778951605.075695,240.0,12794,-43.0,1,-,0,0,0,0,0.0,-,0,0,0,0,0.0,ECU,0,1,12679,250,240.0,FAN1,0,0,0,0,0.0,COILS,1,1,12728,0,0.0,PUMP,0,0,0,0,0.0,INJECTOR,1,1,12701,0,0.0,SERVO,1,1,12739,0,0.0,ADD 1,0,1,12783,0,0.0,ADD 2,0,1,12827,0,0.0,ADD 3,0,1,12745,0,0.0,ADD 4,0,1,12684,0,0.0,ADD 5,0,0,0,0,0.0,ADD 6,0,1,12805,0,0.0,ADD 7,0,0,0,0,0.0,EGT2CAN,0,1,12794,0,0.0
1778951605.1258955,238.3,12776,-43.0,1,-,0,0,0,0,0.0,-,0,0,0,0,0.0,ECU,0,1,12805,240,238.3,FAN1,0,0,0,0,0.0,COILS,1,1,12756,0,0.0,PUMP,0,0,0,0,0.0,INJECTOR,1,1,12684,0,0.0,SERVO,1,1,12728,0,0.0,ADD 1,0,1,12788,0,0.0,ADD 2,0,1,12805,0,0.0,ADD 3,0,1,12761,0,0.0,ADD 4,0,1,12745,0,0.0,ADD 5,0,0,0,0,0.0,ADD 6,0,1,12684,0,0.0,ADD 7,0,0,0,0,0.0,EGT2CAN,0,1,12684,0,0.0
1778951605.1768665,238.3,12776,-43.0,1,-,0,0,0,0,0.0,-,0,0,0,0,0.0,ECU,0,1,12805,240,238.3,FAN1,0,0,0,0,0.0,COILS,1,1,12756,0,0.0,PUMP,0,0,0,0,0.0,INJECTOR,1,1,12684,0,0.0,SERVO,1,1,12728,0,0.0,ADD 1,0,1,12788,0,0.0,ADD 2,0,1,12805,0,0.0,ADD 3,0,1,12761,0,0.0,ADD 4,0,1,12745,0,0.0,ADD 5,0,0,0,0,0.0,ADD 6,0,1,12684,0,0.0,ADD 7,0,0,0,0,0.0,EGT2CAN,0,1,12684,0,0.0
1778951605.228741,238.3,12776,-43.0,1,-,0,0,0,0,0.0,-,0,0,0,0,0.0,ECU,0,1,12630,240,238.3,FAN1,0,0,0,0,0.0,COILS,1,1,12810,0,0.0,PUMP,0,0,0,0,0.0,INJECTOR,1,1,12761,0,0.0,SERVO,1,1,12646,0,0.0,ADD 1,0,1,12684,0,0.0,ADD 2,0,1,12777,0,0.0,ADD 3,0,1,12734,0,0.0,ADD 4,0,1,12734,0,0.0,ADD 5,0,0,0,0,0.0,ADD 6,0,1,12832,0,0.0,ADD 7,0,0,0,0,0.0,EGT2CAN,0,1,12679,0,0.0
1778951605.2794259,243.3,12776,-44.0,1,-,0,0,0,0,0.0,-,0,0,0,0,0.0,ECU,0,1,12766,230,243.3,FAN1,0,0,0,0,0.0,COILS,1,1,12810,0,0.0,PUMP,0,0,0,0,0.0,INJECTOR,1,1,12750,0,0.0,SERVO,1,1,12695,0,0.0,ADD 1,0,1,12745,0,0.0,ADD 2,0,1,12832,0,0.0,ADD 3,0,1,12799,0,0.0,ADD 4,0,1,12684,0,0.0,ADD 5,0,0,0,0,0.0,ADD 6,0,1,12652,0,0.0,ADD 7,0,0,0,0,0.0,EGT2CAN,0,1,12717,0,0.0
1778951605.3304677,243.3,12776,-44.0,1,-,0,0,0,0,0.0,-,0,0,0,0,0.0,ECU,0,1,12810,230,243.3,FAN1,0,0,0,0,0.0,COILS,1,1,12766,0,0.0,PUMP,0,0,0,0,0.0,INJECTOR,1,1,12821,0,0.0,SERVO,1,1,12756,0,0.0,ADD 1,0,1,12745,0,0.0,ADD 2,0,1,12832,0,0.0,ADD 3,0,1,12799,0,0.0,ADD 4,0,1,12684,0,0.0,ADD 5,0,0,0,0,0.0,ADD 6,0,1,12652,0,0.0,ADD 7,0,0,0,0,0.0,EGT2CAN,0,1,12717,0,0.0
1778951605.3819845,242.5,12776,-44.0,1,-,0,0,0,0,0.0,-,0,0,0,0,0.0,ECU,0,1,12810,230,242.5,FAN1,0,0,0,0,0.0,COILS,1,1,12766,0,0.0,PUMP,0,0,0,0,0.0,INJECTOR,1,1,12821,0,0.0,SERVO,1,1,12756,0,0.0,ADD 1,0,1,12750,0,0.0,ADD 2,0,1,12717,0,0.0,ADD 3,0,1,12663,0,0.0,ADD 4,0,1,12679,0,0.0,ADD 5,0,0,0,0,0.0,ADD 6,0,1,12766,0,0.0,ADD 7,0,0,0,0,0.0,EGT2CAN,0,1,12799,0,0.0
1778951605.4331138,243.3,12739,-45.0,1,-,0,0,0,0,0.0,-,0,0,0,0,0.0,ECU,0,1,12695,250,243.3,FAN1,0,0,0,0,0.0,COILS,1,1,12734,0,0.0,PUMP,0,0,0,0,0.0,INJECTOR,1,1,12756,0,0.0,SERVO,1,1,12679,0,0.0,ADD 1,0,1,12766,0,0.0,ADD 2,0,1,12684,0,0.0,ADD 3,0,1,12783,0,0.0,ADD 4,0,1,12668,0,0.0,ADD 5,0,0,0,0,0.0,ADD 6,0,1,12717,0,0.0,ADD 7,0,0,0,0,0.0,EGT2CAN,0,1,12805,0,0.0
1778951605.4859788,237.5,12794,-43.0,1,-,0,0,0,0,0.0,-,0,0,0,0,0.0,ECU,0,1,12608,230,237.5,FAN1,0,0,0,0,0.0,COILS,1,1,12766,0,0.0,PUMP,0,0,0,0,0.0,INJECTOR,1,1,12679,0,0.0,SERVO,1,1,12630,0,0.0,ADD 1,0,1,12766,0,0.0,ADD 2,0,1,12777,0,0.0,ADD 3,0,1,12788,0,0.0,ADD 4,0,1,12739,0,0.0,ADD 5,0,0,0,0,0.0,ADD 6,0,1,12679,0,0.0,ADD 7,0,0,0,0,0.0,EGT2CAN,0,1,12756,0,0.0
1778951605.5376363,237.5,12794,-43.0,1,-,0,0,0,0,0.0,-,0,0,0,0,0.0,ECU,0,1,12608,230,237.5,FAN1,0,0,0,0,0.0,COILS,1,1,12766,0,0.0,PUMP,0,0,0,0,0.0,INJECTOR,1,1,12679,0,0.0,SERVO,1,1,12630,0,0.0,ADD 1,0,1,12766,0,0.0,ADD 2,0,1,12777,0,0.0,ADD 3,0,1,12788,0,0.0,ADD 4,0,1,12739,0,0.0,ADD 5,0,0,0,0,0.0,ADD 6,0,1,12679,0,0.0,ADD 7,0,0,0,0,0.0,EGT2CAN,0,1,12756,0,0.0
1778951605.588674,238.0,12788,-43.0,1,-,0,0,0,0,0.0,-,0,0,0,0,0.0,ECU,0,1,12788,240,238.0,FAN1,0,0,0,0,0.0,COILS,1,1,12652,0,0.0,PUMP,0,0,0,0,0.0,INJECTOR,1,1,12695,0,0.0,SERVO,1,1,12657,0,0.0,ADD 1,0,1,12766,0,0.0,ADD 2,0,1,12761,0,0.0,ADD 3,0,1,12673,0,0.0,ADD 4,0,1,12695,0,0.0,ADD 5,0,0,0,0,0.0,ADD 6,0,1,12832,0,0.0,ADD 7,0,0,0,0,0.0,EGT2CAN,0,1,12777,0,0.0
1778951605.6398232,241.7,12788,-43.0,1,-,0,0,0,0,0.0,-,0,0,0,0,0.0,ECU,0,1,12613,260,241.7,FAN1,0,0,0,0,0.0,COILS,1,1,12756,0,0.0,PUMP,0,0,0,0,0.0,INJECTOR,1,1,12766,0,0.0,SERVO,1,1,12657,0,0.0,ADD 1,0,1,12695,0,0.0,ADD 2,0,1,12761,0,0.0,ADD 3,0,1,12750,0,0.0,ADD 4,0,1,12739,0,0.0,ADD 5,0,0,0,0,0.0,ADD 6,0,1,12756,0,0.0,ADD 7,0,0,0,0,0.0,EGT2CAN,0,1,12695,0,0.0
1778951605.6909232,241.7,12800,-44.0,1,-,0,0,0,0,0.0,-,0,0,0,0,0.0,ECU,0,1,12613,260,241.7,FAN1,0,0,0,0,0.0,COILS,1,1,12756,0,0.0,PUMP,0,0,0,0,0.0,INJECTOR,1,1,12766,0,0.0,SERVO,1,1,12657,0,0.0,ADD 1,0,1,12695,0,0.0,ADD 2,0,1,12761,0,0.0,ADD 3,0,1,12750,0,0.0,ADD 4,0,1,12739,0,0.0,ADD 5,0,0,0,0,0.0,ADD 6,0,1,12756,0,0.0,ADD 7,0,0,0,0,0.0,EGT2CAN,0,1,12695,0,0.0
1778951605.741348,238.0,12751,-44.0,1,-,0,0,0,0,0.0,-,0,0,0,0,0.0,ECU,0,1,12777,230,238.0,FAN1,0,0,0,0,0.0,COILS,1,1,12766,0,0.0,PUMP,0,0,0,0,0.0,INJECTOR,1,1,12799,0,0.0,SERVO,1,1,12739,0,0.0,ADD 1,0,1,12652,0,0.0,ADD 2,0,1,12690,0,0.0,ADD 3,0,1,12739,0,0.0,ADD 4,0,1,12761,0,0.0,ADD 5,0,0,0,0,0.0,ADD 6,0,1,12772,0,0.0,ADD 7,0,0,0,0,0.0,EGT2CAN,0,1,12739,0,0.0
1778951605.7923374,240.0,12788,-43.0,1,-,0,0,0,0,0.0,-,0,0,0,0,0.0,ECU,0,1,12750,240,240.0,FAN1,0,0,0,0,0.0,COILS,1,1,12827,0,0.0,PUMP,0,0,0,0,0.0,INJECTOR,1,1,12728,0,0.0,SERVO,1,1,12794,0,0.0,ADD 1,0,1,12821,0,0.0,ADD 2,0,1,12728,0,0.0,ADD 3,0,1,12619,0,0.0,ADD 4,0,1,12663,0,0.0,ADD 5,0,0,0,0,0.0,ADD 6,0,1,12827,0,0.0,ADD 7,0,0,0,0,0.0,EGT2CAN,0,1,12810,0,0.0
1778951605.8601768,240.0,12788,-43.0,1,-,0,0,0,0,0.0,-,0,0,0,0,0.0,ECU,0,1,12745,240,240.0,FAN1,0,0,0,0,0.0,COILS,1,1,12766,0,0.0,PUMP,0,0,0,0,0.0,INJECTOR,1,1,12816,0,0.0,SERVO,1,1,12761,0,0.0,ADD 1,0,1,12821,0,0.0,ADD 2,0,1,12728,0,0.0,ADD 3,0,1,12619,0,0.0,ADD 4,0,1,12663,0,0.0,ADD 5,0,0,0,0,0.0,ADD 6,0,1,12827,0,0.0,ADD 7,0,0,0,0,0.0,EGT2CAN,0,1,12810,0,0.0
1778951605.9118652,233.3,12794,-43.0,1,-,0,0,0,0,0.0,-,0,0,0,0,0.0,ECU,0,1,12673,230,233.3,FAN1,0,0,0,0,0.0,COILS,1,1,12728,0,0.0,PUMP,0,0,0,0,0.0,INJECTOR,1,1,12827,0,0.0,SERVO,1,1,12794,0,0.0,ADD 1,0,1,12788,0,0.0,ADD 2,0,1,12788,0,0.0,ADD 3,0,1,12788,0,0.0,ADD 4,0,1,12679,0,0.0,ADD 5,0,0,0,0,0.0,ADD 6,0,1,12684,0,0.0,ADD 7,0,0,0,0,0.0,EGT2CAN,0,1,12799,0,0.0
1778951605.9704022,233.3,12800,-43.0,1,-,0,0,0,0,0.0,-,0,0,0,0,0.0,ECU,0,1,12673,230,233.3,FAN1,0,0,0,0,0.0,COILS,1,1,12728,0,0.0,PUMP,0,0,0,0,0.0,INJECTOR,1,1,12827,0,0.0,SERVO,1,1,12794,0,0.0,ADD 1,0,1,12788,0,0.0,ADD 2,0,1,12788,0,0.0,ADD 3,0,1,12788,0,0.0,ADD 4,0,1,12679,0,0.0,ADD 5,0,0,0,0,0.0,ADD 6,0,1,12684,0,0.0,ADD 7,0,0,0,0,0.0,EGT2CAN,0,1,12799,0,0.0
1778951606.0224285,233.3,12800,-43.0,1,-,0,0,0,0,0.0,-,0,0,0,0,0.0,ECU,0,1,12756,230,233.3,FAN1,0,0,0,0,0.0,COILS,1,1,12646,0,0.0,PUMP,0,0,0,0,0.0,INJECTOR,1,1,12756,0,0.0,SERVO,1,1,12772,0,0.0,ADD 1,0,1,12788,0,0.0,ADD 2,0,1,12788,0,0.0,ADD 3,0,1,12788,0,0.0,ADD 4,0,1,12679,0,0.0,ADD 5,0,0,0,0,0.0,ADD 6,0,1,12684,0,0.0,ADD 7,0,0,0,0,0.0,EGT2CAN,0,1,12799,0,0.0
1778951606.073058,236.7,12776,-43.0,1,-,0,0,0,0,0.0,-,0,0,0,0,0.0,ECU,0,1,12788,230,236.7,FAN1,0,0,0,0,0.0,COILS,1,1,12673,0,0.0,PUMP,0,0,0,0,0.0,INJECTOR,1,1,12766,0,0.0,SERVO,1,1,12684,0,0.0,ADD 1,0,1,12777,0,0.0,ADD 2,0,1,12695,0,0.0,ADD 3,0,1,12690,0,0.0,ADD 4,0,1,12734,0,0.0,ADD 5,0,0,0,0,0.0,ADD 6,0,1,12821,0,0.0,ADD 7,0,0,0,0,0.0,EGT2CAN,0,1,12810,0,0.0
1778951606.1298056,236.7,12776,-43.0,1,-,0,0,0,0,0.0,-,0,0,0,0,0.0,ECU,0,1,12723,230,236.7,FAN1,0,0,0,0,0.0,COILS,1,1,12673,0,0.0,PUMP,0,0,0,0,0.0,INJECTOR,1,1,12766,0,0.0,SERVO,1,1,12684,0,0.0,ADD 1,0,1,12777,0,0.0,ADD 2,0,1,12695,0,0.0,ADD 3,0,1,12690,0,0.0,ADD 4,0,1,12734,0,0.0,ADD 5,0,0,0,0,0.0,ADD 6,0,1,12821,0,0.0,ADD 7,0,0,0,0,0.0,EGT2CAN,0,1,12810,0,0.0
1778951606.1801596,237.5,12776,-43.0,1,-,0,0,0,0,0.0,-,0,0,0,0,0.0,ECU,0,1,12723,230,237.5,FAN1,0,0,0,0,0.0,COILS,1,1,12750,0,0.0,PUMP,0,0,0,0,0.0,INJECTOR,1,1,12679,0,0.0,SERVO,1,1,12690,0,0.0,ADD 1,0,1,12723,0,0.0,ADD 2,0,1,12766,0,0.0,ADD 3,0,1,12750,0,0.0,ADD 4,0,1,12745,0,0.0,ADD 5,0,0,0,0,0.0,ADD 6,0,1,12756,0,0.0,ADD 7,0,0,0,0,0.0,EGT2CAN,0,1,12690,0,0.0
1778951606.2312129,240.0,12720,-44.0,1,-,0,0,0,0,0.0,-,0,0,0,0,0.0,ECU,0,1,12712,250,240.0,FAN1,0,0,0,0,0.0,COILS,1,1,12821,0,0.0,PUMP,0,0,0,0,0.0,INJECTOR,1,1,12756,0,0.0,SERVO,1,1,12668,0,0.0,ADD 1,0,1,12673,0,0.0,ADD 2,0,1,12766,0,0.0,ADD 3,0,1,12772,0,0.0,ADD 4,0,1,12734,0,0.0,ADD 5,0,0,0,0,0.0,ADD 6,0,1,12827,0,0.0,ADD 7,0,0,0,0,0.0,EGT2CAN,0,1,12728,0,0.0
1778951606.2837744,237.5,12788,-43.0,1,-,0,0,0,0,0.0,-,0,0,0,0,0.0,ECU,0,1,12761,230,237.5,FAN1,0,0,0,0,0.0,COILS,1,1,12794,0,0.0,PUMP,0,0,0,0,0.0,INJECTOR,1,1,12810,0,0.0,SERVO,1,1,12794,0,0.0,ADD 1,0,1,12766,0,0.0,ADD 2,0,1,12832,0,0.0,ADD 3,0,1,12772,0,0.0,ADD 4,0,1,12734,0,0.0,ADD 5,0,0,0,0,0.0,ADD 6,0,1,12663,0,0.0,ADD 7,0,0,0,0,0.0,EGT2CAN,0,1,12766,0,0.0
1778951606.3565917,237.5,12788,-43.0,1,-,0,0,0,0,0.0,-,0,0,0,0,0.0,ECU,0,1,12777,230,237.5,FAN1,0,0,0,0,0.0,COILS,1,1,12766,0,0.0,PUMP,0,0,0,0,0.0,INJECTOR,1,1,12816,0,0.0,SERVO,1,1,12684,0,0.0,ADD 1,0,1,12684,0,0.0,ADD 2,0,1,12816,0,0.0,ADD 3,0,1,12684,0,0.0,ADD 4,0,1,12646,0,0.0,ADD 5,0,0,0,0,0.0,ADD 6,0,1,12663,0,0.0,ADD 7,0,0,0,0,0.0,EGT2CAN,0,1,12766,0,0.0
1778951606.4091449,242.0,12782,-45.0,1,-,0,0,0,0,0.0,-,0,0,0,0,0.0,ECU,0,1,12684,250,242.0,FAN1,0,0,0,0,0.0,COILS,1,1,12766,0,0.0,PUMP,0,0,0,0,0.0,INJECTOR,1,1,12766,0,0.0,SERVO,1,1,12734,0,0.0,ADD 1,0,1,12739,0,0.0,ADD 2,0,1,12827,0,0.0,ADD 3,0,1,12816,0,0.0,ADD 4,0,1,12783,0,0.0,ADD 5,0,0,0,0,0.0,ADD 6,0,1,12673,0,0.0,ADD 7,0,0,0,0,0.0,EGT2CAN,0,1,12684,0,0.0
1778951606.4614227,242.0,12782,-43.0,1,-,0,0,0,0,0.0,-,0,0,0,0,0.0,ECU,0,1,12684,250,242.0,FAN1,0,0,0,0,0.0,COILS,1,1,12766,0,0.0,PUMP,0,0,0,0,0.0,INJECTOR,1,1,12766,0,0.0,SERVO,1,1,12734,0,0.0,ADD 1,0,1,12739,0,0.0,ADD 2,0,1,12827,0,0.0,ADD 3,0,1,12816,0,0.0,ADD 4,0,1,12783,0,0.0,ADD 5,0,0,0,0,0.0,ADD 6,0,1,12673,0,0.0,ADD 7,0,0,0,0,0.0,EGT2CAN,0,1,12684,0,0.0
1778951606.5120814,242.0,12782,-43.0,1,-,0,0,0,0,0.0,-,0,0,0,0,0.0,ECU,0,1,12652,250,242.0,FAN1,0,0,0,0,0.0,COILS,1,1,12783,0,0.0,PUMP,0,0,0,0,0.0,INJECTOR,1,1,12766,0,0.0,SERVO,1,1,12788,0,0.0,ADD 1,0,1,12695,0,0.0,ADD 2,0,1,12783,0,0.0,ADD 3,0,1,12777,0,0.0,ADD 4,0,1,12766,0,0.0,ADD 5,0,0,0,0,0.0,ADD 6,0,1,12777,0,0.0,ADD 7,0,0,0,0,0.0,EGT2CAN,0,1,12684,0,0.0
1778951606.5630696,240.0,12720,-44.0,1,-,0,0,0,0,0.0,-,0,0,0,0,0.0,ECU,0,1,12663,240,240.0,FAN1,0,0,0,0,0.0,COILS,1,1,12777,0,0.0,PUMP,0,0,0,0,0.0,INJECTOR,1,1,12799,0,0.0,SERVO,1,1,12613,0,0.0,ADD 1,0,1,12652,0,0.0,ADD 2,0,1,12777,0,0.0,ADD 3,0,1,12772,0,0.0,ADD 4,0,1,12745,0,0.0,ADD 5,0,0,0,0,0.0,ADD 6,0,1,12816,0,0.0,ADD 7,0,0,0,0,0.0,EGT2CAN,0,1,12652,0,0.0
1778951606.6264668,240.0,12720,-44.0,1,-,0,0,0,0,0.0,-,0,0,0,0,0.0,ECU,0,1,12663,240,240.0,FAN1,0,0,0,0,0.0,COILS,1,1,12777,0,0.0,PUMP,0,0,0,0,0.0,INJECTOR,1,1,12799,0,0.0,SERVO,1,1,12613,0,0.0,ADD 1,0,1,12652,0,0.0,ADD 2,0,1,12777,0,0.0,ADD 3,0,1,12772,0,0.0,ADD 4,0,1,12745,0,0.0,ADD 5,0,0,0,0,0.0,ADD 6,0,1,12816,0,0.0,ADD 7,0,0,0,0,0.0,EGT2CAN,0,1,12652,0,0.0
1778951606.6798487,240.0,12720,-44.0,1,-,0,0,0,0,0.0,-,0,0,0,0,0.0,ECU,0,1,12761,240,240.0,FAN1,0,0,0,0,0.0,COILS,1,1,12657,0,0.0,PUMP,0,0,0,0,0.0,INJECTOR,1,1,12630,0,0.0,SERVO,1,1,12668,0,0.0,ADD 1,0,1,12734,0,0.0,ADD 2,0,1,12783,0,0.0,ADD 3,0,1,12821,0,0.0,ADD 4,0,1,12783,0,0.0,ADD 5,0,0,0,0,0.0,ADD 6,0,1,12739,0,0.0,ADD 7,0,0,0,0,0.0,EGT2CAN,0,1,12695,0,0.0
1778951606.7308009,234.0,12751,-43.0,1,-,0,0,0,0,0.0,-,0,0,0,0,0.0,ECU,0,1,12663,230,234.0,FAN1,0,0,0,0,0.0,COILS,1,1,12788,0,0.0,PUMP,0,0,0,0,0.0,INJECTOR,1,1,12810,0,0.0,SERVO,1,1,12701,0,0.0,ADD 1,0,1,12630,0,0.0,ADD 2,0,1,12728,0,0.0,ADD 3,0,1,12788,0,0.0,ADD 4,0,1,12788,0,0.0,ADD 5,0,0,0,0,0.0,ADD 6,0,1,12788,0,0.0,ADD 7,0,0,0,0,0.0,EGT2CAN,0,1,12684,0,0.0
1778951606.7965617,235.0,12776,-45.0,1,-,0,0,0,0,0.0,-,0,0,0,0,0.0,ECU,0,1,12805,240,235.0,FAN1,0,0,0,0,0.0,COILS,1,1,12788,0,0.0,PUMP,0,0,0,0,0.0,INJECTOR,1,1,12772,0,0.0,SERVO,1,1,12799,0,0.0,ADD 1,0,1,12783,0,0.0,ADD 2,0,1,12827,0,0.0,ADD 3,0,1,12788,0,0.0,ADD 4,0,1,12668,0,0.0,ADD 5,0,0,0,0,0.0,ADD 6,0,1,12717,0,0.0,ADD 7,0,0,0,0,0.0,EGT2CAN,0,1,12756,0,0.0
1778951606.8481176,235.0,12776,-45.0,1,-,0,0,0,0,0.0,-,0,0,0,0,0.0,ECU,0,1,12777,240,235.0,FAN1,0,0,0,0,0.0,COILS,1,1,12810,0,0.0,PUMP,0,0,0,0,0.0,INJECTOR,1,1,12788,0,0.0,SERVO,1,1,12695,0,0.0,ADD 1,0,1,12783,0,0.0,ADD 2,0,1,12827,0,0.0,ADD 3,0,1,12788,0,0.0,ADD 4,0,1,12668,0,0.0,ADD 5,0,0,0,0,0.0,ADD 6,0,1,12717,0,0.0,ADD 7,0,0,0,0,0.0,EGT2CAN,0,1,12756,0,0.0
1778951606.8997276,236.7,12751,-44.0,1,-,0,0,0,0,0.0,-,0,0,0,0,0.0,ECU,0,1,12766,230,236.7,FAN1,0,0,0,0,0.0,COILS,1,1,12772,0,0.0,PUMP,0,0,0,0,0.0,INJECTOR,1,1,12788,0,0.0,SERVO,1,1,12756,0,0.0,ADD 1,0,1,12788,0,0.0,ADD 2,0,1,12695,0,0.0,ADD 3,0,1,12646,0,0.0,ADD 4,0,1,12739,0,0.0,ADD 5,0,0,0,0,0.0,ADD 6,0,1,12843,0,0.0,ADD 7,0,0,0,0,0.0,EGT2CAN,0,1,12756,0,0.0
1778951606.9515042,235.0,12763,-44.0,1,-,0,0,0,0,0.0,-,0,0,0,0,0.0,ECU,0,1,12810,230,235.0,FAN1,0,0,0,0,0.0,COILS,1,1,12799,0,0.0,PUMP,0,0,0,0,0.0,INJECTOR,1,1,12810,0,0.0,SERVO,1,1,12684,0,0.0,ADD 1,0,1,12766,0,0.0,ADD 2,0,1,12684,0,0.0,ADD 3,0,1,12630,0,0.0,ADD 4,0,1,12684,0,0.0,ADD 5,0,0,0,0,0.0,ADD 6,0,1,12788,0,0.0,ADD 7,0,0,0,0,0.0,EGT2CAN,0,1,12684,0,0.0
1778951607.0017798,235.0,12763,-44.0,1,-,0,0,0,0,0.0,-,0,0,0,0,0.0,ECU,0,1,12673,230,235.0,FAN1,0,0,0,0,0.0,COILS,1,1,12756,0,0.0,PUMP,0,0,0,0,0.0,INJECTOR,1,1,12827,0,0.0,SERVO,1,1,12788,0,0.0,ADD 1,0,1,12739,0,0.0,ADD 2,0,1,12766,0,0.0,ADD 3,0,1,12761,0,0.0,ADD 4,0,1,12684,0,0.0,ADD 5,0,0,0,0,0.0,ADD 6,0,1,12788,0,0.0,ADD 7,0,0,0,0,0.0,EGT2CAN,0,1,12684,0,0.0
1778951607.0528152,240.0,12794,-43.0,1,-,0,0,0,0,0.0,-,0,0,0,0,0.0,ECU,0,1,12816,260,240.0,FAN1,0,0,0,0,0.0,COILS,1,1,12673,0,0.0,PUMP,0,0,0,0,0.0,INJECTOR,1,1,12766,0,0.0,SERVO,1,1,12739,0,0.0,ADD 1,0,1,12832,0,0.0,ADD 2,0,1,12827,0,0.0,ADD 3,0,1,12750,0,0.0,ADD 4,0,1,12657,0,0.0,ADD 5,0,0,0,0,0.0,ADD 6,0,1,12772,0,0.0,ADD 7,0,0,0,0,0.0,EGT2CAN,0,1,12750,0,0.0
1778951607.1066556,238.3,12794,-44.0,1,-,0,0,0,0,0.0,-,0,0,0,0,0.0,ECU,0,1,12646,230,238.3,FAN1,0,0,0,0,0.0,COILS,1,1,12794,0,0.0,PUMP,0,0,0,0,0.0,INJECTOR,1,1,12766,0,0.0,SERVO,1,1,12657,0,0.0,ADD 1,0,1,12788,0,0.0,ADD 2,0,1,12788,0,0.0,ADD 3,0,1,12695,0,0.0,ADD 4,0,1,12624,0,0.0,ADD 5,0,0,0,0,0.0,ADD 6,0,1,12788,0,0.0,ADD 7,0,0,0,0,0.0,EGT2CAN,0,1,12810,0,0.0
1778951607.1582906,238.3,12794,-44.0,1,-,0,0,0,0,0.0,-,0,0,0,0,0.0,ECU,0,1,12750,230,238.3,FAN1,0,0,0,0,0.0,COILS,1,1,12613,0,0.0,PUMP,0,0,0,0,0.0,INJECTOR,1,1,12761,0,0.0,SERVO,1,1,12712,0,0.0,ADD 1,0,1,12788,0,0.0,ADD 2,0,1,12832,0,0.0,ADD 3,0,1,12810,0,0.0,ADD 4,0,1,12777,0,0.0,ADD 5,0,0,0,0,0.0,ADD 6,0,1,12788,0,0.0,ADD 7,0,0,0,0,0.0,EGT2CAN,0,1,12810,0,0.0
1778951607.2087934,238.3,12800,-44.0,1,-,0,0,0,0,0.0,-,0,0,0,0,0.0,ECU,0,1,12810,240,238.3,FAN1,0,0,0,0,0.0,COILS,1,1,12734,0,0.0,PUMP,0,0,0,0,0.0,INJECTOR,1,1,12788,0,0.0,SERVO,1,1,12652,0,0.0,ADD 1,0,1,12690,0,0.0,ADD 2,0,1,12777,0,0.0,ADD 3,0,1,12745,0,0.0,ADD 4,0,1,12734,0,0.0,ADD 5,0,0,0,0,0.0,ADD 6,0,1,12838,0,0.0,ADD 7,0,0,0,0,0.0,EGT2CAN,0,1,12690,0,0.0
1778951607.2618368,238.3,12776,-43.0,1,-,0,0,0,0,0.0,-,0,0,0,0,0.0,ECU,0,1,12810,240,238.3,FAN1,0,0,0,0,0.0,COILS,1,1,12734,0,0.0,PUMP,0,0,0,0,0.0,INJECTOR,1,1,12788,0,0.0,SERVO,1,1,12652,0,0.0,ADD 1,0,1,12690,0,0.0,ADD 2,0,1,12777,0,0.0,ADD 3,0,1,12745,0,0.0,ADD 4,0,1,12734,0,0.0,ADD 5,0,0,0,0,0.0,ADD 6,0,1,12838,0,0.0,ADD 7,0,0,0,0,0.0,EGT2CAN,0,1,12690,0,0.0
1778951607.3234422,238.3,12776,-43.0,1,-,0,0,0,0,0.0,-,0,0,0,0,0.0,ECU,0,1,12717,240,238.3,FAN1,0,0,0,0,0.0,COILS,1,1,12816,0,0.0,PUMP,0,0,0,0,0.0,INJECTOR,1,1,12690,0,0.0,SERVO,1,1,12799,0,0.0,ADD 1,0,1,12810,0,0.0,ADD 2,0,1,12788,0,0.0,ADD 3,0,1,12734,0,0.0,ADD 4,0,1,12701,0,0.0,ADD 5,0,0,0,0,0.0,ADD 6,0,1,12838,0,0.0,ADD 7,0,0,0,0,0.0,EGT2CAN,0,1,12690,0,0.0
1778951607.374337,236.7,12794,-43.0,1,-,0,0,0,0,0.0,-,0,0,0,0,0.0,ECU,0,1,12788,250,236.7,FAN1,0,0,0,0,0.0,COILS,1,1,12810,0,0.0,PUMP,0,0,0,0,0.0,INJECTOR,1,1,12816,0,0.0,SERVO,1,1,12756,0,0.0,ADD 1,0,1,12788,0,0.0,ADD 2,0,1,12739,0,0.0,ADD 3,0,1,12684,0,0.0,ADD 4,0,1,12701,0,0.0,ADD 5,0,0,0,0,0.0,ADD 6,0,1,12777,0,0.0,ADD 7,0,0,0,0,0.0,EGT2CAN,0,1,12805,0,0.0
1778951607.4264214,237.5,12751,-44.0,1,-,0,0,0,0,0.0,-,0,0,0,0,0.0,ECU,0,1,12684,240,237.5,FAN1,0,0,0,0,0.0,COILS,1,1,12799,0,0.0,PUMP,0,0,0,0,0.0,INJECTOR,1,1,12766,0,0.0,SERVO,1,1,12799,0,0.0,ADD 1,0,1,12777,0,0.0,ADD 2,0,1,12723,0,0.0,ADD 3,0,1,12657,0,0.0,ADD 4,0,1,12652,0,0.0,ADD 5,0,0,0,0,0.0,ADD 6,0,1,12827,0,0.0,ADD 7,0,0,0,0,0.0,EGT2CAN,0,1,12816,0,0.0
1778951607.49045,237.5,12751,-44.0,1,-,0,0,0,0,0.0,-,0,0,0,0,0.0,ECU,0,1,12723,240,237.5,FAN1,0,0,0,0,0.0,COILS,1,1,12799,0,0.0,PUMP,0,0,0,0,0.0,INJECTOR,1,1,12766,0,0.0,SERVO,1,1,12799,0,0.0,ADD 1,0,1,12777,0,0.0,ADD 2,0,1,12723,0,0.0,ADD 3,0,1,12657,0,0.0,ADD 4,0,1,12652,0,0.0,ADD 5,0,0,0,0,0.0,ADD 6,0,1,12827,0,0.0,ADD 7,0,0,0,0,0.0,EGT2CAN,0,1,12816,0,0.0
1778951607.5411384,235.0,12800,-43.0,1,-,0,0,0,0,0.0,-,0,0,0,0,0.0,ECU,0,1,12734,230,235.0,FAN1,0,0,0,0,0.0,COILS,1,1,12717,0,0.0,PUMP,0,0,0,0,0.0,INJECTOR,1,1,12827,0,0.0,SERVO,1,1,12794,0,0.0,ADD 1,0,1,12761,0,0.0,ADD 2,0,1,12788,0,0.0,ADD 3,0,1,12810,0,0.0,ADD 4,0,1,12788,0,0.0,ADD 5,0,0,0,0,0.0,ADD 6,0,1,12772,0,0.0,ADD 7,0,0,0,0,0.0,EGT2CAN,0,1,12695,0,0.0
1778951607.6010633,236.7,12776,-45.0,1,-,0,0,0,0,0.0,-,0,0,0,0,0.0,ECU,0,1,12684,240,236.7,FAN1,0,0,0,0,0.0,COILS,1,1,12739,0,0.0,PUMP,0,0,0,0,0.0,INJECTOR,1,1,12717,0,0.0,SERVO,1,1,12663,0,0.0,ADD 1,0,1,12783,0,0.0,ADD 2,0,1,12794,0,0.0,ADD 3,0,1,12810,0,0.0,ADD 4,0,1,12772,0,0.0,ADD 5,0,0,0,0,0.0,ADD 6,0,1,12668,0,0.0,ADD 7,0,0,0,0,0.0,EGT2CAN,0,1,12788,0,0.0
1778951607.6615787,236.7,12776,-45.0,1,-,0,0,0,0,0.0,-,0,0,0,0,0.0,ECU,0,1,12761,240,236.7,FAN1,0,0,0,0,0.0,COILS,1,1,12635,0,0.0,PUMP,0,0,0,0,0.0,INJECTOR,1,1,12805,0,0.0,SERVO,1,1,12761,0,0.0,ADD 1,0,1,12761,0,0.0,ADD 2,0,1,12783,0,0.0,ADD 3,0,1,12827,0,0.0,ADD 4,0,1,12783,0,0.0,ADD 5,0,0,0,0,0.0,ADD 6,0,1,12701,0,0.0,ADD 7,0,0,0,0,0.0,EGT2CAN,0,1,12739,0,0.0
1778951607.7120998,235.0,12782,-44.0,1,-,0,0,0,0,0.0,-,0,0,0,0,0.0,ECU,0,1,12810,230,235.0,FAN1,0,0,0,0,0.0,COILS,1,1,12745,0,0.0,PUMP,0,0,0,0,0.0,INJECTOR,1,1,12712,0,0.0,SERVO,1,1,12646,0,0.0,ADD 1,0,1,12739,0,0.0,ADD 2,0,1,12766,0,0.0,ADD 3,0,1,12756,0,0.0,ADD 4,0,1,12794,0,0.0,ADD 5,0,0,0,0,0.0,ADD 6,0,1,12816,0,0.0,ADD 7,0,0,0,0,0.0,EGT2CAN,0,1,12630,0,0.0
1778951607.766333,235.0,12782,-44.0,1,-,0,0,0,0,0.0,-,0,0,0,0,0.0,ECU,0,1,12673,230,235.0,FAN1,0,0,0,0,0.0,COILS,1,1,12810,0,0.0,PUMP,0,0,0,0,0.0,INJECTOR,1,1,12772,0,0.0,SERVO,1,1,12652,0,0.0,ADD 1,0,1,12739,0,0.0,ADD 2,0,1,12766,0,0.0,ADD 3,0,1,12756,0,0.0,ADD 4,0,1,12794,0,0.0,ADD 5,0,0,0,0,0.0,ADD 6,0,1,12816,0,0.0,ADD 7,0,0,0,0,0.0,EGT2CAN,0,1,12630,0,0.0
1778951607.821111,237.5,12782,-44.0,1,-,0,0,0,0,0.0,-,0,0,0,0,0.0,ECU,0,1,12673,240,237.5,FAN1,0,0,0,0,0.0,COILS,1,1,12810,0,0.0,PUMP,0,0,0,0,0.0,INJECTOR,1,1,12772,0,0.0,SERVO,1,1,12652,0,0.0,ADD 1,0,1,12684,0,0.0,ADD 2,0,1,12739,0,0.0,ADD 3,0,1,12756,0,0.0,ADD 4,0,1,12794,0,0.0,ADD 5,0,0,0,0,0.0,ADD 6,0,1,12788,0,0.0,ADD 7,0,0,0,0,0.0,EGT2CAN,0,1,12745,0,0.0
1778951607.8720186,237.5,12757,-43.0,1,-,0,0,0,0,0.0,-,0,0,0,0,0.0,ECU,0,1,12810,240,237.5,FAN1,0,0,0,0,0.0,COILS,1,1,12810,0,0.0,PUMP,0,0,0,0,0.0,INJECTOR,1,1,12816,0,0.0,SERVO,1,1,12739,0,0.0,ADD 1,0,1,12690,0,0.0,ADD 2,0,1,12684,0,0.0,ADD 3,0,1,12695,0,0.0,ADD 4,0,1,12766,0,0.0,ADD 5,0,0,0,0,0.0,ADD 6,0,1,12843,0,0.0,ADD 7,0,0,0,0,0.0,EGT2CAN,0,1,12739,0,0.0
1778951607.9267578,234.0,12794,-44.0,1,-,0,0,0,0,0.0,-,0,0,0,0,0.0,ECU,0,1,12783,230,234.0,FAN1,0,0,0,0,0.0,COILS,1,1,12816,0,0.0,PUMP,0,0,0,0,0.0,INJECTOR,1,1,12728,0,0.0,SERVO,1,1,12761,0,0.0,ADD 1,0,1,12810,0,0.0,ADD 2,0,1,12788,0,0.0,ADD 3,0,1,12684,0,0.0,ADD 4,0,1,12668,0,0.0,ADD 5,0,0,0,0,0.0,ADD 6,0,1,12832,0,0.0,ADD 7,0,0,0,0,0.0,EGT2CAN,0,1,12805,0,0.0
1778951607.9771764,234.0,12794,-44.0,1,-,0,0,0,0,0.0,-,0,0,0,0,0.0,ECU,0,1,12635,230,234.0,FAN1,0,0,0,0,0.0,COILS,1,1,12816,0,0.0,PUMP,0,0,0,0,0.0,INJECTOR,1,1,12728,0,0.0,SERVO,1,1,12761,0,0.0,ADD 1,0,1,12810,0,0.0,ADD 2,0,1,12788,0,0.0,ADD 3,0,1,12684,0,0.0,ADD 4,0,1,12668,0,0.0,ADD 5,0,0,0,0,0.0,ADD 6,0,1,12832,0,0.0,ADD 7,0,0,0,0,0.0,EGT2CAN,0,1,12805,0,0.0
1778951608.0283527,232.5,12794,-44.0,1,-,0,0,0,0,0.0,-,0,0,0,0,0.0,ECU,0,1,12635,230,232.5,FAN1,0,0,0,0,0.0,COILS,1,1,12799,0,0.0,PUMP,0,0,0,0,0.0,INJECTOR,1,1,12832,0,0.0,SERVO,1,1,12668,0,0.0,ADD 1,0,1,12794,0,0.0,ADD 2,0,1,12788,0,0.0,ADD 3,0,1,12652,0,0.0,ADD 4,0,1,12646,0,0.0,ADD 5,0,0,0,0,0.0,ADD 6,0,1,12772,0,0.0,ADD 7,0,0,0,0,0.0,EGT2CAN,0,1,12788,0,0.0
1778951608.0822866,235.0,12800,-43.0,1,-,0,0,0,0,0.0,-,0,0,0,0,0.0,ECU,0,1,12777,230,235.0,FAN1,0,0,0,0,0.0,COILS,1,1,12701,0,0.0,PUMP,0,0,0,0,0.0,INJECTOR,1,1,12799,0,0.0,SERVO,1,1,12794,0,0.0,ADD 1,0,1,12761,0,0.0,ADD 2,0,1,12843,0,0.0,ADD 3,0,1,12788,0,0.0,ADD 4,0,1,12761,0,0.0,ADD 5,0,0,0,0,0.0,ADD 6,0,1,12673,0,0.0,ADD 7,0,0,0,0,0.0,EGT2CAN,0,1,12788,0,0.0
1778951608.1328213,235.0,12800,-43.0,1,-,0,0,0,0,0.0,-,0,0,0,0,0.0,ECU,0,1,12734,230,235.0,FAN1,0,0,0,0,0.0,COILS,1,1,12701,0,0.0,PUMP,0,0,0,0,0.0,INJECTOR,1,1,12799,0,0.0,SERVO,1,1,12794,0,0.0,ADD 1,0,1,12761,0,0.0,ADD 2,0,1,12843,0,0.0,ADD 3,0,1,12788,0,0.0,ADD 4,0,1,12761,0,0.0,ADD 5,0,0,0,0,0.0,ADD 6,0,1,12673,0,0.0,ADD 7,0,0,0,0,0.0,EGT2CAN,0,1,12788,0,0.0
1778951608.1853588,237.5,12800,-43.0,1,-,0,0,0,0,0.0,-,0,0,0,0,0.0,ECU,0,1,12734,240,237.5,FAN1,0,0,0,0,0.0,COILS,1,1,12745,0,0.0,PUMP,0,0,0,0,0.0,INJECTOR,1,1,12706,0,0.0,SERVO,1,1,12766,0,0.0,ADD 1,0,1,12761,0,0.0,ADD 2,0,1,12794,0,0.0,ADD 3,0,1,12810,0,0.0,ADD 4,0,1,12788,0,0.0,ADD 5,0,0,0,0,0.0,ADD 6,0,1,12695,0,0.0,ADD 7,0,0,0,0,0.0,EGT2CAN,0,1,12739,0,0.0
1778951608.2440872,241.7,12720,-44.0,1,-,0,0,0,0,0.0,-,0,0,0,0,0.0,ECU,0,1,12816,250,241.7,FAN1,0,0,0,0,0.0,COILS,1,1,12756,0,0.0,PUMP,0,0,0,0,0.0,INJECTOR,1,1,12690,0,0.0,SERVO,1,1,12739,0,0.0,ADD 1,0,1,12788,0,0.0,ADD 2,0,1,12772,0,0.0,ADD 3,0,1,12652,0,0.0,ADD 4,0,1,12597,0,0.0,ADD 5,0,0,0,0,0.0,ADD 6,0,1,12794,0,0.0,ADD 7,0,0,0,0,0.0,EGT2CAN,0,1,12788,0,0.0
1778951608.2984812,241.7,12720,-44.0,1,-,0,0,0,0,0.0,-,0,0,0,0,0.0,ECU,0,1,12816,250,241.7,FAN1,0,0,0,0,0.0,COILS,1,1,12756,0,0.0,PUMP,0,0,0,0,0.0,INJECTOR,1,1,12690,0,0.0,SERVO,1,1,12739,0,0.0,ADD 1,0,1,12788,0,0.0,ADD 2,0,1,12772,0,0.0,ADD 3,0,1,12652,0,0.0,ADD 4,0,1,12597,0,0.0,ADD 5,0,0,0,0,0.0,ADD 6,0,1,12794,0,0.0,ADD 7,0,0,0,0,0.0,EGT2CAN,0,1,12788,0,0.0
1778951608.349814,242.5,12720,-44.0,1,-,0,0,0,0,0.0,-,0,0,0,0,0.0,ECU,0,1,12788,230,242.5,FAN1,0,0,0,0,0.0,COILS,1,1,12750,0,0.0,PUMP,0,0,0,0,0.0,INJECTOR,1,1,12832,0,0.0,SERVO,1,1,12772,0,0.0,ADD 1,0,1,12816,0,0.0,ADD 2,0,1,12701,0,0.0,ADD 3,0,1,12635,0,0.0,ADD 4,0,1,12695,0,0.0,ADD 5,0,0,0,0,0.0,ADD 6,0,1,12843,0,0.0,ADD 7,0,0,0,0,0.0,EGT2CAN,0,1,12788,0,0.0
1778951608.4007056,238.3,12788,-43.0,1,-,0,0,0,0,0.0,-,0,0,0,0,0.0,ECU,0,1,12783,230,238.3,FAN1,0,0,0,0,0.0,COILS,1,1,12816,0,0.0,PUMP,0,0,0,0,0.0,INJECTOR,1,1,12827,0,0.0,SERVO,1,1,12761,0,0.0,ADD 1,0,1,12766,0,0.0,ADD 2,0,1,12827,0,0.0,ADD 3,0,1,12772,0,0.0,ADD 4,0,1,12728,0,0.0,ADD 5,0,0,0,0,0.0,ADD 6,0,1,12695,0,0.0,ADD 7,0,0,0,0,0.0,EGT2CAN,0,1,12756,0,0.0
1778951608.452778,232.5,12794,-44.0,1,-,0,0,0,0,0.0,-,0,0,0,0,0.0,ECU,0,1,12772,240,232.5,FAN1,0,0,0,0,0.0,COILS,1,1,12816,0,0.0,PUMP,0,0,0,0,0.0,INJECTOR,1,1,12810,0,0.0,SERVO,1,1,12684,0,0.0,ADD 1,0,1,12761,0,0.0,ADD 2,0,1,12701,0,0.0,ADD 3,0,1,12723,0,0.0,ADD 4,0,1,12701,0,0.0,ADD 5,0,0,0,0,0.0,ADD 6,0,1,12805,0,0.0,ADD 7,0,0,0,0,0.0,EGT2CAN,0,1,12799,0,0.0
1778951608.5038462,232.0,12794,-44.0,1,-,0,0,0,0,0.0,-,0,0,0,0,0.0,ECU,0,1,12761,230,232.0,FAN1,0,0,0,0,0.0,COILS,1,1,12832,0,0.0,PUMP,0,0,0,0,0.0,INJECTOR,1,1,12668,0,0.0,SERVO,1,1,12717,0,0.0,ADD 1,0,1,12772,0,0.0,ADD 2,0,1,12843,0,0.0,ADD 3,0,1,12794,0,0.0,ADD 4,0,1,12766,0,0.0,ADD 5,0,0,0,0,0.0,ADD 6,0,1,12630,0,0.0,ADD 7,0,0,0,0,0.0,EGT2CAN,0,1,12788,0,0.0
1778951608.5546002,231.7,12751,-44.0,1,-,0,0,0,0,0.0,-,0,0,0,0,0.0,ECU,0,1,12810,230,231.7,FAN1,0,0,0,0,0.0,COILS,1,1,12766,0,0.0,PUMP,0,0,0,0,0.0,INJECTOR,1,1,12816,0,0.0,SERVO,1,1,12695,0,0.0,ADD 1,0,1,12777,0,0.0,ADD 2,0,1,12832,0,0.0,ADD 3,0,1,12788,0,0.0,ADD 4,0,1,12777,0,0.0,ADD 5,0,0,0,0,0.0,ADD 6,0,1,12827,0,0.0,ADD 7,0,0,0,0,0.0,EGT2CAN,0,1,12684,0,0.0
1778951608.6059978,231.7,12800,-45.0,1,-,0,0,0,0,0.0,-,0,0,0,0,0.0,ECU,0,1,12810,230,231.7,FAN1,0,0,0,0,0.0,COILS,1,1,12663,0,0.0,PUMP,0,0,0,0,0.0,INJECTOR,1,1,12810,0,0.0,SERVO,1,1,12805,0,0.0,ADD 1,0,1,12810,0,0.0,ADD 2,0,1,12832,0,0.0,ADD 3,0,1,12761,0,0.0,ADD 4,0,1,12679,0,0.0,ADD 5,0,0,0,0,0.0,ADD 6,0,1,12684,0,0.0,ADD 7,0,0,0,0,0.0,EGT2CAN,0,1,12684,0,0.0
1778951608.6570961,231.7,12800,-45.0,1,-,0,0,0,0,0.0,-,0,0,0,0,0.0,ECU,0,1,12684,230,231.7,FAN1,0,0,0,0,0.0,COILS,1,1,12794,0,0.0,PUMP,0,0,0,0,0.0,INJECTOR,1,1,12734,0,0.0,SERVO,1,1,12619,0,0.0,ADD 1,0,1,12750,0,0.0,ADD 2,0,1,12810,0,0.0,ADD 3,0,1,12772,0,0.0,ADD 4,0,1,12756,0,0.0,ADD 5,0,0,0,0,0.0,ADD 6,0,1,12684,0,0.0,ADD 7,0,0,0,0,0.0,EGT2CAN,0,1,12684,0,0.0
1778951608.7075887,232.0,12800,-43.0,1,-,0,0,0,0,0.0,-,0,0,0,0,0.0,ECU,0,1,12717,230,232.0,FAN1,0,0,0,0,0.0,COILS,1,1,12805,0,0.0,PUMP,0,0,0,0,0.0,INJECTOR,1,1,12679,0,0.0,SERVO,1,1,12723,0,0.0,ADD 1,0,1,12668,0,0.0,ADD 2,0,1,12745,0,0.0,ADD 3,0,1,12805,0,0.0,ADD 4,0,1,12799,0,0.0,ADD 5,0,0,0,0,0.0,ADD 6,0,1,12788,0,0.0,ADD 7,0,0,0,0,0.0,EGT2CAN,0,1,12739,0,0.0
1778951608.7614121,232.0,12800,-43.0,1,-,0,0,0,0,0.0,-,0,0,0,0,0.0,ECU,0,1,12717,230,232.0,FAN1,0,0,0,0,0.0,COILS,1,1,12805,0,0.0,PUMP,0,0,0,0,0.0,INJECTOR,1,1,12679,0,0.0,SERVO,1,1,12723,0,0.0,ADD 1,0,1,12668,0,0.0,ADD 2,0,1,12745,0,0.0,ADD 3,0,1,12805,0,0.0,ADD 4,0,1,12799,0,0.0,ADD 5,0,0,0,0,0.0,ADD 6,0,1,12788,0,0.0,ADD 7,0,0,0,0,0.0,EGT2CAN,0,1,12739,0,0.0
1778951608.8124077,232.0,12800,-43.0,1,-,0,0,0,0,0.0,-,0,0,0,0,0.0,ECU,0,1,12810,230,232.0,FAN1,0,0,0,0,0.0,COILS,1,1,12684,0,0.0,PUMP,0,0,0,0,0.0,INJECTOR,1,1,12684,0,0.0,SERVO,1,1,12799,0,0.0,ADD 1,0,1,12668,0,0.0,ADD 2,0,1,12745,0,0.0,ADD 3,0,1,12805,0,0.0,ADD 4,0,1,12799,0,0.0,ADD 5,0,0,0,0,0.0,ADD 6,0,1,12788,0,0.0,ADD 7,0,0,0,0,0.0,EGT2CAN,0,1,12739,0,0.0
1778951608.8635824,236.7,12800,-43.0,1,-,0,0,0,0,0.0,-,0,0,0,0,0.0,ECU,0,1,12816,230,236.7,FAN1,0,0,0,0,0.0,COILS,1,1,12777,0,0.0,PUMP,0,0,0,0,0.0,INJECTOR,1,1,12783,0,0.0,SERVO,1,1,12684,0,0.0,ADD 1,0,1,12624,0,0.0,ADD 2,0,1,12712,0,0.0,ADD 3,0,1,12788,0,0.0,ADD 4,0,1,12772,0,0.0,ADD 5,0,0,0,0,0.0,ADD 6,0,1,12794,0,0.0,ADD 7,0,0,0,0,0.0,EGT2CAN,0,1,12756,0,0.0
1778951608.9244611,237.5,12800,-44.0,1,-,0,0,0,0,0.0,-,0,0,0,0,0.0,ECU,0,1,12766,230,237.5,FAN1,0,0,0,0,0.0,COILS,1,1,12832,0,0.0,PUMP,0,0,0,0,0.0,INJECTOR,1,1,12723,0,0.0,SERVO,1,1,12717,0,0.0,ADD 1,0,1,12652,0,0.0,ADD 2,0,1,12750,0,0.0,ADD 3,0,1,12788,0,0.0,ADD 4,0,1,12766,0,0.0,ADD 5,0,0,0,0,0.0,ADD 6,0,1,12859,0,0.0,ADD 7,0,0,0,0,0.0,EGT2CAN,0,1,12783,0,0.0
1778951608.9799316,237.5,12788,-43.0,1,-,0,0,0,0,0.0,-,0,0,0,0,0.0,ECU,0,1,12756,230,237.5,FAN1,0,0,0,0,0.0,COILS,1,1,12832,0,0.0,PUMP,0,0,0,0,0.0,INJECTOR,1,1,12723,0,0.0,SERVO,1,1,12717,0,0.0,ADD 1,0,1,12652,0,0.0,ADD 2,0,1,12750,0,0.0,ADD 3,0,1,12788,0,0.0,ADD 4,0,1,12766,0,0.0,ADD 5,0,0,0,0,0.0,ADD 6,0,1,12859,0,0.0,ADD 7,0,0,0,0,0.0,EGT2CAN,0,1,12783,0,0.0
1778951609.0303686,238.0,12788,-43.0,1,-,0,0,0,0,0.0,-,0,0,0,0,0.0,ECU,0,1,12756,240,238.0,FAN1,0,0,0,0,0.0,COILS,1,1,12777,0,0.0,PUMP,0,0,0,0,0.0,INJECTOR,1,1,12832,0,0.0,SERVO,1,1,12772,0,0.0,ADD 1,0,1,12761,0,0.0,ADD 2,0,1,12695,0,0.0,ADD 3,0,1,12652,0,0.0,ADD 4,0,1,12728,0,0.0,ADD 5,0,0,0,0,0.0,ADD 6,0,1,12854,0,0.0,ADD 7,0,0,0,0,0.0,EGT2CAN,0,1,12756,0,0.0
1778951609.0828547,238.3,12769,-44.0,1,-,0,0,0,0,0.0,-,0,0,0,0,0.0,ECU,0,1,12772,230,238.3,FAN1,0,0,0,0,0.0,COILS,1,1,12723,0,0.0,PUMP,0,0,0,0,0.0,INJECTOR,1,1,12821,0,0.0,SERVO,1,1,12788,0,0.0,ADD 1,0,1,12810,0,0.0,ADD 2,0,1,12816,0,0.0,ADD 3,0,1,12783,0,0.0,ADD 4,0,1,12772,0,0.0,ADD 5,0,0,0,0,0.0,ADD 6,0,1,12843,0,0.0,ADD 7,0,0,0,0,0.0,EGT2CAN,0,1,12750,0,0.0
1778951609.133467,238.3,12769,-44.0,1,-,0,0,0,0,0.0,-,0,0,0,0,0.0,ECU,0,1,12827,230,238.3,FAN1,0,0,0,0,0.0,COILS,1,1,12723,0,0.0,PUMP,0,0,0,0,0.0,INJECTOR,1,1,12821,0,0.0,SERVO,1,1,12788,0,0.0,ADD 1,0,1,12810,0,0.0,ADD 2,0,1,12816,0,0.0,ADD 3,0,1,12783,0,0.0,ADD 4,0,1,12772,0,0.0,ADD 5,0,0,0,0,0.0,ADD 6,0,1,12843,0,0.0,ADD 7,0,0,0,0,0.0,EGT2CAN,0,1,12750,0,0.0
1778951609.1856165,235.0,12769,-44.0,1,-,0,0,0,0,0.0,-,0,0,0,0,0.0,ECU,0,1,12827,230,235.0,FAN1,0,0,0,0,0.0,COILS,1,1,12745,0,0.0,PUMP,0,0,0,0,0.0,INJECTOR,1,1,12783,0,0.0,SERVO,1,1,12766,0,0.0,ADD 1,0,1,12794,0,0.0,ADD 2,0,1,12788,0,0.0,ADD 3,0,1,12788,0,0.0,ADD 4,0,1,12673,0,0.0,ADD 5,0,0,0,0,0.0,ADD 6,0,1,12794,0,0.0,ADD 7,0,0,0,0,0.0,EGT2CAN,0,1,12799,0,0.0
1778951609.246819,236.7,12807,-43.0,1,-,0,0,0,0,0.0,-,0,0,0,0,0.0,ECU,0,1,12673,250,236.7,FAN1,0,0,0,0,0.0,COILS,1,1,12684,0,0.0,PUMP,0,0,0,0,0.0,INJECTOR,1,1,12706,0,0.0,SERVO,1,1,12624,0,0.0,ADD 1,0,1,12788,0,0.0,ADD 2,0,1,12821,0,0.0,ADD 3,0,1,12772,0,0.0,ADD 4,0,1,12717,0,0.0,ADD 5,0,0,0,0,0.0,ADD 6,0,1,12712,0,0.0,ADD 7,0,0,0,0,0.0,EGT2CAN,0,1,12766,0,0.0
1778951609.2973678,236.7,12807,-43.0,1,-,0,0,0,0,0.0,-,0,0,0,0,0.0,ECU,0,1,12777,250,236.7,FAN1,0,0,0,0,0.0,COILS,1,1,12684,0,0.0,PUMP,0,0,0,0,0.0,INJECTOR,1,1,12810,0,0.0,SERVO,1,1,12794,0,0.0,ADD 1,0,1,12832,0,0.0,ADD 2,0,1,12805,0,0.0,ADD 3,0,1,12777,0,0.0,ADD 4,0,1,12695,0,0.0,ADD 5,0,0,0,0,0.0,ADD 6,0,1,12712,0,0.0,ADD 7,0,0,0,0,0.0,EGT2CAN,0,1,12766,0,0.0
1778951609.3502626,235.0,12807,-43.0,1,-,0,0,0,0,0.0,-,0,0,0,0,0.0,ECU,0,1,12777,230,235.0,FAN1,0,0,0,0,0.0,COILS,1,1,12684,0,0.0,PUMP,0,0,0,0,0.0,INJECTOR,1,1,12810,0,0.0,SERVO,1,1,12794,0,0.0,ADD 1,0,1,12832,0,0.0,ADD 2,0,1,12805,0,0.0,ADD 3,0,1,12777,0,0.0,ADD 4,0,1,12695,0,0.0,ADD 5,0,0,0,0,0.0,ADD 6,0,1,12684,0,0.0,ADD 7,0,0,0,0,0.0,EGT2CAN,0,1,12799,0,0.0
1778951609.4128275,233.3,12757,-43.0,1,-,0,0,0,0,0.0,-,0,0,0,0,0.0,ECU,0,1,12810,230,233.3,FAN1,0,0,0,0,0.0,COILS,1,1,12717,0,0.0,PUMP,0,0,0,0,0.0,INJECTOR,1,1,12750,0,0.0,SERVO,1,1,12805,0,0.0,ADD 1,0,1,12821,0,0.0,ADD 2,0,1,12766,0,0.0,ADD 3,0,1,12673,0,0.0,ADD 4,0,1,12690,0,0.0,ADD 5,0,0,0,0,0.0,ADD 6,0,1,12832,0,0.0,ADD 7,0,0,0,0,0.0,EGT2CAN,0,1,12783,0,0.0
1778951609.4641035,232.5,12769,-43.0,1,-,0,0,0,0,0.0,-,0,0,0,0,0.0,ECU,0,1,12668,240,232.5,FAN1,0,0,0,0,0.0,COILS,1,1,12810,0,0.0,PUMP,0,0,0,0,0.0,INJECTOR,1,1,12734,0,0.0,SERVO,1,1,12624,0,0.0,ADD 1,0,1,12766,0,0.0,ADD 2,0,1,12838,0,0.0,ADD 3,0,1,12810,0,0.0,ADD 4,0,1,12766,0,0.0,ADD 5,0,0,0,0,0.0,ADD 6,0,1,12832,0,0.0,ADD 7,0,0,0,0,0.0,EGT2CAN,0,1,12646,0,0.0
1778951609.515247,232.0,12769,-43.0,1,-,0,0,0,0,0.0,-,0,0,0,0,0.0,ECU,0,1,12816,230,232.0,FAN1,0,0,0,0,0.0,COILS,1,1,12739,0,0.0,PUMP,0,0,0,0,0.0,INJECTOR,1,1,12766,0,0.0,SERVO,1,1,12706,0,0.0,ADD 1,0,1,12652,0,0.0,ADD 2,0,1,12745,0,0.0,ADD 3,0,1,12810,0,0.0,ADD 4,0,1,12788,0,0.0,ADD 5,0,0,0,0,0.0,ADD 6,0,1,12799,0,0.0,ADD 7,0,0,0,0,0.0,EGT2CAN,0,1,12734,0,0.0
1778951609.5662773,231.7,12757,-43.0,1,-,0,0,0,0,0.0,-,0,0,0,0,0.0,ECU,0,1,12794,230,231.7,FAN1,0,0,0,0,0.0,COILS,1,1,12821,0,0.0,PUMP,0,0,0,0,0.0,INJECTOR,1,1,12832,0,0.0,SERVO,1,1,12777,0,0.0,ADD 1,0,1,12827,0,0.0,ADD 2,0,1,12849,0,0.0,ADD 3,0,1,12783,0,0.0,ADD 4,0,1,12750,0,0.0,ADD 5,0,0,0,0,0.0,ADD 6,0,1,12810,0,0.0,ADD 7,0,0,0,0,0.0,EGT2CAN,0,1,12635,0,0.0
1778951609.6192982,231.7,12757,-43.0,1,-,0,0,0,0,0.0,-,0,0,0,0,0.0,ECU,0,1,12799,230,231.7,FAN1,0,0,0,0,0.0,COILS,1,1,12821,0,0.0,PUMP,0,0,0,0,0.0,INJECTOR,1,1,12832,0,0.0,SERVO,1,1,12777,0,0.0,ADD 1,0,1,12827,0,0.0,ADD 2,0,1,12849,0,0.0,ADD 3,0,1,12783,0,0.0,ADD 4,0,1,12750,0,0.0,ADD 5,0,0,0,0,0.0,ADD 6,0,1,12810,0,0.0,ADD 7,0,0,0,0,0.0,EGT2CAN,0,1,12635,0,0.0
1778951609.6769333,235.0,12757,-43.0,1,-,0,0,0,0,0.0,-,0,0,0,0,0.0,ECU,0,1,12799,250,235.0,FAN1,0,0,0,0,0.0,COILS,1,1,12783,0,0.0,PUMP,0,0,0,0,0.0,INJECTOR,1,1,12772,0,0.0,SERVO,1,1,12805,0,0.0,ADD 1,0,1,12788,0,0.0,ADD 2,0,1,12695,0,0.0,ADD 3,0,1,12723,0,0.0,ADD 4,0,1,12717,0,0.0,ADD 5,0,0,0,0,0.0,ADD 6,0,1,12843,0,0.0,ADD 7,0,0,0,0,0.0,EGT2CAN,0,1,12821,0,0.0
1778951609.7272599,234.0,12763,-44.0,1,-,0,0,0,0,0.0,-,0,0,0,0,0.0,ECU,0,1,12783,230,234.0,FAN1,0,0,0,0,0.0,COILS,1,1,12734,0,0.0,PUMP,0,0,0,0,0.0,INJECTOR,1,1,12777,0,0.0,SERVO,1,1,12756,0,0.0,ADD 1,0,1,12794,0,0.0,ADD 2,0,1,12854,0,0.0,ADD 3,0,1,12739,0,0.0,ADD 4,0,1,12652,0,0.0,ADD 5,0,0,0,0,0.0,ADD 6,0,1,12717,0,0.0,ADD 7,0,0,0,0,0.0,EGT2CAN,0,1,12810,0,0.0
1778951609.7849226,237.5,12813,-44.0,1,-,0,0,0,0,0.0,-,0,0,0,0,0.0,ECU,0,1,12717,240,237.5,FAN1,0,0,0,0,0.0,COILS,1,1,12777,0,0.0,PUMP,0,0,0,0,0.0,INJECTOR,1,1,12641,0,0.0,SERVO,1,1,12663,0,0.0,ADD 1,0,1,12805,0,0.0,ADD 2,0,1,12756,0,0.0,ADD 3,0,1,12821,0,0.0,ADD 4,0,1,12794,0,0.0,ADD 5,0,0,0,0,0.0,ADD 6,0,1,12756,0,0.0,ADD 7,0,0,0,0,0.0,EGT2CAN,0,1,12717,0,0.0
1778951609.8357277,237.5,12813,-44.0,1,-,0,0,0,0,0.0,-,0,0,0,0,0.0,ECU,0,1,12717,240,237.5,FAN1,0,0,0,0,0.0,COILS,1,1,12777,0,0.0,PUMP,0,0,0,0,0.0,INJECTOR,1,1,12641,0,0.0,SERVO,1,1,12663,0,0.0,ADD 1,0,1,12805,0,0.0,ADD 2,0,1,12756,0,0.0,ADD 3,0,1,12821,0,0.0,ADD 4,0,1,12794,0,0.0,ADD 5,0,0,0,0,0.0,ADD 6,0,1,12756,0,0.0,ADD 7,0,0,0,0,0.0,EGT2CAN,0,1,12717,0,0.0
1778951609.8868845,234.0,12813,-43.0,1,-,0,0,0,0,0.0,-,0,0,0,0,0.0,ECU,0,1,12756,230,234.0,FAN1,0,0,0,0,0.0,COILS,1,1,12684,0,0.0,PUMP,0,0,0,0,0.0,INJECTOR,1,1,12766,0,0.0,SERVO,1,1,12745,0,0.0,ADD 1,0,1,12706,0,0.0,ADD 2,0,1,12668,0,0.0,ADD 3,0,1,12717,0,0.0,ADD 4,0,1,12783,0,0.0,ADD 5,0,0,0,0,0.0,ADD 6,0,1,12859,0,0.0,ADD 7,0,0,0,0,0.0,EGT2CAN,0,1,12805,0,0.0
1778951609.9398966,234.0,12763,-44.0,1,-,0,0,0,0,0.0,-,0,0,0,0,0.0,ECU,0,1,12717,230,234.0,FAN1,0,0,0,0,0.0,COILS,1,1,12827,0,0.0,PUMP,0,0,0,0,0.0,INJECTOR,1,1,12673,0,0.0,SERVO,1,1,12684,0,0.0,ADD 1,0,1,12788,0,0.0,ADD 2,0,1,12816,0,0.0,ADD 3,0,1,12821,0,0.0,ADD 4,0,1,12717,0,0.0,ADD 5,0,0,0,0,0.0,ADD 6,0,1,12788,0,0.0,ADD 7,0,0,0,0,0.0,EGT2CAN,0,1,12706,0,0.0
1778951609.9907894,234.0,12763,-44.0,1,-,0,0,0,0,0.0,-,0,0,0,0,0.0,ECU,0,1,12794,230,234.0,FAN1,0,0,0,0,0.0,COILS,1,1,12827,0,0.0,PUMP,0,0,0,0,0.0,INJECTOR,1,1,12673,0,0.0,SERVO,1,1,12684,0,0.0,ADD 1,0,1,12788,0,0.0,ADD 2,0,1,12816,0,0.0,ADD 3,0,1,12821,0,0.0,ADD 4,0,1,12717,0,0.0,ADD 5,0,0,0,0,0.0,ADD 6,0,1,12788,0,0.0,ADD 7,0,0,0,0,0.0,EGT2CAN,0,1,12706,0,0.0
1778951610.0415733,234.0,12794,-44.0,1,-,0,0,0,0,0.0,-,0,0,0,0,0.0,ECU,0,1,12799,240,234.0,FAN1,0,0,0,0,0.0,COILS,1,1,12805,0,0.0,PUMP,0,0,0,0,0.0,INJECTOR,1,1,12668,0,0.0,SERVO,1,1,12684,0,0.0,ADD 1,0,1,12684,0,0.0,ADD 2,0,1,12832,0,0.0,ADD 3,0,1,12827,0,0.0,ADD 4,0,1,12739,0,0.0,ADD 5,0,0,0,0,0.0,ADD 6,0,1,12816,0,0.0,ADD 7,0,0,0,0,0.0,EGT2CAN,0,1,12684,0,0.0
1778951610.0923522,233.3,12757,-44.0,1,-,0,0,0,0,0.0,-,0,0,0,0,0.0,ECU,0,1,12816,230,233.3,FAN1,0,0,0,0,0.0,COILS,1,1,12739,0,0.0,PUMP,0,0,0,0,0.0,INJECTOR,1,1,12821,0,0.0,SERVO,1,1,12788,0,0.0,ADD 1,0,1,12788,0,0.0,ADD 2,0,1,12728,0,0.0,ADD 3,0,1,12646,0,0.0,ADD 4,0,1,12701,0,0.0,ADD 5,0,0,0,0,0.0,ADD 6,0,1,12827,0,0.0,ADD 7,0,0,0,0,0.0,EGT2CAN,0,1,12810,0,0.0
1778951610.1455739,233.3,12757,-44.0,1,-,0,0,0,0,0.0,-,0,0,0,0,0.0,ECU,0,1,12816,230,233.3,FAN1,0,0,0,0,0.0,COILS,1,1,12821,0,0.0,PUMP,0,0,0,0,0.0,INJECTOR,1,1,12734,0,0.0,SERVO,1,1,12739,0,0.0,ADD 1,0,1,12673,0,0.0,ADD 2,0,1,12750,0,0.0,ADD 3,0,1,12788,0,0.0,ADD 4,0,1,12761,0,0.0,ADD 5,0,0,0,0,0.0,ADD 6,0,1,12827,0,0.0,ADD 7,0,0,0,0,0.0,EGT2CAN,0,1,12810,0,0.0
1778951610.1995714,234.0,12763,-44.0,1,-,0,0,0,0,0.0,-,0,0,0,0,0.0,ECU,0,1,12772,240,234.0,FAN1,0,0,0,0,0.0,COILS,1,1,12838,0,0.0,PUMP,0,0,0,0,0.0,INJECTOR,1,1,12810,0,0.0,SERVO,1,1,12816,0,0.0,ADD 1,0,1,12799,0,0.0,ADD 2,0,1,12794,0,0.0,ADD 3,0,1,12717,0,0.0,ADD 4,0,1,12657,0,0.0,ADD 5,0,0,0,0,0.0,ADD 6,0,1,12816,0,0.0,ADD 7,0,0,0,0,0.0,EGT2CAN,0,1,12788,0,0.0
1778951610.2512467,236.7,12769,-43.0,1,-,0,0,0,0,0.0,-,0,0,0,0,0.0,ECU,0,1,12816,250,236.7,FAN1,0,0,0,0,0.0,COILS,1,1,12816,0,0.0,PUMP,0,0,0,0,0.0,INJECTOR,1,1,12810,0,0.0,SERVO,1,1,12745,0,0.0,ADD 1,0,1,12756,0,0.0,ADD 2,0,1,12684,0,0.0,ADD 3,0,1,12673,0,0.0,ADD 4,0,1,12723,0,0.0,ADD 5,0,0,0,0,0.0,ADD 6,0,1,12810,0,0.0,ADD 7,0,0,0,0,0.0,EGT2CAN,0,1,12788,0,0.0
1778951610.3046083,240.0,12769,-43.0,1,-,0,0,0,0,0.0,-,0,0,0,0,0.0,ECU,0,1,12695,240,240.0,FAN1,0,0,0,0,0.0,COILS,1,1,12728,0,0.0,PUMP,0,0,0,0,0.0,INJECTOR,1,1,12788,0,0.0,SERVO,1,1,12777,0,0.0,ADD 1,0,1,12788,0,0.0,ADD 2,0,1,12805,0,0.0,ADD 3,0,1,12739,0,0.0,ADD 4,0,1,12783,0,0.0,ADD 5,0,0,0,0,0.0,ADD 6,0,1,12810,0,0.0,ADD 7,0,0,0,0,0.0,EGT2CAN,0,1,12756,0,0.0
1778951610.3565385,240.0,12800,-43.0,1,-,0,0,0,0,0.0,-,0,0,0,0,0.0,ECU,0,1,12810,240,240.0,FAN1,0,0,0,0,0.0,COILS,1,1,12728,0,0.0,PUMP,0,0,0,0,0.0,INJECTOR,1,1,12788,0,0.0,SERVO,1,1,12777,0,0.0,ADD 1,0,1,12788,0,0.0,ADD 2,0,1,12805,0,0.0,ADD 3,0,1,12739,0,0.0,ADD 4,0,1,12783,0,0.0,ADD 5,0,0,0,0,0.0,ADD 6,0,1,12810,0,0.0,ADD 7,0,0,0,0,0.0,EGT2CAN,0,1,12756,0,0.0
1778951610.4075634,238.3,12739,-44.0,1,-,0,0,0,0,0.0,-,0,0,0,0,0.0,ECU,0,1,12684,240,238.3,FAN1,0,0,0,0,0.0,COILS,1,1,12794,0,0.0,PUMP,0,0,0,0,0.0,INJECTOR,1,1,12832,0,0.0,SERVO,1,1,12663,0,0.0,ADD 1,0,1,12832,0,0.0,ADD 2,0,1,12805,0,0.0,ADD 3,0,1,12761,0,0.0,ADD 4,0,1,12657,0,0.0,ADD 5,0,0,0,0,0.0,ADD 6,0,1,12766,0,0.0,ADD 7,0,0,0,0,0.0,EGT2CAN,0,1,12810,0,0.0
1778951610.462452,237.5,12739,-43.0,1,-,0,0,0,0,0.0,-,0,0,0,0,0.0,ECU,0,1,12756,240,237.5,FAN1,0,0,0,0,0.0,COILS,1,1,12684,0,0.0,PUMP,0,0,0,0,0.0,INJECTOR,1,1,12739,0,0.0,SERVO,1,1,12766,0,0.0,ADD 1,0,1,12832,0,0.0,ADD 2,0,1,12827,0,0.0,ADD 3,0,1,12756,0,0.0,ADD 4,0,1,12668,0,0.0,ADD 5,0,0,0,0,0.0,ADD 6,0,1,12766,0,0.0,ADD 7,0,0,0,0,0.0,EGT2CAN,0,1,12794,0,0.0
1778951610.525612,234.0,12807,-45.0,1,-,0,0,0,0,0.0,-,0,0,0,0,0.0,ECU,0,1,12766,230,234.0,FAN1,0,0,0,0,0.0,COILS,1,1,12673,0,0.0,PUMP,0,0,0,0,0.0,INJECTOR,1,1,12827,0,0.0,SERVO,1,1,12766,0,0.0,ADD 1,0,1,12728,0,0.0,ADD 2,0,1,12739,0,0.0,ADD 3,0,1,12723,0,0.0,ADD 4,0,1,12750,0,0.0,ADD 5,0,0,0,0,0.0,ADD 6,0,1,12849,0,0.0,ADD 7,0,0,0,0,0.0,EGT2CAN,0,1,12772,0,0.0
1778951610.5844862,232.5,12776,-43.0,1,-,0,0,0,0,0.0,-,0,0,0,0,0.0,ECU,0,1,12745,230,232.5,FAN1,0,0,0,0,0.0,COILS,1,1,12788,0,0.0,PUMP,0,0,0,0,0.0,INJECTOR,1,1,12712,0,0.0,SERVO,1,1,12684,0,0.0,ADD 1,0,1,12810,0,0.0,ADD 2,0,1,12843,0,0.0,ADD 3,0,1,12788,0,0.0,ADD 4,0,1,12783,0,0.0,ADD 5,0,0,0,0,0.0,ADD 6,0,1,12756,0,0.0,ADD 7,0,0,0,0,0.0,EGT2CAN,0,1,12739,0,0.0
1778951610.6363444,232.5,12776,-43.0,1,-,0,0,0,0,0.0,-,0,0,0,0,0.0,ECU,0,1,12745,230,232.5,FAN1,0,0,0,0,0.0,COILS,1,1,12788,0,0.0,PUMP,0,0,0,0,0.0,INJECTOR,1,1,12712,0,0.0,SERVO,1,1,12684,0,0.0,ADD 1,0,1,12810,0,0.0,ADD 2,0,1,12843,0,0.0,ADD 3,0,1,12788,0,0.0,ADD 4,0,1,12783,0,0.0,ADD 5,0,0,0,0,0.0,ADD 6,0,1,12756,0,0.0,ADD 7,0,0,0,0,0.0,EGT2CAN,0,1,12739,0,0.0
1778951610.687144,234.0,12782,-44.0,1,-,0,0,0,0,0.0,-,0,0,0,0,0.0,ECU,0,1,12772,230,234.0,FAN1,0,0,0,0,0.0,COILS,1,1,12728,0,0.0,PUMP,0,0,0,0,0.0,INJECTOR,1,1,12816,0,0.0,SERVO,1,1,12756,0,0.0,ADD 1,0,1,12739,0,0.0,ADD 2,0,1,12750,0,0.0,ADD 3,0,1,12668,0,0.0,ADD 4,0,1,12706,0,0.0,ADD 5,0,0,0,0,0.0,ADD 6,0,1,12859,0,0.0,ADD 7,0,0,0,0,0.0,EGT2CAN,0,1,12799,0,0.0
1778951610.7387483,234.0,12800,-43.0,1,-,0,0,0,0,0.0,-,0,0,0,0,0.0,ECU,0,1,12777,230,234.0,FAN1,0,0,0,0,0.0,COILS,1,1,12832,0,0.0,PUMP,0,0,0,0,0.0,INJECTOR,1,1,12832,0,0.0,SERVO,1,1,12766,0,0.0,ADD 1,0,1,12673,0,0.0,ADD 2,0,1,12684,0,0.0,ADD 3,0,1,12739,0,0.0,ADD 4,0,1,12788,0,0.0,ADD 5,0,0,0,0,0.0,ADD 6,0,1,12832,0,0.0,ADD 7,0,0,0,0,0.0,EGT2CAN,0,1,12777,0,0.0
1778951610.7911086,234.0,12800,-43.0,1,-,0,0,0,0,0.0,-,0,0,0,0,0.0,ECU,0,1,12788,230,234.0,FAN1,0,0,0,0,0.0,COILS,1,1,12827,0,0.0,PUMP,0,0,0,0,0.0,INJECTOR,1,1,12827,0,0.0,SERVO,1,1,12794,0,0.0,ADD 1,0,1,12673,0,0.0,ADD 2,0,1,12684,0,0.0,ADD 3,0,1,12739,0,0.0,ADD 4,0,1,12788,0,0.0,ADD 5,0,0,0,0,0.0,ADD 6,0,1,12832,0,0.0,ADD 7,0,0,0,0,0.0,EGT2CAN,0,1,12777,0,0.0
1778951610.851152,240.0,12782,-44.0,1,-,0,0,0,0,0.0,-,0,0,0,0,0.0,ECU,0,1,12745,250,240.0,FAN1,0,0,0,0,0.0,COILS,1,1,12810,0,0.0,PUMP,0,0,0,0,0.0,INJECTOR,1,1,12832,0,0.0,SERVO,1,1,12810,0,0.0,ADD 1,0,1,12750,0,0.0,ADD 2,0,1,12717,0,0.0,ADD 3,0,1,12695,0,0.0,ADD 4,0,1,12695,0,0.0,ADD 5,0,0,0,0,0.0,ADD 6,0,1,12854,0,0.0,ADD 7,0,0,0,0,0.0,EGT2CAN,0,1,12827,0,0.0
1778951610.9190035,238.3,12776,-44.0,1,-,0,0,0,0,0.0,-,0,0,0,0,0.0,ECU,0,1,12777,230,238.3,FAN1,0,0,0,0,0.0,COILS,1,1,12783,0,0.0,PUMP,0,0,0,0,0.0,INJECTOR,1,1,12684,0,0.0,SERVO,1,1,12777,0,0.0,ADD 1,0,1,12827,0,0.0,ADD 2,0,1,12799,0,0.0,ADD 3,0,1,12799,0,0.0,ADD 4,0,1,12783,0,0.0,ADD 5,0,0,0,0,0.0,ADD 6,0,1,12684,0,0.0,ADD 7,0,0,0,0,0.0,EGT2CAN,0,1,12772,0,0.0
1778951610.969643,238.0,12788,-43.0,1,-,0,0,0,0,0.0,-,0,0,0,0,0.0,ECU,0,1,12783,240,238.0,FAN1,0,0,0,0,0.0,COILS,1,1,12712,0,0.0,PUMP,0,0,0,0,0.0,INJECTOR,1,1,12772,0,0.0,SERVO,1,1,12810,0,0.0,ADD 1,0,1,12772,0,0.0,ADD 2,0,1,12810,0,0.0,ADD 3,0,1,12838,0,0.0,ADD 4,0,1,12772,0,0.0,ADD 5,0,0,0,0,0.0,ADD 6,0,1,12788,0,0.0,ADD 7,0,0,0,0,0.0,EGT2CAN,0,1,12673,0,0.0
1778951611.0207503,238.0,12788,-43.0,1,-,0,0,0,0,0.0,-,0,0,0,0,0.0,ECU,0,1,12783,240,238.0,FAN1,0,0,0,0,0.0,COILS,1,1,12712,0,0.0,PUMP,0,0,0,0,0.0,INJECTOR,1,1,12772,0,0.0,SERVO,1,1,12810,0,0.0,ADD 1,0,1,12772,0,0.0,ADD 2,0,1,12810,0,0.0,ADD 3,0,1,12838,0,0.0,ADD 4,0,1,12772,0,0.0,ADD 5,0,0,0,0,0.0,ADD 6,0,1,12788,0,0.0,ADD 7,0,0,0,0,0.0,EGT2CAN,0,1,12673,0,0.0
1778951611.071978,238.0,12788,-43.0,1,-,0,0,0,0,0.0,-,0,0,0,0,0.0,ECU,0,1,12613,240,238.0,FAN1,0,0,0,0,0.0,COILS,1,1,12783,0,0.0,PUMP,0,0,0,0,0.0,INJECTOR,1,1,12723,0,0.0,SERVO,1,1,12613,0,0.0,ADD 1,0,1,12739,0,0.0,ADD 2,0,1,12679,0,0.0,ADD 3,0,1,12756,0,0.0,ADD 4,0,1,12756,0,0.0,ADD 5,0,0,0,0,0.0,ADD 6,0,1,12788,0,0.0,ADD 7,0,0,0,0,0.0,EGT2CAN,0,1,12673,0,0.0
1778951611.1226296,232.0,12800,-43.0,1,-,0,0,0,0,0.0,-,0,0,0,0,0.0,ECU,0,1,12783,230,232.0,FAN1,0,0,0,0,0.0,COILS,1,1,12783,0,0.0,PUMP,0,0,0,0,0.0,INJECTOR,1,1,12706,0,0.0,SERVO,1,1,12701,0,0.0,ADD 1,0,1,12788,0,0.0,ADD 2,0,1,12832,0,0.0,ADD 3,0,1,12810,0,0.0,ADD 4,0,1,12745,0,0.0,ADD 5,0,0,0,0,0.0,ADD 6,0,1,12821,0,0.0,ADD 7,0,0,0,0,0.0,EGT2CAN,0,1,12701,0,0.0
1778951611.1837273,232.0,12800,-43.0,1,-,0,0,0,0,0.0,-,0,0,0,0,0.0,ECU,0,1,12783,230,232.0,FAN1,0,0,0,0,0.0,COILS,1,1,12783,0,0.0,PUMP,0,0,0,0,0.0,INJECTOR,1,1,12706,0,0.0,SERVO,1,1,12701,0,0.0,ADD 1,0,1,12788,0,0.0,ADD 2,0,1,12832,0,0.0,ADD 3,0,1,12810,0,0.0,ADD 4,0,1,12745,0,0.0,ADD 5,0,0,0,0,0.0,ADD 6,0,1,12821,0,0.0,ADD 7,0,0,0,0,0.0,EGT2CAN,0,1,12701,0,0.0
1778951611.2343206,230.0,12800,-43.0,1,-,0,0,0,0,0.0,-,0,0,0,0,0.0,ECU,0,1,12673,230,230.0,FAN1,0,0,0,0,0.0,COILS,1,1,12810,0,0.0,PUMP,0,0,0,0,0.0,INJECTOR,1,1,12756,0,0.0,SERVO,1,1,12619,0,0.0,ADD 1,0,1,12750,0,0.0,ADD 2,0,1,12832,0,0.0,ADD 3,0,1,12827,0,0.0,ADD 4,0,1,12756,0,0.0,ADD 5,0,0,0,0,0.0,ADD 6,0,1,12832,0,0.0,ADD 7,0,0,0,0,0.0,EGT2CAN,0,1,12690,0,0.0
1778951611.285329,230.0,12807,-43.0,1,-,0,0,0,0,0.0,-,0,0,0,0,0.0,ECU,0,1,12772,230,230.0,FAN1,0,0,0,0,0.0,COILS,1,1,12843,0,0.0,PUMP,0,0,0,0,0.0,INJECTOR,1,1,12739,0,0.0,SERVO,1,1,12788,0,0.0,ADD 1,0,1,12717,0,0.0,ADD 2,0,1,12728,0,0.0,ADD 3,0,1,12777,0,0.0,ADD 4,0,1,12777,0,0.0,ADD 5,0,0,0,0,0.0,ADD 6,0,1,12843,0,0.0,ADD 7,0,0,0,0,0.0,EGT2CAN,0,1,12799,0,0.0
1778951611.3490803,232.5,12763,-44.0,1,-,0,0,0,0,0.0,-,0,0,0,0,0.0,ECU,0,1,12750,240,232.5,FAN1,0,0,0,0,0.0,COILS,1,1,12810,0,0.0,PUMP,0,0,0,0,0.0,INJECTOR,1,1,12832,0,0.0,SERVO,1,1,12794,0,0.0,ADD 1,0,1,12805,0,0.0,ADD 2,0,1,12728,0,0.0,ADD 3,0,1,12695,0,0.0,ADD 4,0,1,12712,0,0.0,ADD 5,0,0,0,0,0.0,ADD 6,0,1,12843,0,0.0,ADD 7,0,0,0,0,0.0,EGT2CAN,0,1,12805,0,0.0
1778951611.402359,232.5,12763,-44.0,1,-,0,0,0,0,0.0,-,0,0,0,0,0.0,ECU,0,1,12750,240,232.5,FAN1,0,0,0,0,0.0,COILS,1,1,12810,0,0.0,PUMP,0,0,0,0,0.0,INJECTOR,1,1,12832,0,0.0,SERVO,1,1,12794,0,0.0,ADD 1,0,1,12805,0,0.0,ADD 2,0,1,12728,0,0.0,ADD 3,0,1,12695,0,0.0,ADD 4,0,1,12712,0,0.0,ADD 5,0,0,0,0,0.0,ADD 6,0,1,12843,0,0.0,ADD 7,0,0,0,0,0.0,EGT2CAN,0,1,12805,0,0.0
1778951611.453367,234.0,12776,-44.0,1,-,0,0,0,0,0.0,-,0,0,0,0,0.0,ECU,0,1,12739,230,234.0,FAN1,0,0,0,0,0.0,COILS,1,1,12805,0,0.0,PUMP,0,0,0,0,0.0,INJECTOR,1,1,12810,0,0.0,SERVO,1,1,12810,0,0.0,ADD 1,0,1,12794,0,0.0,ADD 2,0,1,12805,0,0.0,ADD 3,0,1,12810,0,0.0,ADD 4,0,1,12668,0,0.0,ADD 5,0,0,0,0,0.0,ADD 6,0,1,12734,0,0.0,ADD 7,0,0,0,0,0.0,EGT2CAN,0,1,12788,0,0.0
1778951611.5100248,233.3,12763,-43.0,1,-,0,0,0,0,0.0,-,0,0,0,0,0.0,ECU,0,1,12788,230,233.3,FAN1,0,0,0,0,0.0,COILS,1,1,12663,0,0.0,PUMP,0,0,0,0,0.0,INJECTOR,1,1,12761,0,0.0,SERVO,1,1,12761,0,0.0,ADD 1,0,1,12843,0,0.0,ADD 2,0,1,12854,0,0.0,ADD 3,0,1,12810,0,0.0,ADD 4,0,1,12766,0,0.0,ADD 5,0,0,0,0,0.0,ADD 6,0,1,12706,0,0.0,ADD 7,0,0,0,0,0.0,EGT2CAN,0,1,12777,0,0.0
1778951611.5605235,233.3,12763,-43.0,1,-,0,0,0,0,0.0,-,0,0,0,0,0.0,ECU,0,1,12717,230,233.3,FAN1,0,0,0,0,0.0,COILS,1,1,12663,0,0.0,PUMP,0,0,0,0,0.0,INJECTOR,1,1,12761,0,0.0,SERVO,1,1,12761,0,0.0,ADD 1,0,1,12843,0,0.0,ADD 2,0,1,12854,0,0.0,ADD 3,0,1,12810,0,0.0,ADD 4,0,1,12766,0,0.0,ADD 5,0,0,0,0,0.0,ADD 6,0,1,12706,0,0.0,ADD 7,0,0,0,0,0.0,EGT2CAN,0,1,12777,0,0.0
1778951611.6109512,234.0,12769,-44.0,1,-,0,0,0,0,0.0,-,0,0,0,0,0.0,ECU,0,1,12794,240,234.0,FAN1,0,0,0,0,0.0,COILS,1,1,12717,0,0.0,PUMP,0,0,0,0,0.0,INJECTOR,1,1,12777,0,0.0,SERVO,1,1,12805,0,0.0,ADD 1,0,1,12794,0,0.0,ADD 2,0,1,12723,0,0.0,ADD 3,0,1,12701,0,0.0,ADD 4,0,1,12695,0,0.0,ADD 5,0,0,0,0,0.0,ADD 6,0,1,12843,0,0.0,ADD 7,0,0,0,0,0.0,EGT2CAN,0,1,12805,0,0.0
1778951611.6679475,233.3,12807,-44.0,1,-,0,0,0,0,0.0,-,0,0,0,0,0.0,ECU,0,1,12794,230,233.3,FAN1,0,0,0,0,0.0,COILS,1,1,12663,0,0.0,PUMP,0,0,0,0,0.0,INJECTOR,1,1,12783,0,0.0,SERVO,1,1,12717,0,0.0,ADD 1,0,1,12706,0,0.0,ADD 2,0,1,12728,0,0.0,ADD 3,0,1,12706,0,0.0,ADD 4,0,1,12739,0,0.0,ADD 5,0,0,0,0,0.0,ADD 6,0,1,12854,0,0.0,ADD 7,0,0,0,0,0.0,EGT2CAN,0,1,12783,0,0.0
1778951611.7192936,233.3,12807,-44.0,1,-,0,0,0,0,0.0,-,0,0,0,0,0.0,ECU,0,1,12777,230,233.3,FAN1,0,0,0,0,0.0,COILS,1,1,12805,0,0.0,PUMP,0,0,0,0,0.0,INJECTOR,1,1,12728,0,0.0,SERVO,1,1,12788,0,0.0,ADD 1,0,1,12706,0,0.0,ADD 2,0,1,12728,0,0.0,ADD 3,0,1,12706,0,0.0,ADD 4,0,1,12739,0,0.0,ADD 5,0,0,0,0,0.0,ADD 6,0,1,12854,0,0.0,ADD 7,0,0,0,0,0.0,EGT2CAN,0,1,12783,0,0.0
1778951611.7699118,233.3,12769,-44.0,1,-,0,0,0,0,0.0,-,0,0,0,0,0.0,ECU,0,1,12756,240,233.3,FAN1,0,0,0,0,0.0,COILS,1,1,12810,0,0.0,PUMP,0,0,0,0,0.0,INJECTOR,1,1,12805,0,0.0,SERVO,1,1,12766,0,0.0,ADD 1,0,1,12761,0,0.0,ADD 2,0,1,12706,0,0.0,ADD 3,0,1,12679,0,0.0,ADD 4,0,1,12717,0,0.0,ADD 5,0,0,0,0,0.0,ADD 6,0,1,12827,0,0.0,ADD 7,0,0,0,0,0.0,EGT2CAN,0,1,12788,0,0.0
1778951611.8222313,233.3,12769,-44.0,1,-,0,0,0,0,0.0,-,0,0,0,0,0.0,ECU,0,1,12756,240,233.3,FAN1,0,0,0,0,0.0,COILS,1,1,12810,0,0.0,PUMP,0,0,0,0,0.0,INJECTOR,1,1,12805,0,0.0,SERVO,1,1,12766,0,0.0,ADD 1,0,1,12761,0,0.0,ADD 2,0,1,12706,0,0.0,ADD 3,0,1,12679,0,0.0,ADD 4,0,1,12717,0,0.0,ADD 5,0,0,0,0,0.0,ADD 6,0,1,12827,0,0.0,ADD 7,0,0,0,0,0.0,EGT2CAN,0,1,12788,0,0.0
1778951611.8749394,232.5,12769,-44.0,1,-,0,0,0,0,0.0,-,0,0,0,0,0.0,ECU,0,1,12827,230,232.5,FAN1,0,0,0,0,0.0,COILS,1,1,12788,0,0.0,PUMP,0,0,0,0,0.0,INJECTOR,1,1,12810,0,0.0,SERVO,1,1,12766,0,0.0,ADD 1,0,1,12794,0,0.0,ADD 2,0,1,12734,0,0.0,ADD 3,0,1,12657,0,0.0,ADD 4,0,1,12717,0,0.0,ADD 5,0,0,0,0,0.0,ADD 6,0,1,12788,0,0.0,ADD 7,0,0,0,0,0.0,EGT2CAN,0,1,12788,0,0.0
1778951611.9264715,232.5,12757,-44.0,1,-,0,0,0,0,0.0,-,0,0,0,0,0.0,ECU,0,1,12827,230,232.5,FAN1,0,0,0,0,0.0,COILS,1,1,12788,0,0.0,PUMP,0,0,0,0,0.0,INJECTOR,1,1,12810,0,0.0,SERVO,1,1,12766,0,0.0,ADD 1,0,1,12794,0,0.0,ADD 2,0,1,12734,0,0.0,ADD 3,0,1,12657,0,0.0,ADD 4,0,1,12717,0,0.0,ADD 5,0,0,0,0,0.0,ADD 6,0,1,12788,0,0.0,ADD 7,0,0,0,0,0.0,EGT2CAN,0,1,12788,0,0.0
1778951611.9768977,235.0,12794,-44.0,1,-,0,0,0,0,0.0,-,0,0,0,0,0.0,ECU,0,1,12673,250,235.0,FAN1,0,0,0,0,0.0,COILS,1,1,12766,0,0.0,PUMP,0,0,0,0,0.0,INJECTOR,1,1,12783,0,0.0,SERVO,1,1,12695,0,0.0,ADD 1,0,1,12668,0,0.0,ADD 2,0,1,12788,0,0.0,ADD 3,0,1,12805,0,0.0,ADD 4,0,1,12810,0,0.0,ADD 5,0,0,0,0,0.0,ADD 6,0,1,12810,0,0.0,ADD 7,0,0,0,0,0.0,EGT2CAN,0,1,12750,0,0.0
1778951612.0278642,235.0,12794,-44.0,1,-,0,0,0,0,0.0,-,0,0,0,0,0.0,ECU,0,1,12673,250,235.0,FAN1,0,0,0,0,0.0,COILS,1,1,12766,0,0.0,PUMP,0,0,0,0,0.0,INJECTOR,1,1,12783,0,0.0,SERVO,1,1,12695,0,0.0,ADD 1,0,1,12668,0,0.0,ADD 2,0,1,12788,0,0.0,ADD 3,0,1,12805,0,0.0,ADD 4,0,1,12810,0,0.0,ADD 5,0,0,0,0,0.0,ADD 6,0,1,12810,0,0.0,ADD 7,0,0,0,0,0.0,EGT2CAN,0,1,12750,0,0.0
1778951612.0787776,235.0,12794,-44.0,1,-,0,0,0,0,0.0,-,0,0,0,0,0.0,ECU,0,1,12810,250,235.0,FAN1,0,0,0,0,0.0,COILS,1,1,12728,0,0.0,PUMP,0,0,0,0,0.0,INJECTOR,1,1,12794,0,0.0,SERVO,1,1,12739,0,0.0,ADD 1,0,1,12668,0,0.0,ADD 2,0,1,12788,0,0.0,ADD 3,0,1,12805,0,0.0,ADD 4,0,1,12810,0,0.0,ADD 5,0,0,0,0,0.0,ADD 6,0,1,12810,0,0.0,ADD 7,0,0,0,0,0.0,EGT2CAN,0,1,12750,0,0.0
1778951612.1299517,233.3,12776,-43.0,1,-,0,0,0,0,0.0,-,0,0,0,0,0.0,ECU,0,1,12756,230,233.3,FAN1,0,0,0,0,0.0,COILS,1,1,12756,0,0.0,PUMP,0,0,0,0,0.0,INJECTOR,1,1,12684,0,0.0,SERVO,1,1,12701,0,0.0,ADD 1,0,1,12766,0,0.0,ADD 2,0,1,12788,0,0.0,ADD 3,0,1,12810,0,0.0,ADD 4,0,1,12788,0,0.0,ADD 5,0,0,0,0,0.0,ADD 6,0,1,12772,0,0.0,ADD 7,0,0,0,0,0.0,EGT2CAN,0,1,12717,0,0.0
1778951612.222579,236.0,12776,-43.0,1,-,0,0,0,0,0.0,-,0,0,0,0,0.0,ECU,0,1,12832,240,236.0,FAN1,0,0,0,0,0.0,COILS,1,1,12701,0,0.0,PUMP,0,0,0,0,0.0,INJECTOR,1,1,12843,0,0.0,SERVO,1,1,12794,0,0.0,ADD 1,0,1,12827,0,0.0,ADD 2,0,1,12794,0,0.0,ADD 3,0,1,12695,0,0.0,ADD 4,0,1,12613,0,0.0,ADD 5,0,0,0,0,0.0,ADD 6,0,1,12821,0,0.0,ADD 7,0,0,0,0,0.0,EGT2CAN,0,1,12783,0,0.0
1778951612.2768767,236.0,12751,-44.0,1,-,0,0,0,0,0.0,-,0,0,0,0,0.0,ECU,0,1,12805,240,236.0,FAN1,0,0,0,0,0.0,COILS,1,1,12843,0,0.0,PUMP,0,0,0,0,0.0,INJECTOR,1,1,12673,0,0.0,SERVO,1,1,12701,0,0.0,ADD 1,0,1,12827,0,0.0,ADD 2,0,1,12794,0,0.0,ADD 3,0,1,12695,0,0.0,ADD 4,0,1,12613,0,0.0,ADD 5,0,0,0,0,0.0,ADD 6,0,1,12821,0,0.0,ADD 7,0,0,0,0,0.0,EGT2CAN,0,1,12783,0,0.0
1778951612.328528,235.0,12800,-43.0,1,-,0,0,0,0,0.0,-,0,0,0,0,0.0,ECU,0,1,12777,240,235.0,FAN1,0,0,0,0,0.0,COILS,1,1,12756,0,0.0,PUMP,0,0,0,0,0.0,INJECTOR,1,1,12756,0,0.0,SERVO,1,1,12750,0,0.0,ADD 1,0,1,12695,0,0.0,ADD 2,0,1,12712,0,0.0,ADD 3,0,1,12723,0,0.0,ADD 4,0,1,12761,0,0.0,ADD 5,0,0,0,0,0.0,ADD 6,0,1,12810,0,0.0,ADD 7,0,0,0,0,0.0,EGT2CAN,0,1,12788,0,0.0
1778951612.3828287,235.0,12769,-44.0,1,-,0,0,0,0,0.0,-,0,0,0,0,0.0,ECU,0,1,12766,240,235.0,FAN1,0,0,0,0,0.0,COILS,1,1,12821,0,0.0,PUMP,0,0,0,0,0.0,INJECTOR,1,1,12756,0,0.0,SERVO,1,1,12794,0,0.0,ADD 1,0,1,12832,0,0.0,ADD 2,0,1,12816,0,0.0,ADD 3,0,1,12777,0,0.0,ADD 4,0,1,12728,0,0.0,ADD 5,0,0,0,0,0.0,ADD 6,0,1,12723,0,0.0,ADD 7,0,0,0,0,0.0,EGT2CAN,0,1,12756,0,0.0
1778951612.447208,235.0,12769,-44.0,1,-,0,0,0,0,0.0,-,0,0,0,0,0.0,ECU,0,1,12684,240,235.0,FAN1,0,0,0,0,0.0,COILS,1,1,12821,0,0.0,PUMP,0,0,0,0,0.0,INJECTOR,1,1,12756,0,0.0,SERVO,1,1,12794,0,0.0,ADD 1,0,1,12832,0,0.0,ADD 2,0,1,12816,0,0.0,ADD 3,0,1,12777,0,0.0,ADD 4,0,1,12728,0,0.0,ADD 5,0,0,0,0,0.0,ADD 6,0,1,12723,0,0.0,ADD 7,0,0,0,0,0.0,EGT2CAN,0,1,12756,0,0.0
1778951612.4981446,233.3,12807,-43.0,1,-,0,0,0,0,0.0,-,0,0,0,0,0.0,ECU,0,1,12668,230,233.3,FAN1,0,0,0,0,0.0,COILS,1,1,12783,0,0.0,PUMP,0,0,0,0,0.0,INJECTOR,1,1,12684,0,0.0,SERVO,1,1,12810,0,0.0,ADD 1,0,1,12832,0,0.0,ADD 2,0,1,12849,0,0.0,ADD 3,0,1,12684,0,0.0,ADD 4,0,1,12641,0,0.0,ADD 5,0,0,0,0,0.0,ADD 6,0,1,12799,0,0.0,ADD 7,0,0,0,0,0.0,EGT2CAN,0,1,12832,0,0.0
1778951612.5529964,232.5,12794,-45.0,1,-,0,0,0,0,0.0,-,0,0,0,0,0.0,ECU,0,1,12684,230,232.5,FAN1,0,0,0,0,0.0,COILS,1,1,12799,0,0.0,PUMP,0,0,0,0,0.0,INJECTOR,1,1,12756,0,0.0,SERVO,1,1,12805,0,0.0,ADD 1,0,1,12832,0,0.0,ADD 2,0,1,12849,0,0.0,ADD 3,0,1,12756,0,0.0,ADD 4,0,1,12717,0,0.0,ADD 5,0,0,0,0,0.0,ADD 6,0,1,12701,0,0.0,ADD 7,0,0,0,0,0.0,EGT2CAN,0,1,12756,0,0.0
1778951612.604141,232.5,12794,-45.0,1,-,0,0,0,0,0.0,-,0,0,0,0,0.0,ECU,0,1,12788,230,232.5,FAN1,0,0,0,0,0.0,COILS,1,1,12799,0,0.0,PUMP,0,0,0,0,0.0,INJECTOR,1,1,12756,0,0.0,SERVO,1,1,12805,0,0.0,ADD 1,0,1,12832,0,0.0,ADD 2,0,1,12849,0,0.0,ADD 3,0,1,12756,0,0.0,ADD 4,0,1,12717,0,0.0,ADD 5,0,0,0,0,0.0,ADD 6,0,1,12701,0,0.0,ADD 7,0,0,0,0,0.0,EGT2CAN,0,1,12756,0,0.0
1778951612.6551197,234.0,12800,-44.0,1,-,0,0,0,0,0.0,-,0,0,0,0,0.0,ECU,0,1,12794,240,234.0,FAN1,0,0,0,0,0.0,COILS,1,1,12652,0,0.0,PUMP,0,0,0,0,0.0,INJECTOR,1,1,12821,0,0.0,SERVO,1,1,12728,0,0.0,ADD 1,0,1,12756,0,0.0,ADD 2,0,1,12788,0,0.0,ADD 3,0,1,12810,0,0.0,ADD 4,0,1,12772,0,0.0,ADD 5,0,0,0,0,0.0,ADD 6,0,1,12766,0,0.0,ADD 7,0,0,0,0,0.0,EGT2CAN,0,1,12690,0,0.0
1778951612.707837,233.3,12745,-44.0,1,-,0,0,0,0,0.0,-,0,0,0,0,0.0,ECU,0,1,12832,230,233.3,FAN1,0,0,0,0,0.0,COILS,1,1,12799,0,0.0,PUMP,0,0,0,0,0.0,INJECTOR,1,1,12652,0,0.0,SERVO,1,1,12684,0,0.0,ADD 1,0,1,12766,0,0.0,ADD 2,0,1,12832,0,0.0,ADD 3,0,1,12805,0,0.0,ADD 4,0,1,12777,0,0.0,ADD 5,0,0,0,0,0.0,ADD 6,0,1,12854,0,0.0,ADD 7,0,0,0,0,0.0,EGT2CAN,0,1,12679,0,0.0
1778951612.7622464,233.3,12745,-44.0,1,-,0,0,0,0,0.0,-,0,0,0,0,0.0,ECU,0,1,12827,230,233.3,FAN1,0,0,0,0,0.0,COILS,1,1,12799,0,0.0,PUMP,0,0,0,0,0.0,INJECTOR,1,1,12652,0,0.0,SERVO,1,1,12684,0,0.0,ADD 1,0,1,12766,0,0.0,ADD 2,0,1,12832,0,0.0,ADD 3,0,1,12805,0,0.0,ADD 4,0,1,12777,0,0.0,ADD 5,0,0,0,0,0.0,ADD 6,0,1,12854,0,0.0,ADD 7,0,0,0,0,0.0,EGT2CAN,0,1,12679,0,0.0
1778951612.815119,237.5,12745,-44.0,1,-,0,0,0,0,0.0,-,0,0,0,0,0.0,ECU,0,1,12827,240,237.5,FAN1,0,0,0,0,0.0,COILS,1,1,12810,0,0.0,PUMP,0,0,0,0,0.0,INJECTOR,1,1,12673,0,0.0,SERVO,1,1,12652,0,0.0,ADD 1,0,1,12805,0,0.0,ADD 2,0,1,12750,0,0.0,ADD 3,0,1,12652,0,0.0,ADD 4,0,1,12717,0,0.0,ADD 5,0,0,0,0,0.0,ADD 6,0,1,12810,0,0.0,ADD 7,0,0,0,0,0.0,EGT2CAN,0,1,12805,0,0.0
1778951612.8661132,220.0,12794,-41.0,1,-,0,0,0,0,0.0,-,0,0,0,0,0.0,ECU,0,1,12854,150,220.0,FAN1,0,0,0,0,0.0,COILS,1,1,12925,0,0.0,PUMP,0,0,0,0,0.0,INJECTOR,1,1,12898,0,0.0,SERVO,1,1,12838,0,0.0,ADD 1,0,1,12898,0,0.0,ADD 2,0,1,12876,0,0.0,ADD 3,0,1,12876,0,0.0,ADD 4,0,1,12739,0,0.0,ADD 5,0,0,0,0,0.0,ADD 6,0,1,12865,0,0.0,ADD 7,0,0,0,0,0.0,EGT2CAN,0,1,12832,0,0.0
1778951612.9175546,220.0,12980,-44.0,1,-,0,0,0,0,0.0,-,0,0,0,0,0.0,ECU,0,1,12854,150,220.0,FAN1,0,0,0,0,0.0,COILS,1,1,12925,0,0.0,PUMP,0,0,0,0,0.0,INJECTOR,1,1,12898,0,0.0,SERVO,1,1,12838,0,0.0,ADD 1,0,1,12898,0,0.0,ADD 2,0,1,12876,0,0.0,ADD 3,0,1,12876,0,0.0,ADD 4,0,1,12739,0,0.0,ADD 5,0,0,0,0,0.0,ADD 6,0,1,12865,0,0.0,ADD 7,0,0,0,0,0.0,EGT2CAN,0,1,12832,0,0.0
1778951612.9681976,220.0,12980,-44.0,1,-,0,0,0,0,0.0,-,0,0,0,0,0.0,ECU,0,1,13106,150,220.0,FAN1,0,0,0,0,0.0,COILS,1,1,13128,0,0.0,PUMP,0,0,0,0,0.0,INJECTOR,1,1,13062,0,0.0,SERVO,1,1,13024,0,0.0,ADD 1,0,1,13056,0,0.0,ADD 2,0,1,13128,0,0.0,ADD 3,0,1,13089,0,0.0,ADD 4,0,1,13051,0,0.0,ADD 5,0,0,0,0,0.0,ADD 6,0,1,12865,0,0.0,ADD 7,0,0,0,0,0.0,EGT2CAN,0,1,12832,0,0.0
1778951613.019137,190.0,13908,-44.0,1,-,0,0,0,0,0.0,-,0,0,0,0,0.0,ECU,0,1,13527,160,190.0,FAN1,0,0,0,0,0.0,COILS,1,1,13647,0,0.0,PUMP,0,0,0,0,0.0,INJECTOR,1,1,13494,0,0.0,SERVO,1,1,13489,0,0.0,ADD 1,0,1,13264,0,0.0,ADD 2,0,1,13335,0,0.0,ADD 3,0,1,13401,0,0.0,ADD 4,0,1,13319,0,0.0,ADD 5,0,0,0,0,0.0,ADD 6,0,1,13450,0,0.0,ADD 7,0,0,0,0,0.0,EGT2CAN,0,1,13330,0,0.0
1778951613.0768037,190.0,13494,-43.0,1,-,0,0,0,0,0.0,-,0,0,0,0,0.0,ECU,0,1,13527,160,190.0,FAN1,0,0,0,0,0.0,COILS,1,1,13647,0,0.0,PUMP,0,0,0,0,0.0,INJECTOR,1,1,13494,0,0.0,SERVO,1,1,13489,0,0.0,ADD 1,0,1,13264,0,0.0,ADD 2,0,1,13335,0,0.0,ADD 3,0,1,13401,0,0.0,ADD 4,0,1,13319,0,0.0,ADD 5,0,0,0,0,0.0,ADD 6,0,1,13450,0,0.0,ADD 7,0,0,0,0,0.0,EGT2CAN,0,1,13330,0,0.0
1778951613.1279478,170.0,13277,-44.0,1,-,0,0,0,0,0.0,-,0,0,0,0,0.0,ECU,0,1,13489,180,170.0,FAN1,0,0,0,0,0.0,COILS,1,1,13417,0,0.0,PUMP,0,0,0,0,0.0,INJECTOR,1,1,13592,0,0.0,SERVO,1,1,13707,0,0.0,ADD 1,0,1,13215,0,0.0,ADD 2,0,1,13248,0,0.0,ADD 3,0,1,13220,0,0.0,ADD 4,0,1,13210,0,0.0,ADD 5,0,0,0,0,0.0,ADD 6,0,1,13264,0,0.0,ADD 7,0,0,0,0,0.0,EGT2CAN,0,1,13106,0,0.0
1778951613.1810715,170.0,13277,-44.0,1,-,0,0,0,0,0.0,-,0,0,0,0,0.0,ECU,0,1,13363,180,170.0,FAN1,0,0,0,0,0.0,COILS,1,1,13264,0,0.0,PUMP,0,0,0,0,0.0,INJECTOR,1,1,13253,0,0.0,SERVO,1,1,13308,0,0.0,ADD 1,0,1,13899,0,0.0,ADD 2,0,1,13964,0,0.0,ADD 3,0,1,13888,0,0.0,ADD 4,0,1,13822,0,0.0,ADD 5,0,0,0,0,0.0,ADD 6,0,1,13718,0,0.0,ADD 7,0,0,0,0,0.0,EGT2CAN,0,1,13718,0,0.0
1778951613.2317426,187.5,13277,-43.0,1,-,0,0,0,0,0.0,-,0,0,0,0,0.0,ECU,0,1,13669,190,187.5,FAN1,0,0,0,0,0.0,COILS,1,1,13844,0,0.0,PUMP,0,0,0,0,0.0,INJECTOR,1,1,13860,0,0.0,SERVO,1,1,13795,0,0.0,ADD 1,0,1,13855,0,0.0,ADD 2,0,1,13970,0,0.0,ADD 3,0,1,13943,0,0.0,ADD 4,0,1,13910,0,0.0,ADD 5,0,0,0,0,0.0,ADD 6,0,1,13992,0,0.0,ADD 7,0,0,0,0,0.0,EGT2CAN,0,1,13888,0,0.0
1778951613.2956247,192.0,13370,-43.0,1,-,0,0,0,0,0.0,-,0,0,0,0,0.0,ECU,0,1,13286,210,192.0,FAN1,0,0,0,0,0.0,COILS,1,1,13253,0,0.0,PUMP,0,0,0,0,0.0,INJECTOR,1,1,13210,0,0.0,SERVO,1,1,13275,0,0.0,ADD 1,0,1,13319,0,0.0,ADD 2,0,1,13330,0,0.0,ADD 3,0,1,13335,0,0.0,ADD 4,0,1,13215,0,0.0,ADD 5,0,0,0,0,0.0,ADD 6,0,1,13352,0,0.0,ADD 7,0,0,0,0,0.0,EGT2CAN,0,1,13352,0,0.0
1778951613.3467042,192.0,13370,-43.0,1,-,0,0,0,0,0.0,-,0,0,0,0,0.0,ECU,0,1,13286,210,192.0,FAN1,0,0,0,0,0.0,COILS,1,1,13253,0,0.0,PUMP,0,0,0,0,0.0,INJECTOR,1,1,13210,0,0.0,SERVO,1,1,13275,0,0.0,ADD 1,0,1,13319,0,0.0,ADD 2,0,1,13330,0,0.0,ADD 3,0,1,13335,0,0.0,ADD 4,0,1,13215,0,0.0,ADD 5,0,0,0,0,0.0,ADD 6,0,1,13352,0,0.0,ADD 7,0,0,0,0,0.0,EGT2CAN,0,1,13352,0,0.0
1778951613.3977098,202.0,13927,-44.0,1,-,0,0,0,0,0.0,-,0,0,0,0,0.0,ECU,0,1,14036,230,202.0,FAN1,0,0,0,0,0.0,COILS,1,1,14019,0,0.0,PUMP,0,0,0,0,0.0,INJECTOR,1,1,14008,0,0.0,SERVO,1,1,13964,0,0.0,ADD 1,0,1,13964,0,0.0,ADD 2,0,1,13855,0,0.0,ADD 3,0,1,13795,0,0.0,ADD 4,0,1,13839,0,0.0,ADD 5,0,0,0,0,0.0,ADD 6,0,1,13932,0,0.0,ADD 7,0,0,0,0,0.0,EGT2CAN,0,1,13839,0,0.0
1778951613.4481447,200.0,13364,-44.0,1,-,0,0,0,0,0.0,-,0,0,0,0,0.0,ECU,0,1,13675,190,200.0,FAN1,0,0,0,0,0.0,COILS,1,1,13718,0,0.0,PUMP,0,0,0,0,0.0,INJECTOR,1,1,13696,0,0.0,SERVO,1,1,13620,0,0.0,ADD 1,0,1,13472,0,0.0,ADD 2,0,1,13401,0,0.0,ADD 3,0,1,13401,0,0.0,ADD 4,0,1,13456,0,0.0,ADD 5,0,0,0,0,0.0,ADD 6,0,1,13527,0,0.0,ADD 7,0,0,0,0,0.0,EGT2CAN,0,1,13582,0,0.0
1778951613.4992993,200.0,13364,-44.0,1,-,0,0,0,0,0.0,-,0,0,0,0,0.0,ECU,0,1,13242,190,200.0,FAN1,0,0,0,0,0.0,COILS,1,1,13379,0,0.0,PUMP,0,0,0,0,0.0,INJECTOR,1,1,13352,0,0.0,SERVO,1,1,13478,0,0.0,ADD 1,0,1,13242,0,0.0,ADD 2,0,1,13226,0,0.0,ADD 3,0,1,13073,0,0.0,ADD 4,0,1,13149,0,0.0,ADD 5,0,0,0,0,0.0,ADD 6,0,1,13527,0,0.0,ADD 7,0,0,0,0,0.0,EGT2CAN,0,1,13582,0,0.0
1778951613.5515969,205.0,13364,-44.0,1,-,0,0,0,0,0.0,-,0,0,0,0,0.0,ECU,0,1,13242,220,205.0,FAN1,0,0,0,0,0.0,COILS,1,1,13379,0,0.0,PUMP,0,0,0,0,0.0,INJECTOR,1,1,13352,0,0.0,SERVO,1,1,13478,0,0.0,ADD 1,0,1,13242,0,0.0,ADD 2,0,1,13226,0,0.0,ADD 3,0,1,13073,0,0.0,ADD 4,0,1,13149,0,0.0,ADD 5,0,0,0,0,0.0,ADD 6,0,1,13248,0,0.0,ADD 7,0,0,0,0,0.0,EGT2CAN,0,1,13215,0,0.0
1778951613.6024199,216.0,13673,-44.0,1,-,0,0,0,0,0.0,-,0,0,0,0,0.0,ECU,0,1,13264,240,216.0,FAN1,0,0,0,0,0.0,COILS,1,1,13111,0,0.0,PUMP,0,0,0,0,0.0,INJECTOR,1,1,13264,0,0.0,SERVO,1,1,13188,0,0.0,ADD 1,0,1,13669,0,0.0,ADD 2,0,1,13762,0,0.0,ADD 3,0,1,13762,0,0.0,ADD 4,0,1,13658,0,0.0,ADD 5,0,0,0,0,0.0,ADD 6,0,1,13691,0,0.0,ADD 7,0,0,0,0,0.0,EGT2CAN,0,1,13609,0,0.0
1778951613.653824,212.0,13252,-44.0,1,-,0,0,0,0,0.0,-,0,0,0,0,0.0,ECU,0,1,13647,210,212.0,FAN1,0,0,0,0,0.0,COILS,1,1,13740,0,0.0,PUMP,0,0,0,0,0.0,INJECTOR,1,1,13784,0,0.0,SERVO,1,1,13757,0,0.0,ADD 1,0,1,13828,0,0.0,ADD 2,0,1,13866,0,0.0,ADD 3,0,1,13882,0,0.0,ADD 4,0,1,13921,0,0.0,ADD 5,0,0,0,0,0.0,ADD 6,0,1,13975,0,0.0,ADD 7,0,0,0,0,0.0,EGT2CAN,0,1,13811,0,0.0
1778951613.7227647,212.0,13252,-44.0,1,-,0,0,0,0,0.0,-,0,0,0,0,0.0,ECU,0,1,13281,210,212.0,FAN1,0,0,0,0,0.0,COILS,1,1,13177,0,0.0,PUMP,0,0,0,0,0.0,INJECTOR,1,1,13286,0,0.0,SERVO,1,1,13319,0,0.0,ADD 1,0,1,13828,0,0.0,ADD 2,0,1,13866,0,0.0,ADD 3,0,1,13882,0,0.0,ADD 4,0,1,13921,0,0.0,ADD 5,0,0,0,0,0.0,ADD 6,0,1,13975,0,0.0,ADD 7,0,0,0,0,0.0,EGT2CAN,0,1,13811,0,0.0
1778951613.7733886,231.7,13853,-45.0,1,-,0,0,0,0,0.0,-,0,0,0,0,0.0,ECU,0,1,13970,270,231.7,FAN1,0,0,0,0,0.0,COILS,1,1,13921,0,0.0,PUMP,0,0,0,0,0.0,INJECTOR,1,1,13822,0,0.0,SERVO,1,1,13811,0,0.0,ADD 1,0,1,13828,0,0.0,ADD 2,0,1,13866,0,0.0,ADD 3,0,1,13729,0,0.0,ADD 4,0,1,13669,0,0.0,ADD 5,0,0,0,0,0.0,ADD 6,0,1,13762,0,0.0,ADD 7,0,0,0,0,0.0,EGT2CAN,0,1,13724,0,0.0
1778951613.8303378,231.7,13853,-45.0,1,-,0,0,0,0,0.0,-,0,0,0,0,0.0,ECU,0,1,13970,270,231.7,FAN1,0,0,0,0,0.0,COILS,1,1,13921,0,0.0,PUMP,0,0,0,0,0.0,INJECTOR,1,1,13822,0,0.0,SERVO,1,1,13811,0,0.0,ADD 1,0,1,13828,0,0.0,ADD 2,0,1,13866,0,0.0,ADD 3,0,1,13729,0,0.0,ADD 4,0,1,13669,0,0.0,ADD 5,0,0,0,0,0.0,ADD 6,0,1,13762,0,0.0,ADD 7,0,0,0,0,0.0,EGT2CAN,0,1,13724,0,0.0
1778951613.881464,231.7,13853,-45.0,1,-,0,0,0,0,0.0,-,0,0,0,0,0.0,ECU,0,1,13696,270,231.7,FAN1,0,0,0,0,0.0,COILS,1,1,13729,0,0.0,PUMP,0,0,0,0,0.0,INJECTOR,1,1,13598,0,0.0,SERVO,1,1,13543,0,0.0,ADD 1,0,1,13461,0,0.0,ADD 2,0,1,13554,0,0.0,ADD 3,0,1,13527,0,0.0,ADD 4,0,1,13554,0,0.0,ADD 5,0,0,0,0,0.0,ADD 6,0,1,13603,0,0.0,ADD 7,0,0,0,0,0.0,EGT2CAN,0,1,13478,0,0.0
1778951613.9324148,245.0,13364,-44.0,1,-,0,0,0,0,0.0,-,0,0,0,0,0.0,ECU,0,1,13193,230,245.0,FAN1,0,0,0,0,0.0,COILS,1,1,13226,0,0.0,PUMP,0,0,0,0,0.0,INJECTOR,1,1,13220,0,0.0,SERVO,1,1,13215,0,0.0,ADD 1,0,1,13259,0,0.0,ADD 2,0,1,13220,0,0.0,ADD 3,0,1,13231,0,0.0,ADD 4,0,1,13275,0,0.0,ADD 5,0,0,0,0,0.0,ADD 6,0,1,13281,0,0.0,ADD 7,0,0,0,0,0.0,EGT2CAN,0,1,13259,0,0.0
1778951613.992417,252.5,13686,-43.0,1,-,0,0,0,0,0.0,-,0,0,0,0,0.0,ECU,0,1,13248,280,252.5,FAN1,0,0,0,0,0.0,COILS,1,1,13248,0,0.0,PUMP,0,0,0,0,0.0,INJECTOR,1,1,13264,0,0.0,SERVO,1,1,13215,0,0.0,ADD 1,0,1,13718,0,0.0,ADD 2,0,1,13675,0,0.0,ADD 3,0,1,13647,0,0.0,ADD 4,0,1,13669,0,0.0,ADD 5,0,0,0,0,0.0,ADD 6,0,1,13740,0,0.0,ADD 7,0,0,0,0,0.0,EGT2CAN,0,1,13751,0,0.0
1778951614.0462432,252.5,13686,-43.0,1,-,0,0,0,0,0.0,-,0,0,0,0,0.0,ECU,0,1,13248,280,252.5,FAN1,0,0,0,0,0.0,COILS,1,1,13248,0,0.0,PUMP,0,0,0,0,0.0,INJECTOR,1,1,13264,0,0.0,SERVO,1,1,13215,0,0.0,ADD 1,0,1,13718,0,0.0,ADD 2,0,1,13675,0,0.0,ADD 3,0,1,13647,0,0.0,ADD 4,0,1,13669,0,0.0,ADD 5,0,0,0,0,0.0,ADD 6,0,1,13740,0,0.0,ADD 7,0,0,0,0,0.0,EGT2CAN,0,1,13751,0,0.0
1778951614.097402,253.3,13407,-44.0,1,-,0,0,0,0,0.0,-,0,0,0,0,0.0,ECU,0,1,13149,270,253.3,FAN1,0,0,0,0,0.0,COILS,1,1,13204,0,0.0,PUMP,0,0,0,0,0.0,INJECTOR,1,1,13286,0,0.0,SERVO,1,1,13117,0,0.0,ADD 1,0,1,13204,0,0.0,ADD 2,0,1,13264,0,0.0,ADD 3,0,1,13210,0,0.0,ADD 4,0,1,13226,0,0.0,ADD 5,0,0,0,0,0.0,ADD 6,0,1,13259,0,0.0,ADD 7,0,0,0,0,0.0,EGT2CAN,0,1,13133,0,0.0
1778951614.1494756,260.0,13667,-43.0,1,-,0,0,0,0,0.0,-,0,0,0,0,0.0,ECU,0,1,13248,250,260.0,FAN1,0,0,0,0,0.0,COILS,1,1,13177,0,0.0,PUMP,0,0,0,0,0.0,INJECTOR,1,1,13210,0,0.0,SERVO,1,1,13210,0,0.0,ADD 1,0,1,13286,0,0.0,ADD 2,0,1,13319,0,0.0,ADD 3,0,1,13270,0,0.0,ADD 4,0,1,13226,0,0.0,ADD 5,0,0,0,0,0.0,ADD 6,0,1,13193,0,0.0,ADD 7,0,0,0,0,0.0,EGT2CAN,0,1,13177,0,0.0
1778951614.201947,260.0,13667,-43.0,1,-,0,0,0,0,0.0,-,0,0,0,0,0.0,ECU,0,1,13789,250,260.0,FAN1,0,0,0,0,0.0,COILS,1,1,13177,0,0.0,PUMP,0,0,0,0,0.0,INJECTOR,1,1,13210,0,0.0,SERVO,1,1,13210,0,0.0,ADD 1,0,1,13286,0,0.0,ADD 2,0,1,13319,0,0.0,ADD 3,0,1,13270,0,0.0,ADD 4,0,1,13226,0,0.0,ADD 5,0,0,0,0,0.0,ADD 6,0,1,13193,0,0.0,ADD 7,0,0,0,0,0.0,EGT2CAN,0,1,13177,0,0.0
1778951614.2541504,260.0,13667,-43.0,1,-,0,0,0,0,0.0,-,0,0,0,0,0.0,ECU,0,1,13789,280,260.0,FAN1,0,0,0,0,0.0,COILS,1,1,13762,0,0.0,PUMP,0,0,0,0,0.0,INJECTOR,1,1,13817,0,0.0,SERVO,1,1,13828,0,0.0,ADD 1,0,1,13893,0,0.0,ADD 2,0,1,13943,0,0.0,ADD 3,0,1,13926,0,0.0,ADD 4,0,1,13811,0,0.0,ADD 5,0,0,0,0,0.0,ADD 6,0,1,13926,0,0.0,ADD 7,0,0,0,0,0.0,EGT2CAN,0,1,13855,0,0.0
1778951614.3167698,261.7,13401,-43.0,1,-,0,0,0,0,0.0,-,0,0,0,0,0.0,ECU,0,1,13264,270,261.7,FAN1,0,0,0,0,0.0,COILS,1,1,13215,0,0.0,PUMP,0,0,0,0,0.0,INJECTOR,1,1,13117,0,0.0,SERVO,1,1,13084,0,0.0,ADD 1,0,1,13199,0,0.0,ADD 2,0,1,13275,0,0.0,ADD 3,0,1,13231,0,0.0,ADD 4,0,1,13226,0,0.0,ADD 5,0,0,0,0,0.0,ADD 6,0,1,13319,0,0.0,ADD 7,0,0,0,0,0.0,EGT2CAN,0,1,13149,0,0.0
1778951614.3676877,264.0,13778,-43.0,1,-,0,0,0,0,0.0,-,0,0,0,0,0.0,ECU,0,1,13489,260,264.0,FAN1,0,0,0,0,0.0,COILS,1,1,13292,0,0.0,PUMP,0,0,0,0,0.0,INJECTOR,1,1,13303,0,0.0,SERVO,1,1,13270,0,0.0,ADD 1,0,1,13735,0,0.0,ADD 2,0,1,13653,0,0.0,ADD 3,0,1,13560,0,0.0,ADD 4,0,1,13620,0,0.0,ADD 5,0,0,0,0,0.0,ADD 6,0,1,13828,0,0.0,ADD 7,0,0,0,0,0.0,EGT2CAN,0,1,13822,0,0.0
1778951614.4182663,264.0,13778,-43.0,1,-,0,0,0,0,0.0,-,0,0,0,0,0.0,ECU,0,1,13778,260,264.0,FAN1,0,0,0,0,0.0,COILS,1,1,13778,0,0.0,PUMP,0,0,0,0,0.0,INJECTOR,1,1,13833,0,0.0,SERVO,1,1,13751,0,0.0,ADD 1,0,1,13778,0,0.0,ADD 2,0,1,13855,0,0.0,ADD 3,0,1,13817,0,0.0,ADD 4,0,1,13767,0,0.0,ADD 5,0,0,0,0,0.0,ADD 6,0,1,13631,0,0.0,ADD 7,0,0,0,0,0.0,EGT2CAN,0,1,13740,0,0.0
1778951614.469191,275.0,13754,-44.0,1,-,0,0,0,0,0.0,-,0,0,0,0,0.0,ECU,0,1,13554,280,275.0,FAN1,0,0,0,0,0.0,COILS,1,1,13401,0,0.0,PUMP,0,0,0,0,0.0,INJECTOR,1,1,13313,0,0.0,SERVO,1,1,13335,0,0.0,ADD 1,0,1,13330,0,0.0,ADD 2,0,1,13330,0,0.0,ADD 3,0,1,13242,0,0.0,ADD 4,0,1,13149,0,0.0,ADD 5,0,0,0,0,0.0,ADD 6,0,1,13248,0,0.0,ADD 7,0,0,0,0,0.0,EGT2CAN,0,1,13363,0,0.0
1778951614.521228,275.0,13754,-44.0,1,-,0,0,0,0,0.0,-,0,0,0,0,0.0,ECU,0,1,13554,280,275.0,FAN1,0,0,0,0,0.0,COILS,1,1,13401,0,0.0,PUMP,0,0,0,0,0.0,INJECTOR,1,1,13313,0,0.0,SERVO,1,1,13335,0,0.0,ADD 1,0,1,13330,0,0.0,ADD 2,0,1,13330,0,0.0,ADD 3,0,1,13242,0,0.0,ADD 4,0,1,13149,0,0.0,ADD 5,0,0,0,0,0.0,ADD 6,0,1,13248,0,0.0,ADD 7,0,0,0,0,0.0,EGT2CAN,0,1,13363,0,0.0
1778951614.5718923,275.0,13754,-44.0,1,-,0,0,0,0,0.0,-,0,0,0,0,0.0,ECU,0,1,13499,280,275.0,FAN1,0,0,0,0,0.0,COILS,1,1,13696,0,0.0,PUMP,0,0,0,0,0.0,INJECTOR,1,1,13724,0,0.0,SERVO,1,1,13740,0,0.0,ADD 1,0,1,13806,0,0.0,ADD 2,0,1,13833,0,0.0,ADD 3,0,1,13778,0,0.0,ADD 4,0,1,13773,0,0.0,ADD 5,0,0,0,0,0.0,ADD 6,0,1,13248,0,0.0,ADD 7,0,0,0,0,0.0,EGT2CAN,0,1,13363,0,0.0
1778951614.6227417,281.7,13320,-45.0,1,-,0,0,0,0,0.0,-,0,0,0,0,0.0,ECU,0,1,13226,280,281.7,FAN1,0,0,0,0,0.0,COILS,1,1,13335,0,0.0,PUMP,0,0,0,0,0.0,INJECTOR,1,1,13231,0,0.0,SERVO,1,1,13275,0,0.0,ADD 1,0,1,13204,0,0.0,ADD 2,0,1,13308,0,0.0,ADD 3,0,1,13248,0,0.0,ADD 4,0,1,13313,0,0.0,ADD 5,0,0,0,0,0.0,ADD 6,0,1,13308,0,0.0,ADD 7,0,0,0,0,0.0,EGT2CAN,0,1,13259,0,0.0
1778951614.680794,281.7,13320,-45.0,1,-,0,0,0,0,0.0,-,0,0,0,0,0.0,ECU,0,1,13226,280,281.7,FAN1,0,0,0,0,0.0,COILS,1,1,13335,0,0.0,PUMP,0,0,0,0,0.0,INJECTOR,1,1,13231,0,0.0,SERVO,1,1,13275,0,0.0,ADD 1,0,1,13204,0,0.0,ADD 2,0,1,13308,0,0.0,ADD 3,0,1,13248,0,0.0,ADD 4,0,1,13313,0,0.0,ADD 5,0,0,0,0,0.0,ADD 6,0,1,13308,0,0.0,ADD 7,0,0,0,0,0.0,EGT2CAN,0,1,13259,0,0.0
1778951614.734034,281.7,13320,-45.0,1,-,0,0,0,0,0.0,-,0,0,0,0,0.0,ECU,0,1,13297,280,281.7,FAN1,0,0,0,0,0.0,COILS,1,1,13171,0,0.0,PUMP,0,0,0,0,0.0,INJECTOR,1,1,13215,0,0.0,SERVO,1,1,13166,0,0.0,ADD 1,0,1,13204,0,0.0,ADD 2,0,1,13308,0,0.0,ADD 3,0,1,13248,0,0.0,ADD 4,0,1,13313,0,0.0,ADD 5,0,0,0,0,0.0,ADD 6,0,1,13308,0,0.0,ADD 7,0,0,0,0,0.0,EGT2CAN,0,1,13259,0,0.0
1778951614.7847364,285.0,13265,-45.0,1,-,0,0,0,0,0.0,-,0,0,0,0,0.0,ECU,0,1,13571,300,285.0,FAN1,0,0,0,0,0.0,COILS,1,1,13603,0,0.0,PUMP,0,0,0,0,0.0,INJECTOR,1,1,13696,0,0.0,SERVO,1,1,13740,0,0.0,ADD 1,0,1,13702,0,0.0,ADD 2,0,1,13675,0,0.0,ADD 3,0,1,13735,0,0.0,ADD 4,0,1,13740,0,0.0,ADD 5,0,0,0,0,0.0,ADD 6,0,1,13866,0,0.0,ADD 7,0,0,0,0,0.0,EGT2CAN,0,1,13828,0,0.0
1778951614.84146,282.5,13537,-43.0,1,-,0,0,0,0,0.0,-,0,0,0,0,0.0,ECU,0,1,13248,270,282.5,FAN1,0,0,0,0,0.0,COILS,1,1,13308,0,0.0,PUMP,0,0,0,0,0.0,INJECTOR,1,1,13253,0,0.0,SERVO,1,1,13231,0,0.0,ADD 1,0,1,13253,0,0.0,ADD 2,0,1,13335,0,0.0,ADD 3,0,1,13308,0,0.0,ADD 4,0,1,13220,0,0.0,ADD 5,0,0,0,0,0.0,ADD 6,0,1,13193,0,0.0,ADD 7,0,0,0,0,0.0,EGT2CAN,0,1,13220,0,0.0
1778951614.8928554,282.5,13537,-43.0,1,-,0,0,0,0,0.0,-,0,0,0,0,0.0,ECU,0,1,13248,270,282.5,FAN1,0,0,0,0,0.0,COILS,1,1,13308,0,0.0,PUMP,0,0,0,0,0.0,INJECTOR,1,1,13253,0,0.0,SERVO,1,1,13231,0,0.0,ADD 1,0,1,13253,0,0.0,ADD 2,0,1,13335,0,0.0,ADD 3,0,1,13308,0,0.0,ADD 4,0,1,13220,0,0.0,ADD 5,0,0,0,0,0.0,ADD 6,0,1,13193,0,0.0,ADD 7,0,0,0,0,0.0,EGT2CAN,0,1,13220,0,0.0
1778951614.9438796,281.7,13327,-44.0,1,-,0,0,0,0,0.0,-,0,0,0,0,0.0,ECU,0,1,13707,280,281.7,FAN1,0,0,0,0,0.0,COILS,1,1,13839,0,0.0,PUMP,0,0,0,0,0.0,INJECTOR,1,1,13855,0,0.0,SERVO,1,1,13762,0,0.0,ADD 1,0,1,13850,0,0.0,ADD 2,0,1,13899,0,0.0,ADD 3,0,1,13839,0,0.0,ADD 4,0,1,13855,0,0.0,ADD 5,0,0,0,0,0.0,ADD 6,0,1,13871,0,0.0,ADD 7,0,0,0,0,0.0,EGT2CAN,0,1,13778,0,0.0
1778951614.997774,282.5,13450,-43.0,1,-,0,0,0,0,0.0,-,0,0,0,0,0.0,ECU,0,1,13855,300,282.5,FAN1,0,0,0,0,0.0,COILS,1,1,13926,0,0.0,PUMP,0,0,0,0,0.0,INJECTOR,1,1,13948,0,0.0,SERVO,1,1,13423,0,0.0,ADD 1,0,1,13571,0,0.0,ADD 2,0,1,13582,0,0.0,ADD 3,0,1,13576,0,0.0,ADD 4,0,1,13549,0,0.0,ADD 5,0,0,0,0,0.0,ADD 6,0,1,13582,0,0.0,ADD 7,0,0,0,0,0.0,EGT2CAN,0,1,13565,0,0.0
1778951615.0512793,282.5,13450,-43.0,1,-,0,0,0,0,0.0,-,0,0,0,0,0.0,ECU,0,1,13396,300,282.5,FAN1,0,0,0,0,0.0,COILS,1,1,13926,0,0.0,PUMP,0,0,0,0,0.0,INJECTOR,1,1,13948,0,0.0,SERVO,1,1,13423,0,0.0,ADD 1,0,1,13571,0,0.0,ADD 2,0,1,13582,0,0.0,ADD 3,0,1,13576,0,0.0,ADD 4,0,1,13549,0,0.0,ADD 5,0,0,0,0,0.0,ADD 6,0,1,13582,0,0.0,ADD 7,0,0,0,0,0.0,EGT2CAN,0,1,13565,0,0.0
1778951615.10146,268.0,13444,-43.0,1,-,0,0,0,0,0.0,-,0,0,0,0,0.0,ECU,0,1,13313,280,268.0,FAN1,0,0,0,0,0.0,COILS,1,1,13155,0,0.0,PUMP,0,0,0,0,0.0,INJECTOR,1,1,13292,0,0.0,SERVO,1,1,13264,0,0.0,ADD 1,0,1,13467,0,0.0,ADD 2,0,1,13450,0,0.0,ADD 3,0,1,13363,0,0.0,ADD 4,0,1,13335,0,0.0,ADD 5,0,0,0,0,0.0,ADD 6,0,1,13253,0,0.0,ADD 7,0,0,0,0,0.0,EGT2CAN,0,1,13308,0,0.0
1778951615.1520135,260.0,13760,-43.0,1,-,0,0,0,0,0.0,-,0,0,0,0,0.0,ECU,0,1,13538,260,260.0,FAN1,0,0,0,0,0.0,COILS,1,1,13467,0,0.0,PUMP,0,0,0,0,0.0,INJECTOR,1,1,13248,0,0.0,SERVO,1,1,13308,0,0.0,ADD 1,0,1,13795,0,0.0,ADD 2,0,1,13828,0,0.0,ADD 3,0,1,13784,0,0.0,ADD 4,0,1,13767,0,0.0,ADD 5,0,0,0,0,0.0,ADD 6,0,1,13817,0,0.0,ADD 7,0,0,0,0,0.0,EGT2CAN,0,1,13767,0,0.0
1778951615.2028937,260.0,13760,-43.0,1,-,0,0,0,0,0.0,-,0,0,0,0,0.0,ECU,0,1,13773,260,260.0,FAN1,0,0,0,0,0.0,COILS,1,1,13735,0,0.0,PUMP,0,0,0,0,0.0,INJECTOR,1,1,13713,0,0.0,SERVO,1,1,13839,0,0.0,ADD 1,0,1,13795,0,0.0,ADD 2,0,1,13828,0,0.0,ADD 3,0,1,13784,0,0.0,ADD 4,0,1,13767,0,0.0,ADD 5,0,0,0,0,0.0,ADD 6,0,1,13817,0,0.0,ADD 7,0,0,0,0,0.0,EGT2CAN,0,1,13767,0,0.0
1778951615.2538085,262.0,13339,-43.0,1,-,0,0,0,0,0.0,-,0,0,0,0,0.0,ECU,0,1,13193,280,262.0,FAN1,0,0,0,0,0.0,COILS,1,1,13319,0,0.0,PUMP,0,0,0,0,0.0,INJECTOR,1,1,13319,0,0.0,SERVO,1,1,13220,0,0.0,ADD 1,0,1,13193,0,0.0,ADD 2,0,1,13297,0,0.0,ADD 3,0,1,13330,0,0.0,ADD 4,0,1,13335,0,0.0,ADD 5,0,0,0,0,0.0,ADD 6,0,1,13445,0,0.0,ADD 7,0,0,0,0,0.0,EGT2CAN,0,1,13324,0,0.0
1778951615.3143928,277.5,13339,-43.0,1,-,0,0,0,0,0.0,-,0,0,0,0,0.0,ECU,0,1,13352,280,277.5,FAN1,0,0,0,0,0.0,COILS,1,1,13352,0,0.0,PUMP,0,0,0,0,0.0,INJECTOR,1,1,13341,0,0.0,SERVO,1,1,13346,0,0.0,ADD 1,0,1,13385,0,0.0,ADD 2,0,1,13401,0,0.0,ADD 3,0,1,13313,0,0.0,ADD 4,0,1,13220,0,0.0,ADD 5,0,0,0,0,0.0,ADD 6,0,1,13286,0,0.0,ADD 7,0,0,0,0,0.0,EGT2CAN,0,1,13286,0,0.0
1778951615.364787,284.0,13698,-44.0,1,-,0,0,0,0,0.0,-,0,0,0,0,0.0,ECU,0,1,13707,300,284.0,FAN1,0,0,0,0,0.0,COILS,1,1,13828,0,0.0,PUMP,0,0,0,0,0.0,INJECTOR,1,1,13871,0,0.0,SERVO,1,1,13806,0,0.0,ADD 1,0,1,13899,0,0.0,ADD 2,0,1,13943,0,0.0,ADD 3,0,1,13910,0,0.0,ADD 4,0,1,13839,0,0.0,ADD 5,0,0,0,0,0.0,ADD 6,0,1,13937,0,0.0,ADD 7,0,0,0,0,0.0,EGT2CAN,0,1,13877,0,0.0
1778951615.4158797,284.0,13791,-45.0,1,-,0,0,0,0,0.0,-,0,0,0,0,0.0,ECU,0,1,13707,300,284.0,FAN1,0,0,0,0,0.0,COILS,1,1,13828,0,0.0,PUMP,0,0,0,0,0.0,INJECTOR,1,1,13871,0,0.0,SERVO,1,1,13806,0,0.0,ADD 1,0,1,13899,0,0.0,ADD 2,0,1,13943,0,0.0,ADD 3,0,1,13910,0,0.0,ADD 4,0,1,13839,0,0.0,ADD 5,0,0,0,0,0.0,ADD 6,0,1,13937,0,0.0,ADD 7,0,0,0,0,0.0,EGT2CAN,0,1,13877,0,0.0
1778951615.4676003,284.0,13791,-45.0,1,-,0,0,0,0,0.0,-,0,0,0,0,0.0,ECU,0,1,13521,300,284.0,FAN1,0,0,0,0,0.0,COILS,1,1,13647,0,0.0,PUMP,0,0,0,0,0.0,INJECTOR,1,1,13729,0,0.0,SERVO,1,1,13669,0,0.0,ADD 1,0,1,13368,0,0.0,ADD 2,0,1,13374,0,0.0,ADD 3,0,1,13281,0,0.0,ADD 4,0,1,13182,0,0.0,ADD 5,0,0,0,0,0.0,ADD 6,0,1,13352,0,0.0,ADD 7,0,0,0,0,0.0,EGT2CAN,0,1,13330,0,0.0
1778951615.5256002,272.0,13432,-43.0,1,-,0,0,0,0,0.0,-,0,0,0,0,0.0,ECU,0,1,13346,250,272.0,FAN1,0,0,0,0,0.0,COILS,1,1,13313,0,0.0,PUMP,0,0,0,0,0.0,INJECTOR,1,1,13412,0,0.0,SERVO,1,1,13341,0,0.0,ADD 1,0,1,14003,0,0.0,ADD 2,0,1,14025,0,0.0,ADD 3,0,1,13981,0,0.0,ADD 4,0,1,13882,0,0.0,ADD 5,0,0,0,0,0.0,ADD 6,0,1,13877,0,0.0,ADD 7,0,0,0,0,0.0,EGT2CAN,0,1,13959,0,0.0
1778951615.5768504,272.0,13921,-43.0,1,-,0,0,0,0,0.0,-,0,0,0,0,0.0,ECU,0,1,13346,250,272.0,FAN1,0,0,0,0,0.0,COILS,1,1,13313,0,0.0,PUMP,0,0,0,0,0.0,INJECTOR,1,1,13412,0,0.0,SERVO,1,1,13341,0,0.0,ADD 1,0,1,14003,0,0.0,ADD 2,0,1,14025,0,0.0,ADD 3,0,1,13981,0,0.0,ADD 4,0,1,13882,0,0.0,ADD 5,0,0,0,0,0.0,ADD 6,0,1,13877,0,0.0,ADD 7,0,0,0,0,0.0,EGT2CAN,0,1,13959,0,0.0
1778951615.6393538,266.0,13314,-44.0,1,-,0,0,0,0,0.0,-,0,0,0,0,0.0,ECU,0,1,13510,260,266.0,FAN1,0,0,0,0,0.0,COILS,1,1,13428,0,0.0,PUMP,0,0,0,0,0.0,INJECTOR,1,1,13543,0,0.0,SERVO,1,1,13592,0,0.0,ADD 1,0,1,13691,0,0.0,ADD 2,0,1,13696,0,0.0,ADD 3,0,1,13746,0,0.0,ADD 4,0,1,13729,0,0.0,ADD 5,0,0,0,0,0.0,ADD 6,0,1,13740,0,0.0,ADD 7,0,0,0,0,0.0,EGT2CAN,0,1,13707,0,0.0
1778951615.6966724,266.7,13760,-43.0,1,-,0,0,0,0,0.0,-,0,0,0,0,0.0,ECU,0,1,13406,270,266.7,FAN1,0,0,0,0,0.0,COILS,1,1,13346,0,0.0,PUMP,0,0,0,0,0.0,INJECTOR,1,1,13248,0,0.0,SERVO,1,1,13292,0,0.0,ADD 1,0,1,13363,0,0.0,ADD 2,0,1,13374,0,0.0,ADD 3,0,1,13346,0,0.0,ADD 4,0,1,13352,0,0.0,ADD 5,0,0,0,0,0.0,ADD 6,0,1,13374,0,0.0,ADD 7,0,0,0,0,0.0,EGT2CAN,0,1,13248,0,0.0
1778951615.7477772,266.7,13760,-43.0,1,-,0,0,0,0,0.0,-,0,0,0,0,0.0,ECU,0,1,13406,270,266.7,FAN1,0,0,0,0,0.0,COILS,1,1,13346,0,0.0,PUMP,0,0,0,0,0.0,INJECTOR,1,1,13248,0,0.0,SERVO,1,1,13292,0,0.0,ADD 1,0,1,13363,0,0.0,ADD 2,0,1,13374,0,0.0,ADD 3,0,1,13346,0,0.0,ADD 4,0,1,13352,0,0.0,ADD 5,0,0,0,0,0.0,ADD 6,0,1,13374,0,0.0,ADD 7,0,0,0,0,0.0,EGT2CAN,0,1,13248,0,0.0
1778951615.798876,268.0,13358,-44.0,1,-,0,0,0,0,0.0,-,0,0,0,0,0.0,ECU,0,1,13921,280,268.0,FAN1,0,0,0,0,0.0,COILS,1,1,13904,0,0.0,PUMP,0,0,0,0,0.0,INJECTOR,1,1,13855,0,0.0,SERVO,1,1,13877,0,0.0,ADD 1,0,1,13921,0,0.0,ADD 2,0,1,13992,0,0.0,ADD 3,0,1,13986,0,0.0,ADD 4,0,1,13953,0,0.0,ADD 5,0,0,0,0,0.0,ADD 6,0,1,14057,0,0.0,ADD 7,0,0,0,0,0.0,EGT2CAN,0,1,13921,0,0.0
1778951615.8507085,263.3,13358,-44.0,1,-,0,0,0,0,0.0,-,0,0,0,0,0.0,ECU,0,1,13461,240,263.3,FAN1,0,0,0,0,0.0,COILS,1,1,13423,0,0.0,PUMP,0,0,0,0,0.0,INJECTOR,1,1,13510,0,0.0,SERVO,1,1,13494,0,0.0,ADD 1,0,1,13510,0,0.0,ADD 2,0,1,13494,0,0.0,ADD 3,0,1,13532,0,0.0,ADD 4,0,1,13560,0,0.0,ADD 5,0,0,0,0,0.0,ADD 6,0,1,13675,0,0.0,ADD 7,0,0,0,0,0.0,EGT2CAN,0,1,13625,0,0.0
1778951615.900928,263.3,13648,-44.0,1,-,0,0,0,0,0.0,-,0,0,0,0,0.0,ECU,0,1,13620,240,263.3,FAN1,0,0,0,0,0.0,COILS,1,1,13423,0,0.0,PUMP,0,0,0,0,0.0,INJECTOR,1,1,13510,0,0.0,SERVO,1,1,13494,0,0.0,ADD 1,0,1,13510,0,0.0,ADD 2,0,1,13494,0,0.0,ADD 3,0,1,13532,0,0.0,ADD 4,0,1,13560,0,0.0,ADD 5,0,0,0,0,0.0,ADD 6,0,1,13675,0,0.0,ADD 7,0,0,0,0,0.0,EGT2CAN,0,1,13625,0,0.0
1778951615.9518871,252.0,13481,-44.0,1,-,0,0,0,0,0.0,-,0,0,0,0,0.0,ECU,0,1,13363,230,252.0,FAN1,0,0,0,0,0.0,COILS,1,1,13357,0,0.0,PUMP,0,0,0,0,0.0,INJECTOR,1,1,13292,0,0.0,SERVO,1,1,13248,0,0.0,ADD 1,0,1,13472,0,0.0,ADD 2,0,1,13434,0,0.0,ADD 3,0,1,13292,0,0.0,ADD 4,0,1,13324,0,0.0,ADD 5,0,0,0,0,0.0,ADD 6,0,1,13489,0,0.0,ADD 7,0,0,0,0,0.0,EGT2CAN,0,1,13423,0,0.0
1778951616.0038424,250.0,13834,-44.0,1,-,0,0,0,0,0.0,-,0,0,0,0,0.0,ECU,0,1,13242,270,250.0,FAN1,0,0,0,0,0.0,COILS,1,1,13385,0,0.0,PUMP,0,0,0,0,0.0,INJECTOR,1,1,13390,0,0.0,SERVO,1,1,13259,0,0.0,ADD 1,0,1,13899,0,0.0,ADD 2,0,1,13921,0,0.0,ADD 3,0,1,13795,0,0.0,ADD 4,0,1,13669,0,0.0,ADD 5,0,0,0,0,0.0,ADD 6,0,1,13828,0,0.0,ADD 7,0,0,0,0,0.0,EGT2CAN,0,1,13817,0,0.0
1778951616.0570385,250.0,13834,-44.0,1,-,0,0,0,0,0.0,-,0,0,0,0,0.0,ECU,0,1,13964,270,250.0,FAN1,0,0,0,0,0.0,COILS,1,1,13932,0,0.0,PUMP,0,0,0,0,0.0,INJECTOR,1,1,14036,0,0.0,SERVO,1,1,14014,0,0.0,ADD 1,0,1,13631,0,0.0,ADD 2,0,1,13532,0,0.0,ADD 3,0,1,13598,0,0.0,ADD 4,0,1,13505,0,0.0,ADD 5,0,0,0,0,0.0,ADD 6,0,1,13614,0,0.0,ADD 7,0,0,0,0,0.0,EGT2CAN,0,1,13718,0,0.0
1778951616.1109188,248.0,13370,-43.0,1,-,0,0,0,0,0.0,-,0,0,0,0,0.0,ECU,0,1,13532,250,248.0,FAN1,0,0,0,0,0.0,COILS,1,1,13489,0,0.0,PUMP,0,0,0,0,0.0,INJECTOR,1,1,13532,0,0.0,SERVO,1,1,13582,0,0.0,ADD 1,0,1,13516,0,0.0,ADD 2,0,1,13631,0,0.0,ADD 3,0,1,13532,0,0.0,ADD 4,0,1,13691,0,0.0,ADD 5,0,0,0,0,0.0,ADD 6,0,1,13740,0,0.0,ADD 7,0,0,0,0,0.0,EGT2CAN,0,1,13778,0,0.0
1778951616.171574,245.0,13791,-44.0,1,-,0,0,0,0,0.0,-,0,0,0,0,0.0,ECU,0,1,13357,230,245.0,FAN1,0,0,0,0,0.0,COILS,1,1,13308,0,0.0,PUMP,0,0,0,0,0.0,INJECTOR,1,1,13374,0,0.0,SERVO,1,1,13368,0,0.0,ADD 1,0,1,13412,0,0.0,ADD 2,0,1,13374,0,0.0,ADD 3,0,1,13363,0,0.0,ADD 4,0,1,13330,0,0.0,ADD 5,0,0,0,0,0.0,ADD 6,0,1,13308,0,0.0,ADD 7,0,0,0,0,0.0,EGT2CAN,0,1,13341,0,0.0
1778951616.2220044,240.0,13469,-43.0,1,-,0,0,0,0,0.0,-,0,0,0,0,0.0,ECU,0,1,13374,230,240.0,FAN1,0,0,0,0,0.0,COILS,1,1,13270,0,0.0,PUMP,0,0,0,0,0.0,INJECTOR,1,1,13412,0,0.0,SERVO,1,1,13303,0,0.0,ADD 1,0,1,13396,0,0.0,ADD 2,0,1,13494,0,0.0,ADD 3,0,1,13532,0,0.0,ADD 4,0,1,13527,0,0.0,ADD 5,0,0,0,0,0.0,ADD 6,0,1,13538,0,0.0,ADD 7,0,0,0,0,0.0,EGT2CAN,0,1,13445,0,0.0
1778951616.2730217,240.0,13469,-43.0,1,-,0,0,0,0,0.0,-,0,0,0,0,0.0,ECU,0,1,13374,230,240.0,FAN1,0,0,0,0,0.0,COILS,1,1,13270,0,0.0,PUMP,0,0,0,0,0.0,INJECTOR,1,1,13412,0,0.0,SERVO,1,1,13303,0,0.0,ADD 1,0,1,13396,0,0.0,ADD 2,0,1,13494,0,0.0,ADD 3,0,1,13532,0,0.0,ADD 4,0,1,13527,0,0.0,ADD 5,0,0,0,0,0.0,ADD 6,0,1,13538,0,0.0,ADD 7,0,0,0,0,0.0,EGT2CAN,0,1,13445,0,0.0
1778951616.3268375,240.0,13469,-43.0,1,-,0,0,0,0,0.0,-,0,0,0,0,0.0,ECU,0,1,13428,230,240.0,FAN1,0,0,0,0,0.0,COILS,1,1,13396,0,0.0,PUMP,0,0,0,0,0.0,INJECTOR,1,1,13461,0,0.0,SERVO,1,1,13467,0,0.0,ADD 1,0,1,13303,0,0.0,ADD 2,0,1,13401,0,0.0,ADD 3,0,1,13390,0,0.0,ADD 4,0,1,13396,0,0.0,ADD 5,0,0,0,0,0.0,ADD 6,0,1,13412,0,0.0,ADD 7,0,0,0,0,0.0,EGT2CAN,0,1,13281,0,0.0
1778951616.3812053,238.0,13809,-43.0,1,-,0,0,0,0,0.0,-,0,0,0,0,0.0,ECU,0,1,13718,250,238.0,FAN1,0,0,0,0,0.0,COILS,1,1,13609,0,0.0,PUMP,0,0,0,0,0.0,INJECTOR,1,1,13423,0,0.0,SERVO,1,1,13445,0,0.0,ADD 1,0,1,13653,0,0.0,ADD 2,0,1,13653,0,0.0,ADD 3,0,1,13642,0,0.0,ADD 4,0,1,13625,0,0.0,ADD 5,0,0,0,0,0.0,ADD 6,0,1,13543,0,0.0,ADD 7,0,0,0,0,0.0,EGT2CAN,0,1,13691,0,0.0
1778951616.4428139,238.0,13809,-43.0,1,-,0,0,0,0,0.0,-,0,0,0,0,0.0,ECU,0,1,13691,250,238.0,FAN1,0,0,0,0,0.0,COILS,1,1,13850,0,0.0,PUMP,0,0,0,0,0.0,INJECTOR,1,1,13811,0,0.0,SERVO,1,1,13943,0,0.0,ADD 1,0,1,13653,0,0.0,ADD 2,0,1,13653,0,0.0,ADD 3,0,1,13642,0,0.0,ADD 4,0,1,13625,0,0.0,ADD 5,0,0,0,0,0.0,ADD 6,0,1,13543,0,0.0,ADD 7,0,0,0,0,0.0,EGT2CAN,0,1,13691,0,0.0
1778951616.493035,232.0,13506,-43.0,1,-,0,0,0,0,0.0,-,0,0,0,0,0.0,ECU,0,1,13396,230,232.0,FAN1,0,0,0,0,0.0,COILS,1,1,13396,0,0.0,PUMP,0,0,0,0,0.0,INJECTOR,1,1,13423,0,0.0,SERVO,1,1,13423,0,0.0,ADD 1,0,1,13439,0,0.0,ADD 2,0,1,13423,0,0.0,ADD 3,0,1,13423,0,0.0,ADD 4,0,1,13330,0,0.0,ADD 5,0,0,0,0,0.0,ADD 6,0,1,13467,0,0.0,ADD 7,0,0,0,0,0.0,EGT2CAN,0,1,13494,0,0.0
1778951616.5453382,228.3,13890,-43.0,1,-,0,0,0,0,0.0,-,0,0,0,0,0.0,ECU,0,1,13352,210,228.3,FAN1,0,0,0,0,0.0,COILS,1,1,13406,0,0.0,PUMP,0,0,0,0,0.0,INJECTOR,1,1,13505,0,0.0,SERVO,1,1,13456,0,0.0,ADD 1,0,1,13248,0,0.0,ADD 2,0,1,13401,0,0.0,ADD 3,0,1,13248,0,0.0,ADD 4,0,1,13406,0,0.0,ADD 5,0,0,0,0,0.0,ADD 6,0,1,13483,0,0.0,ADD 7,0,0,0,0,0.0,EGT2CAN,0,1,13308,0,0.0
1778951616.5970228,228.3,13890,-43.0,1,-,0,0,0,0,0.0,-,0,0,0,0,0.0,ECU,0,1,13986,210,228.3,FAN1,0,0,0,0,0.0,COILS,1,1,13932,0,0.0,PUMP,0,0,0,0,0.0,INJECTOR,1,1,14036,0,0.0,SERVO,1,1,14036,0,0.0,ADD 1,0,1,14036,0,0.0,ADD 2,0,1,14041,0,0.0,ADD 3,0,1,14008,0,0.0,ADD 4,0,1,13975,0,0.0,ADD 5,0,0,0,0,0.0,ADD 6,0,1,13483,0,0.0,ADD 7,0,0,0,0,0.0,EGT2CAN,0,1,13308,0,0.0
1778951616.6560087,224.0,13543,-44.0,1,-,0,0,0,0,0.0,-,0,0,0,0,0.0,ECU,0,1,13330,210,224.0,FAN1,0,0,0,0,0.0,COILS,1,1,13379,0,0.0,PUMP,0,0,0,0,0.0,INJECTOR,1,1,13374,0,0.0,SERVO,1,1,13390,0,0.0,ADD 1,0,1,13472,0,0.0,ADD 2,0,1,13505,0,0.0,ADD 3,0,1,13445,0,0.0,ADD 4,0,1,13406,0,0.0,ADD 5,0,0,0,0,0.0,ADD 6,0,1,13379,0,0.0,ADD 7,0,0,0,0,0.0,EGT2CAN,0,1,13494,0,0.0
1778951616.7195222,222.0,13469,-44.0,1,-,0,0,0,0,0.0,-,0,0,0,0,0.0,ECU,0,1,13521,220,222.0,FAN1,0,0,0,0,0.0,COILS,1,1,13467,0,0.0,PUMP,0,0,0,0,0.0,INJECTOR,1,1,13472,0,0.0,SERVO,1,1,13560,0,0.0,ADD 1,0,1,13423,0,0.0,ADD 2,0,1,13439,0,0.0,ADD 3,0,1,13456,0,0.0,ADD 4,0,1,13423,0,0.0,ADD 5,0,0,0,0,0.0,ADD 6,0,1,13368,0,0.0,ADD 7,0,0,0,0,0.0,EGT2CAN,0,1,13363,0,0.0
1778951616.7701774,220.0,13717,-43.0,1,-,0,0,0,0,0.0,-,0,0,0,0,0.0,ECU,0,1,13527,230,220.0,FAN1,0,0,0,0,0.0,COILS,1,1,13483,0,0.0,PUMP,0,0,0,0,0.0,INJECTOR,1,1,13330,0,0.0,SERVO,1,1,13330,0,0.0,ADD 1,0,1,13806,0,0.0,ADD 2,0,1,13839,0,0.0,ADD 3,0,1,13844,0,0.0,ADD 4,0,1,13855,0,0.0,ADD 5,0,0,0,0,0.0,ADD 6,0,1,13921,0,0.0,ADD 7,0,0,0,0,0.0,EGT2CAN,0,1,13795,0,0.0
1778951616.8241582,220.0,13717,-43.0,1,-,0,0,0,0,0.0,-,0,0,0,0,0.0,ECU,0,1,13527,230,220.0,FAN1,0,0,0,0,0.0,COILS,1,1,13483,0,0.0,PUMP,0,0,0,0,0.0,INJECTOR,1,1,13330,0,0.0,SERVO,1,1,13330,0,0.0,ADD 1,0,1,13806,0,0.0,ADD 2,0,1,13839,0,0.0,ADD 3,0,1,13844,0,0.0,ADD 4,0,1,13855,0,0.0,ADD 5,0,0,0,0,0.0,ADD 6,0,1,13921,0,0.0,ADD 7,0,0,0,0,0.0,EGT2CAN,0,1,13795,0,0.0
1778951616.8749115,220.0,13717,-43.0,1,-,0,0,0,0,0.0,-,0,0,0,0,0.0,ECU,0,1,13729,230,220.0,FAN1,0,0,0,0,0.0,COILS,1,1,13762,0,0.0,PUMP,0,0,0,0,0.0,INJECTOR,1,1,13702,0,0.0,SERVO,1,1,13784,0,0.0,ADD 1,0,1,13806,0,0.0,ADD 2,0,1,13839,0,0.0,ADD 3,0,1,13844,0,0.0,ADD 4,0,1,13855,0,0.0,ADD 5,0,0,0,0,0.0,ADD 6,0,1,13921,0,0.0,ADD 7,0,0,0,0,0.0,EGT2CAN,0,1,13795,0,0.0
1778951616.9254873,206.0,13828,-43.0,1,-,0,0,0,0,0.0,-,0,0,0,0,0.0,ECU,0,1,13565,190,206.0,FAN1,0,0,0,0,0.0,COILS,1,1,13582,0,0.0,PUMP,0,0,0,0,0.0,INJECTOR,1,1,13472,0,0.0,SERVO,1,1,13428,0,0.0,ADD 1,0,1,13489,0,0.0,ADD 2,0,1,13538,0,0.0,ADD 3,0,1,13527,0,0.0,ADD 4,0,1,13489,0,0.0,ADD 5,0,0,0,0,0.0,ADD 6,0,1,13406,0,0.0,ADD 7,0,0,0,0,0.0,EGT2CAN,0,1,13423,0,0.0
1778951616.9782124,206.0,13828,-43.0,1,-,0,0,0,0,0.0,-,0,0,0,0,0.0,ECU,0,1,13565,190,206.0,FAN1,0,0,0,0,0.0,COILS,1,1,13582,0,0.0,PUMP,0,0,0,0,0.0,INJECTOR,1,1,13472,0,0.0,SERVO,1,1,13428,0,0.0,ADD 1,0,1,13489,0,0.0,ADD 2,0,1,13538,0,0.0,ADD 3,0,1,13527,0,0.0,ADD 4,0,1,13489,0,0.0,ADD 5,0,0,0,0,0.0,ADD 6,0,1,13406,0,0.0,ADD 7,0,0,0,0,0.0,EGT2CAN,0,1,13423,0,0.0
1778951617.0291078,206.0,13828,-43.0,1,-,0,0,0,0,0.0,-,0,0,0,0,0.0,ECU,0,1,13882,190,206.0,FAN1,0,0,0,0,0.0,COILS,1,1,14025,0,0.0,PUMP,0,0,0,0,0.0,INJECTOR,1,1,14036,0,0.0,SERVO,1,1,13981,0,0.0,ADD 1,0,1,14025,0,0.0,ADD 2,0,1,14014,0,0.0,ADD 3,0,1,13937,0,0.0,ADD 4,0,1,13981,0,0.0,ADD 5,0,0,0,0,0.0,ADD 6,0,1,14107,0,0.0,ADD 7,0,0,0,0,0.0,EGT2CAN,0,1,14096,0,0.0
1778951617.0801084,206.7,13488,-43.0,1,-,0,0,0,0,0.0,-,0,0,0,0,0.0,ECU,0,1,13560,210,206.7,FAN1,0,0,0,0,0.0,COILS,1,1,13647,0,0.0,PUMP,0,0,0,0,0.0,INJECTOR,1,1,13696,0,0.0,SERVO,1,1,13417,0,0.0,ADD 1,0,1,13445,0,0.0,ADD 2,0,1,13445,0,0.0,ADD 3,0,1,13472,0,0.0,ADD 4,0,1,13368,0,0.0,ADD 5,0,0,0,0,0.0,ADD 6,0,1,13412,0,0.0,ADD 7,0,0,0,0,0.0,EGT2CAN,0,1,13467,0,0.0
1778951617.1311774,206.7,13488,-43.0,1,-,0,0,0,0,0.0,-,0,0,0,0,0.0,ECU,0,1,13560,210,206.7,FAN1,0,0,0,0,0.0,COILS,1,1,13647,0,0.0,PUMP,0,0,0,0,0.0,INJECTOR,1,1,13696,0,0.0,SERVO,1,1,13417,0,0.0,ADD 1,0,1,13445,0,0.0,ADD 2,0,1,13445,0,0.0,ADD 3,0,1,13472,0,0.0,ADD 4,0,1,13368,0,0.0,ADD 5,0,0,0,0,0.0,ADD 6,0,1,13412,0,0.0,ADD 7,0,0,0,0,0.0,EGT2CAN,0,1,13467,0,0.0
1778951617.1826184,206.7,13488,-43.0,1,-,0,0,0,0,0.0,-,0,0,0,0,0.0,ECU,0,1,13363,210,206.7,FAN1,0,0,0,0,0.0,COILS,1,1,13417,0,0.0,PUMP,0,0,0,0,0.0,INJECTOR,1,1,13401,0,0.0,SERVO,1,1,13401,0,0.0,ADD 1,0,1,13603,0,0.0,ADD 2,0,1,13691,0,0.0,ADD 3,0,1,13603,0,0.0,ADD 4,0,1,13576,0,0.0,ADD 5,0,0,0,0,0.0,ADD 6,0,1,13614,0,0.0,ADD 7,0,0,0,0,0.0,EGT2CAN,0,1,13456,0,0.0
1778951617.2342074,210.0,13717,-44.0,1,-,0,0,0,0,0.0,-,0,0,0,0,0.0,ECU,0,1,13964,200,210.0,FAN1,0,0,0,0,0.0,COILS,1,1,13915,0,0.0,PUMP,0,0,0,0,0.0,INJECTOR,1,1,13817,0,0.0,SERVO,1,1,13757,0,0.0,ADD 1,0,1,13795,0,0.0,ADD 2,0,1,13844,0,0.0,ADD 3,0,1,13817,0,0.0,ADD 4,0,1,13778,0,0.0,ADD 5,0,0,0,0,0.0,ADD 6,0,1,13767,0,0.0,ADD 7,0,0,0,0,0.0,EGT2CAN,0,1,13806,0,0.0
1778951617.2965856,210.0,13717,-44.0,1,-,0,0,0,0,0.0,-,0,0,0,0,0.0,ECU,0,1,13964,200,210.0,FAN1,0,0,0,0,0.0,COILS,1,1,13915,0,0.0,PUMP,0,0,0,0,0.0,INJECTOR,1,1,13817,0,0.0,SERVO,1,1,13757,0,0.0,ADD 1,0,1,13795,0,0.0,ADD 2,0,1,13844,0,0.0,ADD 3,0,1,13817,0,0.0,ADD 4,0,1,13778,0,0.0,ADD 5,0,0,0,0,0.0,ADD 6,0,1,13767,0,0.0,ADD 7,0,0,0,0,0.0,EGT2CAN,0,1,13806,0,0.0
1778951617.347686,200.0,13438,-44.0,1,-,0,0,0,0,0.0,-,0,0,0,0,0.0,ECU,0,1,13609,190,200.0,FAN1,0,0,0,0,0.0,COILS,1,1,13603,0,0.0,PUMP,0,0,0,0,0.0,INJECTOR,1,1,13549,0,0.0,SERVO,1,1,13598,0,0.0,ADD 1,0,1,13406,0,0.0,ADD 2,0,1,13489,0,0.0,ADD 3,0,1,13428,0,0.0,ADD 4,0,1,13401,0,0.0,ADD 5,0,0,0,0,0.0,ADD 6,0,1,13516,0,0.0,ADD 7,0,0,0,0,0.0,EGT2CAN,0,1,13390,0,0.0
1778951617.4003882,200.0,13661,-44.0,1,-,0,0,0,0,0.0,-,0,0,0,0,0.0,ECU,0,1,13489,200,200.0,FAN1,0,0,0,0,0.0,COILS,1,1,13516,0,0.0,PUMP,0,0,0,0,0.0,INJECTOR,1,1,13478,0,0.0,SERVO,1,1,13417,0,0.0,ADD 1,0,1,13439,0,0.0,ADD 2,0,1,13390,0,0.0,ADD 3,0,1,13417,0,0.0,ADD 4,0,1,13423,0,0.0,ADD 5,0,0,0,0,0.0,ADD 6,0,1,13478,0,0.0,ADD 7,0,0,0,0,0.0,EGT2CAN,0,1,13417,0,0.0
1778951617.4510982,200.0,13661,-44.0,1,-,0,0,0,0,0.0,-,0,0,0,0,0.0,ECU,0,1,13888,200,200.0,FAN1,0,0,0,0,0.0,COILS,1,1,13828,0,0.0,PUMP,0,0,0,0,0.0,INJECTOR,1,1,13850,0,0.0,SERVO,1,1,13740,0,0.0,ADD 1,0,1,13439,0,0.0,ADD 2,0,1,13390,0,0.0,ADD 3,0,1,13417,0,0.0,ADD 4,0,1,13423,0,0.0,ADD 5,0,0,0,0,0.0,ADD 6,0,1,13478,0,0.0,ADD 7,0,0,0,0,0.0,EGT2CAN,0,1,13417,0,0.0
1778951617.5039065,192.0,13481,-43.0,1,-,0,0,0,0,0.0,-,0,0,0,0,0.0,ECU,0,1,13532,180,192.0,FAN1,0,0,0,0,0.0,COILS,1,1,13603,0,0.0,PUMP,0,0,0,0,0.0,INJECTOR,1,1,13560,0,0.0,SERVO,1,1,13713,0,0.0,ADD 1,0,1,13740,0,0.0,ADD 2,0,1,13653,0,0.0,ADD 3,0,1,13603,0,0.0,ADD 4,0,1,13718,0,0.0,ADD 5,0,0,0,0,0.0,ADD 6,0,1,13855,0,0.0,ADD 7,0,0,0,0,0.0,EGT2CAN,0,1,13778,0,0.0
1778951617.5689018,190.0,13481,-43.0,1,-,0,0,0,0,0.0,-,0,0,0,0,0.0,ECU,0,1,13489,180,190.0,FAN1,0,0,0,0,0.0,COILS,1,1,13527,0,0.0,PUMP,0,0,0,0,0.0,INJECTOR,1,1,13499,0,0.0,SERVO,1,1,13478,0,0.0,ADD 1,0,1,13461,0,0.0,ADD 2,0,1,13467,0,0.0,ADD 3,0,1,13428,0,0.0,ADD 4,0,1,13363,0,0.0,ADD 5,0,0,0,0,0.0,ADD 6,0,1,13461,0,0.0,ADD 7,0,0,0,0,0.0,EGT2CAN,0,1,13499,0,0.0
1778951617.6211083,178.0,13667,-43.0,1,-,0,0,0,0,0.0,-,0,0,0,0,0.0,ECU,0,1,13401,140,178.0,FAN1,0,0,0,0,0.0,COILS,1,1,13499,0,0.0,PUMP,0,0,0,0,0.0,INJECTOR,1,1,13483,0,0.0,SERVO,1,1,13899,0,0.0,ADD 1,0,1,13893,0,0.0,ADD 2,0,1,13882,0,0.0,ADD 3,0,1,13932,0,0.0,ADD 4,0,1,13877,0,0.0,ADD 5,0,0,0,0,0.0,ADD 6,0,1,13932,0,0.0,ADD 7,0,0,0,0,0.0,EGT2CAN,0,1,13740,0,0.0
1778951617.6720831,178.0,13667,-43.0,1,-,0,0,0,0,0.0,-,0,0,0,0,0.0,ECU,0,1,13401,140,178.0,FAN1,0,0,0,0,0.0,COILS,1,1,13499,0,0.0,PUMP,0,0,0,0,0.0,INJECTOR,1,1,13483,0,0.0,SERVO,1,1,13899,0,0.0,ADD 1,0,1,13893,0,0.0,ADD 2,0,1,13882,0,0.0,ADD 3,0,1,13932,0,0.0,ADD 4,0,1,13877,0,0.0,ADD 5,0,0,0,0,0.0,ADD 6,0,1,13932,0,0.0,ADD 7,0,0,0,0,0.0,EGT2CAN,0,1,13740,0,0.0
1778951617.7242284,172.5,13667,-43.0,1,-,0,0,0,0,0.0,-,0,0,0,0,0.0,ECU,0,1,13975,180,172.5,FAN1,0,0,0,0,0.0,COILS,1,1,13855,0,0.0,PUMP,0,0,0,0,0.0,INJECTOR,1,1,13921,0,0.0,SERVO,1,1,13904,0,0.0,ADD 1,0,1,13822,0,0.0,ADD 2,0,1,13893,0,0.0,ADD 3,0,1,13828,0,0.0,ADD 4,0,1,13822,0,0.0,ADD 5,0,0,0,0,0.0,ADD 6,0,1,13757,0,0.0,ADD 7,0,0,0,0,0.0,EGT2CAN,0,1,13899,0,0.0
1778951617.7787688,180.0,13710,-44.0,1,-,0,0,0,0,0.0,-,0,0,0,0,0.0,ECU,0,1,13538,200,180.0,FAN1,0,0,0,0,0.0,COILS,1,1,13363,0,0.0,PUMP,0,0,0,0,0.0,INJECTOR,1,1,13417,0,0.0,SERVO,1,1,13374,0,0.0,ADD 1,0,1,13467,0,0.0,ADD 2,0,1,13538,0,0.0,ADD 3,0,1,13472,0,0.0,ADD 4,0,1,13450,0,0.0,ADD 5,0,0,0,0,0.0,ADD 6,0,1,13554,0,0.0,ADD 7,0,0,0,0,0.0,EGT2CAN,0,1,13341,0,0.0
1778951617.8344145,180.0,13710,-44.0,1,-,0,0,0,0,0.0,-,0,0,0,0,0.0,ECU,0,1,14036,200,180.0,FAN1,0,0,0,0,0.0,COILS,1,1,13363,0,0.0,PUMP,0,0,0,0,0.0,INJECTOR,1,1,13417,0,0.0,SERVO,1,1,13374,0,0.0,ADD 1,0,1,13467,0,0.0,ADD 2,0,1,13538,0,0.0,ADD 3,0,1,13472,0,0.0,ADD 4,0,1,13450,0,0.0,ADD 5,0,0,0,0,0.0,ADD 6,0,1,13554,0,0.0,ADD 7,0,0,0,0,0.0,EGT2CAN,0,1,13341,0,0.0
1778951617.8862455,188.0,13512,-43.0,1,-,0,0,0,0,0.0,-,0,0,0,0,0.0,ECU,0,1,13527,180,188.0,FAN1,0,0,0,0,0.0,COILS,1,1,13516,0,0.0,PUMP,0,0,0,0,0.0,INJECTOR,1,1,13499,0,0.0,SERVO,1,1,13532,0,0.0,ADD 1,0,1,13489,0,0.0,ADD 2,0,1,13532,0,0.0,ADD 3,0,1,13675,0,0.0,ADD 4,0,1,13532,0,0.0,ADD 5,0,0,0,0,0.0,ADD 6,0,1,13702,0,0.0,ADD 7,0,0,0,0,0.0,EGT2CAN,0,1,13702,0,0.0
1778951617.9472075,185.0,13518,-45.0,1,-,0,0,0,0,0.0,-,0,0,0,0,0.0,ECU,0,1,13549,170,185.0,FAN1,0,0,0,0,0.0,COILS,1,1,13510,0,0.0,PUMP,0,0,0,0,0.0,INJECTOR,1,1,13532,0,0.0,SERVO,1,1,13472,0,0.0,ADD 1,0,1,13450,0,0.0,ADD 2,0,1,13401,0,0.0,ADD 3,0,1,13423,0,0.0,ADD 4,0,1,13439,0,0.0,ADD 5,0,0,0,0,0.0,ADD 6,0,1,13538,0,0.0,ADD 7,0,0,0,0,0.0,EGT2CAN,0,1,13489,0,0.0
1778951617.998293,185.0,13518,-45.0,1,-,0,0,0,0,0.0,-,0,0,0,0,0.0,ECU,0,1,13527,170,185.0,FAN1,0,0,0,0,0.0,COILS,1,1,13499,0,0.0,PUMP,0,0,0,0,0.0,INJECTOR,1,1,13489,0,0.0,SERVO,1,1,13472,0,0.0,ADD 1,0,1,13450,0,0.0,ADD 2,0,1,13401,0,0.0,ADD 3,0,1,13423,0,0.0,ADD 4,0,1,13439,0,0.0,ADD 5,0,0,0,0,0.0,ADD 6,0,1,13538,0,0.0,ADD 7,0,0,0,0,0.0,EGT2CAN,0,1,13489,0,0.0
1778951618.0562332,182.0,14038,-44.0,1,-,0,0,0,0,0.0,-,0,0,0,0,0.0,ECU,0,1,13554,180,182.0,FAN1,0,0,0,0,0.0,COILS,1,1,13592,0,0.0,PUMP,0,0,0,0,0.0,INJECTOR,1,1,13582,0,0.0,SERVO,1,1,13571,0,0.0,ADD 1,0,1,14019,0,0.0,ADD 2,0,1,14041,0,0.0,ADD 3,0,1,14008,0,0.0,ADD 4,0,1,13943,0,0.0,ADD 5,0,0,0,0,0.0,ADD 6,0,1,14003,0,0.0,ADD 7,0,0,0,0,0.0,EGT2CAN,0,1,14063,0,0.0
1778951618.1160302,180.0,13525,-43.0,1,-,0,0,0,0,0.0,-,0,0,0,0,0.0,ECU,0,1,13921,170,180.0,FAN1,0,0,0,0,0.0,COILS,1,1,14068,0,0.0,PUMP,0,0,0,0,0.0,INJECTOR,1,1,14096,0,0.0,SERVO,1,1,14036,0,0.0,ADD 1,0,1,13532,0,0.0,ADD 2,0,1,13560,0,0.0,ADD 3,0,1,13532,0,0.0,ADD 4,0,1,13467,0,0.0,ADD 5,0,0,0,0,0.0,ADD 6,0,1,13598,0,0.0,ADD 7,0,0,0,0,0.0,EGT2CAN,0,1,13653,0,0.0
1778951618.1665373,180.0,13840,-44.0,1,-,0,0,0,0,0.0,-,0,0,0,0,0.0,ECU,0,1,13379,190,180.0,FAN1,0,0,0,0,0.0,COILS,1,1,13560,0,0.0,PUMP,0,0,0,0,0.0,INJECTOR,1,1,13505,0,0.0,SERVO,1,1,13510,0,0.0,ADD 1,0,1,13510,0,0.0,ADD 2,0,1,13510,0,0.0,ADD 3,0,1,13565,0,0.0,ADD 4,0,1,13510,0,0.0,ADD 5,0,0,0,0,0.0,ADD 6,0,1,13428,0,0.0,ADD 7,0,0,0,0,0.0,EGT2CAN,0,1,13527,0,0.0
1778951618.2177722,180.0,13840,-44.0,1,-,0,0,0,0,0.0,-,0,0,0,0,0.0,ECU,0,1,13379,190,180.0,FAN1,0,0,0,0,0.0,COILS,1,1,13560,0,0.0,PUMP,0,0,0,0,0.0,INJECTOR,1,1,13505,0,0.0,SERVO,1,1,13510,0,0.0,ADD 1,0,1,13510,0,0.0,ADD 2,0,1,13510,0,0.0,ADD 3,0,1,13565,0,0.0,ADD 4,0,1,13510,0,0.0,ADD 5,0,0,0,0,0.0,ADD 6,0,1,13428,0,0.0,ADD 7,0,0,0,0,0.0,EGT2CAN,0,1,13527,0,0.0
1778951618.26855,180.0,13840,-44.0,1,-,0,0,0,0,0.0,-,0,0,0,0,0.0,ECU,0,1,13571,190,180.0,FAN1,0,0,0,0,0.0,COILS,1,1,13499,0,0.0,PUMP,0,0,0,0,0.0,INJECTOR,1,1,13532,0,0.0,SERVO,1,1,13538,0,0.0,ADD 1,0,1,13554,0,0.0,ADD 2,0,1,13571,0,0.0,ADD 3,0,1,13576,0,0.0,ADD 4,0,1,13532,0,0.0,ADD 5,0,0,0,0,0.0,ADD 6,0,1,13423,0,0.0,ADD 7,0,0,0,0,0.0,EGT2CAN,0,1,13521,0,0.0
1778951618.3203602,177.5,13679,-43.0,1,-,0,0,0,0,0.0,-,0,0,0,0,0.0,ECU,0,1,13757,170,177.5,FAN1,0,0,0,0,0.0,COILS,1,1,13625,0,0.0,PUMP,0,0,0,0,0.0,INJECTOR,1,1,13866,0,0.0,SERVO,1,1,13839,0,0.0,ADD 1,0,1,13751,0,0.0,ADD 2,0,1,13817,0,0.0,ADD 3,0,1,13811,0,0.0,ADD 4,0,1,13893,0,0.0,ADD 5,0,0,0,0,0.0,ADD 6,0,1,14123,0,0.0,ADD 7,0,0,0,0,0.0,EGT2CAN,0,1,14101,0,0.0
1778951618.3840108,174.0,13518,-44.0,1,-,0,0,0,0,0.0,-,0,0,0,0,0.0,ECU,0,1,13757,160,174.0,FAN1,0,0,0,0,0.0,COILS,1,1,13625,0,0.0,PUMP,0,0,0,0,0.0,INJECTOR,1,1,13866,0,0.0,SERVO,1,1,13839,0,0.0,ADD 1,0,1,13751,0,0.0,ADD 2,0,1,13817,0,0.0,ADD 3,0,1,13811,0,0.0,ADD 4,0,1,13893,0,0.0,ADD 5,0,0,0,0,0.0,ADD 6,0,1,13943,0,0.0,ADD 7,0,0,0,0,0.0,EGT2CAN,0,1,13981,0,0.0
1778951618.434494,176.0,13618,-44.0,1,-,0,0,0,0,0.0,-,0,0,0,0,0.0,ECU,0,1,13625,180,176.0,FAN1,0,0,0,0,0.0,COILS,1,1,13510,0,0.0,PUMP,0,0,0,0,0.0,INJECTOR,1,1,13560,0,0.0,SERVO,1,1,13587,0,0.0,ADD 1,0,1,13532,0,0.0,ADD 2,0,1,13565,0,0.0,ADD 3,0,1,13478,0,0.0,ADD 4,0,1,13521,0,0.0,ADD 5,0,0,0,0,0.0,ADD 6,0,1,13625,0,0.0,ADD 7,0,0,0,0,0.0,EGT2CAN,0,1,13554,0,0.0
1778951618.4855452,176.0,13618,-44.0,1,-,0,0,0,0,0.0,-,0,0,0,0,0.0,ECU,0,1,13510,180,176.0,FAN1,0,0,0,0,0.0,COILS,1,1,13565,0,0.0,PUMP,0,0,0,0,0.0,INJECTOR,1,1,13489,0,0.0,SERVO,1,1,13478,0,0.0,ADD 1,0,1,13603,0,0.0,ADD 2,0,1,13532,0,0.0,ADD 3,0,1,13636,0,0.0,ADD 4,0,1,13532,0,0.0,ADD 5,0,0,0,0,0.0,ADD 6,0,1,13603,0,0.0,ADD 7,0,0,0,0,0.0,EGT2CAN,0,1,13527,0,0.0
1778951618.536688,175.0,13655,-43.0,1,-,0,0,0,0,0.0,-,0,0,0,0,0.0,ECU,0,1,13510,170,175.0,FAN1,0,0,0,0,0.0,COILS,1,1,13565,0,0.0,PUMP,0,0,0,0,0.0,INJECTOR,1,1,13489,0,0.0,SERVO,1,1,13478,0,0.0,ADD 1,0,1,13603,0,0.0,ADD 2,0,1,13532,0,0.0,ADD 3,0,1,13636,0,0.0,ADD 4,0,1,13532,0,0.0,ADD 5,0,0,0,0,0.0,ADD 6,0,1,13603,0,0.0,ADD 7,0,0,0,0,0.0,EGT2CAN,0,1,13527,0,0.0
1778951618.5871065,176.0,13549,-41.0,1,-,0,0,0,0,0.0,-,0,0,0,0,0.0,ECU,0,1,14052,180,176.0,FAN1,0,0,0,0,0.0,COILS,1,1,14052,0,0.0,PUMP,0,0,0,0,0.0,INJECTOR,1,1,14112,0,0.0,SERVO,1,1,14025,0,0.0,ADD 1,0,1,13472,0,0.0,ADD 2,0,1,13412,0,0.0,ADD 3,0,1,13412,0,0.0,ADD 4,0,1,13505,0,0.0,ADD 5,0,0,0,0,0.0,ADD 6,0,1,13603,0,0.0,ADD 7,0,0,0,0,0.0,EGT2CAN,0,1,13521,0,0.0
1778951618.651782,176.0,13549,-41.0,1,-,0,0,0,0,0.0,-,0,0,0,0,0.0,ECU,0,1,14052,180,176.0,FAN1,0,0,0,0,0.0,COILS,1,1,14052,0,0.0,PUMP,0,0,0,0,0.0,INJECTOR,1,1,14112,0,0.0,SERVO,1,1,14025,0,0.0,ADD 1,0,1,13472,0,0.0,ADD 2,0,1,13412,0,0.0,ADD 3,0,1,13412,0,0.0,ADD 4,0,1,13505,0,0.0,ADD 5,0,0,0,0,0.0,ADD 6,0,1,13603,0,0.0,ADD 7,0,0,0,0,0.0,EGT2CAN,0,1,13521,0,0.0
1778951618.7020671,170.0,13816,-44.0,1,-,0,0,0,0,0.0,-,0,0,0,0,0.0,ECU,0,1,13423,170,170.0,FAN1,0,0,0,0,0.0,COILS,1,1,13582,0,0.0,PUMP,0,0,0,0,0.0,INJECTOR,1,1,13565,0,0.0,SERVO,1,1,13423,0,0.0,ADD 1,0,1,13510,0,0.0,ADD 2,0,1,13543,0,0.0,ADD 3,0,1,13543,0,0.0,ADD 4,0,1,13499,0,0.0,ADD 5,0,0,0,0,0.0,ADD 6,0,1,13592,0,0.0,ADD 7,0,0,0,0,0.0,EGT2CAN,0,1,13417,0,0.0
1778951618.7530699,166.0,13723,-44.0,1,-,0,0,0,0,0.0,-,0,0,0,0,0.0,ECU,0,1,13997,150,166.0,FAN1,0,0,0,0,0.0,COILS,1,1,13964,0,0.0,PUMP,0,0,0,0,0.0,INJECTOR,1,1,14025,0,0.0,SERVO,1,1,13899,0,0.0,ADD 1,0,1,13904,0,0.0,ADD 2,0,1,13893,0,0.0,ADD 3,0,1,13806,0,0.0,ADD 4,0,1,13647,0,0.0,ADD 5,0,0,0,0,0.0,ADD 6,0,1,13713,0,0.0,ADD 7,0,0,0,0,0.0,EGT2CAN,0,1,13631,0,0.0
1778951618.8050163,166.0,13723,-44.0,1,-,0,0,0,0,0.0,-,0,0,0,0,0.0,ECU,0,1,13598,150,166.0,FAN1,0,0,0,0,0.0,COILS,1,1,13806,0,0.0,PUMP,0,0,0,0,0.0,INJECTOR,1,1,13778,0,0.0,SERVO,1,1,13707,0,0.0,ADD 1,0,1,13877,0,0.0,ADD 2,0,1,13899,0,0.0,ADD 3,0,1,13921,0,0.0,ADD 4,0,1,13866,0,0.0,ADD 5,0,0,0,0,0.0,ADD 6,0,1,13986,0,0.0,ADD 7,0,0,0,0,0.0,EGT2CAN,0,1,13811,0,0.0
1778951618.8598711,170.0,13618,-43.0,1,-,0,0,0,0,0.0,-,0,0,0,0,0.0,ECU,0,1,13582,170,170.0,FAN1,0,0,0,0,0.0,COILS,1,1,13489,0,0.0,PUMP,0,0,0,0,0.0,INJECTOR,1,1,13582,0,0.0,SERVO,1,1,13587,0,0.0,ADD 1,0,1,13571,0,0.0,ADD 2,0,1,13478,0,0.0,ADD 3,0,1,13499,0,0.0,ADD 4,0,1,13478,0,0.0,ADD 5,0,0,0,0,0.0,ADD 6,0,1,13620,0,0.0,ADD 7,0,0,0,0,0.0,EGT2CAN,0,1,13549,0,0.0
1778951618.9194632,170.0,13785,-44.0,1,-,0,0,0,0,0.0,-,0,0,0,0,0.0,ECU,0,1,13598,170,170.0,FAN1,0,0,0,0,0.0,COILS,1,1,13560,0,0.0,PUMP,0,0,0,0,0.0,INJECTOR,1,1,13456,0,0.0,SERVO,1,1,13489,0,0.0,ADD 1,0,1,13609,0,0.0,ADD 2,0,1,13532,0,0.0,ADD 3,0,1,13636,0,0.0,ADD 4,0,1,13532,0,0.0,ADD 5,0,0,0,0,0.0,ADD 6,0,1,13532,0,0.0,ADD 7,0,0,0,0,0.0,EGT2CAN,0,1,13516,0,0.0
1778951618.9697552,170.0,13574,-44.0,1,-,0,0,0,0,0.0,-,0,0,0,0,0.0,ECU,0,1,13860,170,170.0,FAN1,0,0,0,0,0.0,COILS,1,1,13817,0,0.0,PUMP,0,0,0,0,0.0,INJECTOR,1,1,14003,0,0.0,SERVO,1,1,13893,0,0.0,ADD 1,0,1,13527,0,0.0,ADD 2,0,1,13587,0,0.0,ADD 3,0,1,13582,0,0.0,ADD 4,0,1,13565,0,0.0,ADD 5,0,0,0,0,0.0,ADD 6,0,1,13620,0,0.0,ADD 7,0,0,0,0,0.0,EGT2CAN,0,1,13461,0,0.0
1778951619.0208237,170.0,13574,-44.0,1,-,0,0,0,0,0.0,-,0,0,0,0,0.0,ECU,0,1,13860,170,170.0,FAN1,0,0,0,0,0.0,COILS,1,1,13817,0,0.0,PUMP,0,0,0,0,0.0,INJECTOR,1,1,14003,0,0.0,SERVO,1,1,13893,0,0.0,ADD 1,0,1,13527,0,0.0,ADD 2,0,1,13587,0,0.0,ADD 3,0,1,13582,0,0.0,ADD 4,0,1,13565,0,0.0,ADD 5,0,0,0,0,0.0,ADD 6,0,1,13620,0,0.0,ADD 7,0,0,0,0,0.0,EGT2CAN,0,1,13461,0,0.0
1778951619.0721455,170.0,13574,-44.0,1,-,0,0,0,0,0.0,-,0,0,0,0,0.0,ECU,0,1,13603,170,170.0,FAN1,0,0,0,0,0.0,COILS,1,1,13560,0,0.0,PUMP,0,0,0,0,0.0,INJECTOR,1,1,13549,0,0.0,SERVO,1,1,13510,0,0.0,ADD 1,0,1,13527,0,0.0,ADD 2,0,1,13587,0,0.0,ADD 3,0,1,13582,0,0.0,ADD 4,0,1,13565,0,0.0,ADD 5,0,0,0,0,0.0,ADD 6,0,1,13620,0,0.0,ADD 7,0,0,0,0,0.0,EGT2CAN,0,1,13461,0,0.0
1778951619.1333203,160.0,13562,-44.0,1,-,0,0,0,0,0.0,-,0,0,0,0,0.0,ECU,0,1,13986,150,160.0,FAN1,0,0,0,0,0.0,COILS,1,1,14063,0,0.0,PUMP,0,0,0,0,0.0,INJECTOR,1,1,14036,0,0.0,SERVO,1,1,14008,0,0.0,ADD 1,0,1,14096,0,0.0,ADD 2,0,1,14156,0,0.0,ADD 3,0,1,14145,0,0.0,ADD 4,0,1,14096,0,0.0,ADD 5,0,0,0,0,0.0,ADD 6,0,1,14019,0,0.0,ADD 7,0,0,0,0,0.0,EGT2CAN,0,1,14101,0,0.0
1778951619.195469,160.0,13562,-44.0,1,-,0,0,0,0,0.0,-,0,0,0,0,0.0,ECU,0,1,13986,150,160.0,FAN1,0,0,0,0,0.0,COILS,1,1,14063,0,0.0,PUMP,0,0,0,0,0.0,INJECTOR,1,1,14036,0,0.0,SERVO,1,1,14008,0,0.0,ADD 1,0,1,14096,0,0.0,ADD 2,0,1,14156,0,0.0,ADD 3,0,1,14145,0,0.0,ADD 4,0,1,14096,0,0.0,ADD 5,0,0,0,0,0.0,ADD 6,0,1,14019,0,0.0,ADD 7,0,0,0,0,0.0,EGT2CAN,0,1,14101,0,0.0
1778951619.2461762,164.0,13605,-44.0,1,-,0,0,0,0,0.0,-,0,0,0,0,0.0,ECU,0,1,13582,170,164.0,FAN1,0,0,0,0,0.0,COILS,1,1,13582,0,0.0,PUMP,0,0,0,0,0.0,INJECTOR,1,1,13603,0,0.0,SERVO,1,1,13647,0,0.0,ADD 1,0,1,13664,0,0.0,ADD 2,0,1,13669,0,0.0,ADD 3,0,1,13609,0,0.0,ADD 4,0,1,13483,0,0.0,ADD 5,0,0,0,0,0.0,ADD 6,0,1,13620,0,0.0,ADD 7,0,0,0,0,0.0,EGT2CAN,0,1,13620,0,0.0
1778951619.2969885,161.7,13723,-45.0,1,-,0,0,0,0,0.0,-,0,0,0,0,0.0,ECU,0,1,13521,150,161.7,FAN1,0,0,0,0,0.0,COILS,1,1,13521,0,0.0,PUMP,0,0,0,0,0.0,INJECTOR,1,1,13554,0,0.0,SERVO,1,1,13762,0,0.0,ADD 1,0,1,13778,0,0.0,ADD 2,0,1,13735,0,0.0,ADD 3,0,1,13625,0,0.0,ADD 4,0,1,13516,0,0.0,ADD 5,0,0,0,0,0.0,ADD 6,0,1,13560,0,0.0,ADD 7,0,0,0,0,0.0,EGT2CAN,0,1,13658,0,0.0
1778951619.347926,161.7,13723,-45.0,1,-,0,0,0,0,0.0,-,0,0,0,0,0.0,ECU,0,1,13603,150,161.7,FAN1,0,0,0,0,0.0,COILS,1,1,13625,0,0.0,PUMP,0,0,0,0,0.0,INJECTOR,1,1,13532,0,0.0,SERVO,1,1,13560,0,0.0,ADD 1,0,1,14036,0,0.0,ADD 2,0,1,14118,0,0.0,ADD 3,0,1,14101,0,0.0,ADD 4,0,1,14112,0,0.0,ADD 5,0,0,0,0,0.0,ADD 6,0,1,13560,0,0.0,ADD 7,0,0,0,0,0.0,EGT2CAN,0,1,13658,0,0.0
1778951619.4010057,158.0,13648,-44.0,1,-,0,0,0,0,0.0,-,0,0,0,0,0.0,ECU,0,1,14134,150,158.0,FAN1,0,0,0,0,0.0,COILS,1,1,14025,0,0.0,PUMP,0,0,0,0,0.0,INJECTOR,1,1,14101,0,0.0,SERVO,1,1,14019,0,0.0,ADD 1,0,1,13592,0,0.0,ADD 2,0,1,13609,0,0.0,ADD 3,0,1,13598,0,0.0,ADD 4,0,1,13576,0,0.0,ADD 5,0,0,0,0,0.0,ADD 6,0,1,13489,0,0.0,ADD 7,0,0,0,0,0.0,EGT2CAN,0,1,13560,0,0.0
1778951619.453658,145.0,13648,-44.0,1,-,0,0,0,0,0.0,-,0,0,0,0,0.0,ECU,0,1,13582,130,145.0,FAN1,0,0,0,0,0.0,COILS,1,1,13549,0,0.0,PUMP,0,0,0,0,0.0,INJECTOR,1,1,13696,0,0.0,SERVO,1,1,13669,0,0.0,ADD 1,0,1,13582,0,0.0,ADD 2,0,1,13620,0,0.0,ADD 3,0,1,13636,0,0.0,ADD 4,0,1,13587,0,0.0,ADD 5,0,0,0,0,0.0,ADD 6,0,1,13582,0,0.0,ADD 7,0,0,0,0,0.0,EGT2CAN,0,1,13538,0,0.0
1778951619.5168617,144.0,13642,-44.0,1,-,0,0,0,0,0.0,-,0,0,0,0,0.0,ECU,0,1,14107,120,144.0,FAN1,0,0,0,0,0.0,COILS,1,1,14107,0,0.0,PUMP,0,0,0,0,0.0,INJECTOR,1,1,14046,0,0.0,SERVO,1,1,14014,0,0.0,ADD 1,0,1,14014,0,0.0,ADD 2,0,1,14074,0,0.0,ADD 3,0,1,14101,0,0.0,ADD 4,0,1,14101,0,0.0,ADD 5,0,0,0,0,0.0,ADD 6,0,1,14079,0,0.0,ADD 7,0,0,0,0,0.0,EGT2CAN,0,1,13981,0,0.0
1778951619.5691967,144.0,13642,-44.0,1,-,0,0,0,0,0.0,-,0,0,0,0,0.0,ECU,0,1,14107,120,144.0,FAN1,0,0,0,0,0.0,COILS,1,1,14107,0,0.0,PUMP,0,0,0,0,0.0,INJECTOR,1,1,14046,0,0.0,SERVO,1,1,14014,0,0.0,ADD 1,0,1,14014,0,0.0,ADD 2,0,1,14074,0,0.0,ADD 3,0,1,14101,0,0.0,ADD 4,0,1,14101,0,0.0,ADD 5,0,0,0,0,0.0,ADD 6,0,1,14079,0,0.0,ADD 7,0,0,0,0,0.0,EGT2CAN,0,1,13981,0,0.0
1778951619.6226203,145.0,13642,-44.0,1,-,0,0,0,0,0.0,-,0,0,0,0,0.0,ECU,0,1,13532,160,145.0,FAN1,0,0,0,0,0.0,COILS,1,1,13839,0,0.0,PUMP,0,0,0,0,0.0,INJECTOR,1,1,13899,0,0.0,SERVO,1,1,13866,0,0.0,ADD 1,0,1,13871,0,0.0,ADD 2,0,1,13899,0,0.0,ADD 3,0,1,13877,0,0.0,ADD 4,0,1,13899,0,0.0,ADD 5,0,0,0,0,0.0,ADD 6,0,1,14030,0,0.0,ADD 7,0,0,0,0,0.0,EGT2CAN,0,1,14019,0,0.0
1778951619.676247,150.0,13809,-45.0,1,-,0,0,0,0,0.0,-,0,0,0,0,0.0,ECU,0,1,13538,150,150.0,FAN1,0,0,0,0,0.0,COILS,1,1,13658,0,0.0,PUMP,0,0,0,0,0.0,INJECTOR,1,1,13614,0,0.0,SERVO,1,1,13576,0,0.0,ADD 1,0,1,13669,0,0.0,ADD 2,0,1,13647,0,0.0,ADD 3,0,1,13620,0,0.0,ADD 4,0,1,13571,0,0.0,ADD 5,0,0,0,0,0.0,ADD 6,0,1,13603,0,0.0,ADD 7,0,0,0,0,0.0,EGT2CAN,0,1,13620,0,0.0
1778951619.7376094,150.0,13809,-45.0,1,-,0,0,0,0,0.0,-,0,0,0,0,0.0,ECU,0,1,13538,150,150.0,FAN1,0,0,0,0,0.0,COILS,1,1,13658,0,0.0,PUMP,0,0,0,0,0.0,INJECTOR,1,1,13614,0,0.0,SERVO,1,1,13576,0,0.0,ADD 1,0,1,13669,0,0.0,ADD 2,0,1,13647,0,0.0,ADD 3,0,1,13620,0,0.0,ADD 4,0,1,13571,0,0.0,ADD 5,0,0,0,0,0.0,ADD 6,0,1,13603,0,0.0,ADD 7,0,0,0,0,0.0,EGT2CAN,0,1,13620,0,0.0
1778951619.7965412,168.0,13661,-43.0,1,-,0,0,0,0,0.0,-,0,0,0,0,0.0,ECU,0,1,13789,160,168.0,FAN1,0,0,0,0,0.0,COILS,1,1,13822,0,0.0,PUMP,0,0,0,0,0.0,INJECTOR,1,1,13882,0,0.0,SERVO,1,1,13866,0,0.0,ADD 1,0,1,13631,0,0.0,ADD 2,0,1,13653,0,0.0,ADD 3,0,1,13614,0,0.0,ADD 4,0,1,13505,0,0.0,ADD 5,0,0,0,0,0.0,ADD 6,0,1,13576,0,0.0,ADD 7,0,0,0,0,0.0,EGT2CAN,0,1,13587,0,0.0
1778951619.8496044,165.0,13655,-44.0,1,-,0,0,0,0,0.0,-,0,0,0,0,0.0,ECU,0,1,13620,150,165.0,FAN1,0,0,0,0,0.0,COILS,1,1,13461,0,0.0,PUMP,0,0,0,0,0.0,INJECTOR,1,1,13582,0,0.0,SERVO,1,1,13582,0,0.0,ADD 1,0,1,13653,0,0.0,ADD 2,0,1,13625,0,0.0,ADD 3,0,1,13603,0,0.0,ADD 4,0,1,13582,0,0.0,ADD 5,0,0,0,0,0.0,ADD 6,0,1,13696,0,0.0,ADD 7,0,0,0,0,0.0,EGT2CAN,0,1,13521,0,0.0
1778951619.903622,165.0,13655,-44.0,1,-,0,0,0,0,0.0,-,0,0,0,0,0.0,ECU,0,1,13532,150,165.0,FAN1,0,0,0,0,0.0,COILS,1,1,13560,0,0.0,PUMP,0,0,0,0,0.0,INJECTOR,1,1,13675,0,0.0,SERVO,1,1,13669,0,0.0,ADD 1,0,1,13653,0,0.0,ADD 2,0,1,13625,0,0.0,ADD 3,0,1,13603,0,0.0,ADD 4,0,1,13582,0,0.0,ADD 5,0,0,0,0,0.0,ADD 6,0,1,13696,0,0.0,ADD 7,0,0,0,0,0.0,EGT2CAN,0,1,13521,0,0.0
1778951619.9595764,158.0,13735,-44.0,1,-,0,0,0,0,0.0,-,0,0,0,0,0.0,ECU,0,1,14096,130,158.0,FAN1,0,0,0,0,0.0,COILS,1,1,14090,0,0.0,PUMP,0,0,0,0,0.0,INJECTOR,1,1,13997,0,0.0,SERVO,1,1,13986,0,0.0,ADD 1,0,1,14079,0,0.0,ADD 2,0,1,14107,0,0.0,ADD 3,0,1,14025,0,0.0,ADD 4,0,1,13986,0,0.0,ADD 5,0,0,0,0,0.0,ADD 6,0,1,14008,0,0.0,ADD 7,0,0,0,0,0.0,EGT2CAN,0,1,13910,0,0.0
1778951620.0143232,156.7,13648,-44.0,1,-,0,0,0,0,0.0,-,0,0,0,0,0.0,ECU,0,1,13882,150,156.7,FAN1,0,0,0,0,0.0,COILS,1,1,13937,0,0.0,PUMP,0,0,0,0,0.0,INJECTOR,1,1,13855,0,0.0,SERVO,1,1,13997,0,0.0,ADD 1,0,1,14025,0,0.0,ADD 2,0,1,13986,0,0.0,ADD 3,0,1,13937,0,0.0,ADD 4,0,1,13882,0,0.0,ADD 5,0,0,0,0,0.0,ADD 6,0,1,14123,0,0.0,ADD 7,0,0,0,0,0.0,EGT2CAN,0,1,14079,0,0.0
1778951620.0661676,156.7,13648,-44.0,1,-,0,0,0,0,0.0,-,0,0,0,0,0.0,ECU,0,1,13571,150,156.7,FAN1,0,0,0,0,0.0,COILS,1,1,13937,0,0.0,PUMP,0,0,0,0,0.0,INJECTOR,1,1,13855,0,0.0,SERVO,1,1,13997,0,0.0,ADD 1,0,1,14025,0,0.0,ADD 2,0,1,13986,0,0.0,ADD 3,0,1,13937,0,0.0,ADD 4,0,1,13882,0,0.0,ADD 5,0,0,0,0,0.0,ADD 6,0,1,14123,0,0.0,ADD 7,0,0,0,0,0.0,EGT2CAN,0,1,14079,0,0.0
1778951620.1168473,130.0,14107,-43.0,1,-,0,0,0,0,0.0,-,0,0,0,0,0.0,ECU,0,1,13992,120,130.0,FAN1,0,0,0,0,0.0,COILS,1,1,13921,0,0.0,PUMP,0,0,0,0,0.0,INJECTOR,1,1,13740,0,0.0,SERVO,1,1,13653,0,0.0,ADD 1,0,1,14156,0,0.0,ADD 2,0,1,14107,0,0.0,ADD 3,0,1,14156,0,0.0,ADD 4,0,1,14129,0,0.0,ADD 5,0,0,0,0,0.0,ADD 6,0,1,14287,0,0.0,ADD 7,0,0,0,0,0.0,EGT2CAN,0,1,14200,0,0.0
1778951620.1672125,130.0,14107,-43.0,1,-,0,0,0,0,0.0,-,0,0,0,0,0.0,ECU,0,1,13992,120,130.0,FAN1,0,0,0,0,0.0,COILS,1,1,13921,0,0.0,PUMP,0,0,0,0,0.0,INJECTOR,1,1,13740,0,0.0,SERVO,1,1,13653,0,0.0,ADD 1,0,1,14156,0,0.0,ADD 2,0,1,14107,0,0.0,ADD 3,0,1,14156,0,0.0,ADD 4,0,1,14129,0,0.0,ADD 5,0,0,0,0,0.0,ADD 6,0,1,14287,0,0.0,ADD 7,0,0,0,0,0.0,EGT2CAN,0,1,14200,0,0.0
1778951620.2190497,130.0,14107,-43.0,1,-,0,0,0,0,0.0,-,0,0,0,0,0.0,ECU,0,1,13877,150,130.0,FAN1,0,0,0,0,0.0,COILS,1,1,14030,0,0.0,PUMP,0,0,0,0,0.0,INJECTOR,1,1,14014,0,0.0,SERVO,1,1,14101,0,0.0,ADD 1,0,1,13664,0,0.0,ADD 2,0,1,13669,0,0.0,ADD 3,0,1,13609,0,0.0,ADD 4,0,1,13554,0,0.0,ADD 5,0,0,0,0,0.0,ADD 6,0,1,13614,0,0.0,ADD 7,0,0,0,0,0.0,EGT2CAN,0,1,13680,0,0.0
1778951620.2729125,190.0,9285,-44.0,1,-,0,0,0,0,0.0,-,0,0,0,0,0.0,ECU,0,1,10584,330,190.0,FAN1,0,0,0,0,0.0,COILS,1,1,10529,0,0.0,PUMP,0,0,0,0,0.0,INJECTOR,1,1,10480,0,0.0,SERVO,1,1,10403,0,0.0,ADD 1,0,1,10436,0,0.0,ADD 2,0,1,10475,0,0.0,ADD 3,0,1,10338,0,0.0,ADD 4,0,1,10256,0,0.0,ADD 5,0,0,0,0,0.0,ADD 6,0,1,10403,0,0.0,ADD 7,0,0,0,0,0.0,EGT2CAN,0,1,10409,0,0.0
1778951620.3293514,190.0,10900,-43.0,1,-,0,0,0,0,0.0,-,0,0,0,0,0.0,ECU,0,1,11722,330,190.0,FAN1,0,0,0,0,0.0,COILS,1,1,10529,0,0.0,PUMP,0,0,0,0,0.0,INJECTOR,1,1,10480,0,0.0,SERVO,1,1,10403,0,0.0,ADD 1,0,1,10436,0,0.0,ADD 2,0,1,10475,0,0.0,ADD 3,0,1,10338,0,0.0,ADD 4,0,1,10256,0,0.0,ADD 5,0,0,0,0,0.0,ADD 6,0,1,10403,0,0.0,ADD 7,0,0,0,0,0.0,EGT2CAN,0,1,10409,0,0.0
1778951620.3794932,204.0,11680,-44.0,1,-,0,0,0,0,0.0,-,0,0,0,0,0.0,ECU,1,1,11601,0,204.0,FAN1,0,0,0,0,0.0,COILS,1,1,11497,0,0.0,PUMP,0,0,0,0,0.0,INJECTOR,1,1,11530,0,0.0,SERVO,1,1,11519,0,0.0,ADD 1,0,1,11601,0,0.0,ADD 2,0,1,11585,0,0.0,ADD 3,0,1,11607,0,0.0,ADD 4,0,1,11448,0,0.0,ADD 5,0,0,0,0,0.0,ADD 6,0,1,11470,0,0.0,ADD 7,0,0,0,0,0.0,EGT2CAN,0,1,11519,0,0.0
1778951620.431589,963.3,11680,-44.0,1,-,0,0,0,0,0.0,-,0,0,0,0,0.0,ECU,0,1,12422,220,206.7,FAN1,0,0,0,0,0.0,COILS,1,1,12340,0,0.0,PUMP,0,1,12285,4540,756.7,INJECTOR,1,1,12247,0,0.0,SERVO,1,1,12099,0,0.0,ADD 1,0,1,12044,0,0.0,ADD 2,0,1,12154,0,0.0,ADD 3,0,1,12148,0,0.0,ADD 4,0,1,12192,0,0.0,ADD 5,0,0,0,0,0.0,ADD 6,0,1,12137,0,0.0,ADD 7,0,0,0,0,0.0,EGT2CAN,0,1,12001,0,0.0
1778951620.486566,963.3,12380,-44.0,1,-,0,0,0,0,0.0,-,0,0,0,0,0.0,ECU,0,1,12591,220,206.7,FAN1,0,0,0,0,0.0,COILS,1,1,12340,0,0.0,PUMP,0,1,12285,4540,756.7,INJECTOR,1,1,12247,0,0.0,SERVO,1,1,12099,0,0.0,ADD 1,0,1,12044,0,0.0,ADD 2,0,1,12154,0,0.0,ADD 3,0,1,12148,0,0.0,ADD 4,0,1,12192,0,0.0,ADD 5,0,0,0,0,0.0,ADD 6,0,1,12137,0,0.0,ADD 7,0,0,0,0,0.0,EGT2CAN,0,1,12001,0,0.0
1778951620.537916,2598.0,12547,-43.0,1,-,0,0,0,0,0.0,-,0,0,0,0,0.0,ECU,0,1,12695,190,172.0,FAN1,0,0,0,0,0.0,COILS,1,1,12690,0,0.0,PUMP,0,1,12597,3660,2426.0,INJECTOR,1,1,12581,0,0.0,SERVO,1,1,12498,0,0.0,ADD 1,0,1,12575,0,0.0,ADD 2,0,1,12630,0,0.0,ADD 3,0,1,12515,0,0.0,ADD 4,0,1,12488,0,0.0,ADD 5,0,0,0,0,0.0,ADD 6,0,1,12602,0,0.0,ADD 7,0,0,0,0,0.0,EGT2CAN,0,1,12684,0,0.0
1778951620.590599,2598.0,12547,-43.0,1,-,0,0,0,0,0.0,-,0,0,0,0,0.0,ECU,0,1,12887,190,172.0,FAN1,0,0,0,0,0.0,COILS,1,1,13013,0,0.0,PUMP,0,1,13007,3660,2426.0,INJECTOR,1,1,13035,0,0.0,SERVO,1,1,12936,0,0.0,ADD 1,0,1,12575,0,0.0,ADD 2,0,1,12630,0,0.0,ADD 3,0,1,12515,0,0.0,ADD 4,0,1,12488,0,0.0,ADD 5,0,0,0,0,0.0,ADD 6,0,1,12602,0,0.0,ADD 7,0,0,0,0,0.0,EGT2CAN,0,1,12684,0,0.0
1778951620.6411207,3927.5,10764,-44.0,1,-,0,0,0,0,0.0,-,0,0,0,0,0.0,ECU,0,1,11005,310,230.0,FAN1,0,0,0,0,0.0,COILS,1,1,11147,0,0.0,PUMP,0,1,11131,3410,3697.5,INJECTOR,1,1,11054,0,0.0,SERVO,1,1,11153,0,0.0,ADD 1,0,1,11771,0,0.0,ADD 2,0,1,11815,0,0.0,ADD 3,0,1,11809,0,0.0,ADD 4,0,1,11678,0,0.0,ADD 5,0,0,0,0,0.0,ADD 6,0,1,11875,0,0.0,ADD 7,0,0,0,0,0.0,EGT2CAN,0,1,11765,0,0.0
1778951620.7011037,3952.0,12268,-43.0,1,-,0,0,0,0,0.0,-,0,0,0,0,0.0,ECU,0,1,12187,140,212.0,FAN1,0,0,0,0,0.0,COILS,1,1,12170,0,0.0,PUMP,0,1,12126,3910,3740.0,INJECTOR,1,1,12154,0,0.0,SERVO,1,1,12148,0,0.0,ADD 1,0,1,12034,0,0.0,ADD 2,0,1,12088,0,0.0,ADD 3,0,1,11919,0,0.0,ADD 4,0,1,11858,0,0.0,ADD 5,0,0,0,0,0.0,ADD 6,0,1,11869,0,0.0,ADD 7,0,0,0,0,0.0,EGT2CAN,0,1,12050,0,0.0
1778951620.7536936,3952.0,12268,-43.0,1,-,0,0,0,0,0.0,-,0,0,0,0,0.0,ECU,0,1,12471,140,212.0,FAN1,0,0,0,0,0.0,COILS,1,1,12515,0,0.0,PUMP,0,1,12471,3910,3740.0,INJECTOR,1,1,12509,0,0.0,SERVO,1,1,12455,0,0.0,ADD 1,0,1,12788,0,0.0,ADD 2,0,1,12881,0,0.0,ADD 3,0,1,12783,0,0.0,ADD 4,0,1,12641,0,0.0,ADD 5,0,0,0,0,0.0,ADD 6,0,1,12887,0,0.0,ADD 7,0,0,0,0,0.0,EGT2CAN,0,1,12783,0,0.0
1778951620.8040915,3932.0,12893,-43.0,1,-,0,0,0,0,0.0,-,0,0,0,0,0.0,ECU,0,1,13035,110,176.0,FAN1,0,0,0,0,0.0,COILS,1,1,13035,0,0.0,PUMP,0,1,13128,3810,3756.0,INJECTOR,1,1,13128,0,0.0,SERVO,1,1,13084,0,0.0,ADD 1,0,1,12827,0,0.0,ADD 2,0,1,12920,0,0.0,ADD 3,0,1,12985,0,0.0,ADD 4,0,1,12870,0,0.0,ADD 5,0,0,0,0,0.0,ADD 6,0,1,12892,0,0.0,ADD 7,0,0,0,0,0.0,EGT2CAN,0,1,12673,0,0.0
1778951620.8550754,3936.7,12677,-44.0,1,-,0,0,0,0,0.0,-,0,0,0,0,0.0,ECU,0,1,13035,130,168.3,FAN1,0,0,0,0,0.0,COILS,1,1,13035,0,0.0,PUMP,0,1,13128,3830,3768.3,INJECTOR,1,1,13128,0,0.0,SERVO,1,1,13084,0,0.0,ADD 1,0,1,13084,0,0.0,ADD 2,0,1,13128,0,0.0,ADD 3,0,1,13089,0,0.0,ADD 4,0,1,13035,0,0.0,ADD 5,0,0,0,0,0.0,ADD 6,0,1,13035,0,0.0,ADD 7,0,0,0,0,0.0,EGT2CAN,0,1,13149,0,0.0
1778951620.906512,3936.7,12677,-44.0,1,-,0,0,0,0,0.0,-,0,0,0,0,0.0,ECU,0,1,12701,130,168.3,FAN1,0,0,0,0,0.0,COILS,1,1,12728,0,0.0,PUMP,0,1,12788,3830,3768.3,INJECTOR,1,1,12684,0,0.0,SERVO,1,1,12821,0,0.0,ADD 1,0,1,12788,0,0.0,ADD 2,0,1,12870,0,0.0,ADD 3,0,1,12969,0,0.0,ADD 4,0,1,12876,0,0.0,ADD 5,0,0,0,0,0.0,ADD 6,0,1,13056,0,0.0,ADD 7,0,0,0,0,0.0,EGT2CAN,0,1,12914,0,0.0
1778951620.9631329,3828.0,11445,-44.0,1,-,0,0,0,0,0.0,-,0,0,0,0,0.0,ECU,0,1,11109,210,122.0,FAN1,0,0,0,0,0.0,COILS,1,1,11399,0,0.0,PUMP,0,1,11394,3850,3706.0,INJECTOR,1,1,11322,0,0.0,SERVO,1,1,11311,0,0.0,ADD 1,0,1,11279,0,0.0,ADD 2,0,1,11355,0,0.0,ADD 3,0,1,11268,0,0.0,ADD 4,0,1,11131,0,0.0,ADD 5,0,0,0,0,0.0,ADD 6,0,1,11399,0,0.0,ADD 7,0,0,0,0,0.0,EGT2CAN,0,1,11350,0,0.0
1778951621.0221522,3818.0,12311,-43.0,1,-,0,0,0,0,0.0,-,0,0,0,0,0.0,ECU,0,1,11968,120,126.0,FAN1,0,0,0,0,0.0,COILS,1,1,11930,0,0.0,PUMP,0,1,11941,3790,3692.0,INJECTOR,1,1,11946,0,0.0,SERVO,1,1,11984,0,0.0,ADD 1,0,1,11951,0,0.0,ADD 2,0,1,11886,0,0.0,ADD 3,0,1,11919,0,0.0,ADD 4,0,1,11957,0,0.0,ADD 5,0,0,0,0,0.0,ADD 6,0,1,11924,0,0.0,ADD 7,0,0,0,0,0.0,EGT2CAN,0,1,11891,0,0.0
1778951621.0748851,3824.0,12980,-43.0,1,-,0,0,0,0,0.0,-,0,0,0,0,0.0,ECU,0,1,12673,120,128.0,FAN1,0,0,0,0,0.0,COILS,1,1,12690,0,0.0,PUMP,0,1,12673,3800,3696.0,INJECTOR,1,1,12542,0,0.0,SERVO,1,1,12876,0,0.0,ADD 1,0,1,12985,0,0.0,ADD 2,0,1,13035,0,0.0,ADD 3,0,1,12996,0,0.0,ADD 4,0,1,12985,0,0.0,ADD 5,0,0,0,0,0.0,ADD 6,0,1,13056,0,0.0,ADD 7,0,0,0,0,0.0,EGT2CAN,0,1,12914,0,0.0
1778951621.1349387,3856.3,12980,-43.0,1,-,0,0,0,0,0.0,-,0,0,0,0,0.0,ECU,0,1,13122,110,138.0,FAN1,0,0,0,0,0.0,COILS,1,1,13106,0,0.0,PUMP,0,1,13029,3830,3718.3,INJECTOR,1,1,13155,0,0.0,SERVO,1,1,13084,0,0.0,ADD 1,0,1,12679,0,0.0,ADD 2,0,1,12723,0,0.0,ADD 3,0,1,12750,0,0.0,ADD 4,0,1,12701,0,0.0,ADD 5,0,0,0,0,0.0,ADD 6,0,1,12914,0,0.0,ADD 7,0,0,0,0,0.0,EGT2CAN,0,1,12854,0,0.0
1778951621.185571,3856.3,12856,-43.0,1,-,0,0,0,0,0.0,-,0,0,0,0,0.0,ECU,0,1,13122,110,138.0,FAN1,0,0,0,0,0.0,COILS,1,1,13106,0,0.0,PUMP,0,1,13029,3830,3718.3,INJECTOR,1,1,13155,0,0.0,SERVO,1,1,13084,0,0.0,ADD 1,0,1,12679,0,0.0,ADD 2,0,1,12723,0,0.0,ADD 3,0,1,12750,0,0.0,ADD 4,0,1,12701,0,0.0,ADD 5,0,0,0,0,0.0,ADD 6,0,1,12914,0,0.0,ADD 7,0,0,0,0,0.0,EGT2CAN,0,1,12854,0,0.0
1778951621.236321,3792.0,11699,-44.0,1,-,0,0,0,0,0.0,-,0,0,0,0,0.0,ECU,0,1,11782,190,158.0,FAN1,0,0,0,0,0.0,COILS,1,1,11787,0,0.0,PUMP,0,1,11787,4010,3634.0,INJECTOR,1,1,11787,0,0.0,SERVO,1,1,11765,0,0.0,ADD 1,0,1,11000,0,0.0,ADD 2,0,1,11098,0,0.0,ADD 3,0,1,11257,0,0.0,ADD 4,0,1,11306,0,0.0,ADD 5,0,0,0,0,0.0,ADD 6,0,1,11361,0,0.0,ADD 7,0,0,0,0,0.0,EGT2CAN,0,1,11158,0,0.0
1778951621.2893033,3955.0,11699,-44.0,1,-,0,0,0,0,0.0,-,0,0,0,0,0.0,ECU,0,1,12269,150,156.7,FAN1,0,0,0,0,0.0,COILS,1,1,12334,0,0.0,PUMP,0,1,12329,3860,3671.7,INJECTOR,0,1,12285,760,126.7,SERVO,1,1,12263,0,0.0,ADD 1,0,1,12537,0,0.0,ADD 2,0,1,12509,0,0.0,ADD 3,0,1,12493,0,0.0,ADD 4,0,1,12553,0,0.0,ADD 5,0,0,0,0,0.0,ADD 6,0,1,12493,0,0.0,ADD 7,0,0,0,0,0.0,EGT2CAN,0,1,12477,0,0.0
1778951621.3405182,3955.0,12596,-43.0,1,-,0,0,0,0,0.0,-,0,0,0,0,0.0,ECU,0,1,12378,150,156.7,FAN1,0,0,0,0,0.0,COILS,1,1,12334,0,0.0,PUMP,0,1,12329,3860,3671.7,INJECTOR,1,1,12285,760,126.7,SERVO,1,1,12263,0,0.0,ADD 1,0,1,12537,0,0.0,ADD 2,0,1,12509,0,0.0,ADD 3,0,1,12493,0,0.0,ADD 4,0,1,12553,0,0.0,ADD 5,0,0,0,0,0.0,ADD 6,0,1,12493,0,0.0,ADD 7,0,0,0,0,0.0,EGT2CAN,0,1,12477,0,0.0
1778951621.3922908,3868.0,12522,-45.0,1,-,0,0,0,0,0.0,-,0,0,0,0,0.0,ECU,0,1,12865,130,168.0,FAN1,0,0,0,0,0.0,COILS,1,1,12925,0,0.0,PUMP,0,1,12859,3720,3548.0,INJECTOR,1,1,12931,0,152.0,SERVO,1,1,12947,0,0.0,ADD 1,0,1,12909,0,0.0,ADD 2,0,1,12892,0,0.0,ADD 3,0,1,12816,0,0.0,ADD 4,0,1,12761,0,0.0,ADD 5,0,0,0,0,0.0,ADD 6,0,1,12843,0,0.0,ADD 7,0,0,0,0,0.0,EGT2CAN,0,1,12810,0,0.0
1778951621.4425788,3868.0,12522,-45.0,1,-,0,0,0,0,0.0,-,0,0,0,0,0.0,ECU,0,1,12892,130,168.0,FAN1,0,0,0,0,0.0,COILS,0,1,12925,0,0.0,PUMP,0,1,12859,3720,3548.0,INJECTOR,1,1,12931,0,152.0,SERVO,1,1,12947,0,0.0,ADD 1,0,1,12909,0,0.0,ADD 2,0,1,12892,0,0.0,ADD 3,0,1,12816,0,0.0,ADD 4,0,1,12761,0,0.0,ADD 5,0,0,0,0,0.0,ADD 6,0,1,12843,0,0.0,ADD 7,0,0,0,0,0.0,EGT2CAN,0,1,12810,0,0.0
1778951621.4935384,4763.3,12596,-44.0,1,-,0,0,0,0,0.0,-,0,0,0,0,0.0,ECU,0,1,12892,110,123.3,FAN1,0,0,0,0,0.0,COILS,0,1,12783,2940,980.0,PUMP,0,1,12854,3780,3660.0,INJECTOR,1,1,12969,0,0.0,SERVO,1,1,12952,0,0.0,ADD 1,0,1,13013,0,0.0,ADD 2,0,1,12974,0,0.0,ADD 3,0,1,12963,0,0.0,ADD 4,0,1,12952,0,0.0,ADD 5,0,0,0,0,0.0,ADD 6,0,1,12963,0,0.0,ADD 7,0,0,0,0,0.0,EGT2CAN,0,1,13007,0,0.0
1778951621.5505908,4596.0,13159,-43.0,1,-,0,0,0,0,0.0,-,0,0,0,0,0.0,ECU,0,1,12756,270,134.0,FAN1,0,0,0,0,0.0,COILS,1,1,12794,0,588.0,PUMP,0,1,12788,3810,3716.0,INJECTOR,1,1,12805,0,158.0,SERVO,1,1,12728,0,0.0,ADD 1,0,1,12838,0,0.0,ADD 2,0,1,12876,0,0.0,ADD 3,0,1,12843,0,0.0,ADD 4,0,1,12745,0,0.0,ADD 5,0,0,0,0,0.0,ADD 6,0,1,12832,0,0.0,ADD 7,0,0,0,0,0.0,EGT2CAN,0,1,12695,0,0.0
1778951621.6067345,4596.0,13159,-43.0,1,-,0,0,0,0,0.0,-,0,0,0,0,0.0,ECU,0,1,12931,270,134.0,FAN1,0,0,0,0,0.0,COILS,1,1,12794,0,588.0,PUMP,0,1,12788,3810,3716.0,INJECTOR,1,1,12805,0,158.0,SERVO,1,1,12728,0,0.0,ADD 1,0,1,12838,0,0.0,ADD 2,0,1,12876,0,0.0,ADD 3,0,1,12843,0,0.0,ADD 4,0,1,12745,0,0.0,ADD 5,0,0,0,0,0.0,ADD 6,0,1,12832,0,0.0,ADD 7,0,0,0,0,0.0,EGT2CAN,0,1,12695,0,0.0
1778951621.65791,4875.0,13308,-44.0,1,-,0,0,0,0,0.0,-,0,0,0,0,0.0,ECU,0,1,12931,190,150.0,FAN1,0,0,0,0,0.0,COILS,1,1,12876,0,735.0,PUMP,0,1,13035,3790,3792.5,INJECTOR,1,1,13215,0,197.5,SERVO,1,1,13029,0,0.0,ADD 1,0,1,13040,0,0.0,ADD 2,0,1,13007,0,0.0,ADD 3,0,1,13051,0,0.0,ADD 4,0,1,13024,0,0.0,ADD 5,0,0,0,0,0.0,ADD 6,0,1,13029,0,0.0,ADD 7,0,0,0,0,0.0,EGT2CAN,0,1,13106,0,0.0
1778951621.7089236,4875.0,13308,-44.0,1,-,0,0,0,0,0.0,-,0,0,0,0,0.0,ECU,0,1,12931,190,150.0,FAN1,0,0,0,0,0.0,COILS,1,1,12876,0,735.0,PUMP,0,1,13035,3790,3792.5,INJECTOR,1,1,13215,0,197.5,SERVO,1,1,13029,0,0.0,ADD 1,0,1,13040,0,0.0,ADD 2,0,1,13007,0,0.0,ADD 3,0,1,13051,0,0.0,ADD 4,0,1,13024,0,0.0,ADD 5,0,0,0,0,0.0,ADD 6,0,1,13029,0,0.0,ADD 7,0,0,0,0,0.0,EGT2CAN,0,1,13106,0,0.0
1778951621.7602518,4875.0,13308,-44.0,1,-,0,0,0,0,0.0,-,0,0,0,0,0.0,ECU,0,1,12931,190,150.0,FAN1,0,0,0,0,0.0,COILS,1,1,12876,0,735.0,PUMP,0,1,13035,3790,3792.5,INJECTOR,1,1,13215,0,197.5,SERVO,1,1,13029,0,0.0,ADD 1,0,1,13040,0,0.0,ADD 2,0,1,13007,0,0.0,ADD 3,0,1,13051,0,0.0,ADD 4,0,1,13024,0,0.0,ADD 5,0,0,0,0,0.0,ADD 6,0,1,13029,0,0.0,ADD 7,0,0,0,0,0.0,EGT2CAN,0,1,13106,0,0.0
1778951621.8110604,4875.0,13308,-44.0,1,-,0,0,0,0,0.0,-,0,0,0,0,0.0,ECU,0,1,12931,190,150.0,FAN1,0,0,0,0,0.0,COILS,1,1,12876,0,735.0,PUMP,0,1,13035,3790,3792.5,INJECTOR,1,1,13215,0,197.5,SERVO,1,1,13029,0,0.0,ADD 1,0,1,13040,0,0.0,ADD 2,0,1,13007,0,0.0,ADD 3,0,1,13051,0,0.0,ADD 4,0,1,13024,0,0.0,ADD 5,0,0,0,0,0.0,ADD 6,0,1,13029,0,0.0,ADD 7,0,0,0,0,0.0,EGT2CAN,0,1,13106,0,0.0
1778951621.8839726,4875.0,13308,-44.0,1,-,0,0,0,0,0.0,-,0,0,0,0,0.0,ECU,0,1,12931,190,150.0,FAN1,0,0,0,0,0.0,COILS,1,1,12876,0,735.0,PUMP,0,1,13035,3790,3792.5,INJECTOR,1,1,13215,0,197.5,SERVO,1,1,13029,0,0.0,ADD 1,0,1,13040,0,0.0,ADD 2,0,1,13007,0,0.0,ADD 3,0,1,13051,0,0.0,ADD 4,0,1,13024,0,0.0,ADD 5,0,0,0,0,0.0,ADD 6,0,1,13029,0,0.0,ADD 7,0,0,0,0,0.0,EGT2CAN,0,1,13106,0,0.0
1778951621.9380014,4875.0,13308,-44.0,1,-,0,0,0,0,0.0,-,0,0,0,0,0.0,ECU,0,1,12931,190,150.0,FAN1,0,0,0,0,0.0,COILS,1,1,12876,0,735.0,PUMP,0,1,13035,3790,3792.5,INJECTOR,1,1,13215,0,197.5,SERVO,1,1,13029,0,0.0,ADD 1,0,1,13040,0,0.0,ADD 2,0,1,13007,0,0.0,ADD 3,0,1,13051,0,0.0,ADD 4,0,1,13024,0,0.0,ADD 5,0,0,0,0,0.0,ADD 6,0,1,13029,0,0.0,ADD 7,0,0,0,0,0.0,EGT2CAN,0,1,13106,0,0.0
1778951621.9890475,4875.0,13308,-44.0,1,-,0,0,0,0,0.0,-,0,0,0,0,0.0,ECU,0,1,12931,190,150.0,FAN1,0,0,0,0,0.0,COILS,1,1,12876,0,735.0,PUMP,0,1,13035,3790,3792.5,INJECTOR,1,1,13215,0,197.5,SERVO,1,1,13029,0,0.0,ADD 1,0,1,13040,0,0.0,ADD 2,0,1,13007,0,0.0,ADD 3,0,1,13051,0,0.0,ADD 4,0,1,13024,0,0.0,ADD 5,0,0,0,0,0.0,ADD 6,0,1,13029,0,0.0,ADD 7,0,0,0,0,0.0,EGT2CAN,0,1,13106,0,0.0
1778951622.0396786,4875.0,13308,-44.0,1,-,0,0,0,0,0.0,-,0,0,0,0,0.0,ECU,0,1,12931,190,150.0,FAN1,0,0,0,0,0.0,COILS,1,1,12876,0,735.0,PUMP,0,1,13035,3790,3792.5,INJECTOR,1,1,13215,0,197.5,SERVO,1,1,13029,0,0.0,ADD 1,0,1,13040,0,0.0,ADD 2,0,1,13007,0,0.0,ADD 3,0,1,13051,0,0.0,ADD 4,0,1,13024,0,0.0,ADD 5,0,0,0,0,0.0,ADD 6,0,1,13029,0,0.0,ADD 7,0,0,0,0,0.0,EGT2CAN,0,1,13106,0,0.0
1778951622.0905588,4875.0,13308,-44.0,1,-,0,0,0,0,0.0,-,0,0,0,0,0.0,ECU,0,1,12931,190,150.0,FAN1,0,0,0,0,0.0,COILS,1,1,12876,0,735.0,PUMP,0,1,13035,3790,3792.5,INJECTOR,1,1,13215,0,197.5,SERVO,1,1,13029,0,0.0,ADD 1,0,1,13040,0,0.0,ADD 2,0,1,13007,0,0.0,ADD 3,0,1,13051,0,0.0,ADD 4,0,1,13024,0,0.0,ADD 5,0,0,0,0,0.0,ADD 6,0,1,13029,0,0.0,ADD 7,0,0,0,0,0.0,EGT2CAN,0,1,13106,0,0.0
1778951622.1507356,4875.0,13308,-44.0,1,-,0,0,0,0,0.0,-,0,0,0,0,0.0,ECU,0,1,12931,190,150.0,FAN1,0,0,0,0,0.0,COILS,1,1,12876,0,735.0,PUMP,0,1,13035,3790,3792.5,INJECTOR,1,1,13215,0,197.5,SERVO,1,1,13029,0,0.0,ADD 1,0,1,13040,0,0.0,ADD 2,0,1,13007,0,0.0,ADD 3,0,1,13051,0,0.0,ADD 4,0,1,13024,0,0.0,ADD 5,0,0,0,0,0.0,ADD 6,0,1,13029,0,0.0,ADD 7,0,0,0,0,0.0,EGT2CAN,0,1,13106,0,0.0
1778951622.2163405,4875.0,13308,-44.0,1,-,0,0,0,0,0.0,-,0,0,0,0,0.0,ECU,0,1,12931,190,150.0,FAN1,0,0,0,0,0.0,COILS,1,1,12876,0,735.0,PUMP,0,1,13035,3790,3792.5,INJECTOR,1,1,13215,0,197.5,SERVO,1,1,13029,0,0.0,ADD 1,0,1,13040,0,0.0,ADD 2,0,1,13007,0,0.0,ADD 3,0,1,13051,0,0.0,ADD 4,0,1,13024,0,0.0,ADD 5,0,0,0,0,0.0,ADD 6,0,1,13029,0,0.0,ADD 7,0,0,0,0,0.0,EGT2CAN,0,1,13106,0,0.0
1778951622.2675388,4875.0,13308,-44.0,1,-,0,0,0,0,0.0,-,0,0,0,0,0.0,ECU,0,1,12931,190,150.0,FAN1,0,0,0,0,0.0,COILS,1,1,12876,0,735.0,PUMP,0,1,13035,3790,3792.5,INJECTOR,1,1,13215,0,197.5,SERVO,1,1,13029,0,0.0,ADD 1,0,1,13040,0,0.0,ADD 2,0,1,13007,0,0.0,ADD 3,0,1,13051,0,0.0,ADD 4,0,1,13024,0,0.0,ADD 5,0,0,0,0,0.0,ADD 6,0,1,13029,0,0.0,ADD 7,0,0,0,0,0.0,EGT2CAN,0,1,13106,0,0.0
1778951622.3285503,4875.0,13308,-44.0,1,-,0,0,0,0,0.0,-,0,0,0,0,0.0,ECU,0,1,12931,190,150.0,FAN1,0,0,0,0,0.0,COILS,1,1,12876,0,735.0,PUMP,0,1,13035,3790,3792.5,INJECTOR,1,1,13215,0,197.5,SERVO,1,1,13029,0,0.0,ADD 1,0,1,13040,0,0.0,ADD 2,0,1,13007,0,0.0,ADD 3,0,1,13051,0,0.0,ADD 4,0,1,13024,0,0.0,ADD 5,0,0,0,0,0.0,ADD 6,0,1,13029,0,0.0,ADD 7,0,0,0,0,0.0,EGT2CAN,0,1,13106,0,0.0
1778951622.38191,4875.0,13308,-44.0,1,-,0,0,0,0,0.0,-,0,0,0,0,0.0,ECU,0,1,12931,190,150.0,FAN1,0,0,0,0,0.0,COILS,1,1,12876,0,735.0,PUMP,0,1,13035,3790,3792.5,INJECTOR,1,1,13215,0,197.5,SERVO,1,1,13029,0,0.0,ADD 1,0,1,13040,0,0.0,ADD 2,0,1,13007,0,0.0,ADD 3,0,1,13051,0,0.0,ADD 4,0,1,13024,0,0.0,ADD 5,0,0,0,0,0.0,ADD 6,0,1,13029,0,0.0,ADD 7,0,0,0,0,0.0,EGT2CAN,0,1,13106,0,0.0
1778951622.43326,4875.0,13308,-44.0,1,-,0,0,0,0,0.0,-,0,0,0,0,0.0,ECU,0,1,12931,190,150.0,FAN1,0,0,0,0,0.0,COILS,1,1,12876,0,735.0,PUMP,0,1,13035,3790,3792.5,INJECTOR,1,1,13215,0,197.5,SERVO,1,1,13029,0,0.0,ADD 1,0,1,13040,0,0.0,ADD 2,0,1,13007,0,0.0,ADD 3,0,1,13051,0,0.0,ADD 4,0,1,13024,0,0.0,ADD 5,0,0,0,0,0.0,ADD 6,0,1,13029,0,0.0,ADD 7,0,0,0,0,0.0,EGT2CAN,0,1,13106,0,0.0
1778951622.4919174,4875.0,13308,-44.0,1,-,0,0,0,0,0.0,-,0,0,0,0,0.0,ECU,0,1,12931,190,150.0,FAN1,0,0,0,0,0.0,COILS,1,1,12876,0,735.0,PUMP,0,1,13035,3790,3792.5,INJECTOR,1,1,13215,0,197.5,SERVO,1,1,13029,0,0.0,ADD 1,0,1,13040,0,0.0,ADD 2,0,1,13007,0,0.0,ADD 3,0,1,13051,0,0.0,ADD 4,0,1,13024,0,0.0,ADD 5,0,0,0,0,0.0,ADD 6,0,1,13029,0,0.0,ADD 7,0,0,0,0,0.0,EGT2CAN,0,1,13106,0,0.0
1778951622.5430446,4875.0,13308,-44.0,1,-,0,0,0,0,0.0,-,0,0,0,0,0.0,ECU,0,1,12931,190,150.0,FAN1,0,0,0,0,0.0,COILS,1,1,12876,0,735.0,PUMP,0,1,13035,3790,3792.5,INJECTOR,1,1,13215,0,197.5,SERVO,1,1,13029,0,0.0,ADD 1,0,1,13040,0,0.0,ADD 2,0,1,13007,0,0.0,ADD 3,0,1,13051,0,0.0,ADD 4,0,1,13024,0,0.0,ADD 5,0,0,0,0,0.0,ADD 6,0,1,13029,0,0.0,ADD 7,0,0,0,0,0.0,EGT2CAN,0,1,13106,0,0.0
1778951622.6031935,4875.0,13308,-44.0,1,-,0,0,0,0,0.0,-,0,0,0,0,0.0,ECU,0,1,12931,190,150.0,FAN1,0,0,0,0,0.0,COILS,1,1,12876,0,735.0,PUMP,0,1,13035,3790,3792.5,INJECTOR,1,1,13215,0,197.5,SERVO,1,1,13029,0,0.0,ADD 1,0,1,13040,0,0.0,ADD 2,0,1,13007,0,0.0,ADD 3,0,1,13051,0,0.0,ADD 4,0,1,13024,0,0.0,ADD 5,0,0,0,0,0.0,ADD 6,0,1,13029,0,0.0,ADD 7,0,0,0,0,0.0,EGT2CAN,0,1,13106,0,0.0
1778951622.6541438,4875.0,13308,-44.0,1,-,0,0,0,0,0.0,-,0,0,0,0,0.0,ECU,0,1,12931,190,150.0,FAN1,0,0,0,0,0.0,COILS,1,1,12876,0,735.0,PUMP,0,1,13035,3790,3792.5,INJECTOR,1,1,13215,0,197.5,SERVO,1,1,13029,0,0.0,ADD 1,0,1,13040,0,0.0,ADD 2,0,1,13007,0,0.0,ADD 3,0,1,13051,0,0.0,ADD 4,0,1,13024,0,0.0,ADD 5,0,0,0,0,0.0,ADD 6,0,1,13029,0,0.0,ADD 7,0,0,0,0,0.0,EGT2CAN,0,1,13106,0,0.0
1778951622.7262552,4875.0,13308,-44.0,1,-,0,0,0,0,0.0,-,0,0,0,0,0.0,ECU,0,1,12931,190,150.0,FAN1,0,0,0,0,0.0,COILS,1,1,12876,0,735.0,PUMP,0,1,13035,3790,3792.5,INJECTOR,1,1,13215,0,197.5,SERVO,1,1,13029,0,0.0,ADD 1,0,1,13040,0,0.0,ADD 2,0,1,13007,0,0.0,ADD 3,0,1,13051,0,0.0,ADD 4,0,1,13024,0,0.0,ADD 5,0,0,0,0,0.0,ADD 6,0,1,13029,0,0.0,ADD 7,0,0,0,0,0.0,EGT2CAN,0,1,13106,0,0.0
1778951622.786379,4875.0,13308,-44.0,1,-,0,0,0,0,0.0,-,0,0,0,0,0.0,ECU,0,1,12931,190,150.0,FAN1,0,0,0,0,0.0,COILS,1,1,12876,0,735.0,PUMP,0,1,13035,3790,3792.5,INJECTOR,1,1,13215,0,197.5,SERVO,1,1,13029,0,0.0,ADD 1,0,1,13040,0,0.0,ADD 2,0,1,13007,0,0.0,ADD 3,0,1,13051,0,0.0,ADD 4,0,1,13024,0,0.0,ADD 5,0,0,0,0,0.0,ADD 6,0,1,13029,0,0.0,ADD 7,0,0,0,0,0.0,EGT2CAN,0,1,13106,0,0.0
1778951622.846282,4875.0,13308,-44.0,1,-,0,0,0,0,0.0,-,0,0,0,0,0.0,ECU,0,1,12931,190,150.0,FAN1,0,0,0,0,0.0,COILS,1,1,12876,0,735.0,PUMP,0,1,13035,3790,3792.5,INJECTOR,1,1,13215,0,197.5,SERVO,1,1,13029,0,0.0,ADD 1,0,1,13040,0,0.0,ADD 2,0,1,13007,0,0.0,ADD 3,0,1,13051,0,0.0,ADD 4,0,1,13024,0,0.0,ADD 5,0,0,0,0,0.0,ADD 6,0,1,13029,0,0.0,ADD 7,0,0,0,0,0.0,EGT2CAN,0,1,13106,0,0.0
1778951622.8971558,4875.0,13308,-44.0,1,-,0,0,0,0,0.0,-,0,0,0,0,0.0,ECU,0,1,12931,190,150.0,FAN1,0,0,0,0,0.0,COILS,1,1,12876,0,735.0,PUMP,0,1,13035,3790,3792.5,INJECTOR,1,1,13215,0,197.5,SERVO,1,1,13029,0,0.0,ADD 1,0,1,13040,0,0.0,ADD 2,0,1,13007,0,0.0,ADD 3,0,1,13051,0,0.0,ADD 4,0,1,13024,0,0.0,ADD 5,0,0,0,0,0.0,ADD 6,0,1,13029,0,0.0,ADD 7,0,0,0,0,0.0,EGT2CAN,0,1,13106,0,0.0
1778951622.956205,4875.0,13308,-44.0,1,-,0,0,0,0,0.0,-,0,0,0,0,0.0,ECU,0,1,12931,190,150.0,FAN1,0,0,0,0,0.0,COILS,1,1,12876,0,735.0,PUMP,0,1,13035,3790,3792.5,INJECTOR,1,1,13215,0,197.5,SERVO,1,1,13029,0,0.0,ADD 1,0,1,13040,0,0.0,ADD 2,0,1,13007,0,0.0,ADD 3,0,1,13051,0,0.0,ADD 4,0,1,13024,0,0.0,ADD 5,0,0,0,0,0.0,ADD 6,0,1,13029,0,0.0,ADD 7,0,0,0,0,0.0,EGT2CAN,0,1,13106,0,0.0
1778951623.007185,4875.0,13308,-44.0,1,-,0,0,0,0,0.0,-,0,0,0,0,0.0,ECU,0,1,12931,190,150.0,FAN1,0,0,0,0,0.0,COILS,1,1,12876,0,735.0,PUMP,0,1,13035,3790,3792.5,INJECTOR,1,1,13215,0,197.5,SERVO,1,1,13029,0,0.0,ADD 1,0,1,13040,0,0.0,ADD 2,0,1,13007,0,0.0,ADD 3,0,1,13051,0,0.0,ADD 4,0,1,13024,0,0.0,ADD 5,0,0,0,0,0.0,ADD 6,0,1,13029,0,0.0,ADD 7,0,0,0,0,0.0,EGT2CAN,0,1,13106,0,0.0
1778951623.0581844,4875.0,13308,-44.0,1,-,0,0,0,0,0.0,-,0,0,0,0,0.0,ECU,0,1,12931,190,150.0,FAN1,0,0,0,0,0.0,COILS,1,1,12876,0,735.0,PUMP,0,1,13035,3790,3792.5,INJECTOR,1,1,13215,0,197.5,SERVO,1,1,13029,0,0.0,ADD 1,0,1,13040,0,0.0,ADD 2,0,1,13007,0,0.0,ADD 3,0,1,13051,0,0.0,ADD 4,0,1,13024,0,0.0,ADD 5,0,0,0,0,0.0,ADD 6,0,1,13029,0,0.0,ADD 7,0,0,0,0,0.0,EGT2CAN,0,1,13106,0,0.0
1778951623.1197052,4875.0,13308,-44.0,1,-,0,0,0,0,0.0,-,0,0,0,0,0.0,ECU,0,1,12931,190,150.0,FAN1,0,0,0,0,0.0,COILS,1,1,12876,0,735.0,PUMP,0,1,13035,3790,3792.5,INJECTOR,1,1,13215,0,197.5,SERVO,1,1,13029,0,0.0,ADD 1,0,1,13040,0,0.0,ADD 2,0,1,13007,0,0.0,ADD 3,0,1,13051,0,0.0,ADD 4,0,1,13024,0,0.0,ADD 5,0,0,0,0,0.0,ADD 6,0,1,13029,0,0.0,ADD 7,0,0,0,0,0.0,EGT2CAN,0,1,13106,0,0.0
1778951623.1707246,4875.0,13308,-44.0,1,-,0,0,0,0,0.0,-,0,0,0,0,0.0,ECU,0,1,12931,190,150.0,FAN1,0,0,0,0,0.0,COILS,1,1,12876,0,735.0,PUMP,0,1,13035,3790,3792.5,INJECTOR,1,1,13215,0,197.5,SERVO,1,1,13029,0,0.0,ADD 1,0,1,13040,0,0.0,ADD 2,0,1,13007,0,0.0,ADD 3,0,1,13051,0,0.0,ADD 4,0,1,13024,0,0.0,ADD 5,0,0,0,0,0.0,ADD 6,0,1,13029,0,0.0,ADD 7,0,0,0,0,0.0,EGT2CAN,0,1,13106,0,0.0
1778951623.2214043,4875.0,13308,-44.0,1,-,0,0,0,0,0.0,-,0,0,0,0,0.0,ECU,0,1,12931,190,150.0,FAN1,0,0,0,0,0.0,COILS,1,1,12876,0,735.0,PUMP,0,1,13035,3790,3792.5,INJECTOR,1,1,13215,0,197.5,SERVO,1,1,13029,0,0.0,ADD 1,0,1,13040,0,0.0,ADD 2,0,1,13007,0,0.0,ADD 3,0,1,13051,0,0.0,ADD 4,0,1,13024,0,0.0,ADD 5,0,0,0,0,0.0,ADD 6,0,1,13029,0,0.0,ADD 7,0,0,0,0,0.0,EGT2CAN,0,1,13106,0,0.0
1778951623.2814393,4875.0,13308,-44.0,1,-,0,0,0,0,0.0,-,0,0,0,0,0.0,ECU,0,1,12931,190,150.0,FAN1,0,0,0,0,0.0,COILS,1,1,12876,0,735.0,PUMP,0,1,13035,3790,3792.5,INJECTOR,1,1,13215,0,197.5,SERVO,1,1,13029,0,0.0,ADD 1,0,1,13040,0,0.0,ADD 2,0,1,13007,0,0.0,ADD 3,0,1,13051,0,0.0,ADD 4,0,1,13024,0,0.0,ADD 5,0,0,0,0,0.0,ADD 6,0,1,13029,0,0.0,ADD 7,0,0,0,0,0.0,EGT2CAN,0,1,13106,0,0.0
1778951623.34394,4875.0,13308,-44.0,1,-,0,0,0,0,0.0,-,0,0,0,0,0.0,ECU,0,1,12931,190,150.0,FAN1,0,0,0,0,0.0,COILS,1,1,12876,0,735.0,PUMP,0,1,13035,3790,3792.5,INJECTOR,1,1,13215,0,197.5,SERVO,1,1,13029,0,0.0,ADD 1,0,1,13040,0,0.0,ADD 2,0,1,13007,0,0.0,ADD 3,0,1,13051,0,0.0,ADD 4,0,1,13024,0,0.0,ADD 5,0,0,0,0,0.0,ADD 6,0,1,13029,0,0.0,ADD 7,0,0,0,0,0.0,EGT2CAN,0,1,13106,0,0.0
1778951623.398077,4875.0,13308,-44.0,1,-,0,0,0,0,0.0,-,0,0,0,0,0.0,ECU,0,1,12931,190,150.0,FAN1,0,0,0,0,0.0,COILS,1,1,12876,0,735.0,PUMP,0,1,13035,3790,3792.5,INJECTOR,1,1,13215,0,197.5,SERVO,1,1,13029,0,0.0,ADD 1,0,1,13040,0,0.0,ADD 2,0,1,13007,0,0.0,ADD 3,0,1,13051,0,0.0,ADD 4,0,1,13024,0,0.0,ADD 5,0,0,0,0,0.0,ADD 6,0,1,13029,0,0.0,ADD 7,0,0,0,0,0.0,EGT2CAN,0,1,13106,0,0.0
1778951623.4571192,4875.0,13308,-44.0,1,-,0,0,0,0,0.0,-,0,0,0,0,0.0,ECU,0,1,12931,190,150.0,FAN1,0,0,0,0,0.0,COILS,1,1,12876,0,735.0,PUMP,0,1,13035,3790,3792.5,INJECTOR,1,1,13215,0,197.5,SERVO,1,1,13029,0,0.0,ADD 1,0,1,13040,0,0.0,ADD 2,0,1,13007,0,0.0,ADD 3,0,1,13051,0,0.0,ADD 4,0,1,13024,0,0.0,ADD 5,0,0,0,0,0.0,ADD 6,0,1,13029,0,0.0,ADD 7,0,0,0,0,0.0,EGT2CAN,0,1,13106,0,0.0
1778951623.5083427,4875.0,13308,-44.0,1,-,0,0,0,0,0.0,-,0,0,0,0,0.0,ECU,0,1,12931,190,150.0,FAN1,0,0,0,0,0.0,COILS,1,1,12876,0,735.0,PUMP,0,1,13035,3790,3792.5,INJECTOR,1,1,13215,0,197.5,SERVO,1,1,13029,0,0.0,ADD 1,0,1,13040,0,0.0,ADD 2,0,1,13007,0,0.0,ADD 3,0,1,13051,0,0.0,ADD 4,0,1,13024,0,0.0,ADD 5,0,0,0,0,0.0,ADD 6,0,1,13029,0,0.0,ADD 7,0,0,0,0,0.0,EGT2CAN,0,1,13106,0,0.0
1778951623.559413,4875.0,13308,-44.0,1,-,0,0,0,0,0.0,-,0,0,0,0,0.0,ECU,0,1,12931,190,150.0,FAN1,0,0,0,0,0.0,COILS,1,1,12876,0,735.0,PUMP,0,1,13035,3790,3792.5,INJECTOR,1,1,13215,0,197.5,SERVO,1,1,13029,0,0.0,ADD 1,0,1,13040,0,0.0,ADD 2,0,1,13007,0,0.0,ADD 3,0,1,13051,0,0.0,ADD 4,0,1,13024,0,0.0,ADD 5,0,0,0,0,0.0,ADD 6,0,1,13029,0,0.0,ADD 7,0,0,0,0,0.0,EGT2CAN,0,1,13106,0,0.0
1778951623.6305277,4875.0,13308,-44.0,1,-,0,0,0,0,0.0,-,0,0,0,0,0.0,ECU,0,1,12931,190,150.0,FAN1,0,0,0,0,0.0,COILS,1,1,12876,0,735.0,PUMP,0,1,13035,3790,3792.5,INJECTOR,1,1,13215,0,197.5,SERVO,1,1,13029,0,0.0,ADD 1,0,1,13040,0,0.0,ADD 2,0,1,13007,0,0.0,ADD 3,0,1,13051,0,0.0,ADD 4,0,1,13024,0,0.0,ADD 5,0,0,0,0,0.0,ADD 6,0,1,13029,0,0.0,ADD 7,0,0,0,0,0.0,EGT2CAN,0,1,13106,0,0.0
1778951623.682086,4875.0,13308,-44.0,1,-,0,0,0,0,0.0,-,0,0,0,0,0.0,ECU,0,1,12931,190,150.0,FAN1,0,0,0,0,0.0,COILS,1,1,12876,0,735.0,PUMP,0,1,13035,3790,3792.5,INJECTOR,1,1,13215,0,197.5,SERVO,1,1,13029,0,0.0,ADD 1,0,1,13040,0,0.0,ADD 2,0,1,13007,0,0.0,ADD 3,0,1,13051,0,0.0,ADD 4,0,1,13024,0,0.0,ADD 5,0,0,0,0,0.0,ADD 6,0,1,13029,0,0.0,ADD 7,0,0,0,0,0.0,EGT2CAN,0,1,13106,0,0.0
1778951623.7379148,4875.0,13308,-44.0,1,-,0,0,0,0,0.0,-,0,0,0,0,0.0,ECU,0,1,12931,190,150.0,FAN1,0,0,0,0,0.0,COILS,1,1,12876,0,735.0,PUMP,0,1,13035,3790,3792.5,INJECTOR,1,1,13215,0,197.5,SERVO,1,1,13029,0,0.0,ADD 1,0,1,13040,0,0.0,ADD 2,0,1,13007,0,0.0,ADD 3,0,1,13051,0,0.0,ADD 4,0,1,13024,0,0.0,ADD 5,0,0,0,0,0.0,ADD 6,0,1,13029,0,0.0,ADD 7,0,0,0,0,0.0,EGT2CAN,0,1,13106,0,0.0
1778951623.7887108,4875.0,13308,-44.0,1,-,0,0,0,0,0.0,-,0,0,0,0,0.0,ECU,0,1,12931,190,150.0,FAN1,0,0,0,0,0.0,COILS,1,1,12876,0,735.0,PUMP,0,1,13035,3790,3792.5,INJECTOR,1,1,13215,0,197.5,SERVO,1,1,13029,0,0.0,ADD 1,0,1,13040,0,0.0,ADD 2,0,1,13007,0,0.0,ADD 3,0,1,13051,0,0.0,ADD 4,0,1,13024,0,0.0,ADD 5,0,0,0,0,0.0,ADD 6,0,1,13029,0,0.0,ADD 7,0,0,0,0,0.0,EGT2CAN,0,1,13106,0,0.0
1778951623.8443112,4875.0,13308,-44.0,1,-,0,0,0,0,0.0,-,0,0,0,0,0.0,ECU,0,1,12931,190,150.0,FAN1,0,0,0,0,0.0,COILS,1,1,12876,0,735.0,PUMP,0,1,13035,3790,3792.5,INJECTOR,1,1,13215,0,197.5,SERVO,1,1,13029,0,0.0,ADD 1,0,1,13040,0,0.0,ADD 2,0,1,13007,0,0.0,ADD 3,0,1,13051,0,0.0,ADD 4,0,1,13024,0,0.0,ADD 5,0,0,0,0,0.0,ADD 6,0,1,13029,0,0.0,ADD 7,0,0,0,0,0.0,EGT2CAN,0,1,13106,0,0.0
1778951623.9092736,4875.0,13308,-44.0,1,-,0,0,0,0,0.0,-,0,0,0,0,0.0,ECU,0,1,12931,190,150.0,FAN1,0,0,0,0,0.0,COILS,1,1,12876,0,735.0,PUMP,0,1,13035,3790,3792.5,INJECTOR,1,1,13215,0,197.5,SERVO,1,1,13029,0,0.0,ADD 1,0,1,13040,0,0.0,ADD 2,0,1,13007,0,0.0,ADD 3,0,1,13051,0,0.0,ADD 4,0,1,13024,0,0.0,ADD 5,0,0,0,0,0.0,ADD 6,0,1,13029,0,0.0,ADD 7,0,0,0,0,0.0,EGT2CAN,0,1,13106,0,0.0
1778951623.960319,4875.0,13308,-44.0,1,-,0,0,0,0,0.0,-,0,0,0,0,0.0,ECU,0,1,12931,190,150.0,FAN1,0,0,0,0,0.0,COILS,1,1,12876,0,735.0,PUMP,0,1,13035,3790,3792.5,INJECTOR,1,1,13215,0,197.5,SERVO,1,1,13029,0,0.0,ADD 1,0,1,13040,0,0.0,ADD 2,0,1,13007,0,0.0,ADD 3,0,1,13051,0,0.0,ADD 4,0,1,13024,0,0.0,ADD 5,0,0,0,0,0.0,ADD 6,0,1,13029,0,0.0,ADD 7,0,0,0,0,0.0,EGT2CAN,0,1,13106,0,0.0
1778951624.0113976,4875.0,13308,-44.0,1,-,0,0,0,0,0.0,-,0,0,0,0,0.0,ECU,0,1,12931,190,150.0,FAN1,0,0,0,0,0.0,COILS,1,1,12876,0,735.0,PUMP,0,1,13035,3790,3792.5,INJECTOR,1,1,13215,0,197.5,SERVO,1,1,13029,0,0.0,ADD 1,0,1,13040,0,0.0,ADD 2,0,1,13007,0,0.0,ADD 3,0,1,13051,0,0.0,ADD 4,0,1,13024,0,0.0,ADD 5,0,0,0,0,0.0,ADD 6,0,1,13029,0,0.0,ADD 7,0,0,0,0,0.0,EGT2CAN,0,1,13106,0,0.0
1778951624.0622425,4875.0,13308,-44.0,1,-,0,0,0,0,0.0,-,0,0,0,0,0.0,ECU,0,1,12931,190,150.0,FAN1,0,0,0,0,0.0,COILS,1,1,12876,0,735.0,PUMP,0,1,13035,3790,3792.5,INJECTOR,1,1,13215,0,197.5,SERVO,1,1,13029,0,0.0,ADD 1,0,1,13040,0,0.0,ADD 2,0,1,13007,0,0.0,ADD 3,0,1,13051,0,0.0,ADD 4,0,1,13024,0,0.0,ADD 5,0,0,0,0,0.0,ADD 6,0,1,13029,0,0.0,ADD 7,0,0,0,0,0.0,EGT2CAN,0,1,13106,0,0.0
1778951624.1176054,4875.0,13308,-44.0,1,-,0,0,0,0,0.0,-,0,0,0,0,0.0,ECU,0,1,12931,190,150.0,FAN1,0,0,0,0,0.0,COILS,1,1,12876,0,735.0,PUMP,0,1,13035,3790,3792.5,INJECTOR,1,1,13215,0,197.5,SERVO,1,1,13029,0,0.0,ADD 1,0,1,13040,0,0.0,ADD 2,0,1,13007,0,0.0,ADD 3,0,1,13051,0,0.0,ADD 4,0,1,13024,0,0.0,ADD 5,0,0,0,0,0.0,ADD 6,0,1,13029,0,0.0,ADD 7,0,0,0,0,0.0,EGT2CAN,0,1,13106,0,0.0
1778951624.1689425,4875.0,13308,-44.0,1,-,0,0,0,0,0.0,-,0,0,0,0,0.0,ECU,0,1,12931,190,150.0,FAN1,0,0,0,0,0.0,COILS,1,1,12876,0,735.0,PUMP,0,1,13035,3790,3792.5,INJECTOR,1,1,13215,0,197.5,SERVO,1,1,13029,0,0.0,ADD 1,0,1,13040,0,0.0,ADD 2,0,1,13007,0,0.0,ADD 3,0,1,13051,0,0.0,ADD 4,0,1,13024,0,0.0,ADD 5,0,0,0,0,0.0,ADD 6,0,1,13029,0,0.0,ADD 7,0,0,0,0,0.0,EGT2CAN,0,1,13106,0,0.0
1778951624.2268937,4875.0,13308,-44.0,1,-,0,0,0,0,0.0,-,0,0,0,0,0.0,ECU,0,1,12931,190,150.0,FAN1,0,0,0,0,0.0,COILS,1,1,12876,0,735.0,PUMP,0,1,13035,3790,3792.5,INJECTOR,1,1,13215,0,197.5,SERVO,1,1,13029,0,0.0,ADD 1,0,1,13040,0,0.0,ADD 2,0,1,13007,0,0.0,ADD 3,0,1,13051,0,0.0,ADD 4,0,1,13024,0,0.0,ADD 5,0,0,0,0,0.0,ADD 6,0,1,13029,0,0.0,ADD 7,0,0,0,0,0.0,EGT2CAN,0,1,13106,0,0.0
1778951624.2890909,4875.0,13308,-44.0,1,-,0,0,0,0,0.0,-,0,0,0,0,0.0,ECU,0,1,12931,190,150.0,FAN1,0,0,0,0,0.0,COILS,1,1,12876,0,735.0,PUMP,0,1,13035,3790,3792.5,INJECTOR,1,1,13215,0,197.5,SERVO,1,1,13029,0,0.0,ADD 1,0,1,13040,0,0.0,ADD 2,0,1,13007,0,0.0,ADD 3,0,1,13051,0,0.0,ADD 4,0,1,13024,0,0.0,ADD 5,0,0,0,0,0.0,ADD 6,0,1,13029,0,0.0,ADD 7,0,0,0,0,0.0,EGT2CAN,0,1,13106,0,0.0
1778951624.3404434,4875.0,13308,-44.0,1,-,0,0,0,0,0.0,-,0,0,0,0,0.0,ECU,0,1,12931,190,150.0,FAN1,0,0,0,0,0.0,COILS,1,1,12876,0,735.0,PUMP,0,1,13035,3790,3792.5,INJECTOR,1,1,13215,0,197.5,SERVO,1,1,13029,0,0.0,ADD 1,0,1,13040,0,0.0,ADD 2,0,1,13007,0,0.0,ADD 3,0,1,13051,0,0.0,ADD 4,0,1,13024,0,0.0,ADD 5,0,0,0,0,0.0,ADD 6,0,1,13029,0,0.0,ADD 7,0,0,0,0,0.0,EGT2CAN,0,1,13106,0,0.0
1778951624.3997755,4875.0,13308,-44.0,1,-,0,0,0,0,0.0,-,0,0,0,0,0.0,ECU,0,1,12931,190,150.0,FAN1,0,0,0,0,0.0,COILS,1,1,12876,0,735.0,PUMP,0,1,13035,3790,3792.5,INJECTOR,1,1,13215,0,197.5,SERVO,1,1,13029,0,0.0,ADD 1,0,1,13040,0,0.0,ADD 2,0,1,13007,0,0.0,ADD 3,0,1,13051,0,0.0,ADD 4,0,1,13024,0,0.0,ADD 5,0,0,0,0,0.0,ADD 6,0,1,13029,0,0.0,ADD 7,0,0,0,0,0.0,EGT2CAN,0,1,13106,0,0.0
1778951624.4507725,4875.0,13308,-44.0,1,-,0,0,0,0,0.0,-,0,0,0,0,0.0,ECU,0,1,12931,190,150.0,FAN1,0,0,0,0,0.0,COILS,1,1,12876,0,735.0,PUMP,0,1,13035,3790,3792.5,INJECTOR,1,1,13215,0,197.5,SERVO,1,1,13029,0,0.0,ADD 1,0,1,13040,0,0.0,ADD 2,0,1,13007,0,0.0,ADD 3,0,1,13051,0,0.0,ADD 4,0,1,13024,0,0.0,ADD 5,0,0,0,0,0.0,ADD 6,0,1,13029,0,0.0,ADD 7,0,0,0,0,0.0,EGT2CAN,0,1,13106,0,0.0
1778951624.5050874,4875.0,13308,-44.0,1,-,0,0,0,0,0.0,-,0,0,0,0,0.0,ECU,0,1,12931,190,150.0,FAN1,0,0,0,0,0.0,COILS,1,1,12876,0,735.0,PUMP,0,1,13035,3790,3792.5,INJECTOR,1,1,13215,0,197.5,SERVO,1,1,13029,0,0.0,ADD 1,0,1,13040,0,0.0,ADD 2,0,1,13007,0,0.0,ADD 3,0,1,13051,0,0.0,ADD 4,0,1,13024,0,0.0,ADD 5,0,0,0,0,0.0,ADD 6,0,1,13029,0,0.0,ADD 7,0,0,0,0,0.0,EGT2CAN,0,1,13106,0,0.0
1778951624.5557847,4875.0,13308,-44.0,1,-,0,0,0,0,0.0,-,0,0,0,0,0.0,ECU,0,1,12931,190,150.0,FAN1,0,0,0,0,0.0,COILS,1,1,12876,0,735.0,PUMP,0,1,13035,3790,3792.5,INJECTOR,1,1,13215,0,197.5,SERVO,1,1,13029,0,0.0,ADD 1,0,1,13040,0,0.0,ADD 2,0,1,13007,0,0.0,ADD 3,0,1,13051,0,0.0,ADD 4,0,1,13024,0,0.0,ADD 5,0,0,0,0,0.0,ADD 6,0,1,13029,0,0.0,ADD 7,0,0,0,0,0.0,EGT2CAN,0,1,13106,0,0.0
1778951624.612015,4875.0,13308,-44.0,1,-,0,0,0,0,0.0,-,0,0,0,0,0.0,ECU,0,1,12931,190,150.0,FAN1,0,0,0,0,0.0,COILS,1,1,12876,0,735.0,PUMP,0,1,13035,3790,3792.5,INJECTOR,1,1,13215,0,197.5,SERVO,1,1,13029,0,0.0,ADD 1,0,1,13040,0,0.0,ADD 2,0,1,13007,0,0.0,ADD 3,0,1,13051,0,0.0,ADD 4,0,1,13024,0,0.0,ADD 5,0,0,0,0,0.0,ADD 6,0,1,13029,0,0.0,ADD 7,0,0,0,0,0.0,EGT2CAN,0,1,13106,0,0.0
1778951624.6651356,4875.0,13308,-44.0,1,-,0,0,0,0,0.0,-,0,0,0,0,0.0,ECU,0,1,12931,190,150.0,FAN1,0,0,0,0,0.0,COILS,1,1,12876,0,735.0,PUMP,0,1,13035,3790,3792.5,INJECTOR,1,1,13215,0,197.5,SERVO,1,1,13029,0,0.0,ADD 1,0,1,13040,0,0.0,ADD 2,0,1,13007,0,0.0,ADD 3,0,1,13051,0,0.0,ADD 4,0,1,13024,0,0.0,ADD 5,0,0,0,0,0.0,ADD 6,0,1,13029,0,0.0,ADD 7,0,0,0,0,0.0,EGT2CAN,0,1,13106,0,0.0
1778951624.7237298,4875.0,13308,-44.0,1,-,0,0,0,0,0.0,-,0,0,0,0,0.0,ECU,0,1,12931,190,150.0,FAN1,0,0,0,0,0.0,COILS,1,1,12876,0,735.0,PUMP,0,1,13035,3790,3792.5,INJECTOR,1,1,13215,0,197.5,SERVO,1,1,13029,0,0.0,ADD 1,0,1,13040,0,0.0,ADD 2,0,1,13007,0,0.0,ADD 3,0,1,13051,0,0.0,ADD 4,0,1,13024,0,0.0,ADD 5,0,0,0,0,0.0,ADD 6,0,1,13029,0,0.0,ADD 7,0,0,0,0,0.0,EGT2CAN,0,1,13106,0,0.0
1778951624.785898,4875.0,13308,-44.0,1,-,0,0,0,0,0.0,-,0,0,0,0,0.0,ECU,0,1,12931,190,150.0,FAN1,0,0,0,0,0.0,COILS,1,1,12876,0,735.0,PUMP,0,1,13035,3790,3792.5,INJECTOR,1,1,13215,0,197.5,SERVO,1,1,13029,0,0.0,ADD 1,0,1,13040,0,0.0,ADD 2,0,1,13007,0,0.0,ADD 3,0,1,13051,0,0.0,ADD 4,0,1,13024,0,0.0,ADD 5,0,0,0,0,0.0,ADD 6,0,1,13029,0,0.0,ADD 7,0,0,0,0,0.0,EGT2CAN,0,1,13106,0,0.0
1778951624.8495808,4875.0,13308,-44.0,1,-,0,0,0,0,0.0,-,0,0,0,0,0.0,ECU,0,1,12931,190,150.0,FAN1,0,0,0,0,0.0,COILS,1,1,12876,0,735.0,PUMP,0,1,13035,3790,3792.5,INJECTOR,1,1,13215,0,197.5,SERVO,1,1,13029,0,0.0,ADD 1,0,1,13040,0,0.0,ADD 2,0,1,13007,0,0.0,ADD 3,0,1,13051,0,0.0,ADD 4,0,1,13024,0,0.0,ADD 5,0,0,0,0,0.0,ADD 6,0,1,13029,0,0.0,ADD 7,0,0,0,0,0.0,EGT2CAN,0,1,13106,0,0.0
1778951624.9116533,4875.0,13308,-44.0,1,-,0,0,0,0,0.0,-,0,0,0,0,0.0,ECU,0,1,12931,190,150.0,FAN1,0,0,0,0,0.0,COILS,1,1,12876,0,735.0,PUMP,0,1,13035,3790,3792.5,INJECTOR,1,1,13215,0,197.5,SERVO,1,1,13029,0,0.0,ADD 1,0,1,13040,0,0.0,ADD 2,0,1,13007,0,0.0,ADD 3,0,1,13051,0,0.0,ADD 4,0,1,13024,0,0.0,ADD 5,0,0,0,0,0.0,ADD 6,0,1,13029,0,0.0,ADD 7,0,0,0,0,0.0,EGT2CAN,0,1,13106,0,0.0
1778951624.9712393,4875.0,13308,-44.0,1,-,0,0,0,0,0.0,-,0,0,0,0,0.0,ECU,0,1,12931,190,150.0,FAN1,0,0,0,0,0.0,COILS,1,1,12876,0,735.0,PUMP,0,1,13035,3790,3792.5,INJECTOR,1,1,13215,0,197.5,SERVO,1,1,13029,0,0.0,ADD 1,0,1,13040,0,0.0,ADD 2,0,1,13007,0,0.0,ADD 3,0,1,13051,0,0.0,ADD 4,0,1,13024,0,0.0,ADD 5,0,0,0,0,0.0,ADD 6,0,1,13029,0,0.0,ADD 7,0,0,0,0,0.0,EGT2CAN,0,1,13106,0,0.0
1778951625.0332696,4875.0,13308,-44.0,1,-,0,0,0,0,0.0,-,0,0,0,0,0.0,ECU,0,1,12931,190,150.0,FAN1,0,0,0,0,0.0,COILS,1,1,12876,0,735.0,PUMP,0,1,13035,3790,3792.5,INJECTOR,1,1,13215,0,197.5,SERVO,1,1,13029,0,0.0,ADD 1,0,1,13040,0,0.0,ADD 2,0,1,13007,0,0.0,ADD 3,0,1,13051,0,0.0,ADD 4,0,1,13024,0,0.0,ADD 5,0,0,0,0,0.0,ADD 6,0,1,13029,0,0.0,ADD 7,0,0,0,0,0.0,EGT2CAN,0,1,13106,0,0.0
1778951625.0945902,4875.0,13308,-44.0,1,-,0,0,0,0,0.0,-,0,0,0,0,0.0,ECU,0,1,12931,190,150.0,FAN1,0,0,0,0,0.0,COILS,1,1,12876,0,735.0,PUMP,0,1,13035,3790,3792.5,INJECTOR,1,1,13215,0,197.5,SERVO,1,1,13029,0,0.0,ADD 1,0,1,13040,0,0.0,ADD 2,0,1,13007,0,0.0,ADD 3,0,1,13051,0,0.0,ADD 4,0,1,13024,0,0.0,ADD 5,0,0,0,0,0.0,ADD 6,0,1,13029,0,0.0,ADD 7,0,0,0,0,0.0,EGT2CAN,0,1,13106,0,0.0
1778951625.1464052,4875.0,13308,-44.0,1,-,0,0,0,0,0.0,-,0,0,0,0,0.0,ECU,0,1,12931,190,150.0,FAN1,0,0,0,0,0.0,COILS,1,1,12876,0,735.0,PUMP,0,1,13035,3790,3792.5,INJECTOR,1,1,13215,0,197.5,SERVO,1,1,13029,0,0.0,ADD 1,0,1,13040,0,0.0,ADD 2,0,1,13007,0,0.0,ADD 3,0,1,13051,0,0.0,ADD 4,0,1,13024,0,0.0,ADD 5,0,0,0,0,0.0,ADD 6,0,1,13029,0,0.0,ADD 7,0,0,0,0,0.0,EGT2CAN,0,1,13106,0,0.0
1778951625.216014,4875.0,13308,-44.0,1,-,0,0,0,0,0.0,-,0,0,0,0,0.0,ECU,0,1,12931,190,150.0,FAN1,0,0,0,0,0.0,COILS,1,1,12876,0,735.0,PUMP,0,1,13035,3790,3792.5,INJECTOR,1,1,13215,0,197.5,SERVO,1,1,13029,0,0.0,ADD 1,0,1,13040,0,0.0,ADD 2,0,1,13007,0,0.0,ADD 3,0,1,13051,0,0.0,ADD 4,0,1,13024,0,0.0,ADD 5,0,0,0,0,0.0,ADD 6,0,1,13029,0,0.0,ADD 7,0,0,0,0,0.0,EGT2CAN,0,1,13106,0,0.0
1778951625.2731051,4875.0,13308,-44.0,1,-,0,0,0,0,0.0,-,0,0,0,0,0.0,ECU,0,1,12931,190,150.0,FAN1,0,0,0,0,0.0,COILS,1,1,12876,0,735.0,PUMP,0,1,13035,3790,3792.5,INJECTOR,1,1,13215,0,197.5,SERVO,1,1,13029,0,0.0,ADD 1,0,1,13040,0,0.0,ADD 2,0,1,13007,0,0.0,ADD 3,0,1,13051,0,0.0,ADD 4,0,1,13024,0,0.0,ADD 5,0,0,0,0,0.0,ADD 6,0,1,13029,0,0.0,ADD 7,0,0,0,0,0.0,EGT2CAN,0,1,13106,0,0.0
1778951625.3422172,4875.0,13308,-44.0,1,-,0,0,0,0,0.0,-,0,0,0,0,0.0,ECU,0,1,12931,190,150.0,FAN1,0,0,0,0,0.0,COILS,1,1,12876,0,735.0,PUMP,0,1,13035,3790,3792.5,INJECTOR,1,1,13215,0,197.5,SERVO,1,1,13029,0,0.0,ADD 1,0,1,13040,0,0.0,ADD 2,0,1,13007,0,0.0,ADD 3,0,1,13051,0,0.0,ADD 4,0,1,13024,0,0.0,ADD 5,0,0,0,0,0.0,ADD 6,0,1,13029,0,0.0,ADD 7,0,0,0,0,0.0,EGT2CAN,0,1,13106,0,0.0
1778951625.4000845,4875.0,13308,-44.0,1,-,0,0,0,0,0.0,-,0,0,0,0,0.0,ECU,0,1,12931,190,150.0,FAN1,0,0,0,0,0.0,COILS,1,1,12876,0,735.0,PUMP,0,1,13035,3790,3792.5,INJECTOR,1,1,13215,0,197.5,SERVO,1,1,13029,0,0.0,ADD 1,0,1,13040,0,0.0,ADD 2,0,1,13007,0,0.0,ADD 3,0,1,13051,0,0.0,ADD 4,0,1,13024,0,0.0,ADD 5,0,0,0,0,0.0,ADD 6,0,1,13029,0,0.0,ADD 7,0,0,0,0,0.0,EGT2CAN,0,1,13106,0,0.0
1778951625.4642391,4875.0,13308,-44.0,1,-,0,0,0,0,0.0,-,0,0,0,0,0.0,ECU,0,1,12931,190,150.0,FAN1,0,0,0,0,0.0,COILS,1,1,12876,0,735.0,PUMP,0,1,13035,3790,3792.5,INJECTOR,1,1,13215,0,197.5,SERVO,1,1,13029,0,0.0,ADD 1,0,1,13040,0,0.0,ADD 2,0,1,13007,0,0.0,ADD 3,0,1,13051,0,0.0,ADD 4,0,1,13024,0,0.0,ADD 5,0,0,0,0,0.0,ADD 6,0,1,13029,0,0.0,ADD 7,0,0,0,0,0.0,EGT2CAN,0,1,13106,0,0.0
1778951625.5149152,4875.0,13308,-44.0,1,-,0,0,0,0,0.0,-,0,0,0,0,0.0,ECU,0,1,12931,190,150.0,FAN1,0,0,0,0,0.0,COILS,1,1,12876,0,735.0,PUMP,0,1,13035,3790,3792.5,INJECTOR,1,1,13215,0,197.5,SERVO,1,1,13029,0,0.0,ADD 1,0,1,13040,0,0.0,ADD 2,0,1,13007,0,0.0,ADD 3,0,1,13051,0,0.0,ADD 4,0,1,13024,0,0.0,ADD 5,0,0,0,0,0.0,ADD 6,0,1,13029,0,0.0,ADD 7,0,0,0,0,0.0,EGT2CAN,0,1,13106,0,0.0
1778951625.5682507,4875.0,13308,-44.0,1,-,0,0,0,0,0.0,-,0,0,0,0,0.0,ECU,0,1,12931,190,150.0,FAN1,0,0,0,0,0.0,COILS,1,1,12876,0,735.0,PUMP,0,1,13035,3790,3792.5,INJECTOR,1,1,13215,0,197.5,SERVO,1,1,13029,0,0.0,ADD 1,0,1,13040,0,0.0,ADD 2,0,1,13007,0,0.0,ADD 3,0,1,13051,0,0.0,ADD 4,0,1,13024,0,0.0,ADD 5,0,0,0,0,0.0,ADD 6,0,1,13029,0,0.0,ADD 7,0,0,0,0,0.0,EGT2CAN,0,1,13106,0,0.0
1778951625.6268556,4875.0,13308,-44.0,1,-,0,0,0,0,0.0,-,0,0,0,0,0.0,ECU,0,1,12931,190,150.0,FAN1,0,0,0,0,0.0,COILS,1,1,12876,0,735.0,PUMP,0,1,13035,3790,3792.5,INJECTOR,1,1,13215,0,197.5,SERVO,1,1,13029,0,0.0,ADD 1,0,1,13040,0,0.0,ADD 2,0,1,13007,0,0.0,ADD 3,0,1,13051,0,0.0,ADD 4,0,1,13024,0,0.0,ADD 5,0,0,0,0,0.0,ADD 6,0,1,13029,0,0.0,ADD 7,0,0,0,0,0.0,EGT2CAN,0,1,13106,0,0.0
1778951625.6809049,4875.0,13308,-44.0,1,-,0,0,0,0,0.0,-,0,0,0,0,0.0,ECU,0,1,12931,190,150.0,FAN1,0,0,0,0,0.0,COILS,1,1,12876,0,735.0,PUMP,0,1,13035,3790,3792.5,INJECTOR,1,1,13215,0,197.5,SERVO,1,1,13029,0,0.0,ADD 1,0,1,13040,0,0.0,ADD 2,0,1,13007,0,0.0,ADD 3,0,1,13051,0,0.0,ADD 4,0,1,13024,0,0.0,ADD 5,0,0,0,0,0.0,ADD 6,0,1,13029,0,0.0,ADD 7,0,0,0,0,0.0,EGT2CAN,0,1,13106,0,0.0
1778951625.7334807,4875.0,13308,-44.0,1,-,0,0,0,0,0.0,-,0,0,0,0,0.0,ECU,0,1,12931,190,150.0,FAN1,0,0,0,0,0.0,COILS,1,1,12876,0,735.0,PUMP,0,1,13035,3790,3792.5,INJECTOR,1,1,13215,0,197.5,SERVO,1,1,13029,0,0.0,ADD 1,0,1,13040,0,0.0,ADD 2,0,1,13007,0,0.0,ADD 3,0,1,13051,0,0.0,ADD 4,0,1,13024,0,0.0,ADD 5,0,0,0,0,0.0,ADD 6,0,1,13029,0,0.0,ADD 7,0,0,0,0,0.0,EGT2CAN,0,1,13106,0,0.0
1778951625.7848287,4875.0,13308,-44.0,1,-,0,0,0,0,0.0,-,0,0,0,0,0.0,ECU,0,1,12931,190,150.0,FAN1,0,0,0,0,0.0,COILS,1,1,12876,0,735.0,PUMP,0,1,13035,3790,3792.5,INJECTOR,1,1,13215,0,197.5,SERVO,1,1,13029,0,0.0,ADD 1,0,1,13040,0,0.0,ADD 2,0,1,13007,0,0.0,ADD 3,0,1,13051,0,0.0,ADD 4,0,1,13024,0,0.0,ADD 5,0,0,0,0,0.0,ADD 6,0,1,13029,0,0.0,ADD 7,0,0,0,0,0.0,EGT2CAN,0,1,13106,0,0.0
1778951625.836769,4875.0,13308,-44.0,1,-,0,0,0,0,0.0,-,0,0,0,0,0.0,ECU,0,1,12931,190,150.0,FAN1,0,0,0,0,0.0,COILS,1,1,12876,0,735.0,PUMP,0,1,13035,3790,3792.5,INJECTOR,1,1,13215,0,197.5,SERVO,1,1,13029,0,0.0,ADD 1,0,1,13040,0,0.0,ADD 2,0,1,13007,0,0.0,ADD 3,0,1,13051,0,0.0,ADD 4,0,1,13024,0,0.0,ADD 5,0,0,0,0,0.0,ADD 6,0,1,13029,0,0.0,ADD 7,0,0,0,0,0.0,EGT2CAN,0,1,13106,0,0.0
1778951625.887704,4875.0,13308,-44.0,1,-,0,0,0,0,0.0,-,0,0,0,0,0.0,ECU,0,1,12931,190,150.0,FAN1,0,0,0,0,0.0,COILS,1,1,12876,0,735.0,PUMP,0,1,13035,3790,3792.5,INJECTOR,1,1,13215,0,197.5,SERVO,1,1,13029,0,0.0,ADD 1,0,1,13040,0,0.0,ADD 2,0,1,13007,0,0.0,ADD 3,0,1,13051,0,0.0,ADD 4,0,1,13024,0,0.0,ADD 5,0,0,0,0,0.0,ADD 6,0,1,13029,0,0.0,ADD 7,0,0,0,0,0.0,EGT2CAN,0,1,13106,0,0.0
1778951625.9439712,4875.0,13308,-44.0,1,-,0,0,0,0,0.0,-,0,0,0,0,0.0,ECU,0,1,12931,190,150.0,FAN1,0,0,0,0,0.0,COILS,1,1,12876,0,735.0,PUMP,0,1,13035,3790,3792.5,INJECTOR,1,1,13215,0,197.5,SERVO,1,1,13029,0,0.0,ADD 1,0,1,13040,0,0.0,ADD 2,0,1,13007,0,0.0,ADD 3,0,1,13051,0,0.0,ADD 4,0,1,13024,0,0.0,ADD 5,0,0,0,0,0.0,ADD 6,0,1,13029,0,0.0,ADD 7,0,0,0,0,0.0,EGT2CAN,0,1,13106,0,0.0
1778951625.99466,4875.0,13308,-44.0,1,-,0,0,0,0,0.0,-,0,0,0,0,0.0,ECU,0,1,12931,190,150.0,FAN1,0,0,0,0,0.0,COILS,1,1,12876,0,735.0,PUMP,0,1,13035,3790,3792.5,INJECTOR,1,1,13215,0,197.5,SERVO,1,1,13029,0,0.0,ADD 1,0,1,13040,0,0.0,ADD 2,0,1,13007,0,0.0,ADD 3,0,1,13051,0,0.0,ADD 4,0,1,13024,0,0.0,ADD 5,0,0,0,0,0.0,ADD 6,0,1,13029,0,0.0,ADD 7,0,0,0,0,0.0,EGT2CAN,0,1,13106,0,0.0
1778951626.0553954,4875.0,13308,-44.0,1,-,0,0,0,0,0.0,-,0,0,0,0,0.0,ECU,0,1,12931,190,150.0,FAN1,0,0,0,0,0.0,COILS,1,1,12876,0,735.0,PUMP,0,1,13035,3790,3792.5,INJECTOR,1,1,13215,0,197.5,SERVO,1,1,13029,0,0.0,ADD 1,0,1,13040,0,0.0,ADD 2,0,1,13007,0,0.0,ADD 3,0,1,13051,0,0.0,ADD 4,0,1,13024,0,0.0,ADD 5,0,0,0,0,0.0,ADD 6,0,1,13029,0,0.0,ADD 7,0,0,0,0,0.0,EGT2CAN,0,1,13106,0,0.0
1778951626.1056612,4875.0,13308,-44.0,1,-,0,0,0,0,0.0,-,0,0,0,0,0.0,ECU,0,1,12931,190,150.0,FAN1,0,0,0,0,0.0,COILS,1,1,12876,0,735.0,PUMP,0,1,13035,3790,3792.5,INJECTOR,1,1,13215,0,197.5,SERVO,1,1,13029,0,0.0,ADD 1,0,1,13040,0,0.0,ADD 2,0,1,13007,0,0.0,ADD 3,0,1,13051,0,0.0,ADD 4,0,1,13024,0,0.0,ADD 5,0,0,0,0,0.0,ADD 6,0,1,13029,0,0.0,ADD 7,0,0,0,0,0.0,EGT2CAN,0,1,13106,0,0.0
1778951626.1575656,4875.0,13308,-44.0,1,-,0,0,0,0,0.0,-,0,0,0,0,0.0,ECU,0,1,12931,190,150.0,FAN1,0,0,0,0,0.0,COILS,1,1,12876,0,735.0,PUMP,0,1,13035,3790,3792.5,INJECTOR,1,1,13215,0,197.5,SERVO,1,1,13029,0,0.0,ADD 1,0,1,13040,0,0.0,ADD 2,0,1,13007,0,0.0,ADD 3,0,1,13051,0,0.0,ADD 4,0,1,13024,0,0.0,ADD 5,0,0,0,0,0.0,ADD 6,0,1,13029,0,0.0,ADD 7,0,0,0,0,0.0,EGT2CAN,0,1,13106,0,0.0
1778951626.2084124,4875.0,13308,-44.0,1,-,0,0,0,0,0.0,-,0,0,0,0,0.0,ECU,0,1,12931,190,150.0,FAN1,0,0,0,0,0.0,COILS,1,1,12876,0,735.0,PUMP,0,1,13035,3790,3792.5,INJECTOR,1,1,13215,0,197.5,SERVO,1,1,13029,0,0.0,ADD 1,0,1,13040,0,0.0,ADD 2,0,1,13007,0,0.0,ADD 3,0,1,13051,0,0.0,ADD 4,0,1,13024,0,0.0,ADD 5,0,0,0,0,0.0,ADD 6,0,1,13029,0,0.0,ADD 7,0,0,0,0,0.0,EGT2CAN,0,1,13106,0,0.0
1778951626.262787,4875.0,13308,-44.0,1,-,0,0,0,0,0.0,-,0,0,0,0,0.0,ECU,0,1,12931,190,150.0,FAN1,0,0,0,0,0.0,COILS,1,1,12876,0,735.0,PUMP,0,1,13035,3790,3792.5,INJECTOR,1,1,13215,0,197.5,SERVO,1,1,13029,0,0.0,ADD 1,0,1,13040,0,0.0,ADD 2,0,1,13007,0,0.0,ADD 3,0,1,13051,0,0.0,ADD 4,0,1,13024,0,0.0,ADD 5,0,0,0,0,0.0,ADD 6,0,1,13029,0,0.0,ADD 7,0,0,0,0,0.0,EGT2CAN,0,1,13106,0,0.0
1778951626.3274388,4875.0,13308,-44.0,1,-,0,0,0,0,0.0,-,0,0,0,0,0.0,ECU,0,1,12931,190,150.0,FAN1,0,0,0,0,0.0,COILS,1,1,12876,0,735.0,PUMP,0,1,13035,3790,3792.5,INJECTOR,1,1,13215,0,197.5,SERVO,1,1,13029,0,0.0,ADD 1,0,1,13040,0,0.0,ADD 2,0,1,13007,0,0.0,ADD 3,0,1,13051,0,0.0,ADD 4,0,1,13024,0,0.0,ADD 5,0,0,0,0,0.0,ADD 6,0,1,13029,0,0.0,ADD 7,0,0,0,0,0.0,EGT2CAN,0,1,13106,0,0.0
1778951626.3782916,4875.0,13308,-44.0,1,-,0,0,0,0,0.0,-,0,0,0,0,0.0,ECU,0,1,12931,190,150.0,FAN1,0,0,0,0,0.0,COILS,1,1,12876,0,735.0,PUMP,0,1,13035,3790,3792.5,INJECTOR,1,1,13215,0,197.5,SERVO,1,1,13029,0,0.0,ADD 1,0,1,13040,0,0.0,ADD 2,0,1,13007,0,0.0,ADD 3,0,1,13051,0,0.0,ADD 4,0,1,13024,0,0.0,ADD 5,0,0,0,0,0.0,ADD 6,0,1,13029,0,0.0,ADD 7,0,0,0,0,0.0,EGT2CAN,0,1,13106,0,0.0
1778951626.429526,4875.0,13308,-44.0,1,-,0,0,0,0,0.0,-,0,0,0,0,0.0,ECU,0,1,12931,190,150.0,FAN1,0,0,0,0,0.0,COILS,1,1,12876,0,735.0,PUMP,0,1,13035,3790,3792.5,INJECTOR,1,1,13215,0,197.5,SERVO,1,1,13029,0,0.0,ADD 1,0,1,13040,0,0.0,ADD 2,0,1,13007,0,0.0,ADD 3,0,1,13051,0,0.0,ADD 4,0,1,13024,0,0.0,ADD 5,0,0,0,0,0.0,ADD 6,0,1,13029,0,0.0,ADD 7,0,0,0,0,0.0,EGT2CAN,0,1,13106,0,0.0
1778951626.4814787,4875.0,13308,-44.0,1,-,0,0,0,0,0.0,-,0,0,0,0,0.0,ECU,0,1,12931,190,150.0,FAN1,0,0,0,0,0.0,COILS,1,1,12876,0,735.0,PUMP,0,1,13035,3790,3792.5,INJECTOR,1,1,13215,0,197.5,SERVO,1,1,13029,0,0.0,ADD 1,0,1,13040,0,0.0,ADD 2,0,1,13007,0,0.0,ADD 3,0,1,13051,0,0.0,ADD 4,0,1,13024,0,0.0,ADD 5,0,0,0,0,0.0,ADD 6,0,1,13029,0,0.0,ADD 7,0,0,0,0,0.0,EGT2CAN,0,1,13106,0,0.0
1778951626.5318913,4875.0,13308,-44.0,1,-,0,0,0,0,0.0,-,0,0,0,0,0.0,ECU,0,1,12931,190,150.0,FAN1,0,0,0,0,0.0,COILS,1,1,12876,0,735.0,PUMP,0,1,13035,3790,3792.5,INJECTOR,1,1,13215,0,197.5,SERVO,1,1,13029,0,0.0,ADD 1,0,1,13040,0,0.0,ADD 2,0,1,13007,0,0.0,ADD 3,0,1,13051,0,0.0,ADD 4,0,1,13024,0,0.0,ADD 5,0,0,0,0,0.0,ADD 6,0,1,13029,0,0.0,ADD 7,0,0,0,0,0.0,EGT2CAN,0,1,13106,0,0.0
1778951626.5839844,4875.0,13308,-44.0,1,-,0,0,0,0,0.0,-,0,0,0,0,0.0,ECU,0,1,12931,190,150.0,FAN1,0,0,0,0,0.0,COILS,1,1,12876,0,735.0,PUMP,0,1,13035,3790,3792.5,INJECTOR,1,1,13215,0,197.5,SERVO,1,1,13029,0,0.0,ADD 1,0,1,13040,0,0.0,ADD 2,0,1,13007,0,0.0,ADD 3,0,1,13051,0,0.0,ADD 4,0,1,13024,0,0.0,ADD 5,0,0,0,0,0.0,ADD 6,0,1,13029,0,0.0,ADD 7,0,0,0,0,0.0,EGT2CAN,0,1,13106,0,0.0
1778951626.63668,4875.0,13308,-44.0,1,-,0,0,0,0,0.0,-,0,0,0,0,0.0,ECU,0,1,12931,190,150.0,FAN1,0,0,0,0,0.0,COILS,1,1,12876,0,735.0,PUMP,0,1,13035,3790,3792.5,INJECTOR,1,1,13215,0,197.5,SERVO,1,1,13029,0,0.0,ADD 1,0,1,13040,0,0.0,ADD 2,0,1,13007,0,0.0,ADD 3,0,1,13051,0,0.0,ADD 4,0,1,13024,0,0.0,ADD 5,0,0,0,0,0.0,ADD 6,0,1,13029,0,0.0,ADD 7,0,0,0,0,0.0,EGT2CAN,0,1,13106,0,0.0
1778951626.692235,4875.0,13308,-44.0,1,-,0,0,0,0,0.0,-,0,0,0,0,0.0,ECU,0,1,12931,190,150.0,FAN1,0,0,0,0,0.0,COILS,1,1,12876,0,735.0,PUMP,0,1,13035,3790,3792.5,INJECTOR,1,1,13215,0,197.5,SERVO,1,1,13029,0,0.0,ADD 1,0,1,13040,0,0.0,ADD 2,0,1,13007,0,0.0,ADD 3,0,1,13051,0,0.0,ADD 4,0,1,13024,0,0.0,ADD 5,0,0,0,0,0.0,ADD 6,0,1,13029,0,0.0,ADD 7,0,0,0,0,0.0,EGT2CAN,0,1,13106,0,0.0
1778951626.7452083,4875.0,13308,-44.0,1,-,0,0,0,0,0.0,-,0,0,0,0,0.0,ECU,0,1,12931,190,150.0,FAN1,0,0,0,0,0.0,COILS,1,1,12876,0,735.0,PUMP,0,1,13035,3790,3792.5,INJECTOR,1,1,13215,0,197.5,SERVO,1,1,13029,0,0.0,ADD 1,0,1,13040,0,0.0,ADD 2,0,1,13007,0,0.0,ADD 3,0,1,13051,0,0.0,ADD 4,0,1,13024,0,0.0,ADD 5,0,0,0,0,0.0,ADD 6,0,1,13029,0,0.0,ADD 7,0,0,0,0,0.0,EGT2CAN,0,1,13106,0,0.0
1778951626.8064022,4875.0,13308,-44.0,1,-,0,0,0,0,0.0,-,0,0,0,0,0.0,ECU,0,1,12931,190,150.0,FAN1,0,0,0,0,0.0,COILS,1,1,12876,0,735.0,PUMP,0,1,13035,3790,3792.5,INJECTOR,1,1,13215,0,197.5,SERVO,1,1,13029,0,0.0,ADD 1,0,1,13040,0,0.0,ADD 2,0,1,13007,0,0.0,ADD 3,0,1,13051,0,0.0,ADD 4,0,1,13024,0,0.0,ADD 5,0,0,0,0,0.0,ADD 6,0,1,13029,0,0.0,ADD 7,0,0,0,0,0.0,EGT2CAN,0,1,13106,0,0.0
1778951626.8569574,4875.0,13308,-44.0,1,-,0,0,0,0,0.0,-,0,0,0,0,0.0,ECU,0,1,12931,190,150.0,FAN1,0,0,0,0,0.0,COILS,1,1,12876,0,735.0,PUMP,0,1,13035,3790,3792.5,INJECTOR,1,1,13215,0,197.5,SERVO,1,1,13029,0,0.0,ADD 1,0,1,13040,0,0.0,ADD 2,0,1,13007,0,0.0,ADD 3,0,1,13051,0,0.0,ADD 4,0,1,13024,0,0.0,ADD 5,0,0,0,0,0.0,ADD 6,0,1,13029,0,0.0,ADD 7,0,0,0,0,0.0,EGT2CAN,0,1,13106,0,0.0
1778951626.908135,4875.0,13308,-44.0,1,-,0,0,0,0,0.0,-,0,0,0,0,0.0,ECU,0,1,12931,190,150.0,FAN1,0,0,0,0,0.0,COILS,1,1,12876,0,735.0,PUMP,0,1,13035,3790,3792.5,INJECTOR,1,1,13215,0,197.5,SERVO,1,1,13029,0,0.0,ADD 1,0,1,13040,0,0.0,ADD 2,0,1,13007,0,0.0,ADD 3,0,1,13051,0,0.0,ADD 4,0,1,13024,0,0.0,ADD 5,0,0,0,0,0.0,ADD 6,0,1,13029,0,0.0,ADD 7,0,0,0,0,0.0,EGT2CAN,0,1,13106,0,0.0
1778951626.9590054,4875.0,13308,-44.0,1,-,0,0,0,0,0.0,-,0,0,0,0,0.0,ECU,0,1,12931,190,150.0,FAN1,0,0,0,0,0.0,COILS,1,1,12876,0,735.0,PUMP,0,1,13035,3790,3792.5,INJECTOR,1,1,13215,0,197.5,SERVO,1,1,13029,0,0.0,ADD 1,0,1,13040,0,0.0,ADD 2,0,1,13007,0,0.0,ADD 3,0,1,13051,0,0.0,ADD 4,0,1,13024,0,0.0,ADD 5,0,0,0,0,0.0,ADD 6,0,1,13029,0,0.0,ADD 7,0,0,0,0,0.0,EGT2CAN,0,1,13106,0,0.0
1778951627.019239,4875.0,13308,-44.0,1,-,0,0,0,0,0.0,-,0,0,0,0,0.0,ECU,0,1,12931,190,150.0,FAN1,0,0,0,0,0.0,COILS,1,1,12876,0,735.0,PUMP,0,1,13035,3790,3792.5,INJECTOR,1,1,13215,0,197.5,SERVO,1,1,13029,0,0.0,ADD 1,0,1,13040,0,0.0,ADD 2,0,1,13007,0,0.0,ADD 3,0,1,13051,0,0.0,ADD 4,0,1,13024,0,0.0,ADD 5,0,0,0,0,0.0,ADD 6,0,1,13029,0,0.0,ADD 7,0,0,0,0,0.0,EGT2CAN,0,1,13106,0,0.0
1778951627.0809357,4875.0,13308,-44.0,1,-,0,0,0,0,0.0,-,0,0,0,0,0.0,ECU,0,1,12931,190,150.0,FAN1,0,0,0,0,0.0,COILS,1,1,12876,0,735.0,PUMP,0,1,13035,3790,3792.5,INJECTOR,1,1,13215,0,197.5,SERVO,1,1,13029,0,0.0,ADD 1,0,1,13040,0,0.0,ADD 2,0,1,13007,0,0.0,ADD 3,0,1,13051,0,0.0,ADD 4,0,1,13024,0,0.0,ADD 5,0,0,0,0,0.0,ADD 6,0,1,13029,0,0.0,ADD 7,0,0,0,0,0.0,EGT2CAN,0,1,13106,0,0.0
1778951627.1317906,4875.0,13308,-44.0,1,-,0,0,0,0,0.0,-,0,0,0,0,0.0,ECU,0,1,12931,190,150.0,FAN1,0,0,0,0,0.0,COILS,1,1,12876,0,735.0,PUMP,0,1,13035,3790,3792.5,INJECTOR,1,1,13215,0,197.5,SERVO,1,1,13029,0,0.0,ADD 1,0,1,13040,0,0.0,ADD 2,0,1,13007,0,0.0,ADD 3,0,1,13051,0,0.0,ADD 4,0,1,13024,0,0.0,ADD 5,0,0,0,0,0.0,ADD 6,0,1,13029,0,0.0,ADD 7,0,0,0,0,0.0,EGT2CAN,0,1,13106,0,0.0
1778951627.1923995,4875.0,13308,-44.0,1,-,0,0,0,0,0.0,-,0,0,0,0,0.0,ECU,0,1,12931,190,150.0,FAN1,0,0,0,0,0.0,COILS,1,1,12876,0,735.0,PUMP,0,1,13035,3790,3792.5,INJECTOR,1,1,13215,0,197.5,SERVO,1,1,13029,0,0.0,ADD 1,0,1,13040,0,0.0,ADD 2,0,1,13007,0,0.0,ADD 3,0,1,13051,0,0.0,ADD 4,0,1,13024,0,0.0,ADD 5,0,0,0,0,0.0,ADD 6,0,1,13029,0,0.0,ADD 7,0,0,0,0,0.0,EGT2CAN,0,1,13106,0,0.0
1778951627.2434895,4875.0,13308,-44.0,1,-,0,0,0,0,0.0,-,0,0,0,0,0.0,ECU,0,1,12931,190,150.0,FAN1,0,0,0,0,0.0,COILS,1,1,12876,0,735.0,PUMP,0,1,13035,3790,3792.5,INJECTOR,1,1,13215,0,197.5,SERVO,1,1,13029,0,0.0,ADD 1,0,1,13040,0,0.0,ADD 2,0,1,13007,0,0.0,ADD 3,0,1,13051,0,0.0,ADD 4,0,1,13024,0,0.0,ADD 5,0,0,0,0,0.0,ADD 6,0,1,13029,0,0.0,ADD 7,0,0,0,0,0.0,EGT2CAN,0,1,13106,0,0.0
1778951627.2944746,4875.0,13308,-44.0,1,-,0,0,0,0,0.0,-,0,0,0,0,0.0,ECU,0,1,12931,190,150.0,FAN1,0,0,0,0,0.0,COILS,1,1,12876,0,735.0,PUMP,0,1,13035,3790,3792.5,INJECTOR,1,1,13215,0,197.5,SERVO,1,1,13029,0,0.0,ADD 1,0,1,13040,0,0.0,ADD 2,0,1,13007,0,0.0,ADD 3,0,1,13051,0,0.0,ADD 4,0,1,13024,0,0.0,ADD 5,0,0,0,0,0.0,ADD 6,0,1,13029,0,0.0,ADD 7,0,0,0,0,0.0,EGT2CAN,0,1,13106,0,0.0
1778951627.3563302,4875.0,13308,-44.0,1,-,0,0,0,0,0.0,-,0,0,0,0,0.0,ECU,0,1,12931,190,150.0,FAN1,0,0,0,0,0.0,COILS,1,1,12876,0,735.0,PUMP,0,1,13035,3790,3792.5,INJECTOR,1,1,13215,0,197.5,SERVO,1,1,13029,0,0.0,ADD 1,0,1,13040,0,0.0,ADD 2,0,1,13007,0,0.0,ADD 3,0,1,13051,0,0.0,ADD 4,0,1,13024,0,0.0,ADD 5,0,0,0,0,0.0,ADD 6,0,1,13029,0,0.0,ADD 7,0,0,0,0,0.0,EGT2CAN,0,1,13106,0,0.0
1778951627.4076612,4875.0,13308,-44.0,1,-,0,0,0,0,0.0,-,0,0,0,0,0.0,ECU,0,1,12931,190,150.0,FAN1,0,0,0,0,0.0,COILS,1,1,12876,0,735.0,PUMP,0,1,13035,3790,3792.5,INJECTOR,1,1,13215,0,197.5,SERVO,1,1,13029,0,0.0,ADD 1,0,1,13040,0,0.0,ADD 2,0,1,13007,0,0.0,ADD 3,0,1,13051,0,0.0,ADD 4,0,1,13024,0,0.0,ADD 5,0,0,0,0,0.0,ADD 6,0,1,13029,0,0.0,ADD 7,0,0,0,0,0.0,EGT2CAN,0,1,13106,0,0.0
1778951627.458036,4875.0,13308,-44.0,1,-,0,0,0,0,0.0,-,0,0,0,0,0.0,ECU,0,1,12931,190,150.0,FAN1,0,0,0,0,0.0,COILS,1,1,12876,0,735.0,PUMP,0,1,13035,3790,3792.5,INJECTOR,1,1,13215,0,197.5,SERVO,1,1,13029,0,0.0,ADD 1,0,1,13040,0,0.0,ADD 2,0,1,13007,0,0.0,ADD 3,0,1,13051,0,0.0,ADD 4,0,1,13024,0,0.0,ADD 5,0,0,0,0,0.0,ADD 6,0,1,13029,0,0.0,ADD 7,0,0,0,0,0.0,EGT2CAN,0,1,13106,0,0.0
1778951627.5090806,4875.0,13308,-44.0,1,-,0,0,0,0,0.0,-,0,0,0,0,0.0,ECU,0,1,12931,190,150.0,FAN1,0,0,0,0,0.0,COILS,1,1,12876,0,735.0,PUMP,0,1,13035,3790,3792.5,INJECTOR,1,1,13215,0,197.5,SERVO,1,1,13029,0,0.0,ADD 1,0,1,13040,0,0.0,ADD 2,0,1,13007,0,0.0,ADD 3,0,1,13051,0,0.0,ADD 4,0,1,13024,0,0.0,ADD 5,0,0,0,0,0.0,ADD 6,0,1,13029,0,0.0,ADD 7,0,0,0,0,0.0,EGT2CAN,0,1,13106,0,0.0
1778951627.5740423,4875.0,13308,-44.0,1,-,0,0,0,0,0.0,-,0,0,0,0,0.0,ECU,0,1,12931,190,150.0,FAN1,0,0,0,0,0.0,COILS,1,1,12876,0,735.0,PUMP,0,1,13035,3790,3792.5,INJECTOR,1,1,13215,0,197.5,SERVO,1,1,13029,0,0.0,ADD 1,0,1,13040,0,0.0,ADD 2,0,1,13007,0,0.0,ADD 3,0,1,13051,0,0.0,ADD 4,0,1,13024,0,0.0,ADD 5,0,0,0,0,0.0,ADD 6,0,1,13029,0,0.0,ADD 7,0,0,0,0,0.0,EGT2CAN,0,1,13106,0,0.0
1778951627.6261444,4875.0,13308,-44.0,1,-,0,0,0,0,0.0,-,0,0,0,0,0.0,ECU,0,1,12931,190,150.0,FAN1,0,0,0,0,0.0,COILS,1,1,12876,0,735.0,PUMP,0,1,13035,3790,3792.5,INJECTOR,1,1,13215,0,197.5,SERVO,1,1,13029,0,0.0,ADD 1,0,1,13040,0,0.0,ADD 2,0,1,13007,0,0.0,ADD 3,0,1,13051,0,0.0,ADD 4,0,1,13024,0,0.0,ADD 5,0,0,0,0,0.0,ADD 6,0,1,13029,0,0.0,ADD 7,0,0,0,0,0.0,EGT2CAN,0,1,13106,0,0.0
1778951627.676771,4875.0,13308,-44.0,1,-,0,0,0,0,0.0,-,0,0,0,0,0.0,ECU,0,1,12931,190,150.0,FAN1,0,0,0,0,0.0,COILS,1,1,12876,0,735.0,PUMP,0,1,13035,3790,3792.5,INJECTOR,1,1,13215,0,197.5,SERVO,1,1,13029,0,0.0,ADD 1,0,1,13040,0,0.0,ADD 2,0,1,13007,0,0.0,ADD 3,0,1,13051,0,0.0,ADD 4,0,1,13024,0,0.0,ADD 5,0,0,0,0,0.0,ADD 6,0,1,13029,0,0.0,ADD 7,0,0,0,0,0.0,EGT2CAN,0,1,13106,0,0.0
1778951627.7352576,4875.0,13308,-44.0,1,-,0,0,0,0,0.0,-,0,0,0,0,0.0,ECU,0,1,12931,190,150.0,FAN1,0,0,0,0,0.0,COILS,1,1,12876,0,735.0,PUMP,0,1,13035,3790,3792.5,INJECTOR,1,1,13215,0,197.5,SERVO,1,1,13029,0,0.0,ADD 1,0,1,13040,0,0.0,ADD 2,0,1,13007,0,0.0,ADD 3,0,1,13051,0,0.0,ADD 4,0,1,13024,0,0.0,ADD 5,0,0,0,0,0.0,ADD 6,0,1,13029,0,0.0,ADD 7,0,0,0,0,0.0,EGT2CAN,0,1,13106,0,0.0
1778951627.7868228,4875.0,13308,-44.0,1,-,0,0,0,0,0.0,-,0,0,0,0,0.0,ECU,0,1,12931,190,150.0,FAN1,0,0,0,0,0.0,COILS,1,1,12876,0,735.0,PUMP,0,1,13035,3790,3792.5,INJECTOR,1,1,13215,0,197.5,SERVO,1,1,13029,0,0.0,ADD 1,0,1,13040,0,0.0,ADD 2,0,1,13007,0,0.0,ADD 3,0,1,13051,0,0.0,ADD 4,0,1,13024,0,0.0,ADD 5,0,0,0,0,0.0,ADD 6,0,1,13029,0,0.0,ADD 7,0,0,0,0,0.0,EGT2CAN,0,1,13106,0,0.0
1778951627.838274,4875.0,13308,-44.0,1,-,0,0,0,0,0.0,-,0,0,0,0,0.0,ECU,0,1,12931,190,150.0,FAN1,0,0,0,0,0.0,COILS,1,1,12876,0,735.0,PUMP,0,1,13035,3790,3792.5,INJECTOR,1,1,13215,0,197.5,SERVO,1,1,13029,0,0.0,ADD 1,0,1,13040,0,0.0,ADD 2,0,1,13007,0,0.0,ADD 3,0,1,13051,0,0.0,ADD 4,0,1,13024,0,0.0,ADD 5,0,0,0,0,0.0,ADD 6,0,1,13029,0,0.0,ADD 7,0,0,0,0,0.0,EGT2CAN,0,1,13106,0,0.0
1778951627.889871,4875.0,13308,-44.0,1,-,0,0,0,0,0.0,-,0,0,0,0,0.0,ECU,0,1,12931,190,150.0,FAN1,0,0,0,0,0.0,COILS,1,1,12876,0,735.0,PUMP,0,1,13035,3790,3792.5,INJECTOR,1,1,13215,0,197.5,SERVO,1,1,13029,0,0.0,ADD 1,0,1,13040,0,0.0,ADD 2,0,1,13007,0,0.0,ADD 3,0,1,13051,0,0.0,ADD 4,0,1,13024,0,0.0,ADD 5,0,0,0,0,0.0,ADD 6,0,1,13029,0,0.0,ADD 7,0,0,0,0,0.0,EGT2CAN,0,1,13106,0,0.0
1778951627.9414096,4875.0,13308,-44.0,1,-,0,0,0,0,0.0,-,0,0,0,0,0.0,ECU,0,1,12931,190,150.0,FAN1,0,0,0,0,0.0,COILS,1,1,12876,0,735.0,PUMP,0,1,13035,3790,3792.5,INJECTOR,1,1,13215,0,197.5,SERVO,1,1,13029,0,0.0,ADD 1,0,1,13040,0,0.0,ADD 2,0,1,13007,0,0.0,ADD 3,0,1,13051,0,0.0,ADD 4,0,1,13024,0,0.0,ADD 5,0,0,0,0,0.0,ADD 6,0,1,13029,0,0.0,ADD 7,0,0,0,0,0.0,EGT2CAN,0,1,13106,0,0.0
1778951627.997701,4875.0,13308,-44.0,1,-,0,0,0,0,0.0,-,0,0,0,0,0.0,ECU,0,1,12931,190,150.0,FAN1,0,0,0,0,0.0,COILS,1,1,12876,0,735.0,PUMP,0,1,13035,3790,3792.5,INJECTOR,1,1,13215,0,197.5,SERVO,1,1,13029,0,0.0,ADD 1,0,1,13040,0,0.0,ADD 2,0,1,13007,0,0.0,ADD 3,0,1,13051,0,0.0,ADD 4,0,1,13024,0,0.0,ADD 5,0,0,0,0,0.0,ADD 6,0,1,13029,0,0.0,ADD 7,0,0,0,0,0.0,EGT2CAN,0,1,13106,0,0.0
1778951628.059407,4875.0,13308,-44.0,1,-,0,0,0,0,0.0,-,0,0,0,0,0.0,ECU,0,1,12931,190,150.0,FAN1,0,0,0,0,0.0,COILS,1,1,12876,0,735.0,PUMP,0,1,13035,3790,3792.5,INJECTOR,1,1,13215,0,197.5,SERVO,1,1,13029,0,0.0,ADD 1,0,1,13040,0,0.0,ADD 2,0,1,13007,0,0.0,ADD 3,0,1,13051,0,0.0,ADD 4,0,1,13024,0,0.0,ADD 5,0,0,0,0,0.0,ADD 6,0,1,13029,0,0.0,ADD 7,0,0,0,0,0.0,EGT2CAN,0,1,13106,0,0.0
1778951628.1097436,4875.0,13308,-44.0,1,-,0,0,0,0,0.0,-,0,0,0,0,0.0,ECU,0,1,12931,190,150.0,FAN1,0,0,0,0,0.0,COILS,1,1,12876,0,735.0,PUMP,0,1,13035,3790,3792.5,INJECTOR,1,1,13215,0,197.5,SERVO,1,1,13029,0,0.0,ADD 1,0,1,13040,0,0.0,ADD 2,0,1,13007,0,0.0,ADD 3,0,1,13051,0,0.0,ADD 4,0,1,13024,0,0.0,ADD 5,0,0,0,0,0.0,ADD 6,0,1,13029,0,0.0,ADD 7,0,0,0,0,0.0,EGT2CAN,0,1,13106,0,0.0
1778951628.1633213,4875.0,13308,-44.0,1,-,0,0,0,0,0.0,-,0,0,0,0,0.0,ECU,0,1,12931,190,150.0,FAN1,0,0,0,0,0.0,COILS,1,1,12876,0,735.0,PUMP,0,1,13035,3790,3792.5,INJECTOR,1,1,13215,0,197.5,SERVO,1,1,13029,0,0.0,ADD 1,0,1,13040,0,0.0,ADD 2,0,1,13007,0,0.0,ADD 3,0,1,13051,0,0.0,ADD 4,0,1,13024,0,0.0,ADD 5,0,0,0,0,0.0,ADD 6,0,1,13029,0,0.0,ADD 7,0,0,0,0,0.0,EGT2CAN,0,1,13106,0,0.0
1778951628.2137203,4875.0,13308,-44.0,1,-,0,0,0,0,0.0,-,0,0,0,0,0.0,ECU,0,1,12931,190,150.0,FAN1,0,0,0,0,0.0,COILS,1,1,12876,0,735.0,PUMP,0,1,13035,3790,3792.5,INJECTOR,1,1,13215,0,197.5,SERVO,1,1,13029,0,0.0,ADD 1,0,1,13040,0,0.0,ADD 2,0,1,13007,0,0.0,ADD 3,0,1,13051,0,0.0,ADD 4,0,1,13024,0,0.0,ADD 5,0,0,0,0,0.0,ADD 6,0,1,13029,0,0.0,ADD 7,0,0,0,0,0.0,EGT2CAN,0,1,13106,0,0.0
1778951628.2749004,4875.0,13308,-44.0,1,-,0,0,0,0,0.0,-,0,0,0,0,0.0,ECU,0,1,12931,190,150.0,FAN1,0,0,0,0,0.0,COILS,1,1,12876,0,735.0,PUMP,0,1,13035,3790,3792.5,INJECTOR,1,1,13215,0,197.5,SERVO,1,1,13029,0,0.0,ADD 1,0,1,13040,0,0.0,ADD 2,0,1,13007,0,0.0,ADD 3,0,1,13051,0,0.0,ADD 4,0,1,13024,0,0.0,ADD 5,0,0,0,0,0.0,ADD 6,0,1,13029,0,0.0,ADD 7,0,0,0,0,0.0,EGT2CAN,0,1,13106,0,0.0
1778951628.325851,4875.0,13308,-44.0,1,-,0,0,0,0,0.0,-,0,0,0,0,0.0,ECU,0,1,12931,190,150.0,FAN1,0,0,0,0,0.0,COILS,1,1,12876,0,735.0,PUMP,0,1,13035,3790,3792.5,INJECTOR,1,1,13215,0,197.5,SERVO,1,1,13029,0,0.0,ADD 1,0,1,13040,0,0.0,ADD 2,0,1,13007,0,0.0,ADD 3,0,1,13051,0,0.0,ADD 4,0,1,13024,0,0.0,ADD 5,0,0,0,0,0.0,ADD 6,0,1,13029,0,0.0,ADD 7,0,0,0,0,0.0,EGT2CAN,0,1,13106,0,0.0
1778951628.3767588,4875.0,13308,-44.0,1,-,0,0,0,0,0.0,-,0,0,0,0,0.0,ECU,0,1,12931,190,150.0,FAN1,0,0,0,0,0.0,COILS,1,1,12876,0,735.0,PUMP,0,1,13035,3790,3792.5,INJECTOR,1,1,13215,0,197.5,SERVO,1,1,13029,0,0.0,ADD 1,0,1,13040,0,0.0,ADD 2,0,1,13007,0,0.0,ADD 3,0,1,13051,0,0.0,ADD 4,0,1,13024,0,0.0,ADD 5,0,0,0,0,0.0,ADD 6,0,1,13029,0,0.0,ADD 7,0,0,0,0,0.0,EGT2CAN,0,1,13106,0,0.0
1778951628.4348176,4875.0,13308,-44.0,1,-,0,0,0,0,0.0,-,0,0,0,0,0.0,ECU,0,1,12931,190,150.0,FAN1,0,0,0,0,0.0,COILS,1,1,12876,0,735.0,PUMP,0,1,13035,3790,3792.5,INJECTOR,1,1,13215,0,197.5,SERVO,1,1,13029,0,0.0,ADD 1,0,1,13040,0,0.0,ADD 2,0,1,13007,0,0.0,ADD 3,0,1,13051,0,0.0,ADD 4,0,1,13024,0,0.0,ADD 5,0,0,0,0,0.0,ADD 6,0,1,13029,0,0.0,ADD 7,0,0,0,0,0.0,EGT2CAN,0,1,13106,0,0.0
1778951628.4883947,4875.0,13308,-44.0,1,-,0,0,0,0,0.0,-,0,0,0,0,0.0,ECU,0,1,12931,190,150.0,FAN1,0,0,0,0,0.0,COILS,1,1,12876,0,735.0,PUMP,0,1,13035,3790,3792.5,INJECTOR,1,1,13215,0,197.5,SERVO,1,1,13029,0,0.0,ADD 1,0,1,13040,0,0.0,ADD 2,0,1,13007,0,0.0,ADD 3,0,1,13051,0,0.0,ADD 4,0,1,13024,0,0.0,ADD 5,0,0,0,0,0.0,ADD 6,0,1,13029,0,0.0,ADD 7,0,0,0,0,0.0,EGT2CAN,0,1,13106,0,0.0
1778951628.5395665,4875.0,13308,-44.0,1,-,0,0,0,0,0.0,-,0,0,0,0,0.0,ECU,0,1,12931,190,150.0,FAN1,0,0,0,0,0.0,COILS,1,1,12876,0,735.0,PUMP,0,1,13035,3790,3792.5,INJECTOR,1,1,13215,0,197.5,SERVO,1,1,13029,0,0.0,ADD 1,0,1,13040,0,0.0,ADD 2,0,1,13007,0,0.0,ADD 3,0,1,13051,0,0.0,ADD 4,0,1,13024,0,0.0,ADD 5,0,0,0,0,0.0,ADD 6,0,1,13029,0,0.0,ADD 7,0,0,0,0,0.0,EGT2CAN,0,1,13106,0,0.0
1778951628.5905128,4875.0,13308,-44.0,1,-,0,0,0,0,0.0,-,0,0,0,0,0.0,ECU,0,1,12931,190,150.0,FAN1,0,0,0,0,0.0,COILS,1,1,12876,0,735.0,PUMP,0,1,13035,3790,3792.5,INJECTOR,1,1,13215,0,197.5,SERVO,1,1,13029,0,0.0,ADD 1,0,1,13040,0,0.0,ADD 2,0,1,13007,0,0.0,ADD 3,0,1,13051,0,0.0,ADD 4,0,1,13024,0,0.0,ADD 5,0,0,0,0,0.0,ADD 6,0,1,13029,0,0.0,ADD 7,0,0,0,0,0.0,EGT2CAN,0,1,13106,0,0.0
1778951628.653589,4875.0,13308,-44.0,1,-,0,0,0,0,0.0,-,0,0,0,0,0.0,ECU,0,1,12931,190,150.0,FAN1,0,0,0,0,0.0,COILS,1,1,12876,0,735.0,PUMP,0,1,13035,3790,3792.5,INJECTOR,1,1,13215,0,197.5,SERVO,1,1,13029,0,0.0,ADD 1,0,1,13040,0,0.0,ADD 2,0,1,13007,0,0.0,ADD 3,0,1,13051,0,0.0,ADD 4,0,1,13024,0,0.0,ADD 5,0,0,0,0,0.0,ADD 6,0,1,13029,0,0.0,ADD 7,0,0,0,0,0.0,EGT2CAN,0,1,13106,0,0.0
1778951628.7075493,4875.0,13308,-44.0,1,-,0,0,0,0,0.0,-,0,0,0,0,0.0,ECU,0,1,12931,190,150.0,FAN1,0,0,0,0,0.0,COILS,1,1,12876,0,735.0,PUMP,0,1,13035,3790,3792.5,INJECTOR,1,1,13215,0,197.5,SERVO,1,1,13029,0,0.0,ADD 1,0,1,13040,0,0.0,ADD 2,0,1,13007,0,0.0,ADD 3,0,1,13051,0,0.0,ADD 4,0,1,13024,0,0.0,ADD 5,0,0,0,0,0.0,ADD 6,0,1,13029,0,0.0,ADD 7,0,0,0,0,0.0,EGT2CAN,0,1,13106,0,0.0
1778951628.7585897,4875.0,13308,-44.0,1,-,0,0,0,0,0.0,-,0,0,0,0,0.0,ECU,0,1,12931,190,150.0,FAN1,0,0,0,0,0.0,COILS,1,1,12876,0,735.0,PUMP,0,1,13035,3790,3792.5,INJECTOR,1,1,13215,0,197.5,SERVO,1,1,13029,0,0.0,ADD 1,0,1,13040,0,0.0,ADD 2,0,1,13007,0,0.0,ADD 3,0,1,13051,0,0.0,ADD 4,0,1,13024,0,0.0,ADD 5,0,0,0,0,0.0,ADD 6,0,1,13029,0,0.0,ADD 7,0,0,0,0,0.0,EGT2CAN,0,1,13106,0,0.0
1778951628.8168,4875.0,13308,-44.0,1,-,0,0,0,0,0.0,-,0,0,0,0,0.0,ECU,0,1,12931,190,150.0,FAN1,0,0,0,0,0.0,COILS,1,1,12876,0,735.0,PUMP,0,1,13035,3790,3792.5,INJECTOR,1,1,13215,0,197.5,SERVO,1,1,13029,0,0.0,ADD 1,0,1,13040,0,0.0,ADD 2,0,1,13007,0,0.0,ADD 3,0,1,13051,0,0.0,ADD 4,0,1,13024,0,0.0,ADD 5,0,0,0,0,0.0,ADD 6,0,1,13029,0,0.0,ADD 7,0,0,0,0,0.0,EGT2CAN,0,1,13106,0,0.0
1778951628.8685756,4875.0,13308,-44.0,1,-,0,0,0,0,0.0,-,0,0,0,0,0.0,ECU,0,1,12931,190,150.0,FAN1,0,0,0,0,0.0,COILS,1,1,12876,0,735.0,PUMP,0,1,13035,3790,3792.5,INJECTOR,1,1,13215,0,197.5,SERVO,1,1,13029,0,0.0,ADD 1,0,1,13040,0,0.0,ADD 2,0,1,13007,0,0.0,ADD 3,0,1,13051,0,0.0,ADD 4,0,1,13024,0,0.0,ADD 5,0,0,0,0,0.0,ADD 6,0,1,13029,0,0.0,ADD 7,0,0,0,0,0.0,EGT2CAN,0,1,13106,0,0.0
1778951628.9199095,4875.0,13308,-44.0,1,-,0,0,0,0,0.0,-,0,0,0,0,0.0,ECU,0,1,12931,190,150.0,FAN1,0,0,0,0,0.0,COILS,1,1,12876,0,735.0,PUMP,0,1,13035,3790,3792.5,INJECTOR,1,1,13215,0,197.5,SERVO,1,1,13029,0,0.0,ADD 1,0,1,13040,0,0.0,ADD 2,0,1,13007,0,0.0,ADD 3,0,1,13051,0,0.0,ADD 4,0,1,13024,0,0.0,ADD 5,0,0,0,0,0.0,ADD 6,0,1,13029,0,0.0,ADD 7,0,0,0,0,0.0,EGT2CAN,0,1,13106,0,0.0
1778951628.9706016,4875.0,13308,-44.0,1,-,0,0,0,0,0.0,-,0,0,0,0,0.0,ECU,0,1,12931,190,150.0,FAN1,0,0,0,0,0.0,COILS,1,1,12876,0,735.0,PUMP,0,1,13035,3790,3792.5,INJECTOR,1,1,13215,0,197.5,SERVO,1,1,13029,0,0.0,ADD 1,0,1,13040,0,0.0,ADD 2,0,1,13007,0,0.0,ADD 3,0,1,13051,0,0.0,ADD 4,0,1,13024,0,0.0,ADD 5,0,0,0,0,0.0,ADD 6,0,1,13029,0,0.0,ADD 7,0,0,0,0,0.0,EGT2CAN,0,1,13106,0,0.0
1778951629.0247178,4875.0,13308,-44.0,1,-,0,0,0,0,0.0,-,0,0,0,0,0.0,ECU,0,1,12931,190,150.0,FAN1,0,0,0,0,0.0,COILS,1,1,12876,0,735.0,PUMP,0,1,13035,3790,3792.5,INJECTOR,1,1,13215,0,197.5,SERVO,1,1,13029,0,0.0,ADD 1,0,1,13040,0,0.0,ADD 2,0,1,13007,0,0.0,ADD 3,0,1,13051,0,0.0,ADD 4,0,1,13024,0,0.0,ADD 5,0,0,0,0,0.0,ADD 6,0,1,13029,0,0.0,ADD 7,0,0,0,0,0.0,EGT2CAN,0,1,13106,0,0.0
1778951629.0791671,4875.0,13308,-44.0,1,-,0,0,0,0,0.0,-,0,0,0,0,0.0,ECU,0,1,12931,190,150.0,FAN1,0,0,0,0,0.0,COILS,1,1,12876,0,735.0,PUMP,0,1,13035,3790,3792.5,INJECTOR,1,1,13215,0,197.5,SERVO,1,1,13029,0,0.0,ADD 1,0,1,13040,0,0.0,ADD 2,0,1,13007,0,0.0,ADD 3,0,1,13051,0,0.0,ADD 4,0,1,13024,0,0.0,ADD 5,0,0,0,0,0.0,ADD 6,0,1,13029,0,0.0,ADD 7,0,0,0,0,0.0,EGT2CAN,0,1,13106,0,0.0
1778951629.1299562,4875.0,13308,-44.0,1,-,0,0,0,0,0.0,-,0,0,0,0,0.0,ECU,0,1,12931,190,150.0,FAN1,0,0,0,0,0.0,COILS,1,1,12876,0,735.0,PUMP,0,1,13035,3790,3792.5,INJECTOR,1,1,13215,0,197.5,SERVO,1,1,13029,0,0.0,ADD 1,0,1,13040,0,0.0,ADD 2,0,1,13007,0,0.0,ADD 3,0,1,13051,0,0.0,ADD 4,0,1,13024,0,0.0,ADD 5,0,0,0,0,0.0,ADD 6,0,1,13029,0,0.0,ADD 7,0,0,0,0,0.0,EGT2CAN,0,1,13106,0,0.0
1778951629.1827219,4875.0,13308,-44.0,1,-,0,0,0,0,0.0,-,0,0,0,0,0.0,ECU,0,1,12931,190,150.0,FAN1,0,0,0,0,0.0,COILS,1,1,12876,0,735.0,PUMP,0,1,13035,3790,3792.5,INJECTOR,1,1,13215,0,197.5,SERVO,1,1,13029,0,0.0,ADD 1,0,1,13040,0,0.0,ADD 2,0,1,13007,0,0.0,ADD 3,0,1,13051,0,0.0,ADD 4,0,1,13024,0,0.0,ADD 5,0,0,0,0,0.0,ADD 6,0,1,13029,0,0.0,ADD 7,0,0,0,0,0.0,EGT2CAN,0,1,13106,0,0.0
1778951629.2329798,4875.0,13308,-44.0,1,-,0,0,0,0,0.0,-,0,0,0,0,0.0,ECU,0,1,12931,190,150.0,FAN1,0,0,0,0,0.0,COILS,1,1,12876,0,735.0,PUMP,0,1,13035,3790,3792.5,INJECTOR,1,1,13215,0,197.5,SERVO,1,1,13029,0,0.0,ADD 1,0,1,13040,0,0.0,ADD 2,0,1,13007,0,0.0,ADD 3,0,1,13051,0,0.0,ADD 4,0,1,13024,0,0.0,ADD 5,0,0,0,0,0.0,ADD 6,0,1,13029,0,0.0,ADD 7,0,0,0,0,0.0,EGT2CAN,0,1,13106,0,0.0
1778951629.284012,4875.0,13308,-44.0,1,-,0,0,0,0,0.0,-,0,0,0,0,0.0,ECU,0,1,12931,190,150.0,FAN1,0,0,0,0,0.0,COILS,1,1,12876,0,735.0,PUMP,0,1,13035,3790,3792.5,INJECTOR,1,1,13215,0,197.5,SERVO,1,1,13029,0,0.0,ADD 1,0,1,13040,0,0.0,ADD 2,0,1,13007,0,0.0,ADD 3,0,1,13051,0,0.0,ADD 4,0,1,13024,0,0.0,ADD 5,0,0,0,0,0.0,ADD 6,0,1,13029,0,0.0,ADD 7,0,0,0,0,0.0,EGT2CAN,0,1,13106,0,0.0
1778951629.3447366,4875.0,13308,-44.0,1,-,0,0,0,0,0.0,-,0,0,0,0,0.0,ECU,0,1,12931,190,150.0,FAN1,0,0,0,0,0.0,COILS,1,1,12876,0,735.0,PUMP,0,1,13035,3790,3792.5,INJECTOR,1,1,13215,0,197.5,SERVO,1,1,13029,0,0.0,ADD 1,0,1,13040,0,0.0,ADD 2,0,1,13007,0,0.0,ADD 3,0,1,13051,0,0.0,ADD 4,0,1,13024,0,0.0,ADD 5,0,0,0,0,0.0,ADD 6,0,1,13029,0,0.0,ADD 7,0,0,0,0,0.0,EGT2CAN,0,1,13106,0,0.0
1778951629.395018,4875.0,13308,-44.0,1,-,0,0,0,0,0.0,-,0,0,0,0,0.0,ECU,0,1,12931,190,150.0,FAN1,0,0,0,0,0.0,COILS,1,1,12876,0,735.0,PUMP,0,1,13035,3790,3792.5,INJECTOR,1,1,13215,0,197.5,SERVO,1,1,13029,0,0.0,ADD 1,0,1,13040,0,0.0,ADD 2,0,1,13007,0,0.0,ADD 3,0,1,13051,0,0.0,ADD 4,0,1,13024,0,0.0,ADD 5,0,0,0,0,0.0,ADD 6,0,1,13029,0,0.0,ADD 7,0,0,0,0,0.0,EGT2CAN,0,1,13106,0,0.0
1778951629.4460943,4875.0,13308,-44.0,1,-,0,0,0,0,0.0,-,0,0,0,0,0.0,ECU,0,1,12931,190,150.0,FAN1,0,0,0,0,0.0,COILS,1,1,12876,0,735.0,PUMP,0,1,13035,3790,3792.5,INJECTOR,1,1,13215,0,197.5,SERVO,1,1,13029,0,0.0,ADD 1,0,1,13040,0,0.0,ADD 2,0,1,13007,0,0.0,ADD 3,0,1,13051,0,0.0,ADD 4,0,1,13024,0,0.0,ADD 5,0,0,0,0,0.0,ADD 6,0,1,13029,0,0.0,ADD 7,0,0,0,0,0.0,EGT2CAN,0,1,13106,0,0.0
1778951629.4980516,4875.0,13308,-44.0,1,-,0,0,0,0,0.0,-,0,0,0,0,0.0,ECU,0,1,12931,190,150.0,FAN1,0,0,0,0,0.0,COILS,1,1,12876,0,735.0,PUMP,0,1,13035,3790,3792.5,INJECTOR,1,1,13215,0,197.5,SERVO,1,1,13029,0,0.0,ADD 1,0,1,13040,0,0.0,ADD 2,0,1,13007,0,0.0,ADD 3,0,1,13051,0,0.0,ADD 4,0,1,13024,0,0.0,ADD 5,0,0,0,0,0.0,ADD 6,0,1,13029,0,0.0,ADD 7,0,0,0,0,0.0,EGT2CAN,0,1,13106,0,0.0
1778951629.5490112,4875.0,13308,-44.0,1,-,0,0,0,0,0.0,-,0,0,0,0,0.0,ECU,0,1,12931,190,150.0,FAN1,0,0,0,0,0.0,COILS,1,1,12876,0,735.0,PUMP,0,1,13035,3790,3792.5,INJECTOR,1,1,13215,0,197.5,SERVO,1,1,13029,0,0.0,ADD 1,0,1,13040,0,0.0,ADD 2,0,1,13007,0,0.0,ADD 3,0,1,13051,0,0.0,ADD 4,0,1,13024,0,0.0,ADD 5,0,0,0,0,0.0,ADD 6,0,1,13029,0,0.0,ADD 7,0,0,0,0,0.0,EGT2CAN,0,1,13106,0,0.0
1778951629.5999749,4875.0,13308,-44.0,1,-,0,0,0,0,0.0,-,0,0,0,0,0.0,ECU,0,1,12931,190,150.0,FAN1,0,0,0,0,0.0,COILS,1,1,12876,0,735.0,PUMP,0,1,13035,3790,3792.5,INJECTOR,1,1,13215,0,197.5,SERVO,1,1,13029,0,0.0,ADD 1,0,1,13040,0,0.0,ADD 2,0,1,13007,0,0.0,ADD 3,0,1,13051,0,0.0,ADD 4,0,1,13024,0,0.0,ADD 5,0,0,0,0,0.0,ADD 6,0,1,13029,0,0.0,ADD 7,0,0,0,0,0.0,EGT2CAN,0,1,13106,0,0.0
