timestamp,total_i_mA,batt_mV,core_temp_C,safety,ch1_name,ch1_status,ch1_state,ch1_voltage_mV,ch1_i_inst_mA,ch1_i_avg_mA,ch2_name,ch2_status,ch2_state,ch2_voltage_mV,ch2_i_inst_mA,ch2_i_avg_mA,ch3_name,ch3_status,ch3_state,ch3_voltage_mV,ch3_i_inst_mA,ch3_i_avg_mA,ch4_name,ch4_status,ch4_state,ch4_voltage_mV,ch4_i_inst_mA,ch4_i_avg_mA,ch5_name,ch5_status,ch5_state,ch5_voltage_mV,ch5_i_inst_mA,ch5_i_avg_mA,ch6_name,ch6_status,ch6_state,ch6_voltage_mV,ch6_i_inst_mA,ch6_i_avg_mA,ch7_name,ch7_status,ch7_state,ch7_voltage_mV,ch7_i_inst_mA,ch7_i_avg_mA,ch8_name,ch8_status,ch8_state,ch8_voltage_mV,ch8_i_inst_mA,ch8_i_avg_mA,ch9_name,ch9_status,ch9_state,ch9_voltage_mV,ch9_i_inst_mA,ch9_i_avg_mA,ch10_name,ch10_status,ch10_state,ch10_voltage_mV,ch10_i_inst_mA,ch10_i_avg_mA,ch11_name,ch11_status,ch11_state,ch11_voltage_mV,ch11_i_inst_mA,ch11_i_avg_mA,ch12_name,ch12_status,ch12_state,ch12_voltage_mV,ch12_i_inst_mA,ch12_i_avg_mA,ch13_name,ch13_status,ch13_state,ch13_voltage_mV,ch13_i_inst_mA,ch13_i_avg_mA,ch14_name,ch14_status,ch14_state,ch14_voltage_mV,ch14_i_inst_mA,ch14_i_avg_mA,ch15_name,ch15_status,ch15_state,ch15_voltage_mV,ch15_i_inst_mA,ch15_i_avg_mA,ch16_name,ch16_status,ch16_state,ch16_voltage_mV,ch16_i_inst_mA,ch16_i_avg_mA
1778949338.725237,0.0,12819,-51.0,0,,0,0,0,0,0.0,,0,0,0,0,0.0,,1,1,12723,0,0.0,,0,0,0,0,0.0,,8,1,0,0,0.0,,0,0,0,0,0.0,,8,1,65,0,0.0,,1,1,12739,0,0.0,,0,1,12810,0,0.0,,0,1,12777,0,0.0,,0,1,12772,0,0.0,,0,1,12723,0,0.0,,0,0,0,0,0.0,,0,1,12805,0,0.0,,0,0,0,0,0.0,,0,1,12766,0,0.0
1778949338.7799687,0.0,12819,-51.0,0,,0,0,0,0,0.0,,0,0,0,0,0.0,,1,1,12777,0,0.0,,0,0,0,0,0.0,,8,1,0,0,0.0,,0,0,0,0,0.0,,8,1,60,0,0.0,,1,1,12739,0,0.0,,0,1,12805,0,0.0,,0,1,12766,0,0.0,,0,1,12750,0,0.0,,0,1,12761,0,0.0,,0,0,0,0,0.0,,0,1,12788,0,0.0,,0,0,0,0,0.0,,0,1,12739,0,0.0
1778949338.8302186,0.0,12819,-51.0,0,,0,0,0,0,0.0,,0,0,0,0,0.0,,1,1,12734,0,0.0,,0,0,0,0,0.0,,8,1,0,0,0.0,,0,0,0,0,0.0,,8,1,65,0,0.0,,1,1,12717,0,0.0,,0,1,12805,0,0.0,,0,1,12810,0,0.0,,0,1,12750,0,0.0,,0,1,12761,0,0.0,,0,0,0,0,0.0,,0,1,12810,0,0.0,,0,0,0,0,0.0,,0,1,12701,0,0.0
1778949338.881588,0.0,12807,-52.0,0,,0,0,0,0,0.0,,0,0,0,0,0.0,,1,1,12799,0,0.0,,0,0,0,0,0.0,,8,1,0,0,0.0,,0,0,0,0,0.0,,8,1,65,0,0.0,,1,1,12772,0,0.0,,0,1,12788,0,0.0,,0,1,12805,0,0.0,,0,1,12734,0,0.0,,0,1,12734,0,0.0,,0,0,0,0,0.0,,0,1,12832,0,0.0,,0,0,0,0,0.0,,0,1,12788,0,0.0
1778949338.9336925,0.0,12751,-51.0,0,,0,0,0,0,0.0,,0,0,0,0,0.0,,1,1,12794,0,0.0,,0,0,0,0,0.0,,8,1,0,0,0.0,,0,0,0,0,0.0,,8,1,92,0,0.0,,1,1,12772,0,0.0,,0,1,12766,0,0.0,,0,1,12810,0,0.0,,0,1,12805,0,0.0,,0,1,12706,0,0.0,,0,0,0,0,0.0,,0,1,12810,0,0.0,,0,0,0,0,0.0,,0,1,12805,0,0.0
1778949338.9842134,0.0,12751,-51.0,0,,0,0,0,0,0.0,,0,0,0,0,0.0,,1,1,12805,0,0.0,,0,0,0,0,0.0,,8,1,0,0,0.0,,0,0,0,0,0.0,,8,1,65,0,0.0,,1,1,12739,0,0.0,,0,1,12766,0,0.0,,0,1,12810,0,0.0,,0,1,12805,0,0.0,,0,1,12706,0,0.0,,0,0,0,0,0.0,,0,1,12810,0,0.0,,0,0,0,0,0.0,,0,1,12805,0,0.0
1778949339.0448933,0.0,12794,-52.0,0,,0,0,0,0,0.0,,0,0,0,0,0.0,,1,1,12805,0,0.0,,0,0,0,0,0.0,,8,1,0,0,0.0,,0,0,0,0,0.0,,8,1,65,0,0.0,,1,1,12766,0,0.0,,0,1,12766,0,0.0,,0,1,12816,0,0.0,,0,1,12788,0,0.0,,0,1,12783,0,0.0,,0,0,0,0,0.0,,0,1,12827,0,0.0,,0,0,0,0,0.0,,0,1,12739,0,0.0
1778949339.0958698,0.0,12819,-51.0,0,,0,0,0,0,0.0,,0,0,0,0,0.0,,1,1,12739,0,0.0,,0,0,0,0,0.0,,8,1,0,0,0.0,,0,0,0,0,0.0,,8,1,65,0,0.0,,1,1,12717,0,0.0,,0,1,12783,0,0.0,,0,1,12756,0,0.0,,0,1,12783,0,0.0,,0,1,12777,0,0.0,,0,0,0,0,0.0,,0,1,12832,0,0.0,,0,0,0,0,0.0,,0,1,12777,0,0.0
1778949339.146349,0.0,12800,-52.0,0,,0,0,0,0,0.0,,0,0,0,0,0.0,,1,1,12739,0,0.0,,0,0,0,0,0.0,,8,1,0,0,0.0,,0,0,0,0,0.0,,8,1,65,0,0.0,,1,1,12739,0,0.0,,0,1,12745,0,0.0,,0,1,12788,0,0.0,,0,1,12739,0,0.0,,0,1,12734,0,0.0,,0,0,0,0,0.0,,0,1,12788,0,0.0,,0,0,0,0,0.0,,0,1,12761,0,0.0
1778949339.1972175,0.0,12813,-51.0,0,,0,0,0,0,0.0,,0,0,0,0,0.0,,1,1,12772,0,0.0,,0,0,0,0,0.0,,8,1,0,0,0.0,,0,0,0,0,0.0,,8,1,65,0,0.0,,1,1,12788,0,0.0,,0,1,12745,0,0.0,,0,1,12805,0,0.0,,0,1,12745,0,0.0,,0,1,12717,0,0.0,,0,0,0,0,0.0,,0,1,12772,0,0.0,,0,0,0,0,0.0,,0,1,12717,0,0.0
1778949339.2547202,0.0,12813,-51.0,0,,0,0,0,0,0.0,,0,0,0,0,0.0,,1,1,12772,0,0.0,,0,0,0,0,0.0,,8,1,0,0,0.0,,0,0,0,0,0.0,,8,1,65,0,0.0,,1,1,12788,0,0.0,,0,1,12745,0,0.0,,0,1,12805,0,0.0,,0,1,12745,0,0.0,,0,1,12717,0,0.0,,0,0,0,0,0.0,,0,1,12772,0,0.0,,0,0,0,0,0.0,,0,1,12717,0,0.0
1778949339.3053446,0.0,12800,-52.0,0,,0,0,0,0,0.0,,0,0,0,0,0.0,,1,1,12756,0,0.0,,0,0,0,0,0.0,,8,1,0,0,0.0,,0,0,0,0,0.0,,8,1,65,0,0.0,,1,1,12772,0,0.0,,0,1,12772,0,0.0,,0,1,12810,0,0.0,,0,1,12810,0,0.0,,0,1,12739,0,0.0,,0,0,0,0,0.0,,0,1,12772,0,0.0,,0,0,0,0,0.0,,0,1,12766,0,0.0
1778949339.356927,0.0,12800,-52.0,0,,0,0,0,0,0.0,,0,0,0,0,0.0,,1,1,12756,0,0.0,,0,0,0,0,0.0,,8,1,0,0,0.0,,0,0,0,0,0.0,,8,1,65,0,0.0,,1,1,12772,0,0.0,,0,1,12772,0,0.0,,0,1,12810,0,0.0,,0,1,12810,0,0.0,,0,1,12739,0,0.0,,0,0,0,0,0.0,,0,1,12772,0,0.0,,0,0,0,0,0.0,,0,1,12766,0,0.0
1778949339.4076338,0.0,12800,-52.0,0,,0,0,0,0,0.0,,0,0,0,0,0.0,,1,1,12684,0,0.0,,0,0,0,0,0.0,,8,1,0,0,0.0,,0,0,0,0,0.0,,8,1,65,0,0.0,,1,1,12723,0,0.0,,0,1,12799,0,0.0,,0,1,12756,0,0.0,,0,1,12783,0,0.0,,0,1,12745,0,0.0,,0,0,0,0,0.0,,0,1,12805,0,0.0,,0,0,0,0,0.0,,0,1,12794,0,0.0
1778949339.4693153,0.0,12763,-52.0,0,,0,0,0,0,0.0,,0,0,0,0,0.0,,1,1,12788,0,0.0,,0,0,0,0,0.0,,8,1,0,0,0.0,,0,0,0,0,0.0,,8,1,65,0,0.0,,1,1,12788,0,0.0,,0,1,12805,0,0.0,,0,1,12788,0,0.0,,0,1,12788,0,0.0,,0,1,12728,0,0.0,,0,0,0,0,0.0,,0,1,12816,0,0.0,,0,0,0,0,0.0,,0,1,12788,0,0.0
1778949339.519897,0.0,12763,-52.0,0,,0,0,0,0,0.0,,0,0,0,0,0.0,,1,1,12766,0,0.0,,0,0,0,0,0.0,,8,1,0,0,0.0,,0,0,0,0,0.0,,8,1,65,0,0.0,,1,1,12788,0,0.0,,0,1,12805,0,0.0,,0,1,12788,0,0.0,,0,1,12788,0,0.0,,0,1,12728,0,0.0,,0,0,0,0,0.0,,0,1,12816,0,0.0,,0,0,0,0,0.0,,0,1,12788,0,0.0
1778949339.5708342,0.0,12763,-52.0,0,,0,0,0,0,0.0,,0,0,0,0,0.0,,1,1,12766,0,0.0,,0,0,0,0,0.0,,8,1,0,0,0.0,,0,0,0,0,0.0,,8,1,98,0,0.0,,1,1,12788,0,0.0,,0,1,12684,0,0.0,,0,1,12799,0,0.0,,0,1,12772,0,0.0,,0,1,12739,0,0.0,,0,0,0,0,0.0,,0,1,12816,0,0.0,,0,0,0,0,0.0,,0,1,12805,0,0.0
1778949339.6266806,0.0,12794,-54.0,0,,0,0,0,0,0.0,,0,0,0,0,0.0,,1,1,12761,0,0.0,,0,0,0,0,0.0,,8,1,0,0,0.0,,0,0,0,0,0.0,,8,1,82,0,0.0,,1,1,12706,0,0.0,,0,1,12788,0,0.0,,0,1,12772,0,0.0,,0,1,12761,0,0.0,,0,1,12695,0,0.0,,0,0,0,0,0.0,,0,1,12788,0,0.0,,0,0,0,0,0.0,,0,1,12756,0,0.0
1778949339.6869059,0.0,12794,-54.0,0,,0,0,0,0,0.0,,0,0,0,0,0.0,,1,1,12799,0,0.0,,0,0,0,0,0.0,,8,1,0,0,0.0,,0,0,0,0,0.0,,8,1,65,0,0.0,,1,1,12745,0,0.0,,0,1,12739,0,0.0,,0,1,12766,0,0.0,,0,1,12739,0,0.0,,0,1,12712,0,0.0,,0,0,0,0,0.0,,0,1,12788,0,0.0,,0,0,0,0,0.0,,0,1,12756,0,0.0
1778949339.7408993,0.0,12788,-51.0,0,,0,0,0,0,0.0,,0,0,0,0,0.0,,1,1,12794,0,0.0,,0,0,0,0,0.0,,8,1,0,0,0.0,,0,0,0,0,0.0,,8,1,65,0,0.0,,1,1,12772,0,0.0,,0,1,12799,0,0.0,,0,1,12821,0,0.0,,0,1,12756,0,0.0,,0,1,12706,0,0.0,,0,0,0,0,0.0,,0,1,12827,0,0.0,,0,0,0,0,0.0,,0,1,12761,0,0.0
1778949339.796439,0.0,12782,-52.0,0,,0,0,0,0,0.0,,0,0,0,0,0.0,,1,1,12810,0,0.0,,0,0,0,0,0.0,,8,1,0,0,0.0,,0,0,0,0,0.0,,8,1,65,0,0.0,,1,1,12756,0,0.0,,0,1,12756,0,0.0,,0,1,12766,0,0.0,,0,1,12777,0,0.0,,0,1,12788,0,0.0,,0,0,0,0,0.0,,0,1,12827,0,0.0,,0,0,0,0,0.0,,0,1,12756,0,0.0
1778949339.8488312,0.0,12782,-52.0,0,,0,0,0,0,0.0,,0,0,0,0,0.0,,1,1,12750,0,0.0,,0,0,0,0,0.0,,8,1,0,0,0.0,,0,0,0,0,0.0,,8,1,65,0,0.0,,1,1,12717,0,0.0,,0,1,12745,0,0.0,,0,1,12794,0,0.0,,0,1,12766,0,0.0,,0,1,12723,0,0.0,,0,0,0,0,0.0,,0,1,12810,0,0.0,,0,0,0,0,0.0,,0,1,12761,0,0.0
1778949339.902977,0.0,12776,-51.0,0,,0,0,0,0,0.0,,0,0,0,0,0.0,,1,1,12701,0,0.0,,0,0,0,0,0.0,,8,1,0,0,0.0,,0,0,0,0,0.0,,8,1,65,0,0.0,,1,1,12728,0,0.0,,0,1,12766,0,0.0,,0,1,12766,0,0.0,,0,1,12788,0,0.0,,0,1,12734,0,0.0,,0,0,0,0,0.0,,0,1,12810,0,0.0,,0,0,0,0,0.0,,0,1,12739,0,0.0
1778949339.958471,0.0,12800,-51.0,0,,0,0,0,0,0.0,,0,0,0,0,0.0,,1,1,12761,0,0.0,,0,0,0,0,0.0,,8,1,0,0,0.0,,0,0,0,0,0.0,,8,1,65,0,0.0,,1,1,12766,0,0.0,,0,1,12766,0,0.0,,0,1,12766,0,0.0,,0,1,12788,0,0.0,,0,1,12734,0,0.0,,0,0,0,0,0.0,,0,1,12810,0,0.0,,0,0,0,0,0.0,,0,1,12739,0,0.0
1778949340.0204446,0.0,12788,-52.0,0,,0,0,0,0,0.0,,0,0,0,0,0.0,,1,1,12717,0,0.0,,0,0,0,0,0.0,,8,1,0,0,0.0,,0,0,0,0,0.0,,8,1,65,0,0.0,,1,1,12717,0,0.0,,0,1,12777,0,0.0,,0,1,12794,0,0.0,,0,1,12810,0,0.0,,0,1,12750,0,0.0,,0,0,0,0,0.0,,0,1,12827,0,0.0,,0,0,0,0,0.0,,0,1,12756,0,0.0
1778949340.071644,0.0,12751,-51.0,0,,0,0,0,0,0.0,,0,0,0,0,0.0,,1,1,12788,0,0.0,,0,0,0,0,0.0,,8,1,0,0,0.0,,0,0,0,0,0.0,,8,1,65,0,0.0,,1,1,12766,0,0.0,,0,1,12805,0,0.0,,0,1,12821,0,0.0,,0,1,12766,0,0.0,,0,1,12750,0,0.0,,0,0,0,0,0.0,,0,1,12832,0,0.0,,0,0,0,0,0.0,,0,1,12772,0,0.0
1778949340.1240711,0.0,12751,-51.0,0,,0,0,0,0,0.0,,0,0,0,0,0.0,,1,1,12684,0,0.0,,0,0,0,0,0.0,,8,1,0,0,0.0,,0,0,0,0,0.0,,8,1,65,0,0.0,,1,1,12684,0,0.0,,0,1,12805,0,0.0,,0,1,12821,0,0.0,,0,1,12766,0,0.0,,0,1,12750,0,0.0,,0,0,0,0,0.0,,0,1,12832,0,0.0,,0,0,0,0,0.0,,0,1,12772,0,0.0
1778949340.1746888,0.0,12788,-51.0,0,,0,0,0,0,0.0,,0,0,0,0,0.0,,1,1,12777,0,0.0,,0,0,0,0,0.0,,8,1,0,0,0.0,,0,0,0,0,0.0,,8,1,65,0,0.0,,1,1,12750,0,0.0,,0,1,12799,0,0.0,,0,1,12816,0,0.0,,0,1,12788,0,0.0,,0,1,12723,0,0.0,,0,0,0,0,0.0,,0,1,12788,0,0.0,,0,0,0,0,0.0,,0,1,12794,0,0.0
1778949340.230661,0.0,12788,-51.0,0,,0,0,0,0,0.0,,0,0,0,0,0.0,,1,1,12772,0,0.0,,0,0,0,0,0.0,,8,1,0,0,0.0,,0,0,0,0,0.0,,8,1,71,0,0.0,,1,1,12772,0,0.0,,0,1,12745,0,0.0,,0,1,12805,0,0.0,,0,1,12723,0,0.0,,0,1,12734,0,0.0,,0,0,0,0,0.0,,0,1,12766,0,0.0,,0,0,0,0,0.0,,0,1,12745,0,0.0
1778949340.2839115,0.0,12800,-52.0,0,,0,0,0,0,0.0,,0,0,0,0,0.0,,1,1,12788,0,0.0,,0,0,0,0,0.0,,8,1,0,0,0.0,,0,0,0,0,0.0,,8,1,71,0,0.0,,1,1,12717,0,0.0,,0,1,12783,0,0.0,,0,1,12766,0,0.0,,0,1,12783,0,0.0,,0,1,12766,0,0.0,,0,0,0,0,0.0,,0,1,12799,0,0.0,,0,0,0,0,0.0,,0,1,12739,0,0.0
1778949340.3392448,0.0,12763,-52.0,0,,0,0,0,0,0.0,,0,0,0,0,0.0,,1,1,12745,0,0.0,,0,0,0,0,0.0,,8,1,0,0,0.0,,0,0,0,0,0.0,,8,1,65,0,0.0,,1,1,12788,0,0.0,,0,1,12750,0,0.0,,0,1,12766,0,0.0,,0,1,12684,0,0.0,,0,1,12739,0,0.0,,0,0,0,0,0.0,,0,1,12805,0,0.0,,0,0,0,0,0.0,,0,1,12783,0,0.0
1778949340.3899517,0.0,12763,-52.0,0,,0,0,0,0,0.0,,0,0,0,0,0.0,,1,1,12766,0,0.0,,0,0,0,0,0.0,,8,1,0,0,0.0,,0,0,0,0,0.0,,8,1,60,0,0.0,,1,1,12766,0,0.0,,0,1,12810,0,0.0,,0,1,12788,0,0.0,,0,1,12706,0,0.0,,0,1,12739,0,0.0,,0,0,0,0,0.0,,0,1,12821,0,0.0,,0,0,0,0,0.0,,0,1,12745,0,0.0
1778949340.4408493,0.0,12813,-51.0,0,,0,0,0,0,0.0,,0,0,0,0,0.0,,1,1,12756,0,0.0,,0,0,0,0,0.0,,8,1,0,0,0.0,,0,0,0,0,0.0,,8,1,76,0,0.0,,1,1,12717,0,0.0,,0,1,12810,0,0.0,,0,1,12761,0,0.0,,0,1,12783,0,0.0,,0,1,12717,0,0.0,,0,0,0,0,0.0,,0,1,12816,0,0.0,,0,0,0,0,0.0,,0,1,12777,0,0.0
1778949340.4918602,0.0,12763,-51.0,0,,0,0,0,0,0.0,,0,0,0,0,0.0,,1,1,12756,0,0.0,,0,0,0,0,0.0,,8,1,0,0,0.0,,0,0,0,0,0.0,,8,1,76,0,0.0,,1,1,12717,0,0.0,,0,1,12810,0,0.0,,0,1,12761,0,0.0,,0,1,12783,0,0.0,,0,1,12717,0,0.0,,0,0,0,0,0.0,,0,1,12816,0,0.0,,0,0,0,0,0.0,,0,1,12777,0,0.0
1778949340.5430477,0.0,12763,-51.0,0,,0,0,0,0,0.0,,0,0,0,0,0.0,,1,1,12761,0,0.0,,0,0,0,0,0.0,,8,1,0,0,0.0,,0,0,0,0,0.0,,8,1,65,0,0.0,,1,1,12734,0,0.0,,0,1,12810,0,0.0,,0,1,12810,0,0.0,,0,1,12810,0,0.0,,0,1,12783,0,0.0,,0,0,0,0,0.0,,0,1,12772,0,0.0,,0,0,0,0,0.0,,0,1,12766,0,0.0
1778949340.5964277,0.0,12800,-52.0,0,,0,0,0,0,0.0,,0,0,0,0,0.0,,1,1,12766,0,0.0,,0,0,0,0,0.0,,8,1,0,0,0.0,,0,0,0,0,0.0,,8,1,65,0,0.0,,1,1,12712,0,0.0,,0,1,12761,0,0.0,,0,1,12821,0,0.0,,0,1,12805,0,0.0,,0,1,12756,0,0.0,,0,0,0,0,0.0,,0,1,12788,0,0.0,,0,0,0,0,0.0,,0,1,12772,0,0.0
1778949340.6477485,0.0,12800,-52.0,0,,0,0,0,0,0.0,,0,0,0,0,0.0,,1,1,12766,0,0.0,,0,0,0,0,0.0,,8,1,0,0,0.0,,0,0,0,0,0.0,,8,1,65,0,0.0,,1,1,12712,0,0.0,,0,1,12761,0,0.0,,0,1,12821,0,0.0,,0,1,12805,0,0.0,,0,1,12756,0,0.0,,0,0,0,0,0.0,,0,1,12788,0,0.0,,0,0,0,0,0.0,,0,1,12772,0,0.0
1778949340.6992996,0.0,12800,-52.0,0,,0,0,0,0,0.0,,0,0,0,0,0.0,,1,1,12794,0,0.0,,0,0,0,0,0.0,,8,1,0,0,0.0,,0,0,0,0,0.0,,8,1,65,0,0.0,,1,1,12777,0,0.0,,0,1,12777,0,0.0,,0,1,12788,0,0.0,,0,1,12717,0,0.0,,0,1,12701,0,0.0,,0,0,0,0,0.0,,0,1,12777,0,0.0,,0,0,0,0,0.0,,0,1,12799,0,0.0
1778949340.749443,0.0,12800,-52.0,0,,0,0,0,0,0.0,,0,0,0,0,0.0,,1,1,12783,0,0.0,,0,0,0,0,0.0,,8,1,0,0,0.0,,0,0,0,0,0.0,,8,1,65,0,0.0,,1,1,12734,0,0.0,,0,1,12816,0,0.0,,0,1,12832,0,0.0,,0,1,12799,0,0.0,,0,1,12739,0,0.0,,0,0,0,0,0.0,,0,1,12810,0,0.0,,0,0,0,0,0.0,,0,1,12788,0,0.0
1778949340.8009734,0.0,12800,-52.0,0,,0,0,0,0,0.0,,0,0,0,0,0.0,,1,1,12783,0,0.0,,0,0,0,0,0.0,,8,1,0,0,0.0,,0,0,0,0,0.0,,8,1,65,0,0.0,,1,1,12734,0,0.0,,0,1,12816,0,0.0,,0,1,12832,0,0.0,,0,1,12799,0,0.0,,0,1,12739,0,0.0,,0,0,0,0,0.0,,0,1,12810,0,0.0,,0,0,0,0,0.0,,0,1,12788,0,0.0
1778949340.8514218,0.0,12757,-52.0,0,,0,0,0,0,0.0,,0,0,0,0,0.0,,1,1,12799,0,0.0,,0,0,0,0,0.0,,8,1,0,0,0.0,,0,0,0,0,0.0,,8,1,65,0,0.0,,1,1,12684,0,0.0,,0,1,12772,0,0.0,,0,1,12777,0,0.0,,0,1,12766,0,0.0,,0,1,12723,0,0.0,,0,0,0,0,0.0,,0,1,12827,0,0.0,,0,0,0,0,0.0,,0,1,12805,0,0.0
1778949340.9024947,0.0,12763,-51.0,0,,0,0,0,0,0.0,,0,0,0,0,0.0,,1,1,12772,0,0.0,,0,0,0,0,0.0,,8,1,0,0,0.0,,0,0,0,0,0.0,,8,1,65,0,0.0,,1,1,12701,0,0.0,,0,1,12788,0,0.0,,0,1,12827,0,0.0,,0,1,12766,0,0.0,,0,1,12739,0,0.0,,0,0,0,0,0.0,,0,1,12766,0,0.0,,0,0,0,0,0.0,,0,1,12750,0,0.0
1778949340.9535315,0.0,12763,-51.0,0,,0,0,0,0,0.0,,0,0,0,0,0.0,,1,1,12772,0,0.0,,0,0,0,0,0.0,,8,1,0,0,0.0,,0,0,0,0,0.0,,8,1,65,0,0.0,,1,1,12701,0,0.0,,0,1,12788,0,0.0,,0,1,12827,0,0.0,,0,1,12766,0,0.0,,0,1,12739,0,0.0,,0,0,0,0,0.0,,0,1,12766,0,0.0,,0,0,0,0,0.0,,0,1,12750,0,0.0
1778949341.0044887,0.0,12763,-51.0,0,,0,0,0,0,0.0,,0,0,0,0,0.0,,1,1,12766,0,0.0,,0,0,0,0,0.0,,8,1,0,0,0.0,,0,0,0,0,0.0,,8,1,65,0,0.0,,1,1,12777,0,0.0,,0,1,12766,0,0.0,,0,1,12788,0,0.0,,0,1,12794,0,0.0,,0,1,12684,0,0.0,,0,0,0,0,0.0,,0,1,12805,0,0.0,,0,0,0,0,0.0,,0,1,12772,0,0.0
1778949341.0717735,0.0,12751,-54.0,0,,0,0,0,0,0.0,,0,0,0,0,0.0,,1,1,12783,0,0.0,,0,0,0,0,0.0,,8,1,0,0,0.0,,0,0,0,0,0.0,,8,1,65,0,0.0,,1,1,12756,0,0.0,,0,1,12766,0,0.0,,0,1,12827,0,0.0,,0,1,12799,0,0.0,,0,1,12756,0,0.0,,0,0,0,0,0.0,,0,1,12827,0,0.0,,0,0,0,0,0.0,,0,1,12783,0,0.0
1778949341.123172,0.0,12751,-54.0,0,,0,0,0,0,0.0,,0,0,0,0,0.0,,1,1,12745,0,0.0,,0,0,0,0,0.0,,8,1,0,0,0.0,,0,0,0,0,0.0,,8,1,65,0,0.0,,1,1,12756,0,0.0,,0,1,12766,0,0.0,,0,1,12827,0,0.0,,0,1,12799,0,0.0,,0,1,12756,0,0.0,,0,0,0,0,0.0,,0,1,12827,0,0.0,,0,0,0,0,0.0,,0,1,12783,0,0.0
1778949341.1734443,0.0,12763,-51.0,0,,0,0,0,0,0.0,,0,0,0,0,0.0,,1,1,12745,0,0.0,,0,0,0,0,0.0,,8,1,0,0,0.0,,0,0,0,0,0.0,,8,1,65,0,0.0,,1,1,12717,0,0.0,,0,1,12684,0,0.0,,0,1,12810,0,0.0,,0,1,12783,0,0.0,,0,1,12766,0,0.0,,0,0,0,0,0.0,,0,1,12816,0,0.0,,0,0,0,0,0.0,,0,1,12772,0,0.0
1778949341.2393417,0.0,12763,-51.0,0,,0,0,0,0,0.0,,0,0,0,0,0.0,,1,1,12739,0,0.0,,0,0,0,0,0.0,,8,1,0,0,0.0,,0,0,0,0,0.0,,8,1,65,0,0.0,,1,1,12766,0,0.0,,0,1,12788,0,0.0,,0,1,12777,0,0.0,,0,1,12788,0,0.0,,0,1,12695,0,0.0,,0,0,0,0,0.0,,0,1,12772,0,0.0,,0,0,0,0,0.0,,0,1,12739,0,0.0
1778949341.2899988,0.0,12807,-52.0,0,,0,0,0,0,0.0,,0,0,0,0,0.0,,1,1,12745,0,0.0,,0,0,0,0,0.0,,8,1,0,0,0.0,,0,0,0,0,0.0,,8,1,65,0,0.0,,1,1,12756,0,0.0,,0,1,12756,0,0.0,,0,1,12805,0,0.0,,0,1,12766,0,0.0,,0,1,12728,0,0.0,,0,0,0,0,0.0,,0,1,12739,0,0.0,,0,0,0,0,0.0,,0,1,12739,0,0.0
1778949341.3430212,0.0,12788,-52.0,0,,0,0,0,0,0.0,,0,0,0,0,0.0,,1,1,12745,0,0.0,,0,0,0,0,0.0,,8,1,0,0,0.0,,0,0,0,0,0.0,,8,1,65,0,0.0,,1,1,12756,0,0.0,,0,1,12756,0,0.0,,0,1,12805,0,0.0,,0,1,12766,0,0.0,,0,1,12728,0,0.0,,0,0,0,0,0.0,,0,1,12739,0,0.0,,0,0,0,0,0.0,,0,1,12739,0,0.0
1778949341.3935268,0.0,12776,-51.0,0,,0,0,0,0,0.0,,0,0,0,0,0.0,,1,1,12766,0,0.0,,0,0,0,0,0.0,,8,1,0,0,0.0,,0,0,0,0,0.0,,8,1,71,0,0.0,,1,1,12788,0,0.0,,0,1,12799,0,0.0,,0,1,12794,0,0.0,,0,1,12761,0,0.0,,0,1,12750,0,0.0,,0,0,0,0,0.0,,0,1,12794,0,0.0,,0,0,0,0,0.0,,0,1,12805,0,0.0
1778949341.447041,0.0,12800,-52.0,0,,0,0,0,0,0.0,,0,0,0,0,0.0,,1,1,12766,0,0.0,,0,0,0,0,0.0,,8,1,0,0,0.0,,0,0,0,0,0.0,,8,1,71,0,0.0,,1,1,12788,0,0.0,,0,1,12799,0,0.0,,0,1,12794,0,0.0,,0,1,12761,0,0.0,,0,1,12750,0,0.0,,0,0,0,0,0.0,,0,1,12794,0,0.0,,0,0,0,0,0.0,,0,1,12805,0,0.0
1778949341.5197027,0.0,12800,-52.0,0,,0,0,0,0,0.0,,0,0,0,0,0.0,,1,1,12783,0,0.0,,0,0,0,0,0.0,,8,1,0,0,0.0,,0,0,0,0,0.0,,8,1,65,0,0.0,,1,1,12788,0,0.0,,0,1,12772,0,0.0,,0,1,12816,0,0.0,,0,1,12810,0,0.0,,0,1,12766,0,0.0,,0,0,0,0,0.0,,0,1,12788,0,0.0,,0,0,0,0,0.0,,0,1,12772,0,0.0
1778949341.57051,0.0,12800,-52.0,0,,0,0,0,0,0.0,,0,0,0,0,0.0,,1,1,12788,0,0.0,,0,0,0,0,0.0,,8,1,0,0,0.0,,0,0,0,0,0.0,,8,1,82,0,0.0,,1,1,12766,0,0.0,,0,1,12805,0,0.0,,0,1,12821,0,0.0,,0,1,12794,0,0.0,,0,1,12756,0,0.0,,0,0,0,0,0.0,,0,1,12788,0,0.0,,0,0,0,0,0.0,,0,1,12788,0,0.0
1778949341.6238167,0.0,12800,-51.0,0,,0,0,0,0,0.0,,0,0,0,0,0.0,,1,1,12783,0,0.0,,0,0,0,0,0.0,,8,1,0,0,0.0,,0,0,0,0,0.0,,8,1,71,0,0.0,,1,1,12739,0,0.0,,0,1,12777,0,0.0,,0,1,12788,0,0.0,,0,1,12788,0,0.0,,0,1,12772,0,0.0,,0,0,0,0,0.0,,0,1,12832,0,0.0,,0,0,0,0,0.0,,0,1,12799,0,0.0
1778949341.6760569,0.0,12800,-51.0,0,,0,0,0,0,0.0,,0,0,0,0,0.0,,1,1,12805,0,0.0,,0,0,0,0,0.0,,8,1,0,0,0.0,,0,0,0,0,0.0,,8,1,65,0,0.0,,1,1,12756,0,0.0,,0,1,12777,0,0.0,,0,1,12788,0,0.0,,0,1,12788,0,0.0,,0,1,12772,0,0.0,,0,0,0,0,0.0,,0,1,12832,0,0.0,,0,0,0,0,0.0,,0,1,12799,0,0.0
1778949341.7270985,0.0,12782,-51.0,0,,0,0,0,0,0.0,,0,0,0,0,0.0,,1,1,12777,0,0.0,,0,0,0,0,0.0,,8,1,0,0,0.0,,0,0,0,0,0.0,,8,1,98,0,0.0,,1,1,12739,0,0.0,,0,1,12788,0,0.0,,0,1,12816,0,0.0,,0,1,12739,0,0.0,,0,1,12756,0,0.0,,0,0,0,0,0.0,,0,1,12821,0,0.0,,0,0,0,0,0.0,,0,1,12794,0,0.0
1778949341.7826643,0.0,12782,-51.0,0,,0,0,0,0,0.0,,0,0,0,0,0.0,,1,1,12756,0,0.0,,0,0,0,0,0.0,,8,1,0,0,0.0,,0,0,0,0,0.0,,8,1,65,0,0.0,,1,1,12717,0,0.0,,0,1,12766,0,0.0,,0,1,12788,0,0.0,,0,1,12701,0,0.0,,0,1,12739,0,0.0,,0,0,0,0,0.0,,0,1,12821,0,0.0,,0,0,0,0,0.0,,0,1,12794,0,0.0
1778949341.8361485,0.0,12782,-51.0,0,,0,0,0,0,0.0,,0,0,0,0,0.0,,1,1,12788,0,0.0,,0,0,0,0,0.0,,8,1,0,0,0.0,,0,0,0,0,0.0,,8,1,65,0,0.0,,1,1,12766,0,0.0,,0,1,12788,0,0.0,,0,1,12777,0,0.0,,0,1,12766,0,0.0,,0,1,12766,0,0.0,,0,0,0,0,0.0,,0,1,12788,0,0.0,,0,0,0,0,0.0,,0,1,12788,0,0.0
1778949341.8876867,0.0,12757,-51.0,0,,0,0,0,0,0.0,,0,0,0,0,0.0,,1,1,12788,0,0.0,,0,0,0,0,0.0,,8,1,0,0,0.0,,0,0,0,0,0.0,,8,1,60,0,0.0,,1,1,12756,0,0.0,,0,1,12766,0,0.0,,0,1,12783,0,0.0,,0,1,12734,0,0.0,,0,1,12739,0,0.0,,0,0,0,0,0.0,,0,1,12788,0,0.0,,0,0,0,0,0.0,,0,1,12777,0,0.0
1778949341.938764,0.0,12757,-51.0,0,,0,0,0,0,0.0,,0,0,0,0,0.0,,1,1,12816,0,0.0,,0,0,0,0,0.0,,8,1,0,0,0.0,,0,0,0,0,0.0,,8,1,65,0,0.0,,1,1,12739,0,0.0,,0,1,12772,0,0.0,,0,1,12766,0,0.0,,0,1,12788,0,0.0,,0,1,12717,0,0.0,,0,0,0,0,0.0,,0,1,12788,0,0.0,,0,0,0,0,0.0,,0,1,12739,0,0.0
1778949341.9897742,0.0,12800,-51.0,0,,0,0,0,0,0.0,,0,0,0,0,0.0,,1,1,12684,0,0.0,,0,0,0,0,0.0,,8,1,0,0,0.0,,0,0,0,0,0.0,,8,1,65,0,0.0,,1,1,12684,0,0.0,,0,1,12810,0,0.0,,0,1,12772,0,0.0,,0,1,12799,0,0.0,,0,1,12701,0,0.0,,0,0,0,0,0.0,,0,1,12799,0,0.0,,0,0,0,0,0.0,,0,1,12805,0,0.0
1778949342.0401633,0.0,12788,-54.0,0,,0,0,0,0,0.0,,0,0,0,0,0.0,,1,1,12684,0,0.0,,0,0,0,0,0.0,,8,1,0,0,0.0,,0,0,0,0,0.0,,8,1,65,0,0.0,,1,1,12684,0,0.0,,0,1,12810,0,0.0,,0,1,12772,0,0.0,,0,1,12799,0,0.0,,0,1,12701,0,0.0,,0,0,0,0,0.0,,0,1,12805,0,0.0,,0,0,0,0,0.0,,0,1,12772,0,0.0
1778949342.0914514,0.0,12788,-54.0,0,,0,0,0,0,0.0,,0,0,0,0,0.0,,1,1,12794,0,0.0,,0,0,0,0,0.0,,8,1,0,0,0.0,,0,0,0,0,0.0,,8,1,65,0,0.0,,1,1,12761,0,0.0,,0,1,12810,0,0.0,,0,1,12810,0,0.0,,0,1,12788,0,0.0,,0,1,12761,0,0.0,,0,0,0,0,0.0,,0,1,12788,0,0.0,,0,0,0,0,0.0,,0,1,12728,0,0.0
1778949342.1505513,0.0,12813,-52.0,0,,0,0,0,0,0.0,,0,0,0,0,0.0,,1,1,12810,0,0.0,,0,0,0,0,0.0,,8,1,0,0,0.0,,0,0,0,0,0.0,,8,1,65,0,0.0,,1,1,12684,0,0.0,,0,1,12816,0,0.0,,0,1,12810,0,0.0,,0,1,12810,0,0.0,,0,1,12761,0,0.0,,0,0,0,0,0.0,,0,1,12772,0,0.0,,0,0,0,0,0.0,,0,1,12684,0,0.0
1778949342.20611,0.0,12763,-54.0,0,,0,0,0,0,0.0,,0,0,0,0,0.0,,1,1,12810,0,0.0,,0,0,0,0,0.0,,8,1,0,0,0.0,,0,0,0,0,0.0,,8,1,65,0,0.0,,1,1,12684,0,0.0,,0,1,12772,0,0.0,,0,1,12766,0,0.0,,0,1,12772,0,0.0,,0,1,12777,0,0.0,,0,0,0,0,0.0,,0,1,12772,0,0.0,,0,0,0,0,0.0,,0,1,12734,0,0.0
1778949342.2564895,0.0,12800,-52.0,0,,0,0,0,0,0.0,,0,0,0,0,0.0,,1,1,12756,0,0.0,,0,0,0,0,0.0,,8,1,0,0,0.0,,0,0,0,0,0.0,,8,1,65,0,0.0,,1,1,12728,0,0.0,,0,1,12761,0,0.0,,0,1,12734,0,0.0,,0,1,12783,0,0.0,,0,1,12739,0,0.0,,0,0,0,0,0.0,,0,1,12810,0,0.0,,0,0,0,0,0.0,,0,1,12788,0,0.0
1778949342.3104613,0.0,12800,-52.0,0,,0,0,0,0,0.0,,0,0,0,0,0.0,,1,1,12772,0,0.0,,0,0,0,0,0.0,,8,1,0,0,0.0,,0,0,0,0,0.0,,8,1,98,0,0.0,,1,1,12734,0,0.0,,0,1,12761,0,0.0,,0,1,12756,0,0.0,,0,1,12750,0,0.0,,0,1,12723,0,0.0,,0,0,0,0,0.0,,0,1,12777,0,0.0,,0,0,0,0,0.0,,0,1,12756,0,0.0
1778949342.3610635,0.0,12745,-51.0,0,,0,0,0,0,0.0,,0,0,0,0,0.0,,1,1,12772,0,0.0,,0,0,0,0,0.0,,8,1,0,0,0.0,,0,0,0,0,0.0,,8,1,98,0,0.0,,1,1,12734,0,0.0,,0,1,12761,0,0.0,,0,1,12756,0,0.0,,0,1,12750,0,0.0,,0,1,12723,0,0.0,,0,0,0,0,0.0,,0,1,12777,0,0.0,,0,0,0,0,0.0,,0,1,12756,0,0.0
1778949342.4120293,0.0,12813,-54.0,0,,0,0,0,0,0.0,,0,0,0,0,0.0,,1,1,12788,0,0.0,,0,0,0,0,0.0,,8,1,0,0,0.0,,0,0,0,0,0.0,,8,1,60,0,0.0,,1,1,12756,0,0.0,,0,1,12766,0,0.0,,0,1,12756,0,0.0,,0,1,12706,0,0.0,,0,1,12739,0,0.0,,0,0,0,0,0.0,,0,1,12777,0,0.0,,0,0,0,0,0.0,,0,1,12794,0,0.0
1778949342.46549,0.0,12813,-54.0,0,,0,0,0,0,0.0,,0,0,0,0,0.0,,1,1,12788,0,0.0,,0,0,0,0,0.0,,8,1,0,0,0.0,,0,0,0,0,0.0,,8,1,60,0,0.0,,1,1,12756,0,0.0,,0,1,12766,0,0.0,,0,1,12756,0,0.0,,0,1,12706,0,0.0,,0,1,12739,0,0.0,,0,0,0,0,0.0,,0,1,12777,0,0.0,,0,0,0,0,0.0,,0,1,12794,0,0.0
1778949342.5171359,0.0,12763,-52.0,0,,0,0,0,0,0.0,,0,0,0,0,0.0,,1,1,12810,0,0.0,,0,0,0,0,0.0,,8,1,0,0,0.0,,0,0,0,0,0.0,,8,1,65,0,0.0,,1,1,12706,0,0.0,,0,1,12799,0,0.0,,0,1,12827,0,0.0,,0,1,12810,0,0.0,,0,1,12745,0,0.0,,0,0,0,0,0.0,,0,1,12772,0,0.0,,0,0,0,0,0.0,,0,1,12766,0,0.0
1778949342.572785,0.0,12794,-52.0,0,,0,0,0,0,0.0,,0,0,0,0,0.0,,1,1,12766,0,0.0,,0,0,0,0,0.0,,8,1,0,0,0.0,,0,0,0,0,0.0,,8,1,65,0,0.0,,1,1,12750,0,0.0,,0,1,12766,0,0.0,,0,1,12684,0,0.0,,0,1,12799,0,0.0,,0,1,12750,0,0.0,,0,0,0,0,0.0,,0,1,12684,0,0.0,,0,0,0,0,0.0,,0,1,12810,0,0.0
1778949342.6301196,0.0,12794,-52.0,0,,0,0,0,0,0.0,,0,0,0,0,0.0,,1,1,12794,0,0.0,,0,0,0,0,0.0,,8,1,0,0,0.0,,0,0,0,0,0.0,,8,1,54,0,0.0,,1,1,12766,0,0.0,,0,1,12794,0,0.0,,0,1,12810,0,0.0,,0,1,12794,0,0.0,,0,1,12788,0,0.0,,0,0,0,0,0.0,,0,1,12684,0,0.0,,0,0,0,0,0.0,,0,1,12810,0,0.0
1778949342.6935678,0.0,12757,-51.0,0,,0,0,0,0,0.0,,0,0,0,0,0.0,,1,1,12684,0,0.0,,0,0,0,0,0.0,,8,1,0,0,0.0,,0,0,0,0,0.0,,8,1,71,0,0.0,,1,1,12684,0,0.0,,0,1,12794,0,0.0,,0,1,12684,0,0.0,,0,1,12783,0,0.0,,0,1,12712,0,0.0,,0,0,0,0,0.0,,0,1,12805,0,0.0,,0,0,0,0,0.0,,0,1,12788,0,0.0
1778949342.7504437,0.0,12788,-51.0,0,,0,0,0,0,0.0,,0,0,0,0,0.0,,1,1,12684,0,0.0,,0,0,0,0,0.0,,8,1,0,0,0.0,,0,0,0,0,0.0,,8,1,71,0,0.0,,1,1,12684,0,0.0,,0,1,12794,0,0.0,,0,1,12684,0,0.0,,0,1,12783,0,0.0,,0,1,12712,0,0.0,,0,0,0,0,0.0,,0,1,12805,0,0.0,,0,0,0,0,0.0,,0,1,12788,0,0.0
1778949342.8011436,0.0,12788,-51.0,0,,0,0,0,0,0.0,,0,0,0,0,0.0,,1,1,12788,0,0.0,,0,0,0,0,0.0,,8,1,0,0,0.0,,0,0,0,0,0.0,,8,1,65,0,0.0,,1,1,12739,0,0.0,,0,1,12794,0,0.0,,0,1,12788,0,0.0,,0,1,12788,0,0.0,,0,1,12684,0,0.0,,0,0,0,0,0.0,,0,1,12788,0,0.0,,0,0,0,0,0.0,,0,1,12788,0,0.0
1778949342.8647316,0.0,12788,-51.0,0,,0,0,0,0,0.0,,0,0,0,0,0.0,,1,1,12794,0,0.0,,0,0,0,0,0.0,,8,1,0,0,0.0,,0,0,0,0,0.0,,8,1,65,0,0.0,,1,1,12772,0,0.0,,0,1,12684,0,0.0,,0,1,12788,0,0.0,,0,1,12756,0,0.0,,0,1,12723,0,0.0,,0,0,0,0,0.0,,0,1,12816,0,0.0,,0,0,0,0,0.0,,0,1,12745,0,0.0
1778949342.9172156,0.0,12788,-51.0,0,,0,0,0,0,0.0,,0,0,0,0,0.0,,1,1,12745,0,0.0,,0,0,0,0,0.0,,8,1,0,0,0.0,,0,0,0,0,0.0,,8,1,60,0,0.0,,1,1,12750,0,0.0,,0,1,12717,0,0.0,,0,1,12739,0,0.0,,0,1,12717,0,0.0,,0,1,12756,0,0.0,,0,0,0,0,0.0,,0,1,12816,0,0.0,,0,0,0,0,0.0,,0,1,12745,0,0.0
1778949342.9790204,0.0,12776,-52.0,0,,0,0,0,0,0.0,,0,0,0,0,0.0,,1,1,12794,0,0.0,,0,0,0,0,0.0,,8,1,0,0,0.0,,0,0,0,0,0.0,,8,1,65,0,0.0,,1,1,12756,0,0.0,,0,1,12777,0,0.0,,0,1,12805,0,0.0,,0,1,12810,0,0.0,,0,1,12766,0,0.0,,0,0,0,0,0.0,,0,1,12827,0,0.0,,0,0,0,0,0.0,,0,1,12728,0,0.0
1778949343.032287,0.0,12763,-52.0,0,,0,0,0,0,0.0,,0,0,0,0,0.0,,1,1,12788,0,0.0,,0,0,0,0,0.0,,8,1,0,0,0.0,,0,0,0,0,0.0,,8,1,65,0,0.0,,1,1,12756,0,0.0,,0,1,12761,0,0.0,,0,1,12832,0,0.0,,0,1,12794,0,0.0,,0,1,12739,0,0.0,,0,0,0,0,0.0,,0,1,12766,0,0.0,,0,0,0,0,0.0,,0,1,12756,0,0.0
1778949343.0840142,0.0,12763,-51.0,0,,0,0,0,0,0.0,,0,0,0,0,0.0,,1,1,12783,0,0.0,,0,0,0,0,0.0,,8,1,0,0,0.0,,0,0,0,0,0.0,,8,1,60,0,0.0,,1,1,12739,0,0.0,,0,1,12799,0,0.0,,0,1,12788,0,0.0,,0,1,12805,0,0.0,,0,1,12772,0,0.0,,0,0,0,0,0.0,,0,1,12777,0,0.0,,0,0,0,0,0.0,,0,1,12717,0,0.0
1778949343.145466,0.0,12757,-51.0,0,,0,0,0,0,0.0,,0,0,0,0,0.0,,1,1,12766,0,0.0,,0,0,0,0,0.0,,8,1,0,0,0.0,,0,0,0,0,0.0,,8,1,71,0,0.0,,1,1,12756,0,0.0,,0,1,12794,0,0.0,,0,1,12827,0,0.0,,0,1,12788,0,0.0,,0,1,12750,0,0.0,,0,0,0,0,0.0,,0,1,12756,0,0.0,,0,0,0,0,0.0,,0,1,12783,0,0.0
1778949343.196544,0.0,12757,-51.0,0,,0,0,0,0,0.0,,0,0,0,0,0.0,,1,1,12810,0,0.0,,0,0,0,0,0.0,,8,1,0,0,0.0,,0,0,0,0,0.0,,8,1,65,0,0.0,,1,1,12788,0,0.0,,0,1,12810,0,0.0,,0,1,12788,0,0.0,,0,1,12745,0,0.0,,0,1,12739,0,0.0,,0,0,0,0,0.0,,0,1,12827,0,0.0,,0,0,0,0,0.0,,0,1,12810,0,0.0
1778949343.2475464,0.0,12800,-51.0,0,,0,0,0,0,0.0,,0,0,0,0,0.0,,1,1,12739,0,0.0,,0,0,0,0,0.0,,8,1,0,0,0.0,,0,0,0,0,0.0,,8,1,65,0,0.0,,1,1,12772,0,0.0,,0,1,12799,0,0.0,,0,1,12821,0,0.0,,0,1,12772,0,0.0,,0,1,12728,0,0.0,,0,0,0,0,0.0,,0,1,12821,0,0.0,,0,0,0,0,0.0,,0,1,12794,0,0.0
1778949343.3018565,0.0,12807,-51.0,0,,0,0,0,0,0.0,,0,0,0,0,0.0,,1,1,12684,0,0.0,,0,0,0,0,0.0,,8,1,0,0,0.0,,0,0,0,0,0.0,,8,1,103,0,0.0,,1,1,12788,0,0.0,,0,1,12766,0,0.0,,0,1,12684,0,0.0,,0,1,12728,0,0.0,,0,1,12684,0,0.0,,0,0,0,0,0.0,,0,1,12766,0,0.0,,0,0,0,0,0.0,,0,1,12739,0,0.0
1778949343.35222,0.0,12788,-51.0,0,,0,0,0,0,0.0,,0,0,0,0,0.0,,1,1,12783,0,0.0,,0,0,0,0,0.0,,8,1,0,0,0.0,,0,0,0,0,0.0,,8,1,65,0,0.0,,1,1,12734,0,0.0,,0,1,12788,0,0.0,,0,1,12739,0,0.0,,0,1,12706,0,0.0,,0,1,12717,0,0.0,,0,0,0,0,0.0,,0,1,12827,0,0.0,,0,0,0,0,0.0,,0,1,12766,0,0.0
1778949343.4027374,0.0,12788,-51.0,0,,0,0,0,0,0.0,,0,0,0,0,0.0,,1,1,12783,0,0.0,,0,0,0,0,0.0,,8,1,0,0,0.0,,0,0,0,0,0.0,,8,1,65,0,0.0,,1,1,12734,0,0.0,,0,1,12788,0,0.0,,0,1,12739,0,0.0,,0,1,12706,0,0.0,,0,1,12717,0,0.0,,0,0,0,0,0.0,,0,1,12827,0,0.0,,0,0,0,0,0.0,,0,1,12766,0,0.0
1778949343.4539194,0.0,12788,-51.0,0,,0,0,0,0,0.0,,0,0,0,0,0.0,,1,1,12810,0,0.0,,0,0,0,0,0.0,,8,1,0,0,0.0,,0,0,0,0,0.0,,8,1,65,0,0.0,,1,1,12723,0,0.0,,0,1,12821,0,0.0,,0,1,12756,0,0.0,,0,1,12756,0,0.0,,0,1,12717,0,0.0,,0,0,0,0,0.0,,0,1,12756,0,0.0,,0,0,0,0,0.0,,0,1,12739,0,0.0
1778949343.5222404,0.0,12794,-51.0,0,,0,0,0,0,0.0,,0,0,0,0,0.0,,1,1,12723,0,0.0,,0,0,0,0,0.0,,8,1,0,0,0.0,,0,0,0,0,0.0,,8,1,65,0,0.0,,1,1,12684,0,0.0,,0,1,12766,0,0.0,,0,1,12684,0,0.0,,0,1,12745,0,0.0,,0,1,12684,0,0.0,,0,0,0,0,0.0,,0,1,12684,0,0.0,,0,0,0,0,0.0,,0,1,12695,0,0.0
1778949343.5744205,0.0,12794,-51.0,0,,0,0,0,0,0.0,,0,0,0,0,0.0,,1,1,12788,0,0.0,,0,0,0,0,0.0,,8,1,0,0,0.0,,0,0,0,0,0.0,,8,1,65,0,0.0,,1,1,12739,0,0.0,,0,1,12766,0,0.0,,0,1,12684,0,0.0,,0,1,12745,0,0.0,,0,1,12684,0,0.0,,0,0,0,0,0.0,,0,1,12684,0,0.0,,0,0,0,0,0.0,,0,1,12695,0,0.0
1778949343.6269782,0.0,12800,-51.0,0,,0,0,0,0,0.0,,0,0,0,0,0.0,,1,1,12805,0,0.0,,0,0,0,0,0.0,,8,1,0,0,0.0,,0,0,0,0,0.0,,8,1,65,0,0.0,,1,1,12772,0,0.0,,0,1,12788,0,0.0,,0,1,12832,0,0.0,,0,1,12745,0,0.0,,0,1,12756,0,0.0,,0,0,0,0,0.0,,0,1,12788,0,0.0,,0,0,0,0,0.0,,0,1,12756,0,0.0
1778949343.6908503,0.0,12800,-51.0,0,,0,0,0,0,0.0,,0,0,0,0,0.0,,1,1,12805,0,0.0,,0,0,0,0,0.0,,8,1,0,0,0.0,,0,0,0,0,0.0,,8,1,65,0,0.0,,1,1,12717,0,0.0,,0,1,12788,0,0.0,,0,1,12832,0,0.0,,0,1,12745,0,0.0,,0,1,12756,0,0.0,,0,0,0,0,0.0,,0,1,12788,0,0.0,,0,0,0,0,0.0,,0,1,12756,0,0.0
1778949343.7429326,0.0,12776,-52.0,0,,0,0,0,0,0.0,,0,0,0,0,0.0,,1,1,12788,0,0.0,,0,0,0,0,0.0,,8,1,0,0,0.0,,0,0,0,0,0.0,,8,1,60,0,0.0,,1,1,12734,0,0.0,,0,1,12783,0,0.0,,0,1,12810,0,0.0,,0,1,12805,0,0.0,,0,1,12772,0,0.0,,0,0,0,0,0.0,,0,1,12810,0,0.0,,0,0,0,0,0.0,,0,1,12772,0,0.0
1778949343.794684,0.0,12782,-52.0,0,,0,0,0,0,0.0,,0,0,0,0,0.0,,1,1,12788,0,0.0,,0,0,0,0,0.0,,8,1,0,0,0.0,,0,0,0,0,0.0,,8,1,60,0,0.0,,1,1,12734,0,0.0,,0,1,12783,0,0.0,,0,1,12810,0,0.0,,0,1,12805,0,0.0,,0,1,12772,0,0.0,,0,0,0,0,0.0,,0,1,12810,0,0.0,,0,0,0,0,0.0,,0,1,12772,0,0.0
1778949343.844965,0.0,12800,-52.0,0,,0,0,0,0,0.0,,0,0,0,0,0.0,,1,1,12739,0,0.0,,0,0,0,0,0.0,,8,1,0,0,0.0,,0,0,0,0,0.0,,8,1,65,0,0.0,,1,1,12739,0,0.0,,0,1,12794,0,0.0,,0,1,12805,0,0.0,,0,1,12745,0,0.0,,0,1,12756,0,0.0,,0,0,0,0,0.0,,0,1,12832,0,0.0,,0,0,0,0,0.0,,0,1,12783,0,0.0
1778949343.8974538,0.0,12800,-51.0,0,,0,0,0,0,0.0,,0,0,0,0,0.0,,1,1,12777,0,0.0,,0,0,0,0,0.0,,8,1,0,0,0.0,,0,0,0,0,0.0,,8,1,65,0,0.0,,1,1,12739,0,0.0,,0,1,12810,0,0.0,,0,1,12827,0,0.0,,0,1,12805,0,0.0,,0,1,12772,0,0.0,,0,0,0,0,0.0,,0,1,12750,0,0.0,,0,0,0,0,0.0,,0,1,12750,0,0.0
1778949343.9599712,0.0,12800,-51.0,0,,0,0,0,0,0.0,,0,0,0,0,0.0,,1,1,12734,0,0.0,,0,0,0,0,0.0,,8,1,0,0,0.0,,0,0,0,0,0.0,,8,1,103,0,0.0,,1,1,12739,0,0.0,,0,1,12734,0,0.0,,0,1,12783,0,0.0,,0,1,12766,0,0.0,,0,1,12734,0,0.0,,0,0,0,0,0.0,,0,1,12783,0,0.0,,0,0,0,0,0.0,,0,1,12777,0,0.0
1778949344.0181358,0.0,12763,-51.0,0,,0,0,0,0,0.0,,0,0,0,0,0.0,,1,1,12739,0,0.0,,0,0,0,0,0.0,,8,1,0,0,0.0,,0,0,0,0,0.0,,8,1,65,0,0.0,,1,1,12756,0,0.0,,0,1,12750,0,0.0,,0,1,12788,0,0.0,,0,1,12772,0,0.0,,0,1,12684,0,0.0,,0,0,0,0,0.0,,0,1,12766,0,0.0,,0,0,0,0,0.0,,0,1,12783,0,0.0
1778949344.0723758,0.0,12763,-51.0,0,,0,0,0,0,0.0,,0,0,0,0,0.0,,1,1,12728,0,0.0,,0,0,0,0,0.0,,8,1,0,0,0.0,,0,0,0,0,0.0,,8,1,65,0,0.0,,1,1,12756,0,0.0,,0,1,12750,0,0.0,,0,1,12788,0,0.0,,0,1,12772,0,0.0,,0,1,12684,0,0.0,,0,0,0,0,0.0,,0,1,12766,0,0.0,,0,0,0,0,0.0,,0,1,12783,0,0.0
1778949344.1319282,0.0,12776,-51.0,0,,0,0,0,0,0.0,,0,0,0,0,0.0,,1,1,12684,0,0.0,,0,0,0,0,0.0,,8,1,0,0,0.0,,0,0,0,0,0.0,,8,1,65,0,0.0,,1,1,12783,0,0.0,,0,1,12799,0,0.0,,0,1,12684,0,0.0,,0,1,12805,0,0.0,,0,1,12684,0,0.0,,0,0,0,0,0.0,,0,1,12684,0,0.0,,0,0,0,0,0.0,,0,1,12684,0,0.0
1778949344.1822052,0.0,12763,-51.0,0,,0,0,0,0,0.0,,0,0,0,0,0.0,,1,1,12783,0,0.0,,0,0,0,0,0.0,,8,1,0,0,0.0,,0,0,0,0,0.0,,8,1,71,0,0.0,,1,1,12772,0,0.0,,0,1,12761,0,0.0,,0,1,12756,0,0.0,,0,1,12734,0,0.0,,0,1,12712,0,0.0,,0,0,0,0,0.0,,0,1,12772,0,0.0,,0,0,0,0,0.0,,0,1,12777,0,0.0
1778949344.234861,0.0,12763,-51.0,0,,0,0,0,0,0.0,,0,0,0,0,0.0,,1,1,12799,0,0.0,,0,0,0,0,0.0,,8,1,0,0,0.0,,0,0,0,0,0.0,,8,1,71,0,0.0,,1,1,12772,0,0.0,,0,1,12761,0,0.0,,0,1,12756,0,0.0,,0,1,12734,0,0.0,,0,1,12712,0,0.0,,0,0,0,0,0.0,,0,1,12772,0,0.0,,0,0,0,0,0.0,,0,1,12777,0,0.0
1778949344.2881012,0.0,12788,-52.0,0,,0,0,0,0,0.0,,0,0,0,0,0.0,,1,1,12766,0,0.0,,0,0,0,0,0.0,,8,1,0,0,0.0,,0,0,0,0,0.0,,8,1,65,0,0.0,,1,1,12734,0,0.0,,0,1,12810,0,0.0,,0,1,12816,0,0.0,,0,1,12783,0,0.0,,0,1,12723,0,0.0,,0,0,0,0,0.0,,0,1,12756,0,0.0,,0,0,0,0,0.0,,0,1,12756,0,0.0
1778949344.3438601,0.0,12788,-52.0,0,,0,0,0,0,0.0,,0,0,0,0,0.0,,1,1,12772,0,0.0,,0,0,0,0,0.0,,8,1,0,0,0.0,,0,0,0,0,0.0,,8,1,92,0,0.0,,1,1,12712,0,0.0,,0,1,12777,0,0.0,,0,1,12788,0,0.0,,0,1,12783,0,0.0,,0,1,12739,0,0.0,,0,0,0,0,0.0,,0,1,12799,0,0.0,,0,0,0,0,0.0,,0,1,12766,0,0.0
1778949344.4055836,0.0,12776,-51.0,0,,0,0,0,0,0.0,,0,0,0,0,0.0,,1,1,12794,0,0.0,,0,0,0,0,0.0,,8,1,0,0,0.0,,0,0,0,0,0.0,,8,1,60,0,0.0,,1,1,12777,0,0.0,,0,1,12816,0,0.0,,0,1,12810,0,0.0,,0,1,12766,0,0.0,,0,1,12723,0,0.0,,0,0,0,0,0.0,,0,1,12821,0,0.0,,0,0,0,0,0.0,,0,1,12783,0,0.0
1778949344.4565027,0.0,12776,-51.0,0,,0,0,0,0,0.0,,0,0,0,0,0.0,,1,1,12794,0,0.0,,0,0,0,0,0.0,,8,1,0,0,0.0,,0,0,0,0,0.0,,8,1,60,0,0.0,,1,1,12777,0,0.0,,0,1,12816,0,0.0,,0,1,12810,0,0.0,,0,1,12766,0,0.0,,0,1,12723,0,0.0,,0,0,0,0,0.0,,0,1,12821,0,0.0,,0,0,0,0,0.0,,0,1,12783,0,0.0
1778949344.5082219,0.0,12776,-51.0,0,,0,0,0,0,0.0,,0,0,0,0,0.0,,1,1,12766,0,0.0,,0,0,0,0,0.0,,8,1,0,0,0.0,,0,0,0,0,0.0,,8,1,98,0,0.0,,1,1,12723,0,0.0,,0,1,12799,0,0.0,,0,1,12777,0,0.0,,0,1,12750,0,0.0,,0,1,12766,0,0.0,,0,0,0,0,0.0,,0,1,12788,0,0.0,,0,0,0,0,0.0,,0,1,12701,0,0.0
1778949344.5636096,0.0,12782,-52.0,0,,0,0,0,0,0.0,,0,0,0,0,0.0,,1,1,12745,0,0.0,,0,0,0,0,0.0,,8,1,0,0,0.0,,0,0,0,0,0.0,,8,1,65,0,0.0,,1,1,12766,0,0.0,,0,1,12805,0,0.0,,0,1,12788,0,0.0,,0,1,12745,0,0.0,,0,1,12739,0,0.0,,0,0,0,0,0.0,,0,1,12756,0,0.0,,0,0,0,0,0.0,,0,1,12756,0,0.0
1778949344.622659,0.0,12782,-52.0,0,,0,0,0,0,0.0,,0,0,0,0,0.0,,1,1,12745,0,0.0,,0,0,0,0,0.0,,8,1,0,0,0.0,,0,0,0,0,0.0,,8,1,65,0,0.0,,1,1,12766,0,0.0,,0,1,12805,0,0.0,,0,1,12788,0,0.0,,0,1,12745,0,0.0,,0,1,12739,0,0.0,,0,0,0,0,0.0,,0,1,12756,0,0.0,,0,0,0,0,0.0,,0,1,12756,0,0.0
1778949344.6778958,0.0,12794,-51.0,0,,0,0,0,0,0.0,,0,0,0,0,0.0,,1,1,12766,0,0.0,,0,0,0,0,0.0,,8,1,0,0,0.0,,0,0,0,0,0.0,,8,1,65,0,0.0,,1,1,12766,0,0.0,,0,1,12761,0,0.0,,0,1,12810,0,0.0,,0,1,12772,0,0.0,,0,1,12766,0,0.0,,0,0,0,0,0.0,,0,1,12810,0,0.0,,0,0,0,0,0.0,,0,1,12739,0,0.0
1778949344.7446733,0.0,12794,-51.0,0,,0,0,0,0,0.0,,0,0,0,0,0.0,,1,1,12756,0,0.0,,0,0,0,0,0.0,,8,1,0,0,0.0,,0,0,0,0,0.0,,8,1,65,0,0.0,,1,1,12756,0,0.0,,0,1,12799,0,0.0,,0,1,12810,0,0.0,,0,1,12766,0,0.0,,0,1,12766,0,0.0,,0,0,0,0,0.0,,0,1,12810,0,0.0,,0,0,0,0,0.0,,0,1,12739,0,0.0
1778949344.7954793,0.0,12813,-52.0,0,,0,0,0,0,0.0,,0,0,0,0,0.0,,1,1,12766,0,0.0,,0,0,0,0,0.0,,8,1,0,0,0.0,,0,0,0,0,0.0,,8,1,71,0,0.0,,1,1,12788,0,0.0,,0,1,12799,0,0.0,,0,1,12766,0,0.0,,0,1,12805,0,0.0,,0,1,12783,0,0.0,,0,0,0,0,0.0,,0,1,12832,0,0.0,,0,0,0,0,0.0,,0,1,12761,0,0.0
1778949344.8470645,0.0,12751,-51.0,0,,0,0,0,0,0.0,,0,0,0,0,0.0,,1,1,12766,0,0.0,,0,0,0,0,0.0,,8,1,0,0,0.0,,0,0,0,0,0.0,,8,1,71,0,0.0,,1,1,12788,0,0.0,,0,1,12799,0,0.0,,0,1,12766,0,0.0,,0,1,12805,0,0.0,,0,1,12783,0,0.0,,0,0,0,0,0.0,,0,1,12832,0,0.0,,0,0,0,0,0.0,,0,1,12761,0,0.0
1778949344.8975513,0.0,12751,-51.0,0,,0,0,0,0,0.0,,0,0,0,0,0.0,,1,1,12761,0,0.0,,0,0,0,0,0.0,,8,1,0,0,0.0,,0,0,0,0,0.0,,8,1,65,0,0.0,,1,1,12772,0,0.0,,0,1,12777,0,0.0,,0,1,12772,0,0.0,,0,1,12766,0,0.0,,0,1,12690,0,0.0,,0,0,0,0,0.0,,0,1,12821,0,0.0,,0,0,0,0,0.0,,0,1,12788,0,0.0
1778949344.9518976,0.0,12813,-52.0,0,,0,0,0,0,0.0,,0,0,0,0,0.0,,1,1,12761,0,0.0,,0,0,0,0,0.0,,8,1,0,0,0.0,,0,0,0,0,0.0,,8,1,65,0,0.0,,1,1,12788,0,0.0,,0,1,12684,0,0.0,,0,1,12799,0,0.0,,0,1,12717,0,0.0,,0,1,12695,0,0.0,,0,0,0,0,0.0,,0,1,12816,0,0.0,,0,0,0,0,0.0,,0,1,12794,0,0.0
1778949345.0032804,0.0,12776,-52.0,0,,0,0,0,0,0.0,,0,0,0,0,0.0,,1,1,12794,0,0.0,,0,0,0,0,0.0,,8,1,0,0,0.0,,0,0,0,0,0.0,,8,1,65,0,0.0,,1,1,12788,0,0.0,,0,1,12799,0,0.0,,0,1,12821,0,0.0,,0,1,12799,0,0.0,,0,1,12728,0,0.0,,0,0,0,0,0.0,,0,1,12756,0,0.0,,0,0,0,0,0.0,,0,1,12756,0,0.0
1778949345.0542426,0.0,12776,-52.0,0,,0,0,0,0,0.0,,0,0,0,0,0.0,,1,1,12794,0,0.0,,0,0,0,0,0.0,,8,1,0,0,0.0,,0,0,0,0,0.0,,8,1,65,0,0.0,,1,1,12766,0,0.0,,0,1,12821,0,0.0,,0,1,12684,0,0.0,,0,1,12766,0,0.0,,0,1,12684,0,0.0,,0,0,0,0,0.0,,0,1,12772,0,0.0,,0,0,0,0,0.0,,0,1,12750,0,0.0
1778949345.1263168,0.0,12763,-52.0,0,,0,0,0,0,0.0,,0,0,0,0,0.0,,1,1,12756,0,0.0,,0,0,0,0,0.0,,8,1,0,0,0.0,,0,0,0,0,0.0,,8,1,60,0,0.0,,1,1,12717,0,0.0,,0,1,12788,0,0.0,,0,1,12756,0,0.0,,0,1,12706,0,0.0,,0,1,12739,0,0.0,,0,0,0,0,0.0,,0,1,12832,0,0.0,,0,0,0,0,0.0,,0,1,12794,0,0.0
1778949345.1770425,0.0,12763,-52.0,0,,0,0,0,0,0.0,,0,0,0,0,0.0,,1,1,12739,0,0.0,,0,0,0,0,0.0,,8,1,0,0,0.0,,0,0,0,0,0.0,,8,1,65,0,0.0,,1,1,12777,0,0.0,,0,1,12788,0,0.0,,0,1,12756,0,0.0,,0,1,12706,0,0.0,,0,1,12739,0,0.0,,0,0,0,0,0.0,,0,1,12832,0,0.0,,0,0,0,0,0.0,,0,1,12794,0,0.0
1778949345.2308512,0.0,12807,-51.0,0,,0,0,0,0,0.0,,0,0,0,0,0.0,,1,1,12739,0,0.0,,0,0,0,0,0.0,,8,1,0,0,0.0,,0,0,0,0,0.0,,8,1,65,0,0.0,,1,1,12766,0,0.0,,0,1,12766,0,0.0,,0,1,12810,0,0.0,,0,1,12799,0,0.0,,0,1,12739,0,0.0,,0,0,0,0,0.0,,0,1,12821,0,0.0,,0,0,0,0,0.0,,0,1,12788,0,0.0
1778949345.2960882,0.0,12807,-51.0,0,,0,0,0,0,0.0,,0,0,0,0,0.0,,1,1,12739,0,0.0,,0,0,0,0,0.0,,8,1,0,0,0.0,,0,0,0,0,0.0,,8,1,65,0,0.0,,1,1,12766,0,0.0,,0,1,12766,0,0.0,,0,1,12810,0,0.0,,0,1,12799,0,0.0,,0,1,12739,0,0.0,,0,0,0,0,0.0,,0,1,12821,0,0.0,,0,0,0,0,0.0,,0,1,12788,0,0.0
1778949345.3470578,0.0,12751,-52.0,0,,0,0,0,0,0.0,,0,0,0,0,0.0,,1,1,12745,0,0.0,,0,0,0,0,0.0,,8,1,0,0,0.0,,0,0,0,0,0.0,,8,1,65,0,0.0,,1,1,12777,0,0.0,,0,1,12810,0,0.0,,0,1,12821,0,0.0,,0,1,12739,0,0.0,,0,1,12695,0,0.0,,0,0,0,0,0.0,,0,1,12810,0,0.0,,0,0,0,0,0.0,,0,1,12777,0,0.0
1778949345.3980143,0.0,12794,-51.0,0,,0,0,0,0,0.0,,0,0,0,0,0.0,,1,1,12745,0,0.0,,0,0,0,0,0.0,,8,1,0,0,0.0,,0,0,0,0,0.0,,8,1,65,0,0.0,,1,1,12777,0,0.0,,0,1,12810,0,0.0,,0,1,12821,0,0.0,,0,1,12739,0,0.0,,0,1,12695,0,0.0,,0,0,0,0,0.0,,0,1,12810,0,0.0,,0,0,0,0,0.0,,0,1,12777,0,0.0
1778949345.4494185,0.0,12794,-51.0,0,,0,0,0,0,0.0,,0,0,0,0,0.0,,1,1,12777,0,0.0,,0,0,0,0,0.0,,8,1,0,0,0.0,,0,0,0,0,0.0,,8,1,65,0,0.0,,1,1,12777,0,0.0,,0,1,12794,0,0.0,,0,1,12772,0,0.0,,0,1,12788,0,0.0,,0,1,12772,0,0.0,,0,0,0,0,0.0,,0,1,12756,0,0.0,,0,0,0,0,0.0,,0,1,12750,0,0.0
1778949345.5001273,0.0,12776,-51.0,0,,0,0,0,0,0.0,,0,0,0,0,0.0,,1,1,12766,0,0.0,,0,0,0,0,0.0,,8,1,0,0,0.0,,0,0,0,0,0.0,,8,1,87,0,0.0,,1,1,12777,0,0.0,,0,1,12799,0,0.0,,0,1,12777,0,0.0,,0,1,12772,0,0.0,,0,1,12766,0,0.0,,0,0,0,0,0.0,,0,1,12805,0,0.0,,0,0,0,0,0.0,,0,1,12761,0,0.0
1778949345.5618806,0.0,12807,-51.0,0,,0,0,0,0,0.0,,0,0,0,0,0.0,,1,1,12766,0,0.0,,0,0,0,0,0.0,,8,1,0,0,0.0,,0,0,0,0,0.0,,8,1,87,0,0.0,,1,1,12777,0,0.0,,0,1,12799,0,0.0,,0,1,12777,0,0.0,,0,1,12772,0,0.0,,0,1,12766,0,0.0,,0,0,0,0,0.0,,0,1,12805,0,0.0,,0,0,0,0,0.0,,0,1,12761,0,0.0
1778949345.613032,0.0,12807,-51.0,0,,0,0,0,0,0.0,,0,0,0,0,0.0,,1,1,12734,0,0.0,,0,0,0,0,0.0,,8,1,0,0,0.0,,0,0,0,0,0.0,,8,1,76,0,0.0,,1,1,12761,0,0.0,,0,1,12761,0,0.0,,0,1,12810,0,0.0,,0,1,12772,0,0.0,,0,1,12777,0,0.0,,0,0,0,0,0.0,,0,1,12766,0,0.0,,0,0,0,0,0.0,,0,1,12783,0,0.0
1778949345.6640017,0.0,12807,-51.0,0,,0,0,0,0,0.0,,0,0,0,0,0.0,,1,1,12734,0,0.0,,0,0,0,0,0.0,,8,1,0,0,0.0,,0,0,0,0,0.0,,8,1,76,0,0.0,,1,1,12761,0,0.0,,0,1,12761,0,0.0,,0,1,12810,0,0.0,,0,1,12772,0,0.0,,0,1,12777,0,0.0,,0,0,0,0,0.0,,0,1,12766,0,0.0,,0,0,0,0,0.0,,0,1,12783,0,0.0
1778949345.7162454,0.0,12807,-51.0,0,,0,0,0,0,0.0,,0,0,0,0,0.0,,1,1,12766,0,0.0,,0,0,0,0,0.0,,8,1,0,0,0.0,,0,0,0,0,0.0,,8,1,65,0,0.0,,1,1,12734,0,0.0,,0,1,12810,0,0.0,,0,1,12788,0,0.0,,0,1,12766,0,0.0,,0,1,12723,0,0.0,,0,0,0,0,0.0,,0,1,12838,0,0.0,,0,0,0,0,0.0,,0,1,12777,0,0.0
1778949345.7673979,0.0,12776,-54.0,0,,0,0,0,0,0.0,,0,0,0,0,0.0,,1,1,12788,0,0.0,,0,0,0,0,0.0,,8,1,0,0,0.0,,0,0,0,0,0.0,,8,1,65,0,0.0,,1,1,12739,0,0.0,,0,1,12788,0,0.0,,0,1,12783,0,0.0,,0,1,12772,0,0.0,,0,1,12717,0,0.0,,0,0,0,0,0.0,,0,1,12783,0,0.0,,0,0,0,0,0.0,,0,1,12739,0,0.0
1778949345.825061,0.0,12776,-54.0,0,,0,0,0,0,0.0,,0,0,0,0,0.0,,1,1,12777,0,0.0,,0,0,0,0,0.0,,8,1,0,0,0.0,,0,0,0,0,0.0,,8,1,65,0,0.0,,1,1,12739,0,0.0,,0,1,12788,0,0.0,,0,1,12783,0,0.0,,0,1,12772,0,0.0,,0,1,12717,0,0.0,,0,0,0,0,0.0,,0,1,12783,0,0.0,,0,0,0,0,0.0,,0,1,12739,0,0.0
1778949345.8759923,0.0,12751,-52.0,0,,0,0,0,0,0.0,,0,0,0,0,0.0,,1,1,12783,0,0.0,,0,0,0,0,0.0,,8,1,0,0,0.0,,0,0,0,0,0.0,,8,1,65,0,0.0,,1,1,12761,0,0.0,,0,1,12772,0,0.0,,0,1,12788,0,0.0,,0,1,12745,0,0.0,,0,1,12734,0,0.0,,0,0,0,0,0.0,,0,1,12783,0,0.0,,0,0,0,0,0.0,,0,1,12739,0,0.0
1778949345.9279127,0.0,12751,-52.0,0,-,0,0,0,0,0.0,-,0,0,0,0,0.0,ECU,1,1,12805,0,0.0,FAN1,0,0,0,0,0.0,COILS,8,1,0,0,0.0,PUMP,0,0,0,0,0.0,INJECTOR,8,1,65,0,0.0,SERVO,1,1,12766,0,0.0,ADD 1,0,1,12805,0,0.0,ADD 2,0,1,12821,0,0.0,ADD 3,0,1,12756,0,0.0,ADD 4,0,1,12723,0,0.0,ADD 5,0,0,0,0,0.0,ADD 6,0,1,12827,0,0.0,ADD 7,0,0,0,0,0.0,EGT2CAN,0,1,12788,0,0.0
1778949345.986932,0.0,12776,-51.0,0,-,0,0,0,0,0.0,-,0,0,0,0,0.0,ECU,1,1,12756,0,0.0,FAN1,0,0,0,0,0.0,COILS,8,1,0,0,0.0,PUMP,0,0,0,0,0.0,INJECTOR,8,1,65,0,0.0,SERVO,1,1,12766,0,0.0,ADD 1,0,1,12805,0,0.0,ADD 2,0,1,12821,0,0.0,ADD 3,0,1,12756,0,0.0,ADD 4,0,1,12723,0,0.0,ADD 5,0,0,0,0,0.0,ADD 6,0,1,12827,0,0.0,ADD 7,0,0,0,0,0.0,EGT2CAN,0,1,12788,0,0.0
1778949346.0377338,0.0,12794,-51.0,0,-,0,0,0,0,0.0,-,0,0,0,0,0.0,ECU,1,1,12788,0,0.0,FAN1,0,0,0,0,0.0,COILS,8,1,0,0,0.0,PUMP,0,0,0,0,0.0,INJECTOR,8,1,60,0,0.0,SERVO,1,1,12783,0,0.0,ADD 1,0,1,12777,0,0.0,ADD 2,0,1,12777,0,0.0,ADD 3,0,1,12750,0,0.0,ADD 4,0,1,12766,0,0.0,ADD 5,0,0,0,0,0.0,ADD 6,0,1,12810,0,0.0,ADD 7,0,0,0,0,0.0,EGT2CAN,0,1,12772,0,0.0
1778949346.0938013,0.0,12794,-52.0,0,-,0,0,0,0,0.0,-,0,0,0,0,0.0,ECU,1,1,12788,0,0.0,FAN1,0,0,0,0,0.0,COILS,8,1,0,0,0.0,PUMP,0,0,0,0,0.0,INJECTOR,8,1,71,0,0.0,SERVO,1,1,12766,0,0.0,ADD 1,0,1,12788,0,0.0,ADD 2,0,1,12810,0,0.0,ADD 3,0,1,12745,0,0.0,ADD 4,0,1,12728,0,0.0,ADD 5,0,0,0,0,0.0,ADD 6,0,1,12832,0,0.0,ADD 7,0,0,0,0,0.0,EGT2CAN,0,1,12788,0,0.0
1778949346.15753,0.0,12794,-52.0,0,-,0,0,0,0,0.0,-,0,0,0,0,0.0,ECU,1,1,12717,0,0.0,FAN1,0,0,0,0,0.0,COILS,8,1,0,0,0.0,PUMP,0,0,0,0,0.0,INJECTOR,8,1,65,0,0.0,SERVO,1,1,12739,0,0.0,ADD 1,0,1,12805,0,0.0,ADD 2,0,1,12788,0,0.0,ADD 3,0,1,12756,0,0.0,ADD 4,0,1,12766,0,0.0,ADD 5,0,0,0,0,0.0,ADD 6,0,1,12788,0,0.0,ADD 7,0,0,0,0,0.0,EGT2CAN,0,1,12788,0,0.0
1778949346.2083085,0.0,12807,-51.0,0,-,0,0,0,0,0.0,-,0,0,0,0,0.0,ECU,1,1,12717,0,0.0,FAN1,0,0,0,0,0.0,COILS,8,1,0,0,0.0,PUMP,0,0,0,0,0.0,INJECTOR,8,1,98,0,0.0,SERVO,1,1,12706,0,0.0,ADD 1,0,1,12750,0,0.0,ADD 2,0,1,12777,0,0.0,ADD 3,0,1,12766,0,0.0,ADD 4,0,1,12734,0,0.0,ADD 5,0,0,0,0,0.0,ADD 6,0,1,12832,0,0.0,ADD 7,0,0,0,0,0.0,EGT2CAN,0,1,12750,0,0.0
1778949346.2595305,0.0,12807,-51.0,0,-,0,0,0,0,0.0,-,0,0,0,0,0.0,ECU,1,1,12717,0,0.0,FAN1,0,0,0,0,0.0,COILS,8,1,0,0,0.0,PUMP,0,0,0,0,0.0,INJECTOR,8,1,98,0,0.0,SERVO,1,1,12706,0,0.0,ADD 1,0,1,12750,0,0.0,ADD 2,0,1,12777,0,0.0,ADD 3,0,1,12766,0,0.0,ADD 4,0,1,12734,0,0.0,ADD 5,0,0,0,0,0.0,ADD 6,0,1,12832,0,0.0,ADD 7,0,0,0,0,0.0,EGT2CAN,0,1,12750,0,0.0
1778949346.31074,0.0,12807,-51.0,0,-,0,0,0,0,0.0,-,0,0,0,0,0.0,ECU,1,1,12788,0,0.0,FAN1,0,0,0,0,0.0,COILS,8,1,0,0,0.0,PUMP,0,0,0,0,0.0,INJECTOR,8,1,65,0,0.0,SERVO,1,1,12772,0,0.0,ADD 1,0,1,12734,0,0.0,ADD 2,0,1,12799,0,0.0,ADD 3,0,1,12772,0,0.0,ADD 4,0,1,12766,0,0.0,ADD 5,0,0,0,0,0.0,ADD 6,0,1,12799,0,0.0,ADD 7,0,0,0,0,0.0,EGT2CAN,0,1,12788,0,0.0
1778949346.361959,0.0,12788,-52.0,0,-,0,0,0,0,0.0,-,0,0,0,0,0.0,ECU,1,1,12717,0,0.0,FAN1,0,0,0,0,0.0,COILS,8,1,0,0,0.0,PUMP,0,0,0,0,0.0,INJECTOR,8,1,65,0,0.0,SERVO,1,1,12766,0,0.0,ADD 1,0,1,12766,0,0.0,ADD 2,0,1,12821,0,0.0,ADD 3,0,1,12766,0,0.0,ADD 4,0,1,12739,0,0.0,ADD 5,0,0,0,0,0.0,ADD 6,0,1,12827,0,0.0,ADD 7,0,0,0,0,0.0,EGT2CAN,0,1,12794,0,0.0
1778949346.4184887,0.0,12800,-52.0,0,-,0,0,0,0,0.0,-,0,0,0,0,0.0,ECU,1,1,12794,0,0.0,FAN1,0,0,0,0,0.0,COILS,8,1,0,0,0.0,PUMP,0,0,0,0,0.0,INJECTOR,8,1,60,0,0.0,SERVO,1,1,12734,0,0.0,ADD 1,0,1,12772,0,0.0,ADD 2,0,1,12777,0,0.0,ADD 3,0,1,12772,0,0.0,ADD 4,0,1,12777,0,0.0,ADD 5,0,0,0,0,0.0,ADD 6,0,1,12832,0,0.0,ADD 7,0,0,0,0,0.0,EGT2CAN,0,1,12723,0,0.0
1778949346.4693363,0.0,12776,-52.0,0,-,0,0,0,0,0.0,-,0,0,0,0,0.0,ECU,1,1,12794,0,0.0,FAN1,0,0,0,0,0.0,COILS,8,1,0,0,0.0,PUMP,0,0,0,0,0.0,INJECTOR,8,1,65,0,0.0,SERVO,1,1,12788,0,0.0,ADD 1,0,1,12799,0,0.0,ADD 2,0,1,12821,0,0.0,ADD 3,0,1,12810,0,0.0,ADD 4,0,1,12772,0,0.0,ADD 5,0,0,0,0,0.0,ADD 6,0,1,12810,0,0.0,ADD 7,0,0,0,0,0.0,EGT2CAN,0,1,12783,0,0.0
1778949346.5330262,0.0,12788,-51.0,0,-,0,0,0,0,0.0,-,0,0,0,0,0.0,ECU,1,1,12805,0,0.0,FAN1,0,0,0,0,0.0,COILS,8,1,0,0,0.0,PUMP,0,0,0,0,0.0,INJECTOR,8,1,65,0,0.0,SERVO,1,1,12788,0,0.0,ADD 1,0,1,12788,0,0.0,ADD 2,0,1,12816,0,0.0,ADD 3,0,1,12783,0,0.0,ADD 4,0,1,12739,0,0.0,ADD 5,0,0,0,0,0.0,ADD 6,0,1,12794,0,0.0,ADD 7,0,0,0,0,0.0,EGT2CAN,0,1,12739,0,0.0
1778949346.5880404,0.0,12788,-51.0,0,-,0,0,0,0,0.0,-,0,0,0,0,0.0,ECU,1,1,12756,0,0.0,FAN1,0,0,0,0,0.0,COILS,8,1,0,0,0.0,PUMP,0,0,0,0,0.0,INJECTOR,8,1,65,0,0.0,SERVO,1,1,12788,0,0.0,ADD 1,0,1,12788,0,0.0,ADD 2,0,1,12816,0,0.0,ADD 3,0,1,12783,0,0.0,ADD 4,0,1,12739,0,0.0,ADD 5,0,0,0,0,0.0,ADD 6,0,1,12794,0,0.0,ADD 7,0,0,0,0,0.0,EGT2CAN,0,1,12739,0,0.0
1778949346.6455433,0.0,12813,-51.0,0,-,0,0,0,0,0.0,-,0,0,0,0,0.0,ECU,1,1,12810,0,0.0,FAN1,0,0,0,0,0.0,COILS,8,1,0,0,0.0,PUMP,0,0,0,0,0.0,INJECTOR,8,1,87,0,0.0,SERVO,1,1,12756,0,0.0,ADD 1,0,1,12761,0,0.0,ADD 2,0,1,12772,0,0.0,ADD 3,0,1,12717,0,0.0,ADD 4,0,1,12701,0,0.0,ADD 5,0,0,0,0,0.0,ADD 6,0,1,12810,0,0.0,ADD 7,0,0,0,0,0.0,EGT2CAN,0,1,12750,0,0.0
1778949346.7116005,0.0,12813,-51.0,0,-,0,0,0,0,0.0,-,0,0,0,0,0.0,ECU,1,1,12745,0,0.0,FAN1,0,0,0,0,0.0,COILS,8,1,0,0,0.0,PUMP,0,0,0,0,0.0,INJECTOR,8,1,87,0,0.0,SERVO,1,1,12756,0,0.0,ADD 1,0,1,12761,0,0.0,ADD 2,0,1,12772,0,0.0,ADD 3,0,1,12717,0,0.0,ADD 4,0,1,12701,0,0.0,ADD 5,0,0,0,0,0.0,ADD 6,0,1,12810,0,0.0,ADD 7,0,0,0,0,0.0,EGT2CAN,0,1,12750,0,0.0
1778949346.763309,0.0,12788,-51.0,0,-,0,0,0,0,0.0,-,0,0,0,0,0.0,ECU,1,1,12717,0,0.0,FAN1,0,0,0,0,0.0,COILS,8,1,0,0,0.0,PUMP,0,0,0,0,0.0,INJECTOR,8,1,60,0,0.0,SERVO,1,1,12756,0,0.0,ADD 1,0,1,12750,0,0.0,ADD 2,0,1,12772,0,0.0,ADD 3,0,1,12772,0,0.0,ADD 4,0,1,12766,0,0.0,ADD 5,0,0,0,0,0.0,ADD 6,0,1,12805,0,0.0,ADD 7,0,0,0,0,0.0,EGT2CAN,0,1,12706,0,0.0
1778949346.8173573,0.0,12788,-51.0,0,-,0,0,0,0,0.0,-,0,0,0,0,0.0,ECU,1,1,12717,0,0.0,FAN1,0,0,0,0,0.0,COILS,8,1,0,0,0.0,PUMP,0,0,0,0,0.0,INJECTOR,8,1,60,0,0.0,SERVO,1,1,12756,0,0.0,ADD 1,0,1,12750,0,0.0,ADD 2,0,1,12772,0,0.0,ADD 3,0,1,12772,0,0.0,ADD 4,0,1,12766,0,0.0,ADD 5,0,0,0,0,0.0,ADD 6,0,1,12805,0,0.0,ADD 7,0,0,0,0,0.0,EGT2CAN,0,1,12706,0,0.0
1778949346.868894,0.0,12788,-51.0,0,-,0,0,0,0,0.0,-,0,0,0,0,0.0,ECU,1,1,12794,0,0.0,FAN1,0,0,0,0,0.0,COILS,8,1,0,0,0.0,PUMP,0,0,0,0,0.0,INJECTOR,8,1,71,0,0.0,SERVO,1,1,12766,0,0.0,ADD 1,0,1,12788,0,0.0,ADD 2,0,1,12827,0,0.0,ADD 3,0,1,12756,0,0.0,ADD 4,0,1,12728,0,0.0,ADD 5,0,0,0,0,0.0,ADD 6,0,1,12788,0,0.0,ADD 7,0,0,0,0,0.0,EGT2CAN,0,1,12810,0,0.0
1778949346.9243102,0.0,12788,-52.0,0,-,0,0,0,0,0.0,-,0,0,0,0,0.0,ECU,1,1,12766,0,0.0,FAN1,0,0,0,0,0.0,COILS,8,1,0,0,0.0,PUMP,0,0,0,0,0.0,INJECTOR,8,1,60,0,0.0,SERVO,1,1,12777,0,0.0,ADD 1,0,1,12717,0,0.0,ADD 2,0,1,12788,0,0.0,ADD 3,0,1,12788,0,0.0,ADD 4,0,1,12772,0,0.0,ADD 5,0,0,0,0,0.0,ADD 6,0,1,12756,0,0.0,ADD 7,0,0,0,0,0.0,EGT2CAN,0,1,12723,0,0.0
1778949346.9858024,0.0,12788,-52.0,0,-,0,0,0,0,0.0,-,0,0,0,0,0.0,ECU,1,1,12766,0,0.0,FAN1,0,0,0,0,0.0,COILS,8,1,0,0,0.0,PUMP,0,0,0,0,0.0,INJECTOR,8,1,60,0,0.0,SERVO,1,1,12777,0,0.0,ADD 1,0,1,12717,0,0.0,ADD 2,0,1,12788,0,0.0,ADD 3,0,1,12788,0,0.0,ADD 4,0,1,12772,0,0.0,ADD 5,0,0,0,0,0.0,ADD 6,0,1,12756,0,0.0,ADD 7,0,0,0,0,0.0,EGT2CAN,0,1,12723,0,0.0
1778949347.0365577,0.0,12757,-52.0,0,-,0,0,0,0,0.0,-,0,0,0,0,0.0,ECU,1,1,12777,0,0.0,FAN1,0,0,0,0,0.0,COILS,8,1,0,0,0.0,PUMP,0,0,0,0,0.0,INJECTOR,8,1,65,0,0.0,SERVO,1,1,12734,0,0.0,ADD 1,0,1,12772,0,0.0,ADD 2,0,1,12756,0,0.0,ADD 3,0,1,12772,0,0.0,ADD 4,0,1,12745,0,0.0,ADD 5,0,0,0,0,0.0,ADD 6,0,1,12794,0,0.0,ADD 7,0,0,0,0,0.0,EGT2CAN,0,1,12712,0,0.0
1778949347.0874536,0.0,12757,-52.0,0,-,0,0,0,0,0.0,-,0,0,0,0,0.0,ECU,1,1,12739,0,0.0,FAN1,0,0,0,0,0.0,COILS,8,1,0,0,0.0,PUMP,0,0,0,0,0.0,INJECTOR,8,1,65,0,0.0,SERVO,1,1,12766,0,0.0,ADD 1,0,1,12761,0,0.0,ADD 2,0,1,12810,0,0.0,ADD 3,0,1,12799,0,0.0,ADD 4,0,1,12723,0,0.0,ADD 5,0,0,0,0,0.0,ADD 6,0,1,12821,0,0.0,ADD 7,0,0,0,0,0.0,EGT2CAN,0,1,12783,0,0.0
1778949347.13864,0.0,12794,-51.0,0,-,0,0,0,0,0.0,-,0,0,0,0,0.0,ECU,1,1,12717,0,0.0,FAN1,0,0,0,0,0.0,COILS,8,1,0,0,0.0,PUMP,0,0,0,0,0.0,INJECTOR,8,1,65,0,0.0,SERVO,1,1,12766,0,0.0,ADD 1,0,1,12761,0,0.0,ADD 2,0,1,12810,0,0.0,ADD 3,0,1,12799,0,0.0,ADD 4,0,1,12723,0,0.0,ADD 5,0,0,0,0,0.0,ADD 6,0,1,12821,0,0.0,ADD 7,0,0,0,0,0.0,EGT2CAN,0,1,12783,0,0.0
1778949347.1896074,0.0,12800,-52.0,0,-,0,0,0,0,0.0,-,0,0,0,0,0.0,ECU,1,1,12783,0,0.0,FAN1,0,0,0,0,0.0,COILS,8,1,0,0,0.0,PUMP,0,0,0,0,0.0,INJECTOR,8,1,71,0,0.0,SERVO,1,1,12788,0,0.0,ADD 1,0,1,12788,0,0.0,ADD 2,0,1,12766,0,0.0,ADD 3,0,1,12756,0,0.0,ADD 4,0,1,12745,0,0.0,ADD 5,0,0,0,0,0.0,ADD 6,0,1,12810,0,0.0,ADD 7,0,0,0,0,0.0,EGT2CAN,0,1,12783,0,0.0
1778949347.2503219,0.0,12800,-52.0,0,-,0,0,0,0,0.0,-,0,0,0,0,0.0,ECU,1,1,12777,0,0.0,FAN1,0,0,0,0,0.0,COILS,8,1,0,0,0.0,PUMP,0,0,0,0,0.0,INJECTOR,8,1,71,0,0.0,SERVO,1,1,12788,0,0.0,ADD 1,0,1,12788,0,0.0,ADD 2,0,1,12766,0,0.0,ADD 3,0,1,12756,0,0.0,ADD 4,0,1,12745,0,0.0,ADD 5,0,0,0,0,0.0,ADD 6,0,1,12810,0,0.0,ADD 7,0,0,0,0,0.0,EGT2CAN,0,1,12783,0,0.0
1778949347.3009024,0.0,12776,-52.0,0,-,0,0,0,0,0.0,-,0,0,0,0,0.0,ECU,1,1,12684,0,0.0,FAN1,0,0,0,0,0.0,COILS,8,1,0,0,0.0,PUMP,0,0,0,0,0.0,INJECTOR,8,1,82,0,0.0,SERVO,1,1,12739,0,0.0,ADD 1,0,1,12788,0,0.0,ADD 2,0,1,12827,0,0.0,ADD 3,0,1,12772,0,0.0,ADD 4,0,1,12728,0,0.0,ADD 5,0,0,0,0,0.0,ADD 6,0,1,12794,0,0.0,ADD 7,0,0,0,0,0.0,EGT2CAN,0,1,12756,0,0.0
1778949347.3520997,0.0,12776,-51.0,0,-,0,0,0,0,0.0,-,0,0,0,0,0.0,ECU,1,1,12756,0,0.0,FAN1,0,0,0,0,0.0,COILS,8,1,0,0,0.0,PUMP,0,0,0,0,0.0,INJECTOR,8,1,98,0,0.0,SERVO,1,1,12728,0,0.0,ADD 1,0,1,12810,0,0.0,ADD 2,0,1,12684,0,0.0,ADD 3,0,1,12728,0,0.0,ADD 4,0,1,12761,0,0.0,ADD 5,0,0,0,0,0.0,ADD 6,0,1,12816,0,0.0,ADD 7,0,0,0,0,0.0,EGT2CAN,0,1,12684,0,0.0
1778949347.4028988,0.0,12807,-51.0,0,-,0,0,0,0,0.0,-,0,0,0,0,0.0,ECU,1,1,12805,0,0.0,FAN1,0,0,0,0,0.0,COILS,8,1,0,0,0.0,PUMP,0,0,0,0,0.0,INJECTOR,8,1,54,0,0.0,SERVO,1,1,12772,0,0.0,ADD 1,0,1,12805,0,0.0,ADD 2,0,1,12816,0,0.0,ADD 3,0,1,12739,0,0.0,ADD 4,0,1,12745,0,0.0,ADD 5,0,0,0,0,0.0,ADD 6,0,1,12821,0,0.0,ADD 7,0,0,0,0,0.0,EGT2CAN,0,1,12766,0,0.0
1778949347.4604635,0.0,12776,-51.0,0,-,0,0,0,0,0.0,-,0,0,0,0,0.0,ECU,1,1,12684,0,0.0,FAN1,0,0,0,0,0.0,COILS,8,1,0,0,0.0,PUMP,0,0,0,0,0.0,INJECTOR,8,1,54,0,0.0,SERVO,1,1,12684,0,0.0,ADD 1,0,1,12777,0,0.0,ADD 2,0,1,12684,0,0.0,ADD 3,0,1,12750,0,0.0,ADD 4,0,1,12684,0,0.0,ADD 5,0,0,0,0,0.0,ADD 6,0,1,12684,0,0.0,ADD 7,0,0,0,0,0.0,EGT2CAN,0,1,12750,0,0.0
1778949347.511893,0.0,12776,-51.0,0,-,0,0,0,0,0.0,-,0,0,0,0,0.0,ECU,1,1,12739,0,0.0,FAN1,0,0,0,0,0.0,COILS,8,1,0,0,0.0,PUMP,0,0,0,0,0.0,INJECTOR,8,1,65,0,0.0,SERVO,1,1,12777,0,0.0,ADD 1,0,1,12761,0,0.0,ADD 2,0,1,12777,0,0.0,ADD 3,0,1,12799,0,0.0,ADD 4,0,1,12761,0,0.0,ADD 5,0,0,0,0,0.0,ADD 6,0,1,12816,0,0.0,ADD 7,0,0,0,0,0.0,EGT2CAN,0,1,12788,0,0.0
1778949347.5692296,0.0,12800,-51.0,0,-,0,0,0,0,0.0,-,0,0,0,0,0.0,ECU,1,1,12684,0,0.0,FAN1,0,0,0,0,0.0,COILS,8,1,0,0,0.0,PUMP,0,0,0,0,0.0,INJECTOR,8,1,71,0,0.0,SERVO,1,1,12684,0,0.0,ADD 1,0,1,12772,0,0.0,ADD 2,0,1,12684,0,0.0,ADD 3,0,1,12734,0,0.0,ADD 4,0,1,12684,0,0.0,ADD 5,0,0,0,0,0.0,ADD 6,0,1,12684,0,0.0,ADD 7,0,0,0,0,0.0,EGT2CAN,0,1,12739,0,0.0
1778949347.624091,0.0,12800,-51.0,0,-,0,0,0,0,0.0,-,0,0,0,0,0.0,ECU,1,1,12684,0,0.0,FAN1,0,0,0,0,0.0,COILS,8,1,0,0,0.0,PUMP,0,0,0,0,0.0,INJECTOR,8,1,71,0,0.0,SERVO,1,1,12684,0,0.0,ADD 1,0,1,12772,0,0.0,ADD 2,0,1,12684,0,0.0,ADD 3,0,1,12734,0,0.0,ADD 4,0,1,12684,0,0.0,ADD 5,0,0,0,0,0.0,ADD 6,0,1,12684,0,0.0,ADD 7,0,0,0,0,0.0,EGT2CAN,0,1,12739,0,0.0
1778949347.6750114,0.0,12769,-51.0,0,-,0,0,0,0,0.0,-,0,0,0,0,0.0,ECU,1,1,12799,0,0.0,FAN1,0,0,0,0,0.0,COILS,8,1,0,0,0.0,PUMP,0,0,0,0,0.0,INJECTOR,8,1,65,0,0.0,SERVO,1,1,12728,0,0.0,ADD 1,0,1,12810,0,0.0,ADD 2,0,1,12827,0,0.0,ADD 3,0,1,12794,0,0.0,ADD 4,0,1,12712,0,0.0,ADD 5,0,0,0,0,0.0,ADD 6,0,1,12810,0,0.0,ADD 7,0,0,0,0,0.0,EGT2CAN,0,1,12794,0,0.0
1778949347.7261145,0.0,12769,-51.0,0,-,0,0,0,0,0.0,-,0,0,0,0,0.0,ECU,1,1,12799,0,0.0,FAN1,0,0,0,0,0.0,COILS,8,1,0,0,0.0,PUMP,0,0,0,0,0.0,INJECTOR,8,1,65,0,0.0,SERVO,1,1,12728,0,0.0,ADD 1,0,1,12810,0,0.0,ADD 2,0,1,12827,0,0.0,ADD 3,0,1,12794,0,0.0,ADD 4,0,1,12712,0,0.0,ADD 5,0,0,0,0,0.0,ADD 6,0,1,12810,0,0.0,ADD 7,0,0,0,0,0.0,EGT2CAN,0,1,12794,0,0.0
1778949347.7799613,0.0,12720,-54.0,0,-,0,0,0,0,0.0,-,0,0,0,0,0.0,ECU,1,1,12794,0,0.0,FAN1,0,0,0,0,0.0,COILS,8,1,0,0,0.0,PUMP,0,0,0,0,0.0,INJECTOR,8,1,65,0,0.0,SERVO,1,1,12739,0,0.0,ADD 1,0,1,12810,0,0.0,ADD 2,0,1,12810,0,0.0,ADD 3,0,1,12788,0,0.0,ADD 4,0,1,12756,0,0.0,ADD 5,0,0,0,0,0.0,ADD 6,0,1,12810,0,0.0,ADD 7,0,0,0,0,0.0,EGT2CAN,0,1,12788,0,0.0
1778949347.8463945,0.0,12751,-54.0,0,-,0,0,0,0,0.0,-,0,0,0,0,0.0,ECU,1,1,12799,0,0.0,FAN1,0,0,0,0,0.0,COILS,8,1,0,0,0.0,PUMP,0,0,0,0,0.0,INJECTOR,8,1,60,0,0.0,SERVO,1,1,12766,0,0.0,ADD 1,0,1,12805,0,0.0,ADD 2,0,1,12816,0,0.0,ADD 3,0,1,12772,0,0.0,ADD 4,0,1,12723,0,0.0,ADD 5,0,0,0,0,0.0,ADD 6,0,1,12788,0,0.0,ADD 7,0,0,0,0,0.0,EGT2CAN,0,1,12756,0,0.0
1778949347.8969336,0.0,12751,-54.0,0,-,0,0,0,0,0.0,-,0,0,0,0,0.0,ECU,1,1,12756,0,0.0,FAN1,0,0,0,0,0.0,COILS,8,1,0,0,0.0,PUMP,0,0,0,0,0.0,INJECTOR,8,1,65,0,0.0,SERVO,1,1,12750,0,0.0,ADD 1,0,1,12805,0,0.0,ADD 2,0,1,12816,0,0.0,ADD 3,0,1,12772,0,0.0,ADD 4,0,1,12723,0,0.0,ADD 5,0,0,0,0,0.0,ADD 6,0,1,12788,0,0.0,ADD 7,0,0,0,0,0.0,EGT2CAN,0,1,12756,0,0.0
1778949347.948619,0.0,12769,-51.0,0,-,0,0,0,0,0.0,-,0,0,0,0,0.0,ECU,1,1,12756,0,0.0,FAN1,0,0,0,0,0.0,COILS,8,1,0,0,0.0,PUMP,0,0,0,0,0.0,INJECTOR,8,1,65,0,0.0,SERVO,1,1,12739,0,0.0,ADD 1,0,1,12788,0,0.0,ADD 2,0,1,12756,0,0.0,ADD 3,0,1,12739,0,0.0,ADD 4,0,1,12739,0,0.0,ADD 5,0,0,0,0,0.0,ADD 6,0,1,12745,0,0.0,ADD 7,0,0,0,0,0.0,EGT2CAN,0,1,12761,0,0.0
1778949348.0028667,0.0,12769,-51.0,0,-,0,0,0,0,0.0,-,0,0,0,0,0.0,ECU,1,1,12745,0,0.0,FAN1,0,0,0,0,0.0,COILS,8,1,0,0,0.0,PUMP,0,0,0,0,0.0,INJECTOR,8,1,65,0,0.0,SERVO,1,1,12723,0,0.0,ADD 1,0,1,12777,0,0.0,ADD 2,0,1,12810,0,0.0,ADD 3,0,1,12750,0,0.0,ADD 4,0,1,12723,0,0.0,ADD 5,0,0,0,0,0.0,ADD 6,0,1,12810,0,0.0,ADD 7,0,0,0,0,0.0,EGT2CAN,0,1,12788,0,0.0
1778949348.0639837,0.0,12745,-52.0,0,-,0,0,0,0,0.0,-,0,0,0,0,0.0,ECU,1,1,12761,0,0.0,FAN1,0,0,0,0,0.0,COILS,8,1,0,0,0.0,PUMP,0,0,0,0,0.0,INJECTOR,8,1,65,0,0.0,SERVO,1,1,12756,0,0.0,ADD 1,0,1,12772,0,0.0,ADD 2,0,1,12799,0,0.0,ADD 3,0,1,12766,0,0.0,ADD 4,0,1,12717,0,0.0,ADD 5,0,0,0,0,0.0,ADD 6,0,1,12745,0,0.0,ADD 7,0,0,0,0,0.0,EGT2CAN,0,1,12777,0,0.0
1778949348.11511,0.0,12745,-52.0,0,-,0,0,0,0,0.0,-,0,0,0,0,0.0,ECU,1,1,12761,0,0.0,FAN1,0,0,0,0,0.0,COILS,8,1,0,0,0.0,PUMP,0,0,0,0,0.0,INJECTOR,8,1,65,0,0.0,SERVO,1,1,12756,0,0.0,ADD 1,0,1,12772,0,0.0,ADD 2,0,1,12799,0,0.0,ADD 3,0,1,12766,0,0.0,ADD 4,0,1,12717,0,0.0,ADD 5,0,0,0,0,0.0,ADD 6,0,1,12745,0,0.0,ADD 7,0,0,0,0,0.0,EGT2CAN,0,1,12777,0,0.0
1778949348.1658092,0.0,12745,-52.0,0,-,0,0,0,0,0.0,-,0,0,0,0,0.0,ECU,1,1,12745,0,0.0,FAN1,0,0,0,0,0.0,COILS,8,1,0,0,0.0,PUMP,0,0,0,0,0.0,INJECTOR,8,1,65,0,0.0,SERVO,1,1,12739,0,0.0,ADD 1,0,1,12788,0,0.0,ADD 2,0,1,12772,0,0.0,ADD 3,0,1,12794,0,0.0,ADD 4,0,1,12756,0,0.0,ADD 5,0,0,0,0,0.0,ADD 6,0,1,12810,0,0.0,ADD 7,0,0,0,0,0.0,EGT2CAN,0,1,12788,0,0.0
1778949348.2195308,0.0,12794,-52.0,0,-,0,0,0,0,0.0,-,0,0,0,0,0.0,ECU,1,1,12788,0,0.0,FAN1,0,0,0,0,0.0,COILS,8,1,0,0,0.0,PUMP,0,0,0,0,0.0,INJECTOR,8,1,60,0,0.0,SERVO,1,1,12756,0,0.0,ADD 1,0,1,12788,0,0.0,ADD 2,0,1,12772,0,0.0,ADD 3,0,1,12717,0,0.0,ADD 4,0,1,12723,0,0.0,ADD 5,0,0,0,0,0.0,ADD 6,0,1,12777,0,0.0,ADD 7,0,0,0,0,0.0,EGT2CAN,0,1,12788,0,0.0
1778949348.277423,0.0,12776,-51.0,0,-,0,0,0,0,0.0,-,0,0,0,0,0.0,ECU,1,1,12788,0,0.0,FAN1,0,0,0,0,0.0,COILS,8,1,0,0,0.0,PUMP,0,0,0,0,0.0,INJECTOR,8,1,60,0,0.0,SERVO,1,1,12756,0,0.0,ADD 1,0,1,12788,0,0.0,ADD 2,0,1,12772,0,0.0,ADD 3,0,1,12717,0,0.0,ADD 4,0,1,12723,0,0.0,ADD 5,0,0,0,0,0.0,ADD 6,0,1,12827,0,0.0,ADD 7,0,0,0,0,0.0,EGT2CAN,0,1,12788,0,0.0
1778949348.3281553,0.0,12782,-52.0,0,-,0,0,0,0,0.0,-,0,0,0,0,0.0,ECU,1,1,12766,0,0.0,FAN1,0,0,0,0,0.0,COILS,8,1,0,0,0.0,PUMP,0,0,0,0,0.0,INJECTOR,8,1,65,0,0.0,SERVO,1,1,12728,0,0.0,ADD 1,0,1,12717,0,0.0,ADD 2,0,1,12761,0,0.0,ADD 3,0,1,12766,0,0.0,ADD 4,0,1,12739,0,0.0,ADD 5,0,0,0,0,0.0,ADD 6,0,1,12838,0,0.0,ADD 7,0,0,0,0,0.0,EGT2CAN,0,1,12766,0,0.0
1778949348.3796031,0.0,12782,-52.0,0,-,0,0,0,0,0.0,-,0,0,0,0,0.0,ECU,1,1,12772,0,0.0,FAN1,0,0,0,0,0.0,COILS,8,1,0,0,0.0,PUMP,0,0,0,0,0.0,INJECTOR,8,1,65,0,0.0,SERVO,1,1,12728,0,0.0,ADD 1,0,1,12717,0,0.0,ADD 2,0,1,12761,0,0.0,ADD 3,0,1,12766,0,0.0,ADD 4,0,1,12739,0,0.0,ADD 5,0,0,0,0,0.0,ADD 6,0,1,12838,0,0.0,ADD 7,0,0,0,0,0.0,EGT2CAN,0,1,12766,0,0.0
1778949348.4318683,0.0,12757,-51.0,0,-,0,0,0,0,0.0,-,0,0,0,0,0.0,ECU,1,1,12772,0,0.0,FAN1,0,0,0,0,0.0,COILS,8,1,0,0,0.0,PUMP,0,0,0,0,0.0,INJECTOR,8,1,65,0,0.0,SERVO,1,1,12766,0,0.0,ADD 1,0,1,12772,0,0.0,ADD 2,0,1,12777,0,0.0,ADD 3,0,1,12772,0,0.0,ADD 4,0,1,12766,0,0.0,ADD 5,0,0,0,0,0.0,ADD 6,0,1,12810,0,0.0,ADD 7,0,0,0,0,0.0,EGT2CAN,0,1,12788,0,0.0
1778949348.4832892,0.0,12788,-52.0,0,-,0,0,0,0,0.0,-,0,0,0,0,0.0,ECU,1,1,12772,0,0.0,FAN1,0,0,0,0,0.0,COILS,8,1,0,0,0.0,PUMP,0,0,0,0,0.0,INJECTOR,8,1,71,0,0.0,SERVO,1,1,12777,0,0.0,ADD 1,0,1,12783,0,0.0,ADD 2,0,1,12788,0,0.0,ADD 3,0,1,12739,0,0.0,ADD 4,0,1,12739,0,0.0,ADD 5,0,0,0,0,0.0,ADD 6,0,1,12684,0,0.0,ADD 7,0,0,0,0,0.0,EGT2CAN,0,1,12684,0,0.0
1778949348.5527604,0.0,12788,-52.0,0,-,0,0,0,0,0.0,-,0,0,0,0,0.0,ECU,1,1,12794,0,0.0,FAN1,0,0,0,0,0.0,COILS,8,1,0,0,0.0,PUMP,0,0,0,0,0.0,INJECTOR,8,1,98,0,0.0,SERVO,1,1,12706,0,0.0,ADD 1,0,1,12788,0,0.0,ADD 2,0,1,12788,0,0.0,ADD 3,0,1,12750,0,0.0,ADD 4,0,1,12739,0,0.0,ADD 5,0,0,0,0,0.0,ADD 6,0,1,12777,0,0.0,ADD 7,0,0,0,0,0.0,EGT2CAN,0,1,12739,0,0.0
1778949348.6116893,0.0,12800,-51.0,0,-,0,0,0,0,0.0,-,0,0,0,0,0.0,ECU,1,1,12788,0,0.0,FAN1,0,0,0,0,0.0,COILS,8,1,0,0,0.0,PUMP,0,0,0,0,0.0,INJECTOR,8,1,65,0,0.0,SERVO,1,1,12772,0,0.0,ADD 1,0,1,12788,0,0.0,ADD 2,0,1,12777,0,0.0,ADD 3,0,1,12766,0,0.0,ADD 4,0,1,12766,0,0.0,ADD 5,0,0,0,0,0.0,ADD 6,0,1,12827,0,0.0,ADD 7,0,0,0,0,0.0,EGT2CAN,0,1,12756,0,0.0
1778949348.6678612,0.0,12794,-52.0,0,-,0,0,0,0,0.0,-,0,0,0,0,0.0,ECU,1,1,12805,0,0.0,FAN1,0,0,0,0,0.0,COILS,8,1,0,0,0.0,PUMP,0,0,0,0,0.0,INJECTOR,8,1,65,0,0.0,SERVO,1,1,12777,0,0.0,ADD 1,0,1,12783,0,0.0,ADD 2,0,1,12810,0,0.0,ADD 3,0,1,12766,0,0.0,ADD 4,0,1,12750,0,0.0,ADD 5,0,0,0,0,0.0,ADD 6,0,1,12827,0,0.0,ADD 7,0,0,0,0,0.0,EGT2CAN,0,1,12783,0,0.0
1778949348.7207735,0.0,12763,-52.0,0,-,0,0,0,0,0.0,-,0,0,0,0,0.0,ECU,1,1,12739,0,0.0,FAN1,0,0,0,0,0.0,COILS,8,1,0,0,0.0,PUMP,0,0,0,0,0.0,INJECTOR,8,1,60,0,0.0,SERVO,1,1,12761,0,0.0,ADD 1,0,1,12794,0,0.0,ADD 2,0,1,12827,0,0.0,ADD 3,0,1,12788,0,0.0,ADD 4,0,1,12766,0,0.0,ADD 5,0,0,0,0,0.0,ADD 6,0,1,12799,0,0.0,ADD 7,0,0,0,0,0.0,EGT2CAN,0,1,12766,0,0.0
1778949348.7714741,0.0,12763,-52.0,0,-,0,0,0,0,0.0,-,0,0,0,0,0.0,ECU,1,1,12739,0,0.0,FAN1,0,0,0,0,0.0,COILS,8,1,0,0,0.0,PUMP,0,0,0,0,0.0,INJECTOR,8,1,60,0,0.0,SERVO,1,1,12761,0,0.0,ADD 1,0,1,12794,0,0.0,ADD 2,0,1,12827,0,0.0,ADD 3,0,1,12788,0,0.0,ADD 4,0,1,12766,0,0.0,ADD 5,0,0,0,0,0.0,ADD 6,0,1,12799,0,0.0,ADD 7,0,0,0,0,0.0,EGT2CAN,0,1,12766,0,0.0
1778949348.8248065,0.0,12763,-52.0,0,-,0,0,0,0,0.0,-,0,0,0,0,0.0,ECU,1,1,12756,0,0.0,FAN1,0,0,0,0,0.0,COILS,8,1,0,0,0.0,PUMP,0,0,0,0,0.0,INJECTOR,8,1,65,0,0.0,SERVO,1,1,12766,0,0.0,ADD 1,0,1,12783,0,0.0,ADD 2,0,1,12756,0,0.0,ADD 3,0,1,12756,0,0.0,ADD 4,0,1,12756,0,0.0,ADD 5,0,0,0,0,0.0,ADD 6,0,1,12756,0,0.0,ADD 7,0,0,0,0,0.0,EGT2CAN,0,1,12766,0,0.0
1778949348.8809595,0.0,12807,-51.0,0,-,0,0,0,0,0.0,-,0,0,0,0,0.0,ECU,1,1,12756,0,0.0,FAN1,0,0,0,0,0.0,COILS,8,1,0,0,0.0,PUMP,0,0,0,0,0.0,INJECTOR,8,1,65,0,0.0,SERVO,1,1,12750,0,0.0,ADD 1,0,1,12766,0,0.0,ADD 2,0,1,12832,0,0.0,ADD 3,0,1,12794,0,0.0,ADD 4,0,1,12723,0,0.0,ADD 5,0,0,0,0,0.0,ADD 6,0,1,12739,0,0.0,ADD 7,0,0,0,0,0.0,EGT2CAN,0,1,12766,0,0.0
1778949348.9431567,0.0,12807,-51.0,0,-,0,0,0,0,0.0,-,0,0,0,0,0.0,ECU,1,1,12777,0,0.0,FAN1,0,0,0,0,0.0,COILS,8,1,0,0,0.0,PUMP,0,0,0,0,0.0,INJECTOR,8,1,65,0,0.0,SERVO,1,1,12750,0,0.0,ADD 1,0,1,12766,0,0.0,ADD 2,0,1,12832,0,0.0,ADD 3,0,1,12794,0,0.0,ADD 4,0,1,12723,0,0.0,ADD 5,0,0,0,0,0.0,ADD 6,0,1,12739,0,0.0,ADD 7,0,0,0,0,0.0,EGT2CAN,0,1,12766,0,0.0
1778949348.9941108,0.0,12813,-54.0,0,-,0,0,0,0,0.0,-,0,0,0,0,0.0,ECU,1,1,12783,0,0.0,FAN1,0,0,0,0,0.0,COILS,8,1,0,0,0.0,PUMP,0,0,0,0,0.0,INJECTOR,8,1,65,0,0.0,SERVO,1,1,12756,0,0.0,ADD 1,0,1,12761,0,0.0,ADD 2,0,1,12756,0,0.0,ADD 3,0,1,12783,0,0.0,ADD 4,0,1,12756,0,0.0,ADD 5,0,0,0,0,0.0,ADD 6,0,1,12832,0,0.0,ADD 7,0,0,0,0,0.0,EGT2CAN,0,1,12777,0,0.0
1778949349.045147,0.0,12782,-52.0,0,-,0,0,0,0,0.0,-,0,0,0,0,0.0,ECU,1,1,12805,0,0.0,FAN1,0,0,0,0,0.0,COILS,8,1,0,0,0.0,PUMP,0,0,0,0,0.0,INJECTOR,8,1,65,0,0.0,SERVO,1,1,12684,0,0.0,ADD 1,0,1,12766,0,0.0,ADD 2,0,1,12810,0,0.0,ADD 3,0,1,12750,0,0.0,ADD 4,0,1,12684,0,0.0,ADD 5,0,0,0,0,0.0,ADD 6,0,1,12816,0,0.0,ADD 7,0,0,0,0,0.0,EGT2CAN,0,1,12783,0,0.0
1778949349.0970652,0.0,12782,-52.0,0,-,0,0,0,0,0.0,-,0,0,0,0,0.0,ECU,1,1,12788,0,0.0,FAN1,0,0,0,0,0.0,COILS,8,1,0,0,0.0,PUMP,0,0,0,0,0.0,INJECTOR,8,1,65,0,0.0,SERVO,1,1,12684,0,0.0,ADD 1,0,1,12766,0,0.0,ADD 2,0,1,12810,0,0.0,ADD 3,0,1,12750,0,0.0,ADD 4,0,1,12684,0,0.0,ADD 5,0,0,0,0,0.0,ADD 6,0,1,12816,0,0.0,ADD 7,0,0,0,0,0.0,EGT2CAN,0,1,12783,0,0.0
1778949349.1500766,0.0,12769,-52.0,0,-,0,0,0,0,0.0,-,0,0,0,0,0.0,ECU,1,1,12756,0,0.0,FAN1,0,0,0,0,0.0,COILS,8,1,0,0,0.0,PUMP,0,0,0,0,0.0,INJECTOR,8,1,65,0,0.0,SERVO,1,1,12756,0,0.0,ADD 1,0,1,12788,0,0.0,ADD 2,0,1,12788,0,0.0,ADD 3,0,1,12750,0,0.0,ADD 4,0,1,12706,0,0.0,ADD 5,0,0,0,0,0.0,ADD 6,0,1,12783,0,0.0,ADD 7,0,0,0,0,0.0,EGT2CAN,0,1,12794,0,0.0
1778949349.216192,0.0,12769,-52.0,0,-,0,0,0,0,0.0,-,0,0,0,0,0.0,ECU,1,1,12756,0,0.0,FAN1,0,0,0,0,0.0,COILS,8,1,0,0,0.0,PUMP,0,0,0,0,0.0,INJECTOR,8,1,82,0,0.0,SERVO,1,1,12717,0,0.0,ADD 1,0,1,12772,0,0.0,ADD 2,0,1,12821,0,0.0,ADD 3,0,1,12766,0,0.0,ADD 4,0,1,12695,0,0.0,ADD 5,0,0,0,0,0.0,ADD 6,0,1,12805,0,0.0,ADD 7,0,0,0,0,0.0,EGT2CAN,0,1,12756,0,0.0
1778949349.2691522,0.0,12782,-51.0,0,-,0,0,0,0,0.0,-,0,0,0,0,0.0,ECU,1,1,12799,0,0.0,FAN1,0,0,0,0,0.0,COILS,8,1,0,0,0.0,PUMP,0,0,0,0,0.0,INJECTOR,8,1,43,0,0.0,SERVO,1,1,12717,0,0.0,ADD 1,0,1,12756,0,0.0,ADD 2,0,1,12794,0,0.0,ADD 3,0,1,12772,0,0.0,ADD 4,0,1,12766,0,0.0,ADD 5,0,0,0,0,0.0,ADD 6,0,1,12772,0,0.0,ADD 7,0,0,0,0,0.0,EGT2CAN,0,1,12777,0,0.0
1778949349.3215556,0.0,12782,-51.0,0,-,0,0,0,0,0.0,-,0,0,0,0,0.0,ECU,1,1,12799,0,0.0,FAN1,0,0,0,0,0.0,COILS,8,1,0,0,0.0,PUMP,0,0,0,0,0.0,INJECTOR,8,1,43,0,0.0,SERVO,1,1,12717,0,0.0,ADD 1,0,1,12756,0,0.0,ADD 2,0,1,12794,0,0.0,ADD 3,0,1,12772,0,0.0,ADD 4,0,1,12766,0,0.0,ADD 5,0,0,0,0,0.0,ADD 6,0,1,12772,0,0.0,ADD 7,0,0,0,0,0.0,EGT2CAN,0,1,12777,0,0.0
1778949349.3722768,0.0,12782,-51.0,0,-,0,0,0,0,0.0,-,0,0,0,0,0.0,ECU,1,1,12745,0,0.0,FAN1,0,0,0,0,0.0,COILS,8,1,0,0,0.0,PUMP,0,0,0,0,0.0,INJECTOR,8,1,65,0,0.0,SERVO,1,1,12766,0,0.0,ADD 1,0,1,12739,0,0.0,ADD 2,0,1,12788,0,0.0,ADD 3,0,1,12788,0,0.0,ADD 4,0,1,12772,0,0.0,ADD 5,0,0,0,0,0.0,ADD 6,0,1,12832,0,0.0,ADD 7,0,0,0,0,0.0,EGT2CAN,0,1,12739,0,0.0
1778949349.4289358,0.0,12763,-52.0,0,-,0,0,0,0,0.0,-,0,0,0,0,0.0,ECU,1,1,12788,0,0.0,FAN1,0,0,0,0,0.0,COILS,8,1,0,0,0.0,PUMP,0,0,0,0,0.0,INJECTOR,8,1,65,0,0.0,SERVO,1,1,12777,0,0.0,ADD 1,0,1,12734,0,0.0,ADD 2,0,1,12717,0,0.0,ADD 3,0,1,12756,0,0.0,ADD 4,0,1,12717,0,0.0,ADD 5,0,0,0,0,0.0,ADD 6,0,1,12788,0,0.0,ADD 7,0,0,0,0,0.0,EGT2CAN,0,1,12772,0,0.0
1778949349.4796538,0.0,12782,-52.0,0,-,0,0,0,0,0.0,-,0,0,0,0,0.0,ECU,1,1,12766,0,0.0,FAN1,0,0,0,0,0.0,COILS,8,1,0,0,0.0,PUMP,0,0,0,0,0.0,INJECTOR,8,1,65,0,0.0,SERVO,1,1,12777,0,0.0,ADD 1,0,1,12734,0,0.0,ADD 2,0,1,12717,0,0.0,ADD 3,0,1,12756,0,0.0,ADD 4,0,1,12717,0,0.0,ADD 5,0,0,0,0,0.0,ADD 6,0,1,12788,0,0.0,ADD 7,0,0,0,0,0.0,EGT2CAN,0,1,12772,0,0.0
1778949349.530259,0.0,12782,-52.0,0,-,0,0,0,0,0.0,-,0,0,0,0,0.0,ECU,1,1,12766,0,0.0,FAN1,0,0,0,0,0.0,COILS,8,1,0,0,0.0,PUMP,0,0,0,0,0.0,INJECTOR,8,1,65,0,0.0,SERVO,1,1,12723,0,0.0,ADD 1,0,1,12777,0,0.0,ADD 2,0,1,12794,0,0.0,ADD 3,0,1,12739,0,0.0,ADD 4,0,1,12739,0,0.0,ADD 5,0,0,0,0,0.0,ADD 6,0,1,12739,0,0.0,ADD 7,0,0,0,0,0.0,EGT2CAN,0,1,12761,0,0.0
1778949349.5812352,0.0,12800,-52.0,0,-,0,0,0,0,0.0,-,0,0,0,0,0.0,ECU,1,1,12761,0,0.0,FAN1,0,0,0,0,0.0,COILS,8,1,0,0,0.0,PUMP,0,0,0,0,0.0,INJECTOR,8,1,65,0,0.0,SERVO,1,1,12756,0,0.0,ADD 1,0,1,12805,0,0.0,ADD 2,0,1,12783,0,0.0,ADD 3,0,1,12788,0,0.0,ADD 4,0,1,12728,0,0.0,ADD 5,0,0,0,0,0.0,ADD 6,0,1,12756,0,0.0,ADD 7,0,0,0,0,0.0,EGT2CAN,0,1,12739,0,0.0
1778949349.6400526,0.0,12800,-52.0,0,-,0,0,0,0,0.0,-,0,0,0,0,0.0,ECU,1,1,12761,0,0.0,FAN1,0,0,0,0,0.0,COILS,8,1,0,0,0.0,PUMP,0,0,0,0,0.0,INJECTOR,8,1,65,0,0.0,SERVO,1,1,12756,0,0.0,ADD 1,0,1,12805,0,0.0,ADD 2,0,1,12783,0,0.0,ADD 3,0,1,12788,0,0.0,ADD 4,0,1,12728,0,0.0,ADD 5,0,0,0,0,0.0,ADD 6,0,1,12756,0,0.0,ADD 7,0,0,0,0,0.0,EGT2CAN,0,1,12739,0,0.0
1778949349.690799,0.0,12807,-52.0,0,-,0,0,0,0,0.0,-,0,0,0,0,0.0,ECU,1,1,12783,0,0.0,FAN1,0,0,0,0,0.0,COILS,8,1,0,0,0.0,PUMP,0,0,0,0,0.0,INJECTOR,8,1,76,0,0.0,SERVO,1,1,12777,0,0.0,ADD 1,0,1,12799,0,0.0,ADD 2,0,1,12788,0,0.0,ADD 3,0,1,12745,0,0.0,ADD 4,0,1,12745,0,0.0,ADD 5,0,0,0,0,0.0,ADD 6,0,1,12810,0,0.0,ADD 7,0,0,0,0,0.0,EGT2CAN,0,1,12794,0,0.0
1778949349.74206,0.0,12807,-52.0,0,-,0,0,0,0,0.0,-,0,0,0,0,0.0,ECU,1,1,12761,0,0.0,FAN1,0,0,0,0,0.0,COILS,8,1,0,0,0.0,PUMP,0,0,0,0,0.0,INJECTOR,8,1,65,0,0.0,SERVO,1,1,12734,0,0.0,ADD 1,0,1,12772,0,0.0,ADD 2,0,1,12838,0,0.0,ADD 3,0,1,12805,0,0.0,ADD 4,0,1,12766,0,0.0,ADD 5,0,0,0,0,0.0,ADD 6,0,1,12772,0,0.0,ADD 7,0,0,0,0,0.0,EGT2CAN,0,1,12739,0,0.0
1778949349.7931254,0.0,12769,-52.0,0,-,0,0,0,0,0.0,-,0,0,0,0,0.0,ECU,1,1,12761,0,0.0,FAN1,0,0,0,0,0.0,COILS,8,1,0,0,0.0,PUMP,0,0,0,0,0.0,INJECTOR,8,1,65,0,0.0,SERVO,1,1,12734,0,0.0,ADD 1,0,1,12772,0,0.0,ADD 2,0,1,12838,0,0.0,ADD 3,0,1,12805,0,0.0,ADD 4,0,1,12766,0,0.0,ADD 5,0,0,0,0,0.0,ADD 6,0,1,12772,0,0.0,ADD 7,0,0,0,0,0.0,EGT2CAN,0,1,12739,0,0.0
1778949349.8437858,0.0,12751,-51.0,0,-,0,0,0,0,0.0,-,0,0,0,0,0.0,ECU,1,1,12750,0,0.0,FAN1,0,0,0,0,0.0,COILS,8,1,0,0,0.0,PUMP,0,0,0,0,0.0,INJECTOR,8,1,65,0,0.0,SERVO,1,1,12788,0,0.0,ADD 1,0,1,12810,0,0.0,ADD 2,0,1,12783,0,0.0,ADD 3,0,1,12761,0,0.0,ADD 4,0,1,12766,0,0.0,ADD 5,0,0,0,0,0.0,ADD 6,0,1,12772,0,0.0,ADD 7,0,0,0,0,0.0,EGT2CAN,0,1,12739,0,0.0
1778949349.8951452,0.0,12751,-51.0,0,-,0,0,0,0,0.0,-,0,0,0,0,0.0,ECU,1,1,12777,0,0.0,FAN1,0,0,0,0,0.0,COILS,8,1,0,0,0.0,PUMP,0,0,0,0,0.0,INJECTOR,8,1,65,0,0.0,SERVO,1,1,12788,0,0.0,ADD 1,0,1,12766,0,0.0,ADD 2,0,1,12684,0,0.0,ADD 3,0,1,12712,0,0.0,ADD 4,0,1,12723,0,0.0,ADD 5,0,0,0,0,0.0,ADD 6,0,1,12788,0,0.0,ADD 7,0,0,0,0,0.0,EGT2CAN,0,1,12788,0,0.0
1778949349.9464223,0.0,12757,-51.0,0,-,0,0,0,0,0.0,-,0,0,0,0,0.0,ECU,1,1,12756,0,0.0,FAN1,0,0,0,0,0.0,COILS,8,1,0,0,0.0,PUMP,0,0,0,0,0.0,INJECTOR,8,1,65,0,0.0,SERVO,1,1,12756,0,0.0,ADD 1,0,1,12766,0,0.0,ADD 2,0,1,12684,0,0.0,ADD 3,0,1,12712,0,0.0,ADD 4,0,1,12723,0,0.0,ADD 5,0,0,0,0,0.0,ADD 6,0,1,12788,0,0.0,ADD 7,0,0,0,0,0.0,EGT2CAN,0,1,12788,0,0.0
1778949349.997978,0.0,12751,-52.0,0,-,0,0,0,0,0.0,-,0,0,0,0,0.0,ECU,1,1,12761,0,0.0,FAN1,0,0,0,0,0.0,COILS,8,1,0,0,0.0,PUMP,0,0,0,0,0.0,INJECTOR,8,1,65,0,0.0,SERVO,1,1,12766,0,0.0,ADD 1,0,1,12750,0,0.0,ADD 2,0,1,12794,0,0.0,ADD 3,0,1,12783,0,0.0,ADD 4,0,1,12788,0,0.0,ADD 5,0,0,0,0,0.0,ADD 6,0,1,12832,0,0.0,ADD 7,0,0,0,0,0.0,EGT2CAN,0,1,12783,0,0.0
1778949350.0493598,0.0,12751,-52.0,0,-,0,0,0,0,0.0,-,0,0,0,0,0.0,ECU,1,1,12717,0,0.0,FAN1,0,0,0,0,0.0,COILS,8,1,0,0,0.0,PUMP,0,0,0,0,0.0,INJECTOR,8,1,65,0,0.0,SERVO,1,1,12766,0,0.0,ADD 1,0,1,12750,0,0.0,ADD 2,0,1,12794,0,0.0,ADD 3,0,1,12783,0,0.0,ADD 4,0,1,12788,0,0.0,ADD 5,0,0,0,0,0.0,ADD 6,0,1,12832,0,0.0,ADD 7,0,0,0,0,0.0,EGT2CAN,0,1,12783,0,0.0
1778949350.1133885,0.0,12769,-52.0,0,-,0,0,0,0,0.0,-,0,0,0,0,0.0,ECU,1,1,12761,0,0.0,FAN1,0,0,0,0,0.0,COILS,8,1,0,0,0.0,PUMP,0,0,0,0,0.0,INJECTOR,8,1,65,0,0.0,SERVO,1,1,12777,0,0.0,ADD 1,0,1,12799,0,0.0,ADD 2,0,1,12684,0,0.0,ADD 3,0,1,12745,0,0.0,ADD 4,0,1,12723,0,0.0,ADD 5,0,0,0,0,0.0,ADD 6,0,1,12684,0,0.0,ADD 7,0,0,0,0,0.0,EGT2CAN,0,1,12739,0,0.0
1778949350.1643255,0.0,12776,-52.0,0,-,0,0,0,0,0.0,-,0,0,0,0,0.0,ECU,1,1,12761,0,0.0,FAN1,0,0,0,0,0.0,COILS,8,1,0,0,0.0,PUMP,0,0,0,0,0.0,INJECTOR,8,1,65,0,0.0,SERVO,1,1,12777,0,0.0,ADD 1,0,1,12799,0,0.0,ADD 2,0,1,12684,0,0.0,ADD 3,0,1,12745,0,0.0,ADD 4,0,1,12723,0,0.0,ADD 5,0,0,0,0,0.0,ADD 6,0,1,12684,0,0.0,ADD 7,0,0,0,0,0.0,EGT2CAN,0,1,12739,0,0.0
1778949350.2166963,0.0,12776,-52.0,0,-,0,0,0,0,0.0,-,0,0,0,0,0.0,ECU,1,1,12756,0,0.0,FAN1,0,0,0,0,0.0,COILS,8,1,0,0,0.0,PUMP,0,0,0,0,0.0,INJECTOR,8,1,65,0,0.0,SERVO,1,1,12761,0,0.0,ADD 1,0,1,12805,0,0.0,ADD 2,0,1,12783,0,0.0,ADD 3,0,1,12810,0,0.0,ADD 4,0,1,12712,0,0.0,ADD 5,0,0,0,0,0.0,ADD 6,0,1,12788,0,0.0,ADD 7,0,0,0,0,0.0,EGT2CAN,0,1,12717,0,0.0
1778949350.2680192,0.0,12769,-52.0,0,-,0,0,0,0,0.0,-,0,0,0,0,0.0,ECU,1,1,12756,0,0.0,FAN1,0,0,0,0,0.0,COILS,8,1,0,0,0.0,PUMP,0,0,0,0,0.0,INJECTOR,8,1,65,0,0.0,SERVO,1,1,12723,0,0.0,ADD 1,0,1,12794,0,0.0,ADD 2,0,1,12766,0,0.0,ADD 3,0,1,12750,0,0.0,ADD 4,0,1,12756,0,0.0,ADD 5,0,0,0,0,0.0,ADD 6,0,1,12783,0,0.0,ADD 7,0,0,0,0,0.0,EGT2CAN,0,1,12739,0,0.0
1778949350.3320634,0.0,12807,-51.0,0,-,0,0,0,0,0.0,-,0,0,0,0,0.0,ECU,1,1,12756,0,0.0,FAN1,0,0,0,0,0.0,COILS,8,1,0,0,0.0,PUMP,0,0,0,0,0.0,INJECTOR,8,1,65,0,0.0,SERVO,1,1,12723,0,0.0,ADD 1,0,1,12794,0,0.0,ADD 2,0,1,12766,0,0.0,ADD 3,0,1,12750,0,0.0,ADD 4,0,1,12756,0,0.0,ADD 5,0,0,0,0,0.0,ADD 6,0,1,12783,0,0.0,ADD 7,0,0,0,0,0.0,EGT2CAN,0,1,12739,0,0.0
1778949350.387022,0.0,12807,-51.0,0,-,0,0,0,0,0.0,-,0,0,0,0,0.0,ECU,1,1,12756,0,0.0,FAN1,0,0,0,0,0.0,COILS,8,1,0,0,0.0,PUMP,0,0,0,0,0.0,INJECTOR,8,1,103,0,0.0,SERVO,1,1,12761,0,0.0,ADD 1,0,1,12794,0,0.0,ADD 2,0,1,12766,0,0.0,ADD 3,0,1,12750,0,0.0,ADD 4,0,1,12756,0,0.0,ADD 5,0,0,0,0,0.0,ADD 6,0,1,12783,0,0.0,ADD 7,0,0,0,0,0.0,EGT2CAN,0,1,12739,0,0.0
1778949350.4375527,0.0,12794,-51.0,0,-,0,0,0,0,0.0,-,0,0,0,0,0.0,ECU,1,1,12783,0,0.0,FAN1,0,0,0,0,0.0,COILS,8,1,0,0,0.0,PUMP,0,0,0,0,0.0,INJECTOR,8,1,65,0,0.0,SERVO,1,1,12684,0,0.0,ADD 1,0,1,12695,0,0.0,ADD 2,0,1,12745,0,0.0,ADD 3,0,1,12761,0,0.0,ADD 4,0,1,12684,0,0.0,ADD 5,0,0,0,0,0.0,ADD 6,0,1,12783,0,0.0,ADD 7,0,0,0,0,0.0,EGT2CAN,0,1,12777,0,0.0
1778949350.4881704,0.0,12763,-51.0,0,-,0,0,0,0,0.0,-,0,0,0,0,0.0,ECU,1,1,12788,0,0.0,FAN1,0,0,0,0,0.0,COILS,8,1,0,0,0.0,PUMP,0,0,0,0,0.0,INJECTOR,8,1,65,0,0.0,SERVO,1,1,12695,0,0.0,ADD 1,0,1,12756,0,0.0,ADD 2,0,1,12810,0,0.0,ADD 3,0,1,12756,0,0.0,ADD 4,0,1,12750,0,0.0,ADD 5,0,0,0,0,0.0,ADD 6,0,1,12788,0,0.0,ADD 7,0,0,0,0,0.0,EGT2CAN,0,1,12745,0,0.0
1778949350.538937,0.0,12763,-51.0,0,-,0,0,0,0,0.0,-,0,0,0,0,0.0,ECU,1,1,12783,0,0.0,FAN1,0,0,0,0,0.0,COILS,8,1,0,0,0.0,PUMP,0,0,0,0,0.0,INJECTOR,8,1,65,0,0.0,SERVO,1,1,12695,0,0.0,ADD 1,0,1,12756,0,0.0,ADD 2,0,1,12810,0,0.0,ADD 3,0,1,12756,0,0.0,ADD 4,0,1,12750,0,0.0,ADD 5,0,0,0,0,0.0,ADD 6,0,1,12788,0,0.0,ADD 7,0,0,0,0,0.0,EGT2CAN,0,1,12745,0,0.0
1778949350.590187,0.0,12763,-51.0,0,-,0,0,0,0,0.0,-,0,0,0,0,0.0,ECU,1,1,12766,0,0.0,FAN1,0,0,0,0,0.0,COILS,8,1,0,0,0.0,PUMP,0,0,0,0,0.0,INJECTOR,8,1,65,0,0.0,SERVO,1,1,12701,0,0.0,ADD 1,0,1,12821,0,0.0,ADD 2,0,1,12756,0,0.0,ADD 3,0,1,12739,0,0.0,ADD 4,0,1,12712,0,0.0,ADD 5,0,0,0,0,0.0,ADD 6,0,1,12783,0,0.0,ADD 7,0,0,0,0,0.0,EGT2CAN,0,1,12756,0,0.0
1778949350.6420982,0.0,12763,-51.0,0,-,0,0,0,0,0.0,-,0,0,0,0,0.0,ECU,1,1,12756,0,0.0,FAN1,0,0,0,0,0.0,COILS,8,1,0,0,0.0,PUMP,0,0,0,0,0.0,INJECTOR,8,1,65,0,0.0,SERVO,1,1,12701,0,0.0,ADD 1,0,1,12821,0,0.0,ADD 2,0,1,12756,0,0.0,ADD 3,0,1,12739,0,0.0,ADD 4,0,1,12712,0,0.0,ADD 5,0,0,0,0,0.0,ADD 6,0,1,12783,0,0.0,ADD 7,0,0,0,0,0.0,EGT2CAN,0,1,12756,0,0.0
1778949350.693915,0.0,12769,-51.0,0,-,0,0,0,0,0.0,-,0,0,0,0,0.0,ECU,1,1,12799,0,0.0,FAN1,0,0,0,0,0.0,COILS,8,1,0,0,0.0,PUMP,0,0,0,0,0.0,INJECTOR,8,1,65,0,0.0,SERVO,1,1,12734,0,0.0,ADD 1,0,1,12772,0,0.0,ADD 2,0,1,12772,0,0.0,ADD 3,0,1,12772,0,0.0,ADD 4,0,1,12788,0,0.0,ADD 5,0,0,0,0,0.0,ADD 6,0,1,12794,0,0.0,ADD 7,0,0,0,0,0.0,EGT2CAN,0,1,12717,0,0.0
1778949350.7503803,0.0,12813,-51.0,0,-,0,0,0,0,0.0,-,0,0,0,0,0.0,ECU,1,1,12788,0,0.0,FAN1,0,0,0,0,0.0,COILS,8,1,0,0,0.0,PUMP,0,0,0,0,0.0,INJECTOR,8,1,65,0,0.0,SERVO,1,1,12717,0,0.0,ADD 1,0,1,12810,0,0.0,ADD 2,0,1,12827,0,0.0,ADD 3,0,1,12788,0,0.0,ADD 4,0,1,12717,0,0.0,ADD 5,0,0,0,0,0.0,ADD 6,0,1,12788,0,0.0,ADD 7,0,0,0,0,0.0,EGT2CAN,0,1,12788,0,0.0
1778949350.8009148,0.0,12813,-51.0,0,-,0,0,0,0,0.0,-,0,0,0,0,0.0,ECU,1,1,12783,0,0.0,FAN1,0,0,0,0,0.0,COILS,8,1,0,0,0.0,PUMP,0,0,0,0,0.0,INJECTOR,8,1,65,0,0.0,SERVO,1,1,12766,0,0.0,ADD 1,0,1,12799,0,0.0,ADD 2,0,1,12766,0,0.0,ADD 3,0,1,12761,0,0.0,ADD 4,0,1,12766,0,0.0,ADD 5,0,0,0,0,0.0,ADD 6,0,1,12810,0,0.0,ADD 7,0,0,0,0,0.0,EGT2CAN,0,1,12766,0,0.0
1778949350.8604088,0.0,12776,-51.0,0,-,0,0,0,0,0.0,-,0,0,0,0,0.0,ECU,1,1,12756,0,0.0,FAN1,0,0,0,0,0.0,COILS,8,1,0,0,0.0,PUMP,0,0,0,0,0.0,INJECTOR,8,1,71,0,0.0,SERVO,1,1,12783,0,0.0,ADD 1,0,1,12799,0,0.0,ADD 2,0,1,12766,0,0.0,ADD 3,0,1,12772,0,0.0,ADD 4,0,1,12695,0,0.0,ADD 5,0,0,0,0,0.0,ADD 6,0,1,12684,0,0.0,ADD 7,0,0,0,0,0.0,EGT2CAN,0,1,12750,0,0.0
1778949350.9109514,0.0,12794,-52.0,0,-,0,0,0,0,0.0,-,0,0,0,0,0.0,ECU,1,1,12772,0,0.0,FAN1,0,0,0,0,0.0,COILS,8,1,0,0,0.0,PUMP,0,0,0,0,0.0,INJECTOR,8,1,82,0,0.0,SERVO,1,1,12717,0,0.0,ADD 1,0,1,12810,0,0.0,ADD 2,0,1,12756,0,0.0,ADD 3,0,1,12772,0,0.0,ADD 4,0,1,12766,0,0.0,ADD 5,0,0,0,0,0.0,ADD 6,0,1,12810,0,0.0,ADD 7,0,0,0,0,0.0,EGT2CAN,0,1,12788,0,0.0
1778949350.9628866,0.0,12794,-52.0,0,-,0,0,0,0,0.0,-,0,0,0,0,0.0,ECU,1,1,12750,0,0.0,FAN1,0,0,0,0,0.0,COILS,8,1,0,0,0.0,PUMP,0,0,0,0,0.0,INJECTOR,8,1,87,0,0.0,SERVO,1,1,12750,0,0.0,ADD 1,0,1,12810,0,0.0,ADD 2,0,1,12756,0,0.0,ADD 3,0,1,12772,0,0.0,ADD 4,0,1,12766,0,0.0,ADD 5,0,0,0,0,0.0,ADD 6,0,1,12810,0,0.0,ADD 7,0,0,0,0,0.0,EGT2CAN,0,1,12788,0,0.0
1778949351.0133018,0.0,12807,-51.0,0,-,0,0,0,0,0.0,-,0,0,0,0,0.0,ECU,1,1,12766,0,0.0,FAN1,0,0,0,0,0.0,COILS,8,1,0,0,0.0,PUMP,0,0,0,0,0.0,INJECTOR,8,1,109,0,0.0,SERVO,1,1,12739,0,0.0,ADD 1,0,1,12761,0,0.0,ADD 2,0,1,12799,0,0.0,ADD 3,0,1,12717,0,0.0,ADD 4,0,1,12756,0,0.0,ADD 5,0,0,0,0,0.0,ADD 6,0,1,12766,0,0.0,ADD 7,0,0,0,0,0.0,EGT2CAN,0,1,12772,0,0.0
1778949351.0644543,0.0,12807,-51.0,0,-,0,0,0,0,0.0,-,0,0,0,0,0.0,ECU,1,1,12766,0,0.0,FAN1,0,0,0,0,0.0,COILS,8,1,0,0,0.0,PUMP,0,0,0,0,0.0,INJECTOR,8,1,109,0,0.0,SERVO,1,1,12739,0,0.0,ADD 1,0,1,12761,0,0.0,ADD 2,0,1,12799,0,0.0,ADD 3,0,1,12717,0,0.0,ADD 4,0,1,12756,0,0.0,ADD 5,0,0,0,0,0.0,ADD 6,0,1,12766,0,0.0,ADD 7,0,0,0,0,0.0,EGT2CAN,0,1,12772,0,0.0
1778949351.1166482,0.0,12807,-51.0,0,-,0,0,0,0,0.0,-,0,0,0,0,0.0,ECU,1,1,12739,0,0.0,FAN1,0,0,0,0,0.0,COILS,8,1,0,0,0.0,PUMP,0,0,0,0,0.0,INJECTOR,8,1,71,0,0.0,SERVO,1,1,12723,0,0.0,ADD 1,0,1,12723,0,0.0,ADD 2,0,1,12745,0,0.0,ADD 3,0,1,12684,0,0.0,ADD 4,0,1,12728,0,0.0,ADD 5,0,0,0,0,0.0,ADD 6,0,1,12821,0,0.0,ADD 7,0,0,0,0,0.0,EGT2CAN,0,1,12745,0,0.0
1778949351.1704621,0.0,12769,-51.0,0,-,0,0,0,0,0.0,-,0,0,0,0,0.0,ECU,1,1,12756,0,0.0,FAN1,0,0,0,0,0.0,COILS,8,1,0,0,0.0,PUMP,0,0,0,0,0.0,INJECTOR,8,1,65,0,0.0,SERVO,1,1,12766,0,0.0,ADD 1,0,1,12794,0,0.0,ADD 2,0,1,12821,0,0.0,ADD 3,0,1,12739,0,0.0,ADD 4,0,1,12706,0,0.0,ADD 5,0,0,0,0,0.0,ADD 6,0,1,12816,0,0.0,ADD 7,0,0,0,0,0.0,EGT2CAN,0,1,12750,0,0.0
1778949351.2299576,0.0,12776,-52.0,0,-,0,0,0,0,0.0,-,0,0,0,0,0.0,ECU,1,1,12756,0,0.0,FAN1,0,0,0,0,0.0,COILS,8,1,0,0,0.0,PUMP,0,0,0,0,0.0,INJECTOR,8,1,65,0,0.0,SERVO,1,1,12766,0,0.0,ADD 1,0,1,12761,0,0.0,ADD 2,0,1,12772,0,0.0,ADD 3,0,1,12772,0,0.0,ADD 4,0,1,12728,0,0.0,ADD 5,0,0,0,0,0.0,ADD 6,0,1,12772,0,0.0,ADD 7,0,0,0,0,0.0,EGT2CAN,0,1,12684,0,0.0
1778949351.280377,0.0,12800,-52.0,0,-,0,0,0,0,0.0,-,0,0,0,0,0.0,ECU,1,1,12772,0,0.0,FAN1,0,0,0,0,0.0,COILS,8,1,0,0,0.0,PUMP,0,0,0,0,0.0,INJECTOR,8,1,65,0,0.0,SERVO,1,1,12756,0,0.0,ADD 1,0,1,12766,0,0.0,ADD 2,0,1,12810,0,0.0,ADD 3,0,1,12766,0,0.0,ADD 4,0,1,12756,0,0.0,ADD 5,0,0,0,0,0.0,ADD 6,0,1,12734,0,0.0,ADD 7,0,0,0,0,0.0,EGT2CAN,0,1,12761,0,0.0
1778949351.331336,0.0,12800,-52.0,0,-,0,0,0,0,0.0,-,0,0,0,0,0.0,ECU,1,1,12772,0,0.0,FAN1,0,0,0,0,0.0,COILS,8,1,0,0,0.0,PUMP,0,0,0,0,0.0,INJECTOR,8,1,65,0,0.0,SERVO,1,1,12756,0,0.0,ADD 1,0,1,12766,0,0.0,ADD 2,0,1,12810,0,0.0,ADD 3,0,1,12766,0,0.0,ADD 4,0,1,12756,0,0.0,ADD 5,0,0,0,0,0.0,ADD 6,0,1,12734,0,0.0,ADD 7,0,0,0,0,0.0,EGT2CAN,0,1,12761,0,0.0
1778949351.3825278,0.0,12800,-52.0,0,-,0,0,0,0,0.0,-,0,0,0,0,0.0,ECU,1,1,12810,0,0.0,FAN1,0,0,0,0,0.0,COILS,8,1,0,0,0.0,PUMP,0,0,0,0,0.0,INJECTOR,8,1,65,0,0.0,SERVO,1,1,12772,0,0.0,ADD 1,0,1,12766,0,0.0,ADD 2,0,1,12810,0,0.0,ADD 3,0,1,12739,0,0.0,ADD 4,0,1,12739,0,0.0,ADD 5,0,0,0,0,0.0,ADD 6,0,1,12783,0,0.0,ADD 7,0,0,0,0,0.0,EGT2CAN,0,1,12728,0,0.0
1778949351.4540536,0.0,12807,-51.0,0,-,0,0,0,0,0.0,-,0,0,0,0,0.0,ECU,1,1,12756,0,0.0,FAN1,0,0,0,0,0.0,COILS,8,1,0,0,0.0,PUMP,0,0,0,0,0.0,INJECTOR,8,1,65,0,0.0,SERVO,1,1,12772,0,0.0,ADD 1,0,1,12761,0,0.0,ADD 2,0,1,12772,0,0.0,ADD 3,0,1,12783,0,0.0,ADD 4,0,1,12761,0,0.0,ADD 5,0,0,0,0,0.0,ADD 6,0,1,12799,0,0.0,ADD 7,0,0,0,0,0.0,EGT2CAN,0,1,12777,0,0.0
1778949351.5069258,0.0,12807,-51.0,0,-,0,0,0,0,0.0,-,0,0,0,0,0.0,ECU,1,1,12717,0,0.0,FAN1,0,0,0,0,0.0,COILS,8,1,0,0,0.0,PUMP,0,0,0,0,0.0,INJECTOR,8,1,65,0,0.0,SERVO,1,1,12734,0,0.0,ADD 1,0,1,12788,0,0.0,ADD 2,0,1,12761,0,0.0,ADD 3,0,1,12777,0,0.0,ADD 4,0,1,12756,0,0.0,ADD 5,0,0,0,0,0.0,ADD 6,0,1,12827,0,0.0,ADD 7,0,0,0,0,0.0,EGT2CAN,0,1,12805,0,0.0
1778949351.5676599,0.0,12788,-51.0,0,-,0,0,0,0,0.0,-,0,0,0,0,0.0,ECU,1,1,12799,0,0.0,FAN1,0,0,0,0,0.0,COILS,8,1,0,0,0.0,PUMP,0,0,0,0,0.0,INJECTOR,8,1,65,0,0.0,SERVO,1,1,12723,0,0.0,ADD 1,0,1,12788,0,0.0,ADD 2,0,1,12766,0,0.0,ADD 3,0,1,12788,0,0.0,ADD 4,0,1,12766,0,0.0,ADD 5,0,0,0,0,0.0,ADD 6,0,1,12816,0,0.0,ADD 7,0,0,0,0,0.0,EGT2CAN,0,1,12706,0,0.0
1778949351.6186101,0.0,12763,-51.0,0,-,0,0,0,0,0.0,-,0,0,0,0,0.0,ECU,1,1,12772,0,0.0,FAN1,0,0,0,0,0.0,COILS,8,1,0,0,0.0,PUMP,0,0,0,0,0.0,INJECTOR,8,1,98,0,0.0,SERVO,1,1,12701,0,0.0,ADD 1,0,1,12783,0,0.0,ADD 2,0,1,12777,0,0.0,ADD 3,0,1,12745,0,0.0,ADD 4,0,1,12739,0,0.0,ADD 5,0,0,0,0,0.0,ADD 6,0,1,12810,0,0.0,ADD 7,0,0,0,0,0.0,EGT2CAN,0,1,12772,0,0.0
1778949351.66935,0.0,12763,-51.0,0,-,0,0,0,0,0.0,-,0,0,0,0,0.0,ECU,1,1,12761,0,0.0,FAN1,0,0,0,0,0.0,COILS,8,1,0,0,0.0,PUMP,0,0,0,0,0.0,INJECTOR,8,1,76,0,0.0,SERVO,1,1,12766,0,0.0,ADD 1,0,1,12745,0,0.0,ADD 2,0,1,12756,0,0.0,ADD 3,0,1,12761,0,0.0,ADD 4,0,1,12717,0,0.0,ADD 5,0,0,0,0,0.0,ADD 6,0,1,12810,0,0.0,ADD 7,0,0,0,0,0.0,EGT2CAN,0,1,12772,0,0.0
1778949351.7270155,0.0,12782,-51.0,0,-,0,0,0,0,0.0,-,0,0,0,0,0.0,ECU,1,1,12756,0,0.0,FAN1,0,0,0,0,0.0,COILS,8,1,0,0,0.0,PUMP,0,0,0,0,0.0,INJECTOR,8,1,65,0,0.0,SERVO,1,1,12756,0,0.0,ADD 1,0,1,12788,0,0.0,ADD 2,0,1,12832,0,0.0,ADD 3,0,1,12799,0,0.0,ADD 4,0,1,12783,0,0.0,ADD 5,0,0,0,0,0.0,ADD 6,0,1,12788,0,0.0,ADD 7,0,0,0,0,0.0,EGT2CAN,0,1,12750,0,0.0
1778949351.7821324,0.0,12782,-51.0,0,-,0,0,0,0,0.0,-,0,0,0,0,0.0,ECU,1,1,12756,0,0.0,FAN1,0,0,0,0,0.0,COILS,8,1,0,0,0.0,PUMP,0,0,0,0,0.0,INJECTOR,8,1,65,0,0.0,SERVO,1,1,12756,0,0.0,ADD 1,0,1,12788,0,0.0,ADD 2,0,1,12832,0,0.0,ADD 3,0,1,12799,0,0.0,ADD 4,0,1,12783,0,0.0,ADD 5,0,0,0,0,0.0,ADD 6,0,1,12788,0,0.0,ADD 7,0,0,0,0,0.0,EGT2CAN,0,1,12750,0,0.0
1778949351.83303,0.0,12782,-51.0,0,-,0,0,0,0,0.0,-,0,0,0,0,0.0,ECU,1,1,12788,0,0.0,FAN1,0,0,0,0,0.0,COILS,8,1,0,0,0.0,PUMP,0,0,0,0,0.0,INJECTOR,8,1,76,0,0.0,SERVO,1,1,12788,0,0.0,ADD 1,0,1,12799,0,0.0,ADD 2,0,1,12810,0,0.0,ADD 3,0,1,12739,0,0.0,ADD 4,0,1,12728,0,0.0,ADD 5,0,0,0,0,0.0,ADD 6,0,1,12799,0,0.0,ADD 7,0,0,0,0,0.0,EGT2CAN,0,1,12772,0,0.0
1778949351.902536,0.0,12800,-51.0,0,-,0,0,0,0,0.0,-,0,0,0,0,0.0,ECU,1,1,12756,0,0.0,FAN1,0,0,0,0,0.0,COILS,8,1,0,0,0.0,PUMP,0,0,0,0,0.0,INJECTOR,8,1,65,0,0.0,SERVO,1,1,12772,0,0.0,ADD 1,0,1,12810,0,0.0,ADD 2,0,1,12810,0,0.0,ADD 3,0,1,12750,0,0.0,ADD 4,0,1,12756,0,0.0,ADD 5,0,0,0,0,0.0,ADD 6,0,1,12788,0,0.0,ADD 7,0,0,0,0,0.0,EGT2CAN,0,1,12766,0,0.0
1778949351.9545221,0.0,12800,-51.0,0,-,0,0,0,0,0.0,-,0,0,0,0,0.0,ECU,1,1,12788,0,0.0,FAN1,0,0,0,0,0.0,COILS,8,1,0,0,0.0,PUMP,0,0,0,0,0.0,INJECTOR,8,1,65,0,0.0,SERVO,1,1,12739,0,0.0,ADD 1,0,1,12799,0,0.0,ADD 2,0,1,12821,0,0.0,ADD 3,0,1,12794,0,0.0,ADD 4,0,1,12766,0,0.0,ADD 5,0,0,0,0,0.0,ADD 6,0,1,12788,0,0.0,ADD 7,0,0,0,0,0.0,EGT2CAN,0,1,12766,0,0.0
1778949352.0152113,0.0,12757,-51.0,0,-,0,0,0,0,0.0,-,0,0,0,0,0.0,ECU,1,1,12805,0,0.0,FAN1,0,0,0,0,0.0,COILS,8,1,0,0,0.0,PUMP,0,0,0,0,0.0,INJECTOR,8,1,65,0,0.0,SERVO,1,1,12706,0,0.0,ADD 1,0,1,12717,0,0.0,ADD 2,0,1,12777,0,0.0,ADD 3,0,1,12788,0,0.0,ADD 4,0,1,12723,0,0.0,ADD 5,0,0,0,0,0.0,ADD 6,0,1,12832,0,0.0,ADD 7,0,0,0,0,0.0,EGT2CAN,0,1,12761,0,0.0
1778949352.068195,0.0,12807,-51.0,0,-,0,0,0,0,0.0,-,0,0,0,0,0.0,ECU,1,1,12794,0,0.0,FAN1,0,0,0,0,0.0,COILS,8,1,0,0,0.0,PUMP,0,0,0,0,0.0,INJECTOR,8,1,71,0,0.0,SERVO,1,1,12739,0,0.0,ADD 1,0,1,12772,0,0.0,ADD 2,0,1,12810,0,0.0,ADD 3,0,1,12756,0,0.0,ADD 4,0,1,12761,0,0.0,ADD 5,0,0,0,0,0.0,ADD 6,0,1,12827,0,0.0,ADD 7,0,0,0,0,0.0,EGT2CAN,0,1,12695,0,0.0
1778949352.1185904,0.0,12807,-51.0,0,-,0,0,0,0,0.0,-,0,0,0,0,0.0,ECU,1,1,12772,0,0.0,FAN1,0,0,0,0,0.0,COILS,8,1,0,0,0.0,PUMP,0,0,0,0,0.0,INJECTOR,8,1,82,0,0.0,SERVO,1,1,12712,0,0.0,ADD 1,0,1,12772,0,0.0,ADD 2,0,1,12821,0,0.0,ADD 3,0,1,12739,0,0.0,ADD 4,0,1,12745,0,0.0,ADD 5,0,0,0,0,0.0,ADD 6,0,1,12805,0,0.0,ADD 7,0,0,0,0,0.0,EGT2CAN,0,1,12717,0,0.0
1778949352.1901097,0.0,12800,-52.0,0,-,0,0,0,0,0.0,-,0,0,0,0,0.0,ECU,1,1,12794,0,0.0,FAN1,0,0,0,0,0.0,COILS,8,1,0,0,0.0,PUMP,0,0,0,0,0.0,INJECTOR,8,1,60,0,0.0,SERVO,1,1,12695,0,0.0,ADD 1,0,1,12772,0,0.0,ADD 2,0,1,12810,0,0.0,ADD 3,0,1,12717,0,0.0,ADD 4,0,1,12717,0,0.0,ADD 5,0,0,0,0,0.0,ADD 6,0,1,12745,0,0.0,ADD 7,0,0,0,0,0.0,EGT2CAN,0,1,12739,0,0.0
1778949352.2412992,0.0,12800,-52.0,0,-,0,0,0,0,0.0,-,0,0,0,0,0.0,ECU,1,1,12794,0,0.0,FAN1,0,0,0,0,0.0,COILS,8,1,0,0,0.0,PUMP,0,0,0,0,0.0,INJECTOR,8,1,60,0,0.0,SERVO,1,1,12695,0,0.0,ADD 1,0,1,12772,0,0.0,ADD 2,0,1,12810,0,0.0,ADD 3,0,1,12717,0,0.0,ADD 4,0,1,12717,0,0.0,ADD 5,0,0,0,0,0.0,ADD 6,0,1,12745,0,0.0,ADD 7,0,0,0,0,0.0,EGT2CAN,0,1,12739,0,0.0
1778949352.2938504,0.0,12763,-51.0,0,-,0,0,0,0,0.0,-,0,0,0,0,0.0,ECU,1,1,12766,0,0.0,FAN1,0,0,0,0,0.0,COILS,8,1,0,0,0.0,PUMP,0,0,0,0,0.0,INJECTOR,8,1,65,0,0.0,SERVO,1,1,12717,0,0.0,ADD 1,0,1,12810,0,0.0,ADD 2,0,1,12810,0,0.0,ADD 3,0,1,12761,0,0.0,ADD 4,0,1,12766,0,0.0,ADD 5,0,0,0,0,0.0,ADD 6,0,1,12821,0,0.0,ADD 7,0,0,0,0,0.0,EGT2CAN,0,1,12756,0,0.0
1778949352.344527,0.0,12763,-51.0,0,-,0,0,0,0,0.0,-,0,0,0,0,0.0,ECU,1,1,12750,0,0.0,FAN1,0,0,0,0,0.0,COILS,8,1,0,0,0.0,PUMP,0,0,0,0,0.0,INJECTOR,8,1,65,0,0.0,SERVO,1,1,12728,0,0.0,ADD 1,0,1,12810,0,0.0,ADD 2,0,1,12810,0,0.0,ADD 3,0,1,12761,0,0.0,ADD 4,0,1,12766,0,0.0,ADD 5,0,0,0,0,0.0,ADD 6,0,1,12821,0,0.0,ADD 7,0,0,0,0,0.0,EGT2CAN,0,1,12756,0,0.0
1778949352.3957882,0.0,12763,-51.0,0,-,0,0,0,0,0.0,-,0,0,0,0,0.0,ECU,1,1,12750,0,0.0,FAN1,0,0,0,0,0.0,COILS,8,1,0,0,0.0,PUMP,0,0,0,0,0.0,INJECTOR,8,1,65,0,0.0,SERVO,1,1,12728,0,0.0,ADD 1,0,1,12684,0,0.0,ADD 2,0,1,12827,0,0.0,ADD 3,0,1,12684,0,0.0,ADD 4,0,1,12712,0,0.0,ADD 5,0,0,0,0,0.0,ADD 6,0,1,12799,0,0.0,ADD 7,0,0,0,0,0.0,EGT2CAN,0,1,12739,0,0.0
1778949352.4467213,0.0,12782,-52.0,0,-,0,0,0,0,0.0,-,0,0,0,0,0.0,ECU,1,1,12723,0,0.0,FAN1,0,0,0,0,0.0,COILS,8,1,0,0,0.0,PUMP,0,0,0,0,0.0,INJECTOR,8,1,65,0,0.0,SERVO,1,1,12728,0,0.0,ADD 1,0,1,12756,0,0.0,ADD 2,0,1,12805,0,0.0,ADD 3,0,1,12794,0,0.0,ADD 4,0,1,12739,0,0.0,ADD 5,0,0,0,0,0.0,ADD 6,0,1,12766,0,0.0,ADD 7,0,0,0,0,0.0,EGT2CAN,0,1,12739,0,0.0
1778949352.5185764,0.0,12782,-52.0,0,-,0,0,0,0,0.0,-,0,0,0,0,0.0,ECU,1,1,12777,0,0.0,FAN1,0,0,0,0,0.0,COILS,8,1,0,0,0.0,PUMP,0,0,0,0,0.0,INJECTOR,8,1,65,0,0.0,SERVO,1,1,12783,0,0.0,ADD 1,0,1,12805,0,0.0,ADD 2,0,1,12827,0,0.0,ADD 3,0,1,12805,0,0.0,ADD 4,0,1,12739,0,0.0,ADD 5,0,0,0,0,0.0,ADD 6,0,1,12766,0,0.0,ADD 7,0,0,0,0,0.0,EGT2CAN,0,1,12739,0,0.0
1778949352.5695229,0.0,12782,-51.0,0,-,0,0,0,0,0.0,-,0,0,0,0,0.0,ECU,1,1,12761,0,0.0,FAN1,0,0,0,0,0.0,COILS,8,1,0,0,0.0,PUMP,0,0,0,0,0.0,INJECTOR,8,1,65,0,0.0,SERVO,1,1,12739,0,0.0,ADD 1,0,1,12761,0,0.0,ADD 2,0,1,12788,0,0.0,ADD 3,0,1,12717,0,0.0,ADD 4,0,1,12717,0,0.0,ADD 5,0,0,0,0,0.0,ADD 6,0,1,12777,0,0.0,ADD 7,0,0,0,0,0.0,EGT2CAN,0,1,12750,0,0.0
1778949352.6223297,0.0,12782,-51.0,0,-,0,0,0,0,0.0,-,0,0,0,0,0.0,ECU,1,1,12761,0,0.0,FAN1,0,0,0,0,0.0,COILS,8,1,0,0,0.0,PUMP,0,0,0,0,0.0,INJECTOR,8,1,65,0,0.0,SERVO,1,1,12739,0,0.0,ADD 1,0,1,12761,0,0.0,ADD 2,0,1,12788,0,0.0,ADD 3,0,1,12717,0,0.0,ADD 4,0,1,12717,0,0.0,ADD 5,0,0,0,0,0.0,ADD 6,0,1,12777,0,0.0,ADD 7,0,0,0,0,0.0,EGT2CAN,0,1,12750,0,0.0
1778949352.6814363,0.0,12782,-51.0,0,-,0,0,0,0,0.0,-,0,0,0,0,0.0,ECU,1,1,12734,0,0.0,FAN1,0,0,0,0,0.0,COILS,8,1,0,0,0.0,PUMP,0,0,0,0,0.0,INJECTOR,8,1,71,0,0.0,SERVO,1,1,12750,0,0.0,ADD 1,0,1,12761,0,0.0,ADD 2,0,1,12788,0,0.0,ADD 3,0,1,12717,0,0.0,ADD 4,0,1,12717,0,0.0,ADD 5,0,0,0,0,0.0,ADD 6,0,1,12777,0,0.0,ADD 7,0,0,0,0,0.0,EGT2CAN,0,1,12750,0,0.0
1778949352.7322574,0.0,12800,-51.0,0,-,0,0,0,0,0.0,-,0,0,0,0,0.0,ECU,1,1,12717,0,0.0,FAN1,0,0,0,0,0.0,COILS,8,1,0,0,0.0,PUMP,0,0,0,0,0.0,INJECTOR,8,1,98,0,0.0,SERVO,1,1,12739,0,0.0,ADD 1,0,1,12761,0,0.0,ADD 2,0,1,12766,0,0.0,ADD 3,0,1,12766,0,0.0,ADD 4,0,1,12695,0,0.0,ADD 5,0,0,0,0,0.0,ADD 6,0,1,12783,0,0.0,ADD 7,0,0,0,0,0.0,EGT2CAN,0,1,12766,0,0.0
1778949352.7833261,0.0,12800,-51.0,0,-,0,0,0,0,0.0,-,0,0,0,0,0.0,ECU,1,1,12717,0,0.0,FAN1,0,0,0,0,0.0,COILS,8,1,0,0,0.0,PUMP,0,0,0,0,0.0,INJECTOR,8,1,98,0,0.0,SERVO,1,1,12739,0,0.0,ADD 1,0,1,12761,0,0.0,ADD 2,0,1,12766,0,0.0,ADD 3,0,1,12766,0,0.0,ADD 4,0,1,12695,0,0.0,ADD 5,0,0,0,0,0.0,ADD 6,0,1,12783,0,0.0,ADD 7,0,0,0,0,0.0,EGT2CAN,0,1,12766,0,0.0
1778949352.8359637,0.0,12800,-51.0,0,-,0,0,0,0,0.0,-,0,0,0,0,0.0,ECU,1,1,12766,0,0.0,FAN1,0,0,0,0,0.0,COILS,8,1,0,0,0.0,PUMP,0,0,0,0,0.0,INJECTOR,8,1,82,0,0.0,SERVO,1,1,12717,0,0.0,ADD 1,0,1,12788,0,0.0,ADD 2,0,1,12827,0,0.0,ADD 3,0,1,12777,0,0.0,ADD 4,0,1,12783,0,0.0,ADD 5,0,0,0,0,0.0,ADD 6,0,1,12827,0,0.0,ADD 7,0,0,0,0,0.0,EGT2CAN,0,1,12717,0,0.0
1778949352.8905025,0.0,12813,-51.0,0,-,0,0,0,0,0.0,-,0,0,0,0,0.0,ECU,1,1,12772,0,0.0,FAN1,0,0,0,0,0.0,COILS,8,1,0,0,0.0,PUMP,0,0,0,0,0.0,INJECTOR,8,1,54,0,0.0,SERVO,1,1,12756,0,0.0,ADD 1,0,1,12756,0,0.0,ADD 2,0,1,12788,0,0.0,ADD 3,0,1,12734,0,0.0,ADD 4,0,1,12750,0,0.0,ADD 5,0,0,0,0,0.0,ADD 6,0,1,12805,0,0.0,ADD 7,0,0,0,0,0.0,EGT2CAN,0,1,12783,0,0.0
1778949352.959026,0.0,12813,-51.0,0,-,0,0,0,0,0.0,-,0,0,0,0,0.0,ECU,1,1,12783,0,0.0,FAN1,0,0,0,0,0.0,COILS,8,1,0,0,0.0,PUMP,0,0,0,0,0.0,INJECTOR,8,1,65,0,0.0,SERVO,1,1,12728,0,0.0,ADD 1,0,1,12756,0,0.0,ADD 2,0,1,12788,0,0.0,ADD 3,0,1,12734,0,0.0,ADD 4,0,1,12750,0,0.0,ADD 5,0,0,0,0,0.0,ADD 6,0,1,12805,0,0.0,ADD 7,0,0,0,0,0.0,EGT2CAN,0,1,12783,0,0.0
1778949353.00937,0.0,12813,-52.0,0,-,0,0,0,0,0.0,-,0,0,0,0,0.0,ECU,1,1,12750,0,0.0,FAN1,0,0,0,0,0.0,COILS,8,1,0,0,0.0,PUMP,0,0,0,0,0.0,INJECTOR,8,1,87,0,0.0,SERVO,1,1,12684,0,0.0,ADD 1,0,1,12794,0,0.0,ADD 2,0,1,12788,0,0.0,ADD 3,0,1,12772,0,0.0,ADD 4,0,1,12723,0,0.0,ADD 5,0,0,0,0,0.0,ADD 6,0,1,12794,0,0.0,ADD 7,0,0,0,0,0.0,EGT2CAN,0,1,12788,0,0.0
1778949353.0630138,0.0,12813,-51.0,0,-,0,0,0,0,0.0,-,0,0,0,0,0.0,ECU,1,1,12750,0,0.0,FAN1,0,0,0,0,0.0,COILS,8,1,0,0,0.0,PUMP,0,0,0,0,0.0,INJECTOR,8,1,65,0,0.0,SERVO,1,1,12717,0,0.0,ADD 1,0,1,12810,0,0.0,ADD 2,0,1,12810,0,0.0,ADD 3,0,1,12756,0,0.0,ADD 4,0,1,12761,0,0.0,ADD 5,0,0,0,0,0.0,ADD 6,0,1,12821,0,0.0,ADD 7,0,0,0,0,0.0,EGT2CAN,0,1,12717,0,0.0
1778949353.1135945,0.0,12813,-51.0,0,-,0,0,0,0,0.0,-,0,0,0,0,0.0,ECU,1,1,12783,0,0.0,FAN1,0,0,0,0,0.0,COILS,8,1,0,0,0.0,PUMP,0,0,0,0,0.0,INJECTOR,8,1,65,0,0.0,SERVO,1,1,12739,0,0.0,ADD 1,0,1,12761,0,0.0,ADD 2,0,1,12794,0,0.0,ADD 3,0,1,12805,0,0.0,ADD 4,0,1,12750,0,0.0,ADD 5,0,0,0,0,0.0,ADD 6,0,1,12766,0,0.0,ADD 7,0,0,0,0,0.0,EGT2CAN,0,1,12783,0,0.0
1778949353.16431,0.0,12751,-54.0,0,-,0,0,0,0,0.0,-,0,0,0,0,0.0,ECU,1,1,12766,0,0.0,FAN1,0,0,0,0,0.0,COILS,8,1,0,0,0.0,PUMP,0,0,0,0,0.0,INJECTOR,8,1,65,0,0.0,SERVO,1,1,12772,0,0.0,ADD 1,0,1,12745,0,0.0,ADD 2,0,1,12783,0,0.0,ADD 3,0,1,12701,0,0.0,ADD 4,0,1,12712,0,0.0,ADD 5,0,0,0,0,0.0,ADD 6,0,1,12783,0,0.0,ADD 7,0,0,0,0,0.0,EGT2CAN,0,1,12783,0,0.0
1778949353.2162783,0.0,12800,-51.0,0,-,0,0,0,0,0.0,-,0,0,0,0,0.0,ECU,1,1,12766,0,0.0,FAN1,0,0,0,0,0.0,COILS,8,1,0,0,0.0,PUMP,0,0,0,0,0.0,INJECTOR,8,1,65,0,0.0,SERVO,1,1,12772,0,0.0,ADD 1,0,1,12745,0,0.0,ADD 2,0,1,12783,0,0.0,ADD 3,0,1,12701,0,0.0,ADD 4,0,1,12712,0,0.0,ADD 5,0,0,0,0,0.0,ADD 6,0,1,12783,0,0.0,ADD 7,0,0,0,0,0.0,EGT2CAN,0,1,12783,0,0.0
1778949353.267622,0.0,12800,-51.0,0,-,0,0,0,0,0.0,-,0,0,0,0,0.0,ECU,1,1,12788,0,0.0,FAN1,0,0,0,0,0.0,COILS,8,1,0,0,0.0,PUMP,0,0,0,0,0.0,INJECTOR,8,1,65,0,0.0,SERVO,1,1,12717,0,0.0,ADD 1,0,1,12788,0,0.0,ADD 2,0,1,12816,0,0.0,ADD 3,0,1,12805,0,0.0,ADD 4,0,1,12739,0,0.0,ADD 5,0,0,0,0,0.0,ADD 6,0,1,12788,0,0.0,ADD 7,0,0,0,0,0.0,EGT2CAN,0,1,12788,0,0.0
1778949353.3272915,0.0,12788,-52.0,0,-,0,0,0,0,0.0,-,0,0,0,0,0.0,ECU,1,1,12766,0,0.0,FAN1,0,0,0,0,0.0,COILS,8,1,0,0,0.0,PUMP,0,0,0,0,0.0,INJECTOR,8,1,71,0,0.0,SERVO,1,1,12739,0,0.0,ADD 1,0,1,12805,0,0.0,ADD 2,0,1,12777,0,0.0,ADD 3,0,1,12788,0,0.0,ADD 4,0,1,12712,0,0.0,ADD 5,0,0,0,0,0.0,ADD 6,0,1,12772,0,0.0,ADD 7,0,0,0,0,0.0,EGT2CAN,0,1,12794,0,0.0
1778949353.3785226,0.0,12763,-51.0,0,-,0,0,0,0,0.0,-,0,0,0,0,0.0,ECU,1,1,12805,0,0.0,FAN1,0,0,0,0,0.0,COILS,8,1,0,0,0.0,PUMP,0,0,0,0,0.0,INJECTOR,8,1,98,0,0.0,SERVO,1,1,12734,0,0.0,ADD 1,0,1,12805,0,0.0,ADD 2,0,1,12777,0,0.0,ADD 3,0,1,12788,0,0.0,ADD 4,0,1,12712,0,0.0,ADD 5,0,0,0,0,0.0,ADD 6,0,1,12772,0,0.0,ADD 7,0,0,0,0,0.0,EGT2CAN,0,1,12794,0,0.0
1778949353.4291496,0.0,12794,-51.0,0,-,0,0,0,0,0.0,-,0,0,0,0,0.0,ECU,1,1,12805,0,0.0,FAN1,0,0,0,0,0.0,COILS,8,1,0,0,0.0,PUMP,0,0,0,0,0.0,INJECTOR,8,1,98,0,0.0,SERVO,1,1,12734,0,0.0,ADD 1,0,1,12761,0,0.0,ADD 2,0,1,12756,0,0.0,ADD 3,0,1,12766,0,0.0,ADD 4,0,1,12783,0,0.0,ADD 5,0,0,0,0,0.0,ADD 6,0,1,12821,0,0.0,ADD 7,0,0,0,0,0.0,EGT2CAN,0,1,12766,0,0.0
1778949353.4862342,0.0,12807,-51.0,0,-,0,0,0,0,0.0,-,0,0,0,0,0.0,ECU,1,1,12745,0,0.0,FAN1,0,0,0,0,0.0,COILS,8,1,0,0,0.0,PUMP,0,0,0,0,0.0,INJECTOR,8,1,65,0,0.0,SERVO,1,1,12783,0,0.0,ADD 1,0,1,12810,0,0.0,ADD 2,0,1,12821,0,0.0,ADD 3,0,1,12766,0,0.0,ADD 4,0,1,12712,0,0.0,ADD 5,0,0,0,0,0.0,ADD 6,0,1,12777,0,0.0,ADD 7,0,0,0,0,0.0,EGT2CAN,0,1,12684,0,0.0
1778949353.5407026,0.0,12807,-51.0,0,-,0,0,0,0,0.0,-,0,0,0,0,0.0,ECU,1,1,12745,0,0.0,FAN1,0,0,0,0,0.0,COILS,8,1,0,0,0.0,PUMP,0,0,0,0,0.0,INJECTOR,8,1,65,0,0.0,SERVO,1,1,12783,0,0.0,ADD 1,0,1,12810,0,0.0,ADD 2,0,1,12821,0,0.0,ADD 3,0,1,12766,0,0.0,ADD 4,0,1,12712,0,0.0,ADD 5,0,0,0,0,0.0,ADD 6,0,1,12777,0,0.0,ADD 7,0,0,0,0,0.0,EGT2CAN,0,1,12684,0,0.0
1778949353.5911763,0.0,12788,-52.0,0,-,0,0,0,0,0.0,-,0,0,0,0,0.0,ECU,1,1,12756,0,0.0,FAN1,0,0,0,0,0.0,COILS,8,1,0,0,0.0,PUMP,0,0,0,0,0.0,INJECTOR,8,1,60,0,0.0,SERVO,1,1,12777,0,0.0,ADD 1,0,1,12816,0,0.0,ADD 2,0,1,12832,0,0.0,ADD 3,0,1,12805,0,0.0,ADD 4,0,1,12706,0,0.0,ADD 5,0,0,0,0,0.0,ADD 6,0,1,12745,0,0.0,ADD 7,0,0,0,0,0.0,EGT2CAN,0,1,12745,0,0.0
1778949353.643759,0.0,12800,-53.0,0,-,0,0,0,0,0.0,-,0,0,0,0,0.0,ECU,1,1,12745,0,0.0,FAN1,0,0,0,0,0.0,COILS,8,1,0,0,0.0,PUMP,0,0,0,0,0.0,INJECTOR,8,1,65,0,0.0,SERVO,1,1,12706,0,0.0,ADD 1,0,1,12684,0,0.0,ADD 2,0,1,12816,0,0.0,ADD 3,0,1,12684,0,0.0,ADD 4,0,1,12723,0,0.0,ADD 5,0,0,0,0,0.0,ADD 6,0,1,12821,0,0.0,ADD 7,0,0,0,0,0.0,EGT2CAN,0,1,12772,0,0.0
1778949353.6966116,0.0,12800,-53.0,0,-,0,0,0,0,0.0,-,0,0,0,0,0.0,ECU,1,1,12745,0,0.0,FAN1,0,0,0,0,0.0,COILS,8,1,0,0,0.0,PUMP,0,0,0,0,0.0,INJECTOR,8,1,65,0,0.0,SERVO,1,1,12706,0,0.0,ADD 1,0,1,12684,0,0.0,ADD 2,0,1,12816,0,0.0,ADD 3,0,1,12684,0,0.0,ADD 4,0,1,12723,0,0.0,ADD 5,0,0,0,0,0.0,ADD 6,0,1,12821,0,0.0,ADD 7,0,0,0,0,0.0,EGT2CAN,0,1,12772,0,0.0
1778949353.7471387,0.0,12776,-52.0,0,-,0,0,0,0,0.0,-,0,0,0,0,0.0,ECU,1,1,12756,0,0.0,FAN1,0,0,0,0,0.0,COILS,8,1,0,0,0.0,PUMP,0,0,0,0,0.0,INJECTOR,8,1,65,0,0.0,SERVO,1,1,12717,0,0.0,ADD 1,0,1,12810,0,0.0,ADD 2,0,1,12832,0,0.0,ADD 3,0,1,12777,0,0.0,ADD 4,0,1,12739,0,0.0,ADD 5,0,0,0,0,0.0,ADD 6,0,1,12810,0,0.0,ADD 7,0,0,0,0,0.0,EGT2CAN,0,1,12766,0,0.0
1778949353.80401,0.0,12776,-51.0,0,-,0,0,0,0,0.0,-,0,0,0,0,0.0,ECU,1,1,12772,0,0.0,FAN1,0,0,0,0,0.0,COILS,8,1,0,0,0.0,PUMP,0,0,0,0,0.0,INJECTOR,8,1,60,0,0.0,SERVO,1,1,12750,0,0.0,ADD 1,0,1,12772,0,0.0,ADD 2,0,1,12816,0,0.0,ADD 3,0,1,12788,0,0.0,ADD 4,0,1,12761,0,0.0,ADD 5,0,0,0,0,0.0,ADD 6,0,1,12805,0,0.0,ADD 7,0,0,0,0,0.0,EGT2CAN,0,1,12756,0,0.0
1778949353.8545284,0.0,12776,-51.0,0,-,0,0,0,0,0.0,-,0,0,0,0,0.0,ECU,1,1,12810,0,0.0,FAN1,0,0,0,0,0.0,COILS,8,1,0,0,0.0,PUMP,0,0,0,0,0.0,INJECTOR,8,1,60,0,0.0,SERVO,1,1,12750,0,0.0,ADD 1,0,1,12772,0,0.0,ADD 2,0,1,12816,0,0.0,ADD 3,0,1,12788,0,0.0,ADD 4,0,1,12761,0,0.0,ADD 5,0,0,0,0,0.0,ADD 6,0,1,12805,0,0.0,ADD 7,0,0,0,0,0.0,EGT2CAN,0,1,12756,0,0.0
1778949353.9054818,0.0,12800,-51.0,0,-,0,0,0,0,0.0,-,0,0,0,0,0.0,ECU,1,1,12745,0,0.0,FAN1,0,0,0,0,0.0,COILS,8,1,0,0,0.0,PUMP,0,0,0,0,0.0,INJECTOR,8,1,65,0,0.0,SERVO,1,1,12777,0,0.0,ADD 1,0,1,12750,0,0.0,ADD 2,0,1,12810,0,0.0,ADD 3,0,1,12766,0,0.0,ADD 4,0,1,12761,0,0.0,ADD 5,0,0,0,0,0.0,ADD 6,0,1,12777,0,0.0,ADD 7,0,0,0,0,0.0,EGT2CAN,0,1,12756,0,0.0
1778949353.956608,0.0,12794,-51.0,0,-,0,0,0,0,0.0,-,0,0,0,0,0.0,ECU,1,1,12739,0,0.0,FAN1,0,0,0,0,0.0,COILS,8,1,0,0,0.0,PUMP,0,0,0,0,0.0,INJECTOR,8,1,65,0,0.0,SERVO,1,1,12766,0,0.0,ADD 1,0,1,12788,0,0.0,ADD 2,0,1,12810,0,0.0,ADD 3,0,1,12788,0,0.0,ADD 4,0,1,12723,0,0.0,ADD 5,0,0,0,0,0.0,ADD 6,0,1,12756,0,0.0,ADD 7,0,0,0,0,0.0,EGT2CAN,0,1,12745,0,0.0
1778949354.0074759,0.0,12794,-51.0,0,-,0,0,0,0,0.0,-,0,0,0,0,0.0,ECU,1,1,12805,0,0.0,FAN1,0,0,0,0,0.0,COILS,8,1,0,0,0.0,PUMP,0,0,0,0,0.0,INJECTOR,8,1,65,0,0.0,SERVO,1,1,12777,0,0.0,ADD 1,0,1,12788,0,0.0,ADD 2,0,1,12827,0,0.0,ADD 3,0,1,12788,0,0.0,ADD 4,0,1,12739,0,0.0,ADD 5,0,0,0,0,0.0,ADD 6,0,1,12756,0,0.0,ADD 7,0,0,0,0,0.0,EGT2CAN,0,1,12745,0,0.0
1778949354.0584953,0.0,12745,-52.0,0,-,0,0,0,0,0.0,-,0,0,0,0,0.0,ECU,1,1,12799,0,0.0,FAN1,0,0,0,0,0.0,COILS,8,1,0,0,0.0,PUMP,0,0,0,0,0.0,INJECTOR,8,1,65,0,0.0,SERVO,1,1,12739,0,0.0,ADD 1,0,1,12810,0,0.0,ADD 2,0,1,12827,0,0.0,ADD 3,0,1,12788,0,0.0,ADD 4,0,1,12766,0,0.0,ADD 5,0,0,0,0,0.0,ADD 6,0,1,12772,0,0.0,ADD 7,0,0,0,0,0.0,EGT2CAN,0,1,12788,0,0.0
1778949354.1095412,0.0,12776,-52.0,0,-,0,0,0,0,0.0,-,0,0,0,0,0.0,ECU,1,1,12788,0,0.0,FAN1,0,0,0,0,0.0,COILS,8,1,0,0,0.0,PUMP,0,0,0,0,0.0,INJECTOR,8,1,87,0,0.0,SERVO,1,1,12783,0,0.0,ADD 1,0,1,12766,0,0.0,ADD 2,0,1,12788,0,0.0,ADD 3,0,1,12734,0,0.0,ADD 4,0,1,12734,0,0.0,ADD 5,0,0,0,0,0.0,ADD 6,0,1,12810,0,0.0,ADD 7,0,0,0,0,0.0,EGT2CAN,0,1,12799,0,0.0
1778949354.1610525,0.0,12776,-52.0,0,-,0,0,0,0,0.0,-,0,0,0,0,0.0,ECU,1,1,12799,0,0.0,FAN1,0,0,0,0,0.0,COILS,8,1,0,0,0.0,PUMP,0,0,0,0,0.0,INJECTOR,8,1,65,0,0.0,SERVO,1,1,12695,0,0.0,ADD 1,0,1,12766,0,0.0,ADD 2,0,1,12788,0,0.0,ADD 3,0,1,12734,0,0.0,ADD 4,0,1,12734,0,0.0,ADD 5,0,0,0,0,0.0,ADD 6,0,1,12810,0,0.0,ADD 7,0,0,0,0,0.0,EGT2CAN,0,1,12799,0,0.0
1778949354.2115633,0.0,12751,-51.0,0,-,0,0,0,0,0.0,-,0,0,0,0,0.0,ECU,1,1,12766,0,0.0,FAN1,0,0,0,0,0.0,COILS,8,1,0,0,0.0,PUMP,0,0,0,0,0.0,INJECTOR,8,1,65,0,0.0,SERVO,1,1,12756,0,0.0,ADD 1,0,1,12777,0,0.0,ADD 2,0,1,12766,0,0.0,ADD 3,0,1,12788,0,0.0,ADD 4,0,1,12750,0,0.0,ADD 5,0,0,0,0,0.0,ADD 6,0,1,12832,0,0.0,ADD 7,0,0,0,0,0.0,EGT2CAN,0,1,12788,0,0.0
1778949354.26274,0.0,12794,-51.0,0,-,0,0,0,0,0.0,-,0,0,0,0,0.0,ECU,1,1,12766,0,0.0,FAN1,0,0,0,0,0.0,COILS,8,1,0,0,0.0,PUMP,0,0,0,0,0.0,INJECTOR,8,1,65,0,0.0,SERVO,1,1,12756,0,0.0,ADD 1,0,1,12739,0,0.0,ADD 2,0,1,12794,0,0.0,ADD 3,0,1,12805,0,0.0,ADD 4,0,1,12734,0,0.0,ADD 5,0,0,0,0,0.0,ADD 6,0,1,12810,0,0.0,ADD 7,0,0,0,0,0.0,EGT2CAN,0,1,12739,0,0.0
1778949354.3165405,0.0,12794,-51.0,0,-,0,0,0,0,0.0,-,0,0,0,0,0.0,ECU,1,1,12745,0,0.0,FAN1,0,0,0,0,0.0,COILS,8,1,0,0,0.0,PUMP,0,0,0,0,0.0,INJECTOR,8,1,65,0,0.0,SERVO,1,1,12756,0,0.0,ADD 1,0,1,12761,0,0.0,ADD 2,0,1,12756,0,0.0,ADD 3,0,1,12772,0,0.0,ADD 4,0,1,12712,0,0.0,ADD 5,0,0,0,0,0.0,ADD 6,0,1,12794,0,0.0,ADD 7,0,0,0,0,0.0,EGT2CAN,0,1,12772,0,0.0
1778949354.3675826,0.0,12776,-51.0,0,-,0,0,0,0,0.0,-,0,0,0,0,0.0,ECU,1,1,12777,0,0.0,FAN1,0,0,0,0,0.0,COILS,8,1,0,0,0.0,PUMP,0,0,0,0,0.0,INJECTOR,8,1,65,0,0.0,SERVO,1,1,12772,0,0.0,ADD 1,0,1,12810,0,0.0,ADD 2,0,1,12810,0,0.0,ADD 3,0,1,12805,0,0.0,ADD 4,0,1,12766,0,0.0,ADD 5,0,0,0,0,0.0,ADD 6,0,1,12777,0,0.0,ADD 7,0,0,0,0,0.0,EGT2CAN,0,1,12788,0,0.0
1778949354.4213824,0.0,12782,-51.0,0,-,0,0,0,0,0.0,-,0,0,0,0,0.0,ECU,1,1,12777,0,0.0,FAN1,0,0,0,0,0.0,COILS,8,1,0,0,0.0,PUMP,0,0,0,0,0.0,INJECTOR,8,1,65,0,0.0,SERVO,1,1,12772,0,0.0,ADD 1,0,1,12810,0,0.0,ADD 2,0,1,12810,0,0.0,ADD 3,0,1,12805,0,0.0,ADD 4,0,1,12766,0,0.0,ADD 5,0,0,0,0,0.0,ADD 6,0,1,12777,0,0.0,ADD 7,0,0,0,0,0.0,EGT2CAN,0,1,12788,0,0.0
1778949354.4750187,0.0,12776,-52.0,0,-,0,0,0,0,0.0,-,0,0,0,0,0.0,ECU,1,1,12766,0,0.0,FAN1,0,0,0,0,0.0,COILS,8,1,0,0,0.0,PUMP,0,0,0,0,0.0,INJECTOR,8,1,98,0,0.0,SERVO,1,1,12788,0,0.0,ADD 1,0,1,12766,0,0.0,ADD 2,0,1,12777,0,0.0,ADD 3,0,1,12717,0,0.0,ADD 4,0,1,12717,0,0.0,ADD 5,0,0,0,0,0.0,ADD 6,0,1,12810,0,0.0,ADD 7,0,0,0,0,0.0,EGT2CAN,0,1,12739,0,0.0
1778949354.5292556,0.0,12776,-52.0,0,-,0,0,0,0,0.0,-,0,0,0,0,0.0,ECU,1,1,12766,0,0.0,FAN1,0,0,0,0,0.0,COILS,8,1,0,0,0.0,PUMP,0,0,0,0,0.0,INJECTOR,8,1,98,0,0.0,SERVO,1,1,12788,0,0.0,ADD 1,0,1,12766,0,0.0,ADD 2,0,1,12777,0,0.0,ADD 3,0,1,12717,0,0.0,ADD 4,0,1,12717,0,0.0,ADD 5,0,0,0,0,0.0,ADD 6,0,1,12810,0,0.0,ADD 7,0,0,0,0,0.0,EGT2CAN,0,1,12739,0,0.0
1778949354.5805707,0.0,12776,-52.0,0,-,0,0,0,0,0.0,-,0,0,0,0,0.0,ECU,1,1,12799,0,0.0,FAN1,0,0,0,0,0.0,COILS,8,1,0,0,0.0,PUMP,0,0,0,0,0.0,INJECTOR,8,1,76,0,0.0,SERVO,1,1,12717,0,0.0,ADD 1,0,1,12717,0,0.0,ADD 2,0,1,12816,0,0.0,ADD 3,0,1,12794,0,0.0,ADD 4,0,1,12766,0,0.0,ADD 5,0,0,0,0,0.0,ADD 6,0,1,12821,0,0.0,ADD 7,0,0,0,0,0.0,EGT2CAN,0,1,12750,0,0.0
1778949354.631124,0.0,12769,-51.0,0,-,0,0,0,0,0.0,-,0,0,0,0,0.0,ECU,1,1,12799,0,0.0,FAN1,0,0,0,0,0.0,COILS,8,1,0,0,0.0,PUMP,0,0,0,0,0.0,INJECTOR,8,1,65,0,0.0,SERVO,1,1,12766,0,0.0,ADD 1,0,1,12739,0,0.0,ADD 2,0,1,12810,0,0.0,ADD 3,0,1,12777,0,0.0,ADD 4,0,1,12783,0,0.0,ADD 5,0,0,0,0,0.0,ADD 6,0,1,12777,0,0.0,ADD 7,0,0,0,0,0.0,EGT2CAN,0,1,12712,0,0.0
1778949354.6831517,0.0,12769,-51.0,0,-,0,0,0,0,0.0,-,0,0,0,0,0.0,ECU,1,1,12799,0,0.0,FAN1,0,0,0,0,0.0,COILS,8,1,0,0,0.0,PUMP,0,0,0,0,0.0,INJECTOR,8,1,65,0,0.0,SERVO,1,1,12766,0,0.0,ADD 1,0,1,12739,0,0.0,ADD 2,0,1,12810,0,0.0,ADD 3,0,1,12777,0,0.0,ADD 4,0,1,12783,0,0.0,ADD 5,0,0,0,0,0.0,ADD 6,0,1,12777,0,0.0,ADD 7,0,0,0,0,0.0,EGT2CAN,0,1,12712,0,0.0
1778949354.733641,0.0,12769,-51.0,0,-,0,0,0,0,0.0,-,0,0,0,0,0.0,ECU,1,1,12766,0,0.0,FAN1,0,0,0,0,0.0,COILS,8,1,0,0,0.0,PUMP,0,0,0,0,0.0,INJECTOR,8,1,92,0,0.0,SERVO,1,1,12745,0,0.0,ADD 1,0,1,12739,0,0.0,ADD 2,0,1,12799,0,0.0,ADD 3,0,1,12783,0,0.0,ADD 4,0,1,12772,0,0.0,ADD 5,0,0,0,0,0.0,ADD 6,0,1,12827,0,0.0,ADD 7,0,0,0,0,0.0,EGT2CAN,0,1,12766,0,0.0
1778949354.7899687,0.0,12807,-52.0,0,-,0,0,0,0,0.0,-,0,0,0,0,0.0,ECU,1,1,12684,0,0.0,FAN1,0,0,0,0,0.0,COILS,8,1,0,0,0.0,PUMP,0,0,0,0,0.0,INJECTOR,8,1,65,0,0.0,SERVO,1,1,12745,0,0.0,ADD 1,0,1,12772,0,0.0,ADD 2,0,1,12816,0,0.0,ADD 3,0,1,12766,0,0.0,ADD 4,0,1,12717,0,0.0,ADD 5,0,0,0,0,0.0,ADD 6,0,1,12788,0,0.0,ADD 7,0,0,0,0,0.0,EGT2CAN,0,1,12783,0,0.0
1778949354.8406367,0.0,12807,-52.0,0,-,0,0,0,0,0.0,-,0,0,0,0,0.0,ECU,1,1,12728,0,0.0,FAN1,0,0,0,0,0.0,COILS,8,1,0,0,0.0,PUMP,0,0,0,0,0.0,INJECTOR,8,1,65,0,0.0,SERVO,1,1,12783,0,0.0,ADD 1,0,1,12772,0,0.0,ADD 2,0,1,12816,0,0.0,ADD 3,0,1,12766,0,0.0,ADD 4,0,1,12717,0,0.0,ADD 5,0,0,0,0,0.0,ADD 6,0,1,12788,0,0.0,ADD 7,0,0,0,0,0.0,EGT2CAN,0,1,12783,0,0.0
1778949354.8913567,0.0,12788,-52.0,0,-,0,0,0,0,0.0,-,0,0,0,0,0.0,ECU,1,1,12728,0,0.0,FAN1,0,0,0,0,0.0,COILS,8,1,0,0,0.0,PUMP,0,0,0,0,0.0,INJECTOR,8,1,65,0,0.0,SERVO,1,1,12783,0,0.0,ADD 1,0,1,12684,0,0.0,ADD 2,0,1,12816,0,0.0,ADD 3,0,1,12794,0,0.0,ADD 4,0,1,12745,0,0.0,ADD 5,0,0,0,0,0.0,ADD 6,0,1,12799,0,0.0,ADD 7,0,0,0,0,0.0,EGT2CAN,0,1,12794,0,0.0
1778949354.9474576,0.0,12794,-52.0,0,-,0,0,0,0,0.0,-,0,0,0,0,0.0,ECU,1,1,12810,0,0.0,FAN1,0,0,0,0,0.0,COILS,8,1,0,0,0.0,PUMP,0,0,0,0,0.0,INJECTOR,8,1,71,0,0.0,SERVO,1,1,12684,0,0.0,ADD 1,0,1,12816,0,0.0,ADD 2,0,1,12684,0,0.0,ADD 3,0,1,12799,0,0.0,ADD 4,0,1,12756,0,0.0,ADD 5,0,0,0,0,0.0,ADD 6,0,1,12810,0,0.0,ADD 7,0,0,0,0,0.0,EGT2CAN,0,1,12788,0,0.0
1778949355.014652,0.0,12794,-52.0,0,-,0,0,0,0,0.0,-,0,0,0,0,0.0,ECU,1,1,12805,0,0.0,FAN1,0,0,0,0,0.0,COILS,8,1,0,0,0.0,PUMP,0,0,0,0,0.0,INJECTOR,8,1,76,0,0.0,SERVO,1,1,12739,0,0.0,ADD 1,0,1,12816,0,0.0,ADD 2,0,1,12684,0,0.0,ADD 3,0,1,12799,0,0.0,ADD 4,0,1,12756,0,0.0,ADD 5,0,0,0,0,0.0,ADD 6,0,1,12810,0,0.0,ADD 7,0,0,0,0,0.0,EGT2CAN,0,1,12788,0,0.0
1778949355.0654275,0.0,12800,-51.0,0,-,0,0,0,0,0.0,-,0,0,0,0,0.0,ECU,1,1,12788,0,0.0,FAN1,0,0,0,0,0.0,COILS,8,1,0,0,0.0,PUMP,0,0,0,0,0.0,INJECTOR,8,1,60,0,0.0,SERVO,1,1,12777,0,0.0,ADD 1,0,1,12717,0,0.0,ADD 2,0,1,12783,0,0.0,ADD 3,0,1,12745,0,0.0,ADD 4,0,1,12761,0,0.0,ADD 5,0,0,0,0,0.0,ADD 6,0,1,12772,0,0.0,ADD 7,0,0,0,0,0.0,EGT2CAN,0,1,12761,0,0.0
1778949355.116613,0.0,12800,-51.0,0,-,0,0,0,0,0.0,-,0,0,0,0,0.0,ECU,1,1,12788,0,0.0,FAN1,0,0,0,0,0.0,COILS,8,1,0,0,0.0,PUMP,0,0,0,0,0.0,INJECTOR,8,1,60,0,0.0,SERVO,1,1,12777,0,0.0,ADD 1,0,1,12717,0,0.0,ADD 2,0,1,12783,0,0.0,ADD 3,0,1,12745,0,0.0,ADD 4,0,1,12761,0,0.0,ADD 5,0,0,0,0,0.0,ADD 6,0,1,12772,0,0.0,ADD 7,0,0,0,0,0.0,EGT2CAN,0,1,12761,0,0.0
1778949355.1678782,0.0,12800,-51.0,0,-,0,0,0,0,0.0,-,0,0,0,0,0.0,ECU,1,1,12756,0,0.0,FAN1,0,0,0,0,0.0,COILS,8,1,0,0,0.0,PUMP,0,0,0,0,0.0,INJECTOR,8,1,65,0,0.0,SERVO,1,1,12684,0,0.0,ADD 1,0,1,12750,0,0.0,ADD 2,0,1,12810,0,0.0,ADD 3,0,1,12788,0,0.0,ADD 4,0,1,12783,0,0.0,ADD 5,0,0,0,0,0.0,ADD 6,0,1,12756,0,0.0,ADD 7,0,0,0,0,0.0,EGT2CAN,0,1,12756,0,0.0
1778949355.2204807,0.0,12763,-51.0,0,-,0,0,0,0,0.0,-,0,0,0,0,0.0,ECU,1,1,12756,0,0.0,FAN1,0,0,0,0,0.0,COILS,8,1,0,0,0.0,PUMP,0,0,0,0,0.0,INJECTOR,8,1,65,0,0.0,SERVO,1,1,12734,0,0.0,ADD 1,0,1,12766,0,0.0,ADD 2,0,1,12810,0,0.0,ADD 3,0,1,12799,0,0.0,ADD 4,0,1,12756,0,0.0,ADD 5,0,0,0,0,0.0,ADD 6,0,1,12788,0,0.0,ADD 7,0,0,0,0,0.0,EGT2CAN,0,1,12756,0,0.0
1778949355.2860892,0.0,12763,-51.0,0,-,0,0,0,0,0.0,-,0,0,0,0,0.0,ECU,1,1,12766,0,0.0,FAN1,0,0,0,0,0.0,COILS,8,1,0,0,0.0,PUMP,0,0,0,0,0.0,INJECTOR,8,1,71,0,0.0,SERVO,1,1,12788,0,0.0,ADD 1,0,1,12810,0,0.0,ADD 2,0,1,12816,0,0.0,ADD 3,0,1,12805,0,0.0,ADD 4,0,1,12734,0,0.0,ADD 5,0,0,0,0,0.0,ADD 6,0,1,12821,0,0.0,ADD 7,0,0,0,0,0.0,EGT2CAN,0,1,12805,0,0.0
1778949355.338937,0.0,12782,-52.0,0,-,0,0,0,0,0.0,-,0,0,0,0,0.0,ECU,1,1,12788,0,0.0,FAN1,0,0,0,0,0.0,COILS,8,1,0,0,0.0,PUMP,0,0,0,0,0.0,INJECTOR,8,1,65,0,0.0,SERVO,1,1,12783,0,0.0,ADD 1,0,1,12739,0,0.0,ADD 2,0,1,12810,0,0.0,ADD 3,0,1,12766,0,0.0,ADD 4,0,1,12766,0,0.0,ADD 5,0,0,0,0,0.0,ADD 6,0,1,12772,0,0.0,ADD 7,0,0,0,0,0.0,EGT2CAN,0,1,12717,0,0.0
1778949355.391158,0.0,12782,-52.0,0,-,0,0,0,0,0.0,-,0,0,0,0,0.0,ECU,1,1,12783,0,0.0,FAN1,0,0,0,0,0.0,COILS,8,1,0,0,0.0,PUMP,0,0,0,0,0.0,INJECTOR,8,1,65,0,0.0,SERVO,1,1,12794,0,0.0,ADD 1,0,1,12756,0,0.0,ADD 2,0,1,12739,0,0.0,ADD 3,0,1,12756,0,0.0,ADD 4,0,1,12717,0,0.0,ADD 5,0,0,0,0,0.0,ADD 6,0,1,12788,0,0.0,ADD 7,0,0,0,0,0.0,EGT2CAN,0,1,12750,0,0.0
1778949355.4425085,0.0,12763,-51.0,0,-,0,0,0,0,0.0,-,0,0,0,0,0.0,ECU,1,1,12783,0,0.0,FAN1,0,0,0,0,0.0,COILS,8,1,0,0,0.0,PUMP,0,0,0,0,0.0,INJECTOR,8,1,65,0,0.0,SERVO,1,1,12794,0,0.0,ADD 1,0,1,12756,0,0.0,ADD 2,0,1,12739,0,0.0,ADD 3,0,1,12756,0,0.0,ADD 4,0,1,12717,0,0.0,ADD 5,0,0,0,0,0.0,ADD 6,0,1,12788,0,0.0,ADD 7,0,0,0,0,0.0,EGT2CAN,0,1,12750,0,0.0
1778949355.492897,0.0,12800,-52.0,0,-,0,0,0,0,0.0,-,0,0,0,0,0.0,ECU,1,1,12805,0,0.0,FAN1,0,0,0,0,0.0,COILS,8,1,0,0,0.0,PUMP,0,0,0,0,0.0,INJECTOR,8,1,98,0,0.0,SERVO,1,1,12734,0,0.0,ADD 1,0,1,12728,0,0.0,ADD 2,0,1,12739,0,0.0,ADD 3,0,1,12750,0,0.0,ADD 4,0,1,12717,0,0.0,ADD 5,0,0,0,0,0.0,ADD 6,0,1,12810,0,0.0,ADD 7,0,0,0,0,0.0,EGT2CAN,0,1,12761,0,0.0
1778949355.545429,0.0,12763,-51.0,0,-,0,0,0,0,0.0,-,0,0,0,0,0.0,ECU,1,1,12745,0,0.0,FAN1,0,0,0,0,0.0,COILS,8,1,0,0,0.0,PUMP,0,0,0,0,0.0,INJECTOR,8,1,65,0,0.0,SERVO,1,1,12766,0,0.0,ADD 1,0,1,12783,0,0.0,ADD 2,0,1,12810,0,0.0,ADD 3,0,1,12794,0,0.0,ADD 4,0,1,12734,0,0.0,ADD 5,0,0,0,0,0.0,ADD 6,0,1,12827,0,0.0,ADD 7,0,0,0,0,0.0,EGT2CAN,0,1,12794,0,0.0
1778949355.597305,0.0,12763,-51.0,0,-,0,0,0,0,0.0,-,0,0,0,0,0.0,ECU,1,1,12745,0,0.0,FAN1,0,0,0,0,0.0,COILS,8,1,0,0,0.0,PUMP,0,0,0,0,0.0,INJECTOR,8,1,65,0,0.0,SERVO,1,1,12766,0,0.0,ADD 1,0,1,12783,0,0.0,ADD 2,0,1,12810,0,0.0,ADD 3,0,1,12794,0,0.0,ADD 4,0,1,12734,0,0.0,ADD 5,0,0,0,0,0.0,ADD 6,0,1,12827,0,0.0,ADD 7,0,0,0,0,0.0,EGT2CAN,0,1,12794,0,0.0
1778949355.6481013,0.0,12776,-52.0,0,-,0,0,0,0,0.0,-,0,0,0,0,0.0,ECU,1,1,12728,0,0.0,FAN1,0,0,0,0,0.0,COILS,8,1,0,0,0.0,PUMP,0,0,0,0,0.0,INJECTOR,8,1,65,0,0.0,SERVO,1,1,12717,0,0.0,ADD 1,0,1,12684,0,0.0,ADD 2,0,1,12745,0,0.0,ADD 3,0,1,12684,0,0.0,ADD 4,0,1,12745,0,0.0,ADD 5,0,0,0,0,0.0,ADD 6,0,1,12832,0,0.0,ADD 7,0,0,0,0,0.0,EGT2CAN,0,1,12788,0,0.0
1778949355.6995423,0.0,12776,-52.0,0,-,0,0,0,0,0.0,-,0,0,0,0,0.0,ECU,1,1,12794,0,0.0,FAN1,0,0,0,0,0.0,COILS,8,1,0,0,0.0,PUMP,0,0,0,0,0.0,INJECTOR,8,1,65,0,0.0,SERVO,1,1,12613,0,0.0,ADD 1,0,1,12766,0,0.0,ADD 2,0,1,12756,0,0.0,ADD 3,0,1,12756,0,0.0,ADD 4,0,1,12739,0,0.0,ADD 5,0,0,0,0,0.0,ADD 6,0,1,12756,0,0.0,ADD 7,0,0,0,0,0.0,EGT2CAN,0,1,12701,0,0.0
1778949355.750131,0.0,12800,-53.0,0,-,0,0,0,0,0.0,-,0,0,0,0,0.0,ECU,1,1,12794,0,0.0,FAN1,0,0,0,0,0.0,COILS,8,1,0,0,0.0,PUMP,0,0,0,0,0.0,INJECTOR,8,1,65,0,0.0,SERVO,1,1,12613,0,0.0,ADD 1,0,1,12766,0,0.0,ADD 2,0,1,12756,0,0.0,ADD 3,0,1,12756,0,0.0,ADD 4,0,1,12739,0,0.0,ADD 5,0,0,0,0,0.0,ADD 6,0,1,12756,0,0.0,ADD 7,0,0,0,0,0.0,EGT2CAN,0,1,12701,0,0.0
1778949355.8010936,0.0,12782,-52.0,0,-,0,0,0,0,0.0,-,0,0,0,0,0.0,ECU,1,1,12772,0,0.0,FAN1,0,0,0,0,0.0,COILS,8,1,0,0,0.0,PUMP,0,0,0,0,0.0,INJECTOR,8,1,71,0,0.0,SERVO,1,1,12788,0,0.0,ADD 1,0,1,12756,0,0.0,ADD 2,0,1,12766,0,0.0,ADD 3,0,1,12788,0,0.0,ADD 4,0,1,12756,0,0.0,ADD 5,0,0,0,0,0.0,ADD 6,0,1,12756,0,0.0,ADD 7,0,0,0,0,0.0,EGT2CAN,0,1,12777,0,0.0
1778949355.8580766,0.0,12782,-52.0,0,-,0,0,0,0,0.0,-,0,0,0,0,0.0,ECU,1,1,12728,0,0.0,FAN1,0,0,0,0,0.0,COILS,8,1,0,0,0.0,PUMP,0,0,0,0,0.0,INJECTOR,8,1,65,0,0.0,SERVO,1,1,12766,0,0.0,ADD 1,0,1,12810,0,0.0,ADD 2,0,1,12832,0,0.0,ADD 3,0,1,12799,0,0.0,ADD 4,0,1,12739,0,0.0,ADD 5,0,0,0,0,0.0,ADD 6,0,1,12756,0,0.0,ADD 7,0,0,0,0,0.0,EGT2CAN,0,1,12777,0,0.0
1778949355.9200668,0.0,12751,-51.0,0,-,0,0,0,0,0.0,-,0,0,0,0,0.0,ECU,1,1,12761,0,0.0,FAN1,0,0,0,0,0.0,COILS,8,1,0,0,0.0,PUMP,0,0,0,0,0.0,INJECTOR,8,1,65,0,0.0,SERVO,1,1,12761,0,0.0,ADD 1,0,1,12745,0,0.0,ADD 2,0,1,12756,0,0.0,ADD 3,0,1,12788,0,0.0,ADD 4,0,1,12756,0,0.0,ADD 5,0,0,0,0,0.0,ADD 6,0,1,12788,0,0.0,ADD 7,0,0,0,0,0.0,EGT2CAN,0,1,12766,0,0.0
1778949355.9714358,0.0,12794,-52.0,0,-,0,0,0,0,0.0,-,0,0,0,0,0.0,ECU,1,1,12761,0,0.0,FAN1,0,0,0,0,0.0,COILS,8,1,0,0,0.0,PUMP,0,0,0,0,0.0,INJECTOR,8,1,65,0,0.0,SERVO,1,1,12761,0,0.0,ADD 1,0,1,12745,0,0.0,ADD 2,0,1,12756,0,0.0,ADD 3,0,1,12788,0,0.0,ADD 4,0,1,12756,0,0.0,ADD 5,0,0,0,0,0.0,ADD 6,0,1,12788,0,0.0,ADD 7,0,0,0,0,0.0,EGT2CAN,0,1,12766,0,0.0
1778949356.02206,0.0,12794,-52.0,0,-,0,0,0,0,0.0,-,0,0,0,0,0.0,ECU,1,1,12684,0,0.0,FAN1,0,0,0,0,0.0,COILS,8,1,0,0,0.0,PUMP,0,0,0,0,0.0,INJECTOR,8,1,71,0,0.0,SERVO,1,1,12728,0,0.0,ADD 1,0,1,12766,0,0.0,ADD 2,0,1,12772,0,0.0,ADD 3,0,1,12805,0,0.0,ADD 4,0,1,12745,0,0.0,ADD 5,0,0,0,0,0.0,ADD 6,0,1,12788,0,0.0,ADD 7,0,0,0,0,0.0,EGT2CAN,0,1,12766,0,0.0
1778949356.0726535,0.0,12769,-51.0,0,-,0,0,0,0,0.0,-,0,0,0,0,0.0,ECU,1,1,12788,0,0.0,FAN1,0,0,0,0,0.0,COILS,8,1,0,0,0.0,PUMP,0,0,0,0,0.0,INJECTOR,8,1,65,0,0.0,SERVO,1,1,12783,0,0.0,ADD 1,0,1,12788,0,0.0,ADD 2,0,1,12766,0,0.0,ADD 3,0,1,12717,0,0.0,ADD 4,0,1,12756,0,0.0,ADD 5,0,0,0,0,0.0,ADD 6,0,1,12783,0,0.0,ADD 7,0,0,0,0,0.0,EGT2CAN,0,1,12788,0,0.0
1778949356.1250422,0.0,12769,-51.0,0,-,0,0,0,0,0.0,-,0,0,0,0,0.0,ECU,1,1,12788,0,0.0,FAN1,0,0,0,0,0.0,COILS,8,1,0,0,0.0,PUMP,0,0,0,0,0.0,INJECTOR,8,1,65,0,0.0,SERVO,1,1,12783,0,0.0,ADD 1,0,1,12788,0,0.0,ADD 2,0,1,12766,0,0.0,ADD 3,0,1,12717,0,0.0,ADD 4,0,1,12756,0,0.0,ADD 5,0,0,0,0,0.0,ADD 6,0,1,12783,0,0.0,ADD 7,0,0,0,0,0.0,EGT2CAN,0,1,12788,0,0.0
1778949356.1790602,0.0,12769,-51.0,0,-,0,0,0,0,0.0,-,0,0,0,0,0.0,ECU,1,1,12766,0,0.0,FAN1,0,0,0,0,0.0,COILS,8,1,0,0,0.0,PUMP,0,0,0,0,0.0,INJECTOR,8,1,60,0,0.0,SERVO,1,1,12756,0,0.0,ADD 1,0,1,12788,0,0.0,ADD 2,0,1,12766,0,0.0,ADD 3,0,1,12717,0,0.0,ADD 4,0,1,12756,0,0.0,ADD 5,0,0,0,0,0.0,ADD 6,0,1,12783,0,0.0,ADD 7,0,0,0,0,0.0,EGT2CAN,0,1,12788,0,0.0
1778949356.2294798,0.0,12788,-52.0,0,-,0,0,0,0,0.0,-,0,0,0,0,0.0,ECU,1,1,12723,0,0.0,FAN1,0,0,0,0,0.0,COILS,8,1,0,0,0.0,PUMP,0,0,0,0,0.0,INJECTOR,8,1,65,0,0.0,SERVO,1,1,12684,0,0.0,ADD 1,0,1,12756,0,0.0,ADD 2,0,1,12783,0,0.0,ADD 3,0,1,12734,0,0.0,ADD 4,0,1,12756,0,0.0,ADD 5,0,0,0,0,0.0,ADD 6,0,1,12777,0,0.0,ADD 7,0,0,0,0,0.0,EGT2CAN,0,1,12739,0,0.0
1778949356.2815042,0.0,12788,-52.0,0,-,0,0,0,0,0.0,-,0,0,0,0,0.0,ECU,1,1,12723,0,0.0,FAN1,0,0,0,0,0.0,COILS,8,1,0,0,0.0,PUMP,0,0,0,0,0.0,INJECTOR,8,1,65,0,0.0,SERVO,1,1,12684,0,0.0,ADD 1,0,1,12756,0,0.0,ADD 2,0,1,12783,0,0.0,ADD 3,0,1,12734,0,0.0,ADD 4,0,1,12756,0,0.0,ADD 5,0,0,0,0,0.0,ADD 6,0,1,12777,0,0.0,ADD 7,0,0,0,0,0.0,EGT2CAN,0,1,12739,0,0.0
1778949356.3346589,0.0,12788,-52.0,0,-,0,0,0,0,0.0,-,0,0,0,0,0.0,ECU,1,1,12788,0,0.0,FAN1,0,0,0,0,0.0,COILS,8,1,0,0,0.0,PUMP,0,0,0,0,0.0,INJECTOR,8,1,65,0,0.0,SERVO,1,1,12734,0,0.0,ADD 1,0,1,12684,0,0.0,ADD 2,0,1,12816,0,0.0,ADD 3,0,1,12794,0,0.0,ADD 4,0,1,12745,0,0.0,ADD 5,0,0,0,0,0.0,ADD 6,0,1,12739,0,0.0,ADD 7,0,0,0,0,0.0,EGT2CAN,0,1,12766,0,0.0
1778949356.388667,0.0,12782,-52.0,0,-,0,0,0,0,0.0,-,0,0,0,0,0.0,ECU,1,1,12756,0,0.0,FAN1,0,0,0,0,0.0,COILS,8,1,0,0,0.0,PUMP,0,0,0,0,0.0,INJECTOR,8,1,65,0,0.0,SERVO,1,1,12684,0,0.0,ADD 1,0,1,12739,0,0.0,ADD 2,0,1,12794,0,0.0,ADD 3,0,1,12728,0,0.0,ADD 4,0,1,12728,0,0.0,ADD 5,0,0,0,0,0.0,ADD 6,0,1,12777,0,0.0,ADD 7,0,0,0,0,0.0,EGT2CAN,0,1,12745,0,0.0
1778949356.439365,0.0,12782,-52.0,0,-,0,0,0,0,0.0,-,0,0,0,0,0.0,ECU,1,1,12772,0,0.0,FAN1,0,0,0,0,0.0,COILS,8,1,0,0,0.0,PUMP,0,0,0,0,0.0,INJECTOR,8,1,65,0,0.0,SERVO,1,1,12766,0,0.0,ADD 1,0,1,12739,0,0.0,ADD 2,0,1,12794,0,0.0,ADD 3,0,1,12728,0,0.0,ADD 4,0,1,12728,0,0.0,ADD 5,0,0,0,0,0.0,ADD 6,0,1,12777,0,0.0,ADD 7,0,0,0,0,0.0,EGT2CAN,0,1,12745,0,0.0
1778949356.4898615,0.0,12813,-52.0,0,-,0,0,0,0,0.0,-,0,0,0,0,0.0,ECU,1,1,12761,0,0.0,FAN1,0,0,0,0,0.0,COILS,8,1,0,0,0.0,PUMP,0,0,0,0,0.0,INJECTOR,8,1,65,0,0.0,SERVO,1,1,12783,0,0.0,ADD 1,0,1,12761,0,0.0,ADD 2,0,1,12788,0,0.0,ADD 3,0,1,12745,0,0.0,ADD 4,0,1,12739,0,0.0,ADD 5,0,0,0,0,0.0,ADD 6,0,1,12794,0,0.0,ADD 7,0,0,0,0,0.0,EGT2CAN,0,1,12788,0,0.0
1778949356.5433853,0.0,12800,-51.0,0,-,0,0,0,0,0.0,-,0,0,0,0,0.0,ECU,1,1,12794,0,0.0,FAN1,0,0,0,0,0.0,COILS,8,1,0,0,0.0,PUMP,0,0,0,0,0.0,INJECTOR,8,1,65,0,0.0,SERVO,1,1,12717,0,0.0,ADD 1,0,1,12766,0,0.0,ADD 2,0,1,12816,0,0.0,ADD 3,0,1,12739,0,0.0,ADD 4,0,1,12756,0,0.0,ADD 5,0,0,0,0,0.0,ADD 6,0,1,12756,0,0.0,ADD 7,0,0,0,0,0.0,EGT2CAN,0,1,12788,0,0.0
1778949356.608878,0.0,12800,-51.0,0,-,0,0,0,0,0.0,-,0,0,0,0,0.0,ECU,1,1,12783,0,0.0,FAN1,0,0,0,0,0.0,COILS,8,1,0,0,0.0,PUMP,0,0,0,0,0.0,INJECTOR,8,1,65,0,0.0,SERVO,1,1,12717,0,0.0,ADD 1,0,1,12766,0,0.0,ADD 2,0,1,12816,0,0.0,ADD 3,0,1,12739,0,0.0,ADD 4,0,1,12756,0,0.0,ADD 5,0,0,0,0,0.0,ADD 6,0,1,12756,0,0.0,ADD 7,0,0,0,0,0.0,EGT2CAN,0,1,12788,0,0.0
1778949356.670186,0.0,12788,-52.0,0,-,0,0,0,0,0.0,-,0,0,0,0,0.0,ECU,1,1,12788,0,0.0,FAN1,0,0,0,0,0.0,COILS,8,1,0,0,0.0,PUMP,0,0,0,0,0.0,INJECTOR,8,1,65,0,0.0,SERVO,1,1,12717,0,0.0,ADD 1,0,1,12794,0,0.0,ADD 2,0,1,12821,0,0.0,ADD 3,0,1,12684,0,0.0,ADD 4,0,1,12739,0,0.0,ADD 5,0,0,0,0,0.0,ADD 6,0,1,12777,0,0.0,ADD 7,0,0,0,0,0.0,EGT2CAN,0,1,12739,0,0.0
1778949356.730138,0.0,12807,-51.0,0,-,0,0,0,0,0.0,-,0,0,0,0,0.0,ECU,1,1,12788,0,0.0,FAN1,0,0,0,0,0.0,COILS,8,1,0,0,0.0,PUMP,0,0,0,0,0.0,INJECTOR,8,1,76,0,0.0,SERVO,1,1,12739,0,0.0,ADD 1,0,1,12788,0,0.0,ADD 2,0,1,12827,0,0.0,ADD 3,0,1,12788,0,0.0,ADD 4,0,1,12750,0,0.0,ADD 5,0,0,0,0,0.0,ADD 6,0,1,12783,0,0.0,ADD 7,0,0,0,0,0.0,EGT2CAN,0,1,12783,0,0.0
1778949356.780451,0.0,12800,-51.0,0,-,0,0,0,0,0.0,-,0,0,0,0,0.0,ECU,1,1,12777,0,0.0,FAN1,0,0,0,0,0.0,COILS,8,1,0,0,0.0,PUMP,0,0,0,0,0.0,INJECTOR,8,1,60,0,0.0,SERVO,1,1,12723,0,0.0,ADD 1,0,1,12766,0,0.0,ADD 2,0,1,12816,0,0.0,ADD 3,0,1,12756,0,0.0,ADD 4,0,1,12684,0,0.0,ADD 5,0,0,0,0,0.0,ADD 6,0,1,12684,0,0.0,ADD 7,0,0,0,0,0.0,EGT2CAN,0,1,12684,0,0.0
1778949356.8317335,0.0,12800,-51.0,0,-,0,0,0,0,0.0,-,0,0,0,0,0.0,ECU,1,1,12777,0,0.0,FAN1,0,0,0,0,0.0,COILS,8,1,0,0,0.0,PUMP,0,0,0,0,0.0,INJECTOR,8,1,60,0,0.0,SERVO,1,1,12723,0,0.0,ADD 1,0,1,12766,0,0.0,ADD 2,0,1,12816,0,0.0,ADD 3,0,1,12756,0,0.0,ADD 4,0,1,12684,0,0.0,ADD 5,0,0,0,0,0.0,ADD 6,0,1,12684,0,0.0,ADD 7,0,0,0,0,0.0,EGT2CAN,0,1,12684,0,0.0
1778949356.882443,0.0,12800,-51.0,0,-,0,0,0,0,0.0,-,0,0,0,0,0.0,ECU,1,1,12728,0,0.0,FAN1,0,0,0,0,0.0,COILS,8,1,0,0,0.0,PUMP,0,0,0,0,0.0,INJECTOR,8,1,71,0,0.0,SERVO,1,1,12712,0,0.0,ADD 1,0,1,12728,0,0.0,ADD 2,0,1,12766,0,0.0,ADD 3,0,1,12788,0,0.0,ADD 4,0,1,12728,0,0.0,ADD 5,0,0,0,0,0.0,ADD 6,0,1,12684,0,0.0,ADD 7,0,0,0,0,0.0,EGT2CAN,0,1,12684,0,0.0
1778949356.940284,0.0,12782,-52.0,0,-,0,0,0,0,0.0,-,0,0,0,0,0.0,ECU,1,1,12745,0,0.0,FAN1,0,0,0,0,0.0,COILS,8,1,0,0,0.0,PUMP,0,0,0,0,0.0,INJECTOR,8,1,65,0,0.0,SERVO,1,1,12739,0,0.0,ADD 1,0,1,12684,0,0.0,ADD 2,0,1,12783,0,0.0,ADD 3,0,1,12684,0,0.0,ADD 4,0,1,12712,0,0.0,ADD 5,0,0,0,0,0.0,ADD 6,0,1,12783,0,0.0,ADD 7,0,0,0,0,0.0,EGT2CAN,0,1,12783,0,0.0
1778949357.008821,0.0,12782,-52.0,0,-,0,0,0,0,0.0,-,0,0,0,0,0.0,ECU,1,1,12739,0,0.0,FAN1,0,0,0,0,0.0,COILS,8,1,0,0,0.0,PUMP,0,0,0,0,0.0,INJECTOR,8,1,65,0,0.0,SERVO,1,1,12739,0,0.0,ADD 1,0,1,12684,0,0.0,ADD 2,0,1,12783,0,0.0,ADD 3,0,1,12684,0,0.0,ADD 4,0,1,12712,0,0.0,ADD 5,0,0,0,0,0.0,ADD 6,0,1,12783,0,0.0,ADD 7,0,0,0,0,0.0,EGT2CAN,0,1,12783,0,0.0
1778949357.0594447,0.0,12763,-54.0,0,-,0,0,0,0,0.0,-,0,0,0,0,0.0,ECU,1,1,12739,0,0.0,FAN1,0,0,0,0,0.0,COILS,8,1,0,0,0.0,PUMP,0,0,0,0,0.0,INJECTOR,8,1,60,0,0.0,SERVO,1,1,12777,0,0.0,ADD 1,0,1,12777,0,0.0,ADD 2,0,1,12783,0,0.0,ADD 3,0,1,12788,0,0.0,ADD 4,0,1,12728,0,0.0,ADD 5,0,0,0,0,0.0,ADD 6,0,1,12766,0,0.0,ADD 7,0,0,0,0,0.0,EGT2CAN,0,1,12745,0,0.0
1778949357.1132216,0.0,12751,-51.0,0,-,0,0,0,0,0.0,-,0,0,0,0,0.0,ECU,1,1,12788,0,0.0,FAN1,0,0,0,0,0.0,COILS,8,1,0,0,0.0,PUMP,0,0,0,0,0.0,INJECTOR,8,1,65,0,0.0,SERVO,1,1,12766,0,0.0,ADD 1,0,1,12805,0,0.0,ADD 2,0,1,12750,0,0.0,ADD 3,0,1,12756,0,0.0,ADD 4,0,1,12717,0,0.0,ADD 5,0,0,0,0,0.0,ADD 6,0,1,12832,0,0.0,ADD 7,0,0,0,0,0.0,EGT2CAN,0,1,12788,0,0.0
1778949357.16399,0.0,12751,-51.0,0,-,0,0,0,0,0.0,-,0,0,0,0,0.0,ECU,1,1,12684,0,0.0,FAN1,0,0,0,0,0.0,COILS,8,1,0,0,0.0,PUMP,0,0,0,0,0.0,INJECTOR,8,1,65,0,0.0,SERVO,1,1,12745,0,0.0,ADD 1,0,1,12788,0,0.0,ADD 2,0,1,12799,0,0.0,ADD 3,0,1,12734,0,0.0,ADD 4,0,1,12679,0,0.0,ADD 5,0,0,0,0,0.0,ADD 6,0,1,12832,0,0.0,ADD 7,0,0,0,0,0.0,EGT2CAN,0,1,12788,0,0.0
1778949357.2149549,0.0,12794,-52.0,0,-,0,0,0,0,0.0,-,0,0,0,0,0.0,ECU,1,1,12794,0,0.0,FAN1,0,0,0,0,0.0,COILS,8,1,0,0,0.0,PUMP,0,0,0,0,0.0,INJECTOR,8,1,98,0,0.0,SERVO,1,1,12739,0,0.0,ADD 1,0,1,12777,0,0.0,ADD 2,0,1,12783,0,0.0,ADD 3,0,1,12712,0,0.0,ADD 4,0,1,12706,0,0.0,ADD 5,0,0,0,0,0.0,ADD 6,0,1,12777,0,0.0,ADD 7,0,0,0,0,0.0,EGT2CAN,0,1,12684,0,0.0
1778949357.266476,0.0,12794,-51.0,0,-,0,0,0,0,0.0,-,0,0,0,0,0.0,ECU,1,1,12794,0,0.0,FAN1,0,0,0,0,0.0,COILS,8,1,0,0,0.0,PUMP,0,0,0,0,0.0,INJECTOR,8,1,98,0,0.0,SERVO,1,1,12739,0,0.0,ADD 1,0,1,12788,0,0.0,ADD 2,0,1,12810,0,0.0,ADD 3,0,1,12788,0,0.0,ADD 4,0,1,12777,0,0.0,ADD 5,0,0,0,0,0.0,ADD 6,0,1,12827,0,0.0,ADD 7,0,0,0,0,0.0,EGT2CAN,0,1,12756,0,0.0
1778949357.317126,0.0,12794,-51.0,0,-,0,0,0,0,0.0,-,0,0,0,0,0.0,ECU,1,1,12810,0,0.0,FAN1,0,0,0,0,0.0,COILS,8,1,0,0,0.0,PUMP,0,0,0,0,0.0,INJECTOR,8,1,65,0,0.0,SERVO,1,1,12766,0,0.0,ADD 1,0,1,12810,0,0.0,ADD 2,0,1,12766,0,0.0,ADD 3,0,1,12750,0,0.0,ADD 4,0,1,12739,0,0.0,ADD 5,0,0,0,0,0.0,ADD 6,0,1,12832,0,0.0,ADD 7,0,0,0,0,0.0,EGT2CAN,0,1,12810,0,0.0
1778949357.3685467,0.0,12782,-52.0,0,-,0,0,0,0,0.0,-,0,0,0,0,0.0,ECU,1,1,12783,0,0.0,FAN1,0,0,0,0,0.0,COILS,8,1,0,0,0.0,PUMP,0,0,0,0,0.0,INJECTOR,8,1,65,0,0.0,SERVO,1,1,12783,0,0.0,ADD 1,0,1,12788,0,0.0,ADD 2,0,1,12827,0,0.0,ADD 3,0,1,12788,0,0.0,ADD 4,0,1,12734,0,0.0,ADD 5,0,0,0,0,0.0,ADD 6,0,1,12772,0,0.0,ADD 7,0,0,0,0,0.0,EGT2CAN,0,1,12766,0,0.0
1778949357.4310477,0.0,12757,-51.0,0,-,0,0,0,0,0.0,-,0,0,0,0,0.0,ECU,1,1,12766,0,0.0,FAN1,0,0,0,0,0.0,COILS,8,1,0,0,0.0,PUMP,0,0,0,0,0.0,INJECTOR,8,1,65,0,0.0,SERVO,1,1,12750,0,0.0,ADD 1,0,1,12810,0,0.0,ADD 2,0,1,12805,0,0.0,ADD 3,0,1,12794,0,0.0,ADD 4,0,1,12766,0,0.0,ADD 5,0,0,0,0,0.0,ADD 6,0,1,12766,0,0.0,ADD 7,0,0,0,0,0.0,EGT2CAN,0,1,12701,0,0.0
1778949357.4818344,0.0,12763,-51.0,0,-,0,0,0,0,0.0,-,0,0,0,0,0.0,ECU,1,1,12717,0,0.0,FAN1,0,0,0,0,0.0,COILS,8,1,0,0,0.0,PUMP,0,0,0,0,0.0,INJECTOR,8,1,71,0,0.0,SERVO,1,1,12777,0,0.0,ADD 1,0,1,12788,0,0.0,ADD 2,0,1,12816,0,0.0,ADD 3,0,1,12783,0,0.0,ADD 4,0,1,12766,0,0.0,ADD 5,0,0,0,0,0.0,ADD 6,0,1,12788,0,0.0,ADD 7,0,0,0,0,0.0,EGT2CAN,0,1,12717,0,0.0
1778949357.5330184,0.0,12763,-51.0,0,-,0,0,0,0,0.0,-,0,0,0,0,0.0,ECU,1,1,12717,0,0.0,FAN1,0,0,0,0,0.0,COILS,8,1,0,0,0.0,PUMP,0,0,0,0,0.0,INJECTOR,8,1,71,0,0.0,SERVO,1,1,12777,0,0.0,ADD 1,0,1,12788,0,0.0,ADD 2,0,1,12816,0,0.0,ADD 3,0,1,12783,0,0.0,ADD 4,0,1,12766,0,0.0,ADD 5,0,0,0,0,0.0,ADD 6,0,1,12788,0,0.0,ADD 7,0,0,0,0,0.0,EGT2CAN,0,1,12717,0,0.0
1778949357.5845566,0.0,12763,-51.0,0,-,0,0,0,0,0.0,-,0,0,0,0,0.0,ECU,1,1,12794,0,0.0,FAN1,0,0,0,0,0.0,COILS,8,1,0,0,0.0,PUMP,0,0,0,0,0.0,INJECTOR,8,1,65,0,0.0,SERVO,1,1,12745,0,0.0,ADD 1,0,1,12810,0,0.0,ADD 2,0,1,12810,0,0.0,ADD 3,0,1,12728,0,0.0,ADD 4,0,1,12739,0,0.0,ADD 5,0,0,0,0,0.0,ADD 6,0,1,12772,0,0.0,ADD 7,0,0,0,0,0.0,EGT2CAN,0,1,12739,0,0.0
1778949357.6350358,0.0,12788,-52.0,0,-,0,0,0,0,0.0,-,0,0,0,0,0.0,ECU,1,1,12783,0,0.0,FAN1,0,0,0,0,0.0,COILS,8,1,0,0,0.0,PUMP,0,0,0,0,0.0,INJECTOR,8,1,65,0,0.0,SERVO,1,1,12777,0,0.0,ADD 1,0,1,12766,0,0.0,ADD 2,0,1,12756,0,0.0,ADD 3,0,1,12766,0,0.0,ADD 4,0,1,12690,0,0.0,ADD 5,0,0,0,0,0.0,ADD 6,0,1,12788,0,0.0,ADD 7,0,0,0,0,0.0,EGT2CAN,0,1,12717,0,0.0
1778949357.6853468,0.0,12788,-52.0,0,-,0,0,0,0,0.0,-,0,0,0,0,0.0,ECU,1,1,12783,0,0.0,FAN1,0,0,0,0,0.0,COILS,8,1,0,0,0.0,PUMP,0,0,0,0,0.0,INJECTOR,8,1,65,0,0.0,SERVO,1,1,12777,0,0.0,ADD 1,0,1,12766,0,0.0,ADD 2,0,1,12756,0,0.0,ADD 3,0,1,12766,0,0.0,ADD 4,0,1,12690,0,0.0,ADD 5,0,0,0,0,0.0,ADD 6,0,1,12788,0,0.0,ADD 7,0,0,0,0,0.0,EGT2CAN,0,1,12717,0,0.0
1778949357.7362442,0.0,12788,-52.0,0,-,0,0,0,0,0.0,-,0,0,0,0,0.0,ECU,1,1,12794,0,0.0,FAN1,0,0,0,0,0.0,COILS,8,1,0,0,0.0,PUMP,0,0,0,0,0.0,INJECTOR,8,1,65,0,0.0,SERVO,1,1,12766,0,0.0,ADD 1,0,1,12794,0,0.0,ADD 2,0,1,12777,0,0.0,ADD 3,0,1,12756,0,0.0,ADD 4,0,1,12684,0,0.0,ADD 5,0,0,0,0,0.0,ADD 6,0,1,12684,0,0.0,ADD 7,0,0,0,0,0.0,EGT2CAN,0,1,12788,0,0.0
1778949357.7942226,0.0,12782,-52.0,0,-,0,0,0,0,0.0,-,0,0,0,0,0.0,ECU,1,1,12756,0,0.0,FAN1,0,0,0,0,0.0,COILS,8,1,0,0,0.0,PUMP,0,0,0,0,0.0,INJECTOR,8,1,60,0,0.0,SERVO,1,1,12756,0,0.0,ADD 1,0,1,12750,0,0.0,ADD 2,0,1,12684,0,0.0,ADD 3,0,1,12745,0,0.0,ADD 4,0,1,12684,0,0.0,ADD 5,0,0,0,0,0.0,ADD 6,0,1,12810,0,0.0,ADD 7,0,0,0,0,0.0,EGT2CAN,0,1,12777,0,0.0
1778949357.8472092,0.0,12782,-52.0,0,-,0,0,0,0,0.0,-,0,0,0,0,0.0,ECU,1,1,12745,0,0.0,FAN1,0,0,0,0,0.0,COILS,8,1,0,0,0.0,PUMP,0,0,0,0,0.0,INJECTOR,8,1,60,0,0.0,SERVO,1,1,12756,0,0.0,ADD 1,0,1,12750,0,0.0,ADD 2,0,1,12684,0,0.0,ADD 3,0,1,12745,0,0.0,ADD 4,0,1,12684,0,0.0,ADD 5,0,0,0,0,0.0,ADD 6,0,1,12810,0,0.0,ADD 7,0,0,0,0,0.0,EGT2CAN,0,1,12777,0,0.0
1778949357.898448,0.0,12794,-51.0,0,-,0,0,0,0,0.0,-,0,0,0,0,0.0,ECU,1,1,12745,0,0.0,FAN1,0,0,0,0,0.0,COILS,8,1,0,0,0.0,PUMP,0,0,0,0,0.0,INJECTOR,8,1,65,0,0.0,SERVO,1,1,12739,0,0.0,ADD 1,0,1,12805,0,0.0,ADD 2,0,1,12772,0,0.0,ADD 3,0,1,12766,0,0.0,ADD 4,0,1,12690,0,0.0,ADD 5,0,0,0,0,0.0,ADD 6,0,1,12805,0,0.0,ADD 7,0,0,0,0,0.0,EGT2CAN,0,1,12750,0,0.0
1778949357.9657762,0.0,12769,-51.0,0,-,0,0,0,0,0.0,-,0,0,0,0,0.0,ECU,1,1,12766,0,0.0,FAN1,0,0,0,0,0.0,COILS,8,1,0,0,0.0,PUMP,0,0,0,0,0.0,INJECTOR,8,1,60,0,0.0,SERVO,1,1,12728,0,0.0,ADD 1,0,1,12766,0,0.0,ADD 2,0,1,12805,0,0.0,ADD 3,0,1,12788,0,0.0,ADD 4,0,1,12739,0,0.0,ADD 5,0,0,0,0,0.0,ADD 6,0,1,12745,0,0.0,ADD 7,0,0,0,0,0.0,EGT2CAN,0,1,12739,0,0.0
1778949358.019356,0.0,12769,-51.0,0,-,0,0,0,0,0.0,-,0,0,0,0,0.0,ECU,1,1,12745,0,0.0,FAN1,0,0,0,0,0.0,COILS,8,1,0,0,0.0,PUMP,0,0,0,0,0.0,INJECTOR,8,1,87,0,0.0,SERVO,1,1,12728,0,0.0,ADD 1,0,1,12788,0,0.0,ADD 2,0,1,12772,0,0.0,ADD 3,0,1,12794,0,0.0,ADD 4,0,1,12777,0,0.0,ADD 5,0,0,0,0,0.0,ADD 6,0,1,12745,0,0.0,ADD 7,0,0,0,0,0.0,EGT2CAN,0,1,12739,0,0.0
1778949358.0825958,0.0,12782,-52.0,0,-,0,0,0,0,0.0,-,0,0,0,0,0.0,ECU,1,1,12690,0,0.0,FAN1,0,0,0,0,0.0,COILS,8,1,0,0,0.0,PUMP,0,0,0,0,0.0,INJECTOR,8,1,65,0,0.0,SERVO,1,1,12734,0,0.0,ADD 1,0,1,12783,0,0.0,ADD 2,0,1,12777,0,0.0,ADD 3,0,1,12766,0,0.0,ADD 4,0,1,12739,0,0.0,ADD 5,0,0,0,0,0.0,ADD 6,0,1,12761,0,0.0,ADD 7,0,0,0,0,0.0,EGT2CAN,0,1,12750,0,0.0
1778949358.1456695,0.0,12807,-51.0,0,-,0,0,0,0,0.0,-,0,0,0,0,0.0,ECU,1,1,12690,0,0.0,FAN1,0,0,0,0,0.0,COILS,8,1,0,0,0.0,PUMP,0,0,0,0,0.0,INJECTOR,8,1,65,0,0.0,SERVO,1,1,12734,0,0.0,ADD 1,0,1,12783,0,0.0,ADD 2,0,1,12777,0,0.0,ADD 3,0,1,12766,0,0.0,ADD 4,0,1,12739,0,0.0,ADD 5,0,0,0,0,0.0,ADD 6,0,1,12761,0,0.0,ADD 7,0,0,0,0,0.0,EGT2CAN,0,1,12750,0,0.0
1778949358.1982768,0.0,12788,-52.0,0,-,0,0,0,0,0.0,-,0,0,0,0,0.0,ECU,1,1,12739,0,0.0,FAN1,0,0,0,0,0.0,COILS,8,1,0,0,0.0,PUMP,0,0,0,0,0.0,INJECTOR,8,1,65,0,0.0,SERVO,1,1,12745,0,0.0,ADD 1,0,1,12756,0,0.0,ADD 2,0,1,12772,0,0.0,ADD 3,0,1,12717,0,0.0,ADD 4,0,1,12717,0,0.0,ADD 5,0,0,0,0,0.0,ADD 6,0,1,12772,0,0.0,ADD 7,0,0,0,0,0.0,EGT2CAN,0,1,12750,0,0.0
1778949358.2495513,0.0,12794,-52.0,0,-,0,0,0,0,0.0,-,0,0,0,0,0.0,ECU,1,1,12766,0,0.0,FAN1,0,0,0,0,0.0,COILS,8,1,0,0,0.0,PUMP,0,0,0,0,0.0,INJECTOR,8,1,65,0,0.0,SERVO,1,1,12777,0,0.0,ADD 1,0,1,12794,0,0.0,ADD 2,0,1,12810,0,0.0,ADD 3,0,1,12745,0,0.0,ADD 4,0,1,12761,0,0.0,ADD 5,0,0,0,0,0.0,ADD 6,0,1,12766,0,0.0,ADD 7,0,0,0,0,0.0,EGT2CAN,0,1,12750,0,0.0
1778949358.300575,0.0,12794,-52.0,0,-,0,0,0,0,0.0,-,0,0,0,0,0.0,ECU,1,1,12766,0,0.0,FAN1,0,0,0,0,0.0,COILS,8,1,0,0,0.0,PUMP,0,0,0,0,0.0,INJECTOR,8,1,65,0,0.0,SERVO,1,1,12777,0,0.0,ADD 1,0,1,12794,0,0.0,ADD 2,0,1,12810,0,0.0,ADD 3,0,1,12745,0,0.0,ADD 4,0,1,12761,0,0.0,ADD 5,0,0,0,0,0.0,ADD 6,0,1,12766,0,0.0,ADD 7,0,0,0,0,0.0,EGT2CAN,0,1,12750,0,0.0
1778949358.350899,0.0,12794,-51.0,0,-,0,0,0,0,0.0,-,0,0,0,0,0.0,ECU,1,1,12799,0,0.0,FAN1,0,0,0,0,0.0,COILS,8,1,0,0,0.0,PUMP,0,0,0,0,0.0,INJECTOR,8,1,82,0,0.0,SERVO,1,1,12739,0,0.0,ADD 1,0,1,12761,0,0.0,ADD 2,0,1,12810,0,0.0,ADD 3,0,1,12766,0,0.0,ADD 4,0,1,12734,0,0.0,ADD 5,0,0,0,0,0.0,ADD 6,0,1,12777,0,0.0,ADD 7,0,0,0,0,0.0,EGT2CAN,0,1,12794,0,0.0
1778949358.402608,0.0,12807,-51.0,0,-,0,0,0,0,0.0,-,0,0,0,0,0.0,ECU,1,1,12788,0,0.0,FAN1,0,0,0,0,0.0,COILS,8,1,0,0,0.0,PUMP,0,0,0,0,0.0,INJECTOR,8,1,65,0,0.0,SERVO,1,1,12723,0,0.0,ADD 1,0,1,12756,0,0.0,ADD 2,0,1,12805,0,0.0,ADD 3,0,1,12766,0,0.0,ADD 4,0,1,12739,0,0.0,ADD 5,0,0,0,0,0.0,ADD 6,0,1,12777,0,0.0,ADD 7,0,0,0,0,0.0,EGT2CAN,0,1,12799,0,0.0
1778949358.4540124,0.0,12807,-51.0,0,-,0,0,0,0,0.0,-,0,0,0,0,0.0,ECU,1,1,12788,0,0.0,FAN1,0,0,0,0,0.0,COILS,8,1,0,0,0.0,PUMP,0,0,0,0,0.0,INJECTOR,8,1,76,0,0.0,SERVO,1,1,12723,0,0.0,ADD 1,0,1,12756,0,0.0,ADD 2,0,1,12805,0,0.0,ADD 3,0,1,12766,0,0.0,ADD 4,0,1,12739,0,0.0,ADD 5,0,0,0,0,0.0,ADD 6,0,1,12777,0,0.0,ADD 7,0,0,0,0,0.0,EGT2CAN,0,1,12799,0,0.0
1778949358.5063174,0.0,12763,-52.0,0,-,0,0,0,0,0.0,-,0,0,0,0,0.0,ECU,1,1,12799,0,0.0,FAN1,0,0,0,0,0.0,COILS,8,1,0,0,0.0,PUMP,0,0,0,0,0.0,INJECTOR,8,1,76,0,0.0,SERVO,1,1,12739,0,0.0,ADD 1,0,1,12717,0,0.0,ADD 2,0,1,12805,0,0.0,ADD 3,0,1,12717,0,0.0,ADD 4,0,1,12739,0,0.0,ADD 5,0,0,0,0,0.0,ADD 6,0,1,12772,0,0.0,ADD 7,0,0,0,0,0.0,EGT2CAN,0,1,12745,0,0.0
1778949358.5608485,0.0,12763,-52.0,0,-,0,0,0,0,0.0,-,0,0,0,0,0.0,ECU,1,1,12799,0,0.0,FAN1,0,0,0,0,0.0,COILS,8,1,0,0,0.0,PUMP,0,0,0,0,0.0,INJECTOR,8,1,71,0,0.0,SERVO,1,1,12772,0,0.0,ADD 1,0,1,12717,0,0.0,ADD 2,0,1,12805,0,0.0,ADD 3,0,1,12717,0,0.0,ADD 4,0,1,12739,0,0.0,ADD 5,0,0,0,0,0.0,ADD 6,0,1,12772,0,0.0,ADD 7,0,0,0,0,0.0,EGT2CAN,0,1,12745,0,0.0
1778949358.6147432,0.0,12763,-52.0,0,-,0,0,0,0,0.0,-,0,0,0,0,0.0,ECU,1,1,12788,0,0.0,FAN1,0,0,0,0,0.0,COILS,8,1,0,0,0.0,PUMP,0,0,0,0,0.0,INJECTOR,8,1,60,0,0.0,SERVO,1,1,12756,0,0.0,ADD 1,0,1,12734,0,0.0,ADD 2,0,1,12810,0,0.0,ADD 3,0,1,12794,0,0.0,ADD 4,0,1,12788,0,0.0,ADD 5,0,0,0,0,0.0,ADD 6,0,1,12821,0,0.0,ADD 7,0,0,0,0,0.0,EGT2CAN,0,1,12717,0,0.0
1778949358.6718729,0.0,12800,-51.0,0,-,0,0,0,0,0.0,-,0,0,0,0,0.0,ECU,1,1,12788,0,0.0,FAN1,0,0,0,0,0.0,COILS,8,1,0,0,0.0,PUMP,0,0,0,0,0.0,INJECTOR,8,1,65,0,0.0,SERVO,1,1,12756,0,0.0,ADD 1,0,1,12794,0,0.0,ADD 2,0,1,12788,0,0.0,ADD 3,0,1,12783,0,0.0,ADD 4,0,1,12728,0,0.0,ADD 5,0,0,0,0,0.0,ADD 6,0,1,12832,0,0.0,ADD 7,0,0,0,0,0.0,EGT2CAN,0,1,12805,0,0.0
1778949358.7242491,0.0,12800,-51.0,0,-,0,0,0,0,0.0,-,0,0,0,0,0.0,ECU,1,1,12805,0,0.0,FAN1,0,0,0,0,0.0,COILS,8,1,0,0,0.0,PUMP,0,0,0,0,0.0,INJECTOR,8,1,60,0,0.0,SERVO,1,1,12739,0,0.0,ADD 1,0,1,12745,0,0.0,ADD 2,0,1,12783,0,0.0,ADD 3,0,1,12783,0,0.0,ADD 4,0,1,12734,0,0.0,ADD 5,0,0,0,0,0.0,ADD 6,0,1,12832,0,0.0,ADD 7,0,0,0,0,0.0,EGT2CAN,0,1,12805,0,0.0
1778949358.7748387,0.0,12788,-52.0,0,-,0,0,0,0,0.0,-,0,0,0,0,0.0,ECU,1,1,12799,0,0.0,FAN1,0,0,0,0,0.0,COILS,8,1,0,0,0.0,PUMP,0,0,0,0,0.0,INJECTOR,8,1,65,0,0.0,SERVO,1,1,12788,0,0.0,ADD 1,0,1,12739,0,0.0,ADD 2,0,1,12750,0,0.0,ADD 3,0,1,12739,0,0.0,ADD 4,0,1,12717,0,0.0,ADD 5,0,0,0,0,0.0,ADD 6,0,1,12799,0,0.0,ADD 7,0,0,0,0,0.0,EGT2CAN,0,1,12788,0,0.0
1778949358.8311117,0.0,12794,-52.0,0,-,0,0,0,0,0.0,-,0,0,0,0,0.0,ECU,1,1,12772,0,0.0,FAN1,0,0,0,0,0.0,COILS,8,1,0,0,0.0,PUMP,0,0,0,0,0.0,INJECTOR,8,1,60,0,0.0,SERVO,1,1,12772,0,0.0,ADD 1,0,1,12761,0,0.0,ADD 2,0,1,12794,0,0.0,ADD 3,0,1,12788,0,0.0,ADD 4,0,1,12772,0,0.0,ADD 5,0,0,0,0,0.0,ADD 6,0,1,12827,0,0.0,ADD 7,0,0,0,0,0.0,EGT2CAN,0,1,12788,0,0.0
1778949358.8821237,0.0,12794,-52.0,0,-,0,0,0,0,0.0,-,0,0,0,0,0.0,ECU,1,1,12706,0,0.0,FAN1,0,0,0,0,0.0,COILS,8,1,0,0,0.0,PUMP,0,0,0,0,0.0,INJECTOR,8,1,60,0,0.0,SERVO,1,1,12739,0,0.0,ADD 1,0,1,12717,0,0.0,ADD 2,0,1,12794,0,0.0,ADD 3,0,1,12788,0,0.0,ADD 4,0,1,12766,0,0.0,ADD 5,0,0,0,0,0.0,ADD 6,0,1,12777,0,0.0,ADD 7,0,0,0,0,0.0,EGT2CAN,0,1,12766,0,0.0
1778949358.9327931,0.0,12800,-51.0,0,-,0,0,0,0,0.0,-,0,0,0,0,0.0,ECU,1,1,12739,0,0.0,FAN1,0,0,0,0,0.0,COILS,8,1,0,0,0.0,PUMP,0,0,0,0,0.0,INJECTOR,8,1,60,0,0.0,SERVO,1,1,12766,0,0.0,ADD 1,0,1,12788,0,0.0,ADD 2,0,1,12772,0,0.0,ADD 3,0,1,12772,0,0.0,ADD 4,0,1,12717,0,0.0,ADD 5,0,0,0,0,0.0,ADD 6,0,1,12739,0,0.0,ADD 7,0,0,0,0,0.0,EGT2CAN,0,1,12783,0,0.0
1778949358.9930084,0.0,12782,-51.0,0,-,0,0,0,0,0.0,-,0,0,0,0,0.0,ECU,1,1,12739,0,0.0,FAN1,0,0,0,0,0.0,COILS,8,1,0,0,0.0,PUMP,0,0,0,0,0.0,INJECTOR,8,1,60,0,0.0,SERVO,1,1,12766,0,0.0,ADD 1,0,1,12788,0,0.0,ADD 2,0,1,12772,0,0.0,ADD 3,0,1,12772,0,0.0,ADD 4,0,1,12717,0,0.0,ADD 5,0,0,0,0,0.0,ADD 6,0,1,12739,0,0.0,ADD 7,0,0,0,0,0.0,EGT2CAN,0,1,12783,0,0.0
1778949359.0437706,0.0,12813,-51.0,0,-,0,0,0,0,0.0,-,0,0,0,0,0.0,ECU,1,1,12794,0,0.0,FAN1,0,0,0,0,0.0,COILS,8,1,0,0,0.0,PUMP,0,0,0,0,0.0,INJECTOR,8,1,71,0,0.0,SERVO,1,1,12745,0,0.0,ADD 1,0,1,12788,0,0.0,ADD 2,0,1,12739,0,0.0,ADD 3,0,1,12777,0,0.0,ADD 4,0,1,12728,0,0.0,ADD 5,0,0,0,0,0.0,ADD 6,0,1,12717,0,0.0,ADD 7,0,0,0,0,0.0,EGT2CAN,0,1,12783,0,0.0
1778949359.0947995,0.0,12813,-51.0,0,-,0,0,0,0,0.0,-,0,0,0,0,0.0,ECU,1,1,12794,0,0.0,FAN1,0,0,0,0,0.0,COILS,8,1,0,0,0.0,PUMP,0,0,0,0,0.0,INJECTOR,8,1,71,0,0.0,SERVO,1,1,12745,0,0.0,ADD 1,0,1,12788,0,0.0,ADD 2,0,1,12739,0,0.0,ADD 3,0,1,12777,0,0.0,ADD 4,0,1,12728,0,0.0,ADD 5,0,0,0,0,0.0,ADD 6,0,1,12717,0,0.0,ADD 7,0,0,0,0,0.0,EGT2CAN,0,1,12783,0,0.0
1778949359.14597,0.0,12813,-51.0,0,-,0,0,0,0,0.0,-,0,0,0,0,0.0,ECU,1,1,12728,0,0.0,FAN1,0,0,0,0,0.0,COILS,8,1,0,0,0.0,PUMP,0,0,0,0,0.0,INJECTOR,8,1,65,0,0.0,SERVO,1,1,12772,0,0.0,ADD 1,0,1,12810,0,0.0,ADD 2,0,1,12788,0,0.0,ADD 3,0,1,12717,0,0.0,ADD 4,0,1,12734,0,0.0,ADD 5,0,0,0,0,0.0,ADD 6,0,1,12810,0,0.0,ADD 7,0,0,0,0,0.0,EGT2CAN,0,1,12783,0,0.0
1778949359.2046854,0.0,12813,-51.0,0,-,0,0,0,0,0.0,-,0,0,0,0,0.0,ECU,1,1,12728,0,0.0,FAN1,0,0,0,0,0.0,COILS,8,1,0,0,0.0,PUMP,0,0,0,0,0.0,INJECTOR,8,1,65,0,0.0,SERVO,1,1,12723,0,0.0,ADD 1,0,1,12772,0,0.0,ADD 2,0,1,12788,0,0.0,ADD 3,0,1,12745,0,0.0,ADD 4,0,1,12695,0,0.0,ADD 5,0,0,0,0,0.0,ADD 6,0,1,12761,0,0.0,ADD 7,0,0,0,0,0.0,EGT2CAN,0,1,12766,0,0.0
1778949359.273404,0.0,12813,-51.0,0,-,0,0,0,0,0.0,-,0,0,0,0,0.0,ECU,1,1,12756,0,0.0,FAN1,0,0,0,0,0.0,COILS,8,1,0,0,0.0,PUMP,0,0,0,0,0.0,INJECTOR,8,1,54,0,0.0,SERVO,1,1,12745,0,0.0,ADD 1,0,1,12772,0,0.0,ADD 2,0,1,12788,0,0.0,ADD 3,0,1,12745,0,0.0,ADD 4,0,1,12695,0,0.0,ADD 5,0,0,0,0,0.0,ADD 6,0,1,12761,0,0.0,ADD 7,0,0,0,0,0.0,EGT2CAN,0,1,12766,0,0.0
1778949359.3239994,0.0,12751,-52.0,0,-,0,0,0,0,0.0,-,0,0,0,0,0.0,ECU,1,1,12750,0,0.0,FAN1,0,0,0,0,0.0,COILS,8,1,0,0,0.0,PUMP,0,0,0,0,0.0,INJECTOR,8,1,65,0,0.0,SERVO,1,1,12766,0,0.0,ADD 1,0,1,12788,0,0.0,ADD 2,0,1,12832,0,0.0,ADD 3,0,1,12777,0,0.0,ADD 4,0,1,12772,0,0.0,ADD 5,0,0,0,0,0.0,ADD 6,0,1,12788,0,0.0,ADD 7,0,0,0,0,0.0,EGT2CAN,0,1,12783,0,0.0
1778949359.3762317,0.0,12769,-51.0,0,-,0,0,0,0,0.0,-,0,0,0,0,0.0,ECU,1,1,12783,0,0.0,FAN1,0,0,0,0,0.0,COILS,8,1,0,0,0.0,PUMP,0,0,0,0,0.0,INJECTOR,8,1,65,0,0.0,SERVO,1,1,12766,0,0.0,ADD 1,0,1,12772,0,0.0,ADD 2,0,1,12816,0,0.0,ADD 3,0,1,12761,0,0.0,ADD 4,0,1,12695,0,0.0,ADD 5,0,0,0,0,0.0,ADD 6,0,1,12816,0,0.0,ADD 7,0,0,0,0,0.0,EGT2CAN,0,1,12788,0,0.0
1778949359.4348462,0.0,12769,-51.0,0,-,0,0,0,0,0.0,-,0,0,0,0,0.0,ECU,1,1,12794,0,0.0,FAN1,0,0,0,0,0.0,COILS,8,1,0,0,0.0,PUMP,0,0,0,0,0.0,INJECTOR,8,1,65,0,0.0,SERVO,1,1,12783,0,0.0,ADD 1,0,1,12772,0,0.0,ADD 2,0,1,12816,0,0.0,ADD 3,0,1,12761,0,0.0,ADD 4,0,1,12695,0,0.0,ADD 5,0,0,0,0,0.0,ADD 6,0,1,12816,0,0.0,ADD 7,0,0,0,0,0.0,EGT2CAN,0,1,12788,0,0.0
1778949359.4998987,0.0,12794,-51.0,0,-,0,0,0,0,0.0,-,0,0,0,0,0.0,ECU,1,1,12717,0,0.0,FAN1,0,0,0,0,0.0,COILS,8,1,0,0,0.0,PUMP,0,0,0,0,0.0,INJECTOR,8,1,65,0,0.0,SERVO,1,1,12723,0,0.0,ADD 1,0,1,12772,0,0.0,ADD 2,0,1,12788,0,0.0,ADD 3,0,1,12766,0,0.0,ADD 4,0,1,12739,0,0.0,ADD 5,0,0,0,0,0.0,ADD 6,0,1,12799,0,0.0,ADD 7,0,0,0,0,0.0,EGT2CAN,0,1,12788,0,0.0
1778949359.5509806,0.0,12794,-51.0,0,-,0,0,0,0,0.0,-,0,0,0,0,0.0,ECU,1,1,12777,0,0.0,FAN1,0,0,0,0,0.0,COILS,8,1,0,0,0.0,PUMP,0,0,0,0,0.0,INJECTOR,8,1,65,0,0.0,SERVO,1,1,12766,0,0.0,ADD 1,0,1,12772,0,0.0,ADD 2,0,1,12788,0,0.0,ADD 3,0,1,12766,0,0.0,ADD 4,0,1,12739,0,0.0,ADD 5,0,0,0,0,0.0,ADD 6,0,1,12799,0,0.0,ADD 7,0,0,0,0,0.0,EGT2CAN,0,1,12788,0,0.0
1778949359.6026754,0.0,12757,-51.0,0,-,0,0,0,0,0.0,-,0,0,0,0,0.0,ECU,1,1,12777,0,0.0,FAN1,0,0,0,0,0.0,COILS,8,1,0,0,0.0,PUMP,0,0,0,0,0.0,INJECTOR,8,1,65,0,0.0,SERVO,1,1,12766,0,0.0,ADD 1,0,1,12684,0,0.0,ADD 2,0,1,12816,0,0.0,ADD 3,0,1,12788,0,0.0,ADD 4,0,1,12761,0,0.0,ADD 5,0,0,0,0,0.0,ADD 6,0,1,12783,0,0.0,ADD 7,0,0,0,0,0.0,EGT2CAN,0,1,12777,0,0.0
1778949359.6529043,0.0,12763,-51.0,0,-,0,0,0,0,0.0,-,0,0,0,0,0.0,ECU,1,1,12799,0,0.0,FAN1,0,0,0,0,0.0,COILS,8,1,0,0,0.0,PUMP,0,0,0,0,0.0,INJECTOR,8,1,65,0,0.0,SERVO,1,1,12734,0,0.0,ADD 1,0,1,12783,0,0.0,ADD 2,0,1,12756,0,0.0,ADD 3,0,1,12783,0,0.0,ADD 4,0,1,12750,0,0.0,ADD 5,0,0,0,0,0.0,ADD 6,0,1,12832,0,0.0,ADD 7,0,0,0,0,0.0,EGT2CAN,0,1,12788,0,0.0
1778949359.7040129,0.0,12763,-51.0,0,-,0,0,0,0,0.0,-,0,0,0,0,0.0,ECU,1,1,12799,0,0.0,FAN1,0,0,0,0,0.0,COILS,8,1,0,0,0.0,PUMP,0,0,0,0,0.0,INJECTOR,8,1,65,0,0.0,SERVO,1,1,12734,0,0.0,ADD 1,0,1,12783,0,0.0,ADD 2,0,1,12756,0,0.0,ADD 3,0,1,12783,0,0.0,ADD 4,0,1,12750,0,0.0,ADD 5,0,0,0,0,0.0,ADD 6,0,1,12832,0,0.0,ADD 7,0,0,0,0,0.0,EGT2CAN,0,1,12788,0,0.0
1778949359.755484,0.0,12763,-51.0,0,-,0,0,0,0,0.0,-,0,0,0,0,0.0,ECU,1,1,12821,0,0.0,FAN1,0,0,0,0,0.0,COILS,8,1,0,0,0.0,PUMP,0,0,0,0,0.0,INJECTOR,8,1,71,0,0.0,SERVO,1,1,12777,0,0.0,ADD 1,0,1,12766,0,0.0,ADD 2,0,1,12783,0,0.0,ADD 3,0,1,12799,0,0.0,ADD 4,0,1,12783,0,0.0,ADD 5,0,0,0,0,0.0,ADD 6,0,1,12832,0,0.0,ADD 7,0,0,0,0,0.0,EGT2CAN,0,1,12788,0,0.0
1778949359.8081856,0.0,12800,-52.0,0,-,0,0,0,0,0.0,-,0,0,0,0,0.0,ECU,1,1,12756,0,0.0,FAN1,0,0,0,0,0.0,COILS,8,1,0,0,0.0,PUMP,0,0,0,0,0.0,INJECTOR,8,1,87,0,0.0,SERVO,1,1,12777,0,0.0,ADD 1,0,1,12788,0,0.0,ADD 2,0,1,12816,0,0.0,ADD 3,0,1,12788,0,0.0,ADD 4,0,1,12750,0,0.0,ADD 5,0,0,0,0,0.0,ADD 6,0,1,12816,0,0.0,ADD 7,0,0,0,0,0.0,EGT2CAN,0,1,12783,0,0.0
1778949359.8593376,0.0,12800,-52.0,0,-,0,0,0,0,0.0,-,0,0,0,0,0.0,ECU,1,1,12783,0,0.0,FAN1,0,0,0,0,0.0,COILS,8,1,0,0,0.0,PUMP,0,0,0,0,0.0,INJECTOR,8,1,65,0,0.0,SERVO,1,1,12745,0,0.0,ADD 1,0,1,12788,0,0.0,ADD 2,0,1,12816,0,0.0,ADD 3,0,1,12788,0,0.0,ADD 4,0,1,12750,0,0.0,ADD 5,0,0,0,0,0.0,ADD 6,0,1,12816,0,0.0,ADD 7,0,0,0,0,0.0,EGT2CAN,0,1,12783,0,0.0
1778949359.9097562,0.0,12800,-52.0,0,-,0,0,0,0,0.0,-,0,0,0,0,0.0,ECU,1,1,12783,0,0.0,FAN1,0,0,0,0,0.0,COILS,8,1,0,0,0.0,PUMP,0,0,0,0,0.0,INJECTOR,8,1,65,0,0.0,SERVO,1,1,12745,0,0.0,ADD 1,0,1,12788,0,0.0,ADD 2,0,1,12810,0,0.0,ADD 3,0,1,12750,0,0.0,ADD 4,0,1,12777,0,0.0,ADD 5,0,0,0,0,0.0,ADD 6,0,1,12788,0,0.0,ADD 7,0,0,0,0,0.0,EGT2CAN,0,1,12739,0,0.0
1778949359.961144,0.0,12776,-54.0,0,-,0,0,0,0,0.0,-,0,0,0,0,0.0,ECU,1,1,12794,0,0.0,FAN1,0,0,0,0,0.0,COILS,8,1,0,0,0.0,PUMP,0,0,0,0,0.0,INJECTOR,8,1,71,0,0.0,SERVO,1,1,12734,0,0.0,ADD 1,0,1,12794,0,0.0,ADD 2,0,1,12777,0,0.0,ADD 3,0,1,12761,0,0.0,ADD 4,0,1,12717,0,0.0,ADD 5,0,0,0,0,0.0,ADD 6,0,1,12805,0,0.0,ADD 7,0,0,0,0,0.0,EGT2CAN,0,1,12728,0,0.0
1778949360.012464,0.0,12776,-54.0,0,-,0,0,0,0,0.0,-,0,0,0,0,0.0,ECU,1,1,12799,0,0.0,FAN1,0,0,0,0,0.0,COILS,8,1,0,0,0.0,PUMP,0,0,0,0,0.0,INJECTOR,8,1,76,0,0.0,SERVO,1,1,12728,0,0.0,ADD 1,0,1,12794,0,0.0,ADD 2,0,1,12777,0,0.0,ADD 3,0,1,12761,0,0.0,ADD 4,0,1,12717,0,0.0,ADD 5,0,0,0,0,0.0,ADD 6,0,1,12805,0,0.0,ADD 7,0,0,0,0,0.0,EGT2CAN,0,1,12728,0,0.0
1778949360.0635474,0.0,12776,-54.0,0,-,0,0,0,0,0.0,-,0,0,0,0,0.0,ECU,1,1,12799,0,0.0,FAN1,0,0,0,0,0.0,COILS,8,1,0,0,0.0,PUMP,0,0,0,0,0.0,INJECTOR,8,1,76,0,0.0,SERVO,1,1,12728,0,0.0,ADD 1,0,1,12788,0,0.0,ADD 2,0,1,12756,0,0.0,ADD 3,0,1,12761,0,0.0,ADD 4,0,1,12728,0,0.0,ADD 5,0,0,0,0,0.0,ADD 6,0,1,12810,0,0.0,ADD 7,0,0,0,0,0.0,EGT2CAN,0,1,12712,0,0.0
1778949360.117039,0.0,12794,-51.0,0,-,0,0,0,0,0.0,-,0,0,0,0,0.0,ECU,1,1,12684,0,0.0,FAN1,0,0,0,0,0.0,COILS,8,1,0,0,0.0,PUMP,0,0,0,0,0.0,INJECTOR,8,1,65,0,0.0,SERVO,1,1,12723,0,0.0,ADD 1,0,1,12788,0,0.0,ADD 2,0,1,12772,0,0.0,ADD 3,0,1,12788,0,0.0,ADD 4,0,1,12739,0,0.0,ADD 5,0,0,0,0,0.0,ADD 6,0,1,12827,0,0.0,ADD 7,0,0,0,0,0.0,EGT2CAN,0,1,12756,0,0.0
1778949360.167391,0.0,12794,-51.0,0,-,0,0,0,0,0.0,-,0,0,0,0,0.0,ECU,1,1,12723,0,0.0,FAN1,0,0,0,0,0.0,COILS,8,1,0,0,0.0,PUMP,0,0,0,0,0.0,INJECTOR,8,1,54,0,0.0,SERVO,1,1,12745,0,0.0,ADD 1,0,1,12788,0,0.0,ADD 2,0,1,12772,0,0.0,ADD 3,0,1,12788,0,0.0,ADD 4,0,1,12739,0,0.0,ADD 5,0,0,0,0,0.0,ADD 6,0,1,12827,0,0.0,ADD 7,0,0,0,0,0.0,EGT2CAN,0,1,12756,0,0.0
1778949360.2184162,0.0,12776,-54.0,0,-,0,0,0,0,0.0,-,0,0,0,0,0.0,ECU,1,1,12728,0,0.0,FAN1,0,0,0,0,0.0,COILS,8,1,0,0,0.0,PUMP,0,0,0,0,0.0,INJECTOR,8,1,87,0,0.0,SERVO,1,1,12706,0,0.0,ADD 1,0,1,12750,0,0.0,ADD 2,0,1,12772,0,0.0,ADD 3,0,1,12788,0,0.0,ADD 4,0,1,12728,0,0.0,ADD 5,0,0,0,0,0.0,ADD 6,0,1,12810,0,0.0,ADD 7,0,0,0,0,0.0,EGT2CAN,0,1,12756,0,0.0
1778949360.2830558,0.0,12782,-51.0,0,-,0,0,0,0,0.0,-,0,0,0,0,0.0,ECU,1,1,12799,0,0.0,FAN1,0,0,0,0,0.0,COILS,8,1,0,0,0.0,PUMP,0,0,0,0,0.0,INJECTOR,8,1,65,0,0.0,SERVO,1,1,12761,0,0.0,ADD 1,0,1,12772,0,0.0,ADD 2,0,1,12772,0,0.0,ADD 3,0,1,12750,0,0.0,ADD 4,0,1,12739,0,0.0,ADD 5,0,0,0,0,0.0,ADD 6,0,1,12794,0,0.0,ADD 7,0,0,0,0,0.0,EGT2CAN,0,1,12788,0,0.0
1778949360.3353803,0.0,12782,-51.0,0,-,0,0,0,0,0.0,-,0,0,0,0,0.0,ECU,1,1,12756,0,0.0,FAN1,0,0,0,0,0.0,COILS,8,1,0,0,0.0,PUMP,0,0,0,0,0.0,INJECTOR,8,1,60,0,0.0,SERVO,1,1,12766,0,0.0,ADD 1,0,1,12805,0,0.0,ADD 2,0,1,12832,0,0.0,ADD 3,0,1,12783,0,0.0,ADD 4,0,1,12766,0,0.0,ADD 5,0,0,0,0,0.0,ADD 6,0,1,12766,0,0.0,ADD 7,0,0,0,0,0.0,EGT2CAN,0,1,12766,0,0.0
1778949360.3864439,0.0,12788,-52.0,0,-,0,0,0,0,0.0,-,0,0,0,0,0.0,ECU,1,1,12750,0,0.0,FAN1,0,0,0,0,0.0,COILS,8,1,0,0,0.0,PUMP,0,0,0,0,0.0,INJECTOR,8,1,65,0,0.0,SERVO,1,1,12739,0,0.0,ADD 1,0,1,12810,0,0.0,ADD 2,0,1,12810,0,0.0,ADD 3,0,1,12706,0,0.0,ADD 4,0,1,12701,0,0.0,ADD 5,0,0,0,0,0.0,ADD 6,0,1,12810,0,0.0,ADD 7,0,0,0,0,0.0,EGT2CAN,0,1,12756,0,0.0
1778949360.4374084,0.0,12788,-52.0,0,-,0,0,0,0,0.0,-,0,0,0,0,0.0,ECU,1,1,12750,0,0.0,FAN1,0,0,0,0,0.0,COILS,8,1,0,0,0.0,PUMP,0,0,0,0,0.0,INJECTOR,8,1,65,0,0.0,SERVO,1,1,12739,0,0.0,ADD 1,0,1,12810,0,0.0,ADD 2,0,1,12810,0,0.0,ADD 3,0,1,12706,0,0.0,ADD 4,0,1,12701,0,0.0,ADD 5,0,0,0,0,0.0,ADD 6,0,1,12810,0,0.0,ADD 7,0,0,0,0,0.0,EGT2CAN,0,1,12756,0,0.0
1778949360.4886527,0.0,12788,-52.0,0,-,0,0,0,0,0.0,-,0,0,0,0,0.0,ECU,1,1,12745,0,0.0,FAN1,0,0,0,0,0.0,COILS,8,1,0,0,0.0,PUMP,0,0,0,0,0.0,INJECTOR,8,1,65,0,0.0,SERVO,1,1,12766,0,0.0,ADD 1,0,1,12761,0,0.0,ADD 2,0,1,12799,0,0.0,ADD 3,0,1,12756,0,0.0,ADD 4,0,1,12745,0,0.0,ADD 5,0,0,0,0,0.0,ADD 6,0,1,12766,0,0.0,ADD 7,0,0,0,0,0.0,EGT2CAN,0,1,12777,0,0.0
1778949360.5423489,0.0,12800,-53.0,0,-,0,0,0,0,0.0,-,0,0,0,0,0.0,ECU,1,1,12772,0,0.0,FAN1,0,0,0,0,0.0,COILS,8,1,0,0,0.0,PUMP,0,0,0,0,0.0,INJECTOR,8,1,82,0,0.0,SERVO,1,1,12783,0,0.0,ADD 1,0,1,12805,0,0.0,ADD 2,0,1,12777,0,0.0,ADD 3,0,1,12766,0,0.0,ADD 4,0,1,12723,0,0.0,ADD 5,0,0,0,0,0.0,ADD 6,0,1,12810,0,0.0,ADD 7,0,0,0,0,0.0,EGT2CAN,0,1,12805,0,0.0
1778949360.593495,0.0,12794,-52.0,0,-,0,0,0,0,0.0,-,0,0,0,0,0.0,ECU,1,1,12788,0,0.0,FAN1,0,0,0,0,0.0,COILS,8,1,0,0,0.0,PUMP,0,0,0,0,0.0,INJECTOR,8,1,82,0,0.0,SERVO,1,1,12783,0,0.0,ADD 1,0,1,12805,0,0.0,ADD 2,0,1,12777,0,0.0,ADD 3,0,1,12766,0,0.0,ADD 4,0,1,12723,0,0.0,ADD 5,0,0,0,0,0.0,ADD 6,0,1,12810,0,0.0,ADD 7,0,0,0,0,0.0,EGT2CAN,0,1,12805,0,0.0
1778949360.6446602,0.0,12763,-52.0,0,-,0,0,0,0,0.0,-,0,0,0,0,0.0,ECU,1,1,12788,0,0.0,FAN1,0,0,0,0,0.0,COILS,8,1,0,0,0.0,PUMP,0,0,0,0,0.0,INJECTOR,8,1,92,0,0.0,SERVO,1,1,12788,0,0.0,ADD 1,0,1,12799,0,0.0,ADD 2,0,1,12799,0,0.0,ADD 3,0,1,12739,0,0.0,ADD 4,0,1,12756,0,0.0,ADD 5,0,0,0,0,0.0,ADD 6,0,1,12827,0,0.0,ADD 7,0,0,0,0,0.0,EGT2CAN,0,1,12788,0,0.0
1778949360.7149734,0.0,12769,-51.0,0,-,0,0,0,0,0.0,-,0,0,0,0,0.0,ECU,1,1,12799,0,0.0,FAN1,0,0,0,0,0.0,COILS,8,1,0,0,0.0,PUMP,0,0,0,0,0.0,INJECTOR,8,1,109,0,0.0,SERVO,1,1,12723,0,0.0,ADD 1,0,1,12734,0,0.0,ADD 2,0,1,12799,0,0.0,ADD 3,0,1,12684,0,0.0,ADD 4,0,1,12766,0,0.0,ADD 5,0,0,0,0,0.0,ADD 6,0,1,12810,0,0.0,ADD 7,0,0,0,0,0.0,EGT2CAN,0,1,12745,0,0.0
1778949360.7693558,0.0,12769,-51.0,0,-,0,0,0,0,0.0,-,0,0,0,0,0.0,ECU,1,1,12788,0,0.0,FAN1,0,0,0,0,0.0,COILS,8,1,0,0,0.0,PUMP,0,0,0,0,0.0,INJECTOR,8,1,65,0,0.0,SERVO,1,1,12772,0,0.0,ADD 1,0,1,12734,0,0.0,ADD 2,0,1,12799,0,0.0,ADD 3,0,1,12684,0,0.0,ADD 4,0,1,12766,0,0.0,ADD 5,0,0,0,0,0.0,ADD 6,0,1,12810,0,0.0,ADD 7,0,0,0,0,0.0,EGT2CAN,0,1,12745,0,0.0
1778949360.828293,0.0,12739,-52.0,0,-,0,0,0,0,0.0,-,0,0,0,0,0.0,ECU,1,1,12766,0,0.0,FAN1,0,0,0,0,0.0,COILS,8,1,0,0,0.0,PUMP,0,0,0,0,0.0,INJECTOR,8,1,60,0,0.0,SERVO,1,1,12717,0,0.0,ADD 1,0,1,12756,0,0.0,ADD 2,0,1,12799,0,0.0,ADD 3,0,1,12745,0,0.0,ADD 4,0,1,12739,0,0.0,ADD 5,0,0,0,0,0.0,ADD 6,0,1,12810,0,0.0,ADD 7,0,0,0,0,0.0,EGT2CAN,0,1,12766,0,0.0
1778949360.8912406,0.0,12776,-51.0,0,-,0,0,0,0,0.0,-,0,0,0,0,0.0,ECU,1,1,12684,0,0.0,FAN1,0,0,0,0,0.0,COILS,8,1,0,0,0.0,PUMP,0,0,0,0,0.0,INJECTOR,8,1,65,0,0.0,SERVO,1,1,12706,0,0.0,ADD 1,0,1,12799,0,0.0,ADD 2,0,1,12788,0,0.0,ADD 3,0,1,12745,0,0.0,ADD 4,0,1,12684,0,0.0,ADD 5,0,0,0,0,0.0,ADD 6,0,1,12838,0,0.0,ADD 7,0,0,0,0,0.0,EGT2CAN,0,1,12788,0,0.0
1778949360.941979,0.0,12794,-51.0,0,-,0,0,0,0,0.0,-,0,0,0,0,0.0,ECU,1,1,12745,0,0.0,FAN1,0,0,0,0,0.0,COILS,8,1,0,0,0.0,PUMP,0,0,0,0,0.0,INJECTOR,8,1,103,0,0.0,SERVO,1,1,12734,0,0.0,ADD 1,0,1,12739,0,0.0,ADD 2,0,1,12734,0,0.0,ADD 3,0,1,12745,0,0.0,ADD 4,0,1,12750,0,0.0,ADD 5,0,0,0,0,0.0,ADD 6,0,1,12816,0,0.0,ADD 7,0,0,0,0,0.0,EGT2CAN,0,1,12734,0,0.0
1778949360.9939215,0.0,12794,-51.0,0,-,0,0,0,0,0.0,-,0,0,0,0,0.0,ECU,1,1,12745,0,0.0,FAN1,0,0,0,0,0.0,COILS,8,1,0,0,0.0,PUMP,0,0,0,0,0.0,INJECTOR,8,1,103,0,0.0,SERVO,1,1,12734,0,0.0,ADD 1,0,1,12739,0,0.0,ADD 2,0,1,12734,0,0.0,ADD 3,0,1,12745,0,0.0,ADD 4,0,1,12750,0,0.0,ADD 5,0,0,0,0,0.0,ADD 6,0,1,12816,0,0.0,ADD 7,0,0,0,0,0.0,EGT2CAN,0,1,12734,0,0.0
1778949361.0472171,0.0,12794,-51.0,0,-,0,0,0,0,0.0,-,0,0,0,0,0.0,ECU,1,1,12766,0,0.0,FAN1,0,0,0,0,0.0,COILS,8,1,0,0,0.0,PUMP,0,0,0,0,0.0,INJECTOR,8,1,65,0,0.0,SERVO,1,1,12772,0,0.0,ADD 1,0,1,12706,0,0.0,ADD 2,0,1,12772,0,0.0,ADD 3,0,1,12745,0,0.0,ADD 4,0,1,12750,0,0.0,ADD 5,0,0,0,0,0.0,ADD 6,0,1,12783,0,0.0,ADD 7,0,0,0,0,0.0,EGT2CAN,0,1,12766,0,0.0
1778949361.1016552,0.0,12776,-52.0,0,-,0,0,0,0,0.0,-,0,0,0,0,0.0,ECU,1,1,12766,0,0.0,FAN1,0,0,0,0,0.0,COILS,8,1,0,0,0.0,PUMP,0,0,0,0,0.0,INJECTOR,8,1,54,0,0.0,SERVO,1,1,12756,0,0.0,ADD 1,0,1,12739,0,0.0,ADD 2,0,1,12788,0,0.0,ADD 3,0,1,12772,0,0.0,ADD 4,0,1,12734,0,0.0,ADD 5,0,0,0,0,0.0,ADD 6,0,1,12684,0,0.0,ADD 7,0,0,0,0,0.0,EGT2CAN,0,1,12684,0,0.0
1778949361.1519163,0.0,12776,-52.0,0,-,0,0,0,0,0.0,-,0,0,0,0,0.0,ECU,1,1,12684,0,0.0,FAN1,0,0,0,0,0.0,COILS,8,1,0,0,0.0,PUMP,0,0,0,0,0.0,INJECTOR,8,1,65,0,0.0,SERVO,1,1,12756,0,0.0,ADD 1,0,1,12684,0,0.0,ADD 2,0,1,12810,0,0.0,ADD 3,0,1,12684,0,0.0,ADD 4,0,1,12766,0,0.0,ADD 5,0,0,0,0,0.0,ADD 6,0,1,12684,0,0.0,ADD 7,0,0,0,0,0.0,EGT2CAN,0,1,12684,0,0.0
1778949361.2029092,0.0,12800,-51.0,0,-,0,0,0,0,0.0,-,0,0,0,0,0.0,ECU,1,1,12684,0,0.0,FAN1,0,0,0,0,0.0,COILS,8,1,0,0,0.0,PUMP,0,0,0,0,0.0,INJECTOR,8,1,65,0,0.0,SERVO,1,1,12756,0,0.0,ADD 1,0,1,12684,0,0.0,ADD 2,0,1,12810,0,0.0,ADD 3,0,1,12684,0,0.0,ADD 4,0,1,12766,0,0.0,ADD 5,0,0,0,0,0.0,ADD 6,0,1,12783,0,0.0,ADD 7,0,0,0,0,0.0,EGT2CAN,0,1,12783,0,0.0
1778949361.2577713,0.0,12807,-51.0,0,-,0,0,0,0,0.0,-,0,0,0,0,0.0,ECU,1,1,12739,0,0.0,FAN1,0,0,0,0,0.0,COILS,8,1,0,0,0.0,PUMP,0,0,0,0,0.0,INJECTOR,8,1,65,0,0.0,SERVO,1,1,12777,0,0.0,ADD 1,0,1,12788,0,0.0,ADD 2,0,1,12788,0,0.0,ADD 3,0,1,12739,0,0.0,ADD 4,0,1,12761,0,0.0,ADD 5,0,0,0,0,0.0,ADD 6,0,1,12788,0,0.0,ADD 7,0,0,0,0,0.0,EGT2CAN,0,1,12783,0,0.0
1778949361.3189337,0.0,12807,-51.0,0,-,0,0,0,0,0.0,-,0,0,0,0,0.0,ECU,1,1,12788,0,0.0,FAN1,0,0,0,0,0.0,COILS,8,1,0,0,0.0,PUMP,0,0,0,0,0.0,INJECTOR,8,1,65,0,0.0,SERVO,1,1,12766,0,0.0,ADD 1,0,1,12772,0,0.0,ADD 2,0,1,12810,0,0.0,ADD 3,0,1,12783,0,0.0,ADD 4,0,1,12734,0,0.0,ADD 5,0,0,0,0,0.0,ADD 6,0,1,12788,0,0.0,ADD 7,0,0,0,0,0.0,EGT2CAN,0,1,12783,0,0.0
1778949361.3699276,0.0,12813,-52.0,0,-,0,0,0,0,0.0,-,0,0,0,0,0.0,ECU,1,1,12783,0,0.0,FAN1,0,0,0,0,0.0,COILS,8,1,0,0,0.0,PUMP,0,0,0,0,0.0,INJECTOR,8,1,65,0,0.0,SERVO,1,1,12766,0,0.0,ADD 1,0,1,12684,0,0.0,ADD 2,0,1,12810,0,0.0,ADD 3,0,1,12684,0,0.0,ADD 4,0,1,12723,0,0.0,ADD 5,0,0,0,0,0.0,ADD 6,0,1,12816,0,0.0,ADD 7,0,0,0,0,0.0,EGT2CAN,0,1,12772,0,0.0
1778949361.424102,0.0,12763,-51.0,0,-,0,0,0,0,0.0,-,0,0,0,0,0.0,ECU,1,1,12816,0,0.0,FAN1,0,0,0,0,0.0,COILS,8,1,0,0,0.0,PUMP,0,0,0,0,0.0,INJECTOR,8,1,71,0,0.0,SERVO,1,1,12772,0,0.0,ADD 1,0,1,12723,0,0.0,ADD 2,0,1,12810,0,0.0,ADD 3,0,1,12772,0,0.0,ADD 4,0,1,12783,0,0.0,ADD 5,0,0,0,0,0.0,ADD 6,0,1,12827,0,0.0,ADD 7,0,0,0,0,0.0,EGT2CAN,0,1,12788,0,0.0
1778949361.4775715,0.0,12763,-51.0,0,-,0,0,0,0,0.0,-,0,0,0,0,0.0,ECU,1,1,12788,0,0.0,FAN1,0,0,0,0,0.0,COILS,8,1,0,0,0.0,PUMP,0,0,0,0,0.0,INJECTOR,8,1,98,0,0.0,SERVO,1,1,12761,0,0.0,ADD 1,0,1,12750,0,0.0,ADD 2,0,1,12816,0,0.0,ADD 3,0,1,12761,0,0.0,ADD 4,0,1,12745,0,0.0,ADD 5,0,0,0,0,0.0,ADD 6,0,1,12827,0,0.0,ADD 7,0,0,0,0,0.0,EGT2CAN,0,1,12788,0,0.0
1778949361.5278964,0.0,12813,-52.0,0,-,0,0,0,0,0.0,-,0,0,0,0,0.0,ECU,1,1,12788,0,0.0,FAN1,0,0,0,0,0.0,COILS,8,1,0,0,0.0,PUMP,0,0,0,0,0.0,INJECTOR,8,1,92,0,0.0,SERVO,1,1,12712,0,0.0,ADD 1,0,1,12684,0,0.0,ADD 2,0,1,12816,0,0.0,ADD 3,0,1,12684,0,0.0,ADD 4,0,1,12766,0,0.0,ADD 5,0,0,0,0,0.0,ADD 6,0,1,12783,0,0.0,ADD 7,0,0,0,0,0.0,EGT2CAN,0,1,12756,0,0.0
1778949361.578693,0.0,12807,-52.0,0,-,0,0,0,0,0.0,-,0,0,0,0,0.0,ECU,1,1,12766,0,0.0,FAN1,0,0,0,0,0.0,COILS,8,1,0,0,0.0,PUMP,0,0,0,0,0.0,INJECTOR,8,1,65,0,0.0,SERVO,1,1,12761,0,0.0,ADD 1,0,1,12772,0,0.0,ADD 2,0,1,12799,0,0.0,ADD 3,0,1,12684,0,0.0,ADD 4,0,1,12690,0,0.0,ADD 5,0,0,0,0,0.0,ADD 6,0,1,12788,0,0.0,ADD 7,0,0,0,0,0.0,EGT2CAN,0,1,12766,0,0.0
1778949361.6303482,0.0,12763,-53.0,0,-,0,0,0,0,0.0,-,0,0,0,0,0.0,ECU,1,1,12788,0,0.0,FAN1,0,0,0,0,0.0,COILS,8,1,0,0,0.0,PUMP,0,0,0,0,0.0,INJECTOR,8,1,60,0,0.0,SERVO,1,1,12750,0,0.0,ADD 1,0,1,12684,0,0.0,ADD 2,0,1,12832,0,0.0,ADD 3,0,1,12772,0,0.0,ADD 4,0,1,12772,0,0.0,ADD 5,0,0,0,0,0.0,ADD 6,0,1,12799,0,0.0,ADD 7,0,0,0,0,0.0,EGT2CAN,0,1,12766,0,0.0
1778949361.6854906,0.0,12807,-53.0,0,-,0,0,0,0,0.0,-,0,0,0,0,0.0,ECU,1,1,12728,0,0.0,FAN1,0,0,0,0,0.0,COILS,8,1,0,0,0.0,PUMP,0,0,0,0,0.0,INJECTOR,8,1,82,0,0.0,SERVO,1,1,12701,0,0.0,ADD 1,0,1,12810,0,0.0,ADD 2,0,1,12816,0,0.0,ADD 3,0,1,12750,0,0.0,ADD 4,0,1,12723,0,0.0,ADD 5,0,0,0,0,0.0,ADD 6,0,1,12761,0,0.0,ADD 7,0,0,0,0,0.0,EGT2CAN,0,1,12788,0,0.0
1778949361.7520823,0.0,12807,-53.0,0,-,0,0,0,0,0.0,-,0,0,0,0,0.0,ECU,1,1,12761,0,0.0,FAN1,0,0,0,0,0.0,COILS,8,1,0,0,0.0,PUMP,0,0,0,0,0.0,INJECTOR,8,1,65,0,0.0,SERVO,1,1,12739,0,0.0,ADD 1,0,1,12761,0,0.0,ADD 2,0,1,12756,0,0.0,ADD 3,0,1,12794,0,0.0,ADD 4,0,1,12717,0,0.0,ADD 5,0,0,0,0,0.0,ADD 6,0,1,12788,0,0.0,ADD 7,0,0,0,0,0.0,EGT2CAN,0,1,12783,0,0.0
1778949361.8023088,0.0,12763,-51.0,0,-,0,0,0,0,0.0,-,0,0,0,0,0.0,ECU,1,1,12794,0,0.0,FAN1,0,0,0,0,0.0,COILS,8,1,0,0,0.0,PUMP,0,0,0,0,0.0,INJECTOR,8,1,60,0,0.0,SERVO,1,1,12728,0,0.0,ADD 1,0,1,12810,0,0.0,ADD 2,0,1,12805,0,0.0,ADD 3,0,1,12788,0,0.0,ADD 4,0,1,12761,0,0.0,ADD 5,0,0,0,0,0.0,ADD 6,0,1,12821,0,0.0,ADD 7,0,0,0,0,0.0,EGT2CAN,0,1,12739,0,0.0
1778949361.8535552,0.0,12763,-51.0,0,-,0,0,0,0,0.0,-,0,0,0,0,0.0,ECU,1,1,12794,0,0.0,FAN1,0,0,0,0,0.0,COILS,8,1,0,0,0.0,PUMP,0,0,0,0,0.0,INJECTOR,8,1,60,0,0.0,SERVO,1,1,12728,0,0.0,ADD 1,0,1,12810,0,0.0,ADD 2,0,1,12805,0,0.0,ADD 3,0,1,12788,0,0.0,ADD 4,0,1,12761,0,0.0,ADD 5,0,0,0,0,0.0,ADD 6,0,1,12821,0,0.0,ADD 7,0,0,0,0,0.0,EGT2CAN,0,1,12739,0,0.0
1778949361.9045558,0.0,12763,-51.0,0,-,0,0,0,0,0.0,-,0,0,0,0,0.0,ECU,1,1,12739,0,0.0,FAN1,0,0,0,0,0.0,COILS,8,1,0,0,0.0,PUMP,0,0,0,0,0.0,INJECTOR,8,1,65,0,0.0,SERVO,1,1,12761,0,0.0,ADD 1,0,1,12777,0,0.0,ADD 2,0,1,12777,0,0.0,ADD 3,0,1,12717,0,0.0,ADD 4,0,1,12734,0,0.0,ADD 5,0,0,0,0,0.0,ADD 6,0,1,12816,0,0.0,ADD 7,0,0,0,0,0.0,EGT2CAN,0,1,12717,0,0.0
1778949361.9553804,0.0,12807,-52.0,0,-,0,0,0,0,0.0,-,0,0,0,0,0.0,ECU,1,1,12750,0,0.0,FAN1,0,0,0,0,0.0,COILS,8,1,0,0,0.0,PUMP,0,0,0,0,0.0,INJECTOR,8,1,103,0,0.0,SERVO,1,1,12717,0,0.0,ADD 1,0,1,12805,0,0.0,ADD 2,0,1,12788,0,0.0,ADD 3,0,1,12783,0,0.0,ADD 4,0,1,12772,0,0.0,ADD 5,0,0,0,0,0.0,ADD 6,0,1,12832,0,0.0,ADD 7,0,0,0,0,0.0,EGT2CAN,0,1,12794,0,0.0
1778949362.0199993,0.0,12807,-52.0,0,-,0,0,0,0,0.0,-,0,0,0,0,0.0,ECU,1,1,12788,0,0.0,FAN1,0,0,0,0,0.0,COILS,8,1,0,0,0.0,PUMP,0,0,0,0,0.0,INJECTOR,8,1,65,0,0.0,SERVO,1,1,12788,0,0.0,ADD 1,0,1,12805,0,0.0,ADD 2,0,1,12788,0,0.0,ADD 3,0,1,12783,0,0.0,ADD 4,0,1,12772,0,0.0,ADD 5,0,0,0,0,0.0,ADD 6,0,1,12832,0,0.0,ADD 7,0,0,0,0,0.0,EGT2CAN,0,1,12794,0,0.0
1778949362.074014,0.0,12800,-54.0,0,-,0,0,0,0,0.0,-,0,0,0,0,0.0,ECU,1,1,12756,0,0.0,FAN1,0,0,0,0,0.0,COILS,8,1,0,0,0.0,PUMP,0,0,0,0,0.0,INJECTOR,8,1,65,0,0.0,SERVO,1,1,12739,0,0.0,ADD 1,0,1,12788,0,0.0,ADD 2,0,1,12766,0,0.0,ADD 3,0,1,12766,0,0.0,ADD 4,0,1,12712,0,0.0,ADD 5,0,0,0,0,0.0,ADD 6,0,1,12761,0,0.0,ADD 7,0,0,0,0,0.0,EGT2CAN,0,1,12745,0,0.0
1778949362.1252434,0.0,12776,-52.0,0,-,0,0,0,0,0.0,-,0,0,0,0,0.0,ECU,1,1,12783,0,0.0,FAN1,0,0,0,0,0.0,COILS,8,1,0,0,0.0,PUMP,0,0,0,0,0.0,INJECTOR,8,1,71,0,0.0,SERVO,1,1,12717,0,0.0,ADD 1,0,1,12745,0,0.0,ADD 2,0,1,12788,0,0.0,ADD 3,0,1,12794,0,0.0,ADD 4,0,1,12717,0,0.0,ADD 5,0,0,0,0,0.0,ADD 6,0,1,12788,0,0.0,ADD 7,0,0,0,0,0.0,EGT2CAN,0,1,12794,0,0.0
1778949362.1762166,0.0,12776,-52.0,0,-,0,0,0,0,0.0,-,0,0,0,0,0.0,ECU,1,1,12756,0,0.0,FAN1,0,0,0,0,0.0,COILS,8,1,0,0,0.0,PUMP,0,0,0,0,0.0,INJECTOR,8,1,71,0,0.0,SERVO,1,1,12690,0,0.0,ADD 1,0,1,12794,0,0.0,ADD 2,0,1,12799,0,0.0,ADD 3,0,1,12750,0,0.0,ADD 4,0,1,12717,0,0.0,ADD 5,0,0,0,0,0.0,ADD 6,0,1,12788,0,0.0,ADD 7,0,0,0,0,0.0,EGT2CAN,0,1,12794,0,0.0
1778949362.2277675,0.0,12807,-51.0,0,-,0,0,0,0,0.0,-,0,0,0,0,0.0,ECU,1,1,12745,0,0.0,FAN1,0,0,0,0,0.0,COILS,8,1,0,0,0.0,PUMP,0,0,0,0,0.0,INJECTOR,8,1,65,0,0.0,SERVO,1,1,12766,0,0.0,ADD 1,0,1,12794,0,0.0,ADD 2,0,1,12761,0,0.0,ADD 3,0,1,12777,0,0.0,ADD 4,0,1,12756,0,0.0,ADD 5,0,0,0,0,0.0,ADD 6,0,1,12832,0,0.0,ADD 7,0,0,0,0,0.0,EGT2CAN,0,1,12783,0,0.0
1778949362.2908044,0.0,12751,-52.0,0,-,0,0,0,0,0.0,-,0,0,0,0,0.0,ECU,1,1,12745,0,0.0,FAN1,0,0,0,0,0.0,COILS,8,1,0,0,0.0,PUMP,0,0,0,0,0.0,INJECTOR,8,1,103,0,0.0,SERVO,1,1,12756,0,0.0,ADD 1,0,1,12805,0,0.0,ADD 2,0,1,12810,0,0.0,ADD 3,0,1,12766,0,0.0,ADD 4,0,1,12723,0,0.0,ADD 5,0,0,0,0,0.0,ADD 6,0,1,12810,0,0.0,ADD 7,0,0,0,0,0.0,EGT2CAN,0,1,12739,0,0.0
1778949362.3428864,0.0,12751,-52.0,0,-,0,0,0,0,0.0,-,0,0,0,0,0.0,ECU,1,1,12788,0,0.0,FAN1,0,0,0,0,0.0,COILS,8,1,0,0,0.0,PUMP,0,0,0,0,0.0,INJECTOR,8,1,65,0,0.0,SERVO,1,1,12745,0,0.0,ADD 1,0,1,12695,0,0.0,ADD 2,0,1,12805,0,0.0,ADD 3,0,1,12788,0,0.0,ADD 4,0,1,12761,0,0.0,ADD 5,0,0,0,0,0.0,ADD 6,0,1,12810,0,0.0,ADD 7,0,0,0,0,0.0,EGT2CAN,0,1,12739,0,0.0
1778949362.3938148,0.0,12794,-51.0,0,-,0,0,0,0,0.0,-,0,0,0,0,0.0,ECU,1,1,12717,0,0.0,FAN1,0,0,0,0,0.0,COILS,8,1,0,0,0.0,PUMP,0,0,0,0,0.0,INJECTOR,8,1,82,0,0.0,SERVO,1,1,12690,0,0.0,ADD 1,0,1,12772,0,0.0,ADD 2,0,1,12761,0,0.0,ADD 3,0,1,12799,0,0.0,ADD 4,0,1,12690,0,0.0,ADD 5,0,0,0,0,0.0,ADD 6,0,1,12772,0,0.0,ADD 7,0,0,0,0,0.0,EGT2CAN,0,1,12734,0,0.0
1778949362.4448416,0.0,12794,-51.0,0,-,0,0,0,0,0.0,-,0,0,0,0,0.0,ECU,1,1,12717,0,0.0,FAN1,0,0,0,0,0.0,COILS,8,1,0,0,0.0,PUMP,0,0,0,0,0.0,INJECTOR,8,1,82,0,0.0,SERVO,1,1,12690,0,0.0,ADD 1,0,1,12772,0,0.0,ADD 2,0,1,12761,0,0.0,ADD 3,0,1,12799,0,0.0,ADD 4,0,1,12690,0,0.0,ADD 5,0,0,0,0,0.0,ADD 6,0,1,12772,0,0.0,ADD 7,0,0,0,0,0.0,EGT2CAN,0,1,12734,0,0.0
1778949362.4992366,0.0,12794,-51.0,0,-,0,0,0,0,0.0,-,0,0,0,0,0.0,ECU,1,1,12728,0,0.0,FAN1,0,0,0,0,0.0,COILS,8,1,0,0,0.0,PUMP,0,0,0,0,0.0,INJECTOR,8,1,65,0,0.0,SERVO,1,1,12766,0,0.0,ADD 1,0,1,12739,0,0.0,ADD 2,0,1,12739,0,0.0,ADD 3,0,1,12761,0,0.0,ADD 4,0,1,12717,0,0.0,ADD 5,0,0,0,0,0.0,ADD 6,0,1,12788,0,0.0,ADD 7,0,0,0,0,0.0,EGT2CAN,0,1,12788,0,0.0
1778949362.5505674,0.0,12763,-52.0,0,-,0,0,0,0,0.0,-,0,0,0,0,0.0,ECU,1,1,12783,0,0.0,FAN1,0,0,0,0,0.0,COILS,8,1,0,0,0.0,PUMP,0,0,0,0,0.0,INJECTOR,8,1,65,0,0.0,SERVO,1,1,12701,0,0.0,ADD 1,0,1,12777,0,0.0,ADD 2,0,1,12788,0,0.0,ADD 3,0,1,12739,0,0.0,ADD 4,0,1,12772,0,0.0,ADD 5,0,0,0,0,0.0,ADD 6,0,1,12816,0,0.0,ADD 7,0,0,0,0,0.0,EGT2CAN,0,1,12728,0,0.0
1778949362.6142902,0.0,12763,-52.0,0,-,0,0,0,0,0.0,-,0,0,0,0,0.0,ECU,1,1,12706,0,0.0,FAN1,0,0,0,0,0.0,COILS,8,1,0,0,0.0,PUMP,0,0,0,0,0.0,INJECTOR,8,1,65,0,0.0,SERVO,1,1,12756,0,0.0,ADD 1,0,1,12777,0,0.0,ADD 2,0,1,12788,0,0.0,ADD 3,0,1,12739,0,0.0,ADD 4,0,1,12772,0,0.0,ADD 5,0,0,0,0,0.0,ADD 6,0,1,12816,0,0.0,ADD 7,0,0,0,0,0.0,EGT2CAN,0,1,12728,0,0.0
1778949362.6671546,0.0,12800,-51.0,0,-,0,0,0,0,0.0,-,0,0,0,0,0.0,ECU,1,1,12766,0,0.0,FAN1,0,0,0,0,0.0,COILS,8,1,0,0,0.0,PUMP,0,0,0,0,0.0,INJECTOR,8,1,60,0,0.0,SERVO,1,1,12717,0,0.0,ADD 1,0,1,12772,0,0.0,ADD 2,0,1,12788,0,0.0,ADD 3,0,1,12756,0,0.0,ADD 4,0,1,12756,0,0.0,ADD 5,0,0,0,0,0.0,ADD 6,0,1,12805,0,0.0,ADD 7,0,0,0,0,0.0,EGT2CAN,0,1,12750,0,0.0
1778949362.7177222,0.0,12788,-52.0,0,-,0,0,0,0,0.0,-,0,0,0,0,0.0,ECU,1,1,12739,0,0.0,FAN1,0,0,0,0,0.0,COILS,8,1,0,0,0.0,PUMP,0,0,0,0,0.0,INJECTOR,8,1,65,0,0.0,SERVO,1,1,12734,0,0.0,ADD 1,0,1,12766,0,0.0,ADD 2,0,1,12783,0,0.0,ADD 3,0,1,12772,0,0.0,ADD 4,0,1,12712,0,0.0,ADD 5,0,0,0,0,0.0,ADD 6,0,1,12766,0,0.0,ADD 7,0,0,0,0,0.0,EGT2CAN,0,1,12777,0,0.0
1778949362.7692945,0.0,12788,-52.0,0,-,0,0,0,0,0.0,-,0,0,0,0,0.0,ECU,1,1,12783,0,0.0,FAN1,0,0,0,0,0.0,COILS,8,1,0,0,0.0,PUMP,0,0,0,0,0.0,INJECTOR,8,1,65,0,0.0,SERVO,1,1,12734,0,0.0,ADD 1,0,1,12766,0,0.0,ADD 2,0,1,12783,0,0.0,ADD 3,0,1,12772,0,0.0,ADD 4,0,1,12712,0,0.0,ADD 5,0,0,0,0,0.0,ADD 6,0,1,12766,0,0.0,ADD 7,0,0,0,0,0.0,EGT2CAN,0,1,12777,0,0.0
1778949362.8196683,0.0,12813,-51.0,0,-,0,0,0,0,0.0,-,0,0,0,0,0.0,ECU,1,1,12756,0,0.0,FAN1,0,0,0,0,0.0,COILS,8,1,0,0,0.0,PUMP,0,0,0,0,0.0,INJECTOR,8,1,65,0,0.0,SERVO,1,1,12783,0,0.0,ADD 1,0,1,12810,0,0.0,ADD 2,0,1,12832,0,0.0,ADD 3,0,1,12777,0,0.0,ADD 4,0,1,12772,0,0.0,ADD 5,0,0,0,0,0.0,ADD 6,0,1,12750,0,0.0,ADD 7,0,0,0,0,0.0,EGT2CAN,0,1,12777,0,0.0
1778949362.8704555,0.0,12751,-54.0,0,-,0,0,0,0,0.0,-,0,0,0,0,0.0,ECU,1,1,12805,0,0.0,FAN1,0,0,0,0,0.0,COILS,8,1,0,0,0.0,PUMP,0,0,0,0,0.0,INJECTOR,8,1,65,0,0.0,SERVO,1,1,12766,0,0.0,ADD 1,0,1,12783,0,0.0,ADD 2,0,1,12821,0,0.0,ADD 3,0,1,12788,0,0.0,ADD 4,0,1,12761,0,0.0,ADD 5,0,0,0,0,0.0,ADD 6,0,1,12810,0,0.0,ADD 7,0,0,0,0,0.0,EGT2CAN,0,1,12788,0,0.0
1778949362.9232152,0.0,12751,-54.0,0,-,0,0,0,0,0.0,-,0,0,0,0,0.0,ECU,1,1,12805,0,0.0,FAN1,0,0,0,0,0.0,COILS,8,1,0,0,0.0,PUMP,0,0,0,0,0.0,INJECTOR,8,1,65,0,0.0,SERVO,1,1,12788,0,0.0,ADD 1,0,1,12783,0,0.0,ADD 2,0,1,12821,0,0.0,ADD 3,0,1,12788,0,0.0,ADD 4,0,1,12761,0,0.0,ADD 5,0,0,0,0,0.0,ADD 6,0,1,12810,0,0.0,ADD 7,0,0,0,0,0.0,EGT2CAN,0,1,12788,0,0.0
1778949362.9753332,0.0,12813,-51.0,0,-,0,0,0,0,0.0,-,0,0,0,0,0.0,ECU,1,1,12799,0,0.0,FAN1,0,0,0,0,0.0,COILS,8,1,0,0,0.0,PUMP,0,0,0,0,0.0,INJECTOR,8,1,65,0,0.0,SERVO,1,1,12739,0,0.0,ADD 1,0,1,12788,0,0.0,ADD 2,0,1,12728,0,0.0,ADD 3,0,1,12772,0,0.0,ADD 4,0,1,12717,0,0.0,ADD 5,0,0,0,0,0.0,ADD 6,0,1,12783,0,0.0,ADD 7,0,0,0,0,0.0,EGT2CAN,0,1,12739,0,0.0
1778949363.0266194,0.0,12813,-51.0,0,-,0,0,0,0,0.0,-,0,0,0,0,0.0,ECU,1,1,12766,0,0.0,FAN1,0,0,0,0,0.0,COILS,8,1,0,0,0.0,PUMP,0,0,0,0,0.0,INJECTOR,8,1,65,0,0.0,SERVO,1,1,12788,0,0.0,ADD 1,0,1,12777,0,0.0,ADD 2,0,1,12810,0,0.0,ADD 3,0,1,12794,0,0.0,ADD 4,0,1,12717,0,0.0,ADD 5,0,0,0,0,0.0,ADD 6,0,1,12788,0,0.0,ADD 7,0,0,0,0,0.0,EGT2CAN,0,1,12777,0,0.0
1778949363.077446,0.0,12757,-51.0,0,-,0,0,0,0,0.0,-,0,0,0,0,0.0,ECU,1,1,12799,0,0.0,FAN1,0,0,0,0,0.0,COILS,8,1,0,0,0.0,PUMP,0,0,0,0,0.0,INJECTOR,8,1,71,0,0.0,SERVO,1,1,12739,0,0.0,ADD 1,0,1,12766,0,0.0,ADD 2,0,1,12788,0,0.0,ADD 3,0,1,12717,0,0.0,ADD 4,0,1,12690,0,0.0,ADD 5,0,0,0,0,0.0,ADD 6,0,1,12788,0,0.0,ADD 7,0,0,0,0,0.0,EGT2CAN,0,1,12777,0,0.0
1778949363.1346798,0.0,12769,-52.0,0,-,0,0,0,0,0.0,-,0,0,0,0,0.0,ECU,1,1,12788,0,0.0,FAN1,0,0,0,0,0.0,COILS,8,1,0,0,0.0,PUMP,0,0,0,0,0.0,INJECTOR,8,1,65,0,0.0,SERVO,1,1,12772,0,0.0,ADD 1,0,1,12756,0,0.0,ADD 2,0,1,12810,0,0.0,ADD 3,0,1,12766,0,0.0,ADD 4,0,1,12766,0,0.0,ADD 5,0,0,0,0,0.0,ADD 6,0,1,12783,0,0.0,ADD 7,0,0,0,0,0.0,EGT2CAN,0,1,12734,0,0.0
1778949363.1947176,0.0,12769,-52.0,0,-,0,0,0,0,0.0,-,0,0,0,0,0.0,ECU,1,1,12788,0,0.0,FAN1,0,0,0,0,0.0,COILS,8,1,0,0,0.0,PUMP,0,0,0,0,0.0,INJECTOR,8,1,65,0,0.0,SERVO,1,1,12739,0,0.0,ADD 1,0,1,12772,0,0.0,ADD 2,0,1,12799,0,0.0,ADD 3,0,1,12799,0,0.0,ADD 4,0,1,12766,0,0.0,ADD 5,0,0,0,0,0.0,ADD 6,0,1,12827,0,0.0,ADD 7,0,0,0,0,0.0,EGT2CAN,0,1,12772,0,0.0
1778949363.2456017,0.0,12807,-52.0,0,-,0,0,0,0,0.0,-,0,0,0,0,0.0,ECU,1,1,12788,0,0.0,FAN1,0,0,0,0,0.0,COILS,8,1,0,0,0.0,PUMP,0,0,0,0,0.0,INJECTOR,8,1,65,0,0.0,SERVO,1,1,12734,0,0.0,ADD 1,0,1,12777,0,0.0,ADD 2,0,1,12766,0,0.0,ADD 3,0,1,12777,0,0.0,ADD 4,0,1,12695,0,0.0,ADD 5,0,0,0,0,0.0,ADD 6,0,1,12810,0,0.0,ADD 7,0,0,0,0,0.0,EGT2CAN,0,1,12739,0,0.0
1778949363.298712,0.0,12807,-52.0,0,-,0,0,0,0,0.0,-,0,0,0,0,0.0,ECU,1,1,12788,0,0.0,FAN1,0,0,0,0,0.0,COILS,8,1,0,0,0.0,PUMP,0,0,0,0,0.0,INJECTOR,8,1,65,0,0.0,SERVO,1,1,12734,0,0.0,ADD 1,0,1,12777,0,0.0,ADD 2,0,1,12766,0,0.0,ADD 3,0,1,12777,0,0.0,ADD 4,0,1,12695,0,0.0,ADD 5,0,0,0,0,0.0,ADD 6,0,1,12810,0,0.0,ADD 7,0,0,0,0,0.0,EGT2CAN,0,1,12739,0,0.0
1778949363.3494697,0.0,12807,-52.0,0,-,0,0,0,0,0.0,-,0,0,0,0,0.0,ECU,1,1,12799,0,0.0,FAN1,0,0,0,0,0.0,COILS,8,1,0,0,0.0,PUMP,0,0,0,0,0.0,INJECTOR,8,1,92,0,0.0,SERVO,1,1,12745,0,0.0,ADD 1,0,1,12805,0,0.0,ADD 2,0,1,12794,0,0.0,ADD 3,0,1,12739,0,0.0,ADD 4,0,1,12739,0,0.0,ADD 5,0,0,0,0,0.0,ADD 6,0,1,12832,0,0.0,ADD 7,0,0,0,0,0.0,EGT2CAN,0,1,12717,0,0.0
1778949363.4074123,0.0,12813,-51.0,0,-,0,0,0,0,0.0,-,0,0,0,0,0.0,ECU,1,1,12750,0,0.0,FAN1,0,0,0,0,0.0,COILS,8,1,0,0,0.0,PUMP,0,0,0,0,0.0,INJECTOR,8,1,60,0,0.0,SERVO,1,1,12761,0,0.0,ADD 1,0,1,12739,0,0.0,ADD 2,0,1,12684,0,0.0,ADD 3,0,1,12799,0,0.0,ADD 4,0,1,12684,0,0.0,ADD 5,0,0,0,0,0.0,ADD 6,0,1,12838,0,0.0,ADD 7,0,0,0,0,0.0,EGT2CAN,0,1,12788,0,0.0
1778949363.458668,0.0,12813,-51.0,0,-,0,0,0,0,0.0,-,0,0,0,0,0.0,ECU,1,1,12756,0,0.0,FAN1,0,0,0,0,0.0,COILS,8,1,0,0,0.0,PUMP,0,0,0,0,0.0,INJECTOR,8,1,60,0,0.0,SERVO,1,1,12761,0,0.0,ADD 1,0,1,12777,0,0.0,ADD 2,0,1,12766,0,0.0,ADD 3,0,1,12788,0,0.0,ADD 4,0,1,12728,0,0.0,ADD 5,0,0,0,0,0.0,ADD 6,0,1,12838,0,0.0,ADD 7,0,0,0,0,0.0,EGT2CAN,0,1,12788,0,0.0
1778949363.5104854,0.0,12763,-52.0,0,-,0,0,0,0,0.0,-,0,0,0,0,0.0,ECU,1,1,12756,0,0.0,FAN1,0,0,0,0,0.0,COILS,8,1,0,0,0.0,PUMP,0,0,0,0,0.0,INJECTOR,8,1,60,0,0.0,SERVO,1,1,12761,0,0.0,ADD 1,0,1,12777,0,0.0,ADD 2,0,1,12766,0,0.0,ADD 3,0,1,12788,0,0.0,ADD 4,0,1,12728,0,0.0,ADD 5,0,0,0,0,0.0,ADD 6,0,1,12821,0,0.0,ADD 7,0,0,0,0,0.0,EGT2CAN,0,1,12772,0,0.0
1778949363.5691905,0.0,12788,-51.0,0,-,0,0,0,0,0.0,-,0,0,0,0,0.0,ECU,1,1,12756,0,0.0,FAN1,0,0,0,0,0.0,COILS,8,1,0,0,0.0,PUMP,0,0,0,0,0.0,INJECTOR,8,1,60,0,0.0,SERVO,1,1,12772,0,0.0,ADD 1,0,1,12788,0,0.0,ADD 2,0,1,12827,0,0.0,ADD 3,0,1,12805,0,0.0,ADD 4,0,1,12766,0,0.0,ADD 5,0,0,0,0,0.0,ADD 6,0,1,12783,0,0.0,ADD 7,0,0,0,0,0.0,EGT2CAN,0,1,12788,0,0.0
1778949363.6316586,0.0,12788,-51.0,0,-,0,0,0,0,0.0,-,0,0,0,0,0.0,ECU,1,1,12734,0,0.0,FAN1,0,0,0,0,0.0,COILS,8,1,0,0,0.0,PUMP,0,0,0,0,0.0,INJECTOR,8,1,98,0,0.0,SERVO,1,1,12717,0,0.0,ADD 1,0,1,12766,0,0.0,ADD 2,0,1,12766,0,0.0,ADD 3,0,1,12750,0,0.0,ADD 4,0,1,12739,0,0.0,ADD 5,0,0,0,0,0.0,ADD 6,0,1,12783,0,0.0,ADD 7,0,0,0,0,0.0,EGT2CAN,0,1,12788,0,0.0
1778949363.6821547,0.0,12769,-51.0,0,-,0,0,0,0,0.0,-,0,0,0,0,0.0,ECU,1,1,12728,0,0.0,FAN1,0,0,0,0,0.0,COILS,8,1,0,0,0.0,PUMP,0,0,0,0,0.0,INJECTOR,8,1,71,0,0.0,SERVO,1,1,12783,0,0.0,ADD 1,0,1,12810,0,0.0,ADD 2,0,1,12816,0,0.0,ADD 3,0,1,12810,0,0.0,ADD 4,0,1,12717,0,0.0,ADD 5,0,0,0,0,0.0,ADD 6,0,1,12805,0,0.0,ADD 7,0,0,0,0,0.0,EGT2CAN,0,1,12794,0,0.0
1778949363.7333982,0.0,12800,-52.0,0,-,0,0,0,0,0.0,-,0,0,0,0,0.0,ECU,1,1,12728,0,0.0,FAN1,0,0,0,0,0.0,COILS,8,1,0,0,0.0,PUMP,0,0,0,0,0.0,INJECTOR,8,1,71,0,0.0,SERVO,1,1,12783,0,0.0,ADD 1,0,1,12810,0,0.0,ADD 2,0,1,12816,0,0.0,ADD 3,0,1,12810,0,0.0,ADD 4,0,1,12717,0,0.0,ADD 5,0,0,0,0,0.0,ADD 6,0,1,12805,0,0.0,ADD 7,0,0,0,0,0.0,EGT2CAN,0,1,12794,0,0.0
1778949363.7841544,0.0,12800,-52.0,0,-,0,0,0,0,0.0,-,0,0,0,0,0.0,ECU,1,1,12794,0,0.0,FAN1,0,0,0,0,0.0,COILS,8,1,0,0,0.0,PUMP,0,0,0,0,0.0,INJECTOR,8,1,65,0,0.0,SERVO,1,1,12766,0,0.0,ADD 1,0,1,12805,0,0.0,ADD 2,0,1,12827,0,0.0,ADD 3,0,1,12799,0,0.0,ADD 4,0,1,12739,0,0.0,ADD 5,0,0,0,0,0.0,ADD 6,0,1,12805,0,0.0,ADD 7,0,0,0,0,0.0,EGT2CAN,0,1,12794,0,0.0
1778949363.8350585,0.0,12763,-51.0,0,-,0,0,0,0,0.0,-,0,0,0,0,0.0,ECU,1,1,12788,0,0.0,FAN1,0,0,0,0,0.0,COILS,8,1,0,0,0.0,PUMP,0,0,0,0,0.0,INJECTOR,8,1,65,0,0.0,SERVO,1,1,12772,0,0.0,ADD 1,0,1,12788,0,0.0,ADD 2,0,1,12766,0,0.0,ADD 3,0,1,12761,0,0.0,ADD 4,0,1,12728,0,0.0,ADD 5,0,0,0,0,0.0,ADD 6,0,1,12794,0,0.0,ADD 7,0,0,0,0,0.0,EGT2CAN,0,1,12788,0,0.0
1778949363.885821,0.0,12807,-52.0,0,-,0,0,0,0,0.0,-,0,0,0,0,0.0,ECU,1,1,12788,0,0.0,FAN1,0,0,0,0,0.0,COILS,8,1,0,0,0.0,PUMP,0,0,0,0,0.0,INJECTOR,8,1,65,0,0.0,SERVO,1,1,12772,0,0.0,ADD 1,0,1,12788,0,0.0,ADD 2,0,1,12766,0,0.0,ADD 3,0,1,12761,0,0.0,ADD 4,0,1,12728,0,0.0,ADD 5,0,0,0,0,0.0,ADD 6,0,1,12794,0,0.0,ADD 7,0,0,0,0,0.0,EGT2CAN,0,1,12788,0,0.0
1778949363.9367797,0.0,12807,-52.0,0,-,0,0,0,0,0.0,-,0,0,0,0,0.0,ECU,1,1,12788,0,0.0,FAN1,0,0,0,0,0.0,COILS,8,1,0,0,0.0,PUMP,0,0,0,0,0.0,INJECTOR,8,1,65,0,0.0,SERVO,1,1,12756,0,0.0,ADD 1,0,1,12684,0,0.0,ADD 2,0,1,12832,0,0.0,ADD 3,0,1,12684,0,0.0,ADD 4,0,1,12745,0,0.0,ADD 5,0,0,0,0,0.0,ADD 6,0,1,12777,0,0.0,ADD 7,0,0,0,0,0.0,EGT2CAN,0,1,12745,0,0.0
1778949363.9969704,0.0,12800,-51.0,0,-,0,0,0,0,0.0,-,0,0,0,0,0.0,ECU,1,1,12805,0,0.0,FAN1,0,0,0,0,0.0,COILS,8,1,0,0,0.0,PUMP,0,0,0,0,0.0,INJECTOR,8,1,65,0,0.0,SERVO,1,1,12728,0,0.0,ADD 1,0,1,12794,0,0.0,ADD 2,0,1,12832,0,0.0,ADD 3,0,1,12805,0,0.0,ADD 4,0,1,12723,0,0.0,ADD 5,0,0,0,0,0.0,ADD 6,0,1,12788,0,0.0,ADD 7,0,0,0,0,0.0,EGT2CAN,0,1,12756,0,0.0
1778949364.0549858,0.0,12776,-52.0,0,-,0,0,0,0,0.0,-,0,0,0,0,0.0,ECU,1,1,12750,0,0.0,FAN1,0,0,0,0,0.0,COILS,8,1,0,0,0.0,PUMP,0,0,0,0,0.0,INJECTOR,8,1,71,0,0.0,SERVO,1,1,12734,0,0.0,ADD 1,0,1,12794,0,0.0,ADD 2,0,1,12832,0,0.0,ADD 3,0,1,12805,0,0.0,ADD 4,0,1,12723,0,0.0,ADD 5,0,0,0,0,0.0,ADD 6,0,1,12788,0,0.0,ADD 7,0,0,0,0,0.0,EGT2CAN,0,1,12756,0,0.0
1778949364.1080499,0.0,12776,-51.0,0,-,0,0,0,0,0.0,-,0,0,0,0,0.0,ECU,1,1,12805,0,0.0,FAN1,0,0,0,0,0.0,COILS,8,1,0,0,0.0,PUMP,0,0,0,0,0.0,INJECTOR,8,1,71,0,0.0,SERVO,1,1,12766,0,0.0,ADD 1,0,1,12799,0,0.0,ADD 2,0,1,12777,0,0.0,ADD 3,0,1,12756,0,0.0,ADD 4,0,1,12761,0,0.0,ADD 5,0,0,0,0,0.0,ADD 6,0,1,12827,0,0.0,ADD 7,0,0,0,0,0.0,EGT2CAN,0,1,12766,0,0.0
1778949364.1657448,0.0,12800,-52.0,0,-,0,0,0,0,0.0,-,0,0,0,0,0.0,ECU,1,1,12777,0,0.0,FAN1,0,0,0,0,0.0,COILS,8,1,0,0,0.0,PUMP,0,0,0,0,0.0,INJECTOR,8,1,65,0,0.0,SERVO,1,1,12739,0,0.0,ADD 1,0,1,12799,0,0.0,ADD 2,0,1,12739,0,0.0,ADD 3,0,1,12684,0,0.0,ADD 4,0,1,12739,0,0.0,ADD 5,0,0,0,0,0.0,ADD 6,0,1,12816,0,0.0,ADD 7,0,0,0,0,0.0,EGT2CAN,0,1,12777,0,0.0
1778949364.217165,0.0,12800,-52.0,0,-,0,0,0,0,0.0,-,0,0,0,0,0.0,ECU,1,1,12777,0,0.0,FAN1,0,0,0,0,0.0,COILS,8,1,0,0,0.0,PUMP,0,0,0,0,0.0,INJECTOR,8,1,65,0,0.0,SERVO,1,1,12739,0,0.0,ADD 1,0,1,12799,0,0.0,ADD 2,0,1,12739,0,0.0,ADD 3,0,1,12684,0,0.0,ADD 4,0,1,12739,0,0.0,ADD 5,0,0,0,0,0.0,ADD 6,0,1,12816,0,0.0,ADD 7,0,0,0,0,0.0,EGT2CAN,0,1,12777,0,0.0
1778949364.27839,0.0,12794,-51.0,0,-,0,0,0,0,0.0,-,0,0,0,0,0.0,ECU,1,1,12766,0,0.0,FAN1,0,0,0,0,0.0,COILS,8,1,0,0,0.0,PUMP,0,0,0,0,0.0,INJECTOR,8,1,60,0,0.0,SERVO,1,1,12761,0,0.0,ADD 1,0,1,12750,0,0.0,ADD 2,0,1,12805,0,0.0,ADD 3,0,1,12761,0,0.0,ADD 4,0,1,12734,0,0.0,ADD 5,0,0,0,0,0.0,ADD 6,0,1,12788,0,0.0,ADD 7,0,0,0,0,0.0,EGT2CAN,0,1,12745,0,0.0
1778949364.3290064,0.0,12794,-51.0,0,-,0,0,0,0,0.0,-,0,0,0,0,0.0,ECU,1,1,12750,0,0.0,FAN1,0,0,0,0,0.0,COILS,8,1,0,0,0.0,PUMP,0,0,0,0,0.0,INJECTOR,8,1,65,0,0.0,SERVO,1,1,12761,0,0.0,ADD 1,0,1,12723,0,0.0,ADD 2,0,1,12772,0,0.0,ADD 3,0,1,12772,0,0.0,ADD 4,0,1,12756,0,0.0,ADD 5,0,0,0,0,0.0,ADD 6,0,1,12788,0,0.0,ADD 7,0,0,0,0,0.0,EGT2CAN,0,1,12745,0,0.0
1778949364.3805199,0.0,12794,-54.0,0,-,0,0,0,0,0.0,-,0,0,0,0,0.0,ECU,1,1,12750,0,0.0,FAN1,0,0,0,0,0.0,COILS,8,1,0,0,0.0,PUMP,0,0,0,0,0.0,INJECTOR,8,1,65,0,0.0,SERVO,1,1,12761,0,0.0,ADD 1,0,1,12723,0,0.0,ADD 2,0,1,12772,0,0.0,ADD 3,0,1,12772,0,0.0,ADD 4,0,1,12756,0,0.0,ADD 5,0,0,0,0,0.0,ADD 6,0,1,12788,0,0.0,ADD 7,0,0,0,0,0.0,EGT2CAN,0,1,12745,0,0.0
1778949364.4322789,0.0,12769,-54.0,0,-,0,0,0,0,0.0,-,0,0,0,0,0.0,ECU,1,1,12712,0,0.0,FAN1,0,0,0,0,0.0,COILS,8,1,0,0,0.0,PUMP,0,0,0,0,0.0,INJECTOR,8,1,65,0,0.0,SERVO,1,1,12739,0,0.0,ADD 1,0,1,12788,0,0.0,ADD 2,0,1,12772,0,0.0,ADD 3,0,1,12766,0,0.0,ADD 4,0,1,12756,0,0.0,ADD 5,0,0,0,0,0.0,ADD 6,0,1,12772,0,0.0,ADD 7,0,0,0,0,0.0,EGT2CAN,0,1,12777,0,0.0
1778949364.4832463,0.0,12788,-52.0,0,-,0,0,0,0,0.0,-,0,0,0,0,0.0,ECU,1,1,12712,0,0.0,FAN1,0,0,0,0,0.0,COILS,8,1,0,0,0.0,PUMP,0,0,0,0,0.0,INJECTOR,8,1,65,0,0.0,SERVO,1,1,12739,0,0.0,ADD 1,0,1,12788,0,0.0,ADD 2,0,1,12772,0,0.0,ADD 3,0,1,12766,0,0.0,ADD 4,0,1,12756,0,0.0,ADD 5,0,0,0,0,0.0,ADD 6,0,1,12772,0,0.0,ADD 7,0,0,0,0,0.0,EGT2CAN,0,1,12777,0,0.0
1778949364.5453744,0.0,12788,-52.0,0,-,0,0,0,0,0.0,-,0,0,0,0,0.0,ECU,1,1,12783,0,0.0,FAN1,0,0,0,0,0.0,COILS,8,1,0,0,0.0,PUMP,0,0,0,0,0.0,INJECTOR,8,1,65,0,0.0,SERVO,1,1,12739,0,0.0,ADD 1,0,1,12788,0,0.0,ADD 2,0,1,12772,0,0.0,ADD 3,0,1,12766,0,0.0,ADD 4,0,1,12756,0,0.0,ADD 5,0,0,0,0,0.0,ADD 6,0,1,12772,0,0.0,ADD 7,0,0,0,0,0.0,EGT2CAN,0,1,12777,0,0.0
1778949364.5964236,0.0,12788,-51.0,0,-,0,0,0,0,0.0,-,0,0,0,0,0.0,ECU,1,1,12772,0,0.0,FAN1,0,0,0,0,0.0,COILS,8,1,0,0,0.0,PUMP,0,0,0,0,0.0,INJECTOR,8,1,65,0,0.0,SERVO,1,1,12717,0,0.0,ADD 1,0,1,12777,0,0.0,ADD 2,0,1,12816,0,0.0,ADD 3,0,1,12799,0,0.0,ADD 4,0,1,12756,0,0.0,ADD 5,0,0,0,0,0.0,ADD 6,0,1,12799,0,0.0,ADD 7,0,0,0,0,0.0,EGT2CAN,0,1,12766,0,0.0
1778949364.6477716,0.0,12788,-51.0,0,-,0,0,0,0,0.0,-,0,0,0,0,0.0,ECU,1,1,12772,0,0.0,FAN1,0,0,0,0,0.0,COILS,8,1,0,0,0.0,PUMP,0,0,0,0,0.0,INJECTOR,8,1,65,0,0.0,SERVO,1,1,12717,0,0.0,ADD 1,0,1,12777,0,0.0,ADD 2,0,1,12816,0,0.0,ADD 3,0,1,12799,0,0.0,ADD 4,0,1,12756,0,0.0,ADD 5,0,0,0,0,0.0,ADD 6,0,1,12799,0,0.0,ADD 7,0,0,0,0,0.0,EGT2CAN,0,1,12766,0,0.0
1778949364.6983826,0.0,12788,-51.0,0,-,0,0,0,0,0.0,-,0,0,0,0,0.0,ECU,1,1,12772,0,0.0,FAN1,0,0,0,0,0.0,COILS,8,1,0,0,0.0,PUMP,0,0,0,0,0.0,INJECTOR,8,1,65,0,0.0,SERVO,1,1,12766,0,0.0,ADD 1,0,1,12794,0,0.0,ADD 2,0,1,12684,0,0.0,ADD 3,0,1,12783,0,0.0,ADD 4,0,1,12734,0,0.0,ADD 5,0,0,0,0,0.0,ADD 6,0,1,12745,0,0.0,ADD 7,0,0,0,0,0.0,EGT2CAN,0,1,12684,0,0.0
1778949364.751357,0.0,12763,-52.0,0,-,0,0,0,0,0.0,-,0,0,0,0,0.0,ECU,1,1,12723,0,0.0,FAN1,0,0,0,0,0.0,COILS,8,1,0,0,0.0,PUMP,0,0,0,0,0.0,INJECTOR,8,1,65,0,0.0,SERVO,1,1,12690,0,0.0,ADD 1,0,1,12766,0,0.0,ADD 2,0,1,12783,0,0.0,ADD 3,0,1,12799,0,0.0,ADD 4,0,1,12717,0,0.0,ADD 5,0,0,0,0,0.0,ADD 6,0,1,12772,0,0.0,ADD 7,0,0,0,0,0.0,EGT2CAN,0,1,12717,0,0.0
1778949364.8195965,0.0,12763,-52.0,0,-,0,0,0,0,0.0,-,0,0,0,0,0.0,ECU,1,1,12783,0,0.0,FAN1,0,0,0,0,0.0,COILS,8,1,0,0,0.0,PUMP,0,0,0,0,0.0,INJECTOR,8,1,65,0,0.0,SERVO,1,1,12777,0,0.0,ADD 1,0,1,12766,0,0.0,ADD 2,0,1,12783,0,0.0,ADD 3,0,1,12799,0,0.0,ADD 4,0,1,12717,0,0.0,ADD 5,0,0,0,0,0.0,ADD 6,0,1,12772,0,0.0,ADD 7,0,0,0,0,0.0,EGT2CAN,0,1,12717,0,0.0
1778949364.8704102,0.0,12800,-51.0,0,-,0,0,0,0,0.0,-,0,0,0,0,0.0,ECU,1,1,12756,0,0.0,FAN1,0,0,0,0,0.0,COILS,8,1,0,0,0.0,PUMP,0,0,0,0,0.0,INJECTOR,8,1,65,0,0.0,SERVO,1,1,12750,0,0.0,ADD 1,0,1,12788,0,0.0,ADD 2,0,1,12805,0,0.0,ADD 3,0,1,12794,0,0.0,ADD 4,0,1,12756,0,0.0,ADD 5,0,0,0,0,0.0,ADD 6,0,1,12756,0,0.0,ADD 7,0,0,0,0,0.0,EGT2CAN,0,1,12756,0,0.0
1778949364.9214413,0.0,12794,-52.0,0,-,0,0,0,0,0.0,-,0,0,0,0,0.0,ECU,1,1,12799,0,0.0,FAN1,0,0,0,0,0.0,COILS,8,1,0,0,0.0,PUMP,0,0,0,0,0.0,INJECTOR,8,1,65,0,0.0,SERVO,1,1,12728,0,0.0,ADD 1,0,1,12816,0,0.0,ADD 2,0,1,12816,0,0.0,ADD 3,0,1,12745,0,0.0,ADD 4,0,1,12750,0,0.0,ADD 5,0,0,0,0,0.0,ADD 6,0,1,12827,0,0.0,ADD 7,0,0,0,0,0.0,EGT2CAN,0,1,12805,0,0.0
1778949364.9738848,0.0,12794,-52.0,0,-,0,0,0,0,0.0,-,0,0,0,0,0.0,ECU,1,1,12794,0,0.0,FAN1,0,0,0,0,0.0,COILS,8,1,0,0,0.0,PUMP,0,0,0,0,0.0,INJECTOR,8,1,65,0,0.0,SERVO,1,1,12728,0,0.0,ADD 1,0,1,12816,0,0.0,ADD 2,0,1,12816,0,0.0,ADD 3,0,1,12745,0,0.0,ADD 4,0,1,12750,0,0.0,ADD 5,0,0,0,0,0.0,ADD 6,0,1,12827,0,0.0,ADD 7,0,0,0,0,0.0,EGT2CAN,0,1,12805,0,0.0
1778949365.024285,0.0,12788,-51.0,0,-,0,0,0,0,0.0,-,0,0,0,0,0.0,ECU,1,1,12684,0,0.0,FAN1,0,0,0,0,0.0,COILS,8,1,0,0,0.0,PUMP,0,0,0,0,0.0,INJECTOR,8,1,65,0,0.0,SERVO,1,1,12783,0,0.0,ADD 1,0,1,12772,0,0.0,ADD 2,0,1,12777,0,0.0,ADD 3,0,1,12788,0,0.0,ADD 4,0,1,12766,0,0.0,ADD 5,0,0,0,0,0.0,ADD 6,0,1,12788,0,0.0,ADD 7,0,0,0,0,0.0,EGT2CAN,0,1,12745,0,0.0
1778949365.0760612,0.0,12776,-51.0,0,-,0,0,0,0,0.0,-,0,0,0,0,0.0,ECU,1,1,12750,0,0.0,FAN1,0,0,0,0,0.0,COILS,8,1,0,0,0.0,PUMP,0,0,0,0,0.0,INJECTOR,8,1,71,0,0.0,SERVO,1,1,12766,0,0.0,ADD 1,0,1,12805,0,0.0,ADD 2,0,1,12827,0,0.0,ADD 3,0,1,12772,0,0.0,ADD 4,0,1,12766,0,0.0,ADD 5,0,0,0,0,0.0,ADD 6,0,1,12805,0,0.0,ADD 7,0,0,0,0,0.0,EGT2CAN,0,1,12783,0,0.0
1778949365.127578,0.0,12776,-51.0,0,-,0,0,0,0,0.0,-,0,0,0,0,0.0,ECU,1,1,12777,0,0.0,FAN1,0,0,0,0,0.0,COILS,8,1,0,0,0.0,PUMP,0,0,0,0,0.0,INJECTOR,8,1,65,0,0.0,SERVO,1,1,12761,0,0.0,ADD 1,0,1,12739,0,0.0,ADD 2,0,1,12810,0,0.0,ADD 3,0,1,12761,0,0.0,ADD 4,0,1,12761,0,0.0,ADD 5,0,0,0,0,0.0,ADD 6,0,1,12838,0,0.0,ADD 7,0,0,0,0,0.0,EGT2CAN,0,1,12788,0,0.0
1778949365.179322,0.0,12763,-51.0,0,-,0,0,0,0,0.0,-,0,0,0,0,0.0,ECU,1,1,12772,0,0.0,FAN1,0,0,0,0,0.0,COILS,8,1,0,0,0.0,PUMP,0,0,0,0,0.0,INJECTOR,8,1,65,0,0.0,SERVO,1,1,12783,0,0.0,ADD 1,0,1,12794,0,0.0,ADD 2,0,1,12766,0,0.0,ADD 3,0,1,12756,0,0.0,ADD 4,0,1,12766,0,0.0,ADD 5,0,0,0,0,0.0,ADD 6,0,1,12766,0,0.0,ADD 7,0,0,0,0,0.0,EGT2CAN,0,1,12745,0,0.0
1778949365.2481215,0.0,12800,-52.0,0,-,0,0,0,0,0.0,-,0,0,0,0,0.0,ECU,1,1,12788,0,0.0,FAN1,0,0,0,0,0.0,COILS,8,1,0,0,0.0,PUMP,0,0,0,0,0.0,INJECTOR,8,1,65,0,0.0,SERVO,1,1,12788,0,0.0,ADD 1,0,1,12783,0,0.0,ADD 2,0,1,12717,0,0.0,ADD 3,0,1,12756,0,0.0,ADD 4,0,1,12772,0,0.0,ADD 5,0,0,0,0,0.0,ADD 6,0,1,12756,0,0.0,ADD 7,0,0,0,0,0.0,EGT2CAN,0,1,12756,0,0.0
1778949365.2982666,0.0,12800,-51.0,0,-,0,0,0,0,0.0,-,0,0,0,0,0.0,ECU,1,1,12794,0,0.0,FAN1,0,0,0,0,0.0,COILS,8,1,0,0,0.0,PUMP,0,0,0,0,0.0,INJECTOR,8,1,65,0,0.0,SERVO,1,1,12772,0,0.0,ADD 1,0,1,12810,0,0.0,ADD 2,0,1,12810,0,0.0,ADD 3,0,1,12772,0,0.0,ADD 4,0,1,12723,0,0.0,ADD 5,0,0,0,0,0.0,ADD 6,0,1,12772,0,0.0,ADD 7,0,0,0,0,0.0,EGT2CAN,0,1,12761,0,0.0
1778949365.349769,0.0,12800,-51.0,0,-,0,0,0,0,0.0,-,0,0,0,0,0.0,ECU,1,1,12794,0,0.0,FAN1,0,0,0,0,0.0,COILS,8,1,0,0,0.0,PUMP,0,0,0,0,0.0,INJECTOR,8,1,65,0,0.0,SERVO,1,1,12772,0,0.0,ADD 1,0,1,12810,0,0.0,ADD 2,0,1,12810,0,0.0,ADD 3,0,1,12772,0,0.0,ADD 4,0,1,12723,0,0.0,ADD 5,0,0,0,0,0.0,ADD 6,0,1,12772,0,0.0,ADD 7,0,0,0,0,0.0,EGT2CAN,0,1,12761,0,0.0
1778949365.400393,0.0,12800,-51.0,0,-,0,0,0,0,0.0,-,0,0,0,0,0.0,ECU,1,1,12756,0,0.0,FAN1,0,0,0,0,0.0,COILS,8,1,0,0,0.0,PUMP,0,0,0,0,0.0,INJECTOR,8,1,65,0,0.0,SERVO,1,1,12756,0,0.0,ADD 1,0,1,12805,0,0.0,ADD 2,0,1,12788,0,0.0,ADD 3,0,1,12788,0,0.0,ADD 4,0,1,12772,0,0.0,ADD 5,0,0,0,0,0.0,ADD 6,0,1,12772,0,0.0,ADD 7,0,0,0,0,0.0,EGT2CAN,0,1,12761,0,0.0
1778949365.4512687,0.0,12763,-51.0,0,-,0,0,0,0,0.0,-,0,0,0,0,0.0,ECU,1,1,12766,0,0.0,FAN1,0,0,0,0,0.0,COILS,8,1,0,0,0.0,PUMP,0,0,0,0,0.0,INJECTOR,8,1,98,0,0.0,SERVO,1,1,12739,0,0.0,ADD 1,0,1,12794,0,0.0,ADD 2,0,1,12766,0,0.0,ADD 3,0,1,12717,0,0.0,ADD 4,0,1,12717,0,0.0,ADD 5,0,0,0,0,0.0,ADD 6,0,1,12777,0,0.0,ADD 7,0,0,0,0,0.0,EGT2CAN,0,1,12717,0,0.0
1778949365.5018797,0.0,12763,-51.0,0,-,0,0,0,0,0.0,-,0,0,0,0,0.0,ECU,1,1,12805,0,0.0,FAN1,0,0,0,0,0.0,COILS,8,1,0,0,0.0,PUMP,0,0,0,0,0.0,INJECTOR,8,1,98,0,0.0,SERVO,1,1,12739,0,0.0,ADD 1,0,1,12794,0,0.0,ADD 2,0,1,12766,0,0.0,ADD 3,0,1,12717,0,0.0,ADD 4,0,1,12717,0,0.0,ADD 5,0,0,0,0,0.0,ADD 6,0,1,12777,0,0.0,ADD 7,0,0,0,0,0.0,EGT2CAN,0,1,12717,0,0.0
1778949365.553088,0.0,12763,-51.0,0,-,0,0,0,0,0.0,-,0,0,0,0,0.0,ECU,1,1,12805,0,0.0,FAN1,0,0,0,0,0.0,COILS,8,1,0,0,0.0,PUMP,0,0,0,0,0.0,INJECTOR,8,1,65,0,0.0,SERVO,1,1,12739,0,0.0,ADD 1,0,1,12756,0,0.0,ADD 2,0,1,12799,0,0.0,ADD 3,0,1,12739,0,0.0,ADD 4,0,1,12739,0,0.0,ADD 5,0,0,0,0,0.0,ADD 6,0,1,12772,0,0.0,ADD 7,0,0,0,0,0.0,EGT2CAN,0,1,12745,0,0.0
1778949365.603895,0.0,12800,-51.0,0,-,0,0,0,0,0.0,-,0,0,0,0,0.0,ECU,1,1,12766,0,0.0,FAN1,0,0,0,0,0.0,COILS,8,1,0,0,0.0,PUMP,0,0,0,0,0.0,INJECTOR,8,1,65,0,0.0,SERVO,1,1,12717,0,0.0,ADD 1,0,1,12794,0,0.0,ADD 2,0,1,12799,0,0.0,ADD 3,0,1,12766,0,0.0,ADD 4,0,1,12728,0,0.0,ADD 5,0,0,0,0,0.0,ADD 6,0,1,12777,0,0.0,ADD 7,0,0,0,0,0.0,EGT2CAN,0,1,12750,0,0.0
1778949365.6544774,0.0,12800,-51.0,0,-,0,0,0,0,0.0,-,0,0,0,0,0.0,ECU,1,1,12766,0,0.0,FAN1,0,0,0,0,0.0,COILS,8,1,0,0,0.0,PUMP,0,0,0,0,0.0,INJECTOR,8,1,65,0,0.0,SERVO,1,1,12717,0,0.0,ADD 1,0,1,12794,0,0.0,ADD 2,0,1,12799,0,0.0,ADD 3,0,1,12766,0,0.0,ADD 4,0,1,12728,0,0.0,ADD 5,0,0,0,0,0.0,ADD 6,0,1,12777,0,0.0,ADD 7,0,0,0,0,0.0,EGT2CAN,0,1,12750,0,0.0
1778949365.7079427,0.0,12800,-51.0,0,-,0,0,0,0,0.0,-,0,0,0,0,0.0,ECU,1,1,12805,0,0.0,FAN1,0,0,0,0,0.0,COILS,8,1,0,0,0.0,PUMP,0,0,0,0,0.0,INJECTOR,8,1,87,0,0.0,SERVO,1,1,12788,0,0.0,ADD 1,0,1,12805,0,0.0,ADD 2,0,1,12810,0,0.0,ADD 3,0,1,12766,0,0.0,ADD 4,0,1,12745,0,0.0,ADD 5,0,0,0,0,0.0,ADD 6,0,1,12777,0,0.0,ADD 7,0,0,0,0,0.0,EGT2CAN,0,1,12750,0,0.0
1778949365.75907,0.0,12763,-51.0,0,-,0,0,0,0,0.0,-,0,0,0,0,0.0,ECU,1,1,12756,0,0.0,FAN1,0,0,0,0,0.0,COILS,8,1,0,0,0.0,PUMP,0,0,0,0,0.0,INJECTOR,8,1,60,0,0.0,SERVO,1,1,12756,0,0.0,ADD 1,0,1,12788,0,0.0,ADD 2,0,1,12756,0,0.0,ADD 3,0,1,12777,0,0.0,ADD 4,0,1,12723,0,0.0,ADD 5,0,0,0,0,0.0,ADD 6,0,1,12821,0,0.0,ADD 7,0,0,0,0,0.0,EGT2CAN,0,1,12799,0,0.0
1778949365.8177192,0.0,12757,-51.0,0,-,0,0,0,0,0.0,-,0,0,0,0,0.0,ECU,1,1,12783,0,0.0,FAN1,0,0,0,0,0.0,COILS,8,1,0,0,0.0,PUMP,0,0,0,0,0.0,INJECTOR,8,1,103,0,0.0,SERVO,1,1,12717,0,0.0,ADD 1,0,1,12772,0,0.0,ADD 2,0,1,12777,0,0.0,ADD 3,0,1,12788,0,0.0,ADD 4,0,1,12739,0,0.0,ADD 5,0,0,0,0,0.0,ADD 6,0,1,12821,0,0.0,ADD 7,0,0,0,0,0.0,EGT2CAN,0,1,12756,0,0.0
1778949365.8702197,0.0,12757,-51.0,0,-,0,0,0,0,0.0,-,0,0,0,0,0.0,ECU,1,1,12772,0,0.0,FAN1,0,0,0,0,0.0,COILS,8,1,0,0,0.0,PUMP,0,0,0,0,0.0,INJECTOR,8,1,65,0,0.0,SERVO,1,1,12777,0,0.0,ADD 1,0,1,12772,0,0.0,ADD 2,0,1,12777,0,0.0,ADD 3,0,1,12788,0,0.0,ADD 4,0,1,12739,0,0.0,ADD 5,0,0,0,0,0.0,ADD 6,0,1,12821,0,0.0,ADD 7,0,0,0,0,0.0,EGT2CAN,0,1,12756,0,0.0
1778949365.931126,0.0,12769,-52.0,0,-,0,0,0,0,0.0,-,0,0,0,0,0.0,ECU,1,1,12794,0,0.0,FAN1,0,0,0,0,0.0,COILS,8,1,0,0,0.0,PUMP,0,0,0,0,0.0,INJECTOR,8,1,87,0,0.0,SERVO,1,1,12745,0,0.0,ADD 1,0,1,12788,0,0.0,ADD 2,0,1,12832,0,0.0,ADD 3,0,1,12788,0,0.0,ADD 4,0,1,12772,0,0.0,ADD 5,0,0,0,0,0.0,ADD 6,0,1,12684,0,0.0,ADD 7,0,0,0,0,0.0,EGT2CAN,0,1,12684,0,0.0
1778949365.9858727,0.0,12813,-52.0,0,-,0,0,0,0,0.0,-,0,0,0,0,0.0,ECU,1,1,12739,0,0.0,FAN1,0,0,0,0,0.0,COILS,8,1,0,0,0.0,PUMP,0,0,0,0,0.0,INJECTOR,8,1,65,0,0.0,SERVO,1,1,12788,0,0.0,ADD 1,0,1,12788,0,0.0,ADD 2,0,1,12788,0,0.0,ADD 3,0,1,12739,0,0.0,ADD 4,0,1,12695,0,0.0,ADD 5,0,0,0,0,0.0,ADD 6,0,1,12777,0,0.0,ADD 7,0,0,0,0,0.0,EGT2CAN,0,1,12788,0,0.0
1778949366.036942,0.0,12763,-52.0,0,-,0,0,0,0,0.0,-,0,0,0,0,0.0,ECU,1,1,12739,0,0.0,FAN1,0,0,0,0,0.0,COILS,8,1,0,0,0.0,PUMP,0,0,0,0,0.0,INJECTOR,8,1,60,0,0.0,SERVO,1,1,12766,0,0.0,ADD 1,0,1,12739,0,0.0,ADD 2,0,1,12739,0,0.0,ADD 3,0,1,12750,0,0.0,ADD 4,0,1,12739,0,0.0,ADD 5,0,0,0,0,0.0,ADD 6,0,1,12832,0,0.0,ADD 7,0,0,0,0,0.0,EGT2CAN,0,1,12766,0,0.0
1778949366.0906534,0.0,12763,-52.0,0,-,0,0,0,0,0.0,-,0,0,0,0,0.0,ECU,1,1,12739,0,0.0,FAN1,0,0,0,0,0.0,COILS,8,1,0,0,0.0,PUMP,0,0,0,0,0.0,INJECTOR,8,1,87,0,0.0,SERVO,1,1,12701,0,0.0,ADD 1,0,1,12739,0,0.0,ADD 2,0,1,12734,0,0.0,ADD 3,0,1,12739,0,0.0,ADD 4,0,1,12723,0,0.0,ADD 5,0,0,0,0,0.0,ADD 6,0,1,12832,0,0.0,ADD 7,0,0,0,0,0.0,EGT2CAN,0,1,12766,0,0.0
1778949366.1577833,0.0,12800,-51.0,0,-,0,0,0,0,0.0,-,0,0,0,0,0.0,ECU,1,1,12739,0,0.0,FAN1,0,0,0,0,0.0,COILS,8,1,0,0,0.0,PUMP,0,0,0,0,0.0,INJECTOR,8,1,87,0,0.0,SERVO,1,1,12701,0,0.0,ADD 1,0,1,12739,0,0.0,ADD 2,0,1,12734,0,0.0,ADD 3,0,1,12739,0,0.0,ADD 4,0,1,12723,0,0.0,ADD 5,0,0,0,0,0.0,ADD 6,0,1,12777,0,0.0,ADD 7,0,0,0,0,0.0,EGT2CAN,0,1,12750,0,0.0
1778949366.210489,0.0,12751,-52.0,0,-,0,0,0,0,0.0,-,0,0,0,0,0.0,ECU,1,1,12734,0,0.0,FAN1,0,0,0,0,0.0,COILS,8,1,0,0,0.0,PUMP,0,0,0,0,0.0,INJECTOR,8,1,65,0,0.0,SERVO,1,1,12777,0,0.0,ADD 1,0,1,12772,0,0.0,ADD 2,0,1,12821,0,0.0,ADD 3,0,1,12788,0,0.0,ADD 4,0,1,12734,0,0.0,ADD 5,0,0,0,0,0.0,ADD 6,0,1,12788,0,0.0,ADD 7,0,0,0,0,0.0,EGT2CAN,0,1,12761,0,0.0
1778949366.2666955,0.0,12800,-53.0,0,-,0,0,0,0,0.0,-,0,0,0,0,0.0,ECU,1,1,12723,0,0.0,FAN1,0,0,0,0,0.0,COILS,8,1,0,0,0.0,PUMP,0,0,0,0,0.0,INJECTOR,8,1,65,0,0.0,SERVO,1,1,12766,0,0.0,ADD 1,0,1,12799,0,0.0,ADD 2,0,1,12766,0,0.0,ADD 3,0,1,12684,0,0.0,ADD 4,0,1,12712,0,0.0,ADD 5,0,0,0,0,0.0,ADD 6,0,1,12684,0,0.0,ADD 7,0,0,0,0,0.0,EGT2CAN,0,1,12777,0,0.0
1778949366.319281,0.0,12800,-53.0,0,-,0,0,0,0,0.0,-,0,0,0,0,0.0,ECU,1,1,12750,0,0.0,FAN1,0,0,0,0,0.0,COILS,8,1,0,0,0.0,PUMP,0,0,0,0,0.0,INJECTOR,8,1,65,0,0.0,SERVO,1,1,12766,0,0.0,ADD 1,0,1,12799,0,0.0,ADD 2,0,1,12766,0,0.0,ADD 3,0,1,12684,0,0.0,ADD 4,0,1,12712,0,0.0,ADD 5,0,0,0,0,0.0,ADD 6,0,1,12684,0,0.0,ADD 7,0,0,0,0,0.0,EGT2CAN,0,1,12777,0,0.0
1778949366.382384,0.0,12800,-51.0,0,-,0,0,0,0,0.0,-,0,0,0,0,0.0,ECU,1,1,12788,0,0.0,FAN1,0,0,0,0,0.0,COILS,8,1,0,0,0.0,PUMP,0,0,0,0,0.0,INJECTOR,8,1,60,0,0.0,SERVO,1,1,12772,0,0.0,ADD 1,0,1,12756,0,0.0,ADD 2,0,1,12756,0,0.0,ADD 3,0,1,12788,0,0.0,ADD 4,0,1,12739,0,0.0,ADD 5,0,0,0,0,0.0,ADD 6,0,1,12832,0,0.0,ADD 7,0,0,0,0,0.0,EGT2CAN,0,1,12788,0,0.0
1778949366.4331968,0.0,12757,-52.0,0,-,0,0,0,0,0.0,-,0,0,0,0,0.0,ECU,1,1,12766,0,0.0,FAN1,0,0,0,0,0.0,COILS,8,1,0,0,0.0,PUMP,0,0,0,0,0.0,INJECTOR,8,1,65,0,0.0,SERVO,1,1,12684,0,0.0,ADD 1,0,1,12783,0,0.0,ADD 2,0,1,12783,0,0.0,ADD 3,0,1,12745,0,0.0,ADD 4,0,1,12750,0,0.0,ADD 5,0,0,0,0,0.0,ADD 6,0,1,12788,0,0.0,ADD 7,0,0,0,0,0.0,EGT2CAN,0,1,12766,0,0.0
1778949366.4841695,0.0,12757,-52.0,0,-,0,0,0,0,0.0,-,0,0,0,0,0.0,ECU,1,1,12734,0,0.0,FAN1,0,0,0,0,0.0,COILS,8,1,0,0,0.0,PUMP,0,0,0,0,0.0,INJECTOR,8,1,65,0,0.0,SERVO,1,1,12777,0,0.0,ADD 1,0,1,12777,0,0.0,ADD 2,0,1,12827,0,0.0,ADD 3,0,1,12766,0,0.0,ADD 4,0,1,12739,0,0.0,ADD 5,0,0,0,0,0.0,ADD 6,0,1,12788,0,0.0,ADD 7,0,0,0,0,0.0,EGT2CAN,0,1,12766,0,0.0
1778949366.5464706,0.0,12788,-51.0,0,-,0,0,0,0,0.0,-,0,0,0,0,0.0,ECU,1,1,12739,0,0.0,FAN1,0,0,0,0,0.0,COILS,8,1,0,0,0.0,PUMP,0,0,0,0,0.0,INJECTOR,8,1,65,0,0.0,SERVO,1,1,12712,0,0.0,ADD 1,0,1,12794,0,0.0,ADD 2,0,1,12832,0,0.0,ADD 3,0,1,12794,0,0.0,ADD 4,0,1,12750,0,0.0,ADD 5,0,0,0,0,0.0,ADD 6,0,1,12827,0,0.0,ADD 7,0,0,0,0,0.0,EGT2CAN,0,1,12739,0,0.0
1778949366.5971193,0.0,12794,-52.0,0,-,0,0,0,0,0.0,-,0,0,0,0,0.0,ECU,1,1,12739,0,0.0,FAN1,0,0,0,0,0.0,COILS,8,1,0,0,0.0,PUMP,0,0,0,0,0.0,INJECTOR,8,1,65,0,0.0,SERVO,1,1,12712,0,0.0,ADD 1,0,1,12794,0,0.0,ADD 2,0,1,12832,0,0.0,ADD 3,0,1,12794,0,0.0,ADD 4,0,1,12750,0,0.0,ADD 5,0,0,0,0,0.0,ADD 6,0,1,12756,0,0.0,ADD 7,0,0,0,0,0.0,EGT2CAN,0,1,12756,0,0.0
1778949366.6480002,0.0,12794,-52.0,0,-,0,0,0,0,0.0,-,0,0,0,0,0.0,ECU,1,1,12756,0,0.0,FAN1,0,0,0,0,0.0,COILS,8,1,0,0,0.0,PUMP,0,0,0,0,0.0,INJECTOR,8,1,65,0,0.0,SERVO,1,1,12756,0,0.0,ADD 1,0,1,12810,0,0.0,ADD 2,0,1,12756,0,0.0,ADD 3,0,1,12756,0,0.0,ADD 4,0,1,12756,0,0.0,ADD 5,0,0,0,0,0.0,ADD 6,0,1,12756,0,0.0,ADD 7,0,0,0,0,0.0,EGT2CAN,0,1,12756,0,0.0
1778949366.6989312,0.0,12788,-51.0,0,-,0,0,0,0,0.0,-,0,0,0,0,0.0,ECU,1,1,12805,0,0.0,FAN1,0,0,0,0,0.0,COILS,8,1,0,0,0.0,PUMP,0,0,0,0,0.0,INJECTOR,8,1,65,0,0.0,SERVO,1,1,12750,0,0.0,ADD 1,0,1,12734,0,0.0,ADD 2,0,1,12788,0,0.0,ADD 3,0,1,12788,0,0.0,ADD 4,0,1,12766,0,0.0,ADD 5,0,0,0,0,0.0,ADD 6,0,1,12810,0,0.0,ADD 7,0,0,0,0,0.0,EGT2CAN,0,1,12772,0,0.0
1778949366.7679298,0.0,12788,-51.0,0,-,0,0,0,0,0.0,-,0,0,0,0,0.0,ECU,1,1,12788,0,0.0,FAN1,0,0,0,0,0.0,COILS,8,1,0,0,0.0,PUMP,0,0,0,0,0.0,INJECTOR,8,1,65,0,0.0,SERVO,1,1,12750,0,0.0,ADD 1,0,1,12734,0,0.0,ADD 2,0,1,12788,0,0.0,ADD 3,0,1,12788,0,0.0,ADD 4,0,1,12766,0,0.0,ADD 5,0,0,0,0,0.0,ADD 6,0,1,12810,0,0.0,ADD 7,0,0,0,0,0.0,EGT2CAN,0,1,12772,0,0.0
1778949366.8185267,0.0,12776,-51.0,0,-,0,0,0,0,0.0,-,0,0,0,0,0.0,ECU,1,1,12766,0,0.0,FAN1,0,0,0,0,0.0,COILS,8,1,0,0,0.0,PUMP,0,0,0,0,0.0,INJECTOR,8,1,60,0,0.0,SERVO,1,1,12766,0,0.0,ADD 1,0,1,12805,0,0.0,ADD 2,0,1,12810,0,0.0,ADD 3,0,1,12805,0,0.0,ADD 4,0,1,12766,0,0.0,ADD 5,0,0,0,0,0.0,ADD 6,0,1,12810,0,0.0,ADD 7,0,0,0,0,0.0,EGT2CAN,0,1,12750,0,0.0
1778949366.8755274,0.0,12769,-52.0,0,-,0,0,0,0,0.0,-,0,0,0,0,0.0,ECU,1,1,12799,0,0.0,FAN1,0,0,0,0,0.0,COILS,8,1,0,0,0.0,PUMP,0,0,0,0,0.0,INJECTOR,8,1,71,0,0.0,SERVO,1,1,12772,0,0.0,ADD 1,0,1,12816,0,0.0,ADD 2,0,1,12821,0,0.0,ADD 3,0,1,12739,0,0.0,ADD 4,0,1,12739,0,0.0,ADD 5,0,0,0,0,0.0,ADD 6,0,1,12821,0,0.0,ADD 7,0,0,0,0,0.0,EGT2CAN,0,1,12788,0,0.0
1778949366.928178,0.0,12769,-52.0,0,-,0,0,0,0,0.0,-,0,0,0,0,0.0,ECU,1,1,12761,0,0.0,FAN1,0,0,0,0,0.0,COILS,8,1,0,0,0.0,PUMP,0,0,0,0,0.0,INJECTOR,8,1,71,0,0.0,SERVO,1,1,12772,0,0.0,ADD 1,0,1,12816,0,0.0,ADD 2,0,1,12821,0,0.0,ADD 3,0,1,12739,0,0.0,ADD 4,0,1,12739,0,0.0,ADD 5,0,0,0,0,0.0,ADD 6,0,1,12821,0,0.0,ADD 7,0,0,0,0,0.0,EGT2CAN,0,1,12788,0,0.0
1778949366.9805272,0.0,12782,-51.0,0,-,0,0,0,0,0.0,-,0,0,0,0,0.0,ECU,1,1,12734,0,0.0,FAN1,0,0,0,0,0.0,COILS,8,1,0,0,0.0,PUMP,0,0,0,0,0.0,INJECTOR,8,1,65,0,0.0,SERVO,1,1,12739,0,0.0,ADD 1,0,1,12788,0,0.0,ADD 2,0,1,12816,0,0.0,ADD 3,0,1,12756,0,0.0,ADD 4,0,1,12734,0,0.0,ADD 5,0,0,0,0,0.0,ADD 6,0,1,12684,0,0.0,ADD 7,0,0,0,0,0.0,EGT2CAN,0,1,12684,0,0.0
1778949367.0320487,0.0,12769,-52.0,0,-,0,0,0,0,0.0,-,0,0,0,0,0.0,ECU,1,1,12734,0,0.0,FAN1,0,0,0,0,0.0,COILS,8,1,0,0,0.0,PUMP,0,0,0,0,0.0,INJECTOR,8,1,65,0,0.0,SERVO,1,1,12739,0,0.0,ADD 1,0,1,12772,0,0.0,ADD 2,0,1,12794,0,0.0,ADD 3,0,1,12766,0,0.0,ADD 4,0,1,12761,0,0.0,ADD 5,0,0,0,0,0.0,ADD 6,0,1,12739,0,0.0,ADD 7,0,0,0,0,0.0,EGT2CAN,0,1,12756,0,0.0
1778949367.0825405,0.0,12769,-52.0,0,-,0,0,0,0,0.0,-,0,0,0,0,0.0,ECU,1,1,12788,0,0.0,FAN1,0,0,0,0,0.0,COILS,8,1,0,0,0.0,PUMP,0,0,0,0,0.0,INJECTOR,8,1,76,0,0.0,SERVO,1,1,12739,0,0.0,ADD 1,0,1,12772,0,0.0,ADD 2,0,1,12777,0,0.0,ADD 3,0,1,12717,0,0.0,ADD 4,0,1,12772,0,0.0,ADD 5,0,0,0,0,0.0,ADD 6,0,1,12783,0,0.0,ADD 7,0,0,0,0,0.0,EGT2CAN,0,1,12788,0,0.0
1778949367.134539,0.0,12794,-51.0,0,-,0,0,0,0,0.0,-,0,0,0,0,0.0,ECU,1,1,12788,0,0.0,FAN1,0,0,0,0,0.0,COILS,8,1,0,0,0.0,PUMP,0,0,0,0,0.0,INJECTOR,8,1,65,0,0.0,SERVO,1,1,12772,0,0.0,ADD 1,0,1,12761,0,0.0,ADD 2,0,1,12766,0,0.0,ADD 3,0,1,12788,0,0.0,ADD 4,0,1,12734,0,0.0,ADD 5,0,0,0,0,0.0,ADD 6,0,1,12766,0,0.0,ADD 7,0,0,0,0,0.0,EGT2CAN,0,1,12745,0,0.0
1778949367.1858258,0.0,12807,-51.0,0,-,0,0,0,0,0.0,-,0,0,0,0,0.0,ECU,1,1,12788,0,0.0,FAN1,0,0,0,0,0.0,COILS,8,1,0,0,0.0,PUMP,0,0,0,0,0.0,INJECTOR,8,1,65,0,0.0,SERVO,1,1,12772,0,0.0,ADD 1,0,1,12761,0,0.0,ADD 2,0,1,12766,0,0.0,ADD 3,0,1,12788,0,0.0,ADD 4,0,1,12734,0,0.0,ADD 5,0,0,0,0,0.0,ADD 6,0,1,12766,0,0.0,ADD 7,0,0,0,0,0.0,EGT2CAN,0,1,12745,0,0.0
1778949367.239899,0.0,12807,-51.0,0,-,0,0,0,0,0.0,-,0,0,0,0,0.0,ECU,1,1,12788,0,0.0,FAN1,0,0,0,0,0.0,COILS,8,1,0,0,0.0,PUMP,0,0,0,0,0.0,INJECTOR,8,1,65,0,0.0,SERVO,1,1,12783,0,0.0,ADD 1,0,1,12788,0,0.0,ADD 2,0,1,12799,0,0.0,ADD 3,0,1,12756,0,0.0,ADD 4,0,1,12750,0,0.0,ADD 5,0,0,0,0,0.0,ADD 6,0,1,12766,0,0.0,ADD 7,0,0,0,0,0.0,EGT2CAN,0,1,12745,0,0.0
1778949367.291005,0.0,12757,-54.0,0,-,0,0,0,0,0.0,-,0,0,0,0,0.0,ECU,1,1,12756,0,0.0,FAN1,0,0,0,0,0.0,COILS,8,1,0,0,0.0,PUMP,0,0,0,0,0.0,INJECTOR,8,1,92,0,0.0,SERVO,1,1,12783,0,0.0,ADD 1,0,1,12756,0,0.0,ADD 2,0,1,12810,0,0.0,ADD 3,0,1,12745,0,0.0,ADD 4,0,1,12766,0,0.0,ADD 5,0,0,0,0,0.0,ADD 6,0,1,12810,0,0.0,ADD 7,0,0,0,0,0.0,EGT2CAN,0,1,12717,0,0.0
1778949367.3429484,0.0,12757,-54.0,0,-,0,0,0,0,0.0,-,0,0,0,0,0.0,ECU,1,1,12756,0,0.0,FAN1,0,0,0,0,0.0,COILS,8,1,0,0,0.0,PUMP,0,0,0,0,0.0,INJECTOR,8,1,92,0,0.0,SERVO,1,1,12783,0,0.0,ADD 1,0,1,12756,0,0.0,ADD 2,0,1,12810,0,0.0,ADD 3,0,1,12745,0,0.0,ADD 4,0,1,12766,0,0.0,ADD 5,0,0,0,0,0.0,ADD 6,0,1,12810,0,0.0,ADD 7,0,0,0,0,0.0,EGT2CAN,0,1,12717,0,0.0
1778949367.3944378,0.0,12757,-54.0,0,-,0,0,0,0,0.0,-,0,0,0,0,0.0,ECU,1,1,12756,0,0.0,FAN1,0,0,0,0,0.0,COILS,8,1,0,0,0.0,PUMP,0,0,0,0,0.0,INJECTOR,8,1,65,0,0.0,SERVO,1,1,12772,0,0.0,ADD 1,0,1,12799,0,0.0,ADD 2,0,1,12816,0,0.0,ADD 3,0,1,12772,0,0.0,ADD 4,0,1,12761,0,0.0,ADD 5,0,0,0,0,0.0,ADD 6,0,1,12816,0,0.0,ADD 7,0,0,0,0,0.0,EGT2CAN,0,1,12745,0,0.0
1778949367.4465106,0.0,12776,-52.0,0,-,0,0,0,0,0.0,-,0,0,0,0,0.0,ECU,1,1,12750,0,0.0,FAN1,0,0,0,0,0.0,COILS,8,1,0,0,0.0,PUMP,0,0,0,0,0.0,INJECTOR,8,1,65,0,0.0,SERVO,1,1,12745,0,0.0,ADD 1,0,1,12684,0,0.0,ADD 2,0,1,12832,0,0.0,ADD 3,0,1,12684,0,0.0,ADD 4,0,1,12777,0,0.0,ADD 5,0,0,0,0,0.0,ADD 6,0,1,12816,0,0.0,ADD 7,0,0,0,0,0.0,EGT2CAN,0,1,12766,0,0.0
1778949367.4979148,0.0,12776,-52.0,0,-,0,0,0,0,0.0,-,0,0,0,0,0.0,ECU,1,1,12750,0,0.0,FAN1,0,0,0,0,0.0,COILS,8,1,0,0,0.0,PUMP,0,0,0,0,0.0,INJECTOR,8,1,65,0,0.0,SERVO,1,1,12745,0,0.0,ADD 1,0,1,12684,0,0.0,ADD 2,0,1,12832,0,0.0,ADD 3,0,1,12684,0,0.0,ADD 4,0,1,12777,0,0.0,ADD 5,0,0,0,0,0.0,ADD 6,0,1,12816,0,0.0,ADD 7,0,0,0,0,0.0,EGT2CAN,0,1,12766,0,0.0
1778949367.5486338,0.0,12776,-52.0,0,-,0,0,0,0,0.0,-,0,0,0,0,0.0,ECU,1,1,12772,0,0.0,FAN1,0,0,0,0,0.0,COILS,8,1,0,0,0.0,PUMP,0,0,0,0,0.0,INJECTOR,8,1,43,0,0.0,SERVO,1,1,12756,0,0.0,ADD 1,0,1,12799,0,0.0,ADD 2,0,1,12777,0,0.0,ADD 3,0,1,12772,0,0.0,ADD 4,0,1,12739,0,0.0,ADD 5,0,0,0,0,0.0,ADD 6,0,1,12816,0,0.0,ADD 7,0,0,0,0,0.0,EGT2CAN,0,1,12766,0,0.0
1778949367.5991066,0.0,12757,-51.0,0,-,0,0,0,0,0.0,-,0,0,0,0,0.0,ECU,1,1,12750,0,0.0,FAN1,0,0,0,0,0.0,COILS,8,1,0,0,0.0,PUMP,0,0,0,0,0.0,INJECTOR,8,1,71,0,0.0,SERVO,1,1,12745,0,0.0,ADD 1,0,1,12739,0,0.0,ADD 2,0,1,12756,0,0.0,ADD 3,0,1,12756,0,0.0,ADD 4,0,1,12766,0,0.0,ADD 5,0,0,0,0,0.0,ADD 6,0,1,12788,0,0.0,ADD 7,0,0,0,0,0.0,EGT2CAN,0,1,12717,0,0.0
1778949367.6502678,0.0,12757,-51.0,0,-,0,0,0,0,0.0,-,0,0,0,0,0.0,ECU,1,1,12750,0,0.0,FAN1,0,0,0,0,0.0,COILS,8,1,0,0,0.0,PUMP,0,0,0,0,0.0,INJECTOR,8,1,71,0,0.0,SERVO,1,1,12745,0,0.0,ADD 1,0,1,12739,0,0.0,ADD 2,0,1,12756,0,0.0,ADD 3,0,1,12756,0,0.0,ADD 4,0,1,12766,0,0.0,ADD 5,0,0,0,0,0.0,ADD 6,0,1,12788,0,0.0,ADD 7,0,0,0,0,0.0,EGT2CAN,0,1,12717,0,0.0
1778949367.7017224,0.0,12757,-51.0,0,-,0,0,0,0,0.0,-,0,0,0,0,0.0,ECU,1,1,12723,0,0.0,FAN1,0,0,0,0,0.0,COILS,8,1,0,0,0.0,PUMP,0,0,0,0,0.0,INJECTOR,8,1,71,0,0.0,SERVO,1,1,12750,0,0.0,ADD 1,0,1,12810,0,0.0,ADD 2,0,1,12805,0,0.0,ADD 3,0,1,12783,0,0.0,ADD 4,0,1,12695,0,0.0,ADD 5,0,0,0,0,0.0,ADD 6,0,1,12816,0,0.0,ADD 7,0,0,0,0,0.0,EGT2CAN,0,1,12805,0,0.0
1778949367.7582557,0.0,12769,-51.0,0,-,0,0,0,0,0.0,-,0,0,0,0,0.0,ECU,1,1,12766,0,0.0,FAN1,0,0,0,0,0.0,COILS,8,1,0,0,0.0,PUMP,0,0,0,0,0.0,INJECTOR,8,1,71,0,0.0,SERVO,1,1,12766,0,0.0,ADD 1,0,1,12788,0,0.0,ADD 2,0,1,12810,0,0.0,ADD 3,0,1,12739,0,0.0,ADD 4,0,1,12684,0,0.0,ADD 5,0,0,0,0,0.0,ADD 6,0,1,12684,0,0.0,ADD 7,0,0,0,0,0.0,EGT2CAN,0,1,12684,0,0.0
1778949367.811854,0.0,12769,-51.0,0,-,0,0,0,0,0.0,-,0,0,0,0,0.0,ECU,1,1,12766,0,0.0,FAN1,0,0,0,0,0.0,COILS,8,1,0,0,0.0,PUMP,0,0,0,0,0.0,INJECTOR,8,1,65,0,0.0,SERVO,1,1,12684,0,0.0,ADD 1,0,1,12788,0,0.0,ADD 2,0,1,12810,0,0.0,ADD 3,0,1,12739,0,0.0,ADD 4,0,1,12684,0,0.0,ADD 5,0,0,0,0,0.0,ADD 6,0,1,12684,0,0.0,ADD 7,0,0,0,0,0.0,EGT2CAN,0,1,12684,0,0.0
1778949367.8627653,0.0,12800,-52.0,0,-,0,0,0,0,0.0,-,0,0,0,0,0.0,ECU,1,1,12788,0,0.0,FAN1,0,0,0,0,0.0,COILS,8,1,0,0,0.0,PUMP,0,0,0,0,0.0,INJECTOR,8,1,65,0,0.0,SERVO,1,1,12783,0,0.0,ADD 1,0,1,12777,0,0.0,ADD 2,0,1,12788,0,0.0,ADD 3,0,1,12739,0,0.0,ADD 4,0,1,12745,0,0.0,ADD 5,0,0,0,0,0.0,ADD 6,0,1,12788,0,0.0,ADD 7,0,0,0,0,0.0,EGT2CAN,0,1,12788,0,0.0
1778949367.9308627,0.0,12769,-51.0,0,-,0,0,0,0,0.0,-,0,0,0,0,0.0,ECU,1,1,12805,0,0.0,FAN1,0,0,0,0,0.0,COILS,8,1,0,0,0.0,PUMP,0,0,0,0,0.0,INJECTOR,8,1,71,0,0.0,SERVO,1,1,12723,0,0.0,ADD 1,0,1,12745,0,0.0,ADD 2,0,1,12723,0,0.0,ADD 3,0,1,12745,0,0.0,ADD 4,0,1,12739,0,0.0,ADD 5,0,0,0,0,0.0,ADD 6,0,1,12810,0,0.0,ADD 7,0,0,0,0,0.0,EGT2CAN,0,1,12739,0,0.0
1778949367.9820333,0.0,12769,-51.0,0,-,0,0,0,0,0.0,-,0,0,0,0,0.0,ECU,1,1,12756,0,0.0,FAN1,0,0,0,0,0.0,COILS,8,1,0,0,0.0,PUMP,0,0,0,0,0.0,INJECTOR,8,1,60,0,0.0,SERVO,1,1,12734,0,0.0,ADD 1,0,1,12745,0,0.0,ADD 2,0,1,12723,0,0.0,ADD 3,0,1,12745,0,0.0,ADD 4,0,1,12739,0,0.0,ADD 5,0,0,0,0,0.0,ADD 6,0,1,12810,0,0.0,ADD 7,0,0,0,0,0.0,EGT2CAN,0,1,12739,0,0.0
1778949368.0436292,0.0,12776,-52.0,0,-,0,0,0,0,0.0,-,0,0,0,0,0.0,ECU,1,1,12750,0,0.0,FAN1,0,0,0,0,0.0,COILS,8,1,0,0,0.0,PUMP,0,0,0,0,0.0,INJECTOR,8,1,76,0,0.0,SERVO,1,1,12788,0,0.0,ADD 1,0,1,12766,0,0.0,ADD 2,0,1,12772,0,0.0,ADD 3,0,1,12772,0,0.0,ADD 4,0,1,12695,0,0.0,ADD 5,0,0,0,0,0.0,ADD 6,0,1,12827,0,0.0,ADD 7,0,0,0,0,0.0,EGT2CAN,0,1,12756,0,0.0
1778949368.0968573,0.0,12769,-51.0,0,-,0,0,0,0,0.0,-,0,0,0,0,0.0,ECU,1,1,12750,0,0.0,FAN1,0,0,0,0,0.0,COILS,8,1,0,0,0.0,PUMP,0,0,0,0,0.0,INJECTOR,8,1,76,0,0.0,SERVO,1,1,12788,0,0.0,ADD 1,0,1,12766,0,0.0,ADD 2,0,1,12772,0,0.0,ADD 3,0,1,12772,0,0.0,ADD 4,0,1,12695,0,0.0,ADD 5,0,0,0,0,0.0,ADD 6,0,1,12788,0,0.0,ADD 7,0,0,0,0,0.0,EGT2CAN,0,1,12739,0,0.0
1778949368.1576965,0.0,12794,-52.0,0,-,0,0,0,0,0.0,-,0,0,0,0,0.0,ECU,1,1,12745,0,0.0,FAN1,0,0,0,0,0.0,COILS,8,1,0,0,0.0,PUMP,0,0,0,0,0.0,INJECTOR,8,1,98,0,0.0,SERVO,1,1,12701,0,0.0,ADD 1,0,1,12766,0,0.0,ADD 2,0,1,12783,0,0.0,ADD 3,0,1,12766,0,0.0,ADD 4,0,1,12750,0,0.0,ADD 5,0,0,0,0,0.0,ADD 6,0,1,12794,0,0.0,ADD 7,0,0,0,0,0.0,EGT2CAN,0,1,12761,0,0.0
1778949368.215909,0.0,12825,-51.0,0,-,0,0,0,0,0.0,-,0,0,0,0,0.0,ECU,1,1,12799,0,0.0,FAN1,0,0,0,0,0.0,COILS,8,1,0,0,0.0,PUMP,0,0,0,0,0.0,INJECTOR,8,1,54,0,0.0,SERVO,1,1,12772,0,0.0,ADD 1,0,1,12728,0,0.0,ADD 2,0,1,12761,0,0.0,ADD 3,0,1,12766,0,0.0,ADD 4,0,1,12717,0,0.0,ADD 5,0,0,0,0,0.0,ADD 6,0,1,12788,0,0.0,ADD 7,0,0,0,0,0.0,EGT2CAN,0,1,12788,0,0.0
1778949368.2680073,0.0,12825,-51.0,0,-,0,0,0,0,0.0,-,0,0,0,0,0.0,ECU,1,1,12783,0,0.0,FAN1,0,0,0,0,0.0,COILS,8,1,0,0,0.0,PUMP,0,0,0,0,0.0,INJECTOR,8,1,54,0,0.0,SERVO,1,1,12772,0,0.0,ADD 1,0,1,12728,0,0.0,ADD 2,0,1,12761,0,0.0,ADD 3,0,1,12766,0,0.0,ADD 4,0,1,12717,0,0.0,ADD 5,0,0,0,0,0.0,ADD 6,0,1,12788,0,0.0,ADD 7,0,0,0,0,0.0,EGT2CAN,0,1,12788,0,0.0
1778949368.3191547,0.0,12825,-51.0,0,-,0,0,0,0,0.0,-,0,0,0,0,0.0,ECU,1,1,12783,0,0.0,FAN1,0,0,0,0,0.0,COILS,8,1,0,0,0.0,PUMP,0,0,0,0,0.0,INJECTOR,8,1,60,0,0.0,SERVO,1,1,12728,0,0.0,ADD 1,0,1,12805,0,0.0,ADD 2,0,1,12772,0,0.0,ADD 3,0,1,12783,0,0.0,ADD 4,0,1,12723,0,0.0,ADD 5,0,0,0,0,0.0,ADD 6,0,1,12684,0,0.0,ADD 7,0,0,0,0,0.0,EGT2CAN,0,1,12772,0,0.0
1778949368.3700073,0.0,12720,-51.0,0,-,0,0,0,0,0.0,-,0,0,0,0,0.0,ECU,1,1,12794,0,0.0,FAN1,0,0,0,0,0.0,COILS,8,1,0,0,0.0,PUMP,0,0,0,0,0.0,INJECTOR,8,1,71,0,0.0,SERVO,1,1,12766,0,0.0,ADD 1,0,1,12706,0,0.0,ADD 2,0,1,12783,0,0.0,ADD 3,0,1,12772,0,0.0,ADD 4,0,1,12766,0,0.0,ADD 5,0,0,0,0,0.0,ADD 6,0,1,12810,0,0.0,ADD 7,0,0,0,0,0.0,EGT2CAN,0,1,12788,0,0.0
1778949368.4212475,0.0,12720,-51.0,0,-,0,0,0,0,0.0,-,0,0,0,0,0.0,ECU,1,1,12794,0,0.0,FAN1,0,0,0,0,0.0,COILS,8,1,0,0,0.0,PUMP,0,0,0,0,0.0,INJECTOR,8,1,71,0,0.0,SERVO,1,1,12766,0,0.0,ADD 1,0,1,12706,0,0.0,ADD 2,0,1,12783,0,0.0,ADD 3,0,1,12772,0,0.0,ADD 4,0,1,12766,0,0.0,ADD 5,0,0,0,0,0.0,ADD 6,0,1,12810,0,0.0,ADD 7,0,0,0,0,0.0,EGT2CAN,0,1,12788,0,0.0
1778949368.472204,0.0,12720,-51.0,0,-,0,0,0,0,0.0,-,0,0,0,0,0.0,ECU,1,1,12706,0,0.0,FAN1,0,0,0,0,0.0,COILS,8,1,0,0,0.0,PUMP,0,0,0,0,0.0,INJECTOR,8,1,109,0,0.0,SERVO,1,1,12739,0,0.0,ADD 1,0,1,12788,0,0.0,ADD 2,0,1,12788,0,0.0,ADD 3,0,1,12805,0,0.0,ADD 4,0,1,12756,0,0.0,ADD 5,0,0,0,0,0.0,ADD 6,0,1,12821,0,0.0,ADD 7,0,0,0,0,0.0,EGT2CAN,0,1,12717,0,0.0
1778949368.5227032,0.0,12745,-52.0,0,-,0,0,0,0,0.0,-,0,0,0,0,0.0,ECU,1,1,12761,0,0.0,FAN1,0,0,0,0,0.0,COILS,8,1,0,0,0.0,PUMP,0,0,0,0,0.0,INJECTOR,8,1,54,0,0.0,SERVO,1,1,12772,0,0.0,ADD 1,0,1,12799,0,0.0,ADD 2,0,1,12777,0,0.0,ADD 3,0,1,12750,0,0.0,ADD 4,0,1,12684,0,0.0,ADD 5,0,0,0,0,0.0,ADD 6,0,1,12810,0,0.0,ADD 7,0,0,0,0,0.0,EGT2CAN,0,1,12805,0,0.0
1778949368.5737398,0.0,12776,-51.0,0,-,0,0,0,0,0.0,-,0,0,0,0,0.0,ECU,1,1,12777,0,0.0,FAN1,0,0,0,0,0.0,COILS,8,1,0,0,0.0,PUMP,0,0,0,0,0.0,INJECTOR,8,1,65,0,0.0,SERVO,1,1,12788,0,0.0,ADD 1,0,1,12794,0,0.0,ADD 2,0,1,12777,0,0.0,ADD 3,0,1,12739,0,0.0,ADD 4,0,1,12739,0,0.0,ADD 5,0,0,0,0,0.0,ADD 6,0,1,12783,0,0.0,ADD 7,0,0,0,0,0.0,EGT2CAN,0,1,12788,0,0.0
1778949368.6245883,0.0,12776,-51.0,0,-,0,0,0,0,0.0,-,0,0,0,0,0.0,ECU,1,1,12772,0,0.0,FAN1,0,0,0,0,0.0,COILS,8,1,0,0,0.0,PUMP,0,0,0,0,0.0,INJECTOR,8,1,65,0,0.0,SERVO,1,1,12766,0,0.0,ADD 1,0,1,12810,0,0.0,ADD 2,0,1,12783,0,0.0,ADD 3,0,1,12734,0,0.0,ADD 4,0,1,12728,0,0.0,ADD 5,0,0,0,0,0.0,ADD 6,0,1,12783,0,0.0,ADD 7,0,0,0,0,0.0,EGT2CAN,0,1,12788,0,0.0
1778949368.6768146,0.0,12763,-51.0,0,-,0,0,0,0,0.0,-,0,0,0,0,0.0,ECU,1,1,12777,0,0.0,FAN1,0,0,0,0,0.0,COILS,8,1,0,0,0.0,PUMP,0,0,0,0,0.0,INJECTOR,8,1,65,0,0.0,SERVO,1,1,12766,0,0.0,ADD 1,0,1,12777,0,0.0,ADD 2,0,1,12772,0,0.0,ADD 3,0,1,12712,0,0.0,ADD 4,0,1,12734,0,0.0,ADD 5,0,0,0,0,0.0,ADD 6,0,1,12783,0,0.0,ADD 7,0,0,0,0,0.0,EGT2CAN,0,1,12756,0,0.0
1778949368.7277648,0.0,12763,-51.0,0,-,0,0,0,0,0.0,-,0,0,0,0,0.0,ECU,1,1,12772,0,0.0,FAN1,0,0,0,0,0.0,COILS,8,1,0,0,0.0,PUMP,0,0,0,0,0.0,INJECTOR,8,1,71,0,0.0,SERVO,1,1,12783,0,0.0,ADD 1,0,1,12777,0,0.0,ADD 2,0,1,12783,0,0.0,ADD 3,0,1,12794,0,0.0,ADD 4,0,1,12745,0,0.0,ADD 5,0,0,0,0,0.0,ADD 6,0,1,12827,0,0.0,ADD 7,0,0,0,0,0.0,EGT2CAN,0,1,12739,0,0.0
1778949368.7783284,0.0,12794,-52.0,0,-,0,0,0,0,0.0,-,0,0,0,0,0.0,ECU,1,1,12788,0,0.0,FAN1,0,0,0,0,0.0,COILS,8,1,0,0,0.0,PUMP,0,0,0,0,0.0,INJECTOR,8,1,71,0,0.0,SERVO,1,1,12783,0,0.0,ADD 1,0,1,12777,0,0.0,ADD 2,0,1,12783,0,0.0,ADD 3,0,1,12794,0,0.0,ADD 4,0,1,12745,0,0.0,ADD 5,0,0,0,0,0.0,ADD 6,0,1,12827,0,0.0,ADD 7,0,0,0,0,0.0,EGT2CAN,0,1,12739,0,0.0
1778949368.836665,0.0,12763,-51.0,0,-,0,0,0,0,0.0,-,0,0,0,0,0.0,ECU,1,1,12766,0,0.0,FAN1,0,0,0,0,0.0,COILS,8,1,0,0,0.0,PUMP,0,0,0,0,0.0,INJECTOR,8,1,76,0,0.0,SERVO,1,1,12766,0,0.0,ADD 1,0,1,12734,0,0.0,ADD 2,0,1,12805,0,0.0,ADD 3,0,1,12788,0,0.0,ADD 4,0,1,12761,0,0.0,ADD 5,0,0,0,0,0.0,ADD 6,0,1,12821,0,0.0,ADD 7,0,0,0,0,0.0,EGT2CAN,0,1,12788,0,0.0
1778949368.8973424,0.0,12763,-51.0,0,-,0,0,0,0,0.0,-,0,0,0,0,0.0,ECU,1,1,12756,0,0.0,FAN1,0,0,0,0,0.0,COILS,8,1,0,0,0.0,PUMP,0,0,0,0,0.0,INJECTOR,8,1,76,0,0.0,SERVO,1,1,12766,0,0.0,ADD 1,0,1,12734,0,0.0,ADD 2,0,1,12805,0,0.0,ADD 3,0,1,12788,0,0.0,ADD 4,0,1,12761,0,0.0,ADD 5,0,0,0,0,0.0,ADD 6,0,1,12821,0,0.0,ADD 7,0,0,0,0,0.0,EGT2CAN,0,1,12788,0,0.0
1778949368.9475813,0.0,12763,-52.0,0,-,0,0,0,0,0.0,-,0,0,0,0,0.0,ECU,1,1,12772,0,0.0,FAN1,0,0,0,0,0.0,COILS,8,1,0,0,0.0,PUMP,0,0,0,0,0.0,INJECTOR,8,1,65,0,0.0,SERVO,1,1,12766,0,0.0,ADD 1,0,1,12750,0,0.0,ADD 2,0,1,12788,0,0.0,ADD 3,0,1,12750,0,0.0,ADD 4,0,1,12728,0,0.0,ADD 5,0,0,0,0,0.0,ADD 6,0,1,12772,0,0.0,ADD 7,0,0,0,0,0.0,EGT2CAN,0,1,12756,0,0.0
1778949368.998828,0.0,12763,-52.0,0,-,0,0,0,0,0.0,-,0,0,0,0,0.0,ECU,1,1,12772,0,0.0,FAN1,0,0,0,0,0.0,COILS,8,1,0,0,0.0,PUMP,0,0,0,0,0.0,INJECTOR,8,1,65,0,0.0,SERVO,1,1,12766,0,0.0,ADD 1,0,1,12750,0,0.0,ADD 2,0,1,12788,0,0.0,ADD 3,0,1,12750,0,0.0,ADD 4,0,1,12728,0,0.0,ADD 5,0,0,0,0,0.0,ADD 6,0,1,12772,0,0.0,ADD 7,0,0,0,0,0.0,EGT2CAN,0,1,12756,0,0.0
1778949369.049319,0.0,12763,-52.0,0,-,0,0,0,0,0.0,-,0,0,0,0,0.0,ECU,1,1,12684,0,0.0,FAN1,0,0,0,0,0.0,COILS,8,1,0,0,0.0,PUMP,0,0,0,0,0.0,INJECTOR,8,1,65,0,0.0,SERVO,1,1,12684,0,0.0,ADD 1,0,1,12772,0,0.0,ADD 2,0,1,12810,0,0.0,ADD 3,0,1,12788,0,0.0,ADD 4,0,1,12772,0,0.0,ADD 5,0,0,0,0,0.0,ADD 6,0,1,12772,0,0.0,ADD 7,0,0,0,0,0.0,EGT2CAN,0,1,12756,0,0.0
1778949369.1031582,0.0,12800,-51.0,0,-,0,0,0,0,0.0,-,0,0,0,0,0.0,ECU,1,1,12701,0,0.0,FAN1,0,0,0,0,0.0,COILS,8,1,0,0,0.0,PUMP,0,0,0,0,0.0,INJECTOR,8,1,82,0,0.0,SERVO,1,1,12734,0,0.0,ADD 1,0,1,12805,0,0.0,ADD 2,0,1,12766,0,0.0,ADD 3,0,1,12772,0,0.0,ADD 4,0,1,12766,0,0.0,ADD 5,0,0,0,0,0.0,ADD 6,0,1,12832,0,0.0,ADD 7,0,0,0,0,0.0,EGT2CAN,0,1,12788,0,0.0
1778949369.1542985,0.0,12800,-51.0,0,-,0,0,0,0,0.0,-,0,0,0,0,0.0,ECU,1,1,12701,0,0.0,FAN1,0,0,0,0,0.0,COILS,8,1,0,0,0.0,PUMP,0,0,0,0,0.0,INJECTOR,8,1,82,0,0.0,SERVO,1,1,12734,0,0.0,ADD 1,0,1,12805,0,0.0,ADD 2,0,1,12766,0,0.0,ADD 3,0,1,12772,0,0.0,ADD 4,0,1,12766,0,0.0,ADD 5,0,0,0,0,0.0,ADD 6,0,1,12832,0,0.0,ADD 7,0,0,0,0,0.0,EGT2CAN,0,1,12788,0,0.0
1778949369.2075639,0.0,12800,-51.0,0,-,0,0,0,0,0.0,-,0,0,0,0,0.0,ECU,1,1,12772,0,0.0,FAN1,0,0,0,0,0.0,COILS,8,1,0,0,0.0,PUMP,0,0,0,0,0.0,INJECTOR,8,1,65,0,0.0,SERVO,1,1,12690,0,0.0,ADD 1,0,1,12761,0,0.0,ADD 2,0,1,12772,0,0.0,ADD 3,0,1,12756,0,0.0,ADD 4,0,1,12734,0,0.0,ADD 5,0,0,0,0,0.0,ADD 6,0,1,12832,0,0.0,ADD 7,0,0,0,0,0.0,EGT2CAN,0,1,12788,0,0.0
1778949369.258235,0.0,12757,-51.0,0,-,0,0,0,0,0.0,-,0,0,0,0,0.0,ECU,1,1,12799,0,0.0,FAN1,0,0,0,0,0.0,COILS,8,1,0,0,0.0,PUMP,0,0,0,0,0.0,INJECTOR,8,1,65,0,0.0,SERVO,1,1,12766,0,0.0,ADD 1,0,1,12794,0,0.0,ADD 2,0,1,12783,0,0.0,ADD 3,0,1,12783,0,0.0,ADD 4,0,1,12766,0,0.0,ADD 5,0,0,0,0,0.0,ADD 6,0,1,12684,0,0.0,ADD 7,0,0,0,0,0.0,EGT2CAN,0,1,12777,0,0.0
1778949369.3102446,0.0,12757,-51.0,0,-,0,0,0,0,0.0,-,0,0,0,0,0.0,ECU,1,1,12756,0,0.0,FAN1,0,0,0,0,0.0,COILS,8,1,0,0,0.0,PUMP,0,0,0,0,0.0,INJECTOR,8,1,65,0,0.0,SERVO,1,1,12788,0,0.0,ADD 1,0,1,12799,0,0.0,ADD 2,0,1,12832,0,0.0,ADD 3,0,1,12788,0,0.0,ADD 4,0,1,12756,0,0.0,ADD 5,0,0,0,0,0.0,ADD 6,0,1,12684,0,0.0,ADD 7,0,0,0,0,0.0,EGT2CAN,0,1,12684,0,0.0
1778949369.361539,0.0,12782,-51.0,0,-,0,0,0,0,0.0,-,0,0,0,0,0.0,ECU,1,1,12756,0,0.0,FAN1,0,0,0,0,0.0,COILS,8,1,0,0,0.0,PUMP,0,0,0,0,0.0,INJECTOR,8,1,65,0,0.0,SERVO,1,1,12788,0,0.0,ADD 1,0,1,12799,0,0.0,ADD 2,0,1,12832,0,0.0,ADD 3,0,1,12788,0,0.0,ADD 4,0,1,12756,0,0.0,ADD 5,0,0,0,0,0.0,ADD 6,0,1,12684,0,0.0,ADD 7,0,0,0,0,0.0,EGT2CAN,0,1,12684,0,0.0
1778949369.4216409,0.0,12807,-51.0,0,-,0,0,0,0,0.0,-,0,0,0,0,0.0,ECU,1,1,12783,0,0.0,FAN1,0,0,0,0,0.0,COILS,8,1,0,0,0.0,PUMP,0,0,0,0,0.0,INJECTOR,8,1,65,0,0.0,SERVO,1,1,12783,0,0.0,ADD 1,0,1,12805,0,0.0,ADD 2,0,1,12810,0,0.0,ADD 3,0,1,12805,0,0.0,ADD 4,0,1,12728,0,0.0,ADD 5,0,0,0,0,0.0,ADD 6,0,1,12788,0,0.0,ADD 7,0,0,0,0,0.0,EGT2CAN,0,1,12788,0,0.0
1778949369.4731858,0.0,12807,-51.0,0,-,0,0,0,0,0.0,-,0,0,0,0,0.0,ECU,1,1,12739,0,0.0,FAN1,0,0,0,0,0.0,COILS,8,1,0,0,0.0,PUMP,0,0,0,0,0.0,INJECTOR,8,1,65,0,0.0,SERVO,1,1,12783,0,0.0,ADD 1,0,1,12805,0,0.0,ADD 2,0,1,12810,0,0.0,ADD 3,0,1,12805,0,0.0,ADD 4,0,1,12728,0,0.0,ADD 5,0,0,0,0,0.0,ADD 6,0,1,12788,0,0.0,ADD 7,0,0,0,0,0.0,EGT2CAN,0,1,12788,0,0.0
1778949369.524548,0.0,12813,-51.0,0,-,0,0,0,0,0.0,-,0,0,0,0,0.0,ECU,1,1,12739,0,0.0,FAN1,0,0,0,0,0.0,COILS,8,1,0,0,0.0,PUMP,0,0,0,0,0.0,INJECTOR,8,1,65,0,0.0,SERVO,1,1,12739,0,0.0,ADD 1,0,1,12783,0,0.0,ADD 2,0,1,12772,0,0.0,ADD 3,0,1,12717,0,0.0,ADD 4,0,1,12706,0,0.0,ADD 5,0,0,0,0,0.0,ADD 6,0,1,12777,0,0.0,ADD 7,0,0,0,0,0.0,EGT2CAN,0,1,12745,0,0.0
1778949369.575922,0.0,12751,-52.0,0,-,0,0,0,0,0.0,-,0,0,0,0,0.0,ECU,1,1,12761,0,0.0,FAN1,0,0,0,0,0.0,COILS,8,1,0,0,0.0,PUMP,0,0,0,0,0.0,INJECTOR,8,1,65,0,0.0,SERVO,1,1,12788,0,0.0,ADD 1,0,1,12799,0,0.0,ADD 2,0,1,12799,0,0.0,ADD 3,0,1,12739,0,0.0,ADD 4,0,1,12750,0,0.0,ADD 5,0,0,0,0,0.0,ADD 6,0,1,12810,0,0.0,ADD 7,0,0,0,0,0.0,EGT2CAN,0,1,12783,0,0.0
1778949369.645897,0.0,12751,-52.0,0,-,0,0,0,0,0.0,-,0,0,0,0,0.0,ECU,1,1,12805,0,0.0,FAN1,0,0,0,0,0.0,COILS,8,1,0,0,0.0,PUMP,0,0,0,0,0.0,INJECTOR,8,1,65,0,0.0,SERVO,1,1,12772,0,0.0,ADD 1,0,1,12799,0,0.0,ADD 2,0,1,12799,0,0.0,ADD 3,0,1,12739,0,0.0,ADD 4,0,1,12750,0,0.0,ADD 5,0,0,0,0,0.0,ADD 6,0,1,12810,0,0.0,ADD 7,0,0,0,0,0.0,EGT2CAN,0,1,12783,0,0.0
1778949369.6968906,0.0,12794,-51.0,0,-,0,0,0,0,0.0,-,0,0,0,0,0.0,ECU,1,1,12788,0,0.0,FAN1,0,0,0,0,0.0,COILS,8,1,0,0,0.0,PUMP,0,0,0,0,0.0,INJECTOR,8,1,65,0,0.0,SERVO,1,1,12728,0,0.0,ADD 1,0,1,12766,0,0.0,ADD 2,0,1,12788,0,0.0,ADD 3,0,1,12805,0,0.0,ADD 4,0,1,12717,0,0.0,ADD 5,0,0,0,0,0.0,ADD 6,0,1,12717,0,0.0,ADD 7,0,0,0,0,0.0,EGT2CAN,0,1,12794,0,0.0
1778949369.7477534,0.0,12794,-51.0,0,-,0,0,0,0,0.0,-,0,0,0,0,0.0,ECU,1,1,12788,0,0.0,FAN1,0,0,0,0,0.0,COILS,8,1,0,0,0.0,PUMP,0,0,0,0,0.0,INJECTOR,8,1,65,0,0.0,SERVO,1,1,12728,0,0.0,ADD 1,0,1,12766,0,0.0,ADD 2,0,1,12788,0,0.0,ADD 3,0,1,12805,0,0.0,ADD 4,0,1,12717,0,0.0,ADD 5,0,0,0,0,0.0,ADD 6,0,1,12717,0,0.0,ADD 7,0,0,0,0,0.0,EGT2CAN,0,1,12794,0,0.0
1778949369.7988696,0.0,12794,-51.0,0,-,0,0,0,0,0.0,-,0,0,0,0,0.0,ECU,1,1,12756,0,0.0,FAN1,0,0,0,0,0.0,COILS,8,1,0,0,0.0,PUMP,0,0,0,0,0.0,INJECTOR,8,1,103,0,0.0,SERVO,1,1,12717,0,0.0,ADD 1,0,1,12701,0,0.0,ADD 2,0,1,12788,0,0.0,ADD 3,0,1,12799,0,0.0,ADD 4,0,1,12777,0,0.0,ADD 5,0,0,0,0,0.0,ADD 6,0,1,12783,0,0.0,ADD 7,0,0,0,0,0.0,EGT2CAN,0,1,12788,0,0.0
1778949369.857145,0.0,12782,-51.0,0,-,0,0,0,0,0.0,-,0,0,0,0,0.0,ECU,1,1,12684,0,0.0,FAN1,0,0,0,0,0.0,COILS,8,1,0,0,0.0,PUMP,0,0,0,0,0.0,INJECTOR,8,1,65,0,0.0,SERVO,1,1,12788,0,0.0,ADD 1,0,1,12772,0,0.0,ADD 2,0,1,12766,0,0.0,ADD 3,0,1,12734,0,0.0,ADD 4,0,1,12706,0,0.0,ADD 5,0,0,0,0,0.0,ADD 6,0,1,12788,0,0.0,ADD 7,0,0,0,0,0.0,EGT2CAN,0,1,12788,0,0.0
1778949369.9207103,0.0,12782,-51.0,0,-,0,0,0,0,0.0,-,0,0,0,0,0.0,ECU,1,1,12684,0,0.0,FAN1,0,0,0,0,0.0,COILS,8,1,0,0,0.0,PUMP,0,0,0,0,0.0,INJECTOR,8,1,65,0,0.0,SERVO,1,1,12788,0,0.0,ADD 1,0,1,12772,0,0.0,ADD 2,0,1,12766,0,0.0,ADD 3,0,1,12734,0,0.0,ADD 4,0,1,12706,0,0.0,ADD 5,0,0,0,0,0.0,ADD 6,0,1,12788,0,0.0,ADD 7,0,0,0,0,0.0,EGT2CAN,0,1,12788,0,0.0
1778949369.9746861,0.0,12788,-52.0,0,-,0,0,0,0,0.0,-,0,0,0,0,0.0,ECU,1,1,12788,0,0.0,FAN1,0,0,0,0,0.0,COILS,8,1,0,0,0.0,PUMP,0,0,0,0,0.0,INJECTOR,8,1,65,0,0.0,SERVO,1,1,12756,0,0.0,ADD 1,0,1,12766,0,0.0,ADD 2,0,1,12799,0,0.0,ADD 3,0,1,12794,0,0.0,ADD 4,0,1,12761,0,0.0,ADD 5,0,0,0,0,0.0,ADD 6,0,1,12810,0,0.0,ADD 7,0,0,0,0,0.0,EGT2CAN,0,1,12739,0,0.0
1778949370.0261254,0.0,12763,-52.0,0,-,0,0,0,0,0.0,-,0,0,0,0,0.0,ECU,1,1,12777,0,0.0,FAN1,0,0,0,0,0.0,COILS,8,1,0,0,0.0,PUMP,0,0,0,0,0.0,INJECTOR,8,1,60,0,0.0,SERVO,1,1,12766,0,0.0,ADD 1,0,1,12794,0,0.0,ADD 2,0,1,12788,0,0.0,ADD 3,0,1,12761,0,0.0,ADD 4,0,1,12745,0,0.0,ADD 5,0,0,0,0,0.0,ADD 6,0,1,12827,0,0.0,ADD 7,0,0,0,0,0.0,EGT2CAN,0,1,12750,0,0.0
1778949370.0765302,0.0,12763,-52.0,0,-,0,0,0,0,0.0,-,0,0,0,0,0.0,ECU,1,1,12788,0,0.0,FAN1,0,0,0,0,0.0,COILS,8,1,0,0,0.0,PUMP,0,0,0,0,0.0,INJECTOR,8,1,65,0,0.0,SERVO,1,1,12690,0,0.0,ADD 1,0,1,12794,0,0.0,ADD 2,0,1,12788,0,0.0,ADD 3,0,1,12761,0,0.0,ADD 4,0,1,12745,0,0.0,ADD 5,0,0,0,0,0.0,ADD 6,0,1,12827,0,0.0,ADD 7,0,0,0,0,0.0,EGT2CAN,0,1,12750,0,0.0
1778949370.1275816,0.0,12794,-52.0,0,-,0,0,0,0,0.0,-,0,0,0,0,0.0,ECU,1,1,12750,0,0.0,FAN1,0,0,0,0,0.0,COILS,8,1,0,0,0.0,PUMP,0,0,0,0,0.0,INJECTOR,8,1,65,0,0.0,SERVO,1,1,12745,0,0.0,ADD 1,0,1,12761,0,0.0,ADD 2,0,1,12756,0,0.0,ADD 3,0,1,12805,0,0.0,ADD 4,0,1,12756,0,0.0,ADD 5,0,0,0,0,0.0,ADD 6,0,1,12777,0,0.0,ADD 7,0,0,0,0,0.0,EGT2CAN,0,1,12772,0,0.0
1778949370.187676,0.0,12794,-52.0,0,-,0,0,0,0,0.0,-,0,0,0,0,0.0,ECU,1,1,12766,0,0.0,FAN1,0,0,0,0,0.0,COILS,8,1,0,0,0.0,PUMP,0,0,0,0,0.0,INJECTOR,8,1,65,0,0.0,SERVO,1,1,12745,0,0.0,ADD 1,0,1,12761,0,0.0,ADD 2,0,1,12756,0,0.0,ADD 3,0,1,12805,0,0.0,ADD 4,0,1,12756,0,0.0,ADD 5,0,0,0,0,0.0,ADD 6,0,1,12777,0,0.0,ADD 7,0,0,0,0,0.0,EGT2CAN,0,1,12772,0,0.0
1778949370.2505379,0.0,12757,-51.0,0,-,0,0,0,0,0.0,-,0,0,0,0,0.0,ECU,1,1,12777,0,0.0,FAN1,0,0,0,0,0.0,COILS,8,1,0,0,0.0,PUMP,0,0,0,0,0.0,INJECTOR,8,1,65,0,0.0,SERVO,1,1,12772,0,0.0,ADD 1,0,1,12810,0,0.0,ADD 2,0,1,12810,0,0.0,ADD 3,0,1,12756,0,0.0,ADD 4,0,1,12772,0,0.0,ADD 5,0,0,0,0,0.0,ADD 6,0,1,12750,0,0.0,ADD 7,0,0,0,0,0.0,EGT2CAN,0,1,12756,0,0.0
1778949370.3055806,0.0,12788,-52.0,0,-,0,0,0,0,0.0,-,0,0,0,0,0.0,ECU,1,1,12761,0,0.0,FAN1,0,0,0,0,0.0,COILS,8,1,0,0,0.0,PUMP,0,0,0,0,0.0,INJECTOR,8,1,65,0,0.0,SERVO,1,1,12766,0,0.0,ADD 1,0,1,12805,0,0.0,ADD 2,0,1,12810,0,0.0,ADD 3,0,1,12750,0,0.0,ADD 4,0,1,12761,0,0.0,ADD 5,0,0,0,0,0.0,ADD 6,0,1,12827,0,0.0,ADD 7,0,0,0,0,0.0,EGT2CAN,0,1,12728,0,0.0
1778949370.3623154,0.0,12788,-52.0,0,-,0,0,0,0,0.0,-,0,0,0,0,0.0,ECU,1,1,12761,0,0.0,FAN1,0,0,0,0,0.0,COILS,8,1,0,0,0.0,PUMP,0,0,0,0,0.0,INJECTOR,8,1,65,0,0.0,SERVO,1,1,12766,0,0.0,ADD 1,0,1,12805,0,0.0,ADD 2,0,1,12810,0,0.0,ADD 3,0,1,12750,0,0.0,ADD 4,0,1,12761,0,0.0,ADD 5,0,0,0,0,0.0,ADD 6,0,1,12827,0,0.0,ADD 7,0,0,0,0,0.0,EGT2CAN,0,1,12728,0,0.0
1778949370.416093,0.0,12776,-52.0,0,-,0,0,0,0,0.0,-,0,0,0,0,0.0,ECU,1,1,12783,0,0.0,FAN1,0,0,0,0,0.0,COILS,8,1,0,0,0.0,PUMP,0,0,0,0,0.0,INJECTOR,8,1,65,0,0.0,SERVO,1,1,12788,0,0.0,ADD 1,0,1,12794,0,0.0,ADD 2,0,1,12832,0,0.0,ADD 3,0,1,12772,0,0.0,ADD 4,0,1,12772,0,0.0,ADD 5,0,0,0,0,0.0,ADD 6,0,1,12756,0,0.0,ADD 7,0,0,0,0,0.0,EGT2CAN,0,1,12745,0,0.0
1778949370.4686818,0.0,12788,-52.0,0,-,0,0,0,0,0.0,-,0,0,0,0,0.0,ECU,1,1,12783,0,0.0,FAN1,0,0,0,0,0.0,COILS,8,1,0,0,0.0,PUMP,0,0,0,0,0.0,INJECTOR,8,1,71,0,0.0,SERVO,1,1,12684,0,0.0,ADD 1,0,1,12799,0,0.0,ADD 2,0,1,12827,0,0.0,ADD 3,0,1,12799,0,0.0,ADD 4,0,1,12745,0,0.0,ADD 5,0,0,0,0,0.0,ADD 6,0,1,12783,0,0.0,ADD 7,0,0,0,0,0.0,EGT2CAN,0,1,12684,0,0.0
1778949370.5194519,0.0,12788,-52.0,0,-,0,0,0,0,0.0,-,0,0,0,0,0.0,ECU,1,1,12810,0,0.0,FAN1,0,0,0,0,0.0,COILS,8,1,0,0,0.0,PUMP,0,0,0,0,0.0,INJECTOR,8,1,71,0,0.0,SERVO,1,1,12684,0,0.0,ADD 1,0,1,12799,0,0.0,ADD 2,0,1,12827,0,0.0,ADD 3,0,1,12799,0,0.0,ADD 4,0,1,12745,0,0.0,ADD 5,0,0,0,0,0.0,ADD 6,0,1,12783,0,0.0,ADD 7,0,0,0,0,0.0,EGT2CAN,0,1,12684,0,0.0
1778949370.5729582,0.0,12807,-51.0,0,-,0,0,0,0,0.0,-,0,0,0,0,0.0,ECU,1,1,12788,0,0.0,FAN1,0,0,0,0,0.0,COILS,8,1,0,0,0.0,PUMP,0,0,0,0,0.0,INJECTOR,8,1,65,0,0.0,SERVO,1,1,12788,0,0.0,ADD 1,0,1,12777,0,0.0,ADD 2,0,1,12766,0,0.0,ADD 3,0,1,12777,0,0.0,ADD 4,0,1,12756,0,0.0,ADD 5,0,0,0,0,0.0,ADD 6,0,1,12832,0,0.0,ADD 7,0,0,0,0,0.0,EGT2CAN,0,1,12766,0,0.0
1778949370.623943,0.0,12751,-51.0,0,-,0,0,0,0,0.0,-,0,0,0,0,0.0,ECU,1,1,12788,0,0.0,FAN1,0,0,0,0,0.0,COILS,8,1,0,0,0.0,PUMP,0,0,0,0,0.0,INJECTOR,8,1,71,0,0.0,SERVO,1,1,12739,0,0.0,ADD 1,0,1,12756,0,0.0,ADD 2,0,1,12810,0,0.0,ADD 3,0,1,12799,0,0.0,ADD 4,0,1,12756,0,0.0,ADD 5,0,0,0,0,0.0,ADD 6,0,1,12684,0,0.0,ADD 7,0,0,0,0,0.0,EGT2CAN,0,1,12684,0,0.0
1778949370.6745312,0.0,12751,-51.0,0,-,0,0,0,0,0.0,-,0,0,0,0,0.0,ECU,1,1,12799,0,0.0,FAN1,0,0,0,0,0.0,COILS,8,1,0,0,0.0,PUMP,0,0,0,0,0.0,INJECTOR,8,1,71,0,0.0,SERVO,1,1,12739,0,0.0,ADD 1,0,1,12756,0,0.0,ADD 2,0,1,12810,0,0.0,ADD 3,0,1,12799,0,0.0,ADD 4,0,1,12756,0,0.0,ADD 5,0,0,0,0,0.0,ADD 6,0,1,12684,0,0.0,ADD 7,0,0,0,0,0.0,EGT2CAN,0,1,12684,0,0.0
1778949370.7335958,0.0,12757,-52.0,0,-,0,0,0,0,0.0,-,0,0,0,0,0.0,ECU,1,1,12756,0,0.0,FAN1,0,0,0,0,0.0,COILS,8,1,0,0,0.0,PUMP,0,0,0,0,0.0,INJECTOR,8,1,71,0,0.0,SERVO,1,1,12739,0,0.0,ADD 1,0,1,12717,0,0.0,ADD 2,0,1,12805,0,0.0,ADD 3,0,1,12788,0,0.0,ADD 4,0,1,12734,0,0.0,ADD 5,0,0,0,0,0.0,ADD 6,0,1,12783,0,0.0,ADD 7,0,0,0,0,0.0,EGT2CAN,0,1,12772,0,0.0
1778949370.7987204,0.0,12757,-52.0,0,-,0,0,0,0,0.0,-,0,0,0,0,0.0,ECU,1,1,12788,0,0.0,FAN1,0,0,0,0,0.0,COILS,8,1,0,0,0.0,PUMP,0,0,0,0,0.0,INJECTOR,8,1,103,0,0.0,SERVO,1,1,12734,0,0.0,ADD 1,0,1,12799,0,0.0,ADD 2,0,1,12788,0,0.0,ADD 3,0,1,12717,0,0.0,ADD 4,0,1,12756,0,0.0,ADD 5,0,0,0,0,0.0,ADD 6,0,1,12783,0,0.0,ADD 7,0,0,0,0,0.0,EGT2CAN,0,1,12772,0,0.0
1778949370.8572302,0.0,12782,-54.0,0,-,0,0,0,0,0.0,-,0,0,0,0,0.0,ECU,1,1,12772,0,0.0,FAN1,0,0,0,0,0.0,COILS,8,1,0,0,0.0,PUMP,0,0,0,0,0.0,INJECTOR,8,1,71,0,0.0,SERVO,1,1,12766,0,0.0,ADD 1,0,1,12717,0,0.0,ADD 2,0,1,12739,0,0.0,ADD 3,0,1,12756,0,0.0,ADD 4,0,1,12728,0,0.0,ADD 5,0,0,0,0,0.0,ADD 6,0,1,12788,0,0.0,ADD 7,0,0,0,0,0.0,EGT2CAN,0,1,12734,0,0.0
1778949370.9243913,0.0,12782,-54.0,0,-,0,0,0,0,0.0,-,0,0,0,0,0.0,ECU,1,1,12756,0,0.0,FAN1,0,0,0,0,0.0,COILS,8,1,0,0,0.0,PUMP,0,0,0,0,0.0,INJECTOR,8,1,71,0,0.0,SERVO,1,1,12766,0,0.0,ADD 1,0,1,12717,0,0.0,ADD 2,0,1,12739,0,0.0,ADD 3,0,1,12756,0,0.0,ADD 4,0,1,12728,0,0.0,ADD 5,0,0,0,0,0.0,ADD 6,0,1,12788,0,0.0,ADD 7,0,0,0,0,0.0,EGT2CAN,0,1,12734,0,0.0
1778949370.9747605,0.0,12800,-52.0,0,-,0,0,0,0,0.0,-,0,0,0,0,0.0,ECU,1,1,12772,0,0.0,FAN1,0,0,0,0,0.0,COILS,8,1,0,0,0.0,PUMP,0,0,0,0,0.0,INJECTOR,8,1,65,0,0.0,SERVO,1,1,12777,0,0.0,ADD 1,0,1,12756,0,0.0,ADD 2,0,1,12805,0,0.0,ADD 3,0,1,12777,0,0.0,ADD 4,0,1,12761,0,0.0,ADD 5,0,0,0,0,0.0,ADD 6,0,1,12827,0,0.0,ADD 7,0,0,0,0,0.0,EGT2CAN,0,1,12799,0,0.0
1778949371.0259004,0.0,12757,-52.0,0,-,0,0,0,0,0.0,-,0,0,0,0,0.0,ECU,1,1,12772,0,0.0,FAN1,0,0,0,0,0.0,COILS,8,1,0,0,0.0,PUMP,0,0,0,0,0.0,INJECTOR,8,1,65,0,0.0,SERVO,1,1,12777,0,0.0,ADD 1,0,1,12788,0,0.0,ADD 2,0,1,12821,0,0.0,ADD 3,0,1,12805,0,0.0,ADD 4,0,1,12772,0,0.0,ADD 5,0,0,0,0,0.0,ADD 6,0,1,12750,0,0.0,ADD 7,0,0,0,0,0.0,EGT2CAN,0,1,12723,0,0.0
1778949371.0790365,0.0,12757,-52.0,0,-,0,0,0,0,0.0,-,0,0,0,0,0.0,ECU,1,1,12739,0,0.0,FAN1,0,0,0,0,0.0,COILS,8,1,0,0,0.0,PUMP,0,0,0,0,0.0,INJECTOR,8,1,76,0,0.0,SERVO,1,1,12695,0,0.0,ADD 1,0,1,12788,0,0.0,ADD 2,0,1,12821,0,0.0,ADD 3,0,1,12805,0,0.0,ADD 4,0,1,12772,0,0.0,ADD 5,0,0,0,0,0.0,ADD 6,0,1,12750,0,0.0,ADD 7,0,0,0,0,0.0,EGT2CAN,0,1,12723,0,0.0
1778949371.1297832,0.0,12807,-52.0,0,-,0,0,0,0,0.0,-,0,0,0,0,0.0,ECU,1,1,12805,0,0.0,FAN1,0,0,0,0,0.0,COILS,8,1,0,0,0.0,PUMP,0,0,0,0,0.0,INJECTOR,8,1,65,0,0.0,SERVO,1,1,12734,0,0.0,ADD 1,0,1,12810,0,0.0,ADD 2,0,1,12832,0,0.0,ADD 3,0,1,12788,0,0.0,ADD 4,0,1,12739,0,0.0,ADD 5,0,0,0,0,0.0,ADD 6,0,1,12761,0,0.0,ADD 7,0,0,0,0,0.0,EGT2CAN,0,1,12750,0,0.0
1778949371.1823964,0.0,12782,-52.0,0,-,0,0,0,0,0.0,-,0,0,0,0,0.0,ECU,1,1,12723,0,0.0,FAN1,0,0,0,0,0.0,COILS,8,1,0,0,0.0,PUMP,0,0,0,0,0.0,INJECTOR,8,1,98,0,0.0,SERVO,1,1,12728,0,0.0,ADD 1,0,1,12810,0,0.0,ADD 2,0,1,12821,0,0.0,ADD 3,0,1,12761,0,0.0,ADD 4,0,1,12772,0,0.0,ADD 5,0,0,0,0,0.0,ADD 6,0,1,12788,0,0.0,ADD 7,0,0,0,0,0.0,EGT2CAN,0,1,12788,0,0.0
1778949371.234048,0.0,12782,-52.0,0,-,0,0,0,0,0.0,-,0,0,0,0,0.0,ECU,1,1,12766,0,0.0,FAN1,0,0,0,0,0.0,COILS,8,1,0,0,0.0,PUMP,0,0,0,0,0.0,INJECTOR,8,1,65,0,0.0,SERVO,1,1,12772,0,0.0,ADD 1,0,1,12772,0,0.0,ADD 2,0,1,12810,0,0.0,ADD 3,0,1,12783,0,0.0,ADD 4,0,1,12772,0,0.0,ADD 5,0,0,0,0,0.0,ADD 6,0,1,12788,0,0.0,ADD 7,0,0,0,0,0.0,EGT2CAN,0,1,12788,0,0.0
1778949371.2924764,0.0,12794,-52.0,0,-,0,0,0,0,0.0,-,0,0,0,0,0.0,ECU,1,1,12794,0,0.0,FAN1,0,0,0,0,0.0,COILS,8,1,0,0,0.0,PUMP,0,0,0,0,0.0,INJECTOR,8,1,65,0,0.0,SERVO,1,1,12788,0,0.0,ADD 1,0,1,12810,0,0.0,ADD 2,0,1,12827,0,0.0,ADD 3,0,1,12799,0,0.0,ADD 4,0,1,12750,0,0.0,ADD 5,0,0,0,0,0.0,ADD 6,0,1,12810,0,0.0,ADD 7,0,0,0,0,0.0,EGT2CAN,0,1,12766,0,0.0
1778949371.3560374,0.0,12776,-52.0,0,-,0,0,0,0,0.0,-,0,0,0,0,0.0,ECU,1,1,12805,0,0.0,FAN1,0,0,0,0,0.0,COILS,8,1,0,0,0.0,PUMP,0,0,0,0,0.0,INJECTOR,8,1,65,0,0.0,SERVO,1,1,12788,0,0.0,ADD 1,0,1,12788,0,0.0,ADD 2,0,1,12832,0,0.0,ADD 3,0,1,12794,0,0.0,ADD 4,0,1,12756,0,0.0,ADD 5,0,0,0,0,0.0,ADD 6,0,1,12766,0,0.0,ADD 7,0,0,0,0,0.0,EGT2CAN,0,1,12788,0,0.0
1778949371.4069855,0.0,12751,-52.0,0,-,0,0,0,0,0.0,-,0,0,0,0,0.0,ECU,1,1,12766,0,0.0,FAN1,0,0,0,0,0.0,COILS,8,1,0,0,0.0,PUMP,0,0,0,0,0.0,INJECTOR,8,1,65,0,0.0,SERVO,1,1,12772,0,0.0,ADD 1,0,1,12816,0,0.0,ADD 2,0,1,12788,0,0.0,ADD 3,0,1,12766,0,0.0,ADD 4,0,1,12717,0,0.0,ADD 5,0,0,0,0,0.0,ADD 6,0,1,12832,0,0.0,ADD 7,0,0,0,0,0.0,EGT2CAN,0,1,12788,0,0.0
1778949371.4587052,0.0,12751,-52.0,0,-,0,0,0,0,0.0,-,0,0,0,0,0.0,ECU,1,1,12756,0,0.0,FAN1,0,0,0,0,0.0,COILS,8,1,0,0,0.0,PUMP,0,0,0,0,0.0,INJECTOR,8,1,65,0,0.0,SERVO,1,1,12723,0,0.0,ADD 1,0,1,12783,0,0.0,ADD 2,0,1,12788,0,0.0,ADD 3,0,1,12766,0,0.0,ADD 4,0,1,12756,0,0.0,ADD 5,0,0,0,0,0.0,ADD 6,0,1,12832,0,0.0,ADD 7,0,0,0,0,0.0,EGT2CAN,0,1,12788,0,0.0
1778949371.509921,0.0,12751,-52.0,0,-,0,0,0,0,0.0,-,0,0,0,0,0.0,ECU,1,1,12756,0,0.0,FAN1,0,0,0,0,0.0,COILS,8,1,0,0,0.0,PUMP,0,0,0,0,0.0,INJECTOR,8,1,65,0,0.0,SERVO,1,1,12723,0,0.0,ADD 1,0,1,12783,0,0.0,ADD 2,0,1,12788,0,0.0,ADD 3,0,1,12766,0,0.0,ADD 4,0,1,12756,0,0.0,ADD 5,0,0,0,0,0.0,ADD 6,0,1,12799,0,0.0,ADD 7,0,0,0,0,0.0,EGT2CAN,0,1,12761,0,0.0
1778949371.570596,0.0,12800,-52.0,0,-,0,0,0,0,0.0,-,0,0,0,0,0.0,ECU,1,1,12799,0,0.0,FAN1,0,0,0,0,0.0,COILS,8,1,0,0,0.0,PUMP,0,0,0,0,0.0,INJECTOR,8,1,65,0,0.0,SERVO,1,1,12745,0,0.0,ADD 1,0,1,12805,0,0.0,ADD 2,0,1,12766,0,0.0,ADD 3,0,1,12772,0,0.0,ADD 4,0,1,12728,0,0.0,ADD 5,0,0,0,0,0.0,ADD 6,0,1,12810,0,0.0,ADD 7,0,0,0,0,0.0,EGT2CAN,0,1,12766,0,0.0
1778949371.621366,0.0,12800,-52.0,0,-,0,0,0,0,0.0,-,0,0,0,0,0.0,ECU,1,1,12783,0,0.0,FAN1,0,0,0,0,0.0,COILS,8,1,0,0,0.0,PUMP,0,0,0,0,0.0,INJECTOR,8,1,65,0,0.0,SERVO,1,1,12745,0,0.0,ADD 1,0,1,12805,0,0.0,ADD 2,0,1,12766,0,0.0,ADD 3,0,1,12772,0,0.0,ADD 4,0,1,12728,0,0.0,ADD 5,0,0,0,0,0.0,ADD 6,0,1,12810,0,0.0,ADD 7,0,0,0,0,0.0,EGT2CAN,0,1,12766,0,0.0
1778949371.6727989,0.0,12800,-52.0,0,-,0,0,0,0,0.0,-,0,0,0,0,0.0,ECU,1,1,12783,0,0.0,FAN1,0,0,0,0,0.0,COILS,8,1,0,0,0.0,PUMP,0,0,0,0,0.0,INJECTOR,8,1,87,0,0.0,SERVO,1,1,12777,0,0.0,ADD 1,0,1,12684,0,0.0,ADD 2,0,1,12766,0,0.0,ADD 3,0,1,12684,0,0.0,ADD 4,0,1,12745,0,0.0,ADD 5,0,0,0,0,0.0,ADD 6,0,1,12816,0,0.0,ADD 7,0,0,0,0,0.0,EGT2CAN,0,1,12783,0,0.0
1778949371.727392,0.0,12788,-52.0,0,-,0,0,0,0,0.0,-,0,0,0,0,0.0,ECU,1,1,12799,0,0.0,FAN1,0,0,0,0,0.0,COILS,8,1,0,0,0.0,PUMP,0,0,0,0,0.0,INJECTOR,8,1,65,0,0.0,SERVO,1,1,12745,0,0.0,ADD 1,0,1,12783,0,0.0,ADD 2,0,1,12810,0,0.0,ADD 3,0,1,12810,0,0.0,ADD 4,0,1,12766,0,0.0,ADD 5,0,0,0,0,0.0,ADD 6,0,1,12827,0,0.0,ADD 7,0,0,0,0,0.0,EGT2CAN,0,1,12766,0,0.0
1778949371.798404,0.0,12788,-52.0,0,-,0,0,0,0,0.0,-,0,0,0,0,0.0,ECU,1,1,12739,0,0.0,FAN1,0,0,0,0,0.0,COILS,8,1,0,0,0.0,PUMP,0,0,0,0,0.0,INJECTOR,8,1,98,0,0.0,SERVO,1,1,12739,0,0.0,ADD 1,0,1,12783,0,0.0,ADD 2,0,1,12810,0,0.0,ADD 3,0,1,12810,0,0.0,ADD 4,0,1,12766,0,0.0,ADD 5,0,0,0,0,0.0,ADD 6,0,1,12827,0,0.0,ADD 7,0,0,0,0,0.0,EGT2CAN,0,1,12766,0,0.0
1778949371.8489099,0.0,12794,-52.0,0,-,0,0,0,0,0.0,-,0,0,0,0,0.0,ECU,1,1,12739,0,0.0,FAN1,0,0,0,0,0.0,COILS,8,1,0,0,0.0,PUMP,0,0,0,0,0.0,INJECTOR,8,1,65,0,0.0,SERVO,1,1,12772,0,0.0,ADD 1,0,1,12756,0,0.0,ADD 2,0,1,12750,0,0.0,ADD 3,0,1,12766,0,0.0,ADD 4,0,1,12766,0,0.0,ADD 5,0,0,0,0,0.0,ADD 6,0,1,12788,0,0.0,ADD 7,0,0,0,0,0.0,EGT2CAN,0,1,12794,0,0.0
1778949371.9002178,0.0,12776,-54.0,0,-,0,0,0,0,0.0,-,0,0,0,0,0.0,ECU,1,1,12739,0,0.0,FAN1,0,0,0,0,0.0,COILS,8,1,0,0,0.0,PUMP,0,0,0,0,0.0,INJECTOR,8,1,65,0,0.0,SERVO,1,1,12772,0,0.0,ADD 1,0,1,12756,0,0.0,ADD 2,0,1,12750,0,0.0,ADD 3,0,1,12766,0,0.0,ADD 4,0,1,12766,0,0.0,ADD 5,0,0,0,0,0.0,ADD 6,0,1,12788,0,0.0,ADD 7,0,0,0,0,0.0,EGT2CAN,0,1,12794,0,0.0
1778949371.952074,0.0,12776,-54.0,0,-,0,0,0,0,0.0,-,0,0,0,0,0.0,ECU,1,1,12750,0,0.0,FAN1,0,0,0,0,0.0,COILS,8,1,0,0,0.0,PUMP,0,0,0,0,0.0,INJECTOR,8,1,60,0,0.0,SERVO,1,1,12728,0,0.0,ADD 1,0,1,12723,0,0.0,ADD 2,0,1,12777,0,0.0,ADD 3,0,1,12761,0,0.0,ADD 4,0,1,12717,0,0.0,ADD 5,0,0,0,0,0.0,ADD 6,0,1,12810,0,0.0,ADD 7,0,0,0,0,0.0,EGT2CAN,0,1,12788,0,0.0
1778949372.0128322,0.0,12800,-54.0,0,-,0,0,0,0,0.0,-,0,0,0,0,0.0,ECU,1,1,12739,0,0.0,FAN1,0,0,0,0,0.0,COILS,8,1,0,0,0.0,PUMP,0,0,0,0,0.0,INJECTOR,8,1,65,0,0.0,SERVO,1,1,12783,0,0.0,ADD 1,0,1,12788,0,0.0,ADD 2,0,1,12799,0,0.0,ADD 3,0,1,12750,0,0.0,ADD 4,0,1,12739,0,0.0,ADD 5,0,0,0,0,0.0,ADD 6,0,1,12788,0,0.0,ADD 7,0,0,0,0,0.0,EGT2CAN,0,1,12756,0,0.0
1778949372.0669858,0.0,12800,-54.0,0,-,0,0,0,0,0.0,-,0,0,0,0,0.0,ECU,1,1,12777,0,0.0,FAN1,0,0,0,0,0.0,COILS,8,1,0,0,0.0,PUMP,0,0,0,0,0.0,INJECTOR,8,1,65,0,0.0,SERVO,1,1,12783,0,0.0,ADD 1,0,1,12788,0,0.0,ADD 2,0,1,12799,0,0.0,ADD 3,0,1,12750,0,0.0,ADD 4,0,1,12739,0,0.0,ADD 5,0,0,0,0,0.0,ADD 6,0,1,12788,0,0.0,ADD 7,0,0,0,0,0.0,EGT2CAN,0,1,12756,0,0.0
1778949372.131941,0.0,12776,-51.0,0,-,0,0,0,0,0.0,-,0,0,0,0,0.0,ECU,1,1,12788,0,0.0,FAN1,0,0,0,0,0.0,COILS,8,1,0,0,0.0,PUMP,0,0,0,0,0.0,INJECTOR,8,1,65,0,0.0,SERVO,1,1,12766,0,0.0,ADD 1,0,1,12810,0,0.0,ADD 2,0,1,12810,0,0.0,ADD 3,0,1,12772,0,0.0,ADD 4,0,1,12728,0,0.0,ADD 5,0,0,0,0,0.0,ADD 6,0,1,12827,0,0.0,ADD 7,0,0,0,0,0.0,EGT2CAN,0,1,12788,0,0.0
1778949372.182934,0.0,12788,-52.0,0,-,0,0,0,0,0.0,-,0,0,0,0,0.0,ECU,1,1,12783,0,0.0,FAN1,0,0,0,0,0.0,COILS,8,1,0,0,0.0,PUMP,0,0,0,0,0.0,INJECTOR,8,1,71,0,0.0,SERVO,1,1,12723,0,0.0,ADD 1,0,1,12717,0,0.0,ADD 2,0,1,12794,0,0.0,ADD 3,0,1,12717,0,0.0,ADD 4,0,1,12739,0,0.0,ADD 5,0,0,0,0,0.0,ADD 6,0,1,12805,0,0.0,ADD 7,0,0,0,0,0.0,EGT2CAN,0,1,12761,0,0.0
1778949372.2340834,0.0,12788,-52.0,0,-,0,0,0,0,0.0,-,0,0,0,0,0.0,ECU,1,1,12783,0,0.0,FAN1,0,0,0,0,0.0,COILS,8,1,0,0,0.0,PUMP,0,0,0,0,0.0,INJECTOR,8,1,71,0,0.0,SERVO,1,1,12723,0,0.0,ADD 1,0,1,12717,0,0.0,ADD 2,0,1,12794,0,0.0,ADD 3,0,1,12717,0,0.0,ADD 4,0,1,12739,0,0.0,ADD 5,0,0,0,0,0.0,ADD 6,0,1,12805,0,0.0,ADD 7,0,0,0,0,0.0,EGT2CAN,0,1,12761,0,0.0
1778949372.2925608,0.0,12757,-51.0,0,-,0,0,0,0,0.0,-,0,0,0,0,0.0,ECU,1,1,12810,0,0.0,FAN1,0,0,0,0,0.0,COILS,8,1,0,0,0.0,PUMP,0,0,0,0,0.0,INJECTOR,8,1,65,0,0.0,SERVO,1,1,12728,0,0.0,ADD 1,0,1,12810,0,0.0,ADD 2,0,1,12821,0,0.0,ADD 3,0,1,12739,0,0.0,ADD 4,0,1,12723,0,0.0,ADD 5,0,0,0,0,0.0,ADD 6,0,1,12821,0,0.0,ADD 7,0,0,0,0,0.0,EGT2CAN,0,1,12739,0,0.0
1778949372.362323,0.0,12769,-51.0,0,-,0,0,0,0,0.0,-,0,0,0,0,0.0,ECU,1,1,12788,0,0.0,FAN1,0,0,0,0,0.0,COILS,8,1,0,0,0.0,PUMP,0,0,0,0,0.0,INJECTOR,8,1,65,0,0.0,SERVO,1,1,12788,0,0.0,ADD 1,0,1,12788,0,0.0,ADD 2,0,1,12810,0,0.0,ADD 3,0,1,12745,0,0.0,ADD 4,0,1,12761,0,0.0,ADD 5,0,0,0,0,0.0,ADD 6,0,1,12788,0,0.0,ADD 7,0,0,0,0,0.0,EGT2CAN,0,1,12772,0,0.0
1778949372.4129155,0.0,12794,-52.0,0,-,0,0,0,0,0.0,-,0,0,0,0,0.0,ECU,1,1,12750,0,0.0,FAN1,0,0,0,0,0.0,COILS,8,1,0,0,0.0,PUMP,0,0,0,0,0.0,INJECTOR,8,1,76,0,0.0,SERVO,1,1,12717,0,0.0,ADD 1,0,1,12783,0,0.0,ADD 2,0,1,12788,0,0.0,ADD 3,0,1,12794,0,0.0,ADD 4,0,1,12684,0,0.0,ADD 5,0,0,0,0,0.0,ADD 6,0,1,12684,0,0.0,ADD 7,0,0,0,0,0.0,EGT2CAN,0,1,12684,0,0.0
1778949372.4656842,0.0,12794,-52.0,0,-,0,0,0,0,0.0,-,0,0,0,0,0.0,ECU,1,1,12750,0,0.0,FAN1,0,0,0,0,0.0,COILS,8,1,0,0,0.0,PUMP,0,0,0,0,0.0,INJECTOR,8,1,76,0,0.0,SERVO,1,1,12717,0,0.0,ADD 1,0,1,12783,0,0.0,ADD 2,0,1,12788,0,0.0,ADD 3,0,1,12794,0,0.0,ADD 4,0,1,12684,0,0.0,ADD 5,0,0,0,0,0.0,ADD 6,0,1,12684,0,0.0,ADD 7,0,0,0,0,0.0,EGT2CAN,0,1,12684,0,0.0
1778949372.5159523,0.0,12794,-52.0,0,-,0,0,0,0,0.0,-,0,0,0,0,0.0,ECU,1,1,12794,0,0.0,FAN1,0,0,0,0,0.0,COILS,8,1,0,0,0.0,PUMP,0,0,0,0,0.0,INJECTOR,8,1,65,0,0.0,SERVO,1,1,12766,0,0.0,ADD 1,0,1,12783,0,0.0,ADD 2,0,1,12772,0,0.0,ADD 3,0,1,12783,0,0.0,ADD 4,0,1,12766,0,0.0,ADD 5,0,0,0,0,0.0,ADD 6,0,1,12783,0,0.0,ADD 7,0,0,0,0,0.0,EGT2CAN,0,1,12717,0,0.0
1778949372.5733528,0.0,12788,-51.0,0,-,0,0,0,0,0.0,-,0,0,0,0,0.0,ECU,1,1,12684,0,0.0,FAN1,0,0,0,0,0.0,COILS,8,1,0,0,0.0,PUMP,0,0,0,0,0.0,INJECTOR,8,1,65,0,0.0,SERVO,1,1,12690,0,0.0,ADD 1,0,1,12788,0,0.0,ADD 2,0,1,12810,0,0.0,ADD 3,0,1,12799,0,0.0,ADD 4,0,1,12761,0,0.0,ADD 5,0,0,0,0,0.0,ADD 6,0,1,12783,0,0.0,ADD 7,0,0,0,0,0.0,EGT2CAN,0,1,12739,0,0.0
1778949372.6307192,0.0,12788,-51.0,0,-,0,0,0,0,0.0,-,0,0,0,0,0.0,ECU,1,1,12756,0,0.0,FAN1,0,0,0,0,0.0,COILS,8,1,0,0,0.0,PUMP,0,0,0,0,0.0,INJECTOR,8,1,65,0,0.0,SERVO,1,1,12690,0,0.0,ADD 1,0,1,12788,0,0.0,ADD 2,0,1,12810,0,0.0,ADD 3,0,1,12799,0,0.0,ADD 4,0,1,12761,0,0.0,ADD 5,0,0,0,0,0.0,ADD 6,0,1,12783,0,0.0,ADD 7,0,0,0,0,0.0,EGT2CAN,0,1,12739,0,0.0
1778949372.693311,0.0,12788,-52.0,0,-,0,0,0,0,0.0,-,0,0,0,0,0.0,ECU,1,1,12788,0,0.0,FAN1,0,0,0,0,0.0,COILS,8,1,0,0,0.0,PUMP,0,0,0,0,0.0,INJECTOR,8,1,65,0,0.0,SERVO,1,1,12777,0,0.0,ADD 1,0,1,12756,0,0.0,ADD 2,0,1,12788,0,0.0,ADD 3,0,1,12739,0,0.0,ADD 4,0,1,12728,0,0.0,ADD 5,0,0,0,0,0.0,ADD 6,0,1,12810,0,0.0,ADD 7,0,0,0,0,0.0,EGT2CAN,0,1,12788,0,0.0
1778949372.7435265,0.0,12776,-51.0,0,-,0,0,0,0,0.0,-,0,0,0,0,0.0,ECU,1,1,12788,0,0.0,FAN1,0,0,0,0,0.0,COILS,8,1,0,0,0.0,PUMP,0,0,0,0,0.0,INJECTOR,8,1,65,0,0.0,SERVO,1,1,12777,0,0.0,ADD 1,0,1,12756,0,0.0,ADD 2,0,1,12805,0,0.0,ADD 3,0,1,12788,0,0.0,ADD 4,0,1,12723,0,0.0,ADD 5,0,0,0,0,0.0,ADD 6,0,1,12788,0,0.0,ADD 7,0,0,0,0,0.0,EGT2CAN,0,1,12772,0,0.0
1778949372.7962048,0.0,12776,-51.0,0,-,0,0,0,0,0.0,-,0,0,0,0,0.0,ECU,1,1,12756,0,0.0,FAN1,0,0,0,0,0.0,COILS,8,1,0,0,0.0,PUMP,0,0,0,0,0.0,INJECTOR,8,1,60,0,0.0,SERVO,1,1,12761,0,0.0,ADD 1,0,1,12810,0,0.0,ADD 2,0,1,12827,0,0.0,ADD 3,0,1,12788,0,0.0,ADD 4,0,1,12723,0,0.0,ADD 5,0,0,0,0,0.0,ADD 6,0,1,12788,0,0.0,ADD 7,0,0,0,0,0.0,EGT2CAN,0,1,12772,0,0.0
1778949372.846444,0.0,12794,-52.0,0,-,0,0,0,0,0.0,-,0,0,0,0,0.0,ECU,1,1,12777,0,0.0,FAN1,0,0,0,0,0.0,COILS,8,1,0,0,0.0,PUMP,0,0,0,0,0.0,INJECTOR,8,1,65,0,0.0,SERVO,1,1,12745,0,0.0,ADD 1,0,1,12745,0,0.0,ADD 2,0,1,12777,0,0.0,ADD 3,0,1,12772,0,0.0,ADD 4,0,1,12766,0,0.0,ADD 5,0,0,0,0,0.0,ADD 6,0,1,12832,0,0.0,ADD 7,0,0,0,0,0.0,EGT2CAN,0,1,12788,0,0.0
1778949372.8975759,0.0,12751,-52.0,0,-,0,0,0,0,0.0,-,0,0,0,0,0.0,ECU,1,1,12777,0,0.0,FAN1,0,0,0,0,0.0,COILS,8,1,0,0,0.0,PUMP,0,0,0,0,0.0,INJECTOR,8,1,65,0,0.0,SERVO,1,1,12745,0,0.0,ADD 1,0,1,12745,0,0.0,ADD 2,0,1,12777,0,0.0,ADD 3,0,1,12772,0,0.0,ADD 4,0,1,12766,0,0.0,ADD 5,0,0,0,0,0.0,ADD 6,0,1,12832,0,0.0,ADD 7,0,0,0,0,0.0,EGT2CAN,0,1,12788,0,0.0
1778949372.9510555,0.0,12751,-52.0,0,-,0,0,0,0,0.0,-,0,0,0,0,0.0,ECU,1,1,12772,0,0.0,FAN1,0,0,0,0,0.0,COILS,8,1,0,0,0.0,PUMP,0,0,0,0,0.0,INJECTOR,8,1,71,0,0.0,SERVO,1,1,12788,0,0.0,ADD 1,0,1,12739,0,0.0,ADD 2,0,1,12777,0,0.0,ADD 3,0,1,12739,0,0.0,ADD 4,0,1,12756,0,0.0,ADD 5,0,0,0,0,0.0,ADD 6,0,1,12788,0,0.0,ADD 7,0,0,0,0,0.0,EGT2CAN,0,1,12750,0,0.0
1778949373.006651,0.0,12800,-51.0,0,-,0,0,0,0,0.0,-,0,0,0,0,0.0,ECU,1,1,12788,0,0.0,FAN1,0,0,0,0,0.0,COILS,8,1,0,0,0.0,PUMP,0,0,0,0,0.0,INJECTOR,8,1,71,0,0.0,SERVO,1,1,12739,0,0.0,ADD 1,0,1,12799,0,0.0,ADD 2,0,1,12816,0,0.0,ADD 3,0,1,12805,0,0.0,ADD 4,0,1,12717,0,0.0,ADD 5,0,0,0,0,0.0,ADD 6,0,1,12810,0,0.0,ADD 7,0,0,0,0,0.0,EGT2CAN,0,1,12777,0,0.0
1778949373.061614,0.0,12794,-52.0,0,-,0,0,0,0,0.0,-,0,0,0,0,0.0,ECU,1,1,12788,0,0.0,FAN1,0,0,0,0,0.0,COILS,8,1,0,0,0.0,PUMP,0,0,0,0,0.0,INJECTOR,8,1,71,0,0.0,SERVO,1,1,12739,0,0.0,ADD 1,0,1,12799,0,0.0,ADD 2,0,1,12816,0,0.0,ADD 3,0,1,12805,0,0.0,ADD 4,0,1,12717,0,0.0,ADD 5,0,0,0,0,0.0,ADD 6,0,1,12810,0,0.0,ADD 7,0,0,0,0,0.0,EGT2CAN,0,1,12777,0,0.0
1778949373.111999,0.0,12776,-51.0,0,-,0,0,0,0,0.0,-,0,0,0,0,0.0,ECU,1,1,12777,0,0.0,FAN1,0,0,0,0,0.0,COILS,8,1,0,0,0.0,PUMP,0,0,0,0,0.0,INJECTOR,8,1,71,0,0.0,SERVO,1,1,12756,0,0.0,ADD 1,0,1,12788,0,0.0,ADD 2,0,1,12799,0,0.0,ADD 3,0,1,12805,0,0.0,ADD 4,0,1,12761,0,0.0,ADD 5,0,0,0,0,0.0,ADD 6,0,1,12794,0,0.0,ADD 7,0,0,0,0,0.0,EGT2CAN,0,1,12794,0,0.0
1778949373.1629965,0.0,12776,-51.0,0,-,0,0,0,0,0.0,-,0,0,0,0,0.0,ECU,1,1,12777,0,0.0,FAN1,0,0,0,0,0.0,COILS,8,1,0,0,0.0,PUMP,0,0,0,0,0.0,INJECTOR,8,1,71,0,0.0,SERVO,1,1,12756,0,0.0,ADD 1,0,1,12788,0,0.0,ADD 2,0,1,12799,0,0.0,ADD 3,0,1,12805,0,0.0,ADD 4,0,1,12761,0,0.0,ADD 5,0,0,0,0,0.0,ADD 6,0,1,12794,0,0.0,ADD 7,0,0,0,0,0.0,EGT2CAN,0,1,12794,0,0.0
1778949373.214011,0.0,12776,-51.0,0,-,0,0,0,0,0.0,-,0,0,0,0,0.0,ECU,1,1,12810,0,0.0,FAN1,0,0,0,0,0.0,COILS,8,1,0,0,0.0,PUMP,0,0,0,0,0.0,INJECTOR,8,1,65,0,0.0,SERVO,1,1,12761,0,0.0,ADD 1,0,1,12717,0,0.0,ADD 2,0,1,12810,0,0.0,ADD 3,0,1,12766,0,0.0,ADD 4,0,1,12723,0,0.0,ADD 5,0,0,0,0,0.0,ADD 6,0,1,12766,0,0.0,ADD 7,0,0,0,0,0.0,EGT2CAN,0,1,12734,0,0.0
1778949373.264999,0.0,12788,-51.0,0,-,0,0,0,0,0.0,-,0,0,0,0,0.0,ECU,1,1,12761,0,0.0,FAN1,0,0,0,0,0.0,COILS,8,1,0,0,0.0,PUMP,0,0,0,0,0.0,INJECTOR,8,1,98,0,0.0,SERVO,1,1,12717,0,0.0,ADD 1,0,1,12816,0,0.0,ADD 2,0,1,12810,0,0.0,ADD 3,0,1,12788,0,0.0,ADD 4,0,1,12695,0,0.0,ADD 5,0,0,0,0,0.0,ADD 6,0,1,12816,0,0.0,ADD 7,0,0,0,0,0.0,EGT2CAN,0,1,12766,0,0.0
1778949373.3163154,0.0,12788,-51.0,0,-,0,0,0,0,0.0,-,0,0,0,0,0.0,ECU,1,1,12761,0,0.0,FAN1,0,0,0,0,0.0,COILS,8,1,0,0,0.0,PUMP,0,0,0,0,0.0,INJECTOR,8,1,98,0,0.0,SERVO,1,1,12717,0,0.0,ADD 1,0,1,12816,0,0.0,ADD 2,0,1,12810,0,0.0,ADD 3,0,1,12788,0,0.0,ADD 4,0,1,12695,0,0.0,ADD 5,0,0,0,0,0.0,ADD 6,0,1,12816,0,0.0,ADD 7,0,0,0,0,0.0,EGT2CAN,0,1,12766,0,0.0
1778949373.3677256,0.0,12788,-51.0,0,-,0,0,0,0,0.0,-,0,0,0,0,0.0,ECU,1,1,12750,0,0.0,FAN1,0,0,0,0,0.0,COILS,8,1,0,0,0.0,PUMP,0,0,0,0,0.0,INJECTOR,8,1,65,0,0.0,SERVO,1,1,12717,0,0.0,ADD 1,0,1,12794,0,0.0,ADD 2,0,1,12810,0,0.0,ADD 3,0,1,12794,0,0.0,ADD 4,0,1,12761,0,0.0,ADD 5,0,0,0,0,0.0,ADD 6,0,1,12827,0,0.0,ADD 7,0,0,0,0,0.0,EGT2CAN,0,1,12756,0,0.0
1778949373.4279351,0.0,12794,-51.0,0,-,0,0,0,0,0.0,-,0,0,0,0,0.0,ECU,1,1,12788,0,0.0,FAN1,0,0,0,0,0.0,COILS,8,1,0,0,0.0,PUMP,0,0,0,0,0.0,INJECTOR,8,1,65,0,0.0,SERVO,1,1,12772,0,0.0,ADD 1,0,1,12766,0,0.0,ADD 2,0,1,12761,0,0.0,ADD 3,0,1,12739,0,0.0,ADD 4,0,1,12690,0,0.0,ADD 5,0,0,0,0,0.0,ADD 6,0,1,12827,0,0.0,ADD 7,0,0,0,0,0.0,EGT2CAN,0,1,12794,0,0.0
1778949373.4863555,0.0,12794,-51.0,0,-,0,0,0,0,0.0,-,0,0,0,0,0.0,ECU,1,1,12788,0,0.0,FAN1,0,0,0,0,0.0,COILS,8,1,0,0,0.0,PUMP,0,0,0,0,0.0,INJECTOR,8,1,65,0,0.0,SERVO,1,1,12772,0,0.0,ADD 1,0,1,12766,0,0.0,ADD 2,0,1,12761,0,0.0,ADD 3,0,1,12739,0,0.0,ADD 4,0,1,12690,0,0.0,ADD 5,0,0,0,0,0.0,ADD 6,0,1,12827,0,0.0,ADD 7,0,0,0,0,0.0,EGT2CAN,0,1,12794,0,0.0
1778949373.5502305,0.0,12720,-52.0,0,-,0,0,0,0,0.0,-,0,0,0,0,0.0,ECU,1,1,12783,0,0.0,FAN1,0,0,0,0,0.0,COILS,8,1,0,0,0.0,PUMP,0,0,0,0,0.0,INJECTOR,8,1,65,0,0.0,SERVO,1,1,12739,0,0.0,ADD 1,0,1,12745,0,0.0,ADD 2,0,1,12788,0,0.0,ADD 3,0,1,12756,0,0.0,ADD 4,0,1,12761,0,0.0,ADD 5,0,0,0,0,0.0,ADD 6,0,1,12821,0,0.0,ADD 7,0,0,0,0,0.0,EGT2CAN,0,1,12794,0,0.0
1778949373.601307,0.0,12807,-52.0,0,-,0,0,0,0,0.0,-,0,0,0,0,0.0,ECU,1,1,12783,0,0.0,FAN1,0,0,0,0,0.0,COILS,8,1,0,0,0.0,PUMP,0,0,0,0,0.0,INJECTOR,8,1,65,0,0.0,SERVO,1,1,12739,0,0.0,ADD 1,0,1,12745,0,0.0,ADD 2,0,1,12788,0,0.0,ADD 3,0,1,12756,0,0.0,ADD 4,0,1,12761,0,0.0,ADD 5,0,0,0,0,0.0,ADD 6,0,1,12821,0,0.0,ADD 7,0,0,0,0,0.0,EGT2CAN,0,1,12794,0,0.0
1778949373.6524308,0.0,12807,-52.0,0,-,0,0,0,0,0.0,-,0,0,0,0,0.0,ECU,1,1,12761,0,0.0,FAN1,0,0,0,0,0.0,COILS,8,1,0,0,0.0,PUMP,0,0,0,0,0.0,INJECTOR,8,1,65,0,0.0,SERVO,1,1,12745,0,0.0,ADD 1,0,1,12766,0,0.0,ADD 2,0,1,12766,0,0.0,ADD 3,0,1,12788,0,0.0,ADD 4,0,1,12766,0,0.0,ADD 5,0,0,0,0,0.0,ADD 6,0,1,12777,0,0.0,ADD 7,0,0,0,0,0.0,EGT2CAN,0,1,12805,0,0.0
1778949373.7030115,0.0,12769,-54.0,0,-,0,0,0,0,0.0,-,0,0,0,0,0.0,ECU,1,1,12717,0,0.0,FAN1,0,0,0,0,0.0,COILS,8,1,0,0,0.0,PUMP,0,0,0,0,0.0,INJECTOR,8,1,65,0,0.0,SERVO,1,1,12717,0,0.0,ADD 1,0,1,12772,0,0.0,ADD 2,0,1,12832,0,0.0,ADD 3,0,1,12739,0,0.0,ADD 4,0,1,12756,0,0.0,ADD 5,0,0,0,0,0.0,ADD 6,0,1,12745,0,0.0,ADD 7,0,0,0,0,0.0,EGT2CAN,0,1,12734,0,0.0
1778949373.7541473,0.0,12769,-54.0,0,-,0,0,0,0,0.0,-,0,0,0,0,0.0,ECU,1,1,12717,0,0.0,FAN1,0,0,0,0,0.0,COILS,8,1,0,0,0.0,PUMP,0,0,0,0,0.0,INJECTOR,8,1,65,0,0.0,SERVO,1,1,12717,0,0.0,ADD 1,0,1,12772,0,0.0,ADD 2,0,1,12832,0,0.0,ADD 3,0,1,12739,0,0.0,ADD 4,0,1,12756,0,0.0,ADD 5,0,0,0,0,0.0,ADD 6,0,1,12745,0,0.0,ADD 7,0,0,0,0,0.0,EGT2CAN,0,1,12734,0,0.0
1778949373.805135,0.0,12769,-54.0,0,-,0,0,0,0,0.0,-,0,0,0,0,0.0,ECU,1,1,12761,0,0.0,FAN1,0,0,0,0,0.0,COILS,8,1,0,0,0.0,PUMP,0,0,0,0,0.0,INJECTOR,8,1,65,0,0.0,SERVO,1,1,12734,0,0.0,ADD 1,0,1,12766,0,0.0,ADD 2,0,1,12788,0,0.0,ADD 3,0,1,12788,0,0.0,ADD 4,0,1,12723,0,0.0,ADD 5,0,0,0,0,0.0,ADD 6,0,1,12788,0,0.0,ADD 7,0,0,0,0,0.0,EGT2CAN,0,1,12750,0,0.0
1778949373.8557415,0.0,12776,-52.0,0,-,0,0,0,0,0.0,-,0,0,0,0,0.0,ECU,1,1,12684,0,0.0,FAN1,0,0,0,0,0.0,COILS,8,1,0,0,0.0,PUMP,0,0,0,0,0.0,INJECTOR,8,1,65,0,0.0,SERVO,1,1,12788,0,0.0,ADD 1,0,1,12805,0,0.0,ADD 2,0,1,12783,0,0.0,ADD 3,0,1,12766,0,0.0,ADD 4,0,1,12728,0,0.0,ADD 5,0,0,0,0,0.0,ADD 6,0,1,12799,0,0.0,ADD 7,0,0,0,0,0.0,EGT2CAN,0,1,12717,0,0.0
1778949373.9070797,0.0,12763,-51.0,0,-,0,0,0,0,0.0,-,0,0,0,0,0.0,ECU,1,1,12684,0,0.0,FAN1,0,0,0,0,0.0,COILS,8,1,0,0,0.0,PUMP,0,0,0,0,0.0,INJECTOR,8,1,65,0,0.0,SERVO,1,1,12788,0,0.0,ADD 1,0,1,12805,0,0.0,ADD 2,0,1,12684,0,0.0,ADD 3,0,1,12783,0,0.0,ADD 4,0,1,12684,0,0.0,ADD 5,0,0,0,0,0.0,ADD 6,0,1,12783,0,0.0,ADD 7,0,0,0,0,0.0,EGT2CAN,0,1,12783,0,0.0
1778949373.9576168,0.0,12763,-51.0,0,-,0,0,0,0,0.0,-,0,0,0,0,0.0,ECU,1,1,12788,0,0.0,FAN1,0,0,0,0,0.0,COILS,8,1,0,0,0.0,PUMP,0,0,0,0,0.0,INJECTOR,8,1,65,0,0.0,SERVO,1,1,12766,0,0.0,ADD 1,0,1,12756,0,0.0,ADD 2,0,1,12799,0,0.0,ADD 3,0,1,12684,0,0.0,ADD 4,0,1,12706,0,0.0,ADD 5,0,0,0,0,0.0,ADD 6,0,1,12761,0,0.0,ADD 7,0,0,0,0,0.0,EGT2CAN,0,1,12745,0,0.0
1778949374.008095,0.0,12800,-52.0,0,-,0,0,0,0,0.0,-,0,0,0,0,0.0,ECU,1,1,12761,0,0.0,FAN1,0,0,0,0,0.0,COILS,8,1,0,0,0.0,PUMP,0,0,0,0,0.0,INJECTOR,8,1,65,0,0.0,SERVO,1,1,12772,0,0.0,ADD 1,0,1,12750,0,0.0,ADD 2,0,1,12805,0,0.0,ADD 3,0,1,12766,0,0.0,ADD 4,0,1,12739,0,0.0,ADD 5,0,0,0,0,0.0,ADD 6,0,1,12788,0,0.0,ADD 7,0,0,0,0,0.0,EGT2CAN,0,1,12756,0,0.0
1778949374.0589495,0.0,12807,-51.0,0,-,0,0,0,0,0.0,-,0,0,0,0,0.0,ECU,1,1,12761,0,0.0,FAN1,0,0,0,0,0.0,COILS,8,1,0,0,0.0,PUMP,0,0,0,0,0.0,INJECTOR,8,1,65,0,0.0,SERVO,1,1,12772,0,0.0,ADD 1,0,1,12750,0,0.0,ADD 2,0,1,12805,0,0.0,ADD 3,0,1,12766,0,0.0,ADD 4,0,1,12739,0,0.0,ADD 5,0,0,0,0,0.0,ADD 6,0,1,12788,0,0.0,ADD 7,0,0,0,0,0.0,EGT2CAN,0,1,12756,0,0.0
1778949374.1229,0.0,12800,-51.0,0,-,0,0,0,0,0.0,-,0,0,0,0,0.0,ECU,1,1,12750,0,0.0,FAN1,0,0,0,0,0.0,COILS,8,1,0,0,0.0,PUMP,0,0,0,0,0.0,INJECTOR,8,1,65,0,0.0,SERVO,1,1,12772,0,0.0,ADD 1,0,1,12788,0,0.0,ADD 2,0,1,12739,0,0.0,ADD 3,0,1,12766,0,0.0,ADD 4,0,1,12750,0,0.0,ADD 5,0,0,0,0,0.0,ADD 6,0,1,12827,0,0.0,ADD 7,0,0,0,0,0.0,EGT2CAN,0,1,12799,0,0.0
1778949374.174074,0.0,12800,-51.0,0,-,0,0,0,0,0.0,-,0,0,0,0,0.0,ECU,1,1,12805,0,0.0,FAN1,0,0,0,0,0.0,COILS,8,1,0,0,0.0,PUMP,0,0,0,0,0.0,INJECTOR,8,1,65,0,0.0,SERVO,1,1,12766,0,0.0,ADD 1,0,1,12799,0,0.0,ADD 2,0,1,12827,0,0.0,ADD 3,0,1,12739,0,0.0,ADD 4,0,1,12750,0,0.0,ADD 5,0,0,0,0,0.0,ADD 6,0,1,12788,0,0.0,ADD 7,0,0,0,0,0.0,EGT2CAN,0,1,12788,0,0.0
1778949374.2298217,0.0,12776,-52.0,0,-,0,0,0,0,0.0,-,0,0,0,0,0.0,ECU,1,1,12772,0,0.0,FAN1,0,0,0,0,0.0,COILS,8,1,0,0,0.0,PUMP,0,0,0,0,0.0,INJECTOR,8,1,65,0,0.0,SERVO,1,1,12766,0,0.0,ADD 1,0,1,12799,0,0.0,ADD 2,0,1,12827,0,0.0,ADD 3,0,1,12739,0,0.0,ADD 4,0,1,12750,0,0.0,ADD 5,0,0,0,0,0.0,ADD 6,0,1,12788,0,0.0,ADD 7,0,0,0,0,0.0,EGT2CAN,0,1,12788,0,0.0
1778949374.2841861,0.0,12751,-51.0,0,-,0,0,0,0,0.0,-,0,0,0,0,0.0,ECU,1,1,12788,0,0.0,FAN1,0,0,0,0,0.0,COILS,8,1,0,0,0.0,PUMP,0,0,0,0,0.0,INJECTOR,8,1,65,0,0.0,SERVO,1,1,12723,0,0.0,ADD 1,0,1,12761,0,0.0,ADD 2,0,1,12739,0,0.0,ADD 3,0,1,12756,0,0.0,ADD 4,0,1,12761,0,0.0,ADD 5,0,0,0,0,0.0,ADD 6,0,1,12805,0,0.0,ADD 7,0,0,0,0,0.0,EGT2CAN,0,1,12750,0,0.0
1778949374.3384585,0.0,12751,-51.0,0,-,0,0,0,0,0.0,-,0,0,0,0,0.0,ECU,1,1,12788,0,0.0,FAN1,0,0,0,0,0.0,COILS,8,1,0,0,0.0,PUMP,0,0,0,0,0.0,INJECTOR,8,1,65,0,0.0,SERVO,1,1,12723,0,0.0,ADD 1,0,1,12761,0,0.0,ADD 2,0,1,12739,0,0.0,ADD 3,0,1,12756,0,0.0,ADD 4,0,1,12761,0,0.0,ADD 5,0,0,0,0,0.0,ADD 6,0,1,12805,0,0.0,ADD 7,0,0,0,0,0.0,EGT2CAN,0,1,12750,0,0.0
1778949374.4008543,0.0,12800,-52.0,0,-,0,0,0,0,0.0,-,0,0,0,0,0.0,ECU,1,1,12794,0,0.0,FAN1,0,0,0,0,0.0,COILS,8,1,0,0,0.0,PUMP,0,0,0,0,0.0,INJECTOR,8,1,65,0,0.0,SERVO,1,1,12734,0,0.0,ADD 1,0,1,12684,0,0.0,ADD 2,0,1,12712,0,0.0,ADD 3,0,1,12684,0,0.0,ADD 4,0,1,12772,0,0.0,ADD 5,0,0,0,0,0.0,ADD 6,0,1,12827,0,0.0,ADD 7,0,0,0,0,0.0,EGT2CAN,0,1,12766,0,0.0
1778949374.45414,0.0,12769,-51.0,0,-,0,0,0,0,0.0,-,0,0,0,0,0.0,ECU,1,1,12794,0,0.0,FAN1,0,0,0,0,0.0,COILS,8,1,0,0,0.0,PUMP,0,0,0,0,0.0,INJECTOR,8,1,65,0,0.0,SERVO,1,1,12734,0,0.0,ADD 1,0,1,12684,0,0.0,ADD 2,0,1,12712,0,0.0,ADD 3,0,1,12684,0,0.0,ADD 4,0,1,12772,0,0.0,ADD 5,0,0,0,0,0.0,ADD 6,0,1,12827,0,0.0,ADD 7,0,0,0,0,0.0,EGT2CAN,0,1,12766,0,0.0
1778949374.5066001,0.0,12769,-51.0,0,-,0,0,0,0,0.0,-,0,0,0,0,0.0,ECU,1,1,12788,0,0.0,FAN1,0,0,0,0,0.0,COILS,8,1,0,0,0.0,PUMP,0,0,0,0,0.0,INJECTOR,8,1,54,0,0.0,SERVO,1,1,12761,0,0.0,ADD 1,0,1,12766,0,0.0,ADD 2,0,1,12799,0,0.0,ADD 3,0,1,12739,0,0.0,ADD 4,0,1,12706,0,0.0,ADD 5,0,0,0,0,0.0,ADD 6,0,1,12794,0,0.0,ADD 7,0,0,0,0,0.0,EGT2CAN,0,1,12745,0,0.0
1778949374.5588212,0.0,12751,-51.0,0,-,0,0,0,0,0.0,-,0,0,0,0,0.0,ECU,1,1,12745,0,0.0,FAN1,0,0,0,0,0.0,COILS,8,1,0,0,0.0,PUMP,0,0,0,0,0.0,INJECTOR,8,1,60,0,0.0,SERVO,1,1,12745,0,0.0,ADD 1,0,1,12777,0,0.0,ADD 2,0,1,12788,0,0.0,ADD 3,0,1,12777,0,0.0,ADD 4,0,1,12777,0,0.0,ADD 5,0,0,0,0,0.0,ADD 6,0,1,12788,0,0.0,ADD 7,0,0,0,0,0.0,EGT2CAN,0,1,12788,0,0.0
1778949374.6150613,0.0,12800,-52.0,0,-,0,0,0,0,0.0,-,0,0,0,0,0.0,ECU,1,1,12745,0,0.0,FAN1,0,0,0,0,0.0,COILS,8,1,0,0,0.0,PUMP,0,0,0,0,0.0,INJECTOR,8,1,60,0,0.0,SERVO,1,1,12745,0,0.0,ADD 1,0,1,12777,0,0.0,ADD 2,0,1,12788,0,0.0,ADD 3,0,1,12777,0,0.0,ADD 4,0,1,12777,0,0.0,ADD 5,0,0,0,0,0.0,ADD 6,0,1,12788,0,0.0,ADD 7,0,0,0,0,0.0,EGT2CAN,0,1,12788,0,0.0
1778949374.67757,0.0,12745,-52.0,0,-,0,0,0,0,0.0,-,0,0,0,0,0.0,ECU,1,1,12739,0,0.0,FAN1,0,0,0,0,0.0,COILS,8,1,0,0,0.0,PUMP,0,0,0,0,0.0,INJECTOR,8,1,65,0,0.0,SERVO,1,1,12788,0,0.0,ADD 1,0,1,12739,0,0.0,ADD 2,0,1,12794,0,0.0,ADD 3,0,1,12788,0,0.0,ADD 4,0,1,12777,0,0.0,ADD 5,0,0,0,0,0.0,ADD 6,0,1,12794,0,0.0,ADD 7,0,0,0,0,0.0,EGT2CAN,0,1,12734,0,0.0
1778949374.7281363,0.0,12751,-51.0,0,-,0,0,0,0,0.0,-,0,0,0,0,0.0,ECU,1,1,12766,0,0.0,FAN1,0,0,0,0,0.0,COILS,8,1,0,0,0.0,PUMP,0,0,0,0,0.0,INJECTOR,8,1,65,0,0.0,SERVO,1,1,12739,0,0.0,ADD 1,0,1,12816,0,0.0,ADD 2,0,1,12827,0,0.0,ADD 3,0,1,12788,0,0.0,ADD 4,0,1,12723,0,0.0,ADD 5,0,0,0,0,0.0,ADD 6,0,1,12788,0,0.0,ADD 7,0,0,0,0,0.0,EGT2CAN,0,1,12756,0,0.0
1778949374.7815971,0.0,12751,-51.0,0,-,0,0,0,0,0.0,-,0,0,0,0,0.0,ECU,1,1,12766,0,0.0,FAN1,0,0,0,0,0.0,COILS,8,1,0,0,0.0,PUMP,0,0,0,0,0.0,INJECTOR,8,1,65,0,0.0,SERVO,1,1,12739,0,0.0,ADD 1,0,1,12816,0,0.0,ADD 2,0,1,12827,0,0.0,ADD 3,0,1,12788,0,0.0,ADD 4,0,1,12723,0,0.0,ADD 5,0,0,0,0,0.0,ADD 6,0,1,12788,0,0.0,ADD 7,0,0,0,0,0.0,EGT2CAN,0,1,12756,0,0.0
1778949374.833524,0.0,12763,-51.0,0,-,0,0,0,0,0.0,-,0,0,0,0,0.0,ECU,1,1,12788,0,0.0,FAN1,0,0,0,0,0.0,COILS,8,1,0,0,0.0,PUMP,0,0,0,0,0.0,INJECTOR,8,1,65,0,0.0,SERVO,1,1,12739,0,0.0,ADD 1,0,1,12810,0,0.0,ADD 2,0,1,12810,0,0.0,ADD 3,0,1,12799,0,0.0,ADD 4,0,1,12717,0,0.0,ADD 5,0,0,0,0,0.0,ADD 6,0,1,12788,0,0.0,ADD 7,0,0,0,0,0.0,EGT2CAN,0,1,12772,0,0.0
1778949374.8842795,0.0,12763,-51.0,0,-,0,0,0,0,0.0,-,0,0,0,0,0.0,ECU,1,1,12810,0,0.0,FAN1,0,0,0,0,0.0,COILS,8,1,0,0,0.0,PUMP,0,0,0,0,0.0,INJECTOR,8,1,65,0,0.0,SERVO,1,1,12766,0,0.0,ADD 1,0,1,12810,0,0.0,ADD 2,0,1,12810,0,0.0,ADD 3,0,1,12799,0,0.0,ADD 4,0,1,12717,0,0.0,ADD 5,0,0,0,0,0.0,ADD 6,0,1,12788,0,0.0,ADD 7,0,0,0,0,0.0,EGT2CAN,0,1,12772,0,0.0
1778949374.95441,0.0,12776,-51.0,0,-,0,0,0,0,0.0,-,0,0,0,0,0.0,ECU,1,1,12766,0,0.0,FAN1,0,0,0,0,0.0,COILS,8,1,0,0,0.0,PUMP,0,0,0,0,0.0,INJECTOR,8,1,65,0,0.0,SERVO,1,1,12772,0,0.0,ADD 1,0,1,12756,0,0.0,ADD 2,0,1,12810,0,0.0,ADD 3,0,1,12766,0,0.0,ADD 4,0,1,12728,0,0.0,ADD 5,0,0,0,0,0.0,ADD 6,0,1,12745,0,0.0,ADD 7,0,0,0,0,0.0,EGT2CAN,0,1,12734,0,0.0
1778949375.0073123,0.0,12776,-51.0,0,-,0,0,0,0,0.0,-,0,0,0,0,0.0,ECU,1,1,12766,0,0.0,FAN1,0,0,0,0,0.0,COILS,8,1,0,0,0.0,PUMP,0,0,0,0,0.0,INJECTOR,8,1,65,0,0.0,SERVO,1,1,12772,0,0.0,ADD 1,0,1,12756,0,0.0,ADD 2,0,1,12810,0,0.0,ADD 3,0,1,12766,0,0.0,ADD 4,0,1,12728,0,0.0,ADD 5,0,0,0,0,0.0,ADD 6,0,1,12745,0,0.0,ADD 7,0,0,0,0,0.0,EGT2CAN,0,1,12734,0,0.0
1778949375.0588229,0.0,12776,-51.0,0,-,0,0,0,0,0.0,-,0,0,0,0,0.0,ECU,1,1,12788,0,0.0,FAN1,0,0,0,0,0.0,COILS,8,1,0,0,0.0,PUMP,0,0,0,0,0.0,INJECTOR,8,1,65,0,0.0,SERVO,1,1,12695,0,0.0,ADD 1,0,1,12766,0,0.0,ADD 2,0,1,12810,0,0.0,ADD 3,0,1,12761,0,0.0,ADD 4,0,1,12717,0,0.0,ADD 5,0,0,0,0,0.0,ADD 6,0,1,12745,0,0.0,ADD 7,0,0,0,0,0.0,EGT2CAN,0,1,12734,0,0.0
1778949375.109416,0.0,12813,-51.0,0,-,0,0,0,0,0.0,-,0,0,0,0,0.0,ECU,1,1,12745,0,0.0,FAN1,0,0,0,0,0.0,COILS,8,1,0,0,0.0,PUMP,0,0,0,0,0.0,INJECTOR,8,1,65,0,0.0,SERVO,1,1,12756,0,0.0,ADD 1,0,1,12788,0,0.0,ADD 2,0,1,12756,0,0.0,ADD 3,0,1,12745,0,0.0,ADD 4,0,1,12739,0,0.0,ADD 5,0,0,0,0,0.0,ADD 6,0,1,12810,0,0.0,ADD 7,0,0,0,0,0.0,EGT2CAN,0,1,12788,0,0.0
1778949375.160928,0.0,12813,-51.0,0,-,0,0,0,0,0.0,-,0,0,0,0,0.0,ECU,1,1,12745,0,0.0,FAN1,0,0,0,0,0.0,COILS,8,1,0,0,0.0,PUMP,0,0,0,0,0.0,INJECTOR,8,1,65,0,0.0,SERVO,1,1,12756,0,0.0,ADD 1,0,1,12788,0,0.0,ADD 2,0,1,12756,0,0.0,ADD 3,0,1,12745,0,0.0,ADD 4,0,1,12739,0,0.0,ADD 5,0,0,0,0,0.0,ADD 6,0,1,12810,0,0.0,ADD 7,0,0,0,0,0.0,EGT2CAN,0,1,12788,0,0.0
1778949375.211763,0.0,12813,-51.0,0,-,0,0,0,0,0.0,-,0,0,0,0,0.0,ECU,1,1,12788,0,0.0,FAN1,0,0,0,0,0.0,COILS,8,1,0,0,0.0,PUMP,0,0,0,0,0.0,INJECTOR,8,1,98,0,0.0,SERVO,1,1,12728,0,0.0,ADD 1,0,1,12788,0,0.0,ADD 2,0,1,12821,0,0.0,ADD 3,0,1,12766,0,0.0,ADD 4,0,1,12679,0,0.0,ADD 5,0,0,0,0,0.0,ADD 6,0,1,12777,0,0.0,ADD 7,0,0,0,0,0.0,EGT2CAN,0,1,12745,0,0.0
1778949375.2628438,0.0,12782,-54.0,0,-,0,0,0,0,0.0,-,0,0,0,0,0.0,ECU,1,1,12794,0,0.0,FAN1,0,0,0,0,0.0,COILS,8,1,0,0,0.0,PUMP,0,0,0,0,0.0,INJECTOR,8,1,87,0,0.0,SERVO,1,1,12728,0,0.0,ADD 1,0,1,12766,0,0.0,ADD 2,0,1,12788,0,0.0,ADD 3,0,1,12701,0,0.0,ADD 4,0,1,12766,0,0.0,ADD 5,0,0,0,0,0.0,ADD 6,0,1,12783,0,0.0,ADD 7,0,0,0,0,0.0,EGT2CAN,0,1,12766,0,0.0
1778949375.3294694,0.0,12782,-54.0,0,-,0,0,0,0,0.0,-,0,0,0,0,0.0,ECU,1,1,12739,0,0.0,FAN1,0,0,0,0,0.0,COILS,8,1,0,0,0.0,PUMP,0,0,0,0,0.0,INJECTOR,8,1,87,0,0.0,SERVO,1,1,12728,0,0.0,ADD 1,0,1,12766,0,0.0,ADD 2,0,1,12788,0,0.0,ADD 3,0,1,12701,0,0.0,ADD 4,0,1,12766,0,0.0,ADD 5,0,0,0,0,0.0,ADD 6,0,1,12783,0,0.0,ADD 7,0,0,0,0,0.0,EGT2CAN,0,1,12766,0,0.0
1778949375.380223,0.0,12800,-52.0,0,-,0,0,0,0,0.0,-,0,0,0,0,0.0,ECU,1,1,12788,0,0.0,FAN1,0,0,0,0,0.0,COILS,8,1,0,0,0.0,PUMP,0,0,0,0,0.0,INJECTOR,8,1,65,0,0.0,SERVO,1,1,12756,0,0.0,ADD 1,0,1,12799,0,0.0,ADD 2,0,1,12761,0,0.0,ADD 3,0,1,12745,0,0.0,ADD 4,0,1,12766,0,0.0,ADD 5,0,0,0,0,0.0,ADD 6,0,1,12788,0,0.0,ADD 7,0,0,0,0,0.0,EGT2CAN,0,1,12750,0,0.0
1778949375.4328058,0.0,12794,-54.0,0,-,0,0,0,0,0.0,-,0,0,0,0,0.0,ECU,1,1,12772,0,0.0,FAN1,0,0,0,0,0.0,COILS,8,1,0,0,0.0,PUMP,0,0,0,0,0.0,INJECTOR,8,1,54,0,0.0,SERVO,1,1,12756,0,0.0,ADD 1,0,1,12816,0,0.0,ADD 2,0,1,12832,0,0.0,ADD 3,0,1,12684,0,0.0,ADD 4,0,1,12745,0,0.0,ADD 5,0,0,0,0,0.0,ADD 6,0,1,12816,0,0.0,ADD 7,0,0,0,0,0.0,EGT2CAN,0,1,12799,0,0.0
1778949375.4845626,0.0,12794,-54.0,0,-,0,0,0,0,0.0,-,0,0,0,0,0.0,ECU,1,1,12772,0,0.0,FAN1,0,0,0,0,0.0,COILS,8,1,0,0,0.0,PUMP,0,0,0,0,0.0,INJECTOR,8,1,54,0,0.0,SERVO,1,1,12756,0,0.0,ADD 1,0,1,12816,0,0.0,ADD 2,0,1,12832,0,0.0,ADD 3,0,1,12684,0,0.0,ADD 4,0,1,12745,0,0.0,ADD 5,0,0,0,0,0.0,ADD 6,0,1,12816,0,0.0,ADD 7,0,0,0,0,0.0,EGT2CAN,0,1,12799,0,0.0
1778949375.5412135,0.0,12794,-51.0,0,-,0,0,0,0,0.0,-,0,0,0,0,0.0,ECU,1,1,12750,0,0.0,FAN1,0,0,0,0,0.0,COILS,8,1,0,0,0.0,PUMP,0,0,0,0,0.0,INJECTOR,8,1,65,0,0.0,SERVO,1,1,12745,0,0.0,ADD 1,0,1,12701,0,0.0,ADD 2,0,1,12745,0,0.0,ADD 3,0,1,12761,0,0.0,ADD 4,0,1,12739,0,0.0,ADD 5,0,0,0,0,0.0,ADD 6,0,1,12832,0,0.0,ADD 7,0,0,0,0,0.0,EGT2CAN,0,1,12766,0,0.0
1778949375.5920756,0.0,12794,-51.0,0,-,0,0,0,0,0.0,-,0,0,0,0,0.0,ECU,1,1,12766,0,0.0,FAN1,0,0,0,0,0.0,COILS,8,1,0,0,0.0,PUMP,0,0,0,0,0.0,INJECTOR,8,1,60,0,0.0,SERVO,1,1,12766,0,0.0,ADD 1,0,1,12761,0,0.0,ADD 2,0,1,12805,0,0.0,ADD 3,0,1,12712,0,0.0,ADD 4,0,1,12739,0,0.0,ADD 5,0,0,0,0,0.0,ADD 6,0,1,12761,0,0.0,ADD 7,0,0,0,0,0.0,EGT2CAN,0,1,12766,0,0.0
1778949375.643726,0.0,12788,-51.0,0,-,0,0,0,0,0.0,-,0,0,0,0,0.0,ECU,1,1,12766,0,0.0,FAN1,0,0,0,0,0.0,COILS,8,1,0,0,0.0,PUMP,0,0,0,0,0.0,INJECTOR,8,1,60,0,0.0,SERVO,1,1,12766,0,0.0,ADD 1,0,1,12761,0,0.0,ADD 2,0,1,12805,0,0.0,ADD 3,0,1,12712,0,0.0,ADD 4,0,1,12739,0,0.0,ADD 5,0,0,0,0,0.0,ADD 6,0,1,12761,0,0.0,ADD 7,0,0,0,0,0.0,EGT2CAN,0,1,12766,0,0.0
1778949375.703965,0.0,12776,-52.0,0,-,0,0,0,0,0.0,-,0,0,0,0,0.0,ECU,1,1,12777,0,0.0,FAN1,0,0,0,0,0.0,COILS,8,1,0,0,0.0,PUMP,0,0,0,0,0.0,INJECTOR,8,1,54,0,0.0,SERVO,1,1,12756,0,0.0,ADD 1,0,1,12761,0,0.0,ADD 2,0,1,12756,0,0.0,ADD 3,0,1,12756,0,0.0,ADD 4,0,1,12723,0,0.0,ADD 5,0,0,0,0,0.0,ADD 6,0,1,12816,0,0.0,ADD 7,0,0,0,0,0.0,EGT2CAN,0,1,12788,0,0.0
1778949375.766431,0.0,12807,-51.0,0,-,0,0,0,0,0.0,-,0,0,0,0,0.0,ECU,1,1,12788,0,0.0,FAN1,0,0,0,0,0.0,COILS,8,1,0,0,0.0,PUMP,0,0,0,0,0.0,INJECTOR,8,1,65,0,0.0,SERVO,1,1,12723,0,0.0,ADD 1,0,1,12810,0,0.0,ADD 2,0,1,12777,0,0.0,ADD 3,0,1,12772,0,0.0,ADD 4,0,1,12701,0,0.0,ADD 5,0,0,0,0,0.0,ADD 6,0,1,12772,0,0.0,ADD 7,0,0,0,0,0.0,EGT2CAN,0,1,12772,0,0.0
1778949375.823364,0.0,12800,-51.0,0,-,0,0,0,0,0.0,-,0,0,0,0,0.0,ECU,1,1,12756,0,0.0,FAN1,0,0,0,0,0.0,COILS,8,1,0,0,0.0,PUMP,0,0,0,0,0.0,INJECTOR,8,1,60,0,0.0,SERVO,1,1,12756,0,0.0,ADD 1,0,1,12788,0,0.0,ADD 2,0,1,12810,0,0.0,ADD 3,0,1,12739,0,0.0,ADD 4,0,1,12723,0,0.0,ADD 5,0,0,0,0,0.0,ADD 6,0,1,12788,0,0.0,ADD 7,0,0,0,0,0.0,EGT2CAN,0,1,12734,0,0.0
1778949375.8769035,0.0,12800,-51.0,0,-,0,0,0,0,0.0,-,0,0,0,0,0.0,ECU,1,1,12745,0,0.0,FAN1,0,0,0,0,0.0,COILS,8,1,0,0,0.0,PUMP,0,0,0,0,0.0,INJECTOR,8,1,65,0,0.0,SERVO,1,1,12723,0,0.0,ADD 1,0,1,12810,0,0.0,ADD 2,0,1,12805,0,0.0,ADD 3,0,1,12761,0,0.0,ADD 4,0,1,12766,0,0.0,ADD 5,0,0,0,0,0.0,ADD 6,0,1,12805,0,0.0,ADD 7,0,0,0,0,0.0,EGT2CAN,0,1,12717,0,0.0
1778949375.9288557,0.0,12807,-51.0,0,-,0,0,0,0,0.0,-,0,0,0,0,0.0,ECU,1,1,12745,0,0.0,FAN1,0,0,0,0,0.0,COILS,8,1,0,0,0.0,PUMP,0,0,0,0,0.0,INJECTOR,8,1,65,0,0.0,SERVO,1,1,12723,0,0.0,ADD 1,0,1,12810,0,0.0,ADD 2,0,1,12805,0,0.0,ADD 3,0,1,12761,0,0.0,ADD 4,0,1,12766,0,0.0,ADD 5,0,0,0,0,0.0,ADD 6,0,1,12805,0,0.0,ADD 7,0,0,0,0,0.0,EGT2CAN,0,1,12717,0,0.0
1778949375.981699,0.0,12751,-52.0,0,-,0,0,0,0,0.0,-,0,0,0,0,0.0,ECU,1,1,12723,0,0.0,FAN1,0,0,0,0,0.0,COILS,8,1,0,0,0.0,PUMP,0,0,0,0,0.0,INJECTOR,8,1,71,0,0.0,SERVO,1,1,12756,0,0.0,ADD 1,0,1,12761,0,0.0,ADD 2,0,1,12756,0,0.0,ADD 3,0,1,12772,0,0.0,ADD 4,0,1,12756,0,0.0,ADD 5,0,0,0,0,0.0,ADD 6,0,1,12821,0,0.0,ADD 7,0,0,0,0,0.0,EGT2CAN,0,1,12728,0,0.0
1778949376.032467,0.0,12751,-52.0,0,-,0,0,0,0,0.0,-,0,0,0,0,0.0,ECU,1,1,12717,0,0.0,FAN1,0,0,0,0,0.0,COILS,8,1,0,0,0.0,PUMP,0,0,0,0,0.0,INJECTOR,8,1,71,0,0.0,SERVO,1,1,12756,0,0.0,ADD 1,0,1,12761,0,0.0,ADD 2,0,1,12756,0,0.0,ADD 3,0,1,12772,0,0.0,ADD 4,0,1,12756,0,0.0,ADD 5,0,0,0,0,0.0,ADD 6,0,1,12821,0,0.0,ADD 7,0,0,0,0,0.0,EGT2CAN,0,1,12728,0,0.0
1778949376.083479,0.0,12800,-51.0,0,-,0,0,0,0,0.0,-,0,0,0,0,0.0,ECU,1,1,12717,0,0.0,FAN1,0,0,0,0,0.0,COILS,8,1,0,0,0.0,PUMP,0,0,0,0,0.0,INJECTOR,8,1,65,0,0.0,SERVO,1,1,12739,0,0.0,ADD 1,0,1,12756,0,0.0,ADD 2,0,1,12766,0,0.0,ADD 3,0,1,12794,0,0.0,ADD 4,0,1,12756,0,0.0,ADD 5,0,0,0,0,0.0,ADD 6,0,1,12788,0,0.0,ADD 7,0,0,0,0,0.0,EGT2CAN,0,1,12766,0,0.0
1778949376.156596,0.0,12751,-52.0,0,-,0,0,0,0,0.0,-,0,0,0,0,0.0,ECU,1,1,12766,0,0.0,FAN1,0,0,0,0,0.0,COILS,8,1,0,0,0.0,PUMP,0,0,0,0,0.0,INJECTOR,8,1,65,0,0.0,SERVO,1,1,12766,0,0.0,ADD 1,0,1,12766,0,0.0,ADD 2,0,1,12799,0,0.0,ADD 3,0,1,12799,0,0.0,ADD 4,0,1,12728,0,0.0,ADD 5,0,0,0,0,0.0,ADD 6,0,1,12788,0,0.0,ADD 7,0,0,0,0,0.0,EGT2CAN,0,1,12788,0,0.0
1778949376.2083218,0.0,12751,-52.0,0,-,0,0,0,0,0.0,-,0,0,0,0,0.0,ECU,1,1,12788,0,0.0,FAN1,0,0,0,0,0.0,COILS,8,1,0,0,0.0,PUMP,0,0,0,0,0.0,INJECTOR,8,1,60,0,0.0,SERVO,1,1,12739,0,0.0,ADD 1,0,1,12684,0,0.0,ADD 2,0,1,12745,0,0.0,ADD 3,0,1,12772,0,0.0,ADD 4,0,1,12728,0,0.0,ADD 5,0,0,0,0,0.0,ADD 6,0,1,12788,0,0.0,ADD 7,0,0,0,0,0.0,EGT2CAN,0,1,12788,0,0.0
1778949376.2590451,0.0,12788,-52.0,0,-,0,0,0,0,0.0,-,0,0,0,0,0.0,ECU,1,1,12783,0,0.0,FAN1,0,0,0,0,0.0,COILS,8,1,0,0,0.0,PUMP,0,0,0,0,0.0,INJECTOR,8,1,65,0,0.0,SERVO,1,1,12739,0,0.0,ADD 1,0,1,12788,0,0.0,ADD 2,0,1,12766,0,0.0,ADD 3,0,1,12739,0,0.0,ADD 4,0,1,12739,0,0.0,ADD 5,0,0,0,0,0.0,ADD 6,0,1,12788,0,0.0,ADD 7,0,0,0,0,0.0,EGT2CAN,0,1,12745,0,0.0
1778949376.3098552,0.0,12788,-52.0,0,-,0,0,0,0,0.0,-,0,0,0,0,0.0,ECU,1,1,12783,0,0.0,FAN1,0,0,0,0,0.0,COILS,8,1,0,0,0.0,PUMP,0,0,0,0,0.0,INJECTOR,8,1,65,0,0.0,SERVO,1,1,12739,0,0.0,ADD 1,0,1,12788,0,0.0,ADD 2,0,1,12766,0,0.0,ADD 3,0,1,12739,0,0.0,ADD 4,0,1,12739,0,0.0,ADD 5,0,0,0,0,0.0,ADD 6,0,1,12788,0,0.0,ADD 7,0,0,0,0,0.0,EGT2CAN,0,1,12745,0,0.0
1778949376.3610325,0.0,12788,-52.0,0,-,0,0,0,0,0.0,-,0,0,0,0,0.0,ECU,1,1,12810,0,0.0,FAN1,0,0,0,0,0.0,COILS,8,1,0,0,0.0,PUMP,0,0,0,0,0.0,INJECTOR,8,1,65,0,0.0,SERVO,1,1,12772,0,0.0,ADD 1,0,1,12772,0,0.0,ADD 2,0,1,12805,0,0.0,ADD 3,0,1,12794,0,0.0,ADD 4,0,1,12772,0,0.0,ADD 5,0,0,0,0,0.0,ADD 6,0,1,12788,0,0.0,ADD 7,0,0,0,0,0.0,EGT2CAN,0,1,12745,0,0.0
1778949376.4212291,0.0,12800,-53.0,0,-,0,0,0,0,0.0,-,0,0,0,0,0.0,ECU,1,1,12756,0,0.0,FAN1,0,0,0,0,0.0,COILS,8,1,0,0,0.0,PUMP,0,0,0,0,0.0,INJECTOR,8,1,65,0,0.0,SERVO,1,1,12766,0,0.0,ADD 1,0,1,12756,0,0.0,ADD 2,0,1,12739,0,0.0,ADD 3,0,1,12772,0,0.0,ADD 4,0,1,12717,0,0.0,ADD 5,0,0,0,0,0.0,ADD 6,0,1,12832,0,0.0,ADD 7,0,0,0,0,0.0,EGT2CAN,0,1,12794,0,0.0
1778949376.4767656,0.0,12800,-53.0,0,-,0,0,0,0,0.0,-,0,0,0,0,0.0,ECU,1,1,12777,0,0.0,FAN1,0,0,0,0,0.0,COILS,8,1,0,0,0.0,PUMP,0,0,0,0,0.0,INJECTOR,8,1,65,0,0.0,SERVO,1,1,12766,0,0.0,ADD 1,0,1,12756,0,0.0,ADD 2,0,1,12739,0,0.0,ADD 3,0,1,12772,0,0.0,ADD 4,0,1,12717,0,0.0,ADD 5,0,0,0,0,0.0,ADD 6,0,1,12832,0,0.0,ADD 7,0,0,0,0,0.0,EGT2CAN,0,1,12794,0,0.0
1778949376.5276654,0.0,12757,-51.0,0,-,0,0,0,0,0.0,-,0,0,0,0,0.0,ECU,1,1,12805,0,0.0,FAN1,0,0,0,0,0.0,COILS,8,1,0,0,0.0,PUMP,0,0,0,0,0.0,INJECTOR,8,1,65,0,0.0,SERVO,1,1,12772,0,0.0,ADD 1,0,1,12810,0,0.0,ADD 2,0,1,12799,0,0.0,ADD 3,0,1,12805,0,0.0,ADD 4,0,1,12772,0,0.0,ADD 5,0,0,0,0,0.0,ADD 6,0,1,12788,0,0.0,ADD 7,0,0,0,0,0.0,EGT2CAN,0,1,12777,0,0.0
1778949376.5885694,0.0,12739,-52.0,0,-,0,0,0,0,0.0,-,0,0,0,0,0.0,ECU,1,1,12684,0,0.0,FAN1,0,0,0,0,0.0,COILS,8,1,0,0,0.0,PUMP,0,0,0,0,0.0,INJECTOR,8,1,65,0,0.0,SERVO,1,1,12734,0,0.0,ADD 1,0,1,12788,0,0.0,ADD 2,0,1,12788,0,0.0,ADD 3,0,1,12766,0,0.0,ADD 4,0,1,12772,0,0.0,ADD 5,0,0,0,0,0.0,ADD 6,0,1,12805,0,0.0,ADD 7,0,0,0,0,0.0,EGT2CAN,0,1,12788,0,0.0
1778949376.6411934,0.0,12739,-52.0,0,-,0,0,0,0,0.0,-,0,0,0,0,0.0,ECU,1,1,12810,0,0.0,FAN1,0,0,0,0,0.0,COILS,8,1,0,0,0.0,PUMP,0,0,0,0,0.0,INJECTOR,8,1,65,0,0.0,SERVO,1,1,12745,0,0.0,ADD 1,0,1,12766,0,0.0,ADD 2,0,1,12783,0,0.0,ADD 3,0,1,12734,0,0.0,ADD 4,0,1,12723,0,0.0,ADD 5,0,0,0,0,0.0,ADD 6,0,1,12805,0,0.0,ADD 7,0,0,0,0,0.0,EGT2CAN,0,1,12788,0,0.0
1778949376.6984391,0.0,12782,-52.0,0,-,0,0,0,0,0.0,-,0,0,0,0,0.0,ECU,1,1,12766,0,0.0,FAN1,0,0,0,0,0.0,COILS,8,1,0,0,0.0,PUMP,0,0,0,0,0.0,INJECTOR,8,1,98,0,0.0,SERVO,1,1,12728,0,0.0,ADD 1,0,1,12684,0,0.0,ADD 2,0,1,12810,0,0.0,ADD 3,0,1,12684,0,0.0,ADD 4,0,1,12728,0,0.0,ADD 5,0,0,0,0,0.0,ADD 6,0,1,12832,0,0.0,ADD 7,0,0,0,0,0.0,EGT2CAN,0,1,12799,0,0.0
1778949376.7557743,0.0,12800,-52.0,0,-,0,0,0,0,0.0,-,0,0,0,0,0.0,ECU,1,1,12794,0,0.0,FAN1,0,0,0,0,0.0,COILS,8,1,0,0,0.0,PUMP,0,0,0,0,0.0,INJECTOR,8,1,65,0,0.0,SERVO,1,1,12772,0,0.0,ADD 1,0,1,12766,0,0.0,ADD 2,0,1,12739,0,0.0,ADD 3,0,1,12717,0,0.0,ADD 4,0,1,12739,0,0.0,ADD 5,0,0,0,0,0.0,ADD 6,0,1,12832,0,0.0,ADD 7,0,0,0,0,0.0,EGT2CAN,0,1,12772,0,0.0
1778949376.806586,0.0,12800,-51.0,0,-,0,0,0,0,0.0,-,0,0,0,0,0.0,ECU,1,1,12750,0,0.0,FAN1,0,0,0,0,0.0,COILS,8,1,0,0,0.0,PUMP,0,0,0,0,0.0,INJECTOR,8,1,65,0,0.0,SERVO,1,1,12766,0,0.0,ADD 1,0,1,12756,0,0.0,ADD 2,0,1,12723,0,0.0,ADD 3,0,1,12739,0,0.0,ADD 4,0,1,12739,0,0.0,ADD 5,0,0,0,0,0.0,ADD 6,0,1,12832,0,0.0,ADD 7,0,0,0,0,0.0,EGT2CAN,0,1,12766,0,0.0
1778949376.867507,0.0,12800,-51.0,0,-,0,0,0,0,0.0,-,0,0,0,0,0.0,ECU,1,1,12805,0,0.0,FAN1,0,0,0,0,0.0,COILS,8,1,0,0,0.0,PUMP,0,0,0,0,0.0,INJECTOR,8,1,65,0,0.0,SERVO,1,1,12766,0,0.0,ADD 1,0,1,12756,0,0.0,ADD 2,0,1,12723,0,0.0,ADD 3,0,1,12739,0,0.0,ADD 4,0,1,12739,0,0.0,ADD 5,0,0,0,0,0.0,ADD 6,0,1,12832,0,0.0,ADD 7,0,0,0,0,0.0,EGT2CAN,0,1,12766,0,0.0
1778949376.919413,0.0,12800,-51.0,0,-,0,0,0,0,0.0,-,0,0,0,0,0.0,ECU,1,1,12805,0,0.0,FAN1,0,0,0,0,0.0,COILS,8,1,0,0,0.0,PUMP,0,0,0,0,0.0,INJECTOR,8,1,60,0,0.0,SERVO,1,1,12788,0,0.0,ADD 1,0,1,12810,0,0.0,ADD 2,0,1,12766,0,0.0,ADD 3,0,1,12723,0,0.0,ADD 4,0,1,12739,0,0.0,ADD 5,0,0,0,0,0.0,ADD 6,0,1,12821,0,0.0,ADD 7,0,0,0,0,0.0,EGT2CAN,0,1,12783,0,0.0
1778949376.9802356,0.0,12800,-52.0,0,-,0,0,0,0,0.0,-,0,0,0,0,0.0,ECU,1,1,12788,0,0.0,FAN1,0,0,0,0,0.0,COILS,8,1,0,0,0.0,PUMP,0,0,0,0,0.0,INJECTOR,8,1,98,0,0.0,SERVO,1,1,12750,0,0.0,ADD 1,0,1,12766,0,0.0,ADD 2,0,1,12684,0,0.0,ADD 3,0,1,12745,0,0.0,ADD 4,0,1,12684,0,0.0,ADD 5,0,0,0,0,0.0,ADD 6,0,1,12799,0,0.0,ADD 7,0,0,0,0,0.0,EGT2CAN,0,1,12794,0,0.0
1778949377.0308528,0.0,12800,-52.0,0,-,0,0,0,0,0.0,-,0,0,0,0,0.0,ECU,1,1,12745,0,0.0,FAN1,0,0,0,0,0.0,COILS,8,1,0,0,0.0,PUMP,0,0,0,0,0.0,INJECTOR,8,1,43,0,0.0,SERVO,1,1,12723,0,0.0,ADD 1,0,1,12728,0,0.0,ADD 2,0,1,12750,0,0.0,ADD 3,0,1,12745,0,0.0,ADD 4,0,1,12750,0,0.0,ADD 5,0,0,0,0,0.0,ADD 6,0,1,12799,0,0.0,ADD 7,0,0,0,0,0.0,EGT2CAN,0,1,12794,0,0.0
1778949377.0812755,0.0,12800,-52.0,0,-,0,0,0,0,0.0,-,0,0,0,0,0.0,ECU,1,1,12745,0,0.0,FAN1,0,0,0,0,0.0,COILS,8,1,0,0,0.0,PUMP,0,0,0,0,0.0,INJECTOR,8,1,43,0,0.0,SERVO,1,1,12723,0,0.0,ADD 1,0,1,12728,0,0.0,ADD 2,0,1,12750,0,0.0,ADD 3,0,1,12745,0,0.0,ADD 4,0,1,12750,0,0.0,ADD 5,0,0,0,0,0.0,ADD 6,0,1,12799,0,0.0,ADD 7,0,0,0,0,0.0,EGT2CAN,0,1,12794,0,0.0
1778949377.131629,0.0,12800,-51.0,0,-,0,0,0,0,0.0,-,0,0,0,0,0.0,ECU,1,1,12750,0,0.0,FAN1,0,0,0,0,0.0,COILS,8,1,0,0,0.0,PUMP,0,0,0,0,0.0,INJECTOR,8,1,60,0,0.0,SERVO,1,1,12734,0,0.0,ADD 1,0,1,12788,0,0.0,ADD 2,0,1,12788,0,0.0,ADD 3,0,1,12717,0,0.0,ADD 4,0,1,12745,0,0.0,ADD 5,0,0,0,0,0.0,ADD 6,0,1,12810,0,0.0,ADD 7,0,0,0,0,0.0,EGT2CAN,0,1,12750,0,0.0
1778949377.1857107,0.0,12794,-51.0,0,-,0,0,0,0,0.0,-,0,0,0,0,0.0,ECU,1,1,12788,0,0.0,FAN1,0,0,0,0,0.0,COILS,8,1,0,0,0.0,PUMP,0,0,0,0,0.0,INJECTOR,8,1,65,0,0.0,SERVO,1,1,12756,0,0.0,ADD 1,0,1,12761,0,0.0,ADD 2,0,1,12805,0,0.0,ADD 3,0,1,12805,0,0.0,ADD 4,0,1,12739,0,0.0,ADD 5,0,0,0,0,0.0,ADD 6,0,1,12827,0,0.0,ADD 7,0,0,0,0,0.0,EGT2CAN,0,1,12788,0,0.0
1778949377.2373157,0.0,12794,-51.0,0,-,0,0,0,0,0.0,-,0,0,0,0,0.0,ECU,1,1,12756,0,0.0,FAN1,0,0,0,0,0.0,COILS,8,1,0,0,0.0,PUMP,0,0,0,0,0.0,INJECTOR,8,1,65,0,0.0,SERVO,1,1,12750,0,0.0,ADD 1,0,1,12761,0,0.0,ADD 2,0,1,12805,0,0.0,ADD 3,0,1,12805,0,0.0,ADD 4,0,1,12739,0,0.0,ADD 5,0,0,0,0,0.0,ADD 6,0,1,12827,0,0.0,ADD 7,0,0,0,0,0.0,EGT2CAN,0,1,12788,0,0.0
1778949377.2948475,0.0,12757,-51.0,0,-,0,0,0,0,0.0,-,0,0,0,0,0.0,ECU,1,1,12750,0,0.0,FAN1,0,0,0,0,0.0,COILS,8,1,0,0,0.0,PUMP,0,0,0,0,0.0,INJECTOR,8,1,65,0,0.0,SERVO,1,1,12750,0,0.0,ADD 1,0,1,12717,0,0.0,ADD 2,0,1,12788,0,0.0,ADD 3,0,1,12717,0,0.0,ADD 4,0,1,12772,0,0.0,ADD 5,0,0,0,0,0.0,ADD 6,0,1,12772,0,0.0,ADD 7,0,0,0,0,0.0,EGT2CAN,0,1,12734,0,0.0
1778949377.360988,0.0,12807,-51.0,0,-,0,0,0,0,0.0,-,0,0,0,0,0.0,ECU,1,1,12706,0,0.0,FAN1,0,0,0,0,0.0,COILS,8,1,0,0,0.0,PUMP,0,0,0,0,0.0,INJECTOR,8,1,60,0,0.0,SERVO,1,1,12728,0,0.0,ADD 1,0,1,12750,0,0.0,ADD 2,0,1,12788,0,0.0,ADD 3,0,1,12734,0,0.0,ADD 4,0,1,12712,0,0.0,ADD 5,0,0,0,0,0.0,ADD 6,0,1,12799,0,0.0,ADD 7,0,0,0,0,0.0,EGT2CAN,0,1,12766,0,0.0
1778949377.4113884,0.0,12800,-51.0,0,-,0,0,0,0,0.0,-,0,0,0,0,0.0,ECU,1,1,12772,0,0.0,FAN1,0,0,0,0,0.0,COILS,8,1,0,0,0.0,PUMP,0,0,0,0,0.0,INJECTOR,8,1,65,0,0.0,SERVO,1,1,12772,0,0.0,ADD 1,0,1,12777,0,0.0,ADD 2,0,1,12816,0,0.0,ADD 3,0,1,12794,0,0.0,ADD 4,0,1,12766,0,0.0,ADD 5,0,0,0,0,0.0,ADD 6,0,1,12788,0,0.0,ADD 7,0,0,0,0,0.0,EGT2CAN,0,1,12717,0,0.0
1778949377.462457,0.0,12800,-51.0,0,-,0,0,0,0,0.0,-,0,0,0,0,0.0,ECU,1,1,12772,0,0.0,FAN1,0,0,0,0,0.0,COILS,8,1,0,0,0.0,PUMP,0,0,0,0,0.0,INJECTOR,8,1,65,0,0.0,SERVO,1,1,12772,0,0.0,ADD 1,0,1,12777,0,0.0,ADD 2,0,1,12816,0,0.0,ADD 3,0,1,12794,0,0.0,ADD 4,0,1,12766,0,0.0,ADD 5,0,0,0,0,0.0,ADD 6,0,1,12788,0,0.0,ADD 7,0,0,0,0,0.0,EGT2CAN,0,1,12717,0,0.0
1778949377.5153475,0.0,12800,-51.0,0,-,0,0,0,0,0.0,-,0,0,0,0,0.0,ECU,1,1,12766,0,0.0,FAN1,0,0,0,0,0.0,COILS,8,1,0,0,0.0,PUMP,0,0,0,0,0.0,INJECTOR,8,1,65,0,0.0,SERVO,1,1,12717,0,0.0,ADD 1,0,1,12684,0,0.0,ADD 2,0,1,12783,0,0.0,ADD 3,0,1,12783,0,0.0,ADD 4,0,1,12723,0,0.0,ADD 5,0,0,0,0,0.0,ADD 6,0,1,12783,0,0.0,ADD 7,0,0,0,0,0.0,EGT2CAN,0,1,12717,0,0.0
1778949377.575628,0.0,12813,-51.0,0,-,0,0,0,0,0.0,-,0,0,0,0,0.0,ECU,1,1,12766,0,0.0,FAN1,0,0,0,0,0.0,COILS,8,1,0,0,0.0,PUMP,0,0,0,0,0.0,INJECTOR,8,1,60,0,0.0,SERVO,1,1,12756,0,0.0,ADD 1,0,1,12756,0,0.0,ADD 2,0,1,12810,0,0.0,ADD 3,0,1,12777,0,0.0,ADD 4,0,1,12695,0,0.0,ADD 5,0,0,0,0,0.0,ADD 6,0,1,12777,0,0.0,ADD 7,0,0,0,0,0.0,EGT2CAN,0,1,12783,0,0.0
1778949377.6403015,0.0,12813,-51.0,0,-,0,0,0,0,0.0,-,0,0,0,0,0.0,ECU,1,1,12712,0,0.0,FAN1,0,0,0,0,0.0,COILS,8,1,0,0,0.0,PUMP,0,0,0,0,0.0,INJECTOR,8,1,65,0,0.0,SERVO,1,1,12777,0,0.0,ADD 1,0,1,12756,0,0.0,ADD 2,0,1,12810,0,0.0,ADD 3,0,1,12777,0,0.0,ADD 4,0,1,12695,0,0.0,ADD 5,0,0,0,0,0.0,ADD 6,0,1,12777,0,0.0,ADD 7,0,0,0,0,0.0,EGT2CAN,0,1,12783,0,0.0
1778949377.6968968,0.0,12800,-52.0,0,-,0,0,0,0,0.0,-,0,0,0,0,0.0,ECU,1,1,12684,0,0.0,FAN1,0,0,0,0,0.0,COILS,8,1,0,0,0.0,PUMP,0,0,0,0,0.0,INJECTOR,8,1,65,0,0.0,SERVO,1,1,12717,0,0.0,ADD 1,0,1,12788,0,0.0,ADD 2,0,1,12766,0,0.0,ADD 3,0,1,12766,0,0.0,ADD 4,0,1,12717,0,0.0,ADD 5,0,0,0,0,0.0,ADD 6,0,1,12810,0,0.0,ADD 7,0,0,0,0,0.0,EGT2CAN,0,1,12766,0,0.0
1778949377.7502706,0.0,12751,-51.0,0,-,0,0,0,0,0.0,-,0,0,0,0,0.0,ECU,1,1,12684,0,0.0,FAN1,0,0,0,0,0.0,COILS,8,1,0,0,0.0,PUMP,0,0,0,0,0.0,INJECTOR,8,1,65,0,0.0,SERVO,1,1,12717,0,0.0,ADD 1,0,1,12788,0,0.0,ADD 2,0,1,12766,0,0.0,ADD 3,0,1,12766,0,0.0,ADD 4,0,1,12717,0,0.0,ADD 5,0,0,0,0,0.0,ADD 6,0,1,12684,0,0.0,ADD 7,0,0,0,0,0.0,EGT2CAN,0,1,12766,0,0.0
1778949377.8008945,0.0,12751,-51.0,0,-,0,0,0,0,0.0,-,0,0,0,0,0.0,ECU,1,1,12766,0,0.0,FAN1,0,0,0,0,0.0,COILS,8,1,0,0,0.0,PUMP,0,0,0,0,0.0,INJECTOR,8,1,65,0,0.0,SERVO,1,1,12756,0,0.0,ADD 1,0,1,12788,0,0.0,ADD 2,0,1,12821,0,0.0,ADD 3,0,1,12805,0,0.0,ADD 4,0,1,12745,0,0.0,ADD 5,0,0,0,0,0.0,ADD 6,0,1,12684,0,0.0,ADD 7,0,0,0,0,0.0,EGT2CAN,0,1,12766,0,0.0
1778949377.8519967,0.0,12788,-51.0,0,-,0,0,0,0,0.0,-,0,0,0,0,0.0,ECU,1,1,12788,0,0.0,FAN1,0,0,0,0,0.0,COILS,8,1,0,0,0.0,PUMP,0,0,0,0,0.0,INJECTOR,8,1,65,0,0.0,SERVO,1,1,12777,0,0.0,ADD 1,0,1,12794,0,0.0,ADD 2,0,1,12832,0,0.0,ADD 3,0,1,12794,0,0.0,ADD 4,0,1,12766,0,0.0,ADD 5,0,0,0,0,0.0,ADD 6,0,1,12788,0,0.0,ADD 7,0,0,0,0,0.0,EGT2CAN,0,1,12766,0,0.0
1778949377.9047081,0.0,12794,-51.0,0,-,0,0,0,0,0.0,-,0,0,0,0,0.0,ECU,1,1,12788,0,0.0,FAN1,0,0,0,0,0.0,COILS,8,1,0,0,0.0,PUMP,0,0,0,0,0.0,INJECTOR,8,1,65,0,0.0,SERVO,1,1,12777,0,0.0,ADD 1,0,1,12794,0,0.0,ADD 2,0,1,12832,0,0.0,ADD 3,0,1,12794,0,0.0,ADD 4,0,1,12766,0,0.0,ADD 5,0,0,0,0,0.0,ADD 6,0,1,12788,0,0.0,ADD 7,0,0,0,0,0.0,EGT2CAN,0,1,12766,0,0.0
1778949377.9557347,0.0,12794,-51.0,0,-,0,0,0,0,0.0,-,0,0,0,0,0.0,ECU,1,1,12777,0,0.0,FAN1,0,0,0,0,0.0,COILS,8,1,0,0,0.0,PUMP,0,0,0,0,0.0,INJECTOR,8,1,65,0,0.0,SERVO,1,1,12783,0,0.0,ADD 1,0,1,12810,0,0.0,ADD 2,0,1,12766,0,0.0,ADD 3,0,1,12794,0,0.0,ADD 4,0,1,12766,0,0.0,ADD 5,0,0,0,0,0.0,ADD 6,0,1,12810,0,0.0,ADD 7,0,0,0,0,0.0,EGT2CAN,0,1,12750,0,0.0
1778949378.0122266,0.0,12800,-51.0,0,-,0,0,0,0,0.0,-,0,0,0,0,0.0,ECU,1,1,12799,0,0.0,FAN1,0,0,0,0,0.0,COILS,8,1,0,0,0.0,PUMP,0,0,0,0,0.0,INJECTOR,8,1,65,0,0.0,SERVO,1,1,12777,0,0.0,ADD 1,0,1,12794,0,0.0,ADD 2,0,1,12794,0,0.0,ADD 3,0,1,12739,0,0.0,ADD 4,0,1,12756,0,0.0,ADD 5,0,0,0,0,0.0,ADD 6,0,1,12777,0,0.0,ADD 7,0,0,0,0,0.0,EGT2CAN,0,1,12783,0,0.0
1778949378.0676236,0.0,12800,-51.0,0,-,0,0,0,0,0.0,-,0,0,0,0,0.0,ECU,1,1,12799,0,0.0,FAN1,0,0,0,0,0.0,COILS,8,1,0,0,0.0,PUMP,0,0,0,0,0.0,INJECTOR,8,1,65,0,0.0,SERVO,1,1,12777,0,0.0,ADD 1,0,1,12794,0,0.0,ADD 2,0,1,12794,0,0.0,ADD 3,0,1,12739,0,0.0,ADD 4,0,1,12756,0,0.0,ADD 5,0,0,0,0,0.0,ADD 6,0,1,12777,0,0.0,ADD 7,0,0,0,0,0.0,EGT2CAN,0,1,12783,0,0.0
1778949378.1186996,0.0,12800,-51.0,0,-,0,0,0,0,0.0,-,0,0,0,0,0.0,ECU,1,1,12788,0,0.0,FAN1,0,0,0,0,0.0,COILS,8,1,0,0,0.0,PUMP,0,0,0,0,0.0,INJECTOR,8,1,65,0,0.0,SERVO,1,1,12717,0,0.0,ADD 1,0,1,12766,0,0.0,ADD 2,0,1,12810,0,0.0,ADD 3,0,1,12788,0,0.0,ADD 4,0,1,12723,0,0.0,ADD 5,0,0,0,0,0.0,ADD 6,0,1,12739,0,0.0,ADD 7,0,0,0,0,0.0,EGT2CAN,0,1,12777,0,0.0
1778949378.1778114,0.0,12788,-51.0,0,-,0,0,0,0,0.0,-,0,0,0,0,0.0,ECU,1,1,12805,0,0.0,FAN1,0,0,0,0,0.0,COILS,8,1,0,0,0.0,PUMP,0,0,0,0,0.0,INJECTOR,8,1,65,0,0.0,SERVO,1,1,12772,0,0.0,ADD 1,0,1,12701,0,0.0,ADD 2,0,1,12750,0,0.0,ADD 3,0,1,12739,0,0.0,ADD 4,0,1,12728,0,0.0,ADD 5,0,0,0,0,0.0,ADD 6,0,1,12772,0,0.0,ADD 7,0,0,0,0,0.0,EGT2CAN,0,1,12794,0,0.0
1778949378.2308755,0.0,12788,-51.0,0,-,0,0,0,0,0.0,-,0,0,0,0,0.0,ECU,1,1,12805,0,0.0,FAN1,0,0,0,0,0.0,COILS,8,1,0,0,0.0,PUMP,0,0,0,0,0.0,INJECTOR,8,1,65,0,0.0,SERVO,1,1,12772,0,0.0,ADD 1,0,1,12701,0,0.0,ADD 2,0,1,12750,0,0.0,ADD 3,0,1,12739,0,0.0,ADD 4,0,1,12728,0,0.0,ADD 5,0,0,0,0,0.0,ADD 6,0,1,12772,0,0.0,ADD 7,0,0,0,0,0.0,EGT2CAN,0,1,12794,0,0.0
1778949378.2833223,0.0,12769,-52.0,0,-,0,0,0,0,0.0,-,0,0,0,0,0.0,ECU,1,1,12794,0,0.0,FAN1,0,0,0,0,0.0,COILS,8,1,0,0,0.0,PUMP,0,0,0,0,0.0,INJECTOR,8,1,60,0,0.0,SERVO,1,1,12788,0,0.0,ADD 1,0,1,12788,0,0.0,ADD 2,0,1,12788,0,0.0,ADD 3,0,1,12739,0,0.0,ADD 4,0,1,12756,0,0.0,ADD 5,0,0,0,0,0.0,ADD 6,0,1,12816,0,0.0,ADD 7,0,0,0,0,0.0,EGT2CAN,0,1,12717,0,0.0
1778949378.3338938,0.0,12769,-52.0,0,-,0,0,0,0,0.0,-,0,0,0,0,0.0,ECU,1,1,12788,0,0.0,FAN1,0,0,0,0,0.0,COILS,8,1,0,0,0.0,PUMP,0,0,0,0,0.0,INJECTOR,8,1,60,0,0.0,SERVO,1,1,12788,0,0.0,ADD 1,0,1,12788,0,0.0,ADD 2,0,1,12788,0,0.0,ADD 3,0,1,12739,0,0.0,ADD 4,0,1,12756,0,0.0,ADD 5,0,0,0,0,0.0,ADD 6,0,1,12816,0,0.0,ADD 7,0,0,0,0,0.0,EGT2CAN,0,1,12717,0,0.0
1778949378.3846061,0.0,12769,-52.0,0,-,0,0,0,0,0.0,-,0,0,0,0,0.0,ECU,1,1,12788,0,0.0,FAN1,0,0,0,0,0.0,COILS,8,1,0,0,0.0,PUMP,0,0,0,0,0.0,INJECTOR,8,1,87,0,0.0,SERVO,1,1,12717,0,0.0,ADD 1,0,1,12799,0,0.0,ADD 2,0,1,12772,0,0.0,ADD 3,0,1,12794,0,0.0,ADD 4,0,1,12761,0,0.0,ADD 5,0,0,0,0,0.0,ADD 6,0,1,12827,0,0.0,ADD 7,0,0,0,0,0.0,EGT2CAN,0,1,12717,0,0.0
1778949378.4389942,0.0,12813,-51.0,0,-,0,0,0,0,0.0,-,0,0,0,0,0.0,ECU,1,1,12805,0,0.0,FAN1,0,0,0,0,0.0,COILS,8,1,0,0,0.0,PUMP,0,0,0,0,0.0,INJECTOR,8,1,54,0,0.0,SERVO,1,1,12777,0,0.0,ADD 1,0,1,12739,0,0.0,ADD 2,0,1,12766,0,0.0,ADD 3,0,1,12788,0,0.0,ADD 4,0,1,12706,0,0.0,ADD 5,0,0,0,0,0.0,ADD 6,0,1,12799,0,0.0,ADD 7,0,0,0,0,0.0,EGT2CAN,0,1,12777,0,0.0
1778949378.5067286,0.0,12813,-51.0,0,-,0,0,0,0,0.0,-,0,0,0,0,0.0,ECU,1,1,12766,0,0.0,FAN1,0,0,0,0,0.0,COILS,8,1,0,0,0.0,PUMP,0,0,0,0,0.0,INJECTOR,8,1,60,0,0.0,SERVO,1,1,12766,0,0.0,ADD 1,0,1,12805,0,0.0,ADD 2,0,1,12810,0,0.0,ADD 3,0,1,12805,0,0.0,ADD 4,0,1,12772,0,0.0,ADD 5,0,0,0,0,0.0,ADD 6,0,1,12799,0,0.0,ADD 7,0,0,0,0,0.0,EGT2CAN,0,1,12777,0,0.0
1778949378.5577805,0.0,12788,-51.0,0,-,0,0,0,0,0.0,-,0,0,0,0,0.0,ECU,1,1,12799,0,0.0,FAN1,0,0,0,0,0.0,COILS,8,1,0,0,0.0,PUMP,0,0,0,0,0.0,INJECTOR,8,1,65,0,0.0,SERVO,1,1,12777,0,0.0,ADD 1,0,1,12766,0,0.0,ADD 2,0,1,12772,0,0.0,ADD 3,0,1,12799,0,0.0,ADD 4,0,1,12766,0,0.0,ADD 5,0,0,0,0,0.0,ADD 6,0,1,12810,0,0.0,ADD 7,0,0,0,0,0.0,EGT2CAN,0,1,12788,0,0.0
1778949378.6107748,0.0,12788,-51.0,0,-,0,0,0,0,0.0,-,0,0,0,0,0.0,ECU,1,1,12799,0,0.0,FAN1,0,0,0,0,0.0,COILS,8,1,0,0,0.0,PUMP,0,0,0,0,0.0,INJECTOR,8,1,65,0,0.0,SERVO,1,1,12777,0,0.0,ADD 1,0,1,12766,0,0.0,ADD 2,0,1,12772,0,0.0,ADD 3,0,1,12799,0,0.0,ADD 4,0,1,12766,0,0.0,ADD 5,0,0,0,0,0.0,ADD 6,0,1,12810,0,0.0,ADD 7,0,0,0,0,0.0,EGT2CAN,0,1,12788,0,0.0
1778949378.6627827,0.0,12788,-51.0,0,-,0,0,0,0,0.0,-,0,0,0,0,0.0,ECU,1,1,12712,0,0.0,FAN1,0,0,0,0,0.0,COILS,8,1,0,0,0.0,PUMP,0,0,0,0,0.0,INJECTOR,8,1,65,0,0.0,SERVO,1,1,12772,0,0.0,ADD 1,0,1,12788,0,0.0,ADD 2,0,1,12684,0,0.0,ADD 3,0,1,12783,0,0.0,ADD 4,0,1,12684,0,0.0,ADD 5,0,0,0,0,0.0,ADD 6,0,1,12788,0,0.0,ADD 7,0,0,0,0,0.0,EGT2CAN,0,1,12756,0,0.0
1778949378.7172692,0.0,12807,-51.0,0,-,0,0,0,0,0.0,-,0,0,0,0,0.0,ECU,1,1,12745,0,0.0,FAN1,0,0,0,0,0.0,COILS,8,1,0,0,0.0,PUMP,0,0,0,0,0.0,INJECTOR,8,1,65,0,0.0,SERVO,1,1,12750,0,0.0,ADD 1,0,1,12750,0,0.0,ADD 2,0,1,12777,0,0.0,ADD 3,0,1,12756,0,0.0,ADD 4,0,1,12766,0,0.0,ADD 5,0,0,0,0,0.0,ADD 6,0,1,12756,0,0.0,ADD 7,0,0,0,0,0.0,EGT2CAN,0,1,12717,0,0.0
1778949378.7749302,0.0,12807,-51.0,0,-,0,0,0,0,0.0,-,0,0,0,0,0.0,ECU,1,1,12761,0,0.0,FAN1,0,0,0,0,0.0,COILS,8,1,0,0,0.0,PUMP,0,0,0,0,0.0,INJECTOR,8,1,43,0,0.0,SERVO,1,1,12717,0,0.0,ADD 1,0,1,12750,0,0.0,ADD 2,0,1,12777,0,0.0,ADD 3,0,1,12756,0,0.0,ADD 4,0,1,12766,0,0.0,ADD 5,0,0,0,0,0.0,ADD 6,0,1,12756,0,0.0,ADD 7,0,0,0,0,0.0,EGT2CAN,0,1,12717,0,0.0
1778949378.8394463,0.0,12763,-51.0,0,-,0,0,0,0,0.0,-,0,0,0,0,0.0,ECU,1,1,12717,0,0.0,FAN1,0,0,0,0,0.0,COILS,8,1,0,0,0.0,PUMP,0,0,0,0,0.0,INJECTOR,8,1,65,0,0.0,SERVO,1,1,12766,0,0.0,ADD 1,0,1,12810,0,0.0,ADD 2,0,1,12756,0,0.0,ADD 3,0,1,12805,0,0.0,ADD 4,0,1,12739,0,0.0,ADD 5,0,0,0,0,0.0,ADD 6,0,1,12821,0,0.0,ADD 7,0,0,0,0,0.0,EGT2CAN,0,1,12777,0,0.0
1778949378.8903959,0.0,12807,-51.0,0,-,0,0,0,0,0.0,-,0,0,0,0,0.0,ECU,1,1,12717,0,0.0,FAN1,0,0,0,0,0.0,COILS,8,1,0,0,0.0,PUMP,0,0,0,0,0.0,INJECTOR,8,1,60,0,0.0,SERVO,1,1,12745,0,0.0,ADD 1,0,1,12788,0,0.0,ADD 2,0,1,12788,0,0.0,ADD 3,0,1,12783,0,0.0,ADD 4,0,1,12717,0,0.0,ADD 5,0,0,0,0,0.0,ADD 6,0,1,12810,0,0.0,ADD 7,0,0,0,0,0.0,EGT2CAN,0,1,12788,0,0.0
1778949378.9423647,0.0,12807,-51.0,0,-,0,0,0,0,0.0,-,0,0,0,0,0.0,ECU,1,1,12717,0,0.0,FAN1,0,0,0,0,0.0,COILS,8,1,0,0,0.0,PUMP,0,0,0,0,0.0,INJECTOR,8,1,65,0,0.0,SERVO,1,1,12712,0,0.0,ADD 1,0,1,12734,0,0.0,ADD 2,0,1,12777,0,0.0,ADD 3,0,1,12783,0,0.0,ADD 4,0,1,12728,0,0.0,ADD 5,0,0,0,0,0.0,ADD 6,0,1,12810,0,0.0,ADD 7,0,0,0,0,0.0,EGT2CAN,0,1,12788,0,0.0
1778949378.9974167,0.0,12769,-51.0,0,-,0,0,0,0,0.0,-,0,0,0,0,0.0,ECU,1,1,12684,0,0.0,FAN1,0,0,0,0,0.0,COILS,8,1,0,0,0.0,PUMP,0,0,0,0,0.0,INJECTOR,8,1,71,0,0.0,SERVO,1,1,12783,0,0.0,ADD 1,0,1,12788,0,0.0,ADD 2,0,1,12810,0,0.0,ADD 3,0,1,12695,0,0.0,ADD 4,0,1,12717,0,0.0,ADD 5,0,0,0,0,0.0,ADD 6,0,1,12777,0,0.0,ADD 7,0,0,0,0,0.0,EGT2CAN,0,1,12739,0,0.0
1778949379.065024,0.0,12776,-52.0,0,-,0,0,0,0,0.0,-,0,0,0,0,0.0,ECU,1,1,12788,0,0.0,FAN1,0,0,0,0,0.0,COILS,8,1,0,0,0.0,PUMP,0,0,0,0,0.0,INJECTOR,8,1,65,0,0.0,SERVO,1,1,12772,0,0.0,ADD 1,0,1,12761,0,0.0,ADD 2,0,1,12816,0,0.0,ADD 3,0,1,12783,0,0.0,ADD 4,0,1,12723,0,0.0,ADD 5,0,0,0,0,0.0,ADD 6,0,1,12777,0,0.0,ADD 7,0,0,0,0,0.0,EGT2CAN,0,1,12739,0,0.0
1778949379.115402,0.0,12794,-51.0,0,-,0,0,0,0,0.0,-,0,0,0,0,0.0,ECU,1,1,12756,0,0.0,FAN1,0,0,0,0,0.0,COILS,8,1,0,0,0.0,PUMP,0,0,0,0,0.0,INJECTOR,8,1,43,0,0.0,SERVO,1,1,12772,0,0.0,ADD 1,0,1,12756,0,0.0,ADD 2,0,1,12766,0,0.0,ADD 3,0,1,12756,0,0.0,ADD 4,0,1,12756,0,0.0,ADD 5,0,0,0,0,0.0,ADD 6,0,1,12827,0,0.0,ADD 7,0,0,0,0,0.0,EGT2CAN,0,1,12805,0,0.0
1778949379.1688344,0.0,12794,-51.0,0,-,0,0,0,0,0.0,-,0,0,0,0,0.0,ECU,1,1,12756,0,0.0,FAN1,0,0,0,0,0.0,COILS,8,1,0,0,0.0,PUMP,0,0,0,0,0.0,INJECTOR,8,1,43,0,0.0,SERVO,1,1,12772,0,0.0,ADD 1,0,1,12756,0,0.0,ADD 2,0,1,12766,0,0.0,ADD 3,0,1,12756,0,0.0,ADD 4,0,1,12756,0,0.0,ADD 5,0,0,0,0,0.0,ADD 6,0,1,12827,0,0.0,ADD 7,0,0,0,0,0.0,EGT2CAN,0,1,12805,0,0.0
1778949379.2196565,0.0,12794,-51.0,0,-,0,0,0,0,0.0,-,0,0,0,0,0.0,ECU,1,1,12756,0,0.0,FAN1,0,0,0,0,0.0,COILS,8,1,0,0,0.0,PUMP,0,0,0,0,0.0,INJECTOR,8,1,65,0,0.0,SERVO,1,1,12783,0,0.0,ADD 1,0,1,12799,0,0.0,ADD 2,0,1,12772,0,0.0,ADD 3,0,1,12772,0,0.0,ADD 4,0,1,12756,0,0.0,ADD 5,0,0,0,0,0.0,ADD 6,0,1,12745,0,0.0,ADD 7,0,0,0,0,0.0,EGT2CAN,0,1,12739,0,0.0
1778949379.2755072,0.0,12807,-51.0,0,-,0,0,0,0,0.0,-,0,0,0,0,0.0,ECU,1,1,12756,0,0.0,FAN1,0,0,0,0,0.0,COILS,8,1,0,0,0.0,PUMP,0,0,0,0,0.0,INJECTOR,8,1,82,0,0.0,SERVO,1,1,12684,0,0.0,ADD 1,0,1,12788,0,0.0,ADD 2,0,1,12788,0,0.0,ADD 3,0,1,12766,0,0.0,ADD 4,0,1,12717,0,0.0,ADD 5,0,0,0,0,0.0,ADD 6,0,1,12783,0,0.0,ADD 7,0,0,0,0,0.0,EGT2CAN,0,1,12745,0,0.0
1778949379.326639,0.0,12807,-51.0,0,-,0,0,0,0,0.0,-,0,0,0,0,0.0,ECU,1,1,12756,0,0.0,FAN1,0,0,0,0,0.0,COILS,8,1,0,0,0.0,PUMP,0,0,0,0,0.0,INJECTOR,8,1,82,0,0.0,SERVO,1,1,12684,0,0.0,ADD 1,0,1,12788,0,0.0,ADD 2,0,1,12788,0,0.0,ADD 3,0,1,12766,0,0.0,ADD 4,0,1,12717,0,0.0,ADD 5,0,0,0,0,0.0,ADD 6,0,1,12783,0,0.0,ADD 7,0,0,0,0,0.0,EGT2CAN,0,1,12745,0,0.0
1778949379.3792212,0.0,12807,-51.0,0,-,0,0,0,0,0.0,-,0,0,0,0,0.0,ECU,1,1,12777,0,0.0,FAN1,0,0,0,0,0.0,COILS,8,1,0,0,0.0,PUMP,0,0,0,0,0.0,INJECTOR,8,1,71,0,0.0,SERVO,1,1,12728,0,0.0,ADD 1,0,1,12783,0,0.0,ADD 2,0,1,12816,0,0.0,ADD 3,0,1,12750,0,0.0,ADD 4,0,1,12761,0,0.0,ADD 5,0,0,0,0,0.0,ADD 6,0,1,12816,0,0.0,ADD 7,0,0,0,0,0.0,EGT2CAN,0,1,12756,0,0.0
1778949379.4305239,0.0,12776,-51.0,0,-,0,0,0,0,0.0,-,0,0,0,0,0.0,ECU,1,1,12766,0,0.0,FAN1,0,0,0,0,0.0,COILS,8,1,0,0,0.0,PUMP,0,0,0,0,0.0,INJECTOR,8,1,65,0,0.0,SERVO,1,1,12739,0,0.0,ADD 1,0,1,12717,0,0.0,ADD 2,0,1,12799,0,0.0,ADD 3,0,1,12717,0,0.0,ADD 4,0,1,12750,0,0.0,ADD 5,0,0,0,0,0.0,ADD 6,0,1,12794,0,0.0,ADD 7,0,0,0,0,0.0,EGT2CAN,0,1,12756,0,0.0
1778949379.4865026,0.0,12776,-51.0,0,-,0,0,0,0,0.0,-,0,0,0,0,0.0,ECU,1,1,12756,0,0.0,FAN1,0,0,0,0,0.0,COILS,8,1,0,0,0.0,PUMP,0,0,0,0,0.0,INJECTOR,8,1,60,0,0.0,SERVO,1,1,12745,0,0.0,ADD 1,0,1,12739,0,0.0,ADD 2,0,1,12739,0,0.0,ADD 3,0,1,12799,0,0.0,ADD 4,0,1,12750,0,0.0,ADD 5,0,0,0,0,0.0,ADD 6,0,1,12794,0,0.0,ADD 7,0,0,0,0,0.0,EGT2CAN,0,1,12756,0,0.0
1778949379.548505,0.0,12800,-52.0,0,-,0,0,0,0,0.0,-,0,0,0,0,0.0,ECU,1,1,12701,0,0.0,FAN1,0,0,0,0,0.0,COILS,8,1,0,0,0.0,PUMP,0,0,0,0,0.0,INJECTOR,8,1,71,0,0.0,SERVO,1,1,12728,0,0.0,ADD 1,0,1,12788,0,0.0,ADD 2,0,1,12783,0,0.0,ADD 3,0,1,12788,0,0.0,ADD 4,0,1,12734,0,0.0,ADD 5,0,0,0,0,0.0,ADD 6,0,1,12827,0,0.0,ADD 7,0,0,0,0,0.0,EGT2CAN,0,1,12766,0,0.0
1778949379.6000834,0.0,12800,-51.0,0,-,0,0,0,0,0.0,-,0,0,0,0,0.0,ECU,1,1,12701,0,0.0,FAN1,0,0,0,0,0.0,COILS,8,1,0,0,0.0,PUMP,0,0,0,0,0.0,INJECTOR,8,1,71,0,0.0,SERVO,1,1,12728,0,0.0,ADD 1,0,1,12788,0,0.0,ADD 2,0,1,12783,0,0.0,ADD 3,0,1,12788,0,0.0,ADD 4,0,1,12734,0,0.0,ADD 5,0,0,0,0,0.0,ADD 6,0,1,12756,0,0.0,ADD 7,0,0,0,0,0.0,EGT2CAN,0,1,12739,0,0.0
1778949379.6520517,0.0,12800,-51.0,0,-,0,0,0,0,0.0,-,0,0,0,0,0.0,ECU,1,1,12756,0,0.0,FAN1,0,0,0,0,0.0,COILS,8,1,0,0,0.0,PUMP,0,0,0,0,0.0,INJECTOR,8,1,60,0,0.0,SERVO,1,1,12745,0,0.0,ADD 1,0,1,12788,0,0.0,ADD 2,0,1,12783,0,0.0,ADD 3,0,1,12788,0,0.0,ADD 4,0,1,12734,0,0.0,ADD 5,0,0,0,0,0.0,ADD 6,0,1,12756,0,0.0,ADD 7,0,0,0,0,0.0,EGT2CAN,0,1,12739,0,0.0
1778949379.7140946,0.0,12800,-52.0,0,-,0,0,0,0,0.0,-,0,0,0,0,0.0,ECU,1,1,12684,0,0.0,FAN1,0,0,0,0,0.0,COILS,8,1,0,0,0.0,PUMP,0,0,0,0,0.0,INJECTOR,8,1,65,0,0.0,SERVO,1,1,12734,0,0.0,ADD 1,0,1,12810,0,0.0,ADD 2,0,1,12766,0,0.0,ADD 3,0,1,12739,0,0.0,ADD 4,0,1,12734,0,0.0,ADD 5,0,0,0,0,0.0,ADD 6,0,1,12810,0,0.0,ADD 7,0,0,0,0,0.0,EGT2CAN,0,1,12777,0,0.0
1778949379.7690535,0.0,12788,-51.0,0,-,0,0,0,0,0.0,-,0,0,0,0,0.0,ECU,1,1,12684,0,0.0,FAN1,0,0,0,0,0.0,COILS,8,1,0,0,0.0,PUMP,0,0,0,0,0.0,INJECTOR,8,1,65,0,0.0,SERVO,1,1,12734,0,0.0,ADD 1,0,1,12810,0,0.0,ADD 2,0,1,12766,0,0.0,ADD 3,0,1,12739,0,0.0,ADD 4,0,1,12734,0,0.0,ADD 5,0,0,0,0,0.0,ADD 6,0,1,12810,0,0.0,ADD 7,0,0,0,0,0.0,EGT2CAN,0,1,12777,0,0.0
1778949379.8205595,0.0,12757,-52.0,0,-,0,0,0,0,0.0,-,0,0,0,0,0.0,ECU,1,1,12783,0,0.0,FAN1,0,0,0,0,0.0,COILS,8,1,0,0,0.0,PUMP,0,0,0,0,0.0,INJECTOR,8,1,65,0,0.0,SERVO,1,1,12739,0,0.0,ADD 1,0,1,12788,0,0.0,ADD 2,0,1,12766,0,0.0,ADD 3,0,1,12783,0,0.0,ADD 4,0,1,12766,0,0.0,ADD 5,0,0,0,0,0.0,ADD 6,0,1,12827,0,0.0,ADD 7,0,0,0,0,0.0,EGT2CAN,0,1,12772,0,0.0
1778949379.8815813,0.0,12813,-51.0,0,-,0,0,0,0,0.0,-,0,0,0,0,0.0,ECU,1,1,12788,0,0.0,FAN1,0,0,0,0,0.0,COILS,8,1,0,0,0.0,PUMP,0,0,0,0,0.0,INJECTOR,8,1,71,0,0.0,SERVO,1,1,12723,0,0.0,ADD 1,0,1,12772,0,0.0,ADD 2,0,1,12756,0,0.0,ADD 3,0,1,12750,0,0.0,ADD 4,0,1,12750,0,0.0,ADD 5,0,0,0,0,0.0,ADD 6,0,1,12816,0,0.0,ADD 7,0,0,0,0,0.0,EGT2CAN,0,1,12684,0,0.0
1778949379.932541,0.0,12813,-51.0,0,-,0,0,0,0,0.0,-,0,0,0,0,0.0,ECU,1,1,12810,0,0.0,FAN1,0,0,0,0,0.0,COILS,8,1,0,0,0.0,PUMP,0,0,0,0,0.0,INJECTOR,8,1,71,0,0.0,SERVO,1,1,12723,0,0.0,ADD 1,0,1,12772,0,0.0,ADD 2,0,1,12756,0,0.0,ADD 3,0,1,12750,0,0.0,ADD 4,0,1,12750,0,0.0,ADD 5,0,0,0,0,0.0,ADD 6,0,1,12816,0,0.0,ADD 7,0,0,0,0,0.0,EGT2CAN,0,1,12684,0,0.0
1778949379.9835224,0.0,12800,-54.0,0,-,0,0,0,0,0.0,-,0,0,0,0,0.0,ECU,1,1,12788,0,0.0,FAN1,0,0,0,0,0.0,COILS,8,1,0,0,0.0,PUMP,0,0,0,0,0.0,INJECTOR,8,1,65,0,0.0,SERVO,1,1,12766,0,0.0,ADD 1,0,1,12772,0,0.0,ADD 2,0,1,12777,0,0.0,ADD 3,0,1,12734,0,0.0,ADD 4,0,1,12712,0,0.0,ADD 5,0,0,0,0,0.0,ADD 6,0,1,12788,0,0.0,ADD 7,0,0,0,0,0.0,EGT2CAN,0,1,12772,0,0.0
1778949380.0357132,0.0,12807,-52.0,0,-,0,0,0,0,0.0,-,0,0,0,0,0.0,ECU,1,1,12756,0,0.0,FAN1,0,0,0,0,0.0,COILS,8,1,0,0,0.0,PUMP,0,0,0,0,0.0,INJECTOR,8,1,54,0,0.0,SERVO,1,1,12788,0,0.0,ADD 1,0,1,12805,0,0.0,ADD 2,0,1,12816,0,0.0,ADD 3,0,1,12772,0,0.0,ADD 4,0,1,12717,0,0.0,ADD 5,0,0,0,0,0.0,ADD 6,0,1,12810,0,0.0,ADD 7,0,0,0,0,0.0,EGT2CAN,0,1,12777,0,0.0
1778949380.0867467,0.0,12807,-52.0,0,-,0,0,0,0,0.0,-,0,0,0,0,0.0,ECU,1,1,12766,0,0.0,FAN1,0,0,0,0,0.0,COILS,8,1,0,0,0.0,PUMP,0,0,0,0,0.0,INJECTOR,8,1,60,0,0.0,SERVO,1,1,12766,0,0.0,ADD 1,0,1,12805,0,0.0,ADD 2,0,1,12816,0,0.0,ADD 3,0,1,12772,0,0.0,ADD 4,0,1,12717,0,0.0,ADD 5,0,0,0,0,0.0,ADD 6,0,1,12810,0,0.0,ADD 7,0,0,0,0,0.0,EGT2CAN,0,1,12777,0,0.0
1778949380.1406763,0.0,12800,-52.0,0,-,0,0,0,0,0.0,-,0,0,0,0,0.0,ECU,1,1,12788,0,0.0,FAN1,0,0,0,0,0.0,COILS,8,1,0,0,0.0,PUMP,0,0,0,0,0.0,INJECTOR,8,1,65,0,0.0,SERVO,1,1,12783,0,0.0,ADD 1,0,1,12756,0,0.0,ADD 2,0,1,12772,0,0.0,ADD 3,0,1,12756,0,0.0,ADD 4,0,1,12766,0,0.0,ADD 5,0,0,0,0,0.0,ADD 6,0,1,12832,0,0.0,ADD 7,0,0,0,0,0.0,EGT2CAN,0,1,12777,0,0.0
1778949380.198292,0.0,12800,-52.0,0,-,0,0,0,0,0.0,-,0,0,0,0,0.0,ECU,1,1,12788,0,0.0,FAN1,0,0,0,0,0.0,COILS,8,1,0,0,0.0,PUMP,0,0,0,0,0.0,INJECTOR,8,1,65,0,0.0,SERVO,1,1,12706,0,0.0,ADD 1,0,1,12788,0,0.0,ADD 2,0,1,12821,0,0.0,ADD 3,0,1,12805,0,0.0,ADD 4,0,1,12772,0,0.0,ADD 5,0,0,0,0,0.0,ADD 6,0,1,12827,0,0.0,ADD 7,0,0,0,0,0.0,EGT2CAN,0,1,12712,0,0.0
1778949380.256795,0.0,12776,-51.0,0,-,0,0,0,0,0.0,-,0,0,0,0,0.0,ECU,1,1,12728,0,0.0,FAN1,0,0,0,0,0.0,COILS,8,1,0,0,0.0,PUMP,0,0,0,0,0.0,INJECTOR,8,1,65,0,0.0,SERVO,1,1,12712,0,0.0,ADD 1,0,1,12805,0,0.0,ADD 2,0,1,12810,0,0.0,ADD 3,0,1,12810,0,0.0,ADD 4,0,1,12728,0,0.0,ADD 5,0,0,0,0,0.0,ADD 6,0,1,12832,0,0.0,ADD 7,0,0,0,0,0.0,EGT2CAN,0,1,12756,0,0.0
1778949380.3174489,0.0,12776,-51.0,0,-,0,0,0,0,0.0,-,0,0,0,0,0.0,ECU,1,1,12728,0,0.0,FAN1,0,0,0,0,0.0,COILS,8,1,0,0,0.0,PUMP,0,0,0,0,0.0,INJECTOR,8,1,65,0,0.0,SERVO,1,1,12712,0,0.0,ADD 1,0,1,12805,0,0.0,ADD 2,0,1,12810,0,0.0,ADD 3,0,1,12810,0,0.0,ADD 4,0,1,12728,0,0.0,ADD 5,0,0,0,0,0.0,ADD 6,0,1,12832,0,0.0,ADD 7,0,0,0,0,0.0,EGT2CAN,0,1,12756,0,0.0
1778949380.3703363,0.0,12776,-51.0,0,-,0,0,0,0,0.0,-,0,0,0,0,0.0,ECU,1,1,12783,0,0.0,FAN1,0,0,0,0,0.0,COILS,8,1,0,0,0.0,PUMP,0,0,0,0,0.0,INJECTOR,8,1,65,0,0.0,SERVO,1,1,12766,0,0.0,ADD 1,0,1,12805,0,0.0,ADD 2,0,1,12810,0,0.0,ADD 3,0,1,12810,0,0.0,ADD 4,0,1,12728,0,0.0,ADD 5,0,0,0,0,0.0,ADD 6,0,1,12832,0,0.0,ADD 7,0,0,0,0,0.0,EGT2CAN,0,1,12756,0,0.0
1778949380.420817,0.0,12739,-52.0,0,-,0,0,0,0,0.0,-,0,0,0,0,0.0,ECU,1,1,12783,0,0.0,FAN1,0,0,0,0,0.0,COILS,8,1,0,0,0.0,PUMP,0,0,0,0,0.0,INJECTOR,8,1,71,0,0.0,SERVO,1,1,12684,0,0.0,ADD 1,0,1,12772,0,0.0,ADD 2,0,1,12777,0,0.0,ADD 3,0,1,12750,0,0.0,ADD 4,0,1,12712,0,0.0,ADD 5,0,0,0,0,0.0,ADD 6,0,1,12684,0,0.0,ADD 7,0,0,0,0,0.0,EGT2CAN,0,1,12684,0,0.0
1778949380.4718003,0.0,12739,-52.0,0,-,0,0,0,0,0.0,-,0,0,0,0,0.0,ECU,1,1,12750,0,0.0,FAN1,0,0,0,0,0.0,COILS,8,1,0,0,0.0,PUMP,0,0,0,0,0.0,INJECTOR,8,1,65,0,0.0,SERVO,1,1,12728,0,0.0,ADD 1,0,1,12788,0,0.0,ADD 2,0,1,12783,0,0.0,ADD 3,0,1,12739,0,0.0,ADD 4,0,1,12695,0,0.0,ADD 5,0,0,0,0,0.0,ADD 6,0,1,12684,0,0.0,ADD 7,0,0,0,0,0.0,EGT2CAN,0,1,12684,0,0.0
1778949380.5228617,0.0,12757,-52.0,0,-,0,0,0,0,0.0,-,0,0,0,0,0.0,ECU,1,1,12750,0,0.0,FAN1,0,0,0,0,0.0,COILS,8,1,0,0,0.0,PUMP,0,0,0,0,0.0,INJECTOR,8,1,65,0,0.0,SERVO,1,1,12728,0,0.0,ADD 1,0,1,12788,0,0.0,ADD 2,0,1,12783,0,0.0,ADD 3,0,1,12739,0,0.0,ADD 4,0,1,12695,0,0.0,ADD 5,0,0,0,0,0.0,ADD 6,0,1,12810,0,0.0,ADD 7,0,0,0,0,0.0,EGT2CAN,0,1,12766,0,0.0
1778949380.5737922,0.0,12763,-51.0,0,-,0,0,0,0,0.0,-,0,0,0,0,0.0,ECU,1,1,12777,0,0.0,FAN1,0,0,0,0,0.0,COILS,8,1,0,0,0.0,PUMP,0,0,0,0,0.0,INJECTOR,8,1,65,0,0.0,SERVO,1,1,12772,0,0.0,ADD 1,0,1,12816,0,0.0,ADD 2,0,1,12788,0,0.0,ADD 3,0,1,12788,0,0.0,ADD 4,0,1,12717,0,0.0,ADD 5,0,0,0,0,0.0,ADD 6,0,1,12788,0,0.0,ADD 7,0,0,0,0,0.0,EGT2CAN,0,1,12745,0,0.0
1778949380.6243763,0.0,12763,-51.0,0,-,0,0,0,0,0.0,-,0,0,0,0,0.0,ECU,1,1,12788,0,0.0,FAN1,0,0,0,0,0.0,COILS,8,1,0,0,0.0,PUMP,0,0,0,0,0.0,INJECTOR,8,1,71,0,0.0,SERVO,1,1,12728,0,0.0,ADD 1,0,1,12816,0,0.0,ADD 2,0,1,12788,0,0.0,ADD 3,0,1,12788,0,0.0,ADD 4,0,1,12717,0,0.0,ADD 5,0,0,0,0,0.0,ADD 6,0,1,12788,0,0.0,ADD 7,0,0,0,0,0.0,EGT2CAN,0,1,12745,0,0.0
1778949380.6763313,0.0,12763,-51.0,0,-,0,0,0,0,0.0,-,0,0,0,0,0.0,ECU,1,1,12788,0,0.0,FAN1,0,0,0,0,0.0,COILS,8,1,0,0,0.0,PUMP,0,0,0,0,0.0,INJECTOR,8,1,71,0,0.0,SERVO,1,1,12728,0,0.0,ADD 1,0,1,12794,0,0.0,ADD 2,0,1,12766,0,0.0,ADD 3,0,1,12761,0,0.0,ADD 4,0,1,12706,0,0.0,ADD 5,0,0,0,0,0.0,ADD 6,0,1,12766,0,0.0,ADD 7,0,0,0,0,0.0,EGT2CAN,0,1,12783,0,0.0
1778949380.7271593,0.0,12776,-54.0,0,-,0,0,0,0,0.0,-,0,0,0,0,0.0,ECU,1,1,12788,0,0.0,FAN1,0,0,0,0,0.0,COILS,8,1,0,0,0.0,PUMP,0,0,0,0,0.0,INJECTOR,8,1,65,0,0.0,SERVO,1,1,12717,0,0.0,ADD 1,0,1,12799,0,0.0,ADD 2,0,1,12783,0,0.0,ADD 3,0,1,12756,0,0.0,ADD 4,0,1,12739,0,0.0,ADD 5,0,0,0,0,0.0,ADD 6,0,1,12827,0,0.0,ADD 7,0,0,0,0,0.0,EGT2CAN,0,1,12794,0,0.0
1778949380.777789,0.0,12776,-54.0,0,-,0,0,0,0,0.0,-,0,0,0,0,0.0,ECU,1,1,12788,0,0.0,FAN1,0,0,0,0,0.0,COILS,8,1,0,0,0.0,PUMP,0,0,0,0,0.0,INJECTOR,8,1,65,0,0.0,SERVO,1,1,12717,0,0.0,ADD 1,0,1,12799,0,0.0,ADD 2,0,1,12783,0,0.0,ADD 3,0,1,12756,0,0.0,ADD 4,0,1,12739,0,0.0,ADD 5,0,0,0,0,0.0,ADD 6,0,1,12827,0,0.0,ADD 7,0,0,0,0,0.0,EGT2CAN,0,1,12794,0,0.0
1778949380.8290324,0.0,12776,-54.0,0,-,0,0,0,0,0.0,-,0,0,0,0,0.0,ECU,1,1,12756,0,0.0,FAN1,0,0,0,0,0.0,COILS,8,1,0,0,0.0,PUMP,0,0,0,0,0.0,INJECTOR,8,1,82,0,0.0,SERVO,1,1,12734,0,0.0,ADD 1,0,1,12788,0,0.0,ADD 2,0,1,12788,0,0.0,ADD 3,0,1,12761,0,0.0,ADD 4,0,1,12734,0,0.0,ADD 5,0,0,0,0,0.0,ADD 6,0,1,12832,0,0.0,ADD 7,0,0,0,0,0.0,EGT2CAN,0,1,12805,0,0.0
1778949380.8822393,0.0,12794,-51.0,0,-,0,0,0,0,0.0,-,0,0,0,0,0.0,ECU,1,1,12788,0,0.0,FAN1,0,0,0,0,0.0,COILS,8,1,0,0,0.0,PUMP,0,0,0,0,0.0,INJECTOR,8,1,65,0,0.0,SERVO,1,1,12766,0,0.0,ADD 1,0,1,12794,0,0.0,ADD 2,0,1,12761,0,0.0,ADD 3,0,1,12750,0,0.0,ADD 4,0,1,12756,0,0.0,ADD 5,0,0,0,0,0.0,ADD 6,0,1,12788,0,0.0,ADD 7,0,0,0,0,0.0,EGT2CAN,0,1,12788,0,0.0
1778949380.9497063,0.0,12794,-51.0,0,-,0,0,0,0,0.0,-,0,0,0,0,0.0,ECU,1,1,12750,0,0.0,FAN1,0,0,0,0,0.0,COILS,8,1,0,0,0.0,PUMP,0,0,0,0,0.0,INJECTOR,8,1,54,0,0.0,SERVO,1,1,12788,0,0.0,ADD 1,0,1,12756,0,0.0,ADD 2,0,1,12821,0,0.0,ADD 3,0,1,12739,0,0.0,ADD 4,0,1,12739,0,0.0,ADD 5,0,0,0,0,0.0,ADD 6,0,1,12788,0,0.0,ADD 7,0,0,0,0,0.0,EGT2CAN,0,1,12788,0,0.0
1778949381.0036755,0.0,12769,-51.0,0,-,0,0,0,0,0.0,-,0,0,0,0,0.0,ECU,1,1,12739,0,0.0,FAN1,0,0,0,0,0.0,COILS,8,1,0,0,0.0,PUMP,0,0,0,0,0.0,INJECTOR,8,1,60,0,0.0,SERVO,1,1,12734,0,0.0,ADD 1,0,1,12766,0,0.0,ADD 2,0,1,12684,0,0.0,ADD 3,0,1,12728,0,0.0,ADD 4,0,1,12706,0,0.0,ADD 5,0,0,0,0,0.0,ADD 6,0,1,12810,0,0.0,ADD 7,0,0,0,0,0.0,EGT2CAN,0,1,12794,0,0.0
1778949381.0546734,0.0,12800,-51.0,0,-,0,0,0,0,0.0,-,0,0,0,0,0.0,ECU,1,1,12739,0,0.0,FAN1,0,0,0,0,0.0,COILS,8,1,0,0,0.0,PUMP,0,0,0,0,0.0,INJECTOR,8,1,60,0,0.0,SERVO,1,1,12734,0,0.0,ADD 1,0,1,12766,0,0.0,ADD 2,0,1,12684,0,0.0,ADD 3,0,1,12728,0,0.0,ADD 4,0,1,12706,0,0.0,ADD 5,0,0,0,0,0.0,ADD 6,0,1,12810,0,0.0,ADD 7,0,0,0,0,0.0,EGT2CAN,0,1,12794,0,0.0
1778949381.1086195,0.0,12800,-51.0,0,-,0,0,0,0,0.0,-,0,0,0,0,0.0,ECU,1,1,12810,0,0.0,FAN1,0,0,0,0,0.0,COILS,8,1,0,0,0.0,PUMP,0,0,0,0,0.0,INJECTOR,8,1,54,0,0.0,SERVO,1,1,12684,0,0.0,ADD 1,0,1,12706,0,0.0,ADD 2,0,1,12750,0,0.0,ADD 3,0,1,12783,0,0.0,ADD 4,0,1,12723,0,0.0,ADD 5,0,0,0,0,0.0,ADD 6,0,1,12788,0,0.0,ADD 7,0,0,0,0,0.0,EGT2CAN,0,1,12783,0,0.0
1778949381.1598375,0.0,12763,-51.0,0,-,0,0,0,0,0.0,-,0,0,0,0,0.0,ECU,1,1,12783,0,0.0,FAN1,0,0,0,0,0.0,COILS,8,1,0,0,0.0,PUMP,0,0,0,0,0.0,INJECTOR,8,1,98,0,0.0,SERVO,1,1,12745,0,0.0,ADD 1,0,1,12745,0,0.0,ADD 2,0,1,12739,0,0.0,ADD 3,0,1,12745,0,0.0,ADD 4,0,1,12723,0,0.0,ADD 5,0,0,0,0,0.0,ADD 6,0,1,12772,0,0.0,ADD 7,0,0,0,0,0.0,EGT2CAN,0,1,12761,0,0.0
1778949381.2102666,0.0,12769,-52.0,0,-,0,0,0,0,0.0,-,0,0,0,0,0.0,ECU,1,1,12756,0,0.0,FAN1,0,0,0,0,0.0,COILS,8,1,0,0,0.0,PUMP,0,0,0,0,0.0,INJECTOR,8,1,65,0,0.0,SERVO,1,1,12750,0,0.0,ADD 1,0,1,12745,0,0.0,ADD 2,0,1,12739,0,0.0,ADD 3,0,1,12745,0,0.0,ADD 4,0,1,12723,0,0.0,ADD 5,0,0,0,0,0.0,ADD 6,0,1,12772,0,0.0,ADD 7,0,0,0,0,0.0,EGT2CAN,0,1,12766,0,0.0
1778949381.2612803,0.0,12782,-51.0,0,-,0,0,0,0,0.0,-,0,0,0,0,0.0,ECU,1,1,12756,0,0.0,FAN1,0,0,0,0,0.0,COILS,8,1,0,0,0.0,PUMP,0,0,0,0,0.0,INJECTOR,8,1,65,0,0.0,SERVO,1,1,12750,0,0.0,ADD 1,0,1,12761,0,0.0,ADD 2,0,1,12766,0,0.0,ADD 3,0,1,12783,0,0.0,ADD 4,0,1,12756,0,0.0,ADD 5,0,0,0,0,0.0,ADD 6,0,1,12805,0,0.0,ADD 7,0,0,0,0,0.0,EGT2CAN,0,1,12783,0,0.0
1778949381.3142872,0.0,12800,-52.0,0,-,0,0,0,0,0.0,-,0,0,0,0,0.0,ECU,1,1,12783,0,0.0,FAN1,0,0,0,0,0.0,COILS,8,1,0,0,0.0,PUMP,0,0,0,0,0.0,INJECTOR,8,1,60,0,0.0,SERVO,1,1,12766,0,0.0,ADD 1,0,1,12805,0,0.0,ADD 2,0,1,12832,0,0.0,ADD 3,0,1,12794,0,0.0,ADD 4,0,1,12788,0,0.0,ADD 5,0,0,0,0,0.0,ADD 6,0,1,12734,0,0.0,ADD 7,0,0,0,0,0.0,EGT2CAN,0,1,12783,0,0.0
1778949381.3768432,0.0,12800,-52.0,0,-,0,0,0,0,0.0,-,0,0,0,0,0.0,ECU,1,1,12788,0,0.0,FAN1,0,0,0,0,0.0,COILS,8,1,0,0,0.0,PUMP,0,0,0,0,0.0,INJECTOR,8,1,60,0,0.0,SERVO,1,1,12766,0,0.0,ADD 1,0,1,12805,0,0.0,ADD 2,0,1,12832,0,0.0,ADD 3,0,1,12794,0,0.0,ADD 4,0,1,12788,0,0.0,ADD 5,0,0,0,0,0.0,ADD 6,0,1,12734,0,0.0,ADD 7,0,0,0,0,0.0,EGT2CAN,0,1,12783,0,0.0
1778949381.4294138,0.0,12763,-52.0,0,-,0,0,0,0,0.0,-,0,0,0,0,0.0,ECU,1,1,12756,0,0.0,FAN1,0,0,0,0,0.0,COILS,8,1,0,0,0.0,PUMP,0,0,0,0,0.0,INJECTOR,8,1,71,0,0.0,SERVO,1,1,12739,0,0.0,ADD 1,0,1,12810,0,0.0,ADD 2,0,1,12745,0,0.0,ADD 3,0,1,12739,0,0.0,ADD 4,0,1,12701,0,0.0,ADD 5,0,0,0,0,0.0,ADD 6,0,1,12788,0,0.0,ADD 7,0,0,0,0,0.0,EGT2CAN,0,1,12766,0,0.0
1778949381.481346,0.0,12788,-51.0,0,-,0,0,0,0,0.0,-,0,0,0,0,0.0,ECU,1,1,12772,0,0.0,FAN1,0,0,0,0,0.0,COILS,8,1,0,0,0.0,PUMP,0,0,0,0,0.0,INJECTOR,8,1,65,0,0.0,SERVO,1,1,12788,0,0.0,ADD 1,0,1,12788,0,0.0,ADD 2,0,1,12717,0,0.0,ADD 3,0,1,12761,0,0.0,ADD 4,0,1,12739,0,0.0,ADD 5,0,0,0,0,0.0,ADD 6,0,1,12821,0,0.0,ADD 7,0,0,0,0,0.0,EGT2CAN,0,1,12788,0,0.0
1778949381.5341303,0.0,12788,-51.0,0,-,0,0,0,0,0.0,-,0,0,0,0,0.0,ECU,1,1,12772,0,0.0,FAN1,0,0,0,0,0.0,COILS,8,1,0,0,0.0,PUMP,0,0,0,0,0.0,INJECTOR,8,1,65,0,0.0,SERVO,1,1,12788,0,0.0,ADD 1,0,1,12788,0,0.0,ADD 2,0,1,12717,0,0.0,ADD 3,0,1,12761,0,0.0,ADD 4,0,1,12739,0,0.0,ADD 5,0,0,0,0,0.0,ADD 6,0,1,12821,0,0.0,ADD 7,0,0,0,0,0.0,EGT2CAN,0,1,12788,0,0.0
1778949381.5843885,0.0,12782,-51.0,0,-,0,0,0,0,0.0,-,0,0,0,0,0.0,ECU,1,1,12761,0,0.0,FAN1,0,0,0,0,0.0,COILS,8,1,0,0,0.0,PUMP,0,0,0,0,0.0,INJECTOR,8,1,65,0,0.0,SERVO,1,1,12761,0,0.0,ADD 1,0,1,12772,0,0.0,ADD 2,0,1,12766,0,0.0,ADD 3,0,1,12794,0,0.0,ADD 4,0,1,12766,0,0.0,ADD 5,0,0,0,0,0.0,ADD 6,0,1,12821,0,0.0,ADD 7,0,0,0,0,0.0,EGT2CAN,0,1,12788,0,0.0
1778949381.6374092,0.0,12782,-51.0,0,-,0,0,0,0,0.0,-,0,0,0,0,0.0,ECU,1,1,12756,0,0.0,FAN1,0,0,0,0,0.0,COILS,8,1,0,0,0.0,PUMP,0,0,0,0,0.0,INJECTOR,8,1,65,0,0.0,SERVO,1,1,12777,0,0.0,ADD 1,0,1,12756,0,0.0,ADD 2,0,1,12777,0,0.0,ADD 3,0,1,12766,0,0.0,ADD 4,0,1,12734,0,0.0,ADD 5,0,0,0,0,0.0,ADD 6,0,1,12832,0,0.0,ADD 7,0,0,0,0,0.0,EGT2CAN,0,1,12772,0,0.0
1778949381.6891594,0.0,12757,-51.0,0,-,0,0,0,0,0.0,-,0,0,0,0,0.0,ECU,1,1,12717,0,0.0,FAN1,0,0,0,0,0.0,COILS,8,1,0,0,0.0,PUMP,0,0,0,0,0.0,INJECTOR,8,1,87,0,0.0,SERVO,1,1,12695,0,0.0,ADD 1,0,1,12756,0,0.0,ADD 2,0,1,12777,0,0.0,ADD 3,0,1,12766,0,0.0,ADD 4,0,1,12734,0,0.0,ADD 5,0,0,0,0,0.0,ADD 6,0,1,12832,0,0.0,ADD 7,0,0,0,0,0.0,EGT2CAN,0,1,12772,0,0.0
1778949381.7451892,0.0,12776,-51.0,0,-,0,0,0,0,0.0,-,0,0,0,0,0.0,ECU,1,1,12788,0,0.0,FAN1,0,0,0,0,0.0,COILS,8,1,0,0,0.0,PUMP,0,0,0,0,0.0,INJECTOR,8,1,71,0,0.0,SERVO,1,1,12712,0,0.0,ADD 1,0,1,12761,0,0.0,ADD 2,0,1,12766,0,0.0,ADD 3,0,1,12783,0,0.0,ADD 4,0,1,12745,0,0.0,ADD 5,0,0,0,0,0.0,ADD 6,0,1,12821,0,0.0,ADD 7,0,0,0,0,0.0,EGT2CAN,0,1,12739,0,0.0
1778949381.7956154,0.0,12800,-53.0,0,-,0,0,0,0,0.0,-,0,0,0,0,0.0,ECU,1,1,12788,0,0.0,FAN1,0,0,0,0,0.0,COILS,8,1,0,0,0.0,PUMP,0,0,0,0,0.0,INJECTOR,8,1,65,0,0.0,SERVO,1,1,12750,0,0.0,ADD 1,0,1,12766,0,0.0,ADD 2,0,1,12810,0,0.0,ADD 3,0,1,12788,0,0.0,ADD 4,0,1,12772,0,0.0,ADD 5,0,0,0,0,0.0,ADD 6,0,1,12756,0,0.0,ADD 7,0,0,0,0,0.0,EGT2CAN,0,1,12772,0,0.0
1778949381.846372,0.0,12807,-52.0,0,-,0,0,0,0,0.0,-,0,0,0,0,0.0,ECU,1,1,12739,0,0.0,FAN1,0,0,0,0,0.0,COILS,8,1,0,0,0.0,PUMP,0,0,0,0,0.0,INJECTOR,8,1,43,0,0.0,SERVO,1,1,12788,0,0.0,ADD 1,0,1,12805,0,0.0,ADD 2,0,1,12827,0,0.0,ADD 3,0,1,12761,0,0.0,ADD 4,0,1,12739,0,0.0,ADD 5,0,0,0,0,0.0,ADD 6,0,1,12777,0,0.0,ADD 7,0,0,0,0,0.0,EGT2CAN,0,1,12739,0,0.0
1778949381.9130309,0.0,12782,-51.0,0,-,0,0,0,0,0.0,-,0,0,0,0,0.0,ECU,1,1,12750,0,0.0,FAN1,0,0,0,0,0.0,COILS,8,1,0,0,0.0,PUMP,0,0,0,0,0.0,INJECTOR,8,1,54,0,0.0,SERVO,1,1,12734,0,0.0,ADD 1,0,1,12788,0,0.0,ADD 2,0,1,12805,0,0.0,ADD 3,0,1,12783,0,0.0,ADD 4,0,1,12766,0,0.0,ADD 5,0,0,0,0,0.0,ADD 6,0,1,12816,0,0.0,ADD 7,0,0,0,0,0.0,EGT2CAN,0,1,12766,0,0.0
1778949381.9642413,0.0,12782,-51.0,0,-,0,0,0,0,0.0,-,0,0,0,0,0.0,ECU,1,1,12766,0,0.0,FAN1,0,0,0,0,0.0,COILS,8,1,0,0,0.0,PUMP,0,0,0,0,0.0,INJECTOR,8,1,43,0,0.0,SERVO,1,1,12750,0,0.0,ADD 1,0,1,12761,0,0.0,ADD 2,0,1,12777,0,0.0,ADD 3,0,1,12766,0,0.0,ADD 4,0,1,12766,0,0.0,ADD 5,0,0,0,0,0.0,ADD 6,0,1,12816,0,0.0,ADD 7,0,0,0,0,0.0,EGT2CAN,0,1,12766,0,0.0
1778949382.014783,0.0,12800,-51.0,0,-,0,0,0,0,0.0,-,0,0,0,0,0.0,ECU,1,1,12766,0,0.0,FAN1,0,0,0,0,0.0,COILS,8,1,0,0,0.0,PUMP,0,0,0,0,0.0,INJECTOR,8,1,54,0,0.0,SERVO,1,1,12772,0,0.0,ADD 1,0,1,12745,0,0.0,ADD 2,0,1,12810,0,0.0,ADD 3,0,1,12794,0,0.0,ADD 4,0,1,12717,0,0.0,ADD 5,0,0,0,0,0.0,ADD 6,0,1,12761,0,0.0,ADD 7,0,0,0,0,0.0,EGT2CAN,0,1,12777,0,0.0
1778949382.066001,0.0,12800,-51.0,0,-,0,0,0,0,0.0,-,0,0,0,0,0.0,ECU,1,1,12766,0,0.0,FAN1,0,0,0,0,0.0,COILS,8,1,0,0,0.0,PUMP,0,0,0,0,0.0,INJECTOR,8,1,54,0,0.0,SERVO,1,1,12772,0,0.0,ADD 1,0,1,12745,0,0.0,ADD 2,0,1,12810,0,0.0,ADD 3,0,1,12794,0,0.0,ADD 4,0,1,12717,0,0.0,ADD 5,0,0,0,0,0.0,ADD 6,0,1,12761,0,0.0,ADD 7,0,0,0,0,0.0,EGT2CAN,0,1,12777,0,0.0
1778949382.117351,0.0,12800,-51.0,0,-,0,0,0,0,0.0,-,0,0,0,0,0.0,ECU,1,1,12739,0,0.0,FAN1,0,0,0,0,0.0,COILS,8,1,0,0,0.0,PUMP,0,0,0,0,0.0,INJECTOR,8,1,87,0,0.0,SERVO,1,1,12728,0,0.0,ADD 1,0,1,12794,0,0.0,ADD 2,0,1,12777,0,0.0,ADD 3,0,1,12788,0,0.0,ADD 4,0,1,12723,0,0.0,ADD 5,0,0,0,0,0.0,ADD 6,0,1,12821,0,0.0,ADD 7,0,0,0,0,0.0,EGT2CAN,0,1,12739,0,0.0
1778949382.16772,0.0,12776,-52.0,0,-,0,0,0,0,0.0,-,0,0,0,0,0.0,ECU,1,1,12783,0,0.0,FAN1,0,0,0,0,0.0,COILS,8,1,0,0,0.0,PUMP,0,0,0,0,0.0,INJECTOR,8,1,82,0,0.0,SERVO,1,1,12756,0,0.0,ADD 1,0,1,12788,0,0.0,ADD 2,0,1,12821,0,0.0,ADD 3,0,1,12810,0,0.0,ADD 4,0,1,12761,0,0.0,ADD 5,0,0,0,0,0.0,ADD 6,0,1,12827,0,0.0,ADD 7,0,0,0,0,0.0,EGT2CAN,0,1,12756,0,0.0
1778949382.219139,0.0,12776,-52.0,0,-,0,0,0,0,0.0,-,0,0,0,0,0.0,ECU,1,1,12695,0,0.0,FAN1,0,0,0,0,0.0,COILS,8,1,0,0,0.0,PUMP,0,0,0,0,0.0,INJECTOR,8,1,82,0,0.0,SERVO,1,1,12756,0,0.0,ADD 1,0,1,12788,0,0.0,ADD 2,0,1,12821,0,0.0,ADD 3,0,1,12810,0,0.0,ADD 4,0,1,12761,0,0.0,ADD 5,0,0,0,0,0.0,ADD 6,0,1,12827,0,0.0,ADD 7,0,0,0,0,0.0,EGT2CAN,0,1,12756,0,0.0
1778949382.279541,0.0,12751,-51.0,0,-,0,0,0,0,0.0,-,0,0,0,0,0.0,ECU,1,1,12788,0,0.0,FAN1,0,0,0,0,0.0,COILS,8,1,0,0,0.0,PUMP,0,0,0,0,0.0,INJECTOR,8,1,76,0,0.0,SERVO,1,1,12772,0,0.0,ADD 1,0,1,12799,0,0.0,ADD 2,0,1,12810,0,0.0,ADD 3,0,1,12739,0,0.0,ADD 4,0,1,12668,0,0.0,ADD 5,0,0,0,0,0.0,ADD 6,0,1,12810,0,0.0,ADD 7,0,0,0,0,0.0,EGT2CAN,0,1,12766,0,0.0
1778949382.342754,0.0,12800,-51.0,0,-,0,0,0,0,0.0,-,0,0,0,0,0.0,ECU,1,1,12766,0,0.0,FAN1,0,0,0,0,0.0,COILS,8,1,0,0,0.0,PUMP,0,0,0,0,0.0,INJECTOR,8,1,65,0,0.0,SERVO,1,1,12783,0,0.0,ADD 1,0,1,12810,0,0.0,ADD 2,0,1,12761,0,0.0,ADD 3,0,1,12761,0,0.0,ADD 4,0,1,12750,0,0.0,ADD 5,0,0,0,0,0.0,ADD 6,0,1,12772,0,0.0,ADD 7,0,0,0,0,0.0,EGT2CAN,0,1,12772,0,0.0
1778949382.399947,0.0,12800,-51.0,0,-,0,0,0,0,0.0,-,0,0,0,0,0.0,ECU,1,1,12788,0,0.0,FAN1,0,0,0,0,0.0,COILS,8,1,0,0,0.0,PUMP,0,0,0,0,0.0,INJECTOR,8,1,65,0,0.0,SERVO,1,1,12766,0,0.0,ADD 1,0,1,12810,0,0.0,ADD 2,0,1,12816,0,0.0,ADD 3,0,1,12684,0,0.0,ADD 4,0,1,12734,0,0.0,ADD 5,0,0,0,0,0.0,ADD 6,0,1,12810,0,0.0,ADD 7,0,0,0,0,0.0,EGT2CAN,0,1,12756,0,0.0
1778949382.4505806,0.0,12794,-51.0,0,-,0,0,0,0,0.0,-,0,0,0,0,0.0,ECU,1,1,12766,0,0.0,FAN1,0,0,0,0,0.0,COILS,8,1,0,0,0.0,PUMP,0,0,0,0,0.0,INJECTOR,8,1,65,0,0.0,SERVO,1,1,12756,0,0.0,ADD 1,0,1,12750,0,0.0,ADD 2,0,1,12810,0,0.0,ADD 3,0,1,12788,0,0.0,ADD 4,0,1,12734,0,0.0,ADD 5,0,0,0,0,0.0,ADD 6,0,1,12788,0,0.0,ADD 7,0,0,0,0,0.0,EGT2CAN,0,1,12794,0,0.0
1778949382.5041604,0.0,12813,-51.0,0,-,0,0,0,0,0.0,-,0,0,0,0,0.0,ECU,1,1,12766,0,0.0,FAN1,0,0,0,0,0.0,COILS,8,1,0,0,0.0,PUMP,0,0,0,0,0.0,INJECTOR,8,1,65,0,0.0,SERVO,1,1,12756,0,0.0,ADD 1,0,1,12750,0,0.0,ADD 2,0,1,12810,0,0.0,ADD 3,0,1,12788,0,0.0,ADD 4,0,1,12734,0,0.0,ADD 5,0,0,0,0,0.0,ADD 6,0,1,12788,0,0.0,ADD 7,0,0,0,0,0.0,EGT2CAN,0,1,12794,0,0.0
1778949382.554683,0.0,12813,-51.0,0,-,0,0,0,0,0.0,-,0,0,0,0,0.0,ECU,1,1,12772,0,0.0,FAN1,0,0,0,0,0.0,COILS,8,1,0,0,0.0,PUMP,0,0,0,0,0.0,INJECTOR,8,1,65,0,0.0,SERVO,1,1,12783,0,0.0,ADD 1,0,1,12717,0,0.0,ADD 2,0,1,12772,0,0.0,ADD 3,0,1,12717,0,0.0,ADD 4,0,1,12695,0,0.0,ADD 5,0,0,0,0,0.0,ADD 6,0,1,12799,0,0.0,ADD 7,0,0,0,0,0.0,EGT2CAN,0,1,12799,0,0.0
1778949382.6055923,0.0,12782,-51.0,0,-,0,0,0,0,0.0,-,0,0,0,0,0.0,ECU,1,1,12805,0,0.0,FAN1,0,0,0,0,0.0,COILS,8,1,0,0,0.0,PUMP,0,0,0,0,0.0,INJECTOR,8,1,65,0,0.0,SERVO,1,1,12788,0,0.0,ADD 1,0,1,12777,0,0.0,ADD 2,0,1,12816,0,0.0,ADD 3,0,1,12761,0,0.0,ADD 4,0,1,12739,0,0.0,ADD 5,0,0,0,0,0.0,ADD 6,0,1,12756,0,0.0,ADD 7,0,0,0,0,0.0,EGT2CAN,0,1,12756,0,0.0
1778949382.6680229,0.0,12788,-51.0,0,-,0,0,0,0,0.0,-,0,0,0,0,0.0,ECU,1,1,12805,0,0.0,FAN1,0,0,0,0,0.0,COILS,8,1,0,0,0.0,PUMP,0,0,0,0,0.0,INJECTOR,8,1,65,0,0.0,SERVO,1,1,12788,0,0.0,ADD 1,0,1,12777,0,0.0,ADD 2,0,1,12816,0,0.0,ADD 3,0,1,12761,0,0.0,ADD 4,0,1,12739,0,0.0,ADD 5,0,0,0,0,0.0,ADD 6,0,1,12756,0,0.0,ADD 7,0,0,0,0,0.0,EGT2CAN,0,1,12756,0,0.0
1778949382.7185886,0.0,12776,-51.0,0,-,0,0,0,0,0.0,-,0,0,0,0,0.0,ECU,1,1,12766,0,0.0,FAN1,0,0,0,0,0.0,COILS,8,1,0,0,0.0,PUMP,0,0,0,0,0.0,INJECTOR,8,1,103,0,0.0,SERVO,1,1,12739,0,0.0,ADD 1,0,1,12723,0,0.0,ADD 2,0,1,12756,0,0.0,ADD 3,0,1,12750,0,0.0,ADD 4,0,1,12734,0,0.0,ADD 5,0,0,0,0,0.0,ADD 6,0,1,12788,0,0.0,ADD 7,0,0,0,0,0.0,EGT2CAN,0,1,12745,0,0.0
1778949382.7696261,0.0,12776,-51.0,0,-,0,0,0,0,0.0,-,0,0,0,0,0.0,ECU,1,1,12766,0,0.0,FAN1,0,0,0,0,0.0,COILS,8,1,0,0,0.0,PUMP,0,0,0,0,0.0,INJECTOR,8,1,103,0,0.0,SERVO,1,1,12739,0,0.0,ADD 1,0,1,12723,0,0.0,ADD 2,0,1,12756,0,0.0,ADD 3,0,1,12750,0,0.0,ADD 4,0,1,12734,0,0.0,ADD 5,0,0,0,0,0.0,ADD 6,0,1,12788,0,0.0,ADD 7,0,0,0,0,0.0,EGT2CAN,0,1,12745,0,0.0
1778949382.8210487,0.0,12776,-51.0,0,-,0,0,0,0,0.0,-,0,0,0,0,0.0,ECU,1,1,12745,0,0.0,FAN1,0,0,0,0,0.0,COILS,8,1,0,0,0.0,PUMP,0,0,0,0,0.0,INJECTOR,8,1,65,0,0.0,SERVO,1,1,12712,0,0.0,ADD 1,0,1,12739,0,0.0,ADD 2,0,1,12805,0,0.0,ADD 3,0,1,12783,0,0.0,ADD 4,0,1,12745,0,0.0,ADD 5,0,0,0,0,0.0,ADD 6,0,1,12756,0,0.0,ADD 7,0,0,0,0,0.0,EGT2CAN,0,1,12739,0,0.0
1778949382.8720572,0.0,12788,-51.0,0,-,0,0,0,0,0.0,-,0,0,0,0,0.0,ECU,1,1,12756,0,0.0,FAN1,0,0,0,0,0.0,COILS,8,1,0,0,0.0,PUMP,0,0,0,0,0.0,INJECTOR,8,1,60,0,0.0,SERVO,1,1,12739,0,0.0,ADD 1,0,1,12816,0,0.0,ADD 2,0,1,12810,0,0.0,ADD 3,0,1,12750,0,0.0,ADD 4,0,1,12739,0,0.0,ADD 5,0,0,0,0,0.0,ADD 6,0,1,12788,0,0.0,ADD 7,0,0,0,0,0.0,EGT2CAN,0,1,12799,0,0.0
1778949382.9229312,0.0,12788,-51.0,0,-,0,0,0,0,0.0,-,0,0,0,0,0.0,ECU,1,1,12788,0,0.0,FAN1,0,0,0,0,0.0,COILS,8,1,0,0,0.0,PUMP,0,0,0,0,0.0,INJECTOR,8,1,60,0,0.0,SERVO,1,1,12739,0,0.0,ADD 1,0,1,12816,0,0.0,ADD 2,0,1,12810,0,0.0,ADD 3,0,1,12750,0,0.0,ADD 4,0,1,12739,0,0.0,ADD 5,0,0,0,0,0.0,ADD 6,0,1,12788,0,0.0,ADD 7,0,0,0,0,0.0,EGT2CAN,0,1,12799,0,0.0
1778949382.9736981,0.0,12788,-51.0,0,-,0,0,0,0,0.0,-,0,0,0,0,0.0,ECU,1,1,12788,0,0.0,FAN1,0,0,0,0,0.0,COILS,8,1,0,0,0.0,PUMP,0,0,0,0,0.0,INJECTOR,8,1,60,0,0.0,SERVO,1,1,12717,0,0.0,ADD 1,0,1,12772,0,0.0,ADD 2,0,1,12761,0,0.0,ADD 3,0,1,12766,0,0.0,ADD 4,0,1,12766,0,0.0,ADD 5,0,0,0,0,0.0,ADD 6,0,1,12777,0,0.0,ADD 7,0,0,0,0,0.0,EGT2CAN,0,1,12734,0,0.0
1778949383.024427,0.0,12776,-52.0,0,-,0,0,0,0,0.0,-,0,0,0,0,0.0,ECU,1,1,12761,0,0.0,FAN1,0,0,0,0,0.0,COILS,8,1,0,0,0.0,PUMP,0,0,0,0,0.0,INJECTOR,8,1,65,0,0.0,SERVO,1,1,12788,0,0.0,ADD 1,0,1,12788,0,0.0,ADD 2,0,1,12783,0,0.0,ADD 3,0,1,12794,0,0.0,ADD 4,0,1,12739,0,0.0,ADD 5,0,0,0,0,0.0,ADD 6,0,1,12783,0,0.0,ADD 7,0,0,0,0,0.0,EGT2CAN,0,1,12794,0,0.0
1778949383.0763967,0.0,12776,-52.0,0,-,0,0,0,0,0.0,-,0,0,0,0,0.0,ECU,1,1,12761,0,0.0,FAN1,0,0,0,0,0.0,COILS,8,1,0,0,0.0,PUMP,0,0,0,0,0.0,INJECTOR,8,1,65,0,0.0,SERVO,1,1,12788,0,0.0,ADD 1,0,1,12788,0,0.0,ADD 2,0,1,12783,0,0.0,ADD 3,0,1,12794,0,0.0,ADD 4,0,1,12739,0,0.0,ADD 5,0,0,0,0,0.0,ADD 6,0,1,12783,0,0.0,ADD 7,0,0,0,0,0.0,EGT2CAN,0,1,12794,0,0.0
1778949383.1274269,0.0,12776,-52.0,0,-,0,0,0,0,0.0,-,0,0,0,0,0.0,ECU,1,1,12734,0,0.0,FAN1,0,0,0,0,0.0,COILS,8,1,0,0,0.0,PUMP,0,0,0,0,0.0,INJECTOR,8,1,65,0,0.0,SERVO,1,1,12766,0,0.0,ADD 1,0,1,12734,0,0.0,ADD 2,0,1,12794,0,0.0,ADD 3,0,1,12761,0,0.0,ADD 4,0,1,12761,0,0.0,ADD 5,0,0,0,0,0.0,ADD 6,0,1,12788,0,0.0,ADD 7,0,0,0,0,0.0,EGT2CAN,0,1,12734,0,0.0
1778949383.1802757,0.0,12800,-51.0,0,-,0,0,0,0,0.0,-,0,0,0,0,0.0,ECU,1,1,12756,0,0.0,FAN1,0,0,0,0,0.0,COILS,8,1,0,0,0.0,PUMP,0,0,0,0,0.0,INJECTOR,8,1,65,0,0.0,SERVO,1,1,12777,0,0.0,ADD 1,0,1,12739,0,0.0,ADD 2,0,1,12805,0,0.0,ADD 3,0,1,12805,0,0.0,ADD 4,0,1,12766,0,0.0,ADD 5,0,0,0,0,0.0,ADD 6,0,1,12777,0,0.0,ADD 7,0,0,0,0,0.0,EGT2CAN,0,1,12772,0,0.0
1778949383.2315145,0.0,12800,-51.0,0,-,0,0,0,0,0.0,-,0,0,0,0,0.0,ECU,1,1,12739,0,0.0,FAN1,0,0,0,0,0.0,COILS,8,1,0,0,0.0,PUMP,0,0,0,0,0.0,INJECTOR,8,1,65,0,0.0,SERVO,1,1,12766,0,0.0,ADD 1,0,1,12739,0,0.0,ADD 2,0,1,12805,0,0.0,ADD 3,0,1,12805,0,0.0,ADD 4,0,1,12766,0,0.0,ADD 5,0,0,0,0,0.0,ADD 6,0,1,12777,0,0.0,ADD 7,0,0,0,0,0.0,EGT2CAN,0,1,12772,0,0.0
1778949383.282485,0.0,12751,-52.0,0,-,0,0,0,0,0.0,-,0,0,0,0,0.0,ECU,1,1,12739,0,0.0,FAN1,0,0,0,0,0.0,COILS,8,1,0,0,0.0,PUMP,0,0,0,0,0.0,INJECTOR,8,1,65,0,0.0,SERVO,1,1,12766,0,0.0,ADD 1,0,1,12761,0,0.0,ADD 2,0,1,12739,0,0.0,ADD 3,0,1,12777,0,0.0,ADD 4,0,1,12756,0,0.0,ADD 5,0,0,0,0,0.0,ADD 6,0,1,12788,0,0.0,ADD 7,0,0,0,0,0.0,EGT2CAN,0,1,12717,0,0.0
1778949383.355792,0.0,12807,-52.0,0,-,0,0,0,0,0.0,-,0,0,0,0,0.0,ECU,1,1,12766,0,0.0,FAN1,0,0,0,0,0.0,COILS,8,1,0,0,0.0,PUMP,0,0,0,0,0.0,INJECTOR,8,1,65,0,0.0,SERVO,1,1,12728,0,0.0,ADD 1,0,1,12761,0,0.0,ADD 2,0,1,12783,0,0.0,ADD 3,0,1,12756,0,0.0,ADD 4,0,1,12728,0,0.0,ADD 5,0,0,0,0,0.0,ADD 6,0,1,12810,0,0.0,ADD 7,0,0,0,0,0.0,EGT2CAN,0,1,12761,0,0.0
1778949383.4071567,0.0,12807,-52.0,0,-,0,0,0,0,0.0,-,0,0,0,0,0.0,ECU,1,1,12717,0,0.0,FAN1,0,0,0,0,0.0,COILS,8,1,0,0,0.0,PUMP,0,0,0,0,0.0,INJECTOR,8,1,65,0,0.0,SERVO,1,1,12723,0,0.0,ADD 1,0,1,12788,0,0.0,ADD 2,0,1,12777,0,0.0,ADD 3,0,1,12794,0,0.0,ADD 4,0,1,12756,0,0.0,ADD 5,0,0,0,0,0.0,ADD 6,0,1,12810,0,0.0,ADD 7,0,0,0,0,0.0,EGT2CAN,0,1,12761,0,0.0
1778949383.4574423,0.0,12776,-52.0,0,-,0,0,0,0,0.0,-,0,0,0,0,0.0,ECU,1,1,12712,0,0.0,FAN1,0,0,0,0,0.0,COILS,8,1,0,0,0.0,PUMP,0,0,0,0,0.0,INJECTOR,8,1,76,0,0.0,SERVO,1,1,12701,0,0.0,ADD 1,0,1,12766,0,0.0,ADD 2,0,1,12810,0,0.0,ADD 3,0,1,12788,0,0.0,ADD 4,0,1,12766,0,0.0,ADD 5,0,0,0,0,0.0,ADD 6,0,1,12810,0,0.0,ADD 7,0,0,0,0,0.0,EGT2CAN,0,1,12739,0,0.0
1778949383.5104427,0.0,12776,-52.0,0,-,0,0,0,0,0.0,-,0,0,0,0,0.0,ECU,1,1,12712,0,0.0,FAN1,0,0,0,0,0.0,COILS,8,1,0,0,0.0,PUMP,0,0,0,0,0.0,INJECTOR,8,1,76,0,0.0,SERVO,1,1,12701,0,0.0,ADD 1,0,1,12766,0,0.0,ADD 2,0,1,12810,0,0.0,ADD 3,0,1,12788,0,0.0,ADD 4,0,1,12766,0,0.0,ADD 5,0,0,0,0,0.0,ADD 6,0,1,12810,0,0.0,ADD 7,0,0,0,0,0.0,EGT2CAN,0,1,12739,0,0.0
1778949383.5616653,0.0,12776,-52.0,0,-,0,0,0,0,0.0,-,0,0,0,0,0.0,ECU,1,1,12777,0,0.0,FAN1,0,0,0,0,0.0,COILS,8,1,0,0,0.0,PUMP,0,0,0,0,0.0,INJECTOR,8,1,71,0,0.0,SERVO,1,1,12783,0,0.0,ADD 1,0,1,12788,0,0.0,ADD 2,0,1,12777,0,0.0,ADD 3,0,1,12794,0,0.0,ADD 4,0,1,12756,0,0.0,ADD 5,0,0,0,0,0.0,ADD 6,0,1,12756,0,0.0,ADD 7,0,0,0,0,0.0,EGT2CAN,0,1,12772,0,0.0
1778949383.6188605,0.0,12788,-51.0,0,-,0,0,0,0,0.0,-,0,0,0,0,0.0,ECU,1,1,12783,0,0.0,FAN1,0,0,0,0,0.0,COILS,8,1,0,0,0.0,PUMP,0,0,0,0,0.0,INJECTOR,8,1,65,0,0.0,SERVO,1,1,12783,0,0.0,ADD 1,0,1,12777,0,0.0,ADD 2,0,1,12777,0,0.0,ADD 3,0,1,12756,0,0.0,ADD 4,0,1,12739,0,0.0,ADD 5,0,0,0,0,0.0,ADD 6,0,1,12777,0,0.0,ADD 7,0,0,0,0,0.0,EGT2CAN,0,1,12750,0,0.0
1778949383.6774266,0.0,12788,-51.0,0,-,0,0,0,0,0.0,-,0,0,0,0,0.0,ECU,1,1,12794,0,0.0,FAN1,0,0,0,0,0.0,COILS,8,1,0,0,0.0,PUMP,0,0,0,0,0.0,INJECTOR,8,1,65,0,0.0,SERVO,1,1,12783,0,0.0,ADD 1,0,1,12777,0,0.0,ADD 2,0,1,12777,0,0.0,ADD 3,0,1,12756,0,0.0,ADD 4,0,1,12739,0,0.0,ADD 5,0,0,0,0,0.0,ADD 6,0,1,12777,0,0.0,ADD 7,0,0,0,0,0.0,EGT2CAN,0,1,12750,0,0.0
1778949383.7284043,0.0,12763,-52.0,0,-,0,0,0,0,0.0,-,0,0,0,0,0.0,ECU,1,1,12761,0,0.0,FAN1,0,0,0,0,0.0,COILS,8,1,0,0,0.0,PUMP,0,0,0,0,0.0,INJECTOR,8,1,65,0,0.0,SERVO,1,1,12788,0,0.0,ADD 1,0,1,12810,0,0.0,ADD 2,0,1,12827,0,0.0,ADD 3,0,1,12783,0,0.0,ADD 4,0,1,12761,0,0.0,ADD 5,0,0,0,0,0.0,ADD 6,0,1,12766,0,0.0,ADD 7,0,0,0,0,0.0,EGT2CAN,0,1,12777,0,0.0
1778949383.7844465,0.0,12757,-51.0,0,-,0,0,0,0,0.0,-,0,0,0,0,0.0,ECU,1,1,12772,0,0.0,FAN1,0,0,0,0,0.0,COILS,8,1,0,0,0.0,PUMP,0,0,0,0,0.0,INJECTOR,8,1,71,0,0.0,SERVO,1,1,12739,0,0.0,ADD 1,0,1,12805,0,0.0,ADD 2,0,1,12827,0,0.0,ADD 3,0,1,12777,0,0.0,ADD 4,0,1,12756,0,0.0,ADD 5,0,0,0,0,0.0,ADD 6,0,1,12783,0,0.0,ADD 7,0,0,0,0,0.0,EGT2CAN,0,1,12772,0,0.0
1778949383.8441288,0.0,12757,-51.0,0,-,0,0,0,0,0.0,-,0,0,0,0,0.0,ECU,1,1,12783,0,0.0,FAN1,0,0,0,0,0.0,COILS,8,1,0,0,0.0,PUMP,0,0,0,0,0.0,INJECTOR,8,1,65,0,0.0,SERVO,1,1,12728,0,0.0,ADD 1,0,1,12805,0,0.0,ADD 2,0,1,12827,0,0.0,ADD 3,0,1,12777,0,0.0,ADD 4,0,1,12756,0,0.0,ADD 5,0,0,0,0,0.0,ADD 6,0,1,12783,0,0.0,ADD 7,0,0,0,0,0.0,EGT2CAN,0,1,12772,0,0.0
1778949383.8945718,0.0,12813,-52.0,0,-,0,0,0,0,0.0,-,0,0,0,0,0.0,ECU,1,1,12745,0,0.0,FAN1,0,0,0,0,0.0,COILS,8,1,0,0,0.0,PUMP,0,0,0,0,0.0,INJECTOR,8,1,65,0,0.0,SERVO,1,1,12783,0,0.0,ADD 1,0,1,12788,0,0.0,ADD 2,0,1,12805,0,0.0,ADD 3,0,1,12766,0,0.0,ADD 4,0,1,12739,0,0.0,ADD 5,0,0,0,0,0.0,ADD 6,0,1,12805,0,0.0,ADD 7,0,0,0,0,0.0,EGT2CAN,0,1,12805,0,0.0
1778949383.945687,0.0,12794,-52.0,0,-,0,0,0,0,0.0,-,0,0,0,0,0.0,ECU,1,1,12788,0,0.0,FAN1,0,0,0,0,0.0,COILS,8,1,0,0,0.0,PUMP,0,0,0,0,0.0,INJECTOR,8,1,65,0,0.0,SERVO,1,1,12717,0,0.0,ADD 1,0,1,12783,0,0.0,ADD 2,0,1,12788,0,0.0,ADD 3,0,1,12788,0,0.0,ADD 4,0,1,12734,0,0.0,ADD 5,0,0,0,0,0.0,ADD 6,0,1,12783,0,0.0,ADD 7,0,0,0,0,0.0,EGT2CAN,0,1,12799,0,0.0
1778949383.997114,0.0,12794,-52.0,0,-,0,0,0,0,0.0,-,0,0,0,0,0.0,ECU,1,1,12739,0,0.0,FAN1,0,0,0,0,0.0,COILS,8,1,0,0,0.0,PUMP,0,0,0,0,0.0,INJECTOR,8,1,60,0,0.0,SERVO,1,1,12723,0,0.0,ADD 1,0,1,12788,0,0.0,ADD 2,0,1,12777,0,0.0,ADD 3,0,1,12756,0,0.0,ADD 4,0,1,12777,0,0.0,ADD 5,0,0,0,0,0.0,ADD 6,0,1,12788,0,0.0,ADD 7,0,0,0,0,0.0,EGT2CAN,0,1,12761,0,0.0
1778949384.0552204,0.0,12776,-51.0,0,-,0,0,0,0,0.0,-,0,0,0,0,0.0,ECU,1,1,12788,0,0.0,FAN1,0,0,0,0,0.0,COILS,8,1,0,0,0.0,PUMP,0,0,0,0,0.0,INJECTOR,8,1,65,0,0.0,SERVO,1,1,12701,0,0.0,ADD 1,0,1,12766,0,0.0,ADD 2,0,1,12766,0,0.0,ADD 3,0,1,12788,0,0.0,ADD 4,0,1,12717,0,0.0,ADD 5,0,0,0,0,0.0,ADD 6,0,1,12766,0,0.0,ADD 7,0,0,0,0,0.0,EGT2CAN,0,1,12745,0,0.0
1778949384.1183794,0.0,12769,-51.0,0,-,0,0,0,0,0.0,-,0,0,0,0,0.0,ECU,1,1,12723,0,0.0,FAN1,0,0,0,0,0.0,COILS,8,1,0,0,0.0,PUMP,0,0,0,0,0.0,INJECTOR,8,1,65,0,0.0,SERVO,1,1,12772,0,0.0,ADD 1,0,1,12788,0,0.0,ADD 2,0,1,12810,0,0.0,ADD 3,0,1,12810,0,0.0,ADD 4,0,1,12717,0,0.0,ADD 5,0,0,0,0,0.0,ADD 6,0,1,12788,0,0.0,ADD 7,0,0,0,0,0.0,EGT2CAN,0,1,12805,0,0.0
1778949384.1694028,0.0,12813,-51.0,0,-,0,0,0,0,0.0,-,0,0,0,0,0.0,ECU,1,1,12799,0,0.0,FAN1,0,0,0,0,0.0,COILS,8,1,0,0,0.0,PUMP,0,0,0,0,0.0,INJECTOR,8,1,65,0,0.0,SERVO,1,1,12783,0,0.0,ADD 1,0,1,12745,0,0.0,ADD 2,0,1,12788,0,0.0,ADD 3,0,1,12788,0,0.0,ADD 4,0,1,12766,0,0.0,ADD 5,0,0,0,0,0.0,ADD 6,0,1,12788,0,0.0,ADD 7,0,0,0,0,0.0,EGT2CAN,0,1,12756,0,0.0
1778949384.2232437,0.0,12813,-51.0,0,-,0,0,0,0,0.0,-,0,0,0,0,0.0,ECU,1,1,12799,0,0.0,FAN1,0,0,0,0,0.0,COILS,8,1,0,0,0.0,PUMP,0,0,0,0,0.0,INJECTOR,8,1,65,0,0.0,SERVO,1,1,12783,0,0.0,ADD 1,0,1,12745,0,0.0,ADD 2,0,1,12788,0,0.0,ADD 3,0,1,12788,0,0.0,ADD 4,0,1,12766,0,0.0,ADD 5,0,0,0,0,0.0,ADD 6,0,1,12788,0,0.0,ADD 7,0,0,0,0,0.0,EGT2CAN,0,1,12756,0,0.0
1778949384.274237,0.0,12813,-51.0,0,-,0,0,0,0,0.0,-,0,0,0,0,0.0,ECU,1,1,12777,0,0.0,FAN1,0,0,0,0,0.0,COILS,8,1,0,0,0.0,PUMP,0,0,0,0,0.0,INJECTOR,8,1,71,0,0.0,SERVO,1,1,12745,0,0.0,ADD 1,0,1,12761,0,0.0,ADD 2,0,1,12816,0,0.0,ADD 3,0,1,12750,0,0.0,ADD 4,0,1,12723,0,0.0,ADD 5,0,0,0,0,0.0,ADD 6,0,1,12750,0,0.0,ADD 7,0,0,0,0,0.0,EGT2CAN,0,1,12788,0,0.0
1778949384.3325765,0.0,12782,-51.0,0,-,0,0,0,0,0.0,-,0,0,0,0,0.0,ECU,1,1,12772,0,0.0,FAN1,0,0,0,0,0.0,COILS,8,1,0,0,0.0,PUMP,0,0,0,0,0.0,INJECTOR,8,1,65,0,0.0,SERVO,1,1,12777,0,0.0,ADD 1,0,1,12827,0,0.0,ADD 2,0,1,12799,0,0.0,ADD 3,0,1,12756,0,0.0,ADD 4,0,1,12734,0,0.0,ADD 5,0,0,0,0,0.0,ADD 6,0,1,12816,0,0.0,ADD 7,0,0,0,0,0.0,EGT2CAN,0,1,12810,0,0.0
1778949384.3883078,0.0,12782,-51.0,0,-,0,0,0,0,0.0,-,0,0,0,0,0.0,ECU,1,1,12772,0,0.0,FAN1,0,0,0,0,0.0,COILS,8,1,0,0,0.0,PUMP,0,0,0,0,0.0,INJECTOR,8,1,65,0,0.0,SERVO,1,1,12777,0,0.0,ADD 1,0,1,12827,0,0.0,ADD 2,0,1,12799,0,0.0,ADD 3,0,1,12756,0,0.0,ADD 4,0,1,12734,0,0.0,ADD 5,0,0,0,0,0.0,ADD 6,0,1,12816,0,0.0,ADD 7,0,0,0,0,0.0,EGT2CAN,0,1,12810,0,0.0
1778949384.4499846,0.0,12782,-51.0,0,-,0,0,0,0,0.0,-,0,0,0,0,0.0,ECU,1,1,12788,0,0.0,FAN1,0,0,0,0,0.0,COILS,8,1,0,0,0.0,PUMP,0,0,0,0,0.0,INJECTOR,8,1,65,0,0.0,SERVO,1,1,12750,0,0.0,ADD 1,0,1,12772,0,0.0,ADD 2,0,1,12827,0,0.0,ADD 3,0,1,12788,0,0.0,ADD 4,0,1,12717,0,0.0,ADD 5,0,0,0,0,0.0,ADD 6,0,1,12783,0,0.0,ADD 7,0,0,0,0,0.0,EGT2CAN,0,1,12799,0,0.0
1778949384.505371,0.0,12776,-51.0,0,-,0,0,0,0,0.0,-,0,0,0,0,0.0,ECU,1,1,12788,0,0.0,FAN1,0,0,0,0,0.0,COILS,8,1,0,0,0.0,PUMP,0,0,0,0,0.0,INJECTOR,8,1,65,0,0.0,SERVO,1,1,12734,0,0.0,ADD 1,0,1,12766,0,0.0,ADD 2,0,1,12766,0,0.0,ADD 3,0,1,12739,0,0.0,ADD 4,0,1,12706,0,0.0,ADD 5,0,0,0,0,0.0,ADD 6,0,1,12788,0,0.0,ADD 7,0,0,0,0,0.0,EGT2CAN,0,1,12772,0,0.0
1778949384.557179,0.0,12776,-51.0,0,-,0,0,0,0,0.0,-,0,0,0,0,0.0,ECU,1,1,12761,0,0.0,FAN1,0,0,0,0,0.0,COILS,8,1,0,0,0.0,PUMP,0,0,0,0,0.0,INJECTOR,8,1,60,0,0.0,SERVO,1,1,12734,0,0.0,ADD 1,0,1,12788,0,0.0,ADD 2,0,1,12810,0,0.0,ADD 3,0,1,12745,0,0.0,ADD 4,0,1,12739,0,0.0,ADD 5,0,0,0,0,0.0,ADD 6,0,1,12756,0,0.0,ADD 7,0,0,0,0,0.0,EGT2CAN,0,1,12761,0,0.0
1778949384.608224,0.0,12776,-52.0,0,-,0,0,0,0,0.0,-,0,0,0,0,0.0,ECU,1,1,12717,0,0.0,FAN1,0,0,0,0,0.0,COILS,8,1,0,0,0.0,PUMP,0,0,0,0,0.0,INJECTOR,8,1,82,0,0.0,SERVO,1,1,12734,0,0.0,ADD 1,0,1,12794,0,0.0,ADD 2,0,1,12816,0,0.0,ADD 3,0,1,12799,0,0.0,ADD 4,0,1,12766,0,0.0,ADD 5,0,0,0,0,0.0,ADD 6,0,1,12810,0,0.0,ADD 7,0,0,0,0,0.0,EGT2CAN,0,1,12756,0,0.0
1778949384.6591487,0.0,12800,-51.0,0,-,0,0,0,0,0.0,-,0,0,0,0,0.0,ECU,1,1,12788,0,0.0,FAN1,0,0,0,0,0.0,COILS,8,1,0,0,0.0,PUMP,0,0,0,0,0.0,INJECTOR,8,1,65,0,0.0,SERVO,1,1,12783,0,0.0,ADD 1,0,1,12761,0,0.0,ADD 2,0,1,12810,0,0.0,ADD 3,0,1,12788,0,0.0,ADD 4,0,1,12783,0,0.0,ADD 5,0,0,0,0,0.0,ADD 6,0,1,12805,0,0.0,ADD 7,0,0,0,0,0.0,EGT2CAN,0,1,12788,0,0.0
1778949384.7103887,0.0,12800,-51.0,0,-,0,0,0,0,0.0,-,0,0,0,0,0.0,ECU,1,1,12756,0,0.0,FAN1,0,0,0,0,0.0,COILS,8,1,0,0,0.0,PUMP,0,0,0,0,0.0,INJECTOR,8,1,65,0,0.0,SERVO,1,1,12777,0,0.0,ADD 1,0,1,12783,0,0.0,ADD 2,0,1,12756,0,0.0,ADD 3,0,1,12766,0,0.0,ADD 4,0,1,12728,0,0.0,ADD 5,0,0,0,0,0.0,ADD 6,0,1,12756,0,0.0,ADD 7,0,0,0,0,0.0,EGT2CAN,0,1,12745,0,0.0
1778949384.7617486,0.0,12813,-51.0,0,-,0,0,0,0,0.0,-,0,0,0,0,0.0,ECU,1,1,12684,0,0.0,FAN1,0,0,0,0,0.0,COILS,8,1,0,0,0.0,PUMP,0,0,0,0,0.0,INJECTOR,8,1,65,0,0.0,SERVO,1,1,12728,0,0.0,ADD 1,0,1,12756,0,0.0,ADD 2,0,1,12810,0,0.0,ADD 3,0,1,12805,0,0.0,ADD 4,0,1,12761,0,0.0,ADD 5,0,0,0,0,0.0,ADD 6,0,1,12788,0,0.0,ADD 7,0,0,0,0,0.0,EGT2CAN,0,1,12761,0,0.0
1778949384.8220067,0.0,12800,-52.0,0,-,0,0,0,0,0.0,-,0,0,0,0,0.0,ECU,1,1,12805,0,0.0,FAN1,0,0,0,0,0.0,COILS,8,1,0,0,0.0,PUMP,0,0,0,0,0.0,INJECTOR,8,1,65,0,0.0,SERVO,1,1,12739,0,0.0,ADD 1,0,1,12794,0,0.0,ADD 2,0,1,12788,0,0.0,ADD 3,0,1,12777,0,0.0,ADD 4,0,1,12766,0,0.0,ADD 5,0,0,0,0,0.0,ADD 6,0,1,12777,0,0.0,ADD 7,0,0,0,0,0.0,EGT2CAN,0,1,12750,0,0.0
1778949384.8759792,0.0,12800,-51.0,0,-,0,0,0,0,0.0,-,0,0,0,0,0.0,ECU,1,1,12799,0,0.0,FAN1,0,0,0,0,0.0,COILS,8,1,0,0,0.0,PUMP,0,0,0,0,0.0,INJECTOR,8,1,65,0,0.0,SERVO,1,1,12766,0,0.0,ADD 1,0,1,12788,0,0.0,ADD 2,0,1,12799,0,0.0,ADD 3,0,1,12794,0,0.0,ADD 4,0,1,12739,0,0.0,ADD 5,0,0,0,0,0.0,ADD 6,0,1,12788,0,0.0,ADD 7,0,0,0,0,0.0,EGT2CAN,0,1,12745,0,0.0
1778949384.9298615,0.0,12800,-51.0,0,-,0,0,0,0,0.0,-,0,0,0,0,0.0,ECU,1,1,12799,0,0.0,FAN1,0,0,0,0,0.0,COILS,8,1,0,0,0.0,PUMP,0,0,0,0,0.0,INJECTOR,8,1,65,0,0.0,SERVO,1,1,12766,0,0.0,ADD 1,0,1,12788,0,0.0,ADD 2,0,1,12799,0,0.0,ADD 3,0,1,12794,0,0.0,ADD 4,0,1,12739,0,0.0,ADD 5,0,0,0,0,0.0,ADD 6,0,1,12788,0,0.0,ADD 7,0,0,0,0,0.0,EGT2CAN,0,1,12745,0,0.0
1778949384.9807174,0.0,12800,-51.0,0,-,0,0,0,0,0.0,-,0,0,0,0,0.0,ECU,1,1,12810,0,0.0,FAN1,0,0,0,0,0.0,COILS,8,1,0,0,0.0,PUMP,0,0,0,0,0.0,INJECTOR,8,1,65,0,0.0,SERVO,1,1,12723,0,0.0,ADD 1,0,1,12706,0,0.0,ADD 2,0,1,12788,0,0.0,ADD 3,0,1,12794,0,0.0,ADD 4,0,1,12772,0,0.0,ADD 5,0,0,0,0,0.0,ADD 6,0,1,12805,0,0.0,ADD 7,0,0,0,0,0.0,EGT2CAN,0,1,12783,0,0.0
1778949385.0415156,0.0,12800,-52.0,0,-,0,0,0,0,0.0,-,0,0,0,0,0.0,ECU,1,1,12810,0,0.0,FAN1,0,0,0,0,0.0,COILS,8,1,0,0,0.0,PUMP,0,0,0,0,0.0,INJECTOR,8,1,65,0,0.0,SERVO,1,1,12745,0,0.0,ADD 1,0,1,12684,0,0.0,ADD 2,0,1,12810,0,0.0,ADD 3,0,1,12684,0,0.0,ADD 4,0,1,12777,0,0.0,ADD 5,0,0,0,0,0.0,ADD 6,0,1,12794,0,0.0,ADD 7,0,0,0,0,0.0,EGT2CAN,0,1,12723,0,0.0
1778949385.1023493,0.0,12800,-52.0,0,-,0,0,0,0,0.0,-,0,0,0,0,0.0,ECU,1,1,12810,0,0.0,FAN1,0,0,0,0,0.0,COILS,8,1,0,0,0.0,PUMP,0,0,0,0,0.0,INJECTOR,8,1,71,0,0.0,SERVO,1,1,12788,0,0.0,ADD 1,0,1,12684,0,0.0,ADD 2,0,1,12810,0,0.0,ADD 3,0,1,12684,0,0.0,ADD 4,0,1,12777,0,0.0,ADD 5,0,0,0,0,0.0,ADD 6,0,1,12794,0,0.0,ADD 7,0,0,0,0,0.0,EGT2CAN,0,1,12723,0,0.0
1778949385.163666,0.0,12807,-51.0,0,-,0,0,0,0,0.0,-,0,0,0,0,0.0,ECU,1,1,12788,0,0.0,FAN1,0,0,0,0,0.0,COILS,8,1,0,0,0.0,PUMP,0,0,0,0,0.0,INJECTOR,8,1,65,0,0.0,SERVO,1,1,12756,0,0.0,ADD 1,0,1,12788,0,0.0,ADD 2,0,1,12756,0,0.0,ADD 3,0,1,12745,0,0.0,ADD 4,0,1,12723,0,0.0,ADD 5,0,0,0,0,0.0,ADD 6,0,1,12832,0,0.0,ADD 7,0,0,0,0,0.0,EGT2CAN,0,1,12794,0,0.0
1778949385.2149355,0.0,12776,-52.0,0,-,0,0,0,0,0.0,-,0,0,0,0,0.0,ECU,1,1,12788,0,0.0,FAN1,0,0,0,0,0.0,COILS,8,1,0,0,0.0,PUMP,0,0,0,0,0.0,INJECTOR,8,1,65,0,0.0,SERVO,1,1,12756,0,0.0,ADD 1,0,1,12788,0,0.0,ADD 2,0,1,12756,0,0.0,ADD 3,0,1,12745,0,0.0,ADD 4,0,1,12723,0,0.0,ADD 5,0,0,0,0,0.0,ADD 6,0,1,12832,0,0.0,ADD 7,0,0,0,0,0.0,EGT2CAN,0,1,12794,0,0.0
1778949385.2656326,0.0,12776,-52.0,0,-,0,0,0,0,0.0,-,0,0,0,0,0.0,ECU,1,1,12766,0,0.0,FAN1,0,0,0,0,0.0,COILS,8,1,0,0,0.0,PUMP,0,0,0,0,0.0,INJECTOR,8,1,65,0,0.0,SERVO,1,1,12777,0,0.0,ADD 1,0,1,12810,0,0.0,ADD 2,0,1,12832,0,0.0,ADD 3,0,1,12772,0,0.0,ADD 4,0,1,12739,0,0.0,ADD 5,0,0,0,0,0.0,ADD 6,0,1,12794,0,0.0,ADD 7,0,0,0,0,0.0,EGT2CAN,0,1,12723,0,0.0
1778949385.3233278,0.0,12807,-51.0,0,-,0,0,0,0,0.0,-,0,0,0,0,0.0,ECU,1,1,12739,0,0.0,FAN1,0,0,0,0,0.0,COILS,8,1,0,0,0.0,PUMP,0,0,0,0,0.0,INJECTOR,8,1,54,0,0.0,SERVO,1,1,12750,0,0.0,ADD 1,0,1,12788,0,0.0,ADD 2,0,1,12777,0,0.0,ADD 3,0,1,12684,0,0.0,ADD 4,0,1,12756,0,0.0,ADD 5,0,0,0,0,0.0,ADD 6,0,1,12794,0,0.0,ADD 7,0,0,0,0,0.0,EGT2CAN,0,1,12788,0,0.0
1778949385.373622,0.0,12800,-54.0,0,-,0,0,0,0,0.0,-,0,0,0,0,0.0,ECU,1,1,12739,0,0.0,FAN1,0,0,0,0,0.0,COILS,8,1,0,0,0.0,PUMP,0,0,0,0,0.0,INJECTOR,8,1,54,0,0.0,SERVO,1,1,12750,0,0.0,ADD 1,0,1,12788,0,0.0,ADD 2,0,1,12777,0,0.0,ADD 3,0,1,12684,0,0.0,ADD 4,0,1,12756,0,0.0,ADD 5,0,0,0,0,0.0,ADD 6,0,1,12827,0,0.0,ADD 7,0,0,0,0,0.0,EGT2CAN,0,1,12783,0,0.0
1778949385.4246469,0.0,12800,-54.0,0,-,0,0,0,0,0.0,-,0,0,0,0,0.0,ECU,1,1,12712,0,0.0,FAN1,0,0,0,0,0.0,COILS,8,1,0,0,0.0,PUMP,0,0,0,0,0.0,INJECTOR,8,1,65,0,0.0,SERVO,1,1,12728,0,0.0,ADD 1,0,1,12788,0,0.0,ADD 2,0,1,12761,0,0.0,ADD 3,0,1,12783,0,0.0,ADD 4,0,1,12766,0,0.0,ADD 5,0,0,0,0,0.0,ADD 6,0,1,12794,0,0.0,ADD 7,0,0,0,0,0.0,EGT2CAN,0,1,12794,0,0.0
1778949385.4753408,0.0,12776,-51.0,0,-,0,0,0,0,0.0,-,0,0,0,0,0.0,ECU,1,1,12706,0,0.0,FAN1,0,0,0,0,0.0,COILS,8,1,0,0,0.0,PUMP,0,0,0,0,0.0,INJECTOR,8,1,65,0,0.0,SERVO,1,1,12761,0,0.0,ADD 1,0,1,12761,0,0.0,ADD 2,0,1,12761,0,0.0,ADD 3,0,1,12756,0,0.0,ADD 4,0,1,12761,0,0.0,ADD 5,0,0,0,0,0.0,ADD 6,0,1,12821,0,0.0,ADD 7,0,0,0,0,0.0,EGT2CAN,0,1,12761,0,0.0
1778949385.5426483,0.0,12782,-51.0,0,-,0,0,0,0,0.0,-,0,0,0,0,0.0,ECU,1,1,12745,0,0.0,FAN1,0,0,0,0,0.0,COILS,8,1,0,0,0.0,PUMP,0,0,0,0,0.0,INJECTOR,8,1,65,0,0.0,SERVO,1,1,12772,0,0.0,ADD 1,0,1,12761,0,0.0,ADD 2,0,1,12761,0,0.0,ADD 3,0,1,12756,0,0.0,ADD 4,0,1,12761,0,0.0,ADD 5,0,0,0,0,0.0,ADD 6,0,1,12810,0,0.0,ADD 7,0,0,0,0,0.0,EGT2CAN,0,1,12734,0,0.0
1778949385.5983245,0.0,12800,-51.0,0,-,0,0,0,0,0.0,-,0,0,0,0,0.0,ECU,1,1,12799,0,0.0,FAN1,0,0,0,0,0.0,COILS,8,1,0,0,0.0,PUMP,0,0,0,0,0.0,INJECTOR,8,1,65,0,0.0,SERVO,1,1,12761,0,0.0,ADD 1,0,1,12766,0,0.0,ADD 2,0,1,12761,0,0.0,ADD 3,0,1,12739,0,0.0,ADD 4,0,1,12745,0,0.0,ADD 5,0,0,0,0,0.0,ADD 6,0,1,12739,0,0.0,ADD 7,0,0,0,0,0.0,EGT2CAN,0,1,12783,0,0.0
1778949385.6521866,0.0,12776,-51.0,0,-,0,0,0,0,0.0,-,0,0,0,0,0.0,ECU,1,1,12805,0,0.0,FAN1,0,0,0,0,0.0,COILS,8,1,0,0,0.0,PUMP,0,0,0,0,0.0,INJECTOR,8,1,65,0,0.0,SERVO,1,1,12761,0,0.0,ADD 1,0,1,12750,0,0.0,ADD 2,0,1,12810,0,0.0,ADD 3,0,1,12739,0,0.0,ADD 4,0,1,12717,0,0.0,ADD 5,0,0,0,0,0.0,ADD 6,0,1,12788,0,0.0,ADD 7,0,0,0,0,0.0,EGT2CAN,0,1,12756,0,0.0
1778949385.7030702,0.0,12776,-51.0,0,-,0,0,0,0,0.0,-,0,0,0,0,0.0,ECU,1,1,12684,0,0.0,FAN1,0,0,0,0,0.0,COILS,8,1,0,0,0.0,PUMP,0,0,0,0,0.0,INJECTOR,8,1,87,0,0.0,SERVO,1,1,12728,0,0.0,ADD 1,0,1,12750,0,0.0,ADD 2,0,1,12788,0,0.0,ADD 3,0,1,12756,0,0.0,ADD 4,0,1,12717,0,0.0,ADD 5,0,0,0,0,0.0,ADD 6,0,1,12788,0,0.0,ADD 7,0,0,0,0,0.0,EGT2CAN,0,1,12756,0,0.0
1778949385.7646587,0.0,12800,-51.0,0,-,0,0,0,0,0.0,-,0,0,0,0,0.0,ECU,1,1,12756,0,0.0,FAN1,0,0,0,0,0.0,COILS,8,1,0,0,0.0,PUMP,0,0,0,0,0.0,INJECTOR,8,1,98,0,0.0,SERVO,1,1,12712,0,0.0,ADD 1,0,1,12788,0,0.0,ADD 2,0,1,12756,0,0.0,ADD 3,0,1,12750,0,0.0,ADD 4,0,1,12728,0,0.0,ADD 5,0,0,0,0,0.0,ADD 6,0,1,12788,0,0.0,ADD 7,0,0,0,0,0.0,EGT2CAN,0,1,12756,0,0.0
1778949385.8406587,0.0,12800,-52.0,0,-,0,0,0,0,0.0,-,0,0,0,0,0.0,ECU,1,1,12756,0,0.0,FAN1,0,0,0,0,0.0,COILS,8,1,0,0,0.0,PUMP,0,0,0,0,0.0,INJECTOR,8,1,54,0,0.0,SERVO,1,1,12739,0,0.0,ADD 1,0,1,12794,0,0.0,ADD 2,0,1,12821,0,0.0,ADD 3,0,1,12777,0,0.0,ADD 4,0,1,12723,0,0.0,ADD 5,0,0,0,0,0.0,ADD 6,0,1,12821,0,0.0,ADD 7,0,0,0,0,0.0,EGT2CAN,0,1,12739,0,0.0
1778949385.8925002,0.0,12800,-52.0,0,-,0,0,0,0,0.0,-,0,0,0,0,0.0,ECU,1,1,12772,0,0.0,FAN1,0,0,0,0,0.0,COILS,8,1,0,0,0.0,PUMP,0,0,0,0,0.0,INJECTOR,8,1,65,0,0.0,SERVO,1,1,12728,0,0.0,ADD 1,0,1,12712,0,0.0,ADD 2,0,1,12794,0,0.0,ADD 3,0,1,12805,0,0.0,ADD 4,0,1,12772,0,0.0,ADD 5,0,0,0,0,0.0,ADD 6,0,1,12783,0,0.0,ADD 7,0,0,0,0,0.0,EGT2CAN,0,1,12717,0,0.0
1778949385.9488695,0.0,12813,-53.0,0,-,0,0,0,0,0.0,-,0,0,0,0,0.0,ECU,1,1,12734,0,0.0,FAN1,0,0,0,0,0.0,COILS,8,1,0,0,0.0,PUMP,0,0,0,0,0.0,INJECTOR,8,1,60,0,0.0,SERVO,1,1,12750,0,0.0,ADD 1,0,1,12766,0,0.0,ADD 2,0,1,12783,0,0.0,ADD 3,0,1,12766,0,0.0,ADD 4,0,1,12728,0,0.0,ADD 5,0,0,0,0,0.0,ADD 6,0,1,12821,0,0.0,ADD 7,0,0,0,0,0.0,EGT2CAN,0,1,12772,0,0.0
1778949385.9999285,0.0,12813,-53.0,0,-,0,0,0,0,0.0,-,0,0,0,0,0.0,ECU,1,1,12777,0,0.0,FAN1,0,0,0,0,0.0,COILS,8,1,0,0,0.0,PUMP,0,0,0,0,0.0,INJECTOR,8,1,65,0,0.0,SERVO,1,1,12701,0,0.0,ADD 1,0,1,12766,0,0.0,ADD 2,0,1,12783,0,0.0,ADD 3,0,1,12766,0,0.0,ADD 4,0,1,12728,0,0.0,ADD 5,0,0,0,0,0.0,ADD 6,0,1,12821,0,0.0,ADD 7,0,0,0,0,0.0,EGT2CAN,0,1,12772,0,0.0
1778949386.0508342,0.0,12769,-51.0,0,-,0,0,0,0,0.0,-,0,0,0,0,0.0,ECU,1,1,12739,0,0.0,FAN1,0,0,0,0,0.0,COILS,8,1,0,0,0.0,PUMP,0,0,0,0,0.0,INJECTOR,8,1,98,0,0.0,SERVO,1,1,12717,0,0.0,ADD 1,0,1,12766,0,0.0,ADD 2,0,1,12717,0,0.0,ADD 3,0,1,12750,0,0.0,ADD 4,0,1,12717,0,0.0,ADD 5,0,0,0,0,0.0,ADD 6,0,1,12788,0,0.0,ADD 7,0,0,0,0,0.0,EGT2CAN,0,1,12788,0,0.0
1778949386.1033912,0.0,12757,-52.0,0,-,0,0,0,0,0.0,-,0,0,0,0,0.0,ECU,1,1,12772,0,0.0,FAN1,0,0,0,0,0.0,COILS,8,1,0,0,0.0,PUMP,0,0,0,0,0.0,INJECTOR,8,1,65,0,0.0,SERVO,1,1,12761,0,0.0,ADD 1,0,1,12766,0,0.0,ADD 2,0,1,12788,0,0.0,ADD 3,0,1,12745,0,0.0,ADD 4,0,1,12701,0,0.0,ADD 5,0,0,0,0,0.0,ADD 6,0,1,12739,0,0.0,ADD 7,0,0,0,0,0.0,EGT2CAN,0,1,12772,0,0.0
1778949386.1536956,0.0,12757,-52.0,0,-,0,0,0,0,0.0,-,0,0,0,0,0.0,ECU,1,1,12766,0,0.0,FAN1,0,0,0,0,0.0,COILS,8,1,0,0,0.0,PUMP,0,0,0,0,0.0,INJECTOR,8,1,65,0,0.0,SERVO,1,1,12788,0,0.0,ADD 1,0,1,12766,0,0.0,ADD 2,0,1,12788,0,0.0,ADD 3,0,1,12745,0,0.0,ADD 4,0,1,12701,0,0.0,ADD 5,0,0,0,0,0.0,ADD 6,0,1,12739,0,0.0,ADD 7,0,0,0,0,0.0,EGT2CAN,0,1,12772,0,0.0
1778949386.2100394,0.0,12751,-54.0,0,-,0,0,0,0,0.0,-,0,0,0,0,0.0,ECU,1,1,12745,0,0.0,FAN1,0,0,0,0,0.0,COILS,8,1,0,0,0.0,PUMP,0,0,0,0,0.0,INJECTOR,8,1,65,0,0.0,SERVO,1,1,12745,0,0.0,ADD 1,0,1,12794,0,0.0,ADD 2,0,1,12810,0,0.0,ADD 3,0,1,12794,0,0.0,ADD 4,0,1,12783,0,0.0,ADD 5,0,0,0,0,0.0,ADD 6,0,1,12827,0,0.0,ADD 7,0,0,0,0,0.0,EGT2CAN,0,1,12739,0,0.0
1778949386.2664213,0.0,12813,-51.0,0,-,0,0,0,0,0.0,-,0,0,0,0,0.0,ECU,1,1,12783,0,0.0,FAN1,0,0,0,0,0.0,COILS,8,1,0,0,0.0,PUMP,0,0,0,0,0.0,INJECTOR,8,1,65,0,0.0,SERVO,1,1,12717,0,0.0,ADD 1,0,1,12772,0,0.0,ADD 2,0,1,12772,0,0.0,ADD 3,0,1,12717,0,0.0,ADD 4,0,1,12695,0,0.0,ADD 5,0,0,0,0,0.0,ADD 6,0,1,12788,0,0.0,ADD 7,0,0,0,0,0.0,EGT2CAN,0,1,12777,0,0.0
1778949386.3174152,0.0,12807,-52.0,0,-,0,0,0,0,0.0,-,0,0,0,0,0.0,ECU,1,1,12788,0,0.0,FAN1,0,0,0,0,0.0,COILS,8,1,0,0,0.0,PUMP,0,0,0,0,0.0,INJECTOR,8,1,71,0,0.0,SERVO,1,1,12766,0,0.0,ADD 1,0,1,12788,0,0.0,ADD 2,0,1,12821,0,0.0,ADD 3,0,1,12739,0,0.0,ADD 4,0,1,12739,0,0.0,ADD 5,0,0,0,0,0.0,ADD 6,0,1,12821,0,0.0,ADD 7,0,0,0,0,0.0,EGT2CAN,0,1,12788,0,0.0
1778949386.3734708,0.0,12776,-51.0,0,-,0,0,0,0,0.0,-,0,0,0,0,0.0,ECU,1,1,12788,0,0.0,FAN1,0,0,0,0,0.0,COILS,8,1,0,0,0.0,PUMP,0,0,0,0,0.0,INJECTOR,8,1,71,0,0.0,SERVO,1,1,12766,0,0.0,ADD 1,0,1,12788,0,0.0,ADD 2,0,1,12821,0,0.0,ADD 3,0,1,12739,0,0.0,ADD 4,0,1,12739,0,0.0,ADD 5,0,0,0,0,0.0,ADD 6,0,1,12821,0,0.0,ADD 7,0,0,0,0,0.0,EGT2CAN,0,1,12788,0,0.0
1778949386.4305763,0.0,12776,-51.0,0,-,0,0,0,0,0.0,-,0,0,0,0,0.0,ECU,1,1,12756,0,0.0,FAN1,0,0,0,0,0.0,COILS,8,1,0,0,0.0,PUMP,0,0,0,0,0.0,INJECTOR,8,1,65,0,0.0,SERVO,1,1,12717,0,0.0,ADD 1,0,1,12788,0,0.0,ADD 2,0,1,12821,0,0.0,ADD 3,0,1,12739,0,0.0,ADD 4,0,1,12739,0,0.0,ADD 5,0,0,0,0,0.0,ADD 6,0,1,12821,0,0.0,ADD 7,0,0,0,0,0.0,EGT2CAN,0,1,12788,0,0.0
1778949386.481407,0.0,12763,-51.0,0,-,0,0,0,0,0.0,-,0,0,0,0,0.0,ECU,1,1,12788,0,0.0,FAN1,0,0,0,0,0.0,COILS,8,1,0,0,0.0,PUMP,0,0,0,0,0.0,INJECTOR,8,1,65,0,0.0,SERVO,1,1,12788,0,0.0,ADD 1,0,1,12799,0,0.0,ADD 2,0,1,12832,0,0.0,ADD 3,0,1,12794,0,0.0,ADD 4,0,1,12745,0,0.0,ADD 5,0,0,0,0,0.0,ADD 6,0,1,12766,0,0.0,ADD 7,0,0,0,0,0.0,EGT2CAN,0,1,12734,0,0.0
1778949386.5328295,0.0,12763,-51.0,0,-,0,0,0,0,0.0,-,0,0,0,0,0.0,ECU,1,1,12788,0,0.0,FAN1,0,0,0,0,0.0,COILS,8,1,0,0,0.0,PUMP,0,0,0,0,0.0,INJECTOR,8,1,65,0,0.0,SERVO,1,1,12788,0,0.0,ADD 1,0,1,12799,0,0.0,ADD 2,0,1,12832,0,0.0,ADD 3,0,1,12794,0,0.0,ADD 4,0,1,12745,0,0.0,ADD 5,0,0,0,0,0.0,ADD 6,0,1,12766,0,0.0,ADD 7,0,0,0,0,0.0,EGT2CAN,0,1,12734,0,0.0
1778949386.5835996,0.0,12763,-51.0,0,-,0,0,0,0,0.0,-,0,0,0,0,0.0,ECU,1,1,12745,0,0.0,FAN1,0,0,0,0,0.0,COILS,8,1,0,0,0.0,PUMP,0,0,0,0,0.0,INJECTOR,8,1,65,0,0.0,SERVO,1,1,12739,0,0.0,ADD 1,0,1,12772,0,0.0,ADD 2,0,1,12734,0,0.0,ADD 3,0,1,12772,0,0.0,ADD 4,0,1,12766,0,0.0,ADD 5,0,0,0,0,0.0,ADD 6,0,1,12810,0,0.0,ADD 7,0,0,0,0,0.0,EGT2CAN,0,1,12794,0,0.0
1778949386.6361694,0.0,12800,-52.0,0,-,0,0,0,0,0.0,-,0,0,0,0,0.0,ECU,1,1,12750,0,0.0,FAN1,0,0,0,0,0.0,COILS,8,1,0,0,0.0,PUMP,0,0,0,0,0.0,INJECTOR,8,1,65,0,0.0,SERVO,1,1,12772,0,0.0,ADD 1,0,1,12756,0,0.0,ADD 2,0,1,12761,0,0.0,ADD 3,0,1,12701,0,0.0,ADD 4,0,1,12695,0,0.0,ADD 5,0,0,0,0,0.0,ADD 6,0,1,12810,0,0.0,ADD 7,0,0,0,0,0.0,EGT2CAN,0,1,12799,0,0.0
1778949386.6871626,0.0,12800,-52.0,0,-,0,0,0,0,0.0,-,0,0,0,0,0.0,ECU,1,1,12750,0,0.0,FAN1,0,0,0,0,0.0,COILS,8,1,0,0,0.0,PUMP,0,0,0,0,0.0,INJECTOR,8,1,65,0,0.0,SERVO,1,1,12772,0,0.0,ADD 1,0,1,12756,0,0.0,ADD 2,0,1,12761,0,0.0,ADD 3,0,1,12701,0,0.0,ADD 4,0,1,12695,0,0.0,ADD 5,0,0,0,0,0.0,ADD 6,0,1,12810,0,0.0,ADD 7,0,0,0,0,0.0,EGT2CAN,0,1,12799,0,0.0
1778949386.7379055,0.0,12800,-52.0,0,-,0,0,0,0,0.0,-,0,0,0,0,0.0,ECU,1,1,12816,0,0.0,FAN1,0,0,0,0,0.0,COILS,8,1,0,0,0.0,PUMP,0,0,0,0,0.0,INJECTOR,8,1,103,0,0.0,SERVO,1,1,12777,0,0.0,ADD 1,0,1,12750,0,0.0,ADD 2,0,1,12788,0,0.0,ADD 3,0,1,12766,0,0.0,ADD 4,0,1,12717,0,0.0,ADD 5,0,0,0,0,0.0,ADD 6,0,1,12788,0,0.0,ADD 7,0,0,0,0,0.0,EGT2CAN,0,1,12799,0,0.0
1778949386.7890751,0.0,12776,-52.0,0,-,0,0,0,0,0.0,-,0,0,0,0,0.0,ECU,1,1,12772,0,0.0,FAN1,0,0,0,0,0.0,COILS,8,1,0,0,0.0,PUMP,0,0,0,0,0.0,INJECTOR,8,1,43,0,0.0,SERVO,1,1,12756,0,0.0,ADD 1,0,1,12772,0,0.0,ADD 2,0,1,12821,0,0.0,ADD 3,0,1,12761,0,0.0,ADD 4,0,1,12717,0,0.0,ADD 5,0,0,0,0,0.0,ADD 6,0,1,12810,0,0.0,ADD 7,0,0,0,0,0.0,EGT2CAN,0,1,12766,0,0.0
1778949386.8577662,0.0,12776,-52.0,0,-,0,0,0,0,0.0,-,0,0,0,0,0.0,ECU,1,1,12794,0,0.0,FAN1,0,0,0,0,0.0,COILS,8,1,0,0,0.0,PUMP,0,0,0,0,0.0,INJECTOR,8,1,43,0,0.0,SERVO,1,1,12756,0,0.0,ADD 1,0,1,12772,0,0.0,ADD 2,0,1,12821,0,0.0,ADD 3,0,1,12761,0,0.0,ADD 4,0,1,12717,0,0.0,ADD 5,0,0,0,0,0.0,ADD 6,0,1,12810,0,0.0,ADD 7,0,0,0,0,0.0,EGT2CAN,0,1,12766,0,0.0
1778949386.9086387,0.0,12776,-51.0,0,-,0,0,0,0,0.0,-,0,0,0,0,0.0,ECU,1,1,12739,0,0.0,FAN1,0,0,0,0,0.0,COILS,8,1,0,0,0.0,PUMP,0,0,0,0,0.0,INJECTOR,8,1,76,0,0.0,SERVO,1,1,12739,0,0.0,ADD 1,0,1,12766,0,0.0,ADD 2,0,1,12745,0,0.0,ADD 3,0,1,12706,0,0.0,ADD 4,0,1,12745,0,0.0,ADD 5,0,0,0,0,0.0,ADD 6,0,1,12766,0,0.0,ADD 7,0,0,0,0,0.0,EGT2CAN,0,1,12761,0,0.0
1778949386.9601774,0.0,12720,-51.0,0,-,0,0,0,0,0.0,-,0,0,0,0,0.0,ECU,1,1,12750,0,0.0,FAN1,0,0,0,0,0.0,COILS,8,1,0,0,0.0,PUMP,0,0,0,0,0.0,INJECTOR,8,1,65,0,0.0,SERVO,1,1,12695,0,0.0,ADD 1,0,1,12805,0,0.0,ADD 2,0,1,12832,0,0.0,ADD 3,0,1,12750,0,0.0,ADD 4,0,1,12712,0,0.0,ADD 5,0,0,0,0,0.0,ADD 6,0,1,12756,0,0.0,ADD 7,0,0,0,0,0.0,EGT2CAN,0,1,12788,0,0.0
1778949387.010784,0.0,12720,-51.0,0,-,0,0,0,0,0.0,-,0,0,0,0,0.0,ECU,1,1,12756,0,0.0,FAN1,0,0,0,0,0.0,COILS,8,1,0,0,0.0,PUMP,0,0,0,0,0.0,INJECTOR,8,1,92,0,0.0,SERVO,1,1,12695,0,0.0,ADD 1,0,1,12788,0,0.0,ADD 2,0,1,12750,0,0.0,ADD 3,0,1,12777,0,0.0,ADD 4,0,1,12717,0,0.0,ADD 5,0,0,0,0,0.0,ADD 6,0,1,12816,0,0.0,ADD 7,0,0,0,0,0.0,EGT2CAN,0,1,12766,0,0.0
1778949387.0706882,0.0,12751,-51.0,0,-,0,0,0,0,0.0,-,0,0,0,0,0.0,ECU,1,1,12745,0,0.0,FAN1,0,0,0,0,0.0,COILS,8,1,0,0,0.0,PUMP,0,0,0,0,0.0,INJECTOR,8,1,65,0,0.0,SERVO,1,1,12766,0,0.0,ADD 1,0,1,12684,0,0.0,ADD 2,0,1,12794,0,0.0,ADD 3,0,1,12788,0,0.0,ADD 4,0,1,12766,0,0.0,ADD 5,0,0,0,0,0.0,ADD 6,0,1,12816,0,0.0,ADD 7,0,0,0,0,0.0,EGT2CAN,0,1,12783,0,0.0
1778949387.1235583,0.0,12800,-52.0,0,-,0,0,0,0,0.0,-,0,0,0,0,0.0,ECU,1,1,12750,0,0.0,FAN1,0,0,0,0,0.0,COILS,8,1,0,0,0.0,PUMP,0,0,0,0,0.0,INJECTOR,8,1,65,0,0.0,SERVO,1,1,12788,0,0.0,ADD 1,0,1,12816,0,0.0,ADD 2,0,1,12777,0,0.0,ADD 3,0,1,12788,0,0.0,ADD 4,0,1,12745,0,0.0,ADD 5,0,0,0,0,0.0,ADD 6,0,1,12810,0,0.0,ADD 7,0,0,0,0,0.0,EGT2CAN,0,1,12805,0,0.0
1778949387.1747754,0.0,12763,-51.0,0,-,0,0,0,0,0.0,-,0,0,0,0,0.0,ECU,1,1,12684,0,0.0,FAN1,0,0,0,0,0.0,COILS,8,1,0,0,0.0,PUMP,0,0,0,0,0.0,INJECTOR,8,1,65,0,0.0,SERVO,1,1,12717,0,0.0,ADD 1,0,1,12810,0,0.0,ADD 2,0,1,12816,0,0.0,ADD 3,0,1,12788,0,0.0,ADD 4,0,1,12750,0,0.0,ADD 5,0,0,0,0,0.0,ADD 6,0,1,12772,0,0.0,ADD 7,0,0,0,0,0.0,EGT2CAN,0,1,12761,0,0.0
1778949387.2349205,0.0,12763,-51.0,0,-,0,0,0,0,0.0,-,0,0,0,0,0.0,ECU,1,1,12766,0,0.0,FAN1,0,0,0,0,0.0,COILS,8,1,0,0,0.0,PUMP,0,0,0,0,0.0,INJECTOR,8,1,65,0,0.0,SERVO,1,1,12756,0,0.0,ADD 1,0,1,12805,0,0.0,ADD 2,0,1,12783,0,0.0,ADD 3,0,1,12701,0,0.0,ADD 4,0,1,12717,0,0.0,ADD 5,0,0,0,0,0.0,ADD 6,0,1,12816,0,0.0,ADD 7,0,0,0,0,0.0,EGT2CAN,0,1,12799,0,0.0
1778949387.2874649,0.0,12776,-52.0,0,-,0,0,0,0,0.0,-,0,0,0,0,0.0,ECU,1,1,12766,0,0.0,FAN1,0,0,0,0,0.0,COILS,8,1,0,0,0.0,PUMP,0,0,0,0,0.0,INJECTOR,8,1,65,0,0.0,SERVO,1,1,12756,0,0.0,ADD 1,0,1,12805,0,0.0,ADD 2,0,1,12783,0,0.0,ADD 3,0,1,12701,0,0.0,ADD 4,0,1,12717,0,0.0,ADD 5,0,0,0,0,0.0,ADD 6,0,1,12816,0,0.0,ADD 7,0,0,0,0,0.0,EGT2CAN,0,1,12799,0,0.0
1778949387.340178,0.0,12776,-51.0,0,-,0,0,0,0,0.0,-,0,0,0,0,0.0,ECU,1,1,12788,0,0.0,FAN1,0,0,0,0,0.0,COILS,8,1,0,0,0.0,PUMP,0,0,0,0,0.0,INJECTOR,8,1,65,0,0.0,SERVO,1,1,12777,0,0.0,ADD 1,0,1,12794,0,0.0,ADD 2,0,1,12794,0,0.0,ADD 3,0,1,12788,0,0.0,ADD 4,0,1,12706,0,0.0,ADD 5,0,0,0,0,0.0,ADD 6,0,1,12810,0,0.0,ADD 7,0,0,0,0,0.0,EGT2CAN,0,1,12794,0,0.0
1778949387.3913043,0.0,12776,-51.0,0,-,0,0,0,0,0.0,-,0,0,0,0,0.0,ECU,1,1,12756,0,0.0,FAN1,0,0,0,0,0.0,COILS,8,1,0,0,0.0,PUMP,0,0,0,0,0.0,INJECTOR,8,1,65,0,0.0,SERVO,1,1,12734,0,0.0,ADD 1,0,1,12788,0,0.0,ADD 2,0,1,12816,0,0.0,ADD 3,0,1,12794,0,0.0,ADD 4,0,1,12756,0,0.0,ADD 5,0,0,0,0,0.0,ADD 6,0,1,12794,0,0.0,ADD 7,0,0,0,0,0.0,EGT2CAN,0,1,12788,0,0.0
1778949387.4428167,0.0,12800,-52.0,0,-,0,0,0,0,0.0,-,0,0,0,0,0.0,ECU,1,1,12756,0,0.0,FAN1,0,0,0,0,0.0,COILS,8,1,0,0,0.0,PUMP,0,0,0,0,0.0,INJECTOR,8,1,65,0,0.0,SERVO,1,1,12734,0,0.0,ADD 1,0,1,12788,0,0.0,ADD 2,0,1,12816,0,0.0,ADD 3,0,1,12794,0,0.0,ADD 4,0,1,12756,0,0.0,ADD 5,0,0,0,0,0.0,ADD 6,0,1,12794,0,0.0,ADD 7,0,0,0,0,0.0,EGT2CAN,0,1,12788,0,0.0
1778949387.493151,0.0,12800,-51.0,0,-,0,0,0,0,0.0,-,0,0,0,0,0.0,ECU,1,1,12794,0,0.0,FAN1,0,0,0,0,0.0,COILS,8,1,0,0,0.0,PUMP,0,0,0,0,0.0,INJECTOR,8,1,76,0,0.0,SERVO,1,1,12706,0,0.0,ADD 1,0,1,12783,0,0.0,ADD 2,0,1,12816,0,0.0,ADD 3,0,1,12788,0,0.0,ADD 4,0,1,12783,0,0.0,ADD 5,0,0,0,0,0.0,ADD 6,0,1,12816,0,0.0,ADD 7,0,0,0,0,0.0,EGT2CAN,0,1,12766,0,0.0
1778949387.5450113,0.0,12800,-51.0,0,-,0,0,0,0,0.0,-,0,0,0,0,0.0,ECU,1,1,12794,0,0.0,FAN1,0,0,0,0,0.0,COILS,8,1,0,0,0.0,PUMP,0,0,0,0,0.0,INJECTOR,8,1,76,0,0.0,SERVO,1,1,12706,0,0.0,ADD 1,0,1,12783,0,0.0,ADD 2,0,1,12816,0,0.0,ADD 3,0,1,12788,0,0.0,ADD 4,0,1,12783,0,0.0,ADD 5,0,0,0,0,0.0,ADD 6,0,1,12816,0,0.0,ADD 7,0,0,0,0,0.0,EGT2CAN,0,1,12766,0,0.0
1778949387.5969074,0.0,12751,-53.0,0,-,0,0,0,0,0.0,-,0,0,0,0,0.0,ECU,1,1,12794,0,0.0,FAN1,0,0,0,0,0.0,COILS,8,1,0,0,0.0,PUMP,0,0,0,0,0.0,INJECTOR,8,1,54,0,0.0,SERVO,1,1,12761,0,0.0,ADD 1,0,1,12739,0,0.0,ADD 2,0,1,12816,0,0.0,ADD 3,0,1,12739,0,0.0,ADD 4,0,1,12684,0,0.0,ADD 5,0,0,0,0,0.0,ADD 6,0,1,12788,0,0.0,ADD 7,0,0,0,0,0.0,EGT2CAN,0,1,12788,0,0.0
1778949387.6504302,0.0,12800,-51.0,0,-,0,0,0,0,0.0,-,0,0,0,0,0.0,ECU,1,1,12777,0,0.0,FAN1,0,0,0,0,0.0,COILS,8,1,0,0,0.0,PUMP,0,0,0,0,0.0,INJECTOR,8,1,65,0,0.0,SERVO,1,1,12788,0,0.0,ADD 1,0,1,12788,0,0.0,ADD 2,0,1,12723,0,0.0,ADD 3,0,1,12723,0,0.0,ADD 4,0,1,12728,0,0.0,ADD 5,0,0,0,0,0.0,ADD 6,0,1,12788,0,0.0,ADD 7,0,0,0,0,0.0,EGT2CAN,0,1,12777,0,0.0
1778949387.7008555,0.0,12800,-51.0,0,-,0,0,0,0,0.0,-,0,0,0,0,0.0,ECU,1,1,12788,0,0.0,FAN1,0,0,0,0,0.0,COILS,8,1,0,0,0.0,PUMP,0,0,0,0,0.0,INJECTOR,8,1,65,0,0.0,SERVO,1,1,12766,0,0.0,ADD 1,0,1,12756,0,0.0,ADD 2,0,1,12799,0,0.0,ADD 3,0,1,12750,0,0.0,ADD 4,0,1,12684,0,0.0,ADD 5,0,0,0,0,0.0,ADD 6,0,1,12684,0,0.0,ADD 7,0,0,0,0,0.0,EGT2CAN,0,1,12684,0,0.0
1778949387.752007,0.0,12813,-52.0,0,-,0,0,0,0,0.0,-,0,0,0,0,0.0,ECU,1,1,12695,0,0.0,FAN1,0,0,0,0,0.0,COILS,8,1,0,0,0.0,PUMP,0,0,0,0,0.0,INJECTOR,8,1,65,0,0.0,SERVO,1,1,12766,0,0.0,ADD 1,0,1,12756,0,0.0,ADD 2,0,1,12799,0,0.0,ADD 3,0,1,12750,0,0.0,ADD 4,0,1,12684,0,0.0,ADD 5,0,0,0,0,0.0,ADD 6,0,1,12684,0,0.0,ADD 7,0,0,0,0,0.0,EGT2CAN,0,1,12684,0,0.0
1778949387.8170135,0.0,12788,-52.0,0,-,0,0,0,0,0.0,-,0,0,0,0,0.0,ECU,1,1,12794,0,0.0,FAN1,0,0,0,0,0.0,COILS,8,1,0,0,0.0,PUMP,0,0,0,0,0.0,INJECTOR,8,1,65,0,0.0,SERVO,1,1,12761,0,0.0,ADD 1,0,1,12684,0,0.0,ADD 2,0,1,12728,0,0.0,ADD 3,0,1,12766,0,0.0,ADD 4,0,1,12728,0,0.0,ADD 5,0,0,0,0,0.0,ADD 6,0,1,12766,0,0.0,ADD 7,0,0,0,0,0.0,EGT2CAN,0,1,12777,0,0.0
1778949387.8733425,0.0,12788,-52.0,0,-,0,0,0,0,0.0,-,0,0,0,0,0.0,ECU,1,1,12717,0,0.0,FAN1,0,0,0,0,0.0,COILS,8,1,0,0,0.0,PUMP,0,0,0,0,0.0,INJECTOR,8,1,65,0,0.0,SERVO,1,1,12772,0,0.0,ADD 1,0,1,12783,0,0.0,ADD 2,0,1,12783,0,0.0,ADD 3,0,1,12761,0,0.0,ADD 4,0,1,12745,0,0.0,ADD 5,0,0,0,0,0.0,ADD 6,0,1,12777,0,0.0,ADD 7,0,0,0,0,0.0,EGT2CAN,0,1,12745,0,0.0
1778949387.9237976,0.0,12751,-52.0,0,-,0,0,0,0,0.0,-,0,0,0,0,0.0,ECU,1,1,12761,0,0.0,FAN1,0,0,0,0,0.0,COILS,8,1,0,0,0.0,PUMP,0,0,0,0,0.0,INJECTOR,8,1,71,0,0.0,SERVO,1,1,12788,0,0.0,ADD 1,0,1,12717,0,0.0,ADD 2,0,1,12810,0,0.0,ADD 3,0,1,12788,0,0.0,ADD 4,0,1,12772,0,0.0,ADD 5,0,0,0,0,0.0,ADD 6,0,1,12810,0,0.0,ADD 7,0,0,0,0,0.0,EGT2CAN,0,1,12750,0,0.0
1778949387.9758122,0.0,12751,-52.0,0,-,0,0,0,0,0.0,-,0,0,0,0,0.0,ECU,1,1,12761,0,0.0,FAN1,0,0,0,0,0.0,COILS,8,1,0,0,0.0,PUMP,0,0,0,0,0.0,INJECTOR,8,1,71,0,0.0,SERVO,1,1,12788,0,0.0,ADD 1,0,1,12717,0,0.0,ADD 2,0,1,12810,0,0.0,ADD 3,0,1,12788,0,0.0,ADD 4,0,1,12772,0,0.0,ADD 5,0,0,0,0,0.0,ADD 6,0,1,12810,0,0.0,ADD 7,0,0,0,0,0.0,EGT2CAN,0,1,12750,0,0.0
1778949388.0277023,0.0,12800,-52.0,0,-,0,0,0,0,0.0,-,0,0,0,0,0.0,ECU,1,1,12788,0,0.0,FAN1,0,0,0,0,0.0,COILS,8,1,0,0,0.0,PUMP,0,0,0,0,0.0,INJECTOR,8,1,65,0,0.0,SERVO,1,1,12766,0,0.0,ADD 1,0,1,12799,0,0.0,ADD 2,0,1,12761,0,0.0,ADD 3,0,1,12745,0,0.0,ADD 4,0,1,12745,0,0.0,ADD 5,0,0,0,0,0.0,ADD 6,0,1,12734,0,0.0,ADD 7,0,0,0,0,0.0,EGT2CAN,0,1,12739,0,0.0
1778949388.0802581,0.0,12800,-52.0,0,-,0,0,0,0,0.0,-,0,0,0,0,0.0,ECU,1,1,12794,0,0.0,FAN1,0,0,0,0,0.0,COILS,8,1,0,0,0.0,PUMP,0,0,0,0,0.0,INJECTOR,8,1,71,0,0.0,SERVO,1,1,12766,0,0.0,ADD 1,0,1,12684,0,0.0,ADD 2,0,1,12832,0,0.0,ADD 3,0,1,12684,0,0.0,ADD 4,0,1,12728,0,0.0,ADD 5,0,0,0,0,0.0,ADD 6,0,1,12810,0,0.0,ADD 7,0,0,0,0,0.0,EGT2CAN,0,1,12734,0,0.0
1778949388.1368232,0.0,12776,-51.0,0,-,0,0,0,0,0.0,-,0,0,0,0,0.0,ECU,1,1,12788,0,0.0,FAN1,0,0,0,0,0.0,COILS,8,1,0,0,0.0,PUMP,0,0,0,0,0.0,INJECTOR,8,1,65,0,0.0,SERVO,1,1,12761,0,0.0,ADD 1,0,1,12684,0,0.0,ADD 2,0,1,12832,0,0.0,ADD 3,0,1,12684,0,0.0,ADD 4,0,1,12728,0,0.0,ADD 5,0,0,0,0,0.0,ADD 6,0,1,12810,0,0.0,ADD 7,0,0,0,0,0.0,EGT2CAN,0,1,12734,0,0.0
1778949388.190265,0.0,12757,-52.0,0,-,0,0,0,0,0.0,-,0,0,0,0,0.0,ECU,1,1,12761,0,0.0,FAN1,0,0,0,0,0.0,COILS,8,1,0,0,0.0,PUMP,0,0,0,0,0.0,INJECTOR,8,1,71,0,0.0,SERVO,1,1,12723,0,0.0,ADD 1,0,1,12756,0,0.0,ADD 2,0,1,12766,0,0.0,ADD 3,0,1,12734,0,0.0,ADD 4,0,1,12706,0,0.0,ADD 5,0,0,0,0,0.0,ADD 6,0,1,12788,0,0.0,ADD 7,0,0,0,0,0.0,EGT2CAN,0,1,12772,0,0.0
1778949388.2500718,0.0,12788,-52.0,0,-,0,0,0,0,0.0,-,0,0,0,0,0.0,ECU,1,1,12788,0,0.0,FAN1,0,0,0,0,0.0,COILS,8,1,0,0,0.0,PUMP,0,0,0,0,0.0,INJECTOR,8,1,109,0,0.0,SERVO,1,1,12761,0,0.0,ADD 1,0,1,12777,0,0.0,ADD 2,0,1,12739,0,0.0,ADD 3,0,1,12739,0,0.0,ADD 4,0,1,12717,0,0.0,ADD 5,0,0,0,0,0.0,ADD 6,0,1,12788,0,0.0,ADD 7,0,0,0,0,0.0,EGT2CAN,0,1,12777,0,0.0
1778949388.3020165,0.0,12788,-52.0,0,-,0,0,0,0,0.0,-,0,0,0,0,0.0,ECU,1,1,12788,0,0.0,FAN1,0,0,0,0,0.0,COILS,8,1,0,0,0.0,PUMP,0,0,0,0,0.0,INJECTOR,8,1,109,0,0.0,SERVO,1,1,12761,0,0.0,ADD 1,0,1,12777,0,0.0,ADD 2,0,1,12739,0,0.0,ADD 3,0,1,12739,0,0.0,ADD 4,0,1,12717,0,0.0,ADD 5,0,0,0,0,0.0,ADD 6,0,1,12788,0,0.0,ADD 7,0,0,0,0,0.0,EGT2CAN,0,1,12777,0,0.0
1778949388.3530655,0.0,12788,-52.0,0,-,0,0,0,0,0.0,-,0,0,0,0,0.0,ECU,1,1,12799,0,0.0,FAN1,0,0,0,0,0.0,COILS,8,1,0,0,0.0,PUMP,0,0,0,0,0.0,INJECTOR,8,1,65,0,0.0,SERVO,1,1,12734,0,0.0,ADD 1,0,1,12750,0,0.0,ADD 2,0,1,12788,0,0.0,ADD 3,0,1,12805,0,0.0,ADD 4,0,1,12745,0,0.0,ADD 5,0,0,0,0,0.0,ADD 6,0,1,12788,0,0.0,ADD 7,0,0,0,0,0.0,EGT2CAN,0,1,12766,0,0.0
1778949388.4035113,0.0,12788,-52.0,0,-,0,0,0,0,0.0,-,0,0,0,0,0.0,ECU,1,1,12783,0,0.0,FAN1,0,0,0,0,0.0,COILS,8,1,0,0,0.0,PUMP,0,0,0,0,0.0,INJECTOR,8,1,49,0,0.0,SERVO,1,1,12772,0,0.0,ADD 1,0,1,12756,0,0.0,ADD 2,0,1,12832,0,0.0,ADD 3,0,1,12756,0,0.0,ADD 4,0,1,12766,0,0.0,ADD 5,0,0,0,0,0.0,ADD 6,0,1,12761,0,0.0,ADD 7,0,0,0,0,0.0,EGT2CAN,0,1,12728,0,0.0
1778949388.454514,0.0,12763,-51.0,0,-,0,0,0,0,0.0,-,0,0,0,0,0.0,ECU,1,1,12756,0,0.0,FAN1,0,0,0,0,0.0,COILS,8,1,0,0,0.0,PUMP,0,0,0,0,0.0,INJECTOR,8,1,65,0,0.0,SERVO,1,1,12695,0,0.0,ADD 1,0,1,12777,0,0.0,ADD 2,0,1,12821,0,0.0,ADD 3,0,1,12766,0,0.0,ADD 4,0,1,12739,0,0.0,ADD 5,0,0,0,0,0.0,ADD 6,0,1,12761,0,0.0,ADD 7,0,0,0,0,0.0,EGT2CAN,0,1,12728,0,0.0
1778949388.505915,0.0,12800,-52.0,0,-,0,0,0,0,0.0,-,0,0,0,0,0.0,ECU,1,1,12756,0,0.0,FAN1,0,0,0,0,0.0,COILS,8,1,0,0,0.0,PUMP,0,0,0,0,0.0,INJECTOR,8,1,65,0,0.0,SERVO,1,1,12756,0,0.0,ADD 1,0,1,12805,0,0.0,ADD 2,0,1,12810,0,0.0,ADD 3,0,1,12750,0,0.0,ADD 4,0,1,12750,0,0.0,ADD 5,0,0,0,0,0.0,ADD 6,0,1,12827,0,0.0,ADD 7,0,0,0,0,0.0,EGT2CAN,0,1,12799,0,0.0
1778949388.5565002,0.0,12800,-52.0,0,-,0,0,0,0,0.0,-,0,0,0,0,0.0,ECU,1,1,12805,0,0.0,FAN1,0,0,0,0,0.0,COILS,8,1,0,0,0.0,PUMP,0,0,0,0,0.0,INJECTOR,8,1,65,0,0.0,SERVO,1,1,12756,0,0.0,ADD 1,0,1,12799,0,0.0,ADD 2,0,1,12805,0,0.0,ADD 3,0,1,12761,0,0.0,ADD 4,0,1,12728,0,0.0,ADD 5,0,0,0,0,0.0,ADD 6,0,1,12783,0,0.0,ADD 7,0,0,0,0,0.0,EGT2CAN,0,1,12788,0,0.0
1778949388.6075027,0.0,12800,-51.0,0,-,0,0,0,0,0.0,-,0,0,0,0,0.0,ECU,1,1,12756,0,0.0,FAN1,0,0,0,0,0.0,COILS,8,1,0,0,0.0,PUMP,0,0,0,0,0.0,INJECTOR,8,1,65,0,0.0,SERVO,1,1,12756,0,0.0,ADD 1,0,1,12810,0,0.0,ADD 2,0,1,12810,0,0.0,ADD 3,0,1,12745,0,0.0,ADD 4,0,1,12739,0,0.0,ADD 5,0,0,0,0,0.0,ADD 6,0,1,12777,0,0.0,ADD 7,0,0,0,0,0.0,EGT2CAN,0,1,12739,0,0.0
1778949388.6753094,0.0,12763,-51.0,0,-,0,0,0,0,0.0,-,0,0,0,0,0.0,ECU,1,1,12756,0,0.0,FAN1,0,0,0,0,0.0,COILS,8,1,0,0,0.0,PUMP,0,0,0,0,0.0,INJECTOR,8,1,103,0,0.0,SERVO,1,1,12788,0,0.0,ADD 1,0,1,12810,0,0.0,ADD 2,0,1,12756,0,0.0,ADD 3,0,1,12750,0,0.0,ADD 4,0,1,12723,0,0.0,ADD 5,0,0,0,0,0.0,ADD 6,0,1,12756,0,0.0,ADD 7,0,0,0,0,0.0,EGT2CAN,0,1,12788,0,0.0
1778949388.7269375,0.0,12763,-51.0,0,-,0,0,0,0,0.0,-,0,0,0,0,0.0,ECU,1,1,12788,0,0.0,FAN1,0,0,0,0,0.0,COILS,8,1,0,0,0.0,PUMP,0,0,0,0,0.0,INJECTOR,8,1,71,0,0.0,SERVO,1,1,12717,0,0.0,ADD 1,0,1,12734,0,0.0,ADD 2,0,1,12794,0,0.0,ADD 3,0,1,12766,0,0.0,ADD 4,0,1,12728,0,0.0,ADD 5,0,0,0,0,0.0,ADD 6,0,1,12756,0,0.0,ADD 7,0,0,0,0,0.0,EGT2CAN,0,1,12788,0,0.0
1778949388.7775347,0.0,12800,-52.0,0,-,0,0,0,0,0.0,-,0,0,0,0,0.0,ECU,1,1,12788,0,0.0,FAN1,0,0,0,0,0.0,COILS,8,1,0,0,0.0,PUMP,0,0,0,0,0.0,INJECTOR,8,1,65,0,0.0,SERVO,1,1,12783,0,0.0,ADD 1,0,1,12750,0,0.0,ADD 2,0,1,12745,0,0.0,ADD 3,0,1,12756,0,0.0,ADD 4,0,1,12723,0,0.0,ADD 5,0,0,0,0,0.0,ADD 6,0,1,12788,0,0.0,ADD 7,0,0,0,0,0.0,EGT2CAN,0,1,12772,0,0.0
1778949388.8284943,0.0,12800,-52.0,0,-,0,0,0,0,0.0,-,0,0,0,0,0.0,ECU,1,1,12788,0,0.0,FAN1,0,0,0,0,0.0,COILS,8,1,0,0,0.0,PUMP,0,0,0,0,0.0,INJECTOR,8,1,65,0,0.0,SERVO,1,1,12783,0,0.0,ADD 1,0,1,12750,0,0.0,ADD 2,0,1,12745,0,0.0,ADD 3,0,1,12756,0,0.0,ADD 4,0,1,12723,0,0.0,ADD 5,0,0,0,0,0.0,ADD 6,0,1,12788,0,0.0,ADD 7,0,0,0,0,0.0,EGT2CAN,0,1,12772,0,0.0
1778949388.8794713,0.0,12800,-52.0,0,-,0,0,0,0,0.0,-,0,0,0,0,0.0,ECU,1,1,12766,0,0.0,FAN1,0,0,0,0,0.0,COILS,8,1,0,0,0.0,PUMP,0,0,0,0,0.0,INJECTOR,8,1,54,0,0.0,SERVO,1,1,12761,0,0.0,ADD 1,0,1,12756,0,0.0,ADD 2,0,1,12832,0,0.0,ADD 3,0,1,12783,0,0.0,ADD 4,0,1,12772,0,0.0,ADD 5,0,0,0,0,0.0,ADD 6,0,1,12777,0,0.0,ADD 7,0,0,0,0,0.0,EGT2CAN,0,1,12761,0,0.0
1778949388.930507,0.0,12782,-51.0,0,-,0,0,0,0,0.0,-,0,0,0,0,0.0,ECU,1,1,12684,0,0.0,FAN1,0,0,0,0,0.0,COILS,8,1,0,0,0.0,PUMP,0,0,0,0,0.0,INJECTOR,8,1,76,0,0.0,SERVO,1,1,12706,0,0.0,ADD 1,0,1,12766,0,0.0,ADD 2,0,1,12756,0,0.0,ADD 3,0,1,12788,0,0.0,ADD 4,0,1,12756,0,0.0,ADD 5,0,0,0,0,0.0,ADD 6,0,1,12821,0,0.0,ADD 7,0,0,0,0,0.0,EGT2CAN,0,1,12756,0,0.0
1778949388.9811165,0.0,12782,-51.0,0,-,0,0,0,0,0.0,-,0,0,0,0,0.0,ECU,1,1,12684,0,0.0,FAN1,0,0,0,0,0.0,COILS,8,1,0,0,0.0,PUMP,0,0,0,0,0.0,INJECTOR,8,1,76,0,0.0,SERVO,1,1,12706,0,0.0,ADD 1,0,1,12766,0,0.0,ADD 2,0,1,12756,0,0.0,ADD 3,0,1,12788,0,0.0,ADD 4,0,1,12756,0,0.0,ADD 5,0,0,0,0,0.0,ADD 6,0,1,12821,0,0.0,ADD 7,0,0,0,0,0.0,EGT2CAN,0,1,12756,0,0.0
1778949389.0336769,0.0,12782,-51.0,0,-,0,0,0,0,0.0,-,0,0,0,0,0.0,ECU,1,1,12684,0,0.0,FAN1,0,0,0,0,0.0,COILS,8,1,0,0,0.0,PUMP,0,0,0,0,0.0,INJECTOR,8,1,71,0,0.0,SERVO,1,1,12728,0,0.0,ADD 1,0,1,12788,0,0.0,ADD 2,0,1,12772,0,0.0,ADD 3,0,1,12783,0,0.0,ADD 4,0,1,12695,0,0.0,ADD 5,0,0,0,0,0.0,ADD 6,0,1,12783,0,0.0,ADD 7,0,0,0,0,0.0,EGT2CAN,0,1,12772,0,0.0
1778949389.084355,0.0,12763,-52.0,0,-,0,0,0,0,0.0,-,0,0,0,0,0.0,ECU,1,1,12799,0,0.0,FAN1,0,0,0,0,0.0,COILS,8,1,0,0,0.0,PUMP,0,0,0,0,0.0,INJECTOR,8,1,65,0,0.0,SERVO,1,1,12783,0,0.0,ADD 1,0,1,12788,0,0.0,ADD 2,0,1,12772,0,0.0,ADD 3,0,1,12750,0,0.0,ADD 4,0,1,12756,0,0.0,ADD 5,0,0,0,0,0.0,ADD 6,0,1,12739,0,0.0,ADD 7,0,0,0,0,0.0,EGT2CAN,0,1,12745,0,0.0
1778949389.1361,0.0,12763,-52.0,0,-,0,0,0,0,0.0,-,0,0,0,0,0.0,ECU,1,1,12799,0,0.0,FAN1,0,0,0,0,0.0,COILS,8,1,0,0,0.0,PUMP,0,0,0,0,0.0,INJECTOR,8,1,65,0,0.0,SERVO,1,1,12783,0,0.0,ADD 1,0,1,12788,0,0.0,ADD 2,0,1,12772,0,0.0,ADD 3,0,1,12750,0,0.0,ADD 4,0,1,12756,0,0.0,ADD 5,0,0,0,0,0.0,ADD 6,0,1,12739,0,0.0,ADD 7,0,0,0,0,0.0,EGT2CAN,0,1,12745,0,0.0
1778949389.1893852,0.0,12800,-51.0,0,-,0,0,0,0,0.0,-,0,0,0,0,0.0,ECU,1,1,12788,0,0.0,FAN1,0,0,0,0,0.0,COILS,8,1,0,0,0.0,PUMP,0,0,0,0,0.0,INJECTOR,8,1,65,0,0.0,SERVO,1,1,12739,0,0.0,ADD 1,0,1,12788,0,0.0,ADD 2,0,1,12739,0,0.0,ADD 3,0,1,12717,0,0.0,ADD 4,0,1,12723,0,0.0,ADD 5,0,0,0,0,0.0,ADD 6,0,1,12799,0,0.0,ADD 7,0,0,0,0,0.0,EGT2CAN,0,1,12756,0,0.0
1778949389.2414663,0.0,12751,-51.0,0,-,0,0,0,0,0.0,-,0,0,0,0,0.0,ECU,1,1,12756,0,0.0,FAN1,0,0,0,0,0.0,COILS,8,1,0,0,0.0,PUMP,0,0,0,0,0.0,INJECTOR,8,1,60,0,0.0,SERVO,1,1,12788,0,0.0,ADD 1,0,1,12756,0,0.0,ADD 2,0,1,12777,0,0.0,ADD 3,0,1,12734,0,0.0,ADD 4,0,1,12701,0,0.0,ADD 5,0,0,0,0,0.0,ADD 6,0,1,12777,0,0.0,ADD 7,0,0,0,0,0.0,EGT2CAN,0,1,12739,0,0.0
1778949389.3004806,0.0,12751,-51.0,0,-,0,0,0,0,0.0,-,0,0,0,0,0.0,ECU,1,1,12799,0,0.0,FAN1,0,0,0,0,0.0,COILS,8,1,0,0,0.0,PUMP,0,0,0,0,0.0,INJECTOR,8,1,60,0,0.0,SERVO,1,1,12739,0,0.0,ADD 1,0,1,12788,0,0.0,ADD 2,0,1,12777,0,0.0,ADD 3,0,1,12788,0,0.0,ADD 4,0,1,12772,0,0.0,ADD 5,0,0,0,0,0.0,ADD 6,0,1,12777,0,0.0,ADD 7,0,0,0,0,0.0,EGT2CAN,0,1,12739,0,0.0
1778949389.3513486,0.0,12745,-60.0,0,-,0,0,0,0,0.0,-,0,0,0,0,0.0,ECU,1,1,12701,0,0.0,FAN1,0,0,0,0,0.0,COILS,8,1,0,0,0.0,PUMP,0,0,0,0,0.0,INJECTOR,8,1,87,0,0.0,SERVO,1,1,12717,0,0.0,ADD 1,0,1,12701,0,0.0,ADD 2,0,1,12739,0,0.0,ADD 3,0,1,12766,0,0.0,ADD 4,0,1,12717,0,0.0,ADD 5,0,0,0,0,0.0,ADD 6,0,1,12799,0,0.0,ADD 7,0,0,0,0,0.0,EGT2CAN,0,1,12756,0,0.0
1778949389.4110851,0.0,12782,-52.0,0,-,0,0,0,0,0.0,-,0,0,0,0,0.0,ECU,1,1,12739,0,0.0,FAN1,0,0,0,0,0.0,COILS,8,1,0,0,0.0,PUMP,0,0,0,0,0.0,INJECTOR,8,1,65,0,0.0,SERVO,1,1,12766,0,0.0,ADD 1,0,1,12805,0,0.0,ADD 2,0,1,12827,0,0.0,ADD 3,0,1,12772,0,0.0,ADD 4,0,1,12766,0,0.0,ADD 5,0,0,0,0,0.0,ADD 6,0,1,12805,0,0.0,ADD 7,0,0,0,0,0.0,EGT2CAN,0,1,12783,0,0.0
1778949389.4624069,0.0,12782,-52.0,0,-,0,0,0,0,0.0,-,0,0,0,0,0.0,ECU,1,1,12788,0,0.0,FAN1,0,0,0,0,0.0,COILS,8,1,0,0,0.0,PUMP,0,0,0,0,0.0,INJECTOR,8,1,65,0,0.0,SERVO,1,1,12772,0,0.0,ADD 1,0,1,12805,0,0.0,ADD 2,0,1,12810,0,0.0,ADD 3,0,1,12777,0,0.0,ADD 4,0,1,12772,0,0.0,ADD 5,0,0,0,0,0.0,ADD 6,0,1,12805,0,0.0,ADD 7,0,0,0,0,0.0,EGT2CAN,0,1,12783,0,0.0
1778949389.5129366,0.0,12776,-52.0,0,-,0,0,0,0,0.0,-,0,0,0,0,0.0,ECU,1,1,12772,0,0.0,FAN1,0,0,0,0,0.0,COILS,8,1,0,0,0.0,PUMP,0,0,0,0,0.0,INJECTOR,8,1,65,0,0.0,SERVO,1,1,12772,0,0.0,ADD 1,0,1,12805,0,0.0,ADD 2,0,1,12794,0,0.0,ADD 3,0,1,12756,0,0.0,ADD 4,0,1,12750,0,0.0,ADD 5,0,0,0,0,0.0,ADD 6,0,1,12777,0,0.0,ADD 7,0,0,0,0,0.0,EGT2CAN,0,1,12750,0,0.0
1778949389.567118,0.0,12800,-51.0,0,-,0,0,0,0,0.0,-,0,0,0,0,0.0,ECU,1,1,12777,0,0.0,FAN1,0,0,0,0,0.0,COILS,8,1,0,0,0.0,PUMP,0,0,0,0,0.0,INJECTOR,8,1,65,0,0.0,SERVO,1,1,12777,0,0.0,ADD 1,0,1,12805,0,0.0,ADD 2,0,1,12766,0,0.0,ADD 3,0,1,12788,0,0.0,ADD 4,0,1,12756,0,0.0,ADD 5,0,0,0,0,0.0,ADD 6,0,1,12821,0,0.0,ADD 7,0,0,0,0,0.0,EGT2CAN,0,1,12799,0,0.0
1778949389.6181512,0.0,12800,-51.0,0,-,0,0,0,0,0.0,-,0,0,0,0,0.0,ECU,1,1,12805,0,0.0,FAN1,0,0,0,0,0.0,COILS,8,1,0,0,0.0,PUMP,0,0,0,0,0.0,INJECTOR,8,1,71,0,0.0,SERVO,1,1,12739,0,0.0,ADD 1,0,1,12805,0,0.0,ADD 2,0,1,12777,0,0.0,ADD 3,0,1,12712,0,0.0,ADD 4,0,1,12706,0,0.0,ADD 5,0,0,0,0,0.0,ADD 6,0,1,12788,0,0.0,ADD 7,0,0,0,0,0.0,EGT2CAN,0,1,12772,0,0.0
1778949389.6686134,0.0,12782,-52.0,0,-,0,0,0,0,0.0,-,0,0,0,0,0.0,ECU,1,1,12766,0,0.0,FAN1,0,0,0,0,0.0,COILS,8,1,0,0,0.0,PUMP,0,0,0,0,0.0,INJECTOR,8,1,60,0,0.0,SERVO,1,1,12745,0,0.0,ADD 1,0,1,12794,0,0.0,ADD 2,0,1,12788,0,0.0,ADD 3,0,1,12756,0,0.0,ADD 4,0,1,12717,0,0.0,ADD 5,0,0,0,0,0.0,ADD 6,0,1,12783,0,0.0,ADD 7,0,0,0,0,0.0,EGT2CAN,0,1,12794,0,0.0
1778949389.7196155,0.0,12782,-52.0,0,-,0,0,0,0,0.0,-,0,0,0,0,0.0,ECU,1,1,12766,0,0.0,FAN1,0,0,0,0,0.0,COILS,8,1,0,0,0.0,PUMP,0,0,0,0,0.0,INJECTOR,8,1,60,0,0.0,SERVO,1,1,12745,0,0.0,ADD 1,0,1,12794,0,0.0,ADD 2,0,1,12788,0,0.0,ADD 3,0,1,12756,0,0.0,ADD 4,0,1,12717,0,0.0,ADD 5,0,0,0,0,0.0,ADD 6,0,1,12783,0,0.0,ADD 7,0,0,0,0,0.0,EGT2CAN,0,1,12794,0,0.0
1778949389.770612,0.0,12782,-52.0,0,-,0,0,0,0,0.0,-,0,0,0,0,0.0,ECU,1,1,12772,0,0.0,FAN1,0,0,0,0,0.0,COILS,8,1,0,0,0.0,PUMP,0,0,0,0,0.0,INJECTOR,8,1,65,0,0.0,SERVO,1,1,12739,0,0.0,ADD 1,0,1,12788,0,0.0,ADD 2,0,1,12799,0,0.0,ADD 3,0,1,12794,0,0.0,ADD 4,0,1,12745,0,0.0,ADD 5,0,0,0,0,0.0,ADD 6,0,1,12788,0,0.0,ADD 7,0,0,0,0,0.0,EGT2CAN,0,1,12794,0,0.0
1778949389.8216264,0.0,12788,-53.0,0,-,0,0,0,0,0.0,-,0,0,0,0,0.0,ECU,1,1,12783,0,0.0,FAN1,0,0,0,0,0.0,COILS,8,1,0,0,0.0,PUMP,0,0,0,0,0.0,INJECTOR,8,1,65,0,0.0,SERVO,1,1,12788,0,0.0,ADD 1,0,1,12816,0,0.0,ADD 2,0,1,12805,0,0.0,ADD 3,0,1,12772,0,0.0,ADD 4,0,1,12723,0,0.0,ADD 5,0,0,0,0,0.0,ADD 6,0,1,12827,0,0.0,ADD 7,0,0,0,0,0.0,EGT2CAN,0,1,12799,0,0.0
1778949389.8735409,0.0,12788,-51.0,0,-,0,0,0,0,0.0,-,0,0,0,0,0.0,ECU,1,1,12783,0,0.0,FAN1,0,0,0,0,0.0,COILS,8,1,0,0,0.0,PUMP,0,0,0,0,0.0,INJECTOR,8,1,65,0,0.0,SERVO,1,1,12788,0,0.0,ADD 1,0,1,12816,0,0.0,ADD 2,0,1,12805,0,0.0,ADD 3,0,1,12772,0,0.0,ADD 4,0,1,12723,0,0.0,ADD 5,0,0,0,0,0.0,ADD 6,0,1,12827,0,0.0,ADD 7,0,0,0,0,0.0,EGT2CAN,0,1,12799,0,0.0
1778949389.9267213,0.0,12788,-51.0,0,-,0,0,0,0,0.0,-,0,0,0,0,0.0,ECU,1,1,12810,0,0.0,FAN1,0,0,0,0,0.0,COILS,8,1,0,0,0.0,PUMP,0,0,0,0,0.0,INJECTOR,8,1,65,0,0.0,SERVO,1,1,12723,0,0.0,ADD 1,0,1,12810,0,0.0,ADD 2,0,1,12788,0,0.0,ADD 3,0,1,12788,0,0.0,ADD 4,0,1,12717,0,0.0,ADD 5,0,0,0,0,0.0,ADD 6,0,1,12805,0,0.0,ADD 7,0,0,0,0,0.0,EGT2CAN,0,1,12756,0,0.0
1778949389.9841797,0.0,12757,-52.0,0,-,0,0,0,0,0.0,-,0,0,0,0,0.0,ECU,1,1,12788,0,0.0,FAN1,0,0,0,0,0.0,COILS,8,1,0,0,0.0,PUMP,0,0,0,0,0.0,INJECTOR,8,1,65,0,0.0,SERVO,1,1,12701,0,0.0,ADD 1,0,1,12756,0,0.0,ADD 2,0,1,12766,0,0.0,ADD 3,0,1,12788,0,0.0,ADD 4,0,1,12739,0,0.0,ADD 5,0,0,0,0,0.0,ADD 6,0,1,12684,0,0.0,ADD 7,0,0,0,0,0.0,EGT2CAN,0,1,12684,0,0.0
1778949390.0530632,0.0,12794,-51.0,0,-,0,0,0,0,0.0,-,0,0,0,0,0.0,ECU,1,1,12805,0,0.0,FAN1,0,0,0,0,0.0,COILS,8,1,0,0,0.0,PUMP,0,0,0,0,0.0,INJECTOR,8,1,60,0,0.0,SERVO,1,1,12739,0,0.0,ADD 1,0,1,12756,0,0.0,ADD 2,0,1,12766,0,0.0,ADD 3,0,1,12788,0,0.0,ADD 4,0,1,12739,0,0.0,ADD 5,0,0,0,0,0.0,ADD 6,0,1,12684,0,0.0,ADD 7,0,0,0,0,0.0,EGT2CAN,0,1,12684,0,0.0
1778949390.103696,0.0,12757,-51.0,0,-,0,0,0,0,0.0,-,0,0,0,0,0.0,ECU,1,1,12805,0,0.0,FAN1,0,0,0,0,0.0,COILS,8,1,0,0,0.0,PUMP,0,0,0,0,0.0,INJECTOR,8,1,60,0,0.0,SERVO,1,1,12734,0,0.0,ADD 1,0,1,12761,0,0.0,ADD 2,0,1,12772,0,0.0,ADD 3,0,1,12794,0,0.0,ADD 4,0,1,12739,0,0.0,ADD 5,0,0,0,0,0.0,ADD 6,0,1,12777,0,0.0,ADD 7,0,0,0,0,0.0,EGT2CAN,0,1,12772,0,0.0
1778949390.1566694,0.0,12769,-51.0,0,-,0,0,0,0,0.0,-,0,0,0,0,0.0,ECU,1,1,12739,0,0.0,FAN1,0,0,0,0,0.0,COILS,8,1,0,0,0.0,PUMP,0,0,0,0,0.0,INJECTOR,8,1,65,0,0.0,SERVO,1,1,12777,0,0.0,ADD 1,0,1,12772,0,0.0,ADD 2,0,1,12745,0,0.0,ADD 3,0,1,12772,0,0.0,ADD 4,0,1,12777,0,0.0,ADD 5,0,0,0,0,0.0,ADD 6,0,1,12832,0,0.0,ADD 7,0,0,0,0,0.0,EGT2CAN,0,1,12772,0,0.0
1778949390.2079957,0.0,12769,-51.0,0,-,0,0,0,0,0.0,-,0,0,0,0,0.0,ECU,1,1,12734,0,0.0,FAN1,0,0,0,0,0.0,COILS,8,1,0,0,0.0,PUMP,0,0,0,0,0.0,INJECTOR,8,1,65,0,0.0,SERVO,1,1,12777,0,0.0,ADD 1,0,1,12772,0,0.0,ADD 2,0,1,12745,0,0.0,ADD 3,0,1,12772,0,0.0,ADD 4,0,1,12777,0,0.0,ADD 5,0,0,0,0,0.0,ADD 6,0,1,12832,0,0.0,ADD 7,0,0,0,0,0.0,EGT2CAN,0,1,12772,0,0.0
1778949390.2610614,0.0,12788,-52.0,0,-,0,0,0,0,0.0,-,0,0,0,0,0.0,ECU,1,1,12756,0,0.0,FAN1,0,0,0,0,0.0,COILS,8,1,0,0,0.0,PUMP,0,0,0,0,0.0,INJECTOR,8,1,65,0,0.0,SERVO,1,1,12734,0,0.0,ADD 1,0,1,12772,0,0.0,ADD 2,0,1,12788,0,0.0,ADD 3,0,1,12761,0,0.0,ADD 4,0,1,12756,0,0.0,ADD 5,0,0,0,0,0.0,ADD 6,0,1,12821,0,0.0,ADD 7,0,0,0,0,0.0,EGT2CAN,0,1,12723,0,0.0
1778949390.311502,0.0,12788,-52.0,0,-,0,0,0,0,0.0,-,0,0,0,0,0.0,ECU,1,1,12799,0,0.0,FAN1,0,0,0,0,0.0,COILS,8,1,0,0,0.0,PUMP,0,0,0,0,0.0,INJECTOR,8,1,71,0,0.0,SERVO,1,1,12783,0,0.0,ADD 1,0,1,12805,0,0.0,ADD 2,0,1,12766,0,0.0,ADD 3,0,1,12723,0,0.0,ADD 4,0,1,12745,0,0.0,ADD 5,0,0,0,0,0.0,ADD 6,0,1,12810,0,0.0,ADD 7,0,0,0,0,0.0,EGT2CAN,0,1,12766,0,0.0
1778949390.3622303,0.0,12776,-51.0,0,-,0,0,0,0,0.0,-,0,0,0,0,0.0,ECU,1,1,12805,0,0.0,FAN1,0,0,0,0,0.0,COILS,8,1,0,0,0.0,PUMP,0,0,0,0,0.0,INJECTOR,8,1,65,0,0.0,SERVO,1,1,12756,0,0.0,ADD 1,0,1,12777,0,0.0,ADD 2,0,1,12788,0,0.0,ADD 3,0,1,12788,0,0.0,ADD 4,0,1,12690,0,0.0,ADD 5,0,0,0,0,0.0,ADD 6,0,1,12805,0,0.0,ADD 7,0,0,0,0,0.0,EGT2CAN,0,1,12794,0,0.0
1778949390.413494,0.0,12800,-51.0,0,-,0,0,0,0,0.0,-,0,0,0,0,0.0,ECU,1,1,12766,0,0.0,FAN1,0,0,0,0,0.0,COILS,8,1,0,0,0.0,PUMP,0,0,0,0,0.0,INJECTOR,8,1,82,0,0.0,SERVO,1,1,12701,0,0.0,ADD 1,0,1,12821,0,0.0,ADD 2,0,1,12777,0,0.0,ADD 3,0,1,12805,0,0.0,ADD 4,0,1,12712,0,0.0,ADD 5,0,0,0,0,0.0,ADD 6,0,1,12788,0,0.0,ADD 7,0,0,0,0,0.0,EGT2CAN,0,1,12788,0,0.0
1778949390.4762967,0.0,12800,-51.0,0,-,0,0,0,0,0.0,-,0,0,0,0,0.0,ECU,1,1,12788,0,0.0,FAN1,0,0,0,0,0.0,COILS,8,1,0,0,0.0,PUMP,0,0,0,0,0.0,INJECTOR,8,1,87,0,0.0,SERVO,1,1,12723,0,0.0,ADD 1,0,1,12766,0,0.0,ADD 2,0,1,12788,0,0.0,ADD 3,0,1,12783,0,0.0,ADD 4,0,1,12750,0,0.0,ADD 5,0,0,0,0,0.0,ADD 6,0,1,12788,0,0.0,ADD 7,0,0,0,0,0.0,EGT2CAN,0,1,12788,0,0.0
1778949390.5402346,0.0,12776,-51.0,0,-,0,0,0,0,0.0,-,0,0,0,0,0.0,ECU,1,1,12772,0,0.0,FAN1,0,0,0,0,0.0,COILS,8,1,0,0,0.0,PUMP,0,0,0,0,0.0,INJECTOR,8,1,65,0,0.0,SERVO,1,1,12723,0,0.0,ADD 1,0,1,12772,0,0.0,ADD 2,0,1,12816,0,0.0,ADD 3,0,1,12799,0,0.0,ADD 4,0,1,12766,0,0.0,ADD 5,0,0,0,0,0.0,ADD 6,0,1,12810,0,0.0,ADD 7,0,0,0,0,0.0,EGT2CAN,0,1,12766,0,0.0
1778949390.5942988,0.0,12776,-51.0,0,-,0,0,0,0,0.0,-,0,0,0,0,0.0,ECU,1,1,12777,0,0.0,FAN1,0,0,0,0,0.0,COILS,8,1,0,0,0.0,PUMP,0,0,0,0,0.0,INJECTOR,8,1,65,0,0.0,SERVO,1,1,12766,0,0.0,ADD 1,0,1,12810,0,0.0,ADD 2,0,1,12777,0,0.0,ADD 3,0,1,12766,0,0.0,ADD 4,0,1,12734,0,0.0,ADD 5,0,0,0,0,0.0,ADD 6,0,1,12766,0,0.0,ADD 7,0,0,0,0,0.0,EGT2CAN,0,1,12756,0,0.0
1778949390.6452148,0.0,12776,-51.0,0,-,0,0,0,0,0.0,-,0,0,0,0,0.0,ECU,1,1,12777,0,0.0,FAN1,0,0,0,0,0.0,COILS,8,1,0,0,0.0,PUMP,0,0,0,0,0.0,INJECTOR,8,1,65,0,0.0,SERVO,1,1,12766,0,0.0,ADD 1,0,1,12810,0,0.0,ADD 2,0,1,12777,0,0.0,ADD 3,0,1,12766,0,0.0,ADD 4,0,1,12734,0,0.0,ADD 5,0,0,0,0,0.0,ADD 6,0,1,12766,0,0.0,ADD 7,0,0,0,0,0.0,EGT2CAN,0,1,12756,0,0.0
1778949390.7054172,0.0,12776,-51.0,0,-,0,0,0,0,0.0,-,0,0,0,0,0.0,ECU,1,1,12756,0,0.0,FAN1,0,0,0,0,0.0,COILS,8,1,0,0,0.0,PUMP,0,0,0,0,0.0,INJECTOR,8,1,65,0,0.0,SERVO,1,1,12734,0,0.0,ADD 1,0,1,12788,0,0.0,ADD 2,0,1,12788,0,0.0,ADD 3,0,1,12756,0,0.0,ADD 4,0,1,12766,0,0.0,ADD 5,0,0,0,0,0.0,ADD 6,0,1,12756,0,0.0,ADD 7,0,0,0,0,0.0,EGT2CAN,0,1,12788,0,0.0
1778949390.7592797,0.0,12776,-51.0,0,-,0,0,0,0,0.0,-,0,0,0,0,0.0,ECU,1,1,12777,0,0.0,FAN1,0,0,0,0,0.0,COILS,8,1,0,0,0.0,PUMP,0,0,0,0,0.0,INJECTOR,8,1,65,0,0.0,SERVO,1,1,12734,0,0.0,ADD 1,0,1,12788,0,0.0,ADD 2,0,1,12788,0,0.0,ADD 3,0,1,12756,0,0.0,ADD 4,0,1,12766,0,0.0,ADD 5,0,0,0,0,0.0,ADD 6,0,1,12756,0,0.0,ADD 7,0,0,0,0,0.0,EGT2CAN,0,1,12788,0,0.0
1778949390.8098648,0.0,12776,-51.0,0,-,0,0,0,0,0.0,-,0,0,0,0,0.0,ECU,1,1,12799,0,0.0,FAN1,0,0,0,0,0.0,COILS,8,1,0,0,0.0,PUMP,0,0,0,0,0.0,INJECTOR,8,1,65,0,0.0,SERVO,1,1,12723,0,0.0,ADD 1,0,1,12788,0,0.0,ADD 2,0,1,12799,0,0.0,ADD 3,0,1,12766,0,0.0,ADD 4,0,1,12673,0,0.0,ADD 5,0,0,0,0,0.0,ADD 6,0,1,12783,0,0.0,ADD 7,0,0,0,0,0.0,EGT2CAN,0,1,12684,0,0.0
1778949390.8698008,0.0,12776,-52.0,0,-,0,0,0,0,0.0,-,0,0,0,0,0.0,ECU,1,1,12756,0,0.0,FAN1,0,0,0,0,0.0,COILS,8,1,0,0,0.0,PUMP,0,0,0,0,0.0,INJECTOR,8,1,65,0,0.0,SERVO,1,1,12766,0,0.0,ADD 1,0,1,12805,0,0.0,ADD 2,0,1,12783,0,0.0,ADD 3,0,1,12739,0,0.0,ADD 4,0,1,12739,0,0.0,ADD 5,0,0,0,0,0.0,ADD 6,0,1,12788,0,0.0,ADD 7,0,0,0,0,0.0,EGT2CAN,0,1,12783,0,0.0
1778949390.9207754,0.0,12776,-52.0,0,-,0,0,0,0,0.0,-,0,0,0,0,0.0,ECU,1,1,12799,0,0.0,FAN1,0,0,0,0,0.0,COILS,8,1,0,0,0.0,PUMP,0,0,0,0,0.0,INJECTOR,8,1,65,0,0.0,SERVO,1,1,12717,0,0.0,ADD 1,0,1,12750,0,0.0,ADD 2,0,1,12717,0,0.0,ADD 3,0,1,12739,0,0.0,ADD 4,0,1,12717,0,0.0,ADD 5,0,0,0,0,0.0,ADD 6,0,1,12788,0,0.0,ADD 7,0,0,0,0,0.0,EGT2CAN,0,1,12750,0,0.0
1778949390.9714699,0.0,12800,-52.0,0,-,0,0,0,0,0.0,-,0,0,0,0,0.0,ECU,1,1,12717,0,0.0,FAN1,0,0,0,0,0.0,COILS,8,1,0,0,0.0,PUMP,0,0,0,0,0.0,INJECTOR,8,1,65,0,0.0,SERVO,1,1,12717,0,0.0,ADD 1,0,1,12799,0,0.0,ADD 2,0,1,12788,0,0.0,ADD 3,0,1,12788,0,0.0,ADD 4,0,1,12717,0,0.0,ADD 5,0,0,0,0,0.0,ADD 6,0,1,12766,0,0.0,ADD 7,0,0,0,0,0.0,EGT2CAN,0,1,12772,0,0.0
1778949391.0245497,0.0,12800,-51.0,0,-,0,0,0,0,0.0,-,0,0,0,0,0.0,ECU,1,1,12717,0,0.0,FAN1,0,0,0,0,0.0,COILS,8,1,0,0,0.0,PUMP,0,0,0,0,0.0,INJECTOR,8,1,65,0,0.0,SERVO,1,1,12717,0,0.0,ADD 1,0,1,12799,0,0.0,ADD 2,0,1,12788,0,0.0,ADD 3,0,1,12788,0,0.0,ADD 4,0,1,12717,0,0.0,ADD 5,0,0,0,0,0.0,ADD 6,0,1,12766,0,0.0,ADD 7,0,0,0,0,0.0,EGT2CAN,0,1,12772,0,0.0
1778949391.0760334,0.0,12800,-51.0,0,-,0,0,0,0,0.0,-,0,0,0,0,0.0,ECU,1,1,12728,0,0.0,FAN1,0,0,0,0,0.0,COILS,8,1,0,0,0.0,PUMP,0,0,0,0,0.0,INJECTOR,8,1,65,0,0.0,SERVO,1,1,12766,0,0.0,ADD 1,0,1,12766,0,0.0,ADD 2,0,1,12783,0,0.0,ADD 3,0,1,12756,0,0.0,ADD 4,0,1,12756,0,0.0,ADD 5,0,0,0,0,0.0,ADD 6,0,1,12799,0,0.0,ADD 7,0,0,0,0,0.0,EGT2CAN,0,1,12756,0,0.0
1778949391.1356323,0.0,12782,-51.0,0,-,0,0,0,0,0.0,-,0,0,0,0,0.0,ECU,1,1,12739,0,0.0,FAN1,0,0,0,0,0.0,COILS,8,1,0,0,0.0,PUMP,0,0,0,0,0.0,INJECTOR,8,1,65,0,0.0,SERVO,1,1,12783,0,0.0,ADD 1,0,1,12772,0,0.0,ADD 2,0,1,12810,0,0.0,ADD 3,0,1,12766,0,0.0,ADD 4,0,1,12728,0,0.0,ADD 5,0,0,0,0,0.0,ADD 6,0,1,12821,0,0.0,ADD 7,0,0,0,0,0.0,EGT2CAN,0,1,12805,0,0.0
1778949391.1859102,0.0,12800,-51.0,0,-,0,0,0,0,0.0,-,0,0,0,0,0.0,ECU,1,1,12810,0,0.0,FAN1,0,0,0,0,0.0,COILS,8,1,0,0,0.0,PUMP,0,0,0,0,0.0,INJECTOR,8,1,65,0,0.0,SERVO,1,1,12783,0,0.0,ADD 1,0,1,12772,0,0.0,ADD 2,0,1,12810,0,0.0,ADD 3,0,1,12766,0,0.0,ADD 4,0,1,12728,0,0.0,ADD 5,0,0,0,0,0.0,ADD 6,0,1,12821,0,0.0,ADD 7,0,0,0,0,0.0,EGT2CAN,0,1,12805,0,0.0
1778949391.236068,0.0,12800,-51.0,0,-,0,0,0,0,0.0,-,0,0,0,0,0.0,ECU,1,1,12810,0,0.0,FAN1,0,0,0,0,0.0,COILS,8,1,0,0,0.0,PUMP,0,0,0,0,0.0,INJECTOR,8,1,65,0,0.0,SERVO,1,1,12788,0,0.0,ADD 1,0,1,12750,0,0.0,ADD 2,0,1,12788,0,0.0,ADD 3,0,1,12766,0,0.0,ADD 4,0,1,12745,0,0.0,ADD 5,0,0,0,0,0.0,ADD 6,0,1,12788,0,0.0,ADD 7,0,0,0,0,0.0,EGT2CAN,0,1,12761,0,0.0
1778949391.2945454,0.0,12800,-51.0,0,-,0,0,0,0,0.0,-,0,0,0,0,0.0,ECU,1,1,12788,0,0.0,FAN1,0,0,0,0,0.0,COILS,8,1,0,0,0.0,PUMP,0,0,0,0,0.0,INJECTOR,8,1,65,0,0.0,SERVO,1,1,12745,0,0.0,ADD 1,0,1,12734,0,0.0,ADD 2,0,1,12761,0,0.0,ADD 3,0,1,12766,0,0.0,ADD 4,0,1,12717,0,0.0,ADD 5,0,0,0,0,0.0,ADD 6,0,1,12788,0,0.0,ADD 7,0,0,0,0,0.0,EGT2CAN,0,1,12783,0,0.0
1778949391.3590426,0.0,12800,-51.0,0,-,0,0,0,0,0.0,-,0,0,0,0,0.0,ECU,1,1,12788,0,0.0,FAN1,0,0,0,0,0.0,COILS,8,1,0,0,0.0,PUMP,0,0,0,0,0.0,INJECTOR,8,1,71,0,0.0,SERVO,1,1,12739,0,0.0,ADD 1,0,1,12799,0,0.0,ADD 2,0,1,12783,0,0.0,ADD 3,0,1,12734,0,0.0,ADD 4,0,1,12745,0,0.0,ADD 5,0,0,0,0,0.0,ADD 6,0,1,12783,0,0.0,ADD 7,0,0,0,0,0.0,EGT2CAN,0,1,12750,0,0.0
1778949391.410106,0.0,12751,-51.0,0,-,0,0,0,0,0.0,-,0,0,0,0,0.0,ECU,1,1,12717,0,0.0,FAN1,0,0,0,0,0.0,COILS,8,1,0,0,0.0,PUMP,0,0,0,0,0.0,INJECTOR,8,1,60,0,0.0,SERVO,1,1,12766,0,0.0,ADD 1,0,1,12810,0,0.0,ADD 2,0,1,12805,0,0.0,ADD 3,0,1,12717,0,0.0,ADD 4,0,1,12750,0,0.0,ADD 5,0,0,0,0,0.0,ADD 6,0,1,12810,0,0.0,ADD 7,0,0,0,0,0.0,EGT2CAN,0,1,12717,0,0.0
1778949391.4623833,0.0,12763,-51.0,0,-,0,0,0,0,0.0,-,0,0,0,0,0.0,ECU,1,1,12788,0,0.0,FAN1,0,0,0,0,0.0,COILS,8,1,0,0,0.0,PUMP,0,0,0,0,0.0,INJECTOR,8,1,65,0,0.0,SERVO,1,1,12734,0,0.0,ADD 1,0,1,12810,0,0.0,ADD 2,0,1,12788,0,0.0,ADD 3,0,1,12739,0,0.0,ADD 4,0,1,12728,0,0.0,ADD 5,0,0,0,0,0.0,ADD 6,0,1,12745,0,0.0,ADD 7,0,0,0,0,0.0,EGT2CAN,0,1,12788,0,0.0
1778949391.5138495,0.0,12763,-51.0,0,-,0,0,0,0,0.0,-,0,0,0,0,0.0,ECU,1,1,12766,0,0.0,FAN1,0,0,0,0,0.0,COILS,8,1,0,0,0.0,PUMP,0,0,0,0,0.0,INJECTOR,8,1,65,0,0.0,SERVO,1,1,12717,0,0.0,ADD 1,0,1,12794,0,0.0,ADD 2,0,1,12788,0,0.0,ADD 3,0,1,12799,0,0.0,ADD 4,0,1,12772,0,0.0,ADD 5,0,0,0,0,0.0,ADD 6,0,1,12816,0,0.0,ADD 7,0,0,0,0,0.0,EGT2CAN,0,1,12734,0,0.0
1778949391.5655854,0.0,12788,-51.0,0,-,0,0,0,0,0.0,-,0,0,0,0,0.0,ECU,1,1,12772,0,0.0,FAN1,0,0,0,0,0.0,COILS,8,1,0,0,0.0,PUMP,0,0,0,0,0.0,INJECTOR,8,1,65,0,0.0,SERVO,1,1,12761,0,0.0,ADD 1,0,1,12810,0,0.0,ADD 2,0,1,12799,0,0.0,ADD 3,0,1,12799,0,0.0,ADD 4,0,1,12761,0,0.0,ADD 5,0,0,0,0,0.0,ADD 6,0,1,12827,0,0.0,ADD 7,0,0,0,0,0.0,EGT2CAN,0,1,12684,0,0.0
1778949391.6344042,0.0,12776,-51.0,0,-,0,0,0,0,0.0,-,0,0,0,0,0.0,ECU,1,1,12750,0,0.0,FAN1,0,0,0,0,0.0,COILS,8,1,0,0,0.0,PUMP,0,0,0,0,0.0,INJECTOR,8,1,65,0,0.0,SERVO,1,1,12788,0,0.0,ADD 1,0,1,12788,0,0.0,ADD 2,0,1,12788,0,0.0,ADD 3,0,1,12723,0,0.0,ADD 4,0,1,12695,0,0.0,ADD 5,0,0,0,0,0.0,ADD 6,0,1,12821,0,0.0,ADD 7,0,0,0,0,0.0,EGT2CAN,0,1,12739,0,0.0
1778949391.6846404,0.0,12739,-52.0,0,-,0,0,0,0,0.0,-,0,0,0,0,0.0,ECU,1,1,12783,0,0.0,FAN1,0,0,0,0,0.0,COILS,8,1,0,0,0.0,PUMP,0,0,0,0,0.0,INJECTOR,8,1,65,0,0.0,SERVO,1,1,12761,0,0.0,ADD 1,0,1,12772,0,0.0,ADD 2,0,1,12827,0,0.0,ADD 3,0,1,12805,0,0.0,ADD 4,0,1,12756,0,0.0,ADD 5,0,0,0,0,0.0,ADD 6,0,1,12783,0,0.0,ADD 7,0,0,0,0,0.0,EGT2CAN,0,1,12799,0,0.0
1778949391.739667,0.0,12739,-52.0,0,-,0,0,0,0,0.0,-,0,0,0,0,0.0,ECU,1,1,12783,0,0.0,FAN1,0,0,0,0,0.0,COILS,8,1,0,0,0.0,PUMP,0,0,0,0,0.0,INJECTOR,8,1,65,0,0.0,SERVO,1,1,12761,0,0.0,ADD 1,0,1,12772,0,0.0,ADD 2,0,1,12827,0,0.0,ADD 3,0,1,12805,0,0.0,ADD 4,0,1,12756,0,0.0,ADD 5,0,0,0,0,0.0,ADD 6,0,1,12783,0,0.0,ADD 7,0,0,0,0,0.0,EGT2CAN,0,1,12799,0,0.0
1778949391.79056,0.0,12739,-52.0,0,-,0,0,0,0,0.0,-,0,0,0,0,0.0,ECU,1,1,12810,0,0.0,FAN1,0,0,0,0,0.0,COILS,8,1,0,0,0.0,PUMP,0,0,0,0,0.0,INJECTOR,8,1,76,0,0.0,SERVO,1,1,12739,0,0.0,ADD 1,0,1,12772,0,0.0,ADD 2,0,1,12810,0,0.0,ADD 3,0,1,12756,0,0.0,ADD 4,0,1,12739,0,0.0,ADD 5,0,0,0,0,0.0,ADD 6,0,1,12788,0,0.0,ADD 7,0,0,0,0,0.0,EGT2CAN,0,1,12723,0,0.0
1778949391.8416338,0.0,12800,-52.0,0,-,0,0,0,0,0.0,-,0,0,0,0,0.0,ECU,1,1,12783,0,0.0,FAN1,0,0,0,0,0.0,COILS,8,1,0,0,0.0,PUMP,0,0,0,0,0.0,INJECTOR,8,1,65,0,0.0,SERVO,1,1,12772,0,0.0,ADD 1,0,1,12766,0,0.0,ADD 2,0,1,12810,0,0.0,ADD 3,0,1,12756,0,0.0,ADD 4,0,1,12739,0,0.0,ADD 5,0,0,0,0,0.0,ADD 6,0,1,12739,0,0.0,ADD 7,0,0,0,0,0.0,EGT2CAN,0,1,12766,0,0.0
1778949391.8930514,0.0,12800,-52.0,0,-,0,0,0,0,0.0,-,0,0,0,0,0.0,ECU,1,1,12684,0,0.0,FAN1,0,0,0,0,0.0,COILS,8,1,0,0,0.0,PUMP,0,0,0,0,0.0,INJECTOR,8,1,65,0,0.0,SERVO,1,1,12772,0,0.0,ADD 1,0,1,12766,0,0.0,ADD 2,0,1,12810,0,0.0,ADD 3,0,1,12756,0,0.0,ADD 4,0,1,12739,0,0.0,ADD 5,0,0,0,0,0.0,ADD 6,0,1,12739,0,0.0,ADD 7,0,0,0,0,0.0,EGT2CAN,0,1,12766,0,0.0
1778949391.9440422,0.0,12800,-52.0,0,-,0,0,0,0,0.0,-,0,0,0,0,0.0,ECU,1,1,12684,0,0.0,FAN1,0,0,0,0,0.0,COILS,8,1,0,0,0.0,PUMP,0,0,0,0,0.0,INJECTOR,8,1,65,0,0.0,SERVO,1,1,12684,0,0.0,ADD 1,0,1,12728,0,0.0,ADD 2,0,1,12799,0,0.0,ADD 3,0,1,12794,0,0.0,ADD 4,0,1,12772,0,0.0,ADD 5,0,0,0,0,0.0,ADD 6,0,1,12799,0,0.0,ADD 7,0,0,0,0,0.0,EGT2CAN,0,1,12728,0,0.0
1778949392.0030787,0.0,12813,-51.0,0,-,0,0,0,0,0.0,-,0,0,0,0,0.0,ECU,1,1,12794,0,0.0,FAN1,0,0,0,0,0.0,COILS,8,1,0,0,0.0,PUMP,0,0,0,0,0.0,INJECTOR,8,1,65,0,0.0,SERVO,1,1,12766,0,0.0,ADD 1,0,1,12772,0,0.0,ADD 2,0,1,12766,0,0.0,ADD 3,0,1,12761,0,0.0,ADD 4,0,1,12673,0,0.0,ADD 5,0,0,0,0,0.0,ADD 6,0,1,12777,0,0.0,ADD 7,0,0,0,0,0.0,EGT2CAN,0,1,12745,0,0.0
1778949392.059638,0.0,12813,-51.0,0,-,0,0,0,0,0.0,-,0,0,0,0,0.0,ECU,1,1,12756,0,0.0,FAN1,0,0,0,0,0.0,COILS,8,1,0,0,0.0,PUMP,0,0,0,0,0.0,INJECTOR,8,1,65,0,0.0,SERVO,1,1,12788,0,0.0,ADD 1,0,1,12788,0,0.0,ADD 2,0,1,12821,0,0.0,ADD 3,0,1,12788,0,0.0,ADD 4,0,1,12766,0,0.0,ADD 5,0,0,0,0,0.0,ADD 6,0,1,12777,0,0.0,ADD 7,0,0,0,0,0.0,EGT2CAN,0,1,12745,0,0.0
1778949392.1213093,0.0,12794,-52.0,0,-,0,0,0,0,0.0,-,0,0,0,0,0.0,ECU,1,1,12805,0,0.0,FAN1,0,0,0,0,0.0,COILS,8,1,0,0,0.0,PUMP,0,0,0,0,0.0,INJECTOR,8,1,65,0,0.0,SERVO,1,1,12772,0,0.0,ADD 1,0,1,12810,0,0.0,ADD 2,0,1,12810,0,0.0,ADD 3,0,1,12783,0,0.0,ADD 4,0,1,12717,0,0.0,ADD 5,0,0,0,0,0.0,ADD 6,0,1,12777,0,0.0,ADD 7,0,0,0,0,0.0,EGT2CAN,0,1,12761,0,0.0
1778949392.172231,0.0,12788,-52.0,0,-,0,0,0,0,0.0,-,0,0,0,0,0.0,ECU,1,1,12805,0,0.0,FAN1,0,0,0,0,0.0,COILS,8,1,0,0,0.0,PUMP,0,0,0,0,0.0,INJECTOR,8,1,65,0,0.0,SERVO,1,1,12772,0,0.0,ADD 1,0,1,12810,0,0.0,ADD 2,0,1,12810,0,0.0,ADD 3,0,1,12783,0,0.0,ADD 4,0,1,12717,0,0.0,ADD 5,0,0,0,0,0.0,ADD 6,0,1,12777,0,0.0,ADD 7,0,0,0,0,0.0,EGT2CAN,0,1,12761,0,0.0
1778949392.2239475,0.0,12788,-52.0,0,-,0,0,0,0,0.0,-,0,0,0,0,0.0,ECU,1,1,12766,0,0.0,FAN1,0,0,0,0,0.0,COILS,8,1,0,0,0.0,PUMP,0,0,0,0,0.0,INJECTOR,8,1,65,0,0.0,SERVO,1,1,12756,0,0.0,ADD 1,0,1,12756,0,0.0,ADD 2,0,1,12799,0,0.0,ADD 3,0,1,12739,0,0.0,ADD 4,0,1,12723,0,0.0,ADD 5,0,0,0,0,0.0,ADD 6,0,1,12805,0,0.0,ADD 7,0,0,0,0,0.0,EGT2CAN,0,1,12805,0,0.0
1778949392.281516,0.0,12813,-51.0,0,-,0,0,0,0,0.0,-,0,0,0,0,0.0,ECU,1,1,12805,0,0.0,FAN1,0,0,0,0,0.0,COILS,8,1,0,0,0.0,PUMP,0,0,0,0,0.0,INJECTOR,8,1,60,0,0.0,SERVO,1,1,12788,0,0.0,ADD 1,0,1,12756,0,0.0,ADD 2,0,1,12832,0,0.0,ADD 3,0,1,12761,0,0.0,ADD 4,0,1,12739,0,0.0,ADD 5,0,0,0,0,0.0,ADD 6,0,1,12772,0,0.0,ADD 7,0,0,0,0,0.0,EGT2CAN,0,1,12701,0,0.0
1778949392.3342392,0.0,12800,-51.0,0,-,0,0,0,0,0.0,-,0,0,0,0,0.0,ECU,1,1,12766,0,0.0,FAN1,0,0,0,0,0.0,COILS,8,1,0,0,0.0,PUMP,0,0,0,0,0.0,INJECTOR,8,1,65,0,0.0,SERVO,1,1,12772,0,0.0,ADD 1,0,1,12772,0,0.0,ADD 2,0,1,12756,0,0.0,ADD 3,0,1,12772,0,0.0,ADD 4,0,1,12750,0,0.0,ADD 5,0,0,0,0,0.0,ADD 6,0,1,12772,0,0.0,ADD 7,0,0,0,0,0.0,EGT2CAN,0,1,12701,0,0.0
1778949392.3850594,0.0,12776,-51.0,0,-,0,0,0,0,0.0,-,0,0,0,0,0.0,ECU,1,1,12766,0,0.0,FAN1,0,0,0,0,0.0,COILS,8,1,0,0,0.0,PUMP,0,0,0,0,0.0,INJECTOR,8,1,65,0,0.0,SERVO,1,1,12772,0,0.0,ADD 1,0,1,12772,0,0.0,ADD 2,0,1,12756,0,0.0,ADD 3,0,1,12772,0,0.0,ADD 4,0,1,12750,0,0.0,ADD 5,0,0,0,0,0.0,ADD 6,0,1,12772,0,0.0,ADD 7,0,0,0,0,0.0,EGT2CAN,0,1,12761,0,0.0
1778949392.4365604,0.0,12813,-51.0,0,-,0,0,0,0,0.0,-,0,0,0,0,0.0,ECU,1,1,12766,0,0.0,FAN1,0,0,0,0,0.0,COILS,8,1,0,0,0.0,PUMP,0,0,0,0,0.0,INJECTOR,8,1,82,0,0.0,SERVO,1,1,12717,0,0.0,ADD 1,0,1,12810,0,0.0,ADD 2,0,1,12777,0,0.0,ADD 3,0,1,12788,0,0.0,ADD 4,0,1,12756,0,0.0,ADD 5,0,0,0,0,0.0,ADD 6,0,1,12766,0,0.0,ADD 7,0,0,0,0,0.0,EGT2CAN,0,1,12788,0,0.0
1778949392.4941547,0.0,12800,-51.0,0,-,0,0,0,0,0.0,-,0,0,0,0,0.0,ECU,1,1,12712,0,0.0,FAN1,0,0,0,0,0.0,COILS,8,1,0,0,0.0,PUMP,0,0,0,0,0.0,INJECTOR,8,1,82,0,0.0,SERVO,1,1,12717,0,0.0,ADD 1,0,1,12810,0,0.0,ADD 2,0,1,12777,0,0.0,ADD 3,0,1,12788,0,0.0,ADD 4,0,1,12756,0,0.0,ADD 5,0,0,0,0,0.0,ADD 6,0,1,12766,0,0.0,ADD 7,0,0,0,0,0.0,EGT2CAN,0,1,12788,0,0.0
1778949392.5571802,0.0,12776,-51.0,0,-,0,0,0,0,0.0,-,0,0,0,0,0.0,ECU,1,1,12772,0,0.0,FAN1,0,0,0,0,0.0,COILS,8,1,0,0,0.0,PUMP,0,0,0,0,0.0,INJECTOR,8,1,65,0,0.0,SERVO,1,1,12756,0,0.0,ADD 1,0,1,12805,0,0.0,ADD 2,0,1,12777,0,0.0,ADD 3,0,1,12756,0,0.0,ADD 4,0,1,12668,0,0.0,ADD 5,0,0,0,0,0.0,ADD 6,0,1,12805,0,0.0,ADD 7,0,0,0,0,0.0,EGT2CAN,0,1,12783,0,0.0
1778949392.6086738,0.0,12800,-52.0,0,-,0,0,0,0,0.0,-,0,0,0,0,0.0,ECU,1,1,12772,0,0.0,FAN1,0,0,0,0,0.0,COILS,8,1,0,0,0.0,PUMP,0,0,0,0,0.0,INJECTOR,8,1,65,0,0.0,SERVO,1,1,12739,0,0.0,ADD 1,0,1,12739,0,0.0,ADD 2,0,1,12810,0,0.0,ADD 3,0,1,12745,0,0.0,ADD 4,0,1,12756,0,0.0,ADD 5,0,0,0,0,0.0,ADD 6,0,1,12766,0,0.0,ADD 7,0,0,0,0,0.0,EGT2CAN,0,1,12717,0,0.0
1778949392.6601782,0.0,12800,-52.0,0,-,0,0,0,0,0.0,-,0,0,0,0,0.0,ECU,1,1,12783,0,0.0,FAN1,0,0,0,0,0.0,COILS,8,1,0,0,0.0,PUMP,0,0,0,0,0.0,INJECTOR,8,1,65,0,0.0,SERVO,1,1,12739,0,0.0,ADD 1,0,1,12739,0,0.0,ADD 2,0,1,12810,0,0.0,ADD 3,0,1,12745,0,0.0,ADD 4,0,1,12756,0,0.0,ADD 5,0,0,0,0,0.0,ADD 6,0,1,12766,0,0.0,ADD 7,0,0,0,0,0.0,EGT2CAN,0,1,12717,0,0.0
1778949392.7209797,0.0,12800,-51.0,0,-,0,0,0,0,0.0,-,0,0,0,0,0.0,ECU,1,1,12794,0,0.0,FAN1,0,0,0,0,0.0,COILS,8,1,0,0,0.0,PUMP,0,0,0,0,0.0,INJECTOR,8,1,65,0,0.0,SERVO,1,1,12772,0,0.0,ADD 1,0,1,12766,0,0.0,ADD 2,0,1,12728,0,0.0,ADD 3,0,1,12761,0,0.0,ADD 4,0,1,12756,0,0.0,ADD 5,0,0,0,0,0.0,ADD 6,0,1,12810,0,0.0,ADD 7,0,0,0,0,0.0,EGT2CAN,0,1,12745,0,0.0
1778949392.7755198,0.0,12776,-51.0,0,-,0,0,0,0,0.0,-,0,0,0,0,0.0,ECU,1,1,12788,0,0.0,FAN1,0,0,0,0,0.0,COILS,8,1,0,0,0.0,PUMP,0,0,0,0,0.0,INJECTOR,8,1,65,0,0.0,SERVO,1,1,12756,0,0.0,ADD 1,0,1,12794,0,0.0,ADD 2,0,1,12766,0,0.0,ADD 3,0,1,12739,0,0.0,ADD 4,0,1,12717,0,0.0,ADD 5,0,0,0,0,0.0,ADD 6,0,1,12777,0,0.0,ADD 7,0,0,0,0,0.0,EGT2CAN,0,1,12750,0,0.0
1778949392.8307595,0.0,12800,-51.0,0,-,0,0,0,0,0.0,-,0,0,0,0,0.0,ECU,1,1,12756,0,0.0,FAN1,0,0,0,0,0.0,COILS,8,1,0,0,0.0,PUMP,0,0,0,0,0.0,INJECTOR,8,1,43,0,0.0,SERVO,1,1,12734,0,0.0,ADD 1,0,1,12788,0,0.0,ADD 2,0,1,12766,0,0.0,ADD 3,0,1,12772,0,0.0,ADD 4,0,1,12766,0,0.0,ADD 5,0,0,0,0,0.0,ADD 6,0,1,12832,0,0.0,ADD 7,0,0,0,0,0.0,EGT2CAN,0,1,12799,0,0.0
1778949392.8963733,0.0,12800,-51.0,0,-,0,0,0,0,0.0,-,0,0,0,0,0.0,ECU,1,1,12750,0,0.0,FAN1,0,0,0,0,0.0,COILS,8,1,0,0,0.0,PUMP,0,0,0,0,0.0,INJECTOR,8,1,60,0,0.0,SERVO,1,1,12761,0,0.0,ADD 1,0,1,12788,0,0.0,ADD 2,0,1,12756,0,0.0,ADD 3,0,1,12783,0,0.0,ADD 4,0,1,12756,0,0.0,ADD 5,0,0,0,0,0.0,ADD 6,0,1,12756,0,0.0,ADD 7,0,0,0,0,0.0,EGT2CAN,0,1,12756,0,0.0
1778949392.947659,0.0,12788,-52.0,0,-,0,0,0,0,0.0,-,0,0,0,0,0.0,ECU,1,1,12750,0,0.0,FAN1,0,0,0,0,0.0,COILS,8,1,0,0,0.0,PUMP,0,0,0,0,0.0,INJECTOR,8,1,60,0,0.0,SERVO,1,1,12761,0,0.0,ADD 1,0,1,12788,0,0.0,ADD 2,0,1,12756,0,0.0,ADD 3,0,1,12783,0,0.0,ADD 4,0,1,12756,0,0.0,ADD 5,0,0,0,0,0.0,ADD 6,0,1,12756,0,0.0,ADD 7,0,0,0,0,0.0,EGT2CAN,0,1,12756,0,0.0
1778949393.0049953,0.0,12739,-51.0,0,-,0,0,0,0,0.0,-,0,0,0,0,0.0,ECU,1,1,12745,0,0.0,FAN1,0,0,0,0,0.0,COILS,8,1,0,0,0.0,PUMP,0,0,0,0,0.0,INJECTOR,8,1,65,0,0.0,SERVO,1,1,12766,0,0.0,ADD 1,0,1,12684,0,0.0,ADD 2,0,1,12799,0,0.0,ADD 3,0,1,12788,0,0.0,ADD 4,0,1,12766,0,0.0,ADD 5,0,0,0,0,0.0,ADD 6,0,1,12816,0,0.0,ADD 7,0,0,0,0,0.0,EGT2CAN,0,1,12788,0,0.0
1778949393.055516,0.0,12739,-51.0,0,-,0,0,0,0,0.0,-,0,0,0,0,0.0,ECU,1,1,12761,0,0.0,FAN1,0,0,0,0,0.0,COILS,8,1,0,0,0.0,PUMP,0,0,0,0,0.0,INJECTOR,8,1,65,0,0.0,SERVO,1,1,12734,0,0.0,ADD 1,0,1,12684,0,0.0,ADD 2,0,1,12799,0,0.0,ADD 3,0,1,12788,0,0.0,ADD 4,0,1,12766,0,0.0,ADD 5,0,0,0,0,0.0,ADD 6,0,1,12816,0,0.0,ADD 7,0,0,0,0,0.0,EGT2CAN,0,1,12788,0,0.0
1778949393.1062927,0.0,12794,-51.0,0,-,0,0,0,0,0.0,-,0,0,0,0,0.0,ECU,1,1,12761,0,0.0,FAN1,0,0,0,0,0.0,COILS,8,1,0,0,0.0,PUMP,0,0,0,0,0.0,INJECTOR,8,1,65,0,0.0,SERVO,1,1,12734,0,0.0,ADD 1,0,1,12799,0,0.0,ADD 2,0,1,12772,0,0.0,ADD 3,0,1,12750,0,0.0,ADD 4,0,1,12766,0,0.0,ADD 5,0,0,0,0,0.0,ADD 6,0,1,12783,0,0.0,ADD 7,0,0,0,0,0.0,EGT2CAN,0,1,12750,0,0.0
1778949393.1740577,0.0,12807,-51.0,0,-,0,0,0,0,0.0,-,0,0,0,0,0.0,ECU,1,1,12756,0,0.0,FAN1,0,0,0,0,0.0,COILS,8,1,0,0,0.0,PUMP,0,0,0,0,0.0,INJECTOR,8,1,65,0,0.0,SERVO,1,1,12717,0,0.0,ADD 1,0,1,12788,0,0.0,ADD 2,0,1,12766,0,0.0,ADD 3,0,1,12788,0,0.0,ADD 4,0,1,12723,0,0.0,ADD 5,0,0,0,0,0.0,ADD 6,0,1,12810,0,0.0,ADD 7,0,0,0,0,0.0,EGT2CAN,0,1,12783,0,0.0
1778949393.2265136,0.0,12807,-51.0,0,-,0,0,0,0,0.0,-,0,0,0,0,0.0,ECU,1,1,12788,0,0.0,FAN1,0,0,0,0,0.0,COILS,8,1,0,0,0.0,PUMP,0,0,0,0,0.0,INJECTOR,8,1,65,0,0.0,SERVO,1,1,12739,0,0.0,ADD 1,0,1,12739,0,0.0,ADD 2,0,1,12761,0,0.0,ADD 3,0,1,12772,0,0.0,ADD 4,0,1,12783,0,0.0,ADD 5,0,0,0,0,0.0,ADD 6,0,1,12810,0,0.0,ADD 7,0,0,0,0,0.0,EGT2CAN,0,1,12783,0,0.0
1778949393.277265,0.0,12763,-51.0,0,-,0,0,0,0,0.0,-,0,0,0,0,0.0,ECU,1,1,12772,0,0.0,FAN1,0,0,0,0,0.0,COILS,8,1,0,0,0.0,PUMP,0,0,0,0,0.0,INJECTOR,8,1,65,0,0.0,SERVO,1,1,12766,0,0.0,ADD 1,0,1,12761,0,0.0,ADD 2,0,1,12794,0,0.0,ADD 3,0,1,12783,0,0.0,ADD 4,0,1,12772,0,0.0,ADD 5,0,0,0,0,0.0,ADD 6,0,1,12821,0,0.0,ADD 7,0,0,0,0,0.0,EGT2CAN,0,1,12777,0,0.0
1778949393.329328,0.0,12763,-51.0,0,-,0,0,0,0,0.0,-,0,0,0,0,0.0,ECU,1,1,12772,0,0.0,FAN1,0,0,0,0,0.0,COILS,8,1,0,0,0.0,PUMP,0,0,0,0,0.0,INJECTOR,8,1,65,0,0.0,SERVO,1,1,12766,0,0.0,ADD 1,0,1,12761,0,0.0,ADD 2,0,1,12794,0,0.0,ADD 3,0,1,12783,0,0.0,ADD 4,0,1,12772,0,0.0,ADD 5,0,0,0,0,0.0,ADD 6,0,1,12821,0,0.0,ADD 7,0,0,0,0,0.0,EGT2CAN,0,1,12777,0,0.0
1778949393.3813584,0.0,12763,-51.0,0,-,0,0,0,0,0.0,-,0,0,0,0,0.0,ECU,1,1,12788,0,0.0,FAN1,0,0,0,0,0.0,COILS,8,1,0,0,0.0,PUMP,0,0,0,0,0.0,INJECTOR,8,1,65,0,0.0,SERVO,1,1,12777,0,0.0,ADD 1,0,1,12794,0,0.0,ADD 2,0,1,12766,0,0.0,ADD 3,0,1,12739,0,0.0,ADD 4,0,1,12761,0,0.0,ADD 5,0,0,0,0,0.0,ADD 6,0,1,12827,0,0.0,ADD 7,0,0,0,0,0.0,EGT2CAN,0,1,12739,0,0.0
1778949393.4315891,0.0,12751,-52.0,0,-,0,0,0,0,0.0,-,0,0,0,0,0.0,ECU,1,1,12794,0,0.0,FAN1,0,0,0,0,0.0,COILS,8,1,0,0,0.0,PUMP,0,0,0,0,0.0,INJECTOR,8,1,65,0,0.0,SERVO,1,1,12734,0,0.0,ADD 1,0,1,12717,0,0.0,ADD 2,0,1,12745,0,0.0,ADD 3,0,1,12756,0,0.0,ADD 4,0,1,12717,0,0.0,ADD 5,0,0,0,0,0.0,ADD 6,0,1,12832,0,0.0,ADD 7,0,0,0,0,0.0,EGT2CAN,0,1,12799,0,0.0
1778949393.4840064,0.0,12751,-52.0,0,-,0,0,0,0,0.0,-,0,0,0,0,0.0,ECU,1,1,12794,0,0.0,FAN1,0,0,0,0,0.0,COILS,8,1,0,0,0.0,PUMP,0,0,0,0,0.0,INJECTOR,8,1,65,0,0.0,SERVO,1,1,12734,0,0.0,ADD 1,0,1,12717,0,0.0,ADD 2,0,1,12745,0,0.0,ADD 3,0,1,12756,0,0.0,ADD 4,0,1,12717,0,0.0,ADD 5,0,0,0,0,0.0,ADD 6,0,1,12832,0,0.0,ADD 7,0,0,0,0,0.0,EGT2CAN,0,1,12799,0,0.0
1778949393.5347285,0.0,12751,-52.0,0,-,0,0,0,0,0.0,-,0,0,0,0,0.0,ECU,1,1,12788,0,0.0,FAN1,0,0,0,0,0.0,COILS,8,1,0,0,0.0,PUMP,0,0,0,0,0.0,INJECTOR,8,1,65,0,0.0,SERVO,1,1,12750,0,0.0,ADD 1,0,1,12750,0,0.0,ADD 2,0,1,12772,0,0.0,ADD 3,0,1,12723,0,0.0,ADD 4,0,1,12717,0,0.0,ADD 5,0,0,0,0,0.0,ADD 6,0,1,12766,0,0.0,ADD 7,0,0,0,0,0.0,EGT2CAN,0,1,12794,0,0.0
1778949393.5932443,0.0,12788,-52.0,0,-,0,0,0,0,0.0,-,0,0,0,0,0.0,ECU,1,1,12739,0,0.0,FAN1,0,0,0,0,0.0,COILS,8,1,0,0,0.0,PUMP,0,0,0,0,0.0,INJECTOR,8,1,65,0,0.0,SERVO,1,1,12772,0,0.0,ADD 1,0,1,12794,0,0.0,ADD 2,0,1,12810,0,0.0,ADD 3,0,1,12799,0,0.0,ADD 4,0,1,12766,0,0.0,ADD 5,0,0,0,0,0.0,ADD 6,0,1,12684,0,0.0,ADD 7,0,0,0,0,0.0,EGT2CAN,0,1,12684,0,0.0
1778949393.643561,0.0,12788,-52.0,0,-,0,0,0,0,0.0,-,0,0,0,0,0.0,ECU,1,1,12788,0,0.0,FAN1,0,0,0,0,0.0,COILS,8,1,0,0,0.0,PUMP,0,0,0,0,0.0,INJECTOR,8,1,65,0,0.0,SERVO,1,1,12723,0,0.0,ADD 1,0,1,12761,0,0.0,ADD 2,0,1,12777,0,0.0,ADD 3,0,1,12788,0,0.0,ADD 4,0,1,12734,0,0.0,ADD 5,0,0,0,0,0.0,ADD 6,0,1,12788,0,0.0,ADD 7,0,0,0,0,0.0,EGT2CAN,0,1,12684,0,0.0
1778949393.6945894,0.0,12788,-51.0,0,-,0,0,0,0,0.0,-,0,0,0,0,0.0,ECU,1,1,12788,0,0.0,FAN1,0,0,0,0,0.0,COILS,8,1,0,0,0.0,PUMP,0,0,0,0,0.0,INJECTOR,8,1,65,0,0.0,SERVO,1,1,12723,0,0.0,ADD 1,0,1,12761,0,0.0,ADD 2,0,1,12777,0,0.0,ADD 3,0,1,12788,0,0.0,ADD 4,0,1,12734,0,0.0,ADD 5,0,0,0,0,0.0,ADD 6,0,1,12788,0,0.0,ADD 7,0,0,0,0,0.0,EGT2CAN,0,1,12684,0,0.0
1778949393.7501032,0.0,12794,-52.0,0,-,0,0,0,0,0.0,-,0,0,0,0,0.0,ECU,1,1,12766,0,0.0,FAN1,0,0,0,0,0.0,COILS,8,1,0,0,0.0,PUMP,0,0,0,0,0.0,INJECTOR,8,1,65,0,0.0,SERVO,1,1,12766,0,0.0,ADD 1,0,1,12750,0,0.0,ADD 2,0,1,12772,0,0.0,ADD 3,0,1,12772,0,0.0,ADD 4,0,1,12723,0,0.0,ADD 5,0,0,0,0,0.0,ADD 6,0,1,12794,0,0.0,ADD 7,0,0,0,0,0.0,EGT2CAN,0,1,12766,0,0.0
1778949393.807054,0.0,12794,-52.0,0,-,0,0,0,0,0.0,-,0,0,0,0,0.0,ECU,1,1,12756,0,0.0,FAN1,0,0,0,0,0.0,COILS,8,1,0,0,0.0,PUMP,0,0,0,0,0.0,INJECTOR,8,1,65,0,0.0,SERVO,1,1,12766,0,0.0,ADD 1,0,1,12750,0,0.0,ADD 2,0,1,12772,0,0.0,ADD 3,0,1,12772,0,0.0,ADD 4,0,1,12723,0,0.0,ADD 5,0,0,0,0,0.0,ADD 6,0,1,12794,0,0.0,ADD 7,0,0,0,0,0.0,EGT2CAN,0,1,12766,0,0.0
1778949393.8580968,0.0,12813,-51.0,0,-,0,0,0,0,0.0,-,0,0,0,0,0.0,ECU,1,1,12788,0,0.0,FAN1,0,0,0,0,0.0,COILS,8,1,0,0,0.0,PUMP,0,0,0,0,0.0,INJECTOR,8,1,82,0,0.0,SERVO,1,1,12761,0,0.0,ADD 1,0,1,12766,0,0.0,ADD 2,0,1,12788,0,0.0,ADD 3,0,1,12723,0,0.0,ADD 4,0,1,12706,0,0.0,ADD 5,0,0,0,0,0.0,ADD 6,0,1,12766,0,0.0,ADD 7,0,0,0,0,0.0,EGT2CAN,0,1,12717,0,0.0
1778949393.912285,0.0,12776,-51.0,0,-,0,0,0,0,0.0,-,0,0,0,0,0.0,ECU,1,1,12756,0,0.0,FAN1,0,0,0,0,0.0,COILS,8,1,0,0,0.0,PUMP,0,0,0,0,0.0,INJECTOR,8,1,60,0,0.0,SERVO,1,1,12739,0,0.0,ADD 1,0,1,12788,0,0.0,ADD 2,0,1,12810,0,0.0,ADD 3,0,1,12772,0,0.0,ADD 4,0,1,12772,0,0.0,ADD 5,0,0,0,0,0.0,ADD 6,0,1,12810,0,0.0,ADD 7,0,0,0,0,0.0,EGT2CAN,0,1,12734,0,0.0
1778949393.9646888,0.0,12776,-51.0,0,-,0,0,0,0,0.0,-,0,0,0,0,0.0,ECU,1,1,12717,0,0.0,FAN1,0,0,0,0,0.0,COILS,8,1,0,0,0.0,PUMP,0,0,0,0,0.0,INJECTOR,8,1,60,0,0.0,SERVO,1,1,12739,0,0.0,ADD 1,0,1,12788,0,0.0,ADD 2,0,1,12810,0,0.0,ADD 3,0,1,12772,0,0.0,ADD 4,0,1,12772,0,0.0,ADD 5,0,0,0,0,0.0,ADD 6,0,1,12810,0,0.0,ADD 7,0,0,0,0,0.0,EGT2CAN,0,1,12734,0,0.0
1778949394.0157533,0.0,12751,-52.0,0,-,0,0,0,0,0.0,-,0,0,0,0,0.0,ECU,1,1,12739,0,0.0,FAN1,0,0,0,0,0.0,COILS,8,1,0,0,0.0,PUMP,0,0,0,0,0.0,INJECTOR,8,1,65,0,0.0,SERVO,1,1,12772,0,0.0,ADD 1,0,1,12766,0,0.0,ADD 2,0,1,12788,0,0.0,ADD 3,0,1,12810,0,0.0,ADD 4,0,1,12717,0,0.0,ADD 5,0,0,0,0,0.0,ADD 6,0,1,12783,0,0.0,ADD 7,0,0,0,0,0.0,EGT2CAN,0,1,12745,0,0.0
1778949394.0667403,0.0,12800,-51.0,0,-,0,0,0,0,0.0,-,0,0,0,0,0.0,ECU,1,1,12761,0,0.0,FAN1,0,0,0,0,0.0,COILS,8,1,0,0,0.0,PUMP,0,0,0,0,0.0,INJECTOR,8,1,65,0,0.0,SERVO,1,1,12728,0,0.0,ADD 1,0,1,12799,0,0.0,ADD 2,0,1,12684,0,0.0,ADD 3,0,1,12799,0,0.0,ADD 4,0,1,12766,0,0.0,ADD 5,0,0,0,0,0.0,ADD 6,0,1,12799,0,0.0,ADD 7,0,0,0,0,0.0,EGT2CAN,0,1,12684,0,0.0
1778949394.1175063,0.0,12800,-51.0,0,-,0,0,0,0,0.0,-,0,0,0,0,0.0,ECU,1,1,12788,0,0.0,FAN1,0,0,0,0,0.0,COILS,8,1,0,0,0.0,PUMP,0,0,0,0,0.0,INJECTOR,8,1,65,0,0.0,SERVO,1,1,12766,0,0.0,ADD 1,0,1,12799,0,0.0,ADD 2,0,1,12684,0,0.0,ADD 3,0,1,12799,0,0.0,ADD 4,0,1,12766,0,0.0,ADD 5,0,0,0,0,0.0,ADD 6,0,1,12799,0,0.0,ADD 7,0,0,0,0,0.0,EGT2CAN,0,1,12684,0,0.0
1778949394.1710887,0.0,12788,-51.0,0,-,0,0,0,0,0.0,-,0,0,0,0,0.0,ECU,1,1,12739,0,0.0,FAN1,0,0,0,0,0.0,COILS,8,1,0,0,0.0,PUMP,0,0,0,0,0.0,INJECTOR,8,1,65,0,0.0,SERVO,1,1,12777,0,0.0,ADD 1,0,1,12750,0,0.0,ADD 2,0,1,12739,0,0.0,ADD 3,0,1,12717,0,0.0,ADD 4,0,1,12706,0,0.0,ADD 5,0,0,0,0,0.0,ADD 6,0,1,12766,0,0.0,ADD 7,0,0,0,0,0.0,EGT2CAN,0,1,12766,0,0.0
1778949394.2274067,0.0,12763,-51.0,0,-,0,0,0,0,0.0,-,0,0,0,0,0.0,ECU,1,1,12750,0,0.0,FAN1,0,0,0,0,0.0,COILS,8,1,0,0,0.0,PUMP,0,0,0,0,0.0,INJECTOR,8,1,92,0,0.0,SERVO,1,1,12761,0,0.0,ADD 1,0,1,12805,0,0.0,ADD 2,0,1,12816,0,0.0,ADD 3,0,1,12794,0,0.0,ADD 4,0,1,12766,0,0.0,ADD 5,0,0,0,0,0.0,ADD 6,0,1,12788,0,0.0,ADD 7,0,0,0,0,0.0,EGT2CAN,0,1,12772,0,0.0
1778949394.2904272,0.0,12788,-52.0,0,-,0,0,0,0,0.0,-,0,0,0,0,0.0,ECU,1,1,12745,0,0.0,FAN1,0,0,0,0,0.0,COILS,8,1,0,0,0.0,PUMP,0,0,0,0,0.0,INJECTOR,8,1,87,0,0.0,SERVO,1,1,12706,0,0.0,ADD 1,0,1,12734,0,0.0,ADD 2,0,1,12799,0,0.0,ADD 3,0,1,12777,0,0.0,ADD 4,0,1,12772,0,0.0,ADD 5,0,0,0,0,0.0,ADD 6,0,1,12827,0,0.0,ADD 7,0,0,0,0,0.0,EGT2CAN,0,1,12717,0,0.0
1778949394.3417737,0.0,12788,-52.0,0,-,0,0,0,0,0.0,-,0,0,0,0,0.0,ECU,1,1,12745,0,0.0,FAN1,0,0,0,0,0.0,COILS,8,1,0,0,0.0,PUMP,0,0,0,0,0.0,INJECTOR,8,1,87,0,0.0,SERVO,1,1,12706,0,0.0,ADD 1,0,1,12734,0,0.0,ADD 2,0,1,12799,0,0.0,ADD 3,0,1,12777,0,0.0,ADD 4,0,1,12772,0,0.0,ADD 5,0,0,0,0,0.0,ADD 6,0,1,12827,0,0.0,ADD 7,0,0,0,0,0.0,EGT2CAN,0,1,12717,0,0.0
1778949394.3924308,0.0,12788,-52.0,0,-,0,0,0,0,0.0,-,0,0,0,0,0.0,ECU,1,1,12761,0,0.0,FAN1,0,0,0,0,0.0,COILS,8,1,0,0,0.0,PUMP,0,0,0,0,0.0,INJECTOR,8,1,60,0,0.0,SERVO,1,1,12783,0,0.0,ADD 1,0,1,12783,0,0.0,ADD 2,0,1,12766,0,0.0,ADD 3,0,1,12783,0,0.0,ADD 4,0,1,12728,0,0.0,ADD 5,0,0,0,0,0.0,ADD 6,0,1,12832,0,0.0,ADD 7,0,0,0,0,0.0,EGT2CAN,0,1,12756,0,0.0
1778949394.4434178,0.0,12807,-51.0,0,-,0,0,0,0,0.0,-,0,0,0,0,0.0,ECU,1,1,12723,0,0.0,FAN1,0,0,0,0,0.0,COILS,8,1,0,0,0.0,PUMP,0,0,0,0,0.0,INJECTOR,8,1,87,0,0.0,SERVO,1,1,12706,0,0.0,ADD 1,0,1,12684,0,0.0,ADD 2,0,1,12766,0,0.0,ADD 3,0,1,12772,0,0.0,ADD 4,0,1,12728,0,0.0,ADD 5,0,0,0,0,0.0,ADD 6,0,1,12799,0,0.0,ADD 7,0,0,0,0,0.0,EGT2CAN,0,1,12788,0,0.0
1778949394.494404,0.0,12807,-51.0,0,-,0,0,0,0,0.0,-,0,0,0,0,0.0,ECU,1,1,12723,0,0.0,FAN1,0,0,0,0,0.0,COILS,8,1,0,0,0.0,PUMP,0,0,0,0,0.0,INJECTOR,8,1,87,0,0.0,SERVO,1,1,12706,0,0.0,ADD 1,0,1,12684,0,0.0,ADD 2,0,1,12766,0,0.0,ADD 3,0,1,12772,0,0.0,ADD 4,0,1,12728,0,0.0,ADD 5,0,0,0,0,0.0,ADD 6,0,1,12799,0,0.0,ADD 7,0,0,0,0,0.0,EGT2CAN,0,1,12788,0,0.0
1778949394.5469537,0.0,12807,-51.0,0,-,0,0,0,0,0.0,-,0,0,0,0,0.0,ECU,1,1,12756,0,0.0,FAN1,0,0,0,0,0.0,COILS,8,1,0,0,0.0,PUMP,0,0,0,0,0.0,INJECTOR,8,1,65,0,0.0,SERVO,1,1,12728,0,0.0,ADD 1,0,1,12717,0,0.0,ADD 2,0,1,12756,0,0.0,ADD 3,0,1,12788,0,0.0,ADD 4,0,1,12734,0,0.0,ADD 5,0,0,0,0,0.0,ADD 6,0,1,12756,0,0.0,ADD 7,0,0,0,0,0.0,EGT2CAN,0,1,12772,0,0.0
1778949394.5991507,0.0,12794,-51.0,0,-,0,0,0,0,0.0,-,0,0,0,0,0.0,ECU,1,1,12766,0,0.0,FAN1,0,0,0,0,0.0,COILS,8,1,0,0,0.0,PUMP,0,0,0,0,0.0,INJECTOR,8,1,65,0,0.0,SERVO,1,1,12766,0,0.0,ADD 1,0,1,12788,0,0.0,ADD 2,0,1,12788,0,0.0,ADD 3,0,1,12783,0,0.0,ADD 4,0,1,12777,0,0.0,ADD 5,0,0,0,0,0.0,ADD 6,0,1,12805,0,0.0,ADD 7,0,0,0,0,0.0,EGT2CAN,0,1,12717,0,0.0
1778949394.6528597,0.0,12794,-51.0,0,-,0,0,0,0,0.0,-,0,0,0,0,0.0,ECU,1,1,12766,0,0.0,FAN1,0,0,0,0,0.0,COILS,8,1,0,0,0.0,PUMP,0,0,0,0,0.0,INJECTOR,8,1,65,0,0.0,SERVO,1,1,12766,0,0.0,ADD 1,0,1,12788,0,0.0,ADD 2,0,1,12788,0,0.0,ADD 3,0,1,12783,0,0.0,ADD 4,0,1,12777,0,0.0,ADD 5,0,0,0,0,0.0,ADD 6,0,1,12805,0,0.0,ADD 7,0,0,0,0,0.0,EGT2CAN,0,1,12717,0,0.0
1778949394.7049198,0.0,12794,-51.0,0,-,0,0,0,0,0.0,-,0,0,0,0,0.0,ECU,1,1,12788,0,0.0,FAN1,0,0,0,0,0.0,COILS,8,1,0,0,0.0,PUMP,0,0,0,0,0.0,INJECTOR,8,1,65,0,0.0,SERVO,1,1,12761,0,0.0,ADD 1,0,1,12816,0,0.0,ADD 2,0,1,12783,0,0.0,ADD 3,0,1,12739,0,0.0,ADD 4,0,1,12750,0,0.0,ADD 5,0,0,0,0,0.0,ADD 6,0,1,12805,0,0.0,ADD 7,0,0,0,0,0.0,EGT2CAN,0,1,12717,0,0.0
1778949394.7555325,0.0,12788,-51.0,0,-,0,0,0,0,0.0,-,0,0,0,0,0.0,ECU,1,1,12794,0,0.0,FAN1,0,0,0,0,0.0,COILS,8,1,0,0,0.0,PUMP,0,0,0,0,0.0,INJECTOR,8,1,87,0,0.0,SERVO,1,1,12745,0,0.0,ADD 1,0,1,12777,0,0.0,ADD 2,0,1,12772,0,0.0,ADD 3,0,1,12750,0,0.0,ADD 4,0,1,12695,0,0.0,ADD 5,0,0,0,0,0.0,ADD 6,0,1,12783,0,0.0,ADD 7,0,0,0,0,0.0,EGT2CAN,0,1,12788,0,0.0
1778949394.806456,0.0,12788,-51.0,0,-,0,0,0,0,0.0,-,0,0,0,0,0.0,ECU,1,1,12810,0,0.0,FAN1,0,0,0,0,0.0,COILS,8,1,0,0,0.0,PUMP,0,0,0,0,0.0,INJECTOR,8,1,65,0,0.0,SERVO,1,1,12712,0,0.0,ADD 1,0,1,12794,0,0.0,ADD 2,0,1,12761,0,0.0,ADD 3,0,1,12745,0,0.0,ADD 4,0,1,12761,0,0.0,ADD 5,0,0,0,0,0.0,ADD 6,0,1,12832,0,0.0,ADD 7,0,0,0,0,0.0,EGT2CAN,0,1,12766,0,0.0
1778949394.858415,0.0,12776,-51.0,0,-,0,0,0,0,0.0,-,0,0,0,0,0.0,ECU,1,1,12756,0,0.0,FAN1,0,0,0,0,0.0,COILS,8,1,0,0,0.0,PUMP,0,0,0,0,0.0,INJECTOR,8,1,65,0,0.0,SERVO,1,1,12712,0,0.0,ADD 1,0,1,12794,0,0.0,ADD 2,0,1,12761,0,0.0,ADD 3,0,1,12745,0,0.0,ADD 4,0,1,12761,0,0.0,ADD 5,0,0,0,0,0.0,ADD 6,0,1,12832,0,0.0,ADD 7,0,0,0,0,0.0,EGT2CAN,0,1,12766,0,0.0
1778949394.916945,0.0,12763,-52.0,0,-,0,0,0,0,0.0,-,0,0,0,0,0.0,ECU,1,1,12805,0,0.0,FAN1,0,0,0,0,0.0,COILS,8,1,0,0,0.0,PUMP,0,0,0,0,0.0,INJECTOR,8,1,65,0,0.0,SERVO,1,1,12788,0,0.0,ADD 1,0,1,12788,0,0.0,ADD 2,0,1,12788,0,0.0,ADD 3,0,1,12750,0,0.0,ADD 4,0,1,12739,0,0.0,ADD 5,0,0,0,0,0.0,ADD 6,0,1,12821,0,0.0,ADD 7,0,0,0,0,0.0,EGT2CAN,0,1,12766,0,0.0
1778949394.9673116,0.0,12763,-52.0,0,-,0,0,0,0,0.0,-,0,0,0,0,0.0,ECU,1,1,12761,0,0.0,FAN1,0,0,0,0,0.0,COILS,8,1,0,0,0.0,PUMP,0,0,0,0,0.0,INJECTOR,8,1,54,0,0.0,SERVO,1,1,12766,0,0.0,ADD 1,0,1,12777,0,0.0,ADD 2,0,1,12777,0,0.0,ADD 3,0,1,12788,0,0.0,ADD 4,0,1,12717,0,0.0,ADD 5,0,0,0,0,0.0,ADD 6,0,1,12717,0,0.0,ADD 7,0,0,0,0,0.0,EGT2CAN,0,1,12777,0,0.0
1778949395.018194,0.0,12813,-51.0,0,-,0,0,0,0,0.0,-,0,0,0,0,0.0,ECU,1,1,12777,0,0.0,FAN1,0,0,0,0,0.0,COILS,8,1,0,0,0.0,PUMP,0,0,0,0,0.0,INJECTOR,8,1,54,0,0.0,SERVO,1,1,12766,0,0.0,ADD 1,0,1,12777,0,0.0,ADD 2,0,1,12777,0,0.0,ADD 3,0,1,12788,0,0.0,ADD 4,0,1,12717,0,0.0,ADD 5,0,0,0,0,0.0,ADD 6,0,1,12717,0,0.0,ADD 7,0,0,0,0,0.0,EGT2CAN,0,1,12777,0,0.0
1778949395.075913,0.0,12745,-51.0,0,-,0,0,0,0,0.0,-,0,0,0,0,0.0,ECU,1,1,12739,0,0.0,FAN1,0,0,0,0,0.0,COILS,8,1,0,0,0.0,PUMP,0,0,0,0,0.0,INJECTOR,8,1,65,0,0.0,SERVO,1,1,12766,0,0.0,ADD 1,0,1,12684,0,0.0,ADD 2,0,1,12766,0,0.0,ADD 3,0,1,12684,0,0.0,ADD 4,0,1,12777,0,0.0,ADD 5,0,0,0,0,0.0,ADD 6,0,1,12816,0,0.0,ADD 7,0,0,0,0,0.0,EGT2CAN,0,1,12745,0,0.0
1778949395.1261647,0.0,12745,-51.0,0,-,0,0,0,0,0.0,-,0,0,0,0,0.0,ECU,1,1,12739,0,0.0,FAN1,0,0,0,0,0.0,COILS,8,1,0,0,0.0,PUMP,0,0,0,0,0.0,INJECTOR,8,1,65,0,0.0,SERVO,1,1,12772,0,0.0,ADD 1,0,1,12794,0,0.0,ADD 2,0,1,12816,0,0.0,ADD 3,0,1,12788,0,0.0,ADD 4,0,1,12712,0,0.0,ADD 5,0,0,0,0,0.0,ADD 6,0,1,12816,0,0.0,ADD 7,0,0,0,0,0.0,EGT2CAN,0,1,12745,0,0.0
1778949395.1791372,0.0,12800,-52.0,0,-,0,0,0,0,0.0,-,0,0,0,0,0.0,ECU,1,1,12745,0,0.0,FAN1,0,0,0,0,0.0,COILS,8,1,0,0,0.0,PUMP,0,0,0,0,0.0,INJECTOR,8,1,65,0,0.0,SERVO,1,1,12739,0,0.0,ADD 1,0,1,12739,0,0.0,ADD 2,0,1,12772,0,0.0,ADD 3,0,1,12739,0,0.0,ADD 4,0,1,12717,0,0.0,ADD 5,0,0,0,0,0.0,ADD 6,0,1,12788,0,0.0,ADD 7,0,0,0,0,0.0,EGT2CAN,0,1,12717,0,0.0
1778949395.2298157,0.0,12800,-52.0,0,-,0,0,0,0,0.0,-,0,0,0,0,0.0,ECU,1,1,12745,0,0.0,FAN1,0,0,0,0,0.0,COILS,8,1,0,0,0.0,PUMP,0,0,0,0,0.0,INJECTOR,8,1,65,0,0.0,SERVO,1,1,12739,0,0.0,ADD 1,0,1,12739,0,0.0,ADD 2,0,1,12772,0,0.0,ADD 3,0,1,12739,0,0.0,ADD 4,0,1,12717,0,0.0,ADD 5,0,0,0,0,0.0,ADD 6,0,1,12788,0,0.0,ADD 7,0,0,0,0,0.0,EGT2CAN,0,1,12717,0,0.0
1778949395.2802,0.0,12800,-52.0,0,-,0,0,0,0,0.0,-,0,0,0,0,0.0,ECU,1,1,12777,0,0.0,FAN1,0,0,0,0,0.0,COILS,8,1,0,0,0.0,PUMP,0,0,0,0,0.0,INJECTOR,8,1,65,0,0.0,SERVO,1,1,12756,0,0.0,ADD 1,0,1,12799,0,0.0,ADD 2,0,1,12783,0,0.0,ADD 3,0,1,12739,0,0.0,ADD 4,0,1,12728,0,0.0,ADD 5,0,0,0,0,0.0,ADD 6,0,1,12788,0,0.0,ADD 7,0,0,0,0,0.0,EGT2CAN,0,1,12684,0,0.0
1778949395.3311436,0.0,12776,-52.0,0,-,0,0,0,0,0.0,-,0,0,0,0,0.0,ECU,1,1,12756,0,0.0,FAN1,0,0,0,0,0.0,COILS,8,1,0,0,0.0,PUMP,0,0,0,0,0.0,INJECTOR,8,1,82,0,0.0,SERVO,1,1,12750,0,0.0,ADD 1,0,1,12794,0,0.0,ADD 2,0,1,12832,0,0.0,ADD 3,0,1,12788,0,0.0,ADD 4,0,1,12745,0,0.0,ADD 5,0,0,0,0,0.0,ADD 6,0,1,12810,0,0.0,ADD 7,0,0,0,0,0.0,EGT2CAN,0,1,12766,0,0.0
1778949395.3824763,0.0,12776,-52.0,0,-,0,0,0,0,0.0,-,0,0,0,0,0.0,ECU,1,1,12756,0,0.0,FAN1,0,0,0,0,0.0,COILS,8,1,0,0,0.0,PUMP,0,0,0,0,0.0,INJECTOR,8,1,82,0,0.0,SERVO,1,1,12750,0,0.0,ADD 1,0,1,12794,0,0.0,ADD 2,0,1,12832,0,0.0,ADD 3,0,1,12788,0,0.0,ADD 4,0,1,12745,0,0.0,ADD 5,0,0,0,0,0.0,ADD 6,0,1,12810,0,0.0,ADD 7,0,0,0,0,0.0,EGT2CAN,0,1,12766,0,0.0
1778949395.4332745,0.0,12776,-52.0,0,-,0,0,0,0,0.0,-,0,0,0,0,0.0,ECU,1,1,12788,0,0.0,FAN1,0,0,0,0,0.0,COILS,8,1,0,0,0.0,PUMP,0,0,0,0,0.0,INJECTOR,8,1,60,0,0.0,SERVO,1,1,12766,0,0.0,ADD 1,0,1,12756,0,0.0,ADD 2,0,1,12739,0,0.0,ADD 3,0,1,12745,0,0.0,ADD 4,0,1,12690,0,0.0,ADD 5,0,0,0,0,0.0,ADD 6,0,1,12810,0,0.0,ADD 7,0,0,0,0,0.0,EGT2CAN,0,1,12766,0,0.0
1778949395.4928818,0.0,12800,-54.0,0,-,0,0,0,0,0.0,-,0,0,0,0,0.0,ECU,1,1,12788,0,0.0,FAN1,0,0,0,0,0.0,COILS,8,1,0,0,0.0,PUMP,0,0,0,0,0.0,INJECTOR,8,1,71,0,0.0,SERVO,1,1,12783,0,0.0,ADD 1,0,1,12739,0,0.0,ADD 2,0,1,12772,0,0.0,ADD 3,0,1,12728,0,0.0,ADD 4,0,1,12756,0,0.0,ADD 5,0,0,0,0,0.0,ADD 6,0,1,12788,0,0.0,ADD 7,0,0,0,0,0.0,EGT2CAN,0,1,12783,0,0.0
1778949395.54391,0.0,12800,-54.0,0,-,0,0,0,0,0.0,-,0,0,0,0,0.0,ECU,1,1,12739,0,0.0,FAN1,0,0,0,0,0.0,COILS,8,1,0,0,0.0,PUMP,0,0,0,0,0.0,INJECTOR,8,1,71,0,0.0,SERVO,1,1,12756,0,0.0,ADD 1,0,1,12739,0,0.0,ADD 2,0,1,12772,0,0.0,ADD 3,0,1,12728,0,0.0,ADD 4,0,1,12756,0,0.0,ADD 5,0,0,0,0,0.0,ADD 6,0,1,12788,0,0.0,ADD 7,0,0,0,0,0.0,EGT2CAN,0,1,12783,0,0.0
1778949395.5949,0.0,12800,-54.0,0,-,0,0,0,0,0.0,-,0,0,0,0,0.0,ECU,1,1,12739,0,0.0,FAN1,0,0,0,0,0.0,COILS,8,1,0,0,0.0,PUMP,0,0,0,0,0.0,INJECTOR,8,1,71,0,0.0,SERVO,1,1,12756,0,0.0,ADD 1,0,1,12783,0,0.0,ADD 2,0,1,12756,0,0.0,ADD 3,0,1,12750,0,0.0,ADD 4,0,1,12745,0,0.0,ADD 5,0,0,0,0,0.0,ADD 6,0,1,12756,0,0.0,ADD 7,0,0,0,0,0.0,EGT2CAN,0,1,12783,0,0.0
1778949395.6496875,0.0,12720,-52.0,0,-,0,0,0,0,0.0,-,0,0,0,0,0.0,ECU,1,1,12761,0,0.0,FAN1,0,0,0,0,0.0,COILS,8,1,0,0,0.0,PUMP,0,0,0,0,0.0,INJECTOR,8,1,65,0,0.0,SERVO,1,1,12717,0,0.0,ADD 1,0,1,12750,0,0.0,ADD 2,0,1,12788,0,0.0,ADD 3,0,1,12756,0,0.0,ADD 4,0,1,12739,0,0.0,ADD 5,0,0,0,0,0.0,ADD 6,0,1,12739,0,0.0,ADD 7,0,0,0,0,0.0,EGT2CAN,0,1,12788,0,0.0
1778949395.701043,0.0,12720,-52.0,0,-,0,0,0,0,0.0,-,0,0,0,0,0.0,ECU,1,1,12750,0,0.0,FAN1,0,0,0,0,0.0,COILS,8,1,0,0,0.0,PUMP,0,0,0,0,0.0,INJECTOR,8,1,65,0,0.0,SERVO,1,1,12788,0,0.0,ADD 1,0,1,12750,0,0.0,ADD 2,0,1,12788,0,0.0,ADD 3,0,1,12756,0,0.0,ADD 4,0,1,12739,0,0.0,ADD 5,0,0,0,0,0.0,ADD 6,0,1,12739,0,0.0,ADD 7,0,0,0,0,0.0,EGT2CAN,0,1,12788,0,0.0
1778949395.7514868,0.0,12782,-51.0,0,-,0,0,0,0,0.0,-,0,0,0,0,0.0,ECU,1,1,12750,0,0.0,FAN1,0,0,0,0,0.0,COILS,8,1,0,0,0.0,PUMP,0,0,0,0,0.0,INJECTOR,8,1,65,0,0.0,SERVO,1,1,12788,0,0.0,ADD 1,0,1,12783,0,0.0,ADD 2,0,1,12810,0,0.0,ADD 3,0,1,12717,0,0.0,ADD 4,0,1,12717,0,0.0,ADD 5,0,0,0,0,0.0,ADD 6,0,1,12832,0,0.0,ADD 7,0,0,0,0,0.0,EGT2CAN,0,1,12750,0,0.0
1778949395.8106723,0.0,12800,-51.0,0,-,0,0,0,0,0.0,-,0,0,0,0,0.0,ECU,1,1,12766,0,0.0,FAN1,0,0,0,0,0.0,COILS,8,1,0,0,0.0,PUMP,0,0,0,0,0.0,INJECTOR,8,1,71,0,0.0,SERVO,1,1,12766,0,0.0,ADD 1,0,1,12684,0,0.0,ADD 2,0,1,12799,0,0.0,ADD 3,0,1,12788,0,0.0,ADD 4,0,1,12745,0,0.0,ADD 5,0,0,0,0,0.0,ADD 6,0,1,12783,0,0.0,ADD 7,0,0,0,0,0.0,EGT2CAN,0,1,12799,0,0.0
1778949395.8750117,0.0,12800,-51.0,0,-,0,0,0,0,0.0,-,0,0,0,0,0.0,ECU,1,1,12772,0,0.0,FAN1,0,0,0,0,0.0,COILS,8,1,0,0,0.0,PUMP,0,0,0,0,0.0,INJECTOR,8,1,65,0,0.0,SERVO,1,1,12766,0,0.0,ADD 1,0,1,12717,0,0.0,ADD 2,0,1,12816,0,0.0,ADD 3,0,1,12717,0,0.0,ADD 4,0,1,12723,0,0.0,ADD 5,0,0,0,0,0.0,ADD 6,0,1,12783,0,0.0,ADD 7,0,0,0,0,0.0,EGT2CAN,0,1,12799,0,0.0
1778949395.9367113,0.0,12763,-51.0,0,-,0,0,0,0,0.0,-,0,0,0,0,0.0,ECU,1,1,12794,0,0.0,FAN1,0,0,0,0,0.0,COILS,8,1,0,0,0.0,PUMP,0,0,0,0,0.0,INJECTOR,8,1,65,0,0.0,SERVO,1,1,12734,0,0.0,ADD 1,0,1,12728,0,0.0,ADD 2,0,1,12766,0,0.0,ADD 3,0,1,12739,0,0.0,ADD 4,0,1,12734,0,0.0,ADD 5,0,0,0,0,0.0,ADD 6,0,1,12832,0,0.0,ADD 7,0,0,0,0,0.0,EGT2CAN,0,1,12739,0,0.0
1778949395.989699,0.0,12794,-51.0,0,-,0,0,0,0,0.0,-,0,0,0,0,0.0,ECU,1,1,12805,0,0.0,FAN1,0,0,0,0,0.0,COILS,8,1,0,0,0.0,PUMP,0,0,0,0,0.0,INJECTOR,8,1,65,0,0.0,SERVO,1,1,12734,0,0.0,ADD 1,0,1,12728,0,0.0,ADD 2,0,1,12766,0,0.0,ADD 3,0,1,12739,0,0.0,ADD 4,0,1,12734,0,0.0,ADD 5,0,0,0,0,0.0,ADD 6,0,1,12832,0,0.0,ADD 7,0,0,0,0,0.0,EGT2CAN,0,1,12739,0,0.0
1778949396.0499604,0.0,12794,-51.0,0,-,0,0,0,0,0.0,-,0,0,0,0,0.0,ECU,1,1,12794,0,0.0,FAN1,0,0,0,0,0.0,COILS,8,1,0,0,0.0,PUMP,0,0,0,0,0.0,INJECTOR,8,1,65,0,0.0,SERVO,1,1,12766,0,0.0,ADD 1,0,1,12739,0,0.0,ADD 2,0,1,12761,0,0.0,ADD 3,0,1,12799,0,0.0,ADD 4,0,1,12706,0,0.0,ADD 5,0,0,0,0,0.0,ADD 6,0,1,12777,0,0.0,ADD 7,0,0,0,0,0.0,EGT2CAN,0,1,12723,0,0.0
1778949396.1012354,0.0,12794,-51.0,0,-,0,0,0,0,0.0,-,0,0,0,0,0.0,ECU,1,1,12788,0,0.0,FAN1,0,0,0,0,0.0,COILS,8,1,0,0,0.0,PUMP,0,0,0,0,0.0,INJECTOR,8,1,65,0,0.0,SERVO,1,1,12772,0,0.0,ADD 1,0,1,12684,0,0.0,ADD 2,0,1,12777,0,0.0,ADD 3,0,1,12684,0,0.0,ADD 4,0,1,12717,0,0.0,ADD 5,0,0,0,0,0.0,ADD 6,0,1,12810,0,0.0,ADD 7,0,0,0,0,0.0,EGT2CAN,0,1,12766,0,0.0
1778949396.1525552,0.0,12751,-52.0,0,-,0,0,0,0,0.0,-,0,0,0,0,0.0,ECU,1,1,12788,0,0.0,FAN1,0,0,0,0,0.0,COILS,8,1,0,0,0.0,PUMP,0,0,0,0,0.0,INJECTOR,8,1,65,0,0.0,SERVO,1,1,12772,0,0.0,ADD 1,0,1,12684,0,0.0,ADD 2,0,1,12777,0,0.0,ADD 3,0,1,12684,0,0.0,ADD 4,0,1,12717,0,0.0,ADD 5,0,0,0,0,0.0,ADD 6,0,1,12810,0,0.0,ADD 7,0,0,0,0,0.0,EGT2CAN,0,1,12766,0,0.0
1778949396.202802,0.0,12763,-51.0,0,-,0,0,0,0,0.0,-,0,0,0,0,0.0,ECU,1,1,12756,0,0.0,FAN1,0,0,0,0,0.0,COILS,8,1,0,0,0.0,PUMP,0,0,0,0,0.0,INJECTOR,8,1,60,0,0.0,SERVO,1,1,12739,0,0.0,ADD 1,0,1,12761,0,0.0,ADD 2,0,1,12788,0,0.0,ADD 3,0,1,12761,0,0.0,ADD 4,0,1,12739,0,0.0,ADD 5,0,0,0,0,0.0,ADD 6,0,1,12805,0,0.0,ADD 7,0,0,0,0,0.0,EGT2CAN,0,1,12739,0,0.0
1778949396.253872,0.0,12763,-51.0,0,-,0,0,0,0,0.0,-,0,0,0,0,0.0,ECU,1,1,12805,0,0.0,FAN1,0,0,0,0,0.0,COILS,8,1,0,0,0.0,PUMP,0,0,0,0,0.0,INJECTOR,8,1,65,0,0.0,SERVO,1,1,12712,0,0.0,ADD 1,0,1,12739,0,0.0,ADD 2,0,1,12810,0,0.0,ADD 3,0,1,12777,0,0.0,ADD 4,0,1,12766,0,0.0,ADD 5,0,0,0,0,0.0,ADD 6,0,1,12788,0,0.0,ADD 7,0,0,0,0,0.0,EGT2CAN,0,1,12772,0,0.0
1778949396.3082318,0.0,12794,-51.0,0,-,0,0,0,0,0.0,-,0,0,0,0,0.0,ECU,1,1,12805,0,0.0,FAN1,0,0,0,0,0.0,COILS,8,1,0,0,0.0,PUMP,0,0,0,0,0.0,INJECTOR,8,1,65,0,0.0,SERVO,1,1,12712,0,0.0,ADD 1,0,1,12739,0,0.0,ADD 2,0,1,12810,0,0.0,ADD 3,0,1,12777,0,0.0,ADD 4,0,1,12766,0,0.0,ADD 5,0,0,0,0,0.0,ADD 6,0,1,12788,0,0.0,ADD 7,0,0,0,0,0.0,EGT2CAN,0,1,12772,0,0.0
1778949396.3657043,0.0,12794,-51.0,0,-,0,0,0,0,0.0,-,0,0,0,0,0.0,ECU,1,1,12766,0,0.0,FAN1,0,0,0,0,0.0,COILS,8,1,0,0,0.0,PUMP,0,0,0,0,0.0,INJECTOR,8,1,65,0,0.0,SERVO,1,1,12717,0,0.0,ADD 1,0,1,12706,0,0.0,ADD 2,0,1,12750,0,0.0,ADD 3,0,1,12794,0,0.0,ADD 4,0,1,12734,0,0.0,ADD 5,0,0,0,0,0.0,ADD 6,0,1,12756,0,0.0,ADD 7,0,0,0,0,0.0,EGT2CAN,0,1,12783,0,0.0
1778949396.416969,0.0,12794,-51.0,0,-,0,0,0,0,0.0,-,0,0,0,0,0.0,ECU,1,1,12739,0,0.0,FAN1,0,0,0,0,0.0,COILS,8,1,0,0,0.0,PUMP,0,0,0,0,0.0,INJECTOR,8,1,65,0,0.0,SERVO,1,1,12684,0,0.0,ADD 1,0,1,12805,0,0.0,ADD 2,0,1,12827,0,0.0,ADD 3,0,1,12788,0,0.0,ADD 4,0,1,12761,0,0.0,ADD 5,0,0,0,0,0.0,ADD 6,0,1,12805,0,0.0,ADD 7,0,0,0,0,0.0,EGT2CAN,0,1,12783,0,0.0
1778949396.4685047,0.0,12782,-52.0,0,-,0,0,0,0,0.0,-,0,0,0,0,0.0,ECU,1,1,12756,0,0.0,FAN1,0,0,0,0,0.0,COILS,8,1,0,0,0.0,PUMP,0,0,0,0,0.0,INJECTOR,8,1,60,0,0.0,SERVO,1,1,12717,0,0.0,ADD 1,0,1,12805,0,0.0,ADD 2,0,1,12788,0,0.0,ADD 3,0,1,12783,0,0.0,ADD 4,0,1,12717,0,0.0,ADD 5,0,0,0,0,0.0,ADD 6,0,1,12816,0,0.0,ADD 7,0,0,0,0,0.0,EGT2CAN,0,1,12739,0,0.0
1778949396.5329702,0.0,12763,-52.0,0,-,0,0,0,0,0.0,-,0,0,0,0,0.0,ECU,1,1,12684,0,0.0,FAN1,0,0,0,0,0.0,COILS,8,1,0,0,0.0,PUMP,0,0,0,0,0.0,INJECTOR,8,1,65,0,0.0,SERVO,1,1,12777,0,0.0,ADD 1,0,1,12783,0,0.0,ADD 2,0,1,12810,0,0.0,ADD 3,0,1,12761,0,0.0,ADD 4,0,1,12739,0,0.0,ADD 5,0,0,0,0,0.0,ADD 6,0,1,12810,0,0.0,ADD 7,0,0,0,0,0.0,EGT2CAN,0,1,12788,0,0.0
1778949396.586474,0.0,12763,-52.0,0,-,0,0,0,0,0.0,-,0,0,0,0,0.0,ECU,1,1,12788,0,0.0,FAN1,0,0,0,0,0.0,COILS,8,1,0,0,0.0,PUMP,0,0,0,0,0.0,INJECTOR,8,1,71,0,0.0,SERVO,1,1,12777,0,0.0,ADD 1,0,1,12788,0,0.0,ADD 2,0,1,12766,0,0.0,ADD 3,0,1,12777,0,0.0,ADD 4,0,1,12717,0,0.0,ADD 5,0,0,0,0,0.0,ADD 6,0,1,12810,0,0.0,ADD 7,0,0,0,0,0.0,EGT2CAN,0,1,12788,0,0.0
1778949396.6380448,0.0,12751,-52.0,0,-,0,0,0,0,0.0,-,0,0,0,0,0.0,ECU,1,1,12794,0,0.0,FAN1,0,0,0,0,0.0,COILS,8,1,0,0,0.0,PUMP,0,0,0,0,0.0,INJECTOR,8,1,65,0,0.0,SERVO,1,1,12734,0,0.0,ADD 1,0,1,12783,0,0.0,ADD 2,0,1,12810,0,0.0,ADD 3,0,1,12805,0,0.0,ADD 4,0,1,12788,0,0.0,ADD 5,0,0,0,0,0.0,ADD 6,0,1,12816,0,0.0,ADD 7,0,0,0,0,0.0,EGT2CAN,0,1,12766,0,0.0
1778949396.6913705,0.0,12751,-52.0,0,-,0,0,0,0,0.0,-,0,0,0,0,0.0,ECU,1,1,12794,0,0.0,FAN1,0,0,0,0,0.0,COILS,8,1,0,0,0.0,PUMP,0,0,0,0,0.0,INJECTOR,8,1,65,0,0.0,SERVO,1,1,12734,0,0.0,ADD 1,0,1,12783,0,0.0,ADD 2,0,1,12810,0,0.0,ADD 3,0,1,12805,0,0.0,ADD 4,0,1,12788,0,0.0,ADD 5,0,0,0,0,0.0,ADD 6,0,1,12816,0,0.0,ADD 7,0,0,0,0,0.0,EGT2CAN,0,1,12766,0,0.0
1778949396.7438877,0.0,12751,-52.0,0,-,0,0,0,0,0.0,-,0,0,0,0,0.0,ECU,1,1,12799,0,0.0,FAN1,0,0,0,0,0.0,COILS,8,1,0,0,0.0,PUMP,0,0,0,0,0.0,INJECTOR,8,1,65,0,0.0,SERVO,1,1,12766,0,0.0,ADD 1,0,1,12788,0,0.0,ADD 2,0,1,12821,0,0.0,ADD 3,0,1,12750,0,0.0,ADD 4,0,1,12750,0,0.0,ADD 5,0,0,0,0,0.0,ADD 6,0,1,12810,0,0.0,ADD 7,0,0,0,0,0.0,EGT2CAN,0,1,12799,0,0.0
1778949396.7945838,0.0,12757,-52.0,0,-,0,0,0,0,0.0,-,0,0,0,0,0.0,ECU,1,1,12739,0,0.0,FAN1,0,0,0,0,0.0,COILS,8,1,0,0,0.0,PUMP,0,0,0,0,0.0,INJECTOR,8,1,65,0,0.0,SERVO,1,1,12783,0,0.0,ADD 1,0,1,12739,0,0.0,ADD 2,0,1,12756,0,0.0,ADD 3,0,1,12723,0,0.0,ADD 4,0,1,12745,0,0.0,ADD 5,0,0,0,0,0.0,ADD 6,0,1,12788,0,0.0,ADD 7,0,0,0,0,0.0,EGT2CAN,0,1,12805,0,0.0
1778949396.852206,0.0,12757,-52.0,0,-,0,0,0,0,0.0,-,0,0,0,0,0.0,ECU,1,1,12745,0,0.0,FAN1,0,0,0,0,0.0,COILS,8,1,0,0,0.0,PUMP,0,0,0,0,0.0,INJECTOR,8,1,71,0,0.0,SERVO,1,1,12684,0,0.0,ADD 1,0,1,12739,0,0.0,ADD 2,0,1,12756,0,0.0,ADD 3,0,1,12723,0,0.0,ADD 4,0,1,12745,0,0.0,ADD 5,0,0,0,0,0.0,ADD 6,0,1,12788,0,0.0,ADD 7,0,0,0,0,0.0,EGT2CAN,0,1,12805,0,0.0
1778949396.9115129,0.0,12751,-52.0,0,-,0,0,0,0,0.0,-,0,0,0,0,0.0,ECU,1,1,12783,0,0.0,FAN1,0,0,0,0,0.0,COILS,8,1,0,0,0.0,PUMP,0,0,0,0,0.0,INJECTOR,8,1,60,0,0.0,SERVO,1,1,12766,0,0.0,ADD 1,0,1,12766,0,0.0,ADD 2,0,1,12810,0,0.0,ADD 3,0,1,12810,0,0.0,ADD 4,0,1,12739,0,0.0,ADD 5,0,0,0,0,0.0,ADD 6,0,1,12772,0,0.0,ADD 7,0,0,0,0,0.0,EGT2CAN,0,1,12756,0,0.0
1778949396.9658613,0.0,12807,-52.0,0,-,0,0,0,0,0.0,-,0,0,0,0,0.0,ECU,1,1,12756,0,0.0,FAN1,0,0,0,0,0.0,COILS,8,1,0,0,0.0,PUMP,0,0,0,0,0.0,INJECTOR,8,1,65,0,0.0,SERVO,1,1,12766,0,0.0,ADD 1,0,1,12805,0,0.0,ADD 2,0,1,12772,0,0.0,ADD 3,0,1,12805,0,0.0,ADD 4,0,1,12717,0,0.0,ADD 5,0,0,0,0,0.0,ADD 6,0,1,12788,0,0.0,ADD 7,0,0,0,0,0.0,EGT2CAN,0,1,12745,0,0.0
1778949397.0204303,0.0,12807,-52.0,0,-,0,0,0,0,0.0,-,0,0,0,0,0.0,ECU,1,1,12799,0,0.0,FAN1,0,0,0,0,0.0,COILS,8,1,0,0,0.0,PUMP,0,0,0,0,0.0,INJECTOR,8,1,65,0,0.0,SERVO,1,1,12684,0,0.0,ADD 1,0,1,12816,0,0.0,ADD 2,0,1,12783,0,0.0,ADD 3,0,1,12794,0,0.0,ADD 4,0,1,12684,0,0.0,ADD 5,0,0,0,0,0.0,ADD 6,0,1,12684,0,0.0,ADD 7,0,0,0,0,0.0,EGT2CAN,0,1,12684,0,0.0
1778949397.0706682,0.0,12769,-51.0,0,-,0,0,0,0,0.0,-,0,0,0,0,0.0,ECU,1,1,12761,0,0.0,FAN1,0,0,0,0,0.0,COILS,8,1,0,0,0.0,PUMP,0,0,0,0,0.0,INJECTOR,8,1,65,0,0.0,SERVO,1,1,12766,0,0.0,ADD 1,0,1,12772,0,0.0,ADD 2,0,1,12794,0,0.0,ADD 3,0,1,12772,0,0.0,ADD 4,0,1,12739,0,0.0,ADD 5,0,0,0,0,0.0,ADD 6,0,1,12810,0,0.0,ADD 7,0,0,0,0,0.0,EGT2CAN,0,1,12794,0,0.0
1778949397.121378,0.0,12794,-51.0,0,-,0,0,0,0,0.0,-,0,0,0,0,0.0,ECU,1,1,12739,0,0.0,FAN1,0,0,0,0,0.0,COILS,8,1,0,0,0.0,PUMP,0,0,0,0,0.0,INJECTOR,8,1,65,0,0.0,SERVO,1,1,12734,0,0.0,ADD 1,0,1,12788,0,0.0,ADD 2,0,1,12783,0,0.0,ADD 3,0,1,12684,0,0.0,ADD 4,0,1,12728,0,0.0,ADD 5,0,0,0,0,0.0,ADD 6,0,1,12816,0,0.0,ADD 7,0,0,0,0,0.0,EGT2CAN,0,1,12684,0,0.0
1778949397.1723506,0.0,12794,-51.0,0,-,0,0,0,0,0.0,-,0,0,0,0,0.0,ECU,1,1,12761,0,0.0,FAN1,0,0,0,0,0.0,COILS,8,1,0,0,0.0,PUMP,0,0,0,0,0.0,INJECTOR,8,1,60,0,0.0,SERVO,1,1,12723,0,0.0,ADD 1,0,1,12788,0,0.0,ADD 2,0,1,12810,0,0.0,ADD 3,0,1,12739,0,0.0,ADD 4,0,1,12717,0,0.0,ADD 5,0,0,0,0,0.0,ADD 6,0,1,12832,0,0.0,ADD 7,0,0,0,0,0.0,EGT2CAN,0,1,12717,0,0.0
1778949397.2344847,0.0,12776,-52.0,0,-,0,0,0,0,0.0,-,0,0,0,0,0.0,ECU,1,1,12756,0,0.0,FAN1,0,0,0,0,0.0,COILS,8,1,0,0,0.0,PUMP,0,0,0,0,0.0,INJECTOR,8,1,65,0,0.0,SERVO,1,1,12717,0,0.0,ADD 1,0,1,12794,0,0.0,ADD 2,0,1,12772,0,0.0,ADD 3,0,1,12788,0,0.0,ADD 4,0,1,12761,0,0.0,ADD 5,0,0,0,0,0.0,ADD 6,0,1,12805,0,0.0,ADD 7,0,0,0,0,0.0,EGT2CAN,0,1,12766,0,0.0
1778949397.2982154,0.0,12757,-52.0,0,-,0,0,0,0,0.0,-,0,0,0,0,0.0,ECU,1,1,12756,0,0.0,FAN1,0,0,0,0,0.0,COILS,8,1,0,0,0.0,PUMP,0,0,0,0,0.0,INJECTOR,8,1,87,0,0.0,SERVO,1,1,12723,0,0.0,ADD 1,0,1,12788,0,0.0,ADD 2,0,1,12766,0,0.0,ADD 3,0,1,12766,0,0.0,ADD 4,0,1,12756,0,0.0,ADD 5,0,0,0,0,0.0,ADD 6,0,1,12788,0,0.0,ADD 7,0,0,0,0,0.0,EGT2CAN,0,1,12739,0,0.0
1778949397.348379,0.0,12782,-51.0,0,-,0,0,0,0,0.0,-,0,0,0,0,0.0,ECU,1,1,12788,0,0.0,FAN1,0,0,0,0,0.0,COILS,8,1,0,0,0.0,PUMP,0,0,0,0,0.0,INJECTOR,8,1,65,0,0.0,SERVO,1,1,12788,0,0.0,ADD 1,0,1,12810,0,0.0,ADD 2,0,1,12810,0,0.0,ADD 3,0,1,12750,0,0.0,ADD 4,0,1,12756,0,0.0,ADD 5,0,0,0,0,0.0,ADD 6,0,1,12761,0,0.0,ADD 7,0,0,0,0,0.0,EGT2CAN,0,1,12739,0,0.0
1778949397.3993948,0.0,12782,-51.0,0,-,0,0,0,0,0.0,-,0,0,0,0,0.0,ECU,1,1,12788,0,0.0,FAN1,0,0,0,0,0.0,COILS,8,1,0,0,0.0,PUMP,0,0,0,0,0.0,INJECTOR,8,1,65,0,0.0,SERVO,1,1,12788,0,0.0,ADD 1,0,1,12810,0,0.0,ADD 2,0,1,12810,0,0.0,ADD 3,0,1,12750,0,0.0,ADD 4,0,1,12756,0,0.0,ADD 5,0,0,0,0,0.0,ADD 6,0,1,12761,0,0.0,ADD 7,0,0,0,0,0.0,EGT2CAN,0,1,12739,0,0.0
1778949397.4511938,0.0,12782,-51.0,0,-,0,0,0,0,0.0,-,0,0,0,0,0.0,ECU,1,1,12717,0,0.0,FAN1,0,0,0,0,0.0,COILS,8,1,0,0,0.0,PUMP,0,0,0,0,0.0,INJECTOR,8,1,65,0,0.0,SERVO,1,1,12766,0,0.0,ADD 1,0,1,12799,0,0.0,ADD 2,0,1,12827,0,0.0,ADD 3,0,1,12783,0,0.0,ADD 4,0,1,12777,0,0.0,ADD 5,0,0,0,0,0.0,ADD 6,0,1,12761,0,0.0,ADD 7,0,0,0,0,0.0,EGT2CAN,0,1,12739,0,0.0
1778949397.501471,0.0,12782,-51.0,0,-,0,0,0,0,0.0,-,0,0,0,0,0.0,ECU,1,1,12805,0,0.0,FAN1,0,0,0,0,0.0,COILS,8,1,0,0,0.0,PUMP,0,0,0,0,0.0,INJECTOR,8,1,71,0,0.0,SERVO,1,1,12728,0,0.0,ADD 1,0,1,12810,0,0.0,ADD 2,0,1,12761,0,0.0,ADD 3,0,1,12761,0,0.0,ADD 4,0,1,12717,0,0.0,ADD 5,0,0,0,0,0.0,ADD 6,0,1,12766,0,0.0,ADD 7,0,0,0,0,0.0,EGT2CAN,0,1,12750,0,0.0
1778949397.5524423,0.0,12782,-51.0,0,-,0,0,0,0,0.0,-,0,0,0,0,0.0,ECU,1,1,12805,0,0.0,FAN1,0,0,0,0,0.0,COILS,8,1,0,0,0.0,PUMP,0,0,0,0,0.0,INJECTOR,8,1,71,0,0.0,SERVO,1,1,12728,0,0.0,ADD 1,0,1,12810,0,0.0,ADD 2,0,1,12761,0,0.0,ADD 3,0,1,12761,0,0.0,ADD 4,0,1,12717,0,0.0,ADD 5,0,0,0,0,0.0,ADD 6,0,1,12766,0,0.0,ADD 7,0,0,0,0,0.0,EGT2CAN,0,1,12750,0,0.0
1778949397.606176,0.0,12782,-51.0,0,-,0,0,0,0,0.0,-,0,0,0,0,0.0,ECU,1,1,12684,0,0.0,FAN1,0,0,0,0,0.0,COILS,8,1,0,0,0.0,PUMP,0,0,0,0,0.0,INJECTOR,8,1,54,0,0.0,SERVO,1,1,12766,0,0.0,ADD 1,0,1,12739,0,0.0,ADD 2,0,1,12756,0,0.0,ADD 3,0,1,12783,0,0.0,ADD 4,0,1,12739,0,0.0,ADD 5,0,0,0,0,0.0,ADD 6,0,1,12772,0,0.0,ADD 7,0,0,0,0,0.0,EGT2CAN,0,1,12728,0,0.0
1778949397.6579595,0.0,12776,-52.0,0,-,0,0,0,0,0.0,-,0,0,0,0,0.0,ECU,1,1,12799,0,0.0,FAN1,0,0,0,0,0.0,COILS,8,1,0,0,0.0,PUMP,0,0,0,0,0.0,INJECTOR,8,1,65,0,0.0,SERVO,1,1,12772,0,0.0,ADD 1,0,1,12745,0,0.0,ADD 2,0,1,12717,0,0.0,ADD 3,0,1,12734,0,0.0,ADD 4,0,1,12717,0,0.0,ADD 5,0,0,0,0,0.0,ADD 6,0,1,12772,0,0.0,ADD 7,0,0,0,0,0.0,EGT2CAN,0,1,12783,0,0.0
1778949397.714622,0.0,12776,-52.0,0,-,0,0,0,0,0.0,-,0,0,0,0,0.0,ECU,1,1,12750,0,0.0,FAN1,0,0,0,0,0.0,COILS,8,1,0,0,0.0,PUMP,0,0,0,0,0.0,INJECTOR,8,1,65,0,0.0,SERVO,1,1,12772,0,0.0,ADD 1,0,1,12745,0,0.0,ADD 2,0,1,12717,0,0.0,ADD 3,0,1,12734,0,0.0,ADD 4,0,1,12717,0,0.0,ADD 5,0,0,0,0,0.0,ADD 6,0,1,12772,0,0.0,ADD 7,0,0,0,0,0.0,EGT2CAN,0,1,12783,0,0.0
1778949397.7763171,0.0,12800,-51.0,0,-,0,0,0,0,0.0,-,0,0,0,0,0.0,ECU,1,1,12794,0,0.0,FAN1,0,0,0,0,0.0,COILS,8,1,0,0,0.0,PUMP,0,0,0,0,0.0,INJECTOR,8,1,65,0,0.0,SERVO,1,1,12772,0,0.0,ADD 1,0,1,12810,0,0.0,ADD 2,0,1,12832,0,0.0,ADD 3,0,1,12788,0,0.0,ADD 4,0,1,12750,0,0.0,ADD 5,0,0,0,0,0.0,ADD 6,0,1,12766,0,0.0,ADD 7,0,0,0,0,0.0,EGT2CAN,0,1,12788,0,0.0
1778949397.8306293,0.0,12800,-51.0,0,-,0,0,0,0,0.0,-,0,0,0,0,0.0,ECU,1,1,12734,0,0.0,FAN1,0,0,0,0,0.0,COILS,8,1,0,0,0.0,PUMP,0,0,0,0,0.0,INJECTOR,8,1,65,0,0.0,SERVO,1,1,12684,0,0.0,ADD 1,0,1,12788,0,0.0,ADD 2,0,1,12777,0,0.0,ADD 3,0,1,12788,0,0.0,ADD 4,0,1,12783,0,0.0,ADD 5,0,0,0,0,0.0,ADD 6,0,1,12827,0,0.0,ADD 7,0,0,0,0,0.0,EGT2CAN,0,1,12717,0,0.0
1778949397.8824437,0.0,12800,-51.0,0,-,0,0,0,0,0.0,-,0,0,0,0,0.0,ECU,1,1,12788,0,0.0,FAN1,0,0,0,0,0.0,COILS,8,1,0,0,0.0,PUMP,0,0,0,0,0.0,INJECTOR,8,1,65,0,0.0,SERVO,1,1,12788,0,0.0,ADD 1,0,1,12788,0,0.0,ADD 2,0,1,12777,0,0.0,ADD 3,0,1,12788,0,0.0,ADD 4,0,1,12783,0,0.0,ADD 5,0,0,0,0,0.0,ADD 6,0,1,12827,0,0.0,ADD 7,0,0,0,0,0.0,EGT2CAN,0,1,12717,0,0.0
1778949397.9332724,0.0,12800,-52.0,0,-,0,0,0,0,0.0,-,0,0,0,0,0.0,ECU,1,1,12788,0,0.0,FAN1,0,0,0,0,0.0,COILS,8,1,0,0,0.0,PUMP,0,0,0,0,0.0,INJECTOR,8,1,65,0,0.0,SERVO,1,1,12701,0,0.0,ADD 1,0,1,12788,0,0.0,ADD 2,0,1,12766,0,0.0,ADD 3,0,1,12717,0,0.0,ADD 4,0,1,12728,0,0.0,ADD 5,0,0,0,0,0.0,ADD 6,0,1,12805,0,0.0,ADD 7,0,0,0,0,0.0,EGT2CAN,0,1,12783,0,0.0
1778949397.984486,0.0,12763,-52.0,0,-,0,0,0,0,0.0,-,0,0,0,0,0.0,ECU,1,1,12788,0,0.0,FAN1,0,0,0,0,0.0,COILS,8,1,0,0,0.0,PUMP,0,0,0,0,0.0,INJECTOR,8,1,65,0,0.0,SERVO,1,1,12701,0,0.0,ADD 1,0,1,12788,0,0.0,ADD 2,0,1,12766,0,0.0,ADD 3,0,1,12717,0,0.0,ADD 4,0,1,12728,0,0.0,ADD 5,0,0,0,0,0.0,ADD 6,0,1,12805,0,0.0,ADD 7,0,0,0,0,0.0,EGT2CAN,0,1,12756,0,0.0
1778949398.03513,0.0,12763,-52.0,0,-,0,0,0,0,0.0,-,0,0,0,0,0.0,ECU,1,1,12745,0,0.0,FAN1,0,0,0,0,0.0,COILS,8,1,0,0,0.0,PUMP,0,0,0,0,0.0,INJECTOR,8,1,60,0,0.0,SERVO,1,1,12745,0,0.0,ADD 1,0,1,12766,0,0.0,ADD 2,0,1,12816,0,0.0,ADD 3,0,1,12794,0,0.0,ADD 4,0,1,12766,0,0.0,ADD 5,0,0,0,0,0.0,ADD 6,0,1,12810,0,0.0,ADD 7,0,0,0,0,0.0,EGT2CAN,0,1,12761,0,0.0
1778949398.0961144,0.0,12763,-51.0,0,-,0,0,0,0,0.0,-,0,0,0,0,0.0,ECU,1,1,12750,0,0.0,FAN1,0,0,0,0,0.0,COILS,8,1,0,0,0.0,PUMP,0,0,0,0,0.0,INJECTOR,8,1,65,0,0.0,SERVO,1,1,12761,0,0.0,ADD 1,0,1,12745,0,0.0,ADD 2,0,1,12684,0,0.0,ADD 3,0,1,12783,0,0.0,ADD 4,0,1,12684,0,0.0,ADD 5,0,0,0,0,0.0,ADD 6,0,1,12821,0,0.0,ADD 7,0,0,0,0,0.0,EGT2CAN,0,1,12788,0,0.0
1778949398.160415,0.0,12800,-52.0,0,-,0,0,0,0,0.0,-,0,0,0,0,0.0,ECU,1,1,12750,0,0.0,FAN1,0,0,0,0,0.0,COILS,8,1,0,0,0.0,PUMP,0,0,0,0,0.0,INJECTOR,8,1,65,0,0.0,SERVO,1,1,12761,0,0.0,ADD 1,0,1,12756,0,0.0,ADD 2,0,1,12739,0,0.0,ADD 3,0,1,12717,0,0.0,ADD 4,0,1,12734,0,0.0,ADD 5,0,0,0,0,0.0,ADD 6,0,1,12821,0,0.0,ADD 7,0,0,0,0,0.0,EGT2CAN,0,1,12750,0,0.0
1778949398.2111776,0.0,12751,-52.0,0,-,0,0,0,0,0.0,-,0,0,0,0,0.0,ECU,1,1,12739,0,0.0,FAN1,0,0,0,0,0.0,COILS,8,1,0,0,0.0,PUMP,0,0,0,0,0.0,INJECTOR,8,1,65,0,0.0,SERVO,1,1,12766,0,0.0,ADD 1,0,1,12756,0,0.0,ADD 2,0,1,12821,0,0.0,ADD 3,0,1,12788,0,0.0,ADD 4,0,1,12766,0,0.0,ADD 5,0,0,0,0,0.0,ADD 6,0,1,12761,0,0.0,ADD 7,0,0,0,0,0.0,EGT2CAN,0,1,12788,0,0.0
1778949398.2621949,0.0,12800,-51.0,0,-,0,0,0,0,0.0,-,0,0,0,0,0.0,ECU,1,1,12717,0,0.0,FAN1,0,0,0,0,0.0,COILS,8,1,0,0,0.0,PUMP,0,0,0,0,0.0,INJECTOR,8,1,65,0,0.0,SERVO,1,1,12739,0,0.0,ADD 1,0,1,12799,0,0.0,ADD 2,0,1,12805,0,0.0,ADD 3,0,1,12756,0,0.0,ADD 4,0,1,12756,0,0.0,ADD 5,0,0,0,0,0.0,ADD 6,0,1,12810,0,0.0,ADD 7,0,0,0,0,0.0,EGT2CAN,0,1,12756,0,0.0
1778949398.31463,0.0,12800,-51.0,0,-,0,0,0,0,0.0,-,0,0,0,0,0.0,ECU,1,1,12717,0,0.0,FAN1,0,0,0,0,0.0,COILS,8,1,0,0,0.0,PUMP,0,0,0,0,0.0,INJECTOR,8,1,65,0,0.0,SERVO,1,1,12739,0,0.0,ADD 1,0,1,12799,0,0.0,ADD 2,0,1,12805,0,0.0,ADD 3,0,1,12756,0,0.0,ADD 4,0,1,12756,0,0.0,ADD 5,0,0,0,0,0.0,ADD 6,0,1,12810,0,0.0,ADD 7,0,0,0,0,0.0,EGT2CAN,0,1,12756,0,0.0
1778949398.3680797,0.0,12788,-52.0,0,-,0,0,0,0,0.0,-,0,0,0,0,0.0,ECU,1,1,12783,0,0.0,FAN1,0,0,0,0,0.0,COILS,8,1,0,0,0.0,PUMP,0,0,0,0,0.0,INJECTOR,8,1,65,0,0.0,SERVO,1,1,12783,0,0.0,ADD 1,0,1,12816,0,0.0,ADD 2,0,1,12684,0,0.0,ADD 3,0,1,12799,0,0.0,ADD 4,0,1,12756,0,0.0,ADD 5,0,0,0,0,0.0,ADD 6,0,1,12783,0,0.0,ADD 7,0,0,0,0,0.0,EGT2CAN,0,1,12772,0,0.0
1778949398.4209225,0.0,12788,-52.0,0,-,0,0,0,0,0.0,-,0,0,0,0,0.0,ECU,1,1,12772,0,0.0,FAN1,0,0,0,0,0.0,COILS,8,1,0,0,0.0,PUMP,0,0,0,0,0.0,INJECTOR,8,1,65,0,0.0,SERVO,1,1,12783,0,0.0,ADD 1,0,1,12816,0,0.0,ADD 2,0,1,12684,0,0.0,ADD 3,0,1,12799,0,0.0,ADD 4,0,1,12756,0,0.0,ADD 5,0,0,0,0,0.0,ADD 6,0,1,12783,0,0.0,ADD 7,0,0,0,0,0.0,EGT2CAN,0,1,12772,0,0.0
1778949398.471657,0.0,12788,-52.0,0,-,0,0,0,0,0.0,-,0,0,0,0,0.0,ECU,1,1,12772,0,0.0,FAN1,0,0,0,0,0.0,COILS,8,1,0,0,0.0,PUMP,0,0,0,0,0.0,INJECTOR,8,1,65,0,0.0,SERVO,1,1,12756,0,0.0,ADD 1,0,1,12788,0,0.0,ADD 2,0,1,12810,0,0.0,ADD 3,0,1,12772,0,0.0,ADD 4,0,1,12723,0,0.0,ADD 5,0,0,0,0,0.0,ADD 6,0,1,12766,0,0.0,ADD 7,0,0,0,0,0.0,EGT2CAN,0,1,12810,0,0.0
1778949398.544033,0.0,12788,-51.0,0,-,0,0,0,0,0.0,-,0,0,0,0,0.0,ECU,1,1,12756,0,0.0,FAN1,0,0,0,0,0.0,COILS,8,1,0,0,0.0,PUMP,0,0,0,0,0.0,INJECTOR,8,1,65,0,0.0,SERVO,1,1,12777,0,0.0,ADD 1,0,1,12788,0,0.0,ADD 2,0,1,12788,0,0.0,ADD 3,0,1,12745,0,0.0,ADD 4,0,1,12750,0,0.0,ADD 5,0,0,0,0,0.0,ADD 6,0,1,12832,0,0.0,ADD 7,0,0,0,0,0.0,EGT2CAN,0,1,12761,0,0.0
1778949398.596405,0.0,12788,-51.0,0,-,0,0,0,0,0.0,-,0,0,0,0,0.0,ECU,1,1,12788,0,0.0,FAN1,0,0,0,0,0.0,COILS,8,1,0,0,0.0,PUMP,0,0,0,0,0.0,INJECTOR,8,1,65,0,0.0,SERVO,1,1,12783,0,0.0,ADD 1,0,1,12788,0,0.0,ADD 2,0,1,12788,0,0.0,ADD 3,0,1,12745,0,0.0,ADD 4,0,1,12750,0,0.0,ADD 5,0,0,0,0,0.0,ADD 6,0,1,12832,0,0.0,ADD 7,0,0,0,0,0.0,EGT2CAN,0,1,12761,0,0.0
1778949398.647018,0.0,12782,-52.0,0,-,0,0,0,0,0.0,-,0,0,0,0,0.0,ECU,1,1,12739,0,0.0,FAN1,0,0,0,0,0.0,COILS,8,1,0,0,0.0,PUMP,0,0,0,0,0.0,INJECTOR,8,1,65,0,0.0,SERVO,1,1,12717,0,0.0,ADD 1,0,1,12761,0,0.0,ADD 2,0,1,12777,0,0.0,ADD 3,0,1,12794,0,0.0,ADD 4,0,1,12766,0,0.0,ADD 5,0,0,0,0,0.0,ADD 6,0,1,12805,0,0.0,ADD 7,0,0,0,0,0.0,EGT2CAN,0,1,12756,0,0.0
1778949398.6979823,0.0,12782,-52.0,0,-,0,0,0,0,0.0,-,0,0,0,0,0.0,ECU,1,1,12739,0,0.0,FAN1,0,0,0,0,0.0,COILS,8,1,0,0,0.0,PUMP,0,0,0,0,0.0,INJECTOR,8,1,65,0,0.0,SERVO,1,1,12717,0,0.0,ADD 1,0,1,12761,0,0.0,ADD 2,0,1,12777,0,0.0,ADD 3,0,1,12794,0,0.0,ADD 4,0,1,12766,0,0.0,ADD 5,0,0,0,0,0.0,ADD 6,0,1,12805,0,0.0,ADD 7,0,0,0,0,0.0,EGT2CAN,0,1,12756,0,0.0
1778949398.749687,0.0,12782,-52.0,0,-,0,0,0,0,0.0,-,0,0,0,0,0.0,ECU,1,1,12739,0,0.0,FAN1,0,0,0,0,0.0,COILS,8,1,0,0,0.0,PUMP,0,0,0,0,0.0,INJECTOR,8,1,87,0,0.0,SERVO,1,1,12739,0,0.0,ADD 1,0,1,12783,0,0.0,ADD 2,0,1,12766,0,0.0,ADD 3,0,1,12772,0,0.0,ADD 4,0,1,12777,0,0.0,ADD 5,0,0,0,0,0.0,ADD 6,0,1,12772,0,0.0,ADD 7,0,0,0,0,0.0,EGT2CAN,0,1,12761,0,0.0
1778949398.8048897,0.0,12788,-51.0,0,-,0,0,0,0,0.0,-,0,0,0,0,0.0,ECU,1,1,12766,0,0.0,FAN1,0,0,0,0,0.0,COILS,8,1,0,0,0.0,PUMP,0,0,0,0,0.0,INJECTOR,8,1,60,0,0.0,SERVO,1,1,12717,0,0.0,ADD 1,0,1,12734,0,0.0,ADD 2,0,1,12734,0,0.0,ADD 3,0,1,12745,0,0.0,ADD 4,0,1,12766,0,0.0,ADD 5,0,0,0,0,0.0,ADD 6,0,1,12827,0,0.0,ADD 7,0,0,0,0,0.0,EGT2CAN,0,1,12761,0,0.0
1778949398.8725905,0.0,12788,-51.0,0,-,0,0,0,0,0.0,-,0,0,0,0,0.0,ECU,1,1,12766,0,0.0,FAN1,0,0,0,0,0.0,COILS,8,1,0,0,0.0,PUMP,0,0,0,0,0.0,INJECTOR,8,1,60,0,0.0,SERVO,1,1,12717,0,0.0,ADD 1,0,1,12734,0,0.0,ADD 2,0,1,12734,0,0.0,ADD 3,0,1,12745,0,0.0,ADD 4,0,1,12766,0,0.0,ADD 5,0,0,0,0,0.0,ADD 6,0,1,12827,0,0.0,ADD 7,0,0,0,0,0.0,EGT2CAN,0,1,12761,0,0.0
1778949398.9229567,0.0,12800,-52.0,0,-,0,0,0,0,0.0,-,0,0,0,0,0.0,ECU,1,1,12756,0,0.0,FAN1,0,0,0,0,0.0,COILS,8,1,0,0,0.0,PUMP,0,0,0,0,0.0,INJECTOR,8,1,65,0,0.0,SERVO,1,1,12761,0,0.0,ADD 1,0,1,12717,0,0.0,ADD 2,0,1,12777,0,0.0,ADD 3,0,1,12761,0,0.0,ADD 4,0,1,12761,0,0.0,ADD 5,0,0,0,0,0.0,ADD 6,0,1,12816,0,0.0,ADD 7,0,0,0,0,0.0,EGT2CAN,0,1,12756,0,0.0
1778949398.9751928,0.0,12776,-52.0,0,-,0,0,0,0,0.0,-,0,0,0,0,0.0,ECU,1,1,12739,0,0.0,FAN1,0,0,0,0,0.0,COILS,8,1,0,0,0.0,PUMP,0,0,0,0,0.0,INJECTOR,8,1,71,0,0.0,SERVO,1,1,12783,0,0.0,ADD 1,0,1,12794,0,0.0,ADD 2,0,1,12684,0,0.0,ADD 3,0,1,12788,0,0.0,ADD 4,0,1,12739,0,0.0,ADD 5,0,0,0,0,0.0,ADD 6,0,1,12684,0,0.0,ADD 7,0,0,0,0,0.0,EGT2CAN,0,1,12750,0,0.0
1778949399.0259633,0.0,12776,-52.0,0,-,0,0,0,0,0.0,-,0,0,0,0,0.0,ECU,1,1,12756,0,0.0,FAN1,0,0,0,0,0.0,COILS,8,1,0,0,0.0,PUMP,0,0,0,0,0.0,INJECTOR,8,1,65,0,0.0,SERVO,1,1,12728,0,0.0,ADD 1,0,1,12794,0,0.0,ADD 2,0,1,12684,0,0.0,ADD 3,0,1,12788,0,0.0,ADD 4,0,1,12739,0,0.0,ADD 5,0,0,0,0,0.0,ADD 6,0,1,12684,0,0.0,ADD 7,0,0,0,0,0.0,EGT2CAN,0,1,12750,0,0.0
1778949399.0872283,0.0,12807,-52.0,0,-,0,0,0,0,0.0,-,0,0,0,0,0.0,ECU,1,1,12756,0,0.0,FAN1,0,0,0,0,0.0,COILS,8,1,0,0,0.0,PUMP,0,0,0,0,0.0,INJECTOR,8,1,65,0,0.0,SERVO,1,1,12756,0,0.0,ADD 1,0,1,12821,0,0.0,ADD 2,0,1,12794,0,0.0,ADD 3,0,1,12734,0,0.0,ADD 4,0,1,12679,0,0.0,ADD 5,0,0,0,0,0.0,ADD 6,0,1,12799,0,0.0,ADD 7,0,0,0,0,0.0,EGT2CAN,0,1,12788,0,0.0
1778949399.1493955,0.0,12813,-53.0,0,-,0,0,0,0,0.0,-,0,0,0,0,0.0,ECU,1,1,12783,0,0.0,FAN1,0,0,0,0,0.0,COILS,8,1,0,0,0.0,PUMP,0,0,0,0,0.0,INJECTOR,8,1,43,0,0.0,SERVO,1,1,12777,0,0.0,ADD 1,0,1,12745,0,0.0,ADD 2,0,1,12799,0,0.0,ADD 3,0,1,12777,0,0.0,ADD 4,0,1,12756,0,0.0,ADD 5,0,0,0,0,0.0,ADD 6,0,1,12756,0,0.0,ADD 7,0,0,0,0,0.0,EGT2CAN,0,1,12756,0,0.0
1778949399.2009563,0.0,12788,-52.0,0,-,0,0,0,0,0.0,-,0,0,0,0,0.0,ECU,1,1,12788,0,0.0,FAN1,0,0,0,0,0.0,COILS,8,1,0,0,0.0,PUMP,0,0,0,0,0.0,INJECTOR,8,1,65,0,0.0,SERVO,1,1,12788,0,0.0,ADD 1,0,1,12805,0,0.0,ADD 2,0,1,12756,0,0.0,ADD 3,0,1,12805,0,0.0,ADD 4,0,1,12756,0,0.0,ADD 5,0,0,0,0,0.0,ADD 6,0,1,12805,0,0.0,ADD 7,0,0,0,0,0.0,EGT2CAN,0,1,12750,0,0.0
1778949399.2534168,0.0,12788,-52.0,0,-,0,0,0,0,0.0,-,0,0,0,0,0.0,ECU,1,1,12788,0,0.0,FAN1,0,0,0,0,0.0,COILS,8,1,0,0,0.0,PUMP,0,0,0,0,0.0,INJECTOR,8,1,65,0,0.0,SERVO,1,1,12788,0,0.0,ADD 1,0,1,12805,0,0.0,ADD 2,0,1,12756,0,0.0,ADD 3,0,1,12805,0,0.0,ADD 4,0,1,12756,0,0.0,ADD 5,0,0,0,0,0.0,ADD 6,0,1,12805,0,0.0,ADD 7,0,0,0,0,0.0,EGT2CAN,0,1,12750,0,0.0
1778949399.3048427,0.0,12788,-52.0,0,-,0,0,0,0,0.0,-,0,0,0,0,0.0,ECU,1,1,12788,0,0.0,FAN1,0,0,0,0,0.0,COILS,8,1,0,0,0.0,PUMP,0,0,0,0,0.0,INJECTOR,8,1,71,0,0.0,SERVO,1,1,12772,0,0.0,ADD 1,0,1,12777,0,0.0,ADD 2,0,1,12772,0,0.0,ADD 3,0,1,12794,0,0.0,ADD 4,0,1,12728,0,0.0,ADD 5,0,0,0,0,0.0,ADD 6,0,1,12761,0,0.0,ADD 7,0,0,0,0,0.0,EGT2CAN,0,1,12772,0,0.0
1778949399.3631012,0.0,12794,-51.0,0,-,0,0,0,0,0.0,-,0,0,0,0,0.0,ECU,1,1,12799,0,0.0,FAN1,0,0,0,0,0.0,COILS,8,1,0,0,0.0,PUMP,0,0,0,0,0.0,INJECTOR,8,1,43,0,0.0,SERVO,1,1,12766,0,0.0,ADD 1,0,1,12772,0,0.0,ADD 2,0,1,12772,0,0.0,ADD 3,0,1,12739,0,0.0,ADD 4,0,1,12761,0,0.0,ADD 5,0,0,0,0,0.0,ADD 6,0,1,12777,0,0.0,ADD 7,0,0,0,0,0.0,EGT2CAN,0,1,12745,0,0.0
1778949399.4137526,0.0,12794,-51.0,0,-,0,0,0,0,0.0,-,0,0,0,0,0.0,ECU,1,1,12788,0,0.0,FAN1,0,0,0,0,0.0,COILS,8,1,0,0,0.0,PUMP,0,0,0,0,0.0,INJECTOR,8,1,65,0,0.0,SERVO,1,1,12717,0,0.0,ADD 1,0,1,12750,0,0.0,ADD 2,0,1,12810,0,0.0,ADD 3,0,1,12766,0,0.0,ADD 4,0,1,12684,0,0.0,ADD 5,0,0,0,0,0.0,ADD 6,0,1,12777,0,0.0,ADD 7,0,0,0,0,0.0,EGT2CAN,0,1,12745,0,0.0
1778949399.4669855,0.0,12782,-51.0,0,-,0,0,0,0,0.0,-,0,0,0,0,0.0,ECU,1,1,12788,0,0.0,FAN1,0,0,0,0,0.0,COILS,8,1,0,0,0.0,PUMP,0,0,0,0,0.0,INJECTOR,8,1,65,0,0.0,SERVO,1,1,12717,0,0.0,ADD 1,0,1,12750,0,0.0,ADD 2,0,1,12810,0,0.0,ADD 3,0,1,12766,0,0.0,ADD 4,0,1,12684,0,0.0,ADD 5,0,0,0,0,0.0,ADD 6,0,1,12810,0,0.0,ADD 7,0,0,0,0,0.0,EGT2CAN,0,1,12788,0,0.0
1778949399.5239964,0.0,12800,-52.0,0,-,0,0,0,0,0.0,-,0,0,0,0,0.0,ECU,1,1,12756,0,0.0,FAN1,0,0,0,0,0.0,COILS,8,1,0,0,0.0,PUMP,0,0,0,0,0.0,INJECTOR,8,1,65,0,0.0,SERVO,1,1,12766,0,0.0,ADD 1,0,1,12750,0,0.0,ADD 2,0,1,12805,0,0.0,ADD 3,0,1,12772,0,0.0,ADD 4,0,1,12766,0,0.0,ADD 5,0,0,0,0,0.0,ADD 6,0,1,12810,0,0.0,ADD 7,0,0,0,0,0.0,EGT2CAN,0,1,12777,0,0.0
1778949399.5747683,0.0,12800,-52.0,0,-,0,0,0,0,0.0,-,0,0,0,0,0.0,ECU,1,1,12717,0,0.0,FAN1,0,0,0,0,0.0,COILS,8,1,0,0,0.0,PUMP,0,0,0,0,0.0,INJECTOR,8,1,65,0,0.0,SERVO,1,1,12717,0,0.0,ADD 1,0,1,12788,0,0.0,ADD 2,0,1,12750,0,0.0,ADD 3,0,1,12717,0,0.0,ADD 4,0,1,12739,0,0.0,ADD 5,0,0,0,0,0.0,ADD 6,0,1,12810,0,0.0,ADD 7,0,0,0,0,0.0,EGT2CAN,0,1,12777,0,0.0
1778949399.6258025,0.0,12800,-51.0,0,-,0,0,0,0,0.0,-,0,0,0,0,0.0,ECU,1,1,12717,0,0.0,FAN1,0,0,0,0,0.0,COILS,8,1,0,0,0.0,PUMP,0,0,0,0,0.0,INJECTOR,8,1,65,0,0.0,SERVO,1,1,12717,0,0.0,ADD 1,0,1,12788,0,0.0,ADD 2,0,1,12750,0,0.0,ADD 3,0,1,12717,0,0.0,ADD 4,0,1,12739,0,0.0,ADD 5,0,0,0,0,0.0,ADD 6,0,1,12832,0,0.0,ADD 7,0,0,0,0,0.0,EGT2CAN,0,1,12783,0,0.0
1778949399.6818154,0.0,12769,-51.0,0,-,0,0,0,0,0.0,-,0,0,0,0,0.0,ECU,1,1,12761,0,0.0,FAN1,0,0,0,0,0.0,COILS,8,1,0,0,0.0,PUMP,0,0,0,0,0.0,INJECTOR,8,1,65,0,0.0,SERVO,1,1,12772,0,0.0,ADD 1,0,1,12816,0,0.0,ADD 2,0,1,12810,0,0.0,ADD 3,0,1,12783,0,0.0,ADD 4,0,1,12766,0,0.0,ADD 5,0,0,0,0,0.0,ADD 6,0,1,12772,0,0.0,ADD 7,0,0,0,0,0.0,EGT2CAN,0,1,12772,0,0.0
1778949399.7463605,0.0,12769,-51.0,0,-,0,0,0,0,0.0,-,0,0,0,0,0.0,ECU,1,1,12788,0,0.0,FAN1,0,0,0,0,0.0,COILS,8,1,0,0,0.0,PUMP,0,0,0,0,0.0,INJECTOR,8,1,43,0,0.0,SERVO,1,1,12777,0,0.0,ADD 1,0,1,12766,0,0.0,ADD 2,0,1,12816,0,0.0,ADD 3,0,1,12794,0,0.0,ADD 4,0,1,12766,0,0.0,ADD 5,0,0,0,0,0.0,ADD 6,0,1,12772,0,0.0,ADD 7,0,0,0,0,0.0,EGT2CAN,0,1,12772,0,0.0
1778949399.7977355,0.0,12782,-52.0,0,-,0,0,0,0,0.0,-,0,0,0,0,0.0,ECU,1,1,12788,0,0.0,FAN1,0,0,0,0,0.0,COILS,8,1,0,0,0.0,PUMP,0,0,0,0,0.0,INJECTOR,8,1,65,0,0.0,SERVO,1,1,12717,0,0.0,ADD 1,0,1,12788,0,0.0,ADD 2,0,1,12805,0,0.0,ADD 3,0,1,12723,0,0.0,ADD 4,0,1,12717,0,0.0,ADD 5,0,0,0,0,0.0,ADD 6,0,1,12799,0,0.0,ADD 7,0,0,0,0,0.0,EGT2CAN,0,1,12750,0,0.0
1778949399.8484278,0.0,12782,-52.0,0,-,0,0,0,0,0.0,-,0,0,0,0,0.0,ECU,1,1,12788,0,0.0,FAN1,0,0,0,0,0.0,COILS,8,1,0,0,0.0,PUMP,0,0,0,0,0.0,INJECTOR,8,1,65,0,0.0,SERVO,1,1,12717,0,0.0,ADD 1,0,1,12788,0,0.0,ADD 2,0,1,12805,0,0.0,ADD 3,0,1,12723,0,0.0,ADD 4,0,1,12717,0,0.0,ADD 5,0,0,0,0,0.0,ADD 6,0,1,12799,0,0.0,ADD 7,0,0,0,0,0.0,EGT2CAN,0,1,12750,0,0.0
1778949399.9016027,0.0,12782,-52.0,0,-,0,0,0,0,0.0,-,0,0,0,0,0.0,ECU,1,1,12794,0,0.0,FAN1,0,0,0,0,0.0,COILS,8,1,0,0,0.0,PUMP,0,0,0,0,0.0,INJECTOR,8,1,65,0,0.0,SERVO,1,1,12756,0,0.0,ADD 1,0,1,12783,0,0.0,ADD 2,0,1,12832,0,0.0,ADD 3,0,1,12788,0,0.0,ADD 4,0,1,12761,0,0.0,ADD 5,0,0,0,0,0.0,ADD 6,0,1,12766,0,0.0,ADD 7,0,0,0,0,0.0,EGT2CAN,0,1,12794,0,0.0
1778949399.9625144,0.0,12807,-52.0,0,-,0,0,0,0,0.0,-,0,0,0,0,0.0,ECU,1,1,12794,0,0.0,FAN1,0,0,0,0,0.0,COILS,8,1,0,0,0.0,PUMP,0,0,0,0,0.0,INJECTOR,8,1,87,0,0.0,SERVO,1,1,12788,0,0.0,ADD 1,0,1,12788,0,0.0,ADD 2,0,1,12766,0,0.0,ADD 3,0,1,12745,0,0.0,ADD 4,0,1,12739,0,0.0,ADD 5,0,0,0,0,0.0,ADD 6,0,1,12761,0,0.0,ADD 7,0,0,0,0,0.0,EGT2CAN,0,1,12734,0,0.0
1778949400.0132515,0.0,12807,-52.0,0,-,0,0,0,0,0.0,-,0,0,0,0,0.0,ECU,1,1,12783,0,0.0,FAN1,0,0,0,0,0.0,COILS,8,1,0,0,0.0,PUMP,0,0,0,0,0.0,INJECTOR,8,1,65,0,0.0,SERVO,1,1,12783,0,0.0,ADD 1,0,1,12788,0,0.0,ADD 2,0,1,12766,0,0.0,ADD 3,0,1,12745,0,0.0,ADD 4,0,1,12739,0,0.0,ADD 5,0,0,0,0,0.0,ADD 6,0,1,12761,0,0.0,ADD 7,0,0,0,0,0.0,EGT2CAN,0,1,12734,0,0.0
1778949400.0643885,0.0,12800,-51.0,0,-,0,0,0,0,0.0,-,0,0,0,0,0.0,ECU,1,1,12783,0,0.0,FAN1,0,0,0,0,0.0,COILS,8,1,0,0,0.0,PUMP,0,0,0,0,0.0,INJECTOR,8,1,65,0,0.0,SERVO,1,1,12783,0,0.0,ADD 1,0,1,12772,0,0.0,ADD 2,0,1,12788,0,0.0,ADD 3,0,1,12739,0,0.0,ADD 4,0,1,12717,0,0.0,ADD 5,0,0,0,0,0.0,ADD 6,0,1,12799,0,0.0,ADD 7,0,0,0,0,0.0,EGT2CAN,0,1,12745,0,0.0
1778949400.1153784,0.0,13537,-51.0,0,-,0,0,0,0,0.0,-,0,0,0,0,0.0,ECU,1,1,13319,0,0.0,FAN1,0,0,0,0,0.0,COILS,8,1,0,0,0.0,PUMP,0,0,0,0,0.0,INJECTOR,8,1,65,0,0.0,SERVO,1,1,13248,0,0.0,ADD 1,0,1,13286,0,0.0,ADD 2,0,1,13335,0,0.0,ADD 3,0,1,13264,0,0.0,ADD 4,0,1,13215,0,0.0,ADD 5,0,0,0,0,0.0,ADD 6,0,1,13330,0,0.0,ADD 7,0,0,0,0,0.0,EGT2CAN,0,1,13313,0,0.0
1778949400.1664817,0.0,13537,-51.0,0,-,0,0,0,0,0.0,-,0,0,0,0,0.0,ECU,1,1,13450,0,0.0,FAN1,0,0,0,0,0.0,COILS,8,1,0,0,0.0,PUMP,0,0,0,0,0.0,INJECTOR,8,1,71,0,0.0,SERVO,1,1,13434,0,0.0,ADD 1,0,1,13784,0,0.0,ADD 2,0,1,13806,0,0.0,ADD 3,0,1,13778,0,0.0,ADD 4,0,1,13784,0,0.0,ADD 5,0,0,0,0,0.0,ADD 6,0,1,13330,0,0.0,ADD 7,0,0,0,0,0.0,EGT2CAN,0,1,13313,0,0.0
1778949400.217448,0.0,13822,-52.0,0,-,0,0,0,0,0.0,-,0,0,0,0,0.0,ECU,1,1,13450,0,0.0,FAN1,0,0,0,0,0.0,COILS,8,1,0,0,0.0,PUMP,0,0,0,0,0.0,INJECTOR,8,1,71,0,0.0,SERVO,1,1,13434,0,0.0,ADD 1,0,1,13784,0,0.0,ADD 2,0,1,13806,0,0.0,ADD 3,0,1,13778,0,0.0,ADD 4,0,1,13784,0,0.0,ADD 5,0,0,0,0,0.0,ADD 6,0,1,13817,0,0.0,ADD 7,0,0,0,0,0.0,EGT2CAN,0,1,13767,0,0.0
1778949400.2888646,0.0,13717,-52.0,0,-,0,0,0,0,0.0,-,0,0,0,0,0.0,ECU,1,1,13560,0,0.0,FAN1,0,0,0,0,0.0,COILS,8,1,0,0,0.0,PUMP,0,0,0,0,0.0,INJECTOR,8,1,98,0,0.0,SERVO,1,1,13598,0,0.0,ADD 1,0,1,13647,0,0.0,ADD 2,0,1,13669,0,0.0,ADD 3,0,1,13669,0,0.0,ADD 4,0,1,13631,0,0.0,ADD 5,0,0,0,0,0.0,ADD 6,0,1,13685,0,0.0,ADD 7,0,0,0,0,0.0,EGT2CAN,0,1,13636,0,0.0
1778949400.3423471,0.0,13717,-52.0,0,-,0,0,0,0,0.0,-,0,0,0,0,0.0,ECU,1,1,13532,0,0.0,FAN1,0,0,0,0,0.0,COILS,8,1,0,0,0.0,PUMP,0,0,0,0,0.0,INJECTOR,8,1,76,0,0.0,SERVO,1,1,13532,0,0.0,ADD 1,0,1,13603,0,0.0,ADD 2,0,1,13532,0,0.0,ADD 3,0,1,13664,0,0.0,ADD 4,0,1,13532,0,0.0,ADD 5,0,0,0,0,0.0,ADD 6,0,1,13532,0,0.0,ADD 7,0,0,0,0,0.0,EGT2CAN,0,1,13647,0,0.0
1778949400.3930526,0.0,13896,-51.0,0,-,0,0,0,0,0.0,-,0,0,0,0,0.0,ECU,1,1,13696,0,0.0,FAN1,0,0,0,0,0.0,COILS,8,1,0,0,0.0,PUMP,0,0,0,0,0.0,INJECTOR,8,1,65,0,0.0,SERVO,1,1,13647,0,0.0,ADD 1,0,1,13653,0,0.0,ADD 2,0,1,13724,0,0.0,ADD 3,0,1,13718,0,0.0,ADD 4,0,1,13658,0,0.0,ADD 5,0,0,0,0,0.0,ADD 6,0,1,13642,0,0.0,ADD 7,0,0,0,0,0.0,EGT2CAN,0,1,13631,0,0.0
1778949400.443984,0.0,13896,-51.0,0,-,0,0,0,0,0.0,-,0,0,0,0,0.0,ECU,1,1,13696,0,0.0,FAN1,0,0,0,0,0.0,COILS,8,1,0,0,0.0,PUMP,0,0,0,0,0.0,INJECTOR,8,1,65,0,0.0,SERVO,1,1,13647,0,0.0,ADD 1,0,1,13653,0,0.0,ADD 2,0,1,13724,0,0.0,ADD 3,0,1,13718,0,0.0,ADD 4,0,1,13658,0,0.0,ADD 5,0,0,0,0,0.0,ADD 6,0,1,13642,0,0.0,ADD 7,0,0,0,0,0.0,EGT2CAN,0,1,13631,0,0.0
1778949400.496641,0.0,13896,-51.0,0,-,0,0,0,0,0.0,-,0,0,0,0,0.0,ECU,1,1,13718,0,0.0,FAN1,0,0,0,0,0.0,COILS,8,1,0,0,0.0,PUMP,0,0,0,0,0.0,INJECTOR,8,1,82,0,0.0,SERVO,1,1,13565,0,0.0,ADD 1,0,1,13691,0,0.0,ADD 2,0,1,13691,0,0.0,ADD 3,0,1,13718,0,0.0,ADD 4,0,1,13636,0,0.0,ADD 5,0,0,0,0,0.0,ADD 6,0,1,13696,0,0.0,ADD 7,0,0,0,0,0.0,EGT2CAN,0,1,13664,0,0.0
1778949400.55456,0.0,13803,-51.0,0,-,0,0,0,0,0.0,-,0,0,0,0,0.0,ECU,1,1,14074,0,0.0,FAN1,0,0,0,0,0.0,COILS,8,1,0,0,0.0,PUMP,0,0,0,0,0.0,INJECTOR,8,1,76,0,0.0,SERVO,1,1,13981,0,0.0,ADD 1,0,1,13899,0,0.0,ADD 2,0,1,13871,0,0.0,ADD 3,0,1,13850,0,0.0,ADD 4,0,1,13899,0,0.0,ADD 5,0,0,0,0,0.0,ADD 6,0,1,13964,0,0.0,ADD 7,0,0,0,0,0.0,EGT2CAN,0,1,13921,0,0.0
1778949400.6049516,0.0,13803,-51.0,0,-,0,0,0,0,0.0,-,0,0,0,0,0.0,ECU,1,1,13997,0,0.0,FAN1,0,0,0,0,0.0,COILS,8,1,0,0,0.0,PUMP,0,0,0,0,0.0,INJECTOR,8,1,76,0,0.0,SERVO,1,1,13981,0,0.0,ADD 1,0,1,13899,0,0.0,ADD 2,0,1,13871,0,0.0,ADD 3,0,1,13850,0,0.0,ADD 4,0,1,13899,0,0.0,ADD 5,0,0,0,0,0.0,ADD 6,0,1,13964,0,0.0,ADD 7,0,0,0,0,0.0,EGT2CAN,0,1,13921,0,0.0
1778949400.6558843,0.0,13803,-51.0,0,-,0,0,0,0,0.0,-,0,0,0,0,0.0,ECU,1,1,13997,0,0.0,FAN1,0,0,0,0,0.0,COILS,8,1,0,0,0.0,PUMP,0,0,0,0,0.0,INJECTOR,8,1,82,0,0.0,SERVO,1,1,14161,0,0.0,ADD 1,0,1,13647,0,0.0,ADD 2,0,1,13636,0,0.0,ADD 3,0,1,13653,0,0.0,ADD 4,0,1,13603,0,0.0,ADD 5,0,0,0,0,0.0,ADD 6,0,1,13636,0,0.0,ADD 7,0,0,0,0,0.0,EGT2CAN,0,1,13631,0,0.0
1778949400.7142107,0.0,14057,-51.0,0,-,0,0,0,0,0.0,-,0,0,0,0,0.0,ECU,1,1,13713,0,0.0,FAN1,0,0,0,0,0.0,COILS,8,1,0,0,0.0,PUMP,0,0,0,0,0.0,INJECTOR,8,1,76,0,0.0,SERVO,1,1,13696,0,0.0,ADD 1,0,1,13685,0,0.0,ADD 2,0,1,13740,0,0.0,ADD 3,0,1,13675,0,0.0,ADD 4,0,1,13680,0,0.0,ADD 5,0,0,0,0,0.0,ADD 6,0,1,13707,0,0.0,ADD 7,0,0,0,0,0.0,EGT2CAN,0,1,13664,0,0.0
1778949400.7648964,0.0,14057,-51.0,0,-,0,0,0,0,0.0,-,0,0,0,0,0.0,ECU,1,1,14287,0,0.0,FAN1,0,0,0,0,0.0,COILS,8,1,0,0,0.0,PUMP,0,0,0,0,0.0,INJECTOR,8,1,87,0,0.0,SERVO,1,1,14331,0,0.0,ADD 1,0,1,13685,0,0.0,ADD 2,0,1,13740,0,0.0,ADD 3,0,1,13675,0,0.0,ADD 4,0,1,13680,0,0.0,ADD 5,0,0,0,0,0.0,ADD 6,0,1,13707,0,0.0,ADD 7,0,0,0,0,0.0,EGT2CAN,0,1,13664,0,0.0
1778949400.81616,0.0,13717,-52.0,0,-,0,0,0,0,0.0,-,0,0,0,0,0.0,ECU,1,1,14287,0,0.0,FAN1,0,0,0,0,0.0,COILS,8,1,0,0,0.0,PUMP,0,0,0,0,0.0,INJECTOR,8,1,87,0,0.0,SERVO,1,1,14331,0,0.0,ADD 1,0,1,14358,0,0.0,ADD 2,0,1,14331,0,0.0,ADD 3,0,1,14336,0,0.0,ADD 4,0,1,14298,0,0.0,ADD 5,0,0,0,0,0.0,ADD 6,0,1,14369,0,0.0,ADD 7,0,0,0,0,0.0,EGT2CAN,0,1,14298,0,0.0
1778949400.8852527,0.0,13785,-51.0,0,-,0,0,0,0,0.0,-,0,0,0,0,0.0,ECU,1,1,13669,0,0.0,FAN1,0,0,0,0,0.0,COILS,8,1,0,0,0.0,PUMP,0,0,0,0,0.0,INJECTOR,8,1,82,0,0.0,SERVO,1,1,13658,0,0.0,ADD 1,0,1,13614,0,0.0,ADD 2,0,1,13685,0,0.0,ADD 3,0,1,13614,0,0.0,ADD 4,0,1,13642,0,0.0,ADD 5,0,0,0,0,0.0,ADD 6,0,1,13685,0,0.0,ADD 7,0,0,0,0,0.0,EGT2CAN,0,1,13614,0,0.0
1778949400.938329,0.0,13785,-51.0,0,-,0,0,0,0,0.0,-,0,0,0,0,0.0,ECU,1,1,13718,0,0.0,FAN1,0,0,0,0,0.0,COILS,8,1,0,0,0.0,PUMP,0,0,0,0,0.0,INJECTOR,8,1,103,0,0.0,SERVO,1,1,13735,0,0.0,ADD 1,0,1,13773,0,0.0,ADD 2,0,1,13784,0,0.0,ADD 3,0,1,13740,0,0.0,ADD 4,0,1,13696,0,0.0,ADD 5,0,0,0,0,0.0,ADD 6,0,1,13685,0,0.0,ADD 7,0,0,0,0,0.0,EGT2CAN,0,1,13614,0,0.0
1778949400.9991908,0.0,14076,-52.0,0,-,0,0,0,0,0.0,-,0,0,0,0,0.0,ECU,1,1,14238,0,0.0,FAN1,0,0,0,0,0.0,COILS,8,1,0,0,0.0,PUMP,0,0,0,0,0.0,INJECTOR,8,1,120,0,0.0,SERVO,1,1,14276,0,0.0,ADD 1,0,1,13647,0,0.0,ADD 2,0,1,13669,0,0.0,ADD 3,0,1,13647,0,0.0,ADD 4,0,1,13636,0,0.0,ADD 5,0,0,0,0,0.0,ADD 6,0,1,13680,0,0.0,ADD 7,0,0,0,0,0.0,EGT2CAN,0,1,13636,0,0.0
1778949401.0643232,0.0,13778,-54.0,0,-,0,0,0,0,0.0,-,0,0,0,0,0.0,ECU,1,1,13767,0,0.0,FAN1,0,0,0,0,0.0,COILS,8,1,0,0,0.0,PUMP,0,0,0,0,0.0,INJECTOR,8,1,120,0,0.0,SERVO,1,1,14276,0,0.0,ADD 1,0,1,13647,0,0.0,ADD 2,0,1,13669,0,0.0,ADD 3,0,1,13647,0,0.0,ADD 4,0,1,13636,0,0.0,ADD 5,0,0,0,0,0.0,ADD 6,0,1,13680,0,0.0,ADD 7,0,0,0,0,0.0,EGT2CAN,0,1,13636,0,0.0
1778949401.1152928,0.0,14014,-54.0,0,-,0,0,0,0,0.0,-,0,0,0,0,0.0,ECU,1,1,13702,0,0.0,FAN1,0,0,0,0,0.0,COILS,8,1,0,0,0.0,PUMP,0,0,0,0,0.0,INJECTOR,8,1,71,0,0.0,SERVO,1,1,13603,0,0.0,ADD 1,0,1,13910,0,0.0,ADD 2,0,1,13921,0,0.0,ADD 3,0,1,13899,0,0.0,ADD 4,0,1,13866,0,0.0,ADD 5,0,0,0,0,0.0,ADD 6,0,1,13806,0,0.0,ADD 7,0,0,0,0,0.0,EGT2CAN,0,1,13762,0,0.0
1778949401.1663868,0.0,13865,-51.0,0,-,0,0,0,0,0.0,-,0,0,0,0,0.0,ECU,1,1,14238,0,0.0,FAN1,0,0,0,0,0.0,COILS,8,1,0,0,0.0,PUMP,0,0,0,0,0.0,INJECTOR,8,1,109,0,0.0,SERVO,1,1,14101,0,0.0,ADD 1,0,1,14194,0,0.0,ADD 2,0,1,14194,0,0.0,ADD 3,0,1,14145,0,0.0,ADD 4,0,1,14074,0,0.0,ADD 5,0,0,0,0,0.0,ADD 6,0,1,14101,0,0.0,ADD 7,0,0,0,0,0.0,EGT2CAN,0,1,13970,0,0.0
1778949401.2180398,0.0,13865,-51.0,0,-,0,0,0,0,0.0,-,0,0,0,0,0.0,ECU,1,1,13680,0,0.0,FAN1,0,0,0,0,0.0,COILS,8,1,0,0,0.0,PUMP,0,0,0,0,0.0,INJECTOR,8,1,109,0,0.0,SERVO,1,1,14101,0,0.0,ADD 1,0,1,14194,0,0.0,ADD 2,0,1,14194,0,0.0,ADD 3,0,1,14145,0,0.0,ADD 4,0,1,14074,0,0.0,ADD 5,0,0,0,0,0.0,ADD 6,0,1,14101,0,0.0,ADD 7,0,0,0,0,0.0,EGT2CAN,0,1,13970,0,0.0
1778949401.276347,0.0,13747,-51.0,0,-,0,0,0,0,0.0,-,0,0,0,0,0.0,ECU,1,1,13669,0,0.0,FAN1,0,0,0,0,0.0,COILS,8,1,0,0,0.0,PUMP,0,0,0,0,0.0,INJECTOR,8,1,82,0,0.0,SERVO,1,1,13696,0,0.0,ADD 1,0,1,13636,0,0.0,ADD 2,0,1,13729,0,0.0,ADD 3,0,1,13707,0,0.0,ADD 4,0,1,13675,0,0.0,ADD 5,0,0,0,0,0.0,ADD 6,0,1,13740,0,0.0,ADD 7,0,0,0,0,0.0,EGT2CAN,0,1,13603,0,0.0
1778949401.3426452,0.0,13747,-51.0,0,-,0,0,0,0,0.0,-,0,0,0,0,0.0,ECU,1,1,13707,0,0.0,FAN1,0,0,0,0,0.0,COILS,8,1,0,0,0.0,PUMP,0,0,0,0,0.0,INJECTOR,8,1,82,0,0.0,SERVO,1,1,13696,0,0.0,ADD 1,0,1,13636,0,0.0,ADD 2,0,1,13729,0,0.0,ADD 3,0,1,13707,0,0.0,ADD 4,0,1,13675,0,0.0,ADD 5,0,0,0,0,0.0,ADD 6,0,1,13740,0,0.0,ADD 7,0,0,0,0,0.0,EGT2CAN,0,1,13603,0,0.0
1778949401.3942795,0.0,13710,-52.0,0,-,0,0,0,0,0.0,-,0,0,0,0,0.0,ECU,1,1,13981,0,0.0,FAN1,0,0,0,0,0.0,COILS,8,1,0,0,0.0,PUMP,0,0,0,0,0.0,INJECTOR,8,1,109,0,0.0,SERVO,1,1,14014,0,0.0,ADD 1,0,1,13669,0,0.0,ADD 2,0,1,13532,0,0.0,ADD 3,0,1,13614,0,0.0,ADD 4,0,1,13598,0,0.0,ADD 5,0,0,0,0,0.0,ADD 6,0,1,13685,0,0.0,ADD 7,0,0,0,0,0.0,EGT2CAN,0,1,13669,0,0.0
1778949401.445661,0.0,13710,-52.0,0,-,0,0,0,0,0.0,-,0,0,0,0,0.0,ECU,1,1,13981,0,0.0,FAN1,0,0,0,0,0.0,COILS,8,1,0,0,0.0,PUMP,0,0,0,0,0.0,INJECTOR,8,1,109,0,0.0,SERVO,1,1,14014,0,0.0,ADD 1,0,1,13669,0,0.0,ADD 2,0,1,13532,0,0.0,ADD 3,0,1,13614,0,0.0,ADD 4,0,1,13598,0,0.0,ADD 5,0,0,0,0,0.0,ADD 6,0,1,13685,0,0.0,ADD 7,0,0,0,0,0.0,EGT2CAN,0,1,13669,0,0.0
1778949401.496666,0.0,13710,-52.0,0,-,0,0,0,0,0.0,-,0,0,0,0,0.0,ECU,1,1,13532,0,0.0,FAN1,0,0,0,0,0.0,COILS,8,1,0,0,0.0,PUMP,0,0,0,0,0.0,INJECTOR,8,1,87,0,0.0,SERVO,1,1,13532,0,0.0,ADD 1,0,1,14101,0,0.0,ADD 2,0,1,14025,0,0.0,ADD 3,0,1,13953,0,0.0,ADD 4,0,1,13959,0,0.0,ADD 5,0,0,0,0,0.0,ADD 6,0,1,13975,0,0.0,ADD 7,0,0,0,0,0.0,EGT2CAN,0,1,13828,0,0.0
1778949401.5472562,0.0,13698,-52.0,0,-,0,0,0,0,0.0,-,0,0,0,0,0.0,ECU,1,1,14200,0,0.0,FAN1,0,0,0,0,0.0,COILS,8,1,0,0,0.0,PUMP,0,0,0,0,0.0,INJECTOR,8,1,82,0,0.0,SERVO,1,1,14249,0,0.0,ADD 1,0,1,14260,0,0.0,ADD 2,0,1,14260,0,0.0,ADD 3,0,1,14271,0,0.0,ADD 4,0,1,14265,0,0.0,ADD 5,0,0,0,0,0.0,ADD 6,0,1,14336,0,0.0,ADD 7,0,0,0,0,0.0,EGT2CAN,0,1,14293,0,0.0
1778949401.598279,0.0,13698,-52.0,0,-,0,0,0,0,0.0,-,0,0,0,0,0.0,ECU,1,1,14200,0,0.0,FAN1,0,0,0,0,0.0,COILS,8,1,0,0,0.0,PUMP,0,0,0,0,0.0,INJECTOR,8,1,82,0,0.0,SERVO,1,1,14249,0,0.0,ADD 1,0,1,14260,0,0.0,ADD 2,0,1,14260,0,0.0,ADD 3,0,1,14271,0,0.0,ADD 4,0,1,14265,0,0.0,ADD 5,0,0,0,0,0.0,ADD 6,0,1,14336,0,0.0,ADD 7,0,0,0,0,0.0,EGT2CAN,0,1,14293,0,0.0
1778949401.6496093,0.0,13698,-52.0,0,-,0,0,0,0,0.0,-,0,0,0,0,0.0,ECU,1,1,13647,0,0.0,FAN1,0,0,0,0,0.0,COILS,8,1,0,0,0.0,PUMP,0,0,0,0,0.0,INJECTOR,8,1,109,0,0.0,SERVO,1,1,13614,0,0.0,ADD 1,0,1,13729,0,0.0,ADD 2,0,1,13532,0,0.0,ADD 3,0,1,13740,0,0.0,ADD 4,0,1,13685,0,0.0,ADD 5,0,0,0,0,0.0,ADD 6,0,1,13806,0,0.0,ADD 7,0,0,0,0,0.0,EGT2CAN,0,1,13532,0,0.0
1778949401.7001746,0.0,14076,-52.0,0,-,0,0,0,0,0.0,-,0,0,0,0,0.0,ECU,1,1,13713,0,0.0,FAN1,0,0,0,0,0.0,COILS,8,1,0,0,0.0,PUMP,0,0,0,0,0.0,INJECTOR,8,1,82,0,0.0,SERVO,1,1,13735,0,0.0,ADD 1,0,1,14243,0,0.0,ADD 2,0,1,14265,0,0.0,ADD 3,0,1,14200,0,0.0,ADD 4,0,1,14134,0,0.0,ADD 5,0,0,0,0,0.0,ADD 6,0,1,14194,0,0.0,ADD 7,0,0,0,0,0.0,EGT2CAN,0,1,14134,0,0.0
1778949401.751435,0.0,14076,-52.0,0,-,0,0,0,0,0.0,-,0,0,0,0,0.0,ECU,1,1,13713,0,0.0,FAN1,0,0,0,0,0.0,COILS,8,1,0,0,0.0,PUMP,0,0,0,0,0.0,INJECTOR,8,1,82,0,0.0,SERVO,1,1,13735,0,0.0,ADD 1,0,1,14243,0,0.0,ADD 2,0,1,14265,0,0.0,ADD 3,0,1,14200,0,0.0,ADD 4,0,1,14134,0,0.0,ADD 5,0,0,0,0,0.0,ADD 6,0,1,14194,0,0.0,ADD 7,0,0,0,0,0.0,EGT2CAN,0,1,14134,0,0.0
1778949401.8036296,0.0,14076,-52.0,0,-,0,0,0,0,0.0,-,0,0,0,0,0.0,ECU,1,1,13921,0,0.0,FAN1,0,0,0,0,0.0,COILS,8,1,0,0,0.0,PUMP,0,0,0,0,0.0,INJECTOR,8,1,76,0,0.0,SERVO,1,1,13751,0,0.0,ADD 1,0,1,14079,0,0.0,ADD 2,0,1,14107,0,0.0,ADD 3,0,1,14101,0,0.0,ADD 4,0,1,14101,0,0.0,ADD 5,0,0,0,0,0.0,ADD 6,0,1,14145,0,0.0,ADD 7,0,0,0,0,0.0,EGT2CAN,0,1,14145,0,0.0
1778949401.866247,0.0,13828,-52.0,0,-,0,0,0,0,0.0,-,0,0,0,0,0.0,ECU,1,1,13740,0,0.0,FAN1,0,0,0,0,0.0,COILS,8,1,0,0,0.0,PUMP,0,0,0,0,0.0,INJECTOR,8,1,82,0,0.0,SERVO,1,1,13751,0,0.0,ADD 1,0,1,13778,0,0.0,ADD 2,0,1,13762,0,0.0,ADD 3,0,1,13718,0,0.0,ADD 4,0,1,13718,0,0.0,ADD 5,0,0,0,0,0.0,ADD 6,0,1,13778,0,0.0,ADD 7,0,0,0,0,0.0,EGT2CAN,0,1,13729,0,0.0
1778949401.9237218,0.0,13828,-52.0,0,-,0,0,0,0,0.0,-,0,0,0,0,0.0,ECU,1,1,13740,0,0.0,FAN1,0,0,0,0,0.0,COILS,8,1,0,0,0.0,PUMP,0,0,0,0,0.0,INJECTOR,8,1,82,0,0.0,SERVO,1,1,13675,0,0.0,ADD 1,0,1,13778,0,0.0,ADD 2,0,1,13762,0,0.0,ADD 3,0,1,13718,0,0.0,ADD 4,0,1,13718,0,0.0,ADD 5,0,0,0,0,0.0,ADD 6,0,1,13778,0,0.0,ADD 7,0,0,0,0,0.0,EGT2CAN,0,1,13729,0,0.0
1778949401.9856005,0.0,13791,-54.0,0,-,0,0,0,0,0.0,-,0,0,0,0,0.0,ECU,1,1,13740,0,0.0,FAN1,0,0,0,0,0.0,COILS,8,1,0,0,0.0,PUMP,0,0,0,0,0.0,INJECTOR,8,1,71,0,0.0,SERVO,1,1,14282,0,0.0,ADD 1,0,1,14287,0,0.0,ADD 2,0,1,14304,0,0.0,ADD 3,0,1,14238,0,0.0,ADD 4,0,1,14287,0,0.0,ADD 5,0,0,0,0,0.0,ADD 6,0,1,14325,0,0.0,ADD 7,0,0,0,0,0.0,EGT2CAN,0,1,14260,0,0.0
1778949402.0362926,0.0,13816,-52.0,0,-,0,0,0,0,0.0,-,0,0,0,0,0.0,ECU,1,1,13740,0,0.0,FAN1,0,0,0,0,0.0,COILS,8,1,0,0,0.0,PUMP,0,0,0,0,0.0,INJECTOR,8,1,76,0,0.0,SERVO,1,1,13784,0,0.0,ADD 1,0,1,13773,0,0.0,ADD 2,0,1,13806,0,0.0,ADD 3,0,1,13811,0,0.0,ADD 4,0,1,13806,0,0.0,ADD 5,0,0,0,0,0.0,ADD 6,0,1,13828,0,0.0,ADD 7,0,0,0,0,0.0,EGT2CAN,0,1,13860,0,0.0
1778949402.0874338,0.0,13816,-52.0,0,-,0,0,0,0,0.0,-,0,0,0,0,0.0,ECU,1,1,13784,0,0.0,FAN1,0,0,0,0,0.0,COILS,8,1,0,0,0.0,PUMP,0,0,0,0,0.0,INJECTOR,8,1,71,0,0.0,SERVO,1,1,13702,0,0.0,ADD 1,0,1,13757,0,0.0,ADD 2,0,1,13707,0,0.0,ADD 3,0,1,13669,0,0.0,ADD 4,0,1,13685,0,0.0,ADD 5,0,0,0,0,0.0,ADD 6,0,1,13778,0,0.0,ADD 7,0,0,0,0,0.0,EGT2CAN,0,1,13735,0,0.0
1778949402.13935,0.0,13877,-51.0,0,-,0,0,0,0,0.0,-,0,0,0,0,0.0,ECU,1,1,13767,0,0.0,FAN1,0,0,0,0,0.0,COILS,8,1,0,0,0.0,PUMP,0,0,0,0,0.0,INJECTOR,8,1,71,0,0.0,SERVO,1,1,13707,0,0.0,ADD 1,0,1,14238,0,0.0,ADD 2,0,1,14243,0,0.0,ADD 3,0,1,14194,0,0.0,ADD 4,0,1,14205,0,0.0,ADD 5,0,0,0,0,0.0,ADD 6,0,1,14260,0,0.0,ADD 7,0,0,0,0,0.0,EGT2CAN,0,1,14129,0,0.0
1778949402.1932003,0.0,14199,-51.0,0,-,0,0,0,0,0.0,-,0,0,0,0,0.0,ECU,1,1,13767,0,0.0,FAN1,0,0,0,0,0.0,COILS,8,1,0,0,0.0,PUMP,0,0,0,0,0.0,INJECTOR,8,1,71,0,0.0,SERVO,1,1,13707,0,0.0,ADD 1,0,1,14238,0,0.0,ADD 2,0,1,14243,0,0.0,ADD 3,0,1,14194,0,0.0,ADD 4,0,1,14205,0,0.0,ADD 5,0,0,0,0,0.0,ADD 6,0,1,14260,0,0.0,ADD 7,0,0,0,0,0.0,EGT2CAN,0,1,14129,0,0.0
1778949402.244823,0.0,14199,-51.0,0,-,0,0,0,0,0.0,-,0,0,0,0,0.0,ECU,1,1,14282,0,0.0,FAN1,0,0,0,0,0.0,COILS,8,1,0,0,0.0,PUMP,0,0,0,0,0.0,INJECTOR,8,1,82,0,0.0,SERVO,1,1,14134,0,0.0,ADD 1,0,1,13839,0,0.0,ADD 2,0,1,13888,0,0.0,ADD 3,0,1,13904,0,0.0,ADD 4,0,1,13866,0,0.0,ADD 5,0,0,0,0,0.0,ADD 6,0,1,13921,0,0.0,ADD 7,0,0,0,0,0.0,EGT2CAN,0,1,13964,0,0.0
1778949402.2952611,0.0,13747,-52.0,0,-,0,0,0,0,0.0,-,0,0,0,0,0.0,ECU,1,1,13762,0,0.0,FAN1,0,0,0,0,0.0,COILS,8,1,0,0,0.0,PUMP,0,0,0,0,0.0,INJECTOR,8,1,71,0,0.0,SERVO,1,1,13713,0,0.0,ADD 1,0,1,13806,0,0.0,ADD 2,0,1,13828,0,0.0,ADD 3,0,1,13806,0,0.0,ADD 4,0,1,13784,0,0.0,ADD 5,0,0,0,0,0.0,ADD 6,0,1,13784,0,0.0,ADD 7,0,0,0,0,0.0,EGT2CAN,0,1,13724,0,0.0
1778949402.3599956,0.0,13877,-51.0,0,-,0,0,0,0,0.0,-,0,0,0,0,0.0,ECU,1,1,13762,0,0.0,FAN1,0,0,0,0,0.0,COILS,8,1,0,0,0.0,PUMP,0,0,0,0,0.0,INJECTOR,8,1,71,0,0.0,SERVO,1,1,13713,0,0.0,ADD 1,0,1,13806,0,0.0,ADD 2,0,1,13828,0,0.0,ADD 3,0,1,13806,0,0.0,ADD 4,0,1,13784,0,0.0,ADD 5,0,0,0,0,0.0,ADD 6,0,1,13784,0,0.0,ADD 7,0,0,0,0,0.0,EGT2CAN,0,1,13724,0,0.0
1778949402.4152153,0.0,13828,-51.0,0,-,0,0,0,0,0.0,-,0,0,0,0,0.0,ECU,1,1,13899,0,0.0,FAN1,0,0,0,0,0.0,COILS,8,1,0,0,0.0,PUMP,0,0,0,0,0.0,INJECTOR,8,1,76,0,0.0,SERVO,1,1,14101,0,0.0,ADD 1,0,1,14041,0,0.0,ADD 2,0,1,14101,0,0.0,ADD 3,0,1,14041,0,0.0,ADD 4,0,1,14101,0,0.0,ADD 5,0,0,0,0,0.0,ADD 6,0,1,14129,0,0.0,ADD 7,0,0,0,0,0.0,EGT2CAN,0,1,14129,0,0.0
1778949402.4682226,0.0,13853,-52.0,0,-,0,0,0,0,0.0,-,0,0,0,0,0.0,ECU,1,1,13707,0,0.0,FAN1,0,0,0,0,0.0,COILS,8,1,0,0,0.0,PUMP,0,0,0,0,0.0,INJECTOR,8,1,76,0,0.0,SERVO,1,1,13746,0,0.0,ADD 1,0,1,13778,0,0.0,ADD 2,0,1,13800,0,0.0,ADD 3,0,1,13778,0,0.0,ADD 4,0,1,13740,0,0.0,ADD 5,0,0,0,0,0.0,ADD 6,0,1,13833,0,0.0,ADD 7,0,0,0,0,0.0,EGT2CAN,0,1,13811,0,0.0
1778949402.5205078,0.0,13853,-52.0,0,-,0,0,0,0,0.0,-,0,0,0,0,0.0,ECU,1,1,13778,0,0.0,FAN1,0,0,0,0,0.0,COILS,8,1,0,0,0.0,PUMP,0,0,0,0,0.0,INJECTOR,8,1,76,0,0.0,SERVO,1,1,13746,0,0.0,ADD 1,0,1,13778,0,0.0,ADD 2,0,1,13800,0,0.0,ADD 3,0,1,13778,0,0.0,ADD 4,0,1,13740,0,0.0,ADD 5,0,0,0,0,0.0,ADD 6,0,1,13833,0,0.0,ADD 7,0,0,0,0,0.0,EGT2CAN,0,1,13811,0,0.0
1778949402.5715342,0.0,14088,-52.0,0,-,0,0,0,0,0.0,-,0,0,0,0,0.0,ECU,1,1,13800,0,0.0,FAN1,0,0,0,0,0.0,COILS,8,1,0,0,0.0,PUMP,0,0,0,0,0.0,INJECTOR,8,1,82,0,0.0,SERVO,1,1,13729,0,0.0,ADD 1,0,1,13943,0,0.0,ADD 2,0,1,13904,0,0.0,ADD 3,0,1,13833,0,0.0,ADD 4,0,1,13778,0,0.0,ADD 5,0,0,0,0,0.0,ADD 6,0,1,13844,0,0.0,ADD 7,0,0,0,0,0.0,EGT2CAN,0,1,13817,0,0.0
1778949402.624349,0.0,14082,-54.0,0,-,0,0,0,0,0.0,-,0,0,0,0,0.0,ECU,1,1,14325,0,0.0,FAN1,0,0,0,0,0.0,COILS,8,1,0,0,0.0,PUMP,0,0,0,0,0.0,INJECTOR,8,1,87,0,0.0,SERVO,1,1,14129,0,0.0,ADD 1,0,1,13893,0,0.0,ADD 2,0,1,13953,0,0.0,ADD 3,0,1,13964,0,0.0,ADD 4,0,1,13899,0,0.0,ADD 5,0,0,0,0,0.0,ADD 6,0,1,14036,0,0.0,ADD 7,0,0,0,0,0.0,EGT2CAN,0,1,13997,0,0.0
1778949402.6769953,0.0,14082,-54.0,0,-,0,0,0,0,0.0,-,0,0,0,0,0.0,ECU,1,1,14101,0,0.0,FAN1,0,0,0,0,0.0,COILS,8,1,0,0,0.0,PUMP,0,0,0,0,0.0,INJECTOR,8,1,87,0,0.0,SERVO,1,1,14129,0,0.0,ADD 1,0,1,13893,0,0.0,ADD 2,0,1,13953,0,0.0,ADD 3,0,1,13964,0,0.0,ADD 4,0,1,13899,0,0.0,ADD 5,0,0,0,0,0.0,ADD 6,0,1,14036,0,0.0,ADD 7,0,0,0,0,0.0,EGT2CAN,0,1,13997,0,0.0
1778949402.7323012,0.0,13865,-51.0,0,-,0,0,0,0,0.0,-,0,0,0,0,0.0,ECU,1,1,13778,0,0.0,FAN1,0,0,0,0,0.0,COILS,8,1,0,0,0.0,PUMP,0,0,0,0,0.0,INJECTOR,8,1,76,0,0.0,SERVO,1,1,13789,0,0.0,ADD 1,0,1,13844,0,0.0,ADD 2,0,1,13844,0,0.0,ADD 3,0,1,13806,0,0.0,ADD 4,0,1,13740,0,0.0,ADD 5,0,0,0,0,0.0,ADD 6,0,1,13866,0,0.0,ADD 7,0,0,0,0,0.0,EGT2CAN,0,1,13839,0,0.0
1778949402.7835793,0.0,13865,-51.0,0,-,0,0,0,0,0.0,-,0,0,0,0,0.0,ECU,1,1,13811,0,0.0,FAN1,0,0,0,0,0.0,COILS,8,1,0,0,0.0,PUMP,0,0,0,0,0.0,INJECTOR,8,1,98,0,0.0,SERVO,1,1,13806,0,0.0,ADD 1,0,1,13778,0,0.0,ADD 2,0,1,13817,0,0.0,ADD 3,0,1,13850,0,0.0,ADD 4,0,1,13762,0,0.0,ADD 5,0,0,0,0,0.0,ADD 6,0,1,13800,0,0.0,ADD 7,0,0,0,0,0.0,EGT2CAN,0,1,13811,0,0.0
1778949402.834172,0.0,14237,-51.0,0,-,0,0,0,0,0.0,-,0,0,0,0,0.0,ECU,1,1,14161,0,0.0,FAN1,0,0,0,0,0.0,COILS,8,1,0,0,0.0,PUMP,0,0,0,0,0.0,INJECTOR,8,1,87,0,0.0,SERVO,1,1,13828,0,0.0,ADD 1,0,1,13778,0,0.0,ADD 2,0,1,13817,0,0.0,ADD 3,0,1,13850,0,0.0,ADD 4,0,1,13762,0,0.0,ADD 5,0,0,0,0,0.0,ADD 6,0,1,13800,0,0.0,ADD 7,0,0,0,0,0.0,EGT2CAN,0,1,13811,0,0.0
1778949402.8886256,0.0,13822,-52.0,0,-,0,0,0,0,0.0,-,0,0,0,0,0.0,ECU,1,1,14260,0,0.0,FAN1,0,0,0,0,0.0,COILS,8,1,0,0,0.0,PUMP,0,0,0,0,0.0,INJECTOR,8,1,76,0,0.0,SERVO,1,1,14314,0,0.0,ADD 1,0,1,14358,0,0.0,ADD 2,0,1,14353,0,0.0,ADD 3,0,1,14331,0,0.0,ADD 4,0,1,14293,0,0.0,ADD 5,0,0,0,0,0.0,ADD 6,0,1,14402,0,0.0,ADD 7,0,0,0,0,0.0,EGT2CAN,0,1,14331,0,0.0
1778949402.9452772,0.0,13816,-51.0,0,-,0,0,0,0,0.0,-,0,0,0,0,0.0,ECU,1,1,13811,0,0.0,FAN1,0,0,0,0,0.0,COILS,8,1,0,0,0.0,PUMP,0,0,0,0,0.0,INJECTOR,8,1,82,0,0.0,SERVO,1,1,13806,0,0.0,ADD 1,0,1,13839,0,0.0,ADD 2,0,1,13795,0,0.0,ADD 3,0,1,13800,0,0.0,ADD 4,0,1,13724,0,0.0,ADD 5,0,0,0,0,0.0,ADD 6,0,1,13839,0,0.0,ADD 7,0,0,0,0,0.0,EGT2CAN,0,1,13800,0,0.0
1778949403.0074306,0.0,14237,-51.0,0,-,0,0,0,0,0.0,-,0,0,0,0,0.0,ECU,1,1,13811,0,0.0,FAN1,0,0,0,0,0.0,COILS,8,1,0,0,0.0,PUMP,0,0,0,0,0.0,INJECTOR,8,1,76,0,0.0,SERVO,1,1,13778,0,0.0,ADD 1,0,1,14325,0,0.0,ADD 2,0,1,14375,0,0.0,ADD 3,0,1,14331,0,0.0,ADD 4,0,1,14325,0,0.0,ADD 5,0,0,0,0,0.0,ADD 6,0,1,14375,0,0.0,ADD 7,0,0,0,0,0.0,EGT2CAN,0,1,14304,0,0.0
1778949403.0588362,0.0,14237,-51.0,0,-,0,0,0,0,0.0,-,0,0,0,0,0.0,ECU,1,1,14282,0,0.0,FAN1,0,0,0,0,0.0,COILS,8,1,0,0,0.0,PUMP,0,0,0,0,0.0,INJECTOR,8,1,76,0,0.0,SERVO,1,1,13778,0,0.0,ADD 1,0,1,14325,0,0.0,ADD 2,0,1,14375,0,0.0,ADD 3,0,1,14331,0,0.0,ADD 4,0,1,14325,0,0.0,ADD 5,0,0,0,0,0.0,ADD 6,0,1,14375,0,0.0,ADD 7,0,0,0,0,0.0,EGT2CAN,0,1,14304,0,0.0
1778949403.1114926,0.0,13902,-52.0,0,-,0,0,0,0,0.0,-,0,0,0,0,0.0,ECU,1,1,14282,0,0.0,FAN1,0,0,0,0,0.0,COILS,8,1,0,0,0.0,PUMP,0,0,0,0,0.0,INJECTOR,8,1,87,0,0.0,SERVO,1,1,14172,0,0.0,ADD 1,0,1,13893,0,0.0,ADD 2,0,1,13899,0,0.0,ADD 3,0,1,13921,0,0.0,ADD 4,0,1,13915,0,0.0,ADD 5,0,0,0,0,0.0,ADD 6,0,1,14014,0,0.0,ADD 7,0,0,0,0,0.0,EGT2CAN,0,1,14008,0,0.0
1778949403.1624281,0.0,14156,-52.0,0,-,0,0,0,0,0.0,-,0,0,0,0,0.0,ECU,1,1,13811,0,0.0,FAN1,0,0,0,0,0.0,COILS,8,1,0,0,0.0,PUMP,0,0,0,0,0.0,INJECTOR,8,1,87,0,0.0,SERVO,1,1,13811,0,0.0,ADD 1,0,1,13828,0,0.0,ADD 2,0,1,13828,0,0.0,ADD 3,0,1,13822,0,0.0,ADD 4,0,1,13811,0,0.0,ADD 5,0,0,0,0,0.0,ADD 6,0,1,13811,0,0.0,ADD 7,0,0,0,0,0.0,EGT2CAN,0,1,13811,0,0.0
1778949403.2134328,0.0,14156,-52.0,0,-,0,0,0,0,0.0,-,0,0,0,0,0.0,ECU,1,1,13811,0,0.0,FAN1,0,0,0,0,0.0,COILS,8,1,0,0,0.0,PUMP,0,0,0,0,0.0,INJECTOR,8,1,87,0,0.0,SERVO,1,1,13811,0,0.0,ADD 1,0,1,13828,0,0.0,ADD 2,0,1,13828,0,0.0,ADD 3,0,1,13822,0,0.0,ADD 4,0,1,13811,0,0.0,ADD 5,0,0,0,0,0.0,ADD 6,0,1,13811,0,0.0,ADD 7,0,0,0,0,0.0,EGT2CAN,0,1,13811,0,0.0
1778949403.2660968,0.0,14156,-52.0,0,-,0,0,0,0,0.0,-,0,0,0,0,0.0,ECU,1,1,14079,0,0.0,FAN1,0,0,0,0,0.0,COILS,8,1,0,0,0.0,PUMP,0,0,0,0,0.0,INJECTOR,8,1,87,0,0.0,SERVO,1,1,13855,0,0.0,ADD 1,0,1,13866,0,0.0,ADD 2,0,1,13904,0,0.0,ADD 3,0,1,13877,0,0.0,ADD 4,0,1,13828,0,0.0,ADD 5,0,0,0,0,0.0,ADD 6,0,1,13899,0,0.0,ADD 7,0,0,0,0,0.0,EGT2CAN,0,1,13860,0,0.0
1778949403.3197353,0.0,13983,-51.0,0,-,0,0,0,0,0.0,-,0,0,0,0,0.0,ECU,1,1,13778,0,0.0,FAN1,0,0,0,0,0.0,COILS,8,1,0,0,0.0,PUMP,0,0,0,0,0.0,INJECTOR,8,1,82,0,0.0,SERVO,1,1,13778,0,0.0,ADD 1,0,1,13795,0,0.0,ADD 2,0,1,13850,0,0.0,ADD 3,0,1,13839,0,0.0,ADD 4,0,1,13778,0,0.0,ADD 5,0,0,0,0,0.0,ADD 6,0,1,13778,0,0.0,ADD 7,0,0,0,0,0.0,EGT2CAN,0,1,13833,0,0.0
1778949403.3708873,0.0,13983,-51.0,0,-,0,0,0,0,0.0,-,0,0,0,0,0.0,ECU,1,1,13778,0,0.0,FAN1,0,0,0,0,0.0,COILS,8,1,0,0,0.0,PUMP,0,0,0,0,0.0,INJECTOR,8,1,82,0,0.0,SERVO,1,1,13778,0,0.0,ADD 1,0,1,13795,0,0.0,ADD 2,0,1,13850,0,0.0,ADD 3,0,1,13839,0,0.0,ADD 4,0,1,13778,0,0.0,ADD 5,0,0,0,0,0.0,ADD 6,0,1,13778,0,0.0,ADD 7,0,0,0,0,0.0,EGT2CAN,0,1,13833,0,0.0
1778949403.421426,0.0,13983,-51.0,0,-,0,0,0,0,0.0,-,0,0,0,0,0.0,ECU,1,1,13784,0,0.0,FAN1,0,0,0,0,0.0,COILS,8,1,0,0,0.0,PUMP,0,0,0,0,0.0,INJECTOR,8,1,82,0,0.0,SERVO,1,1,13784,0,0.0,ADD 1,0,1,13828,0,0.0,ADD 2,0,1,13784,0,0.0,ADD 3,0,1,13778,0,0.0,ADD 4,0,1,13806,0,0.0,ADD 5,0,0,0,0,0.0,ADD 6,0,1,13778,0,0.0,ADD 7,0,0,0,0,0.0,EGT2CAN,0,1,13833,0,0.0
1778949403.4724393,0.0,14162,-54.0,0,-,0,0,0,0,0.0,-,0,0,0,0,0.0,ECU,1,1,14057,0,0.0,FAN1,0,0,0,0,0.0,COILS,8,1,0,0,0.0,PUMP,0,0,0,0,0.0,INJECTOR,8,1,87,0,0.0,SERVO,1,1,13882,0,0.0,ADD 1,0,1,14014,0,0.0,ADD 2,0,1,14036,0,0.0,ADD 3,0,1,14014,0,0.0,ADD 4,0,1,13811,0,0.0,ADD 5,0,0,0,0,0.0,ADD 6,0,1,14057,0,0.0,ADD 7,0,0,0,0,0.0,EGT2CAN,0,1,14068,0,0.0
1778949403.5244737,0.0,13717,-51.0,0,-,0,0,0,0,0.0,-,0,0,0,0,0.0,ECU,1,1,14309,0,0.0,FAN1,0,0,0,0,0.0,COILS,8,1,0,0,0.0,PUMP,0,0,0,0,0.0,INJECTOR,8,1,109,0,0.0,SERVO,1,1,14391,0,0.0,ADD 1,0,1,13850,0,0.0,ADD 2,0,1,13806,0,0.0,ADD 3,0,1,13778,0,0.0,ADD 4,0,1,13724,0,0.0,ADD 5,0,0,0,0,0.0,ADD 6,0,1,13806,0,0.0,ADD 7,0,0,0,0,0.0,EGT2CAN,0,1,13833,0,0.0
1778949403.5758476,0.0,13717,-51.0,0,-,0,0,0,0,0.0,-,0,0,0,0,0.0,ECU,1,1,13833,0,0.0,FAN1,0,0,0,0,0.0,COILS,8,1,0,0,0.0,PUMP,0,0,0,0,0.0,INJECTOR,8,1,92,0,0.0,SERVO,1,1,13828,0,0.0,ADD 1,0,1,13850,0,0.0,ADD 2,0,1,13806,0,0.0,ADD 3,0,1,13778,0,0.0,ADD 4,0,1,13724,0,0.0,ADD 5,0,0,0,0,0.0,ADD 6,0,1,13806,0,0.0,ADD 7,0,0,0,0,0.0,EGT2CAN,0,1,13833,0,0.0
1778949403.632022,0.0,14292,-54.0,0,-,0,0,0,0,0.0,-,0,0,0,0,0.0,ECU,1,1,13839,0,0.0,FAN1,0,0,0,0,0.0,COILS,8,1,0,0,0.0,PUMP,0,0,0,0,0.0,INJECTOR,8,1,82,0,0.0,SERVO,1,1,13877,0,0.0,ADD 1,0,1,13877,0,0.0,ADD 2,0,1,13855,0,0.0,ADD 3,0,1,13871,0,0.0,ADD 4,0,1,13822,0,0.0,ADD 5,0,0,0,0,0.0,ADD 6,0,1,13904,0,0.0,ADD 7,0,0,0,0,0.0,EGT2CAN,0,1,13866,0,0.0
1778949403.6830678,0.0,14292,-54.0,0,-,0,0,0,0,0.0,-,0,0,0,0,0.0,ECU,1,1,14418,0,0.0,FAN1,0,0,0,0,0.0,COILS,8,1,0,0,0.0,PUMP,0,0,0,0,0.0,INJECTOR,8,1,87,0,0.0,SERVO,1,1,14282,0,0.0,ADD 1,0,1,14304,0,0.0,ADD 2,0,1,14353,0,0.0,ADD 3,0,1,14314,0,0.0,ADD 4,0,1,14282,0,0.0,ADD 5,0,0,0,0,0.0,ADD 6,0,1,14293,0,0.0,ADD 7,0,0,0,0,0.0,EGT2CAN,0,1,14222,0,0.0
1778949403.734207,0.0,14007,-51.0,0,-,0,0,0,0,0.0,-,0,0,0,0,0.0,ECU,1,1,13937,0,0.0,FAN1,0,0,0,0,0.0,COILS,8,1,0,0,0.0,PUMP,0,0,0,0,0.0,INJECTOR,8,1,87,0,0.0,SERVO,1,1,13970,0,0.0,ADD 1,0,1,14304,0,0.0,ADD 2,0,1,14353,0,0.0,ADD 3,0,1,14314,0,0.0,ADD 4,0,1,14282,0,0.0,ADD 5,0,0,0,0,0.0,ADD 6,0,1,14293,0,0.0,ADD 7,0,0,0,0,0.0,EGT2CAN,0,1,14222,0,0.0
1778949403.78507,0.0,13865,-52.0,0,-,0,0,0,0,0.0,-,0,0,0,0,0.0,ECU,1,1,13828,0,0.0,FAN1,0,0,0,0,0.0,COILS,8,1,0,0,0.0,PUMP,0,0,0,0,0.0,INJECTOR,8,1,82,0,0.0,SERVO,1,1,13789,0,0.0,ADD 1,0,1,13839,0,0.0,ADD 2,0,1,13817,0,0.0,ADD 3,0,1,13855,0,0.0,ADD 4,0,1,13800,0,0.0,ADD 5,0,0,0,0,0.0,ADD 6,0,1,13871,0,0.0,ADD 7,0,0,0,0,0.0,EGT2CAN,0,1,13839,0,0.0
1778949403.835631,0.0,13865,-52.0,0,-,0,0,0,0,0.0,-,0,0,0,0,0.0,ECU,1,1,13855,0,0.0,FAN1,0,0,0,0,0.0,COILS,8,1,0,0,0.0,PUMP,0,0,0,0,0.0,INJECTOR,8,1,87,0,0.0,SERVO,1,1,13784,0,0.0,ADD 1,0,1,13899,0,0.0,ADD 2,0,1,13959,0,0.0,ADD 3,0,1,13943,0,0.0,ADD 4,0,1,13904,0,0.0,ADD 5,0,0,0,0,0.0,ADD 6,0,1,13964,0,0.0,ADD 7,0,0,0,0,0.0,EGT2CAN,0,1,13948,0,0.0
1778949403.886015,0.0,14113,-52.0,0,-,0,0,0,0,0.0,-,0,0,0,0,0.0,ECU,1,1,13921,0,0.0,FAN1,0,0,0,0,0.0,COILS,8,1,0,0,0.0,PUMP,0,0,0,0,0.0,INJECTOR,8,1,87,0,0.0,SERVO,1,1,13915,0,0.0,ADD 1,0,1,13899,0,0.0,ADD 2,0,1,13959,0,0.0,ADD 3,0,1,13943,0,0.0,ADD 4,0,1,13904,0,0.0,ADD 5,0,0,0,0,0.0,ADD 6,0,1,13964,0,0.0,ADD 7,0,0,0,0,0.0,EGT2CAN,0,1,13948,0,0.0
1778949403.9523966,0.0,13902,-51.0,0,-,0,0,0,0,0.0,-,0,0,0,0,0.0,ECU,1,1,14407,0,0.0,FAN1,0,0,0,0,0.0,COILS,8,1,0,0,0.0,PUMP,0,0,0,0,0.0,INJECTOR,8,1,87,0,0.0,SERVO,1,1,14375,0,0.0,ADD 1,0,1,13828,0,0.0,ADD 2,0,1,13850,0,0.0,ADD 3,0,1,13833,0,0.0,ADD 4,0,1,13833,0,0.0,ADD 5,0,0,0,0,0.0,ADD 6,0,1,13860,0,0.0,ADD 7,0,0,0,0,0.0,EGT2CAN,0,1,13888,0,0.0
1778949404.00906,0.0,13902,-51.0,0,-,0,0,0,0,0.0,-,0,0,0,0,0.0,ECU,1,1,13899,0,0.0,FAN1,0,0,0,0,0.0,COILS,8,1,0,0,0.0,PUMP,0,0,0,0,0.0,INJECTOR,8,1,82,0,0.0,SERVO,1,1,13932,0,0.0,ADD 1,0,1,13959,0,0.0,ADD 2,0,1,13959,0,0.0,ADD 3,0,1,13943,0,0.0,ADD 4,0,1,13899,0,0.0,ADD 5,0,0,0,0,0.0,ADD 6,0,1,13882,0,0.0,ADD 7,0,0,0,0,0.0,EGT2CAN,0,1,13899,0,0.0
1778949404.059755,0.0,14088,-51.0,0,-,0,0,0,0,0.0,-,0,0,0,0,0.0,ECU,1,1,14418,0,0.0,FAN1,0,0,0,0,0.0,COILS,8,1,0,0,0.0,PUMP,0,0,0,0,0.0,INJECTOR,8,1,120,0,0.0,SERVO,1,1,14238,0,0.0,ADD 1,0,1,14298,0,0.0,ADD 2,0,1,14298,0,0.0,ADD 3,0,1,14216,0,0.0,ADD 4,0,1,14129,0,0.0,ADD 5,0,0,0,0,0.0,ADD 6,0,1,14167,0,0.0,ADD 7,0,0,0,0,0.0,EGT2CAN,0,1,14167,0,0.0
1778949404.1109467,0.0,14088,-51.0,0,-,0,0,0,0,0.0,-,0,0,0,0,0.0,ECU,1,1,14418,0,0.0,FAN1,0,0,0,0,0.0,COILS,8,1,0,0,0.0,PUMP,0,0,0,0,0.0,INJECTOR,8,1,120,0,0.0,SERVO,1,1,14238,0,0.0,ADD 1,0,1,14298,0,0.0,ADD 2,0,1,14298,0,0.0,ADD 3,0,1,14216,0,0.0,ADD 4,0,1,14129,0,0.0,ADD 5,0,0,0,0,0.0,ADD 6,0,1,14167,0,0.0,ADD 7,0,0,0,0,0.0,EGT2CAN,0,1,14167,0,0.0
1778949404.163793,0.0,14088,-51.0,0,-,0,0,0,0,0.0,-,0,0,0,0,0.0,ECU,1,1,13986,0,0.0,FAN1,0,0,0,0,0.0,COILS,8,1,0,0,0.0,PUMP,0,0,0,0,0.0,INJECTOR,8,1,87,0,0.0,SERVO,1,1,14107,0,0.0,ADD 1,0,1,14123,0,0.0,ADD 2,0,1,14129,0,0.0,ADD 3,0,1,14096,0,0.0,ADD 4,0,1,14134,0,0.0,ADD 5,0,0,0,0,0.0,ADD 6,0,1,14249,0,0.0,ADD 7,0,0,0,0,0.0,EGT2CAN,0,1,14222,0,0.0
1778949404.2194312,0.0,14014,-52.0,0,-,0,0,0,0,0.0,-,0,0,0,0,0.0,ECU,1,1,13855,0,0.0,FAN1,0,0,0,0,0.0,COILS,8,1,0,0,0.0,PUMP,0,0,0,0,0.0,INJECTOR,8,1,76,0,0.0,SERVO,1,1,13822,0,0.0,ADD 1,0,1,13981,0,0.0,ADD 2,0,1,13986,0,0.0,ADD 3,0,1,13964,0,0.0,ADD 4,0,1,13877,0,0.0,ADD 5,0,0,0,0,0.0,ADD 6,0,1,13986,0,0.0,ADD 7,0,0,0,0,0.0,EGT2CAN,0,1,13926,0,0.0
1778949404.2839546,0.0,14014,-52.0,0,-,0,0,0,0,0.0,-,0,0,0,0,0.0,ECU,1,1,13811,0,0.0,FAN1,0,0,0,0,0.0,COILS,8,1,0,0,0.0,PUMP,0,0,0,0,0.0,INJECTOR,8,1,82,0,0.0,SERVO,1,1,13828,0,0.0,ADD 1,0,1,13981,0,0.0,ADD 2,0,1,13986,0,0.0,ADD 3,0,1,13964,0,0.0,ADD 4,0,1,13877,0,0.0,ADD 5,0,0,0,0,0.0,ADD 6,0,1,13986,0,0.0,ADD 7,0,0,0,0,0.0,EGT2CAN,0,1,13926,0,0.0
1778949404.339856,0.0,14168,-51.0,0,-,0,0,0,0,0.0,-,0,0,0,0,0.0,ECU,1,1,14057,0,0.0,FAN1,0,0,0,0,0.0,COILS,8,1,0,0,0.0,PUMP,0,0,0,0,0.0,INJECTOR,8,1,114,0,0.0,SERVO,1,1,14118,0,0.0,ADD 1,0,1,13871,0,0.0,ADD 2,0,1,13888,0,0.0,ADD 3,0,1,13811,0,0.0,ADD 4,0,1,13860,0,0.0,ADD 5,0,0,0,0,0.0,ADD 6,0,1,13899,0,0.0,ADD 7,0,0,0,0,0.0,EGT2CAN,0,1,13855,0,0.0
1778949404.3912363,0.0,13927,-51.0,0,-,0,0,0,0,0.0,-,0,0,0,0,0.0,ECU,1,1,14057,0,0.0,FAN1,0,0,0,0,0.0,COILS,8,1,0,0,0.0,PUMP,0,0,0,0,0.0,INJECTOR,8,1,114,0,0.0,SERVO,1,1,14118,0,0.0,ADD 1,0,1,13871,0,0.0,ADD 2,0,1,13888,0,0.0,ADD 3,0,1,13811,0,0.0,ADD 4,0,1,13860,0,0.0,ADD 5,0,0,0,0,0.0,ADD 6,0,1,13899,0,0.0,ADD 7,0,0,0,0,0.0,EGT2CAN,0,1,13855,0,0.0
1778949404.442349,0.0,13927,-51.0,0,-,0,0,0,0,0.0,-,0,0,0,0,0.0,ECU,1,1,13828,0,0.0,FAN1,0,0,0,0,0.0,COILS,8,1,0,0,0.0,PUMP,0,0,0,0,0.0,INJECTOR,8,1,82,0,0.0,SERVO,1,1,13833,0,0.0,ADD 1,0,1,13877,0,0.0,ADD 2,0,1,13860,0,0.0,ADD 3,0,1,13877,0,0.0,ADD 4,0,1,13822,0,0.0,ADD 5,0,0,0,0,0.0,ADD 6,0,1,13915,0,0.0,ADD 7,0,0,0,0,0.0,EGT2CAN,0,1,13866,0,0.0
1778949404.505681,0.0,14360,-51.0,0,-,0,0,0,0,0.0,-,0,0,0,0,0.0,ECU,1,1,14304,0,0.0,FAN1,0,0,0,0,0.0,COILS,8,1,0,0,0.0,PUMP,0,0,0,0,0.0,INJECTOR,8,1,87,0,0.0,SERVO,1,1,14375,0,0.0,ADD 1,0,1,14353,0,0.0,ADD 2,0,1,14358,0,0.0,ADD 3,0,1,14331,0,0.0,ADD 4,0,1,14271,0,0.0,ADD 5,0,0,0,0,0.0,ADD 6,0,1,14304,0,0.0,ADD 7,0,0,0,0,0.0,EGT2CAN,0,1,14216,0,0.0
1778949404.5570679,0.0,13964,-51.0,0,-,0,0,0,0,0.0,-,0,0,0,0,0.0,ECU,1,1,13948,0,0.0,FAN1,0,0,0,0,0.0,COILS,8,1,0,0,0.0,PUMP,0,0,0,0,0.0,INJECTOR,8,1,82,0,0.0,SERVO,1,1,14025,0,0.0,ADD 1,0,1,14353,0,0.0,ADD 2,0,1,14358,0,0.0,ADD 3,0,1,14331,0,0.0,ADD 4,0,1,14271,0,0.0,ADD 5,0,0,0,0,0.0,ADD 6,0,1,14304,0,0.0,ADD 7,0,0,0,0,0.0,EGT2CAN,0,1,14216,0,0.0
1778949404.60818,0.0,13896,-52.0,0,-,0,0,0,0,0.0,-,0,0,0,0,0.0,ECU,1,1,13948,0,0.0,FAN1,0,0,0,0,0.0,COILS,8,1,0,0,0.0,PUMP,0,0,0,0,0.0,INJECTOR,8,1,82,0,0.0,SERVO,1,1,14025,0,0.0,ADD 1,0,1,14123,0,0.0,ADD 2,0,1,14112,0,0.0,ADD 3,0,1,14123,0,0.0,ADD 4,0,1,14139,0,0.0,ADD 5,0,0,0,0,0.0,ADD 6,0,1,14200,0,0.0,ADD 7,0,0,0,0,0.0,EGT2CAN,0,1,14167,0,0.0
1778949404.658564,0.0,14026,-52.0,0,-,0,0,0,0,0.0,-,0,0,0,0,0.0,ECU,1,1,13877,0,0.0,FAN1,0,0,0,0,0.0,COILS,8,1,0,0,0.0,PUMP,0,0,0,0,0.0,INJECTOR,8,1,87,0,0.0,SERVO,1,1,13828,0,0.0,ADD 1,0,1,13943,0,0.0,ADD 2,0,1,13877,0,0.0,ADD 3,0,1,13888,0,0.0,ADD 4,0,1,13860,0,0.0,ADD 5,0,0,0,0,0.0,ADD 6,0,1,13975,0,0.0,ADD 7,0,0,0,0,0.0,EGT2CAN,0,1,13926,0,0.0
1778949404.715177,0.0,14026,-52.0,0,-,0,0,0,0,0.0,-,0,0,0,0,0.0,ECU,1,1,13986,0,0.0,FAN1,0,0,0,0,0.0,COILS,8,1,0,0,0.0,PUMP,0,0,0,0,0.0,INJECTOR,8,1,82,0,0.0,SERVO,1,1,13932,0,0.0,ADD 1,0,1,13943,0,0.0,ADD 2,0,1,13877,0,0.0,ADD 3,0,1,13888,0,0.0,ADD 4,0,1,13860,0,0.0,ADD 5,0,0,0,0,0.0,ADD 6,0,1,13975,0,0.0,ADD 7,0,0,0,0,0.0,EGT2CAN,0,1,13926,0,0.0
1778949404.7755406,0.0,14014,-52.0,0,-,0,0,0,0,0.0,-,0,0,0,0,0.0,ECU,1,1,14347,0,0.0,FAN1,0,0,0,0,0.0,COILS,8,1,0,0,0.0,PUMP,0,0,0,0,0.0,INJECTOR,8,1,114,0,0.0,SERVO,1,1,14314,0,0.0,ADD 1,0,1,13882,0,0.0,ADD 2,0,1,13932,0,0.0,ADD 3,0,1,13882,0,0.0,ADD 4,0,1,13871,0,0.0,ADD 5,0,0,0,0,0.0,ADD 6,0,1,13975,0,0.0,ADD 7,0,0,0,0,0.0,EGT2CAN,0,1,13921,0,0.0
1778949404.8270662,0.0,13939,-52.0,0,-,0,0,0,0,0.0,-,0,0,0,0,0.0,ECU,1,1,14036,0,0.0,FAN1,0,0,0,0,0.0,COILS,8,1,0,0,0.0,PUMP,0,0,0,0,0.0,INJECTOR,8,1,109,0,0.0,SERVO,1,1,14057,0,0.0,ADD 1,0,1,13899,0,0.0,ADD 2,0,1,13899,0,0.0,ADD 3,0,1,13860,0,0.0,ADD 4,0,1,13888,0,0.0,ADD 5,0,0,0,0,0.0,ADD 6,0,1,13964,0,0.0,ADD 7,0,0,0,0,0.0,EGT2CAN,0,1,13882,0,0.0
1778949404.8783805,0.0,13939,-52.0,0,-,0,0,0,0,0.0,-,0,0,0,0,0.0,ECU,1,1,13921,0,0.0,FAN1,0,0,0,0,0.0,COILS,8,1,0,0,0.0,PUMP,0,0,0,0,0.0,INJECTOR,8,1,114,0,0.0,SERVO,1,1,13915,0,0.0,ADD 1,0,1,13899,0,0.0,ADD 2,0,1,13899,0,0.0,ADD 3,0,1,13860,0,0.0,ADD 4,0,1,13888,0,0.0,ADD 5,0,0,0,0,0.0,ADD 6,0,1,13964,0,0.0,ADD 7,0,0,0,0,0.0,EGT2CAN,0,1,13882,0,0.0
1778949404.9400249,0.0,14001,-51.0,0,-,0,0,0,0,0.0,-,0,0,0,0,0.0,ECU,1,1,14391,0,0.0,FAN1,0,0,0,0,0.0,COILS,8,1,0,0,0.0,PUMP,0,0,0,0,0.0,INJECTOR,8,1,87,0,0.0,SERVO,1,1,14282,0,0.0,ADD 1,0,1,14276,0,0.0,ADD 2,0,1,14282,0,0.0,ADD 3,0,1,14243,0,0.0,ADD 4,0,1,14238,0,0.0,ADD 5,0,0,0,0,0.0,ADD 6,0,1,14216,0,0.0,ADD 7,0,0,0,0,0.0,EGT2CAN,0,1,14200,0,0.0
1778949404.991937,0.0,13958,-51.0,0,-,0,0,0,0,0.0,-,0,0,0,0,0.0,ECU,1,1,13975,0,0.0,FAN1,0,0,0,0,0.0,COILS,8,1,0,0,0.0,PUMP,0,0,0,0,0.0,INJECTOR,8,1,76,0,0.0,SERVO,1,1,14129,0,0.0,ADD 1,0,1,14183,0,0.0,ADD 2,0,1,14205,0,0.0,ADD 3,0,1,14216,0,0.0,ADD 4,0,1,14205,0,0.0,ADD 5,0,0,0,0,0.0,ADD 6,0,1,14211,0,0.0,ADD 7,0,0,0,0,0.0,EGT2CAN,0,1,14232,0,0.0
1778949405.0580795,0.0,14038,-52.0,0,-,0,0,0,0,0.0,-,0,0,0,0,0.0,ECU,1,1,13877,0,0.0,FAN1,0,0,0,0,0.0,COILS,8,1,0,0,0.0,PUMP,0,0,0,0,0.0,INJECTOR,8,1,82,0,0.0,SERVO,1,1,13850,0,0.0,ADD 1,0,1,13981,0,0.0,ADD 2,0,1,13997,0,0.0,ADD 3,0,1,13959,0,0.0,ADD 4,0,1,13860,0,0.0,ADD 5,0,0,0,0,0.0,ADD 6,0,1,13921,0,0.0,ADD 7,0,0,0,0,0.0,EGT2CAN,0,1,13915,0,0.0
1778949405.1149006,0.0,14038,-52.0,0,-,0,0,0,0,0.0,-,0,0,0,0,0.0,ECU,1,1,13975,0,0.0,FAN1,0,0,0,0,0.0,COILS,8,1,0,0,0.0,PUMP,0,0,0,0,0.0,INJECTOR,8,1,82,0,0.0,SERVO,1,1,13964,0,0.0,ADD 1,0,1,14407,0,0.0,ADD 2,0,1,14424,0,0.0,ADD 3,0,1,14402,0,0.0,ADD 4,0,1,14402,0,0.0,ADD 5,0,0,0,0,0.0,ADD 6,0,1,14386,0,0.0,ADD 7,0,0,0,0,0.0,EGT2CAN,0,1,14386,0,0.0
1778949405.165371,0.0,14397,-52.0,0,-,0,0,0,0,0.0,-,0,0,0,0,0.0,ECU,1,1,13975,0,0.0,FAN1,0,0,0,0,0.0,COILS,8,1,0,0,0.0,PUMP,0,0,0,0,0.0,INJECTOR,8,1,82,0,0.0,SERVO,1,1,13964,0,0.0,ADD 1,0,1,14407,0,0.0,ADD 2,0,1,14424,0,0.0,ADD 3,0,1,14402,0,0.0,ADD 4,0,1,14402,0,0.0,ADD 5,0,0,0,0,0.0,ADD 6,0,1,14386,0,0.0,ADD 7,0,0,0,0,0.0,EGT2CAN,0,1,14386,0,0.0
1778949405.2164779,0.0,14026,-52.0,0,-,0,0,0,0,0.0,-,0,0,0,0,0.0,ECU,1,1,13937,0,0.0,FAN1,0,0,0,0,0.0,COILS,8,1,0,0,0.0,PUMP,0,0,0,0,0.0,INJECTOR,8,1,87,0,0.0,SERVO,1,1,13882,0,0.0,ADD 1,0,1,13910,0,0.0,ADD 2,0,1,13882,0,0.0,ADD 3,0,1,13877,0,0.0,ADD 4,0,1,13877,0,0.0,ADD 5,0,0,0,0,0.0,ADD 6,0,1,13921,0,0.0,ADD 7,0,0,0,0,0.0,EGT2CAN,0,1,13926,0,0.0
1778949405.2689595,0.0,14026,-52.0,0,-,0,0,0,0,0.0,-,0,0,0,0,0.0,ECU,1,1,14036,0,0.0,FAN1,0,0,0,0,0.0,COILS,8,1,0,0,0.0,PUMP,0,0,0,0,0.0,INJECTOR,8,1,87,0,0.0,SERVO,1,1,13986,0,0.0,ADD 1,0,1,13910,0,0.0,ADD 2,0,1,13882,0,0.0,ADD 3,0,1,13877,0,0.0,ADD 4,0,1,13877,0,0.0,ADD 5,0,0,0,0,0.0,ADD 6,0,1,13921,0,0.0,ADD 7,0,0,0,0,0.0,EGT2CAN,0,1,13926,0,0.0
1778949405.3207662,0.0,14447,-51.0,0,-,0,0,0,0,0.0,-,0,0,0,0,0.0,ECU,1,1,14036,0,0.0,FAN1,0,0,0,0,0.0,COILS,8,1,0,0,0.0,PUMP,0,0,0,0,0.0,INJECTOR,8,1,87,0,0.0,SERVO,1,1,13986,0,0.0,ADD 1,0,1,14101,0,0.0,ADD 2,0,1,13970,0,0.0,ADD 3,0,1,13981,0,0.0,ADD 4,0,1,13899,0,0.0,ADD 5,0,0,0,0,0.0,ADD 6,0,1,13992,0,0.0,ADD 7,0,0,0,0,0.0,EGT2CAN,0,1,13937,0,0.0
1778949405.3757231,0.0,13946,-51.0,0,-,0,0,0,0,0.0,-,0,0,0,0,0.0,ECU,1,1,13932,0,0.0,FAN1,0,0,0,0,0.0,COILS,8,1,0,0,0.0,PUMP,0,0,0,0,0.0,INJECTOR,8,1,109,0,0.0,SERVO,1,1,13910,0,0.0,ADD 1,0,1,13953,0,0.0,ADD 2,0,1,13943,0,0.0,ADD 3,0,1,13937,0,0.0,ADD 4,0,1,13877,0,0.0,ADD 5,0,0,0,0,0.0,ADD 6,0,1,13948,0,0.0,ADD 7,0,0,0,0,0.0,EGT2CAN,0,1,13937,0,0.0
1778949405.4260705,0.0,13946,-51.0,0,-,0,0,0,0,0.0,-,0,0,0,0,0.0,ECU,1,1,13921,0,0.0,FAN1,0,0,0,0,0.0,COILS,8,1,0,0,0.0,PUMP,0,0,0,0,0.0,INJECTOR,8,1,76,0,0.0,SERVO,1,1,13915,0,0.0,ADD 1,0,1,14003,0,0.0,ADD 2,0,1,14036,0,0.0,ADD 3,0,1,14008,0,0.0,ADD 4,0,1,13953,0,0.0,ADD 5,0,0,0,0,0.0,ADD 6,0,1,13948,0,0.0,ADD 7,0,0,0,0,0.0,EGT2CAN,0,1,13937,0,0.0
1778949405.4770508,0.0,14088,-52.0,0,-,0,0,0,0,0.0,-,0,0,0,0,0.0,ECU,1,1,13921,0,0.0,FAN1,0,0,0,0,0.0,COILS,8,1,0,0,0.0,PUMP,0,0,0,0,0.0,INJECTOR,8,1,76,0,0.0,SERVO,1,1,13915,0,0.0,ADD 1,0,1,14003,0,0.0,ADD 2,0,1,14036,0,0.0,ADD 3,0,1,14008,0,0.0,ADD 4,0,1,13953,0,0.0,ADD 5,0,0,0,0,0.0,ADD 6,0,1,14036,0,0.0,ADD 7,0,0,0,0,0.0,EGT2CAN,0,1,13953,0,0.0
1778949405.5283237,0.0,13964,-51.0,0,-,0,0,0,0,0.0,-,0,0,0,0,0.0,ECU,1,1,14271,0,0.0,FAN1,0,0,0,0,0.0,COILS,8,1,0,0,0.0,PUMP,0,0,0,0,0.0,INJECTOR,8,1,87,0,0.0,SERVO,1,1,14386,0,0.0,ADD 1,0,1,13899,0,0.0,ADD 2,0,1,13921,0,0.0,ADD 3,0,1,13860,0,0.0,ADD 4,0,1,13877,0,0.0,ADD 5,0,0,0,0,0.0,ADD 6,0,1,13970,0,0.0,ADD 7,0,0,0,0,0.0,EGT2CAN,0,1,13948,0,0.0
1778949405.57937,0.0,13964,-51.0,0,-,0,0,0,0,0.0,-,0,0,0,0,0.0,ECU,1,1,13899,0,0.0,FAN1,0,0,0,0,0.0,COILS,8,1,0,0,0.0,PUMP,0,0,0,0,0.0,INJECTOR,8,1,82,0,0.0,SERVO,1,1,13937,0,0.0,ADD 1,0,1,14036,0,0.0,ADD 2,0,1,14014,0,0.0,ADD 3,0,1,14014,0,0.0,ADD 4,0,1,13811,0,0.0,ADD 5,0,0,0,0,0.0,ADD 6,0,1,13997,0,0.0,ADD 7,0,0,0,0,0.0,EGT2CAN,0,1,13948,0,0.0
1778949405.6301317,0.0,14032,-52.0,0,-,0,0,0,0,0.0,-,0,0,0,0,0.0,ECU,1,1,13899,0,0.0,FAN1,0,0,0,0,0.0,COILS,8,1,0,0,0.0,PUMP,0,0,0,0,0.0,INJECTOR,8,1,82,0,0.0,SERVO,1,1,13937,0,0.0,ADD 1,0,1,14036,0,0.0,ADD 2,0,1,14014,0,0.0,ADD 3,0,1,14014,0,0.0,ADD 4,0,1,13811,0,0.0,ADD 5,0,0,0,0,0.0,ADD 6,0,1,13997,0,0.0,ADD 7,0,0,0,0,0.0,EGT2CAN,0,1,13948,0,0.0
1778949405.7029827,0.0,14156,-52.0,0,-,0,0,0,0,0.0,-,0,0,0,0,0.0,ECU,1,1,14397,0,0.0,FAN1,0,0,0,0,0.0,COILS,8,1,0,0,0.0,PUMP,0,0,0,0,0.0,INJECTOR,8,1,87,0,0.0,SERVO,1,1,14276,0,0.0,ADD 1,0,1,14314,0,0.0,ADD 2,0,1,14304,0,0.0,ADD 3,0,1,14282,0,0.0,ADD 4,0,1,14254,0,0.0,ADD 5,0,0,0,0,0.0,ADD 6,0,1,14254,0,0.0,ADD 7,0,0,0,0,0.0,EGT2CAN,0,1,14123,0,0.0
1778949405.757163,0.0,14156,-52.0,0,-,0,0,0,0,0.0,-,0,0,0,0,0.0,ECU,1,1,13932,0,0.0,FAN1,0,0,0,0,0.0,COILS,8,1,0,0,0.0,PUMP,0,0,0,0,0.0,INJECTOR,8,1,76,0,0.0,SERVO,1,1,14014,0,0.0,ADD 1,0,1,13986,0,0.0,ADD 2,0,1,14036,0,0.0,ADD 3,0,1,14057,0,0.0,ADD 4,0,1,13997,0,0.0,ADD 5,0,0,0,0,0.0,ADD 6,0,1,14063,0,0.0,ADD 7,0,0,0,0,0.0,EGT2CAN,0,1,14112,0,0.0
1778949405.8080726,0.0,14032,-51.0,0,-,0,0,0,0,0.0,-,0,0,0,0,0.0,ECU,1,1,13953,0,0.0,FAN1,0,0,0,0,0.0,COILS,8,1,0,0,0.0,PUMP,0,0,0,0,0.0,INJECTOR,8,1,87,0,0.0,SERVO,1,1,13959,0,0.0,ADD 1,0,1,13970,0,0.0,ADD 2,0,1,14036,0,0.0,ADD 3,0,1,13937,0,0.0,ADD 4,0,1,13937,0,0.0,ADD 5,0,0,0,0,0.0,ADD 6,0,1,14025,0,0.0,ADD 7,0,0,0,0,0.0,EGT2CAN,0,1,14003,0,0.0
1778949405.859072,0.0,14032,-51.0,0,-,0,0,0,0,0.0,-,0,0,0,0,0.0,ECU,1,1,13953,0,0.0,FAN1,0,0,0,0,0.0,COILS,8,1,0,0,0.0,PUMP,0,0,0,0,0.0,INJECTOR,8,1,87,0,0.0,SERVO,1,1,13959,0,0.0,ADD 1,0,1,13970,0,0.0,ADD 2,0,1,14036,0,0.0,ADD 3,0,1,13937,0,0.0,ADD 4,0,1,13937,0,0.0,ADD 5,0,0,0,0,0.0,ADD 6,0,1,14025,0,0.0,ADD 7,0,0,0,0,0.0,EGT2CAN,0,1,14003,0,0.0
1778949405.9104166,0.0,14032,-51.0,0,-,0,0,0,0,0.0,-,0,0,0,0,0.0,ECU,1,1,13970,0,0.0,FAN1,0,0,0,0,0.0,COILS,8,1,0,0,0.0,PUMP,0,0,0,0,0.0,INJECTOR,8,1,87,0,0.0,SERVO,1,1,13964,0,0.0,ADD 1,0,1,14375,0,0.0,ADD 2,0,1,14457,0,0.0,ADD 3,0,1,14375,0,0.0,ADD 4,0,1,14413,0,0.0,ADD 5,0,0,0,0,0.0,ADD 6,0,1,14413,0,0.0,ADD 7,0,0,0,0,0.0,EGT2CAN,0,1,14451,0,0.0
1778949405.9627662,0.0,14045,-51.0,0,-,0,0,0,0,0.0,-,0,0,0,0,0.0,ECU,1,1,13986,0,0.0,FAN1,0,0,0,0,0.0,COILS,8,1,0,0,0.0,PUMP,0,0,0,0,0.0,INJECTOR,8,1,92,0,0.0,SERVO,1,1,13921,0,0.0,ADD 1,0,1,13953,0,0.0,ADD 2,0,1,14008,0,0.0,ADD 3,0,1,13986,0,0.0,ADD 4,0,1,13893,0,0.0,ADD 5,0,0,0,0,0.0,ADD 6,0,1,13986,0,0.0,ADD 7,0,0,0,0,0.0,EGT2CAN,0,1,14003,0,0.0
1778949406.0132518,0.0,14045,-51.0,0,-,0,0,0,0,0.0,-,0,0,0,0,0.0,ECU,1,1,13986,0,0.0,FAN1,0,0,0,0,0.0,COILS,8,1,0,0,0.0,PUMP,0,0,0,0,0.0,INJECTOR,8,1,92,0,0.0,SERVO,1,1,13959,0,0.0,ADD 1,0,1,13953,0,0.0,ADD 2,0,1,14008,0,0.0,ADD 3,0,1,13986,0,0.0,ADD 4,0,1,13893,0,0.0,ADD 5,0,0,0,0,0.0,ADD 6,0,1,13986,0,0.0,ADD 7,0,0,0,0,0.0,EGT2CAN,0,1,14003,0,0.0
1778949406.0639386,0.0,14366,-52.0,0,-,0,0,0,0,0.0,-,0,0,0,0,0.0,ECU,1,1,13986,0,0.0,FAN1,0,0,0,0,0.0,COILS,8,1,0,0,0.0,PUMP,0,0,0,0,0.0,INJECTOR,8,1,92,0,0.0,SERVO,1,1,13959,0,0.0,ADD 1,0,1,13953,0,0.0,ADD 2,0,1,14030,0,0.0,ADD 3,0,1,14008,0,0.0,ADD 4,0,1,13970,0,0.0,ADD 5,0,0,0,0,0.0,ADD 6,0,1,14003,0,0.0,ADD 7,0,0,0,0,0.0,EGT2CAN,0,1,13948,0,0.0
1778949406.1362047,0.0,14014,-52.0,0,-,0,0,0,0,0.0,-,0,0,0,0,0.0,ECU,1,1,14156,0,0.0,FAN1,0,0,0,0,0.0,COILS,8,1,0,0,0.0,PUMP,0,0,0,0,0.0,INJECTOR,8,1,82,0,0.0,SERVO,1,1,14325,0,0.0,ADD 1,0,1,14358,0,0.0,ADD 2,0,1,14380,0,0.0,ADD 3,0,1,14358,0,0.0,ADD 4,0,1,14325,0,0.0,ADD 5,0,0,0,0,0.0,ADD 6,0,1,14391,0,0.0,ADD 7,0,0,0,0,0.0,EGT2CAN,0,1,14418,0,0.0
1778949406.1877556,0.0,14014,-52.0,0,-,0,0,0,0,0.0,-,0,0,0,0,0.0,ECU,1,1,13975,0,0.0,FAN1,0,0,0,0,0.0,COILS,8,1,0,0,0.0,PUMP,0,0,0,0,0.0,INJECTOR,8,1,82,0,0.0,SERVO,1,1,13899,0,0.0,ADD 1,0,1,13964,0,0.0,ADD 2,0,1,13943,0,0.0,ADD 3,0,1,13948,0,0.0,ADD 4,0,1,13910,0,0.0,ADD 5,0,0,0,0,0.0,ADD 6,0,1,13964,0,0.0,ADD 7,0,0,0,0,0.0,EGT2CAN,0,1,13910,0,0.0
1778949406.2380826,0.0,14057,-52.0,0,-,0,0,0,0,0.0,-,0,0,0,0,0.0,ECU,1,1,13997,0,0.0,FAN1,0,0,0,0,0.0,COILS,8,1,0,0,0.0,PUMP,0,0,0,0,0.0,INJECTOR,8,1,82,0,0.0,SERVO,1,1,14090,0,0.0,ADD 1,0,1,13992,0,0.0,ADD 2,0,1,14008,0,0.0,ADD 3,0,1,13948,0,0.0,ADD 4,0,1,13926,0,0.0,ADD 5,0,0,0,0,0.0,ADD 6,0,1,14008,0,0.0,ADD 7,0,0,0,0,0.0,EGT2CAN,0,1,14036,0,0.0
1778949406.2898066,0.0,14156,-51.0,0,-,0,0,0,0,0.0,-,0,0,0,0,0.0,ECU,1,1,13997,0,0.0,FAN1,0,0,0,0,0.0,COILS,8,1,0,0,0.0,PUMP,0,0,0,0,0.0,INJECTOR,8,1,76,0,0.0,SERVO,1,1,13964,0,0.0,ADD 1,0,1,14036,0,0.0,ADD 2,0,1,14074,0,0.0,ADD 3,0,1,14052,0,0.0,ADD 4,0,1,13975,0,0.0,ADD 5,0,0,0,0,0.0,ADD 6,0,1,14014,0,0.0,ADD 7,0,0,0,0,0.0,EGT2CAN,0,1,14003,0,0.0
1778949406.3401146,0.0,14156,-51.0,0,-,0,0,0,0,0.0,-,0,0,0,0,0.0,ECU,1,1,14353,0,0.0,FAN1,0,0,0,0,0.0,COILS,8,1,0,0,0.0,PUMP,0,0,0,0,0.0,INJECTOR,8,1,125,0,0.0,SERVO,1,1,14134,0,0.0,ADD 1,0,1,14276,0,0.0,ADD 2,0,1,14249,0,0.0,ADD 3,0,1,14232,0,0.0,ADD 4,0,1,14200,0,0.0,ADD 5,0,0,0,0,0.0,ADD 6,0,1,14342,0,0.0,ADD 7,0,0,0,0,0.0,EGT2CAN,0,1,14331,0,0.0
1778949406.3949614,0.0,14001,-52.0,0,-,0,0,0,0,0.0,-,0,0,0,0,0.0,ECU,1,1,14293,0,0.0,FAN1,0,0,0,0,0.0,COILS,8,1,0,0,0.0,PUMP,0,0,0,0,0.0,INJECTOR,8,1,114,0,0.0,SERVO,1,1,14375,0,0.0,ADD 1,0,1,13986,0,0.0,ADD 2,0,1,13953,0,0.0,ADD 3,0,1,13953,0,0.0,ADD 4,0,1,13975,0,0.0,ADD 5,0,0,0,0,0.0,ADD 6,0,1,14041,0,0.0,ADD 7,0,0,0,0,0.0,EGT2CAN,0,1,13953,0,0.0
1778949406.446647,0.0,13995,-52.0,0,-,0,0,0,0,0.0,-,0,0,0,0,0.0,ECU,1,1,13964,0,0.0,FAN1,0,0,0,0,0.0,COILS,8,1,0,0,0.0,PUMP,0,0,0,0,0.0,INJECTOR,8,1,71,0,0.0,SERVO,1,1,14008,0,0.0,ADD 1,0,1,14052,0,0.0,ADD 2,0,1,14101,0,0.0,ADD 3,0,1,14025,0,0.0,ADD 4,0,1,14003,0,0.0,ADD 5,0,0,0,0,0.0,ADD 6,0,1,14172,0,0.0,ADD 7,0,0,0,0,0.0,EGT2CAN,0,1,14145,0,0.0
1778949406.4971023,0.0,14416,-52.0,0,-,0,0,0,0,0.0,-,0,0,0,0,0.0,ECU,1,1,13997,0,0.0,FAN1,0,0,0,0,0.0,COILS,8,1,0,0,0.0,PUMP,0,0,0,0,0.0,INJECTOR,8,1,71,0,0.0,SERVO,1,1,13970,0,0.0,ADD 1,0,1,14052,0,0.0,ADD 2,0,1,14025,0,0.0,ADD 3,0,1,14041,0,0.0,ADD 4,0,1,14014,0,0.0,ADD 5,0,0,0,0,0.0,ADD 6,0,1,14085,0,0.0,ADD 7,0,0,0,0,0.0,EGT2CAN,0,1,13992,0,0.0
1778949406.5596235,0.0,14298,-51.0,0,-,0,0,0,0,0.0,-,0,0,0,0,0.0,ECU,1,1,13997,0,0.0,FAN1,0,0,0,0,0.0,COILS,8,1,0,0,0.0,PUMP,0,0,0,0,0.0,INJECTOR,8,1,71,0,0.0,SERVO,1,1,13970,0,0.0,ADD 1,0,1,14052,0,0.0,ADD 2,0,1,14025,0,0.0,ADD 3,0,1,14041,0,0.0,ADD 4,0,1,14014,0,0.0,ADD 5,0,0,0,0,0.0,ADD 6,0,1,14085,0,0.0,ADD 7,0,0,0,0,0.0,EGT2CAN,0,1,13992,0,0.0
1778949406.6102402,0.0,14298,-51.0,0,-,0,0,0,0,0.0,-,0,0,0,0,0.0,ECU,1,1,14353,0,0.0,FAN1,0,0,0,0,0.0,COILS,8,1,0,0,0.0,PUMP,0,0,0,0,0.0,INJECTOR,8,1,87,0,0.0,SERVO,1,1,14435,0,0.0,ADD 1,0,1,14511,0,0.0,ADD 2,0,1,14500,0,0.0,ADD 3,0,1,14473,0,0.0,ADD 4,0,1,14457,0,0.0,ADD 5,0,0,0,0,0.0,ADD 6,0,1,14522,0,0.0,ADD 7,0,0,0,0,0.0,EGT2CAN,0,1,14506,0,0.0
1778949406.6610758,0.0,14032,-51.0,0,-,0,0,0,0,0.0,-,0,0,0,0,0.0,ECU,1,1,14216,0,0.0,FAN1,0,0,0,0,0.0,COILS,8,1,0,0,0.0,PUMP,0,0,0,0,0.0,INJECTOR,8,1,82,0,0.0,SERVO,1,1,14336,0,0.0,ADD 1,0,1,13986,0,0.0,ADD 2,0,1,13986,0,0.0,ADD 3,0,1,13981,0,0.0,ADD 4,0,1,13948,0,0.0,ADD 5,0,0,0,0,0.0,ADD 6,0,1,14036,0,0.0,ADD 7,0,0,0,0,0.0,EGT2CAN,0,1,13964,0,0.0
1778949406.7123876,0.0,14032,-51.0,0,-,0,0,0,0,0.0,-,0,0,0,0,0.0,ECU,1,1,14216,0,0.0,FAN1,0,0,0,0,0.0,COILS,8,1,0,0,0.0,PUMP,0,0,0,0,0.0,INJECTOR,8,1,82,0,0.0,SERVO,1,1,14336,0,0.0,ADD 1,0,1,13986,0,0.0,ADD 2,0,1,13986,0,0.0,ADD 3,0,1,13981,0,0.0,ADD 4,0,1,13948,0,0.0,ADD 5,0,0,0,0,0.0,ADD 6,0,1,14036,0,0.0,ADD 7,0,0,0,0,0.0,EGT2CAN,0,1,13964,0,0.0
1778949406.763457,0.0,14032,-51.0,0,-,0,0,0,0,0.0,-,0,0,0,0,0.0,ECU,1,1,14041,0,0.0,FAN1,0,0,0,0,0.0,COILS,8,1,0,0,0.0,PUMP,0,0,0,0,0.0,INJECTOR,8,1,87,0,0.0,SERVO,1,1,13992,0,0.0,ADD 1,0,1,14101,0,0.0,ADD 2,0,1,14101,0,0.0,ADD 3,0,1,14074,0,0.0,ADD 4,0,1,14057,0,0.0,ADD 5,0,0,0,0,0.0,ADD 6,0,1,14096,0,0.0,ADD 7,0,0,0,0,0.0,EGT2CAN,0,1,14063,0,0.0
1778949406.8137527,0.0,14026,-51.0,0,-,0,0,0,0,0.0,-,0,0,0,0,0.0,ECU,1,1,14435,0,0.0,FAN1,0,0,0,0,0.0,COILS,8,1,0,0,0.0,PUMP,0,0,0,0,0.0,INJECTOR,8,1,82,0,0.0,SERVO,1,1,14473,0,0.0,ADD 1,0,1,13986,0,0.0,ADD 2,0,1,13992,0,0.0,ADD 3,0,1,13981,0,0.0,ADD 4,0,1,13970,0,0.0,ADD 5,0,0,0,0,0.0,ADD 6,0,1,13997,0,0.0,ADD 7,0,0,0,0,0.0,EGT2CAN,0,1,13943,0,0.0
1778949406.8645794,0.0,14026,-51.0,0,-,0,0,0,0,0.0,-,0,0,0,0,0.0,ECU,1,1,14046,0,0.0,FAN1,0,0,0,0,0.0,COILS,8,1,0,0,0.0,PUMP,0,0,0,0,0.0,INJECTOR,8,1,82,0,0.0,SERVO,1,1,14079,0,0.0,ADD 1,0,1,14118,0,0.0,ADD 2,0,1,14096,0,0.0,ADD 3,0,1,14129,0,0.0,ADD 4,0,1,14079,0,0.0,ADD 5,0,0,0,0,0.0,ADD 6,0,1,14183,0,0.0,ADD 7,0,0,0,0,0.0,EGT2CAN,0,1,14194,0,0.0
1778949406.9151108,0.0,14076,-52.0,0,-,0,0,0,0,0.0,-,0,0,0,0,0.0,ECU,1,1,14046,0,0.0,FAN1,0,0,0,0,0.0,COILS,8,1,0,0,0.0,PUMP,0,0,0,0,0.0,INJECTOR,8,1,82,0,0.0,SERVO,1,1,14079,0,0.0,ADD 1,0,1,14118,0,0.0,ADD 2,0,1,14096,0,0.0,ADD 3,0,1,14129,0,0.0,ADD 4,0,1,14079,0,0.0,ADD 5,0,0,0,0,0.0,ADD 6,0,1,14183,0,0.0,ADD 7,0,0,0,0,0.0,EGT2CAN,0,1,14194,0,0.0
1778949406.9654446,0.0,14435,-51.0,0,-,0,0,0,0,0.0,-,0,0,0,0,0.0,ECU,1,1,14063,0,0.0,FAN1,0,0,0,0,0.0,COILS,8,1,0,0,0.0,PUMP,0,0,0,0,0.0,INJECTOR,8,1,87,0,0.0,SERVO,1,1,14036,0,0.0,ADD 1,0,1,14090,0,0.0,ADD 2,0,1,14112,0,0.0,ADD 3,0,1,14074,0,0.0,ADD 4,0,1,14074,0,0.0,ADD 5,0,0,0,0,0.0,ADD 6,0,1,14129,0,0.0,ADD 7,0,0,0,0,0.0,EGT2CAN,0,1,13992,0,0.0
1778949407.0167263,0.0,14435,-51.0,0,-,0,0,0,0,0.0,-,0,0,0,0,0.0,ECU,1,1,14063,0,0.0,FAN1,0,0,0,0,0.0,COILS,8,1,0,0,0.0,PUMP,0,0,0,0,0.0,INJECTOR,8,1,87,0,0.0,SERVO,1,1,14036,0,0.0,ADD 1,0,1,14090,0,0.0,ADD 2,0,1,14112,0,0.0,ADD 3,0,1,14074,0,0.0,ADD 4,0,1,14074,0,0.0,ADD 5,0,0,0,0,0.0,ADD 6,0,1,14129,0,0.0,ADD 7,0,0,0,0,0.0,EGT2CAN,0,1,13992,0,0.0
1778949407.0675044,0.0,14435,-51.0,0,-,0,0,0,0,0.0,-,0,0,0,0,0.0,ECU,1,1,14424,0,0.0,FAN1,0,0,0,0,0.0,COILS,8,1,0,0,0.0,PUMP,0,0,0,0,0.0,INJECTOR,8,1,87,0,0.0,SERVO,1,1,14451,0,0.0,ADD 1,0,1,14511,0,0.0,ADD 2,0,1,14473,0,0.0,ADD 3,0,1,14446,0,0.0,ADD 4,0,1,14391,0,0.0,ADD 5,0,0,0,0,0.0,ADD 6,0,1,14457,0,0.0,ADD 7,0,0,0,0,0.0,EGT2CAN,0,1,14413,0,0.0
1778949407.1244361,0.0,14057,-52.0,0,-,0,0,0,0,0.0,-,0,0,0,0,0.0,ECU,1,1,14282,0,0.0,FAN1,0,0,0,0,0.0,COILS,8,1,0,0,0.0,PUMP,0,0,0,0,0.0,INJECTOR,8,1,109,0,0.0,SERVO,1,1,14380,0,0.0,ADD 1,0,1,13986,0,0.0,ADD 2,0,1,14014,0,0.0,ADD 3,0,1,14030,0,0.0,ADD 4,0,1,13986,0,0.0,ADD 5,0,0,0,0,0.0,ADD 6,0,1,14025,0,0.0,ADD 7,0,0,0,0,0.0,EGT2CAN,0,1,14019,0,0.0
1778949407.1814113,0.0,14057,-52.0,0,-,0,0,0,0,0.0,-,0,0,0,0,0.0,ECU,1,1,13981,0,0.0,FAN1,0,0,0,0,0.0,COILS,8,1,0,0,0.0,PUMP,0,0,0,0,0.0,INJECTOR,8,1,82,0,0.0,SERVO,1,1,13992,0,0.0,ADD 1,0,1,13986,0,0.0,ADD 2,0,1,14014,0,0.0,ADD 3,0,1,14030,0,0.0,ADD 4,0,1,13986,0,0.0,ADD 5,0,0,0,0,0.0,ADD 6,0,1,14025,0,0.0,ADD 7,0,0,0,0,0.0,EGT2CAN,0,1,14019,0,0.0
1778949407.233436,0.0,14472,-51.0,0,-,0,0,0,0,0.0,-,0,0,0,0,0.0,ECU,1,1,14101,0,0.0,FAN1,0,0,0,0,0.0,COILS,8,1,0,0,0.0,PUMP,0,0,0,0,0.0,INJECTOR,8,1,76,0,0.0,SERVO,1,1,13992,0,0.0,ADD 1,0,1,14572,0,0.0,ADD 2,0,1,14555,0,0.0,ADD 3,0,1,14511,0,0.0,ADD 4,0,1,14484,0,0.0,ADD 5,0,0,0,0,0.0,ADD 6,0,1,14544,0,0.0,ADD 7,0,0,0,0,0.0,EGT2CAN,0,1,14490,0,0.0
1778949407.2950866,0.0,14175,-52.0,0,-,0,0,0,0,0.0,-,0,0,0,0,0.0,ECU,1,1,14336,0,0.0,FAN1,0,0,0,0,0.0,COILS,8,1,0,0,0.0,PUMP,0,0,0,0,0.0,INJECTOR,8,1,92,0,0.0,SERVO,1,1,14260,0,0.0,ADD 1,0,1,14178,0,0.0,ADD 2,0,1,14167,0,0.0,ADD 3,0,1,14167,0,0.0,ADD 4,0,1,14200,0,0.0,ADD 5,0,0,0,0,0.0,ADD 6,0,1,14293,0,0.0,ADD 7,0,0,0,0,0.0,EGT2CAN,0,1,14260,0,0.0
1778949407.345797,0.0,14175,-52.0,0,-,0,0,0,0,0.0,-,0,0,0,0,0.0,ECU,1,1,14172,0,0.0,FAN1,0,0,0,0,0.0,COILS,8,1,0,0,0.0,PUMP,0,0,0,0,0.0,INJECTOR,8,1,82,0,0.0,SERVO,1,1,14260,0,0.0,ADD 1,0,1,14178,0,0.0,ADD 2,0,1,14167,0,0.0,ADD 3,0,1,14167,0,0.0,ADD 4,0,1,14200,0,0.0,ADD 5,0,0,0,0,0.0,ADD 6,0,1,14293,0,0.0,ADD 7,0,0,0,0,0.0,EGT2CAN,0,1,14260,0,0.0
1778949407.396228,0.0,14237,-51.0,0,-,0,0,0,0,0.0,-,0,0,0,0,0.0,ECU,1,1,14008,0,0.0,FAN1,0,0,0,0,0.0,COILS,8,1,0,0,0.0,PUMP,0,0,0,0,0.0,INJECTOR,8,1,87,0,0.0,SERVO,1,1,14041,0,0.0,ADD 1,0,1,14101,0,0.0,ADD 2,0,1,14036,0,0.0,ADD 3,0,1,14101,0,0.0,ADD 4,0,1,14041,0,0.0,ADD 5,0,0,0,0,0.0,ADD 6,0,1,14101,0,0.0,ADD 7,0,0,0,0,0.0,EGT2CAN,0,1,14008,0,0.0
1778949407.4477427,0.0,14397,-51.0,0,-,0,0,0,0,0.0,-,0,0,0,0,0.0,ECU,1,1,14008,0,0.0,FAN1,0,0,0,0,0.0,COILS,8,1,0,0,0.0,PUMP,0,0,0,0,0.0,INJECTOR,8,1,87,0,0.0,SERVO,1,1,14041,0,0.0,ADD 1,0,1,14101,0,0.0,ADD 2,0,1,14036,0,0.0,ADD 3,0,1,14101,0,0.0,ADD 4,0,1,14041,0,0.0,ADD 5,0,0,0,0,0.0,ADD 6,0,1,14101,0,0.0,ADD 7,0,0,0,0,0.0,EGT2CAN,0,1,14008,0,0.0
1778949407.5012155,0.0,14397,-51.0,0,-,0,0,0,0,0.0,-,0,0,0,0,0.0,ECU,1,1,14533,0,0.0,FAN1,0,0,0,0,0.0,COILS,8,1,0,0,0.0,PUMP,0,0,0,0,0.0,INJECTOR,8,1,87,0,0.0,SERVO,1,1,14539,0,0.0,ADD 1,0,1,14572,0,0.0,ADD 2,0,1,14566,0,0.0,ADD 3,0,1,14500,0,0.0,ADD 4,0,1,14490,0,0.0,ADD 5,0,0,0,0,0.0,ADD 6,0,1,14101,0,0.0,ADD 7,0,0,0,0,0.0,EGT2CAN,0,1,14008,0,0.0
1778949407.552213,0.0,14057,-51.0,0,-,0,0,0,0,0.0,-,0,0,0,0,0.0,ECU,1,1,14380,0,0.0,FAN1,0,0,0,0,0.0,COILS,8,1,0,0,0.0,PUMP,0,0,0,0,0.0,INJECTOR,8,1,87,0,0.0,SERVO,1,1,14479,0,0.0,ADD 1,0,1,14025,0,0.0,ADD 2,0,1,14025,0,0.0,ADD 3,0,1,14025,0,0.0,ADD 4,0,1,13986,0,0.0,ADD 5,0,0,0,0,0.0,ADD 6,0,1,14074,0,0.0,ADD 7,0,0,0,0,0.0,EGT2CAN,0,1,14019,0,0.0
1778949407.6037643,0.0,14057,-51.0,0,-,0,0,0,0,0.0,-,0,0,0,0,0.0,ECU,1,1,14380,0,0.0,FAN1,0,0,0,0,0.0,COILS,8,1,0,0,0.0,PUMP,0,0,0,0,0.0,INJECTOR,8,1,87,0,0.0,SERVO,1,1,14479,0,0.0,ADD 1,0,1,14025,0,0.0,ADD 2,0,1,14025,0,0.0,ADD 3,0,1,14025,0,0.0,ADD 4,0,1,13986,0,0.0,ADD 5,0,0,0,0,0.0,ADD 6,0,1,14074,0,0.0,ADD 7,0,0,0,0,0.0,EGT2CAN,0,1,14019,0,0.0
1778949407.65423,0.0,14057,-51.0,0,-,0,0,0,0,0.0,-,0,0,0,0,0.0,ECU,1,1,14063,0,0.0,FAN1,0,0,0,0,0.0,COILS,8,1,0,0,0.0,PUMP,0,0,0,0,0.0,INJECTOR,8,1,71,0,0.0,SERVO,1,1,14041,0,0.0,ADD 1,0,1,14112,0,0.0,ADD 2,0,1,14129,0,0.0,ADD 3,0,1,14052,0,0.0,ADD 4,0,1,14079,0,0.0,ADD 5,0,0,0,0,0.0,ADD 6,0,1,14074,0,0.0,ADD 7,0,0,0,0,0.0,EGT2CAN,0,1,14019,0,0.0
1778949407.7052429,0.0,14057,-52.0,0,-,0,0,0,0,0.0,-,0,0,0,0,0.0,ECU,1,1,14473,0,0.0,FAN1,0,0,0,0,0.0,COILS,8,1,0,0,0.0,PUMP,0,0,0,0,0.0,INJECTOR,8,1,98,0,0.0,SERVO,1,1,14484,0,0.0,ADD 1,0,1,14030,0,0.0,ADD 2,0,1,14101,0,0.0,ADD 3,0,1,14019,0,0.0,ADD 4,0,1,13997,0,0.0,ADD 5,0,0,0,0,0.0,ADD 6,0,1,14041,0,0.0,ADD 7,0,0,0,0,0.0,EGT2CAN,0,1,14085,0,0.0
1778949407.7563803,0.0,14057,-52.0,0,-,0,0,0,0,0.0,-,0,0,0,0,0.0,ECU,1,1,14473,0,0.0,FAN1,0,0,0,0,0.0,COILS,8,1,0,0,0.0,PUMP,0,0,0,0,0.0,INJECTOR,8,1,98,0,0.0,SERVO,1,1,14484,0,0.0,ADD 1,0,1,14030,0,0.0,ADD 2,0,1,14101,0,0.0,ADD 3,0,1,14019,0,0.0,ADD 4,0,1,13997,0,0.0,ADD 5,0,0,0,0,0.0,ADD 6,0,1,14041,0,0.0,ADD 7,0,0,0,0,0.0,EGT2CAN,0,1,14085,0,0.0
1778949407.8102503,0.0,14057,-52.0,0,-,0,0,0,0,0.0,-,0,0,0,0,0.0,ECU,1,1,14057,0,0.0,FAN1,0,0,0,0,0.0,COILS,8,1,0,0,0.0,PUMP,0,0,0,0,0.0,INJECTOR,8,1,71,0,0.0,SERVO,1,1,14014,0,0.0,ADD 1,0,1,14052,0,0.0,ADD 2,0,1,14074,0,0.0,ADD 3,0,1,13997,0,0.0,ADD 4,0,1,13953,0,0.0,ADD 5,0,0,0,0,0.0,ADD 6,0,1,14096,0,0.0,ADD 7,0,0,0,0,0.0,EGT2CAN,0,1,14068,0,0.0
1778949407.8613198,0.0,14156,-54.0,0,-,0,0,0,0,0.0,-,0,0,0,0,0.0,ECU,1,1,14583,0,0.0,FAN1,0,0,0,0,0.0,COILS,8,1,0,0,0.0,PUMP,0,0,0,0,0.0,INJECTOR,8,1,76,0,0.0,SERVO,1,1,14517,0,0.0,ADD 1,0,1,14555,0,0.0,ADD 2,0,1,14517,0,0.0,ADD 3,0,1,14490,0,0.0,ADD 4,0,1,14479,0,0.0,ADD 5,0,0,0,0,0.0,ADD 6,0,1,14495,0,0.0,ADD 7,0,0,0,0,0.0,EGT2CAN,0,1,14473,0,0.0
1778949407.9122615,0.0,14156,-54.0,0,-,0,0,0,0,0.0,-,0,0,0,0,0.0,ECU,1,1,14238,0,0.0,FAN1,0,0,0,0,0.0,COILS,8,1,0,0,0.0,PUMP,0,0,0,0,0.0,INJECTOR,8,1,76,0,0.0,SERVO,1,1,14517,0,0.0,ADD 1,0,1,14555,0,0.0,ADD 2,0,1,14517,0,0.0,ADD 3,0,1,14490,0,0.0,ADD 4,0,1,14479,0,0.0,ADD 5,0,0,0,0,0.0,ADD 6,0,1,14495,0,0.0,ADD 7,0,0,0,0,0.0,EGT2CAN,0,1,14473,0,0.0
1778949407.96498,0.0,14255,-51.0,0,-,0,0,0,0,0.0,-,0,0,0,0,0.0,ECU,1,1,14238,0,0.0,FAN1,0,0,0,0,0.0,COILS,8,1,0,0,0.0,PUMP,0,0,0,0,0.0,INJECTOR,8,1,82,0,0.0,SERVO,1,1,14167,0,0.0,ADD 1,0,1,14347,0,0.0,ADD 2,0,1,14331,0,0.0,ADD 3,0,1,14347,0,0.0,ADD 4,0,1,14304,0,0.0,ADD 5,0,0,0,0,0.0,ADD 6,0,1,14418,0,0.0,ADD 7,0,0,0,0,0.0,EGT2CAN,0,1,14418,0,0.0
1778949408.0178995,0.0,14224,-51.0,0,-,0,0,0,0,0.0,-,0,0,0,0,0.0,ECU,1,1,14025,0,0.0,FAN1,0,0,0,0,0.0,COILS,8,1,0,0,0.0,PUMP,0,0,0,0,0.0,INJECTOR,8,1,71,0,0.0,SERVO,1,1,14057,0,0.0,ADD 1,0,1,14282,0,0.0,ADD 2,0,1,14282,0,0.0,ADD 3,0,1,14216,0,0.0,ADD 4,0,1,14194,0,0.0,ADD 5,0,0,0,0,0.0,ADD 6,0,1,14205,0,0.0,ADD 7,0,0,0,0,0.0,EGT2CAN,0,1,14063,0,0.0
1778949408.0882096,0.0,14224,-51.0,0,-,0,0,0,0,0.0,-,0,0,0,0,0.0,ECU,1,1,14298,0,0.0,FAN1,0,0,0,0,0.0,COILS,8,1,0,0,0.0,PUMP,0,0,0,0,0.0,INJECTOR,8,1,82,0,0.0,SERVO,1,1,14063,0,0.0,ADD 1,0,1,14282,0,0.0,ADD 2,0,1,14282,0,0.0,ADD 3,0,1,14216,0,0.0,ADD 4,0,1,14194,0,0.0,ADD 5,0,0,0,0,0.0,ADD 6,0,1,14205,0,0.0,ADD 7,0,0,0,0,0.0,EGT2CAN,0,1,14063,0,0.0
1778949408.1387794,0.0,14100,-51.0,0,-,0,0,0,0,0.0,-,0,0,0,0,0.0,ECU,1,1,14172,0,0.0,FAN1,0,0,0,0,0.0,COILS,8,1,0,0,0.0,PUMP,0,0,0,0,0.0,INJECTOR,8,1,82,0,0.0,SERVO,1,1,14293,0,0.0,ADD 1,0,1,14325,0,0.0,ADD 2,0,1,14358,0,0.0,ADD 3,0,1,14271,0,0.0,ADD 4,0,1,14282,0,0.0,ADD 5,0,0,0,0,0.0,ADD 6,0,1,14386,0,0.0,ADD 7,0,0,0,0,0.0,EGT2CAN,0,1,14358,0,0.0
1778949408.1901166,0.0,14366,-52.0,0,-,0,0,0,0,0.0,-,0,0,0,0,0.0,ECU,1,1,14079,0,0.0,FAN1,0,0,0,0,0.0,COILS,8,1,0,0,0.0,PUMP,0,0,0,0,0.0,INJECTOR,8,1,87,0,0.0,SERVO,1,1,14074,0,0.0,ADD 1,0,1,14123,0,0.0,ADD 2,0,1,14112,0,0.0,ADD 3,0,1,14101,0,0.0,ADD 4,0,1,14057,0,0.0,ADD 5,0,0,0,0,0.0,ADD 6,0,1,14107,0,0.0,ADD 7,0,0,0,0,0.0,EGT2CAN,0,1,14036,0,0.0
1778949408.2408535,0.0,14366,-52.0,0,-,0,0,0,0,0.0,-,0,0,0,0,0.0,ECU,1,1,14216,0,0.0,FAN1,0,0,0,0,0.0,COILS,8,1,0,0,0.0,PUMP,0,0,0,0,0.0,INJECTOR,8,1,65,0,0.0,SERVO,1,1,14046,0,0.0,ADD 1,0,1,14123,0,0.0,ADD 2,0,1,14150,0,0.0,ADD 3,0,1,14025,0,0.0,ADD 4,0,1,14019,0,0.0,ADD 5,0,0,0,0,0.0,ADD 6,0,1,14161,0,0.0,ADD 7,0,0,0,0,0.0,EGT2CAN,0,1,14107,0,0.0
1778949408.2919009,0.0,14391,-52.0,0,-,0,0,0,0,0.0,-,0,0,0,0,0.0,ECU,1,1,14484,0,0.0,FAN1,0,0,0,0,0.0,COILS,8,1,0,0,0.0,PUMP,0,0,0,0,0.0,INJECTOR,8,1,82,0,0.0,SERVO,1,1,14511,0,0.0,ADD 1,0,1,14462,0,0.0,ADD 2,0,1,14473,0,0.0,ADD 3,0,1,14462,0,0.0,ADD 4,0,1,14473,0,0.0,ADD 5,0,0,0,0,0.0,ADD 6,0,1,14566,0,0.0,ADD 7,0,0,0,0,0.0,EGT2CAN,0,1,14566,0,0.0
1778949408.3426983,0.0,14125,-52.0,0,-,0,0,0,0,0.0,-,0,0,0,0,0.0,ECU,1,1,14484,0,0.0,FAN1,0,0,0,0,0.0,COILS,8,1,0,0,0.0,PUMP,0,0,0,0,0.0,INJECTOR,8,1,82,0,0.0,SERVO,1,1,14511,0,0.0,ADD 1,0,1,14101,0,0.0,ADD 2,0,1,14096,0,0.0,ADD 3,0,1,14036,0,0.0,ADD 4,0,1,14025,0,0.0,ADD 5,0,0,0,0,0.0,ADD 6,0,1,14118,0,0.0,ADD 7,0,0,0,0,0.0,EGT2CAN,0,1,13986,0,0.0
1778949408.393821,0.0,14125,-52.0,0,-,0,0,0,0,0.0,-,0,0,0,0,0.0,ECU,1,1,14079,0,0.0,FAN1,0,0,0,0,0.0,COILS,8,1,0,0,0.0,PUMP,0,0,0,0,0.0,INJECTOR,8,1,87,0,0.0,SERVO,1,1,14079,0,0.0,ADD 1,0,1,14107,0,0.0,ADD 2,0,1,14101,0,0.0,ADD 3,0,1,14079,0,0.0,ADD 4,0,1,14003,0,0.0,ADD 5,0,0,0,0,0.0,ADD 6,0,1,14134,0,0.0,ADD 7,0,0,0,0,0.0,EGT2CAN,0,1,14096,0,0.0
1778949408.4476523,0.0,14323,-51.0,0,-,0,0,0,0,0.0,-,0,0,0,0,0.0,ECU,1,1,14129,0,0.0,FAN1,0,0,0,0,0.0,COILS,8,1,0,0,0.0,PUMP,0,0,0,0,0.0,INJECTOR,8,1,65,0,0.0,SERVO,1,1,14003,0,0.0,ADD 1,0,1,14375,0,0.0,ADD 2,0,1,14440,0,0.0,ADD 3,0,1,14375,0,0.0,ADD 4,0,1,14386,0,0.0,ADD 5,0,0,0,0,0.0,ADD 6,0,1,14331,0,0.0,ADD 7,0,0,0,0,0.0,EGT2CAN,0,1,14282,0,0.0
1778949408.5111766,0.0,14366,-51.0,0,-,0,0,0,0,0.0,-,0,0,0,0,0.0,ECU,1,1,14101,0,0.0,FAN1,0,0,0,0,0.0,COILS,8,1,0,0,0.0,PUMP,0,0,0,0,0.0,INJECTOR,8,1,103,0,0.0,SERVO,1,1,14041,0,0.0,ADD 1,0,1,14451,0,0.0,ADD 2,0,1,14479,0,0.0,ADD 3,0,1,14446,0,0.0,ADD 4,0,1,14462,0,0.0,ADD 5,0,0,0,0,0.0,ADD 6,0,1,14550,0,0.0,ADD 7,0,0,0,0,0.0,EGT2CAN,0,1,14462,0,0.0
1778949408.562137,0.0,14187,-51.0,0,-,0,0,0,0,0.0,-,0,0,0,0,0.0,ECU,1,1,14041,0,0.0,FAN1,0,0,0,0,0.0,COILS,8,1,0,0,0.0,PUMP,0,0,0,0,0.0,INJECTOR,8,1,82,0,0.0,SERVO,1,1,14074,0,0.0,ADD 1,0,1,14046,0,0.0,ADD 2,0,1,14074,0,0.0,ADD 3,0,1,14052,0,0.0,ADD 4,0,1,13986,0,0.0,ADD 5,0,0,0,0,0.0,ADD 6,0,1,14118,0,0.0,ADD 7,0,0,0,0,0.0,EGT2CAN,0,1,14101,0,0.0
1778949408.6132457,0.0,14187,-51.0,0,-,0,0,0,0,0.0,-,0,0,0,0,0.0,ECU,1,1,14041,0,0.0,FAN1,0,0,0,0,0.0,COILS,8,1,0,0,0.0,PUMP,0,0,0,0,0.0,INJECTOR,8,1,82,0,0.0,SERVO,1,1,14074,0,0.0,ADD 1,0,1,14046,0,0.0,ADD 2,0,1,14074,0,0.0,ADD 3,0,1,14052,0,0.0,ADD 4,0,1,13986,0,0.0,ADD 5,0,0,0,0,0.0,ADD 6,0,1,14118,0,0.0,ADD 7,0,0,0,0,0.0,EGT2CAN,0,1,14101,0,0.0
1778949408.6640718,0.0,14187,-51.0,0,-,0,0,0,0,0.0,-,0,0,0,0,0.0,ECU,1,1,14107,0,0.0,FAN1,0,0,0,0,0.0,COILS,8,1,0,0,0.0,PUMP,0,0,0,0,0.0,INJECTOR,8,1,82,0,0.0,SERVO,1,1,14123,0,0.0,ADD 1,0,1,14123,0,0.0,ADD 2,0,1,14161,0,0.0,ADD 3,0,1,14123,0,0.0,ADD 4,0,1,14101,0,0.0,ADD 5,0,0,0,0,0.0,ADD 6,0,1,14079,0,0.0,ADD 7,0,0,0,0,0.0,EGT2CAN,0,1,14068,0,0.0
1778949408.7154794,0.0,14286,-51.0,0,-,0,0,0,0,0.0,-,0,0,0,0,0.0,ECU,1,1,14418,0,0.0,FAN1,0,0,0,0,0.0,COILS,8,1,0,0,0.0,PUMP,0,0,0,0,0.0,INJECTOR,8,1,87,0,0.0,SERVO,1,1,14123,0,0.0,ADD 1,0,1,14189,0,0.0,ADD 2,0,1,14216,0,0.0,ADD 3,0,1,14172,0,0.0,ADD 4,0,1,14112,0,0.0,ADD 5,0,0,0,0,0.0,ADD 6,0,1,14167,0,0.0,ADD 7,0,0,0,0,0.0,EGT2CAN,0,1,14254,0,0.0
1778949408.767272,0.0,14286,-51.0,0,-,0,0,0,0,0.0,-,0,0,0,0,0.0,ECU,1,1,14418,0,0.0,FAN1,0,0,0,0,0.0,COILS,8,1,0,0,0.0,PUMP,0,0,0,0,0.0,INJECTOR,8,1,87,0,0.0,SERVO,1,1,14123,0,0.0,ADD 1,0,1,14189,0,0.0,ADD 2,0,1,14216,0,0.0,ADD 3,0,1,14172,0,0.0,ADD 4,0,1,14112,0,0.0,ADD 5,0,0,0,0,0.0,ADD 6,0,1,14167,0,0.0,ADD 7,0,0,0,0,0.0,EGT2CAN,0,1,14254,0,0.0
1778949408.8196278,0.0,14286,-51.0,0,-,0,0,0,0,0.0,-,0,0,0,0,0.0,ECU,1,1,14293,0,0.0,FAN1,0,0,0,0,0.0,COILS,8,1,0,0,0.0,PUMP,0,0,0,0,0.0,INJECTOR,8,1,114,0,0.0,SERVO,1,1,14375,0,0.0,ADD 1,0,1,14079,0,0.0,ADD 2,0,1,14079,0,0.0,ADD 3,0,1,14074,0,0.0,ADD 4,0,1,14063,0,0.0,ADD 5,0,0,0,0,0.0,ADD 6,0,1,14129,0,0.0,ADD 7,0,0,0,0,0.0,EGT2CAN,0,1,14101,0,0.0
1778949408.8742678,0.0,14447,-51.0,0,-,0,0,0,0,0.0,-,0,0,0,0,0.0,ECU,1,1,14101,0,0.0,FAN1,0,0,0,0,0.0,COILS,8,1,0,0,0.0,PUMP,0,0,0,0,0.0,INJECTOR,8,1,98,0,0.0,SERVO,1,1,14046,0,0.0,ADD 1,0,1,14533,0,0.0,ADD 2,0,1,14517,0,0.0,ADD 3,0,1,14468,0,0.0,ADD 4,0,1,14446,0,0.0,ADD 5,0,0,0,0,0.0,ADD 6,0,1,14539,0,0.0,ADD 7,0,0,0,0,0.0,EGT2CAN,0,1,14561,0,0.0
1778949408.925173,0.0,14447,-51.0,0,-,0,0,0,0,0.0,-,0,0,0,0,0.0,ECU,1,1,14593,0,0.0,FAN1,0,0,0,0,0.0,COILS,8,1,0,0,0.0,PUMP,0,0,0,0,0.0,INJECTOR,8,1,87,0,0.0,SERVO,1,1,14490,0,0.0,ADD 1,0,1,14533,0,0.0,ADD 2,0,1,14517,0,0.0,ADD 3,0,1,14468,0,0.0,ADD 4,0,1,14446,0,0.0,ADD 5,0,0,0,0,0.0,ADD 6,0,1,14539,0,0.0,ADD 7,0,0,0,0,0.0,EGT2CAN,0,1,14561,0,0.0
1778949408.9758363,0.0,14447,-51.0,0,-,0,0,0,0,0.0,-,0,0,0,0,0.0,ECU,1,1,14593,0,0.0,FAN1,0,0,0,0,0.0,COILS,8,1,0,0,0.0,PUMP,0,0,0,0,0.0,INJECTOR,8,1,87,0,0.0,SERVO,1,1,14490,0,0.0,ADD 1,0,1,14129,0,0.0,ADD 2,0,1,14172,0,0.0,ADD 3,0,1,14123,0,0.0,ADD 4,0,1,14129,0,0.0,ADD 5,0,0,0,0,0.0,ADD 6,0,1,14183,0,0.0,ADD 7,0,0,0,0,0.0,EGT2CAN,0,1,14194,0,0.0
1778949409.027436,0.0,14404,-51.0,0,-,0,0,0,0,0.0,-,0,0,0,0,0.0,ECU,1,1,14139,0,0.0,FAN1,0,0,0,0,0.0,COILS,8,1,0,0,0.0,PUMP,0,0,0,0,0.0,INJECTOR,8,1,87,0,0.0,SERVO,1,1,14107,0,0.0,ADD 1,0,1,14123,0,0.0,ADD 2,0,1,14139,0,0.0,ADD 3,0,1,14068,0,0.0,ADD 4,0,1,14057,0,0.0,ADD 5,0,0,0,0,0.0,ADD 6,0,1,14150,0,0.0,ADD 7,0,0,0,0,0.0,EGT2CAN,0,1,14101,0,0.0
1778949409.079739,0.0,14404,-51.0,0,-,0,0,0,0,0.0,-,0,0,0,0,0.0,ECU,1,1,14139,0,0.0,FAN1,0,0,0,0,0.0,COILS,8,1,0,0,0.0,PUMP,0,0,0,0,0.0,INJECTOR,8,1,87,0,0.0,SERVO,1,1,14107,0,0.0,ADD 1,0,1,14123,0,0.0,ADD 2,0,1,14139,0,0.0,ADD 3,0,1,14068,0,0.0,ADD 4,0,1,14057,0,0.0,ADD 5,0,0,0,0,0.0,ADD 6,0,1,14150,0,0.0,ADD 7,0,0,0,0,0.0,EGT2CAN,0,1,14101,0,0.0
1778949409.131195,0.0,14404,-51.0,0,-,0,0,0,0,0.0,-,0,0,0,0,0.0,ECU,1,1,14572,0,0.0,FAN1,0,0,0,0,0.0,COILS,8,1,0,0,0.0,PUMP,0,0,0,0,0.0,INJECTOR,8,1,87,0,0.0,SERVO,1,1,14577,0,0.0,ADD 1,0,1,14123,0,0.0,ADD 2,0,1,14139,0,0.0,ADD 3,0,1,14068,0,0.0,ADD 4,0,1,14057,0,0.0,ADD 5,0,0,0,0,0.0,ADD 6,0,1,14150,0,0.0,ADD 7,0,0,0,0,0.0,EGT2CAN,0,1,14101,0,0.0
1778949409.181775,0.0,14113,-52.0,0,-,0,0,0,0,0.0,-,0,0,0,0,0.0,ECU,1,1,14101,0,0.0,FAN1,0,0,0,0,0.0,COILS,8,1,0,0,0.0,PUMP,0,0,0,0,0.0,INJECTOR,8,1,87,0,0.0,SERVO,1,1,14134,0,0.0,ADD 1,0,1,14123,0,0.0,ADD 2,0,1,14112,0,0.0,ADD 3,0,1,14052,0,0.0,ADD 4,0,1,14074,0,0.0,ADD 5,0,0,0,0,0.0,ADD 6,0,1,14178,0,0.0,ADD 7,0,0,0,0,0.0,EGT2CAN,0,1,14118,0,0.0
1778949409.2341535,0.0,14329,-52.0,0,-,0,0,0,0,0.0,-,0,0,0,0,0.0,ECU,1,1,14145,0,0.0,FAN1,0,0,0,0,0.0,COILS,8,1,0,0,0.0,PUMP,0,0,0,0,0.0,INJECTOR,8,1,82,0,0.0,SERVO,1,1,14118,0,0.0,ADD 1,0,1,14522,0,0.0,ADD 2,0,1,14533,0,0.0,ADD 3,0,1,14490,0,0.0,ADD 4,0,1,14473,0,0.0,ADD 5,0,0,0,0,0.0,ADD 6,0,1,14473,0,0.0,ADD 7,0,0,0,0,0.0,EGT2CAN,0,1,14397,0,0.0
1778949409.2847228,0.0,14329,-52.0,0,-,0,0,0,0,0.0,-,0,0,0,0,0.0,ECU,1,1,14123,0,0.0,FAN1,0,0,0,0,0.0,COILS,8,1,0,0,0.0,PUMP,0,0,0,0,0.0,INJECTOR,8,1,76,0,0.0,SERVO,1,1,14150,0,0.0,ADD 1,0,1,14227,0,0.0,ADD 2,0,1,14282,0,0.0,ADD 3,0,1,14304,0,0.0,ADD 4,0,1,14271,0,0.0,ADD 5,0,0,0,0,0.0,ADD 6,0,1,14473,0,0.0,ADD 7,0,0,0,0,0.0,EGT2CAN,0,1,14397,0,0.0
1778949409.3358297,0.0,14082,-51.0,0,-,0,0,0,0,0.0,-,0,0,0,0,0.0,ECU,1,1,14287,0,0.0,FAN1,0,0,0,0,0.0,COILS,8,1,0,0,0.0,PUMP,0,0,0,0,0.0,INJECTOR,8,1,109,0,0.0,SERVO,1,1,14304,0,0.0,ADD 1,0,1,14369,0,0.0,ADD 2,0,1,14407,0,0.0,ADD 3,0,1,14440,0,0.0,ADD 4,0,1,14386,0,0.0,ADD 5,0,0,0,0,0.0,ADD 6,0,1,14495,0,0.0,ADD 7,0,0,0,0,0.0,EGT2CAN,0,1,14457,0,0.0
1778949409.3868937,0.0,14187,-52.0,0,-,0,0,0,0,0.0,-,0,0,0,0,0.0,ECU,1,1,14107,0,0.0,FAN1,0,0,0,0,0.0,COILS,8,1,0,0,0.0,PUMP,0,0,0,0,0.0,INJECTOR,8,1,87,0,0.0,SERVO,1,1,14085,0,0.0,ADD 1,0,1,14025,0,0.0,ADD 2,0,1,14134,0,0.0,ADD 3,0,1,14025,0,0.0,ADD 4,0,1,14090,0,0.0,ADD 5,0,0,0,0,0.0,ADD 6,0,1,14079,0,0.0,ADD 7,0,0,0,0,0.0,EGT2CAN,0,1,14057,0,0.0
1778949409.4377246,0.0,14187,-52.0,0,-,0,0,0,0,0.0,-,0,0,0,0,0.0,ECU,1,1,14129,0,0.0,FAN1,0,0,0,0,0.0,COILS,8,1,0,0,0.0,PUMP,0,0,0,0,0.0,INJECTOR,8,1,87,0,0.0,SERVO,1,1,14134,0,0.0,ADD 1,0,1,14150,0,0.0,ADD 2,0,1,14123,0,0.0,ADD 3,0,1,14101,0,0.0,ADD 4,0,1,14057,0,0.0,ADD 5,0,0,0,0,0.0,ADD 6,0,1,14139,0,0.0,ADD 7,0,0,0,0,0.0,EGT2CAN,0,1,14090,0,0.0
1778949409.493189,0.0,14620,-52.0,0,-,0,0,0,0,0.0,-,0,0,0,0,0.0,ECU,1,1,14632,0,0.0,FAN1,0,0,0,0,0.0,COILS,8,1,0,0,0.0,PUMP,0,0,0,0,0.0,INJECTOR,8,1,98,0,0.0,SERVO,1,1,14577,0,0.0,ADD 1,0,1,14643,0,0.0,ADD 2,0,1,14681,0,0.0,ADD 3,0,1,14632,0,0.0,ADD 4,0,1,14615,0,0.0,ADD 5,0,0,0,0,0.0,ADD 6,0,1,14626,0,0.0,ADD 7,0,0,0,0,0.0,EGT2CAN,0,1,14539,0,0.0
1778949409.5439212,0.0,14168,-51.0,0,-,0,0,0,0,0.0,-,0,0,0,0,0.0,ECU,1,1,14572,0,0.0,FAN1,0,0,0,0,0.0,COILS,8,1,0,0,0.0,PUMP,0,0,0,0,0.0,INJECTOR,8,1,98,0,0.0,SERVO,1,1,14511,0,0.0,ADD 1,0,1,14200,0,0.0,ADD 2,0,1,14254,0,0.0,ADD 3,0,1,14216,0,0.0,ADD 4,0,1,14243,0,0.0,ADD 5,0,0,0,0,0.0,ADD 6,0,1,14309,0,0.0,ADD 7,0,0,0,0,0.0,EGT2CAN,0,1,14298,0,0.0
1778949409.598416,0.0,14168,-51.0,0,-,0,0,0,0,0.0,-,0,0,0,0,0.0,ECU,1,1,14129,0,0.0,FAN1,0,0,0,0,0.0,COILS,8,1,0,0,0.0,PUMP,0,0,0,0,0.0,INJECTOR,8,1,76,0,0.0,SERVO,1,1,14085,0,0.0,ADD 1,0,1,14178,0,0.0,ADD 2,0,1,14167,0,0.0,ADD 3,0,1,14118,0,0.0,ADD 4,0,1,14101,0,0.0,ADD 5,0,0,0,0,0.0,ADD 6,0,1,14145,0,0.0,ADD 7,0,0,0,0,0.0,EGT2CAN,0,1,14096,0,0.0
1778949409.6524124,0.0,14571,-51.0,0,-,0,0,0,0,0.0,-,0,0,0,0,0.0,ECU,1,1,14134,0,0.0,FAN1,0,0,0,0,0.0,COILS,8,1,0,0,0.0,PUMP,0,0,0,0,0.0,INJECTOR,8,1,87,0,0.0,SERVO,1,1,14101,0,0.0,ADD 1,0,1,14599,0,0.0,ADD 2,0,1,14588,0,0.0,ADD 3,0,1,14375,0,0.0,ADD 4,0,1,14528,0,0.0,ADD 5,0,0,0,0,0.0,ADD 6,0,1,14648,0,0.0,ADD 7,0,0,0,0,0.0,EGT2CAN,0,1,14577,0,0.0
1778949409.7030392,0.0,14187,-52.0,0,-,0,0,0,0,0.0,-,0,0,0,0,0.0,ECU,1,1,14161,0,0.0,FAN1,0,0,0,0,0.0,COILS,8,1,0,0,0.0,PUMP,0,0,0,0,0.0,INJECTOR,8,1,87,0,0.0,SERVO,1,1,14495,0,0.0,ADD 1,0,1,14462,0,0.0,ADD 2,0,1,14495,0,0.0,ADD 3,0,1,14462,0,0.0,ADD 4,0,1,14391,0,0.0,ADD 5,0,0,0,0,0.0,ADD 6,0,1,14451,0,0.0,ADD 7,0,0,0,0,0.0,EGT2CAN,0,1,14375,0,0.0
1778949409.7539787,0.0,14150,-51.0,0,-,0,0,0,0,0.0,-,0,0,0,0,0.0,ECU,1,1,14161,0,0.0,FAN1,0,0,0,0,0.0,COILS,8,1,0,0,0.0,PUMP,0,0,0,0,0.0,INJECTOR,8,1,87,0,0.0,SERVO,1,1,14347,0,0.0,ADD 1,0,1,14342,0,0.0,ADD 2,0,1,14413,0,0.0,ADD 3,0,1,14353,0,0.0,ADD 4,0,1,14353,0,0.0,ADD 5,0,0,0,0,0.0,ADD 6,0,1,14418,0,0.0,ADD 7,0,0,0,0,0.0,EGT2CAN,0,1,14435,0,0.0
1778949409.8220444,0.0,14546,-52.0,0,-,0,0,0,0,0.0,-,0,0,0,0,0.0,ECU,1,1,14145,0,0.0,FAN1,0,0,0,0,0.0,COILS,8,1,0,0,0.0,PUMP,0,0,0,0,0.0,INJECTOR,8,1,87,0,0.0,SERVO,1,1,14145,0,0.0,ADD 1,0,1,14167,0,0.0,ADD 2,0,1,14178,0,0.0,ADD 3,0,1,14129,0,0.0,ADD 4,0,1,14101,0,0.0,ADD 5,0,0,0,0,0.0,ADD 6,0,1,14194,0,0.0,ADD 7,0,0,0,0,0.0,EGT2CAN,0,1,14118,0,0.0
1778949409.8749983,0.0,14546,-52.0,0,-,0,0,0,0,0.0,-,0,0,0,0,0.0,ECU,1,1,14632,0,0.0,FAN1,0,0,0,0,0.0,COILS,8,1,0,0,0.0,PUMP,0,0,0,0,0.0,INJECTOR,8,1,87,0,0.0,SERVO,1,1,14145,0,0.0,ADD 1,0,1,14167,0,0.0,ADD 2,0,1,14178,0,0.0,ADD 3,0,1,14129,0,0.0,ADD 4,0,1,14101,0,0.0,ADD 5,0,0,0,0,0.0,ADD 6,0,1,14194,0,0.0,ADD 7,0,0,0,0,0.0,EGT2CAN,0,1,14118,0,0.0
1778949409.9310124,0.0,14237,-51.0,0,-,0,0,0,0,0.0,-,0,0,0,0,0.0,ECU,1,1,14484,0,0.0,FAN1,0,0,0,0,0.0,COILS,8,1,0,0,0.0,PUMP,0,0,0,0,0.0,INJECTOR,8,1,120,0,0.0,SERVO,1,1,14413,0,0.0,ADD 1,0,1,14254,0,0.0,ADD 2,0,1,14336,0,0.0,ADD 3,0,1,14309,0,0.0,ADD 4,0,1,14271,0,0.0,ADD 5,0,0,0,0,0.0,ADD 6,0,1,14342,0,0.0,ADD 7,0,0,0,0,0.0,EGT2CAN,0,1,14342,0,0.0
1778949409.9821298,0.0,14237,-51.0,0,-,0,0,0,0,0.0,-,0,0,0,0,0.0,ECU,1,1,14238,0,0.0,FAN1,0,0,0,0,0.0,COILS,8,1,0,0,0.0,PUMP,0,0,0,0,0.0,INJECTOR,8,1,114,0,0.0,SERVO,1,1,14375,0,0.0,ADD 1,0,1,14254,0,0.0,ADD 2,0,1,14336,0,0.0,ADD 3,0,1,14309,0,0.0,ADD 4,0,1,14271,0,0.0,ADD 5,0,0,0,0,0.0,ADD 6,0,1,14342,0,0.0,ADD 7,0,0,0,0,0.0,EGT2CAN,0,1,14342,0,0.0
1778949410.033209,0.0,14032,-51.0,0,-,0,0,0,0,0.0,-,0,0,0,0,0.0,ECU,1,1,14238,0,0.0,FAN1,0,0,0,0,0.0,COILS,8,1,0,0,0.0,PUMP,0,0,0,0,0.0,INJECTOR,8,1,114,0,0.0,SERVO,1,1,14375,0,0.0,ADD 1,0,1,14150,0,0.0,ADD 2,0,1,14172,0,0.0,ADD 3,0,1,14123,0,0.0,ADD 4,0,1,14118,0,0.0,ADD 5,0,0,0,0,0.0,ADD 6,0,1,14123,0,0.0,ADD 7,0,0,0,0,0.0,EGT2CAN,0,1,14090,0,0.0
1778949410.1032832,0.0,14435,-51.0,0,-,0,0,0,0,0.0,-,0,0,0,0,0.0,ECU,1,1,14145,0,0.0,FAN1,0,0,0,0,0.0,COILS,8,1,0,0,0.0,PUMP,0,0,0,0,0.0,INJECTOR,8,1,82,0,0.0,SERVO,1,1,14101,0,0.0,ADD 1,0,1,14172,0,0.0,ADD 2,0,1,14205,0,0.0,ADD 3,0,1,14178,0,0.0,ADD 4,0,1,14161,0,0.0,ADD 5,0,0,0,0,0.0,ADD 6,0,1,14194,0,0.0,ADD 7,0,0,0,0,0.0,EGT2CAN,0,1,14139,0,0.0
1778949410.1555285,0.0,14435,-51.0,0,-,0,0,0,0,0.0,-,0,0,0,0,0.0,ECU,1,1,14446,0,0.0,FAN1,0,0,0,0,0.0,COILS,8,1,0,0,0.0,PUMP,0,0,0,0,0.0,INJECTOR,8,1,114,0,0.0,SERVO,1,1,14550,0,0.0,ADD 1,0,1,14604,0,0.0,ADD 2,0,1,14555,0,0.0,ADD 3,0,1,14583,0,0.0,ADD 4,0,1,14604,0,0.0,ADD 5,0,0,0,0,0.0,ADD 6,0,1,14659,0,0.0,ADD 7,0,0,0,0,0.0,EGT2CAN,0,1,14555,0,0.0
1778949410.206073,0.0,14267,-52.0,0,-,0,0,0,0,0.0,-,0,0,0,0,0.0,ECU,1,1,14375,0,0.0,FAN1,0,0,0,0,0.0,COILS,8,1,0,0,0.0,PUMP,0,0,0,0,0.0,INJECTOR,8,1,87,0,0.0,SERVO,1,1,14599,0,0.0,ADD 1,0,1,14156,0,0.0,ADD 2,0,1,14112,0,0.0,ADD 3,0,1,14052,0,0.0,ADD 4,0,1,14041,0,0.0,ADD 5,0,0,0,0,0.0,ADD 6,0,1,14167,0,0.0,ADD 7,0,0,0,0,0.0,EGT2CAN,0,1,14118,0,0.0
1778949410.2583845,0.0,14150,-52.0,0,-,0,0,0,0,0.0,-,0,0,0,0,0.0,ECU,1,1,14375,0,0.0,FAN1,0,0,0,0,0.0,COILS,8,1,0,0,0.0,PUMP,0,0,0,0,0.0,INJECTOR,8,1,87,0,0.0,SERVO,1,1,14599,0,0.0,ADD 1,0,1,14156,0,0.0,ADD 2,0,1,14112,0,0.0,ADD 3,0,1,14052,0,0.0,ADD 4,0,1,14041,0,0.0,ADD 5,0,0,0,0,0.0,ADD 6,0,1,14167,0,0.0,ADD 7,0,0,0,0,0.0,EGT2CAN,0,1,14118,0,0.0
1778949410.3113441,0.0,14150,-52.0,0,-,0,0,0,0,0.0,-,0,0,0,0,0.0,ECU,1,1,14194,0,0.0,FAN1,0,0,0,0,0.0,COILS,8,1,0,0,0.0,PUMP,0,0,0,0,0.0,INJECTOR,8,1,82,0,0.0,SERVO,1,1,14265,0,0.0,ADD 1,0,1,14150,0,0.0,ADD 2,0,1,14150,0,0.0,ADD 3,0,1,14139,0,0.0,ADD 4,0,1,14107,0,0.0,ADD 5,0,0,0,0,0.0,ADD 6,0,1,14216,0,0.0,ADD 7,0,0,0,0,0.0,EGT2CAN,0,1,14167,0,0.0
1778949410.3666973,0.0,14366,-51.0,0,-,0,0,0,0,0.0,-,0,0,0,0,0.0,ECU,1,1,14561,0,0.0,FAN1,0,0,0,0,0.0,COILS,8,1,0,0,0.0,PUMP,0,0,0,0,0.0,INJECTOR,8,1,87,0,0.0,SERVO,1,1,14484,0,0.0,ADD 1,0,1,14446,0,0.0,ADD 2,0,1,14473,0,0.0,ADD 3,0,1,14375,0,0.0,ADD 4,0,1,14325,0,0.0,ADD 5,0,0,0,0,0.0,ADD 6,0,1,14205,0,0.0,ADD 7,0,0,0,0,0.0,EGT2CAN,0,1,14194,0,0.0
1778949410.422449,0.0,14416,-52.0,0,-,0,0,0,0,0.0,-,0,0,0,0,0.0,ECU,1,1,14282,0,0.0,FAN1,0,0,0,0,0.0,COILS,8,1,0,0,0.0,PUMP,0,0,0,0,0.0,INJECTOR,8,1,87,0,0.0,SERVO,1,1,14484,0,0.0,ADD 1,0,1,14446,0,0.0,ADD 2,0,1,14473,0,0.0,ADD 3,0,1,14375,0,0.0,ADD 4,0,1,14325,0,0.0,ADD 5,0,0,0,0,0.0,ADD 6,0,1,14386,0,0.0,ADD 7,0,0,0,0,0.0,EGT2CAN,0,1,14282,0,0.0
1778949410.476523,0.0,14218,-52.0,0,-,0,0,0,0,0.0,-,0,0,0,0,0.0,ECU,1,1,14145,0,0.0,FAN1,0,0,0,0,0.0,COILS,8,1,0,0,0.0,PUMP,0,0,0,0,0.0,INJECTOR,8,1,82,0,0.0,SERVO,1,1,14123,0,0.0,ADD 1,0,1,14145,0,0.0,ADD 2,0,1,14118,0,0.0,ADD 3,0,1,14145,0,0.0,ADD 4,0,1,14101,0,0.0,ADD 5,0,0,0,0,0.0,ADD 6,0,1,14167,0,0.0,ADD 7,0,0,0,0,0.0,EGT2CAN,0,1,14222,0,0.0
1778949410.5291915,0.0,14596,-52.0,0,-,0,0,0,0,0.0,-,0,0,0,0,0.0,ECU,1,1,14123,0,0.0,FAN1,0,0,0,0,0.0,COILS,8,1,0,0,0.0,PUMP,0,0,0,0,0.0,INJECTOR,8,1,87,0,0.0,SERVO,1,1,14189,0,0.0,ADD 1,0,1,14200,0,0.0,ADD 2,0,1,14194,0,0.0,ADD 3,0,1,14205,0,0.0,ADD 4,0,1,14161,0,0.0,ADD 5,0,0,0,0,0.0,ADD 6,0,1,14189,0,0.0,ADD 7,0,0,0,0,0.0,EGT2CAN,0,1,14194,0,0.0
1778949410.5943012,0.0,14596,-52.0,0,-,0,0,0,0,0.0,-,0,0,0,0,0.0,ECU,1,1,14386,0,0.0,FAN1,0,0,0,0,0.0,COILS,8,1,0,0,0.0,PUMP,0,0,0,0,0.0,INJECTOR,8,1,87,0,0.0,SERVO,1,1,14227,0,0.0,ADD 1,0,1,14200,0,0.0,ADD 2,0,1,14194,0,0.0,ADD 3,0,1,14205,0,0.0,ADD 4,0,1,14161,0,0.0,ADD 5,0,0,0,0,0.0,ADD 6,0,1,14189,0,0.0,ADD 7,0,0,0,0,0.0,EGT2CAN,0,1,14194,0,0.0
1778949410.64519,0.0,14490,-52.0,0,-,0,0,0,0,0.0,-,0,0,0,0,0.0,ECU,1,1,14440,0,0.0,FAN1,0,0,0,0,0.0,COILS,8,1,0,0,0.0,PUMP,0,0,0,0,0.0,INJECTOR,8,1,87,0,0.0,SERVO,1,1,14577,0,0.0,ADD 1,0,1,14599,0,0.0,ADD 2,0,1,14588,0,0.0,ADD 3,0,1,14550,0,0.0,ADD 4,0,1,14511,0,0.0,ADD 5,0,0,0,0,0.0,ADD 6,0,1,14632,0,0.0,ADD 7,0,0,0,0,0.0,EGT2CAN,0,1,14621,0,0.0
1778949410.6982443,0.0,14181,-54.0,0,-,0,0,0,0,0.0,-,0,0,0,0,0.0,ECU,1,1,14566,0,0.0,FAN1,0,0,0,0,0.0,COILS,8,1,0,0,0.0,PUMP,0,0,0,0,0.0,INJECTOR,8,1,87,0,0.0,SERVO,1,1,14550,0,0.0,ADD 1,0,1,14167,0,0.0,ADD 2,0,1,14123,0,0.0,ADD 3,0,1,14145,0,0.0,ADD 4,0,1,14074,0,0.0,ADD 5,0,0,0,0,0.0,ADD 6,0,1,14167,0,0.0,ADD 7,0,0,0,0,0.0,EGT2CAN,0,1,14172,0,0.0
1778949410.749712,0.0,14181,-54.0,0,-,0,0,0,0,0.0,-,0,0,0,0,0.0,ECU,1,1,14243,0,0.0,FAN1,0,0,0,0,0.0,COILS,8,1,0,0,0.0,PUMP,0,0,0,0,0.0,INJECTOR,8,1,87,0,0.0,SERVO,1,1,14347,0,0.0,ADD 1,0,1,14161,0,0.0,ADD 2,0,1,14150,0,0.0,ADD 3,0,1,14167,0,0.0,ADD 4,0,1,14139,0,0.0,ADD 5,0,0,0,0,0.0,ADD 6,0,1,14172,0,0.0,ADD 7,0,0,0,0,0.0,EGT2CAN,0,1,14134,0,0.0
1778949410.8096514,0.0,14515,-51.0,0,-,0,0,0,0,0.0,-,0,0,0,0,0.0,ECU,1,1,14216,0,0.0,FAN1,0,0,0,0,0.0,COILS,8,1,0,0,0.0,PUMP,0,0,0,0,0.0,INJECTOR,8,1,114,0,0.0,SERVO,1,1,14161,0,0.0,ADD 1,0,1,14522,0,0.0,ADD 2,0,1,14555,0,0.0,ADD 3,0,1,14506,0,0.0,ADD 4,0,1,14457,0,0.0,ADD 5,0,0,0,0,0.0,ADD 6,0,1,14462,0,0.0,ADD 7,0,0,0,0,0.0,EGT2CAN,0,1,14375,0,0.0
1778949410.872152,0.0,14416,-52.0,0,-,0,0,0,0,0.0,-,0,0,0,0,0.0,ECU,1,1,14211,0,0.0,FAN1,0,0,0,0,0.0,COILS,8,1,0,0,0.0,PUMP,0,0,0,0,0.0,INJECTOR,8,1,71,0,0.0,SERVO,1,1,14189,0,0.0,ADD 1,0,1,14183,0,0.0,ADD 2,0,1,14238,0,0.0,ADD 3,0,1,14145,0,0.0,ADD 4,0,1,14123,0,0.0,ADD 5,0,0,0,0,0.0,ADD 6,0,1,14200,0,0.0,ADD 7,0,0,0,0,0.0,EGT2CAN,0,1,14216,0,0.0
1778949410.9232152,0.0,14360,-51.0,0,-,0,0,0,0,0.0,-,0,0,0,0,0.0,ECU,1,1,14145,0,0.0,FAN1,0,0,0,0,0.0,COILS,8,1,0,0,0.0,PUMP,0,0,0,0,0.0,INJECTOR,8,1,120,0,0.0,SERVO,1,1,14112,0,0.0,ADD 1,0,1,14139,0,0.0,ADD 2,0,1,14205,0,0.0,ADD 3,0,1,14145,0,0.0,ADD 4,0,1,14118,0,0.0,ADD 5,0,0,0,0,0.0,ADD 6,0,1,14200,0,0.0,ADD 7,0,0,0,0,0.0,EGT2CAN,0,1,14167,0,0.0
1778949410.9744773,0.0,14360,-51.0,0,-,0,0,0,0,0.0,-,0,0,0,0,0.0,ECU,1,1,14145,0,0.0,FAN1,0,0,0,0,0.0,COILS,8,1,0,0,0.0,PUMP,0,0,0,0,0.0,INJECTOR,8,1,120,0,0.0,SERVO,1,1,14112,0,0.0,ADD 1,0,1,14139,0,0.0,ADD 2,0,1,14205,0,0.0,ADD 3,0,1,14145,0,0.0,ADD 4,0,1,14118,0,0.0,ADD 5,0,0,0,0,0.0,ADD 6,0,1,14200,0,0.0,ADD 7,0,0,0,0,0.0,EGT2CAN,0,1,14167,0,0.0
1778949411.0255451,0.0,14360,-51.0,0,-,0,0,0,0,0.0,-,0,0,0,0,0.0,ECU,1,1,14167,0,0.0,FAN1,0,0,0,0,0.0,COILS,8,1,0,0,0.0,PUMP,0,0,0,0,0.0,INJECTOR,8,1,65,0,0.0,SERVO,1,1,14216,0,0.0,ADD 1,0,1,14167,0,0.0,ADD 2,0,1,14249,0,0.0,ADD 3,0,1,14167,0,0.0,ADD 4,0,1,14139,0,0.0,ADD 5,0,0,0,0,0.0,ADD 6,0,1,14222,0,0.0,ADD 7,0,0,0,0,0.0,EGT2CAN,0,1,14167,0,0.0
1778949411.0812626,0.0,14237,-52.0,0,-,0,0,0,0,0.0,-,0,0,0,0,0.0,ECU,1,1,14577,0,0.0,FAN1,0,0,0,0,0.0,COILS,8,1,0,0,0.0,PUMP,0,0,0,0,0.0,INJECTOR,8,1,92,0,0.0,SERVO,1,1,14561,0,0.0,ADD 1,0,1,14276,0,0.0,ADD 2,0,1,14287,0,0.0,ADD 3,0,1,14276,0,0.0,ADD 4,0,1,14243,0,0.0,ADD 5,0,0,0,0,0.0,ADD 6,0,1,14304,0,0.0,ADD 7,0,0,0,0,0.0,EGT2CAN,0,1,14265,0,0.0
1778949411.1345315,0.0,14237,-52.0,0,-,0,0,0,0,0.0,-,0,0,0,0,0.0,ECU,1,1,14254,0,0.0,FAN1,0,0,0,0,0.0,COILS,8,1,0,0,0.0,PUMP,0,0,0,0,0.0,INJECTOR,8,1,92,0,0.0,SERVO,1,1,14561,0,0.0,ADD 1,0,1,14276,0,0.0,ADD 2,0,1,14287,0,0.0,ADD 3,0,1,14276,0,0.0,ADD 4,0,1,14243,0,0.0,ADD 5,0,0,0,0,0.0,ADD 6,0,1,14304,0,0.0,ADD 7,0,0,0,0,0.0,EGT2CAN,0,1,14265,0,0.0
1778949411.185945,0.0,14199,-52.0,0,-,0,0,0,0,0.0,-,0,0,0,0,0.0,ECU,1,1,14254,0,0.0,FAN1,0,0,0,0,0.0,COILS,8,1,0,0,0.0,PUMP,0,0,0,0,0.0,INJECTOR,8,1,76,0,0.0,SERVO,1,1,14314,0,0.0,ADD 1,0,1,14205,0,0.0,ADD 2,0,1,14216,0,0.0,ADD 3,0,1,14161,0,0.0,ADD 4,0,1,14172,0,0.0,ADD 5,0,0,0,0,0.0,ADD 6,0,1,14200,0,0.0,ADD 7,0,0,0,0,0.0,EGT2CAN,0,1,14189,0,0.0
1778949411.239217,0.0,14267,-52.0,0,-,0,0,0,0,0.0,-,0,0,0,0,0.0,ECU,1,1,14555,0,0.0,FAN1,0,0,0,0,0.0,COILS,8,1,0,0,0.0,PUMP,0,0,0,0,0.0,INJECTOR,8,1,109,0,0.0,SERVO,1,1,14413,0,0.0,ADD 1,0,1,14462,0,0.0,ADD 2,0,1,14490,0,0.0,ADD 3,0,1,14490,0,0.0,ADD 4,0,1,14418,0,0.0,ADD 5,0,0,0,0,0.0,ADD 6,0,1,14397,0,0.0,ADD 7,0,0,0,0,0.0,EGT2CAN,0,1,14282,0,0.0
1778949411.289837,0.0,14267,-52.0,0,-,0,0,0,0,0.0,-,0,0,0,0,0.0,ECU,1,1,14249,0,0.0,FAN1,0,0,0,0,0.0,COILS,8,1,0,0,0.0,PUMP,0,0,0,0,0.0,INJECTOR,8,1,87,0,0.0,SERVO,1,1,14276,0,0.0,ADD 1,0,1,14462,0,0.0,ADD 2,0,1,14490,0,0.0,ADD 3,0,1,14490,0,0.0,ADD 4,0,1,14418,0,0.0,ADD 5,0,0,0,0,0.0,ADD 6,0,1,14397,0,0.0,ADD 7,0,0,0,0,0.0,EGT2CAN,0,1,14282,0,0.0
1778949411.3405092,0.0,14267,-52.0,0,-,0,0,0,0,0.0,-,0,0,0,0,0.0,ECU,1,1,14249,0,0.0,FAN1,0,0,0,0,0.0,COILS,8,1,0,0,0.0,PUMP,0,0,0,0,0.0,INJECTOR,8,1,87,0,0.0,SERVO,1,1,14276,0,0.0,ADD 1,0,1,14320,0,0.0,ADD 2,0,1,14342,0,0.0,ADD 3,0,1,14375,0,0.0,ADD 4,0,1,14325,0,0.0,ADD 5,0,0,0,0,0.0,ADD 6,0,1,14402,0,0.0,ADD 7,0,0,0,0,0.0,EGT2CAN,0,1,14413,0,0.0
1778949411.391829,0.0,14317,-52.0,0,-,0,0,0,0,0.0,-,0,0,0,0,0.0,ECU,1,1,14577,0,0.0,FAN1,0,0,0,0,0.0,COILS,8,1,0,0,0.0,PUMP,0,0,0,0,0.0,INJECTOR,8,1,87,0,0.0,SERVO,1,1,14451,0,0.0,ADD 1,0,1,14473,0,0.0,ADD 2,0,1,14462,0,0.0,ADD 3,0,1,14418,0,0.0,ADD 4,0,1,14369,0,0.0,ADD 5,0,0,0,0,0.0,ADD 6,0,1,14342,0,0.0,ADD 7,0,0,0,0,0.0,EGT2CAN,0,1,14276,0,0.0
1778949411.442225,0.0,14317,-52.0,0,-,0,0,0,0,0.0,-,0,0,0,0,0.0,ECU,1,1,14457,0,0.0,FAN1,0,0,0,0,0.0,COILS,8,1,0,0,0.0,PUMP,0,0,0,0,0.0,INJECTOR,8,1,98,0,0.0,SERVO,1,1,14539,0,0.0,ADD 1,0,1,14615,0,0.0,ADD 2,0,1,14643,0,0.0,ADD 3,0,1,14610,0,0.0,ADD 4,0,1,14522,0,0.0,ADD 5,0,0,0,0,0.0,ADD 6,0,1,14342,0,0.0,ADD 7,0,0,0,0,0.0,EGT2CAN,0,1,14276,0,0.0
1778949411.5122418,0.0,14224,-51.0,0,-,0,0,0,0,0.0,-,0,0,0,0,0.0,ECU,1,1,14189,0,0.0,FAN1,0,0,0,0,0.0,COILS,8,1,0,0,0.0,PUMP,0,0,0,0,0.0,INJECTOR,8,1,82,0,0.0,SERVO,1,1,14249,0,0.0,ADD 1,0,1,14156,0,0.0,ADD 2,0,1,14167,0,0.0,ADD 3,0,1,14123,0,0.0,ADD 4,0,1,14156,0,0.0,ADD 5,0,0,0,0,0.0,ADD 6,0,1,14216,0,0.0,ADD 7,0,0,0,0,0.0,EGT2CAN,0,1,14129,0,0.0
1778949411.5651119,0.0,14224,-51.0,0,-,0,0,0,0,0.0,-,0,0,0,0,0.0,ECU,1,1,14189,0,0.0,FAN1,0,0,0,0,0.0,COILS,8,1,0,0,0.0,PUMP,0,0,0,0,0.0,INJECTOR,8,1,82,0,0.0,SERVO,1,1,14249,0,0.0,ADD 1,0,1,14156,0,0.0,ADD 2,0,1,14167,0,0.0,ADD 3,0,1,14123,0,0.0,ADD 4,0,1,14156,0,0.0,ADD 5,0,0,0,0,0.0,ADD 6,0,1,14216,0,0.0,ADD 7,0,0,0,0,0.0,EGT2CAN,0,1,14129,0,0.0
1778949411.6164796,0.0,14224,-51.0,0,-,0,0,0,0,0.0,-,0,0,0,0,0.0,ECU,1,1,14238,0,0.0,FAN1,0,0,0,0,0.0,COILS,8,1,0,0,0.0,PUMP,0,0,0,0,0.0,INJECTOR,8,1,82,0,0.0,SERVO,1,1,14194,0,0.0,ADD 1,0,1,14216,0,0.0,ADD 2,0,1,14216,0,0.0,ADD 3,0,1,14238,0,0.0,ADD 4,0,1,14156,0,0.0,ADD 5,0,0,0,0,0.0,ADD 6,0,1,14260,0,0.0,ADD 7,0,0,0,0,0.0,EGT2CAN,0,1,14167,0,0.0
1778949411.667235,0.0,14193,-51.0,0,-,0,0,0,0,0.0,-,0,0,0,0,0.0,ECU,1,1,14364,0,0.0,FAN1,0,0,0,0,0.0,COILS,8,1,0,0,0.0,PUMP,0,0,0,0,0.0,INJECTOR,8,1,87,0,0.0,SERVO,1,1,14386,0,0.0,ADD 1,0,1,14490,0,0.0,ADD 2,0,1,14490,0,0.0,ADD 3,0,1,14484,0,0.0,ADD 4,0,1,14506,0,0.0,ADD 5,0,0,0,0,0.0,ADD 6,0,1,14583,0,0.0,ADD 7,0,0,0,0,0.0,EGT2CAN,0,1,14522,0,0.0
1778949411.7184513,0.0,14193,-51.0,0,-,0,0,0,0,0.0,-,0,0,0,0,0.0,ECU,1,1,14364,0,0.0,FAN1,0,0,0,0,0.0,COILS,8,1,0,0,0.0,PUMP,0,0,0,0,0.0,INJECTOR,8,1,87,0,0.0,SERVO,1,1,14386,0,0.0,ADD 1,0,1,14490,0,0.0,ADD 2,0,1,14490,0,0.0,ADD 3,0,1,14484,0,0.0,ADD 4,0,1,14506,0,0.0,ADD 5,0,0,0,0,0.0,ADD 6,0,1,14583,0,0.0,ADD 7,0,0,0,0,0.0,EGT2CAN,0,1,14522,0,0.0
1778949411.7694085,0.0,14193,-51.0,0,-,0,0,0,0,0.0,-,0,0,0,0,0.0,ECU,1,1,14194,0,0.0,FAN1,0,0,0,0,0.0,COILS,8,1,0,0,0.0,PUMP,0,0,0,0,0.0,INJECTOR,8,1,87,0,0.0,SERVO,1,1,14167,0,0.0,ADD 1,0,1,14194,0,0.0,ADD 2,0,1,14150,0,0.0,ADD 3,0,1,14156,0,0.0,ADD 4,0,1,14161,0,0.0,ADD 5,0,0,0,0,0.0,ADD 6,0,1,14583,0,0.0,ADD 7,0,0,0,0,0.0,EGT2CAN,0,1,14522,0,0.0
1778949411.8197384,0.0,14614,-52.0,0,-,0,0,0,0,0.0,-,0,0,0,0,0.0,ECU,1,1,14708,0,0.0,FAN1,0,0,0,0,0.0,COILS,8,1,0,0,0.0,PUMP,0,0,0,0,0.0,INJECTOR,8,1,87,0,0.0,SERVO,1,1,14577,0,0.0,ADD 1,0,1,14577,0,0.0,ADD 2,0,1,14599,0,0.0,ADD 3,0,1,14626,0,0.0,ADD 4,0,1,14555,0,0.0,ADD 5,0,0,0,0,0.0,ADD 6,0,1,14643,0,0.0,ADD 7,0,0,0,0,0.0,EGT2CAN,0,1,14572,0,0.0
1778949411.8724658,0.0,14614,-52.0,0,-,0,0,0,0,0.0,-,0,0,0,0,0.0,ECU,1,1,14708,0,0.0,FAN1,0,0,0,0,0.0,COILS,8,1,0,0,0.0,PUMP,0,0,0,0,0.0,INJECTOR,8,1,87,0,0.0,SERVO,1,1,14577,0,0.0,ADD 1,0,1,14577,0,0.0,ADD 2,0,1,14599,0,0.0,ADD 3,0,1,14626,0,0.0,ADD 4,0,1,14555,0,0.0,ADD 5,0,0,0,0,0.0,ADD 6,0,1,14643,0,0.0,ADD 7,0,0,0,0,0.0,EGT2CAN,0,1,14572,0,0.0
1778949411.9258993,0.0,14614,-52.0,0,-,0,0,0,0,0.0,-,0,0,0,0,0.0,ECU,1,1,14418,0,0.0,FAN1,0,0,0,0,0.0,COILS,8,1,0,0,0.0,PUMP,0,0,0,0,0.0,INJECTOR,8,1,87,0,0.0,SERVO,1,1,14167,0,0.0,ADD 1,0,1,14314,0,0.0,ADD 2,0,1,14391,0,0.0,ADD 3,0,1,14325,0,0.0,ADD 4,0,1,14358,0,0.0,ADD 5,0,0,0,0,0.0,ADD 6,0,1,14353,0,0.0,ADD 7,0,0,0,0,0.0,EGT2CAN,0,1,14375,0,0.0
1778949411.9770007,0.0,14286,-51.0,0,-,0,0,0,0,0.0,-,0,0,0,0,0.0,ECU,1,1,14205,0,0.0,FAN1,0,0,0,0,0.0,COILS,8,1,0,0,0.0,PUMP,0,0,0,0,0.0,INJECTOR,8,1,82,0,0.0,SERVO,1,1,14194,0,0.0,ADD 1,0,1,14331,0,0.0,ADD 2,0,1,14314,0,0.0,ADD 3,0,1,14293,0,0.0,ADD 4,0,1,14216,0,0.0,ADD 5,0,0,0,0,0.0,ADD 6,0,1,14293,0,0.0,ADD 7,0,0,0,0,0.0,EGT2CAN,0,1,14238,0,0.0
1778949412.0283787,0.0,14286,-51.0,0,-,0,0,0,0,0.0,-,0,0,0,0,0.0,ECU,1,1,14189,0,0.0,FAN1,0,0,0,0,0.0,COILS,8,1,0,0,0.0,PUMP,0,0,0,0,0.0,INJECTOR,8,1,87,0,0.0,SERVO,1,1,14167,0,0.0,ADD 1,0,1,14331,0,0.0,ADD 2,0,1,14314,0,0.0,ADD 3,0,1,14293,0,0.0,ADD 4,0,1,14216,0,0.0,ADD 5,0,0,0,0,0.0,ADD 6,0,1,14293,0,0.0,ADD 7,0,0,0,0,0.0,EGT2CAN,0,1,14238,0,0.0
1778949412.0796158,0.0,14496,-52.0,0,-,0,0,0,0,0.0,-,0,0,0,0,0.0,ECU,1,1,14189,0,0.0,FAN1,0,0,0,0,0.0,COILS,8,1,0,0,0.0,PUMP,0,0,0,0,0.0,INJECTOR,8,1,87,0,0.0,SERVO,1,1,14167,0,0.0,ADD 1,0,1,14216,0,0.0,ADD 2,0,1,14265,0,0.0,ADD 3,0,1,14205,0,0.0,ADD 4,0,1,14200,0,0.0,ADD 5,0,0,0,0,0.0,ADD 6,0,1,14260,0,0.0,ADD 7,0,0,0,0,0.0,EGT2CAN,0,1,14178,0,0.0
1778949412.1324728,0.0,14249,-52.0,0,-,0,0,0,0,0.0,-,0,0,0,0,0.0,ECU,1,1,14413,0,0.0,FAN1,0,0,0,0,0.0,COILS,8,1,0,0,0.0,PUMP,0,0,0,0,0.0,INJECTOR,8,1,87,0,0.0,SERVO,1,1,14539,0,0.0,ADD 1,0,1,14555,0,0.0,ADD 2,0,1,14566,0,0.0,ADD 3,0,1,14539,0,0.0,ADD 4,0,1,14544,0,0.0,ADD 5,0,0,0,0,0.0,ADD 6,0,1,14604,0,0.0,ADD 7,0,0,0,0,0.0,EGT2CAN,0,1,14375,0,0.0
1778949412.1836698,0.0,14249,-52.0,0,-,0,0,0,0,0.0,-,0,0,0,0,0.0,ECU,1,1,14200,0,0.0,FAN1,0,0,0,0,0.0,COILS,8,1,0,0,0.0,PUMP,0,0,0,0,0.0,INJECTOR,8,1,87,0,0.0,SERVO,1,1,14172,0,0.0,ADD 1,0,1,14555,0,0.0,ADD 2,0,1,14566,0,0.0,ADD 3,0,1,14539,0,0.0,ADD 4,0,1,14544,0,0.0,ADD 5,0,0,0,0,0.0,ADD 6,0,1,14604,0,0.0,ADD 7,0,0,0,0,0.0,EGT2CAN,0,1,14375,0,0.0
1778949412.2340426,0.0,14224,-51.0,0,-,0,0,0,0,0.0,-,0,0,0,0,0.0,ECU,1,1,14200,0,0.0,FAN1,0,0,0,0,0.0,COILS,8,1,0,0,0.0,PUMP,0,0,0,0,0.0,INJECTOR,8,1,87,0,0.0,SERVO,1,1,14172,0,0.0,ADD 1,0,1,14178,0,0.0,ADD 2,0,1,14200,0,0.0,ADD 3,0,1,14194,0,0.0,ADD 4,0,1,14123,0,0.0,ADD 5,0,0,0,0,0.0,ADD 6,0,1,14243,0,0.0,ADD 7,0,0,0,0,0.0,EGT2CAN,0,1,14167,0,0.0
1778949412.3226619,0.0,14292,-52.0,0,-,0,0,0,0,0.0,-,0,0,0,0,0.0,ECU,1,1,14533,0,0.0,FAN1,0,0,0,0,0.0,COILS,8,1,0,0,0.0,PUMP,0,0,0,0,0.0,INJECTOR,8,1,109,0,0.0,SERVO,1,1,14304,0,0.0,ADD 1,0,1,14325,0,0.0,ADD 2,0,1,14331,0,0.0,ADD 3,0,1,14260,0,0.0,ADD 4,0,1,14200,0,0.0,ADD 5,0,0,0,0,0.0,ADD 6,0,1,14287,0,0.0,ADD 7,0,0,0,0,0.0,EGT2CAN,0,1,14200,0,0.0
1778949412.3750243,0.0,14292,-52.0,0,-,0,0,0,0,0.0,-,0,0,0,0,0.0,ECU,1,1,14314,0,0.0,FAN1,0,0,0,0,0.0,COILS,8,1,0,0,0.0,PUMP,0,0,0,0,0.0,INJECTOR,8,1,98,0,0.0,SERVO,1,1,14216,0,0.0,ADD 1,0,1,14632,0,0.0,ADD 2,0,1,14604,0,0.0,ADD 3,0,1,14648,0,0.0,ADD 4,0,1,14659,0,0.0,ADD 5,0,0,0,0,0.0,ADD 6,0,1,14736,0,0.0,ADD 7,0,0,0,0,0.0,EGT2CAN,0,1,14697,0,0.0
1778949412.4280303,0.0,14255,-51.0,0,-,0,0,0,0,0.0,-,0,0,0,0,0.0,ECU,1,1,14200,0,0.0,FAN1,0,0,0,0,0.0,COILS,8,1,0,0,0.0,PUMP,0,0,0,0,0.0,INJECTOR,8,1,76,0,0.0,SERVO,1,1,14320,0,0.0,ADD 1,0,1,14189,0,0.0,ADD 2,0,1,14249,0,0.0,ADD 3,0,1,14216,0,0.0,ADD 4,0,1,14129,0,0.0,ADD 5,0,0,0,0,0.0,ADD 6,0,1,14200,0,0.0,ADD 7,0,0,0,0,0.0,EGT2CAN,0,1,14194,0,0.0
1778949412.4793036,0.0,14255,-51.0,0,-,0,0,0,0,0.0,-,0,0,0,0,0.0,ECU,1,1,14200,0,0.0,FAN1,0,0,0,0,0.0,COILS,8,1,0,0,0.0,PUMP,0,0,0,0,0.0,INJECTOR,8,1,76,0,0.0,SERVO,1,1,14320,0,0.0,ADD 1,0,1,14189,0,0.0,ADD 2,0,1,14249,0,0.0,ADD 3,0,1,14216,0,0.0,ADD 4,0,1,14129,0,0.0,ADD 5,0,0,0,0,0.0,ADD 6,0,1,14200,0,0.0,ADD 7,0,0,0,0,0.0,EGT2CAN,0,1,14194,0,0.0
1778949412.5312636,0.0,14255,-51.0,0,-,0,0,0,0,0.0,-,0,0,0,0,0.0,ECU,1,1,14222,0,0.0,FAN1,0,0,0,0,0.0,COILS,8,1,0,0,0.0,PUMP,0,0,0,0,0.0,INJECTOR,8,1,87,0,0.0,SERVO,1,1,14145,0,0.0,ADD 1,0,1,14413,0,0.0,ADD 2,0,1,14418,0,0.0,ADD 3,0,1,14304,0,0.0,ADD 4,0,1,14320,0,0.0,ADD 5,0,0,0,0,0.0,ADD 6,0,1,14325,0,0.0,ADD 7,0,0,0,0,0.0,EGT2CAN,0,1,14287,0,0.0
1778949412.5925813,0.0,14212,-51.0,0,-,0,0,0,0,0.0,-,0,0,0,0,0.0,ECU,1,1,14588,0,0.0,FAN1,0,0,0,0,0.0,COILS,8,1,0,0,0.0,PUMP,0,0,0,0,0.0,INJECTOR,8,1,87,0,0.0,SERVO,1,1,14610,0,0.0,ADD 1,0,1,14719,0,0.0,ADD 2,0,1,14752,0,0.0,ADD 3,0,1,14697,0,0.0,ADD 4,0,1,14654,0,0.0,ADD 5,0,0,0,0,0.0,ADD 6,0,1,14719,0,0.0,ADD 7,0,0,0,0,0.0,EGT2CAN,0,1,14714,0,0.0
1778949412.6433659,0.0,14212,-51.0,0,-,0,0,0,0,0.0,-,0,0,0,0,0.0,ECU,1,1,14189,0,0.0,FAN1,0,0,0,0,0.0,COILS,8,1,0,0,0.0,PUMP,0,0,0,0,0.0,INJECTOR,8,1,109,0,0.0,SERVO,1,1,14156,0,0.0,ADD 1,0,1,14719,0,0.0,ADD 2,0,1,14752,0,0.0,ADD 3,0,1,14697,0,0.0,ADD 4,0,1,14654,0,0.0,ADD 5,0,0,0,0,0.0,ADD 6,0,1,14719,0,0.0,ADD 7,0,0,0,0,0.0,EGT2CAN,0,1,14714,0,0.0
1778949412.694489,0.0,14305,-51.0,0,-,0,0,0,0,0.0,-,0,0,0,0,0.0,ECU,1,1,14189,0,0.0,FAN1,0,0,0,0,0.0,COILS,8,1,0,0,0.0,PUMP,0,0,0,0,0.0,INJECTOR,8,1,109,0,0.0,SERVO,1,1,14156,0,0.0,ADD 1,0,1,14249,0,0.0,ADD 2,0,1,14243,0,0.0,ADD 3,0,1,14260,0,0.0,ADD 4,0,1,14227,0,0.0,ADD 5,0,0,0,0,0.0,ADD 6,0,1,14298,0,0.0,ADD 7,0,0,0,0,0.0,EGT2CAN,0,1,14260,0,0.0
1778949412.7450469,0.0,14496,-52.0,0,-,0,0,0,0,0.0,-,0,0,0,0,0.0,ECU,1,1,14528,0,0.0,FAN1,0,0,0,0,0.0,COILS,8,1,0,0,0.0,PUMP,0,0,0,0,0.0,INJECTOR,8,1,82,0,0.0,SERVO,1,1,14282,0,0.0,ADD 1,0,1,14276,0,0.0,ADD 2,0,1,14287,0,0.0,ADD 3,0,1,14282,0,0.0,ADD 4,0,1,14243,0,0.0,ADD 5,0,0,0,0,0.0,ADD 6,0,1,14265,0,0.0,ADD 7,0,0,0,0,0.0,EGT2CAN,0,1,14254,0,0.0
1778949412.8157587,0.0,14496,-52.0,0,-,0,0,0,0,0.0,-,0,0,0,0,0.0,ECU,1,1,14260,0,0.0,FAN1,0,0,0,0,0.0,COILS,8,1,0,0,0.0,PUMP,0,0,0,0,0.0,INJECTOR,8,1,109,0,0.0,SERVO,1,1,14172,0,0.0,ADD 1,0,1,14276,0,0.0,ADD 2,0,1,14287,0,0.0,ADD 3,0,1,14282,0,0.0,ADD 4,0,1,14243,0,0.0,ADD 5,0,0,0,0,0.0,ADD 6,0,1,14265,0,0.0,ADD 7,0,0,0,0,0.0,EGT2CAN,0,1,14254,0,0.0
1778949412.8663647,0.0,14274,-52.0,0,-,0,0,0,0,0.0,-,0,0,0,0,0.0,ECU,1,1,14331,0,0.0,FAN1,0,0,0,0,0.0,COILS,8,1,0,0,0.0,PUMP,0,0,0,0,0.0,INJECTOR,8,1,87,0,0.0,SERVO,1,1,14484,0,0.0,ADD 1,0,1,14254,0,0.0,ADD 2,0,1,14293,0,0.0,ADD 3,0,1,14249,0,0.0,ADD 4,0,1,14238,0,0.0,ADD 5,0,0,0,0,0.0,ADD 6,0,1,14271,0,0.0,ADD 7,0,0,0,0,0.0,EGT2CAN,0,1,14200,0,0.0
1778949412.9179032,0.0,14274,-52.0,0,-,0,0,0,0,0.0,-,0,0,0,0,0.0,ECU,1,1,14331,0,0.0,FAN1,0,0,0,0,0.0,COILS,8,1,0,0,0.0,PUMP,0,0,0,0,0.0,INJECTOR,8,1,87,0,0.0,SERVO,1,1,14484,0,0.0,ADD 1,0,1,14254,0,0.0,ADD 2,0,1,14293,0,0.0,ADD 3,0,1,14249,0,0.0,ADD 4,0,1,14238,0,0.0,ADD 5,0,0,0,0,0.0,ADD 6,0,1,14271,0,0.0,ADD 7,0,0,0,0,0.0,EGT2CAN,0,1,14200,0,0.0
1778949412.9685485,0.0,14274,-52.0,0,-,0,0,0,0,0.0,-,0,0,0,0,0.0,ECU,1,1,14254,0,0.0,FAN1,0,0,0,0,0.0,COILS,8,1,0,0,0.0,PUMP,0,0,0,0,0.0,INJECTOR,8,1,87,0,0.0,SERVO,1,1,14150,0,0.0,ADD 1,0,1,14232,0,0.0,ADD 2,0,1,14260,0,0.0,ADD 3,0,1,14222,0,0.0,ADD 4,0,1,14167,0,0.0,ADD 5,0,0,0,0,0.0,ADD 6,0,1,14167,0,0.0,ADD 7,0,0,0,0,0.0,EGT2CAN,0,1,14216,0,0.0
1778949413.028003,0.0,14249,-51.0,0,-,0,0,0,0,0.0,-,0,0,0,0,0.0,ECU,1,1,14670,0,0.0,FAN1,0,0,0,0,0.0,COILS,8,1,0,0,0.0,PUMP,0,0,0,0,0.0,INJECTOR,8,1,87,0,0.0,SERVO,1,1,14588,0,0.0,ADD 1,0,1,14665,0,0.0,ADD 2,0,1,14626,0,0.0,ADD 3,0,1,14643,0,0.0,ADD 4,0,1,14528,0,0.0,ADD 5,0,0,0,0,0.0,ADD 6,0,1,14621,0,0.0,ADD 7,0,0,0,0,0.0,EGT2CAN,0,1,14604,0,0.0
1778949413.0842462,0.0,14249,-51.0,0,-,0,0,0,0,0.0,-,0,0,0,0,0.0,ECU,1,1,14271,0,0.0,FAN1,0,0,0,0,0.0,COILS,8,1,0,0,0.0,PUMP,0,0,0,0,0.0,INJECTOR,8,1,103,0,0.0,SERVO,1,1,14314,0,0.0,ADD 1,0,1,14665,0,0.0,ADD 2,0,1,14626,0,0.0,ADD 3,0,1,14643,0,0.0,ADD 4,0,1,14528,0,0.0,ADD 5,0,0,0,0,0.0,ADD 6,0,1,14621,0,0.0,ADD 7,0,0,0,0,0.0,EGT2CAN,0,1,14604,0,0.0
1778949413.1443675,0.0,14249,-51.0,0,-,0,0,0,0,0.0,-,0,0,0,0,0.0,ECU,1,1,14200,0,0.0,FAN1,0,0,0,0,0.0,COILS,8,1,0,0,0.0,PUMP,0,0,0,0,0.0,INJECTOR,8,1,87,0,0.0,SERVO,1,1,14232,0,0.0,ADD 1,0,1,14260,0,0.0,ADD 2,0,1,14243,0,0.0,ADD 3,0,1,14216,0,0.0,ADD 4,0,1,14205,0,0.0,ADD 5,0,0,0,0,0.0,ADD 6,0,1,14265,0,0.0,ADD 7,0,0,0,0,0.0,EGT2CAN,0,1,14200,0,0.0
1778949413.1975024,0.0,14286,-54.0,0,-,0,0,0,0,0.0,-,0,0,0,0,0.0,ECU,1,1,14238,0,0.0,FAN1,0,0,0,0,0.0,COILS,8,1,0,0,0.0,PUMP,0,0,0,0,0.0,INJECTOR,8,1,82,0,0.0,SERVO,1,1,14216,0,0.0,ADD 1,0,1,14254,0,0.0,ADD 2,0,1,14254,0,0.0,ADD 3,0,1,14216,0,0.0,ADD 4,0,1,14238,0,0.0,ADD 5,0,0,0,0,0.0,ADD 6,0,1,14238,0,0.0,ADD 7,0,0,0,0,0.0,EGT2CAN,0,1,14238,0,0.0
1778949413.2486172,0.0,14286,-54.0,0,-,0,0,0,0,0.0,-,0,0,0,0,0.0,ECU,1,1,14276,0,0.0,FAN1,0,0,0,0,0.0,COILS,8,1,0,0,0.0,PUMP,0,0,0,0,0.0,INJECTOR,8,1,71,0,0.0,SERVO,1,1,14222,0,0.0,ADD 1,0,1,14736,0,0.0,ADD 2,0,1,14736,0,0.0,ADD 3,0,1,14670,0,0.0,ADD 4,0,1,14692,0,0.0,ADD 5,0,0,0,0,0.0,ADD 6,0,1,14238,0,0.0,ADD 7,0,0,0,0,0.0,EGT2CAN,0,1,14238,0,0.0
1778949413.2996733,0.0,14534,-51.0,0,-,0,0,0,0,0.0,-,0,0,0,0,0.0,ECU,1,1,14238,0,0.0,FAN1,0,0,0,0,0.0,COILS,8,1,0,0,0.0,PUMP,0,0,0,0,0.0,INJECTOR,8,1,98,0,0.0,SERVO,1,1,14216,0,0.0,ADD 1,0,1,14314,0,0.0,ADD 2,0,1,14347,0,0.0,ADD 3,0,1,14353,0,0.0,ADD 4,0,1,14314,0,0.0,ADD 5,0,0,0,0,0.0,ADD 6,0,1,14375,0,0.0,ADD 7,0,0,0,0,0.0,EGT2CAN,0,1,14353,0,0.0
1778949413.3518777,0.0,14249,-51.0,0,-,0,0,0,0,0.0,-,0,0,0,0,0.0,ECU,1,1,14462,0,0.0,FAN1,0,0,0,0,0.0,COILS,8,1,0,0,0.0,PUMP,0,0,0,0,0.0,INJECTOR,8,1,87,0,0.0,SERVO,1,1,14511,0,0.0,ADD 1,0,1,14211,0,0.0,ADD 2,0,1,14205,0,0.0,ADD 3,0,1,14200,0,0.0,ADD 4,0,1,14205,0,0.0,ADD 5,0,0,0,0,0.0,ADD 6,0,1,14238,0,0.0,ADD 7,0,0,0,0,0.0,EGT2CAN,0,1,14172,0,0.0
1778949413.4024386,0.0,14249,-51.0,0,-,0,0,0,0,0.0,-,0,0,0,0,0.0,ECU,1,1,14260,0,0.0,FAN1,0,0,0,0,0.0,COILS,8,1,0,0,0.0,PUMP,0,0,0,0,0.0,INJECTOR,8,1,82,0,0.0,SERVO,1,1,14254,0,0.0,ADD 1,0,1,14276,0,0.0,ADD 2,0,1,14282,0,0.0,ADD 3,0,1,14254,0,0.0,ADD 4,0,1,14194,0,0.0,ADD 5,0,0,0,0,0.0,ADD 6,0,1,14238,0,0.0,ADD 7,0,0,0,0,0.0,EGT2CAN,0,1,14172,0,0.0
1778949413.456552,0.0,14546,-51.0,0,-,0,0,0,0,0.0,-,0,0,0,0,0.0,ECU,1,1,14254,0,0.0,FAN1,0,0,0,0,0.0,COILS,8,1,0,0,0.0,PUMP,0,0,0,0,0.0,INJECTOR,8,1,87,0,0.0,SERVO,1,1,14205,0,0.0,ADD 1,0,1,14232,0,0.0,ADD 2,0,1,14232,0,0.0,ADD 3,0,1,14265,0,0.0,ADD 4,0,1,14194,0,0.0,ADD 5,0,0,0,0,0.0,ADD 6,0,1,14287,0,0.0,ADD 7,0,0,0,0,0.0,EGT2CAN,0,1,14222,0,0.0
1778949413.5068278,0.0,14274,-52.0,0,-,0,0,0,0,0.0,-,0,0,0,0,0.0,ECU,1,1,14468,0,0.0,FAN1,0,0,0,0,0.0,COILS,8,1,0,0,0.0,PUMP,0,0,0,0,0.0,INJECTOR,8,1,87,0,0.0,SERVO,1,1,14577,0,0.0,ADD 1,0,1,14632,0,0.0,ADD 2,0,1,14615,0,0.0,ADD 3,0,1,14621,0,0.0,ADD 4,0,1,14599,0,0.0,ADD 5,0,0,0,0,0.0,ADD 6,0,1,14714,0,0.0,ADD 7,0,0,0,0,0.0,EGT2CAN,0,1,14659,0,0.0
1778949413.5577762,0.0,14274,-52.0,0,-,0,0,0,0,0.0,-,0,0,0,0,0.0,ECU,1,1,14276,0,0.0,FAN1,0,0,0,0,0.0,COILS,8,1,0,0,0.0,PUMP,0,0,0,0,0.0,INJECTOR,8,1,76,0,0.0,SERVO,1,1,14189,0,0.0,ADD 1,0,1,14232,0,0.0,ADD 2,0,1,14260,0,0.0,ADD 3,0,1,14194,0,0.0,ADD 4,0,1,14183,0,0.0,ADD 5,0,0,0,0,0.0,ADD 6,0,1,14243,0,0.0,ADD 7,0,0,0,0,0.0,EGT2CAN,0,1,14254,0,0.0
1778949413.6085413,0.0,14336,-51.0,0,-,0,0,0,0,0.0,-,0,0,0,0,0.0,ECU,1,1,14282,0,0.0,FAN1,0,0,0,0,0.0,COILS,8,1,0,0,0.0,PUMP,0,0,0,0,0.0,INJECTOR,8,1,125,0,0.0,SERVO,1,1,14194,0,0.0,ADD 1,0,1,14238,0,0.0,ADD 2,0,1,14293,0,0.0,ADD 3,0,1,14287,0,0.0,ADD 4,0,1,14249,0,0.0,ADD 5,0,0,0,0,0.0,ADD 6,0,1,14282,0,0.0,ADD 7,0,0,0,0,0.0,EGT2CAN,0,1,14232,0,0.0
1778949413.6598203,0.0,14707,-52.0,0,-,0,0,0,0,0.0,-,0,0,0,0,0.0,ECU,1,1,14260,0,0.0,FAN1,0,0,0,0,0.0,COILS,8,1,0,0,0.0,PUMP,0,0,0,0,0.0,INJECTOR,8,1,87,0,0.0,SERVO,1,1,14216,0,0.0,ADD 1,0,1,14697,0,0.0,ADD 2,0,1,14730,0,0.0,ADD 3,0,1,14703,0,0.0,ADD 4,0,1,14730,0,0.0,ADD 5,0,0,0,0,0.0,ADD 6,0,1,14692,0,0.0,ADD 7,0,0,0,0,0.0,EGT2CAN,0,1,14719,0,0.0
1778949413.723478,0.0,14267,-51.0,0,-,0,0,0,0,0.0,-,0,0,0,0,0.0,ECU,1,1,14517,0,0.0,FAN1,0,0,0,0,0.0,COILS,8,1,0,0,0.0,PUMP,0,0,0,0,0.0,INJECTOR,8,1,109,0,0.0,SERVO,1,1,14572,0,0.0,ADD 1,0,1,14271,0,0.0,ADD 2,0,1,14249,0,0.0,ADD 3,0,1,14200,0,0.0,ADD 4,0,1,14194,0,0.0,ADD 5,0,0,0,0,0.0,ADD 6,0,1,14265,0,0.0,ADD 7,0,0,0,0,0.0,EGT2CAN,0,1,14205,0,0.0
1778949413.774484,0.0,14267,-51.0,0,-,0,0,0,0,0.0,-,0,0,0,0,0.0,ECU,1,1,14517,0,0.0,FAN1,0,0,0,0,0.0,COILS,8,1,0,0,0.0,PUMP,0,0,0,0,0.0,INJECTOR,8,1,109,0,0.0,SERVO,1,1,14572,0,0.0,ADD 1,0,1,14271,0,0.0,ADD 2,0,1,14249,0,0.0,ADD 3,0,1,14200,0,0.0,ADD 4,0,1,14194,0,0.0,ADD 5,0,0,0,0,0.0,ADD 6,0,1,14265,0,0.0,ADD 7,0,0,0,0,0.0,EGT2CAN,0,1,14205,0,0.0
1778949413.827258,0.0,14267,-51.0,0,-,0,0,0,0,0.0,-,0,0,0,0,0.0,ECU,1,1,14216,0,0.0,FAN1,0,0,0,0,0.0,COILS,8,1,0,0,0.0,PUMP,0,0,0,0,0.0,INJECTOR,8,1,87,0,0.0,SERVO,1,1,14238,0,0.0,ADD 1,0,1,14304,0,0.0,ADD 2,0,1,14304,0,0.0,ADD 3,0,1,14254,0,0.0,ADD 4,0,1,14271,0,0.0,ADD 5,0,0,0,0,0.0,ADD 6,0,1,14325,0,0.0,ADD 7,0,0,0,0,0.0,EGT2CAN,0,1,14271,0,0.0
1778949413.8781054,0.0,14422,-52.0,0,-,0,0,0,0,0.0,-,0,0,0,0,0.0,ECU,1,1,14697,0,0.0,FAN1,0,0,0,0,0.0,COILS,8,1,0,0,0.0,PUMP,0,0,0,0,0.0,INJECTOR,8,1,87,0,0.0,SERVO,1,1,14714,0,0.0,ADD 1,0,1,14692,0,0.0,ADD 2,0,1,14714,0,0.0,ADD 3,0,1,14670,0,0.0,ADD 4,0,1,14588,0,0.0,ADD 5,0,0,0,0,0.0,ADD 6,0,1,14648,0,0.0,ADD 7,0,0,0,0,0.0,EGT2CAN,0,1,14550,0,0.0
1778949413.9290693,0.0,14422,-52.0,0,-,0,0,0,0,0.0,-,0,0,0,0,0.0,ECU,1,1,14697,0,0.0,FAN1,0,0,0,0,0.0,COILS,8,1,0,0,0.0,PUMP,0,0,0,0,0.0,INJECTOR,8,1,87,0,0.0,SERVO,1,1,14714,0,0.0,ADD 1,0,1,14692,0,0.0,ADD 2,0,1,14714,0,0.0,ADD 3,0,1,14670,0,0.0,ADD 4,0,1,14588,0,0.0,ADD 5,0,0,0,0,0.0,ADD 6,0,1,14648,0,0.0,ADD 7,0,0,0,0,0.0,EGT2CAN,0,1,14550,0,0.0
1778949413.979969,0.0,14422,-52.0,0,-,0,0,0,0,0.0,-,0,0,0,0,0.0,ECU,1,1,14314,0,0.0,FAN1,0,0,0,0,0.0,COILS,8,1,0,0,0.0,PUMP,0,0,0,0,0.0,INJECTOR,8,1,87,0,0.0,SERVO,1,1,14397,0,0.0,ADD 1,0,1,14386,0,0.0,ADD 2,0,1,14457,0,0.0,ADD 3,0,1,14435,0,0.0,ADD 4,0,1,14451,0,0.0,ADD 5,0,0,0,0,0.0,ADD 6,0,1,14511,0,0.0,ADD 7,0,0,0,0,0.0,EGT2CAN,0,1,14484,0,0.0
1778949414.0424063,0.0,14366,-51.0,0,-,0,0,0,0,0.0,-,0,0,0,0,0.0,ECU,1,1,14539,0,0.0,FAN1,0,0,0,0,0.0,COILS,8,1,0,0,0.0,PUMP,0,0,0,0,0.0,INJECTOR,8,1,92,0,0.0,SERVO,1,1,14282,0,0.0,ADD 1,0,1,14331,0,0.0,ADD 2,0,1,14342,0,0.0,ADD 3,0,1,14336,0,0.0,ADD 4,0,1,14238,0,0.0,ADD 5,0,0,0,0,0.0,ADD 6,0,1,14375,0,0.0,ADD 7,0,0,0,0,0.0,EGT2CAN,0,1,14314,0,0.0
1778949414.092647,0.0,14366,-51.0,0,-,0,0,0,0,0.0,-,0,0,0,0,0.0,ECU,1,1,14298,0,0.0,FAN1,0,0,0,0,0.0,COILS,8,1,0,0,0.0,PUMP,0,0,0,0,0.0,INJECTOR,8,1,87,0,0.0,SERVO,1,1,14216,0,0.0,ADD 1,0,1,14331,0,0.0,ADD 2,0,1,14342,0,0.0,ADD 3,0,1,14336,0,0.0,ADD 4,0,1,14238,0,0.0,ADD 5,0,0,0,0,0.0,ADD 6,0,1,14375,0,0.0,ADD 7,0,0,0,0,0.0,EGT2CAN,0,1,14314,0,0.0
1778949414.1628199,0.0,14323,-51.0,0,-,0,0,0,0,0.0,-,0,0,0,0,0.0,ECU,1,1,14265,0,0.0,FAN1,0,0,0,0,0.0,COILS,8,1,0,0,0.0,PUMP,0,0,0,0,0.0,INJECTOR,8,1,82,0,0.0,SERVO,1,1,14314,0,0.0,ADD 1,0,1,14271,0,0.0,ADD 2,0,1,14320,0,0.0,ADD 3,0,1,14200,0,0.0,ADD 4,0,1,14254,0,0.0,ADD 5,0,0,0,0,0.0,ADD 6,0,1,14287,0,0.0,ADD 7,0,0,0,0,0.0,EGT2CAN,0,1,14243,0,0.0
1778949414.214217,0.0,14274,-53.0,0,-,0,0,0,0,0.0,-,0,0,0,0,0.0,ECU,1,1,14265,0,0.0,FAN1,0,0,0,0,0.0,COILS,8,1,0,0,0.0,PUMP,0,0,0,0,0.0,INJECTOR,8,1,82,0,0.0,SERVO,1,1,14314,0,0.0,ADD 1,0,1,14271,0,0.0,ADD 2,0,1,14320,0,0.0,ADD 3,0,1,14200,0,0.0,ADD 4,0,1,14254,0,0.0,ADD 5,0,0,0,0,0.0,ADD 6,0,1,14287,0,0.0,ADD 7,0,0,0,0,0.0,EGT2CAN,0,1,14243,0,0.0
1778949414.265848,0.0,14274,-53.0,0,-,0,0,0,0,0.0,-,0,0,0,0,0.0,ECU,1,1,14243,0,0.0,FAN1,0,0,0,0,0.0,COILS,8,1,0,0,0.0,PUMP,0,0,0,0,0.0,INJECTOR,8,1,87,0,0.0,SERVO,1,1,14254,0,0.0,ADD 1,0,1,14216,0,0.0,ADD 2,0,1,14282,0,0.0,ADD 3,0,1,14216,0,0.0,ADD 4,0,1,14243,0,0.0,ADD 5,0,0,0,0,0.0,ADD 6,0,1,14287,0,0.0,ADD 7,0,0,0,0,0.0,EGT2CAN,0,1,14243,0,0.0
1778949414.3273973,0.0,14267,-52.0,0,-,0,0,0,0,0.0,-,0,0,0,0,0.0,ECU,1,1,14375,0,0.0,FAN1,0,0,0,0,0.0,COILS,8,1,0,0,0.0,PUMP,0,0,0,0,0.0,INJECTOR,8,1,82,0,0.0,SERVO,1,1,14490,0,0.0,ADD 1,0,1,14446,0,0.0,ADD 2,0,1,14533,0,0.0,ADD 3,0,1,14555,0,0.0,ADD 4,0,1,14495,0,0.0,ADD 5,0,0,0,0,0.0,ADD 6,0,1,14561,0,0.0,ADD 7,0,0,0,0,0.0,EGT2CAN,0,1,14550,0,0.0
1778949414.3837228,0.0,14267,-52.0,0,-,0,0,0,0,0.0,-,0,0,0,0,0.0,ECU,1,1,14222,0,0.0,FAN1,0,0,0,0,0.0,COILS,8,1,0,0,0.0,PUMP,0,0,0,0,0.0,INJECTOR,8,1,82,0,0.0,SERVO,1,1,14189,0,0.0,ADD 1,0,1,14446,0,0.0,ADD 2,0,1,14533,0,0.0,ADD 3,0,1,14555,0,0.0,ADD 4,0,1,14495,0,0.0,ADD 5,0,0,0,0,0.0,ADD 6,0,1,14561,0,0.0,ADD 7,0,0,0,0,0.0,EGT2CAN,0,1,14550,0,0.0
1778949414.4348946,0.0,14342,-51.0,0,-,0,0,0,0,0.0,-,0,0,0,0,0.0,ECU,1,1,14304,0,0.0,FAN1,0,0,0,0,0.0,COILS,8,1,0,0,0.0,PUMP,0,0,0,0,0.0,INJECTOR,8,1,82,0,0.0,SERVO,1,1,14260,0,0.0,ADD 1,0,1,14276,0,0.0,ADD 2,0,1,14271,0,0.0,ADD 3,0,1,14309,0,0.0,ADD 4,0,1,14200,0,0.0,ADD 5,0,0,0,0,0.0,ADD 6,0,1,14243,0,0.0,ADD 7,0,0,0,0,0.0,EGT2CAN,0,1,14304,0,0.0
1778949414.4909146,0.0,14459,-51.0,0,-,0,0,0,0,0.0,-,0,0,0,0,0.0,ECU,1,1,14271,0,0.0,FAN1,0,0,0,0,0.0,COILS,8,1,0,0,0.0,PUMP,0,0,0,0,0.0,INJECTOR,8,1,82,0,0.0,SERVO,1,1,14222,0,0.0,ADD 1,0,1,14572,0,0.0,ADD 2,0,1,14621,0,0.0,ADD 3,0,1,14533,0,0.0,ADD 4,0,1,14500,0,0.0,ADD 5,0,0,0,0,0.0,ADD 6,0,1,14539,0,0.0,ADD 7,0,0,0,0,0.0,EGT2CAN,0,1,14473,0,0.0
1778949414.5447984,0.0,14459,-51.0,0,-,0,0,0,0,0.0,-,0,0,0,0,0.0,ECU,1,1,14271,0,0.0,FAN1,0,0,0,0,0.0,COILS,8,1,0,0,0.0,PUMP,0,0,0,0,0.0,INJECTOR,8,1,82,0,0.0,SERVO,1,1,14222,0,0.0,ADD 1,0,1,14572,0,0.0,ADD 2,0,1,14621,0,0.0,ADD 3,0,1,14533,0,0.0,ADD 4,0,1,14500,0,0.0,ADD 5,0,0,0,0,0.0,ADD 6,0,1,14539,0,0.0,ADD 7,0,0,0,0,0.0,EGT2CAN,0,1,14473,0,0.0
1778949414.6068084,0.0,14317,-51.0,0,-,0,0,0,0,0.0,-,0,0,0,0,0.0,ECU,1,1,14397,0,0.0,FAN1,0,0,0,0,0.0,COILS,8,1,0,0,0.0,PUMP,0,0,0,0,0.0,INJECTOR,8,1,87,0,0.0,SERVO,1,1,14517,0,0.0,ADD 1,0,1,14314,0,0.0,ADD 2,0,1,14282,0,0.0,ADD 3,0,1,14260,0,0.0,ADD 4,0,1,14194,0,0.0,ADD 5,0,0,0,0,0.0,ADD 6,0,1,14282,0,0.0,ADD 7,0,0,0,0,0.0,EGT2CAN,0,1,14304,0,0.0
1778949414.6727517,0.0,14323,-51.0,0,-,0,0,0,0,0.0,-,0,0,0,0,0.0,ECU,1,1,14260,0,0.0,FAN1,0,0,0,0,0.0,COILS,8,1,0,0,0.0,PUMP,0,0,0,0,0.0,INJECTOR,8,1,87,0,0.0,SERVO,1,1,14238,0,0.0,ADD 1,0,1,14216,0,0.0,ADD 2,0,1,14243,0,0.0,ADD 3,0,1,14167,0,0.0,ADD 4,0,1,14183,0,0.0,ADD 5,0,0,0,0,0.0,ADD 6,0,1,14200,0,0.0,ADD 7,0,0,0,0,0.0,EGT2CAN,0,1,14200,0,0.0
1778949414.7231357,0.0,14354,-51.0,0,-,0,0,0,0,0.0,-,0,0,0,0,0.0,ECU,1,1,14473,0,0.0,FAN1,0,0,0,0,0.0,COILS,8,1,0,0,0.0,PUMP,0,0,0,0,0.0,INJECTOR,8,1,82,0,0.0,SERVO,1,1,14304,0,0.0,ADD 1,0,1,14309,0,0.0,ADD 2,0,1,14331,0,0.0,ADD 3,0,1,14282,0,0.0,ADD 4,0,1,14260,0,0.0,ADD 5,0,0,0,0,0.0,ADD 6,0,1,14298,0,0.0,ADD 7,0,0,0,0,0.0,EGT2CAN,0,1,14282,0,0.0
1778949414.7746892,0.0,14354,-51.0,0,-,0,0,0,0,0.0,-,0,0,0,0,0.0,ECU,1,1,14473,0,0.0,FAN1,0,0,0,0,0.0,COILS,8,1,0,0,0.0,PUMP,0,0,0,0,0.0,INJECTOR,8,1,82,0,0.0,SERVO,1,1,14304,0,0.0,ADD 1,0,1,14309,0,0.0,ADD 2,0,1,14331,0,0.0,ADD 3,0,1,14282,0,0.0,ADD 4,0,1,14260,0,0.0,ADD 5,0,0,0,0,0.0,ADD 6,0,1,14298,0,0.0,ADD 7,0,0,0,0,0.0,EGT2CAN,0,1,14282,0,0.0
1778949414.8263621,0.0,14354,-51.0,0,-,0,0,0,0,0.0,-,0,0,0,0,0.0,ECU,1,1,14511,0,0.0,FAN1,0,0,0,0,0.0,COILS,8,1,0,0,0.0,PUMP,0,0,0,0,0.0,INJECTOR,8,1,92,0,0.0,SERVO,1,1,14610,0,0.0,ADD 1,0,1,14588,0,0.0,ADD 2,0,1,14659,0,0.0,ADD 3,0,1,14692,0,0.0,ADD 4,0,1,14659,0,0.0,ADD 5,0,0,0,0,0.0,ADD 6,0,1,14298,0,0.0,ADD 7,0,0,0,0,0.0,EGT2CAN,0,1,14282,0,0.0
1778949414.8878486,0.0,14305,-51.0,0,-,0,0,0,0,0.0,-,0,0,0,0,0.0,ECU,1,1,14293,0,0.0,FAN1,0,0,0,0,0.0,COILS,8,1,0,0,0.0,PUMP,0,0,0,0,0.0,INJECTOR,8,1,98,0,0.0,SERVO,1,1,14189,0,0.0,ADD 1,0,1,14260,0,0.0,ADD 2,0,1,14320,0,0.0,ADD 3,0,1,14271,0,0.0,ADD 4,0,1,14282,0,0.0,ADD 5,0,0,0,0,0.0,ADD 6,0,1,14320,0,0.0,ADD 7,0,0,0,0,0.0,EGT2CAN,0,1,14260,0,0.0
1778949414.9390216,0.0,14305,-51.0,0,-,0,0,0,0,0.0,-,0,0,0,0,0.0,ECU,1,1,14271,0,0.0,FAN1,0,0,0,0,0.0,COILS,8,1,0,0,0.0,PUMP,0,0,0,0,0.0,INJECTOR,8,1,98,0,0.0,SERVO,1,1,14189,0,0.0,ADD 1,0,1,14260,0,0.0,ADD 2,0,1,14320,0,0.0,ADD 3,0,1,14271,0,0.0,ADD 4,0,1,14282,0,0.0,ADD 5,0,0,0,0,0.0,ADD 6,0,1,14320,0,0.0,ADD 7,0,0,0,0,0.0,EGT2CAN,0,1,14260,0,0.0
1778949414.9898252,0.0,14305,-51.0,0,-,0,0,0,0,0.0,-,0,0,0,0,0.0,ECU,1,1,14271,0,0.0,FAN1,0,0,0,0,0.0,COILS,8,1,0,0,0.0,PUMP,0,0,0,0,0.0,INJECTOR,8,1,65,0,0.0,SERVO,1,1,14304,0,0.0,ADD 1,0,1,14686,0,0.0,ADD 2,0,1,14736,0,0.0,ADD 3,0,1,14676,0,0.0,ADD 4,0,1,14643,0,0.0,ADD 5,0,0,0,0,0.0,ADD 6,0,1,14670,0,0.0,ADD 7,0,0,0,0,0.0,EGT2CAN,0,1,14583,0,0.0
1778949415.0622373,0.0,14267,-52.0,0,-,0,0,0,0,0.0,-,0,0,0,0,0.0,ECU,1,1,14583,0,0.0,FAN1,0,0,0,0,0.0,COILS,8,1,0,0,0.0,PUMP,0,0,0,0,0.0,INJECTOR,8,1,87,0,0.0,SERVO,1,1,14648,0,0.0,ADD 1,0,1,14260,0,0.0,ADD 2,0,1,14260,0,0.0,ADD 3,0,1,14265,0,0.0,ADD 4,0,1,14194,0,0.0,ADD 5,0,0,0,0,0.0,ADD 6,0,1,14238,0,0.0,ADD 7,0,0,0,0,0.0,EGT2CAN,0,1,14276,0,0.0
1778949415.113251,0.0,14267,-52.0,0,-,0,0,0,0,0.0,-,0,0,0,0,0.0,ECU,1,1,14260,0,0.0,FAN1,0,0,0,0,0.0,COILS,8,1,0,0,0.0,PUMP,0,0,0,0,0.0,INJECTOR,8,1,87,0,0.0,SERVO,1,1,14216,0,0.0,ADD 1,0,1,14260,0,0.0,ADD 2,0,1,14276,0,0.0,ADD 3,0,1,14282,0,0.0,ADD 4,0,1,14293,0,0.0,ADD 5,0,0,0,0,0.0,ADD 6,0,1,14375,0,0.0,ADD 7,0,0,0,0,0.0,EGT2CAN,0,1,14331,0,0.0
1778949415.1760552,0.0,14503,-52.0,0,-,0,0,0,0,0.0,-,0,0,0,0,0.0,ECU,1,1,14763,0,0.0,FAN1,0,0,0,0,0.0,COILS,8,1,0,0,0.0,PUMP,0,0,0,0,0.0,INJECTOR,8,1,92,0,0.0,SERVO,1,1,14517,0,0.0,ADD 1,0,1,14626,0,0.0,ADD 2,0,1,14517,0,0.0,ADD 3,0,1,14550,0,0.0,ADD 4,0,1,14528,0,0.0,ADD 5,0,0,0,0,0.0,ADD 6,0,1,14566,0,0.0,ADD 7,0,0,0,0,0.0,EGT2CAN,0,1,14484,0,0.0
1778949415.2263117,0.0,14503,-52.0,0,-,0,0,0,0,0.0,-,0,0,0,0,0.0,ECU,1,1,14347,0,0.0,FAN1,0,0,0,0,0.0,COILS,8,1,0,0,0.0,PUMP,0,0,0,0,0.0,INJECTOR,8,1,87,0,0.0,SERVO,1,1,14397,0,0.0,ADD 1,0,1,14490,0,0.0,ADD 2,0,1,14522,0,0.0,ADD 3,0,1,14500,0,0.0,ADD 4,0,1,14462,0,0.0,ADD 5,0,0,0,0,0.0,ADD 6,0,1,14566,0,0.0,ADD 7,0,0,0,0,0.0,EGT2CAN,0,1,14484,0,0.0
1778949415.2772734,0.0,14360,-52.0,0,-,0,0,0,0,0.0,-,0,0,0,0,0.0,ECU,1,1,14293,0,0.0,FAN1,0,0,0,0,0.0,COILS,8,1,0,0,0.0,PUMP,0,0,0,0,0.0,INJECTOR,8,1,87,0,0.0,SERVO,1,1,14243,0,0.0,ADD 1,0,1,14298,0,0.0,ADD 2,0,1,14314,0,0.0,ADD 3,0,1,14276,0,0.0,ADD 4,0,1,14205,0,0.0,ADD 5,0,0,0,0,0.0,ADD 6,0,1,14287,0,0.0,ADD 7,0,0,0,0,0.0,EGT2CAN,0,1,14282,0,0.0
1778949415.3292344,0.0,14366,-52.0,0,-,0,0,0,0,0.0,-,0,0,0,0,0.0,ECU,1,1,14364,0,0.0,FAN1,0,0,0,0,0.0,COILS,8,1,0,0,0.0,PUMP,0,0,0,0,0.0,INJECTOR,8,1,87,0,0.0,SERVO,1,1,14353,0,0.0,ADD 1,0,1,14353,0,0.0,ADD 2,0,1,14325,0,0.0,ADD 3,0,1,14309,0,0.0,ADD 4,0,1,14232,0,0.0,ADD 5,0,0,0,0,0.0,ADD 6,0,1,14375,0,0.0,ADD 7,0,0,0,0,0.0,EGT2CAN,0,1,14358,0,0.0
1778949415.3890314,0.0,14366,-52.0,0,-,0,0,0,0,0.0,-,0,0,0,0,0.0,ECU,1,1,14364,0,0.0,FAN1,0,0,0,0,0.0,COILS,8,1,0,0,0.0,PUMP,0,0,0,0,0.0,INJECTOR,8,1,87,0,0.0,SERVO,1,1,14353,0,0.0,ADD 1,0,1,14353,0,0.0,ADD 2,0,1,14325,0,0.0,ADD 3,0,1,14309,0,0.0,ADD 4,0,1,14232,0,0.0,ADD 5,0,0,0,0,0.0,ADD 6,0,1,14375,0,0.0,ADD 7,0,0,0,0,0.0,EGT2CAN,0,1,14358,0,0.0
1778949415.4398482,0.0,14726,-52.0,0,-,0,0,0,0,0.0,-,0,0,0,0,0.0,ECU,1,1,14347,0,0.0,FAN1,0,0,0,0,0.0,COILS,8,1,0,0,0.0,PUMP,0,0,0,0,0.0,INJECTOR,8,1,82,0,0.0,SERVO,1,1,14287,0,0.0,ADD 1,0,1,14708,0,0.0,ADD 2,0,1,14725,0,0.0,ADD 3,0,1,14741,0,0.0,ADD 4,0,1,14758,0,0.0,ADD 5,0,0,0,0,0.0,ADD 6,0,1,14812,0,0.0,ADD 7,0,0,0,0,0.0,EGT2CAN,0,1,14763,0,0.0
1778949415.4916306,0.0,14348,-52.0,0,-,0,0,0,0,0.0,-,0,0,0,0,0.0,ECU,1,1,14725,0,0.0,FAN1,0,0,0,0,0.0,COILS,8,1,0,0,0.0,PUMP,0,0,0,0,0.0,INJECTOR,8,1,92,0,0.0,SERVO,1,1,14555,0,0.0,ADD 1,0,1,14331,0,0.0,ADD 2,0,1,14358,0,0.0,ADD 3,0,1,14369,0,0.0,ADD 4,0,1,14298,0,0.0,ADD 5,0,0,0,0,0.0,ADD 6,0,1,14391,0,0.0,ADD 7,0,0,0,0,0.0,EGT2CAN,0,1,14402,0,0.0
1778949415.5437121,0.0,14348,-52.0,0,-,0,0,0,0,0.0,-,0,0,0,0,0.0,ECU,1,1,14725,0,0.0,FAN1,0,0,0,0,0.0,COILS,8,1,0,0,0.0,PUMP,0,0,0,0,0.0,INJECTOR,8,1,92,0,0.0,SERVO,1,1,14555,0,0.0,ADD 1,0,1,14331,0,0.0,ADD 2,0,1,14358,0,0.0,ADD 3,0,1,14369,0,0.0,ADD 4,0,1,14298,0,0.0,ADD 5,0,0,0,0,0.0,ADD 6,0,1,14391,0,0.0,ADD 7,0,0,0,0,0.0,EGT2CAN,0,1,14402,0,0.0
1778949415.5949194,0.0,14583,-51.0,0,-,0,0,0,0,0.0,-,0,0,0,0,0.0,ECU,1,1,14342,0,0.0,FAN1,0,0,0,0,0.0,COILS,8,1,0,0,0.0,PUMP,0,0,0,0,0.0,INJECTOR,8,1,76,0,0.0,SERVO,1,1,14293,0,0.0,ADD 1,0,1,14353,0,0.0,ADD 2,0,1,14353,0,0.0,ADD 3,0,1,14342,0,0.0,ADD 4,0,1,14309,0,0.0,ADD 5,0,0,0,0,0.0,ADD 6,0,1,14342,0,0.0,ADD 7,0,0,0,0,0.0,EGT2CAN,0,1,14331,0,0.0
1778949415.6465342,0.0,14583,-51.0,0,-,0,0,0,0,0.0,-,0,0,0,0,0.0,ECU,1,1,14714,0,0.0,FAN1,0,0,0,0,0.0,COILS,8,1,0,0,0.0,PUMP,0,0,0,0,0.0,INJECTOR,8,1,131,0,0.0,SERVO,1,1,14637,0,0.0,ADD 1,0,1,14654,0,0.0,ADD 2,0,1,14676,0,0.0,ADD 3,0,1,14577,0,0.0,ADD 4,0,1,14550,0,0.0,ADD 5,0,0,0,0,0.0,ADD 6,0,1,14621,0,0.0,ADD 7,0,0,0,0,0.0,EGT2CAN,0,1,14500,0,0.0
1778949415.6978426,0.0,14354,-52.0,0,-,0,0,0,0,0.0,-,0,0,0,0,0.0,ECU,1,1,14714,0,0.0,FAN1,0,0,0,0,0.0,COILS,8,1,0,0,0.0,PUMP,0,0,0,0,0.0,INJECTOR,8,1,131,0,0.0,SERVO,1,1,14637,0,0.0,ADD 1,0,1,14654,0,0.0,ADD 2,0,1,14676,0,0.0,ADD 3,0,1,14577,0,0.0,ADD 4,0,1,14550,0,0.0,ADD 5,0,0,0,0,0.0,ADD 6,0,1,14621,0,0.0,ADD 7,0,0,0,0,0.0,EGT2CAN,0,1,14500,0,0.0
1778949415.7488914,0.0,14329,-52.0,0,-,0,0,0,0,0.0,-,0,0,0,0,0.0,ECU,1,1,14336,0,0.0,FAN1,0,0,0,0,0.0,COILS,8,1,0,0,0.0,PUMP,0,0,0,0,0.0,INJECTOR,8,1,87,0,0.0,SERVO,1,1,14325,0,0.0,ADD 1,0,1,14325,0,0.0,ADD 2,0,1,14342,0,0.0,ADD 3,0,1,14314,0,0.0,ADD 4,0,1,14260,0,0.0,ADD 5,0,0,0,0,0.0,ADD 6,0,1,14342,0,0.0,ADD 7,0,0,0,0,0.0,EGT2CAN,0,1,14298,0,0.0
1778949415.808402,0.0,14391,-51.0,0,-,0,0,0,0,0.0,-,0,0,0,0,0.0,ECU,1,1,14271,0,0.0,FAN1,0,0,0,0,0.0,COILS,8,1,0,0,0.0,PUMP,0,0,0,0,0.0,INJECTOR,8,1,87,0,0.0,SERVO,1,1,14216,0,0.0,ADD 1,0,1,14325,0,0.0,ADD 2,0,1,14331,0,0.0,ADD 3,0,1,14325,0,0.0,ADD 4,0,1,14282,0,0.0,ADD 5,0,0,0,0,0.0,ADD 6,0,1,14309,0,0.0,ADD 7,0,0,0,0,0.0,EGT2CAN,0,1,14265,0,0.0
1778949415.8694263,0.0,14391,-51.0,0,-,0,0,0,0,0.0,-,0,0,0,0,0.0,ECU,1,1,14304,0,0.0,FAN1,0,0,0,0,0.0,COILS,8,1,0,0,0.0,PUMP,0,0,0,0,0.0,INJECTOR,8,1,87,0,0.0,SERVO,1,1,14358,0,0.0,ADD 1,0,1,14325,0,0.0,ADD 2,0,1,14331,0,0.0,ADD 3,0,1,14325,0,0.0,ADD 4,0,1,14282,0,0.0,ADD 5,0,0,0,0,0.0,ADD 6,0,1,14309,0,0.0,ADD 7,0,0,0,0,0.0,EGT2CAN,0,1,14265,0,0.0
1778949415.920029,0.0,14292,-52.0,0,-,0,0,0,0,0.0,-,0,0,0,0,0.0,ECU,1,1,14342,0,0.0,FAN1,0,0,0,0,0.0,COILS,8,1,0,0,0.0,PUMP,0,0,0,0,0.0,INJECTOR,8,1,87,0,0.0,SERVO,1,1,14462,0,0.0,ADD 1,0,1,14528,0,0.0,ADD 2,0,1,14375,0,0.0,ADD 3,0,1,14522,0,0.0,ADD 4,0,1,14495,0,0.0,ADD 5,0,0,0,0,0.0,ADD 6,0,1,14555,0,0.0,ADD 7,0,0,0,0,0.0,EGT2CAN,0,1,14517,0,0.0
1778949415.9755075,0.0,14292,-52.0,0,-,0,0,0,0,0.0,-,0,0,0,0,0.0,ECU,1,1,14342,0,0.0,FAN1,0,0,0,0,0.0,COILS,8,1,0,0,0.0,PUMP,0,0,0,0,0.0,INJECTOR,8,1,87,0,0.0,SERVO,1,1,14462,0,0.0,ADD 1,0,1,14528,0,0.0,ADD 2,0,1,14375,0,0.0,ADD 3,0,1,14522,0,0.0,ADD 4,0,1,14495,0,0.0,ADD 5,0,0,0,0,0.0,ADD 6,0,1,14555,0,0.0,ADD 7,0,0,0,0,0.0,EGT2CAN,0,1,14517,0,0.0
1778949416.026806,0.0,14292,-52.0,0,-,0,0,0,0,0.0,-,0,0,0,0,0.0,ECU,1,1,14369,0,0.0,FAN1,0,0,0,0,0.0,COILS,8,1,0,0,0.0,PUMP,0,0,0,0,0.0,INJECTOR,8,1,109,0,0.0,SERVO,1,1,14320,0,0.0,ADD 1,0,1,14528,0,0.0,ADD 2,0,1,14375,0,0.0,ADD 3,0,1,14522,0,0.0,ADD 4,0,1,14495,0,0.0,ADD 5,0,0,0,0,0.0,ADD 6,0,1,14555,0,0.0,ADD 7,0,0,0,0,0.0,EGT2CAN,0,1,14517,0,0.0
1778949416.077648,0.0,14466,-52.0,0,-,0,0,0,0,0.0,-,0,0,0,0,0.0,ECU,1,1,14424,0,0.0,FAN1,0,0,0,0,0.0,COILS,8,1,0,0,0.0,PUMP,0,0,0,0,0.0,INJECTOR,8,1,82,0,0.0,SERVO,1,1,14451,0,0.0,ADD 1,0,1,14511,0,0.0,ADD 2,0,1,14506,0,0.0,ADD 3,0,1,14490,0,0.0,ADD 4,0,1,14446,0,0.0,ADD 5,0,0,0,0,0.0,ADD 6,0,1,14517,0,0.0,ADD 7,0,0,0,0,0.0,EGT2CAN,0,1,14599,0,0.0
1778949416.128689,0.0,14466,-52.0,0,-,0,0,0,0,0.0,-,0,0,0,0,0.0,ECU,1,1,14424,0,0.0,FAN1,0,0,0,0,0.0,COILS,8,1,0,0,0.0,PUMP,0,0,0,0,0.0,INJECTOR,8,1,82,0,0.0,SERVO,1,1,14451,0,0.0,ADD 1,0,1,14511,0,0.0,ADD 2,0,1,14506,0,0.0,ADD 3,0,1,14490,0,0.0,ADD 4,0,1,14446,0,0.0,ADD 5,0,0,0,0,0.0,ADD 6,0,1,14517,0,0.0,ADD 7,0,0,0,0,0.0,EGT2CAN,0,1,14599,0,0.0
1778949416.18021,0.0,14466,-52.0,0,-,0,0,0,0,0.0,-,0,0,0,0,0.0,ECU,1,1,14287,0,0.0,FAN1,0,0,0,0,0.0,COILS,8,1,0,0,0.0,PUMP,0,0,0,0,0.0,INJECTOR,8,1,120,0,0.0,SERVO,1,1,14260,0,0.0,ADD 1,0,1,14238,0,0.0,ADD 2,0,1,14353,0,0.0,ADD 3,0,1,14342,0,0.0,ADD 4,0,1,14287,0,0.0,ADD 5,0,0,0,0,0.0,ADD 6,0,1,14331,0,0.0,ADD 7,0,0,0,0,0.0,EGT2CAN,0,1,14260,0,0.0
1778949416.2401516,0.0,14750,-51.0,0,-,0,0,0,0,0.0,-,0,0,0,0,0.0,ECU,1,1,14391,0,0.0,FAN1,0,0,0,0,0.0,COILS,8,1,0,0,0.0,PUMP,0,0,0,0,0.0,INJECTOR,8,1,87,0,0.0,SERVO,1,1,14369,0,0.0,ADD 1,0,1,14812,0,0.0,ADD 2,0,1,14796,0,0.0,ADD 3,0,1,14812,0,0.0,ADD 4,0,1,14758,0,0.0,ADD 5,0,0,0,0,0.0,ADD 6,0,1,14785,0,0.0,ADD 7,0,0,0,0,0.0,EGT2CAN,0,1,14758,0,0.0
1778949416.2912621,0.0,14750,-51.0,0,-,0,0,0,0,0.0,-,0,0,0,0,0.0,ECU,1,1,14391,0,0.0,FAN1,0,0,0,0,0.0,COILS,8,1,0,0,0.0,PUMP,0,0,0,0,0.0,INJECTOR,8,1,87,0,0.0,SERVO,1,1,14369,0,0.0,ADD 1,0,1,14812,0,0.0,ADD 2,0,1,14796,0,0.0,ADD 3,0,1,14812,0,0.0,ADD 4,0,1,14758,0,0.0,ADD 5,0,0,0,0,0.0,ADD 6,0,1,14785,0,0.0,ADD 7,0,0,0,0,0.0,EGT2CAN,0,1,14758,0,0.0
1778949416.3423185,0.0,14750,-51.0,0,-,0,0,0,0,0.0,-,0,0,0,0,0.0,ECU,1,1,14643,0,0.0,FAN1,0,0,0,0,0.0,COILS,8,1,0,0,0.0,PUMP,0,0,0,0,0.0,INJECTOR,8,1,87,0,0.0,SERVO,1,1,14692,0,0.0,ADD 1,0,1,14309,0,0.0,ADD 2,0,1,14314,0,0.0,ADD 3,0,1,14331,0,0.0,ADD 4,0,1,14260,0,0.0,ADD 5,0,0,0,0,0.0,ADD 6,0,1,14369,0,0.0,ADD 7,0,0,0,0,0.0,EGT2CAN,0,1,14298,0,0.0
1778949416.4047086,0.0,14435,-51.0,0,-,0,0,0,0,0.0,-,0,0,0,0,0.0,ECU,1,1,14304,0,0.0,FAN1,0,0,0,0,0.0,COILS,8,1,0,0,0.0,PUMP,0,0,0,0,0.0,INJECTOR,8,1,87,0,0.0,SERVO,1,1,14287,0,0.0,ADD 1,0,1,14358,0,0.0,ADD 2,0,1,14309,0,0.0,ADD 3,0,1,14282,0,0.0,ADD 4,0,1,14276,0,0.0,ADD 5,0,0,0,0,0.0,ADD 6,0,1,14331,0,0.0,ADD 7,0,0,0,0,0.0,EGT2CAN,0,1,14331,0,0.0
1778949416.472335,0.0,14435,-51.0,0,-,0,0,0,0,0.0,-,0,0,0,0,0.0,ECU,1,1,14353,0,0.0,FAN1,0,0,0,0,0.0,COILS,8,1,0,0,0.0,PUMP,0,0,0,0,0.0,INJECTOR,8,1,87,0,0.0,SERVO,1,1,14314,0,0.0,ADD 1,0,1,14304,0,0.0,ADD 2,0,1,14380,0,0.0,ADD 3,0,1,14342,0,0.0,ADD 4,0,1,14331,0,0.0,ADD 5,0,0,0,0,0.0,ADD 6,0,1,14391,0,0.0,ADD 7,0,0,0,0,0.0,EGT2CAN,0,1,14293,0,0.0
1778949416.5234334,0.0,14342,-51.0,0,-,0,0,0,0,0.0,-,0,0,0,0,0.0,ECU,1,1,14331,0,0.0,FAN1,0,0,0,0,0.0,COILS,8,1,0,0,0.0,PUMP,0,0,0,0,0.0,INJECTOR,8,1,87,0,0.0,SERVO,1,1,14287,0,0.0,ADD 1,0,1,14364,0,0.0,ADD 2,0,1,14358,0,0.0,ADD 3,0,1,14342,0,0.0,ADD 4,0,1,14232,0,0.0,ADD 5,0,0,0,0,0.0,ADD 6,0,1,14304,0,0.0,ADD 7,0,0,0,0,0.0,EGT2CAN,0,1,14287,0,0.0
1778949416.5767722,0.0,14342,-51.0,0,-,0,0,0,0,0.0,-,0,0,0,0,0.0,ECU,1,1,14331,0,0.0,FAN1,0,0,0,0,0.0,COILS,8,1,0,0,0.0,PUMP,0,0,0,0,0.0,INJECTOR,8,1,87,0,0.0,SERVO,1,1,14287,0,0.0,ADD 1,0,1,14364,0,0.0,ADD 2,0,1,14358,0,0.0,ADD 3,0,1,14342,0,0.0,ADD 4,0,1,14232,0,0.0,ADD 5,0,0,0,0,0.0,ADD 6,0,1,14304,0,0.0,ADD 7,0,0,0,0,0.0,EGT2CAN,0,1,14287,0,0.0
1778949416.6281688,0.0,14342,-51.0,0,-,0,0,0,0,0.0,-,0,0,0,0,0.0,ECU,1,1,14304,0,0.0,FAN1,0,0,0,0,0.0,COILS,8,1,0,0,0.0,PUMP,0,0,0,0,0.0,INJECTOR,8,1,87,0,0.0,SERVO,1,1,14287,0,0.0,ADD 1,0,1,14314,0,0.0,ADD 2,0,1,14375,0,0.0,ADD 3,0,1,14320,0,0.0,ADD 4,0,1,14222,0,0.0,ADD 5,0,0,0,0,0.0,ADD 6,0,1,14304,0,0.0,ADD 7,0,0,0,0,0.0,EGT2CAN,0,1,14287,0,0.0
1778949416.6898358,0.0,14416,-51.0,0,-,0,0,0,0,0.0,-,0,0,0,0,0.0,ECU,1,1,14298,0,0.0,FAN1,0,0,0,0,0.0,COILS,8,1,0,0,0.0,PUMP,0,0,0,0,0.0,INJECTOR,8,1,87,0,0.0,SERVO,1,1,14304,0,0.0,ADD 1,0,1,14670,0,0.0,ADD 2,0,1,14681,0,0.0,ADD 3,0,1,14654,0,0.0,ADD 4,0,1,14550,0,0.0,ADD 5,0,0,0,0,0.0,ADD 6,0,1,14626,0,0.0,ADD 7,0,0,0,0,0.0,EGT2CAN,0,1,14511,0,0.0
1778949416.7405567,0.0,14416,-51.0,0,-,0,0,0,0,0.0,-,0,0,0,0,0.0,ECU,1,1,14697,0,0.0,FAN1,0,0,0,0,0.0,COILS,8,1,0,0,0.0,PUMP,0,0,0,0,0.0,INJECTOR,8,1,98,0,0.0,SERVO,1,1,14588,0,0.0,ADD 1,0,1,14670,0,0.0,ADD 2,0,1,14681,0,0.0,ADD 3,0,1,14654,0,0.0,ADD 4,0,1,14550,0,0.0,ADD 5,0,0,0,0,0.0,ADD 6,0,1,14626,0,0.0,ADD 7,0,0,0,0,0.0,EGT2CAN,0,1,14511,0,0.0
1778949416.7913837,0.0,14521,-52.0,0,-,0,0,0,0,0.0,-,0,0,0,0,0.0,ECU,1,1,14697,0,0.0,FAN1,0,0,0,0,0.0,COILS,8,1,0,0,0.0,PUMP,0,0,0,0,0.0,INJECTOR,8,1,98,0,0.0,SERVO,1,1,14588,0,0.0,ADD 1,0,1,14643,0,0.0,ADD 2,0,1,14632,0,0.0,ADD 3,0,1,14643,0,0.0,ADD 4,0,1,14572,0,0.0,ADD 5,0,0,0,0,0.0,ADD 6,0,1,14692,0,0.0,ADD 7,0,0,0,0,0.0,EGT2CAN,0,1,14692,0,0.0
1778949416.8474362,0.0,14416,-52.0,0,-,0,0,0,0,0.0,-,0,0,0,0,0.0,ECU,1,1,14238,0,0.0,FAN1,0,0,0,0,0.0,COILS,8,1,0,0,0.0,PUMP,0,0,0,0,0.0,INJECTOR,8,1,76,0,0.0,SERVO,1,1,14287,0,0.0,ADD 1,0,1,14282,0,0.0,ADD 2,0,1,14336,0,0.0,ADD 3,0,1,14331,0,0.0,ADD 4,0,1,14276,0,0.0,ADD 5,0,0,0,0,0.0,ADD 6,0,1,14282,0,0.0,ADD 7,0,0,0,0,0.0,EGT2CAN,0,1,14254,0,0.0
1778949416.9031231,0.0,14416,-52.0,0,-,0,0,0,0,0.0,-,0,0,0,0,0.0,ECU,1,1,14358,0,0.0,FAN1,0,0,0,0,0.0,COILS,8,1,0,0,0.0,PUMP,0,0,0,0,0.0,INJECTOR,8,1,76,0,0.0,SERVO,1,1,14287,0,0.0,ADD 1,0,1,14282,0,0.0,ADD 2,0,1,14336,0,0.0,ADD 3,0,1,14331,0,0.0,ADD 4,0,1,14276,0,0.0,ADD 5,0,0,0,0,0.0,ADD 6,0,1,14282,0,0.0,ADD 7,0,0,0,0,0.0,EGT2CAN,0,1,14254,0,0.0
1778949416.962378,0.0,14292,-51.0,0,-,0,0,0,0,0.0,-,0,0,0,0,0.0,ECU,1,1,14276,0,0.0,FAN1,0,0,0,0,0.0,COILS,8,1,0,0,0.0,PUMP,0,0,0,0,0.0,INJECTOR,8,1,82,0,0.0,SERVO,1,1,14320,0,0.0,ADD 1,0,1,14369,0,0.0,ADD 2,0,1,14325,0,0.0,ADD 3,0,1,14375,0,0.0,ADD 4,0,1,14331,0,0.0,ADD 5,0,0,0,0,0.0,ADD 6,0,1,14386,0,0.0,ADD 7,0,0,0,0,0.0,EGT2CAN,0,1,14342,0,0.0
1778949417.0182848,0.0,14472,-51.0,0,-,0,0,0,0,0.0,-,0,0,0,0,0.0,ECU,1,1,14276,0,0.0,FAN1,0,0,0,0,0.0,COILS,8,1,0,0,0.0,PUMP,0,0,0,0,0.0,INJECTOR,8,1,82,0,0.0,SERVO,1,1,14320,0,0.0,ADD 1,0,1,14369,0,0.0,ADD 2,0,1,14325,0,0.0,ADD 3,0,1,14375,0,0.0,ADD 4,0,1,14331,0,0.0,ADD 5,0,0,0,0,0.0,ADD 6,0,1,14386,0,0.0,ADD 7,0,0,0,0,0.0,EGT2CAN,0,1,14342,0,0.0
1778949417.0713966,0.0,14472,-51.0,0,-,0,0,0,0,0.0,-,0,0,0,0,0.0,ECU,1,1,14347,0,0.0,FAN1,0,0,0,0,0.0,COILS,8,1,0,0,0.0,PUMP,0,0,0,0,0.0,INJECTOR,8,1,87,0,0.0,SERVO,1,1,14331,0,0.0,ADD 1,0,1,14331,0,0.0,ADD 2,0,1,14336,0,0.0,ADD 3,0,1,14304,0,0.0,ADD 4,0,1,14331,0,0.0,ADD 5,0,0,0,0,0.0,ADD 6,0,1,14386,0,0.0,ADD 7,0,0,0,0,0.0,EGT2CAN,0,1,14342,0,0.0
1778949417.1219604,0.0,14775,-52.0,0,-,0,0,0,0,0.0,-,0,0,0,0,0.0,ECU,1,1,14342,0,0.0,FAN1,0,0,0,0,0.0,COILS,8,1,0,0,0.0,PUMP,0,0,0,0,0.0,INJECTOR,8,1,87,0,0.0,SERVO,1,1,14325,0,0.0,ADD 1,0,1,14736,0,0.0,ADD 2,0,1,14692,0,0.0,ADD 3,0,1,14681,0,0.0,ADD 4,0,1,14626,0,0.0,ADD 5,0,0,0,0,0.0,ADD 6,0,1,14670,0,0.0,ADD 7,0,0,0,0,0.0,EGT2CAN,0,1,14599,0,0.0
1778949417.1729975,0.0,14775,-52.0,0,-,0,0,0,0,0.0,-,0,0,0,0,0.0,ECU,1,1,14342,0,0.0,FAN1,0,0,0,0,0.0,COILS,8,1,0,0,0.0,PUMP,0,0,0,0,0.0,INJECTOR,8,1,87,0,0.0,SERVO,1,1,14325,0,0.0,ADD 1,0,1,14736,0,0.0,ADD 2,0,1,14692,0,0.0,ADD 3,0,1,14681,0,0.0,ADD 4,0,1,14626,0,0.0,ADD 5,0,0,0,0,0.0,ADD 6,0,1,14670,0,0.0,ADD 7,0,0,0,0,0.0,EGT2CAN,0,1,14599,0,0.0
1778949417.22646,0.0,14775,-52.0,0,-,0,0,0,0,0.0,-,0,0,0,0,0.0,ECU,1,1,14714,0,0.0,FAN1,0,0,0,0,0.0,COILS,8,1,0,0,0.0,PUMP,0,0,0,0,0.0,INJECTOR,8,1,92,0,0.0,SERVO,1,1,14555,0,0.0,ADD 1,0,1,14304,0,0.0,ADD 2,0,1,14331,0,0.0,ADD 3,0,1,14304,0,0.0,ADD 4,0,1,14238,0,0.0,ADD 5,0,0,0,0,0.0,ADD 6,0,1,14413,0,0.0,ADD 7,0,0,0,0,0.0,EGT2CAN,0,1,14342,0,0.0
1778949417.2802596,0.0,14750,-51.0,0,-,0,0,0,0,0.0,-,0,0,0,0,0.0,ECU,1,1,14413,0,0.0,FAN1,0,0,0,0,0.0,COILS,8,1,0,0,0.0,PUMP,0,0,0,0,0.0,INJECTOR,8,1,114,0,0.0,SERVO,1,1,14320,0,0.0,ADD 1,0,1,14386,0,0.0,ADD 2,0,1,14304,0,0.0,ADD 3,0,1,14380,0,0.0,ADD 4,0,1,14304,0,0.0,ADD 5,0,0,0,0,0.0,ADD 6,0,1,14413,0,0.0,ADD 7,0,0,0,0,0.0,EGT2CAN,0,1,14386,0,0.0
1778949417.3306901,0.0,14750,-51.0,0,-,0,0,0,0,0.0,-,0,0,0,0,0.0,ECU,1,1,14665,0,0.0,FAN1,0,0,0,0,0.0,COILS,8,1,0,0,0.0,PUMP,0,0,0,0,0.0,INJECTOR,8,1,114,0,0.0,SERVO,1,1,14320,0,0.0,ADD 1,0,1,14386,0,0.0,ADD 2,0,1,14304,0,0.0,ADD 3,0,1,14380,0,0.0,ADD 4,0,1,14304,0,0.0,ADD 5,0,0,0,0,0.0,ADD 6,0,1,14413,0,0.0,ADD 7,0,0,0,0,0.0,EGT2CAN,0,1,14386,0,0.0
1778949417.381644,0.0,14472,-52.0,0,-,0,0,0,0,0.0,-,0,0,0,0,0.0,ECU,1,1,14665,0,0.0,FAN1,0,0,0,0,0.0,COILS,8,1,0,0,0.0,PUMP,0,0,0,0,0.0,INJECTOR,8,1,136,0,0.0,SERVO,1,1,14451,0,0.0,ADD 1,0,1,14490,0,0.0,ADD 2,0,1,14517,0,0.0,ADD 3,0,1,14429,0,0.0,ADD 4,0,1,14369,0,0.0,ADD 5,0,0,0,0,0.0,ADD 6,0,1,14402,0,0.0,ADD 7,0,0,0,0,0.0,EGT2CAN,0,1,14314,0,0.0
1778949417.4513054,0.0,14323,-52.0,0,-,0,0,0,0,0.0,-,0,0,0,0,0.0,ECU,1,1,14336,0,0.0,FAN1,0,0,0,0,0.0,COILS,8,1,0,0,0.0,PUMP,0,0,0,0,0.0,INJECTOR,8,1,82,0,0.0,SERVO,1,1,14336,0,0.0,ADD 1,0,1,14358,0,0.0,ADD 2,0,1,14397,0,0.0,ADD 3,0,1,14353,0,0.0,ADD 4,0,1,14282,0,0.0,ADD 5,0,0,0,0,0.0,ADD 6,0,1,14336,0,0.0,ADD 7,0,0,0,0,0.0,EGT2CAN,0,1,14260,0,0.0
1778949417.5022602,0.0,14323,-52.0,0,-,0,0,0,0,0.0,-,0,0,0,0,0.0,ECU,1,1,14265,0,0.0,FAN1,0,0,0,0,0.0,COILS,8,1,0,0,0.0,PUMP,0,0,0,0,0.0,INJECTOR,8,1,92,0,0.0,SERVO,1,1,14304,0,0.0,ADD 1,0,1,14391,0,0.0,ADD 2,0,1,14391,0,0.0,ADD 3,0,1,14342,0,0.0,ADD 4,0,1,14347,0,0.0,ADD 5,0,0,0,0,0.0,ADD 6,0,1,14336,0,0.0,ADD 7,0,0,0,0,0.0,EGT2CAN,0,1,14260,0,0.0
1778949417.5556724,0.0,14769,-51.0,0,-,0,0,0,0,0.0,-,0,0,0,0,0.0,ECU,1,1,14386,0,0.0,FAN1,0,0,0,0,0.0,COILS,8,1,0,0,0.0,PUMP,0,0,0,0,0.0,INJECTOR,8,1,87,0,0.0,SERVO,1,1,14353,0,0.0,ADD 1,0,1,14643,0,0.0,ADD 2,0,1,14714,0,0.0,ADD 3,0,1,14643,0,0.0,ADD 4,0,1,14621,0,0.0,ADD 5,0,0,0,0,0.0,ADD 6,0,1,14588,0,0.0,ADD 7,0,0,0,0,0.0,EGT2CAN,0,1,14528,0,0.0
1778949417.6066911,0.0,14354,-52.0,0,-,0,0,0,0,0.0,-,0,0,0,0,0.0,ECU,1,1,14659,0,0.0,FAN1,0,0,0,0,0.0,COILS,8,1,0,0,0.0,PUMP,0,0,0,0,0.0,INJECTOR,8,1,87,0,0.0,SERVO,1,1,14714,0,0.0,ADD 1,0,1,14397,0,0.0,ADD 2,0,1,14391,0,0.0,ADD 3,0,1,14413,0,0.0,ADD 4,0,1,14375,0,0.0,ADD 5,0,0,0,0,0.0,ADD 6,0,1,14435,0,0.0,ADD 7,0,0,0,0,0.0,EGT2CAN,0,1,14358,0,0.0
1778949417.6583564,0.0,14354,-52.0,0,-,0,0,0,0,0.0,-,0,0,0,0,0.0,ECU,1,1,14342,0,0.0,FAN1,0,0,0,0,0.0,COILS,8,1,0,0,0.0,PUMP,0,0,0,0,0.0,INJECTOR,8,1,71,0,0.0,SERVO,1,1,14358,0,0.0,ADD 1,0,1,14397,0,0.0,ADD 2,0,1,14391,0,0.0,ADD 3,0,1,14413,0,0.0,ADD 4,0,1,14375,0,0.0,ADD 5,0,0,0,0,0.0,ADD 6,0,1,14435,0,0.0,ADD 7,0,0,0,0,0.0,EGT2CAN,0,1,14358,0,0.0
1778949417.7086518,0.0,14503,-52.0,0,-,0,0,0,0,0.0,-,0,0,0,0,0.0,ECU,1,1,14369,0,0.0,FAN1,0,0,0,0,0.0,COILS,8,1,0,0,0.0,PUMP,0,0,0,0,0.0,INJECTOR,8,1,65,0,0.0,SERVO,1,1,14347,0,0.0,ADD 1,0,1,14304,0,0.0,ADD 2,0,1,14347,0,0.0,ADD 3,0,1,14380,0,0.0,ADD 4,0,1,14298,0,0.0,ADD 5,0,0,0,0,0.0,ADD 6,0,1,14314,0,0.0,ADD 7,0,0,0,0,0.0,EGT2CAN,0,1,14369,0,0.0
1778949417.7654028,0.0,14596,-52.0,0,-,0,0,0,0,0.0,-,0,0,0,0,0.0,ECU,1,1,14358,0,0.0,FAN1,0,0,0,0,0.0,COILS,8,1,0,0,0.0,PUMP,0,0,0,0,0.0,INJECTOR,8,1,82,0,0.0,SERVO,1,1,14375,0,0.0,ADD 1,0,1,14375,0,0.0,ADD 2,0,1,14407,0,0.0,ADD 3,0,1,14353,0,0.0,ADD 4,0,1,14342,0,0.0,ADD 5,0,0,0,0,0.0,ADD 6,0,1,14342,0,0.0,ADD 7,0,0,0,0,0.0,EGT2CAN,0,1,14342,0,0.0
1778949417.8156602,0.0,14596,-52.0,0,-,0,0,0,0,0.0,-,0,0,0,0,0.0,ECU,1,1,14697,0,0.0,FAN1,0,0,0,0,0.0,COILS,8,1,0,0,0.0,PUMP,0,0,0,0,0.0,INJECTOR,8,1,82,0,0.0,SERVO,1,1,14763,0,0.0,ADD 1,0,1,14807,0,0.0,ADD 2,0,1,14812,0,0.0,ADD 3,0,1,14823,0,0.0,ADD 4,0,1,14785,0,0.0,ADD 5,0,0,0,0,0.0,ADD 6,0,1,14812,0,0.0,ADD 7,0,0,0,0,0.0,EGT2CAN,0,1,14785,0,0.0
1778949417.8666377,0.0,14385,-51.0,0,-,0,0,0,0,0.0,-,0,0,0,0,0.0,ECU,1,1,14342,0,0.0,FAN1,0,0,0,0,0.0,COILS,8,1,0,0,0.0,PUMP,0,0,0,0,0.0,INJECTOR,8,1,87,0,0.0,SERVO,1,1,14462,0,0.0,ADD 1,0,1,14375,0,0.0,ADD 2,0,1,14364,0,0.0,ADD 3,0,1,14320,0,0.0,ADD 4,0,1,14271,0,0.0,ADD 5,0,0,0,0,0.0,ADD 6,0,1,14375,0,0.0,ADD 7,0,0,0,0,0.0,EGT2CAN,0,1,14331,0,0.0
1778949417.91726,0.0,14348,-51.0,0,-,0,0,0,0,0.0,-,0,0,0,0,0.0,ECU,1,1,14342,0,0.0,FAN1,0,0,0,0,0.0,COILS,8,1,0,0,0.0,PUMP,0,0,0,0,0.0,INJECTOR,8,1,87,0,0.0,SERVO,1,1,14462,0,0.0,ADD 1,0,1,14375,0,0.0,ADD 2,0,1,14364,0,0.0,ADD 3,0,1,14320,0,0.0,ADD 4,0,1,14271,0,0.0,ADD 5,0,0,0,0,0.0,ADD 6,0,1,14375,0,0.0,ADD 7,0,0,0,0,0.0,EGT2CAN,0,1,14331,0,0.0
1778949417.9676871,0.0,14348,-51.0,0,-,0,0,0,0,0.0,-,0,0,0,0,0.0,ECU,1,1,14353,0,0.0,FAN1,0,0,0,0,0.0,COILS,8,1,0,0,0.0,PUMP,0,0,0,0,0.0,INJECTOR,8,1,109,0,0.0,SERVO,1,1,14325,0,0.0,ADD 1,0,1,14550,0,0.0,ADD 2,0,1,14583,0,0.0,ADD 3,0,1,14511,0,0.0,ADD 4,0,1,14468,0,0.0,ADD 5,0,0,0,0,0.0,ADD 6,0,1,14375,0,0.0,ADD 7,0,0,0,0,0.0,EGT2CAN,0,1,14331,0,0.0
1778949418.0184608,0.0,14360,-53.0,0,-,0,0,0,0,0.0,-,0,0,0,0,0.0,ECU,1,1,14708,0,0.0,FAN1,0,0,0,0,0.0,COILS,8,1,0,0,0.0,PUMP,0,0,0,0,0.0,INJECTOR,8,1,82,0,0.0,SERVO,1,1,14763,0,0.0,ADD 1,0,1,14774,0,0.0,ADD 2,0,1,14823,0,0.0,ADD 3,0,1,14730,0,0.0,ADD 4,0,1,14758,0,0.0,ADD 5,0,0,0,0,0.0,ADD 6,0,1,14834,0,0.0,ADD 7,0,0,0,0,0.0,EGT2CAN,0,1,14812,0,0.0
1778949418.0704422,0.0,14360,-53.0,0,-,0,0,0,0,0.0,-,0,0,0,0,0.0,ECU,1,1,14708,0,0.0,FAN1,0,0,0,0,0.0,COILS,8,1,0,0,0.0,PUMP,0,0,0,0,0.0,INJECTOR,8,1,82,0,0.0,SERVO,1,1,14763,0,0.0,ADD 1,0,1,14774,0,0.0,ADD 2,0,1,14823,0,0.0,ADD 3,0,1,14730,0,0.0,ADD 4,0,1,14758,0,0.0,ADD 5,0,0,0,0,0.0,ADD 6,0,1,14834,0,0.0,ADD 7,0,0,0,0,0.0,EGT2CAN,0,1,14812,0,0.0
1778949418.1249535,0.0,14360,-53.0,0,-,0,0,0,0,0.0,-,0,0,0,0,0.0,ECU,1,1,14347,0,0.0,FAN1,0,0,0,0,0.0,COILS,8,1,0,0,0.0,PUMP,0,0,0,0,0.0,INJECTOR,8,1,76,0,0.0,SERVO,1,1,14347,0,0.0,ADD 1,0,1,14380,0,0.0,ADD 2,0,1,14397,0,0.0,ADD 3,0,1,14375,0,0.0,ADD 4,0,1,14331,0,0.0,ADD 5,0,0,0,0,0.0,ADD 6,0,1,14375,0,0.0,ADD 7,0,0,0,0,0.0,EGT2CAN,0,1,14375,0,0.0
1778949418.1787498,0.0,14688,-52.0,0,-,0,0,0,0,0.0,-,0,0,0,0,0.0,ECU,1,1,14730,0,0.0,FAN1,0,0,0,0,0.0,COILS,8,1,0,0,0.0,PUMP,0,0,0,0,0.0,INJECTOR,8,1,87,0,0.0,SERVO,1,1,14769,0,0.0,ADD 1,0,1,14769,0,0.0,ADD 2,0,1,14818,0,0.0,ADD 3,0,1,14796,0,0.0,ADD 4,0,1,14796,0,0.0,ADD 5,0,0,0,0,0.0,ADD 6,0,1,14851,0,0.0,ADD 7,0,0,0,0,0.0,EGT2CAN,0,1,14807,0,0.0
1778949418.2459967,0.0,14750,-52.0,0,-,0,0,0,0,0.0,-,0,0,0,0,0.0,ECU,1,1,14336,0,0.0,FAN1,0,0,0,0,0.0,COILS,8,1,0,0,0.0,PUMP,0,0,0,0,0.0,INJECTOR,8,1,87,0,0.0,SERVO,1,1,14769,0,0.0,ADD 1,0,1,14769,0,0.0,ADD 2,0,1,14818,0,0.0,ADD 3,0,1,14796,0,0.0,ADD 4,0,1,14796,0,0.0,ADD 5,0,0,0,0,0.0,ADD 6,0,1,14851,0,0.0,ADD 7,0,0,0,0,0.0,EGT2CAN,0,1,14807,0,0.0
1778949418.2964728,0.0,14342,-52.0,0,-,0,0,0,0,0.0,-,0,0,0,0,0.0,ECU,1,1,14413,0,0.0,FAN1,0,0,0,0,0.0,COILS,8,1,0,0,0.0,PUMP,0,0,0,0,0.0,INJECTOR,8,1,82,0,0.0,SERVO,1,1,14495,0,0.0,ADD 1,0,1,14375,0,0.0,ADD 2,0,1,14407,0,0.0,ADD 3,0,1,14358,0,0.0,ADD 4,0,1,14304,0,0.0,ADD 5,0,0,0,0,0.0,ADD 6,0,1,14375,0,0.0,ADD 7,0,0,0,0,0.0,EGT2CAN,0,1,14353,0,0.0
1778949418.3484344,0.0,14589,-52.0,0,-,0,0,0,0,0.0,-,0,0,0,0,0.0,ECU,1,1,14358,0,0.0,FAN1,0,0,0,0,0.0,COILS,8,1,0,0,0.0,PUMP,0,0,0,0,0.0,INJECTOR,8,1,87,0,0.0,SERVO,1,1,14375,0,0.0,ADD 1,0,1,14440,0,0.0,ADD 2,0,1,14418,0,0.0,ADD 3,0,1,14402,0,0.0,ADD 4,0,1,14304,0,0.0,ADD 5,0,0,0,0,0.0,ADD 6,0,1,14462,0,0.0,ADD 7,0,0,0,0,0.0,EGT2CAN,0,1,14440,0,0.0
1778949418.3998866,0.0,14589,-52.0,0,-,0,0,0,0,0.0,-,0,0,0,0,0.0,ECU,1,1,14490,0,0.0,FAN1,0,0,0,0,0.0,COILS,8,1,0,0,0.0,PUMP,0,0,0,0,0.0,INJECTOR,8,1,87,0,0.0,SERVO,1,1,14375,0,0.0,ADD 1,0,1,14440,0,0.0,ADD 2,0,1,14418,0,0.0,ADD 3,0,1,14402,0,0.0,ADD 4,0,1,14304,0,0.0,ADD 5,0,0,0,0,0.0,ADD 6,0,1,14462,0,0.0,ADD 7,0,0,0,0,0.0,EGT2CAN,0,1,14440,0,0.0
1778949418.4504898,0.0,14379,-51.0,0,-,0,0,0,0,0.0,-,0,0,0,0,0.0,ECU,1,1,14807,0,0.0,FAN1,0,0,0,0,0.0,COILS,8,1,0,0,0.0,PUMP,0,0,0,0,0.0,INJECTOR,8,1,92,0,0.0,SERVO,1,1,14785,0,0.0,ADD 1,0,1,14867,0,0.0,ADD 2,0,1,14872,0,0.0,ADD 3,0,1,14851,0,0.0,ADD 4,0,1,14818,0,0.0,ADD 5,0,0,0,0,0.0,ADD 6,0,1,14829,0,0.0,ADD 7,0,0,0,0,0.0,EGT2CAN,0,1,14812,0,0.0
1778949418.5040505,0.0,14515,-52.0,0,-,0,0,0,0,0.0,-,0,0,0,0,0.0,ECU,1,1,14397,0,0.0,FAN1,0,0,0,0,0.0,COILS,8,1,0,0,0.0,PUMP,0,0,0,0,0.0,INJECTOR,8,1,87,0,0.0,SERVO,1,1,14353,0,0.0,ADD 1,0,1,14407,0,0.0,ADD 2,0,1,14407,0,0.0,ADD 3,0,1,14364,0,0.0,ADD 4,0,1,14331,0,0.0,ADD 5,0,0,0,0,0.0,ADD 6,0,1,14391,0,0.0,ADD 7,0,0,0,0,0.0,EGT2CAN,0,1,14320,0,0.0
1778949418.5599797,0.0,14515,-52.0,0,-,0,0,0,0,0.0,-,0,0,0,0,0.0,ECU,1,1,14418,0,0.0,FAN1,0,0,0,0,0.0,COILS,8,1,0,0,0.0,PUMP,0,0,0,0,0.0,INJECTOR,8,1,87,0,0.0,SERVO,1,1,14353,0,0.0,ADD 1,0,1,14407,0,0.0,ADD 2,0,1,14407,0,0.0,ADD 3,0,1,14364,0,0.0,ADD 4,0,1,14331,0,0.0,ADD 5,0,0,0,0,0.0,ADD 6,0,1,14391,0,0.0,ADD 7,0,0,0,0,0.0,EGT2CAN,0,1,14320,0,0.0
1778949418.6118407,0.0,14744,-52.0,0,-,0,0,0,0,0.0,-,0,0,0,0,0.0,ECU,1,1,14342,0,0.0,FAN1,0,0,0,0,0.0,COILS,8,1,0,0,0.0,PUMP,0,0,0,0,0.0,INJECTOR,8,1,87,0,0.0,SERVO,1,1,14325,0,0.0,ADD 1,0,1,14375,0,0.0,ADD 2,0,1,14424,0,0.0,ADD 3,0,1,14386,0,0.0,ADD 4,0,1,14397,0,0.0,ADD 5,0,0,0,0,0.0,ADD 6,0,1,14851,0,0.0,ADD 7,0,0,0,0,0.0,EGT2CAN,0,1,14829,0,0.0
1778949418.6683874,0.0,14410,-51.0,0,-,0,0,0,0,0.0,-,0,0,0,0,0.0,ECU,1,1,14342,0,0.0,FAN1,0,0,0,0,0.0,COILS,8,1,0,0,0.0,PUMP,0,0,0,0,0.0,INJECTOR,8,1,87,0,0.0,SERVO,1,1,14325,0,0.0,ADD 1,0,1,14375,0,0.0,ADD 2,0,1,14424,0,0.0,ADD 3,0,1,14386,0,0.0,ADD 4,0,1,14397,0,0.0,ADD 5,0,0,0,0,0.0,ADD 6,0,1,14495,0,0.0,ADD 7,0,0,0,0,0.0,EGT2CAN,0,1,14446,0,0.0
1778949418.72063,0.0,14410,-51.0,0,-,0,0,0,0,0.0,-,0,0,0,0,0.0,ECU,1,1,14484,0,0.0,FAN1,0,0,0,0,0.0,COILS,8,1,0,0,0.0,PUMP,0,0,0,0,0.0,INJECTOR,8,1,87,0,0.0,SERVO,1,1,14555,0,0.0,ADD 1,0,1,14375,0,0.0,ADD 2,0,1,14424,0,0.0,ADD 3,0,1,14386,0,0.0,ADD 4,0,1,14397,0,0.0,ADD 5,0,0,0,0,0.0,ADD 6,0,1,14495,0,0.0,ADD 7,0,0,0,0,0.0,EGT2CAN,0,1,14446,0,0.0
1778949418.7714274,0.0,14626,-51.0,0,-,0,0,0,0,0.0,-,0,0,0,0,0.0,ECU,1,1,14407,0,0.0,FAN1,0,0,0,0,0.0,COILS,8,1,0,0,0.0,PUMP,0,0,0,0,0.0,INJECTOR,8,1,82,0,0.0,SERVO,1,1,14380,0,0.0,ADD 1,0,1,14533,0,0.0,ADD 2,0,1,14544,0,0.0,ADD 3,0,1,14517,0,0.0,ADD 4,0,1,14539,0,0.0,ADD 5,0,0,0,0,0.0,ADD 6,0,1,14599,0,0.0,ADD 7,0,0,0,0,0.0,EGT2CAN,0,1,14583,0,0.0
1778949418.8248014,0.0,14626,-51.0,0,-,0,0,0,0,0.0,-,0,0,0,0,0.0,ECU,1,1,14407,0,0.0,FAN1,0,0,0,0,0.0,COILS,8,1,0,0,0.0,PUMP,0,0,0,0,0.0,INJECTOR,8,1,82,0,0.0,SERVO,1,1,14380,0,0.0,ADD 1,0,1,14533,0,0.0,ADD 2,0,1,14544,0,0.0,ADD 3,0,1,14517,0,0.0,ADD 4,0,1,14539,0,0.0,ADD 5,0,0,0,0,0.0,ADD 6,0,1,14599,0,0.0,ADD 7,0,0,0,0,0.0,EGT2CAN,0,1,14583,0,0.0
1778949418.8764324,0.0,14626,-51.0,0,-,0,0,0,0,0.0,-,0,0,0,0,0.0,ECU,1,1,14796,0,0.0,FAN1,0,0,0,0,0.0,COILS,8,1,0,0,0.0,PUMP,0,0,0,0,0.0,INJECTOR,8,1,87,0,0.0,SERVO,1,1,14818,0,0.0,ADD 1,0,1,14872,0,0.0,ADD 2,0,1,14840,0,0.0,ADD 3,0,1,14807,0,0.0,ADD 4,0,1,14807,0,0.0,ADD 5,0,0,0,0,0.0,ADD 6,0,1,14872,0,0.0,ADD 7,0,0,0,0,0.0,EGT2CAN,0,1,14785,0,0.0
1778949418.9346056,0.0,14472,-51.0,0,-,0,0,0,0,0.0,-,0,0,0,0,0.0,ECU,1,1,14391,0,0.0,FAN1,0,0,0,0,0.0,COILS,8,1,0,0,0.0,PUMP,0,0,0,0,0.0,INJECTOR,8,1,87,0,0.0,SERVO,1,1,14342,0,0.0,ADD 1,0,1,14314,0,0.0,ADD 2,0,1,14358,0,0.0,ADD 3,0,1,14369,0,0.0,ADD 4,0,1,14342,0,0.0,ADD 5,0,0,0,0,0.0,ADD 6,0,1,14386,0,0.0,ADD 7,0,0,0,0,0.0,EGT2CAN,0,1,14375,0,0.0
1778949419.0011349,0.0,14472,-51.0,0,-,0,0,0,0,0.0,-,0,0,0,0,0.0,ECU,1,1,14495,0,0.0,FAN1,0,0,0,0,0.0,COILS,8,1,0,0,0.0,PUMP,0,0,0,0,0.0,INJECTOR,8,1,87,0,0.0,SERVO,1,1,14342,0,0.0,ADD 1,0,1,14314,0,0.0,ADD 2,0,1,14358,0,0.0,ADD 3,0,1,14369,0,0.0,ADD 4,0,1,14342,0,0.0,ADD 5,0,0,0,0,0.0,ADD 6,0,1,14386,0,0.0,ADD 7,0,0,0,0,0.0,EGT2CAN,0,1,14375,0,0.0
1778949419.0520363,0.0,14639,-51.0,0,-,0,0,0,0,0.0,-,0,0,0,0,0.0,ECU,1,1,14479,0,0.0,FAN1,0,0,0,0,0.0,COILS,8,1,0,0,0.0,PUMP,0,0,0,0,0.0,INJECTOR,8,1,82,0,0.0,SERVO,1,1,14511,0,0.0,ADD 1,0,1,14583,0,0.0,ADD 2,0,1,14604,0,0.0,ADD 3,0,1,14588,0,0.0,ADD 4,0,1,14583,0,0.0,ADD 5,0,0,0,0,0.0,ADD 6,0,1,14604,0,0.0,ADD 7,0,0,0,0,0.0,EGT2CAN,0,1,14599,0,0.0
1778949419.105295,0.0,14459,-53.0,0,-,0,0,0,0,0.0,-,0,0,0,0,0.0,ECU,1,1,14298,0,0.0,FAN1,0,0,0,0,0.0,COILS,8,1,0,0,0.0,PUMP,0,0,0,0,0.0,INJECTOR,8,1,87,0,0.0,SERVO,1,1,14325,0,0.0,ADD 1,0,1,14375,0,0.0,ADD 2,0,1,14402,0,0.0,ADD 3,0,1,14353,0,0.0,ADD 4,0,1,14287,0,0.0,ADD 5,0,0,0,0,0.0,ADD 6,0,1,14325,0,0.0,ADD 7,0,0,0,0,0.0,EGT2CAN,0,1,14391,0,0.0
1778949419.1555953,0.0,14459,-53.0,0,-,0,0,0,0,0.0,-,0,0,0,0,0.0,ECU,1,1,14386,0,0.0,FAN1,0,0,0,0,0.0,COILS,8,1,0,0,0.0,PUMP,0,0,0,0,0.0,INJECTOR,8,1,87,0,0.0,SERVO,1,1,14440,0,0.0,ADD 1,0,1,14375,0,0.0,ADD 2,0,1,14402,0,0.0,ADD 3,0,1,14353,0,0.0,ADD 4,0,1,14287,0,0.0,ADD 5,0,0,0,0,0.0,ADD 6,0,1,14325,0,0.0,ADD 7,0,0,0,0,0.0,EGT2CAN,0,1,14391,0,0.0
1778949419.2154973,0.0,14701,-51.0,0,-,0,0,0,0,0.0,-,0,0,0,0,0.0,ECU,1,1,14386,0,0.0,FAN1,0,0,0,0,0.0,COILS,8,1,0,0,0.0,PUMP,0,0,0,0,0.0,INJECTOR,8,1,82,0,0.0,SERVO,1,1,14375,0,0.0,ADD 1,0,1,14758,0,0.0,ADD 2,0,1,14692,0,0.0,ADD 3,0,1,14714,0,0.0,ADD 4,0,1,14621,0,0.0,ADD 5,0,0,0,0,0.0,ADD 6,0,1,14747,0,0.0,ADD 7,0,0,0,0,0.0,EGT2CAN,0,1,14632,0,0.0
1778949419.2686207,0.0,14453,-51.0,0,-,0,0,0,0,0.0,-,0,0,0,0,0.0,ECU,1,1,14730,0,0.0,FAN1,0,0,0,0,0.0,COILS,8,1,0,0,0.0,PUMP,0,0,0,0,0.0,INJECTOR,8,1,98,0,0.0,SERVO,1,1,14812,0,0.0,ADD 1,0,1,14829,0,0.0,ADD 2,0,1,14861,0,0.0,ADD 3,0,1,14829,0,0.0,ADD 4,0,1,14730,0,0.0,ADD 5,0,0,0,0,0.0,ADD 6,0,1,14730,0,0.0,ADD 7,0,0,0,0,0.0,EGT2CAN,0,1,14796,0,0.0
1778949419.3191793,0.0,14397,-51.0,0,-,0,0,0,0,0.0,-,0,0,0,0,0.0,ECU,1,1,14325,0,0.0,FAN1,0,0,0,0,0.0,COILS,8,1,0,0,0.0,PUMP,0,0,0,0,0.0,INJECTOR,8,1,82,0,0.0,SERVO,1,1,14369,0,0.0,ADD 1,0,1,14375,0,0.0,ADD 2,0,1,14353,0,0.0,ADD 3,0,1,14380,0,0.0,ADD 4,0,1,14287,0,0.0,ADD 5,0,0,0,0,0.0,ADD 6,0,1,14386,0,0.0,ADD 7,0,0,0,0,0.0,EGT2CAN,0,1,14358,0,0.0
1778949419.3738537,0.0,14472,-52.0,0,-,0,0,0,0,0.0,-,0,0,0,0,0.0,ECU,1,1,14462,0,0.0,FAN1,0,0,0,0,0.0,COILS,8,1,0,0,0.0,PUMP,0,0,0,0,0.0,INJECTOR,8,1,120,0,0.0,SERVO,1,1,14369,0,0.0,ADD 1,0,1,14440,0,0.0,ADD 2,0,1,14462,0,0.0,ADD 3,0,1,14435,0,0.0,ADD 4,0,1,14397,0,0.0,ADD 5,0,0,0,0,0.0,ADD 6,0,1,14386,0,0.0,ADD 7,0,0,0,0,0.0,EGT2CAN,0,1,14358,0,0.0
1778949419.4385989,0.0,14794,-52.0,0,-,0,0,0,0,0.0,-,0,0,0,0,0.0,ECU,1,1,14462,0,0.0,FAN1,0,0,0,0,0.0,COILS,8,1,0,0,0.0,PUMP,0,0,0,0,0.0,INJECTOR,8,1,120,0,0.0,SERVO,1,1,14369,0,0.0,ADD 1,0,1,14440,0,0.0,ADD 2,0,1,14462,0,0.0,ADD 3,0,1,14435,0,0.0,ADD 4,0,1,14397,0,0.0,ADD 5,0,0,0,0,0.0,ADD 6,0,1,14451,0,0.0,ADD 7,0,0,0,0,0.0,EGT2CAN,0,1,14391,0,0.0
1778949419.4890995,0.0,14596,-52.0,0,-,0,0,0,0,0.0,-,0,0,0,0,0.0,ECU,1,1,14424,0,0.0,FAN1,0,0,0,0,0.0,COILS,8,1,0,0,0.0,PUMP,0,0,0,0,0.0,INJECTOR,8,1,82,0,0.0,SERVO,1,1,14533,0,0.0,ADD 1,0,1,14621,0,0.0,ADD 2,0,1,14599,0,0.0,ADD 3,0,1,14572,0,0.0,ADD 4,0,1,14539,0,0.0,ADD 5,0,0,0,0,0.0,ADD 6,0,1,14659,0,0.0,ADD 7,0,0,0,0,0.0,EGT2CAN,0,1,14681,0,0.0
1778949419.5469048,0.0,14354,-52.0,0,-,0,0,0,0,0.0,-,0,0,0,0,0.0,ECU,1,1,14517,0,0.0,FAN1,0,0,0,0,0.0,COILS,8,1,0,0,0.0,PUMP,0,0,0,0,0.0,INJECTOR,8,1,82,0,0.0,SERVO,1,1,14637,0,0.0,ADD 1,0,1,14380,0,0.0,ADD 2,0,1,14375,0,0.0,ADD 3,0,1,14413,0,0.0,ADD 4,0,1,14375,0,0.0,ADD 5,0,0,0,0,0.0,ADD 6,0,1,14435,0,0.0,ADD 7,0,0,0,0,0.0,EGT2CAN,0,1,14380,0,0.0
1778949419.6008651,0.0,14354,-52.0,0,-,0,0,0,0,0.0,-,0,0,0,0,0.0,ECU,1,1,14418,0,0.0,FAN1,0,0,0,0,0.0,COILS,8,1,0,0,0.0,PUMP,0,0,0,0,0.0,INJECTOR,8,1,82,0,0.0,SERVO,1,1,14637,0,0.0,ADD 1,0,1,14380,0,0.0,ADD 2,0,1,14375,0,0.0,ADD 3,0,1,14413,0,0.0,ADD 4,0,1,14375,0,0.0,ADD 5,0,0,0,0,0.0,ADD 6,0,1,14435,0,0.0,ADD 7,0,0,0,0,0.0,EGT2CAN,0,1,14380,0,0.0
1778949419.6511343,0.0,14800,-51.0,0,-,0,0,0,0,0.0,-,0,0,0,0,0.0,ECU,1,1,14397,0,0.0,FAN1,0,0,0,0,0.0,COILS,8,1,0,0,0.0,PUMP,0,0,0,0,0.0,INJECTOR,8,1,87,0,0.0,SERVO,1,1,14375,0,0.0,ADD 1,0,1,14752,0,0.0,ADD 2,0,1,14785,0,0.0,ADD 3,0,1,14801,0,0.0,ADD 4,0,1,14758,0,0.0,ADD 5,0,0,0,0,0.0,ADD 6,0,1,14769,0,0.0,ADD 7,0,0,0,0,0.0,EGT2CAN,0,1,14665,0,0.0
1778949419.7023985,0.0,14651,-51.0,0,-,0,0,0,0,0.0,-,0,0,0,0,0.0,ECU,1,1,14451,0,0.0,FAN1,0,0,0,0,0.0,COILS,8,1,0,0,0.0,PUMP,0,0,0,0,0.0,INJECTOR,8,1,87,0,0.0,SERVO,1,1,14391,0,0.0,ADD 1,0,1,14528,0,0.0,ADD 2,0,1,14375,0,0.0,ADD 3,0,1,14490,0,0.0,ADD 4,0,1,14533,0,0.0,ADD 5,0,0,0,0,0.0,ADD 6,0,1,14375,0,0.0,ADD 7,0,0,0,0,0.0,EGT2CAN,0,1,14615,0,0.0
1778949419.7536683,0.0,14651,-51.0,0,-,0,0,0,0,0.0,-,0,0,0,0,0.0,ECU,1,1,14736,0,0.0,FAN1,0,0,0,0,0.0,COILS,8,1,0,0,0.0,PUMP,0,0,0,0,0.0,INJECTOR,8,1,87,0,0.0,SERVO,1,1,14391,0,0.0,ADD 1,0,1,14528,0,0.0,ADD 2,0,1,14375,0,0.0,ADD 3,0,1,14490,0,0.0,ADD 4,0,1,14533,0,0.0,ADD 5,0,0,0,0,0.0,ADD 6,0,1,14375,0,0.0,ADD 7,0,0,0,0,0.0,EGT2CAN,0,1,14615,0,0.0
1778949419.8128743,0.0,14534,-52.0,0,-,0,0,0,0,0.0,-,0,0,0,0,0.0,ECU,1,1,14424,0,0.0,FAN1,0,0,0,0,0.0,COILS,8,1,0,0,0.0,PUMP,0,0,0,0,0.0,INJECTOR,8,1,87,0,0.0,SERVO,1,1,14314,0,0.0,ADD 1,0,1,14391,0,0.0,ADD 2,0,1,14391,0,0.0,ADD 3,0,1,14364,0,0.0,ADD 4,0,1,14325,0,0.0,ADD 5,0,0,0,0,0.0,ADD 6,0,1,14446,0,0.0,ADD 7,0,0,0,0,0.0,EGT2CAN,0,1,14375,0,0.0
1778949419.8693242,0.0,14664,-51.0,0,-,0,0,0,0,0.0,-,0,0,0,0,0.0,ECU,1,1,14446,0,0.0,FAN1,0,0,0,0,0.0,COILS,8,1,0,0,0.0,PUMP,0,0,0,0,0.0,INJECTOR,8,1,87,0,0.0,SERVO,1,1,14413,0,0.0,ADD 1,0,1,14364,0,0.0,ADD 2,0,1,14380,0,0.0,ADD 3,0,1,14375,0,0.0,ADD 4,0,1,14375,0,0.0,ADD 5,0,0,0,0,0.0,ADD 6,0,1,14440,0,0.0,ADD 7,0,0,0,0,0.0,EGT2CAN,0,1,14397,0,0.0
1778949419.9307525,0.0,14416,-52.0,0,-,0,0,0,0,0.0,-,0,0,0,0,0.0,ECU,1,1,14621,0,0.0,FAN1,0,0,0,0,0.0,COILS,8,1,0,0,0.0,PUMP,0,0,0,0,0.0,INJECTOR,8,1,125,0,0.0,SERVO,1,1,14719,0,0.0,ADD 1,0,1,14353,0,0.0,ADD 2,0,1,14429,0,0.0,ADD 3,0,1,14391,0,0.0,ADD 4,0,1,14353,0,0.0,ADD 5,0,0,0,0,0.0,ADD 6,0,1,14424,0,0.0,ADD 7,0,0,0,0,0.0,EGT2CAN,0,1,14353,0,0.0
1778949419.9823778,0.0,14416,-52.0,0,-,0,0,0,0,0.0,-,0,0,0,0,0.0,ECU,1,1,14621,0,0.0,FAN1,0,0,0,0,0.0,COILS,8,1,0,0,0.0,PUMP,0,0,0,0,0.0,INJECTOR,8,1,125,0,0.0,SERVO,1,1,14719,0,0.0,ADD 1,0,1,14353,0,0.0,ADD 2,0,1,14429,0,0.0,ADD 3,0,1,14391,0,0.0,ADD 4,0,1,14353,0,0.0,ADD 5,0,0,0,0,0.0,ADD 6,0,1,14424,0,0.0,ADD 7,0,0,0,0,0.0,EGT2CAN,0,1,14353,0,0.0
1778949420.0329585,0.0,14416,-52.0,0,-,0,0,0,0,0.0,-,0,0,0,0,0.0,ECU,1,1,14495,0,0.0,FAN1,0,0,0,0,0.0,COILS,8,1,0,0,0.0,PUMP,0,0,0,0,0.0,INJECTOR,8,1,109,0,0.0,SERVO,1,1,14500,0,0.0,ADD 1,0,1,14397,0,0.0,ADD 2,0,1,14435,0,0.0,ADD 3,0,1,14418,0,0.0,ADD 4,0,1,14353,0,0.0,ADD 5,0,0,0,0,0.0,ADD 6,0,1,14424,0,0.0,ADD 7,0,0,0,0,0.0,EGT2CAN,0,1,14353,0,0.0
1778949420.0837612,0.0,14540,-52.0,0,-,0,0,0,0,0.0,-,0,0,0,0,0.0,ECU,1,1,14643,0,0.0,FAN1,0,0,0,0,0.0,COILS,8,1,0,0,0.0,PUMP,0,0,0,0,0.0,INJECTOR,8,1,82,0,0.0,SERVO,1,1,14528,0,0.0,ADD 1,0,1,14462,0,0.0,ADD 2,0,1,14429,0,0.0,ADD 3,0,1,14429,0,0.0,ADD 4,0,1,14402,0,0.0,ADD 5,0,0,0,0,0.0,ADD 6,0,1,14484,0,0.0,ADD 7,0,0,0,0,0.0,EGT2CAN,0,1,14380,0,0.0
1778949420.1357794,0.0,14540,-52.0,0,-,0,0,0,0,0.0,-,0,0,0,0,0.0,ECU,1,1,14375,0,0.0,FAN1,0,0,0,0,0.0,COILS,8,1,0,0,0.0,PUMP,0,0,0,0,0.0,INJECTOR,8,1,87,0,0.0,SERVO,1,1,14697,0,0.0,ADD 1,0,1,14758,0,0.0,ADD 2,0,1,14708,0,0.0,ADD 3,0,1,14758,0,0.0,ADD 4,0,1,14736,0,0.0,ADD 5,0,0,0,0,0.0,ADD 6,0,1,14823,0,0.0,ADD 7,0,0,0,0,0.0,EGT2CAN,0,1,14763,0,0.0
1778949420.1932282,0.0,14422,-52.0,0,-,0,0,0,0,0.0,-,0,0,0,0,0.0,ECU,1,1,14375,0,0.0,FAN1,0,0,0,0,0.0,COILS,8,1,0,0,0.0,PUMP,0,0,0,0,0.0,INJECTOR,8,1,87,0,0.0,SERVO,1,1,14697,0,0.0,ADD 1,0,1,14758,0,0.0,ADD 2,0,1,14708,0,0.0,ADD 3,0,1,14758,0,0.0,ADD 4,0,1,14736,0,0.0,ADD 5,0,0,0,0,0.0,ADD 6,0,1,14823,0,0.0,ADD 7,0,0,0,0,0.0,EGT2CAN,0,1,14763,0,0.0
1778949420.2442346,0.0,14695,-52.0,0,-,0,0,0,0,0.0,-,0,0,0,0,0.0,ECU,1,1,14429,0,0.0,FAN1,0,0,0,0,0.0,COILS,8,1,0,0,0.0,PUMP,0,0,0,0,0.0,INJECTOR,8,1,87,0,0.0,SERVO,1,1,14375,0,0.0,ADD 1,0,1,14397,0,0.0,ADD 2,0,1,14424,0,0.0,ADD 3,0,1,14429,0,0.0,ADD 4,0,1,14407,0,0.0,ADD 5,0,0,0,0,0.0,ADD 6,0,1,14418,0,0.0,ADD 7,0,0,0,0,0.0,EGT2CAN,0,1,14347,0,0.0
1778949420.2975595,0.0,14695,-52.0,0,-,0,0,0,0,0.0,-,0,0,0,0,0.0,ECU,1,1,14785,0,0.0,FAN1,0,0,0,0,0.0,COILS,8,1,0,0,0.0,PUMP,0,0,0,0,0.0,INJECTOR,8,1,114,0,0.0,SERVO,1,1,14665,0,0.0,ADD 1,0,1,14604,0,0.0,ADD 2,0,1,14604,0,0.0,ADD 3,0,1,14528,0,0.0,ADD 4,0,1,14446,0,0.0,ADD 5,0,0,0,0,0.0,ADD 6,0,1,14473,0,0.0,ADD 7,0,0,0,0,0.0,EGT2CAN,0,1,14451,0,0.0
1778949420.3481715,0.0,14676,-52.0,0,-,0,0,0,0,0.0,-,0,0,0,0,0.0,ECU,1,1,14593,0,0.0,FAN1,0,0,0,0,0.0,COILS,8,1,0,0,0.0,PUMP,0,0,0,0,0.0,INJECTOR,8,1,114,0,0.0,SERVO,1,1,14665,0,0.0,ADD 1,0,1,14604,0,0.0,ADD 2,0,1,14604,0,0.0,ADD 3,0,1,14528,0,0.0,ADD 4,0,1,14446,0,0.0,ADD 5,0,0,0,0,0.0,ADD 6,0,1,14473,0,0.0,ADD 7,0,0,0,0,0.0,EGT2CAN,0,1,14451,0,0.0
1778949420.4050949,0.0,14447,-52.0,0,-,0,0,0,0,0.0,-,0,0,0,0,0.0,ECU,1,1,14829,0,0.0,FAN1,0,0,0,0,0.0,COILS,8,1,0,0,0.0,PUMP,0,0,0,0,0.0,INJECTOR,8,1,92,0,0.0,SERVO,1,1,14801,0,0.0,ADD 1,0,1,14440,0,0.0,ADD 2,0,1,14375,0,0.0,ADD 3,0,1,14364,0,0.0,ADD 4,0,1,14402,0,0.0,ADD 5,0,0,0,0,0.0,ADD 6,0,1,14517,0,0.0,ADD 7,0,0,0,0,0.0,EGT2CAN,0,1,14440,0,0.0
1778949420.4561048,0.0,14447,-52.0,0,-,0,0,0,0,0.0,-,0,0,0,0,0.0,ECU,1,1,14429,0,0.0,FAN1,0,0,0,0,0.0,COILS,8,1,0,0,0.0,PUMP,0,0,0,0,0.0,INJECTOR,8,1,87,0,0.0,SERVO,1,1,14336,0,0.0,ADD 1,0,1,14440,0,0.0,ADD 2,0,1,14413,0,0.0,ADD 3,0,1,14451,0,0.0,ADD 4,0,1,14402,0,0.0,ADD 5,0,0,0,0,0.0,ADD 6,0,1,14429,0,0.0,ADD 7,0,0,0,0,0.0,EGT2CAN,0,1,14429,0,0.0
1778949420.506835,0.0,14478,-51.0,0,-,0,0,0,0,0.0,-,0,0,0,0,0.0,ECU,1,1,14375,0,0.0,FAN1,0,0,0,0,0.0,COILS,8,1,0,0,0.0,PUMP,0,0,0,0,0.0,INJECTOR,8,1,87,0,0.0,SERVO,1,1,14369,0,0.0,ADD 1,0,1,14796,0,0.0,ADD 2,0,1,14829,0,0.0,ADD 3,0,1,14747,0,0.0,ADD 4,0,1,14752,0,0.0,ADD 5,0,0,0,0,0.0,ADD 6,0,1,14801,0,0.0,ADD 7,0,0,0,0,0.0,EGT2CAN,0,1,14714,0,0.0
1778949420.5632277,0.0,14732,-54.0,0,-,0,0,0,0,0.0,-,0,0,0,0,0.0,ECU,1,1,14681,0,0.0,FAN1,0,0,0,0,0.0,COILS,8,1,0,0,0.0,PUMP,0,0,0,0,0.0,INJECTOR,8,1,98,0,0.0,SERVO,1,1,14424,0,0.0,ADD 1,0,1,14429,0,0.0,ADD 2,0,1,14484,0,0.0,ADD 3,0,1,14479,0,0.0,ADD 4,0,1,14418,0,0.0,ADD 5,0,0,0,0,0.0,ADD 6,0,1,14473,0,0.0,ADD 7,0,0,0,0,0.0,EGT2CAN,0,1,14446,0,0.0
1778949420.6292162,0.0,14732,-54.0,0,-,0,0,0,0,0.0,-,0,0,0,0,0.0,ECU,1,1,14648,0,0.0,FAN1,0,0,0,0,0.0,COILS,8,1,0,0,0.0,PUMP,0,0,0,0,0.0,INJECTOR,8,1,98,0,0.0,SERVO,1,1,14752,0,0.0,ADD 1,0,1,14785,0,0.0,ADD 2,0,1,14823,0,0.0,ADD 3,0,1,14758,0,0.0,ADD 4,0,1,14692,0,0.0,ADD 5,0,0,0,0,0.0,ADD 6,0,1,14473,0,0.0,ADD 7,0,0,0,0,0.0,EGT2CAN,0,1,14446,0,0.0
1778949420.6798308,0.0,14843,-52.0,0,-,0,0,0,0,0.0,-,0,0,0,0,0.0,ECU,1,1,14375,0,0.0,FAN1,0,0,0,0,0.0,COILS,8,1,0,0,0.0,PUMP,0,0,0,0,0.0,INJECTOR,8,1,103,0,0.0,SERVO,1,1,14462,0,0.0,ADD 1,0,1,14375,0,0.0,ADD 2,0,1,14500,0,0.0,ADD 3,0,1,14375,0,0.0,ADD 4,0,1,14397,0,0.0,ADD 5,0,0,0,0,0.0,ADD 6,0,1,14473,0,0.0,ADD 7,0,0,0,0,0.0,EGT2CAN,0,1,14451,0,0.0
1778949420.7303143,0.0,14843,-52.0,0,-,0,0,0,0,0.0,-,0,0,0,0,0.0,ECU,1,1,14375,0,0.0,FAN1,0,0,0,0,0.0,COILS,8,1,0,0,0.0,PUMP,0,0,0,0,0.0,INJECTOR,8,1,103,0,0.0,SERVO,1,1,14462,0,0.0,ADD 1,0,1,14375,0,0.0,ADD 2,0,1,14500,0,0.0,ADD 3,0,1,14375,0,0.0,ADD 4,0,1,14397,0,0.0,ADD 5,0,0,0,0,0.0,ADD 6,0,1,14473,0,0.0,ADD 7,0,0,0,0,0.0,EGT2CAN,0,1,14451,0,0.0
1778949420.7812467,0.0,14843,-52.0,0,-,0,0,0,0,0.0,-,0,0,0,0,0.0,ECU,1,1,14730,0,0.0,FAN1,0,0,0,0,0.0,COILS,8,1,0,0,0.0,PUMP,0,0,0,0,0.0,INJECTOR,8,1,92,0,0.0,SERVO,1,1,14785,0,0.0,ADD 1,0,1,14747,0,0.0,ADD 2,0,1,14758,0,0.0,ADD 3,0,1,14736,0,0.0,ADD 4,0,1,14686,0,0.0,ADD 5,0,0,0,0,0.0,ADD 6,0,1,14473,0,0.0,ADD 7,0,0,0,0,0.0,EGT2CAN,0,1,14451,0,0.0
1778949420.8315544,0.0,14441,-51.0,0,-,0,0,0,0,0.0,-,0,0,0,0,0.0,ECU,1,1,14714,0,0.0,FAN1,0,0,0,0,0.0,COILS,8,1,0,0,0.0,PUMP,0,0,0,0,0.0,INJECTOR,8,1,82,0,0.0,SERVO,1,1,14741,0,0.0,ADD 1,0,1,14440,0,0.0,ADD 2,0,1,14440,0,0.0,ADD 3,0,1,14407,0,0.0,ADD 4,0,1,14391,0,0.0,ADD 5,0,0,0,0,0.0,ADD 6,0,1,14435,0,0.0,ADD 7,0,0,0,0,0.0,EGT2CAN,0,1,14413,0,0.0
1778949420.8830764,0.0,14441,-51.0,0,-,0,0,0,0,0.0,-,0,0,0,0,0.0,ECU,1,1,14714,0,0.0,FAN1,0,0,0,0,0.0,COILS,8,1,0,0,0.0,PUMP,0,0,0,0,0.0,INJECTOR,8,1,82,0,0.0,SERVO,1,1,14741,0,0.0,ADD 1,0,1,14440,0,0.0,ADD 2,0,1,14440,0,0.0,ADD 3,0,1,14407,0,0.0,ADD 4,0,1,14391,0,0.0,ADD 5,0,0,0,0,0.0,ADD 6,0,1,14435,0,0.0,ADD 7,0,0,0,0,0.0,EGT2CAN,0,1,14413,0,0.0
1778949420.9340868,0.0,14441,-51.0,0,-,0,0,0,0,0.0,-,0,0,0,0,0.0,ECU,1,1,14364,0,0.0,FAN1,0,0,0,0,0.0,COILS,8,1,0,0,0.0,PUMP,0,0,0,0,0.0,INJECTOR,8,1,87,0,0.0,SERVO,1,1,14380,0,0.0,ADD 1,0,1,14468,0,0.0,ADD 2,0,1,14424,0,0.0,ADD 3,0,1,14440,0,0.0,ADD 4,0,1,14375,0,0.0,ADD 5,0,0,0,0,0.0,ADD 6,0,1,14375,0,0.0,ADD 7,0,0,0,0,0.0,EGT2CAN,0,1,14375,0,0.0
1778949420.984546,0.0,14509,-51.0,0,-,0,0,0,0,0.0,-,0,0,0,0,0.0,ECU,1,1,14785,0,0.0,FAN1,0,0,0,0,0.0,COILS,8,1,0,0,0.0,PUMP,0,0,0,0,0.0,INJECTOR,8,1,87,0,0.0,SERVO,1,1,14714,0,0.0,ADD 1,0,1,14736,0,0.0,ADD 2,0,1,14730,0,0.0,ADD 3,0,1,14708,0,0.0,ADD 4,0,1,14648,0,0.0,ADD 5,0,0,0,0,0.0,ADD 6,0,1,14604,0,0.0,ADD 7,0,0,0,0,0.0,EGT2CAN,0,1,14517,0,0.0
1778949421.052157,0.0,14509,-51.0,0,-,0,0,0,0,0.0,-,0,0,0,0,0.0,ECU,1,1,14785,0,0.0,FAN1,0,0,0,0,0.0,COILS,8,1,0,0,0.0,PUMP,0,0,0,0,0.0,INJECTOR,8,1,87,0,0.0,SERVO,1,1,14714,0,0.0,ADD 1,0,1,14736,0,0.0,ADD 2,0,1,14730,0,0.0,ADD 3,0,1,14708,0,0.0,ADD 4,0,1,14648,0,0.0,ADD 5,0,0,0,0,0.0,ADD 6,0,1,14604,0,0.0,ADD 7,0,0,0,0,0.0,EGT2CAN,0,1,14517,0,0.0
1778949421.110949,0.0,14509,-51.0,0,-,0,0,0,0,0.0,-,0,0,0,0,0.0,ECU,1,1,14665,0,0.0,FAN1,0,0,0,0,0.0,COILS,8,1,0,0,0.0,PUMP,0,0,0,0,0.0,INJECTOR,8,1,87,0,0.0,SERVO,1,1,14741,0,0.0,ADD 1,0,1,14736,0,0.0,ADD 2,0,1,14730,0,0.0,ADD 3,0,1,14708,0,0.0,ADD 4,0,1,14648,0,0.0,ADD 5,0,0,0,0,0.0,ADD 6,0,1,14604,0,0.0,ADD 7,0,0,0,0,0.0,EGT2CAN,0,1,14517,0,0.0
1778949421.161575,0.0,14503,-51.0,0,-,0,0,0,0,0.0,-,0,0,0,0,0.0,ECU,1,1,14468,0,0.0,FAN1,0,0,0,0,0.0,COILS,8,1,0,0,0.0,PUMP,0,0,0,0,0.0,INJECTOR,8,1,125,0,0.0,SERVO,1,1,14418,0,0.0,ADD 1,0,1,14402,0,0.0,ADD 2,0,1,14484,0,0.0,ADD 3,0,1,14402,0,0.0,ADD 4,0,1,14375,0,0.0,ADD 5,0,0,0,0,0.0,ADD 6,0,1,14446,0,0.0,ADD 7,0,0,0,0,0.0,EGT2CAN,0,1,14457,0,0.0
1778949421.21535,0.0,14800,-52.0,0,-,0,0,0,0,0.0,-,0,0,0,0,0.0,ECU,1,1,14851,0,0.0,FAN1,0,0,0,0,0.0,COILS,8,1,0,0,0.0,PUMP,0,0,0,0,0.0,INJECTOR,8,1,114,0,0.0,SERVO,1,1,14807,0,0.0,ADD 1,0,1,14889,0,0.0,ADD 2,0,1,14872,0,0.0,ADD 3,0,1,14856,0,0.0,ADD 4,0,1,14796,0,0.0,ADD 5,0,0,0,0,0.0,ADD 6,0,1,14922,0,0.0,ADD 7,0,0,0,0,0.0,EGT2CAN,0,1,14829,0,0.0
1778949421.2686546,0.0,14800,-52.0,0,-,0,0,0,0,0.0,-,0,0,0,0,0.0,ECU,1,1,14714,0,0.0,FAN1,0,0,0,0,0.0,COILS,8,1,0,0,0.0,PUMP,0,0,0,0,0.0,INJECTOR,8,1,92,0,0.0,SERVO,1,1,14555,0,0.0,ADD 1,0,1,14457,0,0.0,ADD 2,0,1,14462,0,0.0,ADD 3,0,1,14468,0,0.0,ADD 4,0,1,14424,0,0.0,ADD 5,0,0,0,0,0.0,ADD 6,0,1,14511,0,0.0,ADD 7,0,0,0,0,0.0,EGT2CAN,0,1,14490,0,0.0
1778949421.3216481,0.0,14416,-52.0,0,-,0,0,0,0,0.0,-,0,0,0,0,0.0,ECU,1,1,14856,0,0.0,FAN1,0,0,0,0,0.0,COILS,8,1,0,0,0.0,PUMP,0,0,0,0,0.0,INJECTOR,8,1,87,0,0.0,SERVO,1,1,14840,0,0.0,ADD 1,0,1,14446,0,0.0,ADD 2,0,1,14440,0,0.0,ADD 3,0,1,14440,0,0.0,ADD 4,0,1,14358,0,0.0,ADD 5,0,0,0,0,0.0,ADD 6,0,1,14407,0,0.0,ADD 7,0,0,0,0,0.0,EGT2CAN,0,1,14418,0,0.0
1778949421.3907928,0.0,14496,-52.0,0,-,0,0,0,0,0.0,-,0,0,0,0,0.0,ECU,1,1,14380,0,0.0,FAN1,0,0,0,0,0.0,COILS,8,1,0,0,0.0,PUMP,0,0,0,0,0.0,INJECTOR,8,1,76,0,0.0,SERVO,1,1,14413,0,0.0,ADD 1,0,1,14418,0,0.0,ADD 2,0,1,14490,0,0.0,ADD 3,0,1,14435,0,0.0,ADD 4,0,1,14435,0,0.0,ADD 5,0,0,0,0,0.0,ADD 6,0,1,14511,0,0.0,ADD 7,0,0,0,0,0.0,EGT2CAN,0,1,14413,0,0.0
1778949421.4416041,0.0,14466,-51.0,0,-,0,0,0,0,0.0,-,0,0,0,0,0.0,ECU,1,1,14834,0,0.0,FAN1,0,0,0,0,0.0,COILS,8,1,0,0,0.0,PUMP,0,0,0,0,0.0,INJECTOR,8,1,98,0,0.0,SERVO,1,1,14834,0,0.0,ADD 1,0,1,14851,0,0.0,ADD 2,0,1,14834,0,0.0,ADD 3,0,1,14840,0,0.0,ADD 4,0,1,14763,0,0.0,ADD 5,0,0,0,0,0.0,ADD 6,0,1,14834,0,0.0,ADD 7,0,0,0,0,0.0,EGT2CAN,0,1,14785,0,0.0
1778949421.4930007,0.0,14466,-51.0,0,-,0,0,0,0,0.0,-,0,0,0,0,0.0,ECU,1,1,14468,0,0.0,FAN1,0,0,0,0,0.0,COILS,8,1,0,0,0.0,PUMP,0,0,0,0,0.0,INJECTOR,8,1,109,0,0.0,SERVO,1,1,14583,0,0.0,ADD 1,0,1,14517,0,0.0,ADD 2,0,1,14648,0,0.0,ADD 3,0,1,14599,0,0.0,ADD 4,0,1,14577,0,0.0,ADD 5,0,0,0,0,0.0,ADD 6,0,1,14665,0,0.0,ADD 7,0,0,0,0,0.0,EGT2CAN,0,1,14621,0,0.0
1778949421.543535,0.0,14447,-51.0,0,-,0,0,0,0,0.0,-,0,0,0,0,0.0,ECU,1,1,14468,0,0.0,FAN1,0,0,0,0,0.0,COILS,8,1,0,0,0.0,PUMP,0,0,0,0,0.0,INJECTOR,8,1,109,0,0.0,SERVO,1,1,14583,0,0.0,ADD 1,0,1,14517,0,0.0,ADD 2,0,1,14648,0,0.0,ADD 3,0,1,14599,0,0.0,ADD 4,0,1,14577,0,0.0,ADD 5,0,0,0,0,0.0,ADD 6,0,1,14665,0,0.0,ADD 7,0,0,0,0,0.0,EGT2CAN,0,1,14621,0,0.0
1778949421.5938163,0.0,14472,-51.0,0,-,0,0,0,0,0.0,-,0,0,0,0,0.0,ECU,1,1,14473,0,0.0,FAN1,0,0,0,0,0.0,COILS,8,1,0,0,0.0,PUMP,0,0,0,0,0.0,INJECTOR,8,1,82,0,0.0,SERVO,1,1,14435,0,0.0,ADD 1,0,1,14418,0,0.0,ADD 2,0,1,14435,0,0.0,ADD 3,0,1,14386,0,0.0,ADD 4,0,1,14375,0,0.0,ADD 5,0,0,0,0,0.0,ADD 6,0,1,14484,0,0.0,ADD 7,0,0,0,0,0.0,EGT2CAN,0,1,14413,0,0.0
1778949421.6442537,0.0,14472,-51.0,0,-,0,0,0,0,0.0,-,0,0,0,0,0.0,ECU,1,1,14779,0,0.0,FAN1,0,0,0,0,0.0,COILS,8,1,0,0,0.0,PUMP,0,0,0,0,0.0,INJECTOR,8,1,87,0,0.0,SERVO,1,1,14676,0,0.0,ADD 1,0,1,14692,0,0.0,ADD 2,0,1,14659,0,0.0,ADD 3,0,1,14621,0,0.0,ADD 4,0,1,14561,0,0.0,ADD 5,0,0,0,0,0.0,ADD 6,0,1,14484,0,0.0,ADD 7,0,0,0,0,0.0,EGT2CAN,0,1,14413,0,0.0
1778949421.6956923,0.0,14732,-53.0,0,-,0,0,0,0,0.0,-,0,0,0,0,0.0,ECU,1,1,14779,0,0.0,FAN1,0,0,0,0,0.0,COILS,8,1,0,0,0.0,PUMP,0,0,0,0,0.0,INJECTOR,8,1,87,0,0.0,SERVO,1,1,14676,0,0.0,ADD 1,0,1,14692,0,0.0,ADD 2,0,1,14659,0,0.0,ADD 3,0,1,14621,0,0.0,ADD 4,0,1,14561,0,0.0,ADD 5,0,0,0,0,0.0,ADD 6,0,1,14561,0,0.0,ADD 7,0,0,0,0,0.0,EGT2CAN,0,1,14533,0,0.0
1778949421.745995,0.0,14404,-51.0,0,-,0,0,0,0,0.0,-,0,0,0,0,0.0,ECU,1,1,14528,0,0.0,FAN1,0,0,0,0,0.0,COILS,8,1,0,0,0.0,PUMP,0,0,0,0,0.0,INJECTOR,8,1,87,0,0.0,SERVO,1,1,14572,0,0.0,ADD 1,0,1,14402,0,0.0,ADD 2,0,1,14429,0,0.0,ADD 3,0,1,14429,0,0.0,ADD 4,0,1,14347,0,0.0,ADD 5,0,0,0,0,0.0,ADD 6,0,1,14457,0,0.0,ADD 7,0,0,0,0,0.0,EGT2CAN,0,1,14418,0,0.0
1778949421.7968109,0.0,14404,-51.0,0,-,0,0,0,0,0.0,-,0,0,0,0,0.0,ECU,1,1,14386,0,0.0,FAN1,0,0,0,0,0.0,COILS,8,1,0,0,0.0,PUMP,0,0,0,0,0.0,INJECTOR,8,1,87,0,0.0,SERVO,1,1,14369,0,0.0,ADD 1,0,1,14402,0,0.0,ADD 2,0,1,14429,0,0.0,ADD 3,0,1,14429,0,0.0,ADD 4,0,1,14347,0,0.0,ADD 5,0,0,0,0,0.0,ADD 6,0,1,14457,0,0.0,ADD 7,0,0,0,0,0.0,EGT2CAN,0,1,14418,0,0.0
1778949421.8478906,0.0,14404,-51.0,0,-,0,0,0,0,0.0,-,0,0,0,0,0.0,ECU,1,1,14386,0,0.0,FAN1,0,0,0,0,0.0,COILS,8,1,0,0,0.0,PUMP,0,0,0,0,0.0,INJECTOR,8,1,87,0,0.0,SERVO,1,1,14369,0,0.0,ADD 1,0,1,14484,0,0.0,ADD 2,0,1,14490,0,0.0,ADD 3,0,1,14479,0,0.0,ADD 4,0,1,14418,0,0.0,ADD 5,0,0,0,0,0.0,ADD 6,0,1,14462,0,0.0,ADD 7,0,0,0,0,0.0,EGT2CAN,0,1,14440,0,0.0
1778949421.9006922,0.0,14527,-51.0,0,-,0,0,0,0,0.0,-,0,0,0,0,0.0,ECU,1,1,14790,0,0.0,FAN1,0,0,0,0,0.0,COILS,8,1,0,0,0.0,PUMP,0,0,0,0,0.0,INJECTOR,8,1,92,0,0.0,SERVO,1,1,14588,0,0.0,ADD 1,0,1,14566,0,0.0,ADD 2,0,1,14588,0,0.0,ADD 3,0,1,14511,0,0.0,ADD 4,0,1,14500,0,0.0,ADD 5,0,0,0,0,0.0,ADD 6,0,1,14500,0,0.0,ADD 7,0,0,0,0,0.0,EGT2CAN,0,1,14446,0,0.0
1778949421.951312,0.0,14527,-51.0,0,-,0,0,0,0,0.0,-,0,0,0,0,0.0,ECU,1,1,14424,0,0.0,FAN1,0,0,0,0,0.0,COILS,8,1,0,0,0.0,PUMP,0,0,0,0,0.0,INJECTOR,8,1,92,0,0.0,SERVO,1,1,14588,0,0.0,ADD 1,0,1,14566,0,0.0,ADD 2,0,1,14588,0,0.0,ADD 3,0,1,14511,0,0.0,ADD 4,0,1,14500,0,0.0,ADD 5,0,0,0,0,0.0,ADD 6,0,1,14500,0,0.0,ADD 7,0,0,0,0,0.0,EGT2CAN,0,1,14446,0,0.0
1778949422.0018964,0.0,14472,-52.0,0,-,0,0,0,0,0.0,-,0,0,0,0,0.0,ECU,1,1,14490,0,0.0,FAN1,0,0,0,0,0.0,COILS,8,1,0,0,0.0,PUMP,0,0,0,0,0.0,INJECTOR,8,1,76,0,0.0,SERVO,1,1,14424,0,0.0,ADD 1,0,1,14429,0,0.0,ADD 2,0,1,14468,0,0.0,ADD 3,0,1,14386,0,0.0,ADD 4,0,1,14304,0,0.0,ADD 5,0,0,0,0,0.0,ADD 6,0,1,14446,0,0.0,ADD 7,0,0,0,0,0.0,EGT2CAN,0,1,14468,0,0.0
1778949422.0554488,0.0,14558,-52.0,0,-,0,0,0,0,0.0,-,0,0,0,0,0.0,ECU,1,1,14708,0,0.0,FAN1,0,0,0,0,0.0,COILS,8,1,0,0,0.0,PUMP,0,0,0,0,0.0,INJECTOR,8,1,87,0,0.0,SERVO,1,1,14522,0,0.0,ADD 1,0,1,14550,0,0.0,ADD 2,0,1,14500,0,0.0,ADD 3,0,1,14473,0,0.0,ADD 4,0,1,14397,0,0.0,ADD 5,0,0,0,0,0.0,ADD 6,0,1,14457,0,0.0,ADD 7,0,0,0,0,0.0,EGT2CAN,0,1,14446,0,0.0
1778949422.1202786,0.0,14558,-52.0,0,-,0,0,0,0,0.0,-,0,0,0,0,0.0,ECU,1,1,14604,0,0.0,FAN1,0,0,0,0,0.0,COILS,8,1,0,0,0.0,PUMP,0,0,0,0,0.0,INJECTOR,8,1,92,0,0.0,SERVO,1,1,14435,0,0.0,ADD 1,0,1,14818,0,0.0,ADD 2,0,1,14779,0,0.0,ADD 3,0,1,14807,0,0.0,ADD 4,0,1,14785,0,0.0,ADD 5,0,0,0,0,0.0,ADD 6,0,1,14457,0,0.0,ADD 7,0,0,0,0,0.0,EGT2CAN,0,1,14446,0,0.0
1778949422.1708603,0.0,14478,-52.0,0,-,0,0,0,0,0.0,-,0,0,0,0,0.0,ECU,1,1,14407,0,0.0,FAN1,0,0,0,0,0.0,COILS,8,1,0,0,0.0,PUMP,0,0,0,0,0.0,INJECTOR,8,1,87,0,0.0,SERVO,1,1,14407,0,0.0,ADD 1,0,1,14490,0,0.0,ADD 2,0,1,14495,0,0.0,ADD 3,0,1,14440,0,0.0,ADD 4,0,1,14418,0,0.0,ADD 5,0,0,0,0,0.0,ADD 6,0,1,14484,0,0.0,ADD 7,0,0,0,0,0.0,EGT2CAN,0,1,14413,0,0.0
1778949422.2218134,0.0,14447,-52.0,0,-,0,0,0,0,0.0,-,0,0,0,0,0.0,ECU,1,1,14407,0,0.0,FAN1,0,0,0,0,0.0,COILS,8,1,0,0,0.0,PUMP,0,0,0,0,0.0,INJECTOR,8,1,87,0,0.0,SERVO,1,1,14407,0,0.0,ADD 1,0,1,14490,0,0.0,ADD 2,0,1,14495,0,0.0,ADD 3,0,1,14440,0,0.0,ADD 4,0,1,14418,0,0.0,ADD 5,0,0,0,0,0.0,ADD 6,0,1,14484,0,0.0,ADD 7,0,0,0,0,0.0,EGT2CAN,0,1,14413,0,0.0
1778949422.2747118,0.0,14447,-52.0,0,-,0,0,0,0,0.0,-,0,0,0,0,0.0,ECU,1,1,14440,0,0.0,FAN1,0,0,0,0,0.0,COILS,8,1,0,0,0.0,PUMP,0,0,0,0,0.0,INJECTOR,8,1,87,0,0.0,SERVO,1,1,14446,0,0.0,ADD 1,0,1,14375,0,0.0,ADD 2,0,1,14490,0,0.0,ADD 3,0,1,14375,0,0.0,ADD 4,0,1,14413,0,0.0,ADD 5,0,0,0,0,0.0,ADD 6,0,1,14473,0,0.0,ADD 7,0,0,0,0,0.0,EGT2CAN,0,1,14440,0,0.0
1778949422.332861,0.0,14596,-52.0,0,-,0,0,0,0,0.0,-,0,0,0,0,0.0,ECU,1,1,14484,0,0.0,FAN1,0,0,0,0,0.0,COILS,8,1,0,0,0.0,PUMP,0,0,0,0,0.0,INJECTOR,8,1,82,0,0.0,SERVO,1,1,14528,0,0.0,ADD 1,0,1,14533,0,0.0,ADD 2,0,1,14577,0,0.0,ADD 3,0,1,14588,0,0.0,ADD 4,0,1,14522,0,0.0,ADD 5,0,0,0,0,0.0,ADD 6,0,1,14643,0,0.0,ADD 7,0,0,0,0,0.0,EGT2CAN,0,1,14621,0,0.0
1778949422.3848584,0.0,14441,-52.0,0,-,0,0,0,0,0.0,-,0,0,0,0,0.0,ECU,1,1,14484,0,0.0,FAN1,0,0,0,0,0.0,COILS,8,1,0,0,0.0,PUMP,0,0,0,0,0.0,INJECTOR,8,1,82,0,0.0,SERVO,1,1,14528,0,0.0,ADD 1,0,1,14533,0,0.0,ADD 2,0,1,14577,0,0.0,ADD 3,0,1,14588,0,0.0,ADD 4,0,1,14522,0,0.0,ADD 5,0,0,0,0,0.0,ADD 6,0,1,14643,0,0.0,ADD 7,0,0,0,0,0.0,EGT2CAN,0,1,14621,0,0.0
1778949422.4351325,0.0,14441,-52.0,0,-,0,0,0,0,0.0,-,0,0,0,0,0.0,ECU,1,1,14446,0,0.0,FAN1,0,0,0,0,0.0,COILS,8,1,0,0,0.0,PUMP,0,0,0,0,0.0,INJECTOR,8,1,87,0,0.0,SERVO,1,1,14451,0,0.0,ADD 1,0,1,14500,0,0.0,ADD 2,0,1,14490,0,0.0,ADD 3,0,1,14462,0,0.0,ADD 4,0,1,14435,0,0.0,ADD 5,0,0,0,0,0.0,ADD 6,0,1,14462,0,0.0,ADD 7,0,0,0,0,0.0,EGT2CAN,0,1,14402,0,0.0
1778949422.4861853,0.0,14831,-51.0,0,-,0,0,0,0,0.0,-,0,0,0,0,0.0,ECU,1,1,14511,0,0.0,FAN1,0,0,0,0,0.0,COILS,8,1,0,0,0.0,PUMP,0,0,0,0,0.0,INJECTOR,8,1,87,0,0.0,SERVO,1,1,14479,0,0.0,ADD 1,0,1,14905,0,0.0,ADD 2,0,1,14872,0,0.0,ADD 3,0,1,14889,0,0.0,ADD 4,0,1,14812,0,0.0,ADD 5,0,0,0,0,0.0,ADD 6,0,1,14911,0,0.0,ADD 7,0,0,0,0,0.0,EGT2CAN,0,1,14834,0,0.0
1778949422.5412421,0.0,14831,-51.0,0,-,0,0,0,0,0.0,-,0,0,0,0,0.0,ECU,1,1,14785,0,0.0,FAN1,0,0,0,0,0.0,COILS,8,1,0,0,0.0,PUMP,0,0,0,0,0.0,INJECTOR,8,1,98,0,0.0,SERVO,1,1,14659,0,0.0,ADD 1,0,1,14905,0,0.0,ADD 2,0,1,14872,0,0.0,ADD 3,0,1,14889,0,0.0,ADD 4,0,1,14812,0,0.0,ADD 5,0,0,0,0,0.0,ADD 6,0,1,14911,0,0.0,ADD 7,0,0,0,0,0.0,EGT2CAN,0,1,14834,0,0.0
1778949422.591994,0.0,14478,-51.0,0,-,0,0,0,0,0.0,-,0,0,0,0,0.0,ECU,1,1,14440,0,0.0,FAN1,0,0,0,0,0.0,COILS,8,1,0,0,0.0,PUMP,0,0,0,0,0.0,INJECTOR,8,1,92,0,0.0,SERVO,1,1,14654,0,0.0,ADD 1,0,1,14429,0,0.0,ADD 2,0,1,14479,0,0.0,ADD 3,0,1,14429,0,0.0,ADD 4,0,1,14375,0,0.0,ADD 5,0,0,0,0,0.0,ADD 6,0,1,14446,0,0.0,ADD 7,0,0,0,0,0.0,EGT2CAN,0,1,14397,0,0.0
1778949422.6518972,0.0,14577,-51.0,0,-,0,0,0,0,0.0,-,0,0,0,0,0.0,ECU,1,1,14462,0,0.0,FAN1,0,0,0,0,0.0,COILS,8,1,0,0,0.0,PUMP,0,0,0,0,0.0,INJECTOR,8,1,82,0,0.0,SERVO,1,1,14413,0,0.0,ADD 1,0,1,14555,0,0.0,ADD 2,0,1,14533,0,0.0,ADD 3,0,1,14506,0,0.0,ADD 4,0,1,14468,0,0.0,ADD 5,0,0,0,0,0.0,ADD 6,0,1,14484,0,0.0,ADD 7,0,0,0,0,0.0,EGT2CAN,0,1,14479,0,0.0
1778949422.7037234,0.0,14577,-51.0,0,-,0,0,0,0,0.0,-,0,0,0,0,0.0,ECU,1,1,14468,0,0.0,FAN1,0,0,0,0,0.0,COILS,8,1,0,0,0.0,PUMP,0,0,0,0,0.0,INJECTOR,8,1,82,0,0.0,SERVO,1,1,14413,0,0.0,ADD 1,0,1,14555,0,0.0,ADD 2,0,1,14533,0,0.0,ADD 3,0,1,14506,0,0.0,ADD 4,0,1,14468,0,0.0,ADD 5,0,0,0,0,0.0,ADD 6,0,1,14484,0,0.0,ADD 7,0,0,0,0,0.0,EGT2CAN,0,1,14479,0,0.0
1778949422.7621882,0.0,14354,-51.0,0,-,0,0,0,0,0.0,-,0,0,0,0,0.0,ECU,1,1,14829,0,0.0,FAN1,0,0,0,0,0.0,COILS,8,1,0,0,0.0,PUMP,0,0,0,0,0.0,INJECTOR,8,1,87,0,0.0,SERVO,1,1,14861,0,0.0,ADD 1,0,1,14922,0,0.0,ADD 2,0,1,14861,0,0.0,ADD 3,0,1,14872,0,0.0,ADD 4,0,1,14872,0,0.0,ADD 5,0,0,0,0,0.0,ADD 6,0,1,14949,0,0.0,ADD 7,0,0,0,0,0.0,EGT2CAN,0,1,14916,0,0.0
1778949422.8127024,0.0,14354,-51.0,0,-,0,0,0,0,0.0,-,0,0,0,0,0.0,ECU,1,1,14440,0,0.0,FAN1,0,0,0,0,0.0,COILS,8,1,0,0,0.0,PUMP,0,0,0,0,0.0,INJECTOR,8,1,76,0,0.0,SERVO,1,1,14429,0,0.0,ADD 1,0,1,14484,0,0.0,ADD 2,0,1,14495,0,0.0,ADD 3,0,1,14484,0,0.0,ADD 4,0,1,14440,0,0.0,ADD 5,0,0,0,0,0.0,ADD 6,0,1,14490,0,0.0,ADD 7,0,0,0,0,0.0,EGT2CAN,0,1,14500,0,0.0
1778949422.8823075,0.0,14496,-51.0,0,-,0,0,0,0,0.0,-,0,0,0,0,0.0,ECU,1,1,14457,0,0.0,FAN1,0,0,0,0,0.0,COILS,8,1,0,0,0.0,PUMP,0,0,0,0,0.0,INJECTOR,8,1,87,0,0.0,SERVO,1,1,14446,0,0.0,ADD 1,0,1,14418,0,0.0,ADD 2,0,1,14440,0,0.0,ADD 3,0,1,14418,0,0.0,ADD 4,0,1,14413,0,0.0,ADD 5,0,0,0,0,0.0,ADD 6,0,1,14462,0,0.0,ADD 7,0,0,0,0,0.0,EGT2CAN,0,1,14429,0,0.0
1778949422.9355855,0.0,14651,-52.0,0,-,0,0,0,0,0.0,-,0,0,0,0,0.0,ECU,1,1,14457,0,0.0,FAN1,0,0,0,0,0.0,COILS,8,1,0,0,0.0,PUMP,0,0,0,0,0.0,INJECTOR,8,1,87,0,0.0,SERVO,1,1,14446,0,0.0,ADD 1,0,1,14418,0,0.0,ADD 2,0,1,14440,0,0.0,ADD 3,0,1,14418,0,0.0,ADD 4,0,1,14413,0,0.0,ADD 5,0,0,0,0,0.0,ADD 6,0,1,14462,0,0.0,ADD 7,0,0,0,0,0.0,EGT2CAN,0,1,14429,0,0.0
1778949422.986873,0.0,14651,-52.0,0,-,0,0,0,0,0.0,-,0,0,0,0,0.0,ECU,1,1,14495,0,0.0,FAN1,0,0,0,0,0.0,COILS,8,1,0,0,0.0,PUMP,0,0,0,0,0.0,INJECTOR,8,1,87,0,0.0,SERVO,1,1,14490,0,0.0,ADD 1,0,1,14511,0,0.0,ADD 2,0,1,14528,0,0.0,ADD 3,0,1,14500,0,0.0,ADD 4,0,1,14446,0,0.0,ADD 5,0,0,0,0,0.0,ADD 6,0,1,14462,0,0.0,ADD 7,0,0,0,0,0.0,EGT2CAN,0,1,14429,0,0.0
1778949423.0378485,0.0,14509,-52.0,0,-,0,0,0,0,0.0,-,0,0,0,0,0.0,ECU,1,1,14440,0,0.0,FAN1,0,0,0,0,0.0,COILS,8,1,0,0,0.0,PUMP,0,0,0,0,0.0,INJECTOR,8,1,87,0,0.0,SERVO,1,1,14440,0,0.0,ADD 1,0,1,14462,0,0.0,ADD 2,0,1,14451,0,0.0,ADD 3,0,1,14429,0,0.0,ADD 4,0,1,14418,0,0.0,ADD 5,0,0,0,0,0.0,ADD 6,0,1,14473,0,0.0,ADD 7,0,0,0,0,0.0,EGT2CAN,0,1,14402,0,0.0
1778949423.08981,0.0,14509,-52.0,0,-,0,0,0,0,0.0,-,0,0,0,0,0.0,ECU,1,1,14440,0,0.0,FAN1,0,0,0,0,0.0,COILS,8,1,0,0,0.0,PUMP,0,0,0,0,0.0,INJECTOR,8,1,87,0,0.0,SERVO,1,1,14440,0,0.0,ADD 1,0,1,14462,0,0.0,ADD 2,0,1,14451,0,0.0,ADD 3,0,1,14429,0,0.0,ADD 4,0,1,14418,0,0.0,ADD 5,0,0,0,0,0.0,ADD 6,0,1,14473,0,0.0,ADD 7,0,0,0,0,0.0,EGT2CAN,0,1,14402,0,0.0
1778949423.1411793,0.0,14509,-52.0,0,-,0,0,0,0,0.0,-,0,0,0,0,0.0,ECU,1,1,14506,0,0.0,FAN1,0,0,0,0,0.0,COILS,8,1,0,0,0.0,PUMP,0,0,0,0,0.0,INJECTOR,8,1,87,0,0.0,SERVO,1,1,14457,0,0.0,ADD 1,0,1,14517,0,0.0,ADD 2,0,1,14500,0,0.0,ADD 3,0,1,14468,0,0.0,ADD 4,0,1,14424,0,0.0,ADD 5,0,0,0,0,0.0,ADD 6,0,1,14495,0,0.0,ADD 7,0,0,0,0,0.0,EGT2CAN,0,1,14506,0,0.0
1778949423.1967373,0.0,14466,-51.0,0,-,0,0,0,0,0.0,-,0,0,0,0,0.0,ECU,1,1,14818,0,0.0,FAN1,0,0,0,0,0.0,COILS,8,1,0,0,0.0,PUMP,0,0,0,0,0.0,INJECTOR,8,1,98,0,0.0,SERVO,1,1,14829,0,0.0,ADD 1,0,1,14473,0,0.0,ADD 2,0,1,14490,0,0.0,ADD 3,0,1,14500,0,0.0,ADD 4,0,1,14490,0,0.0,ADD 5,0,0,0,0,0.0,ADD 6,0,1,14599,0,0.0,ADD 7,0,0,0,0,0.0,EGT2CAN,0,1,14588,0,0.0
1778949423.2519352,0.0,14466,-51.0,0,-,0,0,0,0,0.0,-,0,0,0,0,0.0,ECU,1,1,14429,0,0.0,FAN1,0,0,0,0,0.0,COILS,8,1,0,0,0.0,PUMP,0,0,0,0,0.0,INJECTOR,8,1,98,0,0.0,SERVO,1,1,14829,0,0.0,ADD 1,0,1,14473,0,0.0,ADD 2,0,1,14490,0,0.0,ADD 3,0,1,14500,0,0.0,ADD 4,0,1,14490,0,0.0,ADD 5,0,0,0,0,0.0,ADD 6,0,1,14599,0,0.0,ADD 7,0,0,0,0,0.0,EGT2CAN,0,1,14588,0,0.0
1778949423.302862,0.0,14657,-51.0,0,-,0,0,0,0,0.0,-,0,0,0,0,0.0,ECU,1,1,14457,0,0.0,FAN1,0,0,0,0,0.0,COILS,8,1,0,0,0.0,PUMP,0,0,0,0,0.0,INJECTOR,8,1,92,0,0.0,SERVO,1,1,14418,0,0.0,ADD 1,0,1,14457,0,0.0,ADD 2,0,1,14490,0,0.0,ADD 3,0,1,14429,0,0.0,ADD 4,0,1,14446,0,0.0,ADD 5,0,0,0,0,0.0,ADD 6,0,1,14473,0,0.0,ADD 7,0,0,0,0,0.0,EGT2CAN,0,1,14473,0,0.0
1778949423.3641176,0.0,14750,-51.0,0,-,0,0,0,0,0.0,-,0,0,0,0,0.0,ECU,1,1,14446,0,0.0,FAN1,0,0,0,0,0.0,COILS,8,1,0,0,0.0,PUMP,0,0,0,0,0.0,INJECTOR,8,1,87,0,0.0,SERVO,1,1,14435,0,0.0,ADD 1,0,1,14479,0,0.0,ADD 2,0,1,14446,0,0.0,ADD 3,0,1,14473,0,0.0,ADD 4,0,1,14429,0,0.0,ADD 5,0,0,0,0,0.0,ADD 6,0,1,14446,0,0.0,ADD 7,0,0,0,0,0.0,EGT2CAN,0,1,14446,0,0.0
1778949423.4151223,0.0,14750,-51.0,0,-,0,0,0,0,0.0,-,0,0,0,0,0.0,ECU,1,1,14916,0,0.0,FAN1,0,0,0,0,0.0,COILS,8,1,0,0,0.0,PUMP,0,0,0,0,0.0,INJECTOR,8,1,87,0,0.0,SERVO,1,1,14872,0,0.0,ADD 1,0,1,14905,0,0.0,ADD 2,0,1,14861,0,0.0,ADD 3,0,1,14878,0,0.0,ADD 4,0,1,14796,0,0.0,ADD 5,0,0,0,0,0.0,ADD 6,0,1,14446,0,0.0,ADD 7,0,0,0,0,0.0,EGT2CAN,0,1,14446,0,0.0
1778949423.4658704,0.0,14472,-52.0,0,-,0,0,0,0,0.0,-,0,0,0,0,0.0,ECU,1,1,14479,0,0.0,FAN1,0,0,0,0,0.0,COILS,8,1,0,0,0.0,PUMP,0,0,0,0,0.0,INJECTOR,8,1,87,0,0.0,SERVO,1,1,14429,0,0.0,ADD 1,0,1,14462,0,0.0,ADD 2,0,1,14533,0,0.0,ADD 3,0,1,14566,0,0.0,ADD 4,0,1,14550,0,0.0,ADD 5,0,0,0,0,0.0,ADD 6,0,1,14572,0,0.0,ADD 7,0,0,0,0,0.0,EGT2CAN,0,1,14593,0,0.0
1778949423.5191917,0.0,14441,-51.0,0,-,0,0,0,0,0.0,-,0,0,0,0,0.0,ECU,1,1,14424,0,0.0,FAN1,0,0,0,0,0.0,COILS,8,1,0,0,0.0,PUMP,0,0,0,0,0.0,INJECTOR,8,1,103,0,0.0,SERVO,1,1,14397,0,0.0,ADD 1,0,1,14490,0,0.0,ADD 2,0,1,14479,0,0.0,ADD 3,0,1,14462,0,0.0,ADD 4,0,1,14391,0,0.0,ADD 5,0,0,0,0,0.0,ADD 6,0,1,14490,0,0.0,ADD 7,0,0,0,0,0.0,EGT2CAN,0,1,14462,0,0.0
1778949423.5699685,0.0,14441,-51.0,0,-,0,0,0,0,0.0,-,0,0,0,0,0.0,ECU,1,1,14522,0,0.0,FAN1,0,0,0,0,0.0,COILS,8,1,0,0,0.0,PUMP,0,0,0,0,0.0,INJECTOR,8,1,114,0,0.0,SERVO,1,1,14435,0,0.0,ADD 1,0,1,14479,0,0.0,ADD 2,0,1,14490,0,0.0,ADD 3,0,1,14511,0,0.0,ADD 4,0,1,14435,0,0.0,ADD 5,0,0,0,0,0.0,ADD 6,0,1,14490,0,0.0,ADD 7,0,0,0,0,0.0,EGT2CAN,0,1,14462,0,0.0
1778949423.6315212,0.0,14794,-51.0,0,-,0,0,0,0,0.0,-,0,0,0,0,0.0,ECU,1,1,14462,0,0.0,FAN1,0,0,0,0,0.0,COILS,8,1,0,0,0.0,PUMP,0,0,0,0,0.0,INJECTOR,8,1,87,0,0.0,SERVO,1,1,14424,0,0.0,ADD 1,0,1,14779,0,0.0,ADD 2,0,1,14730,0,0.0,ADD 3,0,1,14703,0,0.0,ADD 4,0,1,14588,0,0.0,ADD 5,0,0,0,0,0.0,ADD 6,0,1,14730,0,0.0,ADD 7,0,0,0,0,0.0,EGT2CAN,0,1,14714,0,0.0
1778949423.7011998,0.0,14651,-51.0,0,-,0,0,0,0,0.0,-,0,0,0,0,0.0,ECU,1,1,14561,0,0.0,FAN1,0,0,0,0,0.0,COILS,8,1,0,0,0.0,PUMP,0,0,0,0,0.0,INJECTOR,8,1,87,0,0.0,SERVO,1,1,14692,0,0.0,ADD 1,0,1,14659,0,0.0,ADD 2,0,1,14670,0,0.0,ADD 3,0,1,14676,0,0.0,ADD 4,0,1,14632,0,0.0,ADD 5,0,0,0,0,0.0,ADD 6,0,1,14714,0,0.0,ADD 7,0,0,0,0,0.0,EGT2CAN,0,1,14648,0,0.0
1778949423.7517972,0.0,14496,-52.0,0,-,0,0,0,0,0.0,-,0,0,0,0,0.0,ECU,1,1,14462,0,0.0,FAN1,0,0,0,0,0.0,COILS,8,1,0,0,0.0,PUMP,0,0,0,0,0.0,INJECTOR,8,1,87,0,0.0,SERVO,1,1,14446,0,0.0,ADD 1,0,1,14446,0,0.0,ADD 2,0,1,14473,0,0.0,ADD 3,0,1,14424,0,0.0,ADD 4,0,1,14304,0,0.0,ADD 5,0,0,0,0,0.0,ADD 6,0,1,14500,0,0.0,ADD 7,0,0,0,0,0.0,EGT2CAN,0,1,14462,0,0.0
1778949423.8033202,0.0,14496,-52.0,0,-,0,0,0,0,0.0,-,0,0,0,0,0.0,ECU,1,1,14462,0,0.0,FAN1,0,0,0,0,0.0,COILS,8,1,0,0,0.0,PUMP,0,0,0,0,0.0,INJECTOR,8,1,87,0,0.0,SERVO,1,1,14517,0,0.0,ADD 1,0,1,14517,0,0.0,ADD 2,0,1,14555,0,0.0,ADD 3,0,1,14522,0,0.0,ADD 4,0,1,14451,0,0.0,ADD 5,0,0,0,0,0.0,ADD 6,0,1,14500,0,0.0,ADD 7,0,0,0,0,0.0,EGT2CAN,0,1,14462,0,0.0
1778949423.855459,0.0,14874,-51.0,0,-,0,0,0,0,0.0,-,0,0,0,0,0.0,ECU,1,1,14462,0,0.0,FAN1,0,0,0,0,0.0,COILS,8,1,0,0,0.0,PUMP,0,0,0,0,0.0,INJECTOR,8,1,87,0,0.0,SERVO,1,1,14517,0,0.0,ADD 1,0,1,14517,0,0.0,ADD 2,0,1,14555,0,0.0,ADD 3,0,1,14522,0,0.0,ADD 4,0,1,14451,0,0.0,ADD 5,0,0,0,0,0.0,ADD 6,0,1,14484,0,0.0,ADD 7,0,0,0,0,0.0,EGT2CAN,0,1,14462,0,0.0
1778949423.9058235,0.0,14472,-51.0,0,-,0,0,0,0,0.0,-,0,0,0,0,0.0,ECU,1,1,14446,0,0.0,FAN1,0,0,0,0,0.0,COILS,8,1,0,0,0.0,PUMP,0,0,0,0,0.0,INJECTOR,8,1,87,0,0.0,SERVO,1,1,14435,0,0.0,ADD 1,0,1,14462,0,0.0,ADD 2,0,1,14490,0,0.0,ADD 3,0,1,14424,0,0.0,ADD 4,0,1,14424,0,0.0,ADD 5,0,0,0,0,0.0,ADD 6,0,1,14479,0,0.0,ADD 7,0,0,0,0,0.0,EGT2CAN,0,1,14402,0,0.0
1778949423.9564152,0.0,14472,-51.0,0,-,0,0,0,0,0.0,-,0,0,0,0,0.0,ECU,1,1,14517,0,0.0,FAN1,0,0,0,0,0.0,COILS,8,1,0,0,0.0,PUMP,0,0,0,0,0.0,INJECTOR,8,1,87,0,0.0,SERVO,1,1,14435,0,0.0,ADD 1,0,1,14462,0,0.0,ADD 2,0,1,14490,0,0.0,ADD 3,0,1,14424,0,0.0,ADD 4,0,1,14424,0,0.0,ADD 5,0,0,0,0,0.0,ADD 6,0,1,14479,0,0.0,ADD 7,0,0,0,0,0.0,EGT2CAN,0,1,14402,0,0.0
1778949424.0074825,0.0,14472,-51.0,0,-,0,0,0,0,0.0,-,0,0,0,0,0.0,ECU,1,1,14517,0,0.0,FAN1,0,0,0,0,0.0,COILS,8,1,0,0,0.0,PUMP,0,0,0,0,0.0,INJECTOR,8,1,92,0,0.0,SERVO,1,1,14511,0,0.0,ADD 1,0,1,14522,0,0.0,ADD 2,0,1,14517,0,0.0,ADD 3,0,1,14462,0,0.0,ADD 4,0,1,14468,0,0.0,ADD 5,0,0,0,0,0.0,ADD 6,0,1,14544,0,0.0,ADD 7,0,0,0,0,0.0,EGT2CAN,0,1,14511,0,0.0
1778949424.0643246,0.0,14639,-51.0,0,-,0,0,0,0,0.0,-,0,0,0,0,0.0,ECU,1,1,14916,0,0.0,FAN1,0,0,0,0,0.0,COILS,8,1,0,0,0.0,PUMP,0,0,0,0,0.0,INJECTOR,8,1,131,0,0.0,SERVO,1,1,14845,0,0.0,ADD 1,0,1,14495,0,0.0,ADD 2,0,1,14555,0,0.0,ADD 3,0,1,14522,0,0.0,ADD 4,0,1,14506,0,0.0,ADD 5,0,0,0,0,0.0,ADD 6,0,1,14599,0,0.0,ADD 7,0,0,0,0,0.0,EGT2CAN,0,1,14621,0,0.0
1778949424.115778,0.0,14639,-51.0,0,-,0,0,0,0,0.0,-,0,0,0,0,0.0,ECU,1,1,14555,0,0.0,FAN1,0,0,0,0,0.0,COILS,8,1,0,0,0.0,PUMP,0,0,0,0,0.0,INJECTOR,8,1,92,0,0.0,SERVO,1,1,14593,0,0.0,ADD 1,0,1,14522,0,0.0,ADD 2,0,1,14479,0,0.0,ADD 3,0,1,14462,0,0.0,ADD 4,0,1,14413,0,0.0,ADD 5,0,0,0,0,0.0,ADD 6,0,1,14500,0,0.0,ADD 7,0,0,0,0,0.0,EGT2CAN,0,1,14446,0,0.0
1778949424.1664853,0.0,14503,-52.0,0,-,0,0,0,0,0.0,-,0,0,0,0,0.0,ECU,1,1,14457,0,0.0,FAN1,0,0,0,0,0.0,COILS,8,1,0,0,0.0,PUMP,0,0,0,0,0.0,INJECTOR,8,1,87,0,0.0,SERVO,1,1,14462,0,0.0,ADD 1,0,1,14462,0,0.0,ADD 2,0,1,14462,0,0.0,ADD 3,0,1,14473,0,0.0,ADD 4,0,1,14462,0,0.0,ADD 5,0,0,0,0,0.0,ADD 6,0,1,14528,0,0.0,ADD 7,0,0,0,0,0.0,EGT2CAN,0,1,14413,0,0.0
1778949424.219132,0.0,14886,-51.0,0,-,0,0,0,0,0.0,-,0,0,0,0,0.0,ECU,1,1,14375,0,0.0,FAN1,0,0,0,0,0.0,COILS,8,1,0,0,0.0,PUMP,0,0,0,0,0.0,INJECTOR,8,1,87,0,0.0,SERVO,1,1,14457,0,0.0,ADD 1,0,1,14375,0,0.0,ADD 2,0,1,14457,0,0.0,ADD 3,0,1,14468,0,0.0,ADD 4,0,1,14511,0,0.0,ADD 5,0,0,0,0,0.0,ADD 6,0,1,14495,0,0.0,ADD 7,0,0,0,0,0.0,EGT2CAN,0,1,14375,0,0.0
1778949424.2840223,0.0,14886,-51.0,0,-,0,0,0,0,0.0,-,0,0,0,0,0.0,ECU,1,1,14714,0,0.0,FAN1,0,0,0,0,0.0,COILS,8,1,0,0,0.0,PUMP,0,0,0,0,0.0,INJECTOR,8,1,103,0,0.0,SERVO,1,1,14736,0,0.0,ADD 1,0,1,14812,0,0.0,ADD 2,0,1,14840,0,0.0,ADD 3,0,1,14807,0,0.0,ADD 4,0,1,14807,0,0.0,ADD 5,0,0,0,0,0.0,ADD 6,0,1,14495,0,0.0,ADD 7,0,0,0,0,0.0,EGT2CAN,0,1,14375,0,0.0
1778949424.344852,0.0,14472,-52.0,0,-,0,0,0,0,0.0,-,0,0,0,0,0.0,ECU,1,1,14484,0,0.0,FAN1,0,0,0,0,0.0,COILS,8,1,0,0,0.0,PUMP,0,0,0,0,0.0,INJECTOR,8,1,87,0,0.0,SERVO,1,1,14468,0,0.0,ADD 1,0,1,14490,0,0.0,ADD 2,0,1,14495,0,0.0,ADD 3,0,1,14490,0,0.0,ADD 4,0,1,14457,0,0.0,ADD 5,0,0,0,0,0.0,ADD 6,0,1,14375,0,0.0,ADD 7,0,0,0,0,0.0,EGT2CAN,0,1,14375,0,0.0
1778949424.4138262,0.0,14496,-52.0,0,-,0,0,0,0,0.0,-,0,0,0,0,0.0,ECU,1,1,14446,0,0.0,FAN1,0,0,0,0,0.0,COILS,8,1,0,0,0.0,PUMP,0,0,0,0,0.0,INJECTOR,8,1,87,0,0.0,SERVO,1,1,14468,0,0.0,ADD 1,0,1,14490,0,0.0,ADD 2,0,1,14495,0,0.0,ADD 3,0,1,14490,0,0.0,ADD 4,0,1,14457,0,0.0,ADD 5,0,0,0,0,0.0,ADD 6,0,1,14375,0,0.0,ADD 7,0,0,0,0,0.0,EGT2CAN,0,1,14375,0,0.0
1778949424.4644234,0.0,14837,-52.0,0,-,0,0,0,0,0.0,-,0,0,0,0,0.0,ECU,1,1,14539,0,0.0,FAN1,0,0,0,0,0.0,COILS,8,1,0,0,0.0,PUMP,0,0,0,0,0.0,INJECTOR,8,1,92,0,0.0,SERVO,1,1,14490,0,0.0,ADD 1,0,1,14840,0,0.0,ADD 2,0,1,14829,0,0.0,ADD 3,0,1,14851,0,0.0,ADD 4,0,1,14823,0,0.0,ADD 5,0,0,0,0,0.0,ADD 6,0,1,14905,0,0.0,ADD 7,0,0,0,0,0.0,EGT2CAN,0,1,14872,0,0.0
1778949424.5157392,0.0,14472,-51.0,0,-,0,0,0,0,0.0,-,0,0,0,0,0.0,ECU,1,1,14834,0,0.0,FAN1,0,0,0,0,0.0,COILS,8,1,0,0,0.0,PUMP,0,0,0,0,0.0,INJECTOR,8,1,92,0,0.0,SERVO,1,1,14840,0,0.0,ADD 1,0,1,14506,0,0.0,ADD 2,0,1,14375,0,0.0,ADD 3,0,1,14468,0,0.0,ADD 4,0,1,14375,0,0.0,ADD 5,0,0,0,0,0.0,ADD 6,0,1,14375,0,0.0,ADD 7,0,0,0,0,0.0,EGT2CAN,0,1,14468,0,0.0
1778949424.5667546,0.0,14472,-51.0,0,-,0,0,0,0,0.0,-,0,0,0,0,0.0,ECU,1,1,14429,0,0.0,FAN1,0,0,0,0,0.0,COILS,8,1,0,0,0.0,PUMP,0,0,0,0,0.0,INJECTOR,8,1,92,0,0.0,SERVO,1,1,14840,0,0.0,ADD 1,0,1,14506,0,0.0,ADD 2,0,1,14375,0,0.0,ADD 3,0,1,14468,0,0.0,ADD 4,0,1,14375,0,0.0,ADD 5,0,0,0,0,0.0,ADD 6,0,1,14375,0,0.0,ADD 7,0,0,0,0,0.0,EGT2CAN,0,1,14468,0,0.0
1778949424.617412,0.0,14880,-52.0,0,-,0,0,0,0,0.0,-,0,0,0,0,0.0,ECU,1,1,14495,0,0.0,FAN1,0,0,0,0,0.0,COILS,8,1,0,0,0.0,PUMP,0,0,0,0,0.0,INJECTOR,8,1,87,0,0.0,SERVO,1,1,14424,0,0.0,ADD 1,0,1,14479,0,0.0,ADD 2,0,1,14490,0,0.0,ADD 3,0,1,14468,0,0.0,ADD 4,0,1,14440,0,0.0,ADD 5,0,0,0,0,0.0,ADD 6,0,1,14511,0,0.0,ADD 7,0,0,0,0,0.0,EGT2CAN,0,1,14446,0,0.0
1778949424.6682985,0.0,14676,-52.0,0,-,0,0,0,0,0.0,-,0,0,0,0,0.0,ECU,1,1,14577,0,0.0,FAN1,0,0,0,0,0.0,COILS,8,1,0,0,0.0,PUMP,0,0,0,0,0.0,INJECTOR,8,1,87,0,0.0,SERVO,1,1,14446,0,0.0,ADD 1,0,1,14550,0,0.0,ADD 2,0,1,14446,0,0.0,ADD 3,0,1,14479,0,0.0,ADD 4,0,1,14440,0,0.0,ADD 5,0,0,0,0,0.0,ADD 6,0,1,14566,0,0.0,ADD 7,0,0,0,0,0.0,EGT2CAN,0,1,14517,0,0.0
1778949424.718945,0.0,14676,-52.0,0,-,0,0,0,0,0.0,-,0,0,0,0,0.0,ECU,1,1,14741,0,0.0,FAN1,0,0,0,0,0.0,COILS,8,1,0,0,0.0,PUMP,0,0,0,0,0.0,INJECTOR,8,1,87,0,0.0,SERVO,1,1,14861,0,0.0,ADD 1,0,1,14550,0,0.0,ADD 2,0,1,14446,0,0.0,ADD 3,0,1,14479,0,0.0,ADD 4,0,1,14440,0,0.0,ADD 5,0,0,0,0,0.0,ADD 6,0,1,14566,0,0.0,ADD 7,0,0,0,0,0.0,EGT2CAN,0,1,14517,0,0.0
1778949424.7700083,0.0,14546,-52.0,0,-,0,0,0,0,0.0,-,0,0,0,0,0.0,ECU,1,1,14511,0,0.0,FAN1,0,0,0,0,0.0,COILS,8,1,0,0,0.0,PUMP,0,0,0,0,0.0,INJECTOR,8,1,87,0,0.0,SERVO,1,1,14375,0,0.0,ADD 1,0,1,14468,0,0.0,ADD 2,0,1,14511,0,0.0,ADD 3,0,1,14440,0,0.0,ADD 4,0,1,14429,0,0.0,ADD 5,0,0,0,0,0.0,ADD 6,0,1,14511,0,0.0,ADD 7,0,0,0,0,0.0,EGT2CAN,0,1,14484,0,0.0
1778949424.8388517,0.0,14546,-52.0,0,-,0,0,0,0,0.0,-,0,0,0,0,0.0,ECU,1,1,14490,0,0.0,FAN1,0,0,0,0,0.0,COILS,8,1,0,0,0.0,PUMP,0,0,0,0,0.0,INJECTOR,8,1,87,0,0.0,SERVO,1,1,14484,0,0.0,ADD 1,0,1,14468,0,0.0,ADD 2,0,1,14511,0,0.0,ADD 3,0,1,14440,0,0.0,ADD 4,0,1,14429,0,0.0,ADD 5,0,0,0,0,0.0,ADD 6,0,1,14511,0,0.0,ADD 7,0,0,0,0,0.0,EGT2CAN,0,1,14484,0,0.0
1778949424.8894563,0.0,14775,-51.0,0,-,0,0,0,0,0.0,-,0,0,0,0,0.0,ECU,1,1,14517,0,0.0,FAN1,0,0,0,0,0.0,COILS,8,1,0,0,0.0,PUMP,0,0,0,0,0.0,INJECTOR,8,1,87,0,0.0,SERVO,1,1,14484,0,0.0,ADD 1,0,1,14851,0,0.0,ADD 2,0,1,14829,0,0.0,ADD 3,0,1,14785,0,0.0,ADD 4,0,1,14779,0,0.0,ADD 5,0,0,0,0,0.0,ADD 6,0,1,14900,0,0.0,ADD 7,0,0,0,0,0.0,EGT2CAN,0,1,14867,0,0.0
1778949424.9401395,0.0,14775,-51.0,0,-,0,0,0,0,0.0,-,0,0,0,0,0.0,ECU,1,1,14517,0,0.0,FAN1,0,0,0,0,0.0,COILS,8,1,0,0,0.0,PUMP,0,0,0,0,0.0,INJECTOR,8,1,87,0,0.0,SERVO,1,1,14484,0,0.0,ADD 1,0,1,14851,0,0.0,ADD 2,0,1,14829,0,0.0,ADD 3,0,1,14785,0,0.0,ADD 4,0,1,14779,0,0.0,ADD 5,0,0,0,0,0.0,ADD 6,0,1,14900,0,0.0,ADD 7,0,0,0,0,0.0,EGT2CAN,0,1,14867,0,0.0
1778949424.9920037,0.0,14775,-51.0,0,-,0,0,0,0,0.0,-,0,0,0,0,0.0,ECU,1,1,14812,0,0.0,FAN1,0,0,0,0,0.0,COILS,8,1,0,0,0.0,PUMP,0,0,0,0,0.0,INJECTOR,8,1,87,0,0.0,SERVO,1,1,14883,0,0.0,ADD 1,0,1,14462,0,0.0,ADD 2,0,1,14468,0,0.0,ADD 3,0,1,14440,0,0.0,ADD 4,0,1,14440,0,0.0,ADD 5,0,0,0,0,0.0,ADD 6,0,1,14900,0,0.0,ADD 7,0,0,0,0,0.0,EGT2CAN,0,1,14867,0,0.0
1778949425.0511432,0.0,14608,-51.0,0,-,0,0,0,0,0.0,-,0,0,0,0,0.0,ECU,1,1,14490,0,0.0,FAN1,0,0,0,0,0.0,COILS,8,1,0,0,0.0,PUMP,0,0,0,0,0.0,INJECTOR,8,1,87,0,0.0,SERVO,1,1,14484,0,0.0,ADD 1,0,1,14451,0,0.0,ADD 2,0,1,14511,0,0.0,ADD 3,0,1,14484,0,0.0,ADD 4,0,1,14473,0,0.0,ADD 5,0,0,0,0,0.0,ADD 6,0,1,14462,0,0.0,ADD 7,0,0,0,0,0.0,EGT2CAN,0,1,14440,0,0.0
1778949425.1181874,0.0,14608,-51.0,0,-,0,0,0,0,0.0,-,0,0,0,0,0.0,ECU,1,1,14954,0,0.0,FAN1,0,0,0,0,0.0,COILS,8,1,0,0,0.0,PUMP,0,0,0,0,0.0,INJECTOR,8,1,87,0,0.0,SERVO,1,1,14484,0,0.0,ADD 1,0,1,14451,0,0.0,ADD 2,0,1,14511,0,0.0,ADD 3,0,1,14484,0,0.0,ADD 4,0,1,14473,0,0.0,ADD 5,0,0,0,0,0.0,ADD 6,0,1,14462,0,0.0,ADD 7,0,0,0,0,0.0,EGT2CAN,0,1,14440,0,0.0
1778949425.1721451,0.0,14435,-51.0,0,-,0,0,0,0,0.0,-,0,0,0,0,0.0,ECU,1,1,14468,0,0.0,FAN1,0,0,0,0,0.0,COILS,8,1,0,0,0.0,PUMP,0,0,0,0,0.0,INJECTOR,8,1,120,0,0.0,SERVO,1,1,14484,0,0.0,ADD 1,0,1,14577,0,0.0,ADD 2,0,1,14583,0,0.0,ADD 3,0,1,14583,0,0.0,ADD 4,0,1,14511,0,0.0,ADD 5,0,0,0,0,0.0,ADD 6,0,1,14621,0,0.0,ADD 7,0,0,0,0,0.0,EGT2CAN,0,1,14555,0,0.0
1778949425.2259083,0.0,14509,-52.0,0,-,0,0,0,0,0.0,-,0,0,0,0,0.0,ECU,1,1,14375,0,0.0,FAN1,0,0,0,0,0.0,COILS,8,1,0,0,0.0,PUMP,0,0,0,0,0.0,INJECTOR,8,1,103,0,0.0,SERVO,1,1,14375,0,0.0,ADD 1,0,1,14506,0,0.0,ADD 2,0,1,14375,0,0.0,ADD 3,0,1,14473,0,0.0,ADD 4,0,1,14375,0,0.0,ADD 5,0,0,0,0,0.0,ADD 6,0,1,14375,0,0.0,ADD 7,0,0,0,0,0.0,EGT2CAN,0,1,14457,0,0.0
1778949425.280808,0.0,14509,-52.0,0,-,0,0,0,0,0.0,-,0,0,0,0,0.0,ECU,1,1,14462,0,0.0,FAN1,0,0,0,0,0.0,COILS,8,1,0,0,0.0,PUMP,0,0,0,0,0.0,INJECTOR,8,1,87,0,0.0,SERVO,1,1,14490,0,0.0,ADD 1,0,1,14528,0,0.0,ADD 2,0,1,14511,0,0.0,ADD 3,0,1,14506,0,0.0,ADD 4,0,1,14446,0,0.0,ADD 5,0,0,0,0,0.0,ADD 6,0,1,14533,0,0.0,ADD 7,0,0,0,0,0.0,EGT2CAN,0,1,14517,0,0.0
1778949425.331465,0.0,14738,-52.0,0,-,0,0,0,0,0.0,-,0,0,0,0,0.0,ECU,1,1,14872,0,0.0,FAN1,0,0,0,0,0.0,COILS,8,1,0,0,0.0,PUMP,0,0,0,0,0.0,INJECTOR,8,1,92,0,0.0,SERVO,1,1,14851,0,0.0,ADD 1,0,1,14457,0,0.0,ADD 2,0,1,14500,0,0.0,ADD 3,0,1,14473,0,0.0,ADD 4,0,1,14462,0,0.0,ADD 5,0,0,0,0,0.0,ADD 6,0,1,14462,0,0.0,ADD 7,0,0,0,0,0.0,EGT2CAN,0,1,14424,0,0.0
1778949425.3824759,0.0,14521,-51.0,0,-,0,0,0,0,0.0,-,0,0,0,0,0.0,ECU,1,1,14872,0,0.0,FAN1,0,0,0,0,0.0,COILS,8,1,0,0,0.0,PUMP,0,0,0,0,0.0,INJECTOR,8,1,92,0,0.0,SERVO,1,1,14851,0,0.0,ADD 1,0,1,14457,0,0.0,ADD 2,0,1,14500,0,0.0,ADD 3,0,1,14473,0,0.0,ADD 4,0,1,14462,0,0.0,ADD 5,0,0,0,0,0.0,ADD 6,0,1,14462,0,0.0,ADD 7,0,0,0,0,0.0,EGT2CAN,0,1,14424,0,0.0
1778949425.4334798,0.0,14521,-51.0,0,-,0,0,0,0,0.0,-,0,0,0,0,0.0,ECU,1,1,14517,0,0.0,FAN1,0,0,0,0,0.0,COILS,8,1,0,0,0.0,PUMP,0,0,0,0,0.0,INJECTOR,8,1,92,0,0.0,SERVO,1,1,14539,0,0.0,ADD 1,0,1,14533,0,0.0,ADD 2,0,1,14533,0,0.0,ADD 3,0,1,14593,0,0.0,ADD 4,0,1,14522,0,0.0,ADD 5,0,0,0,0,0.0,ADD 6,0,1,14610,0,0.0,ADD 7,0,0,0,0,0.0,EGT2CAN,0,1,14632,0,0.0
1778949425.4950724,0.0,14596,-52.0,0,-,0,0,0,0,0.0,-,0,0,0,0,0.0,ECU,1,1,14916,0,0.0,FAN1,0,0,0,0,0.0,COILS,8,1,0,0,0.0,PUMP,0,0,0,0,0.0,INJECTOR,8,1,87,0,0.0,SERVO,1,1,14719,0,0.0,ADD 1,0,1,14779,0,0.0,ADD 2,0,1,14736,0,0.0,ADD 3,0,1,14583,0,0.0,ADD 4,0,1,14555,0,0.0,ADD 5,0,0,0,0,0.0,ADD 6,0,1,14555,0,0.0,ADD 7,0,0,0,0,0.0,EGT2CAN,0,1,14473,0,0.0
1778949425.5463095,0.0,14571,-52.0,0,-,0,0,0,0,0.0,-,0,0,0,0,0.0,ECU,1,1,14511,0,0.0,FAN1,0,0,0,0,0.0,COILS,8,1,0,0,0.0,PUMP,0,0,0,0,0.0,INJECTOR,8,1,82,0,0.0,SERVO,1,1,14555,0,0.0,ADD 1,0,1,14779,0,0.0,ADD 2,0,1,14736,0,0.0,ADD 3,0,1,14583,0,0.0,ADD 4,0,1,14555,0,0.0,ADD 5,0,0,0,0,0.0,ADD 6,0,1,14555,0,0.0,ADD 7,0,0,0,0,0.0,EGT2CAN,0,1,14473,0,0.0
1778949425.5971098,0.0,14534,-51.0,0,-,0,0,0,0,0.0,-,0,0,0,0,0.0,ECU,1,1,14490,0,0.0,FAN1,0,0,0,0,0.0,COILS,8,1,0,0,0.0,PUMP,0,0,0,0,0.0,INJECTOR,8,1,82,0,0.0,SERVO,1,1,14555,0,0.0,ADD 1,0,1,14528,0,0.0,ADD 2,0,1,14599,0,0.0,ADD 3,0,1,14555,0,0.0,ADD 4,0,1,14561,0,0.0,ADD 5,0,0,0,0,0.0,ADD 6,0,1,14621,0,0.0,ADD 7,0,0,0,0,0.0,EGT2CAN,0,1,14588,0,0.0
1778949425.6547139,0.0,14620,-52.0,0,-,0,0,0,0,0.0,-,0,0,0,0,0.0,ECU,1,1,14511,0,0.0,FAN1,0,0,0,0,0.0,COILS,8,1,0,0,0.0,PUMP,0,0,0,0,0.0,INJECTOR,8,1,65,0,0.0,SERVO,1,1,14468,0,0.0,ADD 1,0,1,14511,0,0.0,ADD 2,0,1,14566,0,0.0,ADD 3,0,1,14490,0,0.0,ADD 4,0,1,14490,0,0.0,ADD 5,0,0,0,0,0.0,ADD 6,0,1,14604,0,0.0,ADD 7,0,0,0,0,0.0,EGT2CAN,0,1,14500,0,0.0
1778949425.7196636,0.0,14620,-52.0,0,-,0,0,0,0,0.0,-,0,0,0,0,0.0,ECU,1,1,14484,0,0.0,FAN1,0,0,0,0,0.0,COILS,8,1,0,0,0.0,PUMP,0,0,0,0,0.0,INJECTOR,8,1,65,0,0.0,SERVO,1,1,14468,0,0.0,ADD 1,0,1,14511,0,0.0,ADD 2,0,1,14566,0,0.0,ADD 3,0,1,14490,0,0.0,ADD 4,0,1,14490,0,0.0,ADD 5,0,0,0,0,0.0,ADD 6,0,1,14604,0,0.0,ADD 7,0,0,0,0,0.0,EGT2CAN,0,1,14500,0,0.0
1778949425.7700243,0.0,14490,-51.0,0,-,0,0,0,0,0.0,-,0,0,0,0,0.0,ECU,1,1,14758,0,0.0,FAN1,0,0,0,0,0.0,COILS,8,1,0,0,0.0,PUMP,0,0,0,0,0.0,INJECTOR,8,1,87,0,0.0,SERVO,1,1,14851,0,0.0,ADD 1,0,1,14479,0,0.0,ADD 2,0,1,14479,0,0.0,ADD 3,0,1,14468,0,0.0,ADD 4,0,1,14375,0,0.0,ADD 5,0,0,0,0,0.0,ADD 6,0,1,14446,0,0.0,ADD 7,0,0,0,0,0.0,EGT2CAN,0,1,14446,0,0.0
1778949425.822747,0.0,14602,-51.0,0,-,0,0,0,0,0.0,-,0,0,0,0,0.0,ECU,1,1,14473,0,0.0,FAN1,0,0,0,0,0.0,COILS,8,1,0,0,0.0,PUMP,0,0,0,0,0.0,INJECTOR,8,1,65,0,0.0,SERVO,1,1,14500,0,0.0,ADD 1,0,1,14544,0,0.0,ADD 2,0,1,14511,0,0.0,ADD 3,0,1,14528,0,0.0,ADD 4,0,1,14451,0,0.0,ADD 5,0,0,0,0,0.0,ADD 6,0,1,14522,0,0.0,ADD 7,0,0,0,0,0.0,EGT2CAN,0,1,14451,0,0.0
1778949425.8730512,0.0,14602,-51.0,0,-,0,0,0,0,0.0,-,0,0,0,0,0.0,ECU,1,1,14539,0,0.0,FAN1,0,0,0,0,0.0,COILS,8,1,0,0,0.0,PUMP,0,0,0,0,0.0,INJECTOR,8,1,87,0,0.0,SERVO,1,1,14451,0,0.0,ADD 1,0,1,14506,0,0.0,ADD 2,0,1,14566,0,0.0,ADD 3,0,1,14495,0,0.0,ADD 4,0,1,14451,0,0.0,ADD 5,0,0,0,0,0.0,ADD 6,0,1,14522,0,0.0,ADD 7,0,0,0,0,0.0,EGT2CAN,0,1,14451,0,0.0
1778949425.9240303,0.0,14552,-51.0,0,-,0,0,0,0,0.0,-,0,0,0,0,0.0,ECU,1,1,14911,0,0.0,FAN1,0,0,0,0,0.0,COILS,8,1,0,0,0.0,PUMP,0,0,0,0,0.0,INJECTOR,8,1,98,0,0.0,SERVO,1,1,14916,0,0.0,ADD 1,0,1,14938,0,0.0,ADD 2,0,1,14971,0,0.0,ADD 3,0,1,14954,0,0.0,ADD 4,0,1,14905,0,0.0,ADD 5,0,0,0,0,0.0,ADD 6,0,1,14960,0,0.0,ADD 7,0,0,0,0,0.0,EGT2CAN,0,1,14900,0,0.0
1778949425.9906013,0.0,14552,-51.0,0,-,0,0,0,0,0.0,-,0,0,0,0,0.0,ECU,1,1,14522,0,0.0,FAN1,0,0,0,0,0.0,COILS,8,1,0,0,0.0,PUMP,0,0,0,0,0.0,INJECTOR,8,1,87,0,0.0,SERVO,1,1,14479,0,0.0,ADD 1,0,1,14517,0,0.0,ADD 2,0,1,14599,0,0.0,ADD 3,0,1,14544,0,0.0,ADD 4,0,1,14561,0,0.0,ADD 5,0,0,0,0,0.0,ADD 6,0,1,14632,0,0.0,ADD 7,0,0,0,0,0.0,EGT2CAN,0,1,14588,0,0.0
1778949426.041115,0.0,14614,-52.0,0,-,0,0,0,0,0.0,-,0,0,0,0,0.0,ECU,1,1,14440,0,0.0,FAN1,0,0,0,0,0.0,COILS,8,1,0,0,0.0,PUMP,0,0,0,0,0.0,INJECTOR,8,1,87,0,0.0,SERVO,1,1,14451,0,0.0,ADD 1,0,1,14522,0,0.0,ADD 2,0,1,14550,0,0.0,ADD 3,0,1,14572,0,0.0,ADD 4,0,1,14484,0,0.0,ADD 5,0,0,0,0,0.0,ADD 6,0,1,14555,0,0.0,ADD 7,0,0,0,0,0.0,EGT2CAN,0,1,14479,0,0.0
1778949426.0922053,0.0,14614,-52.0,0,-,0,0,0,0,0.0,-,0,0,0,0,0.0,ECU,1,1,14440,0,0.0,FAN1,0,0,0,0,0.0,COILS,8,1,0,0,0.0,PUMP,0,0,0,0,0.0,INJECTOR,8,1,87,0,0.0,SERVO,1,1,14451,0,0.0,ADD 1,0,1,14522,0,0.0,ADD 2,0,1,14550,0,0.0,ADD 3,0,1,14572,0,0.0,ADD 4,0,1,14484,0,0.0,ADD 5,0,0,0,0,0.0,ADD 6,0,1,14555,0,0.0,ADD 7,0,0,0,0,0.0,EGT2CAN,0,1,14479,0,0.0
1778949426.1432395,0.0,14614,-52.0,0,-,0,0,0,0,0.0,-,0,0,0,0,0.0,ECU,1,1,14517,0,0.0,FAN1,0,0,0,0,0.0,COILS,8,1,0,0,0.0,PUMP,0,0,0,0,0.0,INJECTOR,8,1,87,0,0.0,SERVO,1,1,14446,0,0.0,ADD 1,0,1,14779,0,0.0,ADD 2,0,1,14818,0,0.0,ADD 3,0,1,14736,0,0.0,ADD 4,0,1,14708,0,0.0,ADD 5,0,0,0,0,0.0,ADD 6,0,1,14676,0,0.0,ADD 7,0,0,0,0,0.0,EGT2CAN,0,1,14643,0,0.0
1778949426.2083507,0.0,14534,-52.0,0,-,0,0,0,0,0.0,-,0,0,0,0,0.0,ECU,1,1,14593,0,0.0,FAN1,0,0,0,0,0.0,COILS,8,1,0,0,0.0,PUMP,0,0,0,0,0.0,INJECTOR,8,1,87,0,0.0,SERVO,1,1,14621,0,0.0,ADD 1,0,1,14686,0,0.0,ADD 2,0,1,14769,0,0.0,ADD 3,0,1,14752,0,0.0,ADD 4,0,1,14725,0,0.0,ADD 5,0,0,0,0,0.0,ADD 6,0,1,14823,0,0.0,ADD 7,0,0,0,0,0.0,EGT2CAN,0,1,14719,0,0.0
1778949426.2640963,0.0,14534,-52.0,0,-,0,0,0,0,0.0,-,0,0,0,0,0.0,ECU,1,1,14528,0,0.0,FAN1,0,0,0,0,0.0,COILS,8,1,0,0,0.0,PUMP,0,0,0,0,0.0,INJECTOR,8,1,87,0,0.0,SERVO,1,1,14621,0,0.0,ADD 1,0,1,14686,0,0.0,ADD 2,0,1,14769,0,0.0,ADD 3,0,1,14752,0,0.0,ADD 4,0,1,14725,0,0.0,ADD 5,0,0,0,0,0.0,ADD 6,0,1,14823,0,0.0,ADD 7,0,0,0,0,0.0,EGT2CAN,0,1,14719,0,0.0
1778949426.3287425,0.0,14732,-52.0,0,-,0,0,0,0,0.0,-,0,0,0,0,0.0,ECU,1,1,14681,0,0.0,FAN1,0,0,0,0,0.0,COILS,8,1,0,0,0.0,PUMP,0,0,0,0,0.0,INJECTOR,8,1,87,0,0.0,SERVO,1,1,14375,0,0.0,ADD 1,0,1,14599,0,0.0,ADD 2,0,1,14604,0,0.0,ADD 3,0,1,14577,0,0.0,ADD 4,0,1,14479,0,0.0,ADD 5,0,0,0,0,0.0,ADD 6,0,1,14593,0,0.0,ADD 7,0,0,0,0,0.0,EGT2CAN,0,1,14555,0,0.0
1778949426.3797624,0.0,14726,-51.0,0,-,0,0,0,0,0.0,-,0,0,0,0,0.0,ECU,1,1,14681,0,0.0,FAN1,0,0,0,0,0.0,COILS,8,1,0,0,0.0,PUMP,0,0,0,0,0.0,INJECTOR,8,1,120,0,0.0,SERVO,1,1,14692,0,0.0,ADD 1,0,1,14769,0,0.0,ADD 2,0,1,14730,0,0.0,ADD 3,0,1,14730,0,0.0,ADD 4,0,1,14692,0,0.0,ADD 5,0,0,0,0,0.0,ADD 6,0,1,14796,0,0.0,ADD 7,0,0,0,0,0.0,EGT2CAN,0,1,14840,0,0.0
1778949426.4309843,0.0,14726,-51.0,0,-,0,0,0,0,0.0,-,0,0,0,0,0.0,ECU,1,1,14490,0,0.0,FAN1,0,0,0,0,0.0,COILS,8,1,0,0,0.0,PUMP,0,0,0,0,0.0,INJECTOR,8,1,103,0,0.0,SERVO,1,1,14418,0,0.0,ADD 1,0,1,14495,0,0.0,ADD 2,0,1,14506,0,0.0,ADD 3,0,1,14511,0,0.0,ADD 4,0,1,14490,0,0.0,ADD 5,0,0,0,0,0.0,ADD 6,0,1,14533,0,0.0,ADD 7,0,0,0,0,0.0,EGT2CAN,0,1,14473,0,0.0
1778949426.4838388,0.0,14571,-51.0,0,-,0,0,0,0,0.0,-,0,0,0,0,0.0,ECU,1,1,14457,0,0.0,FAN1,0,0,0,0,0.0,COILS,8,1,0,0,0.0,PUMP,0,0,0,0,0.0,INJECTOR,8,1,87,0,0.0,SERVO,1,1,14484,0,0.0,ADD 1,0,1,14517,0,0.0,ADD 2,0,1,14583,0,0.0,ADD 3,0,1,14511,0,0.0,ADD 4,0,1,14511,0,0.0,ADD 5,0,0,0,0,0.0,ADD 6,0,1,14561,0,0.0,ADD 7,0,0,0,0,0.0,EGT2CAN,0,1,14555,0,0.0
1778949426.5347543,0.0,14775,-51.0,0,-,0,0,0,0,0.0,-,0,0,0,0,0.0,ECU,1,1,14500,0,0.0,FAN1,0,0,0,0,0.0,COILS,8,1,0,0,0.0,PUMP,0,0,0,0,0.0,INJECTOR,8,1,65,0,0.0,SERVO,1,1,14500,0,0.0,ADD 1,0,1,14670,0,0.0,ADD 2,0,1,14670,0,0.0,ADD 3,0,1,14561,0,0.0,ADD 4,0,1,14555,0,0.0,ADD 5,0,0,0,0,0.0,ADD 6,0,1,14533,0,0.0,ADD 7,0,0,0,0,0.0,EGT2CAN,0,1,14484,0,0.0
1778949426.5977943,0.0,14775,-51.0,0,-,0,0,0,0,0.0,-,0,0,0,0,0.0,ECU,1,1,14878,0,0.0,FAN1,0,0,0,0,0.0,COILS,8,1,0,0,0.0,PUMP,0,0,0,0,0.0,INJECTOR,8,1,92,0,0.0,SERVO,1,1,14801,0,0.0,ADD 1,0,1,14517,0,0.0,ADD 2,0,1,14555,0,0.0,ADD 3,0,1,14533,0,0.0,ADD 4,0,1,14555,0,0.0,ADD 5,0,0,0,0,0.0,ADD 6,0,1,14533,0,0.0,ADD 7,0,0,0,0,0.0,EGT2CAN,0,1,14484,0,0.0
1778949426.6489952,0.0,14515,-51.0,0,-,0,0,0,0,0.0,-,0,0,0,0,0.0,ECU,1,1,14440,0,0.0,FAN1,0,0,0,0,0.0,COILS,8,1,0,0,0.0,PUMP,0,0,0,0,0.0,INJECTOR,8,1,87,0,0.0,SERVO,1,1,14495,0,0.0,ADD 1,0,1,14375,0,0.0,ADD 2,0,1,14500,0,0.0,ADD 3,0,1,14424,0,0.0,ADD 4,0,1,14462,0,0.0,ADD 5,0,0,0,0,0.0,ADD 6,0,1,14544,0,0.0,ADD 7,0,0,0,0,0.0,EGT2CAN,0,1,14495,0,0.0
1778949426.716688,0.0,14515,-51.0,0,-,0,0,0,0,0.0,-,0,0,0,0,0.0,ECU,1,1,14637,0,0.0,FAN1,0,0,0,0,0.0,COILS,8,1,0,0,0.0,PUMP,0,0,0,0,0.0,INJECTOR,8,1,87,0,0.0,SERVO,1,1,14533,0,0.0,ADD 1,0,1,14375,0,0.0,ADD 2,0,1,14500,0,0.0,ADD 3,0,1,14424,0,0.0,ADD 4,0,1,14462,0,0.0,ADD 5,0,0,0,0,0.0,ADD 6,0,1,14544,0,0.0,ADD 7,0,0,0,0,0.0,EGT2CAN,0,1,14495,0,0.0
1778949426.767802,0.0,14515,-52.0,0,-,0,0,0,0,0.0,-,0,0,0,0,0.0,ECU,1,1,14889,0,0.0,FAN1,0,0,0,0,0.0,COILS,8,1,0,0,0.0,PUMP,0,0,0,0,0.0,INJECTOR,8,1,109,0,0.0,SERVO,1,1,14807,0,0.0,ADD 1,0,1,14851,0,0.0,ADD 2,0,1,14851,0,0.0,ADD 3,0,1,14763,0,0.0,ADD 4,0,1,14758,0,0.0,ADD 5,0,0,0,0,0.0,ADD 6,0,1,14807,0,0.0,ADD 7,0,0,0,0,0.0,EGT2CAN,0,1,14714,0,0.0
1778949426.8211157,0.0,14750,-52.0,0,-,0,0,0,0,0.0,-,0,0,0,0,0.0,ECU,1,1,14506,0,0.0,FAN1,0,0,0,0,0.0,COILS,8,1,0,0,0.0,PUMP,0,0,0,0,0.0,INJECTOR,8,1,87,0,0.0,SERVO,1,1,14615,0,0.0,ADD 1,0,1,14621,0,0.0,ADD 2,0,1,14632,0,0.0,ADD 3,0,1,14643,0,0.0,ADD 4,0,1,14577,0,0.0,ADD 5,0,0,0,0,0.0,ADD 6,0,1,14719,0,0.0,ADD 7,0,0,0,0,0.0,EGT2CAN,0,1,14703,0,0.0
1778949426.8717716,0.0,14750,-52.0,0,-,0,0,0,0,0.0,-,0,0,0,0,0.0,ECU,1,1,14528,0,0.0,FAN1,0,0,0,0,0.0,COILS,8,1,0,0,0.0,PUMP,0,0,0,0,0.0,INJECTOR,8,1,87,0,0.0,SERVO,1,1,14615,0,0.0,ADD 1,0,1,14621,0,0.0,ADD 2,0,1,14632,0,0.0,ADD 3,0,1,14643,0,0.0,ADD 4,0,1,14577,0,0.0,ADD 5,0,0,0,0,0.0,ADD 6,0,1,14719,0,0.0,ADD 7,0,0,0,0,0.0,EGT2CAN,0,1,14703,0,0.0
1778949426.9227057,0.0,14534,-52.0,0,-,0,0,0,0,0.0,-,0,0,0,0,0.0,ECU,1,1,14528,0,0.0,FAN1,0,0,0,0,0.0,COILS,8,1,0,0,0.0,PUMP,0,0,0,0,0.0,INJECTOR,8,1,92,0,0.0,SERVO,1,1,14572,0,0.0,ADD 1,0,1,14528,0,0.0,ADD 2,0,1,14572,0,0.0,ADD 3,0,1,14533,0,0.0,ADD 4,0,1,14517,0,0.0,ADD 5,0,0,0,0,0.0,ADD 6,0,1,14533,0,0.0,ADD 7,0,0,0,0,0.0,EGT2CAN,0,1,14484,0,0.0
1778949426.9742234,0.0,14676,-52.0,0,-,0,0,0,0,0.0,-,0,0,0,0,0.0,ECU,1,1,14533,0,0.0,FAN1,0,0,0,0,0.0,COILS,8,1,0,0,0.0,PUMP,0,0,0,0,0.0,INJECTOR,8,1,87,0,0.0,SERVO,1,1,14479,0,0.0,ADD 1,0,1,14593,0,0.0,ADD 2,0,1,14572,0,0.0,ADD 3,0,1,14550,0,0.0,ADD 4,0,1,14517,0,0.0,ADD 5,0,0,0,0,0.0,ADD 6,0,1,14533,0,0.0,ADD 7,0,0,0,0,0.0,EGT2CAN,0,1,14517,0,0.0
1778949427.0258327,0.0,14676,-52.0,0,-,0,0,0,0,0.0,-,0,0,0,0,0.0,ECU,1,1,14544,0,0.0,FAN1,0,0,0,0,0.0,COILS,8,1,0,0,0.0,PUMP,0,0,0,0,0.0,INJECTOR,8,1,87,0,0.0,SERVO,1,1,14511,0,0.0,ADD 1,0,1,14829,0,0.0,ADD 2,0,1,14856,0,0.0,ADD 3,0,1,14872,0,0.0,ADD 4,0,1,14829,0,0.0,ADD 5,0,0,0,0,0.0,ADD 6,0,1,14872,0,0.0,ADD 7,0,0,0,0,0.0,EGT2CAN,0,1,14878,0,0.0
1778949427.0808065,0.0,14521,-53.0,0,-,0,0,0,0,0.0,-,0,0,0,0,0.0,ECU,1,1,14916,0,0.0,FAN1,0,0,0,0,0.0,COILS,8,1,0,0,0.0,PUMP,0,0,0,0,0.0,INJECTOR,8,1,92,0,0.0,SERVO,1,1,14900,0,0.0,ADD 1,0,1,14927,0,0.0,ADD 2,0,1,14965,0,0.0,ADD 3,0,1,14976,0,0.0,ADD 4,0,1,14933,0,0.0,ADD 5,0,0,0,0,0.0,ADD 6,0,1,14960,0,0.0,ADD 7,0,0,0,0,0.0,EGT2CAN,0,1,14938,0,0.0
1778949427.1365685,0.0,14608,-51.0,0,-,0,0,0,0,0.0,-,0,0,0,0,0.0,ECU,1,1,14533,0,0.0,FAN1,0,0,0,0,0.0,COILS,8,1,0,0,0.0,PUMP,0,0,0,0,0.0,INJECTOR,8,1,87,0,0.0,SERVO,1,1,14468,0,0.0,ADD 1,0,1,14555,0,0.0,ADD 2,0,1,14517,0,0.0,ADD 3,0,1,14500,0,0.0,ADD 4,0,1,14517,0,0.0,ADD 5,0,0,0,0,0.0,ADD 6,0,1,14610,0,0.0,ADD 7,0,0,0,0,0.0,EGT2CAN,0,1,14588,0,0.0
1778949427.199458,0.0,14924,-52.0,0,-,0,0,0,0,0.0,-,0,0,0,0,0.0,ECU,1,1,14933,0,0.0,FAN1,0,0,0,0,0.0,COILS,8,1,0,0,0.0,PUMP,0,0,0,0,0.0,INJECTOR,8,1,92,0,0.0,SERVO,1,1,14878,0,0.0,ADD 1,0,1,14944,0,0.0,ADD 2,0,1,15015,0,0.0,ADD 3,0,1,14944,0,0.0,ADD 4,0,1,14900,0,0.0,ADD 5,0,0,0,0,0.0,ADD 6,0,1,14982,0,0.0,ADD 7,0,0,0,0,0.0,EGT2CAN,0,1,14987,0,0.0
1778949427.2507868,0.0,14924,-52.0,0,-,0,0,0,0,0.0,-,0,0,0,0,0.0,ECU,1,1,14933,0,0.0,FAN1,0,0,0,0,0.0,COILS,8,1,0,0,0.0,PUMP,0,0,0,0,0.0,INJECTOR,8,1,92,0,0.0,SERVO,1,1,14878,0,0.0,ADD 1,0,1,14944,0,0.0,ADD 2,0,1,15015,0,0.0,ADD 3,0,1,14944,0,0.0,ADD 4,0,1,14900,0,0.0,ADD 5,0,0,0,0,0.0,ADD 6,0,1,14982,0,0.0,ADD 7,0,0,0,0,0.0,EGT2CAN,0,1,14987,0,0.0
1778949427.301819,0.0,14924,-52.0,0,-,0,0,0,0,0.0,-,0,0,0,0,0.0,ECU,1,1,14479,0,0.0,FAN1,0,0,0,0,0.0,COILS,8,1,0,0,0.0,PUMP,0,0,0,0,0.0,INJECTOR,8,1,87,0,0.0,SERVO,1,1,14462,0,0.0,ADD 1,0,1,14479,0,0.0,ADD 2,0,1,14583,0,0.0,ADD 3,0,1,14533,0,0.0,ADD 4,0,1,14511,0,0.0,ADD 5,0,0,0,0,0.0,ADD 6,0,1,14588,0,0.0,ADD 7,0,0,0,0,0.0,EGT2CAN,0,1,14577,0,0.0
1778949427.352473,0.0,14676,-51.0,0,-,0,0,0,0,0.0,-,0,0,0,0,0.0,ECU,1,1,14528,0,0.0,FAN1,0,0,0,0,0.0,COILS,8,1,0,0,0.0,PUMP,0,0,0,0,0.0,INJECTOR,8,1,87,0,0.0,SERVO,1,1,14490,0,0.0,ADD 1,0,1,14840,0,0.0,ADD 2,0,1,14851,0,0.0,ADD 3,0,1,14823,0,0.0,ADD 4,0,1,14785,0,0.0,ADD 5,0,0,0,0,0.0,ADD 6,0,1,14801,0,0.0,ADD 7,0,0,0,0,0.0,EGT2CAN,0,1,14692,0,0.0
1778949427.404949,0.0,14676,-51.0,0,-,0,0,0,0,0.0,-,0,0,0,0,0.0,ECU,1,1,14528,0,0.0,FAN1,0,0,0,0,0.0,COILS,8,1,0,0,0.0,PUMP,0,0,0,0,0.0,INJECTOR,8,1,87,0,0.0,SERVO,1,1,14490,0,0.0,ADD 1,0,1,14840,0,0.0,ADD 2,0,1,14851,0,0.0,ADD 3,0,1,14823,0,0.0,ADD 4,0,1,14785,0,0.0,ADD 5,0,0,0,0,0.0,ADD 6,0,1,14801,0,0.0,ADD 7,0,0,0,0,0.0,EGT2CAN,0,1,14692,0,0.0
1778949427.4563413,0.0,14676,-51.0,0,-,0,0,0,0,0.0,-,0,0,0,0,0.0,ECU,1,1,14533,0,0.0,FAN1,0,0,0,0,0.0,COILS,8,1,0,0,0.0,PUMP,0,0,0,0,0.0,INJECTOR,8,1,87,0,0.0,SERVO,1,1,14550,0,0.0,ADD 1,0,1,14637,0,0.0,ADD 2,0,1,14719,0,0.0,ADD 3,0,1,14708,0,0.0,ADD 4,0,1,14588,0,0.0,ADD 5,0,0,0,0,0.0,ADD 6,0,1,14779,0,0.0,ADD 7,0,0,0,0,0.0,EGT2CAN,0,1,14714,0,0.0
1778949427.5172427,0.0,14577,-52.0,0,-,0,0,0,0,0.0,-,0,0,0,0,0.0,ECU,1,1,14511,0,0.0,FAN1,0,0,0,0,0.0,COILS,8,1,0,0,0.0,PUMP,0,0,0,0,0.0,INJECTOR,8,1,87,0,0.0,SERVO,1,1,14533,0,0.0,ADD 1,0,1,14544,0,0.0,ADD 2,0,1,14572,0,0.0,ADD 3,0,1,14533,0,0.0,ADD 4,0,1,14572,0,0.0,ADD 5,0,0,0,0,0.0,ADD 6,0,1,14599,0,0.0,ADD 7,0,0,0,0,0.0,EGT2CAN,0,1,14572,0,0.0
1778949427.5836835,0.0,14577,-52.0,0,-,0,0,0,0,0.0,-,0,0,0,0,0.0,ECU,1,1,14572,0,0.0,FAN1,0,0,0,0,0.0,COILS,8,1,0,0,0.0,PUMP,0,0,0,0,0.0,INJECTOR,8,1,82,0,0.0,SERVO,1,1,14533,0,0.0,ADD 1,0,1,14544,0,0.0,ADD 2,0,1,14572,0,0.0,ADD 3,0,1,14533,0,0.0,ADD 4,0,1,14572,0,0.0,ADD 5,0,0,0,0,0.0,ADD 6,0,1,14599,0,0.0,ADD 7,0,0,0,0,0.0,EGT2CAN,0,1,14572,0,0.0
1778949427.6394382,0.0,14701,-52.0,0,-,0,0,0,0,0.0,-,0,0,0,0,0.0,ECU,1,1,14533,0,0.0,FAN1,0,0,0,0,0.0,COILS,8,1,0,0,0.0,PUMP,0,0,0,0,0.0,INJECTOR,8,1,87,0,0.0,SERVO,1,1,14604,0,0.0,ADD 1,0,1,14632,0,0.0,ADD 2,0,1,14637,0,0.0,ADD 3,0,1,14588,0,0.0,ADD 4,0,1,14626,0,0.0,ADD 5,0,0,0,0,0.0,ADD 6,0,1,14681,0,0.0,ADD 7,0,0,0,0,0.0,EGT2CAN,0,1,14676,0,0.0
1778949427.6906147,0.0,14701,-52.0,0,-,0,0,0,0,0.0,-,0,0,0,0,0.0,ECU,1,1,14533,0,0.0,FAN1,0,0,0,0,0.0,COILS,8,1,0,0,0.0,PUMP,0,0,0,0,0.0,INJECTOR,8,1,87,0,0.0,SERVO,1,1,14604,0,0.0,ADD 1,0,1,14632,0,0.0,ADD 2,0,1,14637,0,0.0,ADD 3,0,1,14588,0,0.0,ADD 4,0,1,14626,0,0.0,ADD 5,0,0,0,0,0.0,ADD 6,0,1,14681,0,0.0,ADD 7,0,0,0,0,0.0,EGT2CAN,0,1,14676,0,0.0
1778949427.7419724,0.0,14701,-52.0,0,-,0,0,0,0,0.0,-,0,0,0,0,0.0,ECU,1,1,14747,0,0.0,FAN1,0,0,0,0,0.0,COILS,8,1,0,0,0.0,PUMP,0,0,0,0,0.0,INJECTOR,8,1,65,0,0.0,SERVO,1,1,14818,0,0.0,ADD 1,0,1,14533,0,0.0,ADD 2,0,1,14555,0,0.0,ADD 3,0,1,14511,0,0.0,ADD 4,0,1,14495,0,0.0,ADD 5,0,0,0,0,0.0,ADD 6,0,1,14681,0,0.0,ADD 7,0,0,0,0,0.0,EGT2CAN,0,1,14676,0,0.0
1778949427.7923746,0.0,14806,-52.0,0,-,0,0,0,0,0.0,-,0,0,0,0,0.0,ECU,1,1,14577,0,0.0,FAN1,0,0,0,0,0.0,COILS,8,1,0,0,0.0,PUMP,0,0,0,0,0.0,INJECTOR,8,1,87,0,0.0,SERVO,1,1,14533,0,0.0,ADD 1,0,1,14730,0,0.0,ADD 2,0,1,14785,0,0.0,ADD 3,0,1,14807,0,0.0,ADD 4,0,1,14801,0,0.0,ADD 5,0,0,0,0,0.0,ADD 6,0,1,14834,0,0.0,ADD 7,0,0,0,0,0.0,EGT2CAN,0,1,14861,0,0.0
1778949427.8434267,0.0,14806,-52.0,0,-,0,0,0,0,0.0,-,0,0,0,0,0.0,ECU,1,1,14577,0,0.0,FAN1,0,0,0,0,0.0,COILS,8,1,0,0,0.0,PUMP,0,0,0,0,0.0,INJECTOR,8,1,87,0,0.0,SERVO,1,1,14533,0,0.0,ADD 1,0,1,14730,0,0.0,ADD 2,0,1,14785,0,0.0,ADD 3,0,1,14807,0,0.0,ADD 4,0,1,14801,0,0.0,ADD 5,0,0,0,0,0.0,ADD 6,0,1,14834,0,0.0,ADD 7,0,0,0,0,0.0,EGT2CAN,0,1,14861,0,0.0
1778949427.8944387,0.0,14806,-52.0,0,-,0,0,0,0,0.0,-,0,0,0,0,0.0,ECU,1,1,14752,0,0.0,FAN1,0,0,0,0,0.0,COILS,8,1,0,0,0.0,PUMP,0,0,0,0,0.0,INJECTOR,8,1,87,0,0.0,SERVO,1,1,14785,0,0.0,ADD 1,0,1,14856,0,0.0,ADD 2,0,1,14861,0,0.0,ADD 3,0,1,14883,0,0.0,ADD 4,0,1,14834,0,0.0,ADD 5,0,0,0,0,0.0,ADD 6,0,1,14965,0,0.0,ADD 7,0,0,0,0,0.0,EGT2CAN,0,1,14883,0,0.0
1778949427.9474502,0.0,14596,-51.0,0,-,0,0,0,0,0.0,-,0,0,0,0,0.0,ECU,1,1,14539,0,0.0,FAN1,0,0,0,0,0.0,COILS,8,1,0,0,0.0,PUMP,0,0,0,0,0.0,INJECTOR,8,1,76,0,0.0,SERVO,1,1,14484,0,0.0,ADD 1,0,1,14561,0,0.0,ADD 2,0,1,14528,0,0.0,ADD 3,0,1,14544,0,0.0,ADD 4,0,1,14462,0,0.0,ADD 5,0,0,0,0,0.0,ADD 6,0,1,14561,0,0.0,ADD 7,0,0,0,0,0.0,EGT2CAN,0,1,14539,0,0.0
1778949428.0177188,0.0,14750,-52.0,0,-,0,0,0,0,0.0,-,0,0,0,0,0.0,ECU,1,1,14954,0,0.0,FAN1,0,0,0,0,0.0,COILS,8,1,0,0,0.0,PUMP,0,0,0,0,0.0,INJECTOR,8,1,76,0,0.0,SERVO,1,1,14484,0,0.0,ADD 1,0,1,14561,0,0.0,ADD 2,0,1,14528,0,0.0,ADD 3,0,1,14544,0,0.0,ADD 4,0,1,14462,0,0.0,ADD 5,0,0,0,0,0.0,ADD 6,0,1,14561,0,0.0,ADD 7,0,0,0,0,0.0,EGT2CAN,0,1,14539,0,0.0
1778949428.068552,0.0,14633,-51.0,0,-,0,0,0,0,0.0,-,0,0,0,0,0.0,ECU,1,1,14599,0,0.0,FAN1,0,0,0,0,0.0,COILS,8,1,0,0,0.0,PUMP,0,0,0,0,0.0,INJECTOR,8,1,87,0,0.0,SERVO,1,1,14686,0,0.0,ADD 1,0,1,14697,0,0.0,ADD 2,0,1,14758,0,0.0,ADD 3,0,1,14676,0,0.0,ADD 4,0,1,14615,0,0.0,ADD 5,0,0,0,0,0.0,ADD 6,0,1,14736,0,0.0,ADD 7,0,0,0,0,0.0,EGT2CAN,0,1,14736,0,0.0
1778949428.1200793,0.0,14552,-51.0,0,-,0,0,0,0,0.0,-,0,0,0,0,0.0,ECU,1,1,14676,0,0.0,FAN1,0,0,0,0,0.0,COILS,8,1,0,0,0.0,PUMP,0,0,0,0,0.0,INJECTOR,8,1,87,0,0.0,SERVO,1,1,14779,0,0.0,ADD 1,0,1,14533,0,0.0,ADD 2,0,1,14533,0,0.0,ADD 3,0,1,14506,0,0.0,ADD 4,0,1,14511,0,0.0,ADD 5,0,0,0,0,0.0,ADD 6,0,1,14577,0,0.0,ADD 7,0,0,0,0,0.0,EGT2CAN,0,1,14375,0,0.0
1778949428.1716373,0.0,14552,-51.0,0,-,0,0,0,0,0.0,-,0,0,0,0,0.0,ECU,1,1,14577,0,0.0,FAN1,0,0,0,0,0.0,COILS,8,1,0,0,0.0,PUMP,0,0,0,0,0.0,INJECTOR,8,1,87,0,0.0,SERVO,1,1,14555,0,0.0,ADD 1,0,1,14533,0,0.0,ADD 2,0,1,14533,0,0.0,ADD 3,0,1,14506,0,0.0,ADD 4,0,1,14511,0,0.0,ADD 5,0,0,0,0,0.0,ADD 6,0,1,14577,0,0.0,ADD 7,0,0,0,0,0.0,EGT2CAN,0,1,14375,0,0.0
1778949428.231142,0.0,14676,-52.0,0,-,0,0,0,0,0.0,-,0,0,0,0,0.0,ECU,1,1,14801,0,0.0,FAN1,0,0,0,0,0.0,COILS,8,1,0,0,0.0,PUMP,0,0,0,0,0.0,INJECTOR,8,1,120,0,0.0,SERVO,1,1,14670,0,0.0,ADD 1,0,1,14637,0,0.0,ADD 2,0,1,14637,0,0.0,ADD 3,0,1,14583,0,0.0,ADD 4,0,1,14451,0,0.0,ADD 5,0,0,0,0,0.0,ADD 6,0,1,14533,0,0.0,ADD 7,0,0,0,0,0.0,EGT2CAN,0,1,14517,0,0.0
1778949428.2942047,0.0,14546,-52.0,0,-,0,0,0,0,0.0,-,0,0,0,0,0.0,ECU,1,1,14692,0,0.0,FAN1,0,0,0,0,0.0,COILS,8,1,0,0,0.0,PUMP,0,0,0,0,0.0,INJECTOR,8,1,103,0,0.0,SERVO,1,1,14758,0,0.0,ADD 1,0,1,14840,0,0.0,ADD 2,0,1,14861,0,0.0,ADD 3,0,1,14861,0,0.0,ADD 4,0,1,14785,0,0.0,ADD 5,0,0,0,0,0.0,ADD 6,0,1,14878,0,0.0,ADD 7,0,0,0,0,0.0,EGT2CAN,0,1,14834,0,0.0
1778949428.3504627,0.0,14787,-54.0,0,-,0,0,0,0,0.0,-,0,0,0,0,0.0,ECU,1,1,14375,0,0.0,FAN1,0,0,0,0,0.0,COILS,8,1,0,0,0.0,PUMP,0,0,0,0,0.0,INJECTOR,8,1,87,0,0.0,SERVO,1,1,14375,0,0.0,ADD 1,0,1,14566,0,0.0,ADD 2,0,1,14375,0,0.0,ADD 3,0,1,14566,0,0.0,ADD 4,0,1,14375,0,0.0,ADD 5,0,0,0,0,0.0,ADD 6,0,1,14375,0,0.0,ADD 7,0,0,0,0,0.0,EGT2CAN,0,1,14506,0,0.0
1778949428.4039388,0.0,14787,-54.0,0,-,0,0,0,0,0.0,-,0,0,0,0,0.0,ECU,1,1,14375,0,0.0,FAN1,0,0,0,0,0.0,COILS,8,1,0,0,0.0,PUMP,0,0,0,0,0.0,INJECTOR,8,1,87,0,0.0,SERVO,1,1,14375,0,0.0,ADD 1,0,1,14566,0,0.0,ADD 2,0,1,14375,0,0.0,ADD 3,0,1,14566,0,0.0,ADD 4,0,1,14375,0,0.0,ADD 5,0,0,0,0,0.0,ADD 6,0,1,14375,0,0.0,ADD 7,0,0,0,0,0.0,EGT2CAN,0,1,14506,0,0.0
1778949428.4544706,0.0,14787,-54.0,0,-,0,0,0,0,0.0,-,0,0,0,0,0.0,ECU,1,1,14949,0,0.0,FAN1,0,0,0,0,0.0,COILS,8,1,0,0,0.0,PUMP,0,0,0,0,0.0,INJECTOR,8,1,92,0,0.0,SERVO,1,1,14916,0,0.0,ADD 1,0,1,14916,0,0.0,ADD 2,0,1,14894,0,0.0,ADD 3,0,1,14889,0,0.0,ADD 4,0,1,14829,0,0.0,ADD 5,0,0,0,0,0.0,ADD 6,0,1,14861,0,0.0,ADD 7,0,0,0,0,0.0,EGT2CAN,0,1,14861,0,0.0
1778949428.5114992,0.0,14546,-51.0,0,-,0,0,0,0,0.0,-,0,0,0,0,0.0,ECU,1,1,14965,0,0.0,FAN1,0,0,0,0,0.0,COILS,8,1,0,0,0.0,PUMP,0,0,0,0,0.0,INJECTOR,8,1,98,0,0.0,SERVO,1,1,14927,0,0.0,ADD 1,0,1,14550,0,0.0,ADD 2,0,1,14517,0,0.0,ADD 3,0,1,14446,0,0.0,ADD 4,0,1,14440,0,0.0,ADD 5,0,0,0,0,0.0,ADD 6,0,1,14566,0,0.0,ADD 7,0,0,0,0,0.0,EGT2CAN,0,1,14533,0,0.0
1778949428.562245,0.0,14546,-51.0,0,-,0,0,0,0,0.0,-,0,0,0,0,0.0,ECU,1,1,14517,0,0.0,FAN1,0,0,0,0,0.0,COILS,8,1,0,0,0.0,PUMP,0,0,0,0,0.0,INJECTOR,8,1,87,0,0.0,SERVO,1,1,14522,0,0.0,ADD 1,0,1,14550,0,0.0,ADD 2,0,1,14517,0,0.0,ADD 3,0,1,14446,0,0.0,ADD 4,0,1,14440,0,0.0,ADD 5,0,0,0,0,0.0,ADD 6,0,1,14566,0,0.0,ADD 7,0,0,0,0,0.0,EGT2CAN,0,1,14533,0,0.0
1778949428.6127148,0.0,14546,-51.0,0,-,0,0,0,0,0.0,-,0,0,0,0,0.0,ECU,1,1,14517,0,0.0,FAN1,0,0,0,0,0.0,COILS,8,1,0,0,0.0,PUMP,0,0,0,0,0.0,INJECTOR,8,1,87,0,0.0,SERVO,1,1,14522,0,0.0,ADD 1,0,1,14621,0,0.0,ADD 2,0,1,14599,0,0.0,ADD 3,0,1,14599,0,0.0,ADD 4,0,1,14517,0,0.0,ADD 5,0,0,0,0,0.0,ADD 6,0,1,14599,0,0.0,ADD 7,0,0,0,0,0.0,EGT2CAN,0,1,14599,0,0.0
1778949428.6851206,0.0,14521,-51.0,0,-,0,0,0,0,0.0,-,0,0,0,0,0.0,ECU,1,1,14922,0,0.0,FAN1,0,0,0,0,0.0,COILS,8,1,0,0,0.0,PUMP,0,0,0,0,0.0,INJECTOR,8,1,98,0,0.0,SERVO,1,1,14905,0,0.0,ADD 1,0,1,14965,0,0.0,ADD 2,0,1,14954,0,0.0,ADD 3,0,1,14949,0,0.0,ADD 4,0,1,14900,0,0.0,ADD 5,0,0,0,0,0.0,ADD 6,0,1,14987,0,0.0,ADD 7,0,0,0,0,0.0,EGT2CAN,0,1,14916,0,0.0
1778949428.7375767,0.0,14521,-51.0,0,-,0,0,0,0,0.0,-,0,0,0,0,0.0,ECU,1,1,14610,0,0.0,FAN1,0,0,0,0,0.0,COILS,8,1,0,0,0.0,PUMP,0,0,0,0,0.0,INJECTOR,8,1,87,0,0.0,SERVO,1,1,14703,0,0.0,ADD 1,0,1,14752,0,0.0,ADD 2,0,1,14758,0,0.0,ADD 3,0,1,14758,0,0.0,ADD 4,0,1,14692,0,0.0,ADD 5,0,0,0,0,0.0,ADD 6,0,1,14987,0,0.0,ADD 7,0,0,0,0,0.0,EGT2CAN,0,1,14916,0,0.0
1778949428.7886562,0.0,14682,-51.0,0,-,0,0,0,0,0.0,-,0,0,0,0,0.0,ECU,1,1,14758,0,0.0,FAN1,0,0,0,0,0.0,COILS,8,1,0,0,0.0,PUMP,0,0,0,0,0.0,INJECTOR,8,1,87,0,0.0,SERVO,1,1,14621,0,0.0,ADD 1,0,1,14604,0,0.0,ADD 2,0,1,14599,0,0.0,ADD 3,0,1,14550,0,0.0,ADD 4,0,1,14566,0,0.0,ADD 5,0,0,0,0,0.0,ADD 6,0,1,14648,0,0.0,ADD 7,0,0,0,0,0.0,EGT2CAN,0,1,14599,0,0.0
1778949428.8399212,0.0,14682,-51.0,0,-,0,0,0,0,0.0,-,0,0,0,0,0.0,ECU,1,1,14758,0,0.0,FAN1,0,0,0,0,0.0,COILS,8,1,0,0,0.0,PUMP,0,0,0,0,0.0,INJECTOR,8,1,87,0,0.0,SERVO,1,1,14621,0,0.0,ADD 1,0,1,14604,0,0.0,ADD 2,0,1,14599,0,0.0,ADD 3,0,1,14550,0,0.0,ADD 4,0,1,14566,0,0.0,ADD 5,0,0,0,0,0.0,ADD 6,0,1,14648,0,0.0,ADD 7,0,0,0,0,0.0,EGT2CAN,0,1,14599,0,0.0
1778949428.8926113,0.0,14682,-51.0,0,-,0,0,0,0,0.0,-,0,0,0,0,0.0,ECU,1,1,14747,0,0.0,FAN1,0,0,0,0,0.0,COILS,8,1,0,0,0.0,PUMP,0,0,0,0,0.0,INJECTOR,8,1,87,0,0.0,SERVO,1,1,14840,0,0.0,ADD 1,0,1,14861,0,0.0,ADD 2,0,1,14905,0,0.0,ADD 3,0,1,14872,0,0.0,ADD 4,0,1,14823,0,0.0,ADD 5,0,0,0,0,0.0,ADD 6,0,1,14856,0,0.0,ADD 7,0,0,0,0,0.0,EGT2CAN,0,1,14829,0,0.0
1778949428.9461236,0.0,14596,-52.0,0,-,0,0,0,0,0.0,-,0,0,0,0,0.0,ECU,1,1,14599,0,0.0,FAN1,0,0,0,0,0.0,COILS,8,1,0,0,0.0,PUMP,0,0,0,0,0.0,INJECTOR,8,1,87,0,0.0,SERVO,1,1,14654,0,0.0,ADD 1,0,1,14533,0,0.0,ADD 2,0,1,14599,0,0.0,ADD 3,0,1,14577,0,0.0,ADD 4,0,1,14539,0,0.0,ADD 5,0,0,0,0,0.0,ADD 6,0,1,14572,0,0.0,ADD 7,0,0,0,0,0.0,EGT2CAN,0,1,14572,0,0.0
1778949429.0053837,0.0,14589,-52.0,0,-,0,0,0,0,0.0,-,0,0,0,0,0.0,ECU,1,1,14511,0,0.0,FAN1,0,0,0,0,0.0,COILS,8,1,0,0,0.0,PUMP,0,0,0,0,0.0,INJECTOR,8,1,87,0,0.0,SERVO,1,1,14654,0,0.0,ADD 1,0,1,14533,0,0.0,ADD 2,0,1,14599,0,0.0,ADD 3,0,1,14577,0,0.0,ADD 4,0,1,14539,0,0.0,ADD 5,0,0,0,0,0.0,ADD 6,0,1,14572,0,0.0,ADD 7,0,0,0,0,0.0,EGT2CAN,0,1,14572,0,0.0
1778949429.0563903,0.0,14868,-51.0,0,-,0,0,0,0,0.0,-,0,0,0,0,0.0,ECU,1,1,14670,0,0.0,FAN1,0,0,0,0,0.0,COILS,8,1,0,0,0.0,PUMP,0,0,0,0,0.0,INJECTOR,8,1,98,0,0.0,SERVO,1,1,14500,0,0.0,ADD 1,0,1,14588,0,0.0,ADD 2,0,1,14599,0,0.0,ADD 3,0,1,14572,0,0.0,ADD 4,0,1,14528,0,0.0,ADD 5,0,0,0,0,0.0,ADD 6,0,1,14632,0,0.0,ADD 7,0,0,0,0,0.0,EGT2CAN,0,1,14555,0,0.0
1778949429.117579,0.0,14527,-52.0,0,-,0,0,0,0,0.0,-,0,0,0,0,0.0,ECU,1,1,14758,0,0.0,FAN1,0,0,0,0,0.0,COILS,8,1,0,0,0.0,PUMP,0,0,0,0,0.0,INJECTOR,8,1,87,0,0.0,SERVO,1,1,14818,0,0.0,ADD 1,0,1,14894,0,0.0,ADD 2,0,1,14872,0,0.0,ADD 3,0,1,14856,0,0.0,ADD 4,0,1,14889,0,0.0,ADD 5,0,0,0,0,0.0,ADD 6,0,1,14911,0,0.0,ADD 7,0,0,0,0,0.0,EGT2CAN,0,1,14900,0,0.0
1778949429.1678214,0.0,14527,-52.0,0,-,0,0,0,0,0.0,-,0,0,0,0,0.0,ECU,1,1,14758,0,0.0,FAN1,0,0,0,0,0.0,COILS,8,1,0,0,0.0,PUMP,0,0,0,0,0.0,INJECTOR,8,1,87,0,0.0,SERVO,1,1,14818,0,0.0,ADD 1,0,1,14894,0,0.0,ADD 2,0,1,14872,0,0.0,ADD 3,0,1,14856,0,0.0,ADD 4,0,1,14889,0,0.0,ADD 5,0,0,0,0,0.0,ADD 6,0,1,14911,0,0.0,ADD 7,0,0,0,0,0.0,EGT2CAN,0,1,14900,0,0.0
1778949429.2273371,0.0,14781,-51.0,0,-,0,0,0,0,0.0,-,0,0,0,0,0.0,ECU,1,1,14916,0,0.0,FAN1,0,0,0,0,0.0,COILS,8,1,0,0,0.0,PUMP,0,0,0,0,0.0,INJECTOR,8,1,103,0,0.0,SERVO,1,1,14719,0,0.0,ADD 1,0,1,14708,0,0.0,ADD 2,0,1,14670,0,0.0,ADD 3,0,1,14599,0,0.0,ADD 4,0,1,14555,0,0.0,ADD 5,0,0,0,0,0.0,ADD 6,0,1,14599,0,0.0,ADD 7,0,0,0,0,0.0,EGT2CAN,0,1,14604,0,0.0
1778949429.278289,0.0,14812,-52.0,0,-,0,0,0,0,0.0,-,0,0,0,0,0.0,ECU,1,1,14615,0,0.0,FAN1,0,0,0,0,0.0,COILS,8,1,0,0,0.0,PUMP,0,0,0,0,0.0,INJECTOR,8,1,87,0,0.0,SERVO,1,1,14730,0,0.0,ADD 1,0,1,14774,0,0.0,ADD 2,0,1,14807,0,0.0,ADD 3,0,1,14785,0,0.0,ADD 4,0,1,14741,0,0.0,ADD 5,0,0,0,0,0.0,ADD 6,0,1,14790,0,0.0,ADD 7,0,0,0,0,0.0,EGT2CAN,0,1,14796,0,0.0
1778949429.3288288,0.0,14633,-52.0,0,-,0,0,0,0,0.0,-,0,0,0,0,0.0,ECU,1,1,14998,0,0.0,FAN1,0,0,0,0,0.0,COILS,8,1,0,0,0.0,PUMP,0,0,0,0,0.0,INJECTOR,8,1,98,0,0.0,SERVO,1,1,14933,0,0.0,ADD 1,0,1,14539,0,0.0,ADD 2,0,1,14550,0,0.0,ADD 3,0,1,14577,0,0.0,ADD 4,0,1,14544,0,0.0,ADD 5,0,0,0,0,0.0,ADD 6,0,1,14632,0,0.0,ADD 7,0,0,0,0,0.0,EGT2CAN,0,1,14621,0,0.0
1778949429.3948207,0.0,14515,-52.0,0,-,0,0,0,0,0.0,-,0,0,0,0,0.0,ECU,1,1,14670,0,0.0,FAN1,0,0,0,0,0.0,COILS,8,1,0,0,0.0,PUMP,0,0,0,0,0.0,INJECTOR,8,1,103,0,0.0,SERVO,1,1,14752,0,0.0,ADD 1,0,1,14539,0,0.0,ADD 2,0,1,14517,0,0.0,ADD 3,0,1,14572,0,0.0,ADD 4,0,1,14550,0,0.0,ADD 5,0,0,0,0,0.0,ADD 6,0,1,14517,0,0.0,ADD 7,0,0,0,0,0.0,EGT2CAN,0,1,14572,0,0.0
1778949429.4460526,0.0,14515,-52.0,0,-,0,0,0,0,0.0,-,0,0,0,0,0.0,ECU,1,1,14555,0,0.0,FAN1,0,0,0,0,0.0,COILS,8,1,0,0,0.0,PUMP,0,0,0,0,0.0,INJECTOR,8,1,87,0,0.0,SERVO,1,1,14528,0,0.0,ADD 1,0,1,14561,0,0.0,ADD 2,0,1,14621,0,0.0,ADD 3,0,1,14588,0,0.0,ADD 4,0,1,14555,0,0.0,ADD 5,0,0,0,0,0.0,ADD 6,0,1,14604,0,0.0,ADD 7,0,0,0,0,0.0,EGT2CAN,0,1,14572,0,0.0
1778949429.496809,0.0,14639,-51.0,0,-,0,0,0,0,0.0,-,0,0,0,0,0.0,ECU,1,1,14851,0,0.0,FAN1,0,0,0,0,0.0,COILS,8,1,0,0,0.0,PUMP,0,0,0,0,0.0,INJECTOR,8,1,98,0,0.0,SERVO,1,1,14807,0,0.0,ADD 1,0,1,14834,0,0.0,ADD 2,0,1,14812,0,0.0,ADD 3,0,1,14752,0,0.0,ADD 4,0,1,14725,0,0.0,ADD 5,0,0,0,0,0.0,ADD 6,0,1,14697,0,0.0,ADD 7,0,0,0,0,0.0,EGT2CAN,0,1,14632,0,0.0
1778949429.5490317,0.0,14639,-51.0,0,-,0,0,0,0,0.0,-,0,0,0,0,0.0,ECU,1,1,14851,0,0.0,FAN1,0,0,0,0,0.0,COILS,8,1,0,0,0.0,PUMP,0,0,0,0,0.0,INJECTOR,8,1,98,0,0.0,SERVO,1,1,14807,0,0.0,ADD 1,0,1,14834,0,0.0,ADD 2,0,1,14812,0,0.0,ADD 3,0,1,14752,0,0.0,ADD 4,0,1,14725,0,0.0,ADD 5,0,0,0,0,0.0,ADD 6,0,1,14697,0,0.0,ADD 7,0,0,0,0,0.0,EGT2CAN,0,1,14632,0,0.0
1778949429.6001225,0.0,14639,-51.0,0,-,0,0,0,0,0.0,-,0,0,0,0,0.0,ECU,1,1,14577,0,0.0,FAN1,0,0,0,0,0.0,COILS,8,1,0,0,0.0,PUMP,0,0,0,0,0.0,INJECTOR,8,1,98,0,0.0,SERVO,1,1,14583,0,0.0,ADD 1,0,1,14692,0,0.0,ADD 2,0,1,14659,0,0.0,ADD 3,0,1,14692,0,0.0,ADD 4,0,1,14632,0,0.0,ADD 5,0,0,0,0,0.0,ADD 6,0,1,14785,0,0.0,ADD 7,0,0,0,0,0.0,EGT2CAN,0,1,14785,0,0.0
1778949429.650394,0.0,14614,-54.0,0,-,0,0,0,0,0.0,-,0,0,0,0,0.0,ECU,1,1,14615,0,0.0,FAN1,0,0,0,0,0.0,COILS,8,1,0,0,0.0,PUMP,0,0,0,0,0.0,INJECTOR,8,1,92,0,0.0,SERVO,1,1,14511,0,0.0,ADD 1,0,1,14572,0,0.0,ADD 2,0,1,14566,0,0.0,ADD 3,0,1,14588,0,0.0,ADD 4,0,1,14511,0,0.0,ADD 5,0,0,0,0,0.0,ADD 6,0,1,14615,0,0.0,ADD 7,0,0,0,0,0.0,EGT2CAN,0,1,14528,0,0.0
1778949429.7035763,0.0,14614,-54.0,0,-,0,0,0,0,0.0,-,0,0,0,0,0.0,ECU,1,1,14615,0,0.0,FAN1,0,0,0,0,0.0,COILS,8,1,0,0,0.0,PUMP,0,0,0,0,0.0,INJECTOR,8,1,92,0,0.0,SERVO,1,1,14511,0,0.0,ADD 1,0,1,14572,0,0.0,ADD 2,0,1,14566,0,0.0,ADD 3,0,1,14588,0,0.0,ADD 4,0,1,14511,0,0.0,ADD 5,0,0,0,0,0.0,ADD 6,0,1,14615,0,0.0,ADD 7,0,0,0,0,0.0,EGT2CAN,0,1,14528,0,0.0
1778949429.7541232,0.0,14614,-54.0,0,-,0,0,0,0,0.0,-,0,0,0,0,0.0,ECU,1,1,14785,0,0.0,FAN1,0,0,0,0,0.0,COILS,8,1,0,0,0.0,PUMP,0,0,0,0,0.0,INJECTOR,8,1,87,0,0.0,SERVO,1,1,14812,0,0.0,ADD 1,0,1,14834,0,0.0,ADD 2,0,1,14927,0,0.0,ADD 3,0,1,14933,0,0.0,ADD 4,0,1,14867,0,0.0,ADD 5,0,0,0,0,0.0,ADD 6,0,1,14944,0,0.0,ADD 7,0,0,0,0,0.0,EGT2CAN,0,1,14944,0,0.0
1778949429.811465,0.0,14546,-51.0,0,-,0,0,0,0,0.0,-,0,0,0,0,0.0,ECU,1,1,14790,0,0.0,FAN1,0,0,0,0,0.0,COILS,8,1,0,0,0.0,PUMP,0,0,0,0,0.0,INJECTOR,8,1,92,0,0.0,SERVO,1,1,14818,0,0.0,ADD 1,0,1,14588,0,0.0,ADD 2,0,1,14566,0,0.0,ADD 3,0,1,14495,0,0.0,ADD 4,0,1,14495,0,0.0,ADD 5,0,0,0,0,0.0,ADD 6,0,1,14375,0,0.0,ADD 7,0,0,0,0,0.0,EGT2CAN,0,1,14375,0,0.0
1778949429.8631608,0.0,14546,-51.0,0,-,0,0,0,0,0.0,-,0,0,0,0,0.0,ECU,1,1,14790,0,0.0,FAN1,0,0,0,0,0.0,COILS,8,1,0,0,0.0,PUMP,0,0,0,0,0.0,INJECTOR,8,1,92,0,0.0,SERVO,1,1,14818,0,0.0,ADD 1,0,1,14588,0,0.0,ADD 2,0,1,14566,0,0.0,ADD 3,0,1,14495,0,0.0,ADD 4,0,1,14495,0,0.0,ADD 5,0,0,0,0,0.0,ADD 6,0,1,14375,0,0.0,ADD 7,0,0,0,0,0.0,EGT2CAN,0,1,14375,0,0.0
1778949429.9147766,0.0,14546,-51.0,0,-,0,0,0,0,0.0,-,0,0,0,0,0.0,ECU,1,1,14555,0,0.0,FAN1,0,0,0,0,0.0,COILS,8,1,0,0,0.0,PUMP,0,0,0,0,0.0,INJECTOR,8,1,82,0,0.0,SERVO,1,1,14544,0,0.0,ADD 1,0,1,14610,0,0.0,ADD 2,0,1,14610,0,0.0,ADD 3,0,1,14599,0,0.0,ADD 4,0,1,14511,0,0.0,ADD 5,0,0,0,0,0.0,ADD 6,0,1,14599,0,0.0,ADD 7,0,0,0,0,0.0,EGT2CAN,0,1,14577,0,0.0
1778949429.965737,0.0,14713,-51.0,0,-,0,0,0,0,0.0,-,0,0,0,0,0.0,ECU,1,1,14922,0,0.0,FAN1,0,0,0,0,0.0,COILS,8,1,0,0,0.0,PUMP,0,0,0,0,0.0,INJECTOR,8,1,92,0,0.0,SERVO,1,1,14851,0,0.0,ADD 1,0,1,14840,0,0.0,ADD 2,0,1,14861,0,0.0,ADD 3,0,1,14823,0,0.0,ADD 4,0,1,14736,0,0.0,ADD 5,0,0,0,0,0.0,ADD 6,0,1,14758,0,0.0,ADD 7,0,0,0,0,0.0,EGT2CAN,0,1,14725,0,0.0
1778949430.0171177,0.0,14713,-51.0,0,-,0,0,0,0,0.0,-,0,0,0,0,0.0,ECU,1,1,14872,0,0.0,FAN1,0,0,0,0,0.0,COILS,8,1,0,0,0.0,PUMP,0,0,0,0,0.0,INJECTOR,8,1,92,0,0.0,SERVO,1,1,14911,0,0.0,ADD 1,0,1,14922,0,0.0,ADD 2,0,1,14889,0,0.0,ADD 3,0,1,14878,0,0.0,ADD 4,0,1,14894,0,0.0,ADD 5,0,0,0,0,0.0,ADD 6,0,1,14872,0,0.0,ADD 7,0,0,0,0,0.0,EGT2CAN,0,1,14823,0,0.0
1778949430.0677292,0.0,14577,-51.0,0,-,0,0,0,0,0.0,-,0,0,0,0,0.0,ECU,1,1,14872,0,0.0,FAN1,0,0,0,0,0.0,COILS,8,1,0,0,0.0,PUMP,0,0,0,0,0.0,INJECTOR,8,1,92,0,0.0,SERVO,1,1,14911,0,0.0,ADD 1,0,1,14922,0,0.0,ADD 2,0,1,14889,0,0.0,ADD 3,0,1,14878,0,0.0,ADD 4,0,1,14894,0,0.0,ADD 5,0,0,0,0,0.0,ADD 6,0,1,14872,0,0.0,ADD 7,0,0,0,0,0.0,EGT2CAN,0,1,14823,0,0.0
1778949430.1193762,0.0,14571,-52.0,0,-,0,0,0,0,0.0,-,0,0,0,0,0.0,ECU,1,1,14621,0,0.0,FAN1,0,0,0,0,0.0,COILS,8,1,0,0,0.0,PUMP,0,0,0,0,0.0,INJECTOR,8,1,109,0,0.0,SERVO,1,1,14572,0,0.0,ADD 1,0,1,14604,0,0.0,ADD 2,0,1,14632,0,0.0,ADD 3,0,1,14599,0,0.0,ADD 4,0,1,14490,0,0.0,ADD 5,0,0,0,0,0.0,ADD 6,0,1,14621,0,0.0,ADD 7,0,0,0,0,0.0,EGT2CAN,0,1,14583,0,0.0
1778949430.1857018,0.0,14571,-52.0,0,-,0,0,0,0,0.0,-,0,0,0,0,0.0,ECU,1,1,14916,0,0.0,FAN1,0,0,0,0,0.0,COILS,8,1,0,0,0.0,PUMP,0,0,0,0,0.0,INJECTOR,8,1,109,0,0.0,SERVO,1,1,14572,0,0.0,ADD 1,0,1,14604,0,0.0,ADD 2,0,1,14632,0,0.0,ADD 3,0,1,14599,0,0.0,ADD 4,0,1,14490,0,0.0,ADD 5,0,0,0,0,0.0,ADD 6,0,1,14621,0,0.0,ADD 7,0,0,0,0,0.0,EGT2CAN,0,1,14583,0,0.0
1778949430.236772,0.0,14750,-51.0,0,-,0,0,0,0,0.0,-,0,0,0,0,0.0,ECU,1,1,14801,0,0.0,FAN1,0,0,0,0,0.0,COILS,8,1,0,0,0.0,PUMP,0,0,0,0,0.0,INJECTOR,8,1,87,0,0.0,SERVO,1,1,14851,0,0.0,ADD 1,0,1,14561,0,0.0,ADD 2,0,1,14610,0,0.0,ADD 3,0,1,14544,0,0.0,ADD 4,0,1,14544,0,0.0,ADD 5,0,0,0,0,0.0,ADD 6,0,1,14588,0,0.0,ADD 7,0,0,0,0,0.0,EGT2CAN,0,1,14572,0,0.0
1778949430.2878282,0.0,14614,-52.0,0,-,0,0,0,0,0.0,-,0,0,0,0,0.0,ECU,1,1,14801,0,0.0,FAN1,0,0,0,0,0.0,COILS,8,1,0,0,0.0,PUMP,0,0,0,0,0.0,INJECTOR,8,1,87,0,0.0,SERVO,1,1,14851,0,0.0,ADD 1,0,1,14561,0,0.0,ADD 2,0,1,14610,0,0.0,ADD 3,0,1,14544,0,0.0,ADD 4,0,1,14544,0,0.0,ADD 5,0,0,0,0,0.0,ADD 6,0,1,14588,0,0.0,ADD 7,0,0,0,0,0.0,EGT2CAN,0,1,14572,0,0.0
1778949430.338494,0.0,14614,-52.0,0,-,0,0,0,0,0.0,-,0,0,0,0,0.0,ECU,1,1,14544,0,0.0,FAN1,0,0,0,0,0.0,COILS,8,1,0,0,0.0,PUMP,0,0,0,0,0.0,INJECTOR,8,1,92,0,0.0,SERVO,1,1,14479,0,0.0,ADD 1,0,1,14544,0,0.0,ADD 2,0,1,14533,0,0.0,ADD 3,0,1,14566,0,0.0,ADD 4,0,1,14511,0,0.0,ADD 5,0,0,0,0,0.0,ADD 6,0,1,14566,0,0.0,ADD 7,0,0,0,0,0.0,EGT2CAN,0,1,14572,0,0.0
1778949430.3986685,0.0,14967,-51.0,0,-,0,0,0,0,0.0,-,0,0,0,0,0.0,ECU,1,1,14872,0,0.0,FAN1,0,0,0,0,0.0,COILS,8,1,0,0,0.0,PUMP,0,0,0,0,0.0,INJECTOR,8,1,98,0,0.0,SERVO,1,1,14867,0,0.0,ADD 1,0,1,14872,0,0.0,ADD 2,0,1,14730,0,0.0,ADD 3,0,1,14769,0,0.0,ADD 4,0,1,14725,0,0.0,ADD 5,0,0,0,0,0.0,ADD 6,0,1,14665,0,0.0,ADD 7,0,0,0,0,0.0,EGT2CAN,0,1,14588,0,0.0
1778949430.4493852,0.0,14657,-52.0,0,-,0,0,0,0,0.0,-,0,0,0,0,0.0,ECU,1,1,14561,0,0.0,FAN1,0,0,0,0,0.0,COILS,8,1,0,0,0.0,PUMP,0,0,0,0,0.0,INJECTOR,8,1,98,0,0.0,SERVO,1,1,14867,0,0.0,ADD 1,0,1,14872,0,0.0,ADD 2,0,1,14730,0,0.0,ADD 3,0,1,14769,0,0.0,ADD 4,0,1,14725,0,0.0,ADD 5,0,0,0,0,0.0,ADD 6,0,1,14665,0,0.0,ADD 7,0,0,0,0,0.0,EGT2CAN,0,1,14588,0,0.0
1778949430.499798,0.0,14657,-52.0,0,-,0,0,0,0,0.0,-,0,0,0,0,0.0,ECU,1,1,14561,0,0.0,FAN1,0,0,0,0,0.0,COILS,8,1,0,0,0.0,PUMP,0,0,0,0,0.0,INJECTOR,8,1,87,0,0.0,SERVO,1,1,14544,0,0.0,ADD 1,0,1,14577,0,0.0,ADD 2,0,1,14621,0,0.0,ADD 3,0,1,14555,0,0.0,ADD 4,0,1,14484,0,0.0,ADD 5,0,0,0,0,0.0,ADD 6,0,1,14654,0,0.0,ADD 7,0,0,0,0,0.0,EGT2CAN,0,1,14615,0,0.0
1778949430.552548,0.0,14750,-51.0,0,-,0,0,0,0,0.0,-,0,0,0,0,0.0,ECU,1,1,14872,0,0.0,FAN1,0,0,0,0,0.0,COILS,8,1,0,0,0.0,PUMP,0,0,0,0,0.0,INJECTOR,8,1,103,0,0.0,SERVO,1,1,14670,0,0.0,ADD 1,0,1,14681,0,0.0,ADD 2,0,1,14681,0,0.0,ADD 3,0,1,14654,0,0.0,ADD 4,0,1,14577,0,0.0,ADD 5,0,0,0,0,0.0,ADD 6,0,1,14615,0,0.0,ADD 7,0,0,0,0,0.0,EGT2CAN,0,1,14566,0,0.0
1778949430.610198,0.0,14750,-51.0,0,-,0,0,0,0,0.0,-,0,0,0,0,0.0,ECU,1,1,14763,0,0.0,FAN1,0,0,0,0,0.0,COILS,8,1,0,0,0.0,PUMP,0,0,0,0,0.0,INJECTOR,8,1,87,0,0.0,SERVO,1,1,14555,0,0.0,ADD 1,0,1,14681,0,0.0,ADD 2,0,1,14681,0,0.0,ADD 3,0,1,14654,0,0.0,ADD 4,0,1,14577,0,0.0,ADD 5,0,0,0,0,0.0,ADD 6,0,1,14615,0,0.0,ADD 7,0,0,0,0,0.0,EGT2CAN,0,1,14566,0,0.0
1778949430.6613286,0.0,14602,-52.0,0,-,0,0,0,0,0.0,-,0,0,0,0,0.0,ECU,1,1,14922,0,0.0,FAN1,0,0,0,0,0.0,COILS,8,1,0,0,0.0,PUMP,0,0,0,0,0.0,INJECTOR,8,1,92,0,0.0,SERVO,1,1,14823,0,0.0,ADD 1,0,1,14555,0,0.0,ADD 2,0,1,14572,0,0.0,ADD 3,0,1,14555,0,0.0,ADD 4,0,1,14522,0,0.0,ADD 5,0,0,0,0,0.0,ADD 6,0,1,14511,0,0.0,ADD 7,0,0,0,0,0.0,EGT2CAN,0,1,14506,0,0.0
1778949430.7122157,0.0,14596,-52.0,0,-,0,0,0,0,0.0,-,0,0,0,0,0.0,ECU,1,1,14539,0,0.0,FAN1,0,0,0,0,0.0,COILS,8,1,0,0,0.0,PUMP,0,0,0,0,0.0,INJECTOR,8,1,87,0,0.0,SERVO,1,1,14555,0,0.0,ADD 1,0,1,14495,0,0.0,ADD 2,0,1,14517,0,0.0,ADD 3,0,1,14533,0,0.0,ADD 4,0,1,14555,0,0.0,ADD 5,0,0,0,0,0.0,ADD 6,0,1,14615,0,0.0,ADD 7,0,0,0,0,0.0,EGT2CAN,0,1,14577,0,0.0
1778949430.7767262,0.0,14596,-52.0,0,-,0,0,0,0,0.0,-,0,0,0,0,0.0,ECU,1,1,14533,0,0.0,FAN1,0,0,0,0,0.0,COILS,8,1,0,0,0.0,PUMP,0,0,0,0,0.0,INJECTOR,8,1,92,0,0.0,SERVO,1,1,14511,0,0.0,ADD 1,0,1,14495,0,0.0,ADD 2,0,1,14517,0,0.0,ADD 3,0,1,14533,0,0.0,ADD 4,0,1,14555,0,0.0,ADD 5,0,0,0,0,0.0,ADD 6,0,1,14615,0,0.0,ADD 7,0,0,0,0,0.0,EGT2CAN,0,1,14577,0,0.0
1778949430.8367531,0.0,14812,-51.0,0,-,0,0,0,0,0.0,-,0,0,0,0,0.0,ECU,1,1,14621,0,0.0,FAN1,0,0,0,0,0.0,COILS,8,1,0,0,0.0,PUMP,0,0,0,0,0.0,INJECTOR,8,1,82,0,0.0,SERVO,1,1,14533,0,0.0,ADD 1,0,1,14604,0,0.0,ADD 2,0,1,14648,0,0.0,ADD 3,0,1,14604,0,0.0,ADD 4,0,1,14561,0,0.0,ADD 5,0,0,0,0,0.0,ADD 6,0,1,14539,0,0.0,ADD 7,0,0,0,0,0.0,EGT2CAN,0,1,14555,0,0.0
1778949430.90768,0.0,14571,-51.0,0,-,0,0,0,0,0.0,-,0,0,0,0,0.0,ECU,1,1,14916,0,0.0,FAN1,0,0,0,0,0.0,COILS,8,1,0,0,0.0,PUMP,0,0,0,0,0.0,INJECTOR,8,1,92,0,0.0,SERVO,1,1,14954,0,0.0,ADD 1,0,1,15009,0,0.0,ADD 2,0,1,15009,0,0.0,ADD 3,0,1,15009,0,0.0,ADD 4,0,1,14949,0,0.0,ADD 5,0,0,0,0,0.0,ADD 6,0,1,14987,0,0.0,ADD 7,0,0,0,0,0.0,EGT2CAN,0,1,14982,0,0.0
1778949430.9585836,0.0,14583,-51.0,0,-,0,0,0,0,0.0,-,0,0,0,0,0.0,ECU,1,1,14583,0,0.0,FAN1,0,0,0,0,0.0,COILS,8,1,0,0,0.0,PUMP,0,0,0,0,0.0,INJECTOR,8,1,103,0,0.0,SERVO,1,1,14511,0,0.0,ADD 1,0,1,14375,0,0.0,ADD 2,0,1,14588,0,0.0,ADD 3,0,1,14588,0,0.0,ADD 4,0,1,14539,0,0.0,ADD 5,0,0,0,0,0.0,ADD 6,0,1,14544,0,0.0,ADD 7,0,0,0,0,0.0,EGT2CAN,0,1,14544,0,0.0
1778949431.0116057,0.0,14633,-51.0,0,-,0,0,0,0,0.0,-,0,0,0,0,0.0,ECU,1,1,14883,0,0.0,FAN1,0,0,0,0,0.0,COILS,8,1,0,0,0.0,PUMP,0,0,0,0,0.0,INJECTOR,8,1,103,0,0.0,SERVO,1,1,14665,0,0.0,ADD 1,0,1,14681,0,0.0,ADD 2,0,1,14676,0,0.0,ADD 3,0,1,14637,0,0.0,ADD 4,0,1,14588,0,0.0,ADD 5,0,0,0,0,0.0,ADD 6,0,1,14626,0,0.0,ADD 7,0,0,0,0,0.0,EGT2CAN,0,1,14577,0,0.0
1778949431.0627115,0.0,14633,-51.0,0,-,0,0,0,0,0.0,-,0,0,0,0,0.0,ECU,1,1,14883,0,0.0,FAN1,0,0,0,0,0.0,COILS,8,1,0,0,0.0,PUMP,0,0,0,0,0.0,INJECTOR,8,1,103,0,0.0,SERVO,1,1,14665,0,0.0,ADD 1,0,1,14681,0,0.0,ADD 2,0,1,14676,0,0.0,ADD 3,0,1,14637,0,0.0,ADD 4,0,1,14588,0,0.0,ADD 5,0,0,0,0,0.0,ADD 6,0,1,14626,0,0.0,ADD 7,0,0,0,0,0.0,EGT2CAN,0,1,14577,0,0.0
1778949431.1136065,0.0,14695,-51.0,0,-,0,0,0,0,0.0,-,0,0,0,0,0.0,ECU,1,1,14993,0,0.0,FAN1,0,0,0,0,0.0,COILS,8,1,0,0,0.0,PUMP,0,0,0,0,0.0,INJECTOR,8,1,82,0,0.0,SERVO,1,1,14905,0,0.0,ADD 1,0,1,14593,0,0.0,ADD 2,0,1,14626,0,0.0,ADD 3,0,1,14599,0,0.0,ADD 4,0,1,14550,0,0.0,ADD 5,0,0,0,0,0.0,ADD 6,0,1,14648,0,0.0,ADD 7,0,0,0,0,0.0,EGT2CAN,0,1,14621,0,0.0
1778949431.1647146,0.0,14695,-51.0,0,-,0,0,0,0,0.0,-,0,0,0,0,0.0,ECU,1,1,14517,0,0.0,FAN1,0,0,0,0,0.0,COILS,8,1,0,0,0.0,PUMP,0,0,0,0,0.0,INJECTOR,8,1,82,0,0.0,SERVO,1,1,14670,0,0.0,ADD 1,0,1,14572,0,0.0,ADD 2,0,1,14561,0,0.0,ADD 3,0,1,14533,0,0.0,ADD 4,0,1,14511,0,0.0,ADD 5,0,0,0,0,0.0,ADD 6,0,1,14621,0,0.0,ADD 7,0,0,0,0,0.0,EGT2CAN,0,1,14555,0,0.0
1778949431.215645,0.0,14577,-52.0,0,-,0,0,0,0,0.0,-,0,0,0,0,0.0,ECU,1,1,14577,0,0.0,FAN1,0,0,0,0,0.0,COILS,8,1,0,0,0.0,PUMP,0,0,0,0,0.0,INJECTOR,8,1,82,0,0.0,SERVO,1,1,14670,0,0.0,ADD 1,0,1,14572,0,0.0,ADD 2,0,1,14561,0,0.0,ADD 3,0,1,14533,0,0.0,ADD 4,0,1,14511,0,0.0,ADD 5,0,0,0,0,0.0,ADD 6,0,1,14621,0,0.0,ADD 7,0,0,0,0,0.0,EGT2CAN,0,1,14555,0,0.0
1778949431.282187,0.0,14868,-52.0,0,-,0,0,0,0,0.0,-,0,0,0,0,0.0,ECU,1,1,14829,0,0.0,FAN1,0,0,0,0,0.0,COILS,8,1,0,0,0.0,PUMP,0,0,0,0,0.0,INJECTOR,8,1,92,0,0.0,SERVO,1,1,14604,0,0.0,ADD 1,0,1,14621,0,0.0,ADD 2,0,1,14517,0,0.0,ADD 3,0,1,14566,0,0.0,ADD 4,0,1,14517,0,0.0,ADD 5,0,0,0,0,0.0,ADD 6,0,1,14517,0,0.0,ADD 7,0,0,0,0,0.0,EGT2CAN,0,1,14517,0,0.0
1778949431.3332644,0.0,14868,-52.0,0,-,0,0,0,0,0.0,-,0,0,0,0,0.0,ECU,1,1,14637,0,0.0,FAN1,0,0,0,0,0.0,COILS,8,1,0,0,0.0,PUMP,0,0,0,0,0.0,INJECTOR,8,1,87,0,0.0,SERVO,1,1,14758,0,0.0,ADD 1,0,1,14790,0,0.0,ADD 2,0,1,14829,0,0.0,ADD 3,0,1,14779,0,0.0,ADD 4,0,1,14785,0,0.0,ADD 5,0,0,0,0,0.0,ADD 6,0,1,14916,0,0.0,ADD 7,0,0,0,0,0.0,EGT2CAN,0,1,14872,0,0.0
1778949431.38662,0.0,14620,-51.0,0,-,0,0,0,0,0.0,-,0,0,0,0,0.0,ECU,1,1,14637,0,0.0,FAN1,0,0,0,0,0.0,COILS,8,1,0,0,0.0,PUMP,0,0,0,0,0.0,INJECTOR,8,1,87,0,0.0,SERVO,1,1,14758,0,0.0,ADD 1,0,1,14790,0,0.0,ADD 2,0,1,14829,0,0.0,ADD 3,0,1,14779,0,0.0,ADD 4,0,1,14785,0,0.0,ADD 5,0,0,0,0,0.0,ADD 6,0,1,14916,0,0.0,ADD 7,0,0,0,0,0.0,EGT2CAN,0,1,14872,0,0.0
1778949431.4372802,0.0,14775,-52.0,0,-,0,0,0,0,0.0,-,0,0,0,0,0.0,ECU,1,1,14550,0,0.0,FAN1,0,0,0,0,0.0,COILS,8,1,0,0,0.0,PUMP,0,0,0,0,0.0,INJECTOR,8,1,87,0,0.0,SERVO,1,1,14511,0,0.0,ADD 1,0,1,14949,0,0.0,ADD 2,0,1,14954,0,0.0,ADD 3,0,1,14954,0,0.0,ADD 4,0,1,14889,0,0.0,ADD 5,0,0,0,0,0.0,ADD 6,0,1,14954,0,0.0,ADD 7,0,0,0,0,0.0,EGT2CAN,0,1,14922,0,0.0
1778949431.4883318,0.0,14911,-52.0,0,-,0,0,0,0,0.0,-,0,0,0,0,0.0,ECU,1,1,14550,0,0.0,FAN1,0,0,0,0,0.0,COILS,8,1,0,0,0.0,PUMP,0,0,0,0,0.0,INJECTOR,8,1,87,0,0.0,SERVO,1,1,14511,0,0.0,ADD 1,0,1,14949,0,0.0,ADD 2,0,1,14954,0,0.0,ADD 3,0,1,14954,0,0.0,ADD 4,0,1,14889,0,0.0,ADD 5,0,0,0,0,0.0,ADD 6,0,1,14954,0,0.0,ADD 7,0,0,0,0,0.0,EGT2CAN,0,1,14922,0,0.0
1778949431.5395467,0.0,14911,-52.0,0,-,0,0,0,0,0.0,-,0,0,0,0,0.0,ECU,1,1,14976,0,0.0,FAN1,0,0,0,0,0.0,COILS,8,1,0,0,0.0,PUMP,0,0,0,0,0.0,INJECTOR,8,1,92,0,0.0,SERVO,1,1,14774,0,0.0,ADD 1,0,1,14708,0,0.0,ADD 2,0,1,14747,0,0.0,ADD 3,0,1,14736,0,0.0,ADD 4,0,1,14697,0,0.0,ADD 5,0,0,0,0,0.0,ADD 6,0,1,14708,0,0.0,ADD 7,0,0,0,0,0.0,EGT2CAN,0,1,14708,0,0.0
1778949431.592305,0.0,14633,-52.0,0,-,0,0,0,0,0.0,-,0,0,0,0,0.0,ECU,1,1,14528,0,0.0,FAN1,0,0,0,0,0.0,COILS,8,1,0,0,0.0,PUMP,0,0,0,0,0.0,INJECTOR,8,1,92,0,0.0,SERVO,1,1,14555,0,0.0,ADD 1,0,1,14604,0,0.0,ADD 2,0,1,14621,0,0.0,ADD 3,0,1,14555,0,0.0,ADD 4,0,1,14561,0,0.0,ADD 5,0,0,0,0,0.0,ADD 6,0,1,14555,0,0.0,ADD 7,0,0,0,0,0.0,EGT2CAN,0,1,14561,0,0.0
1778949431.646239,0.0,14670,-51.0,0,-,0,0,0,0,0.0,-,0,0,0,0,0.0,ECU,1,1,14528,0,0.0,FAN1,0,0,0,0,0.0,COILS,8,1,0,0,0.0,PUMP,0,0,0,0,0.0,INJECTOR,8,1,92,0,0.0,SERVO,1,1,14555,0,0.0,ADD 1,0,1,14604,0,0.0,ADD 2,0,1,14621,0,0.0,ADD 3,0,1,14555,0,0.0,ADD 4,0,1,14561,0,0.0,ADD 5,0,0,0,0,0.0,ADD 6,0,1,14555,0,0.0,ADD 7,0,0,0,0,0.0,EGT2CAN,0,1,14561,0,0.0
1778949431.6977527,0.0,14670,-51.0,0,-,0,0,0,0,0.0,-,0,0,0,0,0.0,ECU,1,1,14659,0,0.0,FAN1,0,0,0,0,0.0,COILS,8,1,0,0,0.0,PUMP,0,0,0,0,0.0,INJECTOR,8,1,87,0,0.0,SERVO,1,1,14572,0,0.0,ADD 1,0,1,14599,0,0.0,ADD 2,0,1,14583,0,0.0,ADD 3,0,1,14561,0,0.0,ADD 4,0,1,14577,0,0.0,ADD 5,0,0,0,0,0.0,ADD 6,0,1,14648,0,0.0,ADD 7,0,0,0,0,0.0,EGT2CAN,0,1,14626,0,0.0
1778949431.7542522,0.0,14620,-52.0,0,-,0,0,0,0,0.0,-,0,0,0,0,0.0,ECU,1,1,14599,0,0.0,FAN1,0,0,0,0,0.0,COILS,8,1,0,0,0.0,PUMP,0,0,0,0,0.0,INJECTOR,8,1,87,0,0.0,SERVO,1,1,14697,0,0.0,ADD 1,0,1,14779,0,0.0,ADD 2,0,1,14807,0,0.0,ADD 3,0,1,14774,0,0.0,ADD 4,0,1,14719,0,0.0,ADD 5,0,0,0,0,0.0,ADD 6,0,1,14851,0,0.0,ADD 7,0,0,0,0,0.0,EGT2CAN,0,1,14774,0,0.0
1778949431.8191326,0.0,14620,-52.0,0,-,0,0,0,0,0.0,-,0,0,0,0,0.0,ECU,1,1,14599,0,0.0,FAN1,0,0,0,0,0.0,COILS,8,1,0,0,0.0,PUMP,0,0,0,0,0.0,INJECTOR,8,1,87,0,0.0,SERVO,1,1,14697,0,0.0,ADD 1,0,1,14779,0,0.0,ADD 2,0,1,14807,0,0.0,ADD 3,0,1,14774,0,0.0,ADD 4,0,1,14719,0,0.0,ADD 5,0,0,0,0,0.0,ADD 6,0,1,14851,0,0.0,ADD 7,0,0,0,0,0.0,EGT2CAN,0,1,14774,0,0.0
1778949431.88019,0.0,14676,-52.0,0,-,0,0,0,0,0.0,-,0,0,0,0,0.0,ECU,1,1,14621,0,0.0,FAN1,0,0,0,0,0.0,COILS,8,1,0,0,0.0,PUMP,0,0,0,0,0.0,INJECTOR,8,1,92,0,0.0,SERVO,1,1,14577,0,0.0,ADD 1,0,1,14566,0,0.0,ADD 2,0,1,14604,0,0.0,ADD 3,0,1,14555,0,0.0,ADD 4,0,1,14533,0,0.0,ADD 5,0,0,0,0,0.0,ADD 6,0,1,14588,0,0.0,ADD 7,0,0,0,0,0.0,EGT2CAN,0,1,14528,0,0.0
1778949431.9452636,0.0,14967,-51.0,0,-,0,0,0,0,0.0,-,0,0,0,0,0.0,ECU,1,1,14621,0,0.0,FAN1,0,0,0,0,0.0,COILS,8,1,0,0,0.0,PUMP,0,0,0,0,0.0,INJECTOR,8,1,92,0,0.0,SERVO,1,1,14533,0,0.0,ADD 1,0,1,14993,0,0.0,ADD 2,0,1,15053,0,0.0,ADD 3,0,1,14960,0,0.0,ADD 4,0,1,14971,0,0.0,ADD 5,0,0,0,0,0.0,ADD 6,0,1,15004,0,0.0,ADD 7,0,0,0,0,0.0,EGT2CAN,0,1,14982,0,0.0
1778949431.9984004,0.0,14967,-51.0,0,-,0,0,0,0,0.0,-,0,0,0,0,0.0,ECU,1,1,14894,0,0.0,FAN1,0,0,0,0,0.0,COILS,8,1,0,0,0.0,PUMP,0,0,0,0,0.0,INJECTOR,8,1,98,0,0.0,SERVO,1,1,14807,0,0.0,ADD 1,0,1,14593,0,0.0,ADD 2,0,1,14555,0,0.0,ADD 3,0,1,14588,0,0.0,ADD 4,0,1,14484,0,0.0,ADD 5,0,0,0,0,0.0,ADD 6,0,1,15004,0,0.0,ADD 7,0,0,0,0,0.0,EGT2CAN,0,1,14982,0,0.0
1778949432.0492923,0.0,14905,-52.0,0,-,0,0,0,0,0.0,-,0,0,0,0,0.0,ECU,1,1,14561,0,0.0,FAN1,0,0,0,0,0.0,COILS,8,1,0,0,0.0,PUMP,0,0,0,0,0.0,INJECTOR,8,1,103,0,0.0,SERVO,1,1,14583,0,0.0,ADD 1,0,1,14632,0,0.0,ADD 2,0,1,14648,0,0.0,ADD 3,0,1,14637,0,0.0,ADD 4,0,1,14588,0,0.0,ADD 5,0,0,0,0,0.0,ADD 6,0,1,14648,0,0.0,ADD 7,0,0,0,0,0.0,EGT2CAN,0,1,14572,0,0.0
1778949432.1020114,0.0,14905,-52.0,0,-,0,0,0,0,0.0,-,0,0,0,0,0.0,ECU,1,1,14561,0,0.0,FAN1,0,0,0,0,0.0,COILS,8,1,0,0,0.0,PUMP,0,0,0,0,0.0,INJECTOR,8,1,103,0,0.0,SERVO,1,1,14583,0,0.0,ADD 1,0,1,14632,0,0.0,ADD 2,0,1,14648,0,0.0,ADD 3,0,1,14637,0,0.0,ADD 4,0,1,14588,0,0.0,ADD 5,0,0,0,0,0.0,ADD 6,0,1,14648,0,0.0,ADD 7,0,0,0,0,0.0,EGT2CAN,0,1,14572,0,0.0
1778949432.1528647,0.0,14905,-52.0,0,-,0,0,0,0,0.0,-,0,0,0,0,0.0,ECU,1,1,14692,0,0.0,FAN1,0,0,0,0,0.0,COILS,8,1,0,0,0.0,PUMP,0,0,0,0,0.0,INJECTOR,8,1,87,0,0.0,SERVO,1,1,14539,0,0.0,ADD 1,0,1,14577,0,0.0,ADD 2,0,1,14599,0,0.0,ADD 3,0,1,14604,0,0.0,ADD 4,0,1,14517,0,0.0,ADD 5,0,0,0,0,0.0,ADD 6,0,1,14517,0,0.0,ADD 7,0,0,0,0,0.0,EGT2CAN,0,1,14621,0,0.0
1778949432.2059531,0.0,14620,-51.0,0,-,0,0,0,0,0.0,-,0,0,0,0,0.0,ECU,1,1,14626,0,0.0,FAN1,0,0,0,0,0.0,COILS,8,1,0,0,0.0,PUMP,0,0,0,0,0.0,INJECTOR,8,1,87,0,0.0,SERVO,1,1,14572,0,0.0,ADD 1,0,1,14626,0,0.0,ADD 2,0,1,14588,0,0.0,ADD 3,0,1,14593,0,0.0,ADD 4,0,1,14528,0,0.0,ADD 5,0,0,0,0,0.0,ADD 6,0,1,14621,0,0.0,ADD 7,0,0,0,0,0.0,EGT2CAN,0,1,14583,0,0.0
1778949432.2573714,0.0,14620,-51.0,0,-,0,0,0,0,0.0,-,0,0,0,0,0.0,ECU,1,1,14588,0,0.0,FAN1,0,0,0,0,0.0,COILS,8,1,0,0,0.0,PUMP,0,0,0,0,0.0,INJECTOR,8,1,92,0,0.0,SERVO,1,1,14621,0,0.0,ADD 1,0,1,14604,0,0.0,ADD 2,0,1,14599,0,0.0,ADD 3,0,1,14621,0,0.0,ADD 4,0,1,14583,0,0.0,ADD 5,0,0,0,0,0.0,ADD 6,0,1,14621,0,0.0,ADD 7,0,0,0,0,0.0,EGT2CAN,0,1,14583,0,0.0
1778949432.3140223,0.0,14973,-51.0,0,-,0,0,0,0,0.0,-,0,0,0,0,0.0,ECU,1,1,14665,0,0.0,FAN1,0,0,0,0,0.0,COILS,8,1,0,0,0.0,PUMP,0,0,0,0,0.0,INJECTOR,8,1,92,0,0.0,SERVO,1,1,14593,0,0.0,ADD 1,0,1,15026,0,0.0,ADD 2,0,1,14965,0,0.0,ADD 3,0,1,14927,0,0.0,ADD 4,0,1,14916,0,0.0,ADD 5,0,0,0,0,0.0,ADD 6,0,1,15042,0,0.0,ADD 7,0,0,0,0,0.0,EGT2CAN,0,1,14938,0,0.0
1778949432.3714566,0.0,14695,-52.0,0,-,0,0,0,0,0.0,-,0,0,0,0,0.0,ECU,1,1,14883,0,0.0,FAN1,0,0,0,0,0.0,COILS,8,1,0,0,0.0,PUMP,0,0,0,0,0.0,INJECTOR,8,1,82,0,0.0,SERVO,1,1,14741,0,0.0,ADD 1,0,1,14593,0,0.0,ADD 2,0,1,14648,0,0.0,ADD 3,0,1,14654,0,0.0,ADD 4,0,1,14539,0,0.0,ADD 5,0,0,0,0,0.0,ADD 6,0,1,14643,0,0.0,ADD 7,0,0,0,0,0.0,EGT2CAN,0,1,14692,0,0.0
1778949432.4251528,0.0,14695,-52.0,0,-,0,0,0,0,0.0,-,0,0,0,0,0.0,ECU,1,1,14697,0,0.0,FAN1,0,0,0,0,0.0,COILS,8,1,0,0,0.0,PUMP,0,0,0,0,0.0,INJECTOR,8,1,92,0,0.0,SERVO,1,1,14829,0,0.0,ADD 1,0,1,14593,0,0.0,ADD 2,0,1,14648,0,0.0,ADD 3,0,1,14654,0,0.0,ADD 4,0,1,14539,0,0.0,ADD 5,0,0,0,0,0.0,ADD 6,0,1,14643,0,0.0,ADD 7,0,0,0,0,0.0,EGT2CAN,0,1,14692,0,0.0
1778949432.477009,0.0,14905,-52.0,0,-,0,0,0,0,0.0,-,0,0,0,0,0.0,ECU,1,1,14588,0,0.0,FAN1,0,0,0,0,0.0,COILS,8,1,0,0,0.0,PUMP,0,0,0,0,0.0,INJECTOR,8,1,87,0,0.0,SERVO,1,1,14604,0,0.0,ADD 1,0,1,14643,0,0.0,ADD 2,0,1,14588,0,0.0,ADD 3,0,1,14588,0,0.0,ADD 4,0,1,14572,0,0.0,ADD 5,0,0,0,0,0.0,ADD 6,0,1,14637,0,0.0,ADD 7,0,0,0,0,0.0,EGT2CAN,0,1,14566,0,0.0
1778949432.528289,0.0,14893,-52.0,0,-,0,0,0,0,0.0,-,0,0,0,0,0.0,ECU,1,1,14588,0,0.0,FAN1,0,0,0,0,0.0,COILS,8,1,0,0,0.0,PUMP,0,0,0,0,0.0,INJECTOR,8,1,87,0,0.0,SERVO,1,1,14621,0,0.0,ADD 1,0,1,14599,0,0.0,ADD 2,0,1,14648,0,0.0,ADD 3,0,1,14626,0,0.0,ADD 4,0,1,14446,0,0.0,ADD 5,0,0,0,0,0.0,ADD 6,0,1,14610,0,0.0,ADD 7,0,0,0,0,0.0,EGT2CAN,0,1,14555,0,0.0
1778949432.578481,0.0,14893,-52.0,0,-,0,0,0,0,0.0,-,0,0,0,0,0.0,ECU,1,1,14916,0,0.0,FAN1,0,0,0,0,0.0,COILS,8,1,0,0,0.0,PUMP,0,0,0,0,0.0,INJECTOR,8,1,98,0,0.0,SERVO,1,1,14933,0,0.0,ADD 1,0,1,14599,0,0.0,ADD 2,0,1,14648,0,0.0,ADD 3,0,1,14626,0,0.0,ADD 4,0,1,14446,0,0.0,ADD 5,0,0,0,0,0.0,ADD 6,0,1,14610,0,0.0,ADD 7,0,0,0,0,0.0,EGT2CAN,0,1,14555,0,0.0
1778949432.629504,0.0,14639,-51.0,0,-,0,0,0,0,0.0,-,0,0,0,0,0.0,ECU,1,1,14626,0,0.0,FAN1,0,0,0,0,0.0,COILS,8,1,0,0,0.0,PUMP,0,0,0,0,0.0,INJECTOR,8,1,87,0,0.0,SERVO,1,1,14517,0,0.0,ADD 1,0,1,14577,0,0.0,ADD 2,0,1,14626,0,0.0,ADD 3,0,1,14572,0,0.0,ADD 4,0,1,14522,0,0.0,ADD 5,0,0,0,0,0.0,ADD 6,0,1,14599,0,0.0,ADD 7,0,0,0,0,0.0,EGT2CAN,0,1,14375,0,0.0
1778949432.6807723,0.0,14682,-52.0,0,-,0,0,0,0,0.0,-,0,0,0,0,0.0,ECU,1,1,14544,0,0.0,FAN1,0,0,0,0,0.0,COILS,8,1,0,0,0.0,PUMP,0,0,0,0,0.0,INJECTOR,8,1,87,0,0.0,SERVO,1,1,14577,0,0.0,ADD 1,0,1,14626,0,0.0,ADD 2,0,1,14615,0,0.0,ADD 3,0,1,14632,0,0.0,ADD 4,0,1,14583,0,0.0,ADD 5,0,0,0,0,0.0,ADD 6,0,1,14670,0,0.0,ADD 7,0,0,0,0,0.0,EGT2CAN,0,1,14588,0,0.0
1778949432.732696,0.0,14682,-52.0,0,-,0,0,0,0,0.0,-,0,0,0,0,0.0,ECU,1,1,14599,0,0.0,FAN1,0,0,0,0,0.0,COILS,8,1,0,0,0.0,PUMP,0,0,0,0,0.0,INJECTOR,8,1,87,0,0.0,SERVO,1,1,14577,0,0.0,ADD 1,0,1,14993,0,0.0,ADD 2,0,1,15009,0,0.0,ADD 3,0,1,14971,0,0.0,ADD 4,0,1,14971,0,0.0,ADD 5,0,0,0,0,0.0,ADD 6,0,1,14670,0,0.0,ADD 7,0,0,0,0,0.0,EGT2CAN,0,1,14588,0,0.0
1778949432.7837386,0.0,14583,-52.0,0,-,0,0,0,0,0.0,-,0,0,0,0,0.0,ECU,1,1,14572,0,0.0,FAN1,0,0,0,0,0.0,COILS,8,1,0,0,0.0,PUMP,0,0,0,0,0.0,INJECTOR,8,1,87,0,0.0,SERVO,1,1,14894,0,0.0,ADD 1,0,1,14539,0,0.0,ADD 2,0,1,14621,0,0.0,ADD 3,0,1,14604,0,0.0,ADD 4,0,1,14572,0,0.0,ADD 5,0,0,0,0,0.0,ADD 6,0,1,14621,0,0.0,ADD 7,0,0,0,0,0.0,EGT2CAN,0,1,14599,0,0.0
1778949432.8356295,0.0,14620,-51.0,0,-,0,0,0,0,0.0,-,0,0,0,0,0.0,ECU,1,1,14572,0,0.0,FAN1,0,0,0,0,0.0,COILS,8,1,0,0,0.0,PUMP,0,0,0,0,0.0,INJECTOR,8,1,87,0,0.0,SERVO,1,1,14550,0,0.0,ADD 1,0,1,14572,0,0.0,ADD 2,0,1,14621,0,0.0,ADD 3,0,1,14604,0,0.0,ADD 4,0,1,14583,0,0.0,ADD 5,0,0,0,0,0.0,ADD 6,0,1,14599,0,0.0,ADD 7,0,0,0,0,0.0,EGT2CAN,0,1,14561,0,0.0
1778949432.8863757,0.0,14620,-51.0,0,-,0,0,0,0,0.0,-,0,0,0,0,0.0,ECU,1,1,14572,0,0.0,FAN1,0,0,0,0,0.0,COILS,8,1,0,0,0.0,PUMP,0,0,0,0,0.0,INJECTOR,8,1,87,0,0.0,SERVO,1,1,14643,0,0.0,ADD 1,0,1,14648,0,0.0,ADD 2,0,1,14588,0,0.0,ADD 3,0,1,14670,0,0.0,ADD 4,0,1,14588,0,0.0,ADD 5,0,0,0,0,0.0,ADD 6,0,1,14648,0,0.0,ADD 7,0,0,0,0,0.0,EGT2CAN,0,1,14621,0,0.0
1778949432.9371734,0.0,14639,-51.0,0,-,0,0,0,0,0.0,-,0,0,0,0,0.0,ECU,1,1,14375,0,0.0,FAN1,0,0,0,0,0.0,COILS,8,1,0,0,0.0,PUMP,0,0,0,0,0.0,INJECTOR,8,1,92,0,0.0,SERVO,1,1,14375,0,0.0,ADD 1,0,1,14577,0,0.0,ADD 2,0,1,14621,0,0.0,ADD 3,0,1,14599,0,0.0,ADD 4,0,1,14583,0,0.0,ADD 5,0,0,0,0,0.0,ADD 6,0,1,14840,0,0.0,ADD 7,0,0,0,0,0.0,EGT2CAN,0,1,14829,0,0.0
1778949432.9902966,0.0,14602,-52.0,0,-,0,0,0,0,0.0,-,0,0,0,0,0.0,ECU,1,1,14375,0,0.0,FAN1,0,0,0,0,0.0,COILS,8,1,0,0,0.0,PUMP,0,0,0,0,0.0,INJECTOR,8,1,92,0,0.0,SERVO,1,1,14375,0,0.0,ADD 1,0,1,14577,0,0.0,ADD 2,0,1,14621,0,0.0,ADD 3,0,1,14599,0,0.0,ADD 4,0,1,14583,0,0.0,ADD 5,0,0,0,0,0.0,ADD 6,0,1,14659,0,0.0,ADD 7,0,0,0,0,0.0,EGT2CAN,0,1,14604,0,0.0
1778949433.054834,0.0,14701,-52.0,0,-,0,0,0,0,0.0,-,0,0,0,0,0.0,ECU,1,1,14588,0,0.0,FAN1,0,0,0,0,0.0,COILS,8,1,0,0,0.0,PUMP,0,0,0,0,0.0,INJECTOR,8,1,92,0,0.0,SERVO,1,1,14550,0,0.0,ADD 1,0,1,14665,0,0.0,ADD 2,0,1,14692,0,0.0,ADD 3,0,1,14659,0,0.0,ADD 4,0,1,14599,0,0.0,ADD 5,0,0,0,0,0.0,ADD 6,0,1,14643,0,0.0,ADD 7,0,0,0,0,0.0,EGT2CAN,0,1,14599,0,0.0
1778949433.106137,0.0,14701,-52.0,0,-,0,0,0,0,0.0,-,0,0,0,0,0.0,ECU,1,1,14588,0,0.0,FAN1,0,0,0,0,0.0,COILS,8,1,0,0,0.0,PUMP,0,0,0,0,0.0,INJECTOR,8,1,92,0,0.0,SERVO,1,1,14550,0,0.0,ADD 1,0,1,14665,0,0.0,ADD 2,0,1,14692,0,0.0,ADD 3,0,1,14659,0,0.0,ADD 4,0,1,14599,0,0.0,ADD 5,0,0,0,0,0.0,ADD 6,0,1,14643,0,0.0,ADD 7,0,0,0,0,0.0,EGT2CAN,0,1,14599,0,0.0
1778949433.1576407,0.0,14701,-52.0,0,-,0,0,0,0,0.0,-,0,0,0,0,0.0,ECU,1,1,14632,0,0.0,FAN1,0,0,0,0,0.0,COILS,8,1,0,0,0.0,PUMP,0,0,0,0,0.0,INJECTOR,8,1,103,0,0.0,SERVO,1,1,14610,0,0.0,ADD 1,0,1,14965,0,0.0,ADD 2,0,1,14927,0,0.0,ADD 3,0,1,14922,0,0.0,ADD 4,0,1,14938,0,0.0,ADD 5,0,0,0,0,0.0,ADD 6,0,1,15031,0,0.0,ADD 7,0,0,0,0,0.0,EGT2CAN,0,1,15004,0,0.0
1778949433.2085056,0.0,14626,-51.0,0,-,0,0,0,0,0.0,-,0,0,0,0,0.0,ECU,1,1,14632,0,0.0,FAN1,0,0,0,0,0.0,COILS,8,1,0,0,0.0,PUMP,0,0,0,0,0.0,INJECTOR,8,1,87,0,0.0,SERVO,1,1,14763,0,0.0,ADD 1,0,1,14604,0,0.0,ADD 2,0,1,14648,0,0.0,ADD 3,0,1,14375,0,0.0,ADD 4,0,1,14599,0,0.0,ADD 5,0,0,0,0,0.0,ADD 6,0,1,14648,0,0.0,ADD 7,0,0,0,0,0.0,EGT2CAN,0,1,14577,0,0.0
1778949433.2599304,0.0,14626,-51.0,0,-,0,0,0,0,0.0,-,0,0,0,0,0.0,ECU,1,1,14632,0,0.0,FAN1,0,0,0,0,0.0,COILS,8,1,0,0,0.0,PUMP,0,0,0,0,0.0,INJECTOR,8,1,87,0,0.0,SERVO,1,1,14763,0,0.0,ADD 1,0,1,14604,0,0.0,ADD 2,0,1,14648,0,0.0,ADD 3,0,1,14375,0,0.0,ADD 4,0,1,14599,0,0.0,ADD 5,0,0,0,0,0.0,ADD 6,0,1,14648,0,0.0,ADD 7,0,0,0,0,0.0,EGT2CAN,0,1,14577,0,0.0
1778949433.310418,0.0,14626,-51.0,0,-,0,0,0,0,0.0,-,0,0,0,0,0.0,ECU,1,1,14604,0,0.0,FAN1,0,0,0,0,0.0,COILS,8,1,0,0,0.0,PUMP,0,0,0,0,0.0,INJECTOR,8,1,92,0,0.0,SERVO,1,1,14610,0,0.0,ADD 1,0,1,14588,0,0.0,ADD 2,0,1,14561,0,0.0,ADD 3,0,1,14599,0,0.0,ADD 4,0,1,14599,0,0.0,ADD 5,0,0,0,0,0.0,ADD 6,0,1,14665,0,0.0,ADD 7,0,0,0,0,0.0,EGT2CAN,0,1,14561,0,0.0
1778949433.3614347,0.0,14626,-51.0,0,-,0,0,0,0,0.0,-,0,0,0,0,0.0,ECU,1,1,14976,0,0.0,FAN1,0,0,0,0,0.0,COILS,8,1,0,0,0.0,PUMP,0,0,0,0,0.0,INJECTOR,8,1,92,0,0.0,SERVO,1,1,14965,0,0.0,ADD 1,0,1,14965,0,0.0,ADD 2,0,1,15020,0,0.0,ADD 3,0,1,14987,0,0.0,ADD 4,0,1,14971,0,0.0,ADD 5,0,0,0,0,0.0,ADD 6,0,1,15075,0,0.0,ADD 7,0,0,0,0,0.0,EGT2CAN,0,1,14987,0,0.0
1778949433.412725,0.0,14626,-51.0,0,-,0,0,0,0,0.0,-,0,0,0,0,0.0,ECU,1,1,14976,0,0.0,FAN1,0,0,0,0,0.0,COILS,8,1,0,0,0.0,PUMP,0,0,0,0,0.0,INJECTOR,8,1,92,0,0.0,SERVO,1,1,14965,0,0.0,ADD 1,0,1,14965,0,0.0,ADD 2,0,1,15020,0,0.0,ADD 3,0,1,14987,0,0.0,ADD 4,0,1,14971,0,0.0,ADD 5,0,0,0,0,0.0,ADD 6,0,1,15075,0,0.0,ADD 7,0,0,0,0,0.0,EGT2CAN,0,1,14987,0,0.0
1778949433.4641192,0.0,14626,-51.0,0,-,0,0,0,0,0.0,-,0,0,0,0,0.0,ECU,1,1,14621,0,0.0,FAN1,0,0,0,0,0.0,COILS,8,1,0,0,0.0,PUMP,0,0,0,0,0.0,INJECTOR,8,1,87,0,0.0,SERVO,1,1,14583,0,0.0,ADD 1,0,1,14593,0,0.0,ADD 2,0,1,14648,0,0.0,ADD 3,0,1,14637,0,0.0,ADD 4,0,1,14599,0,0.0,ADD 5,0,0,0,0,0.0,ADD 6,0,1,15075,0,0.0,ADD 7,0,0,0,0,0.0,EGT2CAN,0,1,14987,0,0.0
1778949433.5144703,0.0,14738,-51.0,0,-,0,0,0,0,0.0,-,0,0,0,0,0.0,ECU,1,1,14621,0,0.0,FAN1,0,0,0,0,0.0,COILS,8,1,0,0,0.0,PUMP,0,0,0,0,0.0,INJECTOR,8,1,82,0,0.0,SERVO,1,1,14610,0,0.0,ADD 1,0,1,14851,0,0.0,ADD 2,0,1,14834,0,0.0,ADD 3,0,1,14763,0,0.0,ADD 4,0,1,14719,0,0.0,ADD 5,0,0,0,0,0.0,ADD 6,0,1,14763,0,0.0,ADD 7,0,0,0,0,0.0,EGT2CAN,0,1,14692,0,0.0
1778949433.5655255,0.0,14738,-51.0,0,-,0,0,0,0,0.0,-,0,0,0,0,0.0,ECU,1,1,14604,0,0.0,FAN1,0,0,0,0,0.0,COILS,8,1,0,0,0.0,PUMP,0,0,0,0,0.0,INJECTOR,8,1,82,0,0.0,SERVO,1,1,14610,0,0.0,ADD 1,0,1,14851,0,0.0,ADD 2,0,1,14834,0,0.0,ADD 3,0,1,14763,0,0.0,ADD 4,0,1,14719,0,0.0,ADD 5,0,0,0,0,0.0,ADD 6,0,1,14763,0,0.0,ADD 7,0,0,0,0,0.0,EGT2CAN,0,1,14692,0,0.0
1778949433.6167629,0.0,14738,-51.0,0,-,0,0,0,0,0.0,-,0,0,0,0,0.0,ECU,1,1,14604,0,0.0,FAN1,0,0,0,0,0.0,COILS,8,1,0,0,0.0,PUMP,0,0,0,0,0.0,INJECTOR,8,1,87,0,0.0,SERVO,1,1,14604,0,0.0,ADD 1,0,1,14949,0,0.0,ADD 2,0,1,14965,0,0.0,ADD 3,0,1,14916,0,0.0,ADD 4,0,1,14889,0,0.0,ADD 5,0,0,0,0,0.0,ADD 6,0,1,14998,0,0.0,ADD 7,0,0,0,0,0.0,EGT2CAN,0,1,14954,0,0.0
1778949433.6811967,0.0,14682,-51.0,0,-,0,0,0,0,0.0,-,0,0,0,0,0.0,ECU,1,1,14555,0,0.0,FAN1,0,0,0,0,0.0,COILS,8,1,0,0,0.0,PUMP,0,0,0,0,0.0,INJECTOR,8,1,92,0,0.0,SERVO,1,1,14643,0,0.0,ADD 1,0,1,14665,0,0.0,ADD 2,0,1,14648,0,0.0,ADD 3,0,1,14621,0,0.0,ADD 4,0,1,14637,0,0.0,ADD 5,0,0,0,0,0.0,ADD 6,0,1,14637,0,0.0,ADD 7,0,0,0,0,0.0,EGT2CAN,0,1,14676,0,0.0
1778949433.7321432,0.0,14682,-51.0,0,-,0,0,0,0,0.0,-,0,0,0,0,0.0,ECU,1,1,14577,0,0.0,FAN1,0,0,0,0,0.0,COILS,8,1,0,0,0.0,PUMP,0,0,0,0,0.0,INJECTOR,8,1,92,0,0.0,SERVO,1,1,14544,0,0.0,ADD 1,0,1,14555,0,0.0,ADD 2,0,1,14593,0,0.0,ADD 3,0,1,14566,0,0.0,ADD 4,0,1,14561,0,0.0,ADD 5,0,0,0,0,0.0,ADD 6,0,1,14648,0,0.0,ADD 7,0,0,0,0,0.0,EGT2CAN,0,1,14577,0,0.0
1778949433.7828946,0.0,14775,-51.0,0,-,0,0,0,0,0.0,-,0,0,0,0,0.0,ECU,1,1,14577,0,0.0,FAN1,0,0,0,0,0.0,COILS,8,1,0,0,0.0,PUMP,0,0,0,0,0.0,INJECTOR,8,1,92,0,0.0,SERVO,1,1,14544,0,0.0,ADD 1,0,1,14555,0,0.0,ADD 2,0,1,14593,0,0.0,ADD 3,0,1,14566,0,0.0,ADD 4,0,1,14561,0,0.0,ADD 5,0,0,0,0,0.0,ADD 6,0,1,14648,0,0.0,ADD 7,0,0,0,0,0.0,EGT2CAN,0,1,14577,0,0.0
1778949433.854623,0.0,14626,-51.0,0,-,0,0,0,0,0.0,-,0,0,0,0,0.0,ECU,1,1,14621,0,0.0,FAN1,0,0,0,0,0.0,COILS,8,1,0,0,0.0,PUMP,0,0,0,0,0.0,INJECTOR,8,1,87,0,0.0,SERVO,1,1,14566,0,0.0,ADD 1,0,1,14632,0,0.0,ADD 2,0,1,14708,0,0.0,ADD 3,0,1,14665,0,0.0,ADD 4,0,1,14643,0,0.0,ADD 5,0,0,0,0,0.0,ADD 6,0,1,14725,0,0.0,ADD 7,0,0,0,0,0.0,EGT2CAN,0,1,14741,0,0.0
1778949433.9072423,0.0,14626,-51.0,0,-,0,0,0,0,0.0,-,0,0,0,0,0.0,ECU,1,1,14632,0,0.0,FAN1,0,0,0,0,0.0,COILS,8,1,0,0,0.0,PUMP,0,0,0,0,0.0,INJECTOR,8,1,87,0,0.0,SERVO,1,1,14599,0,0.0,ADD 1,0,1,14648,0,0.0,ADD 2,0,1,14615,0,0.0,ADD 3,0,1,14621,0,0.0,ADD 4,0,1,14588,0,0.0,ADD 5,0,0,0,0,0.0,ADD 6,0,1,14648,0,0.0,ADD 7,0,0,0,0,0.0,EGT2CAN,0,1,14593,0,0.0
1778949433.965164,0.0,14676,-51.0,0,-,0,0,0,0,0.0,-,0,0,0,0,0.0,ECU,1,1,14889,0,0.0,FAN1,0,0,0,0,0.0,COILS,8,1,0,0,0.0,PUMP,0,0,0,0,0.0,INJECTOR,8,1,103,0,0.0,SERVO,1,1,14785,0,0.0,ADD 1,0,1,14626,0,0.0,ADD 2,0,1,14692,0,0.0,ADD 3,0,1,14665,0,0.0,ADD 4,0,1,14654,0,0.0,ADD 5,0,0,0,0,0.0,ADD 6,0,1,14730,0,0.0,ADD 7,0,0,0,0,0.0,EGT2CAN,0,1,14714,0,0.0
1778949434.015553,0.0,14676,-51.0,0,-,0,0,0,0,0.0,-,0,0,0,0,0.0,ECU,1,1,14812,0,0.0,FAN1,0,0,0,0,0.0,COILS,8,1,0,0,0.0,PUMP,0,0,0,0,0.0,INJECTOR,8,1,103,0,0.0,SERVO,1,1,14785,0,0.0,ADD 1,0,1,14626,0,0.0,ADD 2,0,1,14692,0,0.0,ADD 3,0,1,14665,0,0.0,ADD 4,0,1,14654,0,0.0,ADD 5,0,0,0,0,0.0,ADD 6,0,1,14730,0,0.0,ADD 7,0,0,0,0,0.0,EGT2CAN,0,1,14714,0,0.0
1778949434.0663166,0.0,14676,-51.0,0,-,0,0,0,0,0.0,-,0,0,0,0,0.0,ECU,1,1,14812,0,0.0,FAN1,0,0,0,0,0.0,COILS,8,1,0,0,0.0,PUMP,0,0,0,0,0.0,INJECTOR,8,1,87,0,0.0,SERVO,1,1,14878,0,0.0,ADD 1,0,1,14648,0,0.0,ADD 2,0,1,14626,0,0.0,ADD 3,0,1,14561,0,0.0,ADD 4,0,1,14517,0,0.0,ADD 5,0,0,0,0,0.0,ADD 6,0,1,14626,0,0.0,ADD 7,0,0,0,0,0.0,EGT2CAN,0,1,14555,0,0.0
1778949434.1170683,0.0,14769,-52.0,0,-,0,0,0,0,0.0,-,0,0,0,0,0.0,ECU,1,1,14648,0,0.0,FAN1,0,0,0,0,0.0,COILS,8,1,0,0,0.0,PUMP,0,0,0,0,0.0,INJECTOR,8,1,92,0,0.0,SERVO,1,1,14550,0,0.0,ADD 1,0,1,14583,0,0.0,ADD 2,0,1,14610,0,0.0,ADD 3,0,1,14588,0,0.0,ADD 4,0,1,14610,0,0.0,ADD 5,0,0,0,0,0.0,ADD 6,0,1,14654,0,0.0,ADD 7,0,0,0,0,0.0,EGT2CAN,0,1,14577,0,0.0
1778949434.185233,0.0,14769,-52.0,0,-,0,0,0,0,0.0,-,0,0,0,0,0.0,ECU,1,1,15037,0,0.0,FAN1,0,0,0,0,0.0,COILS,8,1,0,0,0.0,PUMP,0,0,0,0,0.0,INJECTOR,8,1,92,0,0.0,SERVO,1,1,14916,0,0.0,ADD 1,0,1,14583,0,0.0,ADD 2,0,1,14610,0,0.0,ADD 3,0,1,14588,0,0.0,ADD 4,0,1,14610,0,0.0,ADD 5,0,0,0,0,0.0,ADD 6,0,1,14654,0,0.0,ADD 7,0,0,0,0,0.0,EGT2CAN,0,1,14577,0,0.0
1778949434.2359457,0.0,14682,-51.0,0,-,0,0,0,0,0.0,-,0,0,0,0,0.0,ECU,1,1,14593,0,0.0,FAN1,0,0,0,0,0.0,COILS,8,1,0,0,0.0,PUMP,0,0,0,0,0.0,INJECTOR,8,1,82,0,0.0,SERVO,1,1,14577,0,0.0,ADD 1,0,1,14758,0,0.0,ADD 2,0,1,14725,0,0.0,ADD 3,0,1,14697,0,0.0,ADD 4,0,1,14697,0,0.0,ADD 5,0,0,0,0,0.0,ADD 6,0,1,14812,0,0.0,ADD 7,0,0,0,0,0.0,EGT2CAN,0,1,14763,0,0.0
1778949434.2871993,0.0,14614,-52.0,0,-,0,0,0,0,0.0,-,0,0,0,0,0.0,ECU,1,1,14593,0,0.0,FAN1,0,0,0,0,0.0,COILS,8,1,0,0,0.0,PUMP,0,0,0,0,0.0,INJECTOR,8,1,82,0,0.0,SERVO,1,1,14577,0,0.0,ADD 1,0,1,14593,0,0.0,ADD 2,0,1,14632,0,0.0,ADD 3,0,1,14632,0,0.0,ADD 4,0,1,14577,0,0.0,ADD 5,0,0,0,0,0.0,ADD 6,0,1,14593,0,0.0,ADD 7,0,0,0,0,0.0,EGT2CAN,0,1,14555,0,0.0
1778949434.3410568,0.0,14614,-52.0,0,-,0,0,0,0,0.0,-,0,0,0,0,0.0,ECU,1,1,14577,0,0.0,FAN1,0,0,0,0,0.0,COILS,8,1,0,0,0.0,PUMP,0,0,0,0,0.0,INJECTOR,8,1,109,0,0.0,SERVO,1,1,14577,0,0.0,ADD 1,0,1,14593,0,0.0,ADD 2,0,1,14632,0,0.0,ADD 3,0,1,14632,0,0.0,ADD 4,0,1,14577,0,0.0,ADD 5,0,0,0,0,0.0,ADD 6,0,1,14593,0,0.0,ADD 7,0,0,0,0,0.0,EGT2CAN,0,1,14555,0,0.0
1778949434.3919063,0.0,14756,-51.0,0,-,0,0,0,0,0.0,-,0,0,0,0,0.0,ECU,1,1,15004,0,0.0,FAN1,0,0,0,0,0.0,COILS,8,1,0,0,0.0,PUMP,0,0,0,0,0.0,INJECTOR,8,1,92,0,0.0,SERVO,1,1,14834,0,0.0,ADD 1,0,1,14785,0,0.0,ADD 2,0,1,14851,0,0.0,ADD 3,0,1,14872,0,0.0,ADD 4,0,1,14807,0,0.0,ADD 5,0,0,0,0,0.0,ADD 6,0,1,14894,0,0.0,ADD 7,0,0,0,0,0.0,EGT2CAN,0,1,14872,0,0.0
1778949434.4430566,0.0,14756,-51.0,0,-,0,0,0,0,0.0,-,0,0,0,0,0.0,ECU,1,1,15004,0,0.0,FAN1,0,0,0,0,0.0,COILS,8,1,0,0,0.0,PUMP,0,0,0,0,0.0,INJECTOR,8,1,92,0,0.0,SERVO,1,1,14834,0,0.0,ADD 1,0,1,14785,0,0.0,ADD 2,0,1,14851,0,0.0,ADD 3,0,1,14872,0,0.0,ADD 4,0,1,14807,0,0.0,ADD 5,0,0,0,0,0.0,ADD 6,0,1,14894,0,0.0,ADD 7,0,0,0,0,0.0,EGT2CAN,0,1,14872,0,0.0
1778949434.4942386,0.0,14756,-51.0,0,-,0,0,0,0,0.0,-,0,0,0,0,0.0,ECU,1,1,14801,0,0.0,FAN1,0,0,0,0,0.0,COILS,8,1,0,0,0.0,PUMP,0,0,0,0,0.0,INJECTOR,8,1,87,0,0.0,SERVO,1,1,14883,0,0.0,ADD 1,0,1,14785,0,0.0,ADD 2,0,1,14851,0,0.0,ADD 3,0,1,14872,0,0.0,ADD 4,0,1,14807,0,0.0,ADD 5,0,0,0,0,0.0,ADD 6,0,1,14894,0,0.0,ADD 7,0,0,0,0,0.0,EGT2CAN,0,1,14872,0,0.0
1778949434.544945,0.0,14973,-52.0,0,-,0,0,0,0,0.0,-,0,0,0,0,0.0,ECU,1,1,14686,0,0.0,FAN1,0,0,0,0,0.0,COILS,8,1,0,0,0.0,PUMP,0,0,0,0,0.0,INJECTOR,8,1,109,0,0.0,SERVO,1,1,14593,0,0.0,ADD 1,0,1,14670,0,0.0,ADD 2,0,1,14588,0,0.0,ADD 3,0,1,14648,0,0.0,ADD 4,0,1,14561,0,0.0,ADD 5,0,0,0,0,0.0,ADD 6,0,1,14676,0,0.0,ADD 7,0,0,0,0,0.0,EGT2CAN,0,1,14648,0,0.0
1778949434.5971217,0.0,14973,-52.0,0,-,0,0,0,0,0.0,-,0,0,0,0,0.0,ECU,1,1,14686,0,0.0,FAN1,0,0,0,0,0.0,COILS,8,1,0,0,0.0,PUMP,0,0,0,0,0.0,INJECTOR,8,1,109,0,0.0,SERVO,1,1,14593,0,0.0,ADD 1,0,1,14670,0,0.0,ADD 2,0,1,14588,0,0.0,ADD 3,0,1,14648,0,0.0,ADD 4,0,1,14561,0,0.0,ADD 5,0,0,0,0,0.0,ADD 6,0,1,14676,0,0.0,ADD 7,0,0,0,0,0.0,EGT2CAN,0,1,14648,0,0.0
1778949434.6478884,0.0,14973,-52.0,0,-,0,0,0,0,0.0,-,0,0,0,0,0.0,ECU,1,1,14960,0,0.0,FAN1,0,0,0,0,0.0,COILS,8,1,0,0,0.0,PUMP,0,0,0,0,0.0,INJECTOR,8,1,125,0,0.0,SERVO,1,1,14834,0,0.0,ADD 1,0,1,14878,0,0.0,ADD 2,0,1,14851,0,0.0,ADD 3,0,1,14834,0,0.0,ADD 4,0,1,14785,0,0.0,ADD 5,0,0,0,0,0.0,ADD 6,0,1,14823,0,0.0,ADD 7,0,0,0,0,0.0,EGT2CAN,0,1,14725,0,0.0
1778949434.709407,0.0,14596,-51.0,0,-,0,0,0,0,0.0,-,0,0,0,0,0.0,ECU,1,1,14654,0,0.0,FAN1,0,0,0,0,0.0,COILS,8,1,0,0,0.0,PUMP,0,0,0,0,0.0,INJECTOR,8,1,87,0,0.0,SERVO,1,1,14555,0,0.0,ADD 1,0,1,14577,0,0.0,ADD 2,0,1,14665,0,0.0,ADD 3,0,1,14599,0,0.0,ADD 4,0,1,14583,0,0.0,ADD 5,0,0,0,0,0.0,ADD 6,0,1,14615,0,0.0,ADD 7,0,0,0,0,0.0,EGT2CAN,0,1,14637,0,0.0
1778949434.7785072,0.0,14596,-51.0,0,-,0,0,0,0,0.0,-,0,0,0,0,0.0,ECU,1,1,14583,0,0.0,FAN1,0,0,0,0,0.0,COILS,8,1,0,0,0.0,PUMP,0,0,0,0,0.0,INJECTOR,8,1,114,0,0.0,SERVO,1,1,14539,0,0.0,ADD 1,0,1,14577,0,0.0,ADD 2,0,1,14665,0,0.0,ADD 3,0,1,14599,0,0.0,ADD 4,0,1,14583,0,0.0,ADD 5,0,0,0,0,0.0,ADD 6,0,1,14615,0,0.0,ADD 7,0,0,0,0,0.0,EGT2CAN,0,1,14637,0,0.0
1778949434.829534,0.0,14856,-51.0,0,-,0,0,0,0,0.0,-,0,0,0,0,0.0,ECU,1,1,14588,0,0.0,FAN1,0,0,0,0,0.0,COILS,8,1,0,0,0.0,PUMP,0,0,0,0,0.0,INJECTOR,8,1,87,0,0.0,SERVO,1,1,14621,0,0.0,ADD 1,0,1,15009,0,0.0,ADD 2,0,1,15020,0,0.0,ADD 3,0,1,14905,0,0.0,ADD 4,0,1,14900,0,0.0,ADD 5,0,0,0,0,0.0,ADD 6,0,1,14949,0,0.0,ADD 7,0,0,0,0,0.0,EGT2CAN,0,1,14894,0,0.0
1778949434.8808367,0.0,14806,-52.0,0,-,0,0,0,0,0.0,-,0,0,0,0,0.0,ECU,1,1,14676,0,0.0,FAN1,0,0,0,0,0.0,COILS,8,1,0,0,0.0,PUMP,0,0,0,0,0.0,INJECTOR,8,1,87,0,0.0,SERVO,1,1,14659,0,0.0,ADD 1,0,1,14807,0,0.0,ADD 2,0,1,14872,0,0.0,ADD 3,0,1,14807,0,0.0,ADD 4,0,1,14812,0,0.0,ADD 5,0,0,0,0,0.0,ADD 6,0,1,14883,0,0.0,ADD 7,0,0,0,0,0.0,EGT2CAN,0,1,14829,0,0.0
1778949434.9316137,0.0,14806,-52.0,0,-,0,0,0,0,0.0,-,0,0,0,0,0.0,ECU,1,1,14851,0,0.0,FAN1,0,0,0,0,0.0,COILS,8,1,0,0,0.0,PUMP,0,0,0,0,0.0,INJECTOR,8,1,92,0,0.0,SERVO,1,1,14889,0,0.0,ADD 1,0,1,14922,0,0.0,ADD 2,0,1,14960,0,0.0,ADD 3,0,1,14922,0,0.0,ADD 4,0,1,14944,0,0.0,ADD 5,0,0,0,0,0.0,ADD 6,0,1,14883,0,0.0,ADD 7,0,0,0,0,0.0,EGT2CAN,0,1,14829,0,0.0
1778949434.9895864,0.0,14726,-52.0,0,-,0,0,0,0,0.0,-,0,0,0,0,0.0,ECU,1,1,14615,0,0.0,FAN1,0,0,0,0,0.0,COILS,8,1,0,0,0.0,PUMP,0,0,0,0,0.0,INJECTOR,8,1,92,0,0.0,SERVO,1,1,14577,0,0.0,ADD 1,0,1,14604,0,0.0,ADD 2,0,1,14588,0,0.0,ADD 3,0,1,14604,0,0.0,ADD 4,0,1,14561,0,0.0,ADD 5,0,0,0,0,0.0,ADD 6,0,1,14643,0,0.0,ADD 7,0,0,0,0,0.0,EGT2CAN,0,1,14593,0,0.0
1778949435.0534956,0.0,14818,-51.0,0,-,0,0,0,0,0.0,-,0,0,0,0,0.0,ECU,1,1,14643,0,0.0,FAN1,0,0,0,0,0.0,COILS,8,1,0,0,0.0,PUMP,0,0,0,0,0.0,INJECTOR,8,1,87,0,0.0,SERVO,1,1,14517,0,0.0,ADD 1,0,1,14637,0,0.0,ADD 2,0,1,14517,0,0.0,ADD 3,0,1,14637,0,0.0,ADD 4,0,1,14517,0,0.0,ADD 5,0,0,0,0,0.0,ADD 6,0,1,14621,0,0.0,ADD 7,0,0,0,0,0.0,EGT2CAN,0,1,14621,0,0.0
1778949435.106271,0.0,14874,-51.0,0,-,0,0,0,0,0.0,-,0,0,0,0,0.0,ECU,1,1,14790,0,0.0,FAN1,0,0,0,0,0.0,COILS,8,1,0,0,0.0,PUMP,0,0,0,0,0.0,INJECTOR,8,1,87,0,0.0,SERVO,1,1,14829,0,0.0,ADD 1,0,1,14916,0,0.0,ADD 2,0,1,14894,0,0.0,ADD 3,0,1,14894,0,0.0,ADD 4,0,1,14894,0,0.0,ADD 5,0,0,0,0,0.0,ADD 6,0,1,14987,0,0.0,ADD 7,0,0,0,0,0.0,EGT2CAN,0,1,14938,0,0.0
1778949435.15897,0.0,14874,-51.0,0,-,0,0,0,0,0.0,-,0,0,0,0,0.0,ECU,1,1,14790,0,0.0,FAN1,0,0,0,0,0.0,COILS,8,1,0,0,0.0,PUMP,0,0,0,0,0.0,INJECTOR,8,1,87,0,0.0,SERVO,1,1,14829,0,0.0,ADD 1,0,1,14916,0,0.0,ADD 2,0,1,14894,0,0.0,ADD 3,0,1,14894,0,0.0,ADD 4,0,1,14894,0,0.0,ADD 5,0,0,0,0,0.0,ADD 6,0,1,14987,0,0.0,ADD 7,0,0,0,0,0.0,EGT2CAN,0,1,14938,0,0.0
1778949435.209252,0.0,14874,-51.0,0,-,0,0,0,0,0.0,-,0,0,0,0,0.0,ECU,1,1,14593,0,0.0,FAN1,0,0,0,0,0.0,COILS,8,1,0,0,0.0,PUMP,0,0,0,0,0.0,INJECTOR,8,1,87,0,0.0,SERVO,1,1,14599,0,0.0,ADD 1,0,1,14626,0,0.0,ADD 2,0,1,14659,0,0.0,ADD 3,0,1,14621,0,0.0,ADD 4,0,1,14604,0,0.0,ADD 5,0,0,0,0,0.0,ADD 6,0,1,14632,0,0.0,ADD 7,0,0,0,0,0.0,EGT2CAN,0,1,14604,0,0.0
1778949435.269404,0.0,14818,-52.0,0,-,0,0,0,0,0.0,-,0,0,0,0,0.0,ECU,1,1,14621,0,0.0,FAN1,0,0,0,0,0.0,COILS,8,1,0,0,0.0,PUMP,0,0,0,0,0.0,INJECTOR,8,1,87,0,0.0,SERVO,1,1,14599,0,0.0,ADD 1,0,1,14982,0,0.0,ADD 2,0,1,14993,0,0.0,ADD 3,0,1,14944,0,0.0,ADD 4,0,1,14911,0,0.0,ADD 5,0,0,0,0,0.0,ADD 6,0,1,14905,0,0.0,ADD 7,0,0,0,0,0.0,EGT2CAN,0,1,14883,0,0.0
1778949435.3269877,0.0,14818,-52.0,0,-,0,0,0,0,0.0,-,0,0,0,0,0.0,ECU,1,1,15020,0,0.0,FAN1,0,0,0,0,0.0,COILS,8,1,0,0,0.0,PUMP,0,0,0,0,0.0,INJECTOR,8,1,98,0,0.0,SERVO,1,1,14878,0,0.0,ADD 1,0,1,14982,0,0.0,ADD 2,0,1,14993,0,0.0,ADD 3,0,1,14944,0,0.0,ADD 4,0,1,14911,0,0.0,ADD 5,0,0,0,0,0.0,ADD 6,0,1,14905,0,0.0,ADD 7,0,0,0,0,0.0,EGT2CAN,0,1,14883,0,0.0
1778949435.3879137,0.0,14688,-51.0,0,-,0,0,0,0,0.0,-,0,0,0,0,0.0,ECU,1,1,14659,0,0.0,FAN1,0,0,0,0,0.0,COILS,8,1,0,0,0.0,PUMP,0,0,0,0,0.0,INJECTOR,8,1,82,0,0.0,SERVO,1,1,14621,0,0.0,ADD 1,0,1,14659,0,0.0,ADD 2,0,1,14692,0,0.0,ADD 3,0,1,14648,0,0.0,ADD 4,0,1,14632,0,0.0,ADD 5,0,0,0,0,0.0,ADD 6,0,1,14747,0,0.0,ADD 7,0,0,0,0,0.0,EGT2CAN,0,1,14719,0,0.0
1778949435.4395087,0.0,14787,-51.0,0,-,0,0,0,0,0.0,-,0,0,0,0,0.0,ECU,1,1,14659,0,0.0,FAN1,0,0,0,0,0.0,COILS,8,1,0,0,0.0,PUMP,0,0,0,0,0.0,INJECTOR,8,1,82,0,0.0,SERVO,1,1,14621,0,0.0,ADD 1,0,1,14632,0,0.0,ADD 2,0,1,14676,0,0.0,ADD 3,0,1,14648,0,0.0,ADD 4,0,1,14621,0,0.0,ADD 5,0,0,0,0,0.0,ADD 6,0,1,14621,0,0.0,ADD 7,0,0,0,0,0.0,EGT2CAN,0,1,14577,0,0.0
1778949435.4925494,0.0,14787,-51.0,0,-,0,0,0,0,0.0,-,0,0,0,0,0.0,ECU,1,1,14944,0,0.0,FAN1,0,0,0,0,0.0,COILS,8,1,0,0,0.0,PUMP,0,0,0,0,0.0,INJECTOR,8,1,92,0,0.0,SERVO,1,1,14714,0,0.0,ADD 1,0,1,14632,0,0.0,ADD 2,0,1,14676,0,0.0,ADD 3,0,1,14648,0,0.0,ADD 4,0,1,14621,0,0.0,ADD 5,0,0,0,0,0.0,ADD 6,0,1,14621,0,0.0,ADD 7,0,0,0,0,0.0,EGT2CAN,0,1,14577,0,0.0
1778949435.5428684,0.0,14886,-51.0,0,-,0,0,0,0,0.0,-,0,0,0,0,0.0,ECU,1,1,14588,0,0.0,FAN1,0,0,0,0,0.0,COILS,8,1,0,0,0.0,PUMP,0,0,0,0,0.0,INJECTOR,8,1,82,0,0.0,SERVO,1,1,14588,0,0.0,ADD 1,0,1,14665,0,0.0,ADD 2,0,1,14670,0,0.0,ADD 3,0,1,14648,0,0.0,ADD 4,0,1,14604,0,0.0,ADD 5,0,0,0,0,0.0,ADD 6,0,1,14676,0,0.0,ADD 7,0,0,0,0,0.0,EGT2CAN,0,1,14670,0,0.0
1778949435.5944448,0.0,14626,-51.0,0,-,0,0,0,0,0.0,-,0,0,0,0,0.0,ECU,1,1,14588,0,0.0,FAN1,0,0,0,0,0.0,COILS,8,1,0,0,0.0,PUMP,0,0,0,0,0.0,INJECTOR,8,1,82,0,0.0,SERVO,1,1,14588,0,0.0,ADD 1,0,1,14665,0,0.0,ADD 2,0,1,14670,0,0.0,ADD 3,0,1,14648,0,0.0,ADD 4,0,1,14604,0,0.0,ADD 5,0,0,0,0,0.0,ADD 6,0,1,14676,0,0.0,ADD 7,0,0,0,0,0.0,EGT2CAN,0,1,14670,0,0.0
1778949435.6494887,0.0,14626,-51.0,0,-,0,0,0,0,0.0,-,0,0,0,0,0.0,ECU,1,1,14599,0,0.0,FAN1,0,0,0,0,0.0,COILS,8,1,0,0,0.0,PUMP,0,0,0,0,0.0,INJECTOR,8,1,114,0,0.0,SERVO,1,1,14626,0,0.0,ADD 1,0,1,14665,0,0.0,ADD 2,0,1,14670,0,0.0,ADD 3,0,1,14648,0,0.0,ADD 4,0,1,14604,0,0.0,ADD 5,0,0,0,0,0.0,ADD 6,0,1,14676,0,0.0,ADD 7,0,0,0,0,0.0,EGT2CAN,0,1,14670,0,0.0
1778949435.6998768,0.0,14744,-52.0,0,-,0,0,0,0,0.0,-,0,0,0,0,0.0,ECU,1,1,14905,0,0.0,FAN1,0,0,0,0,0.0,COILS,8,1,0,0,0.0,PUMP,0,0,0,0,0.0,INJECTOR,8,1,98,0,0.0,SERVO,1,1,14714,0,0.0,ADD 1,0,1,14692,0,0.0,ADD 2,0,1,14714,0,0.0,ADD 3,0,1,14632,0,0.0,ADD 4,0,1,14588,0,0.0,ADD 5,0,0,0,0,0.0,ADD 6,0,1,14730,0,0.0,ADD 7,0,0,0,0,0.0,EGT2CAN,0,1,14703,0,0.0
1778949435.755929,0.0,14880,-51.0,0,-,0,0,0,0,0.0,-,0,0,0,0,0.0,ECU,1,1,14905,0,0.0,FAN1,0,0,0,0,0.0,COILS,8,1,0,0,0.0,PUMP,0,0,0,0,0.0,INJECTOR,8,1,98,0,0.0,SERVO,1,1,14714,0,0.0,ADD 1,0,1,14692,0,0.0,ADD 2,0,1,14714,0,0.0,ADD 3,0,1,14632,0,0.0,ADD 4,0,1,14588,0,0.0,ADD 5,0,0,0,0,0.0,ADD 6,0,1,14730,0,0.0,ADD 7,0,0,0,0,0.0,EGT2CAN,0,1,14703,0,0.0
1778949435.8080678,0.0,14880,-51.0,0,-,0,0,0,0,0.0,-,0,0,0,0,0.0,ECU,1,1,14905,0,0.0,FAN1,0,0,0,0,0.0,COILS,8,1,0,0,0.0,PUMP,0,0,0,0,0.0,INJECTOR,8,1,92,0,0.0,SERVO,1,1,14965,0,0.0,ADD 1,0,1,14971,0,0.0,ADD 2,0,1,15037,0,0.0,ADD 3,0,1,14993,0,0.0,ADD 4,0,1,14960,0,0.0,ADD 5,0,0,0,0,0.0,ADD 6,0,1,14730,0,0.0,ADD 7,0,0,0,0,0.0,EGT2CAN,0,1,14703,0,0.0
1778949435.8588784,0.0,14688,-52.0,0,-,0,0,0,0,0.0,-,0,0,0,0,0.0,ECU,1,1,14599,0,0.0,FAN1,0,0,0,0,0.0,COILS,8,1,0,0,0.0,PUMP,0,0,0,0,0.0,INJECTOR,8,1,87,0,0.0,SERVO,1,1,14572,0,0.0,ADD 1,0,1,14654,0,0.0,ADD 2,0,1,14659,0,0.0,ADD 3,0,1,14670,0,0.0,ADD 4,0,1,14632,0,0.0,ADD 5,0,0,0,0,0.0,ADD 6,0,1,14659,0,0.0,ADD 7,0,0,0,0,0.0,EGT2CAN,0,1,14615,0,0.0
1778949435.9098904,0.0,14688,-52.0,0,-,0,0,0,0,0.0,-,0,0,0,0,0.0,ECU,1,1,14599,0,0.0,FAN1,0,0,0,0,0.0,COILS,8,1,0,0,0.0,PUMP,0,0,0,0,0.0,INJECTOR,8,1,87,0,0.0,SERVO,1,1,14572,0,0.0,ADD 1,0,1,14654,0,0.0,ADD 2,0,1,14659,0,0.0,ADD 3,0,1,14670,0,0.0,ADD 4,0,1,14632,0,0.0,ADD 5,0,0,0,0,0.0,ADD 6,0,1,14659,0,0.0,ADD 7,0,0,0,0,0.0,EGT2CAN,0,1,14615,0,0.0
1778949435.9603295,0.0,14688,-52.0,0,-,0,0,0,0,0.0,-,0,0,0,0,0.0,ECU,1,1,14610,0,0.0,FAN1,0,0,0,0,0.0,COILS,8,1,0,0,0.0,PUMP,0,0,0,0,0.0,INJECTOR,8,1,82,0,0.0,SERVO,1,1,14588,0,0.0,ADD 1,0,1,14845,0,0.0,ADD 2,0,1,14790,0,0.0,ADD 3,0,1,14730,0,0.0,ADD 4,0,1,14703,0,0.0,ADD 5,0,0,0,0,0.0,ADD 6,0,1,14659,0,0.0,ADD 7,0,0,0,0,0.0,EGT2CAN,0,1,14615,0,0.0
1778949436.0222528,0.0,14713,-51.0,0,-,0,0,0,0,0.0,-,0,0,0,0,0.0,ECU,1,1,14604,0,0.0,FAN1,0,0,0,0,0.0,COILS,8,1,0,0,0.0,PUMP,0,0,0,0,0.0,INJECTOR,8,1,82,0,0.0,SERVO,1,1,14621,0,0.0,ADD 1,0,1,14659,0,0.0,ADD 2,0,1,14670,0,0.0,ADD 3,0,1,14692,0,0.0,ADD 4,0,1,14615,0,0.0,ADD 5,0,0,0,0,0.0,ADD 6,0,1,14725,0,0.0,ADD 7,0,0,0,0,0.0,EGT2CAN,0,1,14686,0,0.0
1778949436.0922294,0.0,14713,-51.0,0,-,0,0,0,0,0.0,-,0,0,0,0,0.0,ECU,1,1,14599,0,0.0,FAN1,0,0,0,0,0.0,COILS,8,1,0,0,0.0,PUMP,0,0,0,0,0.0,INJECTOR,8,1,125,0,0.0,SERVO,1,1,14621,0,0.0,ADD 1,0,1,14659,0,0.0,ADD 2,0,1,14670,0,0.0,ADD 3,0,1,14692,0,0.0,ADD 4,0,1,14615,0,0.0,ADD 5,0,0,0,0,0.0,ADD 6,0,1,14725,0,0.0,ADD 7,0,0,0,0,0.0,EGT2CAN,0,1,14686,0,0.0
1778949436.1434057,0.0,14701,-52.0,0,-,0,0,0,0,0.0,-,0,0,0,0,0.0,ECU,1,1,15053,0,0.0,FAN1,0,0,0,0,0.0,COILS,8,1,0,0,0.0,PUMP,0,0,0,0,0.0,INJECTOR,8,1,92,0,0.0,SERVO,1,1,15037,0,0.0,ADD 1,0,1,15075,0,0.0,ADD 2,0,1,15102,0,0.0,ADD 3,0,1,15080,0,0.0,ADD 4,0,1,15026,0,0.0,ADD 5,0,0,0,0,0.0,ADD 6,0,1,15091,0,0.0,ADD 7,0,0,0,0,0.0,EGT2CAN,0,1,15053,0,0.0
1778949436.1957107,0.0,14719,-51.0,0,-,0,0,0,0,0.0,-,0,0,0,0,0.0,ECU,1,1,14643,0,0.0,FAN1,0,0,0,0,0.0,COILS,8,1,0,0,0.0,PUMP,0,0,0,0,0.0,INJECTOR,8,1,87,0,0.0,SERVO,1,1,14621,0,0.0,ADD 1,0,1,14714,0,0.0,ADD 2,0,1,14686,0,0.0,ADD 3,0,1,14659,0,0.0,ADD 4,0,1,14643,0,0.0,ADD 5,0,0,0,0,0.0,ADD 6,0,1,14719,0,0.0,ADD 7,0,0,0,0,0.0,EGT2CAN,0,1,14708,0,0.0
1778949436.2489328,0.0,14719,-51.0,0,-,0,0,0,0,0.0,-,0,0,0,0,0.0,ECU,1,1,14960,0,0.0,FAN1,0,0,0,0,0.0,COILS,8,1,0,0,0.0,PUMP,0,0,0,0,0.0,INJECTOR,8,1,82,0,0.0,SERVO,1,1,14583,0,0.0,ADD 1,0,1,14599,0,0.0,ADD 2,0,1,14654,0,0.0,ADD 3,0,1,14626,0,0.0,ADD 4,0,1,14604,0,0.0,ADD 5,0,0,0,0,0.0,ADD 6,0,1,14637,0,0.0,ADD 7,0,0,0,0,0.0,EGT2CAN,0,1,14615,0,0.0
1778949436.305557,0.0,14688,-52.0,0,-,0,0,0,0,0.0,-,0,0,0,0,0.0,ECU,1,1,14670,0,0.0,FAN1,0,0,0,0,0.0,COILS,8,1,0,0,0.0,PUMP,0,0,0,0,0.0,INJECTOR,8,1,92,0,0.0,SERVO,1,1,14577,0,0.0,ADD 1,0,1,14692,0,0.0,ADD 2,0,1,14670,0,0.0,ADD 3,0,1,14676,0,0.0,ADD 4,0,1,14648,0,0.0,ADD 5,0,0,0,0,0.0,ADD 6,0,1,14665,0,0.0,ADD 7,0,0,0,0,0.0,EGT2CAN,0,1,14692,0,0.0
1778949436.3704424,0.0,14942,-51.0,0,-,0,0,0,0,0.0,-,0,0,0,0,0.0,ECU,1,1,14670,0,0.0,FAN1,0,0,0,0,0.0,COILS,8,1,0,0,0.0,PUMP,0,0,0,0,0.0,INJECTOR,8,1,87,0,0.0,SERVO,1,1,14632,0,0.0,ADD 1,0,1,14944,0,0.0,ADD 2,0,1,14944,0,0.0,ADD 3,0,1,14905,0,0.0,ADD 4,0,1,14878,0,0.0,ADD 5,0,0,0,0,0.0,ADD 6,0,1,14889,0,0.0,ADD 7,0,0,0,0,0.0,EGT2CAN,0,1,14834,0,0.0
1778949436.4221394,0.0,14695,-51.0,0,-,0,0,0,0,0.0,-,0,0,0,0,0.0,ECU,1,1,14621,0,0.0,FAN1,0,0,0,0,0.0,COILS,8,1,0,0,0.0,PUMP,0,0,0,0,0.0,INJECTOR,8,1,82,0,0.0,SERVO,1,1,14703,0,0.0,ADD 1,0,1,14714,0,0.0,ADD 2,0,1,14790,0,0.0,ADD 3,0,1,14758,0,0.0,ADD 4,0,1,14659,0,0.0,ADD 5,0,0,0,0,0.0,ADD 6,0,1,14807,0,0.0,ADD 7,0,0,0,0,0.0,EGT2CAN,0,1,14659,0,0.0
1778949436.4737568,0.0,14695,-51.0,0,-,0,0,0,0,0.0,-,0,0,0,0,0.0,ECU,1,1,14621,0,0.0,FAN1,0,0,0,0,0.0,COILS,8,1,0,0,0.0,PUMP,0,0,0,0,0.0,INJECTOR,8,1,82,0,0.0,SERVO,1,1,14703,0,0.0,ADD 1,0,1,14714,0,0.0,ADD 2,0,1,14790,0,0.0,ADD 3,0,1,14758,0,0.0,ADD 4,0,1,14659,0,0.0,ADD 5,0,0,0,0,0.0,ADD 6,0,1,14807,0,0.0,ADD 7,0,0,0,0,0.0,EGT2CAN,0,1,14659,0,0.0
1778949436.525631,0.0,14695,-51.0,0,-,0,0,0,0,0.0,-,0,0,0,0,0.0,ECU,1,1,14632,0,0.0,FAN1,0,0,0,0,0.0,COILS,8,1,0,0,0.0,PUMP,0,0,0,0,0.0,INJECTOR,8,1,87,0,0.0,SERVO,1,1,14610,0,0.0,ADD 1,0,1,14604,0,0.0,ADD 2,0,1,14626,0,0.0,ADD 3,0,1,14621,0,0.0,ADD 4,0,1,14577,0,0.0,ADD 5,0,0,0,0,0.0,ADD 6,0,1,14659,0,0.0,ADD 7,0,0,0,0,0.0,EGT2CAN,0,1,14577,0,0.0
1778949436.5854414,0.0,14911,-52.0,0,-,0,0,0,0,0.0,-,0,0,0,0,0.0,ECU,1,1,14736,0,0.0,FAN1,0,0,0,0,0.0,COILS,8,1,0,0,0.0,PUMP,0,0,0,0,0.0,INJECTOR,8,1,76,0,0.0,SERVO,1,1,14807,0,0.0,ADD 1,0,1,14889,0,0.0,ADD 2,0,1,14878,0,0.0,ADD 3,0,1,14845,0,0.0,ADD 4,0,1,14861,0,0.0,ADD 5,0,0,0,0,0.0,ADD 6,0,1,14944,0,0.0,ADD 7,0,0,0,0,0.0,EGT2CAN,0,1,14944,0,0.0
1778949436.6402462,0.0,14911,-52.0,0,-,0,0,0,0,0.0,-,0,0,0,0,0.0,ECU,1,1,14659,0,0.0,FAN1,0,0,0,0,0.0,COILS,8,1,0,0,0.0,PUMP,0,0,0,0,0.0,INJECTOR,8,1,76,0,0.0,SERVO,1,1,14807,0,0.0,ADD 1,0,1,14889,0,0.0,ADD 2,0,1,14878,0,0.0,ADD 3,0,1,14845,0,0.0,ADD 4,0,1,14861,0,0.0,ADD 5,0,0,0,0,0.0,ADD 6,0,1,14944,0,0.0,ADD 7,0,0,0,0,0.0,EGT2CAN,0,1,14944,0,0.0
1778949436.6911633,0.0,14676,-52.0,0,-,0,0,0,0,0.0,-,0,0,0,0,0.0,ECU,1,1,14807,0,0.0,FAN1,0,0,0,0,0.0,COILS,8,1,0,0,0.0,PUMP,0,0,0,0,0.0,INJECTOR,8,1,87,0,0.0,SERVO,1,1,14861,0,0.0,ADD 1,0,1,14686,0,0.0,ADD 2,0,1,14659,0,0.0,ADD 3,0,1,14621,0,0.0,ADD 4,0,1,14643,0,0.0,ADD 5,0,0,0,0,0.0,ADD 6,0,1,14703,0,0.0,ADD 7,0,0,0,0,0.0,EGT2CAN,0,1,14659,0,0.0
1778949436.7425418,0.0,14726,-51.0,0,-,0,0,0,0,0.0,-,0,0,0,0,0.0,ECU,1,1,14588,0,0.0,FAN1,0,0,0,0,0.0,COILS,8,1,0,0,0.0,PUMP,0,0,0,0,0.0,INJECTOR,8,1,87,0,0.0,SERVO,1,1,14572,0,0.0,ADD 1,0,1,14692,0,0.0,ADD 2,0,1,14659,0,0.0,ADD 3,0,1,14665,0,0.0,ADD 4,0,1,14588,0,0.0,ADD 5,0,0,0,0,0.0,ADD 6,0,1,14643,0,0.0,ADD 7,0,0,0,0,0.0,EGT2CAN,0,1,14637,0,0.0
1778949436.8020604,0.0,14726,-51.0,0,-,0,0,0,0,0.0,-,0,0,0,0,0.0,ECU,1,1,14676,0,0.0,FAN1,0,0,0,0,0.0,COILS,8,1,0,0,0.0,PUMP,0,0,0,0,0.0,INJECTOR,8,1,87,0,0.0,SERVO,1,1,14632,0,0.0,ADD 1,0,1,14998,0,0.0,ADD 2,0,1,15037,0,0.0,ADD 3,0,1,14965,0,0.0,ADD 4,0,1,14900,0,0.0,ADD 5,0,0,0,0,0.0,ADD 6,0,1,14643,0,0.0,ADD 7,0,0,0,0,0.0,EGT2CAN,0,1,14637,0,0.0
1778949436.8521879,0.0,14651,-52.0,0,-,0,0,0,0,0.0,-,0,0,0,0,0.0,ECU,1,1,14648,0,0.0,FAN1,0,0,0,0,0.0,COILS,8,1,0,0,0.0,PUMP,0,0,0,0,0.0,INJECTOR,8,1,65,0,0.0,SERVO,1,1,14621,0,0.0,ADD 1,0,1,14621,0,0.0,ADD 2,0,1,14632,0,0.0,ADD 3,0,1,14566,0,0.0,ADD 4,0,1,14599,0,0.0,ADD 5,0,0,0,0,0.0,ADD 6,0,1,14626,0,0.0,ADD 7,0,0,0,0,0.0,EGT2CAN,0,1,14588,0,0.0
1778949436.9032323,0.0,14701,-52.0,0,-,0,0,0,0,0.0,-,0,0,0,0,0.0,ECU,1,1,14648,0,0.0,FAN1,0,0,0,0,0.0,COILS,8,1,0,0,0.0,PUMP,0,0,0,0,0.0,INJECTOR,8,1,65,0,0.0,SERVO,1,1,14621,0,0.0,ADD 1,0,1,14621,0,0.0,ADD 2,0,1,14632,0,0.0,ADD 3,0,1,14566,0,0.0,ADD 4,0,1,14599,0,0.0,ADD 5,0,0,0,0,0.0,ADD 6,0,1,14626,0,0.0,ADD 7,0,0,0,0,0.0,EGT2CAN,0,1,14588,0,0.0
1778949436.9547467,0.0,14701,-52.0,0,-,0,0,0,0,0.0,-,0,0,0,0,0.0,ECU,1,1,14686,0,0.0,FAN1,0,0,0,0,0.0,COILS,8,1,0,0,0.0,PUMP,0,0,0,0,0.0,INJECTOR,8,1,82,0,0.0,SERVO,1,1,14686,0,0.0,ADD 1,0,1,14676,0,0.0,ADD 2,0,1,14736,0,0.0,ADD 3,0,1,14670,0,0.0,ADD 4,0,1,14681,0,0.0,ADD 5,0,0,0,0,0.0,ADD 6,0,1,14692,0,0.0,ADD 7,0,0,0,0,0.0,EGT2CAN,0,1,14676,0,0.0
1778949437.0128164,0.0,14843,-52.0,0,-,0,0,0,0,0.0,-,0,0,0,0,0.0,ECU,1,1,15009,0,0.0,FAN1,0,0,0,0,0.0,COILS,8,1,0,0,0.0,PUMP,0,0,0,0,0.0,INJECTOR,8,1,92,0,0.0,SERVO,1,1,14599,0,0.0,ADD 1,0,1,14599,0,0.0,ADD 2,0,1,14637,0,0.0,ADD 3,0,1,14648,0,0.0,ADD 4,0,1,14615,0,0.0,ADD 5,0,0,0,0,0.0,ADD 6,0,1,14965,0,0.0,ADD 7,0,0,0,0,0.0,EGT2CAN,0,1,14916,0,0.0
1778949437.0680394,0.0,14676,-52.0,0,-,0,0,0,0,0.0,-,0,0,0,0,0.0,ECU,1,1,15009,0,0.0,FAN1,0,0,0,0,0.0,COILS,8,1,0,0,0.0,PUMP,0,0,0,0,0.0,INJECTOR,8,1,92,0,0.0,SERVO,1,1,14599,0,0.0,ADD 1,0,1,14599,0,0.0,ADD 2,0,1,14637,0,0.0,ADD 3,0,1,14648,0,0.0,ADD 4,0,1,14615,0,0.0,ADD 5,0,0,0,0,0.0,ADD 6,0,1,14730,0,0.0,ADD 7,0,0,0,0,0.0,EGT2CAN,0,1,14686,0,0.0
1778949437.1301765,0.0,14856,-52.0,0,-,0,0,0,0,0.0,-,0,0,0,0,0.0,ECU,1,1,14626,0,0.0,FAN1,0,0,0,0,0.0,COILS,8,1,0,0,0.0,PUMP,0,0,0,0,0.0,INJECTOR,8,1,87,0,0.0,SERVO,1,1,14654,0,0.0,ADD 1,0,1,14730,0,0.0,ADD 2,0,1,14774,0,0.0,ADD 3,0,1,14659,0,0.0,ADD 4,0,1,14621,0,0.0,ADD 5,0,0,0,0,0.0,ADD 6,0,1,14670,0,0.0,ADD 7,0,0,0,0,0.0,EGT2CAN,0,1,14621,0,0.0
1778949437.1817572,0.0,14843,-51.0,0,-,0,0,0,0,0.0,-,0,0,0,0,0.0,ECU,1,1,15042,0,0.0,FAN1,0,0,0,0,0.0,COILS,8,1,0,0,0.0,PUMP,0,0,0,0,0.0,INJECTOR,8,1,92,0,0.0,SERVO,1,1,14927,0,0.0,ADD 1,0,1,14872,0,0.0,ADD 2,0,1,14883,0,0.0,ADD 3,0,1,14900,0,0.0,ADD 4,0,1,14889,0,0.0,ADD 5,0,0,0,0,0.0,ADD 6,0,1,14987,0,0.0,ADD 7,0,0,0,0,0.0,EGT2CAN,0,1,14954,0,0.0
1778949437.2342317,0.0,14843,-51.0,0,-,0,0,0,0,0.0,-,0,0,0,0,0.0,ECU,1,1,15042,0,0.0,FAN1,0,0,0,0,0.0,COILS,8,1,0,0,0.0,PUMP,0,0,0,0,0.0,INJECTOR,8,1,92,0,0.0,SERVO,1,1,14927,0,0.0,ADD 1,0,1,14872,0,0.0,ADD 2,0,1,14883,0,0.0,ADD 3,0,1,14900,0,0.0,ADD 4,0,1,14889,0,0.0,ADD 5,0,0,0,0,0.0,ADD 6,0,1,14987,0,0.0,ADD 7,0,0,0,0,0.0,EGT2CAN,0,1,14954,0,0.0
1778949437.2923088,0.0,14800,-51.0,0,-,0,0,0,0,0.0,-,0,0,0,0,0.0,ECU,1,1,14632,0,0.0,FAN1,0,0,0,0,0.0,COILS,8,1,0,0,0.0,PUMP,0,0,0,0,0.0,INJECTOR,8,1,82,0,0.0,SERVO,1,1,14654,0,0.0,ADD 1,0,1,14643,0,0.0,ADD 2,0,1,14676,0,0.0,ADD 3,0,1,14626,0,0.0,ADD 4,0,1,14626,0,0.0,ADD 5,0,0,0,0,0.0,ADD 6,0,1,14648,0,0.0,ADD 7,0,0,0,0,0.0,EGT2CAN,0,1,14621,0,0.0
1778949437.3478239,0.0,14800,-51.0,0,-,0,0,0,0,0.0,-,0,0,0,0,0.0,ECU,1,1,14758,0,0.0,FAN1,0,0,0,0,0.0,COILS,8,1,0,0,0.0,PUMP,0,0,0,0,0.0,INJECTOR,8,1,82,0,0.0,SERVO,1,1,14588,0,0.0,ADD 1,0,1,14714,0,0.0,ADD 2,0,1,14670,0,0.0,ADD 3,0,1,14686,0,0.0,ADD 4,0,1,14588,0,0.0,ADD 5,0,0,0,0,0.0,ADD 6,0,1,14747,0,0.0,ADD 7,0,0,0,0,0.0,EGT2CAN,0,1,14730,0,0.0
1778949437.3984601,0.0,14905,-51.0,0,-,0,0,0,0,0.0,-,0,0,0,0,0.0,ECU,1,1,14730,0,0.0,FAN1,0,0,0,0,0.0,COILS,8,1,0,0,0.0,PUMP,0,0,0,0,0.0,INJECTOR,8,1,92,0,0.0,SERVO,1,1,14971,0,0.0,ADD 1,0,1,14922,0,0.0,ADD 2,0,1,14987,0,0.0,ADD 3,0,1,14993,0,0.0,ADD 4,0,1,14960,0,0.0,ADD 5,0,0,0,0,0.0,ADD 6,0,1,15047,0,0.0,ADD 7,0,0,0,0,0.0,EGT2CAN,0,1,15009,0,0.0
1778949437.4585595,0.0,14893,-54.0,0,-,0,0,0,0,0.0,-,0,0,0,0,0.0,ECU,1,1,14730,0,0.0,FAN1,0,0,0,0,0.0,COILS,8,1,0,0,0.0,PUMP,0,0,0,0,0.0,INJECTOR,8,1,87,0,0.0,SERVO,1,1,14785,0,0.0,ADD 1,0,1,14867,0,0.0,ADD 2,0,1,14834,0,0.0,ADD 3,0,1,14834,0,0.0,ADD 4,0,1,14834,0,0.0,ADD 5,0,0,0,0,0.0,ADD 6,0,1,14922,0,0.0,ADD 7,0,0,0,0,0.0,EGT2CAN,0,1,14960,0,0.0
1778949437.5126705,0.0,14893,-54.0,0,-,0,0,0,0,0.0,-,0,0,0,0,0.0,ECU,1,1,14779,0,0.0,FAN1,0,0,0,0,0.0,COILS,8,1,0,0,0.0,PUMP,0,0,0,0,0.0,INJECTOR,8,1,87,0,0.0,SERVO,1,1,14790,0,0.0,ADD 1,0,1,14697,0,0.0,ADD 2,0,1,14714,0,0.0,ADD 3,0,1,14692,0,0.0,ADD 4,0,1,14659,0,0.0,ADD 5,0,0,0,0,0.0,ADD 6,0,1,14922,0,0.0,ADD 7,0,0,0,0,0.0,EGT2CAN,0,1,14960,0,0.0
1778949437.563516,0.0,15060,-51.0,0,-,0,0,0,0,0.0,-,0,0,0,0,0.0,ECU,1,1,14681,0,0.0,FAN1,0,0,0,0,0.0,COILS,8,1,0,0,0.0,PUMP,0,0,0,0,0.0,INJECTOR,8,1,87,0,0.0,SERVO,1,1,14692,0,0.0,ADD 1,0,1,15064,0,0.0,ADD 2,0,1,15064,0,0.0,ADD 3,0,1,15075,0,0.0,ADD 4,0,1,15064,0,0.0,ADD 5,0,0,0,0,0.0,ADD 6,0,1,15102,0,0.0,ADD 7,0,0,0,0,0.0,EGT2CAN,0,1,14982,0,0.0
1778949437.615043,0.0,15060,-51.0,0,-,0,0,0,0,0.0,-,0,0,0,0,0.0,ECU,1,1,14681,0,0.0,FAN1,0,0,0,0,0.0,COILS,8,1,0,0,0.0,PUMP,0,0,0,0,0.0,INJECTOR,8,1,87,0,0.0,SERVO,1,1,14692,0,0.0,ADD 1,0,1,15064,0,0.0,ADD 2,0,1,15064,0,0.0,ADD 3,0,1,15075,0,0.0,ADD 4,0,1,15064,0,0.0,ADD 5,0,0,0,0,0.0,ADD 6,0,1,15102,0,0.0,ADD 7,0,0,0,0,0.0,EGT2CAN,0,1,14982,0,0.0
1778949437.6657736,0.0,15060,-51.0,0,-,0,0,0,0,0.0,-,0,0,0,0,0.0,ECU,1,1,14944,0,0.0,FAN1,0,0,0,0,0.0,COILS,8,1,0,0,0.0,PUMP,0,0,0,0,0.0,INJECTOR,8,1,87,0,0.0,SERVO,1,1,14954,0,0.0,ADD 1,0,1,15015,0,0.0,ADD 2,0,1,15047,0,0.0,ADD 3,0,1,15015,0,0.0,ADD 4,0,1,14927,0,0.0,ADD 5,0,0,0,0,0.0,ADD 6,0,1,15037,0,0.0,ADD 7,0,0,0,0,0.0,EGT2CAN,0,1,14993,0,0.0
1778949437.7237005,0.0,14930,-51.0,0,-,0,0,0,0,0.0,-,0,0,0,0,0.0,ECU,1,1,14659,0,0.0,FAN1,0,0,0,0,0.0,COILS,8,1,0,0,0.0,PUMP,0,0,0,0,0.0,INJECTOR,8,1,87,0,0.0,SERVO,1,1,14621,0,0.0,ADD 1,0,1,14703,0,0.0,ADD 2,0,1,14697,0,0.0,ADD 3,0,1,14692,0,0.0,ADD 4,0,1,14610,0,0.0,ADD 5,0,0,0,0,0.0,ADD 6,0,1,14621,0,0.0,ADD 7,0,0,0,0,0.0,EGT2CAN,0,1,14681,0,0.0
1778949437.7832012,0.0,14930,-51.0,0,-,0,0,0,0,0.0,-,0,0,0,0,0.0,ECU,1,1,14801,0,0.0,FAN1,0,0,0,0,0.0,COILS,8,1,0,0,0.0,PUMP,0,0,0,0,0.0,INJECTOR,8,1,87,0,0.0,SERVO,1,1,14621,0,0.0,ADD 1,0,1,14703,0,0.0,ADD 2,0,1,14697,0,0.0,ADD 3,0,1,14692,0,0.0,ADD 4,0,1,14610,0,0.0,ADD 5,0,0,0,0,0.0,ADD 6,0,1,14621,0,0.0,ADD 7,0,0,0,0,0.0,EGT2CAN,0,1,14681,0,0.0
1778949437.8468952,0.0,14992,-51.0,0,-,0,0,0,0,0.0,-,0,0,0,0,0.0,ECU,1,1,14889,0,0.0,FAN1,0,0,0,0,0.0,COILS,8,1,0,0,0.0,PUMP,0,0,0,0,0.0,INJECTOR,8,1,92,0,0.0,SERVO,1,1,14965,0,0.0,ADD 1,0,1,15015,0,0.0,ADD 2,0,1,15004,0,0.0,ADD 3,0,1,15020,0,0.0,ADD 4,0,1,14987,0,0.0,ADD 5,0,0,0,0,0.0,ADD 6,0,1,15009,0,0.0,ADD 7,0,0,0,0,0.0,EGT2CAN,0,1,15009,0,0.0
1778949437.897982,0.0,14701,-52.0,0,-,0,0,0,0,0.0,-,0,0,0,0,0.0,ECU,1,1,14982,0,0.0,FAN1,0,0,0,0,0.0,COILS,8,1,0,0,0.0,PUMP,0,0,0,0,0.0,INJECTOR,8,1,92,0,0.0,SERVO,1,1,14998,0,0.0,ADD 1,0,1,14670,0,0.0,ADD 2,0,1,14659,0,0.0,ADD 3,0,1,14670,0,0.0,ADD 4,0,1,14599,0,0.0,ADD 5,0,0,0,0,0.0,ADD 6,0,1,14681,0,0.0,ADD 7,0,0,0,0,0.0,EGT2CAN,0,1,14692,0,0.0
1778949437.9509737,0.0,14701,-52.0,0,-,0,0,0,0,0.0,-,0,0,0,0,0.0,ECU,1,1,14736,0,0.0,FAN1,0,0,0,0,0.0,COILS,8,1,0,0,0.0,PUMP,0,0,0,0,0.0,INJECTOR,8,1,125,0,0.0,SERVO,1,1,14818,0,0.0,ADD 1,0,1,14632,0,0.0,ADD 2,0,1,14697,0,0.0,ADD 3,0,1,14659,0,0.0,ADD 4,0,1,14599,0,0.0,ADD 5,0,0,0,0,0.0,ADD 6,0,1,14714,0,0.0,ADD 7,0,0,0,0,0.0,EGT2CAN,0,1,14599,0,0.0
1778949438.0018656,0.0,14905,-53.0,0,-,0,0,0,0,0.0,-,0,0,0,0,0.0,ECU,1,1,14725,0,0.0,FAN1,0,0,0,0,0.0,COILS,8,1,0,0,0.0,PUMP,0,0,0,0,0.0,INJECTOR,8,1,82,0,0.0,SERVO,1,1,14681,0,0.0,ADD 1,0,1,14944,0,0.0,ADD 2,0,1,14949,0,0.0,ADD 3,0,1,14965,0,0.0,ADD 4,0,1,14916,0,0.0,ADD 5,0,0,0,0,0.0,ADD 6,0,1,14944,0,0.0,ADD 7,0,0,0,0,0.0,EGT2CAN,0,1,14944,0,0.0
1778949438.0535977,0.0,14862,-52.0,0,-,0,0,0,0,0.0,-,0,0,0,0,0.0,ECU,1,1,14725,0,0.0,FAN1,0,0,0,0,0.0,COILS,8,1,0,0,0.0,PUMP,0,0,0,0,0.0,INJECTOR,8,1,82,0,0.0,SERVO,1,1,14681,0,0.0,ADD 1,0,1,14944,0,0.0,ADD 2,0,1,14949,0,0.0,ADD 3,0,1,14965,0,0.0,ADD 4,0,1,14916,0,0.0,ADD 5,0,0,0,0,0.0,ADD 6,0,1,14944,0,0.0,ADD 7,0,0,0,0,0.0,EGT2CAN,0,1,14944,0,0.0
1778949438.1072552,0.0,14862,-52.0,0,-,0,0,0,0,0.0,-,0,0,0,0,0.0,ECU,1,1,14933,0,0.0,FAN1,0,0,0,0,0.0,COILS,8,1,0,0,0.0,PUMP,0,0,0,0,0.0,INJECTOR,8,1,87,0,0.0,SERVO,1,1,14965,0,0.0,ADD 1,0,1,15047,0,0.0,ADD 2,0,1,15026,0,0.0,ADD 3,0,1,15053,0,0.0,ADD 4,0,1,14944,0,0.0,ADD 5,0,0,0,0,0.0,ADD 6,0,1,15102,0,0.0,ADD 7,0,0,0,0,0.0,EGT2CAN,0,1,14944,0,0.0
1778949438.1621482,0.0,14874,-52.0,0,-,0,0,0,0,0.0,-,0,0,0,0,0.0,ECU,1,1,14648,0,0.0,FAN1,0,0,0,0,0.0,COILS,8,1,0,0,0.0,PUMP,0,0,0,0,0.0,INJECTOR,8,1,92,0,0.0,SERVO,1,1,14626,0,0.0,ADD 1,0,1,14670,0,0.0,ADD 2,0,1,14697,0,0.0,ADD 3,0,1,14665,0,0.0,ADD 4,0,1,14648,0,0.0,ADD 5,0,0,0,0,0.0,ADD 6,0,1,14659,0,0.0,ADD 7,0,0,0,0,0.0,EGT2CAN,0,1,14615,0,0.0
1778949438.2270944,0.0,14886,-51.0,0,-,0,0,0,0,0.0,-,0,0,0,0,0.0,ECU,1,1,14665,0,0.0,FAN1,0,0,0,0,0.0,COILS,8,1,0,0,0.0,PUMP,0,0,0,0,0.0,INJECTOR,8,1,87,0,0.0,SERVO,1,1,14643,0,0.0,ADD 1,0,1,14686,0,0.0,ADD 2,0,1,14714,0,0.0,ADD 3,0,1,14692,0,0.0,ADD 4,0,1,14670,0,0.0,ADD 5,0,0,0,0,0.0,ADD 6,0,1,14714,0,0.0,ADD 7,0,0,0,0,0.0,EGT2CAN,0,1,14676,0,0.0
1778949438.2794034,0.0,14713,-52.0,0,-,0,0,0,0,0.0,-,0,0,0,0,0.0,ECU,1,1,14823,0,0.0,FAN1,0,0,0,0,0.0,COILS,8,1,0,0,0.0,PUMP,0,0,0,0,0.0,INJECTOR,8,1,92,0,0.0,SERVO,1,1,14944,0,0.0,ADD 1,0,1,14681,0,0.0,ADD 2,0,1,14692,0,0.0,ADD 3,0,1,14676,0,0.0,ADD 4,0,1,14577,0,0.0,ADD 5,0,0,0,0,0.0,ADD 6,0,1,14659,0,0.0,ADD 7,0,0,0,0,0.0,EGT2CAN,0,1,14621,0,0.0
1778949438.3308835,0.0,14713,-52.0,0,-,0,0,0,0,0.0,-,0,0,0,0,0.0,ECU,1,1,14626,0,0.0,FAN1,0,0,0,0,0.0,COILS,8,1,0,0,0.0,PUMP,0,0,0,0,0.0,INJECTOR,8,1,87,0,0.0,SERVO,1,1,14610,0,0.0,ADD 1,0,1,14714,0,0.0,ADD 2,0,1,14703,0,0.0,ADD 3,0,1,14703,0,0.0,ADD 4,0,1,14626,0,0.0,ADD 5,0,0,0,0,0.0,ADD 6,0,1,14736,0,0.0,ADD 7,0,0,0,0,0.0,EGT2CAN,0,1,14648,0,0.0
1778949438.3823216,0.0,14750,-51.0,0,-,0,0,0,0,0.0,-,0,0,0,0,0.0,ECU,1,1,14626,0,0.0,FAN1,0,0,0,0,0.0,COILS,8,1,0,0,0.0,PUMP,0,0,0,0,0.0,INJECTOR,8,1,87,0,0.0,SERVO,1,1,14610,0,0.0,ADD 1,0,1,14714,0,0.0,ADD 2,0,1,14703,0,0.0,ADD 3,0,1,14703,0,0.0,ADD 4,0,1,14626,0,0.0,ADD 5,0,0,0,0,0.0,ADD 6,0,1,14736,0,0.0,ADD 7,0,0,0,0,0.0,EGT2CAN,0,1,14648,0,0.0
1778949438.4348156,0.0,14707,-51.0,0,-,0,0,0,0,0.0,-,0,0,0,0,0.0,ECU,1,1,14872,0,0.0,FAN1,0,0,0,0,0.0,COILS,8,1,0,0,0.0,PUMP,0,0,0,0,0.0,INJECTOR,8,1,92,0,0.0,SERVO,1,1,14916,0,0.0,ADD 1,0,1,14976,0,0.0,ADD 2,0,1,14944,0,0.0,ADD 3,0,1,14965,0,0.0,ADD 4,0,1,14922,0,0.0,ADD 5,0,0,0,0,0.0,ADD 6,0,1,15047,0,0.0,ADD 7,0,0,0,0,0.0,EGT2CAN,0,1,14965,0,0.0
1778949438.4854164,0.0,14707,-51.0,0,-,0,0,0,0,0.0,-,0,0,0,0,0.0,ECU,1,1,14643,0,0.0,FAN1,0,0,0,0,0.0,COILS,8,1,0,0,0.0,PUMP,0,0,0,0,0.0,INJECTOR,8,1,92,0,0.0,SERVO,1,1,14916,0,0.0,ADD 1,0,1,14976,0,0.0,ADD 2,0,1,14944,0,0.0,ADD 3,0,1,14965,0,0.0,ADD 4,0,1,14922,0,0.0,ADD 5,0,0,0,0,0.0,ADD 6,0,1,15047,0,0.0,ADD 7,0,0,0,0,0.0,EGT2CAN,0,1,14965,0,0.0
1778949438.5364356,0.0,14707,-51.0,0,-,0,0,0,0,0.0,-,0,0,0,0,0.0,ECU,1,1,14643,0,0.0,FAN1,0,0,0,0,0.0,COILS,8,1,0,0,0.0,PUMP,0,0,0,0,0.0,INJECTOR,8,1,87,0,0.0,SERVO,1,1,14615,0,0.0,ADD 1,0,1,14692,0,0.0,ADD 2,0,1,14643,0,0.0,ADD 3,0,1,14610,0,0.0,ADD 4,0,1,14588,0,0.0,ADD 5,0,0,0,0,0.0,ADD 6,0,1,14692,0,0.0,ADD 7,0,0,0,0,0.0,EGT2CAN,0,1,14588,0,0.0
1778949438.5873954,0.0,14862,-51.0,0,-,0,0,0,0,0.0,-,0,0,0,0,0.0,ECU,1,1,14916,0,0.0,FAN1,0,0,0,0,0.0,COILS,8,1,0,0,0.0,PUMP,0,0,0,0,0.0,INJECTOR,8,1,114,0,0.0,SERVO,1,1,14922,0,0.0,ADD 1,0,1,14960,0,0.0,ADD 2,0,1,15020,0,0.0,ADD 3,0,1,15009,0,0.0,ADD 4,0,1,14965,0,0.0,ADD 5,0,0,0,0,0.0,ADD 6,0,1,14987,0,0.0,ADD 7,0,0,0,0,0.0,EGT2CAN,0,1,14965,0,0.0
1778949438.647455,0.0,14862,-51.0,0,-,0,0,0,0,0.0,-,0,0,0,0,0.0,ECU,1,1,15009,0,0.0,FAN1,0,0,0,0,0.0,COILS,8,1,0,0,0.0,PUMP,0,0,0,0,0.0,INJECTOR,8,1,92,0,0.0,SERVO,1,1,15086,0,0.0,ADD 1,0,1,14676,0,0.0,ADD 2,0,1,14730,0,0.0,ADD 3,0,1,14697,0,0.0,ADD 4,0,1,14714,0,0.0,ADD 5,0,0,0,0,0.0,ADD 6,0,1,14987,0,0.0,ADD 7,0,0,0,0,0.0,EGT2CAN,0,1,14965,0,0.0
1778949438.7099833,0.0,14794,-52.0,0,-,0,0,0,0,0.0,-,0,0,0,0,0.0,ECU,1,1,14665,0,0.0,FAN1,0,0,0,0,0.0,COILS,8,1,0,0,0.0,PUMP,0,0,0,0,0.0,INJECTOR,8,1,82,0,0.0,SERVO,1,1,14626,0,0.0,ADD 1,0,1,14944,0,0.0,ADD 2,0,1,14960,0,0.0,ADD 3,0,1,14944,0,0.0,ADD 4,0,1,14911,0,0.0,ADD 5,0,0,0,0,0.0,ADD 6,0,1,14889,0,0.0,ADD 7,0,0,0,0,0.0,EGT2CAN,0,1,14818,0,0.0
1778949438.785831,0.0,14794,-52.0,0,-,0,0,0,0,0.0,-,0,0,0,0,0.0,ECU,1,1,14665,0,0.0,FAN1,0,0,0,0,0.0,COILS,8,1,0,0,0.0,PUMP,0,0,0,0,0.0,INJECTOR,8,1,82,0,0.0,SERVO,1,1,14626,0,0.0,ADD 1,0,1,14944,0,0.0,ADD 2,0,1,14960,0,0.0,ADD 3,0,1,14944,0,0.0,ADD 4,0,1,14911,0,0.0,ADD 5,0,0,0,0,0.0,ADD 6,0,1,14889,0,0.0,ADD 7,0,0,0,0,0.0,EGT2CAN,0,1,14818,0,0.0
1778949438.8461733,0.0,14794,-52.0,0,-,0,0,0,0,0.0,-,0,0,0,0,0.0,ECU,1,1,14747,0,0.0,FAN1,0,0,0,0,0.0,COILS,8,1,0,0,0.0,PUMP,0,0,0,0,0.0,INJECTOR,8,1,92,0,0.0,SERVO,1,1,14703,0,0.0,ADD 1,0,1,14922,0,0.0,ADD 2,0,1,14916,0,0.0,ADD 3,0,1,14933,0,0.0,ADD 4,0,1,14894,0,0.0,ADD 5,0,0,0,0,0.0,ADD 6,0,1,14889,0,0.0,ADD 7,0,0,0,0,0.0,EGT2CAN,0,1,14818,0,0.0
1778949438.8964565,0.0,14664,-52.0,0,-,0,0,0,0,0.0,-,0,0,0,0,0.0,ECU,1,1,14517,0,0.0,FAN1,0,0,0,0,0.0,COILS,8,1,0,0,0.0,PUMP,0,0,0,0,0.0,INJECTOR,8,1,87,0,0.0,SERVO,1,1,14676,0,0.0,ADD 1,0,1,14730,0,0.0,ADD 2,0,1,14785,0,0.0,ADD 3,0,1,14758,0,0.0,ADD 4,0,1,14725,0,0.0,ADD 5,0,0,0,0,0.0,ADD 6,0,1,14807,0,0.0,ADD 7,0,0,0,0,0.0,EGT2CAN,0,1,14801,0,0.0
1778949438.9479415,0.0,14948,-51.0,0,-,0,0,0,0,0.0,-,0,0,0,0,0.0,ECU,1,1,14697,0,0.0,FAN1,0,0,0,0,0.0,COILS,8,1,0,0,0.0,PUMP,0,0,0,0,0.0,INJECTOR,8,1,87,0,0.0,SERVO,1,1,14517,0,0.0,ADD 1,0,1,14681,0,0.0,ADD 2,0,1,14730,0,0.0,ADD 3,0,1,14692,0,0.0,ADD 4,0,1,14632,0,0.0,ADD 5,0,0,0,0,0.0,ADD 6,0,1,14725,0,0.0,ADD 7,0,0,0,0,0.0,EGT2CAN,0,1,14686,0,0.0
1778949438.9991918,0.0,14948,-51.0,0,-,0,0,0,0,0.0,-,0,0,0,0,0.0,ECU,1,1,14954,0,0.0,FAN1,0,0,0,0,0.0,COILS,8,1,0,0,0.0,PUMP,0,0,0,0,0.0,INJECTOR,8,1,92,0,0.0,SERVO,1,1,14944,0,0.0,ADD 1,0,1,14944,0,0.0,ADD 2,0,1,14965,0,0.0,ADD 3,0,1,14916,0,0.0,ADD 4,0,1,14867,0,0.0,ADD 5,0,0,0,0,0.0,ADD 6,0,1,14823,0,0.0,ADD 7,0,0,0,0,0.0,EGT2CAN,0,1,14763,0,0.0
1778949439.0516758,0.0,14973,-52.0,0,-,0,0,0,0,0.0,-,0,0,0,0,0.0,ECU,1,1,14889,0,0.0,FAN1,0,0,0,0,0.0,COILS,8,1,0,0,0.0,PUMP,0,0,0,0,0.0,INJECTOR,8,1,92,0,0.0,SERVO,1,1,14987,0,0.0,ADD 1,0,1,14944,0,0.0,ADD 2,0,1,15020,0,0.0,ADD 3,0,1,14944,0,0.0,ADD 4,0,1,14993,0,0.0,ADD 5,0,0,0,0,0.0,ADD 6,0,1,15069,0,0.0,ADD 7,0,0,0,0,0.0,EGT2CAN,0,1,15102,0,0.0
1778949439.1157143,0.0,14973,-52.0,0,-,0,0,0,0,0.0,-,0,0,0,0,0.0,ECU,1,1,14889,0,0.0,FAN1,0,0,0,0,0.0,COILS,8,1,0,0,0.0,PUMP,0,0,0,0,0.0,INJECTOR,8,1,92,0,0.0,SERVO,1,1,14987,0,0.0,ADD 1,0,1,14692,0,0.0,ADD 2,0,1,14692,0,0.0,ADD 3,0,1,14626,0,0.0,ADD 4,0,1,14621,0,0.0,ADD 5,0,0,0,0,0.0,ADD 6,0,1,14692,0,0.0,ADD 7,0,0,0,0,0.0,EGT2CAN,0,1,14670,0,0.0
1778949439.1681695,0.0,14992,-51.0,0,-,0,0,0,0,0.0,-,0,0,0,0,0.0,ECU,1,1,14714,0,0.0,FAN1,0,0,0,0,0.0,COILS,8,1,0,0,0.0,PUMP,0,0,0,0,0.0,INJECTOR,8,1,98,0,0.0,SERVO,1,1,14697,0,0.0,ADD 1,0,1,15053,0,0.0,ADD 2,0,1,15097,0,0.0,ADD 3,0,1,15015,0,0.0,ADD 4,0,1,14933,0,0.0,ADD 5,0,0,0,0,0.0,ADD 6,0,1,15053,0,0.0,ADD 7,0,0,0,0,0.0,EGT2CAN,0,1,15015,0,0.0
1778949439.219292,0.0,14992,-51.0,0,-,0,0,0,0,0.0,-,0,0,0,0,0.0,ECU,1,1,14714,0,0.0,FAN1,0,0,0,0,0.0,COILS,8,1,0,0,0.0,PUMP,0,0,0,0,0.0,INJECTOR,8,1,98,0,0.0,SERVO,1,1,14697,0,0.0,ADD 1,0,1,15053,0,0.0,ADD 2,0,1,15097,0,0.0,ADD 3,0,1,15015,0,0.0,ADD 4,0,1,14933,0,0.0,ADD 5,0,0,0,0,0.0,ADD 6,0,1,15053,0,0.0,ADD 7,0,0,0,0,0.0,EGT2CAN,0,1,15015,0,0.0
1778949439.2707298,0.0,14992,-51.0,0,-,0,0,0,0,0.0,-,0,0,0,0,0.0,ECU,1,1,14965,0,0.0,FAN1,0,0,0,0,0.0,COILS,8,1,0,0,0.0,PUMP,0,0,0,0,0.0,INJECTOR,8,1,92,0,0.0,SERVO,1,1,14856,0,0.0,ADD 1,0,1,14889,0,0.0,ADD 2,0,1,14883,0,0.0,ADD 3,0,1,14840,0,0.0,ADD 4,0,1,14818,0,0.0,ADD 5,0,0,0,0,0.0,ADD 6,0,1,15053,0,0.0,ADD 7,0,0,0,0,0.0,EGT2CAN,0,1,15015,0,0.0
1778949439.3305945,0.0,14781,-52.0,0,-,0,0,0,0,0.0,-,0,0,0,0,0.0,ECU,1,1,14637,0,0.0,FAN1,0,0,0,0,0.0,COILS,8,1,0,0,0.0,PUMP,0,0,0,0,0.0,INJECTOR,8,1,92,0,0.0,SERVO,1,1,14681,0,0.0,ADD 1,0,1,14632,0,0.0,ADD 2,0,1,14648,0,0.0,ADD 3,0,1,14686,0,0.0,ADD 4,0,1,14670,0,0.0,ADD 5,0,0,0,0,0.0,ADD 6,0,1,14730,0,0.0,ADD 7,0,0,0,0,0.0,EGT2CAN,0,1,14626,0,0.0
1778949439.3809927,0.0,14781,-52.0,0,-,0,0,0,0,0.0,-,0,0,0,0,0.0,ECU,1,1,14665,0,0.0,FAN1,0,0,0,0,0.0,COILS,8,1,0,0,0.0,PUMP,0,0,0,0,0.0,INJECTOR,8,1,92,0,0.0,SERVO,1,1,14681,0,0.0,ADD 1,0,1,14632,0,0.0,ADD 2,0,1,14648,0,0.0,ADD 3,0,1,14686,0,0.0,ADD 4,0,1,14670,0,0.0,ADD 5,0,0,0,0,0.0,ADD 6,0,1,14730,0,0.0,ADD 7,0,0,0,0,0.0,EGT2CAN,0,1,14626,0,0.0
1778949439.4313176,0.0,14781,-52.0,0,-,0,0,0,0,0.0,-,0,0,0,0,0.0,ECU,1,1,14665,0,0.0,FAN1,0,0,0,0,0.0,COILS,8,1,0,0,0.0,PUMP,0,0,0,0,0.0,INJECTOR,8,1,87,0,0.0,SERVO,1,1,14637,0,0.0,ADD 1,0,1,14686,0,0.0,ADD 2,0,1,14692,0,0.0,ADD 3,0,1,14676,0,0.0,ADD 4,0,1,14599,0,0.0,ADD 5,0,0,0,0,0.0,ADD 6,0,1,14697,0,0.0,ADD 7,0,0,0,0,0.0,EGT2CAN,0,1,14648,0,0.0
1778949439.4823735,0.0,14701,-52.0,0,-,0,0,0,0,0.0,-,0,0,0,0,0.0,ECU,1,1,14944,0,0.0,FAN1,0,0,0,0,0.0,COILS,8,1,0,0,0.0,PUMP,0,0,0,0,0.0,INJECTOR,8,1,87,0,0.0,SERVO,1,1,15004,0,0.0,ADD 1,0,1,14708,0,0.0,ADD 2,0,1,14714,0,0.0,ADD 3,0,1,14659,0,0.0,ADD 4,0,1,14681,0,0.0,ADD 5,0,0,0,0,0.0,ADD 6,0,1,14686,0,0.0,ADD 7,0,0,0,0,0.0,EGT2CAN,0,1,14676,0,0.0
1778949439.5376208,0.0,14701,-52.0,0,-,0,0,0,0,0.0,-,0,0,0,0,0.0,ECU,1,1,14681,0,0.0,FAN1,0,0,0,0,0.0,COILS,8,1,0,0,0.0,PUMP,0,0,0,0,0.0,INJECTOR,8,1,82,0,0.0,SERVO,1,1,14648,0,0.0,ADD 1,0,1,14708,0,0.0,ADD 2,0,1,14714,0,0.0,ADD 3,0,1,14659,0,0.0,ADD 4,0,1,14681,0,0.0,ADD 5,0,0,0,0,0.0,ADD 6,0,1,14686,0,0.0,ADD 7,0,0,0,0,0.0,EGT2CAN,0,1,14676,0,0.0
1778949439.5913322,0.0,14985,-51.0,0,-,0,0,0,0,0.0,-,0,0,0,0,0.0,ECU,1,1,14708,0,0.0,FAN1,0,0,0,0,0.0,COILS,8,1,0,0,0.0,PUMP,0,0,0,0,0.0,INJECTOR,8,1,87,0,0.0,SERVO,1,1,14676,0,0.0,ADD 1,0,1,15080,0,0.0,ADD 2,0,1,15091,0,0.0,ADD 3,0,1,15102,0,0.0,ADD 4,0,1,15053,0,0.0,ADD 5,0,0,0,0,0.0,ADD 6,0,1,15151,0,0.0,ADD 7,0,0,0,0,0.0,EGT2CAN,0,1,15102,0,0.0
1778949439.6484036,0.0,14676,-52.0,0,-,0,0,0,0,0.0,-,0,0,0,0,0.0,ECU,1,1,14960,0,0.0,FAN1,0,0,0,0,0.0,COILS,8,1,0,0,0.0,PUMP,0,0,0,0,0.0,INJECTOR,8,1,92,0,0.0,SERVO,1,1,14971,0,0.0,ADD 1,0,1,15031,0,0.0,ADD 2,0,1,15020,0,0.0,ADD 3,0,1,14916,0,0.0,ADD 4,0,1,14878,0,0.0,ADD 5,0,0,0,0,0.0,ADD 6,0,1,15031,0,0.0,ADD 7,0,0,0,0,0.0,EGT2CAN,0,1,14954,0,0.0
1778949439.7037694,0.0,14676,-52.0,0,-,0,0,0,0,0.0,-,0,0,0,0,0.0,ECU,1,1,14714,0,0.0,FAN1,0,0,0,0,0.0,COILS,8,1,0,0,0.0,PUMP,0,0,0,0,0.0,INJECTOR,8,1,92,0,0.0,SERVO,1,1,14823,0,0.0,ADD 1,0,1,14851,0,0.0,ADD 2,0,1,14851,0,0.0,ADD 3,0,1,14872,0,0.0,ADD 4,0,1,14818,0,0.0,ADD 5,0,0,0,0,0.0,ADD 6,0,1,15031,0,0.0,ADD 7,0,0,0,0,0.0,EGT2CAN,0,1,14954,0,0.0
1778949439.7539217,0.0,15010,-52.0,0,-,0,0,0,0,0.0,-,0,0,0,0,0.0,ECU,1,1,14982,0,0.0,FAN1,0,0,0,0,0.0,COILS,8,1,0,0,0.0,PUMP,0,0,0,0,0.0,INJECTOR,8,1,92,0,0.0,SERVO,1,1,14829,0,0.0,ADD 1,0,1,14889,0,0.0,ADD 2,0,1,14872,0,0.0,ADD 3,0,1,14823,0,0.0,ADD 4,0,1,14758,0,0.0,ADD 5,0,0,0,0,0.0,ADD 6,0,1,14730,0,0.0,ADD 7,0,0,0,0,0.0,EGT2CAN,0,1,14692,0,0.0
1778949439.8066463,0.0,14763,-52.0,0,-,0,0,0,0,0.0,-,0,0,0,0,0.0,ECU,1,1,14982,0,0.0,FAN1,0,0,0,0,0.0,COILS,8,1,0,0,0.0,PUMP,0,0,0,0,0.0,INJECTOR,8,1,92,0,0.0,SERVO,1,1,14829,0,0.0,ADD 1,0,1,14889,0,0.0,ADD 2,0,1,14872,0,0.0,ADD 3,0,1,14823,0,0.0,ADD 4,0,1,14758,0,0.0,ADD 5,0,0,0,0,0.0,ADD 6,0,1,14730,0,0.0,ADD 7,0,0,0,0,0.0,EGT2CAN,0,1,14692,0,0.0
1778949439.8570058,0.0,14763,-52.0,0,-,0,0,0,0,0.0,-,0,0,0,0,0.0,ECU,1,1,14993,0,0.0,FAN1,0,0,0,0,0.0,COILS,8,1,0,0,0.0,PUMP,0,0,0,0,0.0,INJECTOR,8,1,87,0,0.0,SERVO,1,1,15058,0,0.0,ADD 1,0,1,15102,0,0.0,ADD 2,0,1,15124,0,0.0,ADD 3,0,1,15091,0,0.0,ADD 4,0,1,15058,0,0.0,ADD 5,0,0,0,0,0.0,ADD 6,0,1,15108,0,0.0,ADD 7,0,0,0,0,0.0,EGT2CAN,0,1,15031,0,0.0
1778949439.9162796,0.0,14719,-52.0,0,-,0,0,0,0,0.0,-,0,0,0,0,0.0,ECU,1,1,14796,0,0.0,FAN1,0,0,0,0,0.0,COILS,8,1,0,0,0.0,PUMP,0,0,0,0,0.0,INJECTOR,8,1,131,0,0.0,SERVO,1,1,14829,0,0.0,ADD 1,0,1,14692,0,0.0,ADD 2,0,1,14670,0,0.0,ADD 3,0,1,14643,0,0.0,ADD 4,0,1,14654,0,0.0,ADD 5,0,0,0,0,0.0,ADD 6,0,1,14736,0,0.0,ADD 7,0,0,0,0,0.0,EGT2CAN,0,1,14676,0,0.0
1778949439.973751,0.0,14713,-52.0,0,-,0,0,0,0,0.0,-,0,0,0,0,0.0,ECU,1,1,14686,0,0.0,FAN1,0,0,0,0,0.0,COILS,8,1,0,0,0.0,PUMP,0,0,0,0,0.0,INJECTOR,8,1,131,0,0.0,SERVO,1,1,14829,0,0.0,ADD 1,0,1,14692,0,0.0,ADD 2,0,1,14670,0,0.0,ADD 3,0,1,14643,0,0.0,ADD 4,0,1,14654,0,0.0,ADD 5,0,0,0,0,0.0,ADD 6,0,1,14736,0,0.0,ADD 7,0,0,0,0,0.0,EGT2CAN,0,1,14676,0,0.0
1778949440.0365543,0.0,14713,-52.0,0,-,0,0,0,0,0.0,-,0,0,0,0,0.0,ECU,1,1,14971,0,0.0,FAN1,0,0,0,0,0.0,COILS,8,1,0,0,0.0,PUMP,0,0,0,0,0.0,INJECTOR,8,1,98,0,0.0,SERVO,1,1,14829,0,0.0,ADD 1,0,1,14845,0,0.0,ADD 2,0,1,14812,0,0.0,ADD 3,0,1,14779,0,0.0,ADD 4,0,1,14714,0,0.0,ADD 5,0,0,0,0,0.0,ADD 6,0,1,14719,0,0.0,ADD 7,0,0,0,0,0.0,EGT2CAN,0,1,14697,0,0.0
1778949440.08749,0.0,14676,-51.0,0,-,0,0,0,0,0.0,-,0,0,0,0,0.0,ECU,1,1,14927,0,0.0,FAN1,0,0,0,0,0.0,COILS,8,1,0,0,0.0,PUMP,0,0,0,0,0.0,INJECTOR,8,1,87,0,0.0,SERVO,1,1,14971,0,0.0,ADD 1,0,1,15015,0,0.0,ADD 2,0,1,15031,0,0.0,ADD 3,0,1,14998,0,0.0,ADD 4,0,1,14998,0,0.0,ADD 5,0,0,0,0,0.0,ADD 6,0,1,15108,0,0.0,ADD 7,0,0,0,0,0.0,EGT2CAN,0,1,15075,0,0.0
1778949440.1403248,0.0,14676,-51.0,0,-,0,0,0,0,0.0,-,0,0,0,0,0.0,ECU,1,1,14927,0,0.0,FAN1,0,0,0,0,0.0,COILS,8,1,0,0,0.0,PUMP,0,0,0,0,0.0,INJECTOR,8,1,87,0,0.0,SERVO,1,1,14971,0,0.0,ADD 1,0,1,15015,0,0.0,ADD 2,0,1,15031,0,0.0,ADD 3,0,1,14998,0,0.0,ADD 4,0,1,14998,0,0.0,ADD 5,0,0,0,0,0.0,ADD 6,0,1,15108,0,0.0,ADD 7,0,0,0,0,0.0,EGT2CAN,0,1,15075,0,0.0
1778949440.194489,0.0,14775,-53.0,0,-,0,0,0,0,0.0,-,0,0,0,0,0.0,ECU,1,1,14944,0,0.0,FAN1,0,0,0,0,0.0,COILS,8,1,0,0,0.0,PUMP,0,0,0,0,0.0,INJECTOR,8,1,82,0,0.0,SERVO,1,1,14829,0,0.0,ADD 1,0,1,14747,0,0.0,ADD 2,0,1,14752,0,0.0,ADD 3,0,1,14736,0,0.0,ADD 4,0,1,14686,0,0.0,ADD 5,0,0,0,0,0.0,ADD 6,0,1,14747,0,0.0,ADD 7,0,0,0,0,0.0,EGT2CAN,0,1,14670,0,0.0
1778949440.2456088,0.0,14775,-53.0,0,-,0,0,0,0,0.0,-,0,0,0,0,0.0,ECU,1,1,15009,0,0.0,FAN1,0,0,0,0,0.0,COILS,8,1,0,0,0.0,PUMP,0,0,0,0,0.0,INJECTOR,8,1,87,0,0.0,SERVO,1,1,14987,0,0.0,ADD 1,0,1,15080,0,0.0,ADD 2,0,1,15080,0,0.0,ADD 3,0,1,15064,0,0.0,ADD 4,0,1,15053,0,0.0,ADD 5,0,0,0,0,0.0,ADD 6,0,1,15069,0,0.0,ADD 7,0,0,0,0,0.0,EGT2CAN,0,1,15119,0,0.0
1778949440.29682,0.0,15072,-54.0,0,-,0,0,0,0,0.0,-,0,0,0,0,0.0,ECU,1,1,15009,0,0.0,FAN1,0,0,0,0,0.0,COILS,8,1,0,0,0.0,PUMP,0,0,0,0,0.0,INJECTOR,8,1,87,0,0.0,SERVO,1,1,14987,0,0.0,ADD 1,0,1,15080,0,0.0,ADD 2,0,1,15080,0,0.0,ADD 3,0,1,15064,0,0.0,ADD 4,0,1,15053,0,0.0,ADD 5,0,0,0,0,0.0,ADD 6,0,1,15069,0,0.0,ADD 7,0,0,0,0,0.0,EGT2CAN,0,1,15119,0,0.0
1778949440.369373,0.0,14651,-51.0,0,-,0,0,0,0,0.0,-,0,0,0,0,0.0,ECU,1,1,14927,0,0.0,FAN1,0,0,0,0,0.0,COILS,8,1,0,0,0.0,PUMP,0,0,0,0,0.0,INJECTOR,8,1,87,0,0.0,SERVO,1,1,14987,0,0.0,ADD 1,0,1,14632,0,0.0,ADD 2,0,1,14643,0,0.0,ADD 3,0,1,14648,0,0.0,ADD 4,0,1,14626,0,0.0,ADD 5,0,0,0,0,0.0,ADD 6,0,1,14643,0,0.0,ADD 7,0,0,0,0,0.0,EGT2CAN,0,1,14670,0,0.0
1778949440.4224055,0.0,14651,-51.0,0,-,0,0,0,0,0.0,-,0,0,0,0,0.0,ECU,1,1,14621,0,0.0,FAN1,0,0,0,0,0.0,COILS,8,1,0,0,0.0,PUMP,0,0,0,0,0.0,INJECTOR,8,1,92,0,0.0,SERVO,1,1,14659,0,0.0,ADD 1,0,1,14665,0,0.0,ADD 2,0,1,14714,0,0.0,ADD 3,0,1,14736,0,0.0,ADD 4,0,1,14686,0,0.0,ADD 5,0,0,0,0,0.0,ADD 6,0,1,14714,0,0.0,ADD 7,0,0,0,0,0.0,EGT2CAN,0,1,14659,0,0.0
1778949440.472808,0.0,14726,-51.0,0,-,0,0,0,0,0.0,-,0,0,0,0,0.0,ECU,1,1,15053,0,0.0,FAN1,0,0,0,0,0.0,COILS,8,1,0,0,0.0,PUMP,0,0,0,0,0.0,INJECTOR,8,1,92,0,0.0,SERVO,1,1,15069,0,0.0,ADD 1,0,1,14944,0,0.0,ADD 2,0,1,15113,0,0.0,ADD 3,0,1,14944,0,0.0,ADD 4,0,1,15015,0,0.0,ADD 5,0,0,0,0,0.0,ADD 6,0,1,15075,0,0.0,ADD 7,0,0,0,0,0.0,EGT2CAN,0,1,15020,0,0.0
1778949440.5239332,0.0,14726,-51.0,0,-,0,0,0,0,0.0,-,0,0,0,0,0.0,ECU,1,1,15053,0,0.0,FAN1,0,0,0,0,0.0,COILS,8,1,0,0,0.0,PUMP,0,0,0,0,0.0,INJECTOR,8,1,92,0,0.0,SERVO,1,1,15069,0,0.0,ADD 1,0,1,14944,0,0.0,ADD 2,0,1,15113,0,0.0,ADD 3,0,1,14944,0,0.0,ADD 4,0,1,15015,0,0.0,ADD 5,0,0,0,0,0.0,ADD 6,0,1,15075,0,0.0,ADD 7,0,0,0,0,0.0,EGT2CAN,0,1,15020,0,0.0
1778949440.5752919,0.0,14726,-51.0,0,-,0,0,0,0,0.0,-,0,0,0,0,0.0,ECU,1,1,14719,0,0.0,FAN1,0,0,0,0,0.0,COILS,8,1,0,0,0.0,PUMP,0,0,0,0,0.0,INJECTOR,8,1,87,0,0.0,SERVO,1,1,14626,0,0.0,ADD 1,0,1,14692,0,0.0,ADD 2,0,1,14659,0,0.0,ADD 3,0,1,14692,0,0.0,ADD 4,0,1,14604,0,0.0,ADD 5,0,0,0,0,0.0,ADD 6,0,1,14686,0,0.0,ADD 7,0,0,0,0,0.0,EGT2CAN,0,1,14659,0,0.0
1778949440.6260893,0.0,15085,-52.0,0,-,0,0,0,0,0.0,-,0,0,0,0,0.0,ECU,1,1,15080,0,0.0,FAN1,0,0,0,0,0.0,COILS,8,1,0,0,0.0,PUMP,0,0,0,0,0.0,INJECTOR,8,1,98,0,0.0,SERVO,1,1,15102,0,0.0,ADD 1,0,1,15108,0,0.0,ADD 2,0,1,15086,0,0.0,ADD 3,0,1,15058,0,0.0,ADD 4,0,1,15009,0,0.0,ADD 5,0,0,0,0,0.0,ADD 6,0,1,15080,0,0.0,ADD 7,0,0,0,0,0.0,EGT2CAN,0,1,15042,0,0.0
1778949440.694843,0.0,15085,-52.0,0,-,0,0,0,0,0.0,-,0,0,0,0,0.0,ECU,1,1,15015,0,0.0,FAN1,0,0,0,0,0.0,COILS,8,1,0,0,0.0,PUMP,0,0,0,0,0.0,INJECTOR,8,1,92,0,0.0,SERVO,1,1,14905,0,0.0,ADD 1,0,1,15108,0,0.0,ADD 2,0,1,15086,0,0.0,ADD 3,0,1,15058,0,0.0,ADD 4,0,1,15009,0,0.0,ADD 5,0,0,0,0,0.0,ADD 6,0,1,15080,0,0.0,ADD 7,0,0,0,0,0.0,EGT2CAN,0,1,15042,0,0.0
1778949440.7472744,0.0,14695,-52.0,0,-,0,0,0,0,0.0,-,0,0,0,0,0.0,ECU,1,1,14703,0,0.0,FAN1,0,0,0,0,0.0,COILS,8,1,0,0,0.0,PUMP,0,0,0,0,0.0,INJECTOR,8,1,87,0,0.0,SERVO,1,1,14654,0,0.0,ADD 1,0,1,14686,0,0.0,ADD 2,0,1,14686,0,0.0,ADD 3,0,1,14670,0,0.0,ADD 4,0,1,14670,0,0.0,ADD 5,0,0,0,0,0.0,ADD 6,0,1,14708,0,0.0,ADD 7,0,0,0,0,0.0,EGT2CAN,0,1,14686,0,0.0
1778949440.8056414,0.0,15035,-52.0,0,-,0,0,0,0,0.0,-,0,0,0,0,0.0,ECU,1,1,14725,0,0.0,FAN1,0,0,0,0,0.0,COILS,8,1,0,0,0.0,PUMP,0,0,0,0,0.0,INJECTOR,8,1,120,0,0.0,SERVO,1,1,14708,0,0.0,ADD 1,0,1,15009,0,0.0,ADD 2,0,1,15102,0,0.0,ADD 3,0,1,15102,0,0.0,ADD 4,0,1,15053,0,0.0,ADD 5,0,0,0,0,0.0,ADD 6,0,1,15069,0,0.0,ADD 7,0,0,0,0,0.0,EGT2CAN,0,1,15009,0,0.0
1778949440.855886,0.0,15035,-52.0,0,-,0,0,0,0,0.0,-,0,0,0,0,0.0,ECU,1,1,14878,0,0.0,FAN1,0,0,0,0,0.0,COILS,8,1,0,0,0.0,PUMP,0,0,0,0,0.0,INJECTOR,8,1,98,0,0.0,SERVO,1,1,14758,0,0.0,ADD 1,0,1,14763,0,0.0,ADD 2,0,1,14763,0,0.0,ADD 3,0,1,14659,0,0.0,ADD 4,0,1,14670,0,0.0,ADD 5,0,0,0,0,0.0,ADD 6,0,1,14708,0,0.0,ADD 7,0,0,0,0,0.0,EGT2CAN,0,1,14681,0,0.0
1778949440.9068637,0.0,14670,-51.0,0,-,0,0,0,0,0.0,-,0,0,0,0,0.0,ECU,1,1,14686,0,0.0,FAN1,0,0,0,0,0.0,COILS,8,1,0,0,0.0,PUMP,0,0,0,0,0.0,INJECTOR,8,1,98,0,0.0,SERVO,1,1,14621,0,0.0,ADD 1,0,1,14692,0,0.0,ADD 2,0,1,14659,0,0.0,ADD 3,0,1,14654,0,0.0,ADD 4,0,1,14632,0,0.0,ADD 5,0,0,0,0,0.0,ADD 6,0,1,14747,0,0.0,ADD 7,0,0,0,0,0.0,EGT2CAN,0,1,14610,0,0.0
1778949440.9579113,0.0,14825,-54.0,0,-,0,0,0,0,0.0,-,0,0,0,0,0.0,ECU,1,1,14686,0,0.0,FAN1,0,0,0,0,0.0,COILS,8,1,0,0,0.0,PUMP,0,0,0,0,0.0,INJECTOR,8,1,98,0,0.0,SERVO,1,1,14621,0,0.0,ADD 1,0,1,14692,0,0.0,ADD 2,0,1,14659,0,0.0,ADD 3,0,1,14654,0,0.0,ADD 4,0,1,14632,0,0.0,ADD 5,0,0,0,0,0.0,ADD 6,0,1,14747,0,0.0,ADD 7,0,0,0,0,0.0,EGT2CAN,0,1,14610,0,0.0
1778949441.0093486,0.0,14825,-54.0,0,-,0,0,0,0,0.0,-,0,0,0,0,0.0,ECU,1,1,14708,0,0.0,FAN1,0,0,0,0,0.0,COILS,8,1,0,0,0.0,PUMP,0,0,0,0,0.0,INJECTOR,8,1,82,0,0.0,SERVO,1,1,14654,0,0.0,ADD 1,0,1,14741,0,0.0,ADD 2,0,1,14725,0,0.0,ADD 3,0,1,14692,0,0.0,ADD 4,0,1,14621,0,0.0,ADD 5,0,0,0,0,0.0,ADD 6,0,1,14725,0,0.0,ADD 7,0,0,0,0,0.0,EGT2CAN,0,1,14697,0,0.0
1778949441.0598874,0.0,14794,-51.0,0,-,0,0,0,0,0.0,-,0,0,0,0,0.0,ECU,1,1,14834,0,0.0,FAN1,0,0,0,0,0.0,COILS,8,1,0,0,0.0,PUMP,0,0,0,0,0.0,INJECTOR,8,1,87,0,0.0,SERVO,1,1,14741,0,0.0,ADD 1,0,1,14834,0,0.0,ADD 2,0,1,14872,0,0.0,ADD 3,0,1,14807,0,0.0,ADD 4,0,1,14829,0,0.0,ADD 5,0,0,0,0,0.0,ADD 6,0,1,14894,0,0.0,ADD 7,0,0,0,0,0.0,EGT2CAN,0,1,14889,0,0.0
1778949441.1134565,0.0,14794,-51.0,0,-,0,0,0,0,0.0,-,0,0,0,0,0.0,ECU,1,1,14834,0,0.0,FAN1,0,0,0,0,0.0,COILS,8,1,0,0,0.0,PUMP,0,0,0,0,0.0,INJECTOR,8,1,87,0,0.0,SERVO,1,1,14741,0,0.0,ADD 1,0,1,14834,0,0.0,ADD 2,0,1,14872,0,0.0,ADD 3,0,1,14807,0,0.0,ADD 4,0,1,14829,0,0.0,ADD 5,0,0,0,0,0.0,ADD 6,0,1,14894,0,0.0,ADD 7,0,0,0,0,0.0,EGT2CAN,0,1,14889,0,0.0
1778949441.1638806,0.0,14794,-51.0,0,-,0,0,0,0,0.0,-,0,0,0,0,0.0,ECU,1,1,14993,0,0.0,FAN1,0,0,0,0,0.0,COILS,8,1,0,0,0.0,PUMP,0,0,0,0,0.0,INJECTOR,8,1,87,0,0.0,SERVO,1,1,15031,0,0.0,ADD 1,0,1,14703,0,0.0,ADD 2,0,1,14665,0,0.0,ADD 3,0,1,14676,0,0.0,ADD 4,0,1,14670,0,0.0,ADD 5,0,0,0,0,0.0,ADD 6,0,1,14670,0,0.0,ADD 7,0,0,0,0,0.0,EGT2CAN,0,1,14665,0,0.0
1778949441.2209315,0.0,14787,-51.0,0,-,0,0,0,0,0.0,-,0,0,0,0,0.0,ECU,1,1,14621,0,0.0,FAN1,0,0,0,0,0.0,COILS,8,1,0,0,0.0,PUMP,0,0,0,0,0.0,INJECTOR,8,1,92,0,0.0,SERVO,1,1,14703,0,0.0,ADD 1,0,1,14965,0,0.0,ADD 2,0,1,14922,0,0.0,ADD 3,0,1,14944,0,0.0,ADD 4,0,1,14889,0,0.0,ADD 5,0,0,0,0,0.0,ADD 6,0,1,14894,0,0.0,ADD 7,0,0,0,0,0.0,EGT2CAN,0,1,14840,0,0.0
1778949441.2904441,0.0,14936,-51.0,0,-,0,0,0,0,0.0,-,0,0,0,0,0.0,ECU,1,1,15102,0,0.0,FAN1,0,0,0,0,0.0,COILS,8,1,0,0,0.0,PUMP,0,0,0,0,0.0,INJECTOR,8,1,92,0,0.0,SERVO,1,1,14703,0,0.0,ADD 1,0,1,14965,0,0.0,ADD 2,0,1,14922,0,0.0,ADD 3,0,1,14944,0,0.0,ADD 4,0,1,14889,0,0.0,ADD 5,0,0,0,0,0.0,ADD 6,0,1,14894,0,0.0,ADD 7,0,0,0,0,0.0,EGT2CAN,0,1,14840,0,0.0
1778949441.3413243,0.0,14701,-51.0,0,-,0,0,0,0,0.0,-,0,0,0,0,0.0,ECU,1,1,14665,0,0.0,FAN1,0,0,0,0,0.0,COILS,8,1,0,0,0.0,PUMP,0,0,0,0,0.0,INJECTOR,8,1,92,0,0.0,SERVO,1,1,14736,0,0.0,ADD 1,0,1,14779,0,0.0,ADD 2,0,1,14790,0,0.0,ADD 3,0,1,14692,0,0.0,ADD 4,0,1,14736,0,0.0,ADD 5,0,0,0,0,0.0,ADD 6,0,1,14823,0,0.0,ADD 7,0,0,0,0,0.0,EGT2CAN,0,1,14801,0,0.0
1778949441.3921874,0.0,14967,-52.0,0,-,0,0,0,0,0.0,-,0,0,0,0,0.0,ECU,1,1,14714,0,0.0,FAN1,0,0,0,0,0.0,COILS,8,1,0,0,0.0,PUMP,0,0,0,0,0.0,INJECTOR,8,1,87,0,0.0,SERVO,1,1,14670,0,0.0,ADD 1,0,1,14730,0,0.0,ADD 2,0,1,14681,0,0.0,ADD 3,0,1,14665,0,0.0,ADD 4,0,1,14599,0,0.0,ADD 5,0,0,0,0,0.0,ADD 6,0,1,14632,0,0.0,ADD 7,0,0,0,0,0.0,EGT2CAN,0,1,14697,0,0.0
1778949441.4432435,0.0,14967,-52.0,0,-,0,0,0,0,0.0,-,0,0,0,0,0.0,ECU,1,1,15064,0,0.0,FAN1,0,0,0,0,0.0,COILS,8,1,0,0,0.0,PUMP,0,0,0,0,0.0,INJECTOR,8,1,98,0,0.0,SERVO,1,1,14993,0,0.0,ADD 1,0,1,14730,0,0.0,ADD 2,0,1,14681,0,0.0,ADD 3,0,1,14665,0,0.0,ADD 4,0,1,14599,0,0.0,ADD 5,0,0,0,0,0.0,ADD 6,0,1,14632,0,0.0,ADD 7,0,0,0,0,0.0,EGT2CAN,0,1,14697,0,0.0
1778949441.5059156,0.0,14812,-54.0,0,-,0,0,0,0,0.0,-,0,0,0,0,0.0,ECU,1,1,14807,0,0.0,FAN1,0,0,0,0,0.0,COILS,8,1,0,0,0.0,PUMP,0,0,0,0,0.0,INJECTOR,8,1,87,0,0.0,SERVO,1,1,14659,0,0.0,ADD 1,0,1,14829,0,0.0,ADD 2,0,1,14905,0,0.0,ADD 3,0,1,14861,0,0.0,ADD 4,0,1,14801,0,0.0,ADD 5,0,0,0,0,0.0,ADD 6,0,1,14889,0,0.0,ADD 7,0,0,0,0,0.0,EGT2CAN,0,1,14911,0,0.0
1778949441.5561876,0.0,14676,-51.0,0,-,0,0,0,0,0.0,-,0,0,0,0,0.0,ECU,1,1,15037,0,0.0,FAN1,0,0,0,0,0.0,COILS,8,1,0,0,0.0,PUMP,0,0,0,0,0.0,INJECTOR,8,1,82,0,0.0,SERVO,1,1,15047,0,0.0,ADD 1,0,1,14676,0,0.0,ADD 2,0,1,14708,0,0.0,ADD 3,0,1,14697,0,0.0,ADD 4,0,1,14632,0,0.0,ADD 5,0,0,0,0,0.0,ADD 6,0,1,14714,0,0.0,ADD 7,0,0,0,0,0.0,EGT2CAN,0,1,14654,0,0.0
1778949441.6068618,0.0,14676,-51.0,0,-,0,0,0,0,0.0,-,0,0,0,0,0.0,ECU,1,1,14681,0,0.0,FAN1,0,0,0,0,0.0,COILS,8,1,0,0,0.0,PUMP,0,0,0,0,0.0,INJECTOR,8,1,92,0,0.0,SERVO,1,1,14626,0,0.0,ADD 1,0,1,14725,0,0.0,ADD 2,0,1,14692,0,0.0,ADD 3,0,1,14686,0,0.0,ADD 4,0,1,14648,0,0.0,ADD 5,0,0,0,0,0.0,ADD 6,0,1,14758,0,0.0,ADD 7,0,0,0,0,0.0,EGT2CAN,0,1,14714,0,0.0
1778949441.65774,0.0,14917,-51.0,0,-,0,0,0,0,0.0,-,0,0,0,0,0.0,ECU,1,1,14736,0,0.0,FAN1,0,0,0,0,0.0,COILS,8,1,0,0,0.0,PUMP,0,0,0,0,0.0,INJECTOR,8,1,87,0,0.0,SERVO,1,1,14659,0,0.0,ADD 1,0,1,14851,0,0.0,ADD 2,0,1,14894,0,0.0,ADD 3,0,1,14872,0,0.0,ADD 4,0,1,14834,0,0.0,ADD 5,0,0,0,0,0.0,ADD 6,0,1,14779,0,0.0,ADD 7,0,0,0,0,0.0,EGT2CAN,0,1,14659,0,0.0
1778949441.7255044,0.0,14763,-51.0,0,-,0,0,0,0,0.0,-,0,0,0,0,0.0,ECU,1,1,15108,0,0.0,FAN1,0,0,0,0,0.0,COILS,8,1,0,0,0.0,PUMP,0,0,0,0,0.0,INJECTOR,8,1,92,0,0.0,SERVO,1,1,15004,0,0.0,ADD 1,0,1,15047,0,0.0,ADD 2,0,1,15037,0,0.0,ADD 3,0,1,15037,0,0.0,ADD 4,0,1,14954,0,0.0,ADD 5,0,0,0,0,0.0,ADD 6,0,1,15026,0,0.0,ADD 7,0,0,0,0,0.0,EGT2CAN,0,1,14987,0,0.0
1778949441.7765214,0.0,14682,-52.0,0,-,0,0,0,0,0.0,-,0,0,0,0,0.0,ECU,1,1,14714,0,0.0,FAN1,0,0,0,0,0.0,COILS,8,1,0,0,0.0,PUMP,0,0,0,0,0.0,INJECTOR,8,1,82,0,0.0,SERVO,1,1,14692,0,0.0,ADD 1,0,1,14708,0,0.0,ADD 2,0,1,14747,0,0.0,ADD 3,0,1,14676,0,0.0,ADD 4,0,1,14686,0,0.0,ADD 5,0,0,0,0,0.0,ADD 6,0,1,14708,0,0.0,ADD 7,0,0,0,0,0.0,EGT2CAN,0,1,14714,0,0.0
1778949441.830506,0.0,14682,-52.0,0,-,0,0,0,0,0.0,-,0,0,0,0,0.0,ECU,1,1,15080,0,0.0,FAN1,0,0,0,0,0.0,COILS,8,1,0,0,0.0,PUMP,0,0,0,0,0.0,INJECTOR,8,1,87,0,0.0,SERVO,1,1,15069,0,0.0,ADD 1,0,1,14708,0,0.0,ADD 2,0,1,14747,0,0.0,ADD 3,0,1,14676,0,0.0,ADD 4,0,1,14686,0,0.0,ADD 5,0,0,0,0,0.0,ADD 6,0,1,14708,0,0.0,ADD 7,0,0,0,0,0.0,EGT2CAN,0,1,14714,0,0.0
1778949441.8816113,0.0,15029,-52.0,0,-,0,0,0,0,0.0,-,0,0,0,0,0.0,ECU,1,1,15080,0,0.0,FAN1,0,0,0,0,0.0,COILS,8,1,0,0,0.0,PUMP,0,0,0,0,0.0,INJECTOR,8,1,87,0,0.0,SERVO,1,1,15069,0,0.0,ADD 1,0,1,15080,0,0.0,ADD 2,0,1,15146,0,0.0,ADD 3,0,1,15108,0,0.0,ADD 4,0,1,15026,0,0.0,ADD 5,0,0,0,0,0.0,ADD 6,0,1,15097,0,0.0,ADD 7,0,0,0,0,0.0,EGT2CAN,0,1,14954,0,0.0
1778949441.9392915,0.0,14732,-51.0,0,-,0,0,0,0,0.0,-,0,0,0,0,0.0,ECU,1,1,14648,0,0.0,FAN1,0,0,0,0,0.0,COILS,8,1,0,0,0.0,PUMP,0,0,0,0,0.0,INJECTOR,8,1,87,0,0.0,SERVO,1,1,14692,0,0.0,ADD 1,0,1,14714,0,0.0,ADD 2,0,1,14730,0,0.0,ADD 3,0,1,14676,0,0.0,ADD 4,0,1,14588,0,0.0,ADD 5,0,0,0,0,0.0,ADD 6,0,1,14725,0,0.0,ADD 7,0,0,0,0,0.0,EGT2CAN,0,1,14670,0,0.0
1778949442.0031998,0.0,14732,-51.0,0,-,0,0,0,0,0.0,-,0,0,0,0,0.0,ECU,1,1,14752,0,0.0,FAN1,0,0,0,0,0.0,COILS,8,1,0,0,0.0,PUMP,0,0,0,0,0.0,INJECTOR,8,1,87,0,0.0,SERVO,1,1,14692,0,0.0,ADD 1,0,1,14714,0,0.0,ADD 2,0,1,14730,0,0.0,ADD 3,0,1,14676,0,0.0,ADD 4,0,1,14588,0,0.0,ADD 5,0,0,0,0,0.0,ADD 6,0,1,14725,0,0.0,ADD 7,0,0,0,0,0.0,EGT2CAN,0,1,14670,0,0.0
1778949442.0576792,0.0,14769,-52.0,0,-,0,0,0,0,0.0,-,0,0,0,0,0.0,ECU,1,1,14933,0,0.0,FAN1,0,0,0,0,0.0,COILS,8,1,0,0,0.0,PUMP,0,0,0,0,0.0,INJECTOR,8,1,98,0,0.0,SERVO,1,1,14993,0,0.0,ADD 1,0,1,15053,0,0.0,ADD 2,0,1,15058,0,0.0,ADD 3,0,1,15020,0,0.0,ADD 4,0,1,15015,0,0.0,ADD 5,0,0,0,0,0.0,ADD 6,0,1,15140,0,0.0,ADD 7,0,0,0,0,0.0,EGT2CAN,0,1,15042,0,0.0
1778949442.1086988,0.0,14713,-54.0,0,-,0,0,0,0,0.0,-,0,0,0,0,0.0,ECU,1,1,14933,0,0.0,FAN1,0,0,0,0,0.0,COILS,8,1,0,0,0.0,PUMP,0,0,0,0,0.0,INJECTOR,8,1,98,0,0.0,SERVO,1,1,14993,0,0.0,ADD 1,0,1,15053,0,0.0,ADD 2,0,1,15058,0,0.0,ADD 3,0,1,15020,0,0.0,ADD 4,0,1,15015,0,0.0,ADD 5,0,0,0,0,0.0,ADD 6,0,1,15140,0,0.0,ADD 7,0,0,0,0,0.0,EGT2CAN,0,1,15042,0,0.0
1778949442.1596932,0.0,14713,-54.0,0,-,0,0,0,0,0.0,-,0,0,0,0,0.0,ECU,1,1,14708,0,0.0,FAN1,0,0,0,0,0.0,COILS,8,1,0,0,0.0,PUMP,0,0,0,0,0.0,INJECTOR,8,1,87,0,0.0,SERVO,1,1,14692,0,0.0,ADD 1,0,1,14681,0,0.0,ADD 2,0,1,14692,0,0.0,ADD 3,0,1,14665,0,0.0,ADD 4,0,1,14599,0,0.0,ADD 5,0,0,0,0,0.0,ADD 6,0,1,14676,0,0.0,ADD 7,0,0,0,0,0.0,EGT2CAN,0,1,14648,0,0.0
1778949442.2169025,0.0,14695,-52.0,0,-,0,0,0,0,0.0,-,0,0,0,0,0.0,ECU,1,1,15124,0,0.0,FAN1,0,0,0,0,0.0,COILS,8,1,0,0,0.0,PUMP,0,0,0,0,0.0,INJECTOR,8,1,87,0,0.0,SERVO,1,1,15053,0,0.0,ADD 1,0,1,15135,0,0.0,ADD 2,0,1,15119,0,0.0,ADD 3,0,1,15108,0,0.0,ADD 4,0,1,15004,0,0.0,ADD 5,0,0,0,0,0.0,ADD 6,0,1,14976,0,0.0,ADD 7,0,0,0,0,0.0,EGT2CAN,0,1,14878,0,0.0
1778949442.271654,0.0,15060,-52.0,0,-,0,0,0,0,0.0,-,0,0,0,0,0.0,ECU,1,1,14752,0,0.0,FAN1,0,0,0,0,0.0,COILS,8,1,0,0,0.0,PUMP,0,0,0,0,0.0,INJECTOR,8,1,87,0,0.0,SERVO,1,1,15053,0,0.0,ADD 1,0,1,15135,0,0.0,ADD 2,0,1,15119,0,0.0,ADD 3,0,1,15108,0,0.0,ADD 4,0,1,15004,0,0.0,ADD 5,0,0,0,0,0.0,ADD 6,0,1,14976,0,0.0,ADD 7,0,0,0,0,0.0,EGT2CAN,0,1,14878,0,0.0
1778949442.334775,0.0,14750,-52.0,0,-,0,0,0,0,0.0,-,0,0,0,0,0.0,ECU,1,1,15119,0,0.0,FAN1,0,0,0,0,0.0,COILS,8,1,0,0,0.0,PUMP,0,0,0,0,0.0,INJECTOR,8,1,87,0,0.0,SERVO,1,1,15053,0,0.0,ADD 1,0,1,14686,0,0.0,ADD 2,0,1,14736,0,0.0,ADD 3,0,1,14692,0,0.0,ADD 4,0,1,14648,0,0.0,ADD 5,0,0,0,0,0.0,ADD 6,0,1,14736,0,0.0,ADD 7,0,0,0,0,0.0,EGT2CAN,0,1,14654,0,0.0
1778949442.3859577,0.0,14726,-51.0,0,-,0,0,0,0,0.0,-,0,0,0,0,0.0,ECU,1,1,14714,0,0.0,FAN1,0,0,0,0,0.0,COILS,8,1,0,0,0.0,PUMP,0,0,0,0,0.0,INJECTOR,8,1,87,0,0.0,SERVO,1,1,14692,0,0.0,ADD 1,0,1,14747,0,0.0,ADD 2,0,1,14708,0,0.0,ADD 3,0,1,14714,0,0.0,ADD 4,0,1,14676,0,0.0,ADD 5,0,0,0,0,0.0,ADD 6,0,1,14763,0,0.0,ADD 7,0,0,0,0,0.0,EGT2CAN,0,1,14681,0,0.0
1778949442.4385586,0.0,14726,-51.0,0,-,0,0,0,0,0.0,-,0,0,0,0,0.0,ECU,1,1,14714,0,0.0,FAN1,0,0,0,0,0.0,COILS,8,1,0,0,0.0,PUMP,0,0,0,0,0.0,INJECTOR,8,1,87,0,0.0,SERVO,1,1,14692,0,0.0,ADD 1,0,1,14747,0,0.0,ADD 2,0,1,14708,0,0.0,ADD 3,0,1,14714,0,0.0,ADD 4,0,1,14676,0,0.0,ADD 5,0,0,0,0,0.0,ADD 6,0,1,14763,0,0.0,ADD 7,0,0,0,0,0.0,EGT2CAN,0,1,14681,0,0.0
1778949442.4889405,0.0,14911,-51.0,0,-,0,0,0,0,0.0,-,0,0,0,0,0.0,ECU,1,1,15031,0,0.0,FAN1,0,0,0,0,0.0,COILS,8,1,0,0,0.0,PUMP,0,0,0,0,0.0,INJECTOR,8,1,98,0,0.0,SERVO,1,1,14900,0,0.0,ADD 1,0,1,14872,0,0.0,ADD 2,0,1,14911,0,0.0,ADD 3,0,1,14851,0,0.0,ADD 4,0,1,14779,0,0.0,ADD 5,0,0,0,0,0.0,ADD 6,0,1,14769,0,0.0,ADD 7,0,0,0,0,0.0,EGT2CAN,0,1,14725,0,0.0
1778949442.540892,0.0,14911,-51.0,0,-,0,0,0,0,0.0,-,0,0,0,0,0.0,ECU,1,1,14774,0,0.0,FAN1,0,0,0,0,0.0,COILS,8,1,0,0,0.0,PUMP,0,0,0,0,0.0,INJECTOR,8,1,87,0,0.0,SERVO,1,1,14851,0,0.0,ADD 1,0,1,14905,0,0.0,ADD 2,0,1,14922,0,0.0,ADD 3,0,1,14867,0,0.0,ADD 4,0,1,14851,0,0.0,ADD 5,0,0,0,0,0.0,ADD 6,0,1,14949,0,0.0,ADD 7,0,0,0,0,0.0,EGT2CAN,0,1,14922,0,0.0
1778949442.591882,0.0,14738,-52.0,0,-,0,0,0,0,0.0,-,0,0,0,0,0.0,ECU,1,1,14648,0,0.0,FAN1,0,0,0,0,0.0,COILS,8,1,0,0,0.0,PUMP,0,0,0,0,0.0,INJECTOR,8,1,87,0,0.0,SERVO,1,1,14851,0,0.0,ADD 1,0,1,14905,0,0.0,ADD 2,0,1,14922,0,0.0,ADD 3,0,1,14867,0,0.0,ADD 4,0,1,14851,0,0.0,ADD 5,0,0,0,0,0.0,ADD 6,0,1,14949,0,0.0,ADD 7,0,0,0,0,0.0,EGT2CAN,0,1,14922,0,0.0
1778949442.6460445,0.0,14769,-51.0,0,-,0,0,0,0,0.0,-,0,0,0,0,0.0,ECU,1,1,14719,0,0.0,FAN1,0,0,0,0,0.0,COILS,8,1,0,0,0.0,PUMP,0,0,0,0,0.0,INJECTOR,8,1,92,0,0.0,SERVO,1,1,14692,0,0.0,ADD 1,0,1,14763,0,0.0,ADD 2,0,1,14779,0,0.0,ADD 3,0,1,14747,0,0.0,ADD 4,0,1,14659,0,0.0,ADD 5,0,0,0,0,0.0,ADD 6,0,1,14741,0,0.0,ADD 7,0,0,0,0,0.0,EGT2CAN,0,1,14758,0,0.0
1778949442.7036061,0.0,14769,-51.0,0,-,0,0,0,0,0.0,-,0,0,0,0,0.0,ECU,1,1,15009,0,0.0,FAN1,0,0,0,0,0.0,COILS,8,1,0,0,0.0,PUMP,0,0,0,0,0.0,INJECTOR,8,1,98,0,0.0,SERVO,1,1,14900,0,0.0,ADD 1,0,1,14965,0,0.0,ADD 2,0,1,14965,0,0.0,ADD 3,0,1,14905,0,0.0,ADD 4,0,1,14823,0,0.0,ADD 5,0,0,0,0,0.0,ADD 6,0,1,14741,0,0.0,ADD 7,0,0,0,0,0.0,EGT2CAN,0,1,14758,0,0.0
1778949442.767124,0.0,14744,-51.0,0,-,0,0,0,0,0.0,-,0,0,0,0,0.0,ECU,1,1,14938,0,0.0,FAN1,0,0,0,0,0.0,COILS,8,1,0,0,0.0,PUMP,0,0,0,0,0.0,INJECTOR,8,1,87,0,0.0,SERVO,1,1,14971,0,0.0,ADD 1,0,1,14648,0,0.0,ADD 2,0,1,14730,0,0.0,ADD 3,0,1,14681,0,0.0,ADD 4,0,1,14654,0,0.0,ADD 5,0,0,0,0,0.0,ADD 6,0,1,14714,0,0.0,ADD 7,0,0,0,0,0.0,EGT2CAN,0,1,14648,0,0.0
1778949442.8185048,0.0,14744,-51.0,0,-,0,0,0,0,0.0,-,0,0,0,0,0.0,ECU,1,1,14938,0,0.0,FAN1,0,0,0,0,0.0,COILS,8,1,0,0,0.0,PUMP,0,0,0,0,0.0,INJECTOR,8,1,87,0,0.0,SERVO,1,1,14971,0,0.0,ADD 1,0,1,14648,0,0.0,ADD 2,0,1,14730,0,0.0,ADD 3,0,1,14681,0,0.0,ADD 4,0,1,14654,0,0.0,ADD 5,0,0,0,0,0.0,ADD 6,0,1,14714,0,0.0,ADD 7,0,0,0,0,0.0,EGT2CAN,0,1,14648,0,0.0
1778949442.8691568,0.0,14744,-51.0,0,-,0,0,0,0,0.0,-,0,0,0,0,0.0,ECU,1,1,14654,0,0.0,FAN1,0,0,0,0,0.0,COILS,8,1,0,0,0.0,PUMP,0,0,0,0,0.0,INJECTOR,8,1,87,0,0.0,SERVO,1,1,14665,0,0.0,ADD 1,0,1,14692,0,0.0,ADD 2,0,1,14741,0,0.0,ADD 3,0,1,14719,0,0.0,ADD 4,0,1,14708,0,0.0,ADD 5,0,0,0,0,0.0,ADD 6,0,1,14714,0,0.0,ADD 7,0,0,0,0,0.0,EGT2CAN,0,1,14648,0,0.0
1778949442.9321544,0.0,14905,-52.0,0,-,0,0,0,0,0.0,-,0,0,0,0,0.0,ECU,1,1,14719,0,0.0,FAN1,0,0,0,0,0.0,COILS,8,1,0,0,0.0,PUMP,0,0,0,0,0.0,INJECTOR,8,1,87,0,0.0,SERVO,1,1,14714,0,0.0,ADD 1,0,1,14769,0,0.0,ADD 2,0,1,14725,0,0.0,ADD 3,0,1,14752,0,0.0,ADD 4,0,1,14676,0,0.0,ADD 5,0,0,0,0,0.0,ADD 6,0,1,14741,0,0.0,ADD 7,0,0,0,0,0.0,EGT2CAN,0,1,14741,0,0.0
1778949442.9833338,0.0,14905,-52.0,0,-,0,0,0,0,0.0,-,0,0,0,0,0.0,ECU,1,1,14785,0,0.0,FAN1,0,0,0,0,0.0,COILS,8,1,0,0,0.0,PUMP,0,0,0,0,0.0,INJECTOR,8,1,87,0,0.0,SERVO,1,1,14714,0,0.0,ADD 1,0,1,14769,0,0.0,ADD 2,0,1,14725,0,0.0,ADD 3,0,1,14752,0,0.0,ADD 4,0,1,14676,0,0.0,ADD 5,0,0,0,0,0.0,ADD 6,0,1,14741,0,0.0,ADD 7,0,0,0,0,0.0,EGT2CAN,0,1,14741,0,0.0
1778949443.0344534,0.0,14905,-52.0,0,-,0,0,0,0,0.0,-,0,0,0,0,0.0,ECU,1,1,14785,0,0.0,FAN1,0,0,0,0,0.0,COILS,8,1,0,0,0.0,PUMP,0,0,0,0,0.0,INJECTOR,8,1,87,0,0.0,SERVO,1,1,14823,0,0.0,ADD 1,0,1,14861,0,0.0,ADD 2,0,1,14911,0,0.0,ADD 3,0,1,14916,0,0.0,ADD 4,0,1,14872,0,0.0,ADD 5,0,0,0,0,0.0,ADD 6,0,1,14878,0,0.0,ADD 7,0,0,0,0,0.0,EGT2CAN,0,1,14922,0,0.0
1778949443.0854087,0.0,14750,-51.0,0,-,0,0,0,0,0.0,-,0,0,0,0,0.0,ECU,1,1,14730,0,0.0,FAN1,0,0,0,0,0.0,COILS,8,1,0,0,0.0,PUMP,0,0,0,0,0.0,INJECTOR,8,1,87,0,0.0,SERVO,1,1,14719,0,0.0,ADD 1,0,1,14736,0,0.0,ADD 2,0,1,14774,0,0.0,ADD 3,0,1,14725,0,0.0,ADD 4,0,1,14665,0,0.0,ADD 5,0,0,0,0,0.0,ADD 6,0,1,14763,0,0.0,ADD 7,0,0,0,0,0.0,EGT2CAN,0,1,14714,0,0.0
1778949443.141264,0.0,14750,-51.0,0,-,0,0,0,0,0.0,-,0,0,0,0,0.0,ECU,1,1,14769,0,0.0,FAN1,0,0,0,0,0.0,COILS,8,1,0,0,0.0,PUMP,0,0,0,0,0.0,INJECTOR,8,1,87,0,0.0,SERVO,1,1,15075,0,0.0,ADD 1,0,1,14736,0,0.0,ADD 2,0,1,14774,0,0.0,ADD 3,0,1,14725,0,0.0,ADD 4,0,1,14665,0,0.0,ADD 5,0,0,0,0,0.0,ADD 6,0,1,14763,0,0.0,ADD 7,0,0,0,0,0.0,EGT2CAN,0,1,14714,0,0.0
1778949443.2070863,0.0,14924,-54.0,0,-,0,0,0,0,0.0,-,0,0,0,0,0.0,ECU,1,1,14801,0,0.0,FAN1,0,0,0,0,0.0,COILS,8,1,0,0,0.0,PUMP,0,0,0,0,0.0,INJECTOR,8,1,92,0,0.0,SERVO,1,1,14861,0,0.0,ADD 1,0,1,14730,0,0.0,ADD 2,0,1,14670,0,0.0,ADD 3,0,1,14692,0,0.0,ADD 4,0,1,14670,0,0.0,ADD 5,0,0,0,0,0.0,ADD 6,0,1,14741,0,0.0,ADD 7,0,0,0,0,0.0,EGT2CAN,0,1,14665,0,0.0
1778949443.258921,0.0,14676,-54.0,0,-,0,0,0,0,0.0,-,0,0,0,0,0.0,ECU,1,1,14801,0,0.0,FAN1,0,0,0,0,0.0,COILS,8,1,0,0,0.0,PUMP,0,0,0,0,0.0,INJECTOR,8,1,92,0,0.0,SERVO,1,1,14861,0,0.0,ADD 1,0,1,14730,0,0.0,ADD 2,0,1,14670,0,0.0,ADD 3,0,1,14692,0,0.0,ADD 4,0,1,14670,0,0.0,ADD 5,0,0,0,0,0.0,ADD 6,0,1,14741,0,0.0,ADD 7,0,0,0,0,0.0,EGT2CAN,0,1,14665,0,0.0
1778949443.3101313,0.0,14676,-54.0,0,-,0,0,0,0,0.0,-,0,0,0,0,0.0,ECU,1,1,14714,0,0.0,FAN1,0,0,0,0,0.0,COILS,8,1,0,0,0.0,PUMP,0,0,0,0,0.0,INJECTOR,8,1,92,0,0.0,SERVO,1,1,14681,0,0.0,ADD 1,0,1,14730,0,0.0,ADD 2,0,1,14670,0,0.0,ADD 3,0,1,14692,0,0.0,ADD 4,0,1,14670,0,0.0,ADD 5,0,0,0,0,0.0,ADD 6,0,1,14741,0,0.0,ADD 7,0,0,0,0,0.0,EGT2CAN,0,1,14665,0,0.0
1778949443.3621182,0.0,14880,-52.0,0,-,0,0,0,0,0.0,-,0,0,0,0,0.0,ECU,1,1,15102,0,0.0,FAN1,0,0,0,0,0.0,COILS,8,1,0,0,0.0,PUMP,0,0,0,0,0.0,INJECTOR,8,1,82,0,0.0,SERVO,1,1,15108,0,0.0,ADD 1,0,1,15146,0,0.0,ADD 2,0,1,15179,0,0.0,ADD 3,0,1,15097,0,0.0,ADD 4,0,1,15113,0,0.0,ADD 5,0,0,0,0,0.0,ADD 6,0,1,15140,0,0.0,ADD 7,0,0,0,0,0.0,EGT2CAN,0,1,15075,0,0.0
1778949443.4221249,0.0,14701,-51.0,0,-,0,0,0,0,0.0,-,0,0,0,0,0.0,ECU,1,1,14692,0,0.0,FAN1,0,0,0,0,0.0,COILS,8,1,0,0,0.0,PUMP,0,0,0,0,0.0,INJECTOR,8,1,82,0,0.0,SERVO,1,1,15108,0,0.0,ADD 1,0,1,15146,0,0.0,ADD 2,0,1,15179,0,0.0,ADD 3,0,1,15097,0,0.0,ADD 4,0,1,15113,0,0.0,ADD 5,0,0,0,0,0.0,ADD 6,0,1,15140,0,0.0,ADD 7,0,0,0,0,0.0,EGT2CAN,0,1,15075,0,0.0
1778949443.4731,0.0,14701,-51.0,0,-,0,0,0,0,0.0,-,0,0,0,0,0.0,ECU,1,1,14692,0,0.0,FAN1,0,0,0,0,0.0,COILS,8,1,0,0,0.0,PUMP,0,0,0,0,0.0,INJECTOR,8,1,87,0,0.0,SERVO,1,1,14752,0,0.0,ADD 1,0,1,14736,0,0.0,ADD 2,0,1,14763,0,0.0,ADD 3,0,1,14659,0,0.0,ADD 4,0,1,14736,0,0.0,ADD 5,0,0,0,0,0.0,ADD 6,0,1,14818,0,0.0,ADD 7,0,0,0,0,0.0,EGT2CAN,0,1,14812,0,0.0
1778949443.529727,0.0,14837,-52.0,0,-,0,0,0,0,0.0,-,0,0,0,0,0.0,ECU,1,1,14845,0,0.0,FAN1,0,0,0,0,0.0,COILS,8,1,0,0,0.0,PUMP,0,0,0,0,0.0,INJECTOR,8,1,98,0,0.0,SERVO,1,1,14752,0,0.0,ADD 1,0,1,14785,0,0.0,ADD 2,0,1,14812,0,0.0,ADD 3,0,1,14730,0,0.0,ADD 4,0,1,14665,0,0.0,ADD 5,0,0,0,0,0.0,ADD 6,0,1,14719,0,0.0,ADD 7,0,0,0,0,0.0,EGT2CAN,0,1,14703,0,0.0
1778949443.5855384,0.0,14837,-52.0,0,-,0,0,0,0,0.0,-,0,0,0,0,0.0,ECU,1,1,14708,0,0.0,FAN1,0,0,0,0,0.0,COILS,8,1,0,0,0.0,PUMP,0,0,0,0,0.0,INJECTOR,8,1,98,0,0.0,SERVO,1,1,14752,0,0.0,ADD 1,0,1,14785,0,0.0,ADD 2,0,1,14812,0,0.0,ADD 3,0,1,14730,0,0.0,ADD 4,0,1,14665,0,0.0,ADD 5,0,0,0,0,0.0,ADD 6,0,1,14719,0,0.0,ADD 7,0,0,0,0,0.0,EGT2CAN,0,1,14703,0,0.0
1778949443.6365905,0.0,14732,-52.0,0,-,0,0,0,0,0.0,-,0,0,0,0,0.0,ECU,1,1,14872,0,0.0,FAN1,0,0,0,0,0.0,COILS,8,1,0,0,0.0,PUMP,0,0,0,0,0.0,INJECTOR,8,1,92,0,0.0,SERVO,1,1,14922,0,0.0,ADD 1,0,1,14714,0,0.0,ADD 2,0,1,14714,0,0.0,ADD 3,0,1,14648,0,0.0,ADD 4,0,1,14610,0,0.0,ADD 5,0,0,0,0,0.0,ADD 6,0,1,14676,0,0.0,ADD 7,0,0,0,0,0.0,EGT2CAN,0,1,14703,0,0.0
1778949443.6874316,0.0,14831,-51.0,0,-,0,0,0,0,0.0,-,0,0,0,0,0.0,ECU,1,1,14736,0,0.0,FAN1,0,0,0,0,0.0,COILS,8,1,0,0,0.0,PUMP,0,0,0,0,0.0,INJECTOR,8,1,87,0,0.0,SERVO,1,1,14714,0,0.0,ADD 1,0,1,14725,0,0.0,ADD 2,0,1,14796,0,0.0,ADD 3,0,1,14725,0,0.0,ADD 4,0,1,14714,0,0.0,ADD 5,0,0,0,0,0.0,ADD 6,0,1,14785,0,0.0,ADD 7,0,0,0,0,0.0,EGT2CAN,0,1,14736,0,0.0
1778949443.738743,0.0,14831,-51.0,0,-,0,0,0,0,0.0,-,0,0,0,0,0.0,ECU,1,1,14736,0,0.0,FAN1,0,0,0,0,0.0,COILS,8,1,0,0,0.0,PUMP,0,0,0,0,0.0,INJECTOR,8,1,87,0,0.0,SERVO,1,1,14714,0,0.0,ADD 1,0,1,14725,0,0.0,ADD 2,0,1,14796,0,0.0,ADD 3,0,1,14725,0,0.0,ADD 4,0,1,14714,0,0.0,ADD 5,0,0,0,0,0.0,ADD 6,0,1,14785,0,0.0,ADD 7,0,0,0,0,0.0,EGT2CAN,0,1,14736,0,0.0
1778949443.800825,0.0,14726,-52.0,0,-,0,0,0,0,0.0,-,0,0,0,0,0.0,ECU,1,1,14829,0,0.0,FAN1,0,0,0,0,0.0,COILS,8,1,0,0,0.0,PUMP,0,0,0,0,0.0,INJECTOR,8,1,92,0,0.0,SERVO,1,1,14872,0,0.0,ADD 1,0,1,14922,0,0.0,ADD 2,0,1,14949,0,0.0,ADD 3,0,1,14944,0,0.0,ADD 4,0,1,14905,0,0.0,ADD 5,0,0,0,0,0.0,ADD 6,0,1,15042,0,0.0,ADD 7,0,0,0,0,0.0,EGT2CAN,0,1,14987,0,0.0
1778949443.852306,0.0,14726,-52.0,0,-,0,0,0,0,0.0,-,0,0,0,0,0.0,ECU,1,1,14752,0,0.0,FAN1,0,0,0,0,0.0,COILS,8,1,0,0,0.0,PUMP,0,0,0,0,0.0,INJECTOR,8,1,87,0,0.0,SERVO,1,1,14697,0,0.0,ADD 1,0,1,14714,0,0.0,ADD 2,0,1,14692,0,0.0,ADD 3,0,1,14719,0,0.0,ADD 4,0,1,14659,0,0.0,ADD 5,0,0,0,0,0.0,ADD 6,0,1,14703,0,0.0,ADD 7,0,0,0,0,0.0,EGT2CAN,0,1,14736,0,0.0
1778949443.902686,0.0,14794,-53.0,0,-,0,0,0,0,0.0,-,0,0,0,0,0.0,ECU,1,1,14686,0,0.0,FAN1,0,0,0,0,0.0,COILS,8,1,0,0,0.0,PUMP,0,0,0,0,0.0,INJECTOR,8,1,87,0,0.0,SERVO,1,1,14719,0,0.0,ADD 1,0,1,14730,0,0.0,ADD 2,0,1,14725,0,0.0,ADD 3,0,1,14692,0,0.0,ADD 4,0,1,14648,0,0.0,ADD 5,0,0,0,0,0.0,ADD 6,0,1,14736,0,0.0,ADD 7,0,0,0,0,0.0,EGT2CAN,0,1,14681,0,0.0
1778949443.9579468,0.0,15091,-51.0,0,-,0,0,0,0,0.0,-,0,0,0,0,0.0,ECU,1,1,14697,0,0.0,FAN1,0,0,0,0,0.0,COILS,8,1,0,0,0.0,PUMP,0,0,0,0,0.0,INJECTOR,8,1,65,0,0.0,SERVO,1,1,14725,0,0.0,ADD 1,0,1,15146,0,0.0,ADD 2,0,1,15151,0,0.0,ADD 3,0,1,15119,0,0.0,ADD 4,0,1,15075,0,0.0,ADD 5,0,0,0,0,0.0,ADD 6,0,1,15162,0,0.0,ADD 7,0,0,0,0,0.0,EGT2CAN,0,1,15097,0,0.0
1778949444.023049,0.0,15091,-51.0,0,-,0,0,0,0,0.0,-,0,0,0,0,0.0,ECU,1,1,14894,0,0.0,FAN1,0,0,0,0,0.0,COILS,8,1,0,0,0.0,PUMP,0,0,0,0,0.0,INJECTOR,8,1,98,0,0.0,SERVO,1,1,14670,0,0.0,ADD 1,0,1,14807,0,0.0,ADD 2,0,1,14851,0,0.0,ADD 3,0,1,14779,0,0.0,ADD 4,0,1,14752,0,0.0,ADD 5,0,0,0,0,0.0,ADD 6,0,1,15162,0,0.0,ADD 7,0,0,0,0,0.0,EGT2CAN,0,1,15097,0,0.0
1778949444.0737612,0.0,14868,-52.0,0,-,0,0,0,0,0.0,-,0,0,0,0,0.0,ECU,1,1,14758,0,0.0,FAN1,0,0,0,0,0.0,COILS,8,1,0,0,0.0,PUMP,0,0,0,0,0.0,INJECTOR,8,1,87,0,0.0,SERVO,1,1,14692,0,0.0,ADD 1,0,1,14790,0,0.0,ADD 2,0,1,14785,0,0.0,ADD 3,0,1,14736,0,0.0,ADD 4,0,1,14703,0,0.0,ADD 5,0,0,0,0,0.0,ADD 6,0,1,14725,0,0.0,ADD 7,0,0,0,0,0.0,EGT2CAN,0,1,14736,0,0.0
1778949444.1248412,0.0,14868,-52.0,0,-,0,0,0,0,0.0,-,0,0,0,0,0.0,ECU,1,1,14758,0,0.0,FAN1,0,0,0,0,0.0,COILS,8,1,0,0,0.0,PUMP,0,0,0,0,0.0,INJECTOR,8,1,87,0,0.0,SERVO,1,1,14692,0,0.0,ADD 1,0,1,14790,0,0.0,ADD 2,0,1,14785,0,0.0,ADD 3,0,1,14736,0,0.0,ADD 4,0,1,14703,0,0.0,ADD 5,0,0,0,0,0.0,ADD 6,0,1,14725,0,0.0,ADD 7,0,0,0,0,0.0,EGT2CAN,0,1,14736,0,0.0
1778949444.1759095,0.0,14868,-52.0,0,-,0,0,0,0,0.0,-,0,0,0,0,0.0,ECU,1,1,14851,0,0.0,FAN1,0,0,0,0,0.0,COILS,8,1,0,0,0.0,PUMP,0,0,0,0,0.0,INJECTOR,8,1,98,0,0.0,SERVO,1,1,14714,0,0.0,ADD 1,0,1,14763,0,0.0,ADD 2,0,1,14763,0,0.0,ADD 3,0,1,14769,0,0.0,ADD 4,0,1,14714,0,0.0,ADD 5,0,0,0,0,0.0,ADD 6,0,1,14790,0,0.0,ADD 7,0,0,0,0,0.0,EGT2CAN,0,1,14752,0,0.0
1778949444.2268176,0.0,14843,-52.0,0,-,0,0,0,0,0.0,-,0,0,0,0,0.0,ECU,1,1,14708,0,0.0,FAN1,0,0,0,0,0.0,COILS,8,1,0,0,0.0,PUMP,0,0,0,0,0.0,INJECTOR,8,1,109,0,0.0,SERVO,1,1,14697,0,0.0,ADD 1,0,1,14708,0,0.0,ADD 2,0,1,14725,0,0.0,ADD 3,0,1,14692,0,0.0,ADD 4,0,1,14714,0,0.0,ADD 5,0,0,0,0,0.0,ADD 6,0,1,14758,0,0.0,ADD 7,0,0,0,0,0.0,EGT2CAN,0,1,14741,0,0.0
1778949444.2957292,0.0,14843,-52.0,0,-,0,0,0,0,0.0,-,0,0,0,0,0.0,ECU,1,1,14708,0,0.0,FAN1,0,0,0,0,0.0,COILS,8,1,0,0,0.0,PUMP,0,0,0,0,0.0,INJECTOR,8,1,87,0,0.0,SERVO,1,1,14632,0,0.0,ADD 1,0,1,14708,0,0.0,ADD 2,0,1,14725,0,0.0,ADD 3,0,1,14692,0,0.0,ADD 4,0,1,14714,0,0.0,ADD 5,0,0,0,0,0.0,ADD 6,0,1,14758,0,0.0,ADD 7,0,0,0,0,0.0,EGT2CAN,0,1,14741,0,0.0
1778949444.3463356,0.0,14948,-51.0,0,-,0,0,0,0,0.0,-,0,0,0,0,0.0,ECU,1,1,14763,0,0.0,FAN1,0,0,0,0,0.0,COILS,8,1,0,0,0.0,PUMP,0,0,0,0,0.0,INJECTOR,8,1,98,0,0.0,SERVO,1,1,15026,0,0.0,ADD 1,0,1,15053,0,0.0,ADD 2,0,1,15058,0,0.0,ADD 3,0,1,15058,0,0.0,ADD 4,0,1,15004,0,0.0,ADD 5,0,0,0,0,0.0,ADD 6,0,1,14911,0,0.0,ADD 7,0,0,0,0,0.0,EGT2CAN,0,1,14829,0,0.0
1778949444.397299,0.0,14985,-54.0,0,-,0,0,0,0,0.0,-,0,0,0,0,0.0,ECU,1,1,14752,0,0.0,FAN1,0,0,0,0,0.0,COILS,8,1,0,0,0.0,PUMP,0,0,0,0,0.0,INJECTOR,8,1,87,0,0.0,SERVO,1,1,14714,0,0.0,ADD 1,0,1,14878,0,0.0,ADD 2,0,1,14927,0,0.0,ADD 3,0,1,14905,0,0.0,ADD 4,0,1,14911,0,0.0,ADD 5,0,0,0,0,0.0,ADD 6,0,1,14944,0,0.0,ADD 7,0,0,0,0,0.0,EGT2CAN,0,1,14911,0,0.0
1778949444.4483287,0.0,14985,-54.0,0,-,0,0,0,0,0.0,-,0,0,0,0,0.0,ECU,1,1,15157,0,0.0,FAN1,0,0,0,0,0.0,COILS,8,1,0,0,0.0,PUMP,0,0,0,0,0.0,INJECTOR,8,1,98,0,0.0,SERVO,1,1,15053,0,0.0,ADD 1,0,1,14878,0,0.0,ADD 2,0,1,14927,0,0.0,ADD 3,0,1,14905,0,0.0,ADD 4,0,1,14911,0,0.0,ADD 5,0,0,0,0,0.0,ADD 6,0,1,14944,0,0.0,ADD 7,0,0,0,0,0.0,EGT2CAN,0,1,14911,0,0.0
1778949444.5153666,0.0,14756,-52.0,0,-,0,0,0,0,0.0,-,0,0,0,0,0.0,ECU,1,1,14708,0,0.0,FAN1,0,0,0,0,0.0,COILS,8,1,0,0,0.0,PUMP,0,0,0,0,0.0,INJECTOR,8,1,87,0,0.0,SERVO,1,1,14758,0,0.0,ADD 1,0,1,14692,0,0.0,ADD 2,0,1,14752,0,0.0,ADD 3,0,1,14714,0,0.0,ADD 4,0,1,14703,0,0.0,ADD 5,0,0,0,0,0.0,ADD 6,0,1,14763,0,0.0,ADD 7,0,0,0,0,0.0,EGT2CAN,0,1,14741,0,0.0
1778949444.566375,0.0,14756,-52.0,0,-,0,0,0,0,0.0,-,0,0,0,0,0.0,ECU,1,1,14659,0,0.0,FAN1,0,0,0,0,0.0,COILS,8,1,0,0,0.0,PUMP,0,0,0,0,0.0,INJECTOR,8,1,82,0,0.0,SERVO,1,1,14676,0,0.0,ADD 1,0,1,14692,0,0.0,ADD 2,0,1,14752,0,0.0,ADD 3,0,1,14714,0,0.0,ADD 4,0,1,14703,0,0.0,ADD 5,0,0,0,0,0.0,ADD 6,0,1,14763,0,0.0,ADD 7,0,0,0,0,0.0,EGT2CAN,0,1,14741,0,0.0
1778949444.6173887,0.0,14744,-51.0,0,-,0,0,0,0,0.0,-,0,0,0,0,0.0,ECU,1,1,14845,0,0.0,FAN1,0,0,0,0,0.0,COILS,8,1,0,0,0.0,PUMP,0,0,0,0,0.0,INJECTOR,8,1,87,0,0.0,SERVO,1,1,14889,0,0.0,ADD 1,0,1,14872,0,0.0,ADD 2,0,1,14944,0,0.0,ADD 3,0,1,14883,0,0.0,ADD 4,0,1,14916,0,0.0,ADD 5,0,0,0,0,0.0,ADD 6,0,1,14982,0,0.0,ADD 7,0,0,0,0,0.0,EGT2CAN,0,1,14965,0,0.0
1778949444.668437,0.0,14744,-51.0,0,-,0,0,0,0,0.0,-,0,0,0,0,0.0,ECU,1,1,14845,0,0.0,FAN1,0,0,0,0,0.0,COILS,8,1,0,0,0.0,PUMP,0,0,0,0,0.0,INJECTOR,8,1,87,0,0.0,SERVO,1,1,14889,0,0.0,ADD 1,0,1,14872,0,0.0,ADD 2,0,1,14944,0,0.0,ADD 3,0,1,14883,0,0.0,ADD 4,0,1,14916,0,0.0,ADD 5,0,0,0,0,0.0,ADD 6,0,1,14982,0,0.0,ADD 7,0,0,0,0,0.0,EGT2CAN,0,1,14965,0,0.0
1778949444.7190049,0.0,14744,-51.0,0,-,0,0,0,0,0.0,-,0,0,0,0,0.0,ECU,1,1,14697,0,0.0,FAN1,0,0,0,0,0.0,COILS,8,1,0,0,0.0,PUMP,0,0,0,0,0.0,INJECTOR,8,1,92,0,0.0,SERVO,1,1,14599,0,0.0,ADD 1,0,1,14872,0,0.0,ADD 2,0,1,14944,0,0.0,ADD 3,0,1,14883,0,0.0,ADD 4,0,1,14916,0,0.0,ADD 5,0,0,0,0,0.0,ADD 6,0,1,14982,0,0.0,ADD 7,0,0,0,0,0.0,EGT2CAN,0,1,14965,0,0.0
1778949444.7692251,0.0,14985,-52.0,0,-,0,0,0,0,0.0,-,0,0,0,0,0.0,ECU,1,1,14692,0,0.0,FAN1,0,0,0,0,0.0,COILS,8,1,0,0,0.0,PUMP,0,0,0,0,0.0,INJECTOR,8,1,103,0,0.0,SERVO,1,1,14730,0,0.0,ADD 1,0,1,15031,0,0.0,ADD 2,0,1,15058,0,0.0,ADD 3,0,1,14971,0,0.0,ADD 4,0,1,14987,0,0.0,ADD 5,0,0,0,0,0.0,ADD 6,0,1,15064,0,0.0,ADD 7,0,0,0,0,0.0,EGT2CAN,0,1,15026,0,0.0
1778949444.8203497,0.0,14985,-52.0,0,-,0,0,0,0,0.0,-,0,0,0,0,0.0,ECU,1,1,14692,0,0.0,FAN1,0,0,0,0,0.0,COILS,8,1,0,0,0.0,PUMP,0,0,0,0,0.0,INJECTOR,8,1,103,0,0.0,SERVO,1,1,14730,0,0.0,ADD 1,0,1,15031,0,0.0,ADD 2,0,1,15058,0,0.0,ADD 3,0,1,14971,0,0.0,ADD 4,0,1,14987,0,0.0,ADD 5,0,0,0,0,0.0,ADD 6,0,1,15064,0,0.0,ADD 7,0,0,0,0,0.0,EGT2CAN,0,1,15026,0,0.0
1778949444.8714104,0.0,14985,-52.0,0,-,0,0,0,0,0.0,-,0,0,0,0,0.0,ECU,1,1,15108,0,0.0,FAN1,0,0,0,0,0.0,COILS,8,1,0,0,0.0,PUMP,0,0,0,0,0.0,INJECTOR,8,1,98,0,0.0,SERVO,1,1,15091,0,0.0,ADD 1,0,1,14697,0,0.0,ADD 2,0,1,14741,0,0.0,ADD 3,0,1,14681,0,0.0,ADD 4,0,1,14654,0,0.0,ADD 5,0,0,0,0,0.0,ADD 6,0,1,14736,0,0.0,ADD 7,0,0,0,0,0.0,EGT2CAN,0,1,14758,0,0.0
1778949444.932032,0.0,14979,-52.0,0,-,0,0,0,0,0.0,-,0,0,0,0,0.0,ECU,1,1,14725,0,0.0,FAN1,0,0,0,0,0.0,COILS,8,1,0,0,0.0,PUMP,0,0,0,0,0.0,INJECTOR,8,1,92,0,0.0,SERVO,1,1,14714,0,0.0,ADD 1,0,1,14692,0,0.0,ADD 2,0,1,14747,0,0.0,ADD 3,0,1,14659,0,0.0,ADD 4,0,1,14637,0,0.0,ADD 5,0,0,0,0,0.0,ADD 6,0,1,14774,0,0.0,ADD 7,0,0,0,0,0.0,EGT2CAN,0,1,14692,0,0.0
1778949444.9879088,0.0,14979,-52.0,0,-,0,0,0,0,0.0,-,0,0,0,0,0.0,ECU,1,1,15031,0,0.0,FAN1,0,0,0,0,0.0,COILS,8,1,0,0,0.0,PUMP,0,0,0,0,0.0,INJECTOR,8,1,125,0,0.0,SERVO,1,1,14829,0,0.0,ADD 1,0,1,14840,0,0.0,ADD 2,0,1,14785,0,0.0,ADD 3,0,1,14747,0,0.0,ADD 4,0,1,14725,0,0.0,ADD 5,0,0,0,0,0.0,ADD 6,0,1,14774,0,0.0,ADD 7,0,0,0,0,0.0,EGT2CAN,0,1,14692,0,0.0
1778949445.0418706,0.0,14750,-51.0,0,-,0,0,0,0,0.0,-,0,0,0,0,0.0,ECU,1,1,14834,0,0.0,FAN1,0,0,0,0,0.0,COILS,8,1,0,0,0.0,PUMP,0,0,0,0,0.0,INJECTOR,8,1,92,0,0.0,SERVO,1,1,14845,0,0.0,ADD 1,0,1,14900,0,0.0,ADD 2,0,1,14949,0,0.0,ADD 3,0,1,14911,0,0.0,ADD 4,0,1,14834,0,0.0,ADD 5,0,0,0,0,0.0,ADD 6,0,1,14982,0,0.0,ADD 7,0,0,0,0,0.0,EGT2CAN,0,1,14998,0,0.0
1778949445.1003203,0.0,14775,-52.0,0,-,0,0,0,0,0.0,-,0,0,0,0,0.0,ECU,1,1,14670,0,0.0,FAN1,0,0,0,0,0.0,COILS,8,1,0,0,0.0,PUMP,0,0,0,0,0.0,INJECTOR,8,1,120,0,0.0,SERVO,1,1,14632,0,0.0,ADD 1,0,1,14714,0,0.0,ADD 2,0,1,14736,0,0.0,ADD 3,0,1,14708,0,0.0,ADD 4,0,1,14648,0,0.0,ADD 5,0,0,0,0,0.0,ADD 6,0,1,14697,0,0.0,ADD 7,0,0,0,0,0.0,EGT2CAN,0,1,14681,0,0.0
1778949445.1524518,0.0,14775,-52.0,0,-,0,0,0,0,0.0,-,0,0,0,0,0.0,ECU,1,1,14774,0,0.0,FAN1,0,0,0,0,0.0,COILS,8,1,0,0,0.0,PUMP,0,0,0,0,0.0,INJECTOR,8,1,109,0,0.0,SERVO,1,1,14736,0,0.0,ADD 1,0,1,14779,0,0.0,ADD 2,0,1,14752,0,0.0,ADD 3,0,1,14692,0,0.0,ADD 4,0,1,14703,0,0.0,ADD 5,0,0,0,0,0.0,ADD 6,0,1,14697,0,0.0,ADD 7,0,0,0,0,0.0,EGT2CAN,0,1,14681,0,0.0
1778949445.202866,0.0,14942,-52.0,0,-,0,0,0,0,0.0,-,0,0,0,0,0.0,ECU,1,1,14736,0,0.0,FAN1,0,0,0,0,0.0,COILS,8,1,0,0,0.0,PUMP,0,0,0,0,0.0,INJECTOR,8,1,87,0,0.0,SERVO,1,1,14703,0,0.0,ADD 1,0,1,15015,0,0.0,ADD 2,0,1,15053,0,0.0,ADD 3,0,1,15037,0,0.0,ADD 4,0,1,14987,0,0.0,ADD 5,0,0,0,0,0.0,ADD 6,0,1,15031,0,0.0,ADD 7,0,0,0,0,0.0,EGT2CAN,0,1,14916,0,0.0
1778949445.2545156,0.0,14849,-51.0,0,-,0,0,0,0,0.0,-,0,0,0,0,0.0,ECU,1,1,15151,0,0.0,FAN1,0,0,0,0,0.0,COILS,8,1,0,0,0.0,PUMP,0,0,0,0,0.0,INJECTOR,8,1,92,0,0.0,SERVO,1,1,15031,0,0.0,ADD 1,0,1,14665,0,0.0,ADD 2,0,1,14708,0,0.0,ADD 3,0,1,14730,0,0.0,ADD 4,0,1,14670,0,0.0,ADD 5,0,0,0,0,0.0,ADD 6,0,1,14801,0,0.0,ADD 7,0,0,0,0,0.0,EGT2CAN,0,1,14801,0,0.0
1778949445.3048499,0.0,14849,-51.0,0,-,0,0,0,0,0.0,-,0,0,0,0,0.0,ECU,1,1,14676,0,0.0,FAN1,0,0,0,0,0.0,COILS,8,1,0,0,0.0,PUMP,0,0,0,0,0.0,INJECTOR,8,1,82,0,0.0,SERVO,1,1,14790,0,0.0,ADD 1,0,1,14736,0,0.0,ADD 2,0,1,14741,0,0.0,ADD 3,0,1,14692,0,0.0,ADD 4,0,1,14659,0,0.0,ADD 5,0,0,0,0,0.0,ADD 6,0,1,14796,0,0.0,ADD 7,0,0,0,0,0.0,EGT2CAN,0,1,14741,0,0.0
1778949445.3612294,0.0,14750,-51.0,0,-,0,0,0,0,0.0,-,0,0,0,0,0.0,ECU,1,1,14736,0,0.0,FAN1,0,0,0,0,0.0,COILS,8,1,0,0,0.0,PUMP,0,0,0,0,0.0,INJECTOR,8,1,92,0,0.0,SERVO,1,1,14676,0,0.0,ADD 1,0,1,14659,0,0.0,ADD 2,0,1,14769,0,0.0,ADD 3,0,1,14659,0,0.0,ADD 4,0,1,14725,0,0.0,ADD 5,0,0,0,0,0.0,ADD 6,0,1,14741,0,0.0,ADD 7,0,0,0,0,0.0,EGT2CAN,0,1,14676,0,0.0
1778949445.4182823,0.0,15085,-51.0,0,-,0,0,0,0,0.0,-,0,0,0,0,0.0,ECU,1,1,14747,0,0.0,FAN1,0,0,0,0,0.0,COILS,8,1,0,0,0.0,PUMP,0,0,0,0,0.0,INJECTOR,8,1,98,0,0.0,SERVO,1,1,14758,0,0.0,ADD 1,0,1,14785,0,0.0,ADD 2,0,1,14785,0,0.0,ADD 3,0,1,14769,0,0.0,ADD 4,0,1,14692,0,0.0,ADD 5,0,0,0,0,0.0,ADD 6,0,1,14725,0,0.0,ADD 7,0,0,0,0,0.0,EGT2CAN,0,1,14719,0,0.0
1778949445.4793878,0.0,14713,-51.0,0,-,0,0,0,0,0.0,-,0,0,0,0,0.0,ECU,1,1,14648,0,0.0,FAN1,0,0,0,0,0.0,COILS,8,1,0,0,0.0,PUMP,0,0,0,0,0.0,INJECTOR,8,1,87,0,0.0,SERVO,1,1,14670,0,0.0,ADD 1,0,1,14697,0,0.0,ADD 2,0,1,14741,0,0.0,ADD 3,0,1,14708,0,0.0,ADD 4,0,1,14692,0,0.0,ADD 5,0,0,0,0,0.0,ADD 6,0,1,14741,0,0.0,ADD 7,0,0,0,0,0.0,EGT2CAN,0,1,14643,0,0.0
1778949445.531209,0.0,14713,-51.0,0,-,0,0,0,0,0.0,-,0,0,0,0,0.0,ECU,1,1,14790,0,0.0,FAN1,0,0,0,0,0.0,COILS,8,1,0,0,0.0,PUMP,0,0,0,0,0.0,INJECTOR,8,1,92,0,0.0,SERVO,1,1,14758,0,0.0,ADD 1,0,1,14779,0,0.0,ADD 2,0,1,14807,0,0.0,ADD 3,0,1,14714,0,0.0,ADD 4,0,1,14648,0,0.0,ADD 5,0,0,0,0,0.0,ADD 6,0,1,14758,0,0.0,ADD 7,0,0,0,0,0.0,EGT2CAN,0,1,14714,0,0.0
1778949445.5814412,0.0,14794,-52.0,0,-,0,0,0,0,0.0,-,0,0,0,0,0.0,ECU,1,1,14790,0,0.0,FAN1,0,0,0,0,0.0,COILS,8,1,0,0,0.0,PUMP,0,0,0,0,0.0,INJECTOR,8,1,92,0,0.0,SERVO,1,1,14758,0,0.0,ADD 1,0,1,14779,0,0.0,ADD 2,0,1,14807,0,0.0,ADD 3,0,1,14714,0,0.0,ADD 4,0,1,14648,0,0.0,ADD 5,0,0,0,0,0.0,ADD 6,0,1,14758,0,0.0,ADD 7,0,0,0,0,0.0,EGT2CAN,0,1,14714,0,0.0
1778949445.6323888,0.0,14837,-53.0,0,-,0,0,0,0,0.0,-,0,0,0,0,0.0,ECU,1,1,15146,0,0.0,FAN1,0,0,0,0,0.0,COILS,8,1,0,0,0.0,PUMP,0,0,0,0,0.0,INJECTOR,8,1,103,0,0.0,SERVO,1,1,14944,0,0.0,ADD 1,0,1,14758,0,0.0,ADD 2,0,1,14774,0,0.0,ADD 3,0,1,14758,0,0.0,ADD 4,0,1,14692,0,0.0,ADD 5,0,0,0,0,0.0,ADD 6,0,1,14741,0,0.0,ADD 7,0,0,0,0,0.0,EGT2CAN,0,1,14801,0,0.0
1778949445.6865232,0.0,14837,-53.0,0,-,0,0,0,0,0.0,-,0,0,0,0,0.0,ECU,1,1,14714,0,0.0,FAN1,0,0,0,0,0.0,COILS,8,1,0,0,0.0,PUMP,0,0,0,0,0.0,INJECTOR,8,1,103,0,0.0,SERVO,1,1,14944,0,0.0,ADD 1,0,1,14758,0,0.0,ADD 2,0,1,14774,0,0.0,ADD 3,0,1,14758,0,0.0,ADD 4,0,1,14692,0,0.0,ADD 5,0,0,0,0,0.0,ADD 6,0,1,14741,0,0.0,ADD 7,0,0,0,0,0.0,EGT2CAN,0,1,14801,0,0.0
1778949445.7378175,0.0,14837,-53.0,0,-,0,0,0,0,0.0,-,0,0,0,0,0.0,ECU,1,1,14714,0,0.0,FAN1,0,0,0,0,0.0,COILS,8,1,0,0,0.0,PUMP,0,0,0,0,0.0,INJECTOR,8,1,82,0,0.0,SERVO,1,1,14670,0,0.0,ADD 1,0,1,14736,0,0.0,ADD 2,0,1,14747,0,0.0,ADD 3,0,1,14703,0,0.0,ADD 4,0,1,14708,0,0.0,ADD 5,0,0,0,0,0.0,ADD 6,0,1,14785,0,0.0,ADD 7,0,0,0,0,0.0,EGT2CAN,0,1,14736,0,0.0
1778949445.7951877,0.0,14682,-51.0,0,-,0,0,0,0,0.0,-,0,0,0,0,0.0,ECU,1,1,14960,0,0.0,FAN1,0,0,0,0,0.0,COILS,8,1,0,0,0.0,PUMP,0,0,0,0,0.0,INJECTOR,8,1,103,0,0.0,SERVO,1,1,15047,0,0.0,ADD 1,0,1,15058,0,0.0,ADD 2,0,1,15119,0,0.0,ADD 3,0,1,15037,0,0.0,ADD 4,0,1,15037,0,0.0,ADD 5,0,0,0,0,0.0,ADD 6,0,1,15080,0,0.0,ADD 7,0,0,0,0,0.0,EGT2CAN,0,1,15075,0,0.0
1778949445.8463066,0.0,14682,-51.0,0,-,0,0,0,0,0.0,-,0,0,0,0,0.0,ECU,1,1,14692,0,0.0,FAN1,0,0,0,0,0.0,COILS,8,1,0,0,0.0,PUMP,0,0,0,0,0.0,INJECTOR,8,1,114,0,0.0,SERVO,1,1,14676,0,0.0,ADD 1,0,1,14714,0,0.0,ADD 2,0,1,14714,0,0.0,ADD 3,0,1,14708,0,0.0,ADD 4,0,1,14676,0,0.0,ADD 5,0,0,0,0,0.0,ADD 6,0,1,15080,0,0.0,ADD 7,0,0,0,0,0.0,EGT2CAN,0,1,15075,0,0.0
1778949445.897063,0.0,14750,-52.0,0,-,0,0,0,0,0.0,-,0,0,0,0,0.0,ECU,1,1,14686,0,0.0,FAN1,0,0,0,0,0.0,COILS,8,1,0,0,0.0,PUMP,0,0,0,0,0.0,INJECTOR,8,1,109,0,0.0,SERVO,1,1,14692,0,0.0,ADD 1,0,1,14747,0,0.0,ADD 2,0,1,14763,0,0.0,ADD 3,0,1,14758,0,0.0,ADD 4,0,1,14714,0,0.0,ADD 5,0,0,0,0,0.0,ADD 6,0,1,14779,0,0.0,ADD 7,0,0,0,0,0.0,EGT2CAN,0,1,14692,0,0.0
1778949445.9522636,0.0,14917,-51.0,0,-,0,0,0,0,0.0,-,0,0,0,0,0.0,ECU,1,1,14763,0,0.0,FAN1,0,0,0,0,0.0,COILS,8,1,0,0,0.0,PUMP,0,0,0,0,0.0,INJECTOR,8,1,103,0,0.0,SERVO,1,1,14872,0,0.0,ADD 1,0,1,14944,0,0.0,ADD 2,0,1,14834,0,0.0,ADD 3,0,1,14812,0,0.0,ADD 4,0,1,14659,0,0.0,ADD 5,0,0,0,0,0.0,ADD 6,0,1,14730,0,0.0,ADD 7,0,0,0,0,0.0,EGT2CAN,0,1,14796,0,0.0
1778949446.0184028,0.0,14917,-51.0,0,-,0,0,0,0,0.0,-,0,0,0,0,0.0,ECU,1,1,14719,0,0.0,FAN1,0,0,0,0,0.0,COILS,8,1,0,0,0.0,PUMP,0,0,0,0,0.0,INJECTOR,8,1,87,0,0.0,SERVO,1,1,14676,0,0.0,ADD 1,0,1,14949,0,0.0,ADD 2,0,1,14976,0,0.0,ADD 3,0,1,14971,0,0.0,ADD 4,0,1,14976,0,0.0,ADD 5,0,0,0,0,0.0,ADD 6,0,1,14730,0,0.0,ADD 7,0,0,0,0,0.0,EGT2CAN,0,1,14796,0,0.0
1778949446.0692716,0.0,14794,-54.0,0,-,0,0,0,0,0.0,-,0,0,0,0,0.0,ECU,1,1,14736,0,0.0,FAN1,0,0,0,0,0.0,COILS,8,1,0,0,0.0,PUMP,0,0,0,0,0.0,INJECTOR,8,1,87,0,0.0,SERVO,1,1,14676,0,0.0,ADD 1,0,1,14769,0,0.0,ADD 2,0,1,14807,0,0.0,ADD 3,0,1,14736,0,0.0,ADD 4,0,1,14681,0,0.0,ADD 5,0,0,0,0,0.0,ADD 6,0,1,14736,0,0.0,ADD 7,0,0,0,0,0.0,EGT2CAN,0,1,14741,0,0.0
1778949446.119448,0.0,14794,-54.0,0,-,0,0,0,0,0.0,-,0,0,0,0,0.0,ECU,1,1,14736,0,0.0,FAN1,0,0,0,0,0.0,COILS,8,1,0,0,0.0,PUMP,0,0,0,0,0.0,INJECTOR,8,1,87,0,0.0,SERVO,1,1,14676,0,0.0,ADD 1,0,1,14769,0,0.0,ADD 2,0,1,14807,0,0.0,ADD 3,0,1,14736,0,0.0,ADD 4,0,1,14681,0,0.0,ADD 5,0,0,0,0,0.0,ADD 6,0,1,14736,0,0.0,ADD 7,0,0,0,0,0.0,EGT2CAN,0,1,14741,0,0.0
1778949446.1704297,0.0,14794,-54.0,0,-,0,0,0,0,0.0,-,0,0,0,0,0.0,ECU,1,1,14758,0,0.0,FAN1,0,0,0,0,0.0,COILS,8,1,0,0,0.0,PUMP,0,0,0,0,0.0,INJECTOR,8,1,98,0,0.0,SERVO,1,1,14676,0,0.0,ADD 1,0,1,14730,0,0.0,ADD 2,0,1,14747,0,0.0,ADD 3,0,1,14697,0,0.0,ADD 4,0,1,14714,0,0.0,ADD 5,0,0,0,0,0.0,ADD 6,0,1,14725,0,0.0,ADD 7,0,0,0,0,0.0,EGT2CAN,0,1,14681,0,0.0
1778949446.221696,0.0,14732,-51.0,0,-,0,0,0,0,0.0,-,0,0,0,0,0.0,ECU,1,1,14654,0,0.0,FAN1,0,0,0,0,0.0,COILS,8,1,0,0,0.0,PUMP,0,0,0,0,0.0,INJECTOR,8,1,87,0,0.0,SERVO,1,1,14714,0,0.0,ADD 1,0,1,14676,0,0.0,ADD 2,0,1,14741,0,0.0,ADD 3,0,1,14692,0,0.0,ADD 4,0,1,14714,0,0.0,ADD 5,0,0,0,0,0.0,ADD 6,0,1,14763,0,0.0,ADD 7,0,0,0,0,0.0,EGT2CAN,0,1,14670,0,0.0
1778949446.2781885,0.0,14818,-51.0,0,-,0,0,0,0,0.0,-,0,0,0,0,0.0,ECU,1,1,14747,0,0.0,FAN1,0,0,0,0,0.0,COILS,8,1,0,0,0.0,PUMP,0,0,0,0,0.0,INJECTOR,8,1,87,0,0.0,SERVO,1,1,14714,0,0.0,ADD 1,0,1,14676,0,0.0,ADD 2,0,1,14741,0,0.0,ADD 3,0,1,14692,0,0.0,ADD 4,0,1,14714,0,0.0,ADD 5,0,0,0,0,0.0,ADD 6,0,1,14763,0,0.0,ADD 7,0,0,0,0,0.0,EGT2CAN,0,1,14670,0,0.0
1778949446.3361278,0.0,14886,-51.0,0,-,0,0,0,0,0.0,-,0,0,0,0,0.0,ECU,1,1,14714,0,0.0,FAN1,0,0,0,0,0.0,COILS,8,1,0,0,0.0,PUMP,0,0,0,0,0.0,INJECTOR,8,1,92,0,0.0,SERVO,1,1,14894,0,0.0,ADD 1,0,1,14872,0,0.0,ADD 2,0,1,14938,0,0.0,ADD 3,0,1,14894,0,0.0,ADD 4,0,1,14834,0,0.0,ADD 5,0,0,0,0,0.0,ADD 6,0,1,14785,0,0.0,ADD 7,0,0,0,0,0.0,EGT2CAN,0,1,14769,0,0.0
1778949446.3881836,0.0,15010,-51.0,0,-,0,0,0,0,0.0,-,0,0,0,0,0.0,ECU,1,1,14714,0,0.0,FAN1,0,0,0,0,0.0,COILS,8,1,0,0,0.0,PUMP,0,0,0,0,0.0,INJECTOR,8,1,87,0,0.0,SERVO,1,1,14725,0,0.0,ADD 1,0,1,14987,0,0.0,ADD 2,0,1,15031,0,0.0,ADD 3,0,1,15009,0,0.0,ADD 4,0,1,14960,0,0.0,ADD 5,0,0,0,0,0.0,ADD 6,0,1,14998,0,0.0,ADD 7,0,0,0,0,0.0,EGT2CAN,0,1,15037,0,0.0
1778949446.4409218,0.0,15010,-51.0,0,-,0,0,0,0,0.0,-,0,0,0,0,0.0,ECU,1,1,14714,0,0.0,FAN1,0,0,0,0,0.0,COILS,8,1,0,0,0.0,PUMP,0,0,0,0,0.0,INJECTOR,8,1,87,0,0.0,SERVO,1,1,14725,0,0.0,ADD 1,0,1,14987,0,0.0,ADD 2,0,1,15031,0,0.0,ADD 3,0,1,15009,0,0.0,ADD 4,0,1,14960,0,0.0,ADD 5,0,0,0,0,0.0,ADD 6,0,1,14998,0,0.0,ADD 7,0,0,0,0,0.0,EGT2CAN,0,1,15037,0,0.0
1778949446.500836,0.0,14763,-52.0,0,-,0,0,0,0,0.0,-,0,0,0,0,0.0,ECU,1,1,14774,0,0.0,FAN1,0,0,0,0,0.0,COILS,8,1,0,0,0.0,PUMP,0,0,0,0,0.0,INJECTOR,8,1,87,0,0.0,SERVO,1,1,14829,0,0.0,ADD 1,0,1,14763,0,0.0,ADD 2,0,1,14801,0,0.0,ADD 3,0,1,14736,0,0.0,ADD 4,0,1,14665,0,0.0,ADD 5,0,0,0,0,0.0,ADD 6,0,1,14736,0,0.0,ADD 7,0,0,0,0,0.0,EGT2CAN,0,1,14758,0,0.0
1778949446.5521896,0.0,14763,-52.0,0,-,0,0,0,0,0.0,-,0,0,0,0,0.0,ECU,1,1,14714,0,0.0,FAN1,0,0,0,0,0.0,COILS,8,1,0,0,0.0,PUMP,0,0,0,0,0.0,INJECTOR,8,1,92,0,0.0,SERVO,1,1,14659,0,0.0,ADD 1,0,1,14670,0,0.0,ADD 2,0,1,14736,0,0.0,ADD 3,0,1,14692,0,0.0,ADD 4,0,1,14659,0,0.0,ADD 5,0,0,0,0,0.0,ADD 6,0,1,14774,0,0.0,ADD 7,0,0,0,0,0.0,EGT2CAN,0,1,14676,0,0.0
1778949446.6100717,0.0,14985,-51.0,0,-,0,0,0,0,0.0,-,0,0,0,0,0.0,ECU,1,1,14938,0,0.0,FAN1,0,0,0,0,0.0,COILS,8,1,0,0,0.0,PUMP,0,0,0,0,0.0,INJECTOR,8,1,87,0,0.0,SERVO,1,1,14927,0,0.0,ADD 1,0,1,14993,0,0.0,ADD 2,0,1,14987,0,0.0,ADD 3,0,1,14965,0,0.0,ADD 4,0,1,14944,0,0.0,ADD 5,0,0,0,0,0.0,ADD 6,0,1,15009,0,0.0,ADD 7,0,0,0,0,0.0,EGT2CAN,0,1,14987,0,0.0
1778949446.6715245,0.0,14763,-51.0,0,-,0,0,0,0,0.0,-,0,0,0,0,0.0,ECU,1,1,14938,0,0.0,FAN1,0,0,0,0,0.0,COILS,8,1,0,0,0.0,PUMP,0,0,0,0,0.0,INJECTOR,8,1,87,0,0.0,SERVO,1,1,14927,0,0.0,ADD 1,0,1,14993,0,0.0,ADD 2,0,1,14987,0,0.0,ADD 3,0,1,14965,0,0.0,ADD 4,0,1,14944,0,0.0,ADD 5,0,0,0,0,0.0,ADD 6,0,1,15009,0,0.0,ADD 7,0,0,0,0,0.0,EGT2CAN,0,1,14987,0,0.0
1778949446.7225406,0.0,14763,-51.0,0,-,0,0,0,0,0.0,-,0,0,0,0,0.0,ECU,1,1,14736,0,0.0,FAN1,0,0,0,0,0.0,COILS,8,1,0,0,0.0,PUMP,0,0,0,0,0.0,INJECTOR,8,1,82,0,0.0,SERVO,1,1,14774,0,0.0,ADD 1,0,1,14796,0,0.0,ADD 2,0,1,14774,0,0.0,ADD 3,0,1,14807,0,0.0,ADD 4,0,1,14807,0,0.0,ADD 5,0,0,0,0,0.0,ADD 6,0,1,15009,0,0.0,ADD 7,0,0,0,0,0.0,EGT2CAN,0,1,14987,0,0.0
1778949446.7730446,0.0,14874,-51.0,0,-,0,0,0,0,0.0,-,0,0,0,0,0.0,ECU,1,1,14697,0,0.0,FAN1,0,0,0,0,0.0,COILS,8,1,0,0,0.0,PUMP,0,0,0,0,0.0,INJECTOR,8,1,87,0,0.0,SERVO,1,1,14686,0,0.0,ADD 1,0,1,14818,0,0.0,ADD 2,0,1,14769,0,0.0,ADD 3,0,1,14681,0,0.0,ADD 4,0,1,14714,0,0.0,ADD 5,0,0,0,0,0.0,ADD 6,0,1,14785,0,0.0,ADD 7,0,0,0,0,0.0,EGT2CAN,0,1,14708,0,0.0
1778949446.825606,0.0,14874,-51.0,0,-,0,0,0,0,0.0,-,0,0,0,0,0.0,ECU,1,1,14697,0,0.0,FAN1,0,0,0,0,0.0,COILS,8,1,0,0,0.0,PUMP,0,0,0,0,0.0,INJECTOR,8,1,87,0,0.0,SERVO,1,1,14686,0,0.0,ADD 1,0,1,14818,0,0.0,ADD 2,0,1,14769,0,0.0,ADD 3,0,1,14681,0,0.0,ADD 4,0,1,14714,0,0.0,ADD 5,0,0,0,0,0.0,ADD 6,0,1,14785,0,0.0,ADD 7,0,0,0,0,0.0,EGT2CAN,0,1,14708,0,0.0
1778949446.8767,0.0,14874,-51.0,0,-,0,0,0,0,0.0,-,0,0,0,0,0.0,ECU,1,1,14894,0,0.0,FAN1,0,0,0,0,0.0,COILS,8,1,0,0,0.0,PUMP,0,0,0,0,0.0,INJECTOR,8,1,92,0,0.0,SERVO,1,1,14681,0,0.0,ADD 1,0,1,15004,0,0.0,ADD 2,0,1,15053,0,0.0,ADD 3,0,1,15009,0,0.0,ADD 4,0,1,14944,0,0.0,ADD 5,0,0,0,0,0.0,ADD 6,0,1,15037,0,0.0,ADD 7,0,0,0,0,0.0,EGT2CAN,0,1,15064,0,0.0
1778949446.9384081,0.0,14726,-52.0,0,-,0,0,0,0,0.0,-,0,0,0,0,0.0,ECU,1,1,14637,0,0.0,FAN1,0,0,0,0,0.0,COILS,8,1,0,0,0.0,PUMP,0,0,0,0,0.0,INJECTOR,8,1,87,0,0.0,SERVO,1,1,14648,0,0.0,ADD 1,0,1,14730,0,0.0,ADD 2,0,1,14719,0,0.0,ADD 3,0,1,14730,0,0.0,ADD 4,0,1,14692,0,0.0,ADD 5,0,0,0,0,0.0,ADD 6,0,1,14747,0,0.0,ADD 7,0,0,0,0,0.0,EGT2CAN,0,1,14714,0,0.0
1778949446.9892044,0.0,14726,-52.0,0,-,0,0,0,0,0.0,-,0,0,0,0,0.0,ECU,1,1,14752,0,0.0,FAN1,0,0,0,0,0.0,COILS,8,1,0,0,0.0,PUMP,0,0,0,0,0.0,INJECTOR,8,1,87,0,0.0,SERVO,1,1,14714,0,0.0,ADD 1,0,1,14730,0,0.0,ADD 2,0,1,14719,0,0.0,ADD 3,0,1,14730,0,0.0,ADD 4,0,1,14692,0,0.0,ADD 5,0,0,0,0,0.0,ADD 6,0,1,14747,0,0.0,ADD 7,0,0,0,0,0.0,EGT2CAN,0,1,14714,0,0.0
1778949447.0402632,0.0,15072,-51.0,0,-,0,0,0,0,0.0,-,0,0,0,0,0.0,ECU,1,1,14933,0,0.0,FAN1,0,0,0,0,0.0,COILS,8,1,0,0,0.0,PUMP,0,0,0,0,0.0,INJECTOR,8,1,82,0,0.0,SERVO,1,1,14987,0,0.0,ADD 1,0,1,14730,0,0.0,ADD 2,0,1,14774,0,0.0,ADD 3,0,1,14714,0,0.0,ADD 4,0,1,14676,0,0.0,ADD 5,0,0,0,0,0.0,ADD 6,0,1,14785,0,0.0,ADD 7,0,0,0,0,0.0,EGT2CAN,0,1,14747,0,0.0
1778949447.1033494,0.0,14775,-51.0,0,-,0,0,0,0,0.0,-,0,0,0,0,0.0,ECU,1,1,14730,0,0.0,FAN1,0,0,0,0,0.0,COILS,8,1,0,0,0.0,PUMP,0,0,0,0,0.0,INJECTOR,8,1,92,0,0.0,SERVO,1,1,14681,0,0.0,ADD 1,0,1,14725,0,0.0,ADD 2,0,1,14747,0,0.0,ADD 3,0,1,14714,0,0.0,ADD 4,0,1,14643,0,0.0,ADD 5,0,0,0,0,0.0,ADD 6,0,1,14763,0,0.0,ADD 7,0,0,0,0,0.0,EGT2CAN,0,1,14714,0,0.0
1778949447.159327,0.0,14775,-51.0,0,-,0,0,0,0,0.0,-,0,0,0,0,0.0,ECU,1,1,14758,0,0.0,FAN1,0,0,0,0,0.0,COILS,8,1,0,0,0.0,PUMP,0,0,0,0,0.0,INJECTOR,8,1,87,0,0.0,SERVO,1,1,14692,0,0.0,ADD 1,0,1,14763,0,0.0,ADD 2,0,1,14807,0,0.0,ADD 3,0,1,14769,0,0.0,ADD 4,0,1,14714,0,0.0,ADD 5,0,0,0,0,0.0,ADD 6,0,1,14763,0,0.0,ADD 7,0,0,0,0,0.0,EGT2CAN,0,1,14714,0,0.0
1778949447.209971,0.0,14856,-52.0,0,-,0,0,0,0,0.0,-,0,0,0,0,0.0,ECU,1,1,15009,0,0.0,FAN1,0,0,0,0,0.0,COILS,8,1,0,0,0.0,PUMP,0,0,0,0,0.0,INJECTOR,8,1,109,0,0.0,SERVO,1,1,14982,0,0.0,ADD 1,0,1,14834,0,0.0,ADD 2,0,1,14829,0,0.0,ADD 3,0,1,14812,0,0.0,ADD 4,0,1,14812,0,0.0,ADD 5,0,0,0,0,0.0,ADD 6,0,1,14905,0,0.0,ADD 7,0,0,0,0,0.0,EGT2CAN,0,1,14889,0,0.0
1778949447.2610033,0.0,14924,-52.0,0,-,0,0,0,0,0.0,-,0,0,0,0,0.0,ECU,1,1,15009,0,0.0,FAN1,0,0,0,0,0.0,COILS,8,1,0,0,0.0,PUMP,0,0,0,0,0.0,INJECTOR,8,1,109,0,0.0,SERVO,1,1,14982,0,0.0,ADD 1,0,1,14834,0,0.0,ADD 2,0,1,14829,0,0.0,ADD 3,0,1,14812,0,0.0,ADD 4,0,1,14812,0,0.0,ADD 5,0,0,0,0,0.0,ADD 6,0,1,14905,0,0.0,ADD 7,0,0,0,0,0.0,EGT2CAN,0,1,14889,0,0.0
1778949447.311547,0.0,14924,-52.0,0,-,0,0,0,0,0.0,-,0,0,0,0,0.0,ECU,1,1,14851,0,0.0,FAN1,0,0,0,0,0.0,COILS,8,1,0,0,0.0,PUMP,0,0,0,0,0.0,INJECTOR,8,1,87,0,0.0,SERVO,1,1,14851,0,0.0,ADD 1,0,1,14758,0,0.0,ADD 2,0,1,14758,0,0.0,ADD 3,0,1,14670,0,0.0,ADD 4,0,1,14703,0,0.0,ADD 5,0,0,0,0,0.0,ADD 6,0,1,14790,0,0.0,ADD 7,0,0,0,0,0.0,EGT2CAN,0,1,14703,0,0.0
1778949447.3706656,0.0,14849,-52.0,0,-,0,0,0,0,0.0,-,0,0,0,0,0.0,ECU,1,1,15042,0,0.0,FAN1,0,0,0,0,0.0,COILS,8,1,0,0,0.0,PUMP,0,0,0,0,0.0,INJECTOR,8,1,92,0,0.0,SERVO,1,1,14965,0,0.0,ADD 1,0,1,14982,0,0.0,ADD 2,0,1,14944,0,0.0,ADD 3,0,1,14894,0,0.0,ADD 4,0,1,14834,0,0.0,ADD 5,0,0,0,0,0.0,ADD 6,0,1,14730,0,0.0,ADD 7,0,0,0,0,0.0,EGT2CAN,0,1,14686,0,0.0
1778949447.4248433,0.0,14905,-51.0,0,-,0,0,0,0,0.0,-,0,0,0,0,0.0,ECU,1,1,15042,0,0.0,FAN1,0,0,0,0,0.0,COILS,8,1,0,0,0.0,PUMP,0,0,0,0,0.0,INJECTOR,8,1,92,0,0.0,SERVO,1,1,14965,0,0.0,ADD 1,0,1,14982,0,0.0,ADD 2,0,1,14944,0,0.0,ADD 3,0,1,14894,0,0.0,ADD 4,0,1,14834,0,0.0,ADD 5,0,0,0,0,0.0,ADD 6,0,1,14900,0,0.0,ADD 7,0,0,0,0,0.0,EGT2CAN,0,1,14801,0,0.0
1778949447.47904,0.0,14905,-51.0,0,-,0,0,0,0,0.0,-,0,0,0,0,0.0,ECU,1,1,14785,0,0.0,FAN1,0,0,0,0,0.0,COILS,8,1,0,0,0.0,PUMP,0,0,0,0,0.0,INJECTOR,8,1,82,0,0.0,SERVO,1,1,14840,0,0.0,ADD 1,0,1,14905,0,0.0,ADD 2,0,1,14894,0,0.0,ADD 3,0,1,14944,0,0.0,ADD 4,0,1,14872,0,0.0,ADD 5,0,0,0,0,0.0,ADD 6,0,1,14900,0,0.0,ADD 7,0,0,0,0,0.0,EGT2CAN,0,1,14801,0,0.0
1778949447.5295265,0.0,14806,-52.0,0,-,0,0,0,0,0.0,-,0,0,0,0,0.0,ECU,1,1,14758,0,0.0,FAN1,0,0,0,0,0.0,COILS,8,1,0,0,0.0,PUMP,0,0,0,0,0.0,INJECTOR,8,1,87,0,0.0,SERVO,1,1,14714,0,0.0,ADD 1,0,1,14730,0,0.0,ADD 2,0,1,14763,0,0.0,ADD 3,0,1,14763,0,0.0,ADD 4,0,1,14714,0,0.0,ADD 5,0,0,0,0,0.0,ADD 6,0,1,14758,0,0.0,ADD 7,0,0,0,0,0.0,EGT2CAN,0,1,14747,0,0.0
1778949447.5805743,0.0,14806,-52.0,0,-,0,0,0,0,0.0,-,0,0,0,0,0.0,ECU,1,1,14730,0,0.0,FAN1,0,0,0,0,0.0,COILS,8,1,0,0,0.0,PUMP,0,0,0,0,0.0,INJECTOR,8,1,87,0,0.0,SERVO,1,1,14714,0,0.0,ADD 1,0,1,14730,0,0.0,ADD 2,0,1,14763,0,0.0,ADD 3,0,1,14763,0,0.0,ADD 4,0,1,14714,0,0.0,ADD 5,0,0,0,0,0.0,ADD 6,0,1,14758,0,0.0,ADD 7,0,0,0,0,0.0,EGT2CAN,0,1,14747,0,0.0
1778949447.6316018,0.0,14806,-52.0,0,-,0,0,0,0,0.0,-,0,0,0,0,0.0,ECU,1,1,14730,0,0.0,FAN1,0,0,0,0,0.0,COILS,8,1,0,0,0.0,PUMP,0,0,0,0,0.0,INJECTOR,8,1,87,0,0.0,SERVO,1,1,14681,0,0.0,ADD 1,0,1,14976,0,0.0,ADD 2,0,1,14965,0,0.0,ADD 3,0,1,14883,0,0.0,ADD 4,0,1,14861,0,0.0,ADD 5,0,0,0,0,0.0,ADD 6,0,1,14872,0,0.0,ADD 7,0,0,0,0,0.0,EGT2CAN,0,1,14823,0,0.0
1778949447.6819322,0.0,14756,-52.0,0,-,0,0,0,0,0.0,-,0,0,0,0,0.0,ECU,1,1,14736,0,0.0,FAN1,0,0,0,0,0.0,COILS,8,1,0,0,0.0,PUMP,0,0,0,0,0.0,INJECTOR,8,1,92,0,0.0,SERVO,1,1,14714,0,0.0,ADD 1,0,1,14741,0,0.0,ADD 2,0,1,14785,0,0.0,ADD 3,0,1,14692,0,0.0,ADD 4,0,1,14670,0,0.0,ADD 5,0,0,0,0,0.0,ADD 6,0,1,14758,0,0.0,ADD 7,0,0,0,0,0.0,EGT2CAN,0,1,14752,0,0.0
1778949447.7347798,0.0,14756,-52.0,0,-,0,0,0,0,0.0,-,0,0,0,0,0.0,ECU,1,1,14736,0,0.0,FAN1,0,0,0,0,0.0,COILS,8,1,0,0,0.0,PUMP,0,0,0,0,0.0,INJECTOR,8,1,92,0,0.0,SERVO,1,1,14714,0,0.0,ADD 1,0,1,14741,0,0.0,ADD 2,0,1,14785,0,0.0,ADD 3,0,1,14692,0,0.0,ADD 4,0,1,14670,0,0.0,ADD 5,0,0,0,0,0.0,ADD 6,0,1,14758,0,0.0,ADD 7,0,0,0,0,0.0,EGT2CAN,0,1,14752,0,0.0
1778949447.7867877,0.0,14756,-52.0,0,-,0,0,0,0,0.0,-,0,0,0,0,0.0,ECU,1,1,14752,0,0.0,FAN1,0,0,0,0,0.0,COILS,8,1,0,0,0.0,PUMP,0,0,0,0,0.0,INJECTOR,8,1,87,0,0.0,SERVO,1,1,14747,0,0.0,ADD 1,0,1,14736,0,0.0,ADD 2,0,1,14736,0,0.0,ADD 3,0,1,14692,0,0.0,ADD 4,0,1,14659,0,0.0,ADD 5,0,0,0,0,0.0,ADD 6,0,1,14747,0,0.0,ADD 7,0,0,0,0,0.0,EGT2CAN,0,1,14730,0,0.0
1778949447.845828,0.0,14818,-51.0,0,-,0,0,0,0,0.0,-,0,0,0,0,0.0,ECU,1,1,14763,0,0.0,FAN1,0,0,0,0,0.0,COILS,8,1,0,0,0.0,PUMP,0,0,0,0,0.0,INJECTOR,8,1,92,0,0.0,SERVO,1,1,14692,0,0.0,ADD 1,0,1,14752,0,0.0,ADD 2,0,1,14758,0,0.0,ADD 3,0,1,14692,0,0.0,ADD 4,0,1,14665,0,0.0,ADD 5,0,0,0,0,0.0,ADD 6,0,1,14692,0,0.0,ADD 7,0,0,0,0,0.0,EGT2CAN,0,1,14758,0,0.0
1778949447.9138122,0.0,14818,-51.0,0,-,0,0,0,0,0.0,-,0,0,0,0,0.0,ECU,1,1,14714,0,0.0,FAN1,0,0,0,0,0.0,COILS,8,1,0,0,0.0,PUMP,0,0,0,0,0.0,INJECTOR,8,1,92,0,0.0,SERVO,1,1,14708,0,0.0,ADD 1,0,1,14752,0,0.0,ADD 2,0,1,14758,0,0.0,ADD 3,0,1,14692,0,0.0,ADD 4,0,1,14665,0,0.0,ADD 5,0,0,0,0,0.0,ADD 6,0,1,14692,0,0.0,ADD 7,0,0,0,0,0.0,EGT2CAN,0,1,14758,0,0.0
1778949447.9665747,0.0,14955,-52.0,0,-,0,0,0,0,0.0,-,0,0,0,0,0.0,ECU,1,1,14752,0,0.0,FAN1,0,0,0,0,0.0,COILS,8,1,0,0,0.0,PUMP,0,0,0,0,0.0,INJECTOR,8,1,82,0,0.0,SERVO,1,1,14692,0,0.0,ADD 1,0,1,14878,0,0.0,ADD 2,0,1,14933,0,0.0,ADD 3,0,1,14927,0,0.0,ADD 4,0,1,14916,0,0.0,ADD 5,0,0,0,0,0.0,ADD 6,0,1,14987,0,0.0,ADD 7,0,0,0,0,0.0,EGT2CAN,0,1,14965,0,0.0
1778949448.0175662,0.0,14955,-52.0,0,-,0,0,0,0,0.0,-,0,0,0,0,0.0,ECU,1,1,14752,0,0.0,FAN1,0,0,0,0,0.0,COILS,8,1,0,0,0.0,PUMP,0,0,0,0,0.0,INJECTOR,8,1,82,0,0.0,SERVO,1,1,14692,0,0.0,ADD 1,0,1,14878,0,0.0,ADD 2,0,1,14933,0,0.0,ADD 3,0,1,14927,0,0.0,ADD 4,0,1,14916,0,0.0,ADD 5,0,0,0,0,0.0,ADD 6,0,1,14987,0,0.0,ADD 7,0,0,0,0,0.0,EGT2CAN,0,1,14965,0,0.0
1778949448.069131,0.0,14955,-52.0,0,-,0,0,0,0,0.0,-,0,0,0,0,0.0,ECU,1,1,15108,0,0.0,FAN1,0,0,0,0,0.0,COILS,8,1,0,0,0.0,PUMP,0,0,0,0,0.0,INJECTOR,8,1,98,0,0.0,SERVO,1,1,15124,0,0.0,ADD 1,0,1,14741,0,0.0,ADD 2,0,1,14758,0,0.0,ADD 3,0,1,14703,0,0.0,ADD 4,0,1,14703,0,0.0,ADD 5,0,0,0,0,0.0,ADD 6,0,1,14987,0,0.0,ADD 7,0,0,0,0,0.0,EGT2CAN,0,1,14965,0,0.0
1778949448.120126,0.0,14930,-51.0,0,-,0,0,0,0,0.0,-,0,0,0,0,0.0,ECU,1,1,14681,0,0.0,FAN1,0,0,0,0,0.0,COILS,8,1,0,0,0.0,PUMP,0,0,0,0,0.0,INJECTOR,8,1,87,0,0.0,SERVO,1,1,14714,0,0.0,ADD 1,0,1,14758,0,0.0,ADD 2,0,1,14779,0,0.0,ADD 3,0,1,14758,0,0.0,ADD 4,0,1,14714,0,0.0,ADD 5,0,0,0,0,0.0,ADD 6,0,1,14725,0,0.0,ADD 7,0,0,0,0,0.0,EGT2CAN,0,1,14681,0,0.0
1778949448.1722982,0.0,14930,-51.0,0,-,0,0,0,0,0.0,-,0,0,0,0,0.0,ECU,1,1,14681,0,0.0,FAN1,0,0,0,0,0.0,COILS,8,1,0,0,0.0,PUMP,0,0,0,0,0.0,INJECTOR,8,1,87,0,0.0,SERVO,1,1,14714,0,0.0,ADD 1,0,1,14758,0,0.0,ADD 2,0,1,14779,0,0.0,ADD 3,0,1,14758,0,0.0,ADD 4,0,1,14714,0,0.0,ADD 5,0,0,0,0,0.0,ADD 6,0,1,14725,0,0.0,ADD 7,0,0,0,0,0.0,EGT2CAN,0,1,14681,0,0.0
1778949448.2250364,0.0,14930,-51.0,0,-,0,0,0,0,0.0,-,0,0,0,0,0.0,ECU,1,1,15102,0,0.0,FAN1,0,0,0,0,0.0,COILS,8,1,0,0,0.0,PUMP,0,0,0,0,0.0,INJECTOR,8,1,109,0,0.0,SERVO,1,1,15113,0,0.0,ADD 1,0,1,15228,0,0.0,ADD 2,0,1,15184,0,0.0,ADD 3,0,1,15151,0,0.0,ADD 4,0,1,15135,0,0.0,ADD 5,0,0,0,0,0.0,ADD 6,0,1,15146,0,0.0,ADD 7,0,0,0,0,0.0,EGT2CAN,0,1,15102,0,0.0
1778949448.2790337,0.0,14719,-51.0,0,-,0,0,0,0,0.0,-,0,0,0,0,0.0,ECU,1,1,14692,0,0.0,FAN1,0,0,0,0,0.0,COILS,8,1,0,0,0.0,PUMP,0,0,0,0,0.0,INJECTOR,8,1,92,0,0.0,SERVO,1,1,14747,0,0.0,ADD 1,0,1,14763,0,0.0,ADD 2,0,1,14774,0,0.0,ADD 3,0,1,14752,0,0.0,ADD 4,0,1,14676,0,0.0,ADD 5,0,0,0,0,0.0,ADD 6,0,1,14785,0,0.0,ADD 7,0,0,0,0,0.0,EGT2CAN,0,1,14758,0,0.0
1778949448.3300478,0.0,14719,-51.0,0,-,0,0,0,0,0.0,-,0,0,0,0,0.0,ECU,1,1,14779,0,0.0,FAN1,0,0,0,0,0.0,COILS,8,1,0,0,0.0,PUMP,0,0,0,0,0.0,INJECTOR,8,1,82,0,0.0,SERVO,1,1,14785,0,0.0,ADD 1,0,1,14763,0,0.0,ADD 2,0,1,14774,0,0.0,ADD 3,0,1,14752,0,0.0,ADD 4,0,1,14676,0,0.0,ADD 5,0,0,0,0,0.0,ADD 6,0,1,14785,0,0.0,ADD 7,0,0,0,0,0.0,EGT2CAN,0,1,14758,0,0.0
1778949448.3814592,0.0,14862,-52.0,0,-,0,0,0,0,0.0,-,0,0,0,0,0.0,ECU,1,1,14730,0,0.0,FAN1,0,0,0,0,0.0,COILS,8,1,0,0,0.0,PUMP,0,0,0,0,0.0,INJECTOR,8,1,87,0,0.0,SERVO,1,1,14697,0,0.0,ADD 1,0,1,15053,0,0.0,ADD 2,0,1,15047,0,0.0,ADD 3,0,1,15004,0,0.0,ADD 4,0,1,15009,0,0.0,ADD 5,0,0,0,0,0.0,ADD 6,0,1,14944,0,0.0,ADD 7,0,0,0,0,0.0,EGT2CAN,0,1,14944,0,0.0
1778949448.44518,0.0,14992,-51.0,0,-,0,0,0,0,0.0,-,0,0,0,0,0.0,ECU,1,1,15042,0,0.0,FAN1,0,0,0,0,0.0,COILS,8,1,0,0,0.0,PUMP,0,0,0,0,0.0,INJECTOR,8,1,98,0,0.0,SERVO,1,1,14829,0,0.0,ADD 1,0,1,14900,0,0.0,ADD 2,0,1,14944,0,0.0,ADD 3,0,1,14916,0,0.0,ADD 4,0,1,14894,0,0.0,ADD 5,0,0,0,0,0.0,ADD 6,0,1,14971,0,0.0,ADD 7,0,0,0,0,0.0,EGT2CAN,0,1,14938,0,0.0
1778949448.500747,0.0,14992,-51.0,0,-,0,0,0,0,0.0,-,0,0,0,0,0.0,ECU,1,1,15042,0,0.0,FAN1,0,0,0,0,0.0,COILS,8,1,0,0,0.0,PUMP,0,0,0,0,0.0,INJECTOR,8,1,98,0,0.0,SERVO,1,1,14829,0,0.0,ADD 1,0,1,14900,0,0.0,ADD 2,0,1,14944,0,0.0,ADD 3,0,1,14916,0,0.0,ADD 4,0,1,14894,0,0.0,ADD 5,0,0,0,0,0.0,ADD 6,0,1,14971,0,0.0,ADD 7,0,0,0,0,0.0,EGT2CAN,0,1,14938,0,0.0
1778949448.556548,0.0,14738,-51.0,0,-,0,0,0,0,0.0,-,0,0,0,0,0.0,ECU,1,1,14747,0,0.0,FAN1,0,0,0,0,0.0,COILS,8,1,0,0,0.0,PUMP,0,0,0,0,0.0,INJECTOR,8,1,92,0,0.0,SERVO,1,1,14681,0,0.0,ADD 1,0,1,14736,0,0.0,ADD 2,0,1,14730,0,0.0,ADD 3,0,1,14741,0,0.0,ADD 4,0,1,14676,0,0.0,ADD 5,0,0,0,0,0.0,ADD 6,0,1,14741,0,0.0,ADD 7,0,0,0,0,0.0,EGT2CAN,0,1,14807,0,0.0
1778949448.6088207,0.0,14738,-51.0,0,-,0,0,0,0,0.0,-,0,0,0,0,0.0,ECU,1,1,14736,0,0.0,FAN1,0,0,0,0,0.0,COILS,8,1,0,0,0.0,PUMP,0,0,0,0,0.0,INJECTOR,8,1,92,0,0.0,SERVO,1,1,14736,0,0.0,ADD 1,0,1,14708,0,0.0,ADD 2,0,1,14752,0,0.0,ADD 3,0,1,14774,0,0.0,ADD 4,0,1,14697,0,0.0,ADD 5,0,0,0,0,0.0,ADD 6,0,1,14741,0,0.0,ADD 7,0,0,0,0,0.0,EGT2CAN,0,1,14807,0,0.0
1778949448.6591542,0.0,14794,-51.0,0,-,0,0,0,0,0.0,-,0,0,0,0,0.0,ECU,1,1,14736,0,0.0,FAN1,0,0,0,0,0.0,COILS,8,1,0,0,0.0,PUMP,0,0,0,0,0.0,INJECTOR,8,1,92,0,0.0,SERVO,1,1,14736,0,0.0,ADD 1,0,1,14708,0,0.0,ADD 2,0,1,14752,0,0.0,ADD 3,0,1,14774,0,0.0,ADD 4,0,1,14697,0,0.0,ADD 5,0,0,0,0,0.0,ADD 6,0,1,14790,0,0.0,ADD 7,0,0,0,0,0.0,EGT2CAN,0,1,14769,0,0.0
1778949448.7280066,0.0,15122,-52.0,0,-,0,0,0,0,0.0,-,0,0,0,0,0.0,ECU,1,1,14801,0,0.0,FAN1,0,0,0,0,0.0,COILS,8,1,0,0,0.0,PUMP,0,0,0,0,0.0,INJECTOR,8,1,87,0,0.0,SERVO,1,1,14785,0,0.0,ADD 1,0,1,15102,0,0.0,ADD 2,0,1,15140,0,0.0,ADD 3,0,1,15135,0,0.0,ADD 4,0,1,15058,0,0.0,ADD 5,0,0,0,0,0.0,ADD 6,0,1,15168,0,0.0,ADD 7,0,0,0,0,0.0,EGT2CAN,0,1,15124,0,0.0
1778949448.7787955,0.0,15122,-52.0,0,-,0,0,0,0,0.0,-,0,0,0,0,0.0,ECU,1,1,15009,0,0.0,FAN1,0,0,0,0,0.0,COILS,8,1,0,0,0.0,PUMP,0,0,0,0,0.0,INJECTOR,8,1,98,0,0.0,SERVO,1,1,15037,0,0.0,ADD 1,0,1,14769,0,0.0,ADD 2,0,1,14736,0,0.0,ADD 3,0,1,14676,0,0.0,ADD 4,0,1,14676,0,0.0,ADD 5,0,0,0,0,0.0,ADD 6,0,1,15168,0,0.0,ADD 7,0,0,0,0,0.0,EGT2CAN,0,1,15124,0,0.0
1778949448.8297172,0.0,14843,-52.0,0,-,0,0,0,0,0.0,-,0,0,0,0,0.0,ECU,1,1,14697,0,0.0,FAN1,0,0,0,0,0.0,COILS,8,1,0,0,0.0,PUMP,0,0,0,0,0.0,INJECTOR,8,1,87,0,0.0,SERVO,1,1,14736,0,0.0,ADD 1,0,1,14779,0,0.0,ADD 2,0,1,14840,0,0.0,ADD 3,0,1,14725,0,0.0,ADD 4,0,1,14692,0,0.0,ADD 5,0,0,0,0,0.0,ADD 6,0,1,14758,0,0.0,ADD 7,0,0,0,0,0.0,EGT2CAN,0,1,14763,0,0.0
1778949448.8807347,0.0,14843,-52.0,0,-,0,0,0,0,0.0,-,0,0,0,0,0.0,ECU,1,1,14697,0,0.0,FAN1,0,0,0,0,0.0,COILS,8,1,0,0,0.0,PUMP,0,0,0,0,0.0,INJECTOR,8,1,87,0,0.0,SERVO,1,1,14736,0,0.0,ADD 1,0,1,14779,0,0.0,ADD 2,0,1,14840,0,0.0,ADD 3,0,1,14725,0,0.0,ADD 4,0,1,14692,0,0.0,ADD 5,0,0,0,0,0.0,ADD 6,0,1,14758,0,0.0,ADD 7,0,0,0,0,0.0,EGT2CAN,0,1,14763,0,0.0
1778949448.9318724,0.0,14843,-52.0,0,-,0,0,0,0,0.0,-,0,0,0,0,0.0,ECU,1,1,14714,0,0.0,FAN1,0,0,0,0,0.0,COILS,8,1,0,0,0.0,PUMP,0,0,0,0,0.0,INJECTOR,8,1,87,0,0.0,SERVO,1,1,14730,0,0.0,ADD 1,0,1,14758,0,0.0,ADD 2,0,1,14730,0,0.0,ADD 3,0,1,14758,0,0.0,ADD 4,0,1,14730,0,0.0,ADD 5,0,0,0,0,0.0,ADD 6,0,1,14796,0,0.0,ADD 7,0,0,0,0,0.0,EGT2CAN,0,1,14763,0,0.0
1778949448.9894667,0.0,14806,-52.0,0,-,0,0,0,0,0.0,-,0,0,0,0,0.0,ECU,1,1,14714,0,0.0,FAN1,0,0,0,0,0.0,COILS,8,1,0,0,0.0,PUMP,0,0,0,0,0.0,INJECTOR,8,1,92,0,0.0,SERVO,1,1,14730,0,0.0,ADD 1,0,1,14736,0,0.0,ADD 2,0,1,14730,0,0.0,ADD 3,0,1,14752,0,0.0,ADD 4,0,1,14703,0,0.0,ADD 5,0,0,0,0,0.0,ADD 6,0,1,14725,0,0.0,ADD 7,0,0,0,0,0.0,EGT2CAN,0,1,14697,0,0.0
1778949449.0468216,0.0,14806,-52.0,0,-,0,0,0,0,0.0,-,0,0,0,0,0.0,ECU,1,1,14659,0,0.0,FAN1,0,0,0,0,0.0,COILS,8,1,0,0,0.0,PUMP,0,0,0,0,0.0,INJECTOR,8,1,92,0,0.0,SERVO,1,1,14752,0,0.0,ADD 1,0,1,14736,0,0.0,ADD 2,0,1,14730,0,0.0,ADD 3,0,1,14752,0,0.0,ADD 4,0,1,14703,0,0.0,ADD 5,0,0,0,0,0.0,ADD 6,0,1,14725,0,0.0,ADD 7,0,0,0,0,0.0,EGT2CAN,0,1,14697,0,0.0
1778949449.1098044,0.0,14917,-51.0,0,-,0,0,0,0,0.0,-,0,0,0,0,0.0,ECU,1,1,14736,0,0.0,FAN1,0,0,0,0,0.0,COILS,8,1,0,0,0.0,PUMP,0,0,0,0,0.0,INJECTOR,8,1,87,0,0.0,SERVO,1,1,14752,0,0.0,ADD 1,0,1,15026,0,0.0,ADD 2,0,1,14960,0,0.0,ADD 3,0,1,14944,0,0.0,ADD 4,0,1,14872,0,0.0,ADD 5,0,0,0,0,0.0,ADD 6,0,1,14922,0,0.0,ADD 7,0,0,0,0,0.0,EGT2CAN,0,1,14851,0,0.0
1778949449.1619163,0.0,14955,-52.0,0,-,0,0,0,0,0.0,-,0,0,0,0,0.0,ECU,1,1,14747,0,0.0,FAN1,0,0,0,0,0.0,COILS,8,1,0,0,0.0,PUMP,0,0,0,0,0.0,INJECTOR,8,1,103,0,0.0,SERVO,1,1,14769,0,0.0,ADD 1,0,1,15047,0,0.0,ADD 2,0,1,14998,0,0.0,ADD 3,0,1,15020,0,0.0,ADD 4,0,1,15015,0,0.0,ADD 5,0,0,0,0,0.0,ADD 6,0,1,15102,0,0.0,ADD 7,0,0,0,0,0.0,EGT2CAN,0,1,15058,0,0.0
1778949449.2139037,0.0,14955,-52.0,0,-,0,0,0,0,0.0,-,0,0,0,0,0.0,ECU,1,1,15102,0,0.0,FAN1,0,0,0,0,0.0,COILS,8,1,0,0,0.0,PUMP,0,0,0,0,0.0,INJECTOR,8,1,98,0,0.0,SERVO,1,1,15157,0,0.0,ADD 1,0,1,15047,0,0.0,ADD 2,0,1,14998,0,0.0,ADD 3,0,1,15020,0,0.0,ADD 4,0,1,15015,0,0.0,ADD 5,0,0,0,0,0.0,ADD 6,0,1,15102,0,0.0,ADD 7,0,0,0,0,0.0,EGT2CAN,0,1,15058,0,0.0
1778949449.2647123,0.0,14806,-51.0,0,-,0,0,0,0,0.0,-,0,0,0,0,0.0,ECU,1,1,14714,0,0.0,FAN1,0,0,0,0,0.0,COILS,8,1,0,0,0.0,PUMP,0,0,0,0,0.0,INJECTOR,8,1,82,0,0.0,SERVO,1,1,14648,0,0.0,ADD 1,0,1,14736,0,0.0,ADD 2,0,1,14818,0,0.0,ADD 3,0,1,14758,0,0.0,ADD 4,0,1,14714,0,0.0,ADD 5,0,0,0,0,0.0,ADD 6,0,1,14812,0,0.0,ADD 7,0,0,0,0,0.0,EGT2CAN,0,1,14779,0,0.0
1778949449.3386703,0.0,14831,-51.0,0,-,0,0,0,0,0.0,-,0,0,0,0,0.0,ECU,1,1,14708,0,0.0,FAN1,0,0,0,0,0.0,COILS,8,1,0,0,0.0,PUMP,0,0,0,0,0.0,INJECTOR,8,1,92,0,0.0,SERVO,1,1,14643,0,0.0,ADD 1,0,1,14730,0,0.0,ADD 2,0,1,14708,0,0.0,ADD 3,0,1,14703,0,0.0,ADD 4,0,1,14670,0,0.0,ADD 5,0,0,0,0,0.0,ADD 6,0,1,14714,0,0.0,ADD 7,0,0,0,0,0.0,EGT2CAN,0,1,14725,0,0.0
1778949449.3892543,0.0,14775,-51.0,0,-,0,0,0,0,0.0,-,0,0,0,0,0.0,ECU,1,1,14916,0,0.0,FAN1,0,0,0,0,0.0,COILS,8,1,0,0,0.0,PUMP,0,0,0,0,0.0,INJECTOR,8,1,103,0,0.0,SERVO,1,1,14987,0,0.0,ADD 1,0,1,15009,0,0.0,ADD 2,0,1,15053,0,0.0,ADD 3,0,1,15009,0,0.0,ADD 4,0,1,15009,0,0.0,ADD 5,0,0,0,0,0.0,ADD 6,0,1,15075,0,0.0,ADD 7,0,0,0,0,0.0,EGT2CAN,0,1,15009,0,0.0
1778949449.441842,0.0,14775,-51.0,0,-,0,0,0,0,0.0,-,0,0,0,0,0.0,ECU,1,1,14730,0,0.0,FAN1,0,0,0,0,0.0,COILS,8,1,0,0,0.0,PUMP,0,0,0,0,0.0,INJECTOR,8,1,87,0,0.0,SERVO,1,1,14769,0,0.0,ADD 1,0,1,15009,0,0.0,ADD 2,0,1,15053,0,0.0,ADD 3,0,1,15009,0,0.0,ADD 4,0,1,15009,0,0.0,ADD 5,0,0,0,0,0.0,ADD 6,0,1,15075,0,0.0,ADD 7,0,0,0,0,0.0,EGT2CAN,0,1,15009,0,0.0
1778949449.492253,0.0,14775,-52.0,0,-,0,0,0,0,0.0,-,0,0,0,0,0.0,ECU,1,1,14730,0,0.0,FAN1,0,0,0,0,0.0,COILS,8,1,0,0,0.0,PUMP,0,0,0,0,0.0,INJECTOR,8,1,87,0,0.0,SERVO,1,1,14769,0,0.0,ADD 1,0,1,14752,0,0.0,ADD 2,0,1,14807,0,0.0,ADD 3,0,1,14758,0,0.0,ADD 4,0,1,14790,0,0.0,ADD 5,0,0,0,0,0.0,ADD 6,0,1,14851,0,0.0,ADD 7,0,0,0,0,0.0,EGT2CAN,0,1,14889,0,0.0
1778949449.5432396,0.0,14812,-51.0,0,-,0,0,0,0,0.0,-,0,0,0,0,0.0,ECU,1,1,14730,0,0.0,FAN1,0,0,0,0,0.0,COILS,8,1,0,0,0.0,PUMP,0,0,0,0,0.0,INJECTOR,8,1,131,0,0.0,SERVO,1,1,14714,0,0.0,ADD 1,0,1,14769,0,0.0,ADD 2,0,1,14774,0,0.0,ADD 3,0,1,14774,0,0.0,ADD 4,0,1,14725,0,0.0,ADD 5,0,0,0,0,0.0,ADD 6,0,1,14812,0,0.0,ADD 7,0,0,0,0,0.0,EGT2CAN,0,1,14779,0,0.0
1778949449.5942814,0.0,14812,-51.0,0,-,0,0,0,0,0.0,-,0,0,0,0,0.0,ECU,1,1,14752,0,0.0,FAN1,0,0,0,0,0.0,COILS,8,1,0,0,0.0,PUMP,0,0,0,0,0.0,INJECTOR,8,1,131,0,0.0,SERVO,1,1,14714,0,0.0,ADD 1,0,1,14769,0,0.0,ADD 2,0,1,14774,0,0.0,ADD 3,0,1,14774,0,0.0,ADD 4,0,1,14725,0,0.0,ADD 5,0,0,0,0,0.0,ADD 6,0,1,14812,0,0.0,ADD 7,0,0,0,0,0.0,EGT2CAN,0,1,14779,0,0.0
1778949449.6493366,0.0,14812,-51.0,0,-,0,0,0,0,0.0,-,0,0,0,0,0.0,ECU,1,1,14752,0,0.0,FAN1,0,0,0,0,0.0,COILS,8,1,0,0,0.0,PUMP,0,0,0,0,0.0,INJECTOR,8,1,87,0,0.0,SERVO,1,1,14779,0,0.0,ADD 1,0,1,15113,0,0.0,ADD 2,0,1,15151,0,0.0,ADD 3,0,1,15102,0,0.0,ADD 4,0,1,15053,0,0.0,ADD 5,0,0,0,0,0.0,ADD 6,0,1,15146,0,0.0,ADD 7,0,0,0,0,0.0,EGT2CAN,0,1,15102,0,0.0
1778949449.699528,0.0,14750,-51.0,0,-,0,0,0,0,0.0,-,0,0,0,0,0.0,ECU,1,1,14736,0,0.0,FAN1,0,0,0,0,0.0,COILS,8,1,0,0,0.0,PUMP,0,0,0,0,0.0,INJECTOR,8,1,65,0,0.0,SERVO,1,1,14779,0,0.0,ADD 1,0,1,14785,0,0.0,ADD 2,0,1,14796,0,0.0,ADD 3,0,1,14758,0,0.0,ADD 4,0,1,14708,0,0.0,ADD 5,0,0,0,0,0.0,ADD 6,0,1,14714,0,0.0,ADD 7,0,0,0,0,0.0,EGT2CAN,0,1,14714,0,0.0
1778949449.7535036,0.0,14750,-51.0,0,-,0,0,0,0,0.0,-,0,0,0,0,0.0,ECU,1,1,14785,0,0.0,FAN1,0,0,0,0,0.0,COILS,8,1,0,0,0.0,PUMP,0,0,0,0,0.0,INJECTOR,8,1,87,0,0.0,SERVO,1,1,14752,0,0.0,ADD 1,0,1,14736,0,0.0,ADD 2,0,1,14785,0,0.0,ADD 3,0,1,14659,0,0.0,ADD 4,0,1,14692,0,0.0,ADD 5,0,0,0,0,0.0,ADD 6,0,1,14801,0,0.0,ADD 7,0,0,0,0,0.0,EGT2CAN,0,1,14692,0,0.0
1778949449.8038821,0.0,14985,-53.0,0,-,0,0,0,0,0.0,-,0,0,0,0,0.0,ECU,1,1,14785,0,0.0,FAN1,0,0,0,0,0.0,COILS,8,1,0,0,0.0,PUMP,0,0,0,0,0.0,INJECTOR,8,1,87,0,0.0,SERVO,1,1,14752,0,0.0,ADD 1,0,1,14736,0,0.0,ADD 2,0,1,14785,0,0.0,ADD 3,0,1,14659,0,0.0,ADD 4,0,1,14692,0,0.0,ADD 5,0,0,0,0,0.0,ADD 6,0,1,14801,0,0.0,ADD 7,0,0,0,0,0.0,EGT2CAN,0,1,14692,0,0.0
1778949449.8655908,0.0,14713,-52.0,0,-,0,0,0,0,0.0,-,0,0,0,0,0.0,ECU,1,1,14872,0,0.0,FAN1,0,0,0,0,0.0,COILS,8,1,0,0,0.0,PUMP,0,0,0,0,0.0,INJECTOR,8,1,109,0,0.0,SERVO,1,1,14982,0,0.0,ADD 1,0,1,14987,0,0.0,ADD 2,0,1,15053,0,0.0,ADD 3,0,1,14993,0,0.0,ADD 4,0,1,14998,0,0.0,ADD 5,0,0,0,0,0.0,ADD 6,0,1,15031,0,0.0,ADD 7,0,0,0,0,0.0,EGT2CAN,0,1,15015,0,0.0
1778949449.9333503,0.0,14880,-52.0,0,-,0,0,0,0,0.0,-,0,0,0,0,0.0,ECU,1,1,14730,0,0.0,FAN1,0,0,0,0,0.0,COILS,8,1,0,0,0.0,PUMP,0,0,0,0,0.0,INJECTOR,8,1,92,0,0.0,SERVO,1,1,14703,0,0.0,ADD 1,0,1,14758,0,0.0,ADD 2,0,1,14730,0,0.0,ADD 3,0,1,14697,0,0.0,ADD 4,0,1,14670,0,0.0,ADD 5,0,0,0,0,0.0,ADD 6,0,1,14807,0,0.0,ADD 7,0,0,0,0,0.0,EGT2CAN,0,1,14779,0,0.0
1778949449.9848733,0.0,14843,-52.0,0,-,0,0,0,0,0.0,-,0,0,0,0,0.0,ECU,1,1,14736,0,0.0,FAN1,0,0,0,0,0.0,COILS,8,1,0,0,0.0,PUMP,0,0,0,0,0.0,INJECTOR,8,1,92,0,0.0,SERVO,1,1,14758,0,0.0,ADD 1,0,1,14883,0,0.0,ADD 2,0,1,14894,0,0.0,ADD 3,0,1,14823,0,0.0,ADD 4,0,1,14796,0,0.0,ADD 5,0,0,0,0,0.0,ADD 6,0,1,14829,0,0.0,ADD 7,0,0,0,0,0.0,EGT2CAN,0,1,14758,0,0.0
1778949450.0356774,0.0,14843,-52.0,0,-,0,0,0,0,0.0,-,0,0,0,0,0.0,ECU,1,1,14736,0,0.0,FAN1,0,0,0,0,0.0,COILS,8,1,0,0,0.0,PUMP,0,0,0,0,0.0,INJECTOR,8,1,92,0,0.0,SERVO,1,1,14758,0,0.0,ADD 1,0,1,14883,0,0.0,ADD 2,0,1,14894,0,0.0,ADD 3,0,1,14823,0,0.0,ADD 4,0,1,14796,0,0.0,ADD 5,0,0,0,0,0.0,ADD 6,0,1,14829,0,0.0,ADD 7,0,0,0,0,0.0,EGT2CAN,0,1,14758,0,0.0
1778949450.087036,0.0,14843,-52.0,0,-,0,0,0,0,0.0,-,0,0,0,0,0.0,ECU,1,1,14796,0,0.0,FAN1,0,0,0,0,0.0,COILS,8,1,0,0,0.0,PUMP,0,0,0,0,0.0,INJECTOR,8,1,87,0,0.0,SERVO,1,1,14747,0,0.0,ADD 1,0,1,15053,0,0.0,ADD 2,0,1,15064,0,0.0,ADD 3,0,1,15069,0,0.0,ADD 4,0,1,15004,0,0.0,ADD 5,0,0,0,0,0.0,ADD 6,0,1,14829,0,0.0,ADD 7,0,0,0,0,0.0,EGT2CAN,0,1,14758,0,0.0
1778949450.1466699,0.0,14756,-51.0,0,-,0,0,0,0,0.0,-,0,0,0,0,0.0,ECU,1,1,14779,0,0.0,FAN1,0,0,0,0,0.0,COILS,8,1,0,0,0.0,PUMP,0,0,0,0,0.0,INJECTOR,8,1,87,0,0.0,SERVO,1,1,14758,0,0.0,ADD 1,0,1,14747,0,0.0,ADD 2,0,1,14774,0,0.0,ADD 3,0,1,14714,0,0.0,ADD 4,0,1,14747,0,0.0,ADD 5,0,0,0,0,0.0,ADD 6,0,1,14812,0,0.0,ADD 7,0,0,0,0,0.0,EGT2CAN,0,1,14763,0,0.0
1778949450.2015598,0.0,14756,-51.0,0,-,0,0,0,0,0.0,-,0,0,0,0,0.0,ECU,1,1,14779,0,0.0,FAN1,0,0,0,0,0.0,COILS,8,1,0,0,0.0,PUMP,0,0,0,0,0.0,INJECTOR,8,1,87,0,0.0,SERVO,1,1,14758,0,0.0,ADD 1,0,1,14747,0,0.0,ADD 2,0,1,14774,0,0.0,ADD 3,0,1,14714,0,0.0,ADD 4,0,1,14747,0,0.0,ADD 5,0,0,0,0,0.0,ADD 6,0,1,14812,0,0.0,ADD 7,0,0,0,0,0.0,EGT2CAN,0,1,14763,0,0.0
1778949450.259612,0.0,14812,-52.0,0,-,0,0,0,0,0.0,-,0,0,0,0,0.0,ECU,1,1,15097,0,0.0,FAN1,0,0,0,0,0.0,COILS,8,1,0,0,0.0,PUMP,0,0,0,0,0.0,INJECTOR,8,1,87,0,0.0,SERVO,1,1,15113,0,0.0,ADD 1,0,1,15140,0,0.0,ADD 2,0,1,15119,0,0.0,ADD 3,0,1,15080,0,0.0,ADD 4,0,1,15075,0,0.0,ADD 5,0,0,0,0,0.0,ADD 6,0,1,15069,0,0.0,ADD 7,0,0,0,0,0.0,EGT2CAN,0,1,15064,0,0.0
1778949450.3114672,0.0,14763,-51.0,0,-,0,0,0,0,0.0,-,0,0,0,0,0.0,ECU,1,1,14714,0,0.0,FAN1,0,0,0,0,0.0,COILS,8,1,0,0,0.0,PUMP,0,0,0,0,0.0,INJECTOR,8,1,82,0,0.0,SERVO,1,1,14752,0,0.0,ADD 1,0,1,14785,0,0.0,ADD 2,0,1,14807,0,0.0,ADD 3,0,1,14818,0,0.0,ADD 4,0,1,14829,0,0.0,ADD 5,0,0,0,0,0.0,ADD 6,0,1,14894,0,0.0,ADD 7,0,0,0,0,0.0,EGT2CAN,0,1,14785,0,0.0
1778949450.3633635,0.0,14763,-51.0,0,-,0,0,0,0,0.0,-,0,0,0,0,0.0,ECU,1,1,14708,0,0.0,FAN1,0,0,0,0,0.0,COILS,8,1,0,0,0.0,PUMP,0,0,0,0,0.0,INJECTOR,8,1,87,0,0.0,SERVO,1,1,14670,0,0.0,ADD 1,0,1,14736,0,0.0,ADD 2,0,1,14741,0,0.0,ADD 3,0,1,14703,0,0.0,ADD 4,0,1,14665,0,0.0,ADD 5,0,0,0,0,0.0,ADD 6,0,1,14894,0,0.0,ADD 7,0,0,0,0,0.0,EGT2CAN,0,1,14785,0,0.0
1778949450.414358,0.0,14874,-52.0,0,-,0,0,0,0,0.0,-,0,0,0,0,0.0,ECU,1,1,14769,0,0.0,FAN1,0,0,0,0,0.0,COILS,8,1,0,0,0.0,PUMP,0,0,0,0,0.0,INJECTOR,8,1,87,0,0.0,SERVO,1,1,14725,0,0.0,ADD 1,0,1,14758,0,0.0,ADD 2,0,1,14823,0,0.0,ADD 3,0,1,14747,0,0.0,ADD 4,0,1,14769,0,0.0,ADD 5,0,0,0,0,0.0,ADD 6,0,1,14790,0,0.0,ADD 7,0,0,0,0,0.0,EGT2CAN,0,1,14741,0,0.0
1778949450.464973,0.0,14992,-51.0,0,-,0,0,0,0,0.0,-,0,0,0,0,0.0,ECU,1,1,14758,0,0.0,FAN1,0,0,0,0,0.0,COILS,8,1,0,0,0.0,PUMP,0,0,0,0,0.0,INJECTOR,8,1,87,0,0.0,SERVO,1,1,14697,0,0.0,ADD 1,0,1,15026,0,0.0,ADD 2,0,1,15026,0,0.0,ADD 3,0,1,14993,0,0.0,ADD 4,0,1,14976,0,0.0,ADD 5,0,0,0,0,0.0,ADD 6,0,1,15031,0,0.0,ADD 7,0,0,0,0,0.0,EGT2CAN,0,1,15031,0,0.0
1778949450.517038,0.0,14992,-51.0,0,-,0,0,0,0,0.0,-,0,0,0,0,0.0,ECU,1,1,15130,0,0.0,FAN1,0,0,0,0,0.0,COILS,8,1,0,0,0.0,PUMP,0,0,0,0,0.0,INJECTOR,8,1,98,0,0.0,SERVO,1,1,15113,0,0.0,ADD 1,0,1,14872,0,0.0,ADD 2,0,1,14872,0,0.0,ADD 3,0,1,14900,0,0.0,ADD 4,0,1,14840,0,0.0,ADD 5,0,0,0,0,0.0,ADD 6,0,1,15031,0,0.0,ADD 7,0,0,0,0,0.0,EGT2CAN,0,1,15031,0,0.0
1778949450.5711584,0.0,14756,-54.0,0,-,0,0,0,0,0.0,-,0,0,0,0,0.0,ECU,1,1,14769,0,0.0,FAN1,0,0,0,0,0.0,COILS,8,1,0,0,0.0,PUMP,0,0,0,0,0.0,INJECTOR,8,1,87,0,0.0,SERVO,1,1,14785,0,0.0,ADD 1,0,1,14769,0,0.0,ADD 2,0,1,14714,0,0.0,ADD 3,0,1,14736,0,0.0,ADD 4,0,1,14681,0,0.0,ADD 5,0,0,0,0,0.0,ADD 6,0,1,14785,0,0.0,ADD 7,0,0,0,0,0.0,EGT2CAN,0,1,14730,0,0.0
1778949450.638789,0.0,14794,-51.0,0,-,0,0,0,0,0.0,-,0,0,0,0,0.0,ECU,1,1,14741,0,0.0,FAN1,0,0,0,0,0.0,COILS,8,1,0,0,0.0,PUMP,0,0,0,0,0.0,INJECTOR,8,1,98,0,0.0,SERVO,1,1,14736,0,0.0,ADD 1,0,1,14730,0,0.0,ADD 2,0,1,14774,0,0.0,ADD 3,0,1,14747,0,0.0,ADD 4,0,1,14714,0,0.0,ADD 5,0,0,0,0,0.0,ADD 6,0,1,14752,0,0.0,ADD 7,0,0,0,0,0.0,EGT2CAN,0,1,14747,0,0.0
1778949450.6895158,0.0,14812,-51.0,0,-,0,0,0,0,0.0,-,0,0,0,0,0.0,ECU,1,1,14736,0,0.0,FAN1,0,0,0,0,0.0,COILS,8,1,0,0,0.0,PUMP,0,0,0,0,0.0,INJECTOR,8,1,109,0,0.0,SERVO,1,1,14763,0,0.0,ADD 1,0,1,14812,0,0.0,ADD 2,0,1,14861,0,0.0,ADD 3,0,1,14801,0,0.0,ADD 4,0,1,14790,0,0.0,ADD 5,0,0,0,0,0.0,ADD 6,0,1,14823,0,0.0,ADD 7,0,0,0,0,0.0,EGT2CAN,0,1,14845,0,0.0
1778949450.7403238,0.0,14812,-51.0,0,-,0,0,0,0,0.0,-,0,0,0,0,0.0,ECU,1,1,14736,0,0.0,FAN1,0,0,0,0,0.0,COILS,8,1,0,0,0.0,PUMP,0,0,0,0,0.0,INJECTOR,8,1,109,0,0.0,SERVO,1,1,14763,0,0.0,ADD 1,0,1,14812,0,0.0,ADD 2,0,1,14861,0,0.0,ADD 3,0,1,14801,0,0.0,ADD 4,0,1,14790,0,0.0,ADD 5,0,0,0,0,0.0,ADD 6,0,1,14823,0,0.0,ADD 7,0,0,0,0,0.0,EGT2CAN,0,1,14845,0,0.0
1778949450.7915635,0.0,14812,-51.0,0,-,0,0,0,0,0.0,-,0,0,0,0,0.0,ECU,1,1,14725,0,0.0,FAN1,0,0,0,0,0.0,COILS,8,1,0,0,0.0,PUMP,0,0,0,0,0.0,INJECTOR,8,1,76,0,0.0,SERVO,1,1,14697,0,0.0,ADD 1,0,1,14769,0,0.0,ADD 2,0,1,14758,0,0.0,ADD 3,0,1,14730,0,0.0,ADD 4,0,1,14747,0,0.0,ADD 5,0,0,0,0,0.0,ADD 6,0,1,14823,0,0.0,ADD 7,0,0,0,0,0.0,EGT2CAN,0,1,14845,0,0.0
1778949450.8423233,0.0,14992,-51.0,0,-,0,0,0,0,0.0,-,0,0,0,0,0.0,ECU,1,1,14785,0,0.0,FAN1,0,0,0,0,0.0,COILS,8,1,0,0,0.0,PUMP,0,0,0,0,0.0,INJECTOR,8,1,87,0,0.0,SERVO,1,1,14741,0,0.0,ADD 1,0,1,15053,0,0.0,ADD 2,0,1,15113,0,0.0,ADD 3,0,1,15075,0,0.0,ADD 4,0,1,15020,0,0.0,ADD 5,0,0,0,0,0.0,ADD 6,0,1,15053,0,0.0,ADD 7,0,0,0,0,0.0,EGT2CAN,0,1,14965,0,0.0
1778949450.894147,0.0,14992,-51.0,0,-,0,0,0,0,0.0,-,0,0,0,0,0.0,ECU,1,1,14785,0,0.0,FAN1,0,0,0,0,0.0,COILS,8,1,0,0,0.0,PUMP,0,0,0,0,0.0,INJECTOR,8,1,87,0,0.0,SERVO,1,1,14741,0,0.0,ADD 1,0,1,15053,0,0.0,ADD 2,0,1,15113,0,0.0,ADD 3,0,1,15075,0,0.0,ADD 4,0,1,15020,0,0.0,ADD 5,0,0,0,0,0.0,ADD 6,0,1,15053,0,0.0,ADD 7,0,0,0,0,0.0,EGT2CAN,0,1,14965,0,0.0
1778949450.9460566,0.0,14992,-51.0,0,-,0,0,0,0,0.0,-,0,0,0,0,0.0,ECU,1,1,15119,0,0.0,FAN1,0,0,0,0,0.0,COILS,8,1,0,0,0.0,PUMP,0,0,0,0,0.0,INJECTOR,8,1,98,0,0.0,SERVO,1,1,15031,0,0.0,ADD 1,0,1,14812,0,0.0,ADD 2,0,1,14812,0,0.0,ADD 3,0,1,14801,0,0.0,ADD 4,0,1,14741,0,0.0,ADD 5,0,0,0,0,0.0,ADD 6,0,1,14785,0,0.0,ADD 7,0,0,0,0,0.0,EGT2CAN,0,1,14801,0,0.0
1778949451.0007763,0.0,14781,-52.0,0,-,0,0,0,0,0.0,-,0,0,0,0,0.0,ECU,1,1,14747,0,0.0,FAN1,0,0,0,0,0.0,COILS,8,1,0,0,0.0,PUMP,0,0,0,0,0.0,INJECTOR,8,1,98,0,0.0,SERVO,1,1,14659,0,0.0,ADD 1,0,1,14769,0,0.0,ADD 2,0,1,14741,0,0.0,ADD 3,0,1,14779,0,0.0,ADD 4,0,1,14763,0,0.0,ADD 5,0,0,0,0,0.0,ADD 6,0,1,14829,0,0.0,ADD 7,0,0,0,0,0.0,EGT2CAN,0,1,14719,0,0.0
1778949451.0715294,0.0,14781,-52.0,0,-,0,0,0,0,0.0,-,0,0,0,0,0.0,ECU,1,1,14779,0,0.0,FAN1,0,0,0,0,0.0,COILS,8,1,0,0,0.0,PUMP,0,0,0,0,0.0,INJECTOR,8,1,87,0,0.0,SERVO,1,1,14719,0,0.0,ADD 1,0,1,14769,0,0.0,ADD 2,0,1,14741,0,0.0,ADD 3,0,1,14779,0,0.0,ADD 4,0,1,14763,0,0.0,ADD 5,0,0,0,0,0.0,ADD 6,0,1,14829,0,0.0,ADD 7,0,0,0,0,0.0,EGT2CAN,0,1,14719,0,0.0
1778949451.1220562,0.0,14880,-51.0,0,-,0,0,0,0,0.0,-,0,0,0,0,0.0,ECU,1,1,14807,0,0.0,FAN1,0,0,0,0,0.0,COILS,8,1,0,0,0.0,PUMP,0,0,0,0,0.0,INJECTOR,8,1,92,0,0.0,SERVO,1,1,14872,0,0.0,ADD 1,0,1,14965,0,0.0,ADD 2,0,1,14998,0,0.0,ADD 3,0,1,14982,0,0.0,ADD 4,0,1,14927,0,0.0,ADD 5,0,0,0,0,0.0,ADD 6,0,1,15031,0,0.0,ADD 7,0,0,0,0,0.0,EGT2CAN,0,1,14922,0,0.0
1778949451.1816306,0.0,14806,-51.0,0,-,0,0,0,0,0.0,-,0,0,0,0,0.0,ECU,1,1,14807,0,0.0,FAN1,0,0,0,0,0.0,COILS,8,1,0,0,0.0,PUMP,0,0,0,0,0.0,INJECTOR,8,1,92,0,0.0,SERVO,1,1,14872,0,0.0,ADD 1,0,1,14965,0,0.0,ADD 2,0,1,14998,0,0.0,ADD 3,0,1,14982,0,0.0,ADD 4,0,1,14927,0,0.0,ADD 5,0,0,0,0,0.0,ADD 6,0,1,15031,0,0.0,ADD 7,0,0,0,0,0.0,EGT2CAN,0,1,14922,0,0.0
1778949451.2329984,0.0,14806,-51.0,0,-,0,0,0,0,0.0,-,0,0,0,0,0.0,ECU,1,1,14769,0,0.0,FAN1,0,0,0,0,0.0,COILS,8,1,0,0,0.0,PUMP,0,0,0,0,0.0,INJECTOR,8,1,87,0,0.0,SERVO,1,1,14769,0,0.0,ADD 1,0,1,14965,0,0.0,ADD 2,0,1,14998,0,0.0,ADD 3,0,1,14982,0,0.0,ADD 4,0,1,14927,0,0.0,ADD 5,0,0,0,0,0.0,ADD 6,0,1,15031,0,0.0,ADD 7,0,0,0,0,0.0,EGT2CAN,0,1,14922,0,0.0
1778949451.2840726,0.0,15085,-52.0,0,-,0,0,0,0,0.0,-,0,0,0,0,0.0,ECU,1,1,14818,0,0.0,FAN1,0,0,0,0,0.0,COILS,8,1,0,0,0.0,PUMP,0,0,0,0,0.0,INJECTOR,8,1,82,0,0.0,SERVO,1,1,14730,0,0.0,ADD 1,0,1,15146,0,0.0,ADD 2,0,1,15130,0,0.0,ADD 3,0,1,15146,0,0.0,ADD 4,0,1,15097,0,0.0,ADD 5,0,0,0,0,0.0,ADD 6,0,1,15146,0,0.0,ADD 7,0,0,0,0,0.0,EGT2CAN,0,1,15108,0,0.0
1778949451.3350577,0.0,15085,-52.0,0,-,0,0,0,0,0.0,-,0,0,0,0,0.0,ECU,1,1,14818,0,0.0,FAN1,0,0,0,0,0.0,COILS,8,1,0,0,0.0,PUMP,0,0,0,0,0.0,INJECTOR,8,1,82,0,0.0,SERVO,1,1,14730,0,0.0,ADD 1,0,1,15146,0,0.0,ADD 2,0,1,15130,0,0.0,ADD 3,0,1,15146,0,0.0,ADD 4,0,1,15097,0,0.0,ADD 5,0,0,0,0,0.0,ADD 6,0,1,15146,0,0.0,ADD 7,0,0,0,0,0.0,EGT2CAN,0,1,15108,0,0.0
1778949451.3864691,0.0,15085,-52.0,0,-,0,0,0,0,0.0,-,0,0,0,0,0.0,ECU,1,1,14976,0,0.0,FAN1,0,0,0,0,0.0,COILS,8,1,0,0,0.0,PUMP,0,0,0,0,0.0,INJECTOR,8,1,98,0,0.0,SERVO,1,1,14894,0,0.0,ADD 1,0,1,14840,0,0.0,ADD 2,0,1,14900,0,0.0,ADD 3,0,1,14845,0,0.0,ADD 4,0,1,14823,0,0.0,ADD 5,0,0,0,0,0.0,ADD 6,0,1,15146,0,0.0,ADD 7,0,0,0,0,0.0,EGT2CAN,0,1,15108,0,0.0
1778949451.4368653,0.0,14942,-52.0,0,-,0,0,0,0,0.0,-,0,0,0,0,0.0,ECU,1,1,14730,0,0.0,FAN1,0,0,0,0,0.0,COILS,8,1,0,0,0.0,PUMP,0,0,0,0,0.0,INJECTOR,8,1,114,0,0.0,SERVO,1,1,14714,0,0.0,ADD 1,0,1,14758,0,0.0,ADD 2,0,1,14730,0,0.0,ADD 3,0,1,14785,0,0.0,ADD 4,0,1,14747,0,0.0,ADD 5,0,0,0,0,0.0,ADD 6,0,1,14807,0,0.0,ADD 7,0,0,0,0,0.0,EGT2CAN,0,1,14758,0,0.0
1778949451.4877098,0.0,14942,-52.0,0,-,0,0,0,0,0.0,-,0,0,0,0,0.0,ECU,1,1,14730,0,0.0,FAN1,0,0,0,0,0.0,COILS,8,1,0,0,0.0,PUMP,0,0,0,0,0.0,INJECTOR,8,1,114,0,0.0,SERVO,1,1,14714,0,0.0,ADD 1,0,1,14758,0,0.0,ADD 2,0,1,14730,0,0.0,ADD 3,0,1,14785,0,0.0,ADD 4,0,1,14747,0,0.0,ADD 5,0,0,0,0,0.0,ADD 6,0,1,14807,0,0.0,ADD 7,0,0,0,0,0.0,EGT2CAN,0,1,14758,0,0.0
1778949451.5398662,0.0,14942,-52.0,0,-,0,0,0,0,0.0,-,0,0,0,0,0.0,ECU,1,1,14911,0,0.0,FAN1,0,0,0,0,0.0,COILS,8,1,0,0,0.0,PUMP,0,0,0,0,0.0,INJECTOR,8,1,98,0,0.0,SERVO,1,1,14812,0,0.0,ADD 1,0,1,14823,0,0.0,ADD 2,0,1,14829,0,0.0,ADD 3,0,1,14752,0,0.0,ADD 4,0,1,14730,0,0.0,ADD 5,0,0,0,0,0.0,ADD 6,0,1,14845,0,0.0,ADD 7,0,0,0,0,0.0,EGT2CAN,0,1,14796,0,0.0
1778949451.5902092,0.0,14794,-51.0,0,-,0,0,0,0,0.0,-,0,0,0,0,0.0,ECU,1,1,14730,0,0.0,FAN1,0,0,0,0,0.0,COILS,8,1,0,0,0.0,PUMP,0,0,0,0,0.0,INJECTOR,8,1,87,0,0.0,SERVO,1,1,14730,0,0.0,ADD 1,0,1,14747,0,0.0,ADD 2,0,1,14807,0,0.0,ADD 3,0,1,14725,0,0.0,ADD 4,0,1,14670,0,0.0,ADD 5,0,0,0,0,0.0,ADD 6,0,1,14758,0,0.0,ADD 7,0,0,0,0,0.0,EGT2CAN,0,1,14736,0,0.0
1778949451.641808,0.0,14794,-51.0,0,-,0,0,0,0,0.0,-,0,0,0,0,0.0,ECU,1,1,14730,0,0.0,FAN1,0,0,0,0,0.0,COILS,8,1,0,0,0.0,PUMP,0,0,0,0,0.0,INJECTOR,8,1,87,0,0.0,SERVO,1,1,14730,0,0.0,ADD 1,0,1,14747,0,0.0,ADD 2,0,1,14807,0,0.0,ADD 3,0,1,14725,0,0.0,ADD 4,0,1,14670,0,0.0,ADD 5,0,0,0,0,0.0,ADD 6,0,1,14758,0,0.0,ADD 7,0,0,0,0,0.0,EGT2CAN,0,1,14736,0,0.0
1778949451.6926718,0.0,14794,-51.0,0,-,0,0,0,0,0.0,-,0,0,0,0,0.0,ECU,1,1,14763,0,0.0,FAN1,0,0,0,0,0.0,COILS,8,1,0,0,0.0,PUMP,0,0,0,0,0.0,INJECTOR,8,1,92,0,0.0,SERVO,1,1,14752,0,0.0,ADD 1,0,1,14812,0,0.0,ADD 2,0,1,14812,0,0.0,ADD 3,0,1,14785,0,0.0,ADD 4,0,1,14730,0,0.0,ADD 5,0,0,0,0,0.0,ADD 6,0,1,14829,0,0.0,ADD 7,0,0,0,0,0.0,EGT2CAN,0,1,14730,0,0.0
1778949451.753446,0.0,14794,-51.0,0,-,0,0,0,0,0.0,-,0,0,0,0,0.0,ECU,1,1,15015,0,0.0,FAN1,0,0,0,0,0.0,COILS,8,1,0,0,0.0,PUMP,0,0,0,0,0.0,INJECTOR,8,1,98,0,0.0,SERVO,1,1,14982,0,0.0,ADD 1,0,1,14790,0,0.0,ADD 2,0,1,14818,0,0.0,ADD 3,0,1,14752,0,0.0,ADD 4,0,1,14676,0,0.0,ADD 5,0,0,0,0,0.0,ADD 6,0,1,14758,0,0.0,ADD 7,0,0,0,0,0.0,EGT2CAN,0,1,14774,0,0.0
1778949451.8043013,0.0,14794,-51.0,0,-,0,0,0,0,0.0,-,0,0,0,0,0.0,ECU,1,1,14889,0,0.0,FAN1,0,0,0,0,0.0,COILS,8,1,0,0,0.0,PUMP,0,0,0,0,0.0,INJECTOR,8,1,98,0,0.0,SERVO,1,1,14982,0,0.0,ADD 1,0,1,14790,0,0.0,ADD 2,0,1,14818,0,0.0,ADD 3,0,1,14752,0,0.0,ADD 4,0,1,14676,0,0.0,ADD 5,0,0,0,0,0.0,ADD 6,0,1,14758,0,0.0,ADD 7,0,0,0,0,0.0,EGT2CAN,0,1,14774,0,0.0
1778949451.8551757,0.0,14794,-51.0,0,-,0,0,0,0,0.0,-,0,0,0,0,0.0,ECU,1,1,14889,0,0.0,FAN1,0,0,0,0,0.0,COILS,8,1,0,0,0.0,PUMP,0,0,0,0,0.0,INJECTOR,8,1,87,0,0.0,SERVO,1,1,14987,0,0.0,ADD 1,0,1,14741,0,0.0,ADD 2,0,1,14785,0,0.0,ADD 3,0,1,14686,0,0.0,ADD 4,0,1,14708,0,0.0,ADD 5,0,0,0,0,0.0,ADD 6,0,1,14801,0,0.0,ADD 7,0,0,0,0,0.0,EGT2CAN,0,1,14774,0,0.0
1778949451.9064732,0.0,15010,-51.0,0,-,0,0,0,0,0.0,-,0,0,0,0,0.0,ECU,1,1,14763,0,0.0,FAN1,0,0,0,0,0.0,COILS,8,1,0,0,0.0,PUMP,0,0,0,0,0.0,INJECTOR,8,1,87,0,0.0,SERVO,1,1,14730,0,0.0,ADD 1,0,1,14785,0,0.0,ADD 2,0,1,14774,0,0.0,ADD 3,0,1,14763,0,0.0,ADD 4,0,1,14719,0,0.0,ADD 5,0,0,0,0,0.0,ADD 6,0,1,14758,0,0.0,ADD 7,0,0,0,0,0.0,EGT2CAN,0,1,14730,0,0.0
1778949451.9581125,0.0,15010,-51.0,0,-,0,0,0,0,0.0,-,0,0,0,0,0.0,ECU,1,1,14960,0,0.0,FAN1,0,0,0,0,0.0,COILS,8,1,0,0,0.0,PUMP,0,0,0,0,0.0,INJECTOR,8,1,82,0,0.0,SERVO,1,1,14944,0,0.0,ADD 1,0,1,15031,0,0.0,ADD 2,0,1,15020,0,0.0,ADD 3,0,1,15064,0,0.0,ADD 4,0,1,15053,0,0.0,ADD 5,0,0,0,0,0.0,ADD 6,0,1,14758,0,0.0,ADD 7,0,0,0,0,0.0,EGT2CAN,0,1,14730,0,0.0
1778949452.008917,0.0,14763,-52.0,0,-,0,0,0,0,0.0,-,0,0,0,0,0.0,ECU,1,1,14801,0,0.0,FAN1,0,0,0,0,0.0,COILS,8,1,0,0,0.0,PUMP,0,0,0,0,0.0,INJECTOR,8,1,92,0,0.0,SERVO,1,1,14790,0,0.0,ADD 1,0,1,14730,0,0.0,ADD 2,0,1,14829,0,0.0,ADD 3,0,1,14730,0,0.0,ADD 4,0,1,14714,0,0.0,ADD 5,0,0,0,0,0.0,ADD 6,0,1,14807,0,0.0,ADD 7,0,0,0,0,0.0,EGT2CAN,0,1,14741,0,0.0
1778949452.066396,0.0,14794,-52.0,0,-,0,0,0,0,0.0,-,0,0,0,0,0.0,ECU,1,1,14747,0,0.0,FAN1,0,0,0,0,0.0,COILS,8,1,0,0,0.0,PUMP,0,0,0,0,0.0,INJECTOR,8,1,87,0,0.0,SERVO,1,1,14714,0,0.0,ADD 1,0,1,14763,0,0.0,ADD 2,0,1,14829,0,0.0,ADD 3,0,1,14763,0,0.0,ADD 4,0,1,14758,0,0.0,ADD 5,0,0,0,0,0.0,ADD 6,0,1,14758,0,0.0,ADD 7,0,0,0,0,0.0,EGT2CAN,0,1,14714,0,0.0
1778949452.1315932,0.0,14794,-52.0,0,-,0,0,0,0,0.0,-,0,0,0,0,0.0,ECU,1,1,14807,0,0.0,FAN1,0,0,0,0,0.0,COILS,8,1,0,0,0.0,PUMP,0,0,0,0,0.0,INJECTOR,8,1,92,0,0.0,SERVO,1,1,14807,0,0.0,ADD 1,0,1,15135,0,0.0,ADD 2,0,1,15086,0,0.0,ADD 3,0,1,15102,0,0.0,ADD 4,0,1,15053,0,0.0,ADD 5,0,0,0,0,0.0,ADD 6,0,1,15053,0,0.0,ADD 7,0,0,0,0,0.0,EGT2CAN,0,1,15020,0,0.0
1778949452.182447,0.0,14806,-51.0,0,-,0,0,0,0,0.0,-,0,0,0,0,0.0,ECU,1,1,14976,0,0.0,FAN1,0,0,0,0,0.0,COILS,8,1,0,0,0.0,PUMP,0,0,0,0,0.0,INJECTOR,8,1,92,0,0.0,SERVO,1,1,14998,0,0.0,ADD 1,0,1,14714,0,0.0,ADD 2,0,1,14714,0,0.0,ADD 3,0,1,14719,0,0.0,ADD 4,0,1,14752,0,0.0,ADD 5,0,0,0,0,0.0,ADD 6,0,1,14801,0,0.0,ADD 7,0,0,0,0,0.0,EGT2CAN,0,1,14730,0,0.0
1778949452.234851,0.0,14806,-51.0,0,-,0,0,0,0,0.0,-,0,0,0,0,0.0,ECU,1,1,14976,0,0.0,FAN1,0,0,0,0,0.0,COILS,8,1,0,0,0.0,PUMP,0,0,0,0,0.0,INJECTOR,8,1,92,0,0.0,SERVO,1,1,14998,0,0.0,ADD 1,0,1,14714,0,0.0,ADD 2,0,1,14714,0,0.0,ADD 3,0,1,14719,0,0.0,ADD 4,0,1,14752,0,0.0,ADD 5,0,0,0,0,0.0,ADD 6,0,1,14801,0,0.0,ADD 7,0,0,0,0,0.0,EGT2CAN,0,1,14730,0,0.0
1778949452.287374,0.0,14806,-51.0,0,-,0,0,0,0,0.0,-,0,0,0,0,0.0,ECU,1,1,14763,0,0.0,FAN1,0,0,0,0,0.0,COILS,8,1,0,0,0.0,PUMP,0,0,0,0,0.0,INJECTOR,8,1,87,0,0.0,SERVO,1,1,14725,0,0.0,ADD 1,0,1,14714,0,0.0,ADD 2,0,1,14758,0,0.0,ADD 3,0,1,14779,0,0.0,ADD 4,0,1,14774,0,0.0,ADD 5,0,0,0,0,0.0,ADD 6,0,1,14785,0,0.0,ADD 7,0,0,0,0,0.0,EGT2CAN,0,1,14785,0,0.0
1778949452.3398147,0.0,14880,-52.0,0,-,0,0,0,0,0.0,-,0,0,0,0,0.0,ECU,1,1,15190,0,0.0,FAN1,0,0,0,0,0.0,COILS,8,1,0,0,0.0,PUMP,0,0,0,0,0.0,INJECTOR,8,1,131,0,0.0,SERVO,1,1,15031,0,0.0,ADD 1,0,1,15124,0,0.0,ADD 2,0,1,15113,0,0.0,ADD 3,0,1,15086,0,0.0,ADD 4,0,1,14993,0,0.0,ADD 5,0,0,0,0,0.0,ADD 6,0,1,15064,0,0.0,ADD 7,0,0,0,0,0.0,EGT2CAN,0,1,14916,0,0.0
1778949452.390402,0.0,14880,-52.0,0,-,0,0,0,0,0.0,-,0,0,0,0,0.0,ECU,1,1,14872,0,0.0,FAN1,0,0,0,0,0.0,COILS,8,1,0,0,0.0,PUMP,0,0,0,0,0.0,INJECTOR,8,1,131,0,0.0,SERVO,1,1,15031,0,0.0,ADD 1,0,1,15124,0,0.0,ADD 2,0,1,15113,0,0.0,ADD 3,0,1,15086,0,0.0,ADD 4,0,1,14993,0,0.0,ADD 5,0,0,0,0,0.0,ADD 6,0,1,15064,0,0.0,ADD 7,0,0,0,0,0.0,EGT2CAN,0,1,14916,0,0.0
1778949452.4410279,0.0,14812,-51.0,0,-,0,0,0,0,0.0,-,0,0,0,0,0.0,ECU,1,1,14785,0,0.0,FAN1,0,0,0,0,0.0,COILS,8,1,0,0,0.0,PUMP,0,0,0,0,0.0,INJECTOR,8,1,125,0,0.0,SERVO,1,1,14708,0,0.0,ADD 1,0,1,14714,0,0.0,ADD 2,0,1,14763,0,0.0,ADD 3,0,1,14785,0,0.0,ADD 4,0,1,14730,0,0.0,ADD 5,0,0,0,0,0.0,ADD 6,0,1,14785,0,0.0,ADD 7,0,0,0,0,0.0,EGT2CAN,0,1,14697,0,0.0
1778949452.496784,0.0,14806,-51.0,0,-,0,0,0,0,0.0,-,0,0,0,0,0.0,ECU,1,1,14774,0,0.0,FAN1,0,0,0,0,0.0,COILS,8,1,0,0,0.0,PUMP,0,0,0,0,0.0,INJECTOR,8,1,92,0,0.0,SERVO,1,1,14758,0,0.0,ADD 1,0,1,14834,0,0.0,ADD 2,0,1,14790,0,0.0,ADD 3,0,1,14719,0,0.0,ADD 4,0,1,14736,0,0.0,ADD 5,0,0,0,0,0.0,ADD 6,0,1,14818,0,0.0,ADD 7,0,0,0,0,0.0,EGT2CAN,0,1,14801,0,0.0
1778949452.556822,0.0,14806,-51.0,0,-,0,0,0,0,0.0,-,0,0,0,0,0.0,ECU,1,1,14774,0,0.0,FAN1,0,0,0,0,0.0,COILS,8,1,0,0,0.0,PUMP,0,0,0,0,0.0,INJECTOR,8,1,65,0,0.0,SERVO,1,1,14730,0,0.0,ADD 1,0,1,14834,0,0.0,ADD 2,0,1,14790,0,0.0,ADD 3,0,1,14719,0,0.0,ADD 4,0,1,14736,0,0.0,ADD 5,0,0,0,0,0.0,ADD 6,0,1,14818,0,0.0,ADD 7,0,0,0,0,0.0,EGT2CAN,0,1,14801,0,0.0
1778949452.6077068,0.0,14868,-51.0,0,-,0,0,0,0,0.0,-,0,0,0,0,0.0,ECU,1,1,15184,0,0.0,FAN1,0,0,0,0,0.0,COILS,8,1,0,0,0.0,PUMP,0,0,0,0,0.0,INJECTOR,8,1,87,0,0.0,SERVO,1,1,15042,0,0.0,ADD 1,0,1,14758,0,0.0,ADD 2,0,1,14807,0,0.0,ADD 3,0,1,14785,0,0.0,ADD 4,0,1,14763,0,0.0,ADD 5,0,0,0,0,0.0,ADD 6,0,1,14812,0,0.0,ADD 7,0,0,0,0,0.0,EGT2CAN,0,1,14851,0,0.0
1778949452.6589503,0.0,14794,-51.0,0,-,0,0,0,0,0.0,-,0,0,0,0,0.0,ECU,1,1,14894,0,0.0,FAN1,0,0,0,0,0.0,COILS,8,1,0,0,0.0,PUMP,0,0,0,0,0.0,INJECTOR,8,1,87,0,0.0,SERVO,1,1,14916,0,0.0,ADD 1,0,1,14790,0,0.0,ADD 2,0,1,14779,0,0.0,ADD 3,0,1,14741,0,0.0,ADD 4,0,1,14741,0,0.0,ADD 5,0,0,0,0,0.0,ADD 6,0,1,14812,0,0.0,ADD 7,0,0,0,0,0.0,EGT2CAN,0,1,14790,0,0.0
1778949452.709394,0.0,14794,-51.0,0,-,0,0,0,0,0.0,-,0,0,0,0,0.0,ECU,1,1,14659,0,0.0,FAN1,0,0,0,0,0.0,COILS,8,1,0,0,0.0,PUMP,0,0,0,0,0.0,INJECTOR,8,1,87,0,0.0,SERVO,1,1,14916,0,0.0,ADD 1,0,1,14790,0,0.0,ADD 2,0,1,14779,0,0.0,ADD 3,0,1,14741,0,0.0,ADD 4,0,1,14741,0,0.0,ADD 5,0,0,0,0,0.0,ADD 6,0,1,14812,0,0.0,ADD 7,0,0,0,0,0.0,EGT2CAN,0,1,14790,0,0.0
1778949452.7734785,0.0,15109,-52.0,0,-,0,0,0,0,0.0,-,0,0,0,0,0.0,ECU,1,1,14774,0,0.0,FAN1,0,0,0,0,0.0,COILS,8,1,0,0,0.0,PUMP,0,0,0,0,0.0,INJECTOR,8,1,87,0,0.0,SERVO,1,1,14807,0,0.0,ADD 1,0,1,14785,0,0.0,ADD 2,0,1,14829,0,0.0,ADD 3,0,1,14807,0,0.0,ADD 4,0,1,14730,0,0.0,ADD 5,0,0,0,0,0.0,ADD 6,0,1,14785,0,0.0,ADD 7,0,0,0,0,0.0,EGT2CAN,0,1,14785,0,0.0
1778949452.8258297,0.0,14806,-51.0,0,-,0,0,0,0,0.0,-,0,0,0,0,0.0,ECU,1,1,14944,0,0.0,FAN1,0,0,0,0,0.0,COILS,8,1,0,0,0.0,PUMP,0,0,0,0,0.0,INJECTOR,8,1,98,0,0.0,SERVO,1,1,14894,0,0.0,ADD 1,0,1,14916,0,0.0,ADD 2,0,1,14900,0,0.0,ADD 3,0,1,14861,0,0.0,ADD 4,0,1,14818,0,0.0,ADD 5,0,0,0,0,0.0,ADD 6,0,1,14823,0,0.0,ADD 7,0,0,0,0,0.0,EGT2CAN,0,1,14807,0,0.0
1778949452.8767526,0.0,14806,-51.0,0,-,0,0,0,0,0.0,-,0,0,0,0,0.0,ECU,1,1,14927,0,0.0,FAN1,0,0,0,0,0.0,COILS,8,1,0,0,0.0,PUMP,0,0,0,0,0.0,INJECTOR,8,1,87,0,0.0,SERVO,1,1,14944,0,0.0,ADD 1,0,1,15037,0,0.0,ADD 2,0,1,14944,0,0.0,ADD 3,0,1,15037,0,0.0,ADD 4,0,1,15097,0,0.0,ADD 5,0,0,0,0,0.0,ADD 6,0,1,15157,0,0.0,ADD 7,0,0,0,0,0.0,EGT2CAN,0,1,15124,0,0.0
1778949452.9309182,0.0,14756,-52.0,0,-,0,0,0,0,0.0,-,0,0,0,0,0.0,ECU,1,1,14769,0,0.0,FAN1,0,0,0,0,0.0,COILS,8,1,0,0,0.0,PUMP,0,0,0,0,0.0,INJECTOR,8,1,87,0,0.0,SERVO,1,1,14758,0,0.0,ADD 1,0,1,14829,0,0.0,ADD 2,0,1,14801,0,0.0,ADD 3,0,1,14730,0,0.0,ADD 4,0,1,14747,0,0.0,ADD 5,0,0,0,0,0.0,ADD 6,0,1,14796,0,0.0,ADD 7,0,0,0,0,0.0,EGT2CAN,0,1,14736,0,0.0
1778949452.9824746,0.0,14806,-52.0,0,-,0,0,0,0,0.0,-,0,0,0,0,0.0,ECU,1,1,14714,0,0.0,FAN1,0,0,0,0,0.0,COILS,8,1,0,0,0.0,PUMP,0,0,0,0,0.0,INJECTOR,8,1,71,0,0.0,SERVO,1,1,14752,0,0.0,ADD 1,0,1,14796,0,0.0,ADD 2,0,1,14790,0,0.0,ADD 3,0,1,14785,0,0.0,ADD 4,0,1,14736,0,0.0,ADD 5,0,0,0,0,0.0,ADD 6,0,1,14823,0,0.0,ADD 7,0,0,0,0,0.0,EGT2CAN,0,1,14758,0,0.0
1778949453.0455332,0.0,14955,-51.0,0,-,0,0,0,0,0.0,-,0,0,0,0,0.0,ECU,1,1,14818,0,0.0,FAN1,0,0,0,0,0.0,COILS,8,1,0,0,0.0,PUMP,0,0,0,0,0.0,INJECTOR,8,1,92,0,0.0,SERVO,1,1,14747,0,0.0,ADD 1,0,1,14976,0,0.0,ADD 2,0,1,15047,0,0.0,ADD 3,0,1,14976,0,0.0,ADD 4,0,1,15004,0,0.0,ADD 5,0,0,0,0,0.0,ADD 6,0,1,15047,0,0.0,ADD 7,0,0,0,0,0.0,EGT2CAN,0,1,14993,0,0.0
1778949453.09657,0.0,14955,-51.0,0,-,0,0,0,0,0.0,-,0,0,0,0,0.0,ECU,1,1,14982,0,0.0,FAN1,0,0,0,0,0.0,COILS,8,1,0,0,0.0,PUMP,0,0,0,0,0.0,INJECTOR,8,1,92,0,0.0,SERVO,1,1,15097,0,0.0,ADD 1,0,1,14779,0,0.0,ADD 2,0,1,14829,0,0.0,ADD 3,0,1,14790,0,0.0,ADD 4,0,1,14741,0,0.0,ADD 5,0,0,0,0,0.0,ADD 6,0,1,15047,0,0.0,ADD 7,0,0,0,0,0.0,EGT2CAN,0,1,14993,0,0.0
1778949453.1487987,0.0,14806,-52.0,0,-,0,0,0,0,0.0,-,0,0,0,0,0.0,ECU,1,1,14982,0,0.0,FAN1,0,0,0,0,0.0,COILS,8,1,0,0,0.0,PUMP,0,0,0,0,0.0,INJECTOR,8,1,92,0,0.0,SERVO,1,1,15097,0,0.0,ADD 1,0,1,14779,0,0.0,ADD 2,0,1,14829,0,0.0,ADD 3,0,1,14790,0,0.0,ADD 4,0,1,14741,0,0.0,ADD 5,0,0,0,0,0.0,ADD 6,0,1,14785,0,0.0,ADD 7,0,0,0,0,0.0,EGT2CAN,0,1,14769,0,0.0
1778949453.208734,0.0,14924,-52.0,0,-,0,0,0,0,0.0,-,0,0,0,0,0.0,ECU,1,1,14834,0,0.0,FAN1,0,0,0,0,0.0,COILS,8,1,0,0,0.0,PUMP,0,0,0,0,0.0,INJECTOR,8,1,87,0,0.0,SERVO,1,1,14752,0,0.0,ADD 1,0,1,14818,0,0.0,ADD 2,0,1,14796,0,0.0,ADD 3,0,1,14741,0,0.0,ADD 4,0,1,14714,0,0.0,ADD 5,0,0,0,0,0.0,ADD 6,0,1,14840,0,0.0,ADD 7,0,0,0,0,0.0,EGT2CAN,0,1,14807,0,0.0
1778949453.2595031,0.0,14924,-52.0,0,-,0,0,0,0,0.0,-,0,0,0,0,0.0,ECU,1,1,15037,0,0.0,FAN1,0,0,0,0,0.0,COILS,8,1,0,0,0.0,PUMP,0,0,0,0,0.0,INJECTOR,8,1,103,0,0.0,SERVO,1,1,15053,0,0.0,ADD 1,0,1,15135,0,0.0,ADD 2,0,1,15157,0,0.0,ADD 3,0,1,15130,0,0.0,ADD 4,0,1,15075,0,0.0,ADD 5,0,0,0,0,0.0,ADD 6,0,1,14840,0,0.0,ADD 7,0,0,0,0,0.0,EGT2CAN,0,1,14807,0,0.0
1778949453.3103783,0.0,14787,-53.0,0,-,0,0,0,0,0.0,-,0,0,0,0,0.0,ECU,1,1,15037,0,0.0,FAN1,0,0,0,0,0.0,COILS,8,1,0,0,0.0,PUMP,0,0,0,0,0.0,INJECTOR,8,1,103,0,0.0,SERVO,1,1,15053,0,0.0,ADD 1,0,1,15135,0,0.0,ADD 2,0,1,15157,0,0.0,ADD 3,0,1,15130,0,0.0,ADD 4,0,1,15075,0,0.0,ADD 5,0,0,0,0,0.0,ADD 6,0,1,15184,0,0.0,ADD 7,0,0,0,0,0.0,EGT2CAN,0,1,15162,0,0.0
1778949453.371594,0.0,14769,-52.0,0,-,0,0,0,0,0.0,-,0,0,0,0,0.0,ECU,1,1,14714,0,0.0,FAN1,0,0,0,0,0.0,COILS,8,1,0,0,0.0,PUMP,0,0,0,0,0.0,INJECTOR,8,1,92,0,0.0,SERVO,1,1,14730,0,0.0,ADD 1,0,1,14758,0,0.0,ADD 2,0,1,14796,0,0.0,ADD 3,0,1,14758,0,0.0,ADD 4,0,1,14708,0,0.0,ADD 5,0,0,0,0,0.0,ADD 6,0,1,14785,0,0.0,ADD 7,0,0,0,0,0.0,EGT2CAN,0,1,14785,0,0.0
1778949453.429138,0.0,14769,-52.0,0,-,0,0,0,0,0.0,-,0,0,0,0,0.0,ECU,1,1,14807,0,0.0,FAN1,0,0,0,0,0.0,COILS,8,1,0,0,0.0,PUMP,0,0,0,0,0.0,INJECTOR,8,1,87,0,0.0,SERVO,1,1,14747,0,0.0,ADD 1,0,1,14758,0,0.0,ADD 2,0,1,14796,0,0.0,ADD 3,0,1,14758,0,0.0,ADD 4,0,1,14708,0,0.0,ADD 5,0,0,0,0,0.0,ADD 6,0,1,14785,0,0.0,ADD 7,0,0,0,0,0.0,EGT2CAN,0,1,14785,0,0.0
1778949453.4803064,0.0,14750,-51.0,0,-,0,0,0,0,0.0,-,0,0,0,0,0.0,ECU,1,1,14976,0,0.0,FAN1,0,0,0,0,0.0,COILS,8,1,0,0,0.0,PUMP,0,0,0,0,0.0,INJECTOR,8,1,92,0,0.0,SERVO,1,1,15026,0,0.0,ADD 1,0,1,14741,0,0.0,ADD 2,0,1,14774,0,0.0,ADD 3,0,1,14741,0,0.0,ADD 4,0,1,14725,0,0.0,ADD 5,0,0,0,0,0.0,ADD 6,0,1,14763,0,0.0,ADD 7,0,0,0,0,0.0,EGT2CAN,0,1,14774,0,0.0
1778949453.530836,0.0,14750,-51.0,0,-,0,0,0,0,0.0,-,0,0,0,0,0.0,ECU,1,1,14976,0,0.0,FAN1,0,0,0,0,0.0,COILS,8,1,0,0,0.0,PUMP,0,0,0,0,0.0,INJECTOR,8,1,92,0,0.0,SERVO,1,1,15026,0,0.0,ADD 1,0,1,14741,0,0.0,ADD 2,0,1,14774,0,0.0,ADD 3,0,1,14741,0,0.0,ADD 4,0,1,14725,0,0.0,ADD 5,0,0,0,0,0.0,ADD 6,0,1,14763,0,0.0,ADD 7,0,0,0,0,0.0,EGT2CAN,0,1,14774,0,0.0
1778949453.581938,0.0,14750,-51.0,0,-,0,0,0,0,0.0,-,0,0,0,0,0.0,ECU,1,1,14801,0,0.0,FAN1,0,0,0,0,0.0,COILS,8,1,0,0,0.0,PUMP,0,0,0,0,0.0,INJECTOR,8,1,92,0,0.0,SERVO,1,1,14785,0,0.0,ADD 1,0,1,14807,0,0.0,ADD 2,0,1,14812,0,0.0,ADD 3,0,1,14747,0,0.0,ADD 4,0,1,14708,0,0.0,ADD 5,0,0,0,0,0.0,ADD 6,0,1,14763,0,0.0,ADD 7,0,0,0,0,0.0,EGT2CAN,0,1,14774,0,0.0
1778949453.6321943,0.0,14775,-51.0,0,-,0,0,0,0,0.0,-,0,0,0,0,0.0,ECU,1,1,14993,0,0.0,FAN1,0,0,0,0,0.0,COILS,8,1,0,0,0.0,PUMP,0,0,0,0,0.0,INJECTOR,8,1,82,0,0.0,SERVO,1,1,15080,0,0.0,ADD 1,0,1,15086,0,0.0,ADD 2,0,1,15228,0,0.0,ADD 3,0,1,15135,0,0.0,ADD 4,0,1,15086,0,0.0,ADD 5,0,0,0,0,0.0,ADD 6,0,1,15157,0,0.0,ADD 7,0,0,0,0,0.0,EGT2CAN,0,1,15151,0,0.0
1778949453.6830497,0.0,14775,-51.0,0,-,0,0,0,0,0.0,-,0,0,0,0,0.0,ECU,1,1,14993,0,0.0,FAN1,0,0,0,0,0.0,COILS,8,1,0,0,0.0,PUMP,0,0,0,0,0.0,INJECTOR,8,1,82,0,0.0,SERVO,1,1,15080,0,0.0,ADD 1,0,1,15086,0,0.0,ADD 2,0,1,15228,0,0.0,ADD 3,0,1,15135,0,0.0,ADD 4,0,1,15086,0,0.0,ADD 5,0,0,0,0,0.0,ADD 6,0,1,15157,0,0.0,ADD 7,0,0,0,0,0.0,EGT2CAN,0,1,15151,0,0.0
1778949453.733522,0.0,14775,-51.0,0,-,0,0,0,0,0.0,-,0,0,0,0,0.0,ECU,1,1,14785,0,0.0,FAN1,0,0,0,0,0.0,COILS,8,1,0,0,0.0,PUMP,0,0,0,0,0.0,INJECTOR,8,1,92,0,0.0,SERVO,1,1,14736,0,0.0,ADD 1,0,1,14790,0,0.0,ADD 2,0,1,14758,0,0.0,ADD 3,0,1,14752,0,0.0,ADD 4,0,1,14697,0,0.0,ADD 5,0,0,0,0,0.0,ADD 6,0,1,14818,0,0.0,ADD 7,0,0,0,0,0.0,EGT2CAN,0,1,14763,0,0.0
1778949453.7844777,0.0,14917,-52.0,0,-,0,0,0,0,0.0,-,0,0,0,0,0.0,ECU,1,1,14763,0,0.0,FAN1,0,0,0,0,0.0,COILS,8,1,0,0,0.0,PUMP,0,0,0,0,0.0,INJECTOR,8,1,98,0,0.0,SERVO,1,1,14752,0,0.0,ADD 1,0,1,14944,0,0.0,ADD 2,0,1,14916,0,0.0,ADD 3,0,1,14944,0,0.0,ADD 4,0,1,14905,0,0.0,ADD 5,0,0,0,0,0.0,ADD 6,0,1,14878,0,0.0,ADD 7,0,0,0,0,0.0,EGT2CAN,0,1,14807,0,0.0
1778949453.8356926,0.0,14917,-52.0,0,-,0,0,0,0,0.0,-,0,0,0,0,0.0,ECU,1,1,14763,0,0.0,FAN1,0,0,0,0,0.0,COILS,8,1,0,0,0.0,PUMP,0,0,0,0,0.0,INJECTOR,8,1,98,0,0.0,SERVO,1,1,14752,0,0.0,ADD 1,0,1,14944,0,0.0,ADD 2,0,1,14916,0,0.0,ADD 3,0,1,14944,0,0.0,ADD 4,0,1,14905,0,0.0,ADD 5,0,0,0,0,0.0,ADD 6,0,1,14878,0,0.0,ADD 7,0,0,0,0,0.0,EGT2CAN,0,1,14807,0,0.0
1778949453.8872907,0.0,14917,-52.0,0,-,0,0,0,0,0.0,-,0,0,0,0,0.0,ECU,1,1,14834,0,0.0,FAN1,0,0,0,0,0.0,COILS,8,1,0,0,0.0,PUMP,0,0,0,0,0.0,INJECTOR,8,1,92,0,0.0,SERVO,1,1,14785,0,0.0,ADD 1,0,1,15069,0,0.0,ADD 2,0,1,15075,0,0.0,ADD 3,0,1,15026,0,0.0,ADD 4,0,1,15031,0,0.0,ADD 5,0,0,0,0,0.0,ADD 6,0,1,15075,0,0.0,ADD 7,0,0,0,0,0.0,EGT2CAN,0,1,15080,0,0.0
1778949453.9375117,0.0,14880,-51.0,0,-,0,0,0,0,0.0,-,0,0,0,0,0.0,ECU,1,1,14785,0,0.0,FAN1,0,0,0,0,0.0,COILS,8,1,0,0,0.0,PUMP,0,0,0,0,0.0,INJECTOR,8,1,92,0,0.0,SERVO,1,1,14714,0,0.0,ADD 1,0,1,14758,0,0.0,ADD 2,0,1,14736,0,0.0,ADD 3,0,1,14790,0,0.0,ADD 4,0,1,14774,0,0.0,ADD 5,0,0,0,0,0.0,ADD 6,0,1,14829,0,0.0,ADD 7,0,0,0,0,0.0,EGT2CAN,0,1,14785,0,0.0
1778949453.9885237,0.0,14880,-51.0,0,-,0,0,0,0,0.0,-,0,0,0,0,0.0,ECU,1,1,14785,0,0.0,FAN1,0,0,0,0,0.0,COILS,8,1,0,0,0.0,PUMP,0,0,0,0,0.0,INJECTOR,8,1,92,0,0.0,SERVO,1,1,14714,0,0.0,ADD 1,0,1,14758,0,0.0,ADD 2,0,1,14736,0,0.0,ADD 3,0,1,14790,0,0.0,ADD 4,0,1,14774,0,0.0,ADD 5,0,0,0,0,0.0,ADD 6,0,1,14829,0,0.0,ADD 7,0,0,0,0,0.0,EGT2CAN,0,1,14785,0,0.0
1778949454.0395973,0.0,14880,-51.0,0,-,0,0,0,0,0.0,-,0,0,0,0,0.0,ECU,1,1,14763,0,0.0,FAN1,0,0,0,0,0.0,COILS,8,1,0,0,0.0,PUMP,0,0,0,0,0.0,INJECTOR,8,1,82,0,0.0,SERVO,1,1,14796,0,0.0,ADD 1,0,1,14818,0,0.0,ADD 2,0,1,14818,0,0.0,ADD 3,0,1,14736,0,0.0,ADD 4,0,1,14779,0,0.0,ADD 5,0,0,0,0,0.0,ADD 6,0,1,14834,0,0.0,ADD 7,0,0,0,0,0.0,EGT2CAN,0,1,14774,0,0.0
1778949454.0908203,0.0,14763,-51.0,0,-,0,0,0,0,0.0,-,0,0,0,0,0.0,ECU,1,1,14796,0,0.0,FAN1,0,0,0,0,0.0,COILS,8,1,0,0,0.0,PUMP,0,0,0,0,0.0,INJECTOR,8,1,125,0,0.0,SERVO,1,1,14752,0,0.0,ADD 1,0,1,14752,0,0.0,ADD 2,0,1,14790,0,0.0,ADD 3,0,1,14752,0,0.0,ADD 4,0,1,14730,0,0.0,ADD 5,0,0,0,0,0.0,ADD 6,0,1,14774,0,0.0,ADD 7,0,0,0,0,0.0,EGT2CAN,0,1,14714,0,0.0
1778949454.141152,0.0,14812,-52.0,0,-,0,0,0,0,0.0,-,0,0,0,0,0.0,ECU,1,1,14763,0,0.0,FAN1,0,0,0,0,0.0,COILS,8,1,0,0,0.0,PUMP,0,0,0,0,0.0,INJECTOR,8,1,125,0,0.0,SERVO,1,1,14752,0,0.0,ADD 1,0,1,14752,0,0.0,ADD 2,0,1,14790,0,0.0,ADD 3,0,1,14752,0,0.0,ADD 4,0,1,14730,0,0.0,ADD 5,0,0,0,0,0.0,ADD 6,0,1,14774,0,0.0,ADD 7,0,0,0,0,0.0,EGT2CAN,0,1,14714,0,0.0
1778949454.1914754,0.0,14787,-51.0,0,-,0,0,0,0,0.0,-,0,0,0,0,0.0,ECU,1,1,14763,0,0.0,FAN1,0,0,0,0,0.0,COILS,8,1,0,0,0.0,PUMP,0,0,0,0,0.0,INJECTOR,8,1,87,0,0.0,SERVO,1,1,14801,0,0.0,ADD 1,0,1,14829,0,0.0,ADD 2,0,1,14807,0,0.0,ADD 3,0,1,14741,0,0.0,ADD 4,0,1,14758,0,0.0,ADD 5,0,0,0,0,0.0,ADD 6,0,1,14834,0,0.0,ADD 7,0,0,0,0,0.0,EGT2CAN,0,1,14758,0,0.0
1778949454.242532,0.0,14905,-52.0,0,-,0,0,0,0,0.0,-,0,0,0,0,0.0,ECU,1,1,14927,0,0.0,FAN1,0,0,0,0,0.0,COILS,8,1,0,0,0.0,PUMP,0,0,0,0,0.0,INJECTOR,8,1,82,0,0.0,SERVO,1,1,14801,0,0.0,ADD 1,0,1,14982,0,0.0,ADD 2,0,1,15009,0,0.0,ADD 3,0,1,14987,0,0.0,ADD 4,0,1,14965,0,0.0,ADD 5,0,0,0,0,0.0,ADD 6,0,1,15009,0,0.0,ADD 7,0,0,0,0,0.0,EGT2CAN,0,1,15031,0,0.0
1778949454.3085403,0.0,14905,-52.0,0,-,0,0,0,0,0.0,-,0,0,0,0,0.0,ECU,1,1,15058,0,0.0,FAN1,0,0,0,0,0.0,COILS,8,1,0,0,0.0,PUMP,0,0,0,0,0.0,INJECTOR,8,1,82,0,0.0,SERVO,1,1,14801,0,0.0,ADD 1,0,1,14982,0,0.0,ADD 2,0,1,15009,0,0.0,ADD 3,0,1,14987,0,0.0,ADD 4,0,1,14965,0,0.0,ADD 5,0,0,0,0,0.0,ADD 6,0,1,15009,0,0.0,ADD 7,0,0,0,0,0.0,EGT2CAN,0,1,15031,0,0.0
1778949454.3595054,0.0,14825,-52.0,0,-,0,0,0,0,0.0,-,0,0,0,0,0.0,ECU,1,1,14779,0,0.0,FAN1,0,0,0,0,0.0,COILS,8,1,0,0,0.0,PUMP,0,0,0,0,0.0,INJECTOR,8,1,92,0,0.0,SERVO,1,1,14785,0,0.0,ADD 1,0,1,14812,0,0.0,ADD 2,0,1,14801,0,0.0,ADD 3,0,1,14812,0,0.0,ADD 4,0,1,14752,0,0.0,ADD 5,0,0,0,0,0.0,ADD 6,0,1,14758,0,0.0,ADD 7,0,0,0,0,0.0,EGT2CAN,0,1,14747,0,0.0
1778949454.4178462,0.0,15029,-52.0,0,-,0,0,0,0,0.0,-,0,0,0,0,0.0,ECU,1,1,14730,0,0.0,FAN1,0,0,0,0,0.0,COILS,8,1,0,0,0.0,PUMP,0,0,0,0,0.0,INJECTOR,8,1,87,0,0.0,SERVO,1,1,14730,0,0.0,ADD 1,0,1,14834,0,0.0,ADD 2,0,1,14818,0,0.0,ADD 3,0,1,14758,0,0.0,ADD 4,0,1,14730,0,0.0,ADD 5,0,0,0,0,0.0,ADD 6,0,1,14812,0,0.0,ADD 7,0,0,0,0,0.0,EGT2CAN,0,1,14730,0,0.0
1778949454.4699352,0.0,15029,-52.0,0,-,0,0,0,0,0.0,-,0,0,0,0,0.0,ECU,1,1,15080,0,0.0,FAN1,0,0,0,0,0.0,COILS,8,1,0,0,0.0,PUMP,0,0,0,0,0.0,INJECTOR,8,1,98,0,0.0,SERVO,1,1,15091,0,0.0,ADD 1,0,1,14834,0,0.0,ADD 2,0,1,14818,0,0.0,ADD 3,0,1,14758,0,0.0,ADD 4,0,1,14730,0,0.0,ADD 5,0,0,0,0,0.0,ADD 6,0,1,14812,0,0.0,ADD 7,0,0,0,0,0.0,EGT2CAN,0,1,14730,0,0.0
1778949454.5210652,0.0,14856,-51.0,0,-,0,0,0,0,0.0,-,0,0,0,0,0.0,ECU,1,1,14818,0,0.0,FAN1,0,0,0,0,0.0,COILS,8,1,0,0,0.0,PUMP,0,0,0,0,0.0,INJECTOR,8,1,87,0,0.0,SERVO,1,1,14785,0,0.0,ADD 1,0,1,14807,0,0.0,ADD 2,0,1,14829,0,0.0,ADD 3,0,1,14769,0,0.0,ADD 4,0,1,14736,0,0.0,ADD 5,0,0,0,0,0.0,ADD 6,0,1,14818,0,0.0,ADD 7,0,0,0,0,0.0,EGT2CAN,0,1,14807,0,0.0
1778949454.5795245,0.0,14794,-51.0,0,-,0,0,0,0,0.0,-,0,0,0,0,0.0,ECU,1,1,14818,0,0.0,FAN1,0,0,0,0,0.0,COILS,8,1,0,0,0.0,PUMP,0,0,0,0,0.0,INJECTOR,8,1,87,0,0.0,SERVO,1,1,14840,0,0.0,ADD 1,0,1,14730,0,0.0,ADD 2,0,1,14763,0,0.0,ADD 3,0,1,14730,0,0.0,ADD 4,0,1,14736,0,0.0,ADD 5,0,0,0,0,0.0,ADD 6,0,1,14823,0,0.0,ADD 7,0,0,0,0,0.0,EGT2CAN,0,1,14785,0,0.0
1778949454.6310656,0.0,14794,-51.0,0,-,0,0,0,0,0.0,-,0,0,0,0,0.0,ECU,1,1,14829,0,0.0,FAN1,0,0,0,0,0.0,COILS,8,1,0,0,0.0,PUMP,0,0,0,0,0.0,INJECTOR,8,1,92,0,0.0,SERVO,1,1,14747,0,0.0,ADD 1,0,1,14894,0,0.0,ADD 2,0,1,14823,0,0.0,ADD 3,0,1,14834,0,0.0,ADD 4,0,1,14796,0,0.0,ADD 5,0,0,0,0,0.0,ADD 6,0,1,14840,0,0.0,ADD 7,0,0,0,0,0.0,EGT2CAN,0,1,14796,0,0.0
1778949454.6918223,0.0,14775,-52.0,0,-,0,0,0,0,0.0,-,0,0,0,0,0.0,ECU,1,1,15119,0,0.0,FAN1,0,0,0,0,0.0,COILS,8,1,0,0,0.0,PUMP,0,0,0,0,0.0,INJECTOR,8,1,103,0,0.0,SERVO,1,1,15130,0,0.0,ADD 1,0,1,14774,0,0.0,ADD 2,0,1,14763,0,0.0,ADD 3,0,1,14736,0,0.0,ADD 4,0,1,14736,0,0.0,ADD 5,0,0,0,0,0.0,ADD 6,0,1,14763,0,0.0,ADD 7,0,0,0,0,0.0,EGT2CAN,0,1,14736,0,0.0
1778949454.759349,0.0,14775,-52.0,0,-,0,0,0,0,0.0,-,0,0,0,0,0.0,ECU,1,1,14801,0,0.0,FAN1,0,0,0,0,0.0,COILS,8,1,0,0,0.0,PUMP,0,0,0,0,0.0,INJECTOR,8,1,103,0,0.0,SERVO,1,1,15130,0,0.0,ADD 1,0,1,14774,0,0.0,ADD 2,0,1,14763,0,0.0,ADD 3,0,1,14736,0,0.0,ADD 4,0,1,14736,0,0.0,ADD 5,0,0,0,0,0.0,ADD 6,0,1,14763,0,0.0,ADD 7,0,0,0,0,0.0,EGT2CAN,0,1,14736,0,0.0
1778949454.8130605,0.0,15010,-51.0,0,-,0,0,0,0,0.0,-,0,0,0,0,0.0,ECU,1,1,14763,0,0.0,FAN1,0,0,0,0,0.0,COILS,8,1,0,0,0.0,PUMP,0,0,0,0,0.0,INJECTOR,8,1,98,0,0.0,SERVO,1,1,14790,0,0.0,ADD 1,0,1,14796,0,0.0,ADD 2,0,1,14818,0,0.0,ADD 3,0,1,14812,0,0.0,ADD 4,0,1,14796,0,0.0,ADD 5,0,0,0,0,0.0,ADD 6,0,1,14790,0,0.0,ADD 7,0,0,0,0,0.0,EGT2CAN,0,1,14747,0,0.0
1778949454.8663142,0.0,14769,-51.0,0,-,0,0,0,0,0.0,-,0,0,0,0,0.0,ECU,1,1,15157,0,0.0,FAN1,0,0,0,0,0.0,COILS,8,1,0,0,0.0,PUMP,0,0,0,0,0.0,INJECTOR,8,1,82,0,0.0,SERVO,1,1,15162,0,0.0,ADD 1,0,1,15195,0,0.0,ADD 2,0,1,15201,0,0.0,ADD 3,0,1,15195,0,0.0,ADD 4,0,1,15113,0,0.0,ADD 5,0,0,0,0,0.0,ADD 6,0,1,15244,0,0.0,ADD 7,0,0,0,0,0.0,EGT2CAN,0,1,15212,0,0.0
1778949454.9170825,0.0,14769,-51.0,0,-,0,0,0,0,0.0,-,0,0,0,0,0.0,ECU,1,1,14752,0,0.0,FAN1,0,0,0,0,0.0,COILS,8,1,0,0,0.0,PUMP,0,0,0,0,0.0,INJECTOR,8,1,87,0,0.0,SERVO,1,1,14779,0,0.0,ADD 1,0,1,15195,0,0.0,ADD 2,0,1,15201,0,0.0,ADD 3,0,1,15195,0,0.0,ADD 4,0,1,15113,0,0.0,ADD 5,0,0,0,0,0.0,ADD 6,0,1,15244,0,0.0,ADD 7,0,0,0,0,0.0,EGT2CAN,0,1,15212,0,0.0
1778949454.9678795,0.0,14831,-51.0,0,-,0,0,0,0,0.0,-,0,0,0,0,0.0,ECU,1,1,14790,0,0.0,FAN1,0,0,0,0,0.0,COILS,8,1,0,0,0.0,PUMP,0,0,0,0,0.0,INJECTOR,8,1,92,0,0.0,SERVO,1,1,14807,0,0.0,ADD 1,0,1,14758,0,0.0,ADD 2,0,1,14829,0,0.0,ADD 3,0,1,14807,0,0.0,ADD 4,0,1,14714,0,0.0,ADD 5,0,0,0,0,0.0,ADD 6,0,1,14785,0,0.0,ADD 7,0,0,0,0,0.0,EGT2CAN,0,1,14801,0,0.0
1778949455.0214403,0.0,14961,-51.0,0,-,0,0,0,0,0.0,-,0,0,0,0,0.0,ECU,1,1,14774,0,0.0,FAN1,0,0,0,0,0.0,COILS,8,1,0,0,0.0,PUMP,0,0,0,0,0.0,INJECTOR,8,1,92,0,0.0,SERVO,1,1,14774,0,0.0,ADD 1,0,1,15157,0,0.0,ADD 2,0,1,15162,0,0.0,ADD 3,0,1,15130,0,0.0,ADD 4,0,1,15069,0,0.0,ADD 5,0,0,0,0,0.0,ADD 6,0,1,15102,0,0.0,ADD 7,0,0,0,0,0.0,EGT2CAN,0,1,15004,0,0.0
1778949455.072659,0.0,14961,-51.0,0,-,0,0,0,0,0.0,-,0,0,0,0,0.0,ECU,1,1,14774,0,0.0,FAN1,0,0,0,0,0.0,COILS,8,1,0,0,0.0,PUMP,0,0,0,0,0.0,INJECTOR,8,1,92,0,0.0,SERVO,1,1,14758,0,0.0,ADD 1,0,1,14894,0,0.0,ADD 2,0,1,14949,0,0.0,ADD 3,0,1,14894,0,0.0,ADD 4,0,1,14840,0,0.0,ADD 5,0,0,0,0,0.0,ADD 6,0,1,14971,0,0.0,ADD 7,0,0,0,0,0.0,EGT2CAN,0,1,14954,0,0.0
1778949455.1323004,0.0,14831,-52.0,0,-,0,0,0,0,0.0,-,0,0,0,0,0.0,ECU,1,1,15184,0,0.0,FAN1,0,0,0,0,0.0,COILS,8,1,0,0,0.0,PUMP,0,0,0,0,0.0,INJECTOR,8,1,98,0,0.0,SERVO,1,1,15168,0,0.0,ADD 1,0,1,14785,0,0.0,ADD 2,0,1,14823,0,0.0,ADD 3,0,1,14779,0,0.0,ADD 4,0,1,14670,0,0.0,ADD 5,0,0,0,0,0.0,ADD 6,0,1,14774,0,0.0,ADD 7,0,0,0,0,0.0,EGT2CAN,0,1,14796,0,0.0
1778949455.1993349,0.0,14831,-51.0,0,-,0,0,0,0,0.0,-,0,0,0,0,0.0,ECU,1,1,14829,0,0.0,FAN1,0,0,0,0,0.0,COILS,8,1,0,0,0.0,PUMP,0,0,0,0,0.0,INJECTOR,8,1,98,0,0.0,SERVO,1,1,14758,0,0.0,ADD 1,0,1,14807,0,0.0,ADD 2,0,1,14845,0,0.0,ADD 3,0,1,14856,0,0.0,ADD 4,0,1,14823,0,0.0,ADD 5,0,0,0,0,0.0,ADD 6,0,1,14845,0,0.0,ADD 7,0,0,0,0,0.0,EGT2CAN,0,1,14774,0,0.0
1778949455.2495263,0.0,14837,-51.0,0,-,0,0,0,0,0.0,-,0,0,0,0,0.0,ECU,1,1,15173,0,0.0,FAN1,0,0,0,0,0.0,COILS,8,1,0,0,0.0,PUMP,0,0,0,0,0.0,INJECTOR,8,1,92,0,0.0,SERVO,1,1,15190,0,0.0,ADD 1,0,1,15228,0,0.0,ADD 2,0,1,15206,0,0.0,ADD 3,0,1,15195,0,0.0,ADD 4,0,1,15168,0,0.0,ADD 5,0,0,0,0,0.0,ADD 6,0,1,15212,0,0.0,ADD 7,0,0,0,0,0.0,EGT2CAN,0,1,15184,0,0.0
1778949455.3004854,0.0,14837,-51.0,0,-,0,0,0,0,0.0,-,0,0,0,0,0.0,ECU,1,1,14779,0,0.0,FAN1,0,0,0,0,0.0,COILS,8,1,0,0,0.0,PUMP,0,0,0,0,0.0,INJECTOR,8,1,87,0,0.0,SERVO,1,1,14807,0,0.0,ADD 1,0,1,14807,0,0.0,ADD 2,0,1,14878,0,0.0,ADD 3,0,1,14812,0,0.0,ADD 4,0,1,14801,0,0.0,ADD 5,0,0,0,0,0.0,ADD 6,0,1,15212,0,0.0,ADD 7,0,0,0,0,0.0,EGT2CAN,0,1,15184,0,0.0
1778949455.3524578,0.0,14806,-51.0,0,-,0,0,0,0,0.0,-,0,0,0,0,0.0,ECU,1,1,14779,0,0.0,FAN1,0,0,0,0,0.0,COILS,8,1,0,0,0.0,PUMP,0,0,0,0,0.0,INJECTOR,8,1,87,0,0.0,SERVO,1,1,14807,0,0.0,ADD 1,0,1,14807,0,0.0,ADD 2,0,1,14878,0,0.0,ADD 3,0,1,14812,0,0.0,ADD 4,0,1,14801,0,0.0,ADD 5,0,0,0,0,0.0,ADD 6,0,1,14829,0,0.0,ADD 7,0,0,0,0,0.0,EGT2CAN,0,1,14845,0,0.0
1778949455.4116027,0.0,15190,-52.0,0,-,0,0,0,0,0.0,-,0,0,0,0,0.0,ECU,1,1,14867,0,0.0,FAN1,0,0,0,0,0.0,COILS,8,1,0,0,0.0,PUMP,0,0,0,0,0.0,INJECTOR,8,1,87,0,0.0,SERVO,1,1,14790,0,0.0,ADD 1,0,1,15119,0,0.0,ADD 2,0,1,15217,0,0.0,ADD 3,0,1,15168,0,0.0,ADD 4,0,1,15151,0,0.0,ADD 5,0,0,0,0,0.0,ADD 6,0,1,15190,0,0.0,ADD 7,0,0,0,0,0.0,EGT2CAN,0,1,15097,0,0.0
1778949455.4625854,0.0,15190,-52.0,0,-,0,0,0,0,0.0,-,0,0,0,0,0.0,ECU,1,1,15053,0,0.0,FAN1,0,0,0,0,0.0,COILS,8,1,0,0,0.0,PUMP,0,0,0,0,0.0,INJECTOR,8,1,103,0,0.0,SERVO,1,1,15037,0,0.0,ADD 1,0,1,14829,0,0.0,ADD 2,0,1,14889,0,0.0,ADD 3,0,1,14834,0,0.0,ADD 4,0,1,14845,0,0.0,ADD 5,0,0,0,0,0.0,ADD 6,0,1,15190,0,0.0,ADD 7,0,0,0,0,0.0,EGT2CAN,0,1,15097,0,0.0
1778949455.5133784,0.0,14831,-51.0,0,-,0,0,0,0,0.0,-,0,0,0,0,0.0,ECU,1,1,14807,0,0.0,FAN1,0,0,0,0,0.0,COILS,8,1,0,0,0.0,PUMP,0,0,0,0,0.0,INJECTOR,8,1,103,0,0.0,SERVO,1,1,15037,0,0.0,ADD 1,0,1,14829,0,0.0,ADD 2,0,1,14889,0,0.0,ADD 3,0,1,14834,0,0.0,ADD 4,0,1,14845,0,0.0,ADD 5,0,0,0,0,0.0,ADD 6,0,1,14889,0,0.0,ADD 7,0,0,0,0,0.0,EGT2CAN,0,1,14834,0,0.0
1778949455.5831943,0.0,15140,-52.0,0,-,0,0,0,0,0.0,-,0,0,0,0,0.0,ECU,1,1,14872,0,0.0,FAN1,0,0,0,0,0.0,COILS,8,1,0,0,0.0,PUMP,0,0,0,0,0.0,INJECTOR,8,1,92,0,0.0,SERVO,1,1,14758,0,0.0,ADD 1,0,1,14818,0,0.0,ADD 2,0,1,14829,0,0.0,ADD 3,0,1,14851,0,0.0,ADD 4,0,1,14785,0,0.0,ADD 5,0,0,0,0,0.0,ADD 6,0,1,14856,0,0.0,ADD 7,0,0,0,0,0.0,EGT2CAN,0,1,14785,0,0.0
1778949455.6341403,0.0,15140,-52.0,0,-,0,0,0,0,0.0,-,0,0,0,0,0.0,ECU,1,1,15026,0,0.0,FAN1,0,0,0,0,0.0,COILS,8,1,0,0,0.0,PUMP,0,0,0,0,0.0,INJECTOR,8,1,98,0,0.0,SERVO,1,1,15031,0,0.0,ADD 1,0,1,14818,0,0.0,ADD 2,0,1,14829,0,0.0,ADD 3,0,1,14851,0,0.0,ADD 4,0,1,14785,0,0.0,ADD 5,0,0,0,0,0.0,ADD 6,0,1,14856,0,0.0,ADD 7,0,0,0,0,0.0,EGT2CAN,0,1,14785,0,0.0
1778949455.684976,0.0,14800,-52.0,0,-,0,0,0,0,0.0,-,0,0,0,0,0.0,ECU,1,1,14900,0,0.0,FAN1,0,0,0,0,0.0,COILS,8,1,0,0,0.0,PUMP,0,0,0,0,0.0,INJECTOR,8,1,82,0,0.0,SERVO,1,1,14949,0,0.0,ADD 1,0,1,14807,0,0.0,ADD 2,0,1,14785,0,0.0,ADD 3,0,1,14779,0,0.0,ADD 4,0,1,14736,0,0.0,ADD 5,0,0,0,0,0.0,ADD 6,0,1,14823,0,0.0,ADD 7,0,0,0,0,0.0,EGT2CAN,0,1,14801,0,0.0
1778949455.737781,0.0,14800,-52.0,0,-,0,0,0,0,0.0,-,0,0,0,0,0.0,ECU,1,1,14900,0,0.0,FAN1,0,0,0,0,0.0,COILS,8,1,0,0,0.0,PUMP,0,0,0,0,0.0,INJECTOR,8,1,82,0,0.0,SERVO,1,1,14949,0,0.0,ADD 1,0,1,14807,0,0.0,ADD 2,0,1,14785,0,0.0,ADD 3,0,1,14779,0,0.0,ADD 4,0,1,14736,0,0.0,ADD 5,0,0,0,0,0.0,ADD 6,0,1,14823,0,0.0,ADD 7,0,0,0,0,0.0,EGT2CAN,0,1,14801,0,0.0
1778949455.788984,0.0,14800,-52.0,0,-,0,0,0,0,0.0,-,0,0,0,0,0.0,ECU,1,1,14796,0,0.0,FAN1,0,0,0,0,0.0,COILS,8,1,0,0,0.0,PUMP,0,0,0,0,0.0,INJECTOR,8,1,82,0,0.0,SERVO,1,1,14703,0,0.0,ADD 1,0,1,14834,0,0.0,ADD 2,0,1,14872,0,0.0,ADD 3,0,1,14785,0,0.0,ADD 4,0,1,14774,0,0.0,ADD 5,0,0,0,0,0.0,ADD 6,0,1,14818,0,0.0,ADD 7,0,0,0,0,0.0,EGT2CAN,0,1,14785,0,0.0
1778949455.8395476,0.0,14794,-51.0,0,-,0,0,0,0,0.0,-,0,0,0,0,0.0,ECU,1,1,15102,0,0.0,FAN1,0,0,0,0,0.0,COILS,8,1,0,0,0.0,PUMP,0,0,0,0,0.0,INJECTOR,8,1,98,0,0.0,SERVO,1,1,15080,0,0.0,ADD 1,0,1,14801,0,0.0,ADD 2,0,1,14763,0,0.0,ADD 3,0,1,14818,0,0.0,ADD 4,0,1,14747,0,0.0,ADD 5,0,0,0,0,0.0,ADD 6,0,1,14911,0,0.0,ADD 7,0,0,0,0,0.0,EGT2CAN,0,1,14845,0,0.0
1778949455.8905392,0.0,14794,-51.0,0,-,0,0,0,0,0.0,-,0,0,0,0,0.0,ECU,1,1,15102,0,0.0,FAN1,0,0,0,0,0.0,COILS,8,1,0,0,0.0,PUMP,0,0,0,0,0.0,INJECTOR,8,1,98,0,0.0,SERVO,1,1,15080,0,0.0,ADD 1,0,1,14801,0,0.0,ADD 2,0,1,14763,0,0.0,ADD 3,0,1,14818,0,0.0,ADD 4,0,1,14747,0,0.0,ADD 5,0,0,0,0,0.0,ADD 6,0,1,14911,0,0.0,ADD 7,0,0,0,0,0.0,EGT2CAN,0,1,14845,0,0.0
1778949455.9423127,0.0,14794,-51.0,0,-,0,0,0,0,0.0,-,0,0,0,0,0.0,ECU,1,1,14812,0,0.0,FAN1,0,0,0,0,0.0,COILS,8,1,0,0,0.0,PUMP,0,0,0,0,0.0,INJECTOR,8,1,87,0,0.0,SERVO,1,1,14933,0,0.0,ADD 1,0,1,14971,0,0.0,ADD 2,0,1,14987,0,0.0,ADD 3,0,1,14872,0,0.0,ADD 4,0,1,14938,0,0.0,ADD 5,0,0,0,0,0.0,ADD 6,0,1,15004,0,0.0,ADD 7,0,0,0,0,0.0,EGT2CAN,0,1,14998,0,0.0
1778949455.9930806,0.0,14825,-51.0,0,-,0,0,0,0,0.0,-,0,0,0,0,0.0,ECU,1,1,15047,0,0.0,FAN1,0,0,0,0,0.0,COILS,8,1,0,0,0.0,PUMP,0,0,0,0,0.0,INJECTOR,8,1,98,0,0.0,SERVO,1,1,15075,0,0.0,ADD 1,0,1,15047,0,0.0,ADD 2,0,1,15075,0,0.0,ADD 3,0,1,15026,0,0.0,ADD 4,0,1,14954,0,0.0,ADD 5,0,0,0,0,0.0,ADD 6,0,1,14998,0,0.0,ADD 7,0,0,0,0,0.0,EGT2CAN,0,1,14872,0,0.0
1778949456.0452974,0.0,14825,-51.0,0,-,0,0,0,0,0.0,-,0,0,0,0,0.0,ECU,1,1,15047,0,0.0,FAN1,0,0,0,0,0.0,COILS,8,1,0,0,0.0,PUMP,0,0,0,0,0.0,INJECTOR,8,1,98,0,0.0,SERVO,1,1,15075,0,0.0,ADD 1,0,1,15047,0,0.0,ADD 2,0,1,15075,0,0.0,ADD 3,0,1,15026,0,0.0,ADD 4,0,1,14954,0,0.0,ADD 5,0,0,0,0,0.0,ADD 6,0,1,14998,0,0.0,ADD 7,0,0,0,0,0.0,EGT2CAN,0,1,14872,0,0.0
1778949456.0971434,0.0,14825,-51.0,0,-,0,0,0,0,0.0,-,0,0,0,0,0.0,ECU,1,1,14851,0,0.0,FAN1,0,0,0,0,0.0,COILS,8,1,0,0,0.0,PUMP,0,0,0,0,0.0,INJECTOR,8,1,92,0,0.0,SERVO,1,1,14954,0,0.0,ADD 1,0,1,14933,0,0.0,ADD 2,0,1,15009,0,0.0,ADD 3,0,1,14916,0,0.0,ADD 4,0,1,14949,0,0.0,ADD 5,0,0,0,0,0.0,ADD 6,0,1,15042,0,0.0,ADD 7,0,0,0,0,0.0,EGT2CAN,0,1,15009,0,0.0
1778949456.1531768,0.0,14794,-51.0,0,-,0,0,0,0,0.0,-,0,0,0,0,0.0,ECU,1,1,14774,0,0.0,FAN1,0,0,0,0,0.0,COILS,8,1,0,0,0.0,PUMP,0,0,0,0,0.0,INJECTOR,8,1,92,0,0.0,SERVO,1,1,14763,0,0.0,ADD 1,0,1,14796,0,0.0,ADD 2,0,1,14769,0,0.0,ADD 3,0,1,14807,0,0.0,ADD 4,0,1,14785,0,0.0,ADD 5,0,0,0,0,0.0,ADD 6,0,1,14818,0,0.0,ADD 7,0,0,0,0,0.0,EGT2CAN,0,1,14763,0,0.0
1778949456.2349548,0.0,14794,-51.0,0,-,0,0,0,0,0.0,-,0,0,0,0,0.0,ECU,1,1,14840,0,0.0,FAN1,0,0,0,0,0.0,COILS,8,1,0,0,0.0,PUMP,0,0,0,0,0.0,INJECTOR,8,1,87,0,0.0,SERVO,1,1,14840,0,0.0,ADD 1,0,1,14796,0,0.0,ADD 2,0,1,14769,0,0.0,ADD 3,0,1,14807,0,0.0,ADD 4,0,1,14785,0,0.0,ADD 5,0,0,0,0,0.0,ADD 6,0,1,14818,0,0.0,ADD 7,0,0,0,0,0.0,EGT2CAN,0,1,14763,0,0.0
1778949456.2858934,0.0,14831,-53.0,0,-,0,0,0,0,0.0,-,0,0,0,0,0.0,ECU,1,1,14872,0,0.0,FAN1,0,0,0,0,0.0,COILS,8,1,0,0,0.0,PUMP,0,0,0,0,0.0,INJECTOR,8,1,92,0,0.0,SERVO,1,1,14905,0,0.0,ADD 1,0,1,14954,0,0.0,ADD 2,0,1,14944,0,0.0,ADD 3,0,1,14965,0,0.0,ADD 4,0,1,14965,0,0.0,ADD 5,0,0,0,0,0.0,ADD 6,0,1,15026,0,0.0,ADD 7,0,0,0,0,0.0,EGT2CAN,0,1,15031,0,0.0
1778949456.3372037,0.0,14831,-53.0,0,-,0,0,0,0,0.0,-,0,0,0,0,0.0,ECU,1,1,14840,0,0.0,FAN1,0,0,0,0,0.0,COILS,8,1,0,0,0.0,PUMP,0,0,0,0,0.0,INJECTOR,8,1,98,0,0.0,SERVO,1,1,14769,0,0.0,ADD 1,0,1,14785,0,0.0,ADD 2,0,1,14829,0,0.0,ADD 3,0,1,14829,0,0.0,ADD 4,0,1,14703,0,0.0,ADD 5,0,0,0,0,0.0,ADD 6,0,1,14807,0,0.0,ADD 7,0,0,0,0,0.0,EGT2CAN,0,1,14834,0,0.0
1778949456.393649,0.0,14930,-53.0,0,-,0,0,0,0,0.0,-,0,0,0,0,0.0,ECU,1,1,14840,0,0.0,FAN1,0,0,0,0,0.0,COILS,8,1,0,0,0.0,PUMP,0,0,0,0,0.0,INJECTOR,8,1,98,0,0.0,SERVO,1,1,14769,0,0.0,ADD 1,0,1,14785,0,0.0,ADD 2,0,1,14829,0,0.0,ADD 3,0,1,14829,0,0.0,ADD 4,0,1,14703,0,0.0,ADD 5,0,0,0,0,0.0,ADD 6,0,1,14807,0,0.0,ADD 7,0,0,0,0,0.0,EGT2CAN,0,1,14834,0,0.0
1778949456.4515579,0.0,14775,-52.0,0,-,0,0,0,0,0.0,-,0,0,0,0,0.0,ECU,1,1,15026,0,0.0,FAN1,0,0,0,0,0.0,COILS,8,1,0,0,0.0,PUMP,0,0,0,0,0.0,INJECTOR,8,1,98,0,0.0,SERVO,1,1,15047,0,0.0,ADD 1,0,1,15102,0,0.0,ADD 2,0,1,15108,0,0.0,ADD 3,0,1,15047,0,0.0,ADD 4,0,1,15080,0,0.0,ADD 5,0,0,0,0,0.0,ADD 6,0,1,15201,0,0.0,ADD 7,0,0,0,0,0.0,EGT2CAN,0,1,15190,0,0.0
1778949456.5057697,0.0,14775,-52.0,0,-,0,0,0,0,0.0,-,0,0,0,0,0.0,ECU,1,1,14796,0,0.0,FAN1,0,0,0,0,0.0,COILS,8,1,0,0,0.0,PUMP,0,0,0,0,0.0,INJECTOR,8,1,87,0,0.0,SERVO,1,1,14812,0,0.0,ADD 1,0,1,14785,0,0.0,ADD 2,0,1,14774,0,0.0,ADD 3,0,1,14818,0,0.0,ADD 4,0,1,14752,0,0.0,ADD 5,0,0,0,0,0.0,ADD 6,0,1,15201,0,0.0,ADD 7,0,0,0,0,0.0,EGT2CAN,0,1,15190,0,0.0
1778949456.5570145,0.0,14843,-52.0,0,-,0,0,0,0,0.0,-,0,0,0,0,0.0,ECU,1,1,14796,0,0.0,FAN1,0,0,0,0,0.0,COILS,8,1,0,0,0.0,PUMP,0,0,0,0,0.0,INJECTOR,8,1,87,0,0.0,SERVO,1,1,14812,0,0.0,ADD 1,0,1,14785,0,0.0,ADD 2,0,1,14774,0,0.0,ADD 3,0,1,14818,0,0.0,ADD 4,0,1,14752,0,0.0,ADD 5,0,0,0,0,0.0,ADD 6,0,1,14851,0,0.0,ADD 7,0,0,0,0,0.0,EGT2CAN,0,1,14834,0,0.0
1778949456.6123612,0.0,14843,-51.0,0,-,0,0,0,0,0.0,-,0,0,0,0,0.0,ECU,1,1,14779,0,0.0,FAN1,0,0,0,0,0.0,COILS,8,1,0,0,0.0,PUMP,0,0,0,0,0.0,INJECTOR,8,1,87,0,0.0,SERVO,1,1,14763,0,0.0,ADD 1,0,1,14872,0,0.0,ADD 2,0,1,14889,0,0.0,ADD 3,0,1,14872,0,0.0,ADD 4,0,1,14818,0,0.0,ADD 5,0,0,0,0,0.0,ADD 6,0,1,14861,0,0.0,ADD 7,0,0,0,0,0.0,EGT2CAN,0,1,14823,0,0.0
1778949456.668385,0.0,14843,-51.0,0,-,0,0,0,0,0.0,-,0,0,0,0,0.0,ECU,1,1,14779,0,0.0,FAN1,0,0,0,0,0.0,COILS,8,1,0,0,0.0,PUMP,0,0,0,0,0.0,INJECTOR,8,1,92,0,0.0,SERVO,1,1,14769,0,0.0,ADD 1,0,1,14982,0,0.0,ADD 2,0,1,14993,0,0.0,ADD 3,0,1,14933,0,0.0,ADD 4,0,1,14883,0,0.0,ADD 5,0,0,0,0,0.0,ADD 6,0,1,14900,0,0.0,ADD 7,0,0,0,0,0.0,EGT2CAN,0,1,14840,0,0.0
1778949456.7196229,0.0,15010,-51.0,0,-,0,0,0,0,0.0,-,0,0,0,0,0.0,ECU,1,1,15151,0,0.0,FAN1,0,0,0,0,0.0,COILS,8,1,0,0,0.0,PUMP,0,0,0,0,0.0,INJECTOR,8,1,98,0,0.0,SERVO,1,1,15119,0,0.0,ADD 1,0,1,14785,0,0.0,ADD 2,0,1,14807,0,0.0,ADD 3,0,1,14801,0,0.0,ADD 4,0,1,14801,0,0.0,ADD 5,0,0,0,0,0.0,ADD 6,0,1,14900,0,0.0,ADD 7,0,0,0,0,0.0,EGT2CAN,0,1,14840,0,0.0
1778949456.7704122,0.0,14831,-51.0,0,-,0,0,0,0,0.0,-,0,0,0,0,0.0,ECU,1,1,14785,0,0.0,FAN1,0,0,0,0,0.0,COILS,8,1,0,0,0.0,PUMP,0,0,0,0,0.0,INJECTOR,8,1,87,0,0.0,SERVO,1,1,14851,0,0.0,ADD 1,0,1,14911,0,0.0,ADD 2,0,1,14905,0,0.0,ADD 3,0,1,14922,0,0.0,ADD 4,0,1,14851,0,0.0,ADD 5,0,0,0,0,0.0,ADD 6,0,1,14922,0,0.0,ADD 7,0,0,0,0,0.0,EGT2CAN,0,1,14982,0,0.0
1778949456.825217,0.0,14831,-51.0,0,-,0,0,0,0,0.0,-,0,0,0,0,0.0,ECU,1,1,14758,0,0.0,FAN1,0,0,0,0,0.0,COILS,8,1,0,0,0.0,PUMP,0,0,0,0,0.0,INJECTOR,8,1,98,0,0.0,SERVO,1,1,14725,0,0.0,ADD 1,0,1,14801,0,0.0,ADD 2,0,1,14807,0,0.0,ADD 3,0,1,14807,0,0.0,ADD 4,0,1,14785,0,0.0,ADD 5,0,0,0,0,0.0,ADD 6,0,1,14801,0,0.0,ADD 7,0,0,0,0,0.0,EGT2CAN,0,1,14785,0,0.0
1778949456.8913472,0.0,14874,-54.0,0,-,0,0,0,0,0.0,-,0,0,0,0,0.0,ECU,1,1,15064,0,0.0,FAN1,0,0,0,0,0.0,COILS,8,1,0,0,0.0,PUMP,0,0,0,0,0.0,INJECTOR,8,1,98,0,0.0,SERVO,1,1,14971,0,0.0,ADD 1,0,1,14982,0,0.0,ADD 2,0,1,14982,0,0.0,ADD 3,0,1,14922,0,0.0,ADD 4,0,1,14861,0,0.0,ADD 5,0,0,0,0,0.0,ADD 6,0,1,14883,0,0.0,ADD 7,0,0,0,0,0.0,EGT2CAN,0,1,14840,0,0.0
1778949456.9431536,0.0,14874,-54.0,0,-,0,0,0,0,0.0,-,0,0,0,0,0.0,ECU,1,1,15064,0,0.0,FAN1,0,0,0,0,0.0,COILS,8,1,0,0,0.0,PUMP,0,0,0,0,0.0,INJECTOR,8,1,98,0,0.0,SERVO,1,1,14971,0,0.0,ADD 1,0,1,14982,0,0.0,ADD 2,0,1,14982,0,0.0,ADD 3,0,1,14922,0,0.0,ADD 4,0,1,14861,0,0.0,ADD 5,0,0,0,0,0.0,ADD 6,0,1,14883,0,0.0,ADD 7,0,0,0,0,0.0,EGT2CAN,0,1,14840,0,0.0
1778949456.9936564,0.0,14874,-54.0,0,-,0,0,0,0,0.0,-,0,0,0,0,0.0,ECU,1,1,14840,0,0.0,FAN1,0,0,0,0,0.0,COILS,8,1,0,0,0.0,PUMP,0,0,0,0,0.0,INJECTOR,8,1,98,0,0.0,SERVO,1,1,14933,0,0.0,ADD 1,0,1,14965,0,0.0,ADD 2,0,1,14987,0,0.0,ADD 3,0,1,14965,0,0.0,ADD 4,0,1,14933,0,0.0,ADD 5,0,0,0,0,0.0,ADD 6,0,1,15080,0,0.0,ADD 7,0,0,0,0,0.0,EGT2CAN,0,1,15080,0,0.0
1778949457.0527291,0.0,14800,-52.0,0,-,0,0,0,0,0.0,-,0,0,0,0,0.0,ECU,1,1,14752,0,0.0,FAN1,0,0,0,0,0.0,COILS,8,1,0,0,0.0,PUMP,0,0,0,0,0.0,INJECTOR,8,1,82,0,0.0,SERVO,1,1,14796,0,0.0,ADD 1,0,1,14785,0,0.0,ADD 2,0,1,14823,0,0.0,ADD 3,0,1,14801,0,0.0,ADD 4,0,1,14758,0,0.0,ADD 5,0,0,0,0,0.0,ADD 6,0,1,14861,0,0.0,ADD 7,0,0,0,0,0.0,EGT2CAN,0,1,14812,0,0.0
1778949457.1033437,0.0,14800,-52.0,0,-,0,0,0,0,0.0,-,0,0,0,0,0.0,ECU,1,1,14801,0,0.0,FAN1,0,0,0,0,0.0,COILS,8,1,0,0,0.0,PUMP,0,0,0,0,0.0,INJECTOR,8,1,92,0,0.0,SERVO,1,1,14829,0,0.0,ADD 1,0,1,14785,0,0.0,ADD 2,0,1,14823,0,0.0,ADD 3,0,1,14801,0,0.0,ADD 4,0,1,14758,0,0.0,ADD 5,0,0,0,0,0.0,ADD 6,0,1,14861,0,0.0,ADD 7,0,0,0,0,0.0,EGT2CAN,0,1,14812,0,0.0
1778949457.1545427,0.0,15103,-51.0,0,-,0,0,0,0,0.0,-,0,0,0,0,0.0,ECU,1,1,14801,0,0.0,FAN1,0,0,0,0,0.0,COILS,8,1,0,0,0.0,PUMP,0,0,0,0,0.0,INJECTOR,8,1,92,0,0.0,SERVO,1,1,14829,0,0.0,ADD 1,0,1,15119,0,0.0,ADD 2,0,1,15184,0,0.0,ADD 3,0,1,15146,0,0.0,ADD 4,0,1,15086,0,0.0,ADD 5,0,0,0,0,0.0,ADD 6,0,1,15102,0,0.0,ADD 7,0,0,0,0,0.0,EGT2CAN,0,1,15047,0,0.0
1778949457.2134318,0.0,14831,-52.0,0,-,0,0,0,0,0.0,-,0,0,0,0,0.0,ECU,1,1,14883,0,0.0,FAN1,0,0,0,0,0.0,COILS,8,1,0,0,0.0,PUMP,0,0,0,0,0.0,INJECTOR,8,1,92,0,0.0,SERVO,1,1,14944,0,0.0,ADD 1,0,1,14987,0,0.0,ADD 2,0,1,15009,0,0.0,ADD 3,0,1,15031,0,0.0,ADD 4,0,1,15031,0,0.0,ADD 5,0,0,0,0,0.0,ADD 6,0,1,15069,0,0.0,ADD 7,0,0,0,0,0.0,EGT2CAN,0,1,15097,0,0.0
1778949457.2751286,0.0,14831,-52.0,0,-,0,0,0,0,0.0,-,0,0,0,0,0.0,ECU,1,1,14818,0,0.0,FAN1,0,0,0,0,0.0,COILS,8,1,0,0,0.0,PUMP,0,0,0,0,0.0,INJECTOR,8,1,82,0,0.0,SERVO,1,1,14763,0,0.0,ADD 1,0,1,14807,0,0.0,ADD 2,0,1,14807,0,0.0,ADD 3,0,1,14807,0,0.0,ADD 4,0,1,14736,0,0.0,ADD 5,0,0,0,0,0.0,ADD 6,0,1,15069,0,0.0,ADD 7,0,0,0,0,0.0,EGT2CAN,0,1,15097,0,0.0
1778949457.3260887,0.0,15060,-52.0,0,-,0,0,0,0,0.0,-,0,0,0,0,0.0,ECU,1,1,15195,0,0.0,FAN1,0,0,0,0,0.0,COILS,8,1,0,0,0.0,PUMP,0,0,0,0,0.0,INJECTOR,8,1,109,0,0.0,SERVO,1,1,15146,0,0.0,ADD 1,0,1,15179,0,0.0,ADD 2,0,1,15228,0,0.0,ADD 3,0,1,15228,0,0.0,ADD 4,0,1,15168,0,0.0,ADD 5,0,0,0,0,0.0,ADD 6,0,1,14872,0,0.0,ADD 7,0,0,0,0,0.0,EGT2CAN,0,1,14796,0,0.0
1778949457.378399,0.0,14868,-51.0,0,-,0,0,0,0,0.0,-,0,0,0,0,0.0,ECU,1,1,15195,0,0.0,FAN1,0,0,0,0,0.0,COILS,8,1,0,0,0.0,PUMP,0,0,0,0,0.0,INJECTOR,8,1,109,0,0.0,SERVO,1,1,15146,0,0.0,ADD 1,0,1,15179,0,0.0,ADD 2,0,1,15228,0,0.0,ADD 3,0,1,15228,0,0.0,ADD 4,0,1,15168,0,0.0,ADD 5,0,0,0,0,0.0,ADD 6,0,1,15179,0,0.0,ADD 7,0,0,0,0,0.0,EGT2CAN,0,1,15124,0,0.0
1778949457.4294887,0.0,14868,-51.0,0,-,0,0,0,0,0.0,-,0,0,0,0,0.0,ECU,1,1,15080,0,0.0,FAN1,0,0,0,0,0.0,COILS,8,1,0,0,0.0,PUMP,0,0,0,0,0.0,INJECTOR,8,1,87,0,0.0,SERVO,1,1,14785,0,0.0,ADD 1,0,1,14829,0,0.0,ADD 2,0,1,14823,0,0.0,ADD 3,0,1,14818,0,0.0,ADD 4,0,1,14818,0,0.0,ADD 5,0,0,0,0,0.0,ADD 6,0,1,14851,0,0.0,ADD 7,0,0,0,0,0.0,EGT2CAN,0,1,14829,0,0.0
1778949457.4861662,0.0,14831,-51.0,0,-,0,0,0,0,0.0,-,0,0,0,0,0.0,ECU,1,1,14807,0,0.0,FAN1,0,0,0,0,0.0,COILS,8,1,0,0,0.0,PUMP,0,0,0,0,0.0,INJECTOR,8,1,87,0,0.0,SERVO,1,1,14763,0,0.0,ADD 1,0,1,14747,0,0.0,ADD 2,0,1,14823,0,0.0,ADD 3,0,1,14774,0,0.0,ADD 4,0,1,14801,0,0.0,ADD 5,0,0,0,0,0.0,ADD 6,0,1,14845,0,0.0,ADD 7,0,0,0,0,0.0,EGT2CAN,0,1,14779,0,0.0
1778949457.5536993,0.0,15165,-51.0,0,-,0,0,0,0,0.0,-,0,0,0,0,0.0,ECU,1,1,14807,0,0.0,FAN1,0,0,0,0,0.0,COILS,8,1,0,0,0.0,PUMP,0,0,0,0,0.0,INJECTOR,8,1,92,0,0.0,SERVO,1,1,14801,0,0.0,ADD 1,0,1,15119,0,0.0,ADD 2,0,1,15151,0,0.0,ADD 3,0,1,15047,0,0.0,ADD 4,0,1,15026,0,0.0,ADD 5,0,0,0,0,0.0,ADD 6,0,1,15064,0,0.0,ADD 7,0,0,0,0,0.0,EGT2CAN,0,1,14998,0,0.0
1778949457.60571,0.0,14818,-51.0,0,-,0,0,0,0,0.0,-,0,0,0,0,0.0,ECU,1,1,15069,0,0.0,FAN1,0,0,0,0,0.0,COILS,8,1,0,0,0.0,PUMP,0,0,0,0,0.0,INJECTOR,8,1,125,0,0.0,SERVO,1,1,15075,0,0.0,ADD 1,0,1,14823,0,0.0,ADD 2,0,1,14790,0,0.0,ADD 3,0,1,14807,0,0.0,ADD 4,0,1,14779,0,0.0,ADD 5,0,0,0,0,0.0,ADD 6,0,1,14840,0,0.0,ADD 7,0,0,0,0,0.0,EGT2CAN,0,1,14807,0,0.0
1778949457.657037,0.0,14886,-52.0,0,-,0,0,0,0,0.0,-,0,0,0,0,0.0,ECU,1,1,14807,0,0.0,FAN1,0,0,0,0,0.0,COILS,8,1,0,0,0.0,PUMP,0,0,0,0,0.0,INJECTOR,8,1,92,0,0.0,SERVO,1,1,14747,0,0.0,ADD 1,0,1,14790,0,0.0,ADD 2,0,1,14834,0,0.0,ADD 3,0,1,14872,0,0.0,ADD 4,0,1,14763,0,0.0,ADD 5,0,0,0,0,0.0,ADD 6,0,1,14878,0,0.0,ADD 7,0,0,0,0,0.0,EGT2CAN,0,1,14856,0,0.0
1778949457.707842,0.0,14886,-52.0,0,-,0,0,0,0,0.0,-,0,0,0,0,0.0,ECU,1,1,14807,0,0.0,FAN1,0,0,0,0,0.0,COILS,8,1,0,0,0.0,PUMP,0,0,0,0,0.0,INJECTOR,8,1,92,0,0.0,SERVO,1,1,14747,0,0.0,ADD 1,0,1,14790,0,0.0,ADD 2,0,1,14834,0,0.0,ADD 3,0,1,14872,0,0.0,ADD 4,0,1,14763,0,0.0,ADD 5,0,0,0,0,0.0,ADD 6,0,1,14878,0,0.0,ADD 7,0,0,0,0,0.0,EGT2CAN,0,1,14856,0,0.0
1778949457.758715,0.0,14818,-52.0,0,-,0,0,0,0,0.0,-,0,0,0,0,0.0,ECU,1,1,15102,0,0.0,FAN1,0,0,0,0,0.0,COILS,8,1,0,0,0.0,PUMP,0,0,0,0,0.0,INJECTOR,8,1,87,0,0.0,SERVO,1,1,15124,0,0.0,ADD 1,0,1,15190,0,0.0,ADD 2,0,1,15190,0,0.0,ADD 3,0,1,15195,0,0.0,ADD 4,0,1,15157,0,0.0,ADD 5,0,0,0,0,0.0,ADD 6,0,1,15228,0,0.0,ADD 7,0,0,0,0,0.0,EGT2CAN,0,1,15179,0,0.0
1778949457.8103247,0.0,14818,-52.0,0,-,0,0,0,0,0.0,-,0,0,0,0,0.0,ECU,1,1,15124,0,0.0,FAN1,0,0,0,0,0.0,COILS,8,1,0,0,0.0,PUMP,0,0,0,0,0.0,INJECTOR,8,1,87,0,0.0,SERVO,1,1,14763,0,0.0,ADD 1,0,1,14851,0,0.0,ADD 2,0,1,14851,0,0.0,ADD 3,0,1,14834,0,0.0,ADD 4,0,1,14785,0,0.0,ADD 5,0,0,0,0,0.0,ADD 6,0,1,14840,0,0.0,ADD 7,0,0,0,0,0.0,EGT2CAN,0,1,14872,0,0.0
1778949457.8634477,0.0,14750,-52.0,0,-,0,0,0,0,0.0,-,0,0,0,0,0.0,ECU,1,1,14916,0,0.0,FAN1,0,0,0,0,0.0,COILS,8,1,0,0,0.0,PUMP,0,0,0,0,0.0,INJECTOR,8,1,87,0,0.0,SERVO,1,1,14763,0,0.0,ADD 1,0,1,14851,0,0.0,ADD 2,0,1,14851,0,0.0,ADD 3,0,1,14834,0,0.0,ADD 4,0,1,14785,0,0.0,ADD 5,0,0,0,0,0.0,ADD 6,0,1,14840,0,0.0,ADD 7,0,0,0,0,0.0,EGT2CAN,0,1,14872,0,0.0
1778949457.9189847,0.0,15122,-52.0,0,-,0,0,0,0,0.0,-,0,0,0,0,0.0,ECU,1,1,14845,0,0.0,FAN1,0,0,0,0,0.0,COILS,8,1,0,0,0.0,PUMP,0,0,0,0,0.0,INJECTOR,8,1,92,0,0.0,SERVO,1,1,14801,0,0.0,ADD 1,0,1,15047,0,0.0,ADD 2,0,1,15086,0,0.0,ADD 3,0,1,15069,0,0.0,ADD 4,0,1,14976,0,0.0,ADD 5,0,0,0,0,0.0,ADD 6,0,1,14971,0,0.0,ADD 7,0,0,0,0,0.0,EGT2CAN,0,1,14960,0,0.0
1778949457.970037,0.0,15122,-52.0,0,-,0,0,0,0,0.0,-,0,0,0,0,0.0,ECU,1,1,15015,0,0.0,FAN1,0,0,0,0,0.0,COILS,8,1,0,0,0.0,PUMP,0,0,0,0,0.0,INJECTOR,8,1,87,0,0.0,SERVO,1,1,14812,0,0.0,ADD 1,0,1,14965,0,0.0,ADD 2,0,1,14993,0,0.0,ADD 3,0,1,14894,0,0.0,ADD 4,0,1,14916,0,0.0,ADD 5,0,0,0,0,0.0,ADD 6,0,1,15026,0,0.0,ADD 7,0,0,0,0,0.0,EGT2CAN,0,1,15009,0,0.0
1778949458.0206876,0.0,14955,-52.0,0,-,0,0,0,0,0.0,-,0,0,0,0,0.0,ECU,1,1,14998,0,0.0,FAN1,0,0,0,0,0.0,COILS,8,1,0,0,0.0,PUMP,0,0,0,0,0.0,INJECTOR,8,1,87,0,0.0,SERVO,1,1,14812,0,0.0,ADD 1,0,1,14965,0,0.0,ADD 2,0,1,14993,0,0.0,ADD 3,0,1,14894,0,0.0,ADD 4,0,1,14916,0,0.0,ADD 5,0,0,0,0,0.0,ADD 6,0,1,15026,0,0.0,ADD 7,0,0,0,0,0.0,EGT2CAN,0,1,15009,0,0.0
1778949458.0716836,0.0,15109,-52.0,0,-,0,0,0,0,0.0,-,0,0,0,0,0.0,ECU,1,1,14845,0,0.0,FAN1,0,0,0,0,0.0,COILS,8,1,0,0,0.0,PUMP,0,0,0,0,0.0,INJECTOR,8,1,87,0,0.0,SERVO,1,1,14807,0,0.0,ADD 1,0,1,14851,0,0.0,ADD 2,0,1,14851,0,0.0,ADD 3,0,1,14785,0,0.0,ADD 4,0,1,14823,0,0.0,ADD 5,0,0,0,0,0.0,ADD 6,0,1,14883,0,0.0,ADD 7,0,0,0,0,0.0,EGT2CAN,0,1,14829,0,0.0
1778949458.1395016,0.0,15109,-52.0,0,-,0,0,0,0,0.0,-,0,0,0,0,0.0,ECU,1,1,14993,0,0.0,FAN1,0,0,0,0,0.0,COILS,8,1,0,0,0.0,PUMP,0,0,0,0,0.0,INJECTOR,8,1,82,0,0.0,SERVO,1,1,14779,0,0.0,ADD 1,0,1,14785,0,0.0,ADD 2,0,1,14851,0,0.0,ADD 3,0,1,14867,0,0.0,ADD 4,0,1,14834,0,0.0,ADD 5,0,0,0,0,0.0,ADD 6,0,1,14883,0,0.0,ADD 7,0,0,0,0,0.0,EGT2CAN,0,1,14829,0,0.0
1778949458.1914475,0.0,14806,-51.0,0,-,0,0,0,0,0.0,-,0,0,0,0,0.0,ECU,1,1,14976,0,0.0,FAN1,0,0,0,0,0.0,COILS,8,1,0,0,0.0,PUMP,0,0,0,0,0.0,INJECTOR,8,1,87,0,0.0,SERVO,1,1,15080,0,0.0,ADD 1,0,1,14823,0,0.0,ADD 2,0,1,14807,0,0.0,ADD 3,0,1,14785,0,0.0,ADD 4,0,1,14779,0,0.0,ADD 5,0,0,0,0,0.0,ADD 6,0,1,14851,0,0.0,ADD 7,0,0,0,0,0.0,EGT2CAN,0,1,14801,0,0.0
1778949458.2429466,0.0,14806,-51.0,0,-,0,0,0,0,0.0,-,0,0,0,0,0.0,ECU,1,1,14976,0,0.0,FAN1,0,0,0,0,0.0,COILS,8,1,0,0,0.0,PUMP,0,0,0,0,0.0,INJECTOR,8,1,87,0,0.0,SERVO,1,1,15080,0,0.0,ADD 1,0,1,14823,0,0.0,ADD 2,0,1,14807,0,0.0,ADD 3,0,1,14785,0,0.0,ADD 4,0,1,14779,0,0.0,ADD 5,0,0,0,0,0.0,ADD 6,0,1,14851,0,0.0,ADD 7,0,0,0,0,0.0,EGT2CAN,0,1,14801,0,0.0
1778949458.2933402,0.0,14806,-51.0,0,-,0,0,0,0,0.0,-,0,0,0,0,0.0,ECU,1,1,14812,0,0.0,FAN1,0,0,0,0,0.0,COILS,8,1,0,0,0.0,PUMP,0,0,0,0,0.0,INJECTOR,8,1,92,0,0.0,SERVO,1,1,14944,0,0.0,ADD 1,0,1,14763,0,0.0,ADD 2,0,1,14840,0,0.0,ADD 3,0,1,14807,0,0.0,ADD 4,0,1,14758,0,0.0,ADD 5,0,0,0,0,0.0,ADD 6,0,1,14851,0,0.0,ADD 7,0,0,0,0,0.0,EGT2CAN,0,1,14801,0,0.0
1778949458.3439562,0.0,14930,-52.0,0,-,0,0,0,0,0.0,-,0,0,0,0,0.0,ECU,1,1,14960,0,0.0,FAN1,0,0,0,0,0.0,COILS,8,1,0,0,0.0,PUMP,0,0,0,0,0.0,INJECTOR,8,1,82,0,0.0,SERVO,1,1,14790,0,0.0,ADD 1,0,1,14982,0,0.0,ADD 2,0,1,15009,0,0.0,ADD 3,0,1,15053,0,0.0,ADD 4,0,1,15004,0,0.0,ADD 5,0,0,0,0,0.0,ADD 6,0,1,15102,0,0.0,ADD 7,0,0,0,0,0.0,EGT2CAN,0,1,15086,0,0.0
1778949458.3954253,0.0,14930,-52.0,0,-,0,0,0,0,0.0,-,0,0,0,0,0.0,ECU,1,1,14960,0,0.0,FAN1,0,0,0,0,0.0,COILS,8,1,0,0,0.0,PUMP,0,0,0,0,0.0,INJECTOR,8,1,82,0,0.0,SERVO,1,1,14790,0,0.0,ADD 1,0,1,14982,0,0.0,ADD 2,0,1,15009,0,0.0,ADD 3,0,1,15053,0,0.0,ADD 4,0,1,15004,0,0.0,ADD 5,0,0,0,0,0.0,ADD 6,0,1,15102,0,0.0,ADD 7,0,0,0,0,0.0,EGT2CAN,0,1,15086,0,0.0
1778949458.4473739,0.0,14930,-52.0,0,-,0,0,0,0,0.0,-,0,0,0,0,0.0,ECU,1,1,14944,0,0.0,FAN1,0,0,0,0,0.0,COILS,8,1,0,0,0.0,PUMP,0,0,0,0,0.0,INJECTOR,8,1,87,0,0.0,SERVO,1,1,15102,0,0.0,ADD 1,0,1,15140,0,0.0,ADD 2,0,1,15146,0,0.0,ADD 3,0,1,15162,0,0.0,ADD 4,0,1,15119,0,0.0,ADD 5,0,0,0,0,0.0,ADD 6,0,1,15190,0,0.0,ADD 7,0,0,0,0,0.0,EGT2CAN,0,1,15173,0,0.0
1778949458.5085087,0.0,15054,-51.0,0,-,0,0,0,0,0.0,-,0,0,0,0,0.0,ECU,1,1,14851,0,0.0,FAN1,0,0,0,0,0.0,COILS,8,1,0,0,0.0,PUMP,0,0,0,0,0.0,INJECTOR,8,1,109,0,0.0,SERVO,1,1,14812,0,0.0,ADD 1,0,1,14834,0,0.0,ADD 2,0,1,14872,0,0.0,ADD 3,0,1,14851,0,0.0,ADD 4,0,1,14829,0,0.0,ADD 5,0,0,0,0,0.0,ADD 6,0,1,14872,0,0.0,ADD 7,0,0,0,0,0.0,EGT2CAN,0,1,14801,0,0.0
1778949458.5593212,0.0,15054,-51.0,0,-,0,0,0,0,0.0,-,0,0,0,0,0.0,ECU,1,1,15179,0,0.0,FAN1,0,0,0,0,0.0,COILS,8,1,0,0,0.0,PUMP,0,0,0,0,0.0,INJECTOR,8,1,109,0,0.0,SERVO,1,1,14812,0,0.0,ADD 1,0,1,14834,0,0.0,ADD 2,0,1,14872,0,0.0,ADD 3,0,1,14851,0,0.0,ADD 4,0,1,14829,0,0.0,ADD 5,0,0,0,0,0.0,ADD 6,0,1,14872,0,0.0,ADD 7,0,0,0,0,0.0,EGT2CAN,0,1,14801,0,0.0
1778949458.6120534,0.0,15054,-51.0,0,-,0,0,0,0,0.0,-,0,0,0,0,0.0,ECU,1,1,15179,0,0.0,FAN1,0,0,0,0,0.0,COILS,8,1,0,0,0.0,PUMP,0,0,0,0,0.0,INJECTOR,8,1,98,0,0.0,SERVO,1,1,15212,0,0.0,ADD 1,0,1,15228,0,0.0,ADD 2,0,1,15223,0,0.0,ADD 3,0,1,15223,0,0.0,ADD 4,0,1,15190,0,0.0,ADD 5,0,0,0,0,0.0,ADD 6,0,1,15233,0,0.0,ADD 7,0,0,0,0,0.0,EGT2CAN,0,1,15217,0,0.0
1778949458.669119,0.0,14818,-51.0,0,-,0,0,0,0,0.0,-,0,0,0,0,0.0,ECU,1,1,14834,0,0.0,FAN1,0,0,0,0,0.0,COILS,8,1,0,0,0.0,PUMP,0,0,0,0,0.0,INJECTOR,8,1,87,0,0.0,SERVO,1,1,14730,0,0.0,ADD 1,0,1,14872,0,0.0,ADD 2,0,1,14872,0,0.0,ADD 3,0,1,14829,0,0.0,ADD 4,0,1,14747,0,0.0,ADD 5,0,0,0,0,0.0,ADD 6,0,1,14796,0,0.0,ADD 7,0,0,0,0,0.0,EGT2CAN,0,1,14796,0,0.0
1778949458.7389631,0.0,14818,-51.0,0,-,0,0,0,0,0.0,-,0,0,0,0,0.0,ECU,1,1,14851,0,0.0,FAN1,0,0,0,0,0.0,COILS,8,1,0,0,0.0,PUMP,0,0,0,0,0.0,INJECTOR,8,1,92,0,0.0,SERVO,1,1,14818,0,0.0,ADD 1,0,1,15206,0,0.0,ADD 2,0,1,15283,0,0.0,ADD 3,0,1,15233,0,0.0,ADD 4,0,1,15190,0,0.0,ADD 5,0,0,0,0,0.0,ADD 6,0,1,15261,0,0.0,ADD 7,0,0,0,0,0.0,EGT2CAN,0,1,15228,0,0.0
1778949458.7893124,0.0,14868,-52.0,0,-,0,0,0,0,0.0,-,0,0,0,0,0.0,ECU,1,1,14872,0,0.0,FAN1,0,0,0,0,0.0,COILS,8,1,0,0,0.0,PUMP,0,0,0,0,0.0,INJECTOR,8,1,92,0,0.0,SERVO,1,1,14872,0,0.0,ADD 1,0,1,15020,0,0.0,ADD 2,0,1,15064,0,0.0,ADD 3,0,1,15031,0,0.0,ADD 4,0,1,15031,0,0.0,ADD 5,0,0,0,0,0.0,ADD 6,0,1,15009,0,0.0,ADD 7,0,0,0,0,0.0,EGT2CAN,0,1,15009,0,0.0
1778949458.8402636,0.0,14868,-52.0,0,-,0,0,0,0,0.0,-,0,0,0,0,0.0,ECU,1,1,14872,0,0.0,FAN1,0,0,0,0,0.0,COILS,8,1,0,0,0.0,PUMP,0,0,0,0,0.0,INJECTOR,8,1,92,0,0.0,SERVO,1,1,14872,0,0.0,ADD 1,0,1,15020,0,0.0,ADD 2,0,1,15064,0,0.0,ADD 3,0,1,15031,0,0.0,ADD 4,0,1,15031,0,0.0,ADD 5,0,0,0,0,0.0,ADD 6,0,1,15009,0,0.0,ADD 7,0,0,0,0,0.0,EGT2CAN,0,1,15009,0,0.0
1778949458.8924298,0.0,14868,-52.0,0,-,0,0,0,0,0.0,-,0,0,0,0,0.0,ECU,1,1,14883,0,0.0,FAN1,0,0,0,0,0.0,COILS,8,1,0,0,0.0,PUMP,0,0,0,0,0.0,INJECTOR,8,1,87,0,0.0,SERVO,1,1,14796,0,0.0,ADD 1,0,1,14840,0,0.0,ADD 2,0,1,14900,0,0.0,ADD 3,0,1,14834,0,0.0,ADD 4,0,1,14823,0,0.0,ADD 5,0,0,0,0,0.0,ADD 6,0,1,14801,0,0.0,ADD 7,0,0,0,0,0.0,EGT2CAN,0,1,14807,0,0.0
1778949458.9462354,0.0,14868,-54.0,0,-,0,0,0,0,0.0,-,0,0,0,0,0.0,ECU,1,1,15173,0,0.0,FAN1,0,0,0,0,0.0,COILS,8,1,0,0,0.0,PUMP,0,0,0,0,0.0,INJECTOR,8,1,98,0,0.0,SERVO,1,1,15201,0,0.0,ADD 1,0,1,15223,0,0.0,ADD 2,0,1,15201,0,0.0,ADD 3,0,1,15228,0,0.0,ADD 4,0,1,15113,0,0.0,ADD 5,0,0,0,0,0.0,ADD 6,0,1,15255,0,0.0,ADD 7,0,0,0,0,0.0,EGT2CAN,0,1,15217,0,0.0
1778949459.0039132,0.0,14868,-54.0,0,-,0,0,0,0,0.0,-,0,0,0,0,0.0,ECU,1,1,14851,0,0.0,FAN1,0,0,0,0,0.0,COILS,8,1,0,0,0.0,PUMP,0,0,0,0,0.0,INJECTOR,8,1,98,0,0.0,SERVO,1,1,15201,0,0.0,ADD 1,0,1,15223,0,0.0,ADD 2,0,1,15201,0,0.0,ADD 3,0,1,15228,0,0.0,ADD 4,0,1,15113,0,0.0,ADD 5,0,0,0,0,0.0,ADD 6,0,1,15255,0,0.0,ADD 7,0,0,0,0,0.0,EGT2CAN,0,1,15217,0,0.0
1778949459.063613,0.0,14831,-52.0,0,-,0,0,0,0,0.0,-,0,0,0,0,0.0,ECU,1,1,15080,0,0.0,FAN1,0,0,0,0,0.0,COILS,8,1,0,0,0.0,PUMP,0,0,0,0,0.0,INJECTOR,8,1,92,0,0.0,SERVO,1,1,14769,0,0.0,ADD 1,0,1,14758,0,0.0,ADD 2,0,1,14834,0,0.0,ADD 3,0,1,14796,0,0.0,ADD 4,0,1,14807,0,0.0,ADD 5,0,0,0,0,0.0,ADD 6,0,1,14872,0,0.0,ADD 7,0,0,0,0,0.0,EGT2CAN,0,1,14829,0,0.0
1778949459.114426,0.0,14998,-52.0,0,-,0,0,0,0,0.0,-,0,0,0,0,0.0,ECU,1,1,14818,0,0.0,FAN1,0,0,0,0,0.0,COILS,8,1,0,0,0.0,PUMP,0,0,0,0,0.0,INJECTOR,8,1,92,0,0.0,SERVO,1,1,14829,0,0.0,ADD 1,0,1,14889,0,0.0,ADD 2,0,1,14916,0,0.0,ADD 3,0,1,14889,0,0.0,ADD 4,0,1,14801,0,0.0,ADD 5,0,0,0,0,0.0,ADD 6,0,1,14900,0,0.0,ADD 7,0,0,0,0,0.0,EGT2CAN,0,1,14878,0,0.0
1778949459.1653636,0.0,14998,-52.0,0,-,0,0,0,0,0.0,-,0,0,0,0,0.0,ECU,1,1,14818,0,0.0,FAN1,0,0,0,0,0.0,COILS,8,1,0,0,0.0,PUMP,0,0,0,0,0.0,INJECTOR,8,1,92,0,0.0,SERVO,1,1,14829,0,0.0,ADD 1,0,1,14889,0,0.0,ADD 2,0,1,14916,0,0.0,ADD 3,0,1,14889,0,0.0,ADD 4,0,1,14801,0,0.0,ADD 5,0,0,0,0,0.0,ADD 6,0,1,14900,0,0.0,ADD 7,0,0,0,0,0.0,EGT2CAN,0,1,14878,0,0.0
1778949459.2255135,0.0,14794,-52.0,0,-,0,0,0,0,0.0,-,0,0,0,0,0.0,ECU,1,1,15080,0,0.0,FAN1,0,0,0,0,0.0,COILS,8,1,0,0,0.0,PUMP,0,0,0,0,0.0,INJECTOR,8,1,87,0,0.0,SERVO,1,1,15168,0,0.0,ADD 1,0,1,15228,0,0.0,ADD 2,0,1,15255,0,0.0,ADD 3,0,1,15168,0,0.0,ADD 4,0,1,15179,0,0.0,ADD 5,0,0,0,0,0.0,ADD 6,0,1,15239,0,0.0,ADD 7,0,0,0,0,0.0,EGT2CAN,0,1,15195,0,0.0
1778949459.2759523,0.0,14973,-52.0,0,-,0,0,0,0,0.0,-,0,0,0,0,0.0,ECU,1,1,14818,0,0.0,FAN1,0,0,0,0,0.0,COILS,8,1,0,0,0.0,PUMP,0,0,0,0,0.0,INJECTOR,8,1,98,0,0.0,SERVO,1,1,14747,0,0.0,ADD 1,0,1,14818,0,0.0,ADD 2,0,1,14867,0,0.0,ADD 3,0,1,14829,0,0.0,ADD 4,0,1,14763,0,0.0,ADD 5,0,0,0,0,0.0,ADD 6,0,1,14872,0,0.0,ADD 7,0,0,0,0,0.0,EGT2CAN,0,1,14769,0,0.0
1778949459.326449,0.0,14973,-52.0,0,-,0,0,0,0,0.0,-,0,0,0,0,0.0,ECU,1,1,14818,0,0.0,FAN1,0,0,0,0,0.0,COILS,8,1,0,0,0.0,PUMP,0,0,0,0,0.0,INJECTOR,8,1,92,0,0.0,SERVO,1,1,14829,0,0.0,ADD 1,0,1,14851,0,0.0,ADD 2,0,1,14894,0,0.0,ADD 3,0,1,14851,0,0.0,ADD 4,0,1,14807,0,0.0,ADD 5,0,0,0,0,0.0,ADD 6,0,1,14867,0,0.0,ADD 7,0,0,0,0,0.0,EGT2CAN,0,1,14812,0,0.0
1778949459.3775501,0.0,15196,-52.0,0,-,0,0,0,0,0.0,-,0,0,0,0,0.0,ECU,1,1,15086,0,0.0,FAN1,0,0,0,0,0.0,COILS,8,1,0,0,0.0,PUMP,0,0,0,0,0.0,INJECTOR,8,1,92,0,0.0,SERVO,1,1,15075,0,0.0,ADD 1,0,1,14829,0,0.0,ADD 2,0,1,14911,0,0.0,ADD 3,0,1,14840,0,0.0,ADD 4,0,1,14851,0,0.0,ADD 5,0,0,0,0,0.0,ADD 6,0,1,15206,0,0.0,ADD 7,0,0,0,0,0.0,EGT2CAN,0,1,15201,0,0.0
1778949459.43152,0.0,14868,-51.0,0,-,0,0,0,0,0.0,-,0,0,0,0,0.0,ECU,1,1,15086,0,0.0,FAN1,0,0,0,0,0.0,COILS,8,1,0,0,0.0,PUMP,0,0,0,0,0.0,INJECTOR,8,1,92,0,0.0,SERVO,1,1,15075,0,0.0,ADD 1,0,1,14829,0,0.0,ADD 2,0,1,14911,0,0.0,ADD 3,0,1,14840,0,0.0,ADD 4,0,1,14851,0,0.0,ADD 5,0,0,0,0,0.0,ADD 6,0,1,14927,0,0.0,ADD 7,0,0,0,0,0.0,EGT2CAN,0,1,14851,0,0.0
1778949459.4965746,0.0,15023,-52.0,0,-,0,0,0,0,0.0,-,0,0,0,0,0.0,ECU,1,1,14834,0,0.0,FAN1,0,0,0,0,0.0,COILS,8,1,0,0,0.0,PUMP,0,0,0,0,0.0,INJECTOR,8,1,92,0,0.0,SERVO,1,1,14807,0,0.0,ADD 1,0,1,15244,0,0.0,ADD 2,0,1,15250,0,0.0,ADD 3,0,1,15190,0,0.0,ADD 4,0,1,15119,0,0.0,ADD 5,0,0,0,0,0.0,ADD 6,0,1,15179,0,0.0,ADD 7,0,0,0,0,0.0,EGT2CAN,0,1,15113,0,0.0
1778949459.5475237,0.0,15023,-52.0,0,-,0,0,0,0,0.0,-,0,0,0,0,0.0,ECU,1,1,14834,0,0.0,FAN1,0,0,0,0,0.0,COILS,8,1,0,0,0.0,PUMP,0,0,0,0,0.0,INJECTOR,8,1,92,0,0.0,SERVO,1,1,14807,0,0.0,ADD 1,0,1,15244,0,0.0,ADD 2,0,1,15250,0,0.0,ADD 3,0,1,15190,0,0.0,ADD 4,0,1,15119,0,0.0,ADD 5,0,0,0,0,0.0,ADD 6,0,1,15179,0,0.0,ADD 7,0,0,0,0,0.0,EGT2CAN,0,1,15113,0,0.0
1778949459.5986822,0.0,15023,-52.0,0,-,0,0,0,0,0.0,-,0,0,0,0,0.0,ECU,1,1,14889,0,0.0,FAN1,0,0,0,0,0.0,COILS,8,1,0,0,0.0,PUMP,0,0,0,0,0.0,INJECTOR,8,1,120,0,0.0,SERVO,1,1,14834,0,0.0,ADD 1,0,1,15080,0,0.0,ADD 2,0,1,15130,0,0.0,ADD 3,0,1,15069,0,0.0,ADD 4,0,1,15037,0,0.0,ADD 5,0,0,0,0,0.0,ADD 6,0,1,15179,0,0.0,ADD 7,0,0,0,0,0.0,EGT2CAN,0,1,15113,0,0.0
1778949459.649057,0.0,14880,-51.0,0,-,0,0,0,0,0.0,-,0,0,0,0,0.0,ECU,1,1,14861,0,0.0,FAN1,0,0,0,0,0.0,COILS,8,1,0,0,0.0,PUMP,0,0,0,0,0.0,INJECTOR,8,1,65,0,0.0,SERVO,1,1,14845,0,0.0,ADD 1,0,1,14872,0,0.0,ADD 2,0,1,14916,0,0.0,ADD 3,0,1,14894,0,0.0,ADD 4,0,1,14851,0,0.0,ADD 5,0,0,0,0,0.0,ADD 6,0,1,14927,0,0.0,ADD 7,0,0,0,0,0.0,EGT2CAN,0,1,14960,0,0.0
1778949459.7020097,0.0,14880,-51.0,0,-,0,0,0,0,0.0,-,0,0,0,0,0.0,ECU,1,1,14861,0,0.0,FAN1,0,0,0,0,0.0,COILS,8,1,0,0,0.0,PUMP,0,0,0,0,0.0,INJECTOR,8,1,65,0,0.0,SERVO,1,1,14845,0,0.0,ADD 1,0,1,14872,0,0.0,ADD 2,0,1,14916,0,0.0,ADD 3,0,1,14894,0,0.0,ADD 4,0,1,14851,0,0.0,ADD 5,0,0,0,0,0.0,ADD 6,0,1,14927,0,0.0,ADD 7,0,0,0,0,0.0,EGT2CAN,0,1,14960,0,0.0
1778949459.7532427,0.0,14880,-51.0,0,-,0,0,0,0,0.0,-,0,0,0,0,0.0,ECU,1,1,14829,0,0.0,FAN1,0,0,0,0,0.0,COILS,8,1,0,0,0.0,PUMP,0,0,0,0,0.0,INJECTOR,8,1,82,0,0.0,SERVO,1,1,14812,0,0.0,ADD 1,0,1,14856,0,0.0,ADD 2,0,1,14872,0,0.0,ADD 3,0,1,14801,0,0.0,ADD 4,0,1,14758,0,0.0,ADD 5,0,0,0,0,0.0,ADD 6,0,1,14856,0,0.0,ADD 7,0,0,0,0,0.0,EGT2CAN,0,1,14758,0,0.0
1778949459.8080652,0.0,15060,-52.0,0,-,0,0,0,0,0.0,-,0,0,0,0,0.0,ECU,1,1,14965,0,0.0,FAN1,0,0,0,0,0.0,COILS,8,1,0,0,0.0,PUMP,0,0,0,0,0.0,INJECTOR,8,1,92,0,0.0,SERVO,1,1,14944,0,0.0,ADD 1,0,1,15009,0,0.0,ADD 2,0,1,15097,0,0.0,ADD 3,0,1,15031,0,0.0,ADD 4,0,1,15042,0,0.0,ADD 5,0,0,0,0,0.0,ADD 6,0,1,15069,0,0.0,ADD 7,0,0,0,0,0.0,EGT2CAN,0,1,15020,0,0.0
1778949459.8658252,0.0,15060,-52.0,0,-,0,0,0,0,0.0,-,0,0,0,0,0.0,ECU,1,1,15119,0,0.0,FAN1,0,0,0,0,0.0,COILS,8,1,0,0,0.0,PUMP,0,0,0,0,0.0,INJECTOR,8,1,92,0,0.0,SERVO,1,1,14944,0,0.0,ADD 1,0,1,15009,0,0.0,ADD 2,0,1,15097,0,0.0,ADD 3,0,1,15031,0,0.0,ADD 4,0,1,15042,0,0.0,ADD 5,0,0,0,0,0.0,ADD 6,0,1,15069,0,0.0,ADD 7,0,0,0,0,0.0,EGT2CAN,0,1,15020,0,0.0
1778949459.928607,0.0,14955,-51.0,0,-,0,0,0,0,0.0,-,0,0,0,0,0.0,ECU,1,1,14834,0,0.0,FAN1,0,0,0,0,0.0,COILS,8,1,0,0,0.0,PUMP,0,0,0,0,0.0,INJECTOR,8,1,87,0,0.0,SERVO,1,1,14851,0,0.0,ADD 1,0,1,15151,0,0.0,ADD 2,0,1,15113,0,0.0,ADD 3,0,1,15058,0,0.0,ADD 4,0,1,15031,0,0.0,ADD 5,0,0,0,0,0.0,ADD 6,0,1,15097,0,0.0,ADD 7,0,0,0,0,0.0,EGT2CAN,0,1,15124,0,0.0
1778949459.9799466,0.0,15035,-52.0,0,-,0,0,0,0,0.0,-,0,0,0,0,0.0,ECU,1,1,14834,0,0.0,FAN1,0,0,0,0,0.0,COILS,8,1,0,0,0.0,PUMP,0,0,0,0,0.0,INJECTOR,8,1,87,0,0.0,SERVO,1,1,14851,0,0.0,ADD 1,0,1,15151,0,0.0,ADD 2,0,1,15113,0,0.0,ADD 3,0,1,15058,0,0.0,ADD 4,0,1,15031,0,0.0,ADD 5,0,0,0,0,0.0,ADD 6,0,1,15097,0,0.0,ADD 7,0,0,0,0,0.0,EGT2CAN,0,1,15124,0,0.0
1778949460.0310378,0.0,15035,-52.0,0,-,0,0,0,0,0.0,-,0,0,0,0,0.0,ECU,1,1,15223,0,0.0,FAN1,0,0,0,0,0.0,COILS,8,1,0,0,0.0,PUMP,0,0,0,0,0.0,INJECTOR,8,1,98,0,0.0,SERVO,1,1,15146,0,0.0,ADD 1,0,1,14993,0,0.0,ADD 2,0,1,15042,0,0.0,ADD 3,0,1,14993,0,0.0,ADD 4,0,1,14944,0,0.0,ADD 5,0,0,0,0,0.0,ADD 6,0,1,15097,0,0.0,ADD 7,0,0,0,0,0.0,EGT2CAN,0,1,15124,0,0.0
1778949460.0912228,0.0,14874,-52.0,0,-,0,0,0,0,0.0,-,0,0,0,0,0.0,ECU,1,1,14856,0,0.0,FAN1,0,0,0,0,0.0,COILS,8,1,0,0,0.0,PUMP,0,0,0,0,0.0,INJECTOR,8,1,92,0,0.0,SERVO,1,1,14818,0,0.0,ADD 1,0,1,14763,0,0.0,ADD 2,0,1,14851,0,0.0,ADD 3,0,1,14747,0,0.0,ADD 4,0,1,14779,0,0.0,ADD 5,0,0,0,0,0.0,ADD 6,0,1,15102,0,0.0,ADD 7,0,0,0,0,0.0,EGT2CAN,0,1,15135,0,0.0
1778949460.1423225,0.0,14905,-52.0,0,-,0,0,0,0,0.0,-,0,0,0,0,0.0,ECU,1,1,14856,0,0.0,FAN1,0,0,0,0,0.0,COILS,8,1,0,0,0.0,PUMP,0,0,0,0,0.0,INJECTOR,8,1,92,0,0.0,SERVO,1,1,14818,0,0.0,ADD 1,0,1,14763,0,0.0,ADD 2,0,1,14851,0,0.0,ADD 3,0,1,14747,0,0.0,ADD 4,0,1,14779,0,0.0,ADD 5,0,0,0,0,0.0,ADD 6,0,1,14812,0,0.0,ADD 7,0,0,0,0,0.0,EGT2CAN,0,1,14812,0,0.0
1778949460.194305,0.0,14992,-52.0,0,-,0,0,0,0,0.0,-,0,0,0,0,0.0,ECU,1,1,15097,0,0.0,FAN1,0,0,0,0,0.0,COILS,8,1,0,0,0.0,PUMP,0,0,0,0,0.0,INJECTOR,8,1,114,0,0.0,SERVO,1,1,15091,0,0.0,ADD 1,0,1,15124,0,0.0,ADD 2,0,1,15162,0,0.0,ADD 3,0,1,15102,0,0.0,ADD 4,0,1,15031,0,0.0,ADD 5,0,0,0,0,0.0,ADD 6,0,1,15080,0,0.0,ADD 7,0,0,0,0,0.0,EGT2CAN,0,1,15020,0,0.0
1778949460.2452397,0.0,14992,-52.0,0,-,0,0,0,0,0.0,-,0,0,0,0,0.0,ECU,1,1,15190,0,0.0,FAN1,0,0,0,0,0.0,COILS,8,1,0,0,0.0,PUMP,0,0,0,0,0.0,INJECTOR,8,1,87,0,0.0,SERVO,1,1,15058,0,0.0,ADD 1,0,1,14856,0,0.0,ADD 2,0,1,14922,0,0.0,ADD 3,0,1,14872,0,0.0,ADD 4,0,1,14922,0,0.0,ADD 5,0,0,0,0,0.0,ADD 6,0,1,14944,0,0.0,ADD 7,0,0,0,0,0.0,EGT2CAN,0,1,14933,0,0.0
1778949460.3092773,0.0,14979,-51.0,0,-,0,0,0,0,0.0,-,0,0,0,0,0.0,ECU,1,1,15190,0,0.0,FAN1,0,0,0,0,0.0,COILS,8,1,0,0,0.0,PUMP,0,0,0,0,0.0,INJECTOR,8,1,87,0,0.0,SERVO,1,1,15058,0,0.0,ADD 1,0,1,14856,0,0.0,ADD 2,0,1,14922,0,0.0,ADD 3,0,1,14872,0,0.0,ADD 4,0,1,14922,0,0.0,ADD 5,0,0,0,0,0.0,ADD 6,0,1,14944,0,0.0,ADD 7,0,0,0,0,0.0,EGT2CAN,0,1,14933,0,0.0
1778949460.3595214,0.0,14911,-51.0,0,-,0,0,0,0,0.0,-,0,0,0,0,0.0,ECU,1,1,14829,0,0.0,FAN1,0,0,0,0,0.0,COILS,8,1,0,0,0.0,PUMP,0,0,0,0,0.0,INJECTOR,8,1,65,0,0.0,SERVO,1,1,14829,0,0.0,ADD 1,0,1,14872,0,0.0,ADD 2,0,1,14905,0,0.0,ADD 3,0,1,14861,0,0.0,ADD 4,0,1,14834,0,0.0,ADD 5,0,0,0,0,0.0,ADD 6,0,1,14823,0,0.0,ADD 7,0,0,0,0,0.0,EGT2CAN,0,1,14872,0,0.0
1778949460.411011,0.0,14911,-51.0,0,-,0,0,0,0,0.0,-,0,0,0,0,0.0,ECU,1,1,14834,0,0.0,FAN1,0,0,0,0,0.0,COILS,8,1,0,0,0.0,PUMP,0,0,0,0,0.0,INJECTOR,8,1,92,0,0.0,SERVO,1,1,14851,0,0.0,ADD 1,0,1,15201,0,0.0,ADD 2,0,1,15190,0,0.0,ADD 3,0,1,15190,0,0.0,ADD 4,0,1,15146,0,0.0,ADD 5,0,0,0,0,0.0,ADD 6,0,1,15261,0,0.0,ADD 7,0,0,0,0,0.0,EGT2CAN,0,1,15190,0,0.0
1778949460.46409,0.0,15165,-52.0,0,-,0,0,0,0,0.0,-,0,0,0,0,0.0,ECU,1,1,15162,0,0.0,FAN1,0,0,0,0,0.0,COILS,8,1,0,0,0.0,PUMP,0,0,0,0,0.0,INJECTOR,8,1,98,0,0.0,SERVO,1,1,15064,0,0.0,ADD 1,0,1,15201,0,0.0,ADD 2,0,1,15190,0,0.0,ADD 3,0,1,15190,0,0.0,ADD 4,0,1,15146,0,0.0,ADD 5,0,0,0,0,0.0,ADD 6,0,1,15261,0,0.0,ADD 7,0,0,0,0,0.0,EGT2CAN,0,1,15190,0,0.0
1778949460.5160291,0.0,14868,-52.0,0,-,0,0,0,0,0.0,-,0,0,0,0,0.0,ECU,1,1,14922,0,0.0,FAN1,0,0,0,0,0.0,COILS,8,1,0,0,0.0,PUMP,0,0,0,0,0.0,INJECTOR,8,1,92,0,0.0,SERVO,1,1,15020,0,0.0,ADD 1,0,1,15009,0,0.0,ADD 2,0,1,15009,0,0.0,ADD 3,0,1,15042,0,0.0,ADD 4,0,1,15009,0,0.0,ADD 5,0,0,0,0,0.0,ADD 6,0,1,15146,0,0.0,ADD 7,0,0,0,0,0.0,EGT2CAN,0,1,15097,0,0.0
1778949460.5766704,0.0,14868,-52.0,0,-,0,0,0,0,0.0,-,0,0,0,0,0.0,ECU,1,1,14878,0,0.0,FAN1,0,0,0,0,0.0,COILS,8,1,0,0,0.0,PUMP,0,0,0,0,0.0,INJECTOR,8,1,98,0,0.0,SERVO,1,1,14807,0,0.0,ADD 1,0,1,15009,0,0.0,ADD 2,0,1,15009,0,0.0,ADD 3,0,1,15042,0,0.0,ADD 4,0,1,15009,0,0.0,ADD 5,0,0,0,0,0.0,ADD 6,0,1,15146,0,0.0,ADD 7,0,0,0,0,0.0,EGT2CAN,0,1,15097,0,0.0
1778949460.639742,0.0,15010,-51.0,0,-,0,0,0,0,0.0,-,0,0,0,0,0.0,ECU,1,1,15190,0,0.0,FAN1,0,0,0,0,0.0,COILS,8,1,0,0,0.0,PUMP,0,0,0,0,0.0,INJECTOR,8,1,98,0,0.0,SERVO,1,1,15037,0,0.0,ADD 1,0,1,15064,0,0.0,ADD 2,0,1,15091,0,0.0,ADD 3,0,1,15108,0,0.0,ADD 4,0,1,15047,0,0.0,ADD 5,0,0,0,0,0.0,ADD 6,0,1,15102,0,0.0,ADD 7,0,0,0,0,0.0,EGT2CAN,0,1,15146,0,0.0
1778949460.6906524,0.0,15010,-51.0,0,-,0,0,0,0,0.0,-,0,0,0,0,0.0,ECU,1,1,15190,0,0.0,FAN1,0,0,0,0,0.0,COILS,8,1,0,0,0.0,PUMP,0,0,0,0,0.0,INJECTOR,8,1,98,0,0.0,SERVO,1,1,15037,0,0.0,ADD 1,0,1,15064,0,0.0,ADD 2,0,1,15091,0,0.0,ADD 3,0,1,15108,0,0.0,ADD 4,0,1,15047,0,0.0,ADD 5,0,0,0,0,0.0,ADD 6,0,1,15102,0,0.0,ADD 7,0,0,0,0,0.0,EGT2CAN,0,1,15146,0,0.0
1778949460.742468,0.0,15010,-51.0,0,-,0,0,0,0,0.0,-,0,0,0,0,0.0,ECU,1,1,15053,0,0.0,FAN1,0,0,0,0,0.0,COILS,8,1,0,0,0.0,PUMP,0,0,0,0,0.0,INJECTOR,8,1,92,0,0.0,SERVO,1,1,15080,0,0.0,ADD 1,0,1,14840,0,0.0,ADD 2,0,1,14856,0,0.0,ADD 3,0,1,14872,0,0.0,ADD 4,0,1,14829,0,0.0,ADD 5,0,0,0,0,0.0,ADD 6,0,1,14889,0,0.0,ADD 7,0,0,0,0,0.0,EGT2CAN,0,1,14851,0,0.0
1778949460.7934697,0.0,14992,-52.0,0,-,0,0,0,0,0.0,-,0,0,0,0,0.0,ECU,1,1,14894,0,0.0,FAN1,0,0,0,0,0.0,COILS,8,1,0,0,0.0,PUMP,0,0,0,0,0.0,INJECTOR,8,1,109,0,0.0,SERVO,1,1,14878,0,0.0,ADD 1,0,1,15151,0,0.0,ADD 2,0,1,15233,0,0.0,ADD 3,0,1,15151,0,0.0,ADD 4,0,1,15130,0,0.0,ADD 5,0,0,0,0,0.0,ADD 6,0,1,15244,0,0.0,ADD 7,0,0,0,0,0.0,EGT2CAN,0,1,15223,0,0.0
1778949460.8448687,0.0,14992,-52.0,0,-,0,0,0,0,0.0,-,0,0,0,0,0.0,ECU,1,1,14894,0,0.0,FAN1,0,0,0,0,0.0,COILS,8,1,0,0,0.0,PUMP,0,0,0,0,0.0,INJECTOR,8,1,109,0,0.0,SERVO,1,1,14878,0,0.0,ADD 1,0,1,15151,0,0.0,ADD 2,0,1,15233,0,0.0,ADD 3,0,1,15151,0,0.0,ADD 4,0,1,15130,0,0.0,ADD 5,0,0,0,0,0.0,ADD 6,0,1,15244,0,0.0,ADD 7,0,0,0,0,0.0,EGT2CAN,0,1,15223,0,0.0
1778949460.895117,0.0,14992,-52.0,0,-,0,0,0,0,0.0,-,0,0,0,0,0.0,ECU,1,1,15168,0,0.0,FAN1,0,0,0,0,0.0,COILS,8,1,0,0,0.0,PUMP,0,0,0,0,0.0,INJECTOR,8,1,109,0,0.0,SERVO,1,1,15053,0,0.0,ADD 1,0,1,15069,0,0.0,ADD 2,0,1,15102,0,0.0,ADD 3,0,1,15026,0,0.0,ADD 4,0,1,15009,0,0.0,ADD 5,0,0,0,0,0.0,ADD 6,0,1,15037,0,0.0,ADD 7,0,0,0,0,0.0,EGT2CAN,0,1,14894,0,0.0
1778949460.955815,0.0,15190,-51.0,0,-,0,0,0,0,0.0,-,0,0,0,0,0.0,ECU,1,1,14856,0,0.0,FAN1,0,0,0,0,0.0,COILS,8,1,0,0,0.0,PUMP,0,0,0,0,0.0,INJECTOR,8,1,87,0,0.0,SERVO,1,1,14872,0,0.0,ADD 1,0,1,14894,0,0.0,ADD 2,0,1,14894,0,0.0,ADD 3,0,1,14861,0,0.0,ADD 4,0,1,14823,0,0.0,ADD 5,0,0,0,0,0.0,ADD 6,0,1,14894,0,0.0,ADD 7,0,0,0,0,0.0,EGT2CAN,0,1,14834,0,0.0
1778949461.006271,0.0,15190,-51.0,0,-,0,0,0,0,0.0,-,0,0,0,0,0.0,ECU,1,1,15157,0,0.0,FAN1,0,0,0,0,0.0,COILS,8,1,0,0,0.0,PUMP,0,0,0,0,0.0,INJECTOR,8,1,92,0,0.0,SERVO,1,1,15020,0,0.0,ADD 1,0,1,14894,0,0.0,ADD 2,0,1,14894,0,0.0,ADD 3,0,1,14861,0,0.0,ADD 4,0,1,14823,0,0.0,ADD 5,0,0,0,0,0.0,ADD 6,0,1,14894,0,0.0,ADD 7,0,0,0,0,0.0,EGT2CAN,0,1,14834,0,0.0
1778949461.057056,0.0,14985,-52.0,0,-,0,0,0,0,0.0,-,0,0,0,0,0.0,ECU,1,1,15140,0,0.0,FAN1,0,0,0,0,0.0,COILS,8,1,0,0,0.0,PUMP,0,0,0,0,0.0,INJECTOR,8,1,98,0,0.0,SERVO,1,1,14976,0,0.0,ADD 1,0,1,15124,0,0.0,ADD 2,0,1,15124,0,0.0,ADD 3,0,1,15113,0,0.0,ADD 4,0,1,15102,0,0.0,ADD 5,0,0,0,0,0.0,ADD 6,0,1,15173,0,0.0,ADD 7,0,0,0,0,0.0,EGT2CAN,0,1,15102,0,0.0
1778949461.123924,0.0,14862,-52.0,0,-,0,0,0,0,0.0,-,0,0,0,0,0.0,ECU,1,1,15031,0,0.0,FAN1,0,0,0,0,0.0,COILS,8,1,0,0,0.0,PUMP,0,0,0,0,0.0,INJECTOR,8,1,92,0,0.0,SERVO,1,1,15064,0,0.0,ADD 1,0,1,14834,0,0.0,ADD 2,0,1,14900,0,0.0,ADD 3,0,1,14834,0,0.0,ADD 4,0,1,14807,0,0.0,ADD 5,0,0,0,0,0.0,ADD 6,0,1,14845,0,0.0,ADD 7,0,0,0,0,0.0,EGT2CAN,0,1,14872,0,0.0
1778949461.1762373,0.0,14862,-52.0,0,-,0,0,0,0,0.0,-,0,0,0,0,0.0,ECU,1,1,14774,0,0.0,FAN1,0,0,0,0,0.0,COILS,8,1,0,0,0.0,PUMP,0,0,0,0,0.0,INJECTOR,8,1,87,0,0.0,SERVO,1,1,14790,0,0.0,ADD 1,0,1,14851,0,0.0,ADD 2,0,1,14872,0,0.0,ADD 3,0,1,14851,0,0.0,ADD 4,0,1,14834,0,0.0,ADD 5,0,0,0,0,0.0,ADD 6,0,1,14845,0,0.0,ADD 7,0,0,0,0,0.0,EGT2CAN,0,1,14872,0,0.0
1778949461.2267842,0.0,15134,-51.0,0,-,0,0,0,0,0.0,-,0,0,0,0,0.0,ECU,1,1,15064,0,0.0,FAN1,0,0,0,0,0.0,COILS,8,1,0,0,0.0,PUMP,0,0,0,0,0.0,INJECTOR,8,1,87,0,0.0,SERVO,1,1,14834,0,0.0,ADD 1,0,1,15162,0,0.0,ADD 2,0,1,15244,0,0.0,ADD 3,0,1,15195,0,0.0,ADD 4,0,1,15190,0,0.0,ADD 5,0,0,0,0,0.0,ADD 6,0,1,15212,0,0.0,ADD 7,0,0,0,0,0.0,EGT2CAN,0,1,15146,0,0.0
1778949461.277917,0.0,14893,-51.0,0,-,0,0,0,0,0.0,-,0,0,0,0,0.0,ECU,1,1,15064,0,0.0,FAN1,0,0,0,0,0.0,COILS,8,1,0,0,0.0,PUMP,0,0,0,0,0.0,INJECTOR,8,1,92,0,0.0,SERVO,1,1,15064,0,0.0,ADD 1,0,1,15108,0,0.0,ADD 2,0,1,15179,0,0.0,ADD 3,0,1,15135,0,0.0,ADD 4,0,1,15124,0,0.0,ADD 5,0,0,0,0,0.0,ADD 6,0,1,15130,0,0.0,ADD 7,0,0,0,0,0.0,EGT2CAN,0,1,15075,0,0.0
1778949461.3293004,0.0,14893,-51.0,0,-,0,0,0,0,0.0,-,0,0,0,0,0.0,ECU,1,1,15064,0,0.0,FAN1,0,0,0,0,0.0,COILS,8,1,0,0,0.0,PUMP,0,0,0,0,0.0,INJECTOR,8,1,92,0,0.0,SERVO,1,1,15064,0,0.0,ADD 1,0,1,15108,0,0.0,ADD 2,0,1,15179,0,0.0,ADD 3,0,1,15135,0,0.0,ADD 4,0,1,15124,0,0.0,ADD 5,0,0,0,0,0.0,ADD 6,0,1,15130,0,0.0,ADD 7,0,0,0,0,0.0,EGT2CAN,0,1,15075,0,0.0
1778949461.3807511,0.0,14905,-52.0,0,-,0,0,0,0,0.0,-,0,0,0,0,0.0,ECU,1,1,14840,0,0.0,FAN1,0,0,0,0,0.0,COILS,8,1,0,0,0.0,PUMP,0,0,0,0,0.0,INJECTOR,8,1,87,0,0.0,SERVO,1,1,14829,0,0.0,ADD 1,0,1,14872,0,0.0,ADD 2,0,1,14878,0,0.0,ADD 3,0,1,14867,0,0.0,ADD 4,0,1,14812,0,0.0,ADD 5,0,0,0,0,0.0,ADD 6,0,1,14916,0,0.0,ADD 7,0,0,0,0,0.0,EGT2CAN,0,1,14851,0,0.0
1778949461.4325845,0.0,14905,-52.0,0,-,0,0,0,0,0.0,-,0,0,0,0,0.0,ECU,1,1,14861,0,0.0,FAN1,0,0,0,0,0.0,COILS,8,1,0,0,0.0,PUMP,0,0,0,0,0.0,INJECTOR,8,1,82,0,0.0,SERVO,1,1,14785,0,0.0,ADD 1,0,1,15031,0,0.0,ADD 2,0,1,14944,0,0.0,ADD 3,0,1,14944,0,0.0,ADD 4,0,1,14916,0,0.0,ADD 5,0,0,0,0,0.0,ADD 6,0,1,14916,0,0.0,ADD 7,0,0,0,0,0.0,EGT2CAN,0,1,14851,0,0.0
1778949461.4918354,0.0,14818,-52.0,0,-,0,0,0,0,0.0,-,0,0,0,0,0.0,ECU,1,1,14834,0,0.0,FAN1,0,0,0,0,0.0,COILS,8,1,0,0,0.0,PUMP,0,0,0,0,0.0,INJECTOR,8,1,92,0,0.0,SERVO,1,1,14785,0,0.0,ADD 1,0,1,14812,0,0.0,ADD 2,0,1,14872,0,0.0,ADD 3,0,1,14807,0,0.0,ADD 4,0,1,14769,0,0.0,ADD 5,0,0,0,0,0.0,ADD 6,0,1,14900,0,0.0,ADD 7,0,0,0,0,0.0,EGT2CAN,0,1,14889,0,0.0
1778949461.5437727,0.0,14930,-51.0,0,-,0,0,0,0,0.0,-,0,0,0,0,0.0,ECU,1,1,14834,0,0.0,FAN1,0,0,0,0,0.0,COILS,8,1,0,0,0.0,PUMP,0,0,0,0,0.0,INJECTOR,8,1,92,0,0.0,SERVO,1,1,14785,0,0.0,ADD 1,0,1,14812,0,0.0,ADD 2,0,1,14872,0,0.0,ADD 3,0,1,14807,0,0.0,ADD 4,0,1,14769,0,0.0,ADD 5,0,0,0,0,0.0,ADD 6,0,1,14900,0,0.0,ADD 7,0,0,0,0,0.0,EGT2CAN,0,1,14889,0,0.0
1778949461.6084213,0.0,14930,-51.0,0,-,0,0,0,0,0.0,-,0,0,0,0,0.0,ECU,1,1,14829,0,0.0,FAN1,0,0,0,0,0.0,COILS,8,1,0,0,0.0,PUMP,0,0,0,0,0.0,INJECTOR,8,1,92,0,0.0,SERVO,1,1,14834,0,0.0,ADD 1,0,1,14801,0,0.0,ADD 2,0,1,14883,0,0.0,ADD 3,0,1,14801,0,0.0,ADD 4,0,1,14785,0,0.0,ADD 5,0,0,0,0,0.0,ADD 6,0,1,14812,0,0.0,ADD 7,0,0,0,0,0.0,EGT2CAN,0,1,14840,0,0.0
1778949461.6587515,0.0,14973,-52.0,0,-,0,0,0,0,0.0,-,0,0,0,0,0.0,ECU,1,1,14867,0,0.0,FAN1,0,0,0,0,0.0,COILS,8,1,0,0,0.0,PUMP,0,0,0,0,0.0,INJECTOR,8,1,98,0,0.0,SERVO,1,1,14801,0,0.0,ADD 1,0,1,15064,0,0.0,ADD 2,0,1,15102,0,0.0,ADD 3,0,1,15064,0,0.0,ADD 4,0,1,15031,0,0.0,ADD 5,0,0,0,0,0.0,ADD 6,0,1,15037,0,0.0,ADD 7,0,0,0,0,0.0,EGT2CAN,0,1,15058,0,0.0
1778949461.710175,0.0,14973,-52.0,0,-,0,0,0,0,0.0,-,0,0,0,0,0.0,ECU,1,1,15031,0,0.0,FAN1,0,0,0,0,0.0,COILS,8,1,0,0,0.0,PUMP,0,0,0,0,0.0,INJECTOR,8,1,98,0,0.0,SERVO,1,1,14801,0,0.0,ADD 1,0,1,15064,0,0.0,ADD 2,0,1,15102,0,0.0,ADD 3,0,1,15064,0,0.0,ADD 4,0,1,15031,0,0.0,ADD 5,0,0,0,0,0.0,ADD 6,0,1,15037,0,0.0,ADD 7,0,0,0,0,0.0,EGT2CAN,0,1,15058,0,0.0
1778949461.7608202,0.0,14973,-52.0,0,-,0,0,0,0,0.0,-,0,0,0,0,0.0,ECU,1,1,15031,0,0.0,FAN1,0,0,0,0,0.0,COILS,8,1,0,0,0.0,PUMP,0,0,0,0,0.0,INJECTOR,8,1,92,0,0.0,SERVO,1,1,15009,0,0.0,ADD 1,0,1,14801,0,0.0,ADD 2,0,1,14807,0,0.0,ADD 3,0,1,14829,0,0.0,ADD 4,0,1,14823,0,0.0,ADD 5,0,0,0,0,0.0,ADD 6,0,1,14872,0,0.0,ADD 7,0,0,0,0,0.0,EGT2CAN,0,1,14823,0,0.0
1778949461.8120825,0.0,15010,-51.0,0,-,0,0,0,0,0.0,-,0,0,0,0,0.0,ECU,1,1,14900,0,0.0,FAN1,0,0,0,0,0.0,COILS,8,1,0,0,0.0,PUMP,0,0,0,0,0.0,INJECTOR,8,1,98,0,0.0,SERVO,1,1,14872,0,0.0,ADD 1,0,1,14894,0,0.0,ADD 2,0,1,14851,0,0.0,ADD 3,0,1,14834,0,0.0,ADD 4,0,1,14851,0,0.0,ADD 5,0,0,0,0,0.0,ADD 6,0,1,14889,0,0.0,ADD 7,0,0,0,0,0.0,EGT2CAN,0,1,14818,0,0.0
1778949461.8635414,0.0,15010,-51.0,0,-,0,0,0,0,0.0,-,0,0,0,0,0.0,ECU,1,1,14900,0,0.0,FAN1,0,0,0,0,0.0,COILS,8,1,0,0,0.0,PUMP,0,0,0,0,0.0,INJECTOR,8,1,98,0,0.0,SERVO,1,1,14872,0,0.0,ADD 1,0,1,14894,0,0.0,ADD 2,0,1,14851,0,0.0,ADD 3,0,1,14834,0,0.0,ADD 4,0,1,14851,0,0.0,ADD 5,0,0,0,0,0.0,ADD 6,0,1,14889,0,0.0,ADD 7,0,0,0,0,0.0,EGT2CAN,0,1,14818,0,0.0
1778949461.9149086,0.0,15010,-51.0,0,-,0,0,0,0,0.0,-,0,0,0,0,0.0,ECU,1,1,15031,0,0.0,FAN1,0,0,0,0,0.0,COILS,8,1,0,0,0.0,PUMP,0,0,0,0,0.0,INJECTOR,8,1,87,0,0.0,SERVO,1,1,15097,0,0.0,ADD 1,0,1,15151,0,0.0,ADD 2,0,1,15157,0,0.0,ADD 3,0,1,15080,0,0.0,ADD 4,0,1,15080,0,0.0,ADD 5,0,0,0,0,0.0,ADD 6,0,1,15223,0,0.0,ADD 7,0,0,0,0,0.0,EGT2CAN,0,1,15168,0,0.0
1778949461.9698281,0.0,14998,-52.0,0,-,0,0,0,0,0.0,-,0,0,0,0,0.0,ECU,1,1,14889,0,0.0,FAN1,0,0,0,0,0.0,COILS,8,1,0,0,0.0,PUMP,0,0,0,0,0.0,INJECTOR,8,1,92,0,0.0,SERVO,1,1,14867,0,0.0,ADD 1,0,1,14829,0,0.0,ADD 2,0,1,14829,0,0.0,ADD 3,0,1,14807,0,0.0,ADD 4,0,1,14818,0,0.0,ADD 5,0,0,0,0,0.0,ADD 6,0,1,14894,0,0.0,ADD 7,0,0,0,0,0.0,EGT2CAN,0,1,14834,0,0.0
1778949462.0275724,0.0,14998,-52.0,0,-,0,0,0,0,0.0,-,0,0,0,0,0.0,ECU,1,1,15239,0,0.0,FAN1,0,0,0,0,0.0,COILS,8,1,0,0,0.0,PUMP,0,0,0,0,0.0,INJECTOR,8,1,92,0,0.0,SERVO,1,1,14867,0,0.0,ADD 1,0,1,14829,0,0.0,ADD 2,0,1,14829,0,0.0,ADD 3,0,1,14807,0,0.0,ADD 4,0,1,14818,0,0.0,ADD 5,0,0,0,0,0.0,ADD 6,0,1,14894,0,0.0,ADD 7,0,0,0,0,0.0,EGT2CAN,0,1,14834,0,0.0
1778949462.0897415,0.0,15010,-52.0,0,-,0,0,0,0,0.0,-,0,0,0,0,0.0,ECU,1,1,15075,0,0.0,FAN1,0,0,0,0,0.0,COILS,8,1,0,0,0.0,PUMP,0,0,0,0,0.0,INJECTOR,8,1,92,0,0.0,SERVO,1,1,15102,0,0.0,ADD 1,0,1,14851,0,0.0,ADD 2,0,1,14851,0,0.0,ADD 3,0,1,14856,0,0.0,ADD 4,0,1,14796,0,0.0,ADD 5,0,0,0,0,0.0,ADD 6,0,1,15064,0,0.0,ADD 7,0,0,0,0,0.0,EGT2CAN,0,1,15053,0,0.0
1778949462.1411257,0.0,14837,-51.0,0,-,0,0,0,0,0.0,-,0,0,0,0,0.0,ECU,1,1,15075,0,0.0,FAN1,0,0,0,0,0.0,COILS,8,1,0,0,0.0,PUMP,0,0,0,0,0.0,INJECTOR,8,1,92,0,0.0,SERVO,1,1,15102,0,0.0,ADD 1,0,1,14851,0,0.0,ADD 2,0,1,14851,0,0.0,ADD 3,0,1,14856,0,0.0,ADD 4,0,1,14796,0,0.0,ADD 5,0,0,0,0,0.0,ADD 6,0,1,14818,0,0.0,ADD 7,0,0,0,0,0.0,EGT2CAN,0,1,14807,0,0.0
1778949462.193165,0.0,14837,-51.0,0,-,0,0,0,0,0.0,-,0,0,0,0,0.0,ECU,1,1,14883,0,0.0,FAN1,0,0,0,0,0.0,COILS,8,1,0,0,0.0,PUMP,0,0,0,0,0.0,INJECTOR,8,1,92,0,0.0,SERVO,1,1,14856,0,0.0,ADD 1,0,1,14944,0,0.0,ADD 2,0,1,14971,0,0.0,ADD 3,0,1,14916,0,0.0,ADD 4,0,1,14894,0,0.0,ADD 5,0,0,0,0,0.0,ADD 6,0,1,14867,0,0.0,ADD 7,0,0,0,0,0.0,EGT2CAN,0,1,14916,0,0.0
1778949462.2559092,0.0,15035,-52.0,0,-,0,0,0,0,0.0,-,0,0,0,0,0.0,ECU,1,1,15223,0,0.0,FAN1,0,0,0,0,0.0,COILS,8,1,0,0,0.0,PUMP,0,0,0,0,0.0,INJECTOR,8,1,87,0,0.0,SERVO,1,1,14944,0,0.0,ADD 1,0,1,15053,0,0.0,ADD 2,0,1,14944,0,0.0,ADD 3,0,1,14949,0,0.0,ADD 4,0,1,14944,0,0.0,ADD 5,0,0,0,0,0.0,ADD 6,0,1,14944,0,0.0,ADD 7,0,0,0,0,0.0,EGT2CAN,0,1,14916,0,0.0
1778949462.307145,0.0,15029,-52.0,0,-,0,0,0,0,0.0,-,0,0,0,0,0.0,ECU,1,1,15037,0,0.0,FAN1,0,0,0,0,0.0,COILS,8,1,0,0,0.0,PUMP,0,0,0,0,0.0,INJECTOR,8,1,87,0,0.0,SERVO,1,1,15037,0,0.0,ADD 1,0,1,15108,0,0.0,ADD 2,0,1,15108,0,0.0,ADD 3,0,1,15146,0,0.0,ADD 4,0,1,15058,0,0.0,ADD 5,0,0,0,0,0.0,ADD 6,0,1,14944,0,0.0,ADD 7,0,0,0,0,0.0,EGT2CAN,0,1,14916,0,0.0
1778949462.3583903,0.0,14843,-52.0,0,-,0,0,0,0,0.0,-,0,0,0,0,0.0,ECU,1,1,15037,0,0.0,FAN1,0,0,0,0,0.0,COILS,8,1,0,0,0.0,PUMP,0,0,0,0,0.0,INJECTOR,8,1,87,0,0.0,SERVO,1,1,15037,0,0.0,ADD 1,0,1,15108,0,0.0,ADD 2,0,1,15108,0,0.0,ADD 3,0,1,15146,0,0.0,ADD 4,0,1,15058,0,0.0,ADD 5,0,0,0,0,0.0,ADD 6,0,1,15162,0,0.0,ADD 7,0,0,0,0,0.0,EGT2CAN,0,1,15173,0,0.0
1778949462.415117,0.0,14992,-52.0,0,-,0,0,0,0,0.0,-,0,0,0,0,0.0,ECU,1,1,14894,0,0.0,FAN1,0,0,0,0,0.0,COILS,8,1,0,0,0.0,PUMP,0,0,0,0,0.0,INJECTOR,8,1,98,0,0.0,SERVO,1,1,14889,0,0.0,ADD 1,0,1,14894,0,0.0,ADD 2,0,1,14922,0,0.0,ADD 3,0,1,14872,0,0.0,ADD 4,0,1,14851,0,0.0,ADD 5,0,0,0,0,0.0,ADD 6,0,1,14905,0,0.0,ADD 7,0,0,0,0,0.0,EGT2CAN,0,1,14922,0,0.0
1778949462.4770555,0.0,14992,-52.0,0,-,0,0,0,0,0.0,-,0,0,0,0,0.0,ECU,1,1,15004,0,0.0,FAN1,0,0,0,0,0.0,COILS,8,1,0,0,0.0,PUMP,0,0,0,0,0.0,INJECTOR,8,1,98,0,0.0,SERVO,1,1,14889,0,0.0,ADD 1,0,1,14894,0,0.0,ADD 2,0,1,14922,0,0.0,ADD 3,0,1,14872,0,0.0,ADD 4,0,1,14851,0,0.0,ADD 5,0,0,0,0,0.0,ADD 6,0,1,14905,0,0.0,ADD 7,0,0,0,0,0.0,EGT2CAN,0,1,14922,0,0.0
1778949462.5279622,0.0,15159,-52.0,0,-,0,0,0,0,0.0,-,0,0,0,0,0.0,ECU,1,1,14916,0,0.0,FAN1,0,0,0,0,0.0,COILS,8,1,0,0,0.0,PUMP,0,0,0,0,0.0,INJECTOR,8,1,92,0,0.0,SERVO,1,1,14889,0,0.0,ADD 1,0,1,15228,0,0.0,ADD 2,0,1,15266,0,0.0,ADD 3,0,1,15195,0,0.0,ADD 4,0,1,15135,0,0.0,ADD 5,0,0,0,0,0.0,ADD 6,0,1,15151,0,0.0,ADD 7,0,0,0,0,0.0,EGT2CAN,0,1,15151,0,0.0
1778949462.5790694,0.0,14862,-51.0,0,-,0,0,0,0,0.0,-,0,0,0,0,0.0,ECU,1,1,15124,0,0.0,FAN1,0,0,0,0,0.0,COILS,8,1,0,0,0.0,PUMP,0,0,0,0,0.0,INJECTOR,8,1,98,0,0.0,SERVO,1,1,15075,0,0.0,ADD 1,0,1,14867,0,0.0,ADD 2,0,1,14845,0,0.0,ADD 3,0,1,14872,0,0.0,ADD 4,0,1,14851,0,0.0,ADD 5,0,0,0,0,0.0,ADD 6,0,1,14807,0,0.0,ADD 7,0,0,0,0,0.0,EGT2CAN,0,1,14807,0,0.0
1778949462.6323142,0.0,14862,-51.0,0,-,0,0,0,0,0.0,-,0,0,0,0,0.0,ECU,1,1,14790,0,0.0,FAN1,0,0,0,0,0.0,COILS,8,1,0,0,0.0,PUMP,0,0,0,0,0.0,INJECTOR,8,1,125,0,0.0,SERVO,1,1,14905,0,0.0,ADD 1,0,1,14861,0,0.0,ADD 2,0,1,14872,0,0.0,ADD 3,0,1,14840,0,0.0,ADD 4,0,1,14829,0,0.0,ADD 5,0,0,0,0,0.0,ADD 6,0,1,14807,0,0.0,ADD 7,0,0,0,0,0.0,EGT2CAN,0,1,14807,0,0.0
1778949462.6834571,0.0,14973,-51.0,0,-,0,0,0,0,0.0,-,0,0,0,0,0.0,ECU,1,1,14829,0,0.0,FAN1,0,0,0,0,0.0,COILS,8,1,0,0,0.0,PUMP,0,0,0,0,0.0,INJECTOR,8,1,92,0,0.0,SERVO,1,1,14851,0,0.0,ADD 1,0,1,15015,0,0.0,ADD 2,0,1,14987,0,0.0,ADD 3,0,1,14954,0,0.0,ADD 4,0,1,14872,0,0.0,ADD 5,0,0,0,0,0.0,ADD 6,0,1,14905,0,0.0,ADD 7,0,0,0,0,0.0,EGT2CAN,0,1,14905,0,0.0
1778949462.7348373,0.0,15091,-51.0,0,-,0,0,0,0,0.0,-,0,0,0,0,0.0,ECU,1,1,14845,0,0.0,FAN1,0,0,0,0,0.0,COILS,8,1,0,0,0.0,PUMP,0,0,0,0,0.0,INJECTOR,8,1,87,0,0.0,SERVO,1,1,14851,0,0.0,ADD 1,0,1,15140,0,0.0,ADD 2,0,1,15206,0,0.0,ADD 3,0,1,15162,0,0.0,ADD 4,0,1,15162,0,0.0,ADD 5,0,0,0,0,0.0,ADD 6,0,1,15206,0,0.0,ADD 7,0,0,0,0,0.0,EGT2CAN,0,1,15124,0,0.0
1778949462.7874193,0.0,15091,-51.0,0,-,0,0,0,0,0.0,-,0,0,0,0,0.0,ECU,1,1,15250,0,0.0,FAN1,0,0,0,0,0.0,COILS,8,1,0,0,0.0,PUMP,0,0,0,0,0.0,INJECTOR,8,1,98,0,0.0,SERVO,1,1,15146,0,0.0,ADD 1,0,1,15217,0,0.0,ADD 2,0,1,15250,0,0.0,ADD 3,0,1,15206,0,0.0,ADD 4,0,1,15179,0,0.0,ADD 5,0,0,0,0,0.0,ADD 6,0,1,15206,0,0.0,ADD 7,0,0,0,0,0.0,EGT2CAN,0,1,15124,0,0.0
1778949462.838056,0.0,14874,-52.0,0,-,0,0,0,0,0.0,-,0,0,0,0,0.0,ECU,1,1,14894,0,0.0,FAN1,0,0,0,0,0.0,COILS,8,1,0,0,0.0,PUMP,0,0,0,0,0.0,INJECTOR,8,1,87,0,0.0,SERVO,1,1,14933,0,0.0,ADD 1,0,1,14965,0,0.0,ADD 2,0,1,14993,0,0.0,ADD 3,0,1,14944,0,0.0,ADD 4,0,1,14905,0,0.0,ADD 5,0,0,0,0,0.0,ADD 6,0,1,14954,0,0.0,ADD 7,0,0,0,0,0.0,EGT2CAN,0,1,14949,0,0.0
1778949462.9048474,0.0,14874,-52.0,0,-,0,0,0,0,0.0,-,0,0,0,0,0.0,ECU,1,1,14818,0,0.0,FAN1,0,0,0,0,0.0,COILS,8,1,0,0,0.0,PUMP,0,0,0,0,0.0,INJECTOR,8,1,98,0,0.0,SERVO,1,1,14840,0,0.0,ADD 1,0,1,14872,0,0.0,ADD 2,0,1,14851,0,0.0,ADD 3,0,1,14872,0,0.0,ADD 4,0,1,14807,0,0.0,ADD 5,0,0,0,0,0.0,ADD 6,0,1,14834,0,0.0,ADD 7,0,0,0,0,0.0,EGT2CAN,0,1,14834,0,0.0
1778949462.9560194,0.0,15115,-51.0,0,-,0,0,0,0,0.0,-,0,0,0,0,0.0,ECU,1,1,14916,0,0.0,FAN1,0,0,0,0,0.0,COILS,8,1,0,0,0.0,PUMP,0,0,0,0,0.0,INJECTOR,8,1,92,0,0.0,SERVO,1,1,14823,0,0.0,ADD 1,0,1,15190,0,0.0,ADD 2,0,1,15206,0,0.0,ADD 3,0,1,15135,0,0.0,ADD 4,0,1,15102,0,0.0,ADD 5,0,0,0,0,0.0,ADD 6,0,1,15173,0,0.0,ADD 7,0,0,0,0,0.0,EGT2CAN,0,1,15168,0,0.0
1778949463.0070364,0.0,15115,-51.0,0,-,0,0,0,0,0.0,-,0,0,0,0,0.0,ECU,1,1,14916,0,0.0,FAN1,0,0,0,0,0.0,COILS,8,1,0,0,0.0,PUMP,0,0,0,0,0.0,INJECTOR,8,1,92,0,0.0,SERVO,1,1,14823,0,0.0,ADD 1,0,1,15190,0,0.0,ADD 2,0,1,15206,0,0.0,ADD 3,0,1,15135,0,0.0,ADD 4,0,1,15102,0,0.0,ADD 5,0,0,0,0,0.0,ADD 6,0,1,15173,0,0.0,ADD 7,0,0,0,0,0.0,EGT2CAN,0,1,15168,0,0.0
1778949463.0579278,0.0,15115,-51.0,0,-,0,0,0,0,0.0,-,0,0,0,0,0.0,ECU,1,1,15223,0,0.0,FAN1,0,0,0,0,0.0,COILS,8,1,0,0,0.0,PUMP,0,0,0,0,0.0,INJECTOR,8,1,87,0,0.0,SERVO,1,1,15212,0,0.0,ADD 1,0,1,15190,0,0.0,ADD 2,0,1,15206,0,0.0,ADD 3,0,1,15135,0,0.0,ADD 4,0,1,15102,0,0.0,ADD 5,0,0,0,0,0.0,ADD 6,0,1,15173,0,0.0,ADD 7,0,0,0,0,0.0,EGT2CAN,0,1,15168,0,0.0
1778949463.1081429,0.0,14942,-52.0,0,-,0,0,0,0,0.0,-,0,0,0,0,0.0,ECU,1,1,14851,0,0.0,FAN1,0,0,0,0,0.0,COILS,8,1,0,0,0.0,PUMP,0,0,0,0,0.0,INJECTOR,8,1,82,0,0.0,SERVO,1,1,14834,0,0.0,ADD 1,0,1,15015,0,0.0,ADD 2,0,1,14982,0,0.0,ADD 3,0,1,14960,0,0.0,ADD 4,0,1,14927,0,0.0,ADD 5,0,0,0,0,0.0,ADD 6,0,1,14971,0,0.0,ADD 7,0,0,0,0,0.0,EGT2CAN,0,1,14861,0,0.0
1778949463.1590476,0.0,14942,-52.0,0,-,0,0,0,0,0.0,-,0,0,0,0,0.0,ECU,1,1,14851,0,0.0,FAN1,0,0,0,0,0.0,COILS,8,1,0,0,0.0,PUMP,0,0,0,0,0.0,INJECTOR,8,1,82,0,0.0,SERVO,1,1,14834,0,0.0,ADD 1,0,1,15015,0,0.0,ADD 2,0,1,14982,0,0.0,ADD 3,0,1,14960,0,0.0,ADD 4,0,1,14927,0,0.0,ADD 5,0,0,0,0,0.0,ADD 6,0,1,14971,0,0.0,ADD 7,0,0,0,0,0.0,EGT2CAN,0,1,14861,0,0.0
1778949463.211538,0.0,14942,-52.0,0,-,0,0,0,0,0.0,-,0,0,0,0,0.0,ECU,1,1,15053,0,0.0,FAN1,0,0,0,0,0.0,COILS,8,1,0,0,0.0,PUMP,0,0,0,0,0.0,INJECTOR,8,1,87,0,0.0,SERVO,1,1,14872,0,0.0,ADD 1,0,1,14883,0,0.0,ADD 2,0,1,14938,0,0.0,ADD 3,0,1,14916,0,0.0,ADD 4,0,1,14861,0,0.0,ADD 5,0,0,0,0,0.0,ADD 6,0,1,14922,0,0.0,ADD 7,0,0,0,0,0.0,EGT2CAN,0,1,14889,0,0.0
1778949463.2730474,0.0,14967,-51.0,0,-,0,0,0,0,0.0,-,0,0,0,0,0.0,ECU,1,1,14812,0,0.0,FAN1,0,0,0,0,0.0,COILS,8,1,0,0,0.0,PUMP,0,0,0,0,0.0,INJECTOR,8,1,82,0,0.0,SERVO,1,1,14796,0,0.0,ADD 1,0,1,14818,0,0.0,ADD 2,0,1,14872,0,0.0,ADD 3,0,1,14818,0,0.0,ADD 4,0,1,14829,0,0.0,ADD 5,0,0,0,0,0.0,ADD 6,0,1,14872,0,0.0,ADD 7,0,0,0,0,0.0,EGT2CAN,0,1,14834,0,0.0
1778949463.3268754,0.0,14967,-51.0,0,-,0,0,0,0,0.0,-,0,0,0,0,0.0,ECU,1,1,14812,0,0.0,FAN1,0,0,0,0,0.0,COILS,8,1,0,0,0.0,PUMP,0,0,0,0,0.0,INJECTOR,8,1,82,0,0.0,SERVO,1,1,14796,0,0.0,ADD 1,0,1,14818,0,0.0,ADD 2,0,1,14872,0,0.0,ADD 3,0,1,14818,0,0.0,ADD 4,0,1,14829,0,0.0,ADD 5,0,0,0,0,0.0,ADD 6,0,1,14872,0,0.0,ADD 7,0,0,0,0,0.0,EGT2CAN,0,1,14834,0,0.0
1778949463.3774343,0.0,15004,-51.0,0,-,0,0,0,0,0.0,-,0,0,0,0,0.0,ECU,1,1,14900,0,0.0,FAN1,0,0,0,0,0.0,COILS,8,1,0,0,0.0,PUMP,0,0,0,0,0.0,INJECTOR,8,1,98,0,0.0,SERVO,1,1,14905,0,0.0,ADD 1,0,1,14900,0,0.0,ADD 2,0,1,14889,0,0.0,ADD 3,0,1,14872,0,0.0,ADD 4,0,1,14790,0,0.0,ADD 5,0,0,0,0,0.0,ADD 6,0,1,14889,0,0.0,ADD 7,0,0,0,0,0.0,EGT2CAN,0,1,14911,0,0.0
1778949463.4365013,0.0,15122,-52.0,0,-,0,0,0,0,0.0,-,0,0,0,0,0.0,ECU,1,1,14938,0,0.0,FAN1,0,0,0,0,0.0,COILS,8,1,0,0,0.0,PUMP,0,0,0,0,0.0,INJECTOR,8,1,92,0,0.0,SERVO,1,1,14845,0,0.0,ADD 1,0,1,15058,0,0.0,ADD 2,0,1,15069,0,0.0,ADD 3,0,1,15042,0,0.0,ADD 4,0,1,15009,0,0.0,ADD 5,0,0,0,0,0.0,ADD 6,0,1,15151,0,0.0,ADD 7,0,0,0,0,0.0,EGT2CAN,0,1,15146,0,0.0
1778949463.493402,0.0,15122,-52.0,0,-,0,0,0,0,0.0,-,0,0,0,0,0.0,ECU,1,1,15157,0,0.0,FAN1,0,0,0,0,0.0,COILS,8,1,0,0,0.0,PUMP,0,0,0,0,0.0,INJECTOR,8,1,87,0,0.0,SERVO,1,1,15124,0,0.0,ADD 1,0,1,14894,0,0.0,ADD 2,0,1,14867,0,0.0,ADD 3,0,1,14851,0,0.0,ADD 4,0,1,14829,0,0.0,ADD 5,0,0,0,0,0.0,ADD 6,0,1,14900,0,0.0,ADD 7,0,0,0,0,0.0,EGT2CAN,0,1,14851,0,0.0
1778949463.5437067,0.0,14905,-52.0,0,-,0,0,0,0,0.0,-,0,0,0,0,0.0,ECU,1,1,14883,0,0.0,FAN1,0,0,0,0,0.0,COILS,8,1,0,0,0.0,PUMP,0,0,0,0,0.0,INJECTOR,8,1,87,0,0.0,SERVO,1,1,14851,0,0.0,ADD 1,0,1,15212,0,0.0,ADD 2,0,1,15212,0,0.0,ADD 3,0,1,15233,0,0.0,ADD 4,0,1,15168,0,0.0,ADD 5,0,0,0,0,0.0,ADD 6,0,1,15217,0,0.0,ADD 7,0,0,0,0,0.0,EGT2CAN,0,1,15233,0,0.0
1778949463.5947337,0.0,15190,-52.0,0,-,0,0,0,0,0.0,-,0,0,0,0,0.0,ECU,1,1,14883,0,0.0,FAN1,0,0,0,0,0.0,COILS,8,1,0,0,0.0,PUMP,0,0,0,0,0.0,INJECTOR,8,1,87,0,0.0,SERVO,1,1,14851,0,0.0,ADD 1,0,1,15212,0,0.0,ADD 2,0,1,15212,0,0.0,ADD 3,0,1,15233,0,0.0,ADD 4,0,1,15168,0,0.0,ADD 5,0,0,0,0,0.0,ADD 6,0,1,15217,0,0.0,ADD 7,0,0,0,0,0.0,EGT2CAN,0,1,15233,0,0.0
1778949463.6457705,0.0,15190,-52.0,0,-,0,0,0,0,0.0,-,0,0,0,0,0.0,ECU,1,1,15069,0,0.0,FAN1,0,0,0,0,0.0,COILS,8,1,0,0,0.0,PUMP,0,0,0,0,0.0,INJECTOR,8,1,92,0,0.0,SERVO,1,1,14785,0,0.0,ADD 1,0,1,14818,0,0.0,ADD 2,0,1,14911,0,0.0,ADD 3,0,1,14851,0,0.0,ADD 4,0,1,14872,0,0.0,ADD 5,0,0,0,0,0.0,ADD 6,0,1,15217,0,0.0,ADD 7,0,0,0,0,0.0,EGT2CAN,0,1,15233,0,0.0
1778949463.6961002,0.0,14880,-53.0,0,-,0,0,0,0,0.0,-,0,0,0,0,0.0,ECU,1,1,14834,0,0.0,FAN1,0,0,0,0,0.0,COILS,8,1,0,0,0.0,PUMP,0,0,0,0,0.0,INJECTOR,8,1,92,0,0.0,SERVO,1,1,14851,0,0.0,ADD 1,0,1,14883,0,0.0,ADD 2,0,1,14861,0,0.0,ADD 3,0,1,14840,0,0.0,ADD 4,0,1,14785,0,0.0,ADD 5,0,0,0,0,0.0,ADD 6,0,1,14872,0,0.0,ADD 7,0,0,0,0,0.0,EGT2CAN,0,1,14872,0,0.0
1778949463.7474031,0.0,14930,-51.0,0,-,0,0,0,0,0.0,-,0,0,0,0,0.0,ECU,1,1,14834,0,0.0,FAN1,0,0,0,0,0.0,COILS,8,1,0,0,0.0,PUMP,0,0,0,0,0.0,INJECTOR,8,1,92,0,0.0,SERVO,1,1,14851,0,0.0,ADD 1,0,1,14883,0,0.0,ADD 2,0,1,14861,0,0.0,ADD 3,0,1,14840,0,0.0,ADD 4,0,1,14785,0,0.0,ADD 5,0,0,0,0,0.0,ADD 6,0,1,14872,0,0.0,ADD 7,0,0,0,0,0.0,EGT2CAN,0,1,14872,0,0.0
1778949463.797996,0.0,14930,-51.0,0,-,0,0,0,0,0.0,-,0,0,0,0,0.0,ECU,1,1,14861,0,0.0,FAN1,0,0,0,0,0.0,COILS,8,1,0,0,0.0,PUMP,0,0,0,0,0.0,INJECTOR,8,1,98,0,0.0,SERVO,1,1,14812,0,0.0,ADD 1,0,1,14872,0,0.0,ADD 2,0,1,14856,0,0.0,ADD 3,0,1,14790,0,0.0,ADD 4,0,1,14752,0,0.0,ADD 5,0,0,0,0,0.0,ADD 6,0,1,14905,0,0.0,ADD 7,0,0,0,0,0.0,EGT2CAN,0,1,14872,0,0.0
1778949463.8566916,0.0,14985,-52.0,0,-,0,0,0,0,0.0,-,0,0,0,0,0.0,ECU,1,1,14856,0,0.0,FAN1,0,0,0,0,0.0,COILS,8,1,0,0,0.0,PUMP,0,0,0,0,0.0,INJECTOR,8,1,92,0,0.0,SERVO,1,1,14861,0,0.0,ADD 1,0,1,15130,0,0.0,ADD 2,0,1,15184,0,0.0,ADD 3,0,1,15140,0,0.0,ADD 4,0,1,15146,0,0.0,ADD 5,0,0,0,0,0.0,ADD 6,0,1,15190,0,0.0,ADD 7,0,0,0,0,0.0,EGT2CAN,0,1,15157,0,0.0
1778949463.9070263,0.0,15060,-52.0,0,-,0,0,0,0,0.0,-,0,0,0,0,0.0,ECU,1,1,15239,0,0.0,FAN1,0,0,0,0,0.0,COILS,8,1,0,0,0.0,PUMP,0,0,0,0,0.0,INJECTOR,8,1,92,0,0.0,SERVO,1,1,14861,0,0.0,ADD 1,0,1,15130,0,0.0,ADD 2,0,1,15184,0,0.0,ADD 3,0,1,15140,0,0.0,ADD 4,0,1,15146,0,0.0,ADD 5,0,0,0,0,0.0,ADD 6,0,1,15190,0,0.0,ADD 7,0,0,0,0,0.0,EGT2CAN,0,1,15157,0,0.0
1778949463.9584134,0.0,15060,-52.0,0,-,0,0,0,0,0.0,-,0,0,0,0,0.0,ECU,1,1,15239,0,0.0,FAN1,0,0,0,0,0.0,COILS,8,1,0,0,0.0,PUMP,0,0,0,0,0.0,INJECTOR,8,1,136,0,0.0,SERVO,1,1,15173,0,0.0,ADD 1,0,1,14976,0,0.0,ADD 2,0,1,15031,0,0.0,ADD 3,0,1,15020,0,0.0,ADD 4,0,1,15026,0,0.0,ADD 5,0,0,0,0,0.0,ADD 6,0,1,15113,0,0.0,ADD 7,0,0,0,0,0.0,EGT2CAN,0,1,15031,0,0.0
1778949464.0166779,0.0,14992,-52.0,0,-,0,0,0,0,0.0,-,0,0,0,0,0.0,ECU,1,1,14883,0,0.0,FAN1,0,0,0,0,0.0,COILS,8,1,0,0,0.0,PUMP,0,0,0,0,0.0,INJECTOR,8,1,87,0,0.0,SERVO,1,1,14829,0,0.0,ADD 1,0,1,15058,0,0.0,ADD 2,0,1,15075,0,0.0,ADD 3,0,1,14960,0,0.0,ADD 4,0,1,14944,0,0.0,ADD 5,0,0,0,0,0.0,ADD 6,0,1,15026,0,0.0,ADD 7,0,0,0,0,0.0,EGT2CAN,0,1,14965,0,0.0
1778949464.0827055,0.0,14992,-52.0,0,-,0,0,0,0,0.0,-,0,0,0,0,0.0,ECU,1,1,15108,0,0.0,FAN1,0,0,0,0,0.0,COILS,8,1,0,0,0.0,PUMP,0,0,0,0,0.0,INJECTOR,8,1,98,0,0.0,SERVO,1,1,14829,0,0.0,ADD 1,0,1,15058,0,0.0,ADD 2,0,1,15075,0,0.0,ADD 3,0,1,14960,0,0.0,ADD 4,0,1,14944,0,0.0,ADD 5,0,0,0,0,0.0,ADD 6,0,1,15026,0,0.0,ADD 7,0,0,0,0,0.0,EGT2CAN,0,1,14965,0,0.0
1778949464.142197,0.0,14886,-54.0,0,-,0,0,0,0,0.0,-,0,0,0,0,0.0,ECU,1,1,15015,0,0.0,FAN1,0,0,0,0,0.0,COILS,8,1,0,0,0.0,PUMP,0,0,0,0,0.0,INJECTOR,8,1,114,0,0.0,SERVO,1,1,14987,0,0.0,ADD 1,0,1,15108,0,0.0,ADD 2,0,1,15146,0,0.0,ADD 3,0,1,15119,0,0.0,ADD 4,0,1,15097,0,0.0,ADD 5,0,0,0,0,0.0,ADD 6,0,1,15151,0,0.0,ADD 7,0,0,0,0,0.0,EGT2CAN,0,1,15146,0,0.0
1778949464.2070236,0.0,14893,-52.0,0,-,0,0,0,0,0.0,-,0,0,0,0,0.0,ECU,1,1,14840,0,0.0,FAN1,0,0,0,0,0.0,COILS,8,1,0,0,0.0,PUMP,0,0,0,0,0.0,INJECTOR,8,1,82,0,0.0,SERVO,1,1,14851,0,0.0,ADD 1,0,1,14851,0,0.0,ADD 2,0,1,14900,0,0.0,ADD 3,0,1,14851,0,0.0,ADD 4,0,1,14807,0,0.0,ADD 5,0,0,0,0,0.0,ADD 6,0,1,14851,0,0.0,ADD 7,0,0,0,0,0.0,EGT2CAN,0,1,14845,0,0.0
1778949464.2580035,0.0,15047,-51.0,0,-,0,0,0,0,0.0,-,0,0,0,0,0.0,ECU,1,1,14889,0,0.0,FAN1,0,0,0,0,0.0,COILS,8,1,0,0,0.0,PUMP,0,0,0,0,0.0,INJECTOR,8,1,87,0,0.0,SERVO,1,1,14861,0,0.0,ADD 1,0,1,15168,0,0.0,ADD 2,0,1,15135,0,0.0,ADD 3,0,1,15119,0,0.0,ADD 4,0,1,15097,0,0.0,ADD 5,0,0,0,0,0.0,ADD 6,0,1,15135,0,0.0,ADD 7,0,0,0,0,0.0,EGT2CAN,0,1,15086,0,0.0
1778949464.310774,0.0,15047,-51.0,0,-,0,0,0,0,0.0,-,0,0,0,0,0.0,ECU,1,1,14889,0,0.0,FAN1,0,0,0,0,0.0,COILS,8,1,0,0,0.0,PUMP,0,0,0,0,0.0,INJECTOR,8,1,87,0,0.0,SERVO,1,1,14861,0,0.0,ADD 1,0,1,15168,0,0.0,ADD 2,0,1,15135,0,0.0,ADD 3,0,1,15119,0,0.0,ADD 4,0,1,15097,0,0.0,ADD 5,0,0,0,0,0.0,ADD 6,0,1,15135,0,0.0,ADD 7,0,0,0,0,0.0,EGT2CAN,0,1,15086,0,0.0
1778949464.3612096,0.0,15047,-51.0,0,-,0,0,0,0,0.0,-,0,0,0,0,0.0,ECU,1,1,15244,0,0.0,FAN1,0,0,0,0,0.0,COILS,8,1,0,0,0.0,PUMP,0,0,0,0,0.0,INJECTOR,8,1,98,0,0.0,SERVO,1,1,15102,0,0.0,ADD 1,0,1,15053,0,0.0,ADD 2,0,1,15102,0,0.0,ADD 3,0,1,15064,0,0.0,ADD 4,0,1,15053,0,0.0,ADD 5,0,0,0,0,0.0,ADD 6,0,1,15135,0,0.0,ADD 7,0,0,0,0,0.0,EGT2CAN,0,1,15102,0,0.0
1778949464.4191263,0.0,14911,-51.0,0,-,0,0,0,0,0.0,-,0,0,0,0,0.0,ECU,1,1,14878,0,0.0,FAN1,0,0,0,0,0.0,COILS,8,1,0,0,0.0,PUMP,0,0,0,0,0.0,INJECTOR,8,1,82,0,0.0,SERVO,1,1,14807,0,0.0,ADD 1,0,1,14878,0,0.0,ADD 2,0,1,14834,0,0.0,ADD 3,0,1,14840,0,0.0,ADD 4,0,1,14807,0,0.0,ADD 5,0,0,0,0,0.0,ADD 6,0,1,14933,0,0.0,ADD 7,0,0,0,0,0.0,EGT2CAN,0,1,14883,0,0.0
1778949464.4701302,0.0,14911,-51.0,0,-,0,0,0,0,0.0,-,0,0,0,0,0.0,ECU,1,1,14916,0,0.0,FAN1,0,0,0,0,0.0,COILS,8,1,0,0,0.0,PUMP,0,0,0,0,0.0,INJECTOR,8,1,87,0,0.0,SERVO,1,1,14861,0,0.0,ADD 1,0,1,14944,0,0.0,ADD 2,0,1,14933,0,0.0,ADD 3,0,1,14922,0,0.0,ADD 4,0,1,14861,0,0.0,ADD 5,0,0,0,0,0.0,ADD 6,0,1,14933,0,0.0,ADD 7,0,0,0,0,0.0,EGT2CAN,0,1,14883,0,0.0
1778949464.5213263,0.0,15245,-51.0,0,-,0,0,0,0,0.0,-,0,0,0,0,0.0,ECU,1,1,15037,0,0.0,FAN1,0,0,0,0,0.0,COILS,8,1,0,0,0.0,PUMP,0,0,0,0,0.0,INJECTOR,8,1,120,0,0.0,SERVO,1,1,15069,0,0.0,ADD 1,0,1,15135,0,0.0,ADD 2,0,1,15146,0,0.0,ADD 3,0,1,15135,0,0.0,ADD 4,0,1,15091,0,0.0,ADD 5,0,0,0,0,0.0,ADD 6,0,1,15190,0,0.0,ADD 7,0,0,0,0,0.0,EGT2CAN,0,1,15119,0,0.0
1778949464.5860875,0.0,14880,-52.0,0,-,0,0,0,0,0.0,-,0,0,0,0,0.0,ECU,1,1,14834,0,0.0,FAN1,0,0,0,0,0.0,COILS,8,1,0,0,0.0,PUMP,0,0,0,0,0.0,INJECTOR,8,1,92,0,0.0,SERVO,1,1,14823,0,0.0,ADD 1,0,1,14785,0,0.0,ADD 2,0,1,14834,0,0.0,ADD 3,0,1,14867,0,0.0,ADD 4,0,1,14785,0,0.0,ADD 5,0,0,0,0,0.0,ADD 6,0,1,14851,0,0.0,ADD 7,0,0,0,0,0.0,EGT2CAN,0,1,14872,0,0.0
1778949464.6403043,0.0,14880,-52.0,0,-,0,0,0,0,0.0,-,0,0,0,0,0.0,ECU,1,1,14894,0,0.0,FAN1,0,0,0,0,0.0,COILS,8,1,0,0,0.0,PUMP,0,0,0,0,0.0,INJECTOR,8,1,92,0,0.0,SERVO,1,1,14883,0,0.0,ADD 1,0,1,14861,0,0.0,ADD 2,0,1,14911,0,0.0,ADD 3,0,1,14845,0,0.0,ADD 4,0,1,14829,0,0.0,ADD 5,0,0,0,0,0.0,ADD 6,0,1,14851,0,0.0,ADD 7,0,0,0,0,0.0,EGT2CAN,0,1,14872,0,0.0
1778949464.6909568,0.0,14985,-52.0,0,-,0,0,0,0,0.0,-,0,0,0,0,0.0,ECU,1,1,14872,0,0.0,FAN1,0,0,0,0,0.0,COILS,8,1,0,0,0.0,PUMP,0,0,0,0,0.0,INJECTOR,8,1,98,0,0.0,SERVO,1,1,14905,0,0.0,ADD 1,0,1,15080,0,0.0,ADD 2,0,1,15053,0,0.0,ADD 3,0,1,15009,0,0.0,ADD 4,0,1,14998,0,0.0,ADD 5,0,0,0,0,0.0,ADD 6,0,1,14971,0,0.0,ADD 7,0,0,0,0,0.0,EGT2CAN,0,1,14905,0,0.0
1778949464.742002,0.0,15165,-51.0,0,-,0,0,0,0,0.0,-,0,0,0,0,0.0,ECU,1,1,14872,0,0.0,FAN1,0,0,0,0,0.0,COILS,8,1,0,0,0.0,PUMP,0,0,0,0,0.0,INJECTOR,8,1,98,0,0.0,SERVO,1,1,14905,0,0.0,ADD 1,0,1,15091,0,0.0,ADD 2,0,1,15130,0,0.0,ADD 3,0,1,15119,0,0.0,ADD 4,0,1,15102,0,0.0,ADD 5,0,0,0,0,0.0,ADD 6,0,1,15195,0,0.0,ADD 7,0,0,0,0,0.0,EGT2CAN,0,1,15190,0,0.0
1778949464.7933798,0.0,15165,-51.0,0,-,0,0,0,0,0.0,-,0,0,0,0,0.0,ECU,1,1,15053,0,0.0,FAN1,0,0,0,0,0.0,COILS,8,1,0,0,0.0,PUMP,0,0,0,0,0.0,INJECTOR,8,1,103,0,0.0,SERVO,1,1,15130,0,0.0,ADD 1,0,1,14834,0,0.0,ADD 2,0,1,14834,0,0.0,ADD 3,0,1,14812,0,0.0,ADD 4,0,1,14834,0,0.0,ADD 5,0,0,0,0,0.0,ADD 6,0,1,14829,0,0.0,ADD 7,0,0,0,0,0.0,EGT2CAN,0,1,14823,0,0.0
1778949464.8552217,0.0,14831,-51.0,0,-,0,0,0,0,0.0,-,0,0,0,0,0.0,ECU,1,1,14889,0,0.0,FAN1,0,0,0,0,0.0,COILS,8,1,0,0,0.0,PUMP,0,0,0,0,0.0,INJECTOR,8,1,92,0,0.0,SERVO,1,1,14861,0,0.0,ADD 1,0,1,15009,0,0.0,ADD 2,0,1,15015,0,0.0,ADD 3,0,1,14916,0,0.0,ADD 4,0,1,14829,0,0.0,ADD 5,0,0,0,0,0.0,ADD 6,0,1,14938,0,0.0,ADD 7,0,0,0,0,0.0,EGT2CAN,0,1,14900,0,0.0
1778949464.905871,0.0,15091,-51.0,0,-,0,0,0,0,0.0,-,0,0,0,0,0.0,ECU,1,1,14894,0,0.0,FAN1,0,0,0,0,0.0,COILS,8,1,0,0,0.0,PUMP,0,0,0,0,0.0,INJECTOR,8,1,92,0,0.0,SERVO,1,1,14861,0,0.0,ADD 1,0,1,15009,0,0.0,ADD 2,0,1,15015,0,0.0,ADD 3,0,1,14916,0,0.0,ADD 4,0,1,14829,0,0.0,ADD 5,0,0,0,0,0.0,ADD 6,0,1,14938,0,0.0,ADD 7,0,0,0,0,0.0,EGT2CAN,0,1,14900,0,0.0
1778949464.957458,0.0,15091,-51.0,0,-,0,0,0,0,0.0,-,0,0,0,0,0.0,ECU,1,1,14894,0,0.0,FAN1,0,0,0,0,0.0,COILS,8,1,0,0,0.0,PUMP,0,0,0,0,0.0,INJECTOR,8,1,92,0,0.0,SERVO,1,1,14845,0,0.0,ADD 1,0,1,15009,0,0.0,ADD 2,0,1,15015,0,0.0,ADD 3,0,1,14916,0,0.0,ADD 4,0,1,14829,0,0.0,ADD 5,0,0,0,0,0.0,ADD 6,0,1,14938,0,0.0,ADD 7,0,0,0,0,0.0,EGT2CAN,0,1,14900,0,0.0
1778949465.0087483,0.0,14899,-51.0,0,-,0,0,0,0,0.0,-,0,0,0,0,0.0,ECU,1,1,14818,0,0.0,FAN1,0,0,0,0,0.0,COILS,8,1,0,0,0.0,PUMP,0,0,0,0,0.0,INJECTOR,8,1,92,0,0.0,SERVO,1,1,14834,0,0.0,ADD 1,0,1,14872,0,0.0,ADD 2,0,1,14889,0,0.0,ADD 3,0,1,14894,0,0.0,ADD 4,0,1,14851,0,0.0,ADD 5,0,0,0,0,0.0,ADD 6,0,1,14916,0,0.0,ADD 7,0,0,0,0,0.0,EGT2CAN,0,1,14845,0,0.0
1778949465.0597253,0.0,14899,-51.0,0,-,0,0,0,0,0.0,-,0,0,0,0,0.0,ECU,1,1,14818,0,0.0,FAN1,0,0,0,0,0.0,COILS,8,1,0,0,0.0,PUMP,0,0,0,0,0.0,INJECTOR,8,1,92,0,0.0,SERVO,1,1,14834,0,0.0,ADD 1,0,1,14872,0,0.0,ADD 2,0,1,14889,0,0.0,ADD 3,0,1,14894,0,0.0,ADD 4,0,1,14851,0,0.0,ADD 5,0,0,0,0,0.0,ADD 6,0,1,14916,0,0.0,ADD 7,0,0,0,0,0.0,EGT2CAN,0,1,14845,0,0.0
1778949465.1106954,0.0,14899,-51.0,0,-,0,0,0,0,0.0,-,0,0,0,0,0.0,ECU,1,1,14878,0,0.0,FAN1,0,0,0,0,0.0,COILS,8,1,0,0,0.0,PUMP,0,0,0,0,0.0,INJECTOR,8,1,92,0,0.0,SERVO,1,1,14818,0,0.0,ADD 1,0,1,14905,0,0.0,ADD 2,0,1,14927,0,0.0,ADD 3,0,1,14872,0,0.0,ADD 4,0,1,14801,0,0.0,ADD 5,0,0,0,0,0.0,ADD 6,0,1,14894,0,0.0,ADD 7,0,0,0,0,0.0,EGT2CAN,0,1,14867,0,0.0
1778949465.1614656,0.0,14992,-54.0,0,-,0,0,0,0,0.0,-,0,0,0,0,0.0,ECU,1,1,14872,0,0.0,FAN1,0,0,0,0,0.0,COILS,8,1,0,0,0.0,PUMP,0,0,0,0,0.0,INJECTOR,8,1,98,0,0.0,SERVO,1,1,14894,0,0.0,ADD 1,0,1,15009,0,0.0,ADD 2,0,1,15026,0,0.0,ADD 3,0,1,15009,0,0.0,ADD 4,0,1,14944,0,0.0,ADD 5,0,0,0,0,0.0,ADD 6,0,1,15053,0,0.0,ADD 7,0,0,0,0,0.0,EGT2CAN,0,1,15058,0,0.0
1778949465.212819,0.0,14992,-54.0,0,-,0,0,0,0,0.0,-,0,0,0,0,0.0,ECU,1,1,14872,0,0.0,FAN1,0,0,0,0,0.0,COILS,8,1,0,0,0.0,PUMP,0,0,0,0,0.0,INJECTOR,8,1,98,0,0.0,SERVO,1,1,14894,0,0.0,ADD 1,0,1,15009,0,0.0,ADD 2,0,1,15026,0,0.0,ADD 3,0,1,15009,0,0.0,ADD 4,0,1,14944,0,0.0,ADD 5,0,0,0,0,0.0,ADD 6,0,1,15053,0,0.0,ADD 7,0,0,0,0,0.0,EGT2CAN,0,1,15058,0,0.0
1778949465.264179,0.0,14992,-54.0,0,-,0,0,0,0,0.0,-,0,0,0,0,0.0,ECU,1,1,15173,0,0.0,FAN1,0,0,0,0,0.0,COILS,8,1,0,0,0.0,PUMP,0,0,0,0,0.0,INJECTOR,8,1,92,0,0.0,SERVO,1,1,15195,0,0.0,ADD 1,0,1,14883,0,0.0,ADD 2,0,1,14889,0,0.0,ADD 3,0,1,14829,0,0.0,ADD 4,0,1,14812,0,0.0,ADD 5,0,0,0,0,0.0,ADD 6,0,1,14900,0,0.0,ADD 7,0,0,0,0,0.0,EGT2CAN,0,1,14840,0,0.0
1778949465.3147168,0.0,14967,-52.0,0,-,0,0,0,0,0.0,-,0,0,0,0,0.0,ECU,1,1,14878,0,0.0,FAN1,0,0,0,0,0.0,COILS,8,1,0,0,0.0,PUMP,0,0,0,0,0.0,INJECTOR,8,1,98,0,0.0,SERVO,1,1,14829,0,0.0,ADD 1,0,1,14840,0,0.0,ADD 2,0,1,14900,0,0.0,ADD 3,0,1,14872,0,0.0,ADD 4,0,1,14867,0,0.0,ADD 5,0,0,0,0,0.0,ADD 6,0,1,14927,0,0.0,ADD 7,0,0,0,0,0.0,EGT2CAN,0,1,14867,0,0.0
1778949465.365613,0.0,14967,-52.0,0,-,0,0,0,0,0.0,-,0,0,0,0,0.0,ECU,1,1,14878,0,0.0,FAN1,0,0,0,0,0.0,COILS,8,1,0,0,0.0,PUMP,0,0,0,0,0.0,INJECTOR,8,1,98,0,0.0,SERVO,1,1,14829,0,0.0,ADD 1,0,1,14840,0,0.0,ADD 2,0,1,14900,0,0.0,ADD 3,0,1,14872,0,0.0,ADD 4,0,1,14867,0,0.0,ADD 5,0,0,0,0,0.0,ADD 6,0,1,14927,0,0.0,ADD 7,0,0,0,0,0.0,EGT2CAN,0,1,14867,0,0.0
1778949465.4174976,0.0,14967,-52.0,0,-,0,0,0,0,0.0,-,0,0,0,0,0.0,ECU,1,1,15190,0,0.0,FAN1,0,0,0,0,0.0,COILS,8,1,0,0,0.0,PUMP,0,0,0,0,0.0,INJECTOR,8,1,87,0,0.0,SERVO,1,1,15053,0,0.0,ADD 1,0,1,15026,0,0.0,ADD 2,0,1,15058,0,0.0,ADD 3,0,1,15009,0,0.0,ADD 4,0,1,14944,0,0.0,ADD 5,0,0,0,0,0.0,ADD 6,0,1,14894,0,0.0,ADD 7,0,0,0,0,0.0,EGT2CAN,0,1,14867,0,0.0
1778949465.4755738,0.0,14905,-51.0,0,-,0,0,0,0,0.0,-,0,0,0,0,0.0,ECU,1,1,14818,0,0.0,FAN1,0,0,0,0,0.0,COILS,8,1,0,0,0.0,PUMP,0,0,0,0,0.0,INJECTOR,8,1,87,0,0.0,SERVO,1,1,14872,0,0.0,ADD 1,0,1,14960,0,0.0,ADD 2,0,1,14976,0,0.0,ADD 3,0,1,14944,0,0.0,ADD 4,0,1,14971,0,0.0,ADD 5,0,0,0,0,0.0,ADD 6,0,1,15009,0,0.0,ADD 7,0,0,0,0,0.0,EGT2CAN,0,1,14944,0,0.0
1778949465.526914,0.0,14905,-51.0,0,-,0,0,0,0,0.0,-,0,0,0,0,0.0,ECU,1,1,14905,0,0.0,FAN1,0,0,0,0,0.0,COILS,8,1,0,0,0.0,PUMP,0,0,0,0,0.0,INJECTOR,8,1,98,0,0.0,SERVO,1,1,14872,0,0.0,ADD 1,0,1,14894,0,0.0,ADD 2,0,1,14878,0,0.0,ADD 3,0,1,14851,0,0.0,ADD 4,0,1,14785,0,0.0,ADD 5,0,0,0,0,0.0,ADD 6,0,1,14872,0,0.0,ADD 7,0,0,0,0,0.0,EGT2CAN,0,1,14856,0,0.0
1778949465.5778184,0.0,14936,-51.0,0,-,0,0,0,0,0.0,-,0,0,0,0,0.0,ECU,1,1,14905,0,0.0,FAN1,0,0,0,0,0.0,COILS,8,1,0,0,0.0,PUMP,0,0,0,0,0.0,INJECTOR,8,1,98,0,0.0,SERVO,1,1,14872,0,0.0,ADD 1,0,1,14894,0,0.0,ADD 2,0,1,14878,0,0.0,ADD 3,0,1,14851,0,0.0,ADD 4,0,1,14785,0,0.0,ADD 5,0,0,0,0,0.0,ADD 6,0,1,14872,0,0.0,ADD 7,0,0,0,0,0.0,EGT2CAN,0,1,14856,0,0.0
1778949465.6364138,0.0,15233,-51.0,0,-,0,0,0,0,0.0,-,0,0,0,0,0.0,ECU,1,1,14933,0,0.0,FAN1,0,0,0,0,0.0,COILS,8,1,0,0,0.0,PUMP,0,0,0,0,0.0,INJECTOR,8,1,82,0,0.0,SERVO,1,1,14911,0,0.0,ADD 1,0,1,15239,0,0.0,ADD 2,0,1,15261,0,0.0,ADD 3,0,1,15277,0,0.0,ADD 4,0,1,15261,0,0.0,ADD 5,0,0,0,0,0.0,ADD 6,0,1,15321,0,0.0,ADD 7,0,0,0,0,0.0,EGT2CAN,0,1,15272,0,0.0
1778949465.7020042,0.0,15233,-51.0,0,-,0,0,0,0,0.0,-,0,0,0,0,0.0,ECU,1,1,15146,0,0.0,FAN1,0,0,0,0,0.0,COILS,8,1,0,0,0.0,PUMP,0,0,0,0,0.0,INJECTOR,8,1,109,0,0.0,SERVO,1,1,15119,0,0.0,ADD 1,0,1,15239,0,0.0,ADD 2,0,1,15261,0,0.0,ADD 3,0,1,15277,0,0.0,ADD 4,0,1,15261,0,0.0,ADD 5,0,0,0,0,0.0,ADD 6,0,1,15321,0,0.0,ADD 7,0,0,0,0,0.0,EGT2CAN,0,1,15272,0,0.0
1778949465.7526715,0.0,15041,-51.0,0,-,0,0,0,0,0.0,-,0,0,0,0,0.0,ECU,1,1,14894,0,0.0,FAN1,0,0,0,0,0.0,COILS,8,1,0,0,0.0,PUMP,0,0,0,0,0.0,INJECTOR,8,1,87,0,0.0,SERVO,1,1,14878,0,0.0,ADD 1,0,1,14927,0,0.0,ADD 2,0,1,14944,0,0.0,ADD 3,0,1,14916,0,0.0,ADD 4,0,1,14889,0,0.0,ADD 5,0,0,0,0,0.0,ADD 6,0,1,14916,0,0.0,ADD 7,0,0,0,0,0.0,EGT2CAN,0,1,14834,0,0.0
1778949465.8034875,0.0,15041,-51.0,0,-,0,0,0,0,0.0,-,0,0,0,0,0.0,ECU,1,1,14894,0,0.0,FAN1,0,0,0,0,0.0,COILS,8,1,0,0,0.0,PUMP,0,0,0,0,0.0,INJECTOR,8,1,87,0,0.0,SERVO,1,1,14878,0,0.0,ADD 1,0,1,14927,0,0.0,ADD 2,0,1,14944,0,0.0,ADD 3,0,1,14916,0,0.0,ADD 4,0,1,14889,0,0.0,ADD 5,0,0,0,0,0.0,ADD 6,0,1,14916,0,0.0,ADD 7,0,0,0,0,0.0,EGT2CAN,0,1,14834,0,0.0
1778949465.8543067,0.0,15041,-51.0,0,-,0,0,0,0,0.0,-,0,0,0,0,0.0,ECU,1,1,14905,0,0.0,FAN1,0,0,0,0,0.0,COILS,8,1,0,0,0.0,PUMP,0,0,0,0,0.0,INJECTOR,8,1,82,0,0.0,SERVO,1,1,14861,0,0.0,ADD 1,0,1,14851,0,0.0,ADD 2,0,1,14889,0,0.0,ADD 3,0,1,14851,0,0.0,ADD 4,0,1,14818,0,0.0,ADD 5,0,0,0,0,0.0,ADD 6,0,1,14922,0,0.0,ADD 7,0,0,0,0,0.0,EGT2CAN,0,1,14889,0,0.0
1778949465.9071174,0.0,14874,-52.0,0,-,0,0,0,0,0.0,-,0,0,0,0,0.0,ECU,1,1,14872,0,0.0,FAN1,0,0,0,0,0.0,COILS,8,1,0,0,0.0,PUMP,0,0,0,0,0.0,INJECTOR,8,1,87,0,0.0,SERVO,1,1,14818,0,0.0,ADD 1,0,1,14851,0,0.0,ADD 2,0,1,14911,0,0.0,ADD 3,0,1,14856,0,0.0,ADD 4,0,1,14818,0,0.0,ADD 5,0,0,0,0,0.0,ADD 6,0,1,14905,0,0.0,ADD 7,0,0,0,0,0.0,EGT2CAN,0,1,14872,0,0.0
1778949465.9757779,0.0,14973,-52.0,0,-,0,0,0,0,0.0,-,0,0,0,0,0.0,ECU,1,1,14872,0,0.0,FAN1,0,0,0,0,0.0,COILS,8,1,0,0,0.0,PUMP,0,0,0,0,0.0,INJECTOR,8,1,87,0,0.0,SERVO,1,1,14818,0,0.0,ADD 1,0,1,14851,0,0.0,ADD 2,0,1,14911,0,0.0,ADD 3,0,1,14856,0,0.0,ADD 4,0,1,14818,0,0.0,ADD 5,0,0,0,0,0.0,ADD 6,0,1,14905,0,0.0,ADD 7,0,0,0,0,0.0,EGT2CAN,0,1,14872,0,0.0
1778949466.0264187,0.0,14942,-51.0,0,-,0,0,0,0,0.0,-,0,0,0,0,0.0,ECU,1,1,14845,0,0.0,FAN1,0,0,0,0,0.0,COILS,8,1,0,0,0.0,PUMP,0,0,0,0,0.0,INJECTOR,8,1,92,0,0.0,SERVO,1,1,14861,0,0.0,ADD 1,0,1,14889,0,0.0,ADD 2,0,1,14960,0,0.0,ADD 3,0,1,14922,0,0.0,ADD 4,0,1,14883,0,0.0,ADD 5,0,0,0,0,0.0,ADD 6,0,1,14927,0,0.0,ADD 7,0,0,0,0,0.0,EGT2CAN,0,1,14878,0,0.0
1778949466.0775676,0.0,15010,-51.0,0,-,0,0,0,0,0.0,-,0,0,0,0,0.0,ECU,1,1,14916,0,0.0,FAN1,0,0,0,0,0.0,COILS,8,1,0,0,0.0,PUMP,0,0,0,0,0.0,INJECTOR,8,1,87,0,0.0,SERVO,1,1,14829,0,0.0,ADD 1,0,1,15119,0,0.0,ADD 2,0,1,15135,0,0.0,ADD 3,0,1,15157,0,0.0,ADD 4,0,1,15097,0,0.0,ADD 5,0,0,0,0,0.0,ADD 6,0,1,15113,0,0.0,ADD 7,0,0,0,0,0.0,EGT2CAN,0,1,15053,0,0.0
1778949466.1277761,0.0,15010,-51.0,0,-,0,0,0,0,0.0,-,0,0,0,0,0.0,ECU,1,1,14916,0,0.0,FAN1,0,0,0,0,0.0,COILS,8,1,0,0,0.0,PUMP,0,0,0,0,0.0,INJECTOR,8,1,87,0,0.0,SERVO,1,1,14829,0,0.0,ADD 1,0,1,15119,0,0.0,ADD 2,0,1,15135,0,0.0,ADD 3,0,1,15157,0,0.0,ADD 4,0,1,15097,0,0.0,ADD 5,0,0,0,0,0.0,ADD 6,0,1,15113,0,0.0,ADD 7,0,0,0,0,0.0,EGT2CAN,0,1,15053,0,0.0
1778949466.1782076,0.0,14911,-51.0,0,-,0,0,0,0,0.0,-,0,0,0,0,0.0,ECU,1,1,15080,0,0.0,FAN1,0,0,0,0,0.0,COILS,8,1,0,0,0.0,PUMP,0,0,0,0,0.0,INJECTOR,8,1,87,0,0.0,SERVO,1,1,15091,0,0.0,ADD 1,0,1,14829,0,0.0,ADD 2,0,1,14911,0,0.0,ADD 3,0,1,14845,0,0.0,ADD 4,0,1,14829,0,0.0,ADD 5,0,0,0,0,0.0,ADD 6,0,1,14933,0,0.0,ADD 7,0,0,0,0,0.0,EGT2CAN,0,1,14834,0,0.0
1778949466.2301672,0.0,14911,-51.0,0,-,0,0,0,0,0.0,-,0,0,0,0,0.0,ECU,1,1,14894,0,0.0,FAN1,0,0,0,0,0.0,COILS,8,1,0,0,0.0,PUMP,0,0,0,0,0.0,INJECTOR,8,1,98,0,0.0,SERVO,1,1,14812,0,0.0,ADD 1,0,1,14872,0,0.0,ADD 2,0,1,14872,0,0.0,ADD 3,0,1,14861,0,0.0,ADD 4,0,1,14785,0,0.0,ADD 5,0,0,0,0,0.0,ADD 6,0,1,14916,0,0.0,ADD 7,0,0,0,0,0.0,EGT2CAN,0,1,14889,0,0.0
1778949466.2808988,0.0,14930,-52.0,0,-,0,0,0,0,0.0,-,0,0,0,0,0.0,ECU,1,1,14894,0,0.0,FAN1,0,0,0,0,0.0,COILS,8,1,0,0,0.0,PUMP,0,0,0,0,0.0,INJECTOR,8,1,98,0,0.0,SERVO,1,1,14812,0,0.0,ADD 1,0,1,14872,0,0.0,ADD 2,0,1,14872,0,0.0,ADD 3,0,1,14861,0,0.0,ADD 4,0,1,14785,0,0.0,ADD 5,0,0,0,0,0.0,ADD 6,0,1,14916,0,0.0,ADD 7,0,0,0,0,0.0,EGT2CAN,0,1,14889,0,0.0
1778949466.3339694,0.0,14874,-52.0,0,-,0,0,0,0,0.0,-,0,0,0,0,0.0,ECU,1,1,15146,0,0.0,FAN1,0,0,0,0,0.0,COILS,8,1,0,0,0.0,PUMP,0,0,0,0,0.0,INJECTOR,8,1,92,0,0.0,SERVO,1,1,15108,0,0.0,ADD 1,0,1,15102,0,0.0,ADD 2,0,1,15102,0,0.0,ADD 3,0,1,15080,0,0.0,ADD 4,0,1,15031,0,0.0,ADD 5,0,0,0,0,0.0,ADD 6,0,1,14998,0,0.0,ADD 7,0,0,0,0,0.0,EGT2CAN,0,1,14960,0,0.0
1778949466.3889332,0.0,14874,-52.0,0,-,0,0,0,0,0.0,-,0,0,0,0,0.0,ECU,1,1,14971,0,0.0,FAN1,0,0,0,0,0.0,COILS,8,1,0,0,0.0,PUMP,0,0,0,0,0.0,INJECTOR,8,1,92,0,0.0,SERVO,1,1,15108,0,0.0,ADD 1,0,1,15102,0,0.0,ADD 2,0,1,15102,0,0.0,ADD 3,0,1,15080,0,0.0,ADD 4,0,1,15031,0,0.0,ADD 5,0,0,0,0,0.0,ADD 6,0,1,14998,0,0.0,ADD 7,0,0,0,0,0.0,EGT2CAN,0,1,14960,0,0.0
1778949466.4418743,0.0,14899,-52.0,0,-,0,0,0,0,0.0,-,0,0,0,0,0.0,ECU,1,1,14872,0,0.0,FAN1,0,0,0,0,0.0,COILS,8,1,0,0,0.0,PUMP,0,0,0,0,0.0,INJECTOR,8,1,65,0,0.0,SERVO,1,1,14889,0,0.0,ADD 1,0,1,14872,0,0.0,ADD 2,0,1,14938,0,0.0,ADD 3,0,1,14872,0,0.0,ADD 4,0,1,14812,0,0.0,ADD 5,0,0,0,0,0.0,ADD 6,0,1,14856,0,0.0,ADD 7,0,0,0,0,0.0,EGT2CAN,0,1,14840,0,0.0
1778949466.4966505,0.0,14880,-51.0,0,-,0,0,0,0,0.0,-,0,0,0,0,0.0,ECU,1,1,14872,0,0.0,FAN1,0,0,0,0,0.0,COILS,8,1,0,0,0.0,PUMP,0,0,0,0,0.0,INJECTOR,8,1,87,0,0.0,SERVO,1,1,14834,0,0.0,ADD 1,0,1,14872,0,0.0,ADD 2,0,1,14944,0,0.0,ADD 3,0,1,14867,0,0.0,ADD 4,0,1,14872,0,0.0,ADD 5,0,0,0,0,0.0,ADD 6,0,1,14933,0,0.0,ADD 7,0,0,0,0,0.0,EGT2CAN,0,1,14856,0,0.0
1778949466.5483718,0.0,14880,-51.0,0,-,0,0,0,0,0.0,-,0,0,0,0,0.0,ECU,1,1,14856,0,0.0,FAN1,0,0,0,0,0.0,COILS,8,1,0,0,0.0,PUMP,0,0,0,0,0.0,INJECTOR,8,1,92,0,0.0,SERVO,1,1,14872,0,0.0,ADD 1,0,1,14872,0,0.0,ADD 2,0,1,14944,0,0.0,ADD 3,0,1,14867,0,0.0,ADD 4,0,1,14872,0,0.0,ADD 5,0,0,0,0,0.0,ADD 6,0,1,14933,0,0.0,ADD 7,0,0,0,0,0.0,EGT2CAN,0,1,14856,0,0.0
1778949466.600398,0.0,14874,-52.0,0,-,0,0,0,0,0.0,-,0,0,0,0,0.0,ECU,1,1,14993,0,0.0,FAN1,0,0,0,0,0.0,COILS,8,1,0,0,0.0,PUMP,0,0,0,0,0.0,INJECTOR,8,1,82,0,0.0,SERVO,1,1,15075,0,0.0,ADD 1,0,1,14861,0,0.0,ADD 2,0,1,14911,0,0.0,ADD 3,0,1,14834,0,0.0,ADD 4,0,1,14801,0,0.0,ADD 5,0,0,0,0,0.0,ADD 6,0,1,14867,0,0.0,ADD 7,0,0,0,0,0.0,EGT2CAN,0,1,14889,0,0.0
1778949466.651696,0.0,14917,-52.0,0,-,0,0,0,0,0.0,-,0,0,0,0,0.0,ECU,1,1,14993,0,0.0,FAN1,0,0,0,0,0.0,COILS,8,1,0,0,0.0,PUMP,0,0,0,0,0.0,INJECTOR,8,1,82,0,0.0,SERVO,1,1,15075,0,0.0,ADD 1,0,1,14861,0,0.0,ADD 2,0,1,14911,0,0.0,ADD 3,0,1,14834,0,0.0,ADD 4,0,1,14801,0,0.0,ADD 5,0,0,0,0,0.0,ADD 6,0,1,14867,0,0.0,ADD 7,0,0,0,0,0.0,EGT2CAN,0,1,14889,0,0.0
1778949466.7031965,0.0,14917,-52.0,0,-,0,0,0,0,0.0,-,0,0,0,0,0.0,ECU,1,1,14867,0,0.0,FAN1,0,0,0,0,0.0,COILS,8,1,0,0,0.0,PUMP,0,0,0,0,0.0,INJECTOR,8,1,92,0,0.0,SERVO,1,1,14851,0,0.0,ADD 1,0,1,14872,0,0.0,ADD 2,0,1,14872,0,0.0,ADD 3,0,1,14916,0,0.0,ADD 4,0,1,14851,0,0.0,ADD 5,0,0,0,0,0.0,ADD 6,0,1,14872,0,0.0,ADD 7,0,0,0,0,0.0,EGT2CAN,0,1,14911,0,0.0
1778949466.7539659,0.0,14973,-51.0,0,-,0,0,0,0,0.0,-,0,0,0,0,0.0,ECU,1,1,14987,0,0.0,FAN1,0,0,0,0,0.0,COILS,8,1,0,0,0.0,PUMP,0,0,0,0,0.0,INJECTOR,8,1,87,0,0.0,SERVO,1,1,14867,0,0.0,ADD 1,0,1,14883,0,0.0,ADD 2,0,1,14954,0,0.0,ADD 3,0,1,14894,0,0.0,ADD 4,0,1,14845,0,0.0,ADD 5,0,0,0,0,0.0,ADD 6,0,1,14944,0,0.0,ADD 7,0,0,0,0,0.0,EGT2CAN,0,1,14911,0,0.0
1778949466.816651,0.0,14831,-51.0,0,-,0,0,0,0,0.0,-,0,0,0,0,0.0,ECU,1,1,15058,0,0.0,FAN1,0,0,0,0,0.0,COILS,8,1,0,0,0.0,PUMP,0,0,0,0,0.0,INJECTOR,8,1,92,0,0.0,SERVO,1,1,15075,0,0.0,ADD 1,0,1,15102,0,0.0,ADD 2,0,1,15173,0,0.0,ADD 3,0,1,15130,0,0.0,ADD 4,0,1,15080,0,0.0,ADD 5,0,0,0,0,0.0,ADD 6,0,1,15168,0,0.0,ADD 7,0,0,0,0,0.0,EGT2CAN,0,1,15173,0,0.0
1778949466.867461,0.0,14905,-51.0,0,-,0,0,0,0,0.0,-,0,0,0,0,0.0,ECU,1,1,14845,0,0.0,FAN1,0,0,0,0,0.0,COILS,8,1,0,0,0.0,PUMP,0,0,0,0,0.0,INJECTOR,8,1,87,0,0.0,SERVO,1,1,14845,0,0.0,ADD 1,0,1,14872,0,0.0,ADD 2,0,1,14894,0,0.0,ADD 3,0,1,14916,0,0.0,ADD 4,0,1,14872,0,0.0,ADD 5,0,0,0,0,0.0,ADD 6,0,1,14911,0,0.0,ADD 7,0,0,0,0,0.0,EGT2CAN,0,1,14872,0,0.0
1778949466.9188755,0.0,14905,-51.0,0,-,0,0,0,0,0.0,-,0,0,0,0,0.0,ECU,1,1,14916,0,0.0,FAN1,0,0,0,0,0.0,COILS,8,1,0,0,0.0,PUMP,0,0,0,0,0.0,INJECTOR,8,1,109,0,0.0,SERVO,1,1,14829,0,0.0,ADD 1,0,1,15124,0,0.0,ADD 2,0,1,15217,0,0.0,ADD 3,0,1,15168,0,0.0,ADD 4,0,1,15080,0,0.0,ADD 5,0,0,0,0,0.0,ADD 6,0,1,15151,0,0.0,ADD 7,0,0,0,0,0.0,EGT2CAN,0,1,15080,0,0.0
1778949466.9696052,0.0,15190,-52.0,0,-,0,0,0,0,0.0,-,0,0,0,0,0.0,ECU,1,1,14916,0,0.0,FAN1,0,0,0,0,0.0,COILS,8,1,0,0,0.0,PUMP,0,0,0,0,0.0,INJECTOR,8,1,109,0,0.0,SERVO,1,1,14829,0,0.0,ADD 1,0,1,15124,0,0.0,ADD 2,0,1,15217,0,0.0,ADD 3,0,1,15168,0,0.0,ADD 4,0,1,15080,0,0.0,ADD 5,0,0,0,0,0.0,ADD 6,0,1,15151,0,0.0,ADD 7,0,0,0,0,0.0,EGT2CAN,0,1,15080,0,0.0
1778949467.0197444,0.0,14905,-52.0,0,-,0,0,0,0,0.0,-,0,0,0,0,0.0,ECU,1,1,15058,0,0.0,FAN1,0,0,0,0,0.0,COILS,8,1,0,0,0.0,PUMP,0,0,0,0,0.0,INJECTOR,8,1,98,0,0.0,SERVO,1,1,15091,0,0.0,ADD 1,0,1,14900,0,0.0,ADD 2,0,1,14829,0,0.0,ADD 3,0,1,14834,0,0.0,ADD 4,0,1,14807,0,0.0,ADD 5,0,0,0,0,0.0,ADD 6,0,1,14933,0,0.0,ADD 7,0,0,0,0,0.0,EGT2CAN,0,1,14900,0,0.0
1778949467.0704718,0.0,14905,-52.0,0,-,0,0,0,0,0.0,-,0,0,0,0,0.0,ECU,1,1,14894,0,0.0,FAN1,0,0,0,0,0.0,COILS,8,1,0,0,0.0,PUMP,0,0,0,0,0.0,INJECTOR,8,1,120,0,0.0,SERVO,1,1,14845,0,0.0,ADD 1,0,1,14883,0,0.0,ADD 2,0,1,14878,0,0.0,ADD 3,0,1,14894,0,0.0,ADD 4,0,1,14807,0,0.0,ADD 5,0,0,0,0,0.0,ADD 6,0,1,14883,0,0.0,ADD 7,0,0,0,0,0.0,EGT2CAN,0,1,14818,0,0.0
1778949467.122247,0.0,14911,-51.0,0,-,0,0,0,0,0.0,-,0,0,0,0,0.0,ECU,1,1,14894,0,0.0,FAN1,0,0,0,0,0.0,COILS,8,1,0,0,0.0,PUMP,0,0,0,0,0.0,INJECTOR,8,1,120,0,0.0,SERVO,1,1,14845,0,0.0,ADD 1,0,1,14883,0,0.0,ADD 2,0,1,14878,0,0.0,ADD 3,0,1,14894,0,0.0,ADD 4,0,1,14807,0,0.0,ADD 5,0,0,0,0,0.0,ADD 6,0,1,14883,0,0.0,ADD 7,0,0,0,0,0.0,EGT2CAN,0,1,14818,0,0.0
1778949467.1725745,0.0,14886,-52.0,0,-,0,0,0,0,0.0,-,0,0,0,0,0.0,ECU,1,1,15086,0,0.0,FAN1,0,0,0,0,0.0,COILS,8,1,0,0,0.0,PUMP,0,0,0,0,0.0,INJECTOR,8,1,87,0,0.0,SERVO,1,1,15102,0,0.0,ADD 1,0,1,15195,0,0.0,ADD 2,0,1,15173,0,0.0,ADD 3,0,1,15173,0,0.0,ADD 4,0,1,15146,0,0.0,ADD 5,0,0,0,0,0.0,ADD 6,0,1,15244,0,0.0,ADD 7,0,0,0,0,0.0,EGT2CAN,0,1,15173,0,0.0
1778949467.223773,0.0,14886,-52.0,0,-,0,0,0,0,0.0,-,0,0,0,0,0.0,ECU,1,1,15086,0,0.0,FAN1,0,0,0,0,0.0,COILS,8,1,0,0,0.0,PUMP,0,0,0,0,0.0,INJECTOR,8,1,87,0,0.0,SERVO,1,1,15102,0,0.0,ADD 1,0,1,15195,0,0.0,ADD 2,0,1,15173,0,0.0,ADD 3,0,1,15173,0,0.0,ADD 4,0,1,15146,0,0.0,ADD 5,0,0,0,0,0.0,ADD 6,0,1,15244,0,0.0,ADD 7,0,0,0,0,0.0,EGT2CAN,0,1,15173,0,0.0
1778949467.2751145,0.0,14886,-52.0,0,-,0,0,0,0,0.0,-,0,0,0,0,0.0,ECU,1,1,14856,0,0.0,FAN1,0,0,0,0,0.0,COILS,8,1,0,0,0.0,PUMP,0,0,0,0,0.0,INJECTOR,8,1,87,0,0.0,SERVO,1,1,14845,0,0.0,ADD 1,0,1,14900,0,0.0,ADD 2,0,1,14889,0,0.0,ADD 3,0,1,14911,0,0.0,ADD 4,0,1,14872,0,0.0,ADD 5,0,0,0,0,0.0,ADD 6,0,1,14911,0,0.0,ADD 7,0,0,0,0,0.0,EGT2CAN,0,1,14911,0,0.0
1778949467.325367,0.0,15035,-52.0,0,-,0,0,0,0,0.0,-,0,0,0,0,0.0,ECU,1,1,14894,0,0.0,FAN1,0,0,0,0,0.0,COILS,8,1,0,0,0.0,PUMP,0,0,0,0,0.0,INJECTOR,8,1,92,0,0.0,SERVO,1,1,14883,0,0.0,ADD 1,0,1,15228,0,0.0,ADD 2,0,1,15223,0,0.0,ADD 3,0,1,15162,0,0.0,ADD 4,0,1,15124,0,0.0,ADD 5,0,0,0,0,0.0,ADD 6,0,1,15064,0,0.0,ADD 7,0,0,0,0,0.0,EGT2CAN,0,1,15031,0,0.0
1778949467.3804584,0.0,15035,-52.0,0,-,0,0,0,0,0.0,-,0,0,0,0,0.0,ECU,1,1,14905,0,0.0,FAN1,0,0,0,0,0.0,COILS,8,1,0,0,0.0,PUMP,0,0,0,0,0.0,INJECTOR,8,1,131,0,0.0,SERVO,1,1,14883,0,0.0,ADD 1,0,1,15228,0,0.0,ADD 2,0,1,15223,0,0.0,ADD 3,0,1,15162,0,0.0,ADD 4,0,1,15124,0,0.0,ADD 5,0,0,0,0,0.0,ADD 6,0,1,15064,0,0.0,ADD 7,0,0,0,0,0.0,EGT2CAN,0,1,15031,0,0.0
1778949467.4313278,0.0,15085,-51.0,0,-,0,0,0,0,0.0,-,0,0,0,0,0.0,ECU,1,1,14905,0,0.0,FAN1,0,0,0,0,0.0,COILS,8,1,0,0,0.0,PUMP,0,0,0,0,0.0,INJECTOR,8,1,131,0,0.0,SERVO,1,1,14883,0,0.0,ADD 1,0,1,15075,0,0.0,ADD 2,0,1,15102,0,0.0,ADD 3,0,1,15119,0,0.0,ADD 4,0,1,15102,0,0.0,ADD 5,0,0,0,0,0.0,ADD 6,0,1,15184,0,0.0,ADD 7,0,0,0,0,0.0,EGT2CAN,0,1,15168,0,0.0
1778949467.5027337,0.0,14942,-51.0,0,-,0,0,0,0,0.0,-,0,0,0,0,0.0,ECU,1,1,14894,0,0.0,FAN1,0,0,0,0,0.0,COILS,8,1,0,0,0.0,PUMP,0,0,0,0,0.0,INJECTOR,8,1,87,0,0.0,SERVO,1,1,14829,0,0.0,ADD 1,0,1,14878,0,0.0,ADD 2,0,1,14933,0,0.0,ADD 3,0,1,14878,0,0.0,ADD 4,0,1,14883,0,0.0,ADD 5,0,0,0,0,0.0,ADD 6,0,1,14944,0,0.0,ADD 7,0,0,0,0,0.0,EGT2CAN,0,1,14889,0,0.0
1778949467.553298,0.0,14942,-51.0,0,-,0,0,0,0,0.0,-,0,0,0,0,0.0,ECU,1,1,14851,0,0.0,FAN1,0,0,0,0,0.0,COILS,8,1,0,0,0.0,PUMP,0,0,0,0,0.0,INJECTOR,8,1,98,0,0.0,SERVO,1,1,14829,0,0.0,ADD 1,0,1,14878,0,0.0,ADD 2,0,1,14933,0,0.0,ADD 3,0,1,14878,0,0.0,ADD 4,0,1,14883,0,0.0,ADD 5,0,0,0,0,0.0,ADD 6,0,1,14944,0,0.0,ADD 7,0,0,0,0,0.0,EGT2CAN,0,1,14889,0,0.0
1778949467.6043365,0.0,14936,-51.0,0,-,0,0,0,0,0.0,-,0,0,0,0,0.0,ECU,1,1,15026,0,0.0,FAN1,0,0,0,0,0.0,COILS,8,1,0,0,0.0,PUMP,0,0,0,0,0.0,INJECTOR,8,1,98,0,0.0,SERVO,1,1,15113,0,0.0,ADD 1,0,1,15157,0,0.0,ADD 2,0,1,15190,0,0.0,ADD 3,0,1,15119,0,0.0,ADD 4,0,1,15135,0,0.0,ADD 5,0,0,0,0,0.0,ADD 6,0,1,15124,0,0.0,ADD 7,0,0,0,0,0.0,EGT2CAN,0,1,15184,0,0.0
1778949467.6576028,0.0,14936,-51.0,0,-,0,0,0,0,0.0,-,0,0,0,0,0.0,ECU,1,1,15026,0,0.0,FAN1,0,0,0,0,0.0,COILS,8,1,0,0,0.0,PUMP,0,0,0,0,0.0,INJECTOR,8,1,98,0,0.0,SERVO,1,1,15113,0,0.0,ADD 1,0,1,15157,0,0.0,ADD 2,0,1,15190,0,0.0,ADD 3,0,1,15119,0,0.0,ADD 4,0,1,15135,0,0.0,ADD 5,0,0,0,0,0.0,ADD 6,0,1,15124,0,0.0,ADD 7,0,0,0,0,0.0,EGT2CAN,0,1,15184,0,0.0
1778949467.7079644,0.0,14936,-51.0,0,-,0,0,0,0,0.0,-,0,0,0,0,0.0,ECU,1,1,14851,0,0.0,FAN1,0,0,0,0,0.0,COILS,8,1,0,0,0.0,PUMP,0,0,0,0,0.0,INJECTOR,8,1,87,0,0.0,SERVO,1,1,14851,0,0.0,ADD 1,0,1,14851,0,0.0,ADD 2,0,1,14851,0,0.0,ADD 3,0,1,14856,0,0.0,ADD 4,0,1,14807,0,0.0,ADD 5,0,0,0,0,0.0,ADD 6,0,1,14922,0,0.0,ADD 7,0,0,0,0,0.0,EGT2CAN,0,1,14894,0,0.0
1778949467.7661495,0.0,14973,-52.0,0,-,0,0,0,0,0.0,-,0,0,0,0,0.0,ECU,1,1,14900,0,0.0,FAN1,0,0,0,0,0.0,COILS,8,1,0,0,0.0,PUMP,0,0,0,0,0.0,INJECTOR,8,1,114,0,0.0,SERVO,1,1,14883,0,0.0,ADD 1,0,1,14894,0,0.0,ADD 2,0,1,14922,0,0.0,ADD 3,0,1,14938,0,0.0,ADD 4,0,1,14856,0,0.0,ADD 5,0,0,0,0,0.0,ADD 6,0,1,14960,0,0.0,ADD 7,0,0,0,0,0.0,EGT2CAN,0,1,14861,0,0.0
1778949467.8213403,0.0,14973,-52.0,0,-,0,0,0,0,0.0,-,0,0,0,0,0.0,ECU,1,1,14987,0,0.0,FAN1,0,0,0,0,0.0,COILS,8,1,0,0,0.0,PUMP,0,0,0,0,0.0,INJECTOR,8,1,92,0,0.0,SERVO,1,1,14933,0,0.0,ADD 1,0,1,14894,0,0.0,ADD 2,0,1,14922,0,0.0,ADD 3,0,1,14938,0,0.0,ADD 4,0,1,14856,0,0.0,ADD 5,0,0,0,0,0.0,ADD 6,0,1,14960,0,0.0,ADD 7,0,0,0,0,0.0,EGT2CAN,0,1,14861,0,0.0
1778949467.8869057,0.0,14886,-51.0,0,-,0,0,0,0,0.0,-,0,0,0,0,0.0,ECU,1,1,15020,0,0.0,FAN1,0,0,0,0,0.0,COILS,8,1,0,0,0.0,PUMP,0,0,0,0,0.0,INJECTOR,8,1,87,0,0.0,SERVO,1,1,15146,0,0.0,ADD 1,0,1,14872,0,0.0,ADD 2,0,1,14916,0,0.0,ADD 3,0,1,14856,0,0.0,ADD 4,0,1,14851,0,0.0,ADD 5,0,0,0,0,0.0,ADD 6,0,1,14894,0,0.0,ADD 7,0,0,0,0,0.0,EGT2CAN,0,1,14845,0,0.0
1778949467.9399557,0.0,14917,-52.0,0,-,0,0,0,0,0.0,-,0,0,0,0,0.0,ECU,1,1,14823,0,0.0,FAN1,0,0,0,0,0.0,COILS,8,1,0,0,0.0,PUMP,0,0,0,0,0.0,INJECTOR,8,1,82,0,0.0,SERVO,1,1,14812,0,0.0,ADD 1,0,1,14845,0,0.0,ADD 2,0,1,14872,0,0.0,ADD 3,0,1,14851,0,0.0,ADD 4,0,1,14834,0,0.0,ADD 5,0,0,0,0,0.0,ADD 6,0,1,14889,0,0.0,ADD 7,0,0,0,0,0.0,EGT2CAN,0,1,14894,0,0.0
1778949467.9936624,0.0,14917,-52.0,0,-,0,0,0,0,0.0,-,0,0,0,0,0.0,ECU,1,1,14922,0,0.0,FAN1,0,0,0,0,0.0,COILS,8,1,0,0,0.0,PUMP,0,0,0,0,0.0,INJECTOR,8,1,109,0,0.0,SERVO,1,1,14845,0,0.0,ADD 1,0,1,14905,0,0.0,ADD 2,0,1,14911,0,0.0,ADD 3,0,1,14916,0,0.0,ADD 4,0,1,14867,0,0.0,ADD 5,0,0,0,0,0.0,ADD 6,0,1,14976,0,0.0,ADD 7,0,0,0,0,0.0,EGT2CAN,0,1,14911,0,0.0
1778949468.0484333,0.0,14936,-51.0,0,-,0,0,0,0,0.0,-,0,0,0,0,0.0,ECU,1,1,15135,0,0.0,FAN1,0,0,0,0,0.0,COILS,8,1,0,0,0.0,PUMP,0,0,0,0,0.0,INJECTOR,8,1,98,0,0.0,SERVO,1,1,15108,0,0.0,ADD 1,0,1,15179,0,0.0,ADD 2,0,1,15162,0,0.0,ADD 3,0,1,15151,0,0.0,ADD 4,0,1,15080,0,0.0,ADD 5,0,0,0,0,0.0,ADD 6,0,1,15124,0,0.0,ADD 7,0,0,0,0,0.0,EGT2CAN,0,1,15020,0,0.0
1778949468.1099384,0.0,14930,-52.0,0,-,0,0,0,0,0.0,-,0,0,0,0,0.0,ECU,1,1,15004,0,0.0,FAN1,0,0,0,0,0.0,COILS,8,1,0,0,0.0,PUMP,0,0,0,0,0.0,INJECTOR,8,1,98,0,0.0,SERVO,1,1,15124,0,0.0,ADD 1,0,1,15157,0,0.0,ADD 2,0,1,15190,0,0.0,ADD 3,0,1,15190,0,0.0,ADD 4,0,1,15124,0,0.0,ADD 5,0,0,0,0,0.0,ADD 6,0,1,15151,0,0.0,ADD 7,0,0,0,0,0.0,EGT2CAN,0,1,15151,0,0.0
1778949468.1605818,0.0,14911,-52.0,0,-,0,0,0,0,0.0,-,0,0,0,0,0.0,ECU,1,1,14872,0,0.0,FAN1,0,0,0,0,0.0,COILS,8,1,0,0,0.0,PUMP,0,0,0,0,0.0,INJECTOR,8,1,92,0,0.0,SERVO,1,1,14982,0,0.0,ADD 1,0,1,14878,0,0.0,ADD 2,0,1,14883,0,0.0,ADD 3,0,1,14834,0,0.0,ADD 4,0,1,14818,0,0.0,ADD 5,0,0,0,0,0.0,ADD 6,0,1,14889,0,0.0,ADD 7,0,0,0,0,0.0,EGT2CAN,0,1,14916,0,0.0
1778949468.2146275,0.0,14911,-52.0,0,-,0,0,0,0,0.0,-,0,0,0,0,0.0,ECU,1,1,14872,0,0.0,FAN1,0,0,0,0,0.0,COILS,8,1,0,0,0.0,PUMP,0,0,0,0,0.0,INJECTOR,8,1,92,0,0.0,SERVO,1,1,14982,0,0.0,ADD 1,0,1,14878,0,0.0,ADD 2,0,1,14883,0,0.0,ADD 3,0,1,14834,0,0.0,ADD 4,0,1,14818,0,0.0,ADD 5,0,0,0,0,0.0,ADD 6,0,1,14889,0,0.0,ADD 7,0,0,0,0,0.0,EGT2CAN,0,1,14916,0,0.0
1778949468.2700338,0.0,14911,-52.0,0,-,0,0,0,0,0.0,-,0,0,0,0,0.0,ECU,1,1,14894,0,0.0,FAN1,0,0,0,0,0.0,COILS,8,1,0,0,0.0,PUMP,0,0,0,0,0.0,INJECTOR,8,1,109,0,0.0,SERVO,1,1,14894,0,0.0,ADD 1,0,1,14933,0,0.0,ADD 2,0,1,14900,0,0.0,ADD 3,0,1,14927,0,0.0,ADD 4,0,1,14894,0,0.0,ADD 5,0,0,0,0,0.0,ADD 6,0,1,14960,0,0.0,ADD 7,0,0,0,0,0.0,EGT2CAN,0,1,14922,0,0.0
1778949468.3321717,0.0,14899,-52.0,0,-,0,0,0,0,0.0,-,0,0,0,0,0.0,ECU,1,1,15206,0,0.0,FAN1,0,0,0,0,0.0,COILS,8,1,0,0,0.0,PUMP,0,0,0,0,0.0,INJECTOR,8,1,87,0,0.0,SERVO,1,1,15261,0,0.0,ADD 1,0,1,14905,0,0.0,ADD 2,0,1,14889,0,0.0,ADD 3,0,1,14872,0,0.0,ADD 4,0,1,14834,0,0.0,ADD 5,0,0,0,0,0.0,ADD 6,0,1,14889,0,0.0,ADD 7,0,0,0,0,0.0,EGT2CAN,0,1,14889,0,0.0
1778949468.3831706,0.0,14899,-52.0,0,-,0,0,0,0,0.0,-,0,0,0,0,0.0,ECU,1,1,14911,0,0.0,FAN1,0,0,0,0,0.0,COILS,8,1,0,0,0.0,PUMP,0,0,0,0,0.0,INJECTOR,8,1,87,0,0.0,SERVO,1,1,15261,0,0.0,ADD 1,0,1,14905,0,0.0,ADD 2,0,1,14889,0,0.0,ADD 3,0,1,14872,0,0.0,ADD 4,0,1,14834,0,0.0,ADD 5,0,0,0,0,0.0,ADD 6,0,1,14889,0,0.0,ADD 7,0,0,0,0,0.0,EGT2CAN,0,1,14889,0,0.0
1778949468.4338052,0.0,14911,-51.0,0,-,0,0,0,0,0.0,-,0,0,0,0,0.0,ECU,1,1,14889,0,0.0,FAN1,0,0,0,0,0.0,COILS,8,1,0,0,0.0,PUMP,0,0,0,0,0.0,INJECTOR,8,1,103,0,0.0,SERVO,1,1,14872,0,0.0,ADD 1,0,1,14900,0,0.0,ADD 2,0,1,14933,0,0.0,ADD 3,0,1,14911,0,0.0,ADD 4,0,1,14894,0,0.0,ADD 5,0,0,0,0,0.0,ADD 6,0,1,14927,0,0.0,ADD 7,0,0,0,0,0.0,EGT2CAN,0,1,14867,0,0.0
1778949468.4983923,0.0,14874,-52.0,0,-,0,0,0,0,0.0,-,0,0,0,0,0.0,ECU,1,1,15212,0,0.0,FAN1,0,0,0,0,0.0,COILS,8,1,0,0,0.0,PUMP,0,0,0,0,0.0,INJECTOR,8,1,92,0,0.0,SERVO,1,1,15233,0,0.0,ADD 1,0,1,15261,0,0.0,ADD 2,0,1,15255,0,0.0,ADD 3,0,1,15266,0,0.0,ADD 4,0,1,15255,0,0.0,ADD 5,0,0,0,0,0.0,ADD 6,0,1,15326,0,0.0,ADD 7,0,0,0,0,0.0,EGT2CAN,0,1,15244,0,0.0
1778949468.5523643,0.0,14874,-52.0,0,-,0,0,0,0,0.0,-,0,0,0,0,0.0,ECU,1,1,14856,0,0.0,FAN1,0,0,0,0,0.0,COILS,8,1,0,0,0.0,PUMP,0,0,0,0,0.0,INJECTOR,8,1,82,0,0.0,SERVO,1,1,14883,0,0.0,ADD 1,0,1,14916,0,0.0,ADD 2,0,1,14954,0,0.0,ADD 3,0,1,14916,0,0.0,ADD 4,0,1,14856,0,0.0,ADD 5,0,0,0,0,0.0,ADD 6,0,1,15326,0,0.0,ADD 7,0,0,0,0,0.0,EGT2CAN,0,1,15244,0,0.0
1778949468.6026359,0.0,14948,-51.0,0,-,0,0,0,0,0.0,-,0,0,0,0,0.0,ECU,1,1,14883,0,0.0,FAN1,0,0,0,0,0.0,COILS,8,1,0,0,0.0,PUMP,0,0,0,0,0.0,INJECTOR,8,1,92,0,0.0,SERVO,1,1,14883,0,0.0,ADD 1,0,1,14987,0,0.0,ADD 2,0,1,14976,0,0.0,ADD 3,0,1,14927,0,0.0,ADD 4,0,1,14872,0,0.0,ADD 5,0,0,0,0,0.0,ADD 6,0,1,14987,0,0.0,ADD 7,0,0,0,0,0.0,EGT2CAN,0,1,14922,0,0.0
1778949468.653927,0.0,14948,-51.0,0,-,0,0,0,0,0.0,-,0,0,0,0,0.0,ECU,1,1,14883,0,0.0,FAN1,0,0,0,0,0.0,COILS,8,1,0,0,0.0,PUMP,0,0,0,0,0.0,INJECTOR,8,1,92,0,0.0,SERVO,1,1,14883,0,0.0,ADD 1,0,1,14987,0,0.0,ADD 2,0,1,14976,0,0.0,ADD 3,0,1,14927,0,0.0,ADD 4,0,1,14872,0,0.0,ADD 5,0,0,0,0,0.0,ADD 6,0,1,14987,0,0.0,ADD 7,0,0,0,0,0.0,EGT2CAN,0,1,14922,0,0.0
1778949468.7045407,0.0,14948,-51.0,0,-,0,0,0,0,0.0,-,0,0,0,0,0.0,ECU,1,1,14883,0,0.0,FAN1,0,0,0,0,0.0,COILS,8,1,0,0,0.0,PUMP,0,0,0,0,0.0,INJECTOR,8,1,92,0,0.0,SERVO,1,1,14911,0,0.0,ADD 1,0,1,15228,0,0.0,ADD 2,0,1,15190,0,0.0,ADD 3,0,1,15190,0,0.0,ADD 4,0,1,15119,0,0.0,ADD 5,0,0,0,0,0.0,ADD 6,0,1,15184,0,0.0,ADD 7,0,0,0,0,0.0,EGT2CAN,0,1,15157,0,0.0
1778949468.7569034,0.0,14955,-51.0,0,-,0,0,0,0,0.0,-,0,0,0,0,0.0,ECU,1,1,14911,0,0.0,FAN1,0,0,0,0,0.0,COILS,8,1,0,0,0.0,PUMP,0,0,0,0,0.0,INJECTOR,8,1,109,0,0.0,SERVO,1,1,14889,0,0.0,ADD 1,0,1,14911,0,0.0,ADD 2,0,1,14993,0,0.0,ADD 3,0,1,14971,0,0.0,ADD 4,0,1,14982,0,0.0,ADD 5,0,0,0,0,0.0,ADD 6,0,1,15053,0,0.0,ADD 7,0,0,0,0,0.0,EGT2CAN,0,1,15009,0,0.0
1778949468.822846,0.0,14936,-52.0,0,-,0,0,0,0,0.0,-,0,0,0,0,0.0,ECU,1,1,14911,0,0.0,FAN1,0,0,0,0,0.0,COILS,8,1,0,0,0.0,PUMP,0,0,0,0,0.0,INJECTOR,8,1,109,0,0.0,SERVO,1,1,14889,0,0.0,ADD 1,0,1,14894,0,0.0,ADD 2,0,1,14944,0,0.0,ADD 3,0,1,14911,0,0.0,ADD 4,0,1,14894,0,0.0,ADD 5,0,0,0,0,0.0,ADD 6,0,1,14944,0,0.0,ADD 7,0,0,0,0,0.0,EGT2CAN,0,1,14905,0,0.0
1778949468.8733287,0.0,15010,-52.0,0,-,0,0,0,0,0.0,-,0,0,0,0,0.0,ECU,1,1,15190,0,0.0,FAN1,0,0,0,0,0.0,COILS,8,1,0,0,0.0,PUMP,0,0,0,0,0.0,INJECTOR,8,1,98,0,0.0,SERVO,1,1,15097,0,0.0,ADD 1,0,1,15075,0,0.0,ADD 2,0,1,15064,0,0.0,ADD 3,0,1,15075,0,0.0,ADD 4,0,1,14987,0,0.0,ADD 5,0,0,0,0,0.0,ADD 6,0,1,15069,0,0.0,ADD 7,0,0,0,0,0.0,EGT2CAN,0,1,14960,0,0.0
1778949468.9247465,0.0,15010,-52.0,0,-,0,0,0,0,0.0,-,0,0,0,0,0.0,ECU,1,1,14960,0,0.0,FAN1,0,0,0,0,0.0,COILS,8,1,0,0,0.0,PUMP,0,0,0,0,0.0,INJECTOR,8,1,125,0,0.0,SERVO,1,1,14949,0,0.0,ADD 1,0,1,15004,0,0.0,ADD 2,0,1,15053,0,0.0,ADD 3,0,1,15080,0,0.0,ADD 4,0,1,14993,0,0.0,ADD 5,0,0,0,0,0.0,ADD 6,0,1,14944,0,0.0,ADD 7,0,0,0,0,0.0,EGT2CAN,0,1,14944,0,0.0
1778949468.9763403,0.0,14930,-52.0,0,-,0,0,0,0,0.0,-,0,0,0,0,0.0,ECU,1,1,14960,0,0.0,FAN1,0,0,0,0,0.0,COILS,8,1,0,0,0.0,PUMP,0,0,0,0,0.0,INJECTOR,8,1,125,0,0.0,SERVO,1,1,14949,0,0.0,ADD 1,0,1,15004,0,0.0,ADD 2,0,1,15053,0,0.0,ADD 3,0,1,15080,0,0.0,ADD 4,0,1,14993,0,0.0,ADD 5,0,0,0,0,0.0,ADD 6,0,1,14944,0,0.0,ADD 7,0,0,0,0,0.0,EGT2CAN,0,1,14944,0,0.0
1778949469.034351,0.0,14911,-51.0,0,-,0,0,0,0,0.0,-,0,0,0,0,0.0,ECU,1,1,15026,0,0.0,FAN1,0,0,0,0,0.0,COILS,8,1,0,0,0.0,PUMP,0,0,0,0,0.0,INJECTOR,8,1,87,0,0.0,SERVO,1,1,15037,0,0.0,ADD 1,0,1,14889,0,0.0,ADD 2,0,1,14954,0,0.0,ADD 3,0,1,14911,0,0.0,ADD 4,0,1,14861,0,0.0,ADD 5,0,0,0,0,0.0,ADD 6,0,1,14916,0,0.0,ADD 7,0,0,0,0,0.0,EGT2CAN,0,1,14916,0,0.0
1778949469.101962,0.0,14911,-51.0,0,-,0,0,0,0,0.0,-,0,0,0,0,0.0,ECU,1,1,14851,0,0.0,FAN1,0,0,0,0,0.0,COILS,8,1,0,0,0.0,PUMP,0,0,0,0,0.0,INJECTOR,8,1,87,0,0.0,SERVO,1,1,15037,0,0.0,ADD 1,0,1,14889,0,0.0,ADD 2,0,1,14954,0,0.0,ADD 3,0,1,14911,0,0.0,ADD 4,0,1,14861,0,0.0,ADD 5,0,0,0,0,0.0,ADD 6,0,1,14916,0,0.0,ADD 7,0,0,0,0,0.0,EGT2CAN,0,1,14916,0,0.0
1778949469.152236,0.0,15004,-52.0,0,-,0,0,0,0,0.0,-,0,0,0,0,0.0,ECU,1,1,15031,0,0.0,FAN1,0,0,0,0,0.0,COILS,8,1,0,0,0.0,PUMP,0,0,0,0,0.0,INJECTOR,8,1,114,0,0.0,SERVO,1,1,14905,0,0.0,ADD 1,0,1,14922,0,0.0,ADD 2,0,1,15031,0,0.0,ADD 3,0,1,14965,0,0.0,ADD 4,0,1,14993,0,0.0,ADD 5,0,0,0,0,0.0,ADD 6,0,1,15064,0,0.0,ADD 7,0,0,0,0,0.0,EGT2CAN,0,1,15031,0,0.0
1778949469.204272,0.0,15004,-52.0,0,-,0,0,0,0,0.0,-,0,0,0,0,0.0,ECU,1,1,15031,0,0.0,FAN1,0,0,0,0,0.0,COILS,8,1,0,0,0.0,PUMP,0,0,0,0,0.0,INJECTOR,8,1,114,0,0.0,SERVO,1,1,14905,0,0.0,ADD 1,0,1,14922,0,0.0,ADD 2,0,1,15031,0,0.0,ADD 3,0,1,14965,0,0.0,ADD 4,0,1,14993,0,0.0,ADD 5,0,0,0,0,0.0,ADD 6,0,1,15064,0,0.0,ADD 7,0,0,0,0,0.0,EGT2CAN,0,1,15031,0,0.0
1778949469.254943,0.0,15004,-52.0,0,-,0,0,0,0,0.0,-,0,0,0,0,0.0,ECU,1,1,15119,0,0.0,FAN1,0,0,0,0,0.0,COILS,8,1,0,0,0.0,PUMP,0,0,0,0,0.0,INJECTOR,8,1,98,0,0.0,SERVO,1,1,15130,0,0.0,ADD 1,0,1,14922,0,0.0,ADD 2,0,1,14927,0,0.0,ADD 3,0,1,14829,0,0.0,ADD 4,0,1,14834,0,0.0,ADD 5,0,0,0,0,0.0,ADD 6,0,1,15064,0,0.0,ADD 7,0,0,0,0,0.0,EGT2CAN,0,1,15031,0,0.0
1778949469.305871,0.0,15165,-52.0,0,-,0,0,0,0,0.0,-,0,0,0,0,0.0,ECU,1,1,14916,0,0.0,FAN1,0,0,0,0,0.0,COILS,8,1,0,0,0.0,PUMP,0,0,0,0,0.0,INJECTOR,8,1,87,0,0.0,SERVO,1,1,14916,0,0.0,ADD 1,0,1,14911,0,0.0,ADD 2,0,1,14965,0,0.0,ADD 3,0,1,14916,0,0.0,ADD 4,0,1,14900,0,0.0,ADD 5,0,0,0,0,0.0,ADD 6,0,1,14927,0,0.0,ADD 7,0,0,0,0,0.0,EGT2CAN,0,1,14922,0,0.0
1778949469.3571765,0.0,15165,-52.0,0,-,0,0,0,0,0.0,-,0,0,0,0,0.0,ECU,1,1,14916,0,0.0,FAN1,0,0,0,0,0.0,COILS,8,1,0,0,0.0,PUMP,0,0,0,0,0.0,INJECTOR,8,1,87,0,0.0,SERVO,1,1,14916,0,0.0,ADD 1,0,1,14911,0,0.0,ADD 2,0,1,14965,0,0.0,ADD 3,0,1,14916,0,0.0,ADD 4,0,1,14900,0,0.0,ADD 5,0,0,0,0,0.0,ADD 6,0,1,14927,0,0.0,ADD 7,0,0,0,0,0.0,EGT2CAN,0,1,14922,0,0.0
1778949469.4079478,0.0,15165,-52.0,0,-,0,0,0,0,0.0,-,0,0,0,0,0.0,ECU,1,1,15233,0,0.0,FAN1,0,0,0,0,0.0,COILS,8,1,0,0,0.0,PUMP,0,0,0,0,0.0,INJECTOR,8,1,98,0,0.0,SERVO,1,1,15162,0,0.0,ADD 1,0,1,15190,0,0.0,ADD 2,0,1,15184,0,0.0,ADD 3,0,1,15190,0,0.0,ADD 4,0,1,15135,0,0.0,ADD 5,0,0,0,0,0.0,ADD 6,0,1,15217,0,0.0,ADD 7,0,0,0,0,0.0,EGT2CAN,0,1,15168,0,0.0
1778949469.4586916,0.0,14911,-52.0,0,-,0,0,0,0,0.0,-,0,0,0,0,0.0,ECU,1,1,15108,0,0.0,FAN1,0,0,0,0,0.0,COILS,8,1,0,0,0.0,PUMP,0,0,0,0,0.0,INJECTOR,8,1,87,0,0.0,SERVO,1,1,15206,0,0.0,ADD 1,0,1,14927,0,0.0,ADD 2,0,1,14905,0,0.0,ADD 3,0,1,14883,0,0.0,ADD 4,0,1,14790,0,0.0,ADD 5,0,0,0,0,0.0,ADD 6,0,1,14938,0,0.0,ADD 7,0,0,0,0,0.0,EGT2CAN,0,1,14894,0,0.0
1778949469.510731,0.0,14911,-52.0,0,-,0,0,0,0,0.0,-,0,0,0,0,0.0,ECU,1,1,15108,0,0.0,FAN1,0,0,0,0,0.0,COILS,8,1,0,0,0.0,PUMP,0,0,0,0,0.0,INJECTOR,8,1,87,0,0.0,SERVO,1,1,15206,0,0.0,ADD 1,0,1,14927,0,0.0,ADD 2,0,1,14905,0,0.0,ADD 3,0,1,14883,0,0.0,ADD 4,0,1,14790,0,0.0,ADD 5,0,0,0,0,0.0,ADD 6,0,1,14938,0,0.0,ADD 7,0,0,0,0,0.0,EGT2CAN,0,1,14894,0,0.0
1778949469.562853,0.0,14911,-52.0,0,-,0,0,0,0,0.0,-,0,0,0,0,0.0,ECU,1,1,14922,0,0.0,FAN1,0,0,0,0,0.0,COILS,8,1,0,0,0.0,PUMP,0,0,0,0,0.0,INJECTOR,8,1,98,0,0.0,SERVO,1,1,14894,0,0.0,ADD 1,0,1,14971,0,0.0,ADD 2,0,1,14965,0,0.0,ADD 3,0,1,14965,0,0.0,ADD 4,0,1,14894,0,0.0,ADD 5,0,0,0,0,0.0,ADD 6,0,1,14982,0,0.0,ADD 7,0,0,0,0,0.0,EGT2CAN,0,1,14944,0,0.0
1778949469.617206,0.0,15010,-51.0,0,-,0,0,0,0,0.0,-,0,0,0,0,0.0,ECU,1,1,15239,0,0.0,FAN1,0,0,0,0,0.0,COILS,8,1,0,0,0.0,PUMP,0,0,0,0,0.0,INJECTOR,8,1,98,0,0.0,SERVO,1,1,15228,0,0.0,ADD 1,0,1,14982,0,0.0,ADD 2,0,1,15009,0,0.0,ADD 3,0,1,14982,0,0.0,ADD 4,0,1,14944,0,0.0,ADD 5,0,0,0,0,0.0,ADD 6,0,1,14998,0,0.0,ADD 7,0,0,0,0,0.0,EGT2CAN,0,1,14993,0,0.0
1778949469.6688821,0.0,15010,-51.0,0,-,0,0,0,0,0.0,-,0,0,0,0,0.0,ECU,1,1,15239,0,0.0,FAN1,0,0,0,0,0.0,COILS,8,1,0,0,0.0,PUMP,0,0,0,0,0.0,INJECTOR,8,1,98,0,0.0,SERVO,1,1,15228,0,0.0,ADD 1,0,1,14982,0,0.0,ADD 2,0,1,15009,0,0.0,ADD 3,0,1,14982,0,0.0,ADD 4,0,1,14944,0,0.0,ADD 5,0,0,0,0,0.0,ADD 6,0,1,14998,0,0.0,ADD 7,0,0,0,0,0.0,EGT2CAN,0,1,14993,0,0.0
1778949469.7203777,0.0,15010,-51.0,0,-,0,0,0,0,0.0,-,0,0,0,0,0.0,ECU,1,1,14872,0,0.0,FAN1,0,0,0,0,0.0,COILS,8,1,0,0,0.0,PUMP,0,0,0,0,0.0,INJECTOR,8,1,92,0,0.0,SERVO,1,1,14911,0,0.0,ADD 1,0,1,14954,0,0.0,ADD 2,0,1,14965,0,0.0,ADD 3,0,1,14944,0,0.0,ADD 4,0,1,14900,0,0.0,ADD 5,0,0,0,0,0.0,ADD 6,0,1,14954,0,0.0,ADD 7,0,0,0,0,0.0,EGT2CAN,0,1,14965,0,0.0
1778949469.7731118,0.0,15035,-52.0,0,-,0,0,0,0,0.0,-,0,0,0,0,0.0,ECU,1,1,15223,0,0.0,FAN1,0,0,0,0,0.0,COILS,8,1,0,0,0.0,PUMP,0,0,0,0,0.0,INJECTOR,8,1,98,0,0.0,SERVO,1,1,15157,0,0.0,ADD 1,0,1,15228,0,0.0,ADD 2,0,1,15184,0,0.0,ADD 3,0,1,15140,0,0.0,ADD 4,0,1,15075,0,0.0,ADD 5,0,0,0,0,0.0,ADD 6,0,1,15064,0,0.0,ADD 7,0,0,0,0,0.0,EGT2CAN,0,1,15080,0,0.0
1778949469.8433614,0.0,15035,-52.0,0,-,0,0,0,0,0.0,-,0,0,0,0,0.0,ECU,1,1,14998,0,0.0,FAN1,0,0,0,0,0.0,COILS,8,1,0,0,0.0,PUMP,0,0,0,0,0.0,INJECTOR,8,1,92,0,0.0,SERVO,1,1,15020,0,0.0,ADD 1,0,1,15228,0,0.0,ADD 2,0,1,15184,0,0.0,ADD 3,0,1,15140,0,0.0,ADD 4,0,1,15075,0,0.0,ADD 5,0,0,0,0,0.0,ADD 6,0,1,15064,0,0.0,ADD 7,0,0,0,0,0.0,EGT2CAN,0,1,15080,0,0.0
1778949469.8944087,0.0,14930,-54.0,0,-,0,0,0,0,0.0,-,0,0,0,0,0.0,ECU,1,1,15206,0,0.0,FAN1,0,0,0,0,0.0,COILS,8,1,0,0,0.0,PUMP,0,0,0,0,0.0,INJECTOR,8,1,103,0,0.0,SERVO,1,1,15228,0,0.0,ADD 1,0,1,14867,0,0.0,ADD 2,0,1,14938,0,0.0,ADD 3,0,1,14867,0,0.0,ADD 4,0,1,14829,0,0.0,ADD 5,0,0,0,0,0.0,ADD 6,0,1,14927,0,0.0,ADD 7,0,0,0,0,0.0,EGT2CAN,0,1,14861,0,0.0
1778949469.946393,0.0,14985,-52.0,0,-,0,0,0,0,0.0,-,0,0,0,0,0.0,ECU,1,1,14894,0,0.0,FAN1,0,0,0,0,0.0,COILS,8,1,0,0,0.0,PUMP,0,0,0,0,0.0,INJECTOR,8,1,125,0,0.0,SERVO,1,1,14900,0,0.0,ADD 1,0,1,14905,0,0.0,ADD 2,0,1,14987,0,0.0,ADD 3,0,1,14938,0,0.0,ADD 4,0,1,14938,0,0.0,ADD 5,0,0,0,0,0.0,ADD 6,0,1,14960,0,0.0,ADD 7,0,0,0,0,0.0,EGT2CAN,0,1,14911,0,0.0
1778949469.9988682,0.0,14985,-52.0,0,-,0,0,0,0,0.0,-,0,0,0,0,0.0,ECU,1,1,14905,0,0.0,FAN1,0,0,0,0,0.0,COILS,8,1,0,0,0.0,PUMP,0,0,0,0,0.0,INJECTOR,8,1,125,0,0.0,SERVO,1,1,14872,0,0.0,ADD 1,0,1,15168,0,0.0,ADD 2,0,1,15162,0,0.0,ADD 3,0,1,15119,0,0.0,ADD 4,0,1,15075,0,0.0,ADD 5,0,0,0,0,0.0,ADD 6,0,1,14960,0,0.0,ADD 7,0,0,0,0,0.0,EGT2CAN,0,1,14911,0,0.0
1778949470.059945,0.0,15066,-51.0,0,-,0,0,0,0,0.0,-,0,0,0,0,0.0,ECU,1,1,14944,0,0.0,FAN1,0,0,0,0,0.0,COILS,8,1,0,0,0.0,PUMP,0,0,0,0,0.0,INJECTOR,8,1,98,0,0.0,SERVO,1,1,15015,0,0.0,ADD 1,0,1,14944,0,0.0,ADD 2,0,1,15097,0,0.0,ADD 3,0,1,15097,0,0.0,ADD 4,0,1,15053,0,0.0,ADD 5,0,0,0,0,0.0,ADD 6,0,1,15124,0,0.0,ADD 7,0,0,0,0,0.0,EGT2CAN,0,1,15108,0,0.0
1778949470.129256,0.0,14905,-51.0,0,-,0,0,0,0,0.0,-,0,0,0,0,0.0,ECU,1,1,14878,0,0.0,FAN1,0,0,0,0,0.0,COILS,8,1,0,0,0.0,PUMP,0,0,0,0,0.0,INJECTOR,8,1,98,0,0.0,SERVO,1,1,15015,0,0.0,ADD 1,0,1,14944,0,0.0,ADD 2,0,1,15097,0,0.0,ADD 3,0,1,15097,0,0.0,ADD 4,0,1,15053,0,0.0,ADD 5,0,0,0,0,0.0,ADD 6,0,1,15124,0,0.0,ADD 7,0,0,0,0,0.0,EGT2CAN,0,1,15108,0,0.0
1778949470.180095,0.0,15060,-52.0,0,-,0,0,0,0,0.0,-,0,0,0,0,0.0,ECU,1,1,15261,0,0.0,FAN1,0,0,0,0,0.0,COILS,8,1,0,0,0.0,PUMP,0,0,0,0,0.0,INJECTOR,8,1,98,0,0.0,SERVO,1,1,15184,0,0.0,ADD 1,0,1,15168,0,0.0,ADD 2,0,1,15140,0,0.0,ADD 3,0,1,15108,0,0.0,ADD 4,0,1,15037,0,0.0,ADD 5,0,0,0,0,0.0,ADD 6,0,1,15064,0,0.0,ADD 7,0,0,0,0,0.0,EGT2CAN,0,1,15020,0,0.0
1778949470.2328272,0.0,14967,-52.0,0,-,0,0,0,0,0.0,-,0,0,0,0,0.0,ECU,1,1,15140,0,0.0,FAN1,0,0,0,0,0.0,COILS,8,1,0,0,0.0,PUMP,0,0,0,0,0.0,INJECTOR,8,1,87,0,0.0,SERVO,1,1,14845,0,0.0,ADD 1,0,1,14916,0,0.0,ADD 2,0,1,14944,0,0.0,ADD 3,0,1,14976,0,0.0,ADD 4,0,1,14889,0,0.0,ADD 5,0,0,0,0,0.0,ADD 6,0,1,14965,0,0.0,ADD 7,0,0,0,0,0.0,EGT2CAN,0,1,14987,0,0.0
1778949470.283777,0.0,14967,-52.0,0,-,0,0,0,0,0.0,-,0,0,0,0,0.0,ECU,1,1,15031,0,0.0,FAN1,0,0,0,0,0.0,COILS,8,1,0,0,0.0,PUMP,0,0,0,0,0.0,INJECTOR,8,1,87,0,0.0,SERVO,1,1,14845,0,0.0,ADD 1,0,1,14916,0,0.0,ADD 2,0,1,14944,0,0.0,ADD 3,0,1,14976,0,0.0,ADD 4,0,1,14889,0,0.0,ADD 5,0,0,0,0,0.0,ADD 6,0,1,14965,0,0.0,ADD 7,0,0,0,0,0.0,EGT2CAN,0,1,14987,0,0.0
1778949470.3345392,0.0,14930,-51.0,0,-,0,0,0,0,0.0,-,0,0,0,0,0.0,ECU,1,1,14894,0,0.0,FAN1,0,0,0,0,0.0,COILS,8,1,0,0,0.0,PUMP,0,0,0,0,0.0,INJECTOR,8,1,92,0,0.0,SERVO,1,1,14894,0,0.0,ADD 1,0,1,14938,0,0.0,ADD 2,0,1,14987,0,0.0,ADD 3,0,1,14905,0,0.0,ADD 4,0,1,14872,0,0.0,ADD 5,0,0,0,0,0.0,ADD 6,0,1,14944,0,0.0,ADD 7,0,0,0,0,0.0,EGT2CAN,0,1,14872,0,0.0
1778949470.4055452,0.0,14930,-51.0,0,-,0,0,0,0,0.0,-,0,0,0,0,0.0,ECU,1,1,14856,0,0.0,FAN1,0,0,0,0,0.0,COILS,8,1,0,0,0.0,PUMP,0,0,0,0,0.0,INJECTOR,8,1,87,0,0.0,SERVO,1,1,14894,0,0.0,ADD 1,0,1,15168,0,0.0,ADD 2,0,1,15190,0,0.0,ADD 3,0,1,15223,0,0.0,ADD 4,0,1,15151,0,0.0,ADD 5,0,0,0,0,0.0,ADD 6,0,1,14944,0,0.0,ADD 7,0,0,0,0,0.0,EGT2CAN,0,1,14872,0,0.0
1778949470.4559963,0.0,14948,-52.0,0,-,0,0,0,0,0.0,-,0,0,0,0,0.0,ECU,1,1,14954,0,0.0,FAN1,0,0,0,0,0.0,COILS,8,1,0,0,0.0,PUMP,0,0,0,0,0.0,INJECTOR,8,1,92,0,0.0,SERVO,1,1,15009,0,0.0,ADD 1,0,1,15075,0,0.0,ADD 2,0,1,15009,0,0.0,ADD 3,0,1,15108,0,0.0,ADD 4,0,1,15053,0,0.0,ADD 5,0,0,0,0,0.0,ADD 6,0,1,15140,0,0.0,ADD 7,0,0,0,0,0.0,EGT2CAN,0,1,15146,0,0.0
1778949470.5088077,0.0,14948,-52.0,0,-,0,0,0,0,0.0,-,0,0,0,0,0.0,ECU,1,1,14954,0,0.0,FAN1,0,0,0,0,0.0,COILS,8,1,0,0,0.0,PUMP,0,0,0,0,0.0,INJECTOR,8,1,92,0,0.0,SERVO,1,1,15009,0,0.0,ADD 1,0,1,15075,0,0.0,ADD 2,0,1,15009,0,0.0,ADD 3,0,1,15108,0,0.0,ADD 4,0,1,15053,0,0.0,ADD 5,0,0,0,0,0.0,ADD 6,0,1,15140,0,0.0,ADD 7,0,0,0,0,0.0,EGT2CAN,0,1,15146,0,0.0
1778949470.562017,0.0,14948,-52.0,0,-,0,0,0,0,0.0,-,0,0,0,0,0.0,ECU,1,1,14883,0,0.0,FAN1,0,0,0,0,0.0,COILS,8,1,0,0,0.0,PUMP,0,0,0,0,0.0,INJECTOR,8,1,92,0,0.0,SERVO,1,1,14872,0,0.0,ADD 1,0,1,14916,0,0.0,ADD 2,0,1,14922,0,0.0,ADD 3,0,1,14867,0,0.0,ADD 4,0,1,14872,0,0.0,ADD 5,0,0,0,0,0.0,ADD 6,0,1,15140,0,0.0,ADD 7,0,0,0,0,0.0,EGT2CAN,0,1,15146,0,0.0
1778949470.612303,0.0,15035,-51.0,0,-,0,0,0,0,0.0,-,0,0,0,0,0.0,ECU,1,1,15009,0,0.0,FAN1,0,0,0,0,0.0,COILS,8,1,0,0,0.0,PUMP,0,0,0,0,0.0,INJECTOR,8,1,98,0,0.0,SERVO,1,1,14905,0,0.0,ADD 1,0,1,14954,0,0.0,ADD 2,0,1,14960,0,0.0,ADD 3,0,1,14938,0,0.0,ADD 4,0,1,14911,0,0.0,ADD 5,0,0,0,0,0.0,ADD 6,0,1,14976,0,0.0,ADD 7,0,0,0,0,0.0,EGT2CAN,0,1,14905,0,0.0
1778949470.6633458,0.0,15035,-51.0,0,-,0,0,0,0,0.0,-,0,0,0,0,0.0,ECU,1,1,15009,0,0.0,FAN1,0,0,0,0,0.0,COILS,8,1,0,0,0.0,PUMP,0,0,0,0,0.0,INJECTOR,8,1,98,0,0.0,SERVO,1,1,14905,0,0.0,ADD 1,0,1,14954,0,0.0,ADD 2,0,1,14960,0,0.0,ADD 3,0,1,14938,0,0.0,ADD 4,0,1,14911,0,0.0,ADD 5,0,0,0,0,0.0,ADD 6,0,1,14976,0,0.0,ADD 7,0,0,0,0,0.0,EGT2CAN,0,1,14905,0,0.0
1778949470.7147171,0.0,15035,-51.0,0,-,0,0,0,0,0.0,-,0,0,0,0,0.0,ECU,1,1,15037,0,0.0,FAN1,0,0,0,0,0.0,COILS,8,1,0,0,0.0,PUMP,0,0,0,0,0.0,INJECTOR,8,1,92,0,0.0,SERVO,1,1,15173,0,0.0,ADD 1,0,1,15190,0,0.0,ADD 2,0,1,15212,0,0.0,ADD 3,0,1,15157,0,0.0,ADD 4,0,1,15119,0,0.0,ADD 5,0,0,0,0,0.0,ADD 6,0,1,15228,0,0.0,ADD 7,0,0,0,0,0.0,EGT2CAN,0,1,15190,0,0.0
1778949470.7651815,0.0,14930,-51.0,0,-,0,0,0,0,0.0,-,0,0,0,0,0.0,ECU,1,1,14916,0,0.0,FAN1,0,0,0,0,0.0,COILS,8,1,0,0,0.0,PUMP,0,0,0,0,0.0,INJECTOR,8,1,92,0,0.0,SERVO,1,1,15009,0,0.0,ADD 1,0,1,14905,0,0.0,ADD 2,0,1,14894,0,0.0,ADD 3,0,1,14916,0,0.0,ADD 4,0,1,14889,0,0.0,ADD 5,0,0,0,0,0.0,ADD 6,0,1,14916,0,0.0,ADD 7,0,0,0,0,0.0,EGT2CAN,0,1,14883,0,0.0
1778949470.8211086,0.0,14930,-51.0,0,-,0,0,0,0,0.0,-,0,0,0,0,0.0,ECU,1,1,14905,0,0.0,FAN1,0,0,0,0,0.0,COILS,8,1,0,0,0.0,PUMP,0,0,0,0,0.0,INJECTOR,8,1,92,0,0.0,SERVO,1,1,14900,0,0.0,ADD 1,0,1,14905,0,0.0,ADD 2,0,1,14894,0,0.0,ADD 3,0,1,14916,0,0.0,ADD 4,0,1,14889,0,0.0,ADD 5,0,0,0,0,0.0,ADD 6,0,1,14916,0,0.0,ADD 7,0,0,0,0,0.0,EGT2CAN,0,1,14883,0,0.0
1778949470.8718843,0.0,15078,-51.0,0,-,0,0,0,0,0.0,-,0,0,0,0,0.0,ECU,1,1,15031,0,0.0,FAN1,0,0,0,0,0.0,COILS,8,1,0,0,0.0,PUMP,0,0,0,0,0.0,INJECTOR,8,1,114,0,0.0,SERVO,1,1,14851,0,0.0,ADD 1,0,1,15113,0,0.0,ADD 2,0,1,15119,0,0.0,ADD 3,0,1,15157,0,0.0,ADD 4,0,1,15119,0,0.0,ADD 5,0,0,0,0,0.0,ADD 6,0,1,15168,0,0.0,ADD 7,0,0,0,0,0.0,EGT2CAN,0,1,15168,0,0.0
1778949470.9355118,0.0,14930,-52.0,0,-,0,0,0,0,0.0,-,0,0,0,0,0.0,ECU,1,1,15124,0,0.0,FAN1,0,0,0,0,0.0,COILS,8,1,0,0,0.0,PUMP,0,0,0,0,0.0,INJECTOR,8,1,114,0,0.0,SERVO,1,1,15157,0,0.0,ADD 1,0,1,15212,0,0.0,ADD 2,0,1,15261,0,0.0,ADD 3,0,1,15244,0,0.0,ADD 4,0,1,15223,0,0.0,ADD 5,0,0,0,0,0.0,ADD 6,0,1,15299,0,0.0,ADD 7,0,0,0,0,0.0,EGT2CAN,0,1,15190,0,0.0
1778949470.9868495,0.0,14930,-52.0,0,-,0,0,0,0,0.0,-,0,0,0,0,0.0,ECU,1,1,14933,0,0.0,FAN1,0,0,0,0,0.0,COILS,8,1,0,0,0.0,PUMP,0,0,0,0,0.0,INJECTOR,8,1,114,0,0.0,SERVO,1,1,15157,0,0.0,ADD 1,0,1,15212,0,0.0,ADD 2,0,1,15261,0,0.0,ADD 3,0,1,15244,0,0.0,ADD 4,0,1,15223,0,0.0,ADD 5,0,0,0,0,0.0,ADD 6,0,1,15299,0,0.0,ADD 7,0,0,0,0,0.0,EGT2CAN,0,1,15190,0,0.0
1778949471.0380113,0.0,15054,-51.0,0,-,0,0,0,0,0.0,-,0,0,0,0,0.0,ECU,1,1,14993,0,0.0,FAN1,0,0,0,0,0.0,COILS,8,1,0,0,0.0,PUMP,0,0,0,0,0.0,INJECTOR,8,1,65,0,0.0,SERVO,1,1,14878,0,0.0,ADD 1,0,1,14960,0,0.0,ADD 2,0,1,14922,0,0.0,ADD 3,0,1,14872,0,0.0,ADD 4,0,1,14900,0,0.0,ADD 5,0,0,0,0,0.0,ADD 6,0,1,14993,0,0.0,ADD 7,0,0,0,0,0.0,EGT2CAN,0,1,14916,0,0.0
1778949471.0891132,0.0,15153,-52.0,0,-,0,0,0,0,0.0,-,0,0,0,0,0.0,ECU,1,1,15091,0,0.0,FAN1,0,0,0,0,0.0,COILS,8,1,0,0,0.0,PUMP,0,0,0,0,0.0,INJECTOR,8,1,103,0,0.0,SERVO,1,1,15140,0,0.0,ADD 1,0,1,15228,0,0.0,ADD 2,0,1,15217,0,0.0,ADD 3,0,1,15233,0,0.0,ADD 4,0,1,15162,0,0.0,ADD 5,0,0,0,0,0.0,ADD 6,0,1,15277,0,0.0,ADD 7,0,0,0,0,0.0,EGT2CAN,0,1,15266,0,0.0
1778949471.1404145,0.0,15153,-52.0,0,-,0,0,0,0,0.0,-,0,0,0,0,0.0,ECU,1,1,15168,0,0.0,FAN1,0,0,0,0,0.0,COILS,8,1,0,0,0.0,PUMP,0,0,0,0,0.0,INJECTOR,8,1,92,0,0.0,SERVO,1,1,15201,0,0.0,ADD 1,0,1,14872,0,0.0,ADD 2,0,1,14872,0,0.0,ADD 3,0,1,14861,0,0.0,ADD 4,0,1,14878,0,0.0,ADD 5,0,0,0,0,0.0,ADD 6,0,1,14944,0,0.0,ADD 7,0,0,0,0,0.0,EGT2CAN,0,1,14933,0,0.0
1778949471.1930678,0.0,14911,-51.0,0,-,0,0,0,0,0.0,-,0,0,0,0,0.0,ECU,1,1,14954,0,0.0,FAN1,0,0,0,0,0.0,COILS,8,1,0,0,0.0,PUMP,0,0,0,0,0.0,INJECTOR,8,1,87,0,0.0,SERVO,1,1,14965,0,0.0,ADD 1,0,1,14938,0,0.0,ADD 2,0,1,14960,0,0.0,ADD 3,0,1,14916,0,0.0,ADD 4,0,1,14894,0,0.0,ADD 5,0,0,0,0,0.0,ADD 6,0,1,14944,0,0.0,ADD 7,0,0,0,0,0.0,EGT2CAN,0,1,14922,0,0.0
1778949471.2630186,0.0,14911,-51.0,0,-,0,0,0,0,0.0,-,0,0,0,0,0.0,ECU,1,1,14889,0,0.0,FAN1,0,0,0,0,0.0,COILS,8,1,0,0,0.0,PUMP,0,0,0,0,0.0,INJECTOR,8,1,98,0,0.0,SERVO,1,1,14845,0,0.0,ADD 1,0,1,15047,0,0.0,ADD 2,0,1,14982,0,0.0,ADD 3,0,1,14949,0,0.0,ADD 4,0,1,14916,0,0.0,ADD 5,0,0,0,0,0.0,ADD 6,0,1,15009,0,0.0,ADD 7,0,0,0,0,0.0,EGT2CAN,0,1,14938,0,0.0
1778949471.3139083,0.0,14868,-52.0,0,-,0,0,0,0,0.0,-,0,0,0,0,0.0,ECU,1,1,15250,0,0.0,FAN1,0,0,0,0,0.0,COILS,8,1,0,0,0.0,PUMP,0,0,0,0,0.0,INJECTOR,8,1,103,0,0.0,SERVO,1,1,15261,0,0.0,ADD 1,0,1,14894,0,0.0,ADD 2,0,1,14916,0,0.0,ADD 3,0,1,14933,0,0.0,ADD 4,0,1,14878,0,0.0,ADD 5,0,0,0,0,0.0,ADD 6,0,1,14911,0,0.0,ADD 7,0,0,0,0,0.0,EGT2CAN,0,1,14911,0,0.0
1778949471.366511,0.0,14868,-52.0,0,-,0,0,0,0,0.0,-,0,0,0,0,0.0,ECU,1,1,15250,0,0.0,FAN1,0,0,0,0,0.0,COILS,8,1,0,0,0.0,PUMP,0,0,0,0,0.0,INJECTOR,8,1,103,0,0.0,SERVO,1,1,15261,0,0.0,ADD 1,0,1,14894,0,0.0,ADD 2,0,1,14916,0,0.0,ADD 3,0,1,14933,0,0.0,ADD 4,0,1,14878,0,0.0,ADD 5,0,0,0,0,0.0,ADD 6,0,1,14911,0,0.0,ADD 7,0,0,0,0,0.0,EGT2CAN,0,1,14911,0,0.0
1778949471.4201393,0.0,14868,-52.0,0,-,0,0,0,0,0.0,-,0,0,0,0,0.0,ECU,1,1,14872,0,0.0,FAN1,0,0,0,0,0.0,COILS,8,1,0,0,0.0,PUMP,0,0,0,0,0.0,INJECTOR,8,1,92,0,0.0,SERVO,1,1,14861,0,0.0,ADD 1,0,1,14894,0,0.0,ADD 2,0,1,14916,0,0.0,ADD 3,0,1,14933,0,0.0,ADD 4,0,1,14878,0,0.0,ADD 5,0,0,0,0,0.0,ADD 6,0,1,14911,0,0.0,ADD 7,0,0,0,0,0.0,EGT2CAN,0,1,14911,0,0.0
1778949471.4707234,0.0,15035,-52.0,0,-,0,0,0,0,0.0,-,0,0,0,0,0.0,ECU,1,1,15233,0,0.0,FAN1,0,0,0,0,0.0,COILS,8,1,0,0,0.0,PUMP,0,0,0,0,0.0,INJECTOR,8,1,92,0,0.0,SERVO,1,1,15179,0,0.0,ADD 1,0,1,15184,0,0.0,ADD 2,0,1,15233,0,0.0,ADD 3,0,1,15212,0,0.0,ADD 4,0,1,15135,0,0.0,ADD 5,0,0,0,0,0.0,ADD 6,0,1,15119,0,0.0,ADD 7,0,0,0,0,0.0,EGT2CAN,0,1,15047,0,0.0
1778949471.5237563,0.0,15035,-52.0,0,-,0,0,0,0,0.0,-,0,0,0,0,0.0,ECU,1,1,15151,0,0.0,FAN1,0,0,0,0,0.0,COILS,8,1,0,0,0.0,PUMP,0,0,0,0,0.0,INJECTOR,8,1,87,0,0.0,SERVO,1,1,14889,0,0.0,ADD 1,0,1,14987,0,0.0,ADD 2,0,1,15047,0,0.0,ADD 3,0,1,15009,0,0.0,ADD 4,0,1,14993,0,0.0,ADD 5,0,0,0,0,0.0,ADD 6,0,1,15047,0,0.0,ADD 7,0,0,0,0,0.0,EGT2CAN,0,1,14976,0,0.0
1778949471.574852,0.0,14992,-52.0,0,-,0,0,0,0,0.0,-,0,0,0,0,0.0,ECU,1,1,15151,0,0.0,FAN1,0,0,0,0,0.0,COILS,8,1,0,0,0.0,PUMP,0,0,0,0,0.0,INJECTOR,8,1,87,0,0.0,SERVO,1,1,14889,0,0.0,ADD 1,0,1,14987,0,0.0,ADD 2,0,1,15047,0,0.0,ADD 3,0,1,15009,0,0.0,ADD 4,0,1,14993,0,0.0,ADD 5,0,0,0,0,0.0,ADD 6,0,1,15047,0,0.0,ADD 7,0,0,0,0,0.0,EGT2CAN,0,1,14976,0,0.0
1778949471.6254463,0.0,14961,-51.0,0,-,0,0,0,0,0.0,-,0,0,0,0,0.0,ECU,1,1,14922,0,0.0,FAN1,0,0,0,0,0.0,COILS,8,1,0,0,0.0,PUMP,0,0,0,0,0.0,INJECTOR,8,1,92,0,0.0,SERVO,1,1,14911,0,0.0,ADD 1,0,1,14954,0,0.0,ADD 2,0,1,14987,0,0.0,ADD 3,0,1,14982,0,0.0,ADD 4,0,1,14922,0,0.0,ADD 5,0,0,0,0,0.0,ADD 6,0,1,15009,0,0.0,ADD 7,0,0,0,0,0.0,EGT2CAN,0,1,14883,0,0.0
1778949471.6764128,0.0,14961,-51.0,0,-,0,0,0,0,0.0,-,0,0,0,0,0.0,ECU,1,1,14922,0,0.0,FAN1,0,0,0,0,0.0,COILS,8,1,0,0,0.0,PUMP,0,0,0,0,0.0,INJECTOR,8,1,92,0,0.0,SERVO,1,1,14911,0,0.0,ADD 1,0,1,14954,0,0.0,ADD 2,0,1,14987,0,0.0,ADD 3,0,1,14982,0,0.0,ADD 4,0,1,14922,0,0.0,ADD 5,0,0,0,0,0.0,ADD 6,0,1,15009,0,0.0,ADD 7,0,0,0,0,0.0,EGT2CAN,0,1,14883,0,0.0
1778949471.7274022,0.0,14961,-51.0,0,-,0,0,0,0,0.0,-,0,0,0,0,0.0,ECU,1,1,14872,0,0.0,FAN1,0,0,0,0,0.0,COILS,8,1,0,0,0.0,PUMP,0,0,0,0,0.0,INJECTOR,8,1,92,0,0.0,SERVO,1,1,14856,0,0.0,ADD 1,0,1,15190,0,0.0,ADD 2,0,1,15261,0,0.0,ADD 3,0,1,15179,0,0.0,ADD 4,0,1,15173,0,0.0,ADD 5,0,0,0,0,0.0,ADD 6,0,1,15179,0,0.0,ADD 7,0,0,0,0,0.0,EGT2CAN,0,1,15124,0,0.0
1778949471.7788498,0.0,14985,-52.0,0,-,0,0,0,0,0.0,-,0,0,0,0,0.0,ECU,1,1,14916,0,0.0,FAN1,0,0,0,0,0.0,COILS,8,1,0,0,0.0,PUMP,0,0,0,0,0.0,INJECTOR,8,1,98,0,0.0,SERVO,1,1,14916,0,0.0,ADD 1,0,1,14889,0,0.0,ADD 2,0,1,14889,0,0.0,ADD 3,0,1,14894,0,0.0,ADD 4,0,1,14856,0,0.0,ADD 5,0,0,0,0,0.0,ADD 6,0,1,14954,0,0.0,ADD 7,0,0,0,0,0.0,EGT2CAN,0,1,14894,0,0.0
1778949471.8294442,0.0,14985,-52.0,0,-,0,0,0,0,0.0,-,0,0,0,0,0.0,ECU,1,1,14916,0,0.0,FAN1,0,0,0,0,0.0,COILS,8,1,0,0,0.0,PUMP,0,0,0,0,0.0,INJECTOR,8,1,98,0,0.0,SERVO,1,1,14916,0,0.0,ADD 1,0,1,14889,0,0.0,ADD 2,0,1,14889,0,0.0,ADD 3,0,1,14894,0,0.0,ADD 4,0,1,14856,0,0.0,ADD 5,0,0,0,0,0.0,ADD 6,0,1,14954,0,0.0,ADD 7,0,0,0,0,0.0,EGT2CAN,0,1,14894,0,0.0
1778949471.880576,0.0,14985,-52.0,0,-,0,0,0,0,0.0,-,0,0,0,0,0.0,ECU,1,1,14916,0,0.0,FAN1,0,0,0,0,0.0,COILS,8,1,0,0,0.0,PUMP,0,0,0,0,0.0,INJECTOR,8,1,98,0,0.0,SERVO,1,1,14916,0,0.0,ADD 1,0,1,14922,0,0.0,ADD 2,0,1,14944,0,0.0,ADD 3,0,1,14922,0,0.0,ADD 4,0,1,14916,0,0.0,ADD 5,0,0,0,0,0.0,ADD 6,0,1,14971,0,0.0,ADD 7,0,0,0,0,0.0,EGT2CAN,0,1,14927,0,0.0
1778949471.9340963,0.0,15072,-51.0,0,-,0,0,0,0,0.0,-,0,0,0,0,0.0,ECU,1,1,14905,0,0.0,FAN1,0,0,0,0,0.0,COILS,8,1,0,0,0.0,PUMP,0,0,0,0,0.0,INJECTOR,8,1,87,0,0.0,SERVO,1,1,14993,0,0.0,ADD 1,0,1,14987,0,0.0,ADD 2,0,1,15009,0,0.0,ADD 3,0,1,15020,0,0.0,ADD 4,0,1,14998,0,0.0,ADD 5,0,0,0,0,0.0,ADD 6,0,1,15009,0,0.0,ADD 7,0,0,0,0,0.0,EGT2CAN,0,1,15009,0,0.0
1778949471.9863124,0.0,15072,-51.0,0,-,0,0,0,0,0.0,-,0,0,0,0,0.0,ECU,1,1,15244,0,0.0,FAN1,0,0,0,0,0.0,COILS,8,1,0,0,0.0,PUMP,0,0,0,0,0.0,INJECTOR,8,1,92,0,0.0,SERVO,1,1,15283,0,0.0,ADD 1,0,1,14987,0,0.0,ADD 2,0,1,15009,0,0.0,ADD 3,0,1,15020,0,0.0,ADD 4,0,1,14998,0,0.0,ADD 5,0,0,0,0,0.0,ADD 6,0,1,15009,0,0.0,ADD 7,0,0,0,0,0.0,EGT2CAN,0,1,15009,0,0.0
1778949472.0365531,0.0,14930,-51.0,0,-,0,0,0,0,0.0,-,0,0,0,0,0.0,ECU,1,1,15244,0,0.0,FAN1,0,0,0,0,0.0,COILS,8,1,0,0,0.0,PUMP,0,0,0,0,0.0,INJECTOR,8,1,92,0,0.0,SERVO,1,1,15283,0,0.0,ADD 1,0,1,14916,0,0.0,ADD 2,0,1,14894,0,0.0,ADD 3,0,1,14894,0,0.0,ADD 4,0,1,14807,0,0.0,ADD 5,0,0,0,0,0.0,ADD 6,0,1,14905,0,0.0,ADD 7,0,0,0,0,0.0,EGT2CAN,0,1,14872,0,0.0
1778949472.1048028,0.0,14979,-51.0,0,-,0,0,0,0,0.0,-,0,0,0,0,0.0,ECU,1,1,14944,0,0.0,FAN1,0,0,0,0,0.0,COILS,8,1,0,0,0.0,PUMP,0,0,0,0,0.0,INJECTOR,8,1,92,0,0.0,SERVO,1,1,14851,0,0.0,ADD 1,0,1,14982,0,0.0,ADD 2,0,1,14944,0,0.0,ADD 3,0,1,14933,0,0.0,ADD 4,0,1,14922,0,0.0,ADD 5,0,0,0,0,0.0,ADD 6,0,1,14944,0,0.0,ADD 7,0,0,0,0,0.0,EGT2CAN,0,1,14878,0,0.0
1778949472.1613572,0.0,14979,-51.0,0,-,0,0,0,0,0.0,-,0,0,0,0,0.0,ECU,1,1,15113,0,0.0,FAN1,0,0,0,0,0.0,COILS,8,1,0,0,0.0,PUMP,0,0,0,0,0.0,INJECTOR,8,1,109,0,0.0,SERVO,1,1,15009,0,0.0,ADD 1,0,1,15239,0,0.0,ADD 2,0,1,15228,0,0.0,ADD 3,0,1,15217,0,0.0,ADD 4,0,1,15179,0,0.0,ADD 5,0,0,0,0,0.0,ADD 6,0,1,14944,0,0.0,ADD 7,0,0,0,0,0.0,EGT2CAN,0,1,14878,0,0.0
1778949472.2214036,0.0,14955,-52.0,0,-,0,0,0,0,0.0,-,0,0,0,0,0.0,ECU,1,1,14883,0,0.0,FAN1,0,0,0,0,0.0,COILS,8,1,0,0,0.0,PUMP,0,0,0,0,0.0,INJECTOR,8,1,92,0,0.0,SERVO,1,1,14889,0,0.0,ADD 1,0,1,14889,0,0.0,ADD 2,0,1,14900,0,0.0,ADD 3,0,1,14922,0,0.0,ADD 4,0,1,14856,0,0.0,ADD 5,0,0,0,0,0.0,ADD 6,0,1,14916,0,0.0,ADD 7,0,0,0,0,0.0,EGT2CAN,0,1,14965,0,0.0
1778949472.2723746,0.0,14955,-52.0,0,-,0,0,0,0,0.0,-,0,0,0,0,0.0,ECU,1,1,14976,0,0.0,FAN1,0,0,0,0,0.0,COILS,8,1,0,0,0.0,PUMP,0,0,0,0,0.0,INJECTOR,8,1,98,0,0.0,SERVO,1,1,14944,0,0.0,ADD 1,0,1,14965,0,0.0,ADD 2,0,1,14960,0,0.0,ADD 3,0,1,14922,0,0.0,ADD 4,0,1,14856,0,0.0,ADD 5,0,0,0,0,0.0,ADD 6,0,1,14916,0,0.0,ADD 7,0,0,0,0,0.0,EGT2CAN,0,1,14965,0,0.0
1778949472.3232226,0.0,14961,-51.0,0,-,0,0,0,0,0.0,-,0,0,0,0,0.0,ECU,1,1,15201,0,0.0,FAN1,0,0,0,0,0.0,COILS,8,1,0,0,0.0,PUMP,0,0,0,0,0.0,INJECTOR,8,1,98,0,0.0,SERVO,1,1,14960,0,0.0,ADD 1,0,1,15009,0,0.0,ADD 2,0,1,14922,0,0.0,ADD 3,0,1,14916,0,0.0,ADD 4,0,1,14851,0,0.0,ADD 5,0,0,0,0,0.0,ADD 6,0,1,14993,0,0.0,ADD 7,0,0,0,0,0.0,EGT2CAN,0,1,14960,0,0.0
1778949472.3865972,0.0,15177,-51.0,0,-,0,0,0,0,0.0,-,0,0,0,0,0.0,ECU,1,1,15146,0,0.0,FAN1,0,0,0,0,0.0,COILS,8,1,0,0,0.0,PUMP,0,0,0,0,0.0,INJECTOR,8,1,98,0,0.0,SERVO,1,1,15173,0,0.0,ADD 1,0,1,15223,0,0.0,ADD 2,0,1,15206,0,0.0,ADD 3,0,1,15212,0,0.0,ADD 4,0,1,15250,0,0.0,ADD 5,0,0,0,0,0.0,ADD 6,0,1,15326,0,0.0,ADD 7,0,0,0,0,0.0,EGT2CAN,0,1,15305,0,0.0
1778949472.4380817,0.0,15177,-51.0,0,-,0,0,0,0,0.0,-,0,0,0,0,0.0,ECU,1,1,15223,0,0.0,FAN1,0,0,0,0,0.0,COILS,8,1,0,0,0.0,PUMP,0,0,0,0,0.0,INJECTOR,8,1,98,0,0.0,SERVO,1,1,15184,0,0.0,ADD 1,0,1,14878,0,0.0,ADD 2,0,1,14916,0,0.0,ADD 3,0,1,14905,0,0.0,ADD 4,0,1,14894,0,0.0,ADD 5,0,0,0,0,0.0,ADD 6,0,1,14971,0,0.0,ADD 7,0,0,0,0,0.0,EGT2CAN,0,1,14916,0,0.0
1778949472.4889126,0.0,14911,-51.0,0,-,0,0,0,0,0.0,-,0,0,0,0,0.0,ECU,1,1,14993,0,0.0,FAN1,0,0,0,0,0.0,COILS,8,1,0,0,0.0,PUMP,0,0,0,0,0.0,INJECTOR,8,1,109,0,0.0,SERVO,1,1,15080,0,0.0,ADD 1,0,1,14911,0,0.0,ADD 2,0,1,14900,0,0.0,ADD 3,0,1,14911,0,0.0,ADD 4,0,1,14851,0,0.0,ADD 5,0,0,0,0,0.0,ADD 6,0,1,14916,0,0.0,ADD 7,0,0,0,0,0.0,EGT2CAN,0,1,14900,0,0.0
1778949472.5405452,0.0,15029,-52.0,0,-,0,0,0,0,0.0,-,0,0,0,0,0.0,ECU,1,1,14965,0,0.0,FAN1,0,0,0,0,0.0,COILS,8,1,0,0,0.0,PUMP,0,0,0,0,0.0,INJECTOR,8,1,92,0,0.0,SERVO,1,1,14927,0,0.0,ADD 1,0,1,14944,0,0.0,ADD 2,0,1,14971,0,0.0,ADD 3,0,1,14938,0,0.0,ADD 4,0,1,14949,0,0.0,ADD 5,0,0,0,0,0.0,ADD 6,0,1,15004,0,0.0,ADD 7,0,0,0,0,0.0,EGT2CAN,0,1,14987,0,0.0
1778949472.5915022,0.0,15029,-52.0,0,-,0,0,0,0,0.0,-,0,0,0,0,0.0,ECU,1,1,14922,0,0.0,FAN1,0,0,0,0,0.0,COILS,8,1,0,0,0.0,PUMP,0,0,0,0,0.0,INJECTOR,8,1,109,0,0.0,SERVO,1,1,14872,0,0.0,ADD 1,0,1,14944,0,0.0,ADD 2,0,1,14971,0,0.0,ADD 3,0,1,14938,0,0.0,ADD 4,0,1,14949,0,0.0,ADD 5,0,0,0,0,0.0,ADD 6,0,1,15004,0,0.0,ADD 7,0,0,0,0,0.0,EGT2CAN,0,1,14987,0,0.0
1778949472.6452067,0.0,14942,-52.0,0,-,0,0,0,0,0.0,-,0,0,0,0,0.0,ECU,1,1,15124,0,0.0,FAN1,0,0,0,0,0.0,COILS,8,1,0,0,0.0,PUMP,0,0,0,0,0.0,INJECTOR,8,1,98,0,0.0,SERVO,1,1,15168,0,0.0,ADD 1,0,1,15277,0,0.0,ADD 2,0,1,15283,0,0.0,ADD 3,0,1,15277,0,0.0,ADD 4,0,1,15261,0,0.0,ADD 5,0,0,0,0,0.0,ADD 6,0,1,15310,0,0.0,ADD 7,0,0,0,0,0.0,EGT2CAN,0,1,15239,0,0.0
1778949472.6958673,0.0,14942,-52.0,0,-,0,0,0,0,0.0,-,0,0,0,0,0.0,ECU,1,1,14894,0,0.0,FAN1,0,0,0,0,0.0,COILS,8,1,0,0,0.0,PUMP,0,0,0,0,0.0,INJECTOR,8,1,87,0,0.0,SERVO,1,1,14861,0,0.0,ADD 1,0,1,14916,0,0.0,ADD 2,0,1,14944,0,0.0,ADD 3,0,1,14922,0,0.0,ADD 4,0,1,14829,0,0.0,ADD 5,0,0,0,0,0.0,ADD 6,0,1,14938,0,0.0,ADD 7,0,0,0,0,0.0,EGT2CAN,0,1,14927,0,0.0
1778949472.7470615,0.0,14979,-52.0,0,-,0,0,0,0,0.0,-,0,0,0,0,0.0,ECU,1,1,14916,0,0.0,FAN1,0,0,0,0,0.0,COILS,8,1,0,0,0.0,PUMP,0,0,0,0,0.0,INJECTOR,8,1,125,0,0.0,SERVO,1,1,14894,0,0.0,ADD 1,0,1,14900,0,0.0,ADD 2,0,1,14933,0,0.0,ADD 3,0,1,14900,0,0.0,ADD 4,0,1,14883,0,0.0,ADD 5,0,0,0,0,0.0,ADD 6,0,1,14938,0,0.0,ADD 7,0,0,0,0,0.0,EGT2CAN,0,1,14927,0,0.0
1778949472.7987335,0.0,15190,-52.0,0,-,0,0,0,0,0.0,-,0,0,0,0,0.0,ECU,1,1,15146,0,0.0,FAN1,0,0,0,0,0.0,COILS,8,1,0,0,0.0,PUMP,0,0,0,0,0.0,INJECTOR,8,1,103,0,0.0,SERVO,1,1,14889,0,0.0,ADD 1,0,1,14982,0,0.0,ADD 2,0,1,14944,0,0.0,ADD 3,0,1,14944,0,0.0,ADD 4,0,1,14960,0,0.0,ADD 5,0,0,0,0,0.0,ADD 6,0,1,15031,0,0.0,ADD 7,0,0,0,0,0.0,EGT2CAN,0,1,14982,0,0.0
1778949472.863918,0.0,15190,-52.0,0,-,0,0,0,0,0.0,-,0,0,0,0,0.0,ECU,1,1,14944,0,0.0,FAN1,0,0,0,0,0.0,COILS,8,1,0,0,0.0,PUMP,0,0,0,0,0.0,INJECTOR,8,1,87,0,0.0,SERVO,1,1,15119,0,0.0,ADD 1,0,1,15217,0,0.0,ADD 2,0,1,15184,0,0.0,ADD 3,0,1,15201,0,0.0,ADD 4,0,1,15184,0,0.0,ADD 5,0,0,0,0,0.0,ADD 6,0,1,15244,0,0.0,ADD 7,0,0,0,0,0.0,EGT2CAN,0,1,15168,0,0.0
1778949472.9150043,0.0,15010,-52.0,0,-,0,0,0,0,0.0,-,0,0,0,0,0.0,ECU,1,1,14960,0,0.0,FAN1,0,0,0,0,0.0,COILS,8,1,0,0,0.0,PUMP,0,0,0,0,0.0,INJECTOR,8,1,87,0,0.0,SERVO,1,1,14872,0,0.0,ADD 1,0,1,14965,0,0.0,ADD 2,0,1,14960,0,0.0,ADD 3,0,1,14927,0,0.0,ADD 4,0,1,14883,0,0.0,ADD 5,0,0,0,0,0.0,ADD 6,0,1,14927,0,0.0,ADD 7,0,0,0,0,0.0,EGT2CAN,0,1,14944,0,0.0
1778949472.9660316,0.0,15010,-52.0,0,-,0,0,0,0,0.0,-,0,0,0,0,0.0,ECU,1,1,14960,0,0.0,FAN1,0,0,0,0,0.0,COILS,8,1,0,0,0.0,PUMP,0,0,0,0,0.0,INJECTOR,8,1,87,0,0.0,SERVO,1,1,14872,0,0.0,ADD 1,0,1,14965,0,0.0,ADD 2,0,1,14960,0,0.0,ADD 3,0,1,14927,0,0.0,ADD 4,0,1,14883,0,0.0,ADD 5,0,0,0,0,0.0,ADD 6,0,1,14927,0,0.0,ADD 7,0,0,0,0,0.0,EGT2CAN,0,1,14944,0,0.0
1778949473.018854,0.0,15010,-52.0,0,-,0,0,0,0,0.0,-,0,0,0,0,0.0,ECU,1,1,14938,0,0.0,FAN1,0,0,0,0,0.0,COILS,8,1,0,0,0.0,PUMP,0,0,0,0,0.0,INJECTOR,8,1,92,0,0.0,SERVO,1,1,14894,0,0.0,ADD 1,0,1,15250,0,0.0,ADD 2,0,1,15228,0,0.0,ADD 3,0,1,15157,0,0.0,ADD 4,0,1,15190,0,0.0,ADD 5,0,0,0,0,0.0,ADD 6,0,1,15223,0,0.0,ADD 7,0,0,0,0,0.0,EGT2CAN,0,1,15130,0,0.0
1778949473.069047,0.0,14955,-51.0,0,-,0,0,0,0,0.0,-,0,0,0,0,0.0,ECU,1,1,15124,0,0.0,FAN1,0,0,0,0,0.0,COILS,8,1,0,0,0.0,PUMP,0,0,0,0,0.0,INJECTOR,8,1,92,0,0.0,SERVO,1,1,15135,0,0.0,ADD 1,0,1,15212,0,0.0,ADD 2,0,1,15201,0,0.0,ADD 3,0,1,15233,0,0.0,ADD 4,0,1,15173,0,0.0,ADD 5,0,0,0,0,0.0,ADD 6,0,1,15255,0,0.0,ADD 7,0,0,0,0,0.0,EGT2CAN,0,1,15228,0,0.0
1778949473.120407,0.0,14955,-51.0,0,-,0,0,0,0,0.0,-,0,0,0,0,0.0,ECU,1,1,15124,0,0.0,FAN1,0,0,0,0,0.0,COILS,8,1,0,0,0.0,PUMP,0,0,0,0,0.0,INJECTOR,8,1,92,0,0.0,SERVO,1,1,15135,0,0.0,ADD 1,0,1,15212,0,0.0,ADD 2,0,1,15201,0,0.0,ADD 3,0,1,15233,0,0.0,ADD 4,0,1,15173,0,0.0,ADD 5,0,0,0,0,0.0,ADD 6,0,1,15255,0,0.0,ADD 7,0,0,0,0,0.0,EGT2CAN,0,1,15228,0,0.0
1778949473.171297,0.0,14955,-51.0,0,-,0,0,0,0,0.0,-,0,0,0,0,0.0,ECU,1,1,14905,0,0.0,FAN1,0,0,0,0,0.0,COILS,8,1,0,0,0.0,PUMP,0,0,0,0,0.0,INJECTOR,8,1,92,0,0.0,SERVO,1,1,14905,0,0.0,ADD 1,0,1,14982,0,0.0,ADD 2,0,1,14998,0,0.0,ADD 3,0,1,14949,0,0.0,ADD 4,0,1,14954,0,0.0,ADD 5,0,0,0,0,0.0,ADD 6,0,1,15047,0,0.0,ADD 7,0,0,0,0,0.0,EGT2CAN,0,1,14971,0,0.0
1778949473.2220685,0.0,14924,-52.0,0,-,0,0,0,0,0.0,-,0,0,0,0,0.0,ECU,1,1,15206,0,0.0,FAN1,0,0,0,0,0.0,COILS,8,1,0,0,0.0,PUMP,0,0,0,0,0.0,INJECTOR,8,1,87,0,0.0,SERVO,1,1,15173,0,0.0,ADD 1,0,1,15173,0,0.0,ADD 2,0,1,15217,0,0.0,ADD 3,0,1,15173,0,0.0,ADD 4,0,1,15168,0,0.0,ADD 5,0,0,0,0,0.0,ADD 6,0,1,15151,0,0.0,ADD 7,0,0,0,0,0.0,EGT2CAN,0,1,15130,0,0.0
1778949473.289956,0.0,14924,-52.0,0,-,0,0,0,0,0.0,-,0,0,0,0,0.0,ECU,1,1,15212,0,0.0,FAN1,0,0,0,0,0.0,COILS,8,1,0,0,0.0,PUMP,0,0,0,0,0.0,INJECTOR,8,1,98,0,0.0,SERVO,1,1,15266,0,0.0,ADD 1,0,1,15173,0,0.0,ADD 2,0,1,15217,0,0.0,ADD 3,0,1,15173,0,0.0,ADD 4,0,1,15168,0,0.0,ADD 5,0,0,0,0,0.0,ADD 6,0,1,15151,0,0.0,ADD 7,0,0,0,0,0.0,EGT2CAN,0,1,15130,0,0.0
1778949473.3401678,0.0,14973,-52.0,0,-,0,0,0,0,0.0,-,0,0,0,0,0.0,ECU,1,1,15108,0,0.0,FAN1,0,0,0,0,0.0,COILS,8,1,0,0,0.0,PUMP,0,0,0,0,0.0,INJECTOR,8,1,98,0,0.0,SERVO,1,1,15162,0,0.0,ADD 1,0,1,14916,0,0.0,ADD 2,0,1,14916,0,0.0,ADD 3,0,1,14900,0,0.0,ADD 4,0,1,14818,0,0.0,ADD 5,0,0,0,0,0.0,ADD 6,0,1,14916,0,0.0,ADD 7,0,0,0,0,0.0,EGT2CAN,0,1,14905,0,0.0
1778949473.3912454,0.0,14911,-51.0,0,-,0,0,0,0,0.0,-,0,0,0,0,0.0,ECU,1,1,14883,0,0.0,FAN1,0,0,0,0,0.0,COILS,8,1,0,0,0.0,PUMP,0,0,0,0,0.0,INJECTOR,8,1,92,0,0.0,SERVO,1,1,14894,0,0.0,ADD 1,0,1,14965,0,0.0,ADD 2,0,1,14971,0,0.0,ADD 3,0,1,14965,0,0.0,ADD 4,0,1,14916,0,0.0,ADD 5,0,0,0,0,0.0,ADD 6,0,1,14922,0,0.0,ADD 7,0,0,0,0,0.0,EGT2CAN,0,1,14889,0,0.0
1778949473.4422193,0.0,14911,-51.0,0,-,0,0,0,0,0.0,-,0,0,0,0,0.0,ECU,1,1,14971,0,0.0,FAN1,0,0,0,0,0.0,COILS,8,1,0,0,0.0,PUMP,0,0,0,0,0.0,INJECTOR,8,1,92,0,0.0,SERVO,1,1,14954,0,0.0,ADD 1,0,1,14965,0,0.0,ADD 2,0,1,14971,0,0.0,ADD 3,0,1,14965,0,0.0,ADD 4,0,1,14916,0,0.0,ADD 5,0,0,0,0,0.0,ADD 6,0,1,14922,0,0.0,ADD 7,0,0,0,0,0.0,EGT2CAN,0,1,14889,0,0.0
1778949473.4931939,0.0,14942,-52.0,0,-,0,0,0,0,0.0,-,0,0,0,0,0.0,ECU,1,1,15190,0,0.0,FAN1,0,0,0,0,0.0,COILS,8,1,0,0,0.0,PUMP,0,0,0,0,0.0,INJECTOR,8,1,98,0,0.0,SERVO,1,1,15190,0,0.0,ADD 1,0,1,14971,0,0.0,ADD 2,0,1,14965,0,0.0,ADD 3,0,1,14965,0,0.0,ADD 4,0,1,14949,0,0.0,ADD 5,0,0,0,0,0.0,ADD 6,0,1,14982,0,0.0,ADD 7,0,0,0,0,0.0,EGT2CAN,0,1,14944,0,0.0
1778949473.545419,0.0,14930,-54.0,0,-,0,0,0,0,0.0,-,0,0,0,0,0.0,ECU,1,1,15037,0,0.0,FAN1,0,0,0,0,0.0,COILS,8,1,0,0,0.0,PUMP,0,0,0,0,0.0,INJECTOR,8,1,92,0,0.0,SERVO,1,1,15080,0,0.0,ADD 1,0,1,15102,0,0.0,ADD 2,0,1,15135,0,0.0,ADD 3,0,1,15151,0,0.0,ADD 4,0,1,15080,0,0.0,ADD 5,0,0,0,0,0.0,ADD 6,0,1,15179,0,0.0,ADD 7,0,0,0,0,0.0,EGT2CAN,0,1,15223,0,0.0
1778949473.5964956,0.0,14930,-54.0,0,-,0,0,0,0,0.0,-,0,0,0,0,0.0,ECU,1,1,14965,0,0.0,FAN1,0,0,0,0,0.0,COILS,8,1,0,0,0.0,PUMP,0,0,0,0,0.0,INJECTOR,8,1,98,0,0.0,SERVO,1,1,14883,0,0.0,ADD 1,0,1,14949,0,0.0,ADD 2,0,1,14971,0,0.0,ADD 3,0,1,14900,0,0.0,ADD 4,0,1,14911,0,0.0,ADD 5,0,0,0,0,0.0,ADD 6,0,1,15179,0,0.0,ADD 7,0,0,0,0,0.0,EGT2CAN,0,1,15223,0,0.0
1778949473.6509323,0.0,14942,-52.0,0,-,0,0,0,0,0.0,-,0,0,0,0,0.0,ECU,1,1,15184,0,0.0,FAN1,0,0,0,0,0.0,COILS,8,1,0,0,0.0,PUMP,0,0,0,0,0.0,INJECTOR,8,1,98,0,0.0,SERVO,1,1,15173,0,0.0,ADD 1,0,1,15151,0,0.0,ADD 2,0,1,15157,0,0.0,ADD 3,0,1,15102,0,0.0,ADD 4,0,1,15075,0,0.0,ADD 5,0,0,0,0,0.0,ADD 6,0,1,15168,0,0.0,ADD 7,0,0,0,0,0.0,EGT2CAN,0,1,15075,0,0.0
1778949473.7073784,0.0,15190,-51.0,0,-,0,0,0,0,0.0,-,0,0,0,0,0.0,ECU,1,1,15212,0,0.0,FAN1,0,0,0,0,0.0,COILS,8,1,0,0,0.0,PUMP,0,0,0,0,0.0,INJECTOR,8,1,131,0,0.0,SERVO,1,1,15261,0,0.0,ADD 1,0,1,15316,0,0.0,ADD 2,0,1,15348,0,0.0,ADD 3,0,1,15305,0,0.0,ADD 4,0,1,15294,0,0.0,ADD 5,0,0,0,0,0.0,ADD 6,0,1,15305,0,0.0,ADD 7,0,0,0,0,0.0,EGT2CAN,0,1,15228,0,0.0
1778949473.7577696,0.0,15190,-51.0,0,-,0,0,0,0,0.0,-,0,0,0,0,0.0,ECU,1,1,15102,0,0.0,FAN1,0,0,0,0,0.0,COILS,8,1,0,0,0.0,PUMP,0,0,0,0,0.0,INJECTOR,8,1,87,0,0.0,SERVO,1,1,15168,0,0.0,ADD 1,0,1,15316,0,0.0,ADD 2,0,1,15348,0,0.0,ADD 3,0,1,15305,0,0.0,ADD 4,0,1,15294,0,0.0,ADD 5,0,0,0,0,0.0,ADD 6,0,1,15305,0,0.0,ADD 7,0,0,0,0,0.0,EGT2CAN,0,1,15228,0,0.0
1778949473.808225,0.0,15140,-51.0,0,-,0,0,0,0,0.0,-,0,0,0,0,0.0,ECU,1,1,14944,0,0.0,FAN1,0,0,0,0,0.0,COILS,8,1,0,0,0.0,PUMP,0,0,0,0,0.0,INJECTOR,8,1,92,0,0.0,SERVO,1,1,14944,0,0.0,ADD 1,0,1,15261,0,0.0,ADD 2,0,1,15316,0,0.0,ADD 3,0,1,15277,0,0.0,ADD 4,0,1,15261,0,0.0,ADD 5,0,0,0,0,0.0,ADD 6,0,1,15223,0,0.0,ADD 7,0,0,0,0,0.0,EGT2CAN,0,1,15173,0,0.0
1778949473.859426,0.0,15140,-51.0,0,-,0,0,0,0,0.0,-,0,0,0,0,0.0,ECU,1,1,14944,0,0.0,FAN1,0,0,0,0,0.0,COILS,8,1,0,0,0.0,PUMP,0,0,0,0,0.0,INJECTOR,8,1,92,0,0.0,SERVO,1,1,14944,0,0.0,ADD 1,0,1,15261,0,0.0,ADD 2,0,1,15316,0,0.0,ADD 3,0,1,15277,0,0.0,ADD 4,0,1,15261,0,0.0,ADD 5,0,0,0,0,0.0,ADD 6,0,1,15223,0,0.0,ADD 7,0,0,0,0,0.0,EGT2CAN,0,1,15173,0,0.0
1778949473.9111946,0.0,15140,-51.0,0,-,0,0,0,0,0.0,-,0,0,0,0,0.0,ECU,1,1,15212,0,0.0,FAN1,0,0,0,0,0.0,COILS,8,1,0,0,0.0,PUMP,0,0,0,0,0.0,INJECTOR,8,1,87,0,0.0,SERVO,1,1,15124,0,0.0,ADD 1,0,1,14965,0,0.0,ADD 2,0,1,15026,0,0.0,ADD 3,0,1,14987,0,0.0,ADD 4,0,1,14987,0,0.0,ADD 5,0,0,0,0,0.0,ADD 6,0,1,15058,0,0.0,ADD 7,0,0,0,0,0.0,EGT2CAN,0,1,15020,0,0.0
1778949473.9662185,0.0,14936,-52.0,0,-,0,0,0,0,0.0,-,0,0,0,0,0.0,ECU,1,1,14960,0,0.0,FAN1,0,0,0,0,0.0,COILS,8,1,0,0,0.0,PUMP,0,0,0,0,0.0,INJECTOR,8,1,92,0,0.0,SERVO,1,1,14916,0,0.0,ADD 1,0,1,14971,0,0.0,ADD 2,0,1,14976,0,0.0,ADD 3,0,1,14894,0,0.0,ADD 4,0,1,14872,0,0.0,ADD 5,0,0,0,0,0.0,ADD 6,0,1,14987,0,0.0,ADD 7,0,0,0,0,0.0,EGT2CAN,0,1,14872,0,0.0
1778949474.0197008,0.0,15072,-52.0,0,-,0,0,0,0,0.0,-,0,0,0,0,0.0,ECU,1,1,14933,0,0.0,FAN1,0,0,0,0,0.0,COILS,8,1,0,0,0.0,PUMP,0,0,0,0,0.0,INJECTOR,8,1,92,0,0.0,SERVO,1,1,14916,0,0.0,ADD 1,0,1,14971,0,0.0,ADD 2,0,1,14976,0,0.0,ADD 3,0,1,14894,0,0.0,ADD 4,0,1,14872,0,0.0,ADD 5,0,0,0,0,0.0,ADD 6,0,1,14987,0,0.0,ADD 7,0,0,0,0,0.0,EGT2CAN,0,1,14872,0,0.0
1778949474.070219,0.0,15264,-51.0,0,-,0,0,0,0,0.0,-,0,0,0,0,0.0,ECU,1,1,15233,0,0.0,FAN1,0,0,0,0,0.0,COILS,8,1,0,0,0.0,PUMP,0,0,0,0,0.0,INJECTOR,8,1,98,0,0.0,SERVO,1,1,15266,0,0.0,ADD 1,0,1,15277,0,0.0,ADD 2,0,1,15283,0,0.0,ADD 3,0,1,15250,0,0.0,ADD 4,0,1,15255,0,0.0,ADD 5,0,0,0,0,0.0,ADD 6,0,1,15326,0,0.0,ADD 7,0,0,0,0,0.0,EGT2CAN,0,1,15266,0,0.0
1778949474.1303773,0.0,15264,-51.0,0,-,0,0,0,0,0.0,-,0,0,0,0,0.0,ECU,1,1,15233,0,0.0,FAN1,0,0,0,0,0.0,COILS,8,1,0,0,0.0,PUMP,0,0,0,0,0.0,INJECTOR,8,1,98,0,0.0,SERVO,1,1,15266,0,0.0,ADD 1,0,1,15277,0,0.0,ADD 2,0,1,15283,0,0.0,ADD 3,0,1,15250,0,0.0,ADD 4,0,1,15255,0,0.0,ADD 5,0,0,0,0,0.0,ADD 6,0,1,15326,0,0.0,ADD 7,0,0,0,0,0.0,EGT2CAN,0,1,15266,0,0.0
1778949474.1811001,0.0,15264,-51.0,0,-,0,0,0,0,0.0,-,0,0,0,0,0.0,ECU,1,1,15233,0,0.0,FAN1,0,0,0,0,0.0,COILS,8,1,0,0,0.0,PUMP,0,0,0,0,0.0,INJECTOR,8,1,98,0,0.0,SERVO,1,1,15266,0,0.0,ADD 1,0,1,15277,0,0.0,ADD 2,0,1,15283,0,0.0,ADD 3,0,1,15250,0,0.0,ADD 4,0,1,15255,0,0.0,ADD 5,0,0,0,0,0.0,ADD 6,0,1,15326,0,0.0,ADD 7,0,0,0,0,0.0,EGT2CAN,0,1,15266,0,0.0
1778949474.2316797,0.0,15054,-52.0,0,-,0,0,0,0,0.0,-,0,0,0,0,0.0,ECU,1,1,14916,0,0.0,FAN1,0,0,0,0,0.0,COILS,8,1,0,0,0.0,PUMP,0,0,0,0,0.0,INJECTOR,8,1,87,0,0.0,SERVO,1,1,14933,0,0.0,ADD 1,0,1,14987,0,0.0,ADD 2,0,1,14965,0,0.0,ADD 3,0,1,14911,0,0.0,ADD 4,0,1,14894,0,0.0,ADD 5,0,0,0,0,0.0,ADD 6,0,1,14944,0,0.0,ADD 7,0,0,0,0,0.0,EGT2CAN,0,1,14944,0,0.0
1778949474.284626,0.0,15054,-52.0,0,-,0,0,0,0,0.0,-,0,0,0,0,0.0,ECU,1,1,14916,0,0.0,FAN1,0,0,0,0,0.0,COILS,8,1,0,0,0.0,PUMP,0,0,0,0,0.0,INJECTOR,8,1,87,0,0.0,SERVO,1,1,14933,0,0.0,ADD 1,0,1,14987,0,0.0,ADD 2,0,1,14965,0,0.0,ADD 3,0,1,14911,0,0.0,ADD 4,0,1,14894,0,0.0,ADD 5,0,0,0,0,0.0,ADD 6,0,1,14944,0,0.0,ADD 7,0,0,0,0,0.0,EGT2CAN,0,1,14944,0,0.0
1778949474.3354023,0.0,15054,-52.0,0,-,0,0,0,0,0.0,-,0,0,0,0,0.0,ECU,1,1,14987,0,0.0,FAN1,0,0,0,0,0.0,COILS,8,1,0,0,0.0,PUMP,0,0,0,0,0.0,INJECTOR,8,1,92,0,0.0,SERVO,1,1,14944,0,0.0,ADD 1,0,1,14944,0,0.0,ADD 2,0,1,14965,0,0.0,ADD 3,0,1,14971,0,0.0,ADD 4,0,1,14878,0,0.0,ADD 5,0,0,0,0,0.0,ADD 6,0,1,15004,0,0.0,ADD 7,0,0,0,0,0.0,EGT2CAN,0,1,14900,0,0.0
1778949474.3926654,0.0,14985,-51.0,0,-,0,0,0,0,0.0,-,0,0,0,0,0.0,ECU,1,1,15190,0,0.0,FAN1,0,0,0,0,0.0,COILS,8,1,0,0,0.0,PUMP,0,0,0,0,0.0,INJECTOR,8,1,125,0,0.0,SERVO,1,1,14900,0,0.0,ADD 1,0,1,14889,0,0.0,ADD 2,0,1,14976,0,0.0,ADD 3,0,1,14965,0,0.0,ADD 4,0,1,14927,0,0.0,ADD 5,0,0,0,0,0.0,ADD 6,0,1,14960,0,0.0,ADD 7,0,0,0,0,0.0,EGT2CAN,0,1,14916,0,0.0
1778949474.4499445,0.0,14985,-51.0,0,-,0,0,0,0,0.0,-,0,0,0,0,0.0,ECU,1,1,15031,0,0.0,FAN1,0,0,0,0,0.0,COILS,8,1,0,0,0.0,PUMP,0,0,0,0,0.0,INJECTOR,8,1,125,0,0.0,SERVO,1,1,14900,0,0.0,ADD 1,0,1,14889,0,0.0,ADD 2,0,1,14976,0,0.0,ADD 3,0,1,14965,0,0.0,ADD 4,0,1,14927,0,0.0,ADD 5,0,0,0,0,0.0,ADD 6,0,1,14960,0,0.0,ADD 7,0,0,0,0,0.0,EGT2CAN,0,1,14916,0,0.0
1778949474.5004437,0.0,15010,-52.0,0,-,0,0,0,0,0.0,-,0,0,0,0,0.0,ECU,1,1,14960,0,0.0,FAN1,0,0,0,0,0.0,COILS,8,1,0,0,0.0,PUMP,0,0,0,0,0.0,INJECTOR,8,1,92,0,0.0,SERVO,1,1,14872,0,0.0,ADD 1,0,1,15009,0,0.0,ADD 2,0,1,15009,0,0.0,ADD 3,0,1,14960,0,0.0,ADD 4,0,1,14938,0,0.0,ADD 5,0,0,0,0,0.0,ADD 6,0,1,15009,0,0.0,ADD 7,0,0,0,0,0.0,EGT2CAN,0,1,14944,0,0.0
1778949474.5591466,0.0,15103,-51.0,0,-,0,0,0,0,0.0,-,0,0,0,0,0.0,ECU,1,1,14976,0,0.0,FAN1,0,0,0,0,0.0,COILS,8,1,0,0,0.0,PUMP,0,0,0,0,0.0,INJECTOR,8,1,87,0,0.0,SERVO,1,1,14894,0,0.0,ADD 1,0,1,15201,0,0.0,ADD 2,0,1,15223,0,0.0,ADD 3,0,1,15157,0,0.0,ADD 4,0,1,15168,0,0.0,ADD 5,0,0,0,0,0.0,ADD 6,0,1,15168,0,0.0,ADD 7,0,0,0,0,0.0,EGT2CAN,0,1,15190,0,0.0
1778949474.6094654,0.0,15103,-51.0,0,-,0,0,0,0,0.0,-,0,0,0,0,0.0,ECU,1,1,15310,0,0.0,FAN1,0,0,0,0,0.0,COILS,8,1,0,0,0.0,PUMP,0,0,0,0,0.0,INJECTOR,8,1,103,0,0.0,SERVO,1,1,15239,0,0.0,ADD 1,0,1,15097,0,0.0,ADD 2,0,1,15086,0,0.0,ADD 3,0,1,15075,0,0.0,ADD 4,0,1,15091,0,0.0,ADD 5,0,0,0,0,0.0,ADD 6,0,1,15168,0,0.0,ADD 7,0,0,0,0,0.0,EGT2CAN,0,1,15190,0,0.0
1778949474.6707642,0.0,14961,-52.0,0,-,0,0,0,0,0.0,-,0,0,0,0,0.0,ECU,1,1,14922,0,0.0,FAN1,0,0,0,0,0.0,COILS,8,1,0,0,0.0,PUMP,0,0,0,0,0.0,INJECTOR,8,1,87,0,0.0,SERVO,1,1,14905,0,0.0,ADD 1,0,1,14976,0,0.0,ADD 2,0,1,14987,0,0.0,ADD 3,0,1,14987,0,0.0,ADD 4,0,1,15009,0,0.0,ADD 5,0,0,0,0,0.0,ADD 6,0,1,15075,0,0.0,ADD 7,0,0,0,0,0.0,EGT2CAN,0,1,15037,0,0.0
1778949474.7357361,0.0,15035,-52.0,0,-,0,0,0,0,0.0,-,0,0,0,0,0.0,ECU,1,1,15168,0,0.0,FAN1,0,0,0,0,0.0,COILS,8,1,0,0,0.0,PUMP,0,0,0,0,0.0,INJECTOR,8,1,92,0,0.0,SERVO,1,1,14982,0,0.0,ADD 1,0,1,14998,0,0.0,ADD 2,0,1,15026,0,0.0,ADD 3,0,1,15009,0,0.0,ADD 4,0,1,14987,0,0.0,ADD 5,0,0,0,0,0.0,ADD 6,0,1,14938,0,0.0,ADD 7,0,0,0,0,0.0,EGT2CAN,0,1,14916,0,0.0
1778949474.7864642,0.0,15202,-52.0,0,-,0,0,0,0,0.0,-,0,0,0,0,0.0,ECU,1,1,15031,0,0.0,FAN1,0,0,0,0,0.0,COILS,8,1,0,0,0.0,PUMP,0,0,0,0,0.0,INJECTOR,8,1,87,0,0.0,SERVO,1,1,15097,0,0.0,ADD 1,0,1,15168,0,0.0,ADD 2,0,1,15228,0,0.0,ADD 3,0,1,15157,0,0.0,ADD 4,0,1,15140,0,0.0,ADD 5,0,0,0,0,0.0,ADD 6,0,1,15206,0,0.0,ADD 7,0,0,0,0,0.0,EGT2CAN,0,1,15162,0,0.0
1778949474.8375013,0.0,15202,-52.0,0,-,0,0,0,0,0.0,-,0,0,0,0,0.0,ECU,1,1,14916,0,0.0,FAN1,0,0,0,0,0.0,COILS,8,1,0,0,0.0,PUMP,0,0,0,0,0.0,INJECTOR,8,1,87,0,0.0,SERVO,1,1,14944,0,0.0,ADD 1,0,1,14987,0,0.0,ADD 2,0,1,14944,0,0.0,ADD 3,0,1,14971,0,0.0,ADD 4,0,1,14916,0,0.0,ADD 5,0,0,0,0,0.0,ADD 6,0,1,14944,0,0.0,ADD 7,0,0,0,0,0.0,EGT2CAN,0,1,15053,0,0.0
1778949474.8896186,0.0,15029,-52.0,0,-,0,0,0,0,0.0,-,0,0,0,0,0.0,ECU,1,1,14916,0,0.0,FAN1,0,0,0,0,0.0,COILS,8,1,0,0,0.0,PUMP,0,0,0,0,0.0,INJECTOR,8,1,87,0,0.0,SERVO,1,1,14944,0,0.0,ADD 1,0,1,14987,0,0.0,ADD 2,0,1,14944,0,0.0,ADD 3,0,1,14971,0,0.0,ADD 4,0,1,14916,0,0.0,ADD 5,0,0,0,0,0.0,ADD 6,0,1,14944,0,0.0,ADD 7,0,0,0,0,0.0,EGT2CAN,0,1,15053,0,0.0
1778949474.9401402,0.0,15085,-51.0,0,-,0,0,0,0,0.0,-,0,0,0,0,0.0,ECU,1,1,14933,0,0.0,FAN1,0,0,0,0,0.0,COILS,8,1,0,0,0.0,PUMP,0,0,0,0,0.0,INJECTOR,8,1,87,0,0.0,SERVO,1,1,14916,0,0.0,ADD 1,0,1,15037,0,0.0,ADD 2,0,1,15047,0,0.0,ADD 3,0,1,14982,0,0.0,ADD 4,0,1,14944,0,0.0,ADD 5,0,0,0,0,0.0,ADD 6,0,1,14976,0,0.0,ADD 7,0,0,0,0,0.0,EGT2CAN,0,1,14976,0,0.0
1778949474.9919486,0.0,15085,-51.0,0,-,0,0,0,0,0.0,-,0,0,0,0,0.0,ECU,1,1,15343,0,0.0,FAN1,0,0,0,0,0.0,COILS,8,1,0,0,0.0,PUMP,0,0,0,0,0.0,INJECTOR,8,1,92,0,0.0,SERVO,1,1,15233,0,0.0,ADD 1,0,1,15064,0,0.0,ADD 2,0,1,15124,0,0.0,ADD 3,0,1,15135,0,0.0,ADD 4,0,1,15102,0,0.0,ADD 5,0,0,0,0,0.0,ADD 6,0,1,15146,0,0.0,ADD 7,0,0,0,0,0.0,EGT2CAN,0,1,15146,0,0.0
1778949475.0433853,0.0,15085,-52.0,0,-,0,0,0,0,0.0,-,0,0,0,0,0.0,ECU,1,1,15343,0,0.0,FAN1,0,0,0,0,0.0,COILS,8,1,0,0,0.0,PUMP,0,0,0,0,0.0,INJECTOR,8,1,92,0,0.0,SERVO,1,1,15233,0,0.0,ADD 1,0,1,15064,0,0.0,ADD 2,0,1,15124,0,0.0,ADD 3,0,1,15135,0,0.0,ADD 4,0,1,15102,0,0.0,ADD 5,0,0,0,0,0.0,ADD 6,0,1,15146,0,0.0,ADD 7,0,0,0,0,0.0,EGT2CAN,0,1,15146,0,0.0
1778949475.0984094,0.0,14985,-53.0,0,-,0,0,0,0,0.0,-,0,0,0,0,0.0,ECU,1,1,14954,0,0.0,FAN1,0,0,0,0,0.0,COILS,8,1,0,0,0.0,PUMP,0,0,0,0,0.0,INJECTOR,8,1,103,0,0.0,SERVO,1,1,14933,0,0.0,ADD 1,0,1,14938,0,0.0,ADD 2,0,1,14872,0,0.0,ADD 3,0,1,14922,0,0.0,ADD 4,0,1,14933,0,0.0,ADD 5,0,0,0,0,0.0,ADD 6,0,1,14987,0,0.0,ADD 7,0,0,0,0,0.0,EGT2CAN,0,1,14872,0,0.0
1778949475.14896,0.0,14985,-53.0,0,-,0,0,0,0,0.0,-,0,0,0,0,0.0,ECU,1,1,14954,0,0.0,FAN1,0,0,0,0,0.0,COILS,8,1,0,0,0.0,PUMP,0,0,0,0,0.0,INJECTOR,8,1,92,0,0.0,SERVO,1,1,14987,0,0.0,ADD 1,0,1,14938,0,0.0,ADD 2,0,1,14872,0,0.0,ADD 3,0,1,14922,0,0.0,ADD 4,0,1,14933,0,0.0,ADD 5,0,0,0,0,0.0,ADD 6,0,1,14987,0,0.0,ADD 7,0,0,0,0,0.0,EGT2CAN,0,1,14872,0,0.0
1778949475.1999588,0.0,15239,-52.0,0,-,0,0,0,0,0.0,-,0,0,0,0,0.0,ECU,1,1,14954,0,0.0,FAN1,0,0,0,0,0.0,COILS,8,1,0,0,0.0,PUMP,0,0,0,0,0.0,INJECTOR,8,1,92,0,0.0,SERVO,1,1,14987,0,0.0,ADD 1,0,1,14976,0,0.0,ADD 2,0,1,15037,0,0.0,ADD 3,0,1,14987,0,0.0,ADD 4,0,1,14965,0,0.0,ADD 5,0,0,0,0,0.0,ADD 6,0,1,14998,0,0.0,ADD 7,0,0,0,0,0.0,EGT2CAN,0,1,14954,0,0.0
1778949475.2708035,0.0,15010,-52.0,0,-,0,0,0,0,0.0,-,0,0,0,0,0.0,ECU,1,1,15031,0,0.0,FAN1,0,0,0,0,0.0,COILS,8,1,0,0,0.0,PUMP,0,0,0,0,0.0,INJECTOR,8,1,98,0,0.0,SERVO,1,1,15064,0,0.0,ADD 1,0,1,15080,0,0.0,ADD 2,0,1,15124,0,0.0,ADD 3,0,1,15124,0,0.0,ADD 4,0,1,15102,0,0.0,ADD 5,0,0,0,0,0.0,ADD 6,0,1,15162,0,0.0,ADD 7,0,0,0,0,0.0,EGT2CAN,0,1,15179,0,0.0
1778949475.3219094,0.0,15010,-52.0,0,-,0,0,0,0,0.0,-,0,0,0,0,0.0,ECU,1,1,15097,0,0.0,FAN1,0,0,0,0,0.0,COILS,8,1,0,0,0.0,PUMP,0,0,0,0,0.0,INJECTOR,8,1,114,0,0.0,SERVO,1,1,15151,0,0.0,ADD 1,0,1,14905,0,0.0,ADD 2,0,1,14922,0,0.0,ADD 3,0,1,14971,0,0.0,ADD 4,0,1,14900,0,0.0,ADD 5,0,0,0,0,0.0,ADD 6,0,1,15162,0,0.0,ADD 7,0,0,0,0,0.0,EGT2CAN,0,1,15179,0,0.0
1778949475.3727787,0.0,15252,-51.0,0,-,0,0,0,0,0.0,-,0,0,0,0,0.0,ECU,1,1,14982,0,0.0,FAN1,0,0,0,0,0.0,COILS,8,1,0,0,0.0,PUMP,0,0,0,0,0.0,INJECTOR,8,1,114,0,0.0,SERVO,1,1,14965,0,0.0,ADD 1,0,1,15277,0,0.0,ADD 2,0,1,15337,0,0.0,ADD 3,0,1,15348,0,0.0,ADD 4,0,1,15283,0,0.0,ADD 5,0,0,0,0,0.0,ADD 6,0,1,15310,0,0.0,ADD 7,0,0,0,0,0.0,EGT2CAN,0,1,15272,0,0.0
1778949475.4252245,0.0,15252,-51.0,0,-,0,0,0,0,0.0,-,0,0,0,0,0.0,ECU,1,1,14982,0,0.0,FAN1,0,0,0,0,0.0,COILS,8,1,0,0,0.0,PUMP,0,0,0,0,0.0,INJECTOR,8,1,114,0,0.0,SERVO,1,1,14965,0,0.0,ADD 1,0,1,15277,0,0.0,ADD 2,0,1,15337,0,0.0,ADD 3,0,1,15348,0,0.0,ADD 4,0,1,15283,0,0.0,ADD 5,0,0,0,0,0.0,ADD 6,0,1,15310,0,0.0,ADD 7,0,0,0,0,0.0,EGT2CAN,0,1,15272,0,0.0
1778949475.4762187,0.0,15252,-51.0,0,-,0,0,0,0,0.0,-,0,0,0,0,0.0,ECU,1,1,15239,0,0.0,FAN1,0,0,0,0,0.0,COILS,8,1,0,0,0.0,PUMP,0,0,0,0,0.0,INJECTOR,8,1,103,0,0.0,SERVO,1,1,15168,0,0.0,ADD 1,0,1,14933,0,0.0,ADD 2,0,1,14949,0,0.0,ADD 3,0,1,14922,0,0.0,ADD 4,0,1,14916,0,0.0,ADD 5,0,0,0,0,0.0,ADD 6,0,1,14965,0,0.0,ADD 7,0,0,0,0,0.0,EGT2CAN,0,1,14965,0,0.0
1778949475.5306692,0.0,15060,-52.0,0,-,0,0,0,0,0.0,-,0,0,0,0,0.0,ECU,1,1,14944,0,0.0,FAN1,0,0,0,0,0.0,COILS,8,1,0,0,0.0,PUMP,0,0,0,0,0.0,INJECTOR,8,1,87,0,0.0,SERVO,1,1,14916,0,0.0,ADD 1,0,1,14976,0,0.0,ADD 2,0,1,14944,0,0.0,ADD 3,0,1,14993,0,0.0,ADD 4,0,1,14905,0,0.0,ADD 5,0,0,0,0,0.0,ADD 6,0,1,14944,0,0.0,ADD 7,0,0,0,0,0.0,EGT2CAN,0,1,14944,0,0.0
1778949475.5822043,0.0,15060,-52.0,0,-,0,0,0,0,0.0,-,0,0,0,0,0.0,ECU,1,1,14987,0,0.0,FAN1,0,0,0,0,0.0,COILS,8,1,0,0,0.0,PUMP,0,0,0,0,0.0,INJECTOR,8,1,82,0,0.0,SERVO,1,1,14889,0,0.0,ADD 1,0,1,14976,0,0.0,ADD 2,0,1,14944,0,0.0,ADD 3,0,1,14993,0,0.0,ADD 4,0,1,14905,0,0.0,ADD 5,0,0,0,0,0.0,ADD 6,0,1,14944,0,0.0,ADD 7,0,0,0,0,0.0,EGT2CAN,0,1,14944,0,0.0
1778949475.6341846,0.0,15122,-51.0,0,-,0,0,0,0,0.0,-,0,0,0,0,0.0,ECU,1,1,14987,0,0.0,FAN1,0,0,0,0,0.0,COILS,8,1,0,0,0.0,PUMP,0,0,0,0,0.0,INJECTOR,8,1,82,0,0.0,SERVO,1,1,14889,0,0.0,ADD 1,0,1,14976,0,0.0,ADD 2,0,1,14960,0,0.0,ADD 3,0,1,14949,0,0.0,ADD 4,0,1,14900,0,0.0,ADD 5,0,0,0,0,0.0,ADD 6,0,1,15015,0,0.0,ADD 7,0,0,0,0,0.0,EGT2CAN,0,1,14894,0,0.0
1778949475.6849687,0.0,14992,-51.0,0,-,0,0,0,0,0.0,-,0,0,0,0,0.0,ECU,1,1,14960,0,0.0,FAN1,0,0,0,0,0.0,COILS,8,1,0,0,0.0,PUMP,0,0,0,0,0.0,INJECTOR,8,1,125,0,0.0,SERVO,1,1,14916,0,0.0,ADD 1,0,1,14987,0,0.0,ADD 2,0,1,15015,0,0.0,ADD 3,0,1,15004,0,0.0,ADD 4,0,1,14954,0,0.0,ADD 5,0,0,0,0,0.0,ADD 6,0,1,15053,0,0.0,ADD 7,0,0,0,0,0.0,EGT2CAN,0,1,14987,0,0.0
1778949475.7364275,0.0,14992,-51.0,0,-,0,0,0,0,0.0,-,0,0,0,0,0.0,ECU,1,1,14960,0,0.0,FAN1,0,0,0,0,0.0,COILS,8,1,0,0,0.0,PUMP,0,0,0,0,0.0,INJECTOR,8,1,125,0,0.0,SERVO,1,1,14916,0,0.0,ADD 1,0,1,14987,0,0.0,ADD 2,0,1,15015,0,0.0,ADD 3,0,1,15004,0,0.0,ADD 4,0,1,14954,0,0.0,ADD 5,0,0,0,0,0.0,ADD 6,0,1,15053,0,0.0,ADD 7,0,0,0,0,0.0,EGT2CAN,0,1,14987,0,0.0
1778949475.787242,0.0,14992,-51.0,0,-,0,0,0,0,0.0,-,0,0,0,0,0.0,ECU,1,1,15277,0,0.0,FAN1,0,0,0,0,0.0,COILS,8,1,0,0,0.0,PUMP,0,0,0,0,0.0,INJECTOR,8,1,92,0,0.0,SERVO,1,1,15261,0,0.0,ADD 1,0,1,14889,0,0.0,ADD 2,0,1,14949,0,0.0,ADD 3,0,1,14889,0,0.0,ADD 4,0,1,14911,0,0.0,ADD 5,0,0,0,0,0.0,ADD 6,0,1,14944,0,0.0,ADD 7,0,0,0,0,0.0,EGT2CAN,0,1,14889,0,0.0
1778949475.8450916,0.0,15215,-51.0,0,-,0,0,0,0,0.0,-,0,0,0,0,0.0,ECU,1,1,14933,0,0.0,FAN1,0,0,0,0,0.0,COILS,8,1,0,0,0.0,PUMP,0,0,0,0,0.0,INJECTOR,8,1,87,0,0.0,SERVO,1,1,14927,0,0.0,ADD 1,0,1,15168,0,0.0,ADD 2,0,1,15228,0,0.0,ADD 3,0,1,15206,0,0.0,ADD 4,0,1,15151,0,0.0,ADD 5,0,0,0,0,0.0,ADD 6,0,1,15250,0,0.0,ADD 7,0,0,0,0,0.0,EGT2CAN,0,1,15201,0,0.0
1778949475.8963883,0.0,15215,-51.0,0,-,0,0,0,0,0.0,-,0,0,0,0,0.0,ECU,1,1,15266,0,0.0,FAN1,0,0,0,0,0.0,COILS,8,1,0,0,0.0,PUMP,0,0,0,0,0.0,INJECTOR,8,1,87,0,0.0,SERVO,1,1,14927,0,0.0,ADD 1,0,1,15168,0,0.0,ADD 2,0,1,15228,0,0.0,ADD 3,0,1,15206,0,0.0,ADD 4,0,1,15151,0,0.0,ADD 5,0,0,0,0,0.0,ADD 6,0,1,15250,0,0.0,ADD 7,0,0,0,0,0.0,EGT2CAN,0,1,15201,0,0.0
1778949475.9469233,0.0,15215,-51.0,0,-,0,0,0,0,0.0,-,0,0,0,0,0.0,ECU,1,1,15266,0,0.0,FAN1,0,0,0,0,0.0,COILS,8,1,0,0,0.0,PUMP,0,0,0,0,0.0,INJECTOR,8,1,87,0,0.0,SERVO,1,1,15272,0,0.0,ADD 1,0,1,14944,0,0.0,ADD 2,0,1,14954,0,0.0,ADD 3,0,1,14905,0,0.0,ADD 4,0,1,14900,0,0.0,ADD 5,0,0,0,0,0.0,ADD 6,0,1,14965,0,0.0,ADD 7,0,0,0,0,0.0,EGT2CAN,0,1,14872,0,0.0
1778949475.9977689,0.0,14985,-53.0,0,-,0,0,0,0,0.0,-,0,0,0,0,0.0,ECU,1,1,14894,0,0.0,FAN1,0,0,0,0,0.0,COILS,8,1,0,0,0.0,PUMP,0,0,0,0,0.0,INJECTOR,8,1,92,0,0.0,SERVO,1,1,14916,0,0.0,ADD 1,0,1,14944,0,0.0,ADD 2,0,1,14916,0,0.0,ADD 3,0,1,14889,0,0.0,ADD 4,0,1,14834,0,0.0,ADD 5,0,0,0,0,0.0,ADD 6,0,1,14938,0,0.0,ADD 7,0,0,0,0,0.0,EGT2CAN,0,1,14894,0,0.0
1778949476.0521386,0.0,14985,-53.0,0,-,0,0,0,0,0.0,-,0,0,0,0,0.0,ECU,1,1,14987,0,0.0,FAN1,0,0,0,0,0.0,COILS,8,1,0,0,0.0,PUMP,0,0,0,0,0.0,INJECTOR,8,1,103,0,0.0,SERVO,1,1,14900,0,0.0,ADD 1,0,1,14944,0,0.0,ADD 2,0,1,14916,0,0.0,ADD 3,0,1,14889,0,0.0,ADD 4,0,1,14834,0,0.0,ADD 5,0,0,0,0,0.0,ADD 6,0,1,14938,0,0.0,ADD 7,0,0,0,0,0.0,EGT2CAN,0,1,14894,0,0.0
1778949476.1157506,0.0,15072,-52.0,0,-,0,0,0,0,0.0,-,0,0,0,0,0.0,ECU,1,1,14960,0,0.0,FAN1,0,0,0,0,0.0,COILS,8,1,0,0,0.0,PUMP,0,0,0,0,0.0,INJECTOR,8,1,92,0,0.0,SERVO,1,1,15009,0,0.0,ADD 1,0,1,15037,0,0.0,ADD 2,0,1,15091,0,0.0,ADD 3,0,1,15075,0,0.0,ADD 4,0,1,15047,0,0.0,ADD 5,0,0,0,0,0.0,ADD 6,0,1,15140,0,0.0,ADD 7,0,0,0,0,0.0,EGT2CAN,0,1,15108,0,0.0
1778949476.1665764,0.0,15072,-52.0,0,-,0,0,0,0,0.0,-,0,0,0,0,0.0,ECU,1,1,14960,0,0.0,FAN1,0,0,0,0,0.0,COILS,8,1,0,0,0.0,PUMP,0,0,0,0,0.0,INJECTOR,8,1,92,0,0.0,SERVO,1,1,15009,0,0.0,ADD 1,0,1,15037,0,0.0,ADD 2,0,1,15091,0,0.0,ADD 3,0,1,15075,0,0.0,ADD 4,0,1,15047,0,0.0,ADD 5,0,0,0,0,0.0,ADD 6,0,1,15140,0,0.0,ADD 7,0,0,0,0,0.0,EGT2CAN,0,1,15108,0,0.0
1778949476.2181385,0.0,15072,-52.0,0,-,0,0,0,0,0.0,-,0,0,0,0,0.0,ECU,1,1,15004,0,0.0,FAN1,0,0,0,0,0.0,COILS,8,1,0,0,0.0,PUMP,0,0,0,0,0.0,INJECTOR,8,1,92,0,0.0,SERVO,1,1,15015,0,0.0,ADD 1,0,1,14905,0,0.0,ADD 2,0,1,14944,0,0.0,ADD 3,0,1,14965,0,0.0,ADD 4,0,1,14938,0,0.0,ADD 5,0,0,0,0,0.0,ADD 6,0,1,14960,0,0.0,ADD 7,0,0,0,0,0.0,EGT2CAN,0,1,14938,0,0.0
1778949476.2795177,0.0,15283,-52.0,0,-,0,0,0,0,0.0,-,0,0,0,0,0.0,ECU,1,1,14960,0,0.0,FAN1,0,0,0,0,0.0,COILS,8,1,0,0,0.0,PUMP,0,0,0,0,0.0,INJECTOR,8,1,82,0,0.0,SERVO,1,1,14916,0,0.0,ADD 1,0,1,15261,0,0.0,ADD 2,0,1,15305,0,0.0,ADD 3,0,1,15305,0,0.0,ADD 4,0,1,15239,0,0.0,ADD 5,0,0,0,0,0.0,ADD 6,0,1,15310,0,0.0,ADD 7,0,0,0,0,0.0,EGT2CAN,0,1,15343,0,0.0
1778949476.3311214,0.0,15283,-52.0,0,-,0,0,0,0,0.0,-,0,0,0,0,0.0,ECU,1,1,15212,0,0.0,FAN1,0,0,0,0,0.0,COILS,8,1,0,0,0.0,PUMP,0,0,0,0,0.0,INJECTOR,8,1,82,0,0.0,SERVO,1,1,14916,0,0.0,ADD 1,0,1,15261,0,0.0,ADD 2,0,1,15305,0,0.0,ADD 3,0,1,15305,0,0.0,ADD 4,0,1,15239,0,0.0,ADD 5,0,0,0,0,0.0,ADD 6,0,1,15310,0,0.0,ADD 7,0,0,0,0,0.0,EGT2CAN,0,1,15343,0,0.0
1778949476.38263,0.0,15283,-52.0,0,-,0,0,0,0,0.0,-,0,0,0,0,0.0,ECU,1,1,15212,0,0.0,FAN1,0,0,0,0,0.0,COILS,8,1,0,0,0.0,PUMP,0,0,0,0,0.0,INJECTOR,8,1,92,0,0.0,SERVO,1,1,15108,0,0.0,ADD 1,0,1,14965,0,0.0,ADD 2,0,1,14965,0,0.0,ADD 3,0,1,14976,0,0.0,ADD 4,0,1,14872,0,0.0,ADD 5,0,0,0,0,0.0,ADD 6,0,1,14960,0,0.0,ADD 7,0,0,0,0,0.0,EGT2CAN,0,1,14922,0,0.0
1778949476.4353478,0.0,15085,-51.0,0,-,0,0,0,0,0.0,-,0,0,0,0,0.0,ECU,1,1,14960,0,0.0,FAN1,0,0,0,0,0.0,COILS,8,1,0,0,0.0,PUMP,0,0,0,0,0.0,INJECTOR,8,1,92,0,0.0,SERVO,1,1,14960,0,0.0,ADD 1,0,1,14987,0,0.0,ADD 2,0,1,14982,0,0.0,ADD 3,0,1,14933,0,0.0,ADD 4,0,1,14894,0,0.0,ADD 5,0,0,0,0,0.0,ADD 6,0,1,14944,0,0.0,ADD 7,0,0,0,0,0.0,EGT2CAN,0,1,14944,0,0.0
1778949476.50246,0.0,15085,-51.0,0,-,0,0,0,0,0.0,-,0,0,0,0,0.0,ECU,1,1,14927,0,0.0,FAN1,0,0,0,0,0.0,COILS,8,1,0,0,0.0,PUMP,0,0,0,0,0.0,INJECTOR,8,1,92,0,0.0,SERVO,1,1,14960,0,0.0,ADD 1,0,1,14987,0,0.0,ADD 2,0,1,14982,0,0.0,ADD 3,0,1,14933,0,0.0,ADD 4,0,1,14894,0,0.0,ADD 5,0,0,0,0,0.0,ADD 6,0,1,14944,0,0.0,ADD 7,0,0,0,0,0.0,EGT2CAN,0,1,14944,0,0.0
1778949476.5557165,0.0,15326,-52.0,0,-,0,0,0,0,0.0,-,0,0,0,0,0.0,ECU,1,1,15283,0,0.0,FAN1,0,0,0,0,0.0,COILS,8,1,0,0,0.0,PUMP,0,0,0,0,0.0,INJECTOR,8,1,98,0,0.0,SERVO,1,1,15294,0,0.0,ADD 1,0,1,15310,0,0.0,ADD 2,0,1,15370,0,0.0,ADD 3,0,1,15299,0,0.0,ADD 4,0,1,15283,0,0.0,ADD 5,0,0,0,0,0.0,ADD 6,0,1,15316,0,0.0,ADD 7,0,0,0,0,0.0,EGT2CAN,0,1,15326,0,0.0
1778949476.6083095,0.0,15016,-52.0,0,-,0,0,0,0,0.0,-,0,0,0,0,0.0,ECU,1,1,15233,0,0.0,FAN1,0,0,0,0,0.0,COILS,8,1,0,0,0.0,PUMP,0,0,0,0,0.0,INJECTOR,8,1,92,0,0.0,SERVO,1,1,14976,0,0.0,ADD 1,0,1,15053,0,0.0,ADD 2,0,1,15004,0,0.0,ADD 3,0,1,15042,0,0.0,ADD 4,0,1,14982,0,0.0,ADD 5,0,0,0,0,0.0,ADD 6,0,1,15124,0,0.0,ADD 7,0,0,0,0,0.0,EGT2CAN,0,1,15031,0,0.0
1778949476.66044,0.0,15016,-52.0,0,-,0,0,0,0,0.0,-,0,0,0,0,0.0,ECU,1,1,15244,0,0.0,FAN1,0,0,0,0,0.0,COILS,8,1,0,0,0.0,PUMP,0,0,0,0,0.0,INJECTOR,8,1,87,0,0.0,SERVO,1,1,15206,0,0.0,ADD 1,0,1,14976,0,0.0,ADD 2,0,1,14993,0,0.0,ADD 3,0,1,14971,0,0.0,ADD 4,0,1,14894,0,0.0,ADD 5,0,0,0,0,0.0,ADD 6,0,1,14993,0,0.0,ADD 7,0,0,0,0,0.0,EGT2CAN,0,1,14954,0,0.0
1778949476.7107267,0.0,15035,-51.0,0,-,0,0,0,0,0.0,-,0,0,0,0,0.0,ECU,1,1,14993,0,0.0,FAN1,0,0,0,0,0.0,COILS,8,1,0,0,0.0,PUMP,0,0,0,0,0.0,INJECTOR,8,1,103,0,0.0,SERVO,1,1,14949,0,0.0,ADD 1,0,1,15250,0,0.0,ADD 2,0,1,15272,0,0.0,ADD 3,0,1,15206,0,0.0,ADD 4,0,1,15168,0,0.0,ADD 5,0,0,0,0,0.0,ADD 6,0,1,15212,0,0.0,ADD 7,0,0,0,0,0.0,EGT2CAN,0,1,15162,0,0.0
1778949476.7618673,0.0,15165,-51.0,0,-,0,0,0,0,0.0,-,0,0,0,0,0.0,ECU,1,1,14993,0,0.0,FAN1,0,0,0,0,0.0,COILS,8,1,0,0,0.0,PUMP,0,0,0,0,0.0,INJECTOR,8,1,103,0,0.0,SERVO,1,1,14949,0,0.0,ADD 1,0,1,15250,0,0.0,ADD 2,0,1,15272,0,0.0,ADD 3,0,1,15206,0,0.0,ADD 4,0,1,15168,0,0.0,ADD 5,0,0,0,0,0.0,ADD 6,0,1,15212,0,0.0,ADD 7,0,0,0,0,0.0,EGT2CAN,0,1,15162,0,0.0
1778949476.812869,0.0,15165,-51.0,0,-,0,0,0,0,0.0,-,0,0,0,0,0.0,ECU,1,1,15310,0,0.0,FAN1,0,0,0,0,0.0,COILS,8,1,0,0,0.0,PUMP,0,0,0,0,0.0,INJECTOR,8,1,103,0,0.0,SERVO,1,1,15299,0,0.0,ADD 1,0,1,14965,0,0.0,ADD 2,0,1,14987,0,0.0,ADD 3,0,1,14933,0,0.0,ADD 4,0,1,14944,0,0.0,ADD 5,0,0,0,0,0.0,ADD 6,0,1,14944,0,0.0,ADD 7,0,0,0,0,0.0,EGT2CAN,0,1,15009,0,0.0
1778949476.8666582,0.0,14967,-51.0,0,-,0,0,0,0,0.0,-,0,0,0,0,0.0,ECU,1,1,15047,0,0.0,FAN1,0,0,0,0,0.0,COILS,8,1,0,0,0.0,PUMP,0,0,0,0,0.0,INJECTOR,8,1,114,0,0.0,SERVO,1,1,15102,0,0.0,ADD 1,0,1,15228,0,0.0,ADD 2,0,1,15168,0,0.0,ADD 3,0,1,15151,0,0.0,ADD 4,0,1,15102,0,0.0,ADD 5,0,0,0,0,0.0,ADD 6,0,1,15168,0,0.0,ADD 7,0,0,0,0,0.0,EGT2CAN,0,1,15124,0,0.0
1778949476.9310489,0.0,15004,-52.0,0,-,0,0,0,0,0.0,-,0,0,0,0,0.0,ECU,1,1,14971,0,0.0,FAN1,0,0,0,0,0.0,COILS,8,1,0,0,0.0,PUMP,0,0,0,0,0.0,INJECTOR,8,1,98,0,0.0,SERVO,1,1,14856,0,0.0,ADD 1,0,1,14933,0,0.0,ADD 2,0,1,14987,0,0.0,ADD 3,0,1,14944,0,0.0,ADD 4,0,1,14933,0,0.0,ADD 5,0,0,0,0,0.0,ADD 6,0,1,14998,0,0.0,ADD 7,0,0,0,0,0.0,EGT2CAN,0,1,14944,0,0.0
1778949476.9817395,0.0,15035,-51.0,0,-,0,0,0,0,0.0,-,0,0,0,0,0.0,ECU,1,1,15244,0,0.0,FAN1,0,0,0,0,0.0,COILS,8,1,0,0,0.0,PUMP,0,0,0,0,0.0,INJECTOR,8,1,109,0,0.0,SERVO,1,1,14944,0,0.0,ADD 1,0,1,15108,0,0.0,ADD 2,0,1,15119,0,0.0,ADD 3,0,1,15091,0,0.0,ADD 4,0,1,15015,0,0.0,ADD 5,0,0,0,0,0.0,ADD 6,0,1,15053,0,0.0,ADD 7,0,0,0,0,0.0,EGT2CAN,0,1,14965,0,0.0
1778949477.0337667,0.0,15035,-51.0,0,-,0,0,0,0,0.0,-,0,0,0,0,0.0,ECU,1,1,15102,0,0.0,FAN1,0,0,0,0,0.0,COILS,8,1,0,0,0.0,PUMP,0,0,0,0,0.0,INJECTOR,8,1,87,0,0.0,SERVO,1,1,15151,0,0.0,ADD 1,0,1,15233,0,0.0,ADD 2,0,1,15201,0,0.0,ADD 3,0,1,15146,0,0.0,ADD 4,0,1,15195,0,0.0,ADD 5,0,0,0,0,0.0,ADD 6,0,1,15294,0,0.0,ADD 7,0,0,0,0,0.0,EGT2CAN,0,1,15261,0,0.0
1778949477.0879014,0.0,15184,-51.0,0,-,0,0,0,0,0.0,-,0,0,0,0,0.0,ECU,1,1,15102,0,0.0,FAN1,0,0,0,0,0.0,COILS,8,1,0,0,0.0,PUMP,0,0,0,0,0.0,INJECTOR,8,1,87,0,0.0,SERVO,1,1,15151,0,0.0,ADD 1,0,1,15233,0,0.0,ADD 2,0,1,15201,0,0.0,ADD 3,0,1,15146,0,0.0,ADD 4,0,1,15195,0,0.0,ADD 5,0,0,0,0,0.0,ADD 6,0,1,15294,0,0.0,ADD 7,0,0,0,0,0.0,EGT2CAN,0,1,15261,0,0.0
1778949477.1385796,0.0,14948,-52.0,0,-,0,0,0,0,0.0,-,0,0,0,0,0.0,ECU,1,1,14954,0,0.0,FAN1,0,0,0,0,0.0,COILS,8,1,0,0,0.0,PUMP,0,0,0,0,0.0,INJECTOR,8,1,87,0,0.0,SERVO,1,1,14993,0,0.0,ADD 1,0,1,14944,0,0.0,ADD 2,0,1,14987,0,0.0,ADD 3,0,1,14944,0,0.0,ADD 4,0,1,14960,0,0.0,ADD 5,0,0,0,0,0.0,ADD 6,0,1,15004,0,0.0,ADD 7,0,0,0,0,0.0,EGT2CAN,0,1,14922,0,0.0
1778949477.1907966,0.0,14948,-52.0,0,-,0,0,0,0,0.0,-,0,0,0,0,0.0,ECU,1,1,14976,0,0.0,FAN1,0,0,0,0,0.0,COILS,8,1,0,0,0.0,PUMP,0,0,0,0,0.0,INJECTOR,8,1,87,0,0.0,SERVO,1,1,14993,0,0.0,ADD 1,0,1,14944,0,0.0,ADD 2,0,1,14987,0,0.0,ADD 3,0,1,14944,0,0.0,ADD 4,0,1,14960,0,0.0,ADD 5,0,0,0,0,0.0,ADD 6,0,1,15004,0,0.0,ADD 7,0,0,0,0,0.0,EGT2CAN,0,1,14922,0,0.0
1778949477.2431285,0.0,14992,-51.0,0,-,0,0,0,0,0.0,-,0,0,0,0,0.0,ECU,1,1,14976,0,0.0,FAN1,0,0,0,0,0.0,COILS,8,1,0,0,0.0,PUMP,0,0,0,0,0.0,INJECTOR,8,1,92,0,0.0,SERVO,1,1,14894,0,0.0,ADD 1,0,1,15266,0,0.0,ADD 2,0,1,15255,0,0.0,ADD 3,0,1,15223,0,0.0,ADD 4,0,1,15146,0,0.0,ADD 5,0,0,0,0,0.0,ADD 6,0,1,15190,0,0.0,ADD 7,0,0,0,0,0.0,EGT2CAN,0,1,15184,0,0.0
1778949477.2957408,0.0,14942,-52.0,0,-,0,0,0,0,0.0,-,0,0,0,0,0.0,ECU,1,1,15283,0,0.0,FAN1,0,0,0,0,0.0,COILS,8,1,0,0,0.0,PUMP,0,0,0,0,0.0,INJECTOR,8,1,98,0,0.0,SERVO,1,1,15343,0,0.0,ADD 1,0,1,15305,0,0.0,ADD 2,0,1,15387,0,0.0,ADD 3,0,1,15316,0,0.0,ADD 4,0,1,15326,0,0.0,ADD 5,0,0,0,0,0.0,ADD 6,0,1,15365,0,0.0,ADD 7,0,0,0,0,0.0,EGT2CAN,0,1,15294,0,0.0
1778949477.3467758,0.0,14942,-52.0,0,-,0,0,0,0,0.0,-,0,0,0,0,0.0,ECU,1,1,14993,0,0.0,FAN1,0,0,0,0,0.0,COILS,8,1,0,0,0.0,PUMP,0,0,0,0,0.0,INJECTOR,8,1,87,0,0.0,SERVO,1,1,14922,0,0.0,ADD 1,0,1,15305,0,0.0,ADD 2,0,1,15387,0,0.0,ADD 3,0,1,15316,0,0.0,ADD 4,0,1,15326,0,0.0,ADD 5,0,0,0,0,0.0,ADD 6,0,1,15365,0,0.0,ADD 7,0,0,0,0,0.0,EGT2CAN,0,1,15294,0,0.0
1778949477.3979166,0.0,14973,-51.0,0,-,0,0,0,0,0.0,-,0,0,0,0,0.0,ECU,1,1,14993,0,0.0,FAN1,0,0,0,0,0.0,COILS,8,1,0,0,0.0,PUMP,0,0,0,0,0.0,INJECTOR,8,1,87,0,0.0,SERVO,1,1,14922,0,0.0,ADD 1,0,1,14927,0,0.0,ADD 2,0,1,14976,0,0.0,ADD 3,0,1,14938,0,0.0,ADD 4,0,1,14922,0,0.0,ADD 5,0,0,0,0,0.0,ADD 6,0,1,15015,0,0.0,ADD 7,0,0,0,0,0.0,EGT2CAN,0,1,15009,0,0.0
1778949477.4699583,0.0,15066,-51.0,0,-,0,0,0,0,0.0,-,0,0,0,0,0.0,ECU,1,1,15326,0,0.0,FAN1,0,0,0,0,0.0,COILS,8,1,0,0,0.0,PUMP,0,0,0,0,0.0,INJECTOR,8,1,98,0,0.0,SERVO,1,1,15212,0,0.0,ADD 1,0,1,15255,0,0.0,ADD 2,0,1,15212,0,0.0,ADD 3,0,1,15217,0,0.0,ADD 4,0,1,15135,0,0.0,ADD 5,0,0,0,0,0.0,ADD 6,0,1,15184,0,0.0,ADD 7,0,0,0,0,0.0,EGT2CAN,0,1,15075,0,0.0
1778949477.5210154,0.0,15066,-51.0,0,-,0,0,0,0,0.0,-,0,0,0,0,0.0,ECU,1,1,15102,0,0.0,FAN1,0,0,0,0,0.0,COILS,8,1,0,0,0.0,PUMP,0,0,0,0,0.0,INJECTOR,8,1,98,0,0.0,SERVO,1,1,15075,0,0.0,ADD 1,0,1,15124,0,0.0,ADD 2,0,1,15206,0,0.0,ADD 3,0,1,15130,0,0.0,ADD 4,0,1,15124,0,0.0,ADD 5,0,0,0,0,0.0,ADD 6,0,1,15184,0,0.0,ADD 7,0,0,0,0,0.0,EGT2CAN,0,1,15075,0,0.0
1778949477.5715928,0.0,15054,-51.0,0,-,0,0,0,0,0.0,-,0,0,0,0,0.0,ECU,1,1,14993,0,0.0,FAN1,0,0,0,0,0.0,COILS,8,1,0,0,0.0,PUMP,0,0,0,0,0.0,INJECTOR,8,1,98,0,0.0,SERVO,1,1,14905,0,0.0,ADD 1,0,1,15042,0,0.0,ADD 2,0,1,14993,0,0.0,ADD 3,0,1,15015,0,0.0,ADD 4,0,1,14900,0,0.0,ADD 5,0,0,0,0,0.0,ADD 6,0,1,15031,0,0.0,ADD 7,0,0,0,0,0.0,EGT2CAN,0,1,14976,0,0.0
1778949477.622404,0.0,15054,-51.0,0,-,0,0,0,0,0.0,-,0,0,0,0,0.0,ECU,1,1,14993,0,0.0,FAN1,0,0,0,0,0.0,COILS,8,1,0,0,0.0,PUMP,0,0,0,0,0.0,INJECTOR,8,1,98,0,0.0,SERVO,1,1,14905,0,0.0,ADD 1,0,1,15042,0,0.0,ADD 2,0,1,14993,0,0.0,ADD 3,0,1,15015,0,0.0,ADD 4,0,1,14900,0,0.0,ADD 5,0,0,0,0,0.0,ADD 6,0,1,15031,0,0.0,ADD 7,0,0,0,0,0.0,EGT2CAN,0,1,14976,0,0.0
1778949477.6736345,0.0,15054,-51.0,0,-,0,0,0,0,0.0,-,0,0,0,0,0.0,ECU,1,1,14987,0,0.0,FAN1,0,0,0,0,0.0,COILS,8,1,0,0,0.0,PUMP,0,0,0,0,0.0,INJECTOR,8,1,87,0,0.0,SERVO,1,1,14954,0,0.0,ADD 1,0,1,15031,0,0.0,ADD 2,0,1,15031,0,0.0,ADD 3,0,1,14987,0,0.0,ADD 4,0,1,14965,0,0.0,ADD 5,0,0,0,0,0.0,ADD 6,0,1,15031,0,0.0,ADD 7,0,0,0,0,0.0,EGT2CAN,0,1,14976,0,0.0
1778949477.7342396,0.0,15047,-51.0,0,-,0,0,0,0,0.0,-,0,0,0,0,0.0,ECU,1,1,14949,0,0.0,FAN1,0,0,0,0,0.0,COILS,8,1,0,0,0.0,PUMP,0,0,0,0,0.0,INJECTOR,8,1,92,0,0.0,SERVO,1,1,14922,0,0.0,ADD 1,0,1,14927,0,0.0,ADD 2,0,1,14987,0,0.0,ADD 3,0,1,14998,0,0.0,ADD 4,0,1,14944,0,0.0,ADD 5,0,0,0,0,0.0,ADD 6,0,1,15042,0,0.0,ADD 7,0,0,0,0,0.0,EGT2CAN,0,1,14987,0,0.0
1778949477.8042653,0.0,15047,-51.0,0,-,0,0,0,0,0.0,-,0,0,0,0,0.0,ECU,1,1,14982,0,0.0,FAN1,0,0,0,0,0.0,COILS,8,1,0,0,0.0,PUMP,0,0,0,0,0.0,INJECTOR,8,1,92,0,0.0,SERVO,1,1,14922,0,0.0,ADD 1,0,1,14927,0,0.0,ADD 2,0,1,14987,0,0.0,ADD 3,0,1,14998,0,0.0,ADD 4,0,1,14944,0,0.0,ADD 5,0,0,0,0,0.0,ADD 6,0,1,15042,0,0.0,ADD 7,0,0,0,0,0.0,EGT2CAN,0,1,14987,0,0.0
1778949477.856098,0.0,15091,-52.0,0,-,0,0,0,0,0.0,-,0,0,0,0,0.0,ECU,1,1,15272,0,0.0,FAN1,0,0,0,0,0.0,COILS,8,1,0,0,0.0,PUMP,0,0,0,0,0.0,INJECTOR,8,1,98,0,0.0,SERVO,1,1,15206,0,0.0,ADD 1,0,1,15184,0,0.0,ADD 2,0,1,15223,0,0.0,ADD 3,0,1,15130,0,0.0,ADD 4,0,1,15097,0,0.0,ADD 5,0,0,0,0,0.0,ADD 6,0,1,15140,0,0.0,ADD 7,0,0,0,0,0.0,EGT2CAN,0,1,15047,0,0.0
1778949477.9089782,0.0,15140,-51.0,0,-,0,0,0,0,0.0,-,0,0,0,0,0.0,ECU,1,1,15091,0,0.0,FAN1,0,0,0,0,0.0,COILS,8,1,0,0,0.0,PUMP,0,0,0,0,0.0,INJECTOR,8,1,103,0,0.0,SERVO,1,1,15080,0,0.0,ADD 1,0,1,15201,0,0.0,ADD 2,0,1,15239,0,0.0,ADD 3,0,1,15140,0,0.0,ADD 4,0,1,15184,0,0.0,ADD 5,0,0,0,0,0.0,ADD 6,0,1,15255,0,0.0,ADD 7,0,0,0,0,0.0,EGT2CAN,0,1,15179,0,0.0
1778949477.9616754,0.0,15140,-51.0,0,-,0,0,0,0,0.0,-,0,0,0,0,0.0,ECU,1,1,15354,0,0.0,FAN1,0,0,0,0,0.0,COILS,8,1,0,0,0.0,PUMP,0,0,0,0,0.0,INJECTOR,8,1,120,0,0.0,SERVO,1,1,15305,0,0.0,ADD 1,0,1,14982,0,0.0,ADD 2,0,1,14982,0,0.0,ADD 3,0,1,14916,0,0.0,ADD 4,0,1,14900,0,0.0,ADD 5,0,0,0,0,0.0,ADD 6,0,1,15255,0,0.0,ADD 7,0,0,0,0,0.0,EGT2CAN,0,1,15179,0,0.0
1778949478.017376,0.0,15016,-52.0,0,-,0,0,0,0,0.0,-,0,0,0,0,0.0,ECU,1,1,14993,0,0.0,FAN1,0,0,0,0,0.0,COILS,8,1,0,0,0.0,PUMP,0,0,0,0,0.0,INJECTOR,8,1,92,0,0.0,SERVO,1,1,14933,0,0.0,ADD 1,0,1,15015,0,0.0,ADD 2,0,1,15009,0,0.0,ADD 3,0,1,15009,0,0.0,ADD 4,0,1,14949,0,0.0,ADD 5,0,0,0,0,0.0,ADD 6,0,1,15047,0,0.0,ADD 7,0,0,0,0,0.0,EGT2CAN,0,1,14911,0,0.0
1778949478.0677133,0.0,15054,-53.0,0,-,0,0,0,0,0.0,-,0,0,0,0,0.0,ECU,1,1,14944,0,0.0,FAN1,0,0,0,0,0.0,COILS,8,1,0,0,0.0,PUMP,0,0,0,0,0.0,INJECTOR,8,1,98,0,0.0,SERVO,1,1,14960,0,0.0,ADD 1,0,1,14971,0,0.0,ADD 2,0,1,14971,0,0.0,ADD 3,0,1,14922,0,0.0,ADD 4,0,1,14922,0,0.0,ADD 5,0,0,0,0,0.0,ADD 6,0,1,14998,0,0.0,ADD 7,0,0,0,0,0.0,EGT2CAN,0,1,14998,0,0.0
1778949478.1199229,0.0,15054,-53.0,0,-,0,0,0,0,0.0,-,0,0,0,0,0.0,ECU,1,1,15091,0,0.0,FAN1,0,0,0,0,0.0,COILS,8,1,0,0,0.0,PUMP,0,0,0,0,0.0,INJECTOR,8,1,98,0,0.0,SERVO,1,1,15009,0,0.0,ADD 1,0,1,15272,0,0.0,ADD 2,0,1,15348,0,0.0,ADD 3,0,1,15283,0,0.0,ADD 4,0,1,15299,0,0.0,ADD 5,0,0,0,0,0.0,ADD 6,0,1,15277,0,0.0,ADD 7,0,0,0,0,0.0,EGT2CAN,0,1,15316,0,0.0
1778949478.1703146,0.0,15010,-52.0,0,-,0,0,0,0,0.0,-,0,0,0,0,0.0,ECU,1,1,14987,0,0.0,FAN1,0,0,0,0,0.0,COILS,8,1,0,0,0.0,PUMP,0,0,0,0,0.0,INJECTOR,8,1,125,0,0.0,SERVO,1,1,14900,0,0.0,ADD 1,0,1,14987,0,0.0,ADD 2,0,1,14965,0,0.0,ADD 3,0,1,14965,0,0.0,ADD 4,0,1,14927,0,0.0,ADD 5,0,0,0,0,0.0,ADD 6,0,1,15009,0,0.0,ADD 7,0,0,0,0,0.0,EGT2CAN,0,1,14965,0,0.0
1778949478.2284217,0.0,15004,-52.0,0,-,0,0,0,0,0.0,-,0,0,0,0,0.0,ECU,1,1,14987,0,0.0,FAN1,0,0,0,0,0.0,COILS,8,1,0,0,0.0,PUMP,0,0,0,0,0.0,INJECTOR,8,1,125,0,0.0,SERVO,1,1,14900,0,0.0,ADD 1,0,1,14987,0,0.0,ADD 2,0,1,14965,0,0.0,ADD 3,0,1,14965,0,0.0,ADD 4,0,1,14927,0,0.0,ADD 5,0,0,0,0,0.0,ADD 6,0,1,15009,0,0.0,ADD 7,0,0,0,0,0.0,EGT2CAN,0,1,14965,0,0.0
1778949478.281332,0.0,15190,-52.0,0,-,0,0,0,0,0.0,-,0,0,0,0,0.0,ECU,1,1,15135,0,0.0,FAN1,0,0,0,0,0.0,COILS,8,1,0,0,0.0,PUMP,0,0,0,0,0.0,INJECTOR,8,1,87,0,0.0,SERVO,1,1,15201,0,0.0,ADD 1,0,1,15239,0,0.0,ADD 2,0,1,15223,0,0.0,ADD 3,0,1,15223,0,0.0,ADD 4,0,1,15168,0,0.0,ADD 5,0,0,0,0,0.0,ADD 6,0,1,15294,0,0.0,ADD 7,0,0,0,0,0.0,EGT2CAN,0,1,15212,0,0.0
1778949478.332484,0.0,15190,-52.0,0,-,0,0,0,0,0.0,-,0,0,0,0,0.0,ECU,1,1,15321,0,0.0,FAN1,0,0,0,0,0.0,COILS,8,1,0,0,0.0,PUMP,0,0,0,0,0.0,INJECTOR,8,1,87,0,0.0,SERVO,1,1,15201,0,0.0,ADD 1,0,1,15239,0,0.0,ADD 2,0,1,15223,0,0.0,ADD 3,0,1,15223,0,0.0,ADD 4,0,1,15168,0,0.0,ADD 5,0,0,0,0,0.0,ADD 6,0,1,15294,0,0.0,ADD 7,0,0,0,0,0.0,EGT2CAN,0,1,15212,0,0.0
1778949478.3832977,0.0,15190,-52.0,0,-,0,0,0,0,0.0,-,0,0,0,0,0.0,ECU,1,1,15321,0,0.0,FAN1,0,0,0,0,0.0,COILS,8,1,0,0,0.0,PUMP,0,0,0,0,0.0,INJECTOR,8,1,114,0,0.0,SERVO,1,1,15233,0,0.0,ADD 1,0,1,14965,0,0.0,ADD 2,0,1,14954,0,0.0,ADD 3,0,1,14965,0,0.0,ADD 4,0,1,14938,0,0.0,ADD 5,0,0,0,0,0.0,ADD 6,0,1,14944,0,0.0,ADD 7,0,0,0,0,0.0,EGT2CAN,0,1,14993,0,0.0
1778949478.4455462,0.0,15010,-52.0,0,-,0,0,0,0,0.0,-,0,0,0,0,0.0,ECU,1,1,14922,0,0.0,FAN1,0,0,0,0,0.0,COILS,8,1,0,0,0.0,PUMP,0,0,0,0,0.0,INJECTOR,8,1,98,0,0.0,SERVO,1,1,14889,0,0.0,ADD 1,0,1,14954,0,0.0,ADD 2,0,1,14976,0,0.0,ADD 3,0,1,14938,0,0.0,ADD 4,0,1,14965,0,0.0,ADD 5,0,0,0,0,0.0,ADD 6,0,1,15031,0,0.0,ADD 7,0,0,0,0,0.0,EGT2CAN,0,1,14965,0,0.0
1778949478.5061762,0.0,15010,-52.0,0,-,0,0,0,0,0.0,-,0,0,0,0,0.0,ECU,1,1,15031,0,0.0,FAN1,0,0,0,0,0.0,COILS,8,1,0,0,0.0,PUMP,0,0,0,0,0.0,INJECTOR,8,1,98,0,0.0,SERVO,1,1,14889,0,0.0,ADD 1,0,1,14954,0,0.0,ADD 2,0,1,14976,0,0.0,ADD 3,0,1,14938,0,0.0,ADD 4,0,1,14965,0,0.0,ADD 5,0,0,0,0,0.0,ADD 6,0,1,15031,0,0.0,ADD 7,0,0,0,0,0.0,EGT2CAN,0,1,14965,0,0.0
1778949478.565372,0.0,14992,-52.0,0,-,0,0,0,0,0.0,-,0,0,0,0,0.0,ECU,1,1,14944,0,0.0,FAN1,0,0,0,0,0.0,COILS,8,1,0,0,0.0,PUMP,0,0,0,0,0.0,INJECTOR,8,1,87,0,0.0,SERVO,1,1,14960,0,0.0,ADD 1,0,1,14987,0,0.0,ADD 2,0,1,14960,0,0.0,ADD 3,0,1,14976,0,0.0,ADD 4,0,1,14905,0,0.0,ADD 5,0,0,0,0,0.0,ADD 6,0,1,14987,0,0.0,ADD 7,0,0,0,0,0.0,EGT2CAN,0,1,14976,0,0.0
1778949478.6216512,0.0,15023,-52.0,0,-,0,0,0,0,0.0,-,0,0,0,0,0.0,ECU,1,1,15037,0,0.0,FAN1,0,0,0,0,0.0,COILS,8,1,0,0,0.0,PUMP,0,0,0,0,0.0,INJECTOR,8,1,87,0,0.0,SERVO,1,1,14960,0,0.0,ADD 1,0,1,14987,0,0.0,ADD 2,0,1,14960,0,0.0,ADD 3,0,1,14976,0,0.0,ADD 4,0,1,14905,0,0.0,ADD 5,0,0,0,0,0.0,ADD 6,0,1,14987,0,0.0,ADD 7,0,0,0,0,0.0,EGT2CAN,0,1,14976,0,0.0
1778949478.6871727,0.0,15023,-52.0,0,-,0,0,0,0,0.0,-,0,0,0,0,0.0,ECU,1,1,15037,0,0.0,FAN1,0,0,0,0,0.0,COILS,8,1,0,0,0.0,PUMP,0,0,0,0,0.0,INJECTOR,8,1,87,0,0.0,SERVO,1,1,14965,0,0.0,ADD 1,0,1,15009,0,0.0,ADD 2,0,1,15026,0,0.0,ADD 3,0,1,15009,0,0.0,ADD 4,0,1,14954,0,0.0,ADD 5,0,0,0,0,0.0,ADD 6,0,1,15020,0,0.0,ADD 7,0,0,0,0,0.0,EGT2CAN,0,1,14976,0,0.0
1778949478.748723,0.0,15283,-52.0,0,-,0,0,0,0,0.0,-,0,0,0,0,0.0,ECU,1,1,15119,0,0.0,FAN1,0,0,0,0,0.0,COILS,8,1,0,0,0.0,PUMP,0,0,0,0,0.0,INJECTOR,8,1,98,0,0.0,SERVO,1,1,15190,0,0.0,ADD 1,0,1,15223,0,0.0,ADD 2,0,1,15228,0,0.0,ADD 3,0,1,15195,0,0.0,ADD 4,0,1,15179,0,0.0,ADD 5,0,0,0,0,0.0,ADD 6,0,1,15310,0,0.0,ADD 7,0,0,0,0,0.0,EGT2CAN,0,1,15277,0,0.0
1778949478.7990649,0.0,15283,-52.0,0,-,0,0,0,0,0.0,-,0,0,0,0,0.0,ECU,1,1,15266,0,0.0,FAN1,0,0,0,0,0.0,COILS,8,1,0,0,0.0,PUMP,0,0,0,0,0.0,INJECTOR,8,1,98,0,0.0,SERVO,1,1,15190,0,0.0,ADD 1,0,1,14938,0,0.0,ADD 2,0,1,14944,0,0.0,ADD 3,0,1,14916,0,0.0,ADD 4,0,1,14905,0,0.0,ADD 5,0,0,0,0,0.0,ADD 6,0,1,14976,0,0.0,ADD 7,0,0,0,0,0.0,EGT2CAN,0,1,15004,0,0.0
1778949478.8700116,0.0,15066,-52.0,0,-,0,0,0,0,0.0,-,0,0,0,0,0.0,ECU,1,1,14976,0,0.0,FAN1,0,0,0,0,0.0,COILS,8,1,0,0,0.0,PUMP,0,0,0,0,0.0,INJECTOR,8,1,109,0,0.0,SERVO,1,1,14976,0,0.0,ADD 1,0,1,15102,0,0.0,ADD 2,0,1,15091,0,0.0,ADD 3,0,1,15009,0,0.0,ADD 4,0,1,14998,0,0.0,ADD 5,0,0,0,0,0.0,ADD 6,0,1,14944,0,0.0,ADD 7,0,0,0,0,0.0,EGT2CAN,0,1,14944,0,0.0
1778949478.9216192,0.0,15066,-52.0,0,-,0,0,0,0,0.0,-,0,0,0,0,0.0,ECU,1,1,14976,0,0.0,FAN1,0,0,0,0,0.0,COILS,8,1,0,0,0.0,PUMP,0,0,0,0,0.0,INJECTOR,8,1,109,0,0.0,SERVO,1,1,14976,0,0.0,ADD 1,0,1,15102,0,0.0,ADD 2,0,1,15091,0,0.0,ADD 3,0,1,15009,0,0.0,ADD 4,0,1,14998,0,0.0,ADD 5,0,0,0,0,0.0,ADD 6,0,1,14944,0,0.0,ADD 7,0,0,0,0,0.0,EGT2CAN,0,1,14944,0,0.0
1778949478.9748182,0.0,15066,-52.0,0,-,0,0,0,0,0.0,-,0,0,0,0,0.0,ECU,1,1,14993,0,0.0,FAN1,0,0,0,0,0.0,COILS,8,1,0,0,0.0,PUMP,0,0,0,0,0.0,INJECTOR,8,1,92,0,0.0,SERVO,1,1,14938,0,0.0,ADD 1,0,1,15217,0,0.0,ADD 2,0,1,15212,0,0.0,ADD 3,0,1,15206,0,0.0,ADD 4,0,1,15162,0,0.0,ADD 5,0,0,0,0,0.0,ADD 6,0,1,14944,0,0.0,ADD 7,0,0,0,0,0.0,EGT2CAN,0,1,14944,0,0.0
1778949479.0319314,0.0,14985,-51.0,0,-,0,0,0,0,0.0,-,0,0,0,0,0.0,ECU,1,1,14944,0,0.0,FAN1,0,0,0,0,0.0,COILS,8,1,0,0,0.0,PUMP,0,0,0,0,0.0,INJECTOR,8,1,98,0,0.0,SERVO,1,1,14971,0,0.0,ADD 1,0,1,15031,0,0.0,ADD 2,0,1,15047,0,0.0,ADD 3,0,1,15053,0,0.0,ADD 4,0,1,14982,0,0.0,ADD 5,0,0,0,0,0.0,ADD 6,0,1,15075,0,0.0,ADD 7,0,0,0,0,0.0,EGT2CAN,0,1,15047,0,0.0
1778949479.0861354,0.0,14985,-51.0,0,-,0,0,0,0,0.0,-,0,0,0,0,0.0,ECU,1,1,14938,0,0.0,FAN1,0,0,0,0,0.0,COILS,8,1,0,0,0.0,PUMP,0,0,0,0,0.0,INJECTOR,8,1,92,0,0.0,SERVO,1,1,14944,0,0.0,ADD 1,0,1,15031,0,0.0,ADD 2,0,1,15047,0,0.0,ADD 3,0,1,15053,0,0.0,ADD 4,0,1,14982,0,0.0,ADD 5,0,0,0,0,0.0,ADD 6,0,1,15075,0,0.0,ADD 7,0,0,0,0,0.0,EGT2CAN,0,1,15047,0,0.0
1778949479.1369257,0.0,15097,-51.0,0,-,0,0,0,0,0.0,-,0,0,0,0,0.0,ECU,1,1,15255,0,0.0,FAN1,0,0,0,0,0.0,COILS,8,1,0,0,0.0,PUMP,0,0,0,0,0.0,INJECTOR,8,1,98,0,0.0,SERVO,1,1,15031,0,0.0,ADD 1,0,1,14987,0,0.0,ADD 2,0,1,14944,0,0.0,ADD 3,0,1,14987,0,0.0,ADD 4,0,1,14938,0,0.0,ADD 5,0,0,0,0,0.0,ADD 6,0,1,14944,0,0.0,ADD 7,0,0,0,0,0.0,EGT2CAN,0,1,14944,0,0.0
1778949479.192649,0.0,15233,-51.0,0,-,0,0,0,0,0.0,-,0,0,0,0,0.0,ECU,1,1,15135,0,0.0,FAN1,0,0,0,0,0.0,COILS,8,1,0,0,0.0,PUMP,0,0,0,0,0.0,INJECTOR,8,1,92,0,0.0,SERVO,1,1,15212,0,0.0,ADD 1,0,1,15239,0,0.0,ADD 2,0,1,15294,0,0.0,ADD 3,0,1,15261,0,0.0,ADD 4,0,1,15233,0,0.0,ADD 5,0,0,0,0,0.0,ADD 6,0,1,15277,0,0.0,ADD 7,0,0,0,0,0.0,EGT2CAN,0,1,15206,0,0.0
1778949479.2597854,0.0,15233,-51.0,0,-,0,0,0,0,0.0,-,0,0,0,0,0.0,ECU,1,1,15321,0,0.0,FAN1,0,0,0,0,0.0,COILS,8,1,0,0,0.0,PUMP,0,0,0,0,0.0,INJECTOR,8,1,131,0,0.0,SERVO,1,1,15195,0,0.0,ADD 1,0,1,14938,0,0.0,ADD 2,0,1,14993,0,0.0,ADD 3,0,1,14998,0,0.0,ADD 4,0,1,14916,0,0.0,ADD 5,0,0,0,0,0.0,ADD 6,0,1,15277,0,0.0,ADD 7,0,0,0,0,0.0,EGT2CAN,0,1,15206,0,0.0
1778949479.3108974,0.0,14985,-53.0,0,-,0,0,0,0,0.0,-,0,0,0,0,0.0,ECU,1,1,14987,0,0.0,FAN1,0,0,0,0,0.0,COILS,8,1,0,0,0.0,PUMP,0,0,0,0,0.0,INJECTOR,8,1,92,0,0.0,SERVO,1,1,14927,0,0.0,ADD 1,0,1,15009,0,0.0,ADD 2,0,1,15009,0,0.0,ADD 3,0,1,14982,0,0.0,ADD 4,0,1,14933,0,0.0,ADD 5,0,0,0,0,0.0,ADD 6,0,1,15037,0,0.0,ADD 7,0,0,0,0,0.0,EGT2CAN,0,1,14976,0,0.0
1778949479.36231,0.0,14992,-52.0,0,-,0,0,0,0,0.0,-,0,0,0,0,0.0,ECU,1,1,14987,0,0.0,FAN1,0,0,0,0,0.0,COILS,8,1,0,0,0.0,PUMP,0,0,0,0,0.0,INJECTOR,8,1,92,0,0.0,SERVO,1,1,14927,0,0.0,ADD 1,0,1,14993,0,0.0,ADD 2,0,1,14954,0,0.0,ADD 3,0,1,14938,0,0.0,ADD 4,0,1,14982,0,0.0,ADD 5,0,0,0,0,0.0,ADD 6,0,1,15047,0,0.0,ADD 7,0,0,0,0,0.0,EGT2CAN,0,1,15004,0,0.0
1778949479.413187,0.0,14992,-52.0,0,-,0,0,0,0,0.0,-,0,0,0,0,0.0,ECU,1,1,15228,0,0.0,FAN1,0,0,0,0,0.0,COILS,8,1,0,0,0.0,PUMP,0,0,0,0,0.0,INJECTOR,8,1,87,0,0.0,SERVO,1,1,14944,0,0.0,ADD 1,0,1,15151,0,0.0,ADD 2,0,1,15135,0,0.0,ADD 3,0,1,15157,0,0.0,ADD 4,0,1,15053,0,0.0,ADD 5,0,0,0,0,0.0,ADD 6,0,1,15206,0,0.0,ADD 7,0,0,0,0,0.0,EGT2CAN,0,1,15190,0,0.0
1778949479.4735022,0.0,15016,-52.0,0,-,0,0,0,0,0.0,-,0,0,0,0,0.0,ECU,1,1,14960,0,0.0,FAN1,0,0,0,0,0.0,COILS,8,1,0,0,0.0,PUMP,0,0,0,0,0.0,INJECTOR,8,1,109,0,0.0,SERVO,1,1,14889,0,0.0,ADD 1,0,1,15244,0,0.0,ADD 2,0,1,15299,0,0.0,ADD 3,0,1,15255,0,0.0,ADD 4,0,1,15223,0,0.0,ADD 5,0,0,0,0,0.0,ADD 6,0,1,15288,0,0.0,ADD 7,0,0,0,0,0.0,EGT2CAN,0,1,15250,0,0.0
1778949479.5426373,0.0,14955,-52.0,0,-,0,0,0,0,0.0,-,0,0,0,0,0.0,ECU,1,1,14960,0,0.0,FAN1,0,0,0,0,0.0,COILS,8,1,0,0,0.0,PUMP,0,0,0,0,0.0,INJECTOR,8,1,109,0,0.0,SERVO,1,1,14889,0,0.0,ADD 1,0,1,14976,0,0.0,ADD 2,0,1,15020,0,0.0,ADD 3,0,1,15009,0,0.0,ADD 4,0,1,14922,0,0.0,ADD 5,0,0,0,0,0.0,ADD 6,0,1,15031,0,0.0,ADD 7,0,0,0,0,0.0,EGT2CAN,0,1,15020,0,0.0
1778949479.593675,0.0,15115,-52.0,0,-,0,0,0,0,0.0,-,0,0,0,0,0.0,ECU,1,1,14960,0,0.0,FAN1,0,0,0,0,0.0,COILS,8,1,0,0,0.0,PUMP,0,0,0,0,0.0,INJECTOR,8,1,87,0,0.0,SERVO,1,1,14927,0,0.0,ADD 1,0,1,15009,0,0.0,ADD 2,0,1,14993,0,0.0,ADD 3,0,1,14976,0,0.0,ADD 4,0,1,14976,0,0.0,ADD 5,0,0,0,0,0.0,ADD 6,0,1,14982,0,0.0,ADD 7,0,0,0,0,0.0,EGT2CAN,0,1,14993,0,0.0
1778949479.6456475,0.0,15289,-51.0,0,-,0,0,0,0,0.0,-,0,0,0,0,0.0,ECU,1,1,15326,0,0.0,FAN1,0,0,0,0,0.0,COILS,8,1,0,0,0.0,PUMP,0,0,0,0,0.0,INJECTOR,8,1,92,0,0.0,SERVO,1,1,15316,0,0.0,ADD 1,0,1,15332,0,0.0,ADD 2,0,1,15348,0,0.0,ADD 3,0,1,15370,0,0.0,ADD 4,0,1,15294,0,0.0,ADD 5,0,0,0,0,0.0,ADD 6,0,1,15419,0,0.0,ADD 7,0,0,0,0,0.0,EGT2CAN,0,1,15310,0,0.0
1778949479.698365,0.0,15289,-51.0,0,-,0,0,0,0,0.0,-,0,0,0,0,0.0,ECU,1,1,15190,0,0.0,FAN1,0,0,0,0,0.0,COILS,8,1,0,0,0.0,PUMP,0,0,0,0,0.0,INJECTOR,8,1,92,0,0.0,SERVO,1,1,15316,0,0.0,ADD 1,0,1,15332,0,0.0,ADD 2,0,1,15348,0,0.0,ADD 3,0,1,15370,0,0.0,ADD 4,0,1,15294,0,0.0,ADD 5,0,0,0,0,0.0,ADD 6,0,1,15419,0,0.0,ADD 7,0,0,0,0,0.0,EGT2CAN,0,1,15310,0,0.0
1778949479.754768,0.0,14992,-51.0,0,-,0,0,0,0,0.0,-,0,0,0,0,0.0,ECU,1,1,15108,0,0.0,FAN1,0,0,0,0,0.0,COILS,8,1,0,0,0.0,PUMP,0,0,0,0,0.0,INJECTOR,8,1,120,0,0.0,SERVO,1,1,15179,0,0.0,ADD 1,0,1,14993,0,0.0,ADD 2,0,1,15009,0,0.0,ADD 3,0,1,15004,0,0.0,ADD 4,0,1,14944,0,0.0,ADD 5,0,0,0,0,0.0,ADD 6,0,1,15009,0,0.0,ADD 7,0,0,0,0,0.0,EGT2CAN,0,1,14965,0,0.0
1778949479.8069437,0.0,15066,-52.0,0,-,0,0,0,0,0.0,-,0,0,0,0,0.0,ECU,1,1,14987,0,0.0,FAN1,0,0,0,0,0.0,COILS,8,1,0,0,0.0,PUMP,0,0,0,0,0.0,INJECTOR,8,1,98,0,0.0,SERVO,1,1,14965,0,0.0,ADD 1,0,1,15031,0,0.0,ADD 2,0,1,15064,0,0.0,ADD 3,0,1,15053,0,0.0,ADD 4,0,1,14965,0,0.0,ADD 5,0,0,0,0,0.0,ADD 6,0,1,14944,0,0.0,ADD 7,0,0,0,0,0.0,EGT2CAN,0,1,14944,0,0.0
1778949479.857814,0.0,15215,-52.0,0,-,0,0,0,0,0.0,-,0,0,0,0,0.0,ECU,1,1,15020,0,0.0,FAN1,0,0,0,0,0.0,COILS,8,1,0,0,0.0,PUMP,0,0,0,0,0.0,INJECTOR,8,1,87,0,0.0,SERVO,1,1,14987,0,0.0,ADD 1,0,1,15228,0,0.0,ADD 2,0,1,15283,0,0.0,ADD 3,0,1,15261,0,0.0,ADD 4,0,1,15179,0,0.0,ADD 5,0,0,0,0,0.0,ADD 6,0,1,15217,0,0.0,ADD 7,0,0,0,0,0.0,EGT2CAN,0,1,15146,0,0.0
1778949479.9245899,0.0,15029,-52.0,0,-,0,0,0,0,0.0,-,0,0,0,0,0.0,ECU,1,1,15359,0,0.0,FAN1,0,0,0,0,0.0,COILS,8,1,0,0,0.0,PUMP,0,0,0,0,0.0,INJECTOR,8,1,98,0,0.0,SERVO,1,1,15348,0,0.0,ADD 1,0,1,15337,0,0.0,ADD 2,0,1,15398,0,0.0,ADD 3,0,1,15316,0,0.0,ADD 4,0,1,15348,0,0.0,ADD 5,0,0,0,0,0.0,ADD 6,0,1,15316,0,0.0,ADD 7,0,0,0,0,0.0,EGT2CAN,0,1,15299,0,0.0
1778949479.9769866,0.0,15029,-52.0,0,-,0,0,0,0,0.0,-,0,0,0,0,0.0,ECU,1,1,14971,0,0.0,FAN1,0,0,0,0,0.0,COILS,8,1,0,0,0.0,PUMP,0,0,0,0,0.0,INJECTOR,8,1,98,0,0.0,SERVO,1,1,14944,0,0.0,ADD 1,0,1,15337,0,0.0,ADD 2,0,1,15398,0,0.0,ADD 3,0,1,15316,0,0.0,ADD 4,0,1,15348,0,0.0,ADD 5,0,0,0,0,0.0,ADD 6,0,1,15316,0,0.0,ADD 7,0,0,0,0,0.0,EGT2CAN,0,1,15299,0,0.0
1778949480.0371258,0.0,15314,-54.0,0,-,0,0,0,0,0.0,-,0,0,0,0,0.0,ECU,1,1,15381,0,0.0,FAN1,0,0,0,0,0.0,COILS,8,1,0,0,0.0,PUMP,0,0,0,0,0.0,INJECTOR,8,1,87,0,0.0,SERVO,1,1,15370,0,0.0,ADD 1,0,1,15381,0,0.0,ADD 2,0,1,15398,0,0.0,ADD 3,0,1,15348,0,0.0,ADD 4,0,1,15310,0,0.0,ADD 5,0,0,0,0,0.0,ADD 6,0,1,15392,0,0.0,ADD 7,0,0,0,0,0.0,EGT2CAN,0,1,15343,0,0.0
1778949480.0953386,0.0,15314,-54.0,0,-,0,0,0,0,0.0,-,0,0,0,0,0.0,ECU,1,1,15266,0,0.0,FAN1,0,0,0,0,0.0,COILS,8,1,0,0,0.0,PUMP,0,0,0,0,0.0,INJECTOR,8,1,92,0,0.0,SERVO,1,1,15190,0,0.0,ADD 1,0,1,15381,0,0.0,ADD 2,0,1,15398,0,0.0,ADD 3,0,1,15348,0,0.0,ADD 4,0,1,15310,0,0.0,ADD 5,0,0,0,0,0.0,ADD 6,0,1,15392,0,0.0,ADD 7,0,0,0,0,0.0,EGT2CAN,0,1,15343,0,0.0
1778949480.1552758,0.0,15041,-52.0,0,-,0,0,0,0,0.0,-,0,0,0,0,0.0,ECU,1,1,14982,0,0.0,FAN1,0,0,0,0,0.0,COILS,8,1,0,0,0.0,PUMP,0,0,0,0,0.0,INJECTOR,8,1,92,0,0.0,SERVO,1,1,14878,0,0.0,ADD 1,0,1,14933,0,0.0,ADD 2,0,1,14976,0,0.0,ADD 3,0,1,14982,0,0.0,ADD 4,0,1,14944,0,0.0,ADD 5,0,0,0,0,0.0,ADD 6,0,1,15037,0,0.0,ADD 7,0,0,0,0,0.0,EGT2CAN,0,1,15009,0,0.0
1778949480.2062821,0.0,15351,-51.0,0,-,0,0,0,0,0.0,-,0,0,0,0,0.0,ECU,1,1,14971,0,0.0,FAN1,0,0,0,0,0.0,COILS,8,1,0,0,0.0,PUMP,0,0,0,0,0.0,INJECTOR,8,1,120,0,0.0,SERVO,1,1,14982,0,0.0,ADD 1,0,1,15348,0,0.0,ADD 2,0,1,15381,0,0.0,ADD 3,0,1,15359,0,0.0,ADD 4,0,1,15332,0,0.0,ADD 5,0,0,0,0,0.0,ADD 6,0,1,15326,0,0.0,ADD 7,0,0,0,0,0.0,EGT2CAN,0,1,15326,0,0.0
1778949480.2573395,0.0,15351,-51.0,0,-,0,0,0,0,0.0,-,0,0,0,0,0.0,ECU,1,1,15250,0,0.0,FAN1,0,0,0,0,0.0,COILS,8,1,0,0,0.0,PUMP,0,0,0,0,0.0,INJECTOR,8,1,98,0,0.0,SERVO,1,1,15146,0,0.0,ADD 1,0,1,15184,0,0.0,ADD 2,0,1,15201,0,0.0,ADD 3,0,1,15233,0,0.0,ADD 4,0,1,15146,0,0.0,ADD 5,0,0,0,0,0.0,ADD 6,0,1,15326,0,0.0,ADD 7,0,0,0,0,0.0,EGT2CAN,0,1,15326,0,0.0
1778949480.3082805,0.0,15004,-52.0,0,-,0,0,0,0,0.0,-,0,0,0,0,0.0,ECU,1,1,14998,0,0.0,FAN1,0,0,0,0,0.0,COILS,8,1,0,0,0.0,PUMP,0,0,0,0,0.0,INJECTOR,8,1,98,0,0.0,SERVO,1,1,15053,0,0.0,ADD 1,0,1,15031,0,0.0,ADD 2,0,1,15135,0,0.0,ADD 3,0,1,15031,0,0.0,ADD 4,0,1,15031,0,0.0,ADD 5,0,0,0,0,0.0,ADD 6,0,1,15179,0,0.0,ADD 7,0,0,0,0,0.0,EGT2CAN,0,1,15140,0,0.0
1778949480.3586192,0.0,15097,-52.0,0,-,0,0,0,0,0.0,-,0,0,0,0,0.0,ECU,1,1,14987,0,0.0,FAN1,0,0,0,0,0.0,COILS,8,1,0,0,0.0,PUMP,0,0,0,0,0.0,INJECTOR,8,1,98,0,0.0,SERVO,1,1,14993,0,0.0,ADD 1,0,1,14998,0,0.0,ADD 2,0,1,15009,0,0.0,ADD 3,0,1,15009,0,0.0,ADD 4,0,1,14922,0,0.0,ADD 5,0,0,0,0,0.0,ADD 6,0,1,14998,0,0.0,ADD 7,0,0,0,0,0.0,EGT2CAN,0,1,14993,0,0.0
1778949480.411995,0.0,15097,-52.0,0,-,0,0,0,0,0.0,-,0,0,0,0,0.0,ECU,1,1,15009,0,0.0,FAN1,0,0,0,0,0.0,COILS,8,1,0,0,0.0,PUMP,0,0,0,0,0.0,INJECTOR,8,1,92,0,0.0,SERVO,1,1,14987,0,0.0,ADD 1,0,1,15026,0,0.0,ADD 2,0,1,15009,0,0.0,ADD 3,0,1,14993,0,0.0,ADD 4,0,1,14894,0,0.0,ADD 5,0,0,0,0,0.0,ADD 6,0,1,15053,0,0.0,ADD 7,0,0,0,0,0.0,EGT2CAN,0,1,14993,0,0.0
1778949480.4638798,0.0,15363,-51.0,0,-,0,0,0,0,0.0,-,0,0,0,0,0.0,ECU,1,1,15365,0,0.0,FAN1,0,0,0,0,0.0,COILS,8,1,0,0,0.0,PUMP,0,0,0,0,0.0,INJECTOR,8,1,114,0,0.0,SERVO,1,1,15321,0,0.0,ADD 1,0,1,15392,0,0.0,ADD 2,0,1,15348,0,0.0,ADD 3,0,1,15305,0,0.0,ADD 4,0,1,15261,0,0.0,ADD 5,0,0,0,0,0.0,ADD 6,0,1,15354,0,0.0,ADD 7,0,0,0,0,0.0,EGT2CAN,0,1,15266,0,0.0
1778949480.516551,0.0,15054,-51.0,0,-,0,0,0,0,0.0,-,0,0,0,0,0.0,ECU,1,1,15124,0,0.0,FAN1,0,0,0,0,0.0,COILS,8,1,0,0,0.0,PUMP,0,0,0,0,0.0,INJECTOR,8,1,98,0,0.0,SERVO,1,1,14960,0,0.0,ADD 1,0,1,15015,0,0.0,ADD 2,0,1,15009,0,0.0,ADD 3,0,1,15053,0,0.0,ADD 4,0,1,14993,0,0.0,ADD 5,0,0,0,0,0.0,ADD 6,0,1,15009,0,0.0,ADD 7,0,0,0,0,0.0,EGT2CAN,0,1,15075,0,0.0
1778949480.5793273,0.0,15023,-54.0,0,-,0,0,0,0,0.0,-,0,0,0,0,0.0,ECU,1,1,14971,0,0.0,FAN1,0,0,0,0,0.0,COILS,8,1,0,0,0.0,PUMP,0,0,0,0,0.0,INJECTOR,8,1,87,0,0.0,SERVO,1,1,14944,0,0.0,ADD 1,0,1,15009,0,0.0,ADD 2,0,1,15026,0,0.0,ADD 3,0,1,15026,0,0.0,ADD 4,0,1,14954,0,0.0,ADD 5,0,0,0,0,0.0,ADD 6,0,1,15053,0,0.0,ADD 7,0,0,0,0,0.0,EGT2CAN,0,1,14976,0,0.0
1778949480.630334,0.0,15023,-54.0,0,-,0,0,0,0,0.0,-,0,0,0,0,0.0,ECU,1,1,14971,0,0.0,FAN1,0,0,0,0,0.0,COILS,8,1,0,0,0.0,PUMP,0,0,0,0,0.0,INJECTOR,8,1,87,0,0.0,SERVO,1,1,14944,0,0.0,ADD 1,0,1,15009,0,0.0,ADD 2,0,1,15026,0,0.0,ADD 3,0,1,15026,0,0.0,ADD 4,0,1,14954,0,0.0,ADD 5,0,0,0,0,0.0,ADD 6,0,1,15053,0,0.0,ADD 7,0,0,0,0,0.0,EGT2CAN,0,1,14976,0,0.0
1778949480.6834219,0.0,15023,-54.0,0,-,0,0,0,0,0.0,-,0,0,0,0,0.0,ECU,1,1,14944,0,0.0,FAN1,0,0,0,0,0.0,COILS,8,1,0,0,0.0,PUMP,0,0,0,0,0.0,INJECTOR,8,1,92,0,0.0,SERVO,1,1,14993,0,0.0,ADD 1,0,1,15299,0,0.0,ADD 2,0,1,15305,0,0.0,ADD 3,0,1,15283,0,0.0,ADD 4,0,1,15239,0,0.0,ADD 5,0,0,0,0,0.0,ADD 6,0,1,15244,0,0.0,ADD 7,0,0,0,0,0.0,EGT2CAN,0,1,15244,0,0.0
1778949480.7343528,0.0,15054,-51.0,0,-,0,0,0,0,0.0,-,0,0,0,0,0.0,ECU,1,1,14993,0,0.0,FAN1,0,0,0,0,0.0,COILS,8,1,0,0,0.0,PUMP,0,0,0,0,0.0,INJECTOR,8,1,82,0,0.0,SERVO,1,1,14965,0,0.0,ADD 1,0,1,15031,0,0.0,ADD 2,0,1,15031,0,0.0,ADD 3,0,1,14987,0,0.0,ADD 4,0,1,14971,0,0.0,ADD 5,0,0,0,0,0.0,ADD 6,0,1,15004,0,0.0,ADD 7,0,0,0,0,0.0,EGT2CAN,0,1,14987,0,0.0
1778949480.7860773,0.0,15054,-51.0,0,-,0,0,0,0,0.0,-,0,0,0,0,0.0,ECU,1,1,14993,0,0.0,FAN1,0,0,0,0,0.0,COILS,8,1,0,0,0.0,PUMP,0,0,0,0,0.0,INJECTOR,8,1,82,0,0.0,SERVO,1,1,14965,0,0.0,ADD 1,0,1,15031,0,0.0,ADD 2,0,1,15031,0,0.0,ADD 3,0,1,14987,0,0.0,ADD 4,0,1,14971,0,0.0,ADD 5,0,0,0,0,0.0,ADD 6,0,1,15004,0,0.0,ADD 7,0,0,0,0,0.0,EGT2CAN,0,1,14987,0,0.0
1778949480.8374014,0.0,15054,-51.0,0,-,0,0,0,0,0.0,-,0,0,0,0,0.0,ECU,1,1,14987,0,0.0,FAN1,0,0,0,0,0.0,COILS,8,1,0,0,0.0,PUMP,0,0,0,0,0.0,INJECTOR,8,1,87,0,0.0,SERVO,1,1,14965,0,0.0,ADD 1,0,1,14944,0,0.0,ADD 2,0,1,15020,0,0.0,ADD 3,0,1,14954,0,0.0,ADD 4,0,1,14949,0,0.0,ADD 5,0,0,0,0,0.0,ADD 6,0,1,14998,0,0.0,ADD 7,0,0,0,0,0.0,EGT2CAN,0,1,14987,0,0.0
1778949480.8987842,0.0,15023,-51.0,0,-,0,0,0,0,0.0,-,0,0,0,0,0.0,ECU,1,1,15277,0,0.0,FAN1,0,0,0,0,0.0,COILS,8,1,0,0,0.0,PUMP,0,0,0,0,0.0,INJECTOR,8,1,131,0,0.0,SERVO,1,1,15135,0,0.0,ADD 1,0,1,15042,0,0.0,ADD 2,0,1,15080,0,0.0,ADD 3,0,1,15108,0,0.0,ADD 4,0,1,15080,0,0.0,ADD 5,0,0,0,0,0.0,ADD 6,0,1,15179,0,0.0,ADD 7,0,0,0,0,0.0,EGT2CAN,0,1,15091,0,0.0
1778949480.949388,0.0,15023,-51.0,0,-,0,0,0,0,0.0,-,0,0,0,0,0.0,ECU,1,1,15026,0,0.0,FAN1,0,0,0,0,0.0,COILS,8,1,0,0,0.0,PUMP,0,0,0,0,0.0,INJECTOR,8,1,109,0,0.0,SERVO,1,1,15135,0,0.0,ADD 1,0,1,15042,0,0.0,ADD 2,0,1,15080,0,0.0,ADD 3,0,1,15108,0,0.0,ADD 4,0,1,15080,0,0.0,ADD 5,0,0,0,0,0.0,ADD 6,0,1,15179,0,0.0,ADD 7,0,0,0,0,0.0,EGT2CAN,0,1,15091,0,0.0
1778949481.0053627,0.0,15054,-51.0,0,-,0,0,0,0,0.0,-,0,0,0,0,0.0,ECU,1,1,14987,0,0.0,FAN1,0,0,0,0,0.0,COILS,8,1,0,0,0.0,PUMP,0,0,0,0,0.0,INJECTOR,8,1,87,0,0.0,SERVO,1,1,14993,0,0.0,ADD 1,0,1,15031,0,0.0,ADD 2,0,1,15009,0,0.0,ADD 3,0,1,15009,0,0.0,ADD 4,0,1,14971,0,0.0,ADD 5,0,0,0,0,0.0,ADD 6,0,1,15009,0,0.0,ADD 7,0,0,0,0,0.0,EGT2CAN,0,1,15047,0,0.0
1778949481.0647697,0.0,15233,-51.0,0,-,0,0,0,0,0.0,-,0,0,0,0,0.0,ECU,1,1,14987,0,0.0,FAN1,0,0,0,0,0.0,COILS,8,1,0,0,0.0,PUMP,0,0,0,0,0.0,INJECTOR,8,1,87,0,0.0,SERVO,1,1,14998,0,0.0,ADD 1,0,1,15031,0,0.0,ADD 2,0,1,15037,0,0.0,ADD 3,0,1,15031,0,0.0,ADD 4,0,1,14976,0,0.0,ADD 5,0,0,0,0,0.0,ADD 6,0,1,15004,0,0.0,ADD 7,0,0,0,0,0.0,EGT2CAN,0,1,14993,0,0.0
1778949481.117505,0.0,15233,-51.0,0,-,0,0,0,0,0.0,-,0,0,0,0,0.0,ECU,1,1,15179,0,0.0,FAN1,0,0,0,0,0.0,COILS,8,1,0,0,0.0,PUMP,0,0,0,0,0.0,INJECTOR,8,1,109,0,0.0,SERVO,1,1,15261,0,0.0,ADD 1,0,1,15326,0,0.0,ADD 2,0,1,15343,0,0.0,ADD 3,0,1,15310,0,0.0,ADD 4,0,1,15316,0,0.0,ADD 5,0,0,0,0,0.0,ADD 6,0,1,15337,0,0.0,ADD 7,0,0,0,0,0.0,EGT2CAN,0,1,15283,0,0.0
1778949481.182003,0.0,14985,-52.0,0,-,0,0,0,0,0.0,-,0,0,0,0,0.0,ECU,1,1,14998,0,0.0,FAN1,0,0,0,0,0.0,COILS,8,1,0,0,0.0,PUMP,0,0,0,0,0.0,INJECTOR,8,1,92,0,0.0,SERVO,1,1,14982,0,0.0,ADD 1,0,1,15015,0,0.0,ADD 2,0,1,15009,0,0.0,ADD 3,0,1,14965,0,0.0,ADD 4,0,1,14927,0,0.0,ADD 5,0,0,0,0,0.0,ADD 6,0,1,15026,0,0.0,ADD 7,0,0,0,0,0.0,EGT2CAN,0,1,15009,0,0.0
1778949481.2331161,0.0,14985,-52.0,0,-,0,0,0,0,0.0,-,0,0,0,0,0.0,ECU,1,1,14998,0,0.0,FAN1,0,0,0,0,0.0,COILS,8,1,0,0,0.0,PUMP,0,0,0,0,0.0,INJECTOR,8,1,92,0,0.0,SERVO,1,1,14982,0,0.0,ADD 1,0,1,15015,0,0.0,ADD 2,0,1,15009,0,0.0,ADD 3,0,1,14965,0,0.0,ADD 4,0,1,14927,0,0.0,ADD 5,0,0,0,0,0.0,ADD 6,0,1,15026,0,0.0,ADD 7,0,0,0,0,0.0,EGT2CAN,0,1,15009,0,0.0
1778949481.2854018,0.0,14985,-52.0,0,-,0,0,0,0,0.0,-,0,0,0,0,0.0,ECU,1,1,15370,0,0.0,FAN1,0,0,0,0,0.0,COILS,8,1,0,0,0.0,PUMP,0,0,0,0,0.0,INJECTOR,8,1,103,0,0.0,SERVO,1,1,15299,0,0.0,ADD 1,0,1,15348,0,0.0,ADD 2,0,1,15305,0,0.0,ADD 3,0,1,15321,0,0.0,ADD 4,0,1,15283,0,0.0,ADD 5,0,0,0,0,0.0,ADD 6,0,1,15370,0,0.0,ADD 7,0,0,0,0,0.0,EGT2CAN,0,1,15305,0,0.0
1778949481.3416886,0.0,14992,-53.0,0,-,0,0,0,0,0.0,-,0,0,0,0,0.0,ECU,1,1,15009,0,0.0,FAN1,0,0,0,0,0.0,COILS,8,1,0,0,0.0,PUMP,0,0,0,0,0.0,INJECTOR,8,1,114,0,0.0,SERVO,1,1,15151,0,0.0,ADD 1,0,1,14982,0,0.0,ADD 2,0,1,15020,0,0.0,ADD 3,0,1,14965,0,0.0,ADD 4,0,1,14894,0,0.0,ADD 5,0,0,0,0,0.0,ADD 6,0,1,14982,0,0.0,ADD 7,0,0,0,0,0.0,EGT2CAN,0,1,14993,0,0.0
1778949481.392216,0.0,14992,-53.0,0,-,0,0,0,0,0.0,-,0,0,0,0,0.0,ECU,1,1,14965,0,0.0,FAN1,0,0,0,0,0.0,COILS,8,1,0,0,0.0,PUMP,0,0,0,0,0.0,INJECTOR,8,1,114,0,0.0,SERVO,1,1,15151,0,0.0,ADD 1,0,1,14982,0,0.0,ADD 2,0,1,15020,0,0.0,ADD 3,0,1,14965,0,0.0,ADD 4,0,1,14894,0,0.0,ADD 5,0,0,0,0,0.0,ADD 6,0,1,14982,0,0.0,ADD 7,0,0,0,0,0.0,EGT2CAN,0,1,14993,0,0.0
1778949481.443682,0.0,14992,-53.0,0,-,0,0,0,0,0.0,-,0,0,0,0,0.0,ECU,1,1,14965,0,0.0,FAN1,0,0,0,0,0.0,COILS,8,1,0,0,0.0,PUMP,0,0,0,0,0.0,INJECTOR,8,1,98,0,0.0,SERVO,1,1,14944,0,0.0,ADD 1,0,1,15075,0,0.0,ADD 2,0,1,15047,0,0.0,ADD 3,0,1,15015,0,0.0,ADD 4,0,1,14976,0,0.0,ADD 5,0,0,0,0,0.0,ADD 6,0,1,15086,0,0.0,ADD 7,0,0,0,0,0.0,EGT2CAN,0,1,14993,0,0.0
1778949481.4963303,0.0,14998,-51.0,0,-,0,0,0,0,0.0,-,0,0,0,0,0.0,ECU,1,1,15244,0,0.0,FAN1,0,0,0,0,0.0,COILS,8,1,0,0,0.0,PUMP,0,0,0,0,0.0,INJECTOR,8,1,98,0,0.0,SERVO,1,1,15299,0,0.0,ADD 1,0,1,15266,0,0.0,ADD 2,0,1,15299,0,0.0,ADD 3,0,1,15277,0,0.0,ADD 4,0,1,15266,0,0.0,ADD 5,0,0,0,0,0.0,ADD 6,0,1,15398,0,0.0,ADD 7,0,0,0,0,0.0,EGT2CAN,0,1,15343,0,0.0
1778949481.54662,0.0,14998,-51.0,0,-,0,0,0,0,0.0,-,0,0,0,0,0.0,ECU,1,1,15244,0,0.0,FAN1,0,0,0,0,0.0,COILS,8,1,0,0,0.0,PUMP,0,0,0,0,0.0,INJECTOR,8,1,98,0,0.0,SERVO,1,1,15299,0,0.0,ADD 1,0,1,15266,0,0.0,ADD 2,0,1,15299,0,0.0,ADD 3,0,1,15277,0,0.0,ADD 4,0,1,15266,0,0.0,ADD 5,0,0,0,0,0.0,ADD 6,0,1,15398,0,0.0,ADD 7,0,0,0,0,0.0,EGT2CAN,0,1,15343,0,0.0
1778949481.599103,0.0,14998,-51.0,0,-,0,0,0,0,0.0,-,0,0,0,0,0.0,ECU,1,1,15009,0,0.0,FAN1,0,0,0,0,0.0,COILS,8,1,0,0,0.0,PUMP,0,0,0,0,0.0,INJECTOR,8,1,87,0,0.0,SERVO,1,1,14965,0,0.0,ADD 1,0,1,15009,0,0.0,ADD 2,0,1,14993,0,0.0,ADD 3,0,1,14965,0,0.0,ADD 4,0,1,14944,0,0.0,ADD 5,0,0,0,0,0.0,ADD 6,0,1,15398,0,0.0,ADD 7,0,0,0,0,0.0,EGT2CAN,0,1,15343,0,0.0
1778949481.6499646,0.0,15295,-52.0,0,-,0,0,0,0,0.0,-,0,0,0,0,0.0,ECU,1,1,15305,0,0.0,FAN1,0,0,0,0,0.0,COILS,8,1,0,0,0.0,PUMP,0,0,0,0,0.0,INJECTOR,8,1,87,0,0.0,SERVO,1,1,15332,0,0.0,ADD 1,0,1,15370,0,0.0,ADD 2,0,1,15392,0,0.0,ADD 3,0,1,15381,0,0.0,ADD 4,0,1,15332,0,0.0,ADD 5,0,0,0,0,0.0,ADD 6,0,1,15343,0,0.0,ADD 7,0,0,0,0,0.0,EGT2CAN,0,1,15305,0,0.0
1778949481.7017832,0.0,15171,-52.0,0,-,0,0,0,0,0.0,-,0,0,0,0,0.0,ECU,1,1,14965,0,0.0,FAN1,0,0,0,0,0.0,COILS,8,1,0,0,0.0,PUMP,0,0,0,0,0.0,INJECTOR,8,1,92,0,0.0,SERVO,1,1,14944,0,0.0,ADD 1,0,1,15151,0,0.0,ADD 2,0,1,15157,0,0.0,ADD 3,0,1,15080,0,0.0,ADD 4,0,1,15058,0,0.0,ADD 5,0,0,0,0,0.0,ADD 6,0,1,15146,0,0.0,ADD 7,0,0,0,0,0.0,EGT2CAN,0,1,15113,0,0.0
1778949481.7520947,0.0,15171,-52.0,0,-,0,0,0,0,0.0,-,0,0,0,0,0.0,ECU,1,1,15233,0,0.0,FAN1,0,0,0,0,0.0,COILS,8,1,0,0,0.0,PUMP,0,0,0,0,0.0,INJECTOR,8,1,98,0,0.0,SERVO,1,1,15261,0,0.0,ADD 1,0,1,15151,0,0.0,ADD 2,0,1,15157,0,0.0,ADD 3,0,1,15080,0,0.0,ADD 4,0,1,15058,0,0.0,ADD 5,0,0,0,0,0.0,ADD 6,0,1,15146,0,0.0,ADD 7,0,0,0,0,0.0,EGT2CAN,0,1,15113,0,0.0
1778949481.8032854,0.0,15035,-51.0,0,-,0,0,0,0,0.0,-,0,0,0,0,0.0,ECU,1,1,14965,0,0.0,FAN1,0,0,0,0,0.0,COILS,8,1,0,0,0.0,PUMP,0,0,0,0,0.0,INJECTOR,8,1,92,0,0.0,SERVO,1,1,14944,0,0.0,ADD 1,0,1,15053,0,0.0,ADD 2,0,1,15026,0,0.0,ADD 3,0,1,15031,0,0.0,ADD 4,0,1,14987,0,0.0,ADD 5,0,0,0,0,0.0,ADD 6,0,1,15026,0,0.0,ADD 7,0,0,0,0,0.0,EGT2CAN,0,1,15015,0,0.0
1778949481.8539913,0.0,15215,-52.0,0,-,0,0,0,0,0.0,-,0,0,0,0,0.0,ECU,1,1,15009,0,0.0,FAN1,0,0,0,0,0.0,COILS,8,1,0,0,0.0,PUMP,0,0,0,0,0.0,INJECTOR,8,1,92,0,0.0,SERVO,1,1,14976,0,0.0,ADD 1,0,1,15223,0,0.0,ADD 2,0,1,15272,0,0.0,ADD 3,0,1,15228,0,0.0,ADD 4,0,1,15206,0,0.0,ADD 5,0,0,0,0,0.0,ADD 6,0,1,15261,0,0.0,ADD 7,0,0,0,0,0.0,EGT2CAN,0,1,15233,0,0.0
1778949481.9050977,0.0,15215,-52.0,0,-,0,0,0,0,0.0,-,0,0,0,0,0.0,ECU,1,1,15310,0,0.0,FAN1,0,0,0,0,0.0,COILS,8,1,0,0,0.0,PUMP,0,0,0,0,0.0,INJECTOR,8,1,103,0,0.0,SERVO,1,1,15223,0,0.0,ADD 1,0,1,15272,0,0.0,ADD 2,0,1,15283,0,0.0,ADD 3,0,1,15184,0,0.0,ADD 4,0,1,15206,0,0.0,ADD 5,0,0,0,0,0.0,ADD 6,0,1,15206,0,0.0,ADD 7,0,0,0,0,0.0,EGT2CAN,0,1,15053,0,0.0
1778949481.9567525,0.0,14911,-51.0,0,-,0,0,0,0,0.0,-,0,0,0,0,0.0,ECU,1,1,15042,0,0.0,FAN1,0,0,0,0,0.0,COILS,8,1,0,0,0.0,PUMP,0,0,0,0,0.0,INJECTOR,8,1,92,0,0.0,SERVO,1,1,15080,0,0.0,ADD 1,0,1,15130,0,0.0,ADD 2,0,1,15108,0,0.0,ADD 3,0,1,15124,0,0.0,ADD 4,0,1,15031,0,0.0,ADD 5,0,0,0,0,0.0,ADD 6,0,1,15140,0,0.0,ADD 7,0,0,0,0,0.0,EGT2CAN,0,1,15119,0,0.0
1778949482.007054,0.0,14911,-51.0,0,-,0,0,0,0,0.0,-,0,0,0,0,0.0,ECU,1,1,14993,0,0.0,FAN1,0,0,0,0,0.0,COILS,8,1,0,0,0.0,PUMP,0,0,0,0,0.0,INJECTOR,8,1,87,0,0.0,SERVO,1,1,14944,0,0.0,ADD 1,0,1,14949,0,0.0,ADD 2,0,1,15004,0,0.0,ADD 3,0,1,14933,0,0.0,ADD 4,0,1,14944,0,0.0,ADD 5,0,0,0,0,0.0,ADD 6,0,1,15004,0,0.0,ADD 7,0,0,0,0,0.0,EGT2CAN,0,1,15009,0,0.0
1778949482.0769525,0.0,15190,-52.0,0,-,0,0,0,0,0.0,-,0,0,0,0,0.0,ECU,1,1,15020,0,0.0,FAN1,0,0,0,0,0.0,COILS,8,1,0,0,0.0,PUMP,0,0,0,0,0.0,INJECTOR,8,1,92,0,0.0,SERVO,1,1,14949,0,0.0,ADD 1,0,1,15151,0,0.0,ADD 2,0,1,15140,0,0.0,ADD 3,0,1,15113,0,0.0,ADD 4,0,1,15097,0,0.0,ADD 5,0,0,0,0,0.0,ADD 6,0,1,15168,0,0.0,ADD 7,0,0,0,0,0.0,EGT2CAN,0,1,15124,0,0.0
1778949482.1346126,0.0,15190,-52.0,0,-,0,0,0,0,0.0,-,0,0,0,0,0.0,ECU,1,1,15020,0,0.0,FAN1,0,0,0,0,0.0,COILS,8,1,0,0,0.0,PUMP,0,0,0,0,0.0,INJECTOR,8,1,92,0,0.0,SERVO,1,1,14949,0,0.0,ADD 1,0,1,15151,0,0.0,ADD 2,0,1,15140,0,0.0,ADD 3,0,1,15113,0,0.0,ADD 4,0,1,15097,0,0.0,ADD 5,0,0,0,0,0.0,ADD 6,0,1,15168,0,0.0,ADD 7,0,0,0,0,0.0,EGT2CAN,0,1,15124,0,0.0
1778949482.1862953,0.0,15190,-52.0,0,-,0,0,0,0,0.0,-,0,0,0,0,0.0,ECU,1,1,15261,0,0.0,FAN1,0,0,0,0,0.0,COILS,8,1,0,0,0.0,PUMP,0,0,0,0,0.0,INJECTOR,8,1,98,0,0.0,SERVO,1,1,15305,0,0.0,ADD 1,0,1,14954,0,0.0,ADD 2,0,1,14954,0,0.0,ADD 3,0,1,14971,0,0.0,ADD 4,0,1,14954,0,0.0,ADD 5,0,0,0,0,0.0,ADD 6,0,1,14987,0,0.0,ADD 7,0,0,0,0,0.0,EGT2CAN,0,1,14916,0,0.0
1778949482.2380018,0.0,15091,-51.0,0,-,0,0,0,0,0.0,-,0,0,0,0,0.0,ECU,1,1,15015,0,0.0,FAN1,0,0,0,0,0.0,COILS,8,1,0,0,0.0,PUMP,0,0,0,0,0.0,INJECTOR,8,1,98,0,0.0,SERVO,1,1,14938,0,0.0,ADD 1,0,1,15168,0,0.0,ADD 2,0,1,15168,0,0.0,ADD 3,0,1,15179,0,0.0,ADD 4,0,1,15119,0,0.0,ADD 5,0,0,0,0,0.0,ADD 6,0,1,15119,0,0.0,ADD 7,0,0,0,0,0.0,EGT2CAN,0,1,15047,0,0.0
1778949482.2891154,0.0,15091,-51.0,0,-,0,0,0,0,0.0,-,0,0,0,0,0.0,ECU,1,1,15294,0,0.0,FAN1,0,0,0,0,0.0,COILS,8,1,0,0,0.0,PUMP,0,0,0,0,0.0,INJECTOR,8,1,136,0,0.0,SERVO,1,1,15212,0,0.0,ADD 1,0,1,15217,0,0.0,ADD 2,0,1,15255,0,0.0,ADD 3,0,1,15190,0,0.0,ADD 4,0,1,15075,0,0.0,ADD 5,0,0,0,0,0.0,ADD 6,0,1,15151,0,0.0,ADD 7,0,0,0,0,0.0,EGT2CAN,0,1,15108,0,0.0
1778949482.340422,0.0,15134,-51.0,0,-,0,0,0,0,0.0,-,0,0,0,0,0.0,ECU,1,1,15294,0,0.0,FAN1,0,0,0,0,0.0,COILS,8,1,0,0,0.0,PUMP,0,0,0,0,0.0,INJECTOR,8,1,136,0,0.0,SERVO,1,1,15212,0,0.0,ADD 1,0,1,15217,0,0.0,ADD 2,0,1,15255,0,0.0,ADD 3,0,1,15190,0,0.0,ADD 4,0,1,15075,0,0.0,ADD 5,0,0,0,0,0.0,ADD 6,0,1,15151,0,0.0,ADD 7,0,0,0,0,0.0,EGT2CAN,0,1,15108,0,0.0
1778949482.3908985,0.0,15085,-51.0,0,-,0,0,0,0,0.0,-,0,0,0,0,0.0,ECU,1,1,14982,0,0.0,FAN1,0,0,0,0,0.0,COILS,8,1,0,0,0.0,PUMP,0,0,0,0,0.0,INJECTOR,8,1,92,0,0.0,SERVO,1,1,14965,0,0.0,ADD 1,0,1,14960,0,0.0,ADD 2,0,1,14993,0,0.0,ADD 3,0,1,14987,0,0.0,ADD 4,0,1,14954,0,0.0,ADD 5,0,0,0,0,0.0,ADD 6,0,1,14976,0,0.0,ADD 7,0,0,0,0,0.0,EGT2CAN,0,1,14965,0,0.0
1778949482.4415886,0.0,15085,-51.0,0,-,0,0,0,0,0.0,-,0,0,0,0,0.0,ECU,1,1,14982,0,0.0,FAN1,0,0,0,0,0.0,COILS,8,1,0,0,0.0,PUMP,0,0,0,0,0.0,INJECTOR,8,1,92,0,0.0,SERVO,1,1,14965,0,0.0,ADD 1,0,1,14960,0,0.0,ADD 2,0,1,14993,0,0.0,ADD 3,0,1,14987,0,0.0,ADD 4,0,1,14954,0,0.0,ADD 5,0,0,0,0,0.0,ADD 6,0,1,14976,0,0.0,ADD 7,0,0,0,0,0.0,EGT2CAN,0,1,14965,0,0.0
1778949482.4932754,0.0,15085,-51.0,0,-,0,0,0,0,0.0,-,0,0,0,0,0.0,ECU,1,1,15294,0,0.0,FAN1,0,0,0,0,0.0,COILS,8,1,0,0,0.0,PUMP,0,0,0,0,0.0,INJECTOR,8,1,92,0,0.0,SERVO,1,1,15233,0,0.0,ADD 1,0,1,14960,0,0.0,ADD 2,0,1,14993,0,0.0,ADD 3,0,1,14987,0,0.0,ADD 4,0,1,14954,0,0.0,ADD 5,0,0,0,0,0.0,ADD 6,0,1,14976,0,0.0,ADD 7,0,0,0,0,0.0,EGT2CAN,0,1,14965,0,0.0
1778949482.5561495,0.0,14955,-52.0,0,-,0,0,0,0,0.0,-,0,0,0,0,0.0,ECU,1,1,15223,0,0.0,FAN1,0,0,0,0,0.0,COILS,8,1,0,0,0.0,PUMP,0,0,0,0,0.0,INJECTOR,8,1,120,0,0.0,SERVO,1,1,15272,0,0.0,ADD 1,0,1,15009,0,0.0,ADD 2,0,1,14960,0,0.0,ADD 3,0,1,14911,0,0.0,ADD 4,0,1,14922,0,0.0,ADD 5,0,0,0,0,0.0,ADD 6,0,1,14987,0,0.0,ADD 7,0,0,0,0,0.0,EGT2CAN,0,1,14922,0,0.0
1778949482.6105814,0.0,15035,-51.0,0,-,0,0,0,0,0.0,-,0,0,0,0,0.0,ECU,1,1,14987,0,0.0,FAN1,0,0,0,0,0.0,COILS,8,1,0,0,0.0,PUMP,0,0,0,0,0.0,INJECTOR,8,1,87,0,0.0,SERVO,1,1,14987,0,0.0,ADD 1,0,1,14987,0,0.0,ADD 2,0,1,15064,0,0.0,ADD 3,0,1,14971,0,0.0,ADD 4,0,1,14987,0,0.0,ADD 5,0,0,0,0,0.0,ADD 6,0,1,15037,0,0.0,ADD 7,0,0,0,0,0.0,EGT2CAN,0,1,15004,0,0.0
1778949482.6637778,0.0,15035,-51.0,0,-,0,0,0,0,0.0,-,0,0,0,0,0.0,ECU,1,1,14949,0,0.0,FAN1,0,0,0,0,0.0,COILS,8,1,0,0,0.0,PUMP,0,0,0,0,0.0,INJECTOR,8,1,87,0,0.0,SERVO,1,1,14933,0,0.0,ADD 1,0,1,14993,0,0.0,ADD 2,0,1,14987,0,0.0,ADD 3,0,1,15004,0,0.0,ADD 4,0,1,14971,0,0.0,ADD 5,0,0,0,0,0.0,ADD 6,0,1,15037,0,0.0,ADD 7,0,0,0,0,0.0,EGT2CAN,0,1,15004,0,0.0
1778949482.7142732,0.0,14985,-52.0,0,-,0,0,0,0,0.0,-,0,0,0,0,0.0,ECU,1,1,14971,0,0.0,FAN1,0,0,0,0,0.0,COILS,8,1,0,0,0.0,PUMP,0,0,0,0,0.0,INJECTOR,8,1,92,0,0.0,SERVO,1,1,15009,0,0.0,ADD 1,0,1,15354,0,0.0,ADD 2,0,1,15370,0,0.0,ADD 3,0,1,15310,0,0.0,ADD 4,0,1,15283,0,0.0,ADD 5,0,0,0,0,0.0,ADD 6,0,1,15387,0,0.0,ADD 7,0,0,0,0,0.0,EGT2CAN,0,1,15348,0,0.0
1778949482.7653387,0.0,15023,-51.0,0,-,0,0,0,0,0.0,-,0,0,0,0,0.0,ECU,1,1,14971,0,0.0,FAN1,0,0,0,0,0.0,COILS,8,1,0,0,0.0,PUMP,0,0,0,0,0.0,INJECTOR,8,1,92,0,0.0,SERVO,1,1,15009,0,0.0,ADD 1,0,1,14916,0,0.0,ADD 2,0,1,14987,0,0.0,ADD 3,0,1,14949,0,0.0,ADD 4,0,1,14976,0,0.0,ADD 5,0,0,0,0,0.0,ADD 6,0,1,14987,0,0.0,ADD 7,0,0,0,0,0.0,EGT2CAN,0,1,14987,0,0.0
1778949482.816816,0.0,15023,-51.0,0,-,0,0,0,0,0.0,-,0,0,0,0,0.0,ECU,1,1,14949,0,0.0,FAN1,0,0,0,0,0.0,COILS,8,1,0,0,0.0,PUMP,0,0,0,0,0.0,INJECTOR,8,1,98,0,0.0,SERVO,1,1,14960,0,0.0,ADD 1,0,1,14916,0,0.0,ADD 2,0,1,14987,0,0.0,ADD 3,0,1,14949,0,0.0,ADD 4,0,1,14976,0,0.0,ADD 5,0,0,0,0,0.0,ADD 6,0,1,14987,0,0.0,ADD 7,0,0,0,0,0.0,EGT2CAN,0,1,14987,0,0.0
1778949482.8671975,0.0,15233,-52.0,0,-,0,0,0,0,0.0,-,0,0,0,0,0.0,ECU,1,1,15168,0,0.0,FAN1,0,0,0,0,0.0,COILS,8,1,0,0,0.0,PUMP,0,0,0,0,0.0,INJECTOR,8,1,98,0,0.0,SERVO,1,1,15009,0,0.0,ADD 1,0,1,15151,0,0.0,ADD 2,0,1,15146,0,0.0,ADD 3,0,1,15075,0,0.0,ADD 4,0,1,15075,0,0.0,ADD 5,0,0,0,0,0.0,ADD 6,0,1,15212,0,0.0,ADD 7,0,0,0,0,0.0,EGT2CAN,0,1,15151,0,0.0
1778949482.9184644,0.0,15054,-51.0,0,-,0,0,0,0,0.0,-,0,0,0,0,0.0,ECU,1,1,15168,0,0.0,FAN1,0,0,0,0,0.0,COILS,8,1,0,0,0.0,PUMP,0,0,0,0,0.0,INJECTOR,8,1,98,0,0.0,SERVO,1,1,15009,0,0.0,ADD 1,0,1,15151,0,0.0,ADD 2,0,1,15146,0,0.0,ADD 3,0,1,15075,0,0.0,ADD 4,0,1,15075,0,0.0,ADD 5,0,0,0,0,0.0,ADD 6,0,1,15212,0,0.0,ADD 7,0,0,0,0,0.0,EGT2CAN,0,1,15151,0,0.0
1778949482.969255,0.0,15054,-51.0,0,-,0,0,0,0,0.0,-,0,0,0,0,0.0,ECU,1,1,15080,0,0.0,FAN1,0,0,0,0,0.0,COILS,8,1,0,0,0.0,PUMP,0,0,0,0,0.0,INJECTOR,8,1,92,0,0.0,SERVO,1,1,15146,0,0.0,ADD 1,0,1,14998,0,0.0,ADD 2,0,1,15009,0,0.0,ADD 3,0,1,14987,0,0.0,ADD 4,0,1,14927,0,0.0,ADD 5,0,0,0,0,0.0,ADD 6,0,1,14965,0,0.0,ADD 7,0,0,0,0,0.0,EGT2CAN,0,1,15004,0,0.0
1778949483.0202215,0.0,15016,-51.0,0,-,0,0,0,0,0.0,-,0,0,0,0,0.0,ECU,1,1,15026,0,0.0,FAN1,0,0,0,0,0.0,COILS,8,1,0,0,0.0,PUMP,0,0,0,0,0.0,INJECTOR,8,1,98,0,0.0,SERVO,1,1,14938,0,0.0,ADD 1,0,1,15261,0,0.0,ADD 2,0,1,15277,0,0.0,ADD 3,0,1,15255,0,0.0,ADD 4,0,1,15179,0,0.0,ADD 5,0,0,0,0,0.0,ADD 6,0,1,15228,0,0.0,ADD 7,0,0,0,0,0.0,EGT2CAN,0,1,15283,0,0.0
1778949483.072518,0.0,15171,-52.0,0,-,0,0,0,0,0.0,-,0,0,0,0,0.0,ECU,1,1,15026,0,0.0,FAN1,0,0,0,0,0.0,COILS,8,1,0,0,0.0,PUMP,0,0,0,0,0.0,INJECTOR,8,1,98,0,0.0,SERVO,1,1,14938,0,0.0,ADD 1,0,1,15261,0,0.0,ADD 2,0,1,15277,0,0.0,ADD 3,0,1,15255,0,0.0,ADD 4,0,1,15179,0,0.0,ADD 5,0,0,0,0,0.0,ADD 6,0,1,15228,0,0.0,ADD 7,0,0,0,0,0.0,EGT2CAN,0,1,15283,0,0.0
1778949483.1240158,0.0,15171,-52.0,0,-,0,0,0,0,0.0,-,0,0,0,0,0.0,ECU,1,1,15299,0,0.0,FAN1,0,0,0,0,0.0,COILS,8,1,0,0,0.0,PUMP,0,0,0,0,0.0,INJECTOR,8,1,103,0,0.0,SERVO,1,1,15239,0,0.0,ADD 1,0,1,15261,0,0.0,ADD 2,0,1,15233,0,0.0,ADD 3,0,1,15135,0,0.0,ADD 4,0,1,15119,0,0.0,ADD 5,0,0,0,0,0.0,ADD 6,0,1,15146,0,0.0,ADD 7,0,0,0,0,0.0,EGT2CAN,0,1,15042,0,0.0
1778949483.1786914,0.0,15023,-51.0,0,-,0,0,0,0,0.0,-,0,0,0,0,0.0,ECU,1,1,14998,0,0.0,FAN1,0,0,0,0,0.0,COILS,8,1,0,0,0.0,PUMP,0,0,0,0,0.0,INJECTOR,8,1,92,0,0.0,SERVO,1,1,14982,0,0.0,ADD 1,0,1,14976,0,0.0,ADD 2,0,1,15031,0,0.0,ADD 3,0,1,14960,0,0.0,ADD 4,0,1,14965,0,0.0,ADD 5,0,0,0,0,0.0,ADD 6,0,1,14976,0,0.0,ADD 7,0,0,0,0,0.0,EGT2CAN,0,1,14933,0,0.0
1778949483.2487245,0.0,15085,-51.0,0,-,0,0,0,0,0.0,-,0,0,0,0,0.0,ECU,1,1,15326,0,0.0,FAN1,0,0,0,0,0.0,COILS,8,1,0,0,0.0,PUMP,0,0,0,0,0.0,INJECTOR,8,1,92,0,0.0,SERVO,1,1,14982,0,0.0,ADD 1,0,1,14976,0,0.0,ADD 2,0,1,15031,0,0.0,ADD 3,0,1,14960,0,0.0,ADD 4,0,1,14965,0,0.0,ADD 5,0,0,0,0,0.0,ADD 6,0,1,14976,0,0.0,ADD 7,0,0,0,0,0.0,EGT2CAN,0,1,14933,0,0.0
1778949483.2992458,0.0,15165,-51.0,0,-,0,0,0,0,0.0,-,0,0,0,0,0.0,ECU,1,1,15031,0,0.0,FAN1,0,0,0,0,0.0,COILS,8,1,0,0,0.0,PUMP,0,0,0,0,0.0,INJECTOR,8,1,92,0,0.0,SERVO,1,1,14993,0,0.0,ADD 1,0,1,15179,0,0.0,ADD 2,0,1,15173,0,0.0,ADD 3,0,1,15162,0,0.0,ADD 4,0,1,15080,0,0.0,ADD 5,0,0,0,0,0.0,ADD 6,0,1,15151,0,0.0,ADD 7,0,0,0,0,0.0,EGT2CAN,0,1,15151,0,0.0
1778949483.350558,0.0,15010,-52.0,0,-,0,0,0,0,0.0,-,0,0,0,0,0.0,ECU,1,1,15266,0,0.0,FAN1,0,0,0,0,0.0,COILS,8,1,0,0,0.0,PUMP,0,0,0,0,0.0,INJECTOR,8,1,98,0,0.0,SERVO,1,1,15348,0,0.0,ADD 1,0,1,15009,0,0.0,ADD 2,0,1,14965,0,0.0,ADD 3,0,1,14954,0,0.0,ADD 4,0,1,14922,0,0.0,ADD 5,0,0,0,0,0.0,ADD 6,0,1,15020,0,0.0,ADD 7,0,0,0,0,0.0,EGT2CAN,0,1,14971,0,0.0
1778949483.4010644,0.0,15010,-52.0,0,-,0,0,0,0,0.0,-,0,0,0,0,0.0,ECU,1,1,15266,0,0.0,FAN1,0,0,0,0,0.0,COILS,8,1,0,0,0.0,PUMP,0,0,0,0,0.0,INJECTOR,8,1,98,0,0.0,SERVO,1,1,15348,0,0.0,ADD 1,0,1,15009,0,0.0,ADD 2,0,1,14965,0,0.0,ADD 3,0,1,14954,0,0.0,ADD 4,0,1,14922,0,0.0,ADD 5,0,0,0,0,0.0,ADD 6,0,1,15020,0,0.0,ADD 7,0,0,0,0,0.0,EGT2CAN,0,1,14971,0,0.0
1778949483.4595814,0.0,15103,-51.0,0,-,0,0,0,0,0.0,-,0,0,0,0,0.0,ECU,1,1,14949,0,0.0,FAN1,0,0,0,0,0.0,COILS,8,1,0,0,0.0,PUMP,0,0,0,0,0.0,INJECTOR,8,1,92,0,0.0,SERVO,1,1,14965,0,0.0,ADD 1,0,1,14954,0,0.0,ADD 2,0,1,15047,0,0.0,ADD 3,0,1,15026,0,0.0,ADD 4,0,1,14965,0,0.0,ADD 5,0,0,0,0,0.0,ADD 6,0,1,15042,0,0.0,ADD 7,0,0,0,0,0.0,EGT2CAN,0,1,14944,0,0.0
1778949483.5108,0.0,15103,-51.0,0,-,0,0,0,0,0.0,-,0,0,0,0,0.0,ECU,1,1,15239,0,0.0,FAN1,0,0,0,0,0.0,COILS,8,1,0,0,0.0,PUMP,0,0,0,0,0.0,INJECTOR,8,1,103,0,0.0,SERVO,1,1,15168,0,0.0,ADD 1,0,1,15184,0,0.0,ADD 2,0,1,15151,0,0.0,ADD 3,0,1,15086,0,0.0,ADD 4,0,1,15009,0,0.0,ADD 5,0,0,0,0,0.0,ADD 6,0,1,15009,0,0.0,ADD 7,0,0,0,0,0.0,EGT2CAN,0,1,14960,0,0.0
1778949483.5622344,0.0,15177,-51.0,0,-,0,0,0,0,0.0,-,0,0,0,0,0.0,ECU,1,1,15239,0,0.0,FAN1,0,0,0,0,0.0,COILS,8,1,0,0,0.0,PUMP,0,0,0,0,0.0,INJECTOR,8,1,103,0,0.0,SERVO,1,1,15168,0,0.0,ADD 1,0,1,15184,0,0.0,ADD 2,0,1,15151,0,0.0,ADD 3,0,1,15086,0,0.0,ADD 4,0,1,15009,0,0.0,ADD 5,0,0,0,0,0.0,ADD 6,0,1,15009,0,0.0,ADD 7,0,0,0,0,0.0,EGT2CAN,0,1,14960,0,0.0
1778949483.612879,0.0,14985,-52.0,0,-,0,0,0,0,0.0,-,0,0,0,0,0.0,ECU,1,1,14944,0,0.0,FAN1,0,0,0,0,0.0,COILS,8,1,0,0,0.0,PUMP,0,0,0,0,0.0,INJECTOR,8,1,92,0,0.0,SERVO,1,1,14949,0,0.0,ADD 1,0,1,14944,0,0.0,ADD 2,0,1,14998,0,0.0,ADD 3,0,1,14938,0,0.0,ADD 4,0,1,14944,0,0.0,ADD 5,0,0,0,0,0.0,ADD 6,0,1,14944,0,0.0,ADD 7,0,0,0,0,0.0,EGT2CAN,0,1,14954,0,0.0
1778949483.6638544,0.0,15035,-51.0,0,-,0,0,0,0,0.0,-,0,0,0,0,0.0,ECU,1,1,14944,0,0.0,FAN1,0,0,0,0,0.0,COILS,8,1,0,0,0.0,PUMP,0,0,0,0,0.0,INJECTOR,8,1,87,0,0.0,SERVO,1,1,14944,0,0.0,ADD 1,0,1,15020,0,0.0,ADD 2,0,1,14944,0,0.0,ADD 3,0,1,15037,0,0.0,ADD 4,0,1,15009,0,0.0,ADD 5,0,0,0,0,0.0,ADD 6,0,1,15042,0,0.0,ADD 7,0,0,0,0,0.0,EGT2CAN,0,1,14987,0,0.0
1778949483.715828,0.0,15035,-51.0,0,-,0,0,0,0,0.0,-,0,0,0,0,0.0,ECU,1,1,15201,0,0.0,FAN1,0,0,0,0,0.0,COILS,8,1,0,0,0.0,PUMP,0,0,0,0,0.0,INJECTOR,8,1,142,0,0.0,SERVO,1,1,15108,0,0.0,ADD 1,0,1,15124,0,0.0,ADD 2,0,1,15146,0,0.0,ADD 3,0,1,15091,0,0.0,ADD 4,0,1,15053,0,0.0,ADD 5,0,0,0,0,0.0,ADD 6,0,1,15069,0,0.0,ADD 7,0,0,0,0,0.0,EGT2CAN,0,1,14982,0,0.0
1778949483.7746334,0.0,15301,-51.0,0,-,0,0,0,0,0.0,-,0,0,0,0,0.0,ECU,1,1,15047,0,0.0,FAN1,0,0,0,0,0.0,COILS,8,1,0,0,0.0,PUMP,0,0,0,0,0.0,INJECTOR,8,1,125,0,0.0,SERVO,1,1,14982,0,0.0,ADD 1,0,1,15294,0,0.0,ADD 2,0,1,15337,0,0.0,ADD 3,0,1,15266,0,0.0,ADD 4,0,1,15283,0,0.0,ADD 5,0,0,0,0,0.0,ADD 6,0,1,15326,0,0.0,ADD 7,0,0,0,0,0.0,EGT2CAN,0,1,15326,0,0.0
1778949483.8257267,0.0,15072,-51.0,0,-,0,0,0,0,0.0,-,0,0,0,0,0.0,ECU,1,1,15020,0,0.0,FAN1,0,0,0,0,0.0,COILS,8,1,0,0,0.0,PUMP,0,0,0,0,0.0,INJECTOR,8,1,98,0,0.0,SERVO,1,1,14965,0,0.0,ADD 1,0,1,15086,0,0.0,ADD 2,0,1,15108,0,0.0,ADD 3,0,1,15091,0,0.0,ADD 4,0,1,15053,0,0.0,ADD 5,0,0,0,0,0.0,ADD 6,0,1,15124,0,0.0,ADD 7,0,0,0,0,0.0,EGT2CAN,0,1,15026,0,0.0
1778949483.876253,0.0,14998,-52.0,0,-,0,0,0,0,0.0,-,0,0,0,0,0.0,ECU,1,1,15168,0,0.0,FAN1,0,0,0,0,0.0,COILS,8,1,0,0,0.0,PUMP,0,0,0,0,0.0,INJECTOR,8,1,98,0,0.0,SERVO,1,1,15283,0,0.0,ADD 1,0,1,15009,0,0.0,ADD 2,0,1,15020,0,0.0,ADD 3,0,1,14993,0,0.0,ADD 4,0,1,14938,0,0.0,ADD 5,0,0,0,0,0.0,ADD 6,0,1,14982,0,0.0,ADD 7,0,0,0,0,0.0,EGT2CAN,0,1,14987,0,0.0
1778949483.9270043,0.0,15072,-52.0,0,-,0,0,0,0,0.0,-,0,0,0,0,0.0,ECU,1,1,15015,0,0.0,FAN1,0,0,0,0,0.0,COILS,8,1,0,0,0.0,PUMP,0,0,0,0,0.0,INJECTOR,8,1,103,0,0.0,SERVO,1,1,14965,0,0.0,ADD 1,0,1,14998,0,0.0,ADD 2,0,1,14993,0,0.0,ADD 3,0,1,14987,0,0.0,ADD 4,0,1,14998,0,0.0,ADD 5,0,0,0,0,0.0,ADD 6,0,1,14993,0,0.0,ADD 7,0,0,0,0,0.0,EGT2CAN,0,1,15037,0,0.0
1778949483.9804597,0.0,14992,-52.0,0,-,0,0,0,0,0.0,-,0,0,0,0,0.0,ECU,1,1,15015,0,0.0,FAN1,0,0,0,0,0.0,COILS,8,1,0,0,0.0,PUMP,0,0,0,0,0.0,INJECTOR,8,1,103,0,0.0,SERVO,1,1,14965,0,0.0,ADD 1,0,1,14998,0,0.0,ADD 2,0,1,14993,0,0.0,ADD 3,0,1,14987,0,0.0,ADD 4,0,1,14998,0,0.0,ADD 5,0,0,0,0,0.0,ADD 6,0,1,15031,0,0.0,ADD 7,0,0,0,0,0.0,EGT2CAN,0,1,14993,0,0.0
1778949484.031814,0.0,14992,-52.0,0,-,0,0,0,0,0.0,-,0,0,0,0,0.0,ECU,1,1,15223,0,0.0,FAN1,0,0,0,0,0.0,COILS,8,1,0,0,0.0,PUMP,0,0,0,0,0.0,INJECTOR,8,1,98,0,0.0,SERVO,1,1,15272,0,0.0,ADD 1,0,1,15272,0,0.0,ADD 2,0,1,15359,0,0.0,ADD 3,0,1,15321,0,0.0,ADD 4,0,1,15332,0,0.0,ADD 5,0,0,0,0,0.0,ADD 6,0,1,15031,0,0.0,ADD 7,0,0,0,0,0.0,EGT2CAN,0,1,14993,0,0.0
1778949484.0826144,0.0,15085,-51.0,0,-,0,0,0,0,0.0,-,0,0,0,0,0.0,ECU,1,1,14993,0,0.0,FAN1,0,0,0,0,0.0,COILS,8,1,0,0,0.0,PUMP,0,0,0,0,0.0,INJECTOR,8,1,87,0,0.0,SERVO,1,1,15015,0,0.0,ADD 1,0,1,14982,0,0.0,ADD 2,0,1,14976,0,0.0,ADD 3,0,1,15015,0,0.0,ADD 4,0,1,14993,0,0.0,ADD 5,0,0,0,0,0.0,ADD 6,0,1,15053,0,0.0,ADD 7,0,0,0,0,0.0,EGT2CAN,0,1,14987,0,0.0
1778949484.1364717,0.0,15023,-51.0,0,-,0,0,0,0,0.0,-,0,0,0,0,0.0,ECU,1,1,15321,0,0.0,FAN1,0,0,0,0,0.0,COILS,8,1,0,0,0.0,PUMP,0,0,0,0,0.0,INJECTOR,8,1,98,0,0.0,SERVO,1,1,15244,0,0.0,ADD 1,0,1,14982,0,0.0,ADD 2,0,1,14976,0,0.0,ADD 3,0,1,15015,0,0.0,ADD 4,0,1,14993,0,0.0,ADD 5,0,0,0,0,0.0,ADD 6,0,1,15053,0,0.0,ADD 7,0,0,0,0,0.0,EGT2CAN,0,1,14987,0,0.0
1778949484.1986246,0.0,15184,-52.0,0,-,0,0,0,0,0.0,-,0,0,0,0,0.0,ECU,1,1,14965,0,0.0,FAN1,0,0,0,0,0.0,COILS,8,1,0,0,0.0,PUMP,0,0,0,0,0.0,INJECTOR,8,1,87,0,0.0,SERVO,1,1,14971,0,0.0,ADD 1,0,1,15228,0,0.0,ADD 2,0,1,15261,0,0.0,ADD 3,0,1,15228,0,0.0,ADD 4,0,1,15206,0,0.0,ADD 5,0,0,0,0,0.0,ADD 6,0,1,15266,0,0.0,ADD 7,0,0,0,0,0.0,EGT2CAN,0,1,15277,0,0.0
1778949484.2509174,0.0,14992,-52.0,0,-,0,0,0,0,0.0,-,0,0,0,0,0.0,ECU,1,1,15069,0,0.0,FAN1,0,0,0,0,0.0,COILS,8,1,0,0,0.0,PUMP,0,0,0,0,0.0,INJECTOR,8,1,92,0,0.0,SERVO,1,1,15190,0,0.0,ADD 1,0,1,14949,0,0.0,ADD 2,0,1,14976,0,0.0,ADD 3,0,1,14987,0,0.0,ADD 4,0,1,14965,0,0.0,ADD 5,0,0,0,0,0.0,ADD 6,0,1,14982,0,0.0,ADD 7,0,0,0,0,0.0,EGT2CAN,0,1,14998,0,0.0
1778949484.3013494,0.0,14992,-52.0,0,-,0,0,0,0,0.0,-,0,0,0,0,0.0,ECU,1,1,15009,0,0.0,FAN1,0,0,0,0,0.0,COILS,8,1,0,0,0.0,PUMP,0,0,0,0,0.0,INJECTOR,8,1,92,0,0.0,SERVO,1,1,15190,0,0.0,ADD 1,0,1,14949,0,0.0,ADD 2,0,1,14976,0,0.0,ADD 3,0,1,14987,0,0.0,ADD 4,0,1,14965,0,0.0,ADD 5,0,0,0,0,0.0,ADD 6,0,1,14982,0,0.0,ADD 7,0,0,0,0,0.0,EGT2CAN,0,1,14998,0,0.0
1778949484.3580668,0.0,14992,-52.0,0,-,0,0,0,0,0.0,-,0,0,0,0,0.0,ECU,1,1,15009,0,0.0,FAN1,0,0,0,0,0.0,COILS,8,1,0,0,0.0,PUMP,0,0,0,0,0.0,INJECTOR,8,1,131,0,0.0,SERVO,1,1,14987,0,0.0,ADD 1,0,1,14993,0,0.0,ADD 2,0,1,15064,0,0.0,ADD 3,0,1,15026,0,0.0,ADD 4,0,1,14987,0,0.0,ADD 5,0,0,0,0,0.0,ADD 6,0,1,15053,0,0.0,ADD 7,0,0,0,0,0.0,EGT2CAN,0,1,15015,0,0.0
1778949484.4113605,0.0,14992,-52.0,0,-,0,0,0,0,0.0,-,0,0,0,0,0.0,ECU,1,1,15119,0,0.0,FAN1,0,0,0,0,0.0,COILS,8,1,0,0,0.0,PUMP,0,0,0,0,0.0,INJECTOR,8,1,87,0,0.0,SERVO,1,1,15212,0,0.0,ADD 1,0,1,15239,0,0.0,ADD 2,0,1,15239,0,0.0,ADD 3,0,1,15233,0,0.0,ADD 4,0,1,15212,0,0.0,ADD 5,0,0,0,0,0.0,ADD 6,0,1,15053,0,0.0,ADD 7,0,0,0,0,0.0,EGT2CAN,0,1,15015,0,0.0
1778949484.4621713,0.0,14992,-52.0,0,-,0,0,0,0,0.0,-,0,0,0,0,0.0,ECU,1,1,15119,0,0.0,FAN1,0,0,0,0,0.0,COILS,8,1,0,0,0.0,PUMP,0,0,0,0,0.0,INJECTOR,8,1,87,0,0.0,SERVO,1,1,15212,0,0.0,ADD 1,0,1,15239,0,0.0,ADD 2,0,1,15239,0,0.0,ADD 3,0,1,15233,0,0.0,ADD 4,0,1,15212,0,0.0,ADD 5,0,0,0,0,0.0,ADD 6,0,1,15294,0,0.0,ADD 7,0,0,0,0,0.0,EGT2CAN,0,1,15288,0,0.0
1778949484.5131795,0.0,15016,-51.0,0,-,0,0,0,0,0.0,-,0,0,0,0,0.0,ECU,1,1,15009,0,0.0,FAN1,0,0,0,0,0.0,COILS,8,1,0,0,0.0,PUMP,0,0,0,0,0.0,INJECTOR,8,1,92,0,0.0,SERVO,1,1,14872,0,0.0,ADD 1,0,1,14944,0,0.0,ADD 2,0,1,15026,0,0.0,ADD 3,0,1,14954,0,0.0,ADD 4,0,1,14954,0,0.0,ADD 5,0,0,0,0,0.0,ADD 6,0,1,15009,0,0.0,ADD 7,0,0,0,0,0.0,EGT2CAN,0,1,15009,0,0.0
1778949484.564193,0.0,15122,-54.0,0,-,0,0,0,0,0.0,-,0,0,0,0,0.0,ECU,1,1,15283,0,0.0,FAN1,0,0,0,0,0.0,COILS,8,1,0,0,0.0,PUMP,0,0,0,0,0.0,INJECTOR,8,1,98,0,0.0,SERVO,1,1,15140,0,0.0,ADD 1,0,1,15146,0,0.0,ADD 2,0,1,15146,0,0.0,ADD 3,0,1,15075,0,0.0,ADD 4,0,1,15020,0,0.0,ADD 5,0,0,0,0,0.0,ADD 6,0,1,15075,0,0.0,ADD 7,0,0,0,0,0.0,EGT2CAN,0,1,15020,0,0.0
1778949484.6157124,0.0,15122,-54.0,0,-,0,0,0,0,0.0,-,0,0,0,0,0.0,ECU,1,1,14971,0,0.0,FAN1,0,0,0,0,0.0,COILS,8,1,0,0,0.0,PUMP,0,0,0,0,0.0,INJECTOR,8,1,98,0,0.0,SERVO,1,1,14960,0,0.0,ADD 1,0,1,15146,0,0.0,ADD 2,0,1,15146,0,0.0,ADD 3,0,1,15075,0,0.0,ADD 4,0,1,15020,0,0.0,ADD 5,0,0,0,0,0.0,ADD 6,0,1,15075,0,0.0,ADD 7,0,0,0,0,0.0,EGT2CAN,0,1,15020,0,0.0
1778949484.6661625,0.0,14979,-52.0,0,-,0,0,0,0,0.0,-,0,0,0,0,0.0,ECU,1,1,14987,0,0.0,FAN1,0,0,0,0,0.0,COILS,8,1,0,0,0.0,PUMP,0,0,0,0,0.0,INJECTOR,8,1,98,0,0.0,SERVO,1,1,14998,0,0.0,ADD 1,0,1,15020,0,0.0,ADD 2,0,1,15091,0,0.0,ADD 3,0,1,15026,0,0.0,ADD 4,0,1,15031,0,0.0,ADD 5,0,0,0,0,0.0,ADD 6,0,1,14998,0,0.0,ADD 7,0,0,0,0,0.0,EGT2CAN,0,1,14944,0,0.0
1778949484.7168348,0.0,15091,-51.0,0,-,0,0,0,0,0.0,-,0,0,0,0,0.0,ECU,1,1,15015,0,0.0,FAN1,0,0,0,0,0.0,COILS,8,1,0,0,0.0,PUMP,0,0,0,0,0.0,INJECTOR,8,1,109,0,0.0,SERVO,1,1,14944,0,0.0,ADD 1,0,1,15009,0,0.0,ADD 2,0,1,15031,0,0.0,ADD 3,0,1,14998,0,0.0,ADD 4,0,1,14944,0,0.0,ADD 5,0,0,0,0,0.0,ADD 6,0,1,14998,0,0.0,ADD 7,0,0,0,0,0.0,EGT2CAN,0,1,15009,0,0.0
