timestamp,total_i_mA,batt_mV,core_temp_C,safety,ch1_name,ch1_status,ch1_state,ch1_voltage_mV,ch1_i_inst_mA,ch1_i_avg_mA,ch2_name,ch2_status,ch2_state,ch2_voltage_mV,ch2_i_inst_mA,ch2_i_avg_mA,ch3_name,ch3_status,ch3_state,ch3_voltage_mV,ch3_i_inst_mA,ch3_i_avg_mA,ch4_name,ch4_status,ch4_state,ch4_voltage_mV,ch4_i_inst_mA,ch4_i_avg_mA,ch5_name,ch5_status,ch5_state,ch5_voltage_mV,ch5_i_inst_mA,ch5_i_avg_mA,ch6_name,ch6_status,ch6_state,ch6_voltage_mV,ch6_i_inst_mA,ch6_i_avg_mA,ch7_name,ch7_status,ch7_state,ch7_voltage_mV,ch7_i_inst_mA,ch7_i_avg_mA,ch8_name,ch8_status,ch8_state,ch8_voltage_mV,ch8_i_inst_mA,ch8_i_avg_mA,ch9_name,ch9_status,ch9_state,ch9_voltage_mV,ch9_i_inst_mA,ch9_i_avg_mA,ch10_name,ch10_status,ch10_state,ch10_voltage_mV,ch10_i_inst_mA,ch10_i_avg_mA,ch11_name,ch11_status,ch11_state,ch11_voltage_mV,ch11_i_inst_mA,ch11_i_avg_mA,ch12_name,ch12_status,ch12_state,ch12_voltage_mV,ch12_i_inst_mA,ch12_i_avg_mA,ch13_name,ch13_status,ch13_state,ch13_voltage_mV,ch13_i_inst_mA,ch13_i_avg_mA,ch14_name,ch14_status,ch14_state,ch14_voltage_mV,ch14_i_inst_mA,ch14_i_avg_mA,ch15_name,ch15_status,ch15_state,ch15_voltage_mV,ch15_i_inst_mA,ch15_i_avg_mA,ch16_name,ch16_status,ch16_state,ch16_voltage_mV,ch16_i_inst_mA,ch16_i_avg_mA
1778953698.1202166,0.0,0,0.0,0,,0,0,0,0,0.0,,0,0,0,0,0.0,,1,0,0,0,0.0,,0,0,0,0,0.0,,1,0,0,0,0.0,,0,0,0,0,0.0,,1,0,0,0,0.0,,1,0,0,0,0.0,,0,0,0,0,0.0,,0,0,0,0,0.0,,0,0,0,0,0.0,,0,0,0,0,0.0,,0,0,0,0,0.0,,0,0,0,0,0.0,,0,0,0,0,0.0,,0,0,0,0,0.0
1778953698.1708531,0.0,12744,-50.0,1,,0,0,0,0,0.0,,0,0,0,0,0.0,,1,1,12704,0,0.0,,0,0,0,0,0.0,,1,1,12702,0,0.0,,0,0,0,0,0.0,,1,1,12731,0,0.0,,1,1,12708,0,0.0,,0,1,0,0,0.0,,0,1,0,0,0.0,,0,1,0,0,0.0,,0,1,0,0,0.0,,0,0,0,0,0.0,,0,1,0,0,0.0,,0,0,0,0,0.0,,0,1,0,0,0.0
1778953698.2271736,0.0,12744,-50.0,1,,0,0,0,0,0.0,,0,0,0,0,0.0,,1,1,12704,0,0.0,,0,0,0,0,0.0,,1,1,12702,0,0.0,,0,0,0,0,0.0,,1,1,12731,0,0.0,,1,1,12708,0,0.0,,0,1,0,0,0.0,,0,1,0,0,0.0,,0,1,0,0,0.0,,0,1,0,0,0.0,,0,0,0,0,0.0,,0,1,0,0,0.0,,0,0,0,0,0.0,,0,1,0,0,0.0
1778953698.2783515,0.0,12747,-49.0,1,,0,0,0,0,0.0,,0,0,0,0,0.0,,1,1,12715,0,0.0,,0,0,0,0,0.0,,1,1,12738,0,0.0,,0,0,0,0,0.0,,1,1,12745,0,0.0,,1,1,12716,0,0.0,,0,1,0,0,0.0,,0,1,0,0,0.0,,0,1,0,0,0.0,,0,1,0,0,0.0,,0,0,0,0,0.0,,0,1,0,0,0.0,,0,0,0,0,0.0,,0,1,0,0,0.0
1778953698.3373096,0.0,12747,-50.0,1,,0,0,0,0,0.0,,0,0,0,0,0.0,,1,1,12715,0,0.0,,0,0,0,0,0.0,,1,1,12747,0,0.0,,0,0,0,0,0.0,,1,1,12734,0,0.0,,1,1,12706,0,0.0,,0,1,0,0,0.0,,0,1,0,0,0.0,,0,1,0,0,0.0,,0,1,0,0,0.0,,0,0,0,0,0.0,,0,1,0,0,0.0,,0,0,0,0,0.0,,0,1,0,0,0.0
1778953698.3887784,0.0,12747,-50.0,1,,0,0,0,0,0.0,,0,0,0,0,0.0,,1,1,12718,0,0.0,,0,0,0,0,0.0,,1,1,12727,0,0.0,,0,0,0,0,0.0,,1,1,12718,0,0.0,,1,1,12717,0,0.0,,0,1,0,0,0.0,,0,1,0,0,0.0,,0,1,0,0,0.0,,0,1,0,0,0.0,,0,0,0,0,0.0,,0,1,0,0,0.0,,0,0,0,0,0.0,,0,1,0,0,0.0
1778953698.4397848,0.0,12747,-50.0,1,,0,0,0,0,0.0,,0,0,0,0,0.0,,1,1,12718,0,0.0,,0,0,0,0,0.0,,1,1,12727,0,0.0,,0,0,0,0,0.0,,1,1,12718,0,0.0,,1,1,12717,0,0.0,,0,1,0,0,0.0,,0,1,0,0,0.0,,0,1,0,0,0.0,,0,1,0,0,0.0,,0,0,0,0,0.0,,0,1,0,0,0.0,,0,0,0,0,0.0,,0,1,0,0,0.0
1778953698.490411,0.0,12750,-49.0,1,,0,0,0,0,0.0,,0,0,0,0,0.0,,1,1,12723,0,0.0,,0,0,0,0,0.0,,1,1,12733,0,0.0,,0,0,0,0,0.0,,1,1,12728,0,0.0,,1,1,12712,0,0.0,,0,1,0,0,0.0,,0,1,0,0,0.0,,0,1,0,0,0.0,,0,1,0,0,0.0,,0,0,0,0,0.0,,0,1,0,0,0.0,,0,0,0,0,0.0,,0,1,0,0,0.0
1778953698.5511665,0.0,12749,-49.0,1,,0,0,0,0,0.0,,0,0,0,0,0.0,,1,1,12715,0,0.0,,0,0,0,0,0.0,,1,1,12722,0,0.0,,0,0,0,0,0.0,,1,1,12746,0,0.0,,1,1,12702,0,0.0,,0,1,0,0,0.0,,0,1,0,0,0.0,,0,1,0,0,0.0,,0,1,0,0,0.0,,0,0,0,0,0.0,,0,1,0,0,0.0,,0,0,0,0,0.0,,0,1,0,0,0.0
1778953698.604615,0.0,12748,-50.0,1,,0,0,0,0,0.0,,0,0,0,0,0.0,,1,1,12714,0,0.0,,0,0,0,0,0.0,,1,1,12730,0,0.0,,0,0,0,0,0.0,,1,1,12738,0,0.0,,1,1,12711,0,0.0,,0,1,0,0,0.0,,0,1,0,0,0.0,,0,1,0,0,0.0,,0,1,0,0,0.0,,0,0,0,0,0.0,,0,1,0,0,0.0,,0,0,0,0,0.0,,0,1,0,0,0.0
1778953698.662369,0.0,12748,-50.0,1,,0,0,0,0,0.0,,0,0,0,0,0.0,,1,1,12719,0,0.0,,0,0,0,0,0.0,,1,1,12730,0,0.0,,0,0,0,0,0.0,,1,1,12738,0,0.0,,1,1,12711,0,0.0,,0,1,0,0,0.0,,0,1,0,0,0.0,,0,1,0,0,0.0,,0,1,0,0,0.0,,0,0,0,0,0.0,,0,1,0,0,0.0,,0,0,0,0,0.0,,0,1,0,0,0.0
1778953698.713666,0.0,12744,-51.0,1,,0,0,0,0,0.0,,0,0,0,0,0.0,,1,1,12723,0,0.0,,0,0,0,0,0.0,,1,1,12761,0,0.0,,0,0,0,0,0.0,,1,1,12728,0,0.0,,1,1,12664,0,0.0,,0,1,0,0,0.0,,0,1,0,0,0.0,,0,1,0,0,0.0,,0,1,0,0,0.0,,0,0,0,0,0.0,,0,1,0,0,0.0,,0,0,0,0,0.0,,0,1,0,0,0.0
1778953698.7652807,0.0,12744,-51.0,1,,0,0,0,0,0.0,,0,0,0,0,0.0,,1,1,12723,0,0.0,,0,0,0,0,0.0,,1,1,12761,0,0.0,,0,0,0,0,0.0,,1,1,12728,0,0.0,,1,1,12664,0,0.0,,0,1,0,0,0.0,,0,1,0,0,0.0,,0,1,0,0,0.0,,0,1,0,0,0.0,,0,0,0,0,0.0,,0,1,0,0,0.0,,0,0,0,0,0.0,,0,1,0,0,0.0
1778953698.815912,0.0,12745,-51.0,1,,0,0,0,0,0.0,,0,0,0,0,0.0,,1,1,12731,0,0.0,,0,0,0,0,0.0,,1,1,12742,0,0.0,,0,0,0,0,0.0,,1,1,12737,0,0.0,,1,1,12697,0,0.0,,0,1,0,0,0.0,,0,1,0,0,0.0,,0,1,0,0,0.0,,0,1,0,0,0.0,,0,0,0,0,0.0,,0,1,0,0,0.0,,0,0,0,0,0.0,,0,1,0,0,0.0
1778953698.874128,0.0,12745,-51.0,1,,0,0,0,0,0.0,,0,0,0,0,0.0,,1,1,12724,0,0.0,,0,0,0,0,0.0,,1,1,12736,0,0.0,,0,0,0,0,0.0,,1,1,12716,0,0.0,,1,1,12699,0,0.0,,0,1,0,0,0.0,,0,1,0,0,0.0,,0,1,0,0,0.0,,0,1,0,0,0.0,,0,0,0,0,0.0,,0,1,0,0,0.0,,0,0,0,0,0.0,,0,1,0,0,0.0
1778953698.924654,0.0,12743,-50.0,1,,0,0,0,0,0.0,,0,0,0,0,0.0,,1,1,12748,0,0.0,,0,0,0,0,0.0,,1,1,12735,0,0.0,,0,0,0,0,0.0,,1,1,12710,0,0.0,,1,1,12720,0,0.0,,0,1,0,0,0.0,,0,1,0,0,0.0,,0,1,0,0,0.0,,0,1,0,0,0.0,,0,0,0,0,0.0,,0,1,0,0,0.0,,0,0,0,0,0.0,,0,1,0,0,0.0
1778953698.9758976,0.0,12743,-51.0,1,,0,0,0,0,0.0,,0,0,0,0,0.0,,1,1,12741,0,0.0,,0,0,0,0,0.0,,1,1,12726,0,0.0,,0,0,0,0,0.0,,1,1,12729,0,0.0,,1,1,12714,0,0.0,,0,1,0,0,0.0,,0,1,0,0,0.0,,0,1,0,0,0.0,,0,1,0,0,0.0,,0,0,0,0,0.0,,0,1,0,0,0.0,,0,0,0,0,0.0,,0,1,0,0,0.0
1778953699.0271015,0.0,12739,-50.0,1,,0,0,0,0,0.0,,0,0,0,0,0.0,,1,1,12741,0,0.0,,0,0,0,0,0.0,,1,1,12726,0,0.0,,0,0,0,0,0.0,,1,1,12729,0,0.0,,1,1,12714,0,0.0,,0,1,0,0,0.0,,0,1,0,0,0.0,,0,1,0,0,0.0,,0,1,0,0,0.0,,0,0,0,0,0.0,,0,1,0,0,0.0,,0,0,0,0,0.0,,0,1,0,0,0.0
1778953699.0783477,0.0,12739,-50.0,1,,0,0,0,0,0.0,,0,0,0,0,0.0,,1,1,12734,0,0.0,,0,0,0,0,0.0,,1,1,12737,0,0.0,,0,0,0,0,0.0,,1,1,12725,0,0.0,,1,1,12716,0,0.0,,0,1,0,0,0.0,,0,1,0,0,0.0,,0,1,0,0,0.0,,0,1,0,0,0.0,,0,0,0,0,0.0,,0,1,0,0,0.0,,0,0,0,0,0.0,,0,1,0,0,0.0
1778953699.129285,0.0,12739,-50.0,1,,0,0,0,0,0.0,,0,0,0,0,0.0,,1,1,12723,0,0.0,,0,0,0,0,0.0,,1,1,12746,0,0.0,,0,0,0,0,0.0,,1,1,12727,0,0.0,,1,1,12697,0,0.0,,0,1,0,0,0.0,,0,1,0,0,0.0,,0,1,0,0,0.0,,0,1,0,0,0.0,,0,0,0,0,0.0,,0,1,0,0,0.0,,0,0,0,0,0.0,,0,1,0,0,0.0
1778953699.180274,0.0,12737,-50.0,1,,0,0,0,0,0.0,,0,0,0,0,0.0,,1,1,12717,0,0.0,,0,0,0,0,0.0,,1,1,12752,0,0.0,,0,0,0,0,0.0,,1,1,12727,0,0.0,,1,1,12697,0,0.0,,0,1,0,0,0.0,,0,1,0,0,0.0,,0,1,0,0,0.0,,0,1,0,0,0.0,,0,0,0,0,0.0,,0,1,0,0,0.0,,0,0,0,0,0.0,,0,1,0,0,0.0
1778953699.2414246,0.0,12739,-49.0,1,,0,0,0,0,0.0,,0,0,0,0,0.0,,1,1,12716,0,0.0,,0,0,0,0,0.0,,1,1,12739,0,0.0,,0,0,0,0,0.0,,1,1,12723,0,0.0,,1,1,12709,0,0.0,,0,1,0,0,0.0,,0,1,0,0,0.0,,0,1,0,0,0.0,,0,1,0,0,0.0,,0,0,0,0,0.0,,0,1,0,0,0.0,,0,0,0,0,0.0,,0,1,0,0,0.0
1778953699.3025632,0.0,12739,-49.0,1,,0,0,0,0,0.0,,0,0,0,0,0.0,,1,1,12738,0,0.0,,0,0,0,0,0.0,,1,1,12739,0,0.0,,0,0,0,0,0.0,,1,1,12723,0,0.0,,1,1,12709,0,0.0,,0,1,0,0,0.0,,0,1,0,0,0.0,,0,1,0,0,0.0,,0,1,0,0,0.0,,0,0,0,0,0.0,,0,1,0,0,0.0,,0,0,0,0,0.0,,0,1,0,0,0.0
1778953699.3532813,0.0,12743,-50.0,1,,0,0,0,0,0.0,,0,0,0,0,0.0,,1,1,12740,0,0.0,,0,0,0,0,0.0,,1,1,12732,0,0.0,,0,0,0,0,0.0,,1,1,12726,0,0.0,,1,1,12710,0,0.0,,0,1,0,0,0.0,,0,1,0,0,0.0,,0,1,0,0,0.0,,0,1,0,0,0.0,,0,0,0,0,0.0,,0,1,0,0,0.0,,0,0,0,0,0.0,,0,1,0,0,0.0
1778953699.4222002,0.0,12743,-49.0,1,,0,0,0,0,0.0,,0,0,0,0,0.0,,1,1,12735,0,0.0,,0,0,0,0,0.0,,1,1,12717,0,0.0,,0,0,0,0,0.0,,1,1,12744,0,0.0,,1,1,12685,0,0.0,,0,1,0,0,0.0,,0,1,0,0,0.0,,0,1,0,0,0.0,,0,1,0,0,0.0,,0,0,0,0,0.0,,0,1,0,0,0.0,,0,0,0,0,0.0,,0,1,0,0,0.0
1778953699.4733872,0.0,12743,-49.0,1,,0,0,0,0,0.0,,0,0,0,0,0.0,,1,1,12726,0,0.0,,0,0,0,0,0.0,,1,1,12728,0,0.0,,0,0,0,0,0.0,,1,1,12747,0,0.0,,1,1,12695,0,0.0,,0,1,0,0,0.0,,0,1,0,0,0.0,,0,1,0,0,0.0,,0,1,0,0,0.0,,0,0,0,0,0.0,,0,1,0,0,0.0,,0,0,0,0,0.0,,0,1,0,0,0.0
1778953699.5243025,0.0,12744,-49.0,1,,0,0,0,0,0.0,,0,0,0,0,0.0,,1,1,12742,0,0.0,,0,0,0,0,0.0,,1,1,12737,0,0.0,,0,0,0,0,0.0,,1,1,12738,0,0.0,,1,1,12710,0,0.0,,0,1,0,0,0.0,,0,1,0,0,0.0,,0,1,0,0,0.0,,0,1,0,0,0.0,,0,0,0,0,0.0,,0,1,0,0,0.0,,0,0,0,0,0.0,,0,1,0,0,0.0
1778953699.575659,0.0,12744,-49.0,1,,0,0,0,0,0.0,,0,0,0,0,0.0,,1,1,12742,0,0.0,,0,0,0,0,0.0,,1,1,12737,0,0.0,,0,0,0,0,0.0,,1,1,12738,0,0.0,,1,1,12710,0,0.0,,0,1,0,0,0.0,,0,1,0,0,0.0,,0,1,0,0,0.0,,0,1,0,0,0.0,,0,0,0,0,0.0,,0,1,0,0,0.0,,0,0,0,0,0.0,,0,1,0,0,0.0
1778953699.6288512,0.0,12744,-49.0,1,,0,0,0,0,0.0,,0,0,0,0,0.0,,1,1,12731,0,0.0,,0,0,0,0,0.0,,1,1,12728,0,0.0,,0,0,0,0,0.0,,1,1,12743,0,0.0,,1,1,12700,0,0.0,,0,1,0,0,0.0,,0,1,0,0,0.0,,0,1,0,0,0.0,,0,1,0,0,0.0,,0,0,0,0,0.0,,0,1,0,0,0.0,,0,0,0,0,0.0,,0,1,0,0,0.0
1778953699.6792674,0.0,12745,-50.0,1,,0,0,0,0,0.0,,0,0,0,0,0.0,,1,1,12741,0,0.0,,0,0,0,0,0.0,,1,1,12746,0,0.0,,0,0,0,0,0.0,,1,1,12752,0,0.0,,1,1,12720,0,0.0,,0,1,0,0,0.0,,0,1,0,0,0.0,,0,1,0,0,0.0,,0,1,0,0,0.0,,0,0,0,0,0.0,,0,1,0,0,0.0,,0,0,0,0,0.0,,0,1,0,0,0.0
1778953699.7296433,0.0,12745,-50.0,1,,0,0,0,0,0.0,,0,0,0,0,0.0,,1,1,12741,0,0.0,,0,0,0,0,0.0,,1,1,12746,0,0.0,,0,0,0,0,0.0,,1,1,12752,0,0.0,,1,1,12720,0,0.0,,0,1,0,0,0.0,,0,1,0,0,0.0,,0,1,0,0,0.0,,0,1,0,0,0.0,,0,0,0,0,0.0,,0,1,0,0,0.0,,0,0,0,0,0.0,,0,1,0,0,0.0
1778953699.780373,0.0,12745,-50.0,1,,0,0,0,0,0.0,,0,0,0,0,0.0,,1,1,12715,0,0.0,,0,0,0,0,0.0,,1,1,12718,0,0.0,,0,0,0,0,0.0,,1,1,12734,0,0.0,,1,1,12707,0,0.0,,0,1,0,0,0.0,,0,1,0,0,0.0,,0,1,0,0,0.0,,0,1,0,0,0.0,,0,0,0,0,0.0,,0,1,0,0,0.0,,0,0,0,0,0.0,,0,1,0,0,0.0
1778953699.8309844,0.0,12748,-51.0,1,,0,0,0,0,0.0,,0,0,0,0,0.0,,1,1,12711,0,0.0,,0,0,0,0,0.0,,1,1,12734,0,0.0,,0,0,0,0,0.0,,1,1,12735,0,0.0,,1,1,12729,0,0.0,,0,1,0,0,0.0,,0,1,0,0,0.0,,0,1,0,0,0.0,,0,1,0,0,0.0,,0,0,0,0,0.0,,0,1,0,0,0.0,,0,0,0,0,0.0,,0,1,0,0,0.0
1778953699.8819551,0.0,12748,-51.0,1,,0,0,0,0,0.0,,0,0,0,0,0.0,,1,1,12721,0,0.0,,0,0,0,0,0.0,,1,1,12734,0,0.0,,0,0,0,0,0.0,,1,1,12735,0,0.0,,1,1,12729,0,0.0,,0,1,0,0,0.0,,0,1,0,0,0.0,,0,1,0,0,0.0,,0,1,0,0,0.0,,0,0,0,0,0.0,,0,1,0,0,0.0,,0,0,0,0,0.0,,0,1,0,0,0.0
1778953699.9367728,0.0,12748,-51.0,1,,0,0,0,0,0.0,,0,0,0,0,0.0,,1,1,12721,0,0.0,,0,0,0,0,0.0,,1,1,12745,0,0.0,,0,0,0,0,0.0,,1,1,12737,0,0.0,,1,1,12718,0,0.0,,0,1,0,0,0.0,,0,1,0,0,0.0,,0,1,0,0,0.0,,0,1,0,0,0.0,,0,0,0,0,0.0,,0,1,0,0,0.0,,0,0,0,0,0.0,,0,1,0,0,0.0
1778953699.995007,0.0,12752,-49.0,1,,0,0,0,0,0.0,,0,0,0,0,0.0,,1,1,12740,0,0.0,,0,0,0,0,0.0,,1,1,12732,0,0.0,,0,0,0,0,0.0,,1,1,12744,0,0.0,,1,1,12720,0,0.0,,0,1,0,0,0.0,,0,1,0,0,0.0,,0,1,0,0,0.0,,0,1,0,0,0.0,,0,0,0,0,0.0,,0,1,0,0,0.0,,0,0,0,0,0.0,,0,1,0,0,0.0
1778953700.0479767,0.0,12752,-49.0,1,,0,0,0,0,0.0,,0,0,0,0,0.0,,1,1,12739,0,0.0,,0,0,0,0,0.0,,1,1,12726,0,0.0,,0,0,0,0,0.0,,1,1,12731,0,0.0,,1,1,12697,0,0.0,,0,1,0,0,0.0,,0,1,0,0,0.0,,0,1,0,0,0.0,,0,1,0,0,0.0,,0,0,0,0,0.0,,0,1,0,0,0.0,,0,0,0,0,0.0,,0,1,0,0,0.0
1778953700.0991,0.0,12752,-50.0,1,,0,0,0,0,0.0,,0,0,0,0,0.0,,1,1,12735,0,0.0,,0,0,0,0,0.0,,1,1,12726,0,0.0,,0,0,0,0,0.0,,1,1,12731,0,0.0,,1,1,12697,0,0.0,,0,1,0,0,0.0,,0,1,0,0,0.0,,0,1,0,0,0.0,,0,1,0,0,0.0,,0,0,0,0,0.0,,0,1,0,0,0.0,,0,0,0,0,0.0,,0,1,0,0,0.0
1778953700.1502144,0.0,12752,-50.0,1,,0,0,0,0,0.0,,0,0,0,0,0.0,,1,1,12735,0,0.0,,0,0,0,0,0.0,,1,1,12737,0,0.0,,0,0,0,0,0.0,,1,1,12737,0,0.0,,1,1,12698,0,0.0,,0,1,0,0,0.0,,0,1,0,0,0.0,,0,1,0,0,0.0,,0,1,0,0,0.0,,0,0,0,0,0.0,,0,1,0,0,0.0,,0,0,0,0,0.0,,0,1,0,0,0.0
1778953700.2026083,0.0,12753,-49.0,1,,0,0,0,0,0.0,,0,0,0,0,0.0,,1,1,12719,0,0.0,,0,0,0,0,0.0,,1,1,12743,0,0.0,,0,0,0,0,0.0,,1,1,12739,0,0.0,,1,1,12716,0,0.0,,0,1,0,0,0.0,,0,1,0,0,0.0,,0,1,0,0,0.0,,0,1,0,0,0.0,,0,0,0,0,0.0,,0,1,0,0,0.0,,0,0,0,0,0.0,,0,1,0,0,0.0
1778953700.2545075,0.0,12755,-51.0,1,,0,0,0,0,0.0,,0,0,0,0,0.0,,1,1,12732,0,0.0,,0,0,0,0,0.0,,1,1,12757,0,0.0,,0,0,0,0,0.0,,1,1,12738,0,0.0,,1,1,12716,0,0.0,,0,1,0,0,0.0,,0,1,0,0,0.0,,0,1,0,0,0.0,,0,1,0,0,0.0,,0,0,0,0,0.0,,0,1,0,0,0.0,,0,0,0,0,0.0,,0,1,0,0,0.0
1778953700.3060663,0.0,12755,-51.0,1,,0,0,0,0,0.0,,0,0,0,0,0.0,,1,1,12731,0,0.0,,0,0,0,0,0.0,,1,1,12756,0,0.0,,0,0,0,0,0.0,,1,1,12728,0,0.0,,1,1,12715,0,0.0,,0,1,0,0,0.0,,0,1,0,0,0.0,,0,1,0,0,0.0,,0,1,0,0,0.0,,0,0,0,0,0.0,,0,1,0,0,0.0,,0,0,0,0,0.0,,0,1,0,0,0.0
1778953700.3587446,0.0,12757,-49.0,1,,0,0,0,0,0.0,,0,0,0,0,0.0,,1,1,12739,0,0.0,,0,0,0,0,0.0,,1,1,12736,0,0.0,,0,0,0,0,0.0,,1,1,12741,0,0.0,,1,1,12712,0,0.0,,0,1,0,0,0.0,,0,1,0,0,0.0,,0,1,0,0,0.0,,0,1,0,0,0.0,,0,0,0,0,0.0,,0,1,0,0,0.0,,0,0,0,0,0.0,,0,1,0,0,0.0
1778953700.4149787,0.0,12756,-50.0,1,,0,0,0,0,0.0,,0,0,0,0,0.0,,1,1,12753,0,0.0,,0,0,0,0,0.0,,1,1,12716,0,0.0,,0,0,0,0,0.0,,1,1,12747,0,0.0,,1,1,12709,0,0.0,,0,1,0,0,0.0,,0,1,0,0,0.0,,0,1,0,0,0.0,,0,1,0,0,0.0,,0,0,0,0,0.0,,0,1,0,0,0.0,,0,0,0,0,0.0,,0,1,0,0,0.0
1778953700.4652648,0.0,12755,-50.0,1,,0,0,0,0,0.0,,0,0,0,0,0.0,,1,1,12723,0,0.0,,0,0,0,0,0.0,,1,1,12735,0,0.0,,0,0,0,0,0.0,,1,1,12720,0,0.0,,1,1,12704,0,0.0,,0,1,0,0,0.0,,0,1,0,0,0.0,,0,1,0,0,0.0,,0,1,0,0,0.0,,0,0,0,0,0.0,,0,1,0,0,0.0,,0,0,0,0,0.0,,0,1,0,0,0.0
1778953700.5190074,0.0,12755,-50.0,1,,0,0,0,0,0.0,,0,0,0,0,0.0,,1,1,12723,0,0.0,,0,0,0,0,0.0,,1,1,12735,0,0.0,,0,0,0,0,0.0,,1,1,12720,0,0.0,,1,1,12704,0,0.0,,0,1,0,0,0.0,,0,1,0,0,0.0,,0,1,0,0,0.0,,0,1,0,0,0.0,,0,0,0,0,0.0,,0,1,0,0,0.0,,0,0,0,0,0.0,,0,1,0,0,0.0
1778953700.5697823,0.0,12755,-50.0,1,,0,0,0,0,0.0,,0,0,0,0,0.0,,1,1,12722,0,0.0,,0,0,0,0,0.0,,1,1,12732,0,0.0,,0,0,0,0,0.0,,1,1,12703,0,0.0,,1,1,12714,0,0.0,,0,1,0,0,0.0,,0,1,0,0,0.0,,0,1,0,0,0.0,,0,1,0,0,0.0,,0,0,0,0,0.0,,0,1,0,0,0.0,,0,0,0,0,0.0,,0,1,0,0,0.0
1778953700.6202788,0.0,12755,-51.0,1,,0,0,0,0,0.0,,0,0,0,0,0.0,,1,1,12736,0,0.0,,0,0,0,0,0.0,,1,1,12730,0,0.0,,0,0,0,0,0.0,,1,1,12726,0,0.0,,1,1,12719,0,0.0,,0,1,0,0,0.0,,0,1,0,0,0.0,,0,1,0,0,0.0,,0,1,0,0,0.0,,0,0,0,0,0.0,,0,1,0,0,0.0,,0,0,0,0,0.0,,0,1,0,0,0.0
1778953700.673084,0.0,12755,-51.0,1,,0,0,0,0,0.0,,0,0,0,0,0.0,,1,1,12736,0,0.0,,0,0,0,0,0.0,,1,1,12730,0,0.0,,0,0,0,0,0.0,,1,1,12726,0,0.0,,1,1,12719,0,0.0,,0,1,0,0,0.0,,0,1,0,0,0.0,,0,1,0,0,0.0,,0,1,0,0,0.0,,0,0,0,0,0.0,,0,1,0,0,0.0,,0,0,0,0,0.0,,0,1,0,0,0.0
1778953700.7243307,0.0,12755,-51.0,1,,0,0,0,0,0.0,,0,0,0,0,0.0,,1,1,12737,0,0.0,,0,0,0,0,0.0,,1,1,12730,0,0.0,,0,0,0,0,0.0,,1,1,12747,0,0.0,,1,1,12720,0,0.0,,0,1,0,0,0.0,,0,1,0,0,0.0,,0,1,0,0,0.0,,0,1,0,0,0.0,,0,0,0,0,0.0,,0,1,0,0,0.0,,0,0,0,0,0.0,,0,1,0,0,0.0
1778953700.7754607,0.0,12749,-50.0,1,,0,0,0,0,0.0,,0,0,0,0,0.0,,1,1,12716,0,0.0,,0,0,0,0,0.0,,1,1,12743,0,0.0,,0,0,0,0,0.0,,1,1,12735,0,0.0,,1,1,12730,0,0.0,,0,1,0,0,0.0,,0,1,0,0,0.0,,0,1,0,0,0.0,,0,1,0,0,0.0,,0,0,0,0,0.0,,0,1,0,0,0.0,,0,0,0,0,0.0,,0,1,0,0,0.0
1778953700.8433793,0.0,12749,-50.0,1,,0,0,0,0,0.0,,0,0,0,0,0.0,,1,1,12722,0,0.0,,0,0,0,0,0.0,,1,1,12743,0,0.0,,0,0,0,0,0.0,,1,1,12735,0,0.0,,1,1,12730,0,0.0,,0,1,0,0,0.0,,0,1,0,0,0.0,,0,1,0,0,0.0,,0,1,0,0,0.0,,0,0,0,0,0.0,,0,1,0,0,0.0,,0,0,0,0,0.0,,0,1,0,0,0.0
1778953700.894291,0.0,12745,-51.0,1,,0,0,0,0,0.0,,0,0,0,0,0.0,,1,1,12720,0,0.0,,0,0,0,0,0.0,,1,1,12744,0,0.0,,0,0,0,0,0.0,,1,1,12725,0,0.0,,1,1,12721,0,0.0,,0,1,0,0,0.0,,0,1,0,0,0.0,,0,1,0,0,0.0,,0,1,0,0,0.0,,0,0,0,0,0.0,,0,1,0,0,0.0,,0,0,0,0,0.0,,0,1,0,0,0.0
1778953700.9468708,0.0,12746,-49.0,1,,0,0,0,0,0.0,,0,0,0,0,0.0,,1,1,12728,0,0.0,,0,0,0,0,0.0,,1,1,12734,0,0.0,,0,0,0,0,0.0,,1,1,12719,0,0.0,,1,1,12721,0,0.0,,0,1,0,0,0.0,,0,1,0,0,0.0,,0,1,0,0,0.0,,0,1,0,0,0.0,,0,0,0,0,0.0,,0,1,0,0,0.0,,0,0,0,0,0.0,,0,1,0,0,0.0
1778953700.999066,0.0,12746,-49.0,1,,0,0,0,0,0.0,,0,0,0,0,0.0,,1,1,12723,0,0.0,,0,0,0,0,0.0,,1,1,12747,0,0.0,,0,0,0,0,0.0,,1,1,12744,0,0.0,,1,1,12706,0,0.0,,0,1,0,0,0.0,,0,1,0,0,0.0,,0,1,0,0,0.0,,0,1,0,0,0.0,,0,0,0,0,0.0,,0,1,0,0,0.0,,0,0,0,0,0.0,,0,1,0,0,0.0
1778953701.04929,0.0,12749,-50.0,1,,0,0,0,0,0.0,,0,0,0,0,0.0,,1,1,12704,0,0.0,,0,0,0,0,0.0,,1,1,12722,0,0.0,,0,0,0,0,0.0,,1,1,12735,0,0.0,,1,1,12706,0,0.0,,0,1,0,0,0.0,,0,1,0,0,0.0,,0,1,0,0,0.0,,0,1,0,0,0.0,,0,0,0,0,0.0,,0,1,0,0,0.0,,0,0,0,0,0.0,,0,1,0,0,0.0
1778953701.1011863,0.0,12746,-49.0,1,,0,0,0,0,0.0,,0,0,0,0,0.0,,1,1,12711,0,0.0,,0,0,0,0,0.0,,1,1,12735,0,0.0,,0,0,0,0,0.0,,1,1,12741,0,0.0,,1,1,12716,0,0.0,,0,1,0,0,0.0,,0,1,0,0,0.0,,0,1,0,0,0.0,,0,1,0,0,0.0,,0,0,0,0,0.0,,0,1,0,0,0.0,,0,0,0,0,0.0,,0,1,0,0,0.0
1778953701.152319,0.0,12746,-49.0,1,,0,0,0,0,0.0,,0,0,0,0,0.0,,1,1,12727,0,0.0,,0,0,0,0,0.0,,1,1,12747,0,0.0,,0,0,0,0,0.0,,1,1,12733,0,0.0,,1,1,12706,0,0.0,,0,1,0,0,0.0,,0,1,0,0,0.0,,0,1,0,0,0.0,,0,1,0,0,0.0,,0,0,0,0,0.0,,0,1,0,0,0.0,,0,0,0,0,0.0,,0,1,0,0,0.0
1778953701.2045078,0.0,12748,-49.0,1,,0,0,0,0,0.0,,0,0,0,0,0.0,,1,1,12745,0,0.0,,0,0,0,0,0.0,,1,1,12752,0,0.0,,0,0,0,0,0.0,,1,1,12747,0,0.0,,1,1,12696,0,0.0,,0,1,0,0,0.0,,0,1,0,0,0.0,,0,1,0,0,0.0,,0,1,0,0,0.0,,0,0,0,0,0.0,,0,1,0,0,0.0,,0,0,0,0,0.0,,0,1,0,0,0.0
1778953701.255837,0.0,12748,-49.0,1,,0,0,0,0,0.0,,0,0,0,0,0.0,,1,1,12747,0,0.0,,0,0,0,0,0.0,,1,1,12742,0,0.0,,0,0,0,0,0.0,,1,1,12752,0,0.0,,1,1,12708,0,0.0,,0,1,0,0,0.0,,0,1,0,0,0.0,,0,1,0,0,0.0,,0,1,0,0,0.0,,0,0,0,0,0.0,,0,1,0,0,0.0,,0,0,0,0,0.0,,0,1,0,0,0.0
1778953701.3065739,0.0,12748,-49.0,1,,0,0,0,0,0.0,,0,0,0,0,0.0,,1,1,12747,0,0.0,,0,0,0,0,0.0,,1,1,12745,0,0.0,,0,0,0,0,0.0,,1,1,12736,0,0.0,,1,1,12706,0,0.0,,0,1,0,0,0.0,,0,1,0,0,0.0,,0,1,0,0,0.0,,0,1,0,0,0.0,,0,0,0,0,0.0,,0,1,0,0,0.0,,0,0,0,0,0.0,,0,1,0,0,0.0
1778953701.3658712,0.0,12746,-49.0,1,,0,0,0,0,0.0,,0,0,0,0,0.0,,1,1,12750,0,0.0,,0,0,0,0,0.0,,1,1,12735,0,0.0,,0,0,0,0,0.0,,1,1,12738,0,0.0,,1,1,12710,0,0.0,,0,1,0,0,0.0,,0,1,0,0,0.0,,0,1,0,0,0.0,,0,1,0,0,0.0,,0,0,0,0,0.0,,0,1,0,0,0.0,,0,0,0,0,0.0,,0,1,0,0,0.0
1778953701.4208448,0.0,12746,-50.0,1,,0,0,0,0,0.0,,0,0,0,0,0.0,,1,1,12739,0,0.0,,0,0,0,0,0.0,,1,1,12739,0,0.0,,0,0,0,0,0.0,,1,1,12752,0,0.0,,1,1,12697,0,0.0,,0,1,0,0,0.0,,0,1,0,0,0.0,,0,1,0,0,0.0,,0,1,0,0,0.0,,0,0,0,0,0.0,,0,1,0,0,0.0,,0,0,0,0,0.0,,0,1,0,0,0.0
1778953701.4732168,0.0,12747,-50.0,1,,0,0,0,0,0.0,,0,0,0,0,0.0,,1,1,12722,0,0.0,,0,0,0,0,0.0,,1,1,12738,0,0.0,,0,0,0,0,0.0,,1,1,12743,0,0.0,,1,1,12700,0,0.0,,0,1,0,0,0.0,,0,1,0,0,0.0,,0,1,0,0,0.0,,0,1,0,0,0.0,,0,0,0,0,0.0,,0,1,0,0,0.0,,0,0,0,0,0.0,,0,1,0,0,0.0
1778953701.5377986,0.0,12749,-50.0,1,,0,0,0,0,0.0,,0,0,0,0,0.0,,1,1,12735,0,0.0,,0,0,0,0,0.0,,1,1,12728,0,0.0,,0,0,0,0,0.0,,1,1,12751,0,0.0,,1,1,12700,0,0.0,,0,1,0,0,0.0,,0,1,0,0,0.0,,0,1,0,0,0.0,,0,1,0,0,0.0,,0,0,0,0,0.0,,0,1,0,0,0.0,,0,0,0,0,0.0,,0,1,0,0,0.0
1778953701.5882773,0.0,12749,-50.0,1,,0,0,0,0,0.0,,0,0,0,0,0.0,,1,1,12735,0,0.0,,0,0,0,0,0.0,,1,1,12728,0,0.0,,0,0,0,0,0.0,,1,1,12751,0,0.0,,1,1,12700,0,0.0,,0,1,0,0,0.0,,0,1,0,0,0.0,,0,1,0,0,0.0,,0,1,0,0,0.0,,0,0,0,0,0.0,,0,1,0,0,0.0,,0,0,0,0,0.0,,0,1,0,0,0.0
1778953701.6392877,0.0,12751,-49.0,1,,0,0,0,0,0.0,,0,0,0,0,0.0,,1,1,12739,0,0.0,,0,0,0,0,0.0,,1,1,12720,0,0.0,,0,0,0,0,0.0,,1,1,12750,0,0.0,,1,1,12706,0,0.0,,0,1,0,0,0.0,,0,1,0,0,0.0,,0,1,0,0,0.0,,0,1,0,0,0.0,,0,0,0,0,0.0,,0,1,0,0,0.0,,0,0,0,0,0.0,,0,1,0,0,0.0
1778953701.6916764,0.0,12751,-49.0,1,,0,0,0,0,0.0,,0,0,0,0,0.0,,1,1,12728,0,0.0,,0,0,0,0,0.0,,1,1,12736,0,0.0,,0,0,0,0,0.0,,1,1,12749,0,0.0,,1,1,12720,0,0.0,,0,1,0,0,0.0,,0,1,0,0,0.0,,0,1,0,0,0.0,,0,1,0,0,0.0,,0,0,0,0,0.0,,0,1,0,0,0.0,,0,0,0,0,0.0,,0,1,0,0,0.0
1778953701.7429163,0.0,12751,-49.0,1,,0,0,0,0,0.0,,0,0,0,0,0.0,,1,1,12728,0,0.0,,0,0,0,0,0.0,,1,1,12736,0,0.0,,0,0,0,0,0.0,,1,1,12749,0,0.0,,1,1,12720,0,0.0,,0,1,0,0,0.0,,0,1,0,0,0.0,,0,1,0,0,0.0,,0,1,0,0,0.0,,0,0,0,0,0.0,,0,1,0,0,0.0,,0,0,0,0,0.0,,0,1,0,0,0.0
1778953701.8002431,0.0,12752,-50.0,1,,0,0,0,0,0.0,,0,0,0,0,0.0,,1,1,12730,0,0.0,,0,0,0,0,0.0,,1,1,12743,0,0.0,,0,0,0,0,0.0,,1,1,12747,0,0.0,,1,1,12708,0,0.0,,0,1,0,0,0.0,,0,1,0,0,0.0,,0,1,0,0,0.0,,0,1,0,0,0.0,,0,0,0,0,0.0,,0,1,0,0,0.0,,0,0,0,0,0.0,,0,1,0,0,0.0
1778953701.8541348,0.0,12750,-49.0,1,,0,0,0,0,0.0,,0,0,0,0,0.0,,1,1,12728,0,0.0,,0,0,0,0,0.0,,1,1,12753,0,0.0,,0,0,0,0,0.0,,1,1,12742,0,0.0,,1,1,12699,0,0.0,,0,1,0,0,0.0,,0,1,0,0,0.0,,0,1,0,0,0.0,,0,1,0,0,0.0,,0,0,0,0,0.0,,0,1,0,0,0.0,,0,0,0,0,0.0,,0,1,0,0,0.0
1778953701.9369776,0.0,12750,-49.0,1,,0,0,0,0,0.0,,0,0,0,0,0.0,,1,1,12716,0,0.0,,0,0,0,0,0.0,,1,1,12762,0,0.0,,0,0,0,0,0.0,,1,1,12744,0,0.0,,1,1,12706,0,0.0,,0,1,0,0,0.0,,0,1,0,0,0.0,,0,1,0,0,0.0,,0,1,0,0,0.0,,0,0,0,0,0.0,,0,1,0,0,0.0,,0,0,0,0,0.0,,0,1,0,0,0.0
1778953701.9955242,0.0,12748,-50.0,1,,0,0,0,0,0.0,,0,0,0,0,0.0,,1,1,12707,0,0.0,,0,0,0,0,0.0,,1,1,12726,0,0.0,,0,0,0,0,0.0,,1,1,12742,0,0.0,,1,1,12716,0,0.0,,0,1,0,0,0.0,,0,1,0,0,0.0,,0,1,0,0,0.0,,0,1,0,0,0.0,,0,0,0,0,0.0,,0,1,0,0,0.0,,0,0,0,0,0.0,,0,1,0,0,0.0
1778953702.0462182,0.0,12748,-50.0,1,-,0,0,0,0,0.0,-,0,0,0,0,0.0,ECU,1,1,12707,0,0.0,FAN1,0,0,0,0,0.0,COILS,1,1,12726,0,0.0,,0,0,0,0,0.0,,1,1,12742,0,0.0,,1,1,12716,0,0.0,,0,1,0,0,0.0,,0,1,0,0,0.0,,0,1,0,0,0.0,,0,1,0,0,0.0,,0,0,0,0,0.0,,0,1,0,0,0.0,,0,0,0,0,0.0,,0,1,0,0,0.0
1778953702.097958,0.0,12748,-50.0,1,-,0,0,0,0,0.0,-,0,0,0,0,0.0,ECU,1,1,12707,0,0.0,FAN1,0,0,0,0,0.0,COILS,1,1,12726,0,0.0,PUMP,0,0,0,0,0.0,INJECTOR,1,1,12742,0,0.0,SERVO,1,1,12716,0,0.0,ADD 1,0,1,0,0,0.0,ADD 2,0,1,0,0,0.0,ADD 3,0,1,0,0,0.0,,0,1,0,0,0.0,,0,0,0,0,0.0,,0,1,0,0,0.0,,0,0,0,0,0.0,,0,1,0,0,0.0
1778953702.1596534,0.0,12750,-50.0,1,-,0,0,0,0,0.0,-,0,0,0,0,0.0,ECU,1,1,12724,0,0.0,FAN1,0,0,0,0,0.0,COILS,1,1,12752,0,0.0,PUMP,0,0,0,0,0.0,INJECTOR,1,1,12743,0,0.0,SERVO,1,1,12709,0,0.0,ADD 1,0,1,0,0,0.0,ADD 2,0,1,0,0,0.0,ADD 3,0,1,0,0,0.0,ADD 4,0,1,0,0,0.0,ADD 5,0,0,0,0,0.0,ADD 6,0,1,0,0,0.0,ADD 7,0,0,0,0,0.0,EGT2CAN,0,1,0,0,0.0
1778953702.211208,0.0,12750,-50.0,1,-,0,0,0,0,0.0,-,0,0,0,0,0.0,ECU,1,1,12723,0,0.0,FAN1,0,0,0,0,0.0,COILS,1,1,12734,0,0.0,PUMP,0,0,0,0,0.0,INJECTOR,1,1,12731,0,0.0,SERVO,1,1,12718,0,0.0,ADD 1,0,1,0,0,0.0,ADD 2,0,1,0,0,0.0,ADD 3,0,1,0,0,0.0,ADD 4,0,1,0,0,0.0,ADD 5,0,0,0,0,0.0,ADD 6,0,1,0,0,0.0,ADD 7,0,0,0,0,0.0,EGT2CAN,0,1,0,0,0.0
1778953702.2624738,0.0,12751,-49.0,1,-,0,0,0,0,0.0,-,0,0,0,0,0.0,ECU,1,1,12723,0,0.0,FAN1,0,0,0,0,0.0,COILS,1,1,12734,0,0.0,PUMP,0,0,0,0,0.0,INJECTOR,1,1,12731,0,0.0,SERVO,1,1,12718,0,0.0,ADD 1,0,1,0,0,0.0,ADD 2,0,1,0,0,0.0,ADD 3,0,1,0,0,0.0,ADD 4,0,1,0,0,0.0,ADD 5,0,0,0,0,0.0,ADD 6,0,1,0,0,0.0,ADD 7,0,0,0,0,0.0,EGT2CAN,0,1,0,0,0.0
1778953702.3217776,0.0,12752,-49.0,1,-,0,0,0,0,0.0,-,0,0,0,0,0.0,ECU,1,1,12720,0,0.0,FAN1,0,0,0,0,0.0,COILS,1,1,12746,0,0.0,PUMP,0,0,0,0,0.0,INJECTOR,1,1,12735,0,0.0,SERVO,1,1,12716,0,0.0,ADD 1,0,1,0,0,0.0,ADD 2,0,1,0,0,0.0,ADD 3,0,1,0,0,0.0,ADD 4,0,1,0,0,0.0,ADD 5,0,0,0,0,0.0,ADD 6,0,1,0,0,0.0,ADD 7,0,0,0,0,0.0,EGT2CAN,0,1,0,0,0.0
1778953702.3733833,0.0,12751,-51.0,1,-,0,0,0,0,0.0,-,0,0,0,0,0.0,ECU,1,1,12715,0,0.0,FAN1,0,0,0,0,0.0,COILS,1,1,12728,0,0.0,PUMP,0,0,0,0,0.0,INJECTOR,1,1,12747,0,0.0,SERVO,1,1,12710,0,0.0,ADD 1,0,1,0,0,0.0,ADD 2,0,1,0,0,0.0,ADD 3,0,1,0,0,0.0,ADD 4,0,1,0,0,0.0,ADD 5,0,0,0,0,0.0,ADD 6,0,1,0,0,0.0,ADD 7,0,0,0,0,0.0,EGT2CAN,0,1,0,0,0.0
1778953702.424397,0.0,12751,-51.0,1,-,0,0,0,0,0.0,-,0,0,0,0,0.0,ECU,1,1,12711,0,0.0,FAN1,0,0,0,0,0.0,COILS,1,1,12732,0,0.0,PUMP,0,0,0,0,0.0,INJECTOR,1,1,12745,0,0.0,SERVO,1,1,12715,0,0.0,ADD 1,0,1,0,0,0.0,ADD 2,0,1,0,0,0.0,ADD 3,0,1,0,0,0.0,ADD 4,0,1,0,0,0.0,ADD 5,0,0,0,0,0.0,ADD 6,0,1,0,0,0.0,ADD 7,0,0,0,0,0.0,EGT2CAN,0,1,0,0,0.0
1778953702.4778595,0.0,12753,-49.0,1,-,0,0,0,0,0.0,-,0,0,0,0,0.0,ECU,1,1,12717,0,0.0,FAN1,0,0,0,0,0.0,COILS,1,1,12735,0,0.0,PUMP,0,0,0,0,0.0,INJECTOR,1,1,12725,0,0.0,SERVO,1,1,12708,0,0.0,ADD 1,0,1,0,0,0.0,ADD 2,0,1,0,0,0.0,ADD 3,0,1,0,0,0.0,ADD 4,0,1,0,0,0.0,ADD 5,0,0,0,0,0.0,ADD 6,0,1,0,0,0.0,ADD 7,0,0,0,0,0.0,EGT2CAN,0,1,0,0,0.0
1778953702.5287664,0.0,12752,-50.0,1,-,0,0,0,0,0.0,-,0,0,0,0,0.0,ECU,1,1,12728,0,0.0,FAN1,0,0,0,0,0.0,COILS,1,1,12745,0,0.0,PUMP,0,0,0,0,0.0,INJECTOR,1,1,12737,0,0.0,SERVO,1,1,12704,0,0.0,ADD 1,0,1,0,0,0.0,ADD 2,0,1,0,0,0.0,ADD 3,0,1,0,0,0.0,ADD 4,0,1,0,0,0.0,ADD 5,0,0,0,0,0.0,ADD 6,0,1,0,0,0.0,ADD 7,0,0,0,0,0.0,EGT2CAN,0,1,0,0,0.0
1778953702.5802464,0.0,12751,-50.0,1,-,0,0,0,0,0.0,-,0,0,0,0,0.0,ECU,1,1,12742,0,0.0,FAN1,0,0,0,0,0.0,COILS,1,1,12738,0,0.0,PUMP,0,0,0,0,0.0,INJECTOR,1,1,12710,0,0.0,SERVO,1,1,12718,0,0.0,ADD 1,0,1,0,0,0.0,ADD 2,0,1,0,0,0.0,ADD 3,0,1,0,0,0.0,ADD 4,0,1,0,0,0.0,ADD 5,0,0,0,0,0.0,ADD 6,0,1,0,0,0.0,ADD 7,0,0,0,0,0.0,EGT2CAN,0,1,0,0,0.0
1778953702.6397896,0.0,12751,-50.0,1,-,0,0,0,0,0.0,-,0,0,0,0,0.0,ECU,1,1,12732,0,0.0,FAN1,0,0,0,0,0.0,COILS,1,1,12745,0,0.0,PUMP,0,0,0,0,0.0,INJECTOR,1,1,12733,0,0.0,SERVO,1,1,12719,0,0.0,ADD 1,0,1,0,0,0.0,ADD 2,0,1,0,0,0.0,ADD 3,0,1,0,0,0.0,ADD 4,0,1,0,0,0.0,ADD 5,0,0,0,0,0.0,ADD 6,0,1,0,0,0.0,ADD 7,0,0,0,0,0.0,EGT2CAN,0,1,0,0,0.0
1778953702.6904109,0.0,12751,-50.0,1,-,0,0,0,0,0.0,-,0,0,0,0,0.0,ECU,1,1,12732,0,0.0,FAN1,0,0,0,0,0.0,COILS,1,1,12745,0,0.0,PUMP,0,0,0,0,0.0,INJECTOR,1,1,12733,0,0.0,SERVO,1,1,12719,0,0.0,ADD 1,0,1,0,0,0.0,ADD 2,0,1,0,0,0.0,ADD 3,0,1,0,0,0.0,ADD 4,0,1,0,0,0.0,ADD 5,0,0,0,0,0.0,ADD 6,0,1,0,0,0.0,ADD 7,0,0,0,0,0.0,EGT2CAN,0,1,0,0,0.0
1778953702.7422795,0.0,12746,-49.0,1,-,0,0,0,0,0.0,-,0,0,0,0,0.0,ECU,1,1,12745,0,0.0,FAN1,0,0,0,0,0.0,COILS,1,1,12727,0,0.0,PUMP,0,0,0,0,0.0,INJECTOR,1,1,12751,0,0.0,SERVO,1,1,12705,0,0.0,ADD 1,0,1,0,0,0.0,ADD 2,0,1,0,0,0.0,ADD 3,0,1,0,0,0.0,ADD 4,0,1,0,0,0.0,ADD 5,0,0,0,0,0.0,ADD 6,0,1,0,0,0.0,ADD 7,0,0,0,0,0.0,EGT2CAN,0,1,0,0,0.0
1778953702.793479,0.0,12746,-49.0,1,-,0,0,0,0,0.0,-,0,0,0,0,0.0,ECU,1,1,12745,0,0.0,FAN1,0,0,0,0,0.0,COILS,1,1,12727,0,0.0,PUMP,0,0,0,0,0.0,INJECTOR,1,1,12751,0,0.0,SERVO,1,1,12705,0,0.0,ADD 1,0,1,0,0,0.0,ADD 2,0,1,0,0,0.0,ADD 3,0,1,0,0,0.0,ADD 4,0,1,0,0,0.0,ADD 5,0,0,0,0,0.0,ADD 6,0,1,0,0,0.0,ADD 7,0,0,0,0,0.0,EGT2CAN,0,1,0,0,0.0
1778953702.8444517,0.0,12746,-49.0,1,-,0,0,0,0,0.0,-,0,0,0,0,0.0,ECU,1,1,12740,0,0.0,FAN1,0,0,0,0,0.0,COILS,1,1,12736,0,0.0,PUMP,0,0,0,0,0.0,INJECTOR,1,1,12742,0,0.0,SERVO,1,1,12702,0,0.0,ADD 1,0,1,0,0,0.0,ADD 2,0,1,0,0,0.0,ADD 3,0,1,0,0,0.0,ADD 4,0,1,0,0,0.0,ADD 5,0,0,0,0,0.0,ADD 6,0,1,0,0,0.0,ADD 7,0,0,0,0,0.0,EGT2CAN,0,1,0,0,0.0
1778953702.8952913,0.0,12745,-51.0,1,-,0,0,0,0,0.0,-,0,0,0,0,0.0,ECU,1,1,12747,0,0.0,FAN1,0,0,0,0,0.0,COILS,1,1,12745,0,0.0,PUMP,0,0,0,0,0.0,INJECTOR,1,1,12740,0,0.0,SERVO,1,1,12701,0,0.0,ADD 1,0,1,0,0,0.0,ADD 2,0,1,0,0,0.0,ADD 3,0,1,0,0,0.0,ADD 4,0,1,0,0,0.0,ADD 5,0,0,0,0,0.0,ADD 6,0,1,0,0,0.0,ADD 7,0,0,0,0,0.0,EGT2CAN,0,1,0,0,0.0
1778953702.9470677,0.0,12745,-51.0,1,-,0,0,0,0,0.0,-,0,0,0,0,0.0,ECU,1,1,12747,0,0.0,FAN1,0,0,0,0,0.0,COILS,1,1,12745,0,0.0,PUMP,0,0,0,0,0.0,INJECTOR,1,1,12740,0,0.0,SERVO,1,1,12701,0,0.0,ADD 1,0,1,0,0,0.0,ADD 2,0,1,0,0,0.0,ADD 3,0,1,0,0,0.0,ADD 4,0,1,0,0,0.0,ADD 5,0,0,0,0,0.0,ADD 6,0,1,0,0,0.0,ADD 7,0,0,0,0,0.0,EGT2CAN,0,1,0,0,0.0
1778953702.9985597,0.0,12745,-51.0,1,-,0,0,0,0,0.0,-,0,0,0,0,0.0,ECU,1,1,12747,0,0.0,FAN1,0,0,0,0,0.0,COILS,1,1,12732,0,0.0,PUMP,0,0,0,0,0.0,INJECTOR,1,1,12737,0,0.0,SERVO,1,1,12718,0,0.0,ADD 1,0,1,0,0,0.0,ADD 2,0,1,0,0,0.0,ADD 3,0,1,0,0,0.0,ADD 4,0,1,0,0,0.0,ADD 5,0,0,0,0,0.0,ADD 6,0,1,0,0,0.0,ADD 7,0,0,0,0,0.0,EGT2CAN,0,1,0,0,0.0
1778953703.0492964,0.0,12749,-50.0,1,-,0,0,0,0,0.0,-,0,0,0,0,0.0,ECU,1,1,12734,0,0.0,FAN1,0,0,0,0,0.0,COILS,1,1,12745,0,0.0,PUMP,0,0,0,0,0.0,INJECTOR,1,1,12737,0,0.0,SERVO,1,1,12711,0,0.0,ADD 1,0,1,0,0,0.0,ADD 2,0,1,0,0,0.0,ADD 3,0,1,0,0,0.0,ADD 4,0,1,0,0,0.0,ADD 5,0,0,0,0,0.0,ADD 6,0,1,0,0,0.0,ADD 7,0,0,0,0,0.0,EGT2CAN,0,1,0,0,0.0
1778953703.111923,0.0,12749,-50.0,1,-,0,0,0,0,0.0,-,0,0,0,0,0.0,ECU,1,1,12737,0,0.0,FAN1,0,0,0,0,0.0,COILS,1,1,12745,0,0.0,PUMP,0,0,0,0,0.0,INJECTOR,1,1,12737,0,0.0,SERVO,1,1,12711,0,0.0,ADD 1,0,1,0,0,0.0,ADD 2,0,1,0,0,0.0,ADD 3,0,1,0,0,0.0,ADD 4,0,1,0,0,0.0,ADD 5,0,0,0,0,0.0,ADD 6,0,1,0,0,0.0,ADD 7,0,0,0,0,0.0,EGT2CAN,0,1,0,0,0.0
1778953703.1627755,0.0,12747,-50.0,1,-,0,0,0,0,0.0,-,0,0,0,0,0.0,ECU,1,1,12737,0,0.0,FAN1,0,0,0,0,0.0,COILS,1,1,12735,0,0.0,PUMP,0,0,0,0,0.0,INJECTOR,1,1,12747,0,0.0,SERVO,1,1,12715,0,0.0,ADD 1,0,1,0,0,0.0,ADD 2,0,1,0,0,0.0,ADD 3,0,1,0,0,0.0,ADD 4,0,1,0,0,0.0,ADD 5,0,0,0,0,0.0,ADD 6,0,1,0,0,0.0,ADD 7,0,0,0,0,0.0,EGT2CAN,0,1,0,0,0.0
1778953703.2168589,0.0,12749,-50.0,1,-,0,0,0,0,0.0,-,0,0,0,0,0.0,ECU,1,1,12737,0,0.0,FAN1,0,0,0,0,0.0,COILS,1,1,12743,0,0.0,PUMP,0,0,0,0,0.0,INJECTOR,1,1,12741,0,0.0,SERVO,1,1,12716,0,0.0,ADD 1,0,1,0,0,0.0,ADD 2,0,1,0,0,0.0,ADD 3,0,1,0,0,0.0,ADD 4,0,1,0,0,0.0,ADD 5,0,0,0,0,0.0,ADD 6,0,1,0,0,0.0,ADD 7,0,0,0,0,0.0,EGT2CAN,0,1,0,0,0.0
1778953703.268638,0.0,12749,-50.0,1,-,0,0,0,0,0.0,-,0,0,0,0,0.0,ECU,1,1,12746,0,0.0,FAN1,0,0,0,0,0.0,COILS,1,1,12735,0,0.0,PUMP,0,0,0,0,0.0,INJECTOR,1,1,12747,0,0.0,SERVO,1,1,12720,0,0.0,ADD 1,0,1,0,0,0.0,ADD 2,0,1,0,0,0.0,ADD 3,0,1,0,0,0.0,ADD 4,0,1,0,0,0.0,ADD 5,0,0,0,0,0.0,ADD 6,0,1,0,0,0.0,ADD 7,0,0,0,0,0.0,EGT2CAN,0,1,0,0,0.0
1778953703.322742,0.0,12750,-49.0,1,-,0,0,0,0,0.0,-,0,0,0,0,0.0,ECU,1,1,12746,0,0.0,FAN1,0,0,0,0,0.0,COILS,1,1,12734,0,0.0,PUMP,0,0,0,0,0.0,INJECTOR,1,1,12743,0,0.0,SERVO,1,1,12720,0,0.0,ADD 1,0,1,0,0,0.0,ADD 2,0,1,0,0,0.0,ADD 3,0,1,0,0,0.0,ADD 4,0,1,0,0,0.0,ADD 5,0,0,0,0,0.0,ADD 6,0,1,0,0,0.0,ADD 7,0,0,0,0,0.0,EGT2CAN,0,1,0,0,0.0
1778953703.3751287,0.0,12751,-50.0,1,-,0,0,0,0,0.0,-,0,0,0,0,0.0,ECU,1,1,12746,0,0.0,FAN1,0,0,0,0,0.0,COILS,1,1,12739,0,0.0,PUMP,0,0,0,0,0.0,INJECTOR,1,1,12747,0,0.0,SERVO,1,1,12726,0,0.0,ADD 1,0,1,0,0,0.0,ADD 2,0,1,0,0,0.0,ADD 3,0,1,0,0,0.0,ADD 4,0,1,0,0,0.0,ADD 5,0,0,0,0,0.0,ADD 6,0,1,0,0,0.0,ADD 7,0,0,0,0,0.0,EGT2CAN,0,1,0,0,0.0
1778953703.4261014,0.0,12751,-50.0,1,-,0,0,0,0,0.0,-,0,0,0,0,0.0,ECU,1,1,12747,0,0.0,FAN1,0,0,0,0,0.0,COILS,1,1,12743,0,0.0,PUMP,0,0,0,0,0.0,INJECTOR,1,1,12752,0,0.0,SERVO,1,1,12715,0,0.0,ADD 1,0,1,0,0,0.0,ADD 2,0,1,0,0,0.0,ADD 3,0,1,0,0,0.0,ADD 4,0,1,0,0,0.0,ADD 5,0,0,0,0,0.0,ADD 6,0,1,0,0,0.0,ADD 7,0,0,0,0,0.0,EGT2CAN,0,1,0,0,0.0
1778953703.47914,0.0,12752,-49.0,1,-,0,0,0,0,0.0,-,0,0,0,0,0.0,ECU,1,1,12742,0,0.0,FAN1,0,0,0,0,0.0,COILS,1,1,12739,0,0.0,PUMP,0,0,0,0,0.0,INJECTOR,1,1,12752,0,0.0,SERVO,1,1,12715,0,0.0,ADD 1,0,1,0,0,0.0,ADD 2,0,1,0,0,0.0,ADD 3,0,1,0,0,0.0,ADD 4,0,1,0,0,0.0,ADD 5,0,0,0,0,0.0,ADD 6,0,1,0,0,0.0,ADD 7,0,0,0,0,0.0,EGT2CAN,0,1,0,0,0.0
1778953703.5349047,0.0,12751,-49.0,1,-,0,0,0,0,0.0,-,0,0,0,0,0.0,ECU,1,1,12737,0,0.0,FAN1,0,0,0,0,0.0,COILS,1,1,12735,0,0.0,PUMP,0,0,0,0,0.0,INJECTOR,1,1,12752,0,0.0,SERVO,1,1,12720,0,0.0,ADD 1,0,1,0,0,0.0,ADD 2,0,1,0,0,0.0,ADD 3,0,1,0,0,0.0,ADD 4,0,1,0,0,0.0,ADD 5,0,0,0,0,0.0,ADD 6,0,1,0,0,0.0,ADD 7,0,0,0,0,0.0,EGT2CAN,0,1,0,0,0.0
1778953703.5876503,0.0,12748,-49.0,1,-,0,0,0,0,0.0,-,0,0,0,0,0.0,ECU,1,1,12745,0,0.0,FAN1,0,0,0,0,0.0,COILS,1,1,12746,0,0.0,PUMP,0,0,0,0,0.0,INJECTOR,1,1,12747,0,0.0,SERVO,1,1,12720,0,0.0,ADD 1,0,1,0,0,0.0,ADD 2,0,1,0,0,0.0,ADD 3,0,1,0,0,0.0,ADD 4,0,1,0,0,0.0,ADD 5,0,0,0,0,0.0,ADD 6,0,1,0,0,0.0,ADD 7,0,0,0,0,0.0,EGT2CAN,0,1,0,0,0.0
1778953703.6388743,0.0,12748,-49.0,1,-,0,0,0,0,0.0,-,0,0,0,0,0.0,ECU,1,1,12710,0,0.0,FAN1,0,0,0,0,0.0,COILS,1,1,12747,0,0.0,PUMP,0,0,0,0,0.0,INJECTOR,1,1,12747,0,0.0,SERVO,1,1,12697,0,0.0,ADD 1,0,1,0,0,0.0,ADD 2,0,1,0,0,0.0,ADD 3,0,1,0,0,0.0,ADD 4,0,1,0,0,0.0,ADD 5,0,0,0,0,0.0,ADD 6,0,1,0,0,0.0,ADD 7,0,0,0,0,0.0,EGT2CAN,0,1,0,0,0.0
1778953703.6896055,0.0,12747,-50.0,1,-,0,0,0,0,0.0,-,0,0,0,0,0.0,ECU,1,1,12710,0,0.0,FAN1,0,0,0,0,0.0,COILS,1,1,12747,0,0.0,PUMP,0,0,0,0,0.0,INJECTOR,1,1,12747,0,0.0,SERVO,1,1,12697,0,0.0,ADD 1,0,1,0,0,0.0,ADD 2,0,1,0,0,0.0,ADD 3,0,1,0,0,0.0,ADD 4,0,1,0,0,0.0,ADD 5,0,0,0,0,0.0,ADD 6,0,1,0,0,0.0,ADD 7,0,0,0,0,0.0,EGT2CAN,0,1,0,0,0.0
1778953703.7402093,0.0,12747,-50.0,1,-,0,0,0,0,0.0,-,0,0,0,0,0.0,ECU,1,1,12722,0,0.0,FAN1,0,0,0,0,0.0,COILS,1,1,12747,0,0.0,PUMP,0,0,0,0,0.0,INJECTOR,1,1,12745,0,0.0,SERVO,1,1,12707,0,0.0,ADD 1,0,1,0,0,0.0,ADD 2,0,1,0,0,0.0,ADD 3,0,1,0,0,0.0,ADD 4,0,1,0,0,0.0,ADD 5,0,0,0,0,0.0,ADD 6,0,1,0,0,0.0,ADD 7,0,0,0,0,0.0,EGT2CAN,0,1,0,0,0.0
1778953703.801365,0.0,12746,-52.0,1,-,0,0,0,0,0.0,-,0,0,0,0,0.0,ECU,1,1,12747,0,0.0,FAN1,0,0,0,0,0.0,COILS,1,1,12739,0,0.0,PUMP,0,0,0,0,0.0,INJECTOR,1,1,12730,0,0.0,SERVO,1,1,12713,0,0.0,ADD 1,0,1,0,0,0.0,ADD 2,0,1,0,0,0.0,ADD 3,0,1,0,0,0.0,ADD 4,0,1,0,0,0.0,ADD 5,0,0,0,0,0.0,ADD 6,0,1,0,0,0.0,ADD 7,0,0,0,0,0.0,EGT2CAN,0,1,0,0,0.0
1778953703.8521984,0.0,12746,-52.0,1,-,0,0,0,0,0.0,-,0,0,0,0,0.0,ECU,1,1,12739,0,0.0,FAN1,0,0,0,0,0.0,COILS,1,1,12739,0,0.0,PUMP,0,0,0,0,0.0,INJECTOR,1,1,12730,0,0.0,SERVO,1,1,12713,0,0.0,ADD 1,0,1,0,0,0.0,ADD 2,0,1,0,0,0.0,ADD 3,0,1,0,0,0.0,ADD 4,0,1,0,0,0.0,ADD 5,0,0,0,0,0.0,ADD 6,0,1,0,0,0.0,ADD 7,0,0,0,0,0.0,EGT2CAN,0,1,0,0,0.0
1778953703.9031606,0.0,12746,-52.0,1,-,0,0,0,0,0.0,-,0,0,0,0,0.0,ECU,1,1,12739,0,0.0,FAN1,0,0,0,0,0.0,COILS,1,1,12749,0,0.0,PUMP,0,0,0,0,0.0,INJECTOR,1,1,12719,0,0.0,SERVO,1,1,12705,0,0.0,ADD 1,0,1,0,0,0.0,ADD 2,0,1,0,0,0.0,ADD 3,0,1,0,0,0.0,ADD 4,0,1,0,0,0.0,ADD 5,0,0,0,0,0.0,ADD 6,0,1,0,0,0.0,ADD 7,0,0,0,0,0.0,EGT2CAN,0,1,0,0,0.0
1778953703.955366,0.0,12746,-49.0,1,-,0,0,0,0,0.0,-,0,0,0,0,0.0,ECU,1,1,12732,0,0.0,FAN1,0,0,0,0,0.0,COILS,1,1,12735,0,0.0,PUMP,0,0,0,0,0.0,INJECTOR,1,1,12749,0,0.0,SERVO,1,1,12715,0,0.0,ADD 1,0,1,0,0,0.0,ADD 2,0,1,0,0,0.0,ADD 3,0,1,0,0,0.0,ADD 4,0,1,0,0,0.0,ADD 5,0,0,0,0,0.0,ADD 6,0,1,0,0,0.0,ADD 7,0,0,0,0,0.0,EGT2CAN,0,1,0,0,0.0
1778953704.0107555,0.0,12746,-49.0,1,-,0,0,0,0,0.0,-,0,0,0,0,0.0,ECU,1,1,12732,0,0.0,FAN1,0,0,0,0,0.0,COILS,1,1,12735,0,0.0,PUMP,0,0,0,0,0.0,INJECTOR,1,1,12749,0,0.0,SERVO,1,1,12715,0,0.0,ADD 1,0,1,0,0,0.0,ADD 2,0,1,0,0,0.0,ADD 3,0,1,0,0,0.0,ADD 4,0,1,0,0,0.0,ADD 5,0,0,0,0,0.0,ADD 6,0,1,0,0,0.0,ADD 7,0,0,0,0,0.0,EGT2CAN,0,1,0,0,0.0
1778953704.0641448,0.0,12748,-50.0,1,-,0,0,0,0,0.0,-,0,0,0,0,0.0,ECU,1,1,12716,0,0.0,FAN1,0,0,0,0,0.0,COILS,1,1,12747,0,0.0,PUMP,0,0,0,0,0.0,INJECTOR,1,1,12726,0,0.0,SERVO,1,1,12718,0,0.0,ADD 1,0,1,0,0,0.0,ADD 2,0,1,0,0,0.0,ADD 3,0,1,0,0,0.0,ADD 4,0,1,0,0,0.0,ADD 5,0,0,0,0,0.0,ADD 6,0,1,0,0,0.0,ADD 7,0,0,0,0,0.0,EGT2CAN,0,1,0,0,0.0
1778953704.124922,0.0,12748,-49.0,1,-,0,0,0,0,0.0,-,0,0,0,0,0.0,ECU,1,1,12742,0,0.0,FAN1,0,0,0,0,0.0,COILS,1,1,12729,0,0.0,PUMP,0,0,0,0,0.0,INJECTOR,1,1,12732,0,0.0,SERVO,1,1,12705,0,0.0,ADD 1,0,1,0,0,0.0,ADD 2,0,1,0,0,0.0,ADD 3,0,1,0,0,0.0,ADD 4,0,1,0,0,0.0,ADD 5,0,0,0,0,0.0,ADD 6,0,1,0,0,0.0,ADD 7,0,0,0,0,0.0,EGT2CAN,0,1,0,0,0.0
1778953704.1770568,0.0,12748,-49.0,1,-,0,0,0,0,0.0,-,0,0,0,0,0.0,ECU,1,1,12743,0,0.0,FAN1,0,0,0,0,0.0,COILS,1,1,12745,0,0.0,PUMP,0,0,0,0,0.0,INJECTOR,1,1,12730,0,0.0,SERVO,1,1,12725,0,0.0,ADD 1,0,1,0,0,0.0,ADD 2,0,1,0,0,0.0,ADD 3,0,1,0,0,0.0,ADD 4,0,1,0,0,0.0,ADD 5,0,0,0,0,0.0,ADD 6,0,1,0,0,0.0,ADD 7,0,0,0,0,0.0,EGT2CAN,0,1,0,0,0.0
1778953704.2278428,0.0,12745,-52.0,1,-,0,0,0,0,0.0,-,0,0,0,0,0.0,ECU,1,1,12729,0,0.0,FAN1,0,0,0,0,0.0,COILS,1,1,12752,0,0.0,PUMP,0,0,0,0,0.0,INJECTOR,1,1,12744,0,0.0,SERVO,1,1,12727,0,0.0,ADD 1,0,1,0,0,0.0,ADD 2,0,1,0,0,0.0,ADD 3,0,1,0,0,0.0,ADD 4,0,1,0,0,0.0,ADD 5,0,0,0,0,0.0,ADD 6,0,1,0,0,0.0,ADD 7,0,0,0,0,0.0,EGT2CAN,0,1,0,0,0.0
1778953704.279158,0.0,12745,-52.0,1,-,0,0,0,0,0.0,-,0,0,0,0,0.0,ECU,1,1,12729,0,0.0,FAN1,0,0,0,0,0.0,COILS,1,1,12752,0,0.0,PUMP,0,0,0,0,0.0,INJECTOR,1,1,12744,0,0.0,SERVO,1,1,12727,0,0.0,ADD 1,0,1,0,0,0.0,ADD 2,0,1,0,0,0.0,ADD 3,0,1,0,0,0.0,ADD 4,0,1,0,0,0.0,ADD 5,0,0,0,0,0.0,ADD 6,0,1,0,0,0.0,ADD 7,0,0,0,0,0.0,EGT2CAN,0,1,0,0,0.0
1778953704.3304994,0.0,12745,-52.0,1,-,0,0,0,0,0.0,-,0,0,0,0,0.0,ECU,1,1,12738,0,0.0,FAN1,0,0,0,0,0.0,COILS,1,1,12743,0,0.0,PUMP,0,0,0,0,0.0,INJECTOR,1,1,12743,0,0.0,SERVO,1,1,12701,0,0.0,ADD 1,0,1,0,0,0.0,ADD 2,0,1,0,0,0.0,ADD 3,0,1,0,0,0.0,ADD 4,0,1,0,0,0.0,ADD 5,0,0,0,0,0.0,ADD 6,0,1,0,0,0.0,ADD 7,0,0,0,0,0.0,EGT2CAN,0,1,0,0,0.0
1778953704.3913975,0.0,12744,-50.0,1,-,0,0,0,0,0.0,-,0,0,0,0,0.0,ECU,1,1,12745,0,0.0,FAN1,0,0,0,0,0.0,COILS,1,1,12747,0,0.0,PUMP,0,0,0,0,0.0,INJECTOR,1,1,12752,0,0.0,SERVO,1,1,12705,0,0.0,ADD 1,0,1,0,0,0.0,ADD 2,0,1,0,0,0.0,ADD 3,0,1,0,0,0.0,ADD 4,0,1,0,0,0.0,ADD 5,0,0,0,0,0.0,ADD 6,0,1,0,0,0.0,ADD 7,0,0,0,0,0.0,EGT2CAN,0,1,0,0,0.0
1778953704.442551,0.0,12744,-50.0,1,-,0,0,0,0,0.0,-,0,0,0,0,0.0,ECU,1,1,12745,0,0.0,FAN1,0,0,0,0,0.0,COILS,1,1,12747,0,0.0,PUMP,0,0,0,0,0.0,INJECTOR,1,1,12752,0,0.0,SERVO,1,1,12705,0,0.0,ADD 1,0,1,0,0,0.0,ADD 2,0,1,0,0,0.0,ADD 3,0,1,0,0,0.0,ADD 4,0,1,0,0,0.0,ADD 5,0,0,0,0,0.0,ADD 6,0,1,0,0,0.0,ADD 7,0,0,0,0,0.0,EGT2CAN,0,1,0,0,0.0
1778953704.4930007,0.0,12744,-50.0,1,-,0,0,0,0,0.0,-,0,0,0,0,0.0,ECU,1,1,12730,0,0.0,FAN1,0,0,0,0,0.0,COILS,1,1,12725,0,0.0,PUMP,0,0,0,0,0.0,INJECTOR,1,1,12720,0,0.0,SERVO,1,1,12702,0,0.0,ADD 1,0,1,0,0,0.0,ADD 2,0,1,0,0,0.0,ADD 3,0,1,0,0,0.0,ADD 4,0,1,0,0,0.0,ADD 5,0,0,0,0,0.0,ADD 6,0,1,0,0,0.0,ADD 7,0,0,0,0,0.0,EGT2CAN,0,1,0,0,0.0
1778953704.5585203,0.0,12744,-49.0,1,-,0,0,0,0,0.0,-,0,0,0,0,0.0,ECU,1,1,12742,0,0.0,FAN1,0,0,0,0,0.0,COILS,1,1,12738,0,0.0,PUMP,0,0,0,0,0.0,INJECTOR,1,1,12738,0,0.0,SERVO,1,1,12714,0,0.0,ADD 1,0,1,0,0,0.0,ADD 2,0,1,0,0,0.0,ADD 3,0,1,0,0,0.0,ADD 4,0,1,0,0,0.0,ADD 5,0,0,0,0,0.0,ADD 6,0,1,0,0,0.0,ADD 7,0,0,0,0,0.0,EGT2CAN,0,1,0,0,0.0
1778953704.6117291,0.0,12744,-49.0,1,-,0,0,0,0,0.0,-,0,0,0,0,0.0,ECU,1,1,12742,0,0.0,FAN1,0,0,0,0,0.0,COILS,1,1,12738,0,0.0,PUMP,0,0,0,0,0.0,INJECTOR,1,1,12738,0,0.0,SERVO,1,1,12714,0,0.0,ADD 1,0,1,0,0,0.0,ADD 2,0,1,0,0,0.0,ADD 3,0,1,0,0,0.0,ADD 4,0,1,0,0,0.0,ADD 5,0,0,0,0,0.0,ADD 6,0,1,0,0,0.0,ADD 7,0,0,0,0,0.0,EGT2CAN,0,1,0,0,0.0
1778953704.6635516,0.0,12744,-49.0,1,-,0,0,0,0,0.0,-,0,0,0,0,0.0,ECU,1,1,12742,0,0.0,FAN1,0,0,0,0,0.0,COILS,1,1,12721,0,0.0,PUMP,0,0,0,0,0.0,INJECTOR,1,1,12737,0,0.0,SERVO,1,1,12704,0,0.0,ADD 1,0,1,0,0,0.0,ADD 2,0,1,0,0,0.0,ADD 3,0,1,0,0,0.0,ADD 4,0,1,0,0,0.0,ADD 5,0,0,0,0,0.0,ADD 6,0,1,0,0,0.0,ADD 7,0,0,0,0,0.0,EGT2CAN,0,1,0,0,0.0
1778953704.7147024,0.0,12743,-49.0,1,-,0,0,0,0,0.0,-,0,0,0,0,0.0,ECU,1,1,12727,0,0.0,FAN1,0,0,0,0,0.0,COILS,1,1,12742,0,0.0,PUMP,0,0,0,0,0.0,INJECTOR,1,1,12734,0,0.0,SERVO,1,1,12720,0,0.0,ADD 1,0,1,0,0,0.0,ADD 2,0,1,0,0,0.0,ADD 3,0,1,0,0,0.0,ADD 4,0,1,0,0,0.0,ADD 5,0,0,0,0,0.0,ADD 6,0,1,0,0,0.0,ADD 7,0,0,0,0,0.0,EGT2CAN,0,1,0,0,0.0
1778953704.7650142,0.0,12745,-49.0,1,-,0,0,0,0,0.0,-,0,0,0,0,0.0,ECU,1,1,12740,0,0.0,FAN1,0,0,0,0,0.0,COILS,1,1,12728,0,0.0,PUMP,0,0,0,0,0.0,INJECTOR,1,1,12750,0,0.0,SERVO,1,1,12710,0,0.0,ADD 1,0,1,0,0,0.0,ADD 2,0,1,0,0,0.0,ADD 3,0,1,0,0,0.0,ADD 4,0,1,0,0,0.0,ADD 5,0,0,0,0,0.0,ADD 6,0,1,0,0,0.0,ADD 7,0,0,0,0,0.0,EGT2CAN,0,1,0,0,0.0
1778953704.8166852,0.0,12747,-50.0,1,-,0,0,0,0,0.0,-,0,0,0,0,0.0,ECU,1,1,12737,0,0.0,FAN1,0,0,0,0,0.0,COILS,1,1,12729,0,0.0,PUMP,0,0,0,0,0.0,INJECTOR,1,1,12752,0,0.0,SERVO,1,1,12713,0,0.0,ADD 1,0,1,0,0,0.0,ADD 2,0,1,0,0,0.0,ADD 3,0,1,0,0,0.0,ADD 4,0,1,0,0,0.0,ADD 5,0,0,0,0,0.0,ADD 6,0,1,0,0,0.0,ADD 7,0,0,0,0,0.0,EGT2CAN,0,1,0,0,0.0
1778953704.8680224,0.0,12747,-50.0,1,-,0,0,0,0,0.0,-,0,0,0,0,0.0,ECU,1,1,12716,0,0.0,FAN1,0,0,0,0,0.0,COILS,1,1,12739,0,0.0,PUMP,0,0,0,0,0.0,INJECTOR,1,1,12744,0,0.0,SERVO,1,1,12711,0,0.0,ADD 1,0,1,0,0,0.0,ADD 2,0,1,0,0,0.0,ADD 3,0,1,0,0,0.0,ADD 4,0,1,0,0,0.0,ADD 5,0,0,0,0,0.0,ADD 6,0,1,0,0,0.0,ADD 7,0,0,0,0,0.0,EGT2CAN,0,1,0,0,0.0
1778953704.9307208,0.0,12751,-50.0,1,-,0,0,0,0,0.0,-,0,0,0,0,0.0,ECU,1,1,12708,0,0.0,FAN1,0,0,0,0,0.0,COILS,1,1,12727,0,0.0,PUMP,0,0,0,0,0.0,INJECTOR,1,1,12755,0,0.0,SERVO,1,1,12717,0,0.0,ADD 1,0,1,0,0,0.0,ADD 2,0,1,0,0,0.0,ADD 3,0,1,0,0,0.0,ADD 4,0,1,0,0,0.0,ADD 5,0,0,0,0,0.0,ADD 6,0,1,0,0,0.0,ADD 7,0,0,0,0,0.0,EGT2CAN,0,1,0,0,0.0
1778953704.9814327,0.0,12751,-50.0,1,-,0,0,0,0,0.0,-,0,0,0,0,0.0,ECU,1,1,12730,0,0.0,FAN1,0,0,0,0,0.0,COILS,1,1,12727,0,0.0,PUMP,0,0,0,0,0.0,INJECTOR,1,1,12755,0,0.0,SERVO,1,1,12717,0,0.0,ADD 1,0,1,0,0,0.0,ADD 2,0,1,0,0,0.0,ADD 3,0,1,0,0,0.0,ADD 4,0,1,0,0,0.0,ADD 5,0,0,0,0,0.0,ADD 6,0,1,0,0,0.0,ADD 7,0,0,0,0,0.0,EGT2CAN,0,1,0,0,0.0
1778953705.032035,0.0,12749,-49.0,1,-,0,0,0,0,0.0,-,0,0,0,0,0.0,ECU,1,1,12729,0,0.0,FAN1,0,0,0,0,0.0,COILS,1,1,12734,0,0.0,PUMP,0,0,0,0,0.0,INJECTOR,1,1,12747,0,0.0,SERVO,1,1,12717,0,0.0,ADD 1,0,1,0,0,0.0,ADD 2,0,1,0,0,0.0,ADD 3,0,1,0,0,0.0,ADD 4,0,1,0,0,0.0,ADD 5,0,0,0,0,0.0,ADD 6,0,1,0,0,0.0,ADD 7,0,0,0,0,0.0,EGT2CAN,0,1,0,0,0.0
1778953705.0839055,0.0,12749,-49.0,1,-,0,0,0,0,0.0,-,0,0,0,0,0.0,ECU,1,1,12729,0,0.0,FAN1,0,0,0,0,0.0,COILS,1,1,12734,0,0.0,PUMP,0,0,0,0,0.0,INJECTOR,1,1,12747,0,0.0,SERVO,1,1,12717,0,0.0,ADD 1,0,1,0,0,0.0,ADD 2,0,1,0,0,0.0,ADD 3,0,1,0,0,0.0,ADD 4,0,1,0,0,0.0,ADD 5,0,0,0,0,0.0,ADD 6,0,1,0,0,0.0,ADD 7,0,0,0,0,0.0,EGT2CAN,0,1,0,0,0.0
1778953705.1341872,0.0,12749,-49.0,1,-,0,0,0,0,0.0,-,0,0,0,0,0.0,ECU,1,1,12726,0,0.0,FAN1,0,0,0,0,0.0,COILS,1,1,12735,0,0.0,PUMP,0,0,0,0,0.0,INJECTOR,1,1,12732,0,0.0,SERVO,1,1,12716,0,0.0,ADD 1,0,1,0,0,0.0,ADD 2,0,1,0,0,0.0,ADD 3,0,1,0,0,0.0,ADD 4,0,1,0,0,0.0,ADD 5,0,0,0,0,0.0,ADD 6,0,1,0,0,0.0,ADD 7,0,0,0,0,0.0,EGT2CAN,0,1,0,0,0.0
1778953705.1850784,0.0,12748,-49.0,1,-,0,0,0,0,0.0,-,0,0,0,0,0.0,ECU,1,1,12742,0,0.0,FAN1,0,0,0,0,0.0,COILS,1,1,12739,0,0.0,PUMP,0,0,0,0,0.0,INJECTOR,1,1,12747,0,0.0,SERVO,1,1,12716,0,0.0,ADD 1,0,1,0,0,0.0,ADD 2,0,1,0,0,0.0,ADD 3,0,1,0,0,0.0,ADD 4,0,1,0,0,0.0,ADD 5,0,0,0,0,0.0,ADD 6,0,1,0,0,0.0,ADD 7,0,0,0,0,0.0,EGT2CAN,0,1,0,0,0.0
1778953705.2437599,0.0,12748,-49.0,1,-,0,0,0,0,0.0,-,0,0,0,0,0.0,ECU,1,1,12735,0,0.0,FAN1,0,0,0,0,0.0,COILS,1,1,12729,0,0.0,PUMP,0,0,0,0,0.0,INJECTOR,1,1,12747,0,0.0,SERVO,1,1,12708,0,0.0,ADD 1,0,1,0,0,0.0,ADD 2,0,1,0,0,0.0,ADD 3,0,1,0,0,0.0,ADD 4,0,1,0,0,0.0,ADD 5,0,0,0,0,0.0,ADD 6,0,1,0,0,0.0,ADD 7,0,0,0,0,0.0,EGT2CAN,0,1,0,0,0.0
1778953705.295375,0.0,12747,-50.0,1,-,0,0,0,0,0.0,-,0,0,0,0,0.0,ECU,1,1,12735,0,0.0,FAN1,0,0,0,0,0.0,COILS,1,1,12729,0,0.0,PUMP,0,0,0,0,0.0,INJECTOR,1,1,12747,0,0.0,SERVO,1,1,12708,0,0.0,ADD 1,0,1,0,0,0.0,ADD 2,0,1,0,0,0.0,ADD 3,0,1,0,0,0.0,ADD 4,0,1,0,0,0.0,ADD 5,0,0,0,0,0.0,ADD 6,0,1,0,0,0.0,ADD 7,0,0,0,0,0.0,EGT2CAN,0,1,0,0,0.0
1778953705.3482573,0.0,12742,-50.0,1,-,0,0,0,0,0.0,-,0,0,0,0,0.0,ECU,1,1,12716,0,0.0,FAN1,0,0,0,0,0.0,COILS,1,1,12726,0,0.0,PUMP,0,0,0,0,0.0,INJECTOR,1,1,12735,0,0.0,SERVO,1,1,12718,0,0.0,ADD 1,0,1,0,0,0.0,ADD 2,0,1,0,0,0.0,ADD 3,0,1,0,0,0.0,ADD 4,0,1,0,0,0.0,ADD 5,0,0,0,0,0.0,ADD 6,0,1,0,0,0.0,ADD 7,0,0,0,0,0.0,EGT2CAN,0,1,0,0,0.0
1778953705.4028075,0.0,12744,-50.0,1,-,0,0,0,0,0.0,-,0,0,0,0,0.0,ECU,1,1,12711,0,0.0,FAN1,0,0,0,0,0.0,COILS,1,1,12726,0,0.0,PUMP,0,0,0,0,0.0,INJECTOR,1,1,12739,0,0.0,SERVO,1,1,12705,0,0.0,ADD 1,0,1,0,0,0.0,ADD 2,0,1,0,0,0.0,ADD 3,0,1,0,0,0.0,ADD 4,0,1,0,0,0.0,ADD 5,0,0,0,0,0.0,ADD 6,0,1,0,0,0.0,ADD 7,0,0,0,0,0.0,EGT2CAN,0,1,0,0,0.0
1778953705.454023,0.0,12744,-50.0,1,-,0,0,0,0,0.0,-,0,0,0,0,0.0,ECU,1,1,12733,0,0.0,FAN1,0,0,0,0,0.0,COILS,1,1,12717,0,0.0,PUMP,0,0,0,0,0.0,INJECTOR,1,1,12752,0,0.0,SERVO,1,1,12712,0,0.0,ADD 1,0,1,0,0,0.0,ADD 2,0,1,0,0,0.0,ADD 3,0,1,0,0,0.0,ADD 4,0,1,0,0,0.0,ADD 5,0,0,0,0,0.0,ADD 6,0,1,0,0,0.0,ADD 7,0,0,0,0,0.0,EGT2CAN,0,1,0,0,0.0
1778953705.5052085,0.0,12738,-50.0,1,-,0,0,0,0,0.0,-,0,0,0,0,0.0,ECU,1,1,12721,0,0.0,FAN1,0,0,0,0,0.0,COILS,1,1,12704,0,0.0,PUMP,0,0,0,0,0.0,INJECTOR,1,1,12744,0,0.0,SERVO,1,1,12710,0,0.0,ADD 1,0,1,0,0,0.0,ADD 2,0,1,0,0,0.0,ADD 3,0,1,0,0,0.0,ADD 4,0,1,0,0,0.0,ADD 5,0,0,0,0,0.0,ADD 6,0,1,0,0,0.0,ADD 7,0,0,0,0,0.0,EGT2CAN,0,1,0,0,0.0
1778953705.5620203,0.0,12741,-49.0,1,-,0,0,0,0,0.0,-,0,0,0,0,0.0,ECU,1,1,12728,0,0.0,FAN1,0,0,0,0,0.0,COILS,1,1,12732,0,0.0,PUMP,0,0,0,0,0.0,INJECTOR,1,1,12732,0,0.0,SERVO,1,1,12704,0,0.0,ADD 1,0,1,0,0,0.0,ADD 2,0,1,0,0,0.0,ADD 3,0,1,0,0,0.0,ADD 4,0,1,0,0,0.0,ADD 5,0,0,0,0,0.0,ADD 6,0,1,0,0,0.0,ADD 7,0,0,0,0,0.0,EGT2CAN,0,1,0,0,0.0
1778953705.627013,0.0,12741,-49.0,1,-,0,0,0,0,0.0,-,0,0,0,0,0.0,ECU,1,1,12733,0,0.0,FAN1,0,0,0,0,0.0,COILS,1,1,12729,0,0.0,PUMP,0,0,0,0,0.0,INJECTOR,1,1,12747,0,0.0,SERVO,1,1,12713,0,0.0,ADD 1,0,1,0,0,0.0,ADD 2,0,1,0,0,0.0,ADD 3,0,1,0,0,0.0,ADD 4,0,1,0,0,0.0,ADD 5,0,0,0,0,0.0,ADD 6,0,1,0,0,0.0,ADD 7,0,0,0,0,0.0,EGT2CAN,0,1,0,0,0.0
1778953705.6776197,0.0,12744,-54.0,1,-,0,0,0,0,0.0,-,0,0,0,0,0.0,ECU,1,1,12741,0,0.0,FAN1,0,0,0,0,0.0,COILS,1,1,12753,0,0.0,PUMP,0,0,0,0,0.0,INJECTOR,1,1,12752,0,0.0,SERVO,1,1,12720,0,0.0,ADD 1,0,1,0,0,0.0,ADD 2,0,1,0,0,0.0,ADD 3,0,1,0,0,0.0,ADD 4,0,1,0,0,0.0,ADD 5,0,0,0,0,0.0,ADD 6,0,1,0,0,0.0,ADD 7,0,0,0,0,0.0,EGT2CAN,0,1,0,0,0.0
1778953705.7332416,0.0,12744,-54.0,1,-,0,0,0,0,0.0,-,0,0,0,0,0.0,ECU,1,1,12718,0,0.0,FAN1,0,0,0,0,0.0,COILS,1,1,12751,0,0.0,PUMP,0,0,0,0,0.0,INJECTOR,1,1,12723,0,0.0,SERVO,1,1,12714,0,0.0,ADD 1,0,1,0,0,0.0,ADD 2,0,1,0,0,0.0,ADD 3,0,1,0,0,0.0,ADD 4,0,1,0,0,0.0,ADD 5,0,0,0,0,0.0,ADD 6,0,1,0,0,0.0,ADD 7,0,0,0,0,0.0,EGT2CAN,0,1,0,0,0.0
1778953705.7842884,0.0,12745,-49.0,1,-,0,0,0,0,0.0,-,0,0,0,0,0.0,ECU,1,1,12718,0,0.0,FAN1,0,0,0,0,0.0,COILS,1,1,12751,0,0.0,PUMP,0,0,0,0,0.0,INJECTOR,1,1,12723,0,0.0,SERVO,1,1,12714,0,0.0,ADD 1,0,1,0,0,0.0,ADD 2,0,1,0,0,0.0,ADD 3,0,1,0,0,0.0,ADD 4,0,1,0,0,0.0,ADD 5,0,0,0,0,0.0,ADD 6,0,1,0,0,0.0,ADD 7,0,0,0,0,0.0,EGT2CAN,0,1,0,0,0.0
1778953705.8357704,0.0,12745,-49.0,1,-,0,0,0,0,0.0,-,0,0,0,0,0.0,ECU,1,1,12734,0,0.0,FAN1,0,0,0,0,0.0,COILS,1,1,12739,0,0.0,PUMP,0,0,0,0,0.0,INJECTOR,1,1,12739,0,0.0,SERVO,1,1,12709,0,0.0,ADD 1,0,1,0,0,0.0,ADD 2,0,1,0,0,0.0,ADD 3,0,1,0,0,0.0,ADD 4,0,1,0,0,0.0,ADD 5,0,0,0,0,0.0,ADD 6,0,1,0,0,0.0,ADD 7,0,0,0,0,0.0,EGT2CAN,0,1,0,0,0.0
1778953705.8910728,0.0,12744,-50.0,1,-,0,0,0,0,0.0,-,0,0,0,0,0.0,ECU,1,1,12720,0,0.0,FAN1,0,0,0,0,0.0,COILS,1,1,12736,0,0.0,PUMP,0,0,0,0,0.0,INJECTOR,1,1,12747,0,0.0,SERVO,1,1,12726,0,0.0,ADD 1,0,1,0,0,0.0,ADD 2,0,1,0,0,0.0,ADD 3,0,1,0,0,0.0,ADD 4,0,1,0,0,0.0,ADD 5,0,0,0,0,0.0,ADD 6,0,1,0,0,0.0,ADD 7,0,0,0,0,0.0,EGT2CAN,0,1,0,0,0.0
1778953705.9413195,0.0,12744,-50.0,1,-,0,0,0,0,0.0,-,0,0,0,0,0.0,ECU,1,1,12720,0,0.0,FAN1,0,0,0,0,0.0,COILS,1,1,12736,0,0.0,PUMP,0,0,0,0,0.0,INJECTOR,1,1,12747,0,0.0,SERVO,1,1,12726,0,0.0,ADD 1,0,1,0,0,0.0,ADD 2,0,1,0,0,0.0,ADD 3,0,1,0,0,0.0,ADD 4,0,1,0,0,0.0,ADD 5,0,0,0,0,0.0,ADD 6,0,1,0,0,0.0,ADD 7,0,0,0,0,0.0,EGT2CAN,0,1,0,0,0.0
1778953705.9940295,0.0,12744,-50.0,1,-,0,0,0,0,0.0,-,0,0,0,0,0.0,ECU,1,1,12724,0,0.0,FAN1,0,0,0,0,0.0,COILS,1,1,12734,0,0.0,PUMP,0,0,0,0,0.0,INJECTOR,1,1,12744,0,0.0,SERVO,1,1,12710,0,0.0,ADD 1,0,1,0,0,0.0,ADD 2,0,1,0,0,0.0,ADD 3,0,1,0,0,0.0,ADD 4,0,1,0,0,0.0,ADD 5,0,0,0,0,0.0,ADD 6,0,1,0,0,0.0,ADD 7,0,0,0,0,0.0,EGT2CAN,0,1,0,0,0.0
1778953706.0507922,0.0,12746,-49.0,1,-,0,0,0,0,0.0,-,0,0,0,0,0.0,ECU,1,1,12720,0,0.0,FAN1,0,0,0,0,0.0,COILS,1,1,12746,0,0.0,PUMP,0,0,0,0,0.0,INJECTOR,1,1,12737,0,0.0,SERVO,1,1,12692,0,0.0,ADD 1,0,1,0,0,0.0,ADD 2,0,1,0,0,0.0,ADD 3,0,1,0,0,0.0,ADD 4,0,1,0,0,0.0,ADD 5,0,0,0,0,0.0,ADD 6,0,1,0,0,0.0,ADD 7,0,0,0,0,0.0,EGT2CAN,0,1,0,0,0.0
1778953706.1017203,0.0,12746,-49.0,1,-,0,0,0,0,0.0,-,0,0,0,0,0.0,ECU,1,1,12720,0,0.0,FAN1,0,0,0,0,0.0,COILS,1,1,12746,0,0.0,PUMP,0,0,0,0,0.0,INJECTOR,1,1,12737,0,0.0,SERVO,1,1,12692,0,0.0,ADD 1,0,1,0,0,0.0,ADD 2,0,1,0,0,0.0,ADD 3,0,1,0,0,0.0,ADD 4,0,1,0,0,0.0,ADD 5,0,0,0,0,0.0,ADD 6,0,1,0,0,0.0,ADD 7,0,0,0,0,0.0,EGT2CAN,0,1,0,0,0.0
1778953706.153483,0.0,12746,-49.0,1,-,0,0,0,0,0.0,-,0,0,0,0,0.0,ECU,1,1,12729,0,0.0,FAN1,0,0,0,0,0.0,COILS,1,1,12728,0,0.0,PUMP,0,0,0,0,0.0,INJECTOR,1,1,12747,0,0.0,SERVO,1,1,12699,0,0.0,ADD 1,0,1,0,0,0.0,ADD 2,0,1,0,0,0.0,ADD 3,0,1,0,0,0.0,ADD 4,0,1,0,0,0.0,ADD 5,0,0,0,0,0.0,ADD 6,0,1,0,0,0.0,ADD 7,0,0,0,0,0.0,EGT2CAN,0,1,0,0,0.0
1778953706.2140493,0.0,12749,-50.0,1,-,0,0,0,0,0.0,-,0,0,0,0,0.0,ECU,1,1,12727,0,0.0,FAN1,0,0,0,0,0.0,COILS,1,1,12752,0,0.0,PUMP,0,0,0,0,0.0,INJECTOR,1,1,12737,0,0.0,SERVO,1,1,12705,0,0.0,ADD 1,0,1,0,0,0.0,ADD 2,0,1,0,0,0.0,ADD 3,0,1,0,0,0.0,ADD 4,0,1,0,0,0.0,ADD 5,0,0,0,0,0.0,ADD 6,0,1,0,0,0.0,ADD 7,0,0,0,0,0.0,EGT2CAN,0,1,0,0,0.0
1778953706.265147,0.0,12749,-50.0,1,-,0,0,0,0,0.0,-,0,0,0,0,0.0,ECU,1,1,12708,0,0.0,FAN1,0,0,0,0,0.0,COILS,1,1,12723,0,0.0,PUMP,0,0,0,0,0.0,INJECTOR,1,1,12732,0,0.0,SERVO,1,1,12724,0,0.0,ADD 1,0,1,0,0,0.0,ADD 2,0,1,0,0,0.0,ADD 3,0,1,0,0,0.0,ADD 4,0,1,0,0,0.0,ADD 5,0,0,0,0,0.0,ADD 6,0,1,0,0,0.0,ADD 7,0,0,0,0,0.0,EGT2CAN,0,1,0,0,0.0
1778953706.3161705,0.0,12751,-49.0,1,-,0,0,0,0,0.0,-,0,0,0,0,0.0,ECU,1,1,12708,0,0.0,FAN1,0,0,0,0,0.0,COILS,1,1,12723,0,0.0,PUMP,0,0,0,0,0.0,INJECTOR,1,1,12732,0,0.0,SERVO,1,1,12724,0,0.0,ADD 1,0,1,0,0,0.0,ADD 2,0,1,0,0,0.0,ADD 3,0,1,0,0,0.0,ADD 4,0,1,0,0,0.0,ADD 5,0,0,0,0,0.0,ADD 6,0,1,0,0,0.0,ADD 7,0,0,0,0,0.0,EGT2CAN,0,1,0,0,0.0
1778953706.3768,0.0,12750,-50.0,1,-,0,0,0,0,0.0,-,0,0,0,0,0.0,ECU,1,1,12707,0,0.0,FAN1,0,0,0,0,0.0,COILS,1,1,12726,0,0.0,PUMP,0,0,0,0,0.0,INJECTOR,1,1,12742,0,0.0,SERVO,1,1,12705,0,0.0,ADD 1,0,1,0,0,0.0,ADD 2,0,1,0,0,0.0,ADD 3,0,1,0,0,0.0,ADD 4,0,1,0,0,0.0,ADD 5,0,0,0,0,0.0,ADD 6,0,1,0,0,0.0,ADD 7,0,0,0,0,0.0,EGT2CAN,0,1,0,0,0.0
1778953706.4277034,0.0,12750,-52.0,1,-,0,0,0,0,0.0,-,0,0,0,0,0.0,ECU,1,1,12710,0,0.0,FAN1,0,0,0,0,0.0,COILS,1,1,12737,0,0.0,PUMP,0,0,0,0,0.0,INJECTOR,1,1,12746,0,0.0,SERVO,1,1,12703,0,0.0,ADD 1,0,1,0,0,0.0,ADD 2,0,1,0,0,0.0,ADD 3,0,1,0,0,0.0,ADD 4,0,1,0,0,0.0,ADD 5,0,0,0,0,0.0,ADD 6,0,1,0,0,0.0,ADD 7,0,0,0,0,0.0,EGT2CAN,0,1,0,0,0.0
1778953706.4786906,0.0,12750,-52.0,1,-,0,0,0,0,0.0,-,0,0,0,0,0.0,ECU,1,1,12717,0,0.0,FAN1,0,0,0,0,0.0,COILS,1,1,12739,0,0.0,PUMP,0,0,0,0,0.0,INJECTOR,1,1,12746,0,0.0,SERVO,1,1,12702,0,0.0,ADD 1,0,1,0,0,0.0,ADD 2,0,1,0,0,0.0,ADD 3,0,1,0,0,0.0,ADD 4,0,1,0,0,0.0,ADD 5,0,0,0,0,0.0,ADD 6,0,1,0,0,0.0,ADD 7,0,0,0,0,0.0,EGT2CAN,0,1,0,0,0.0
1778953706.5343904,0.0,12743,-49.0,1,-,0,0,0,0,0.0,-,0,0,0,0,0.0,ECU,1,1,12701,0,0.0,FAN1,0,0,0,0,0.0,COILS,1,1,12714,0,0.0,PUMP,0,0,0,0,0.0,INJECTOR,1,1,12746,0,0.0,SERVO,1,1,12713,0,0.0,ADD 1,0,1,0,0,0.0,ADD 2,0,1,0,0,0.0,ADD 3,0,1,0,0,0.0,ADD 4,0,1,0,0,0.0,ADD 5,0,0,0,0,0.0,ADD 6,0,1,0,0,0.0,ADD 7,0,0,0,0,0.0,EGT2CAN,0,1,0,0,0.0
1778953706.5967383,0.0,12743,-49.0,1,-,0,0,0,0,0.0,-,0,0,0,0,0.0,ECU,1,1,12720,0,0.0,FAN1,0,0,0,0,0.0,COILS,1,1,12714,0,0.0,PUMP,0,0,0,0,0.0,INJECTOR,1,1,12746,0,0.0,SERVO,1,1,12713,0,0.0,ADD 1,0,1,0,0,0.0,ADD 2,0,1,0,0,0.0,ADD 3,0,1,0,0,0.0,ADD 4,0,1,0,0,0.0,ADD 5,0,0,0,0,0.0,ADD 6,0,1,0,0,0.0,ADD 7,0,0,0,0,0.0,EGT2CAN,0,1,0,0,0.0
1778953706.6507592,0.0,12745,-50.0,1,-,0,0,0,0,0.0,-,0,0,0,0,0.0,ECU,1,1,12744,0,0.0,FAN1,0,0,0,0,0.0,COILS,1,1,12744,0,0.0,PUMP,0,0,0,0,0.0,INJECTOR,1,1,12737,0,0.0,SERVO,1,1,12724,0,0.0,ADD 1,0,1,0,0,0.0,ADD 2,0,1,0,0,0.0,ADD 3,0,1,0,0,0.0,ADD 4,0,1,0,0,0.0,ADD 5,0,0,0,0,0.0,ADD 6,0,1,0,0,0.0,ADD 7,0,0,0,0,0.0,EGT2CAN,0,1,0,0,0.0
1778953706.701767,0.0,12746,-50.0,1,-,0,0,0,0,0.0,-,0,0,0,0,0.0,ECU,1,1,12747,0,0.0,FAN1,0,0,0,0,0.0,COILS,1,1,12739,0,0.0,PUMP,0,0,0,0,0.0,INJECTOR,1,1,12749,0,0.0,SERVO,1,1,12722,0,0.0,ADD 1,0,1,0,0,0.0,ADD 2,0,1,0,0,0.0,ADD 3,0,1,0,0,0.0,ADD 4,0,1,0,0,0.0,ADD 5,0,0,0,0,0.0,ADD 6,0,1,0,0,0.0,ADD 7,0,0,0,0,0.0,EGT2CAN,0,1,0,0,0.0
1778953706.7539265,0.0,12746,-50.0,1,-,0,0,0,0,0.0,-,0,0,0,0,0.0,ECU,1,1,12747,0,0.0,FAN1,0,0,0,0,0.0,COILS,1,1,12739,0,0.0,PUMP,0,0,0,0,0.0,INJECTOR,1,1,12749,0,0.0,SERVO,1,1,12722,0,0.0,ADD 1,0,1,0,0,0.0,ADD 2,0,1,0,0,0.0,ADD 3,0,1,0,0,0.0,ADD 4,0,1,0,0,0.0,ADD 5,0,0,0,0,0.0,ADD 6,0,1,0,0,0.0,ADD 7,0,0,0,0,0.0,EGT2CAN,0,1,0,0,0.0
1778953706.804749,0.0,12747,-49.0,1,-,0,0,0,0,0.0,-,0,0,0,0,0.0,ECU,1,1,12725,0,0.0,FAN1,0,0,0,0,0.0,COILS,1,1,12735,0,0.0,PUMP,0,0,0,0,0.0,INJECTOR,1,1,12742,0,0.0,SERVO,1,1,12701,0,0.0,ADD 1,0,1,0,0,0.0,ADD 2,0,1,0,0,0.0,ADD 3,0,1,0,0,0.0,ADD 4,0,1,0,0,0.0,ADD 5,0,0,0,0,0.0,ADD 6,0,1,0,0,0.0,ADD 7,0,0,0,0,0.0,EGT2CAN,0,1,0,0,0.0
1778953706.856352,0.0,12746,-50.0,1,-,0,0,0,0,0.0,-,0,0,0,0,0.0,ECU,1,1,12711,0,0.0,FAN1,0,0,0,0,0.0,COILS,1,1,12734,0,0.0,PUMP,0,0,0,0,0.0,INJECTOR,1,1,12719,0,0.0,SERVO,1,1,12701,0,0.0,ADD 1,0,1,0,0,0.0,ADD 2,0,1,0,0,0.0,ADD 3,0,1,0,0,0.0,ADD 4,0,1,0,0,0.0,ADD 5,0,0,0,0,0.0,ADD 6,0,1,0,0,0.0,ADD 7,0,0,0,0,0.0,EGT2CAN,0,1,0,0,0.0
1778953706.9152834,0.0,12746,-50.0,1,-,0,0,0,0,0.0,-,0,0,0,0,0.0,ECU,1,1,12720,0,0.0,FAN1,0,0,0,0,0.0,COILS,1,1,12734,0,0.0,PUMP,0,0,0,0,0.0,INJECTOR,1,1,12719,0,0.0,SERVO,1,1,12701,0,0.0,ADD 1,0,1,0,0,0.0,ADD 2,0,1,0,0,0.0,ADD 3,0,1,0,0,0.0,ADD 4,0,1,0,0,0.0,ADD 5,0,0,0,0,0.0,ADD 6,0,1,0,0,0.0,ADD 7,0,0,0,0,0.0,EGT2CAN,0,1,0,0,0.0
1778953706.9659555,0.0,12746,-50.0,1,-,0,0,0,0,0.0,-,0,0,0,0,0.0,ECU,1,1,12720,0,0.0,FAN1,0,0,0,0,0.0,COILS,1,1,12739,0,0.0,PUMP,0,0,0,0,0.0,INJECTOR,1,1,12738,0,0.0,SERVO,1,1,12707,0,0.0,ADD 1,0,1,0,0,0.0,ADD 2,0,1,0,0,0.0,ADD 3,0,1,0,0,0.0,ADD 4,0,1,0,0,0.0,ADD 5,0,0,0,0,0.0,ADD 6,0,1,0,0,0.0,ADD 7,0,0,0,0,0.0,EGT2CAN,0,1,0,0,0.0
1778953707.0167568,0.0,12748,-50.0,1,-,0,0,0,0,0.0,-,0,0,0,0,0.0,ECU,1,1,12726,0,0.0,FAN1,0,0,0,0,0.0,COILS,1,1,12720,0,0.0,PUMP,0,0,0,0,0.0,INJECTOR,1,1,12734,0,0.0,SERVO,1,1,12712,0,0.0,ADD 1,0,1,0,0,0.0,ADD 2,0,1,0,0,0.0,ADD 3,0,1,0,0,0.0,ADD 4,0,1,0,0,0.0,ADD 5,0,0,0,0,0.0,ADD 6,0,1,0,0,0.0,ADD 7,0,0,0,0,0.0,EGT2CAN,0,1,0,0,0.0
1778953707.0744975,0.0,12748,-49.0,1,-,0,0,0,0,0.0,-,0,0,0,0,0.0,ECU,1,1,12742,0,0.0,FAN1,0,0,0,0,0.0,COILS,1,1,12730,0,0.0,PUMP,0,0,0,0,0.0,INJECTOR,1,1,12743,0,0.0,SERVO,1,1,12704,0,0.0,ADD 1,0,1,0,0,0.0,ADD 2,0,1,0,0,0.0,ADD 3,0,1,0,0,0.0,ADD 4,0,1,0,0,0.0,ADD 5,0,0,0,0,0.0,ADD 6,0,1,0,0,0.0,ADD 7,0,0,0,0,0.0,EGT2CAN,0,1,0,0,0.0
1778953707.13235,0.0,12749,-50.0,1,-,0,0,0,0,0.0,-,0,0,0,0,0.0,ECU,1,1,12718,0,0.0,FAN1,0,0,0,0,0.0,COILS,1,1,12741,0,0.0,PUMP,0,0,0,0,0.0,INJECTOR,1,1,12749,0,0.0,SERVO,1,1,12696,0,0.0,ADD 1,0,1,0,0,0.0,ADD 2,0,1,0,0,0.0,ADD 3,0,1,0,0,0.0,ADD 4,0,1,0,0,0.0,ADD 5,0,0,0,0,0.0,ADD 6,0,1,0,0,0.0,ADD 7,0,0,0,0,0.0,EGT2CAN,0,1,0,0,0.0
1778953707.188816,0.0,12749,-50.0,1,-,0,0,0,0,0.0,-,0,0,0,0,0.0,ECU,1,1,12718,0,0.0,FAN1,0,0,0,0,0.0,COILS,1,1,12741,0,0.0,PUMP,0,0,0,0,0.0,INJECTOR,1,1,12749,0,0.0,SERVO,1,1,12696,0,0.0,ADD 1,0,1,0,0,0.0,ADD 2,0,1,0,0,0.0,ADD 3,0,1,0,0,0.0,ADD 4,0,1,0,0,0.0,ADD 5,0,0,0,0,0.0,ADD 6,0,1,0,0,0.0,ADD 7,0,0,0,0,0.0,EGT2CAN,0,1,0,0,0.0
1778953707.2401583,0.0,12749,-50.0,1,-,0,0,0,0,0.0,-,0,0,0,0,0.0,ECU,1,1,12722,0,0.0,FAN1,0,0,0,0,0.0,COILS,1,1,12744,0,0.0,PUMP,0,0,0,0,0.0,INJECTOR,1,1,12744,0,0.0,SERVO,1,1,12712,0,0.0,ADD 1,0,1,0,0,0.0,ADD 2,0,1,0,0,0.0,ADD 3,0,1,0,0,0.0,ADD 4,0,1,0,0,0.0,ADD 5,0,0,0,0,0.0,ADD 6,0,1,0,0,0.0,ADD 7,0,0,0,0,0.0,EGT2CAN,0,1,0,0,0.0
1778953707.2913606,0.0,12750,-49.0,1,-,0,0,0,0,0.0,-,0,0,0,0,0.0,ECU,1,1,12731,0,0.0,FAN1,0,0,0,0,0.0,COILS,1,1,12747,0,0.0,PUMP,0,0,0,0,0.0,INJECTOR,1,1,12751,0,0.0,SERVO,1,1,12695,0,0.0,ADD 1,0,1,0,0,0.0,ADD 2,0,1,0,0,0.0,ADD 3,0,1,0,0,0.0,ADD 4,0,1,0,0,0.0,ADD 5,0,0,0,0,0.0,ADD 6,0,1,0,0,0.0,ADD 7,0,0,0,0,0.0,EGT2CAN,0,1,0,0,0.0
1778953707.3467808,0.0,12750,-49.0,1,-,0,0,0,0,0.0,-,0,0,0,0,0.0,ECU,1,1,12734,0,0.0,FAN1,0,0,0,0,0.0,COILS,1,1,12741,0,0.0,PUMP,0,0,0,0,0.0,INJECTOR,1,1,12750,0,0.0,SERVO,1,1,12710,0,0.0,ADD 1,0,1,0,0,0.0,ADD 2,0,1,0,0,0.0,ADD 3,0,1,0,0,0.0,ADD 4,0,1,0,0,0.0,ADD 5,0,0,0,0,0.0,ADD 6,0,1,0,0,0.0,ADD 7,0,0,0,0,0.0,EGT2CAN,0,1,0,0,0.0
1778953707.3977525,0.0,12751,-50.0,1,-,0,0,0,0,0.0,-,0,0,0,0,0.0,ECU,1,1,12734,0,0.0,FAN1,0,0,0,0,0.0,COILS,1,1,12741,0,0.0,PUMP,0,0,0,0,0.0,INJECTOR,1,1,12750,0,0.0,SERVO,1,1,12710,0,0.0,ADD 1,0,1,0,0,0.0,ADD 2,0,1,0,0,0.0,ADD 3,0,1,0,0,0.0,ADD 4,0,1,0,0,0.0,ADD 5,0,0,0,0,0.0,ADD 6,0,1,0,0,0.0,ADD 7,0,0,0,0,0.0,EGT2CAN,0,1,0,0,0.0
1778953707.4500299,0.0,12751,-50.0,1,-,0,0,0,0,0.0,-,0,0,0,0,0.0,ECU,1,1,12721,0,0.0,FAN1,0,0,0,0,0.0,COILS,1,1,12744,0,0.0,PUMP,0,0,0,0,0.0,INJECTOR,1,1,12746,0,0.0,SERVO,1,1,12720,0,0.0,ADD 1,0,1,0,0,0.0,ADD 2,0,1,0,0,0.0,ADD 3,0,1,0,0,0.0,ADD 4,0,1,0,0,0.0,ADD 5,0,0,0,0,0.0,ADD 6,0,1,0,0,0.0,ADD 7,0,0,0,0,0.0,EGT2CAN,0,1,0,0,0.0
1778953707.5003655,0.0,12752,-50.0,1,-,0,0,0,0,0.0,-,0,0,0,0,0.0,ECU,1,1,12714,0,0.0,FAN1,0,0,0,0,0.0,COILS,1,1,12752,0,0.0,PUMP,0,0,0,0,0.0,INJECTOR,1,1,12734,0,0.0,SERVO,1,1,12708,0,0.0,ADD 1,0,1,0,0,0.0,ADD 2,0,1,0,0,0.0,ADD 3,0,1,0,0,0.0,ADD 4,0,1,0,0,0.0,ADD 5,0,0,0,0,0.0,ADD 6,0,1,0,0,0.0,ADD 7,0,0,0,0,0.0,EGT2CAN,0,1,0,0,0.0
1778953707.5518143,0.0,12752,-50.0,1,-,0,0,0,0,0.0,-,0,0,0,0,0.0,ECU,1,1,12738,0,0.0,FAN1,0,0,0,0,0.0,COILS,1,1,12739,0,0.0,PUMP,0,0,0,0,0.0,INJECTOR,1,1,12752,0,0.0,SERVO,1,1,12716,0,0.0,ADD 1,0,1,0,0,0.0,ADD 2,0,1,0,0,0.0,ADD 3,0,1,0,0,0.0,ADD 4,0,1,0,0,0.0,ADD 5,0,0,0,0,0.0,ADD 6,0,1,0,0,0.0,ADD 7,0,0,0,0,0.0,EGT2CAN,0,1,0,0,0.0
1778953707.6025653,0.0,12753,-49.0,1,-,0,0,0,0,0.0,-,0,0,0,0,0.0,ECU,1,1,12738,0,0.0,FAN1,0,0,0,0,0.0,COILS,1,1,12739,0,0.0,PUMP,0,0,0,0,0.0,INJECTOR,1,1,12752,0,0.0,SERVO,1,1,12716,0,0.0,ADD 1,0,1,0,0,0.0,ADD 2,0,1,0,0,0.0,ADD 3,0,1,0,0,0.0,ADD 4,0,1,0,0,0.0,ADD 5,0,0,0,0,0.0,ADD 6,0,1,0,0,0.0,ADD 7,0,0,0,0,0.0,EGT2CAN,0,1,0,0,0.0
1778953707.6557,0.0,12753,-50.0,1,-,0,0,0,0,0.0,-,0,0,0,0,0.0,ECU,1,1,12738,0,0.0,FAN1,0,0,0,0,0.0,COILS,1,1,12725,0,0.0,PUMP,0,0,0,0,0.0,INJECTOR,1,1,12752,0,0.0,SERVO,1,1,12707,0,0.0,ADD 1,0,1,0,0,0.0,ADD 2,0,1,0,0,0.0,ADD 3,0,1,0,0,0.0,ADD 4,0,1,0,0,0.0,ADD 5,0,0,0,0,0.0,ADD 6,0,1,0,0,0.0,ADD 7,0,0,0,0,0.0,EGT2CAN,0,1,0,0,0.0
1778953707.7170918,0.0,12753,-50.0,1,-,0,0,0,0,0.0,-,0,0,0,0,0.0,ECU,1,1,12734,0,0.0,FAN1,0,0,0,0,0.0,COILS,1,1,12725,0,0.0,PUMP,0,0,0,0,0.0,INJECTOR,1,1,12752,0,0.0,SERVO,1,1,12707,0,0.0,ADD 1,0,1,0,0,0.0,ADD 2,0,1,0,0,0.0,ADD 3,0,1,0,0,0.0,ADD 4,0,1,0,0,0.0,ADD 5,0,0,0,0,0.0,ADD 6,0,1,0,0,0.0,ADD 7,0,0,0,0,0.0,EGT2CAN,0,1,0,0,0.0
1778953707.7673879,0.0,12753,-50.0,1,-,0,0,0,0,0.0,-,0,0,0,0,0.0,ECU,1,1,12727,0,0.0,FAN1,0,0,0,0,0.0,COILS,1,1,12746,0,0.0,PUMP,0,0,0,0,0.0,INJECTOR,1,1,12750,0,0.0,SERVO,1,1,12698,0,0.0,ADD 1,0,1,0,0,0.0,ADD 2,0,1,0,0,0.0,ADD 3,0,1,0,0,0.0,ADD 4,0,1,0,0,0.0,ADD 5,0,0,0,0,0.0,ADD 6,0,1,0,0,0.0,ADD 7,0,0,0,0,0.0,EGT2CAN,0,1,0,0,0.0
1778953707.8190262,0.0,12751,-49.0,1,-,0,0,0,0,0.0,-,0,0,0,0,0.0,ECU,1,1,12733,0,0.0,FAN1,0,0,0,0,0.0,COILS,1,1,12740,0,0.0,PUMP,0,0,0,0,0.0,INJECTOR,1,1,12754,0,0.0,SERVO,1,1,12709,0,0.0,ADD 1,0,1,0,0,0.0,ADD 2,0,1,0,0,0.0,ADD 3,0,1,0,0,0.0,ADD 4,0,1,0,0,0.0,ADD 5,0,0,0,0,0.0,ADD 6,0,1,0,0,0.0,ADD 7,0,0,0,0,0.0,EGT2CAN,0,1,0,0,0.0
1778953707.8708127,0.0,12751,-49.0,1,-,0,0,0,0,0.0,-,0,0,0,0,0.0,ECU,1,1,12743,0,0.0,FAN1,0,0,0,0,0.0,COILS,1,1,12740,0,0.0,PUMP,0,0,0,0,0.0,INJECTOR,1,1,12754,0,0.0,SERVO,1,1,12709,0,0.0,ADD 1,0,1,0,0,0.0,ADD 2,0,1,0,0,0.0,ADD 3,0,1,0,0,0.0,ADD 4,0,1,0,0,0.0,ADD 5,0,0,0,0,0.0,ADD 6,0,1,0,0,0.0,ADD 7,0,0,0,0,0.0,EGT2CAN,0,1,0,0,0.0
1778953707.9215214,0.0,12751,-49.0,1,-,0,0,0,0,0.0,-,0,0,0,0,0.0,ECU,1,1,12743,0,0.0,FAN1,0,0,0,0,0.0,COILS,1,1,12741,0,0.0,PUMP,0,0,0,0,0.0,INJECTOR,1,1,12749,0,0.0,SERVO,1,1,12712,0,0.0,ADD 1,0,1,0,0,0.0,ADD 2,0,1,0,0,0.0,ADD 3,0,1,0,0,0.0,ADD 4,0,1,0,0,0.0,ADD 5,0,0,0,0,0.0,ADD 6,0,1,0,0,0.0,ADD 7,0,0,0,0,0.0,EGT2CAN,0,1,0,0,0.0
1778953707.9728906,0.0,12751,-51.0,1,-,0,0,0,0,0.0,-,0,0,0,0,0.0,ECU,1,1,12726,0,0.0,FAN1,0,0,0,0,0.0,COILS,1,1,12745,0,0.0,PUMP,0,0,0,0,0.0,INJECTOR,1,1,12736,0,0.0,SERVO,1,1,12696,0,0.0,ADD 1,0,1,0,0,0.0,ADD 2,0,1,0,0,0.0,ADD 3,0,1,0,0,0.0,ADD 4,0,1,0,0,0.0,ADD 5,0,0,0,0,0.0,ADD 6,0,1,0,0,0.0,ADD 7,0,0,0,0,0.0,EGT2CAN,0,1,0,0,0.0
1778953708.0328584,0.0,12750,-50.0,1,-,0,0,0,0,0.0,-,0,0,0,0,0.0,ECU,1,1,12726,0,0.0,FAN1,0,0,0,0,0.0,COILS,1,1,12745,0,0.0,PUMP,0,0,0,0,0.0,INJECTOR,1,1,12736,0,0.0,SERVO,1,1,12696,0,0.0,ADD 1,0,1,0,0,0.0,ADD 2,0,1,0,0,0.0,ADD 3,0,1,0,0,0.0,ADD 4,0,1,0,0,0.0,ADD 5,0,0,0,0,0.0,ADD 6,0,1,0,0,0.0,ADD 7,0,0,0,0,0.0,EGT2CAN,0,1,0,0,0.0
1778953708.086075,0.0,12750,-50.0,1,-,0,0,0,0,0.0,-,0,0,0,0,0.0,ECU,1,1,12726,0,0.0,FAN1,0,0,0,0,0.0,COILS,1,1,12745,0,0.0,PUMP,0,0,0,0,0.0,INJECTOR,1,1,12742,0,0.0,SERVO,1,1,12704,0,0.0,ADD 1,0,1,0,0,0.0,ADD 2,0,1,0,0,0.0,ADD 3,0,1,0,0,0.0,ADD 4,0,1,0,0,0.0,ADD 5,0,0,0,0,0.0,ADD 6,0,1,0,0,0.0,ADD 7,0,0,0,0,0.0,EGT2CAN,0,1,0,0,0.0
1778953708.1369002,0.0,12746,-49.0,1,-,0,0,0,0,0.0,-,0,0,0,0,0.0,ECU,1,1,12730,0,0.0,FAN1,0,0,0,0,0.0,COILS,1,1,12725,0,0.0,PUMP,0,0,0,0,0.0,INJECTOR,1,1,12745,0,0.0,SERVO,1,1,12695,0,0.0,ADD 1,0,1,0,0,0.0,ADD 2,0,1,0,0,0.0,ADD 3,0,1,0,0,0.0,ADD 4,0,1,0,0,0.0,ADD 5,0,0,0,0,0.0,ADD 6,0,1,0,0,0.0,ADD 7,0,0,0,0,0.0,EGT2CAN,0,1,0,0,0.0
1778953708.189597,0.0,12746,-49.0,1,-,0,0,0,0,0.0,-,0,0,0,0,0.0,ECU,1,1,12730,0,0.0,FAN1,0,0,0,0,0.0,COILS,1,1,12725,0,0.0,PUMP,0,0,0,0,0.0,INJECTOR,1,1,12745,0,0.0,SERVO,1,1,12695,0,0.0,ADD 1,0,1,0,0,0.0,ADD 2,0,1,0,0,0.0,ADD 3,0,1,0,0,0.0,ADD 4,0,1,0,0,0.0,ADD 5,0,0,0,0,0.0,ADD 6,0,1,0,0,0.0,ADD 7,0,0,0,0,0.0,EGT2CAN,0,1,0,0,0.0
1778953708.2399461,0.0,12746,-49.0,1,-,0,0,0,0,0.0,-,0,0,0,0,0.0,ECU,1,1,12718,0,0.0,FAN1,0,0,0,0,0.0,COILS,1,1,12729,0,0.0,PUMP,0,0,0,0,0.0,INJECTOR,1,1,12729,0,0.0,SERVO,1,1,12687,0,0.0,ADD 1,0,1,0,0,0.0,ADD 2,0,1,0,0,0.0,ADD 3,0,1,0,0,0.0,ADD 4,0,1,0,0,0.0,ADD 5,0,0,0,0,0.0,ADD 6,0,1,0,0,0.0,ADD 7,0,0,0,0,0.0,EGT2CAN,0,1,0,0,0.0
1778953708.2908993,0.0,12751,-49.0,1,-,0,0,0,0,0.0,-,0,0,0,0,0.0,ECU,1,1,12736,0,0.0,FAN1,0,0,0,0,0.0,COILS,1,1,12741,0,0.0,PUMP,0,0,0,0,0.0,INJECTOR,1,1,12738,0,0.0,SERVO,1,1,12699,0,0.0,ADD 1,0,1,0,0,0.0,ADD 2,0,1,0,0,0.0,ADD 3,0,1,0,0,0.0,ADD 4,0,1,0,0,0.0,ADD 5,0,0,0,0,0.0,ADD 6,0,1,0,0,0.0,ADD 7,0,0,0,0,0.0,EGT2CAN,0,1,0,0,0.0
1778953708.342709,0.0,12751,-49.0,1,-,0,0,0,0,0.0,-,0,0,0,0,0.0,ECU,1,1,12736,0,0.0,FAN1,0,0,0,0,0.0,COILS,1,1,12741,0,0.0,PUMP,0,0,0,0,0.0,INJECTOR,1,1,12738,0,0.0,SERVO,1,1,12699,0,0.0,ADD 1,0,1,0,0,0.0,ADD 2,0,1,0,0,0.0,ADD 3,0,1,0,0,0.0,ADD 4,0,1,0,0,0.0,ADD 5,0,0,0,0,0.0,ADD 6,0,1,0,0,0.0,ADD 7,0,0,0,0,0.0,EGT2CAN,0,1,0,0,0.0
1778953708.3935826,0.0,12751,-49.0,1,-,0,0,0,0,0.0,-,0,0,0,0,0.0,ECU,1,1,12730,0,0.0,FAN1,0,0,0,0,0.0,COILS,1,1,12745,0,0.0,PUMP,0,0,0,0,0.0,INJECTOR,1,1,12739,0,0.0,SERVO,1,1,12718,0,0.0,ADD 1,0,1,0,0,0.0,ADD 2,0,1,0,0,0.0,ADD 3,0,1,0,0,0.0,ADD 4,0,1,0,0,0.0,ADD 5,0,0,0,0,0.0,ADD 6,0,1,0,0,0.0,ADD 7,0,0,0,0,0.0,EGT2CAN,0,1,0,0,0.0
1778953708.4531324,0.0,12751,-50.0,1,-,0,0,0,0,0.0,-,0,0,0,0,0.0,ECU,1,1,12746,0,0.0,FAN1,0,0,0,0,0.0,COILS,1,1,12741,0,0.0,PUMP,0,0,0,0,0.0,INJECTOR,1,1,12748,0,0.0,SERVO,1,1,12708,0,0.0,ADD 1,0,1,0,0,0.0,ADD 2,0,1,0,0,0.0,ADD 3,0,1,0,0,0.0,ADD 4,0,1,0,0,0.0,ADD 5,0,0,0,0,0.0,ADD 6,0,1,0,0,0.0,ADD 7,0,0,0,0,0.0,EGT2CAN,0,1,0,0,0.0
1778953708.522107,0.0,12751,-50.0,1,-,0,0,0,0,0.0,-,0,0,0,0,0.0,ECU,1,1,12746,0,0.0,FAN1,0,0,0,0,0.0,COILS,1,1,12741,0,0.0,PUMP,0,0,0,0,0.0,INJECTOR,1,1,12748,0,0.0,SERVO,1,1,12708,0,0.0,ADD 1,0,1,0,0,0.0,ADD 2,0,1,0,0,0.0,ADD 3,0,1,0,0,0.0,ADD 4,0,1,0,0,0.0,ADD 5,0,0,0,0,0.0,ADD 6,0,1,0,0,0.0,ADD 7,0,0,0,0,0.0,EGT2CAN,0,1,0,0,0.0
1778953708.57355,0.0,12745,-50.0,1,-,0,0,0,0,0.0,-,0,0,0,0,0.0,ECU,1,1,12722,0,0.0,FAN1,0,0,0,0,0.0,COILS,1,1,12730,0,0.0,PUMP,0,0,0,0,0.0,INJECTOR,1,1,12749,0,0.0,SERVO,1,1,12717,0,0.0,ADD 1,0,1,0,0,0.0,ADD 2,0,1,0,0,0.0,ADD 3,0,1,0,0,0.0,ADD 4,0,1,0,0,0.0,ADD 5,0,0,0,0,0.0,ADD 6,0,1,0,0,0.0,ADD 7,0,0,0,0,0.0,EGT2CAN,0,1,0,0,0.0
1778953708.625048,0.0,12745,-50.0,1,-,0,0,0,0,0.0,-,0,0,0,0,0.0,ECU,1,1,12722,0,0.0,FAN1,0,0,0,0,0.0,COILS,1,1,12730,0,0.0,PUMP,0,0,0,0,0.0,INJECTOR,1,1,12749,0,0.0,SERVO,1,1,12717,0,0.0,ADD 1,0,1,0,0,0.0,ADD 2,0,1,0,0,0.0,ADD 3,0,1,0,0,0.0,ADD 4,0,1,0,0,0.0,ADD 5,0,0,0,0,0.0,ADD 6,0,1,0,0,0.0,ADD 7,0,0,0,0,0.0,EGT2CAN,0,1,0,0,0.0
1778953708.6920335,0.0,12745,-50.0,1,-,0,0,0,0,0.0,-,0,0,0,0,0.0,ECU,1,1,12723,0,0.0,FAN1,0,0,0,0,0.0,COILS,1,1,12730,0,0.0,PUMP,0,0,0,0,0.0,INJECTOR,1,1,12749,0,0.0,SERVO,1,1,12717,0,0.0,ADD 1,0,1,0,0,0.0,ADD 2,0,1,0,0,0.0,ADD 3,0,1,0,0,0.0,ADD 4,0,1,0,0,0.0,ADD 5,0,0,0,0,0.0,ADD 6,0,1,0,0,0.0,ADD 7,0,0,0,0,0.0,EGT2CAN,0,1,0,0,0.0
1778953708.7425861,0.0,12746,-50.0,1,-,0,0,0,0,0.0,-,0,0,0,0,0.0,ECU,1,1,12732,0,0.0,FAN1,0,0,0,0,0.0,COILS,1,1,12741,0,0.0,PUMP,0,0,0,0,0.0,INJECTOR,1,1,12742,0,0.0,SERVO,1,1,12719,0,0.0,ADD 1,0,1,0,0,0.0,ADD 2,0,1,0,0,0.0,ADD 3,0,1,0,0,0.0,ADD 4,0,1,0,0,0.0,ADD 5,0,0,0,0,0.0,ADD 6,0,1,0,0,0.0,ADD 7,0,0,0,0,0.0,EGT2CAN,0,1,0,0,0.0
1778953708.79449,0.0,12746,-50.0,1,-,0,0,0,0,0.0,-,0,0,0,0,0.0,ECU,1,1,12730,0,0.0,FAN1,0,0,0,0,0.0,COILS,1,1,12748,0,0.0,PUMP,0,0,0,0,0.0,INJECTOR,1,1,12736,0,0.0,SERVO,1,1,12719,0,0.0,ADD 1,0,1,0,0,0.0,ADD 2,0,1,0,0,0.0,ADD 3,0,1,0,0,0.0,ADD 4,0,1,0,0,0.0,ADD 5,0,0,0,0,0.0,ADD 6,0,1,0,0,0.0,ADD 7,0,0,0,0,0.0,EGT2CAN,0,1,0,0,0.0
1778953708.8463893,0.0,12747,-49.0,1,-,0,0,0,0,0.0,-,0,0,0,0,0.0,ECU,1,1,12730,0,0.0,FAN1,0,0,0,0,0.0,COILS,1,1,12748,0,0.0,PUMP,0,0,0,0,0.0,INJECTOR,1,1,12736,0,0.0,SERVO,1,1,12719,0,0.0,ADD 1,0,1,0,0,0.0,ADD 2,0,1,0,0,0.0,ADD 3,0,1,0,0,0.0,ADD 4,0,1,0,0,0.0,ADD 5,0,0,0,0,0.0,ADD 6,0,1,0,0,0.0,ADD 7,0,0,0,0,0.0,EGT2CAN,0,1,0,0,0.0
1778953708.910144,0.0,12745,-49.0,1,-,0,0,0,0,0.0,-,0,0,0,0,0.0,ECU,1,1,12724,0,0.0,FAN1,0,0,0,0,0.0,COILS,1,1,12727,0,0.0,PUMP,0,0,0,0,0.0,INJECTOR,1,1,12721,0,0.0,SERVO,1,1,12712,0,0.0,ADD 1,0,1,0,0,0.0,ADD 2,0,1,0,0,0.0,ADD 3,0,1,0,0,0.0,ADD 4,0,1,0,0,0.0,ADD 5,0,0,0,0,0.0,ADD 6,0,1,0,0,0.0,ADD 7,0,0,0,0,0.0,EGT2CAN,0,1,0,0,0.0
1778953708.9609983,0.0,12745,-49.0,1,-,0,0,0,0,0.0,-,0,0,0,0,0.0,ECU,1,1,12723,0,0.0,FAN1,0,0,0,0,0.0,COILS,1,1,12737,0,0.0,PUMP,0,0,0,0,0.0,INJECTOR,1,1,12728,0,0.0,SERVO,1,1,12715,0,0.0,ADD 1,0,1,0,0,0.0,ADD 2,0,1,0,0,0.0,ADD 3,0,1,0,0,0.0,ADD 4,0,1,0,0,0.0,ADD 5,0,0,0,0,0.0,ADD 6,0,1,0,0,0.0,ADD 7,0,0,0,0,0.0,EGT2CAN,0,1,0,0,0.0
1778953709.0115643,0.0,12746,-49.0,1,-,0,0,0,0,0.0,-,0,0,0,0,0.0,ECU,1,1,12723,0,0.0,FAN1,0,0,0,0,0.0,COILS,1,1,12737,0,0.0,PUMP,0,0,0,0,0.0,INJECTOR,1,1,12728,0,0.0,SERVO,1,1,12715,0,0.0,ADD 1,0,1,0,0,0.0,ADD 2,0,1,0,0,0.0,ADD 3,0,1,0,0,0.0,ADD 4,0,1,0,0,0.0,ADD 5,0,0,0,0,0.0,ADD 6,0,1,0,0,0.0,ADD 7,0,0,0,0,0.0,EGT2CAN,0,1,0,0,0.0
1778953709.062583,0.0,12749,-50.0,1,-,0,0,0,0,0.0,-,0,0,0,0,0.0,ECU,1,1,12735,0,0.0,FAN1,0,0,0,0,0.0,COILS,1,1,12736,0,0.0,PUMP,0,0,0,0,0.0,INJECTOR,1,1,12737,0,0.0,SERVO,1,1,12720,0,0.0,ADD 1,0,1,0,0,0.0,ADD 2,0,1,0,0,0.0,ADD 3,0,1,0,0,0.0,ADD 4,0,1,0,0,0.0,ADD 5,0,0,0,0,0.0,ADD 6,0,1,0,0,0.0,ADD 7,0,0,0,0,0.0,EGT2CAN,0,1,0,0,0.0
1778953709.1135828,0.0,12749,-50.0,1,-,0,0,0,0,0.0,-,0,0,0,0,0.0,ECU,1,1,12735,0,0.0,FAN1,0,0,0,0,0.0,COILS,1,1,12736,0,0.0,PUMP,0,0,0,0,0.0,INJECTOR,1,1,12737,0,0.0,SERVO,1,1,12720,0,0.0,ADD 1,0,1,0,0,0.0,ADD 2,0,1,0,0,0.0,ADD 3,0,1,0,0,0.0,ADD 4,0,1,0,0,0.0,ADD 5,0,0,0,0,0.0,ADD 6,0,1,0,0,0.0,ADD 7,0,0,0,0,0.0,EGT2CAN,0,1,0,0,0.0
1778953709.1646535,0.0,12749,-50.0,1,-,0,0,0,0,0.0,-,0,0,0,0,0.0,ECU,1,1,12731,0,0.0,FAN1,0,0,0,0,0.0,COILS,1,1,12740,0,0.0,PUMP,0,0,0,0,0.0,INJECTOR,1,1,12738,0,0.0,SERVO,1,1,12709,0,0.0,ADD 1,0,1,0,0,0.0,ADD 2,0,1,0,0,0.0,ADD 3,0,1,0,0,0.0,ADD 4,0,1,0,0,0.0,ADD 5,0,0,0,0,0.0,ADD 6,0,1,0,0,0.0,ADD 7,0,0,0,0,0.0,EGT2CAN,0,1,0,0,0.0
1778953709.2197995,0.0,12752,-49.0,1,-,0,0,0,0,0.0,-,0,0,0,0,0.0,ECU,1,1,12728,0,0.0,FAN1,0,0,0,0,0.0,COILS,1,1,12745,0,0.0,PUMP,0,0,0,0,0.0,INJECTOR,1,1,12737,0,0.0,SERVO,1,1,12718,0,0.0,ADD 1,0,1,0,0,0.0,ADD 2,0,1,0,0,0.0,ADD 3,0,1,0,0,0.0,ADD 4,0,1,0,0,0.0,ADD 5,0,0,0,0,0.0,ADD 6,0,1,0,0,0.0,ADD 7,0,0,0,0,0.0,EGT2CAN,0,1,0,0,0.0
1778953709.2706232,0.0,12754,-50.0,1,-,0,0,0,0,0.0,-,0,0,0,0,0.0,ECU,1,1,12712,0,0.0,FAN1,0,0,0,0,0.0,COILS,1,1,12723,0,0.0,PUMP,0,0,0,0,0.0,INJECTOR,1,1,12727,0,0.0,SERVO,1,1,12706,0,0.0,ADD 1,0,1,0,0,0.0,ADD 2,0,1,0,0,0.0,ADD 3,0,1,0,0,0.0,ADD 4,0,1,0,0,0.0,ADD 5,0,0,0,0,0.0,ADD 6,0,1,0,0,0.0,ADD 7,0,0,0,0,0.0,EGT2CAN,0,1,0,0,0.0
1778953709.3216136,0.0,12755,-50.0,1,-,0,0,0,0,0.0,-,0,0,0,0,0.0,ECU,1,1,12722,0,0.0,FAN1,0,0,0,0,0.0,COILS,1,1,12716,0,0.0,PUMP,0,0,0,0,0.0,INJECTOR,1,1,12744,0,0.0,SERVO,1,1,12706,0,0.0,ADD 1,0,1,0,0,0.0,ADD 2,0,1,0,0,0.0,ADD 3,0,1,0,0,0.0,ADD 4,0,1,0,0,0.0,ADD 5,0,0,0,0,0.0,ADD 6,0,1,0,0,0.0,ADD 7,0,0,0,0,0.0,EGT2CAN,0,1,0,0,0.0
1778953709.3874314,0.0,12752,-50.0,1,-,0,0,0,0,0.0,-,0,0,0,0,0.0,ECU,1,1,12722,0,0.0,FAN1,0,0,0,0,0.0,COILS,1,1,12716,0,0.0,PUMP,0,0,0,0,0.0,INJECTOR,1,1,12744,0,0.0,SERVO,1,1,12706,0,0.0,ADD 1,0,1,0,0,0.0,ADD 2,0,1,0,0,0.0,ADD 3,0,1,0,0,0.0,ADD 4,0,1,0,0,0.0,ADD 5,0,0,0,0,0.0,ADD 6,0,1,0,0,0.0,ADD 7,0,0,0,0,0.0,EGT2CAN,0,1,0,0,0.0
1778953709.439922,0.0,12752,-50.0,1,-,0,0,0,0,0.0,-,0,0,0,0,0.0,ECU,1,1,12740,0,0.0,FAN1,0,0,0,0,0.0,COILS,1,1,12720,0,0.0,PUMP,0,0,0,0,0.0,INJECTOR,1,1,12739,0,0.0,SERVO,1,1,12717,0,0.0,ADD 1,0,1,0,0,0.0,ADD 2,0,1,0,0,0.0,ADD 3,0,1,0,0,0.0,ADD 4,0,1,0,0,0.0,ADD 5,0,0,0,0,0.0,ADD 6,0,1,0,0,0.0,ADD 7,0,0,0,0,0.0,EGT2CAN,0,1,0,0,0.0
1778953709.4902065,0.0,12747,-49.0,1,-,0,0,0,0,0.0,-,0,0,0,0,0.0,ECU,1,1,12727,0,0.0,FAN1,0,0,0,0,0.0,COILS,1,1,12747,0,0.0,PUMP,0,0,0,0,0.0,INJECTOR,1,1,12755,0,0.0,SERVO,1,1,12698,0,0.0,ADD 1,0,1,0,0,0.0,ADD 2,0,1,0,0,0.0,ADD 3,0,1,0,0,0.0,ADD 4,0,1,0,0,0.0,ADD 5,0,0,0,0,0.0,ADD 6,0,1,0,0,0.0,ADD 7,0,0,0,0,0.0,EGT2CAN,0,1,0,0,0.0
1778953709.547233,0.0,12747,-49.0,1,-,0,0,0,0,0.0,-,0,0,0,0,0.0,ECU,1,1,12707,0,0.0,FAN1,0,0,0,0,0.0,COILS,1,1,12719,0,0.0,PUMP,0,0,0,0,0.0,INJECTOR,1,1,12738,0,0.0,SERVO,1,1,12715,0,0.0,ADD 1,0,1,0,0,0.0,ADD 2,0,1,0,0,0.0,ADD 3,0,1,0,0,0.0,ADD 4,0,1,0,0,0.0,ADD 5,0,0,0,0,0.0,ADD 6,0,1,0,0,0.0,ADD 7,0,0,0,0,0.0,EGT2CAN,0,1,0,0,0.0
1778953709.5985854,0.0,12746,-49.0,1,-,0,0,0,0,0.0,-,0,0,0,0,0.0,ECU,1,1,12707,0,0.0,FAN1,0,0,0,0,0.0,COILS,1,1,12719,0,0.0,PUMP,0,0,0,0,0.0,INJECTOR,1,1,12738,0,0.0,SERVO,1,1,12715,0,0.0,ADD 1,0,1,0,0,0.0,ADD 2,0,1,0,0,0.0,ADD 3,0,1,0,0,0.0,ADD 4,0,1,0,0,0.0,ADD 5,0,0,0,0,0.0,ADD 6,0,1,0,0,0.0,ADD 7,0,0,0,0,0.0,EGT2CAN,0,1,0,0,0.0
1778953709.6502266,0.0,12750,-50.0,1,-,0,0,0,0,0.0,-,0,0,0,0,0.0,ECU,1,1,12709,0,0.0,FAN1,0,0,0,0,0.0,COILS,1,1,12726,0,0.0,PUMP,0,0,0,0,0.0,INJECTOR,1,1,12731,0,0.0,SERVO,1,1,12704,0,0.0,ADD 1,0,1,0,0,0.0,ADD 2,0,1,0,0,0.0,ADD 3,0,1,0,0,0.0,ADD 4,0,1,0,0,0.0,ADD 5,0,0,0,0,0.0,ADD 6,0,1,0,0,0.0,ADD 7,0,0,0,0,0.0,EGT2CAN,0,1,0,0,0.0
1778953709.7173252,0.0,12751,-49.0,1,-,0,0,0,0,0.0,-,0,0,0,0,0.0,ECU,1,1,12722,0,0.0,FAN1,0,0,0,0,0.0,COILS,1,1,12739,0,0.0,PUMP,0,0,0,0,0.0,INJECTOR,1,1,12749,0,0.0,SERVO,1,1,12704,0,0.0,ADD 1,0,1,0,0,0.0,ADD 2,0,1,0,0,0.0,ADD 3,0,1,0,0,0.0,ADD 4,0,1,0,0,0.0,ADD 5,0,0,0,0,0.0,ADD 6,0,1,0,0,0.0,ADD 7,0,0,0,0,0.0,EGT2CAN,0,1,0,0,0.0
1778953709.7706652,0.0,12751,-49.0,1,-,0,0,0,0,0.0,-,0,0,0,0,0.0,ECU,1,1,12726,0,0.0,FAN1,0,0,0,0,0.0,COILS,1,1,12746,0,0.0,PUMP,0,0,0,0,0.0,INJECTOR,1,1,12749,0,0.0,SERVO,1,1,12707,0,0.0,ADD 1,0,1,0,0,0.0,ADD 2,0,1,0,0,0.0,ADD 3,0,1,0,0,0.0,ADD 4,0,1,0,0,0.0,ADD 5,0,0,0,0,0.0,ADD 6,0,1,0,0,0.0,ADD 7,0,0,0,0,0.0,EGT2CAN,0,1,0,0,0.0
1778953709.820803,0.0,12752,-50.0,1,-,0,0,0,0,0.0,-,0,0,0,0,0.0,ECU,1,1,12728,0,0.0,FAN1,0,0,0,0,0.0,COILS,1,1,12739,0,0.0,PUMP,0,0,0,0,0.0,INJECTOR,1,1,12733,0,0.0,SERVO,1,1,12710,0,0.0,ADD 1,0,1,0,0,0.0,ADD 2,0,1,0,0,0.0,ADD 3,0,1,0,0,0.0,ADD 4,0,1,0,0,0.0,ADD 5,0,0,0,0,0.0,ADD 6,0,1,0,0,0.0,ADD 7,0,0,0,0,0.0,EGT2CAN,0,1,0,0,0.0
1778953709.8718612,0.0,12751,-49.0,1,-,0,0,0,0,0.0,-,0,0,0,0,0.0,ECU,1,1,12728,0,0.0,FAN1,0,0,0,0,0.0,COILS,1,1,12739,0,0.0,PUMP,0,0,0,0,0.0,INJECTOR,1,1,12733,0,0.0,SERVO,1,1,12710,0,0.0,ADD 1,0,1,0,0,0.0,ADD 2,0,1,0,0,0.0,ADD 3,0,1,0,0,0.0,ADD 4,0,1,0,0,0.0,ADD 5,0,0,0,0,0.0,ADD 6,0,1,0,0,0.0,ADD 7,0,0,0,0,0.0,EGT2CAN,0,1,0,0,0.0
1778953709.9236903,0.0,12751,-49.0,1,-,0,0,0,0,0.0,-,0,0,0,0,0.0,ECU,1,1,12731,0,0.0,FAN1,0,0,0,0,0.0,COILS,1,1,12728,0,0.0,PUMP,0,0,0,0,0.0,INJECTOR,1,1,12731,0,0.0,SERVO,1,1,12704,0,0.0,ADD 1,0,1,0,0,0.0,ADD 2,0,1,0,0,0.0,ADD 3,0,1,0,0,0.0,ADD 4,0,1,0,0,0.0,ADD 5,0,0,0,0,0.0,ADD 6,0,1,0,0,0.0,ADD 7,0,0,0,0,0.0,EGT2CAN,0,1,0,0,0.0
1778953709.9749966,0.0,12750,-50.0,1,-,0,0,0,0,0.0,-,0,0,0,0,0.0,ECU,1,1,12738,0,0.0,FAN1,0,0,0,0,0.0,COILS,1,1,12738,0,0.0,PUMP,0,0,0,0,0.0,INJECTOR,1,1,12737,0,0.0,SERVO,1,1,12716,0,0.0,ADD 1,0,1,0,0,0.0,ADD 2,0,1,0,0,0.0,ADD 3,0,1,0,0,0.0,ADD 4,0,1,0,0,0.0,ADD 5,0,0,0,0,0.0,ADD 6,0,1,0,0,0.0,ADD 7,0,0,0,0,0.0,EGT2CAN,0,1,0,0,0.0
1778953710.0310447,0.0,12750,-51.0,1,-,0,0,0,0,0.0,-,0,0,0,0,0.0,ECU,1,1,12738,0,0.0,FAN1,0,0,0,0,0.0,COILS,1,1,12738,0,0.0,PUMP,0,0,0,0,0.0,INJECTOR,1,1,12737,0,0.0,SERVO,1,1,12716,0,0.0,ADD 1,0,1,0,0,0.0,ADD 2,0,1,0,0,0.0,ADD 3,0,1,0,0,0.0,ADD 4,0,1,0,0,0.0,ADD 5,0,0,0,0,0.0,ADD 6,0,1,0,0,0.0,ADD 7,0,0,0,0,0.0,EGT2CAN,0,1,0,0,0.0
1778953710.0831246,0.0,12750,-51.0,1,-,0,0,0,0,0.0,-,0,0,0,0,0.0,ECU,1,1,12731,0,0.0,FAN1,0,0,0,0,0.0,COILS,1,1,12752,0,0.0,PUMP,0,0,0,0,0.0,INJECTOR,1,1,12731,0,0.0,SERVO,1,1,12716,0,0.0,ADD 1,0,1,0,0,0.0,ADD 2,0,1,0,0,0.0,ADD 3,0,1,0,0,0.0,ADD 4,0,1,0,0,0.0,ADD 5,0,0,0,0,0.0,ADD 6,0,1,0,0,0.0,ADD 7,0,0,0,0,0.0,EGT2CAN,0,1,0,0,0.0
1778953710.1341257,0.0,12751,-49.0,1,-,0,0,0,0,0.0,-,0,0,0,0,0.0,ECU,1,1,12703,0,0.0,FAN1,0,0,0,0,0.0,COILS,1,1,12724,0,0.0,PUMP,0,0,0,0,0.0,INJECTOR,1,1,12712,0,0.0,SERVO,1,1,12721,0,0.0,ADD 1,0,1,0,0,0.0,ADD 2,0,1,0,0,0.0,ADD 3,0,1,0,0,0.0,ADD 4,0,1,0,0,0.0,ADD 5,0,0,0,0,0.0,ADD 6,0,1,0,0,0.0,ADD 7,0,0,0,0,0.0,EGT2CAN,0,1,0,0,0.0
1778953710.1860554,0.0,12751,-49.0,1,-,0,0,0,0,0.0,-,0,0,0,0,0.0,ECU,1,1,12703,0,0.0,FAN1,0,0,0,0,0.0,COILS,1,1,12724,0,0.0,PUMP,0,0,0,0,0.0,INJECTOR,1,1,12712,0,0.0,SERVO,1,1,12721,0,0.0,ADD 1,0,1,0,0,0.0,ADD 2,0,1,0,0,0.0,ADD 3,0,1,0,0,0.0,ADD 4,0,1,0,0,0.0,ADD 5,0,0,0,0,0.0,ADD 6,0,1,0,0,0.0,ADD 7,0,0,0,0,0.0,EGT2CAN,0,1,0,0,0.0
1778953710.2373385,0.0,12751,-49.0,1,-,0,0,0,0,0.0,-,0,0,0,0,0.0,ECU,1,1,12727,0,0.0,FAN1,0,0,0,0,0.0,COILS,1,1,12735,0,0.0,PUMP,0,0,0,0,0.0,INJECTOR,1,1,12737,0,0.0,SERVO,1,1,12727,0,0.0,ADD 1,0,1,0,0,0.0,ADD 2,0,1,0,0,0.0,ADD 3,0,1,0,0,0.0,ADD 4,0,1,0,0,0.0,ADD 5,0,0,0,0,0.0,ADD 6,0,1,0,0,0.0,ADD 7,0,0,0,0,0.0,EGT2CAN,0,1,0,0,0.0
1778953710.2876842,0.0,12749,-49.0,1,-,0,0,0,0,0.0,-,0,0,0,0,0.0,ECU,1,1,12729,0,0.0,FAN1,0,0,0,0,0.0,COILS,1,1,12732,0,0.0,PUMP,0,0,0,0,0.0,INJECTOR,1,1,12741,0,0.0,SERVO,1,1,12707,0,0.0,ADD 1,0,1,0,0,0.0,ADD 2,0,1,0,0,0.0,ADD 3,0,1,0,0,0.0,ADD 4,0,1,0,0,0.0,ADD 5,0,0,0,0,0.0,ADD 6,0,1,0,0,0.0,ADD 7,0,0,0,0,0.0,EGT2CAN,0,1,0,0,0.0
1778953710.338739,0.0,12749,-49.0,1,-,0,0,0,0,0.0,-,0,0,0,0,0.0,ECU,1,1,12729,0,0.0,FAN1,0,0,0,0,0.0,COILS,1,1,12732,0,0.0,PUMP,0,0,0,0,0.0,INJECTOR,1,1,12741,0,0.0,SERVO,1,1,12707,0,0.0,ADD 1,0,1,0,0,0.0,ADD 2,0,1,0,0,0.0,ADD 3,0,1,0,0,0.0,ADD 4,0,1,0,0,0.0,ADD 5,0,0,0,0,0.0,ADD 6,0,1,0,0,0.0,ADD 7,0,0,0,0,0.0,EGT2CAN,0,1,0,0,0.0
1778953710.3937287,0.0,12749,-49.0,1,-,0,0,0,0,0.0,-,0,0,0,0,0.0,ECU,1,1,12739,0,0.0,FAN1,0,0,0,0,0.0,COILS,1,1,12742,0,0.0,PUMP,0,0,0,0,0.0,INJECTOR,1,1,12742,0,0.0,SERVO,1,1,12706,0,0.0,ADD 1,0,1,0,0,0.0,ADD 2,0,1,0,0,0.0,ADD 3,0,1,0,0,0.0,ADD 4,0,1,0,0,0.0,ADD 5,0,0,0,0,0.0,ADD 6,0,1,0,0,0.0,ADD 7,0,0,0,0,0.0,EGT2CAN,0,1,0,0,0.0
1778953710.444615,0.0,12748,-49.0,1,-,0,0,0,0,0.0,-,0,0,0,0,0.0,ECU,1,1,12714,0,0.0,FAN1,0,0,0,0,0.0,COILS,1,1,12752,0,0.0,PUMP,0,0,0,0,0.0,INJECTOR,1,1,12750,0,0.0,SERVO,1,1,12707,0,0.0,ADD 1,0,1,0,0,0.0,ADD 2,0,1,0,0,0.0,ADD 3,0,1,0,0,0.0,ADD 4,0,1,0,0,0.0,ADD 5,0,0,0,0,0.0,ADD 6,0,1,0,0,0.0,ADD 7,0,0,0,0,0.0,EGT2CAN,0,1,0,0,0.0
1778953710.495611,0.0,12748,-49.0,1,-,0,0,0,0,0.0,-,0,0,0,0,0.0,ECU,1,1,12714,0,0.0,FAN1,0,0,0,0,0.0,COILS,1,1,12752,0,0.0,PUMP,0,0,0,0,0.0,INJECTOR,1,1,12750,0,0.0,SERVO,1,1,12707,0,0.0,ADD 1,0,1,0,0,0.0,ADD 2,0,1,0,0,0.0,ADD 3,0,1,0,0,0.0,ADD 4,0,1,0,0,0.0,ADD 5,0,0,0,0,0.0,ADD 6,0,1,0,0,0.0,ADD 7,0,0,0,0,0.0,EGT2CAN,0,1,0,0,0.0
1778953710.5472362,0.0,12748,-49.0,1,-,0,0,0,0,0.0,-,0,0,0,0,0.0,ECU,1,1,12728,0,0.0,FAN1,0,0,0,0,0.0,COILS,1,1,12750,0,0.0,PUMP,0,0,0,0,0.0,INJECTOR,1,1,12752,0,0.0,SERVO,1,1,12709,0,0.0,ADD 1,0,1,0,0,0.0,ADD 2,0,1,0,0,0.0,ADD 3,0,1,0,0,0.0,ADD 4,0,1,0,0,0.0,ADD 5,0,0,0,0,0.0,ADD 6,0,1,0,0,0.0,ADD 7,0,0,0,0,0.0,EGT2CAN,0,1,0,0,0.0
1778953710.598165,0.0,12754,-49.0,1,-,0,0,0,0,0.0,-,0,0,0,0,0.0,ECU,1,1,12725,0,0.0,FAN1,0,0,0,0,0.0,COILS,1,1,12732,0,0.0,PUMP,0,0,0,0,0.0,INJECTOR,1,1,12752,0,0.0,SERVO,1,1,12728,0,0.0,ADD 1,0,1,0,0,0.0,ADD 2,0,1,0,0,0.0,ADD 3,0,1,0,0,0.0,ADD 4,0,1,0,0,0.0,ADD 5,0,0,0,0,0.0,ADD 6,0,1,0,0,0.0,ADD 7,0,0,0,0,0.0,EGT2CAN,0,1,0,0,0.0
1778953710.6523676,0.0,12755,-49.0,1,-,0,0,0,0,0.0,-,0,0,0,0,0.0,ECU,1,1,12726,0,0.0,FAN1,0,0,0,0,0.0,COILS,1,1,12734,0,0.0,PUMP,0,0,0,0,0.0,INJECTOR,1,1,12748,0,0.0,SERVO,1,1,12711,0,0.0,ADD 1,0,1,0,0,0.0,ADD 2,0,1,0,0,0.0,ADD 3,0,1,0,0,0.0,ADD 4,0,1,0,0,0.0,ADD 5,0,0,0,0,0.0,ADD 6,0,1,0,0,0.0,ADD 7,0,0,0,0,0.0,EGT2CAN,0,1,0,0,0.0
1778953710.7187338,0.0,12755,-49.0,1,-,0,0,0,0,0.0,-,0,0,0,0,0.0,ECU,1,1,12724,0,0.0,FAN1,0,0,0,0,0.0,COILS,1,1,12745,0,0.0,PUMP,0,0,0,0,0.0,INJECTOR,1,1,12744,0,0.0,SERVO,1,1,12709,0,0.0,ADD 1,0,1,0,0,0.0,ADD 2,0,1,0,0,0.0,ADD 3,0,1,0,0,0.0,ADD 4,0,1,0,0,0.0,ADD 5,0,0,0,0,0.0,ADD 6,0,1,0,0,0.0,ADD 7,0,0,0,0,0.0,EGT2CAN,0,1,0,0,0.0
1778953710.7691705,0.0,12755,-50.0,1,-,0,0,0,0,0.0,-,0,0,0,0,0.0,ECU,1,1,12733,0,0.0,FAN1,0,0,0,0,0.0,COILS,1,1,12742,0,0.0,PUMP,0,0,0,0,0.0,INJECTOR,1,1,12752,0,0.0,SERVO,1,1,12697,0,0.0,ADD 1,0,1,0,0,0.0,ADD 2,0,1,0,0,0.0,ADD 3,0,1,0,0,0.0,ADD 4,0,1,0,0,0.0,ADD 5,0,0,0,0,0.0,ADD 6,0,1,0,0,0.0,ADD 7,0,0,0,0,0.0,EGT2CAN,0,1,0,0,0.0
1778953710.8202007,0.0,12755,-50.0,1,-,0,0,0,0,0.0,-,0,0,0,0,0.0,ECU,1,1,12733,0,0.0,FAN1,0,0,0,0,0.0,COILS,1,1,12742,0,0.0,PUMP,0,0,0,0,0.0,INJECTOR,1,1,12752,0,0.0,SERVO,1,1,12697,0,0.0,ADD 1,0,1,0,0,0.0,ADD 2,0,1,0,0,0.0,ADD 3,0,1,0,0,0.0,ADD 4,0,1,0,0,0.0,ADD 5,0,0,0,0,0.0,ADD 6,0,1,0,0,0.0,ADD 7,0,0,0,0,0.0,EGT2CAN,0,1,0,0,0.0
1778953710.872277,0.0,12755,-50.0,1,-,0,0,0,0,0.0,-,0,0,0,0,0.0,ECU,1,1,12741,0,0.0,FAN1,0,0,0,0,0.0,COILS,1,1,12738,0,0.0,PUMP,0,0,0,0,0.0,INJECTOR,1,1,12752,0,0.0,SERVO,1,1,12695,0,0.0,ADD 1,0,1,0,0,0.0,ADD 2,0,1,0,0,0.0,ADD 3,0,1,0,0,0.0,ADD 4,0,1,0,0,0.0,ADD 5,0,0,0,0,0.0,ADD 6,0,1,0,0,0.0,ADD 7,0,0,0,0,0.0,EGT2CAN,0,1,0,0,0.0
1778953710.9231904,0.0,12756,-49.0,1,-,0,0,0,0,0.0,-,0,0,0,0,0.0,ECU,1,1,12735,0,0.0,FAN1,0,0,0,0,0.0,COILS,1,1,12745,0,0.0,PUMP,0,0,0,0,0.0,INJECTOR,1,1,12742,0,0.0,SERVO,1,1,12720,0,0.0,ADD 1,0,1,0,0,0.0,ADD 2,0,1,0,0,0.0,ADD 3,0,1,0,0,0.0,ADD 4,0,1,0,0,0.0,ADD 5,0,0,0,0,0.0,ADD 6,0,1,0,0,0.0,ADD 7,0,0,0,0,0.0,EGT2CAN,0,1,0,0,0.0
1778953710.984327,0.0,12754,-52.0,1,-,0,0,0,0,0.0,-,0,0,0,0,0.0,ECU,1,1,12735,0,0.0,FAN1,0,0,0,0,0.0,COILS,1,1,12745,0,0.0,PUMP,0,0,0,0,0.0,INJECTOR,1,1,12742,0,0.0,SERVO,1,1,12720,0,0.0,ADD 1,0,1,0,0,0.0,ADD 2,0,1,0,0,0.0,ADD 3,0,1,0,0,0.0,ADD 4,0,1,0,0,0.0,ADD 5,0,0,0,0,0.0,ADD 6,0,1,0,0,0.0,ADD 7,0,0,0,0,0.0,EGT2CAN,0,1,0,0,0.0
1778953711.045419,0.0,12754,-52.0,1,-,0,0,0,0,0.0,-,0,0,0,0,0.0,ECU,1,1,12747,0,0.0,FAN1,0,0,0,0,0.0,COILS,1,1,12742,0,0.0,PUMP,0,0,0,0,0.0,INJECTOR,1,1,12737,0,0.0,SERVO,1,1,12704,0,0.0,ADD 1,0,1,0,0,0.0,ADD 2,0,1,0,0,0.0,ADD 3,0,1,0,0,0.0,ADD 4,0,1,0,0,0.0,ADD 5,0,0,0,0,0.0,ADD 6,0,1,0,0,0.0,ADD 7,0,0,0,0,0.0,EGT2CAN,0,1,0,0,0.0
1778953711.096313,0.0,12755,-49.0,1,-,0,0,0,0,0.0,-,0,0,0,0,0.0,ECU,1,1,12731,0,0.0,FAN1,0,0,0,0,0.0,COILS,1,1,12754,0,0.0,PUMP,0,0,0,0,0.0,INJECTOR,1,1,12721,0,0.0,SERVO,1,1,12713,0,0.0,ADD 1,0,1,0,0,0.0,ADD 2,0,1,0,0,0.0,ADD 3,0,1,0,0,0.0,ADD 4,0,1,0,0,0.0,ADD 5,0,0,0,0,0.0,ADD 6,0,1,0,0,0.0,ADD 7,0,0,0,0,0.0,EGT2CAN,0,1,0,0,0.0
1778953711.1542737,0.0,12754,-49.0,1,-,0,0,0,0,0.0,-,0,0,0,0,0.0,ECU,1,1,12734,0,0.0,FAN1,0,0,0,0,0.0,COILS,1,1,12741,0,0.0,PUMP,0,0,0,0,0.0,INJECTOR,1,1,12740,0,0.0,SERVO,1,1,12695,0,0.0,ADD 1,0,1,0,0,0.0,ADD 2,0,1,0,0,0.0,ADD 3,0,1,0,0,0.0,ADD 4,0,1,0,0,0.0,ADD 5,0,0,0,0,0.0,ADD 6,0,1,0,0,0.0,ADD 7,0,0,0,0,0.0,EGT2CAN,0,1,0,0,0.0
1778953711.2065792,0.0,12754,-49.0,1,-,0,0,0,0,0.0,-,0,0,0,0,0.0,ECU,1,1,12734,0,0.0,FAN1,0,0,0,0,0.0,COILS,1,1,12741,0,0.0,PUMP,0,0,0,0,0.0,INJECTOR,1,1,12740,0,0.0,SERVO,1,1,12695,0,0.0,ADD 1,0,1,0,0,0.0,ADD 2,0,1,0,0,0.0,ADD 3,0,1,0,0,0.0,ADD 4,0,1,0,0,0.0,ADD 5,0,0,0,0,0.0,ADD 6,0,1,0,0,0.0,ADD 7,0,0,0,0,0.0,EGT2CAN,0,1,0,0,0.0
1778953711.2696204,0.0,12755,-49.0,1,-,0,0,0,0,0.0,-,0,0,0,0,0.0,ECU,1,1,12742,0,0.0,FAN1,0,0,0,0,0.0,COILS,1,1,12757,0,0.0,PUMP,0,0,0,0,0.0,INJECTOR,1,1,12743,0,0.0,SERVO,1,1,12721,0,0.0,ADD 1,0,1,0,0,0.0,ADD 2,0,1,0,0,0.0,ADD 3,0,1,0,0,0.0,ADD 4,0,1,0,0,0.0,ADD 5,0,0,0,0,0.0,ADD 6,0,1,0,0,0.0,ADD 7,0,0,0,0,0.0,EGT2CAN,0,1,0,0,0.0
1778953711.320974,0.0,12754,-49.0,1,-,0,0,0,0,0.0,-,0,0,0,0,0.0,ECU,1,1,12718,0,0.0,FAN1,0,0,0,0,0.0,COILS,1,1,12747,0,0.0,PUMP,0,0,0,0,0.0,INJECTOR,1,1,12747,0,0.0,SERVO,1,1,12722,0,0.0,ADD 1,0,1,0,0,0.0,ADD 2,0,1,0,0,0.0,ADD 3,0,1,0,0,0.0,ADD 4,0,1,0,0,0.0,ADD 5,0,0,0,0,0.0,ADD 6,0,1,0,0,0.0,ADD 7,0,0,0,0,0.0,EGT2CAN,0,1,0,0,0.0
1778953711.3725731,0.0,12754,-49.0,1,-,0,0,0,0,0.0,-,0,0,0,0,0.0,ECU,1,1,12726,0,0.0,FAN1,0,0,0,0,0.0,COILS,1,1,12739,0,0.0,PUMP,0,0,0,0,0.0,INJECTOR,1,1,12739,0,0.0,SERVO,1,1,12715,0,0.0,ADD 1,0,1,0,0,0.0,ADD 2,0,1,0,0,0.0,ADD 3,0,1,0,0,0.0,ADD 4,0,1,0,0,0.0,ADD 5,0,0,0,0,0.0,ADD 6,0,1,0,0,0.0,ADD 7,0,0,0,0,0.0,EGT2CAN,0,1,0,0,0.0
1778953711.426511,0.0,12756,-49.0,1,-,0,0,0,0,0.0,-,0,0,0,0,0.0,ECU,1,1,12723,0,0.0,FAN1,0,0,0,0,0.0,COILS,1,1,12740,0,0.0,PUMP,0,0,0,0,0.0,INJECTOR,1,1,12738,0,0.0,SERVO,1,1,12696,0,0.0,ADD 1,0,1,0,0,0.0,ADD 2,0,1,0,0,0.0,ADD 3,0,1,0,0,0.0,ADD 4,0,1,0,0,0.0,ADD 5,0,0,0,0,0.0,ADD 6,0,1,0,0,0.0,ADD 7,0,0,0,0,0.0,EGT2CAN,0,1,0,0,0.0
1778953711.4774773,0.0,12757,-50.0,1,-,0,0,0,0,0.0,-,0,0,0,0,0.0,ECU,1,1,12723,0,0.0,FAN1,0,0,0,0,0.0,COILS,1,1,12740,0,0.0,PUMP,0,0,0,0,0.0,INJECTOR,1,1,12738,0,0.0,SERVO,1,1,12696,0,0.0,ADD 1,0,1,0,0,0.0,ADD 2,0,1,0,0,0.0,ADD 3,0,1,0,0,0.0,ADD 4,0,1,0,0,0.0,ADD 5,0,0,0,0,0.0,ADD 6,0,1,0,0,0.0,ADD 7,0,0,0,0,0.0,EGT2CAN,0,1,0,0,0.0
1778953711.5284915,0.0,12757,-50.0,1,-,0,0,0,0,0.0,-,0,0,0,0,0.0,ECU,1,1,12721,0,0.0,FAN1,0,0,0,0,0.0,COILS,1,1,12721,0,0.0,PUMP,0,0,0,0,0.0,INJECTOR,1,1,12739,0,0.0,SERVO,1,1,12705,0,0.0,ADD 1,0,1,0,0,0.0,ADD 2,0,1,0,0,0.0,ADD 3,0,1,0,0,0.0,ADD 4,0,1,0,0,0.0,ADD 5,0,0,0,0,0.0,ADD 6,0,1,0,0,0.0,ADD 7,0,0,0,0,0.0,EGT2CAN,0,1,0,0,0.0
1778953711.5847569,0.0,12758,-49.0,1,-,0,0,0,0,0.0,-,0,0,0,0,0.0,ECU,1,1,12737,0,0.0,FAN1,0,0,0,0,0.0,COILS,1,1,12733,0,0.0,PUMP,0,0,0,0,0.0,INJECTOR,1,1,12747,0,0.0,SERVO,1,1,12715,0,0.0,ADD 1,0,1,0,0,0.0,ADD 2,0,1,0,0,0.0,ADD 3,0,1,0,0,0.0,ADD 4,0,1,0,0,0.0,ADD 5,0,0,0,0,0.0,ADD 6,0,1,0,0,0.0,ADD 7,0,0,0,0,0.0,EGT2CAN,0,1,0,0,0.0
1778953711.6356442,0.0,12757,-49.0,1,-,0,0,0,0,0.0,-,0,0,0,0,0.0,ECU,1,1,12737,0,0.0,FAN1,0,0,0,0,0.0,COILS,1,1,12733,0,0.0,PUMP,0,0,0,0,0.0,INJECTOR,1,1,12747,0,0.0,SERVO,1,1,12715,0,0.0,ADD 1,0,1,0,0,0.0,ADD 2,0,1,0,0,0.0,ADD 3,0,1,0,0,0.0,ADD 4,0,1,0,0,0.0,ADD 5,0,0,0,0,0.0,ADD 6,0,1,0,0,0.0,ADD 7,0,0,0,0,0.0,EGT2CAN,0,1,0,0,0.0
1778953711.686593,0.0,12757,-49.0,1,-,0,0,0,0,0.0,-,0,0,0,0,0.0,ECU,1,1,12740,0,0.0,FAN1,0,0,0,0,0.0,COILS,1,1,12733,0,0.0,PUMP,0,0,0,0,0.0,INJECTOR,1,1,12747,0,0.0,SERVO,1,1,12715,0,0.0,ADD 1,0,1,0,0,0.0,ADD 2,0,1,0,0,0.0,ADD 3,0,1,0,0,0.0,ADD 4,0,1,0,0,0.0,ADD 5,0,0,0,0,0.0,ADD 6,0,1,0,0,0.0,ADD 7,0,0,0,0,0.0,EGT2CAN,0,1,0,0,0.0
1778953711.7372243,0.0,12757,-49.0,1,-,0,0,0,0,0.0,-,0,0,0,0,0.0,ECU,1,1,12724,0,0.0,FAN1,0,0,0,0,0.0,COILS,1,1,12739,0,0.0,PUMP,0,0,0,0,0.0,INJECTOR,1,1,12741,0,0.0,SERVO,1,1,12718,0,0.0,ADD 1,0,1,0,0,0.0,ADD 2,0,1,0,0,0.0,ADD 3,0,1,0,0,0.0,ADD 4,0,1,0,0,0.0,ADD 5,0,0,0,0,0.0,ADD 6,0,1,0,0,0.0,ADD 7,0,0,0,0,0.0,EGT2CAN,0,1,0,0,0.0
1778953711.7897875,0.0,12757,-49.0,1,-,0,0,0,0,0.0,-,0,0,0,0,0.0,ECU,1,1,12724,0,0.0,FAN1,0,0,0,0,0.0,COILS,1,1,12739,0,0.0,PUMP,0,0,0,0,0.0,INJECTOR,1,1,12741,0,0.0,SERVO,1,1,12718,0,0.0,ADD 1,0,1,0,0,0.0,ADD 2,0,1,0,0,0.0,ADD 3,0,1,0,0,0.0,ADD 4,0,1,0,0,0.0,ADD 5,0,0,0,0,0.0,ADD 6,0,1,0,0,0.0,ADD 7,0,0,0,0,0.0,EGT2CAN,0,1,0,0,0.0
1778953711.8407514,0.0,12757,-49.0,1,-,0,0,0,0,0.0,-,0,0,0,0,0.0,ECU,1,1,12737,0,0.0,FAN1,0,0,0,0,0.0,COILS,1,1,12742,0,0.0,PUMP,0,0,0,0,0.0,INJECTOR,1,1,12743,0,0.0,SERVO,1,1,12719,0,0.0,ADD 1,0,1,0,0,0.0,ADD 2,0,1,0,0,0.0,ADD 3,0,1,0,0,0.0,ADD 4,0,1,0,0,0.0,ADD 5,0,0,0,0,0.0,ADD 6,0,1,0,0,0.0,ADD 7,0,0,0,0,0.0,EGT2CAN,0,1,0,0,0.0
1778953711.8917701,0.0,12751,-49.0,1,-,0,0,0,0,0.0,-,0,0,0,0,0.0,ECU,1,1,12734,0,0.0,FAN1,0,0,0,0,0.0,COILS,1,1,12740,0,0.0,PUMP,0,0,0,0,0.0,INJECTOR,1,1,12739,0,0.0,SERVO,1,1,12720,0,0.0,ADD 1,0,1,0,0,0.0,ADD 2,0,1,0,0,0.0,ADD 3,0,1,0,0,0.0,ADD 4,0,1,0,0,0.0,ADD 5,0,0,0,0,0.0,ADD 6,0,1,0,0,0.0,ADD 7,0,0,0,0,0.0,EGT2CAN,0,1,0,0,0.0
1778953711.943936,0.0,12751,-49.0,1,-,0,0,0,0,0.0,-,0,0,0,0,0.0,ECU,1,1,12726,0,0.0,FAN1,0,0,0,0,0.0,COILS,1,1,12727,0,0.0,PUMP,0,0,0,0,0.0,INJECTOR,1,1,12739,0,0.0,SERVO,1,1,12714,0,0.0,ADD 1,0,1,0,0,0.0,ADD 2,0,1,0,0,0.0,ADD 3,0,1,0,0,0.0,ADD 4,0,1,0,0,0.0,ADD 5,0,0,0,0,0.0,ADD 6,0,1,0,0,0.0,ADD 7,0,0,0,0,0.0,EGT2CAN,0,1,0,0,0.0
1778953711.99494,0.0,12752,-49.0,1,-,0,0,0,0,0.0,-,0,0,0,0,0.0,ECU,1,1,12726,0,0.0,FAN1,0,0,0,0,0.0,COILS,1,1,12727,0,0.0,PUMP,0,0,0,0,0.0,INJECTOR,1,1,12739,0,0.0,SERVO,1,1,12714,0,0.0,ADD 1,0,1,0,0,0.0,ADD 2,0,1,0,0,0.0,ADD 3,0,1,0,0,0.0,ADD 4,0,1,0,0,0.0,ADD 5,0,0,0,0,0.0,ADD 6,0,1,0,0,0.0,ADD 7,0,0,0,0,0.0,EGT2CAN,0,1,0,0,0.0
1778953712.045791,0.0,12750,-49.0,1,-,0,0,0,0,0.0,-,0,0,0,0,0.0,ECU,1,1,12743,0,0.0,FAN1,0,0,0,0,0.0,COILS,1,1,12738,0,0.0,PUMP,0,0,0,0,0.0,INJECTOR,1,1,12751,0,0.0,SERVO,1,1,12696,0,0.0,ADD 1,0,1,0,0,0.0,ADD 2,0,1,0,0,0.0,ADD 3,0,1,0,0,0.0,ADD 4,0,1,0,0,0.0,ADD 5,0,0,0,0,0.0,ADD 6,0,1,0,0,0.0,ADD 7,0,0,0,0,0.0,EGT2CAN,0,1,0,0,0.0
1778953712.0984144,0.0,12750,-49.0,1,-,0,0,0,0,0.0,-,0,0,0,0,0.0,ECU,1,1,12731,0,0.0,FAN1,0,0,0,0,0.0,COILS,1,1,12747,0,0.0,PUMP,0,0,0,0,0.0,INJECTOR,1,1,12728,0,0.0,SERVO,1,1,12697,0,0.0,ADD 1,0,1,0,0,0.0,ADD 2,0,1,0,0,0.0,ADD 3,0,1,0,0,0.0,ADD 4,0,1,0,0,0.0,ADD 5,0,0,0,0,0.0,ADD 6,0,1,0,0,0.0,ADD 7,0,0,0,0,0.0,EGT2CAN,0,1,0,0,0.0
1778953712.1495566,0.0,12751,-49.0,1,-,0,0,0,0,0.0,-,0,0,0,0,0.0,ECU,1,1,12731,0,0.0,FAN1,0,0,0,0,0.0,COILS,1,1,12747,0,0.0,PUMP,0,0,0,0,0.0,INJECTOR,1,1,12728,0,0.0,SERVO,1,1,12697,0,0.0,ADD 1,0,1,0,0,0.0,ADD 2,0,1,0,0,0.0,ADD 3,0,1,0,0,0.0,ADD 4,0,1,0,0,0.0,ADD 5,0,0,0,0,0.0,ADD 6,0,1,0,0,0.0,ADD 7,0,0,0,0,0.0,EGT2CAN,0,1,0,0,0.0
1778953712.200163,0.0,12749,-50.0,1,-,0,0,0,0,0.0,-,0,0,0,0,0.0,ECU,1,1,12742,0,0.0,FAN1,0,0,0,0,0.0,COILS,1,1,12747,0,0.0,PUMP,0,0,0,0,0.0,INJECTOR,1,1,12742,0,0.0,SERVO,1,1,12712,0,0.0,ADD 1,0,1,0,0,0.0,ADD 2,0,1,0,0,0.0,ADD 3,0,1,0,0,0.0,ADD 4,0,1,0,0,0.0,ADD 5,0,0,0,0,0.0,ADD 6,0,1,0,0,0.0,ADD 7,0,0,0,0,0.0,EGT2CAN,0,1,0,0,0.0
1778953712.2520535,0.0,12748,-49.0,1,-,0,0,0,0,0.0,-,0,0,0,0,0.0,ECU,1,1,12728,0,0.0,FAN1,0,0,0,0,0.0,COILS,1,1,12746,0,0.0,PUMP,0,0,0,0,0.0,INJECTOR,1,1,12733,0,0.0,SERVO,1,1,12706,0,0.0,ADD 1,0,1,0,0,0.0,ADD 2,0,1,0,0,0.0,ADD 3,0,1,0,0,0.0,ADD 4,0,1,0,0,0.0,ADD 5,0,0,0,0,0.0,ADD 6,0,1,0,0,0.0,ADD 7,0,0,0,0,0.0,EGT2CAN,0,1,0,0,0.0
1778953712.3047762,0.0,12748,-49.0,1,-,0,0,0,0,0.0,-,0,0,0,0,0.0,ECU,1,1,12728,0,0.0,FAN1,0,0,0,0,0.0,COILS,1,1,12746,0,0.0,PUMP,0,0,0,0,0.0,INJECTOR,1,1,12733,0,0.0,SERVO,1,1,12706,0,0.0,ADD 1,0,1,0,0,0.0,ADD 2,0,1,0,0,0.0,ADD 3,0,1,0,0,0.0,ADD 4,0,1,0,0,0.0,ADD 5,0,0,0,0,0.0,ADD 6,0,1,0,0,0.0,ADD 7,0,0,0,0,0.0,EGT2CAN,0,1,0,0,0.0
1778953712.3558383,0.0,12747,-49.0,1,-,0,0,0,0,0.0,-,0,0,0,0,0.0,ECU,1,1,12728,0,0.0,FAN1,0,0,0,0,0.0,COILS,1,1,12737,0,0.0,PUMP,0,0,0,0,0.0,INJECTOR,1,1,12730,0,0.0,SERVO,1,1,12705,0,0.0,ADD 1,0,1,0,0,0.0,ADD 2,0,1,0,0,0.0,ADD 3,0,1,0,0,0.0,ADD 4,0,1,0,0,0.0,ADD 5,0,0,0,0,0.0,ADD 6,0,1,0,0,0.0,ADD 7,0,0,0,0,0.0,EGT2CAN,0,1,0,0,0.0
1778953712.4068573,0.0,12748,-49.0,1,-,0,0,0,0,0.0,-,0,0,0,0,0.0,ECU,1,1,12730,0,0.0,FAN1,0,0,0,0,0.0,COILS,1,1,12722,0,0.0,PUMP,0,0,0,0,0.0,INJECTOR,1,1,12750,0,0.0,SERVO,1,1,12707,0,0.0,ADD 1,0,1,0,0,0.0,ADD 2,0,1,0,0,0.0,ADD 3,0,1,0,0,0.0,ADD 4,0,1,0,0,0.0,ADD 5,0,0,0,0,0.0,ADD 6,0,1,0,0,0.0,ADD 7,0,0,0,0,0.0,EGT2CAN,0,1,0,0,0.0
1778953712.459757,0.0,12748,-49.0,1,-,0,0,0,0,0.0,-,0,0,0,0,0.0,ECU,1,1,12730,0,0.0,FAN1,0,0,0,0,0.0,COILS,1,1,12722,0,0.0,PUMP,0,0,0,0,0.0,INJECTOR,1,1,12750,0,0.0,SERVO,1,1,12707,0,0.0,ADD 1,0,1,0,0,0.0,ADD 2,0,1,0,0,0.0,ADD 3,0,1,0,0,0.0,ADD 4,0,1,0,0,0.0,ADD 5,0,0,0,0,0.0,ADD 6,0,1,0,0,0.0,ADD 7,0,0,0,0,0.0,EGT2CAN,0,1,0,0,0.0
1778953712.5103717,0.0,12748,-50.0,1,-,0,0,0,0,0.0,-,0,0,0,0,0.0,ECU,1,1,12742,0,0.0,FAN1,0,0,0,0,0.0,COILS,1,1,12734,0,0.0,PUMP,0,0,0,0,0.0,INJECTOR,1,1,12738,0,0.0,SERVO,1,1,12709,0,0.0,ADD 1,0,1,0,0,0.0,ADD 2,0,1,0,0,0.0,ADD 3,0,1,0,0,0.0,ADD 4,0,1,0,0,0.0,ADD 5,0,0,0,0,0.0,ADD 6,0,1,0,0,0.0,ADD 7,0,0,0,0,0.0,EGT2CAN,0,1,0,0,0.0
1778953712.5629878,0.0,12747,-49.0,1,-,0,0,0,0,0.0,-,0,0,0,0,0.0,ECU,1,1,12721,0,0.0,FAN1,0,0,0,0,0.0,COILS,1,1,12742,0,0.0,PUMP,0,0,0,0,0.0,INJECTOR,1,1,12734,0,0.0,SERVO,1,1,12709,0,0.0,ADD 1,0,1,0,0,0.0,ADD 2,0,1,0,0,0.0,ADD 3,0,1,0,0,0.0,ADD 4,0,1,0,0,0.0,ADD 5,0,0,0,0,0.0,ADD 6,0,1,0,0,0.0,ADD 7,0,0,0,0,0.0,EGT2CAN,0,1,0,0,0.0
1778953712.613356,0.0,12747,-49.0,1,-,0,0,0,0,0.0,-,0,0,0,0,0.0,ECU,1,1,12728,0,0.0,FAN1,0,0,0,0,0.0,COILS,1,1,12733,0,0.0,PUMP,0,0,0,0,0.0,INJECTOR,1,1,12706,0,0.0,SERVO,1,1,12696,0,0.0,ADD 1,0,1,0,0,0.0,ADD 2,0,1,0,0,0.0,ADD 3,0,1,0,0,0.0,ADD 4,0,1,0,0,0.0,ADD 5,0,0,0,0,0.0,ADD 6,0,1,0,0,0.0,ADD 7,0,0,0,0,0.0,EGT2CAN,0,1,0,0,0.0
1778953712.675179,0.0,12751,-50.0,1,-,0,0,0,0,0.0,-,0,0,0,0,0.0,ECU,1,1,12709,0,0.0,FAN1,0,0,0,0,0.0,COILS,1,1,12742,0,0.0,PUMP,0,0,0,0,0.0,INJECTOR,1,1,12715,0,0.0,SERVO,1,1,12708,0,0.0,ADD 1,0,1,0,0,0.0,ADD 2,0,1,0,0,0.0,ADD 3,0,1,0,0,0.0,ADD 4,0,1,0,0,0.0,ADD 5,0,0,0,0,0.0,ADD 6,0,1,0,0,0.0,ADD 7,0,0,0,0,0.0,EGT2CAN,0,1,0,0,0.0
1778953712.7334373,0.0,12751,-50.0,1,-,0,0,0,0,0.0,-,0,0,0,0,0.0,ECU,1,1,12724,0,0.0,FAN1,0,0,0,0,0.0,COILS,1,1,12737,0,0.0,PUMP,0,0,0,0,0.0,INJECTOR,1,1,12728,0,0.0,SERVO,1,1,12707,0,0.0,ADD 1,0,1,0,0,0.0,ADD 2,0,1,0,0,0.0,ADD 3,0,1,0,0,0.0,ADD 4,0,1,0,0,0.0,ADD 5,0,0,0,0,0.0,ADD 6,0,1,0,0,0.0,ADD 7,0,0,0,0,0.0,EGT2CAN,0,1,0,0,0.0
1778953712.78441,0.0,12750,-49.0,1,-,0,0,0,0,0.0,-,0,0,0,0,0.0,ECU,1,1,12736,0,0.0,FAN1,0,0,0,0,0.0,COILS,1,1,12747,0,0.0,PUMP,0,0,0,0,0.0,INJECTOR,1,1,12729,0,0.0,SERVO,1,1,12705,0,0.0,ADD 1,0,1,0,0,0.0,ADD 2,0,1,0,0,0.0,ADD 3,0,1,0,0,0.0,ADD 4,0,1,0,0,0.0,ADD 5,0,0,0,0,0.0,ADD 6,0,1,0,0,0.0,ADD 7,0,0,0,0,0.0,EGT2CAN,0,1,0,0,0.0
1778953712.8376982,0.0,12750,-50.0,1,-,0,0,0,0,0.0,-,0,0,0,0,0.0,ECU,1,1,12733,0,0.0,FAN1,0,0,0,0,0.0,COILS,1,1,12732,0,0.0,PUMP,0,0,0,0,0.0,INJECTOR,1,1,12734,0,0.0,SERVO,1,1,12710,0,0.0,ADD 1,0,1,0,0,0.0,ADD 2,0,1,0,0,0.0,ADD 3,0,1,0,0,0.0,ADD 4,0,1,0,0,0.0,ADD 5,0,0,0,0,0.0,ADD 6,0,1,0,0,0.0,ADD 7,0,0,0,0,0.0,EGT2CAN,0,1,0,0,0.0
1778953712.8925629,0.0,12750,-50.0,1,-,0,0,0,0,0.0,-,0,0,0,0,0.0,ECU,1,1,12733,0,0.0,FAN1,0,0,0,0,0.0,COILS,1,1,12732,0,0.0,PUMP,0,0,0,0,0.0,INJECTOR,1,1,12734,0,0.0,SERVO,1,1,12710,0,0.0,ADD 1,0,1,0,0,0.0,ADD 2,0,1,0,0,0.0,ADD 3,0,1,0,0,0.0,ADD 4,0,1,0,0,0.0,ADD 5,0,0,0,0,0.0,ADD 6,0,1,0,0,0.0,ADD 7,0,0,0,0,0.0,EGT2CAN,0,1,0,0,0.0
1778953712.9433475,0.0,12749,-50.0,1,-,0,0,0,0,0.0,-,0,0,0,0,0.0,ECU,1,1,12737,0,0.0,FAN1,0,0,0,0,0.0,COILS,1,1,12742,0,0.0,PUMP,0,0,0,0,0.0,INJECTOR,1,1,12749,0,0.0,SERVO,1,1,12705,0,0.0,ADD 1,0,1,0,0,0.0,ADD 2,0,1,0,0,0.0,ADD 3,0,1,0,0,0.0,ADD 4,0,1,0,0,0.0,ADD 5,0,0,0,0,0.0,ADD 6,0,1,0,0,0.0,ADD 7,0,0,0,0,0.0,EGT2CAN,0,1,0,0,0.0
1778953713.0018961,0.0,12749,-50.0,1,-,0,0,0,0,0.0,-,0,0,0,0,0.0,ECU,1,1,12720,0,0.0,FAN1,0,0,0,0,0.0,COILS,1,1,12750,0,0.0,PUMP,0,0,0,0,0.0,INJECTOR,1,1,12723,0,0.0,SERVO,1,1,12715,0,0.0,ADD 1,0,1,0,0,0.0,ADD 2,0,1,0,0,0.0,ADD 3,0,1,0,0,0.0,ADD 4,0,1,0,0,0.0,ADD 5,0,0,0,0,0.0,ADD 6,0,1,0,0,0.0,ADD 7,0,0,0,0,0.0,EGT2CAN,0,1,0,0,0.0
1778953713.0543227,0.0,12748,-49.0,1,-,0,0,0,0,0.0,-,0,0,0,0,0.0,ECU,1,1,12720,0,0.0,FAN1,0,0,0,0,0.0,COILS,1,1,12750,0,0.0,PUMP,0,0,0,0,0.0,INJECTOR,1,1,12723,0,0.0,SERVO,1,1,12715,0,0.0,ADD 1,0,1,0,0,0.0,ADD 2,0,1,0,0,0.0,ADD 3,0,1,0,0,0.0,ADD 4,0,1,0,0,0.0,ADD 5,0,0,0,0,0.0,ADD 6,0,1,0,0,0.0,ADD 7,0,0,0,0,0.0,EGT2CAN,0,1,0,0,0.0
1778953713.1054132,0.0,12748,-49.0,1,-,0,0,0,0,0.0,-,0,0,0,0,0.0,ECU,1,1,12732,0,0.0,FAN1,0,0,0,0,0.0,COILS,1,1,12747,0,0.0,PUMP,0,0,0,0,0.0,INJECTOR,1,1,12737,0,0.0,SERVO,1,1,12711,0,0.0,ADD 1,0,1,0,0,0.0,ADD 2,0,1,0,0,0.0,ADD 3,0,1,0,0,0.0,ADD 4,0,1,0,0,0.0,ADD 5,0,0,0,0,0.0,ADD 6,0,1,0,0,0.0,ADD 7,0,0,0,0,0.0,EGT2CAN,0,1,0,0,0.0
1778953713.167214,0.0,12747,-50.0,1,-,0,0,0,0,0.0,-,0,0,0,0,0.0,ECU,1,1,12737,0,0.0,FAN1,0,0,0,0,0.0,COILS,1,1,12750,0,0.0,PUMP,0,0,0,0,0.0,INJECTOR,1,1,12733,0,0.0,SERVO,1,1,12725,0,0.0,ADD 1,0,1,0,0,0.0,ADD 2,0,1,0,0,0.0,ADD 3,0,1,0,0,0.0,ADD 4,0,1,0,0,0.0,ADD 5,0,0,0,0,0.0,ADD 6,0,1,0,0,0.0,ADD 7,0,0,0,0,0.0,EGT2CAN,0,1,0,0,0.0
1778953713.2180386,0.0,12747,-50.0,1,-,0,0,0,0,0.0,-,0,0,0,0,0.0,ECU,1,1,12727,0,0.0,FAN1,0,0,0,0,0.0,COILS,1,1,12738,0,0.0,PUMP,0,0,0,0,0.0,INJECTOR,1,1,12737,0,0.0,SERVO,1,1,12702,0,0.0,ADD 1,0,1,0,0,0.0,ADD 2,0,1,0,0,0.0,ADD 3,0,1,0,0,0.0,ADD 4,0,1,0,0,0.0,ADD 5,0,0,0,0,0.0,ADD 6,0,1,0,0,0.0,ADD 7,0,0,0,0,0.0,EGT2CAN,0,1,0,0,0.0
1778953713.269019,0.0,12748,-49.0,1,-,0,0,0,0,0.0,-,0,0,0,0,0.0,ECU,1,1,12718,0,0.0,FAN1,0,0,0,0,0.0,COILS,1,1,12727,0,0.0,PUMP,0,0,0,0,0.0,INJECTOR,1,1,12722,0,0.0,SERVO,1,1,12695,0,0.0,ADD 1,0,1,0,0,0.0,ADD 2,0,1,0,0,0.0,ADD 3,0,1,0,0,0.0,ADD 4,0,1,0,0,0.0,ADD 5,0,0,0,0,0.0,ADD 6,0,1,0,0,0.0,ADD 7,0,0,0,0,0.0,EGT2CAN,0,1,0,0,0.0
1778953713.3199677,0.0,12749,-49.0,1,-,0,0,0,0,0.0,-,0,0,0,0,0.0,ECU,1,1,12718,0,0.0,FAN1,0,0,0,0,0.0,COILS,1,1,12752,0,0.0,PUMP,0,0,0,0,0.0,INJECTOR,1,1,12728,0,0.0,SERVO,1,1,12701,0,0.0,ADD 1,0,1,0,0,0.0,ADD 2,0,1,0,0,0.0,ADD 3,0,1,0,0,0.0,ADD 4,0,1,0,0,0.0,ADD 5,0,0,0,0,0.0,ADD 6,0,1,0,0,0.0,ADD 7,0,0,0,0,0.0,EGT2CAN,0,1,0,0,0.0
1778953713.37134,0.0,12749,-49.0,1,-,0,0,0,0,0.0,-,0,0,0,0,0.0,ECU,1,1,12726,0,0.0,FAN1,0,0,0,0,0.0,COILS,1,1,12752,0,0.0,PUMP,0,0,0,0,0.0,INJECTOR,1,1,12733,0,0.0,SERVO,1,1,12714,0,0.0,ADD 1,0,1,0,0,0.0,ADD 2,0,1,0,0,0.0,ADD 3,0,1,0,0,0.0,ADD 4,0,1,0,0,0.0,ADD 5,0,0,0,0,0.0,ADD 6,0,1,0,0,0.0,ADD 7,0,0,0,0,0.0,EGT2CAN,0,1,0,0,0.0
1778953713.421641,0.0,12749,-49.0,1,-,0,0,0,0,0.0,-,0,0,0,0,0.0,ECU,1,1,12728,0,0.0,FAN1,0,0,0,0,0.0,COILS,1,1,12722,0,0.0,PUMP,0,0,0,0,0.0,INJECTOR,1,1,12716,0,0.0,SERVO,1,1,12720,0,0.0,ADD 1,0,1,0,0,0.0,ADD 2,0,1,0,0,0.0,ADD 3,0,1,0,0,0.0,ADD 4,0,1,0,0,0.0,ADD 5,0,0,0,0,0.0,ADD 6,0,1,0,0,0.0,ADD 7,0,0,0,0,0.0,EGT2CAN,0,1,0,0,0.0
1778953713.4854639,0.0,12747,-49.0,1,-,0,0,0,0,0.0,-,0,0,0,0,0.0,ECU,1,1,12728,0,0.0,FAN1,0,0,0,0,0.0,COILS,1,1,12722,0,0.0,PUMP,0,0,0,0,0.0,INJECTOR,1,1,12716,0,0.0,SERVO,1,1,12720,0,0.0,ADD 1,0,1,0,0,0.0,ADD 2,0,1,0,0,0.0,ADD 3,0,1,0,0,0.0,ADD 4,0,1,0,0,0.0,ADD 5,0,0,0,0,0.0,ADD 6,0,1,0,0,0.0,ADD 7,0,0,0,0,0.0,EGT2CAN,0,1,0,0,0.0
1778953713.5366921,0.0,12747,-49.0,1,-,0,0,0,0,0.0,-,0,0,0,0,0.0,ECU,1,1,12730,0,0.0,FAN1,0,0,0,0,0.0,COILS,1,1,12738,0,0.0,PUMP,0,0,0,0,0.0,INJECTOR,1,1,12725,0,0.0,SERVO,1,1,12715,0,0.0,ADD 1,0,1,0,0,0.0,ADD 2,0,1,0,0,0.0,ADD 3,0,1,0,0,0.0,ADD 4,0,1,0,0,0.0,ADD 5,0,0,0,0,0.0,ADD 6,0,1,0,0,0.0,ADD 7,0,0,0,0,0.0,EGT2CAN,0,1,0,0,0.0
1778953713.5872,0.0,12748,-49.0,1,-,0,0,0,0,0.0,-,0,0,0,0,0.0,ECU,1,1,12722,0,0.0,FAN1,0,0,0,0,0.0,COILS,1,1,12739,0,0.0,PUMP,0,0,0,0,0.0,INJECTOR,1,1,12747,0,0.0,SERVO,1,1,12706,0,0.0,ADD 1,0,1,0,0,0.0,ADD 2,0,1,0,0,0.0,ADD 3,0,1,0,0,0.0,ADD 4,0,1,0,0,0.0,ADD 5,0,0,0,0,0.0,ADD 6,0,1,0,0,0.0,ADD 7,0,0,0,0,0.0,EGT2CAN,0,1,0,0,0.0
1778953713.639034,0.0,12748,-49.0,1,-,0,0,0,0,0.0,-,0,0,0,0,0.0,ECU,1,1,12742,0,0.0,FAN1,0,0,0,0,0.0,COILS,1,1,12731,0,0.0,PUMP,0,0,0,0,0.0,INJECTOR,1,1,12752,0,0.0,SERVO,1,1,12697,0,0.0,ADD 1,0,1,0,0,0.0,ADD 2,0,1,0,0,0.0,ADD 3,0,1,0,0,0.0,ADD 4,0,1,0,0,0.0,ADD 5,0,0,0,0,0.0,ADD 6,0,1,0,0,0.0,ADD 7,0,0,0,0,0.0,EGT2CAN,0,1,0,0,0.0
1778953713.6929088,0.0,12748,-49.0,1,-,0,0,0,0,0.0,-,0,0,0,0,0.0,ECU,1,1,12734,0,0.0,FAN1,0,0,0,0,0.0,COILS,1,1,12731,0,0.0,PUMP,0,0,0,0,0.0,INJECTOR,1,1,12752,0,0.0,SERVO,1,1,12697,0,0.0,ADD 1,0,1,0,0,0.0,ADD 2,0,1,0,0,0.0,ADD 3,0,1,0,0,0.0,ADD 4,0,1,0,0,0.0,ADD 5,0,0,0,0,0.0,ADD 6,0,1,0,0,0.0,ADD 7,0,0,0,0,0.0,EGT2CAN,0,1,0,0,0.0
1778953713.7527676,0.0,12749,-52.0,1,-,0,0,0,0,0.0,-,0,0,0,0,0.0,ECU,1,1,12729,0,0.0,FAN1,0,0,0,0,0.0,COILS,1,1,12752,0,0.0,PUMP,0,0,0,0,0.0,INJECTOR,1,1,12734,0,0.0,SERVO,1,1,12700,0,0.0,ADD 1,0,1,0,0,0.0,ADD 2,0,1,0,0,0.0,ADD 3,0,1,0,0,0.0,ADD 4,0,1,0,0,0.0,ADD 5,0,0,0,0,0.0,ADD 6,0,1,0,0,0.0,ADD 7,0,0,0,0,0.0,EGT2CAN,0,1,0,0,0.0
1778953713.818012,0.0,12744,-50.0,1,-,0,0,0,0,0.0,-,0,0,0,0,0.0,ECU,1,1,12739,0,0.0,FAN1,0,0,0,0,0.0,COILS,1,1,12745,0,0.0,PUMP,0,0,0,0,0.0,INJECTOR,1,1,12744,0,0.0,SERVO,1,1,12702,0,0.0,ADD 1,0,1,0,0,0.0,ADD 2,0,1,0,0,0.0,ADD 3,0,1,0,0,0.0,ADD 4,0,1,0,0,0.0,ADD 5,0,0,0,0,0.0,ADD 6,0,1,0,0,0.0,ADD 7,0,0,0,0,0.0,EGT2CAN,0,1,0,0,0.0
1778953713.868896,0.0,12744,-50.0,1,-,0,0,0,0,0.0,-,0,0,0,0,0.0,ECU,1,1,12712,0,0.0,FAN1,0,0,0,0,0.0,COILS,1,1,12726,0,0.0,PUMP,0,0,0,0,0.0,INJECTOR,1,1,12738,0,0.0,SERVO,1,1,12697,0,0.0,ADD 1,0,1,0,0,0.0,ADD 2,0,1,0,0,0.0,ADD 3,0,1,0,0,0.0,ADD 4,0,1,0,0,0.0,ADD 5,0,0,0,0,0.0,ADD 6,0,1,0,0,0.0,ADD 7,0,0,0,0,0.0,EGT2CAN,0,1,0,0,0.0
1778953713.9193053,0.0,12743,-49.0,1,-,0,0,0,0,0.0,-,0,0,0,0,0.0,ECU,1,1,12733,0,0.0,FAN1,0,0,0,0,0.0,COILS,1,1,12724,0,0.0,PUMP,0,0,0,0,0.0,INJECTOR,1,1,12716,0,0.0,SERVO,1,1,12695,0,0.0,ADD 1,0,1,0,0,0.0,ADD 2,0,1,0,0,0.0,ADD 3,0,1,0,0,0.0,ADD 4,0,1,0,0,0.0,ADD 5,0,0,0,0,0.0,ADD 6,0,1,0,0,0.0,ADD 7,0,0,0,0,0.0,EGT2CAN,0,1,0,0,0.0
1778953713.9708507,0.0,12741,-49.0,1,-,0,0,0,0,0.0,-,0,0,0,0,0.0,ECU,1,1,12737,0,0.0,FAN1,0,0,0,0,0.0,COILS,1,1,12714,0,0.0,PUMP,0,0,0,0,0.0,INJECTOR,1,1,12732,0,0.0,SERVO,1,1,12715,0,0.0,ADD 1,0,1,0,0,0.0,ADD 2,0,1,0,0,0.0,ADD 3,0,1,0,0,0.0,ADD 4,0,1,0,0,0.0,ADD 5,0,0,0,0,0.0,ADD 6,0,1,0,0,0.0,ADD 7,0,0,0,0,0.0,EGT2CAN,0,1,0,0,0.0
1778953714.021797,0.0,12741,-49.0,1,-,0,0,0,0,0.0,-,0,0,0,0,0.0,ECU,1,1,12718,0,0.0,FAN1,0,0,0,0,0.0,COILS,1,1,12714,0,0.0,PUMP,0,0,0,0,0.0,INJECTOR,1,1,12732,0,0.0,SERVO,1,1,12715,0,0.0,ADD 1,0,1,0,0,0.0,ADD 2,0,1,0,0,0.0,ADD 3,0,1,0,0,0.0,ADD 4,0,1,0,0,0.0,ADD 5,0,0,0,0,0.0,ADD 6,0,1,0,0,0.0,ADD 7,0,0,0,0,0.0,EGT2CAN,0,1,0,0,0.0
1778953714.0723338,0.0,12745,-49.0,1,-,0,0,0,0,0.0,-,0,0,0,0,0.0,ECU,1,1,12728,0,0.0,FAN1,0,0,0,0,0.0,COILS,1,1,12737,0,0.0,PUMP,0,0,0,0,0.0,INJECTOR,1,1,12752,0,0.0,SERVO,1,1,12722,0,0.0,ADD 1,0,1,0,0,0.0,ADD 2,0,1,0,0,0.0,ADD 3,0,1,0,0,0.0,ADD 4,0,1,0,0,0.0,ADD 5,0,0,0,0,0.0,ADD 6,0,1,0,0,0.0,ADD 7,0,0,0,0,0.0,EGT2CAN,0,1,0,0,0.0
1778953714.128335,0.0,12745,-49.0,1,-,0,0,0,0,0.0,-,0,0,0,0,0.0,ECU,1,1,12728,0,0.0,FAN1,0,0,0,0,0.0,COILS,1,1,12737,0,0.0,PUMP,0,0,0,0,0.0,INJECTOR,1,1,12752,0,0.0,SERVO,1,1,12722,0,0.0,ADD 1,0,1,0,0,0.0,ADD 2,0,1,0,0,0.0,ADD 3,0,1,0,0,0.0,ADD 4,0,1,0,0,0.0,ADD 5,0,0,0,0,0.0,ADD 6,0,1,0,0,0.0,ADD 7,0,0,0,0,0.0,EGT2CAN,0,1,0,0,0.0
1778953714.1815617,0.0,12745,-49.0,1,-,0,0,0,0,0.0,-,0,0,0,0,0.0,ECU,1,1,12744,0,0.0,FAN1,0,0,0,0,0.0,COILS,1,1,12742,0,0.0,PUMP,0,0,0,0,0.0,INJECTOR,1,1,12747,0,0.0,SERVO,1,1,12722,0,0.0,ADD 1,0,1,0,0,0.0,ADD 2,0,1,0,0,0.0,ADD 3,0,1,0,0,0.0,ADD 4,0,1,0,0,0.0,ADD 5,0,0,0,0,0.0,ADD 6,0,1,0,0,0.0,ADD 7,0,0,0,0,0.0,EGT2CAN,0,1,0,0,0.0
1778953714.2324905,0.0,12745,-49.0,1,-,0,0,0,0,0.0,-,0,0,0,0,0.0,ECU,1,1,12735,0,0.0,FAN1,0,0,0,0,0.0,COILS,1,1,12727,0,0.0,PUMP,0,0,0,0,0.0,INJECTOR,1,1,12744,0,0.0,SERVO,1,1,12731,0,0.0,ADD 1,0,1,0,0,0.0,ADD 2,0,1,0,0,0.0,ADD 3,0,1,0,0,0.0,ADD 4,0,1,0,0,0.0,ADD 5,0,0,0,0,0.0,ADD 6,0,1,0,0,0.0,ADD 7,0,0,0,0,0.0,EGT2CAN,0,1,0,0,0.0
1778953714.2841308,0.0,12745,-49.0,1,-,0,0,0,0,0.0,-,0,0,0,0,0.0,ECU,1,1,12735,0,0.0,FAN1,0,0,0,0,0.0,COILS,1,1,12727,0,0.0,PUMP,0,0,0,0,0.0,INJECTOR,1,1,12744,0,0.0,SERVO,1,1,12731,0,0.0,ADD 1,0,1,0,0,0.0,ADD 2,0,1,0,0,0.0,ADD 3,0,1,0,0,0.0,ADD 4,0,1,0,0,0.0,ADD 5,0,0,0,0,0.0,ADD 6,0,1,0,0,0.0,ADD 7,0,0,0,0,0.0,EGT2CAN,0,1,0,0,0.0
1778953714.3370805,0.0,12745,-49.0,1,-,0,0,0,0,0.0,-,0,0,0,0,0.0,ECU,1,1,12731,0,0.0,FAN1,0,0,0,0,0.0,COILS,1,1,12739,0,0.0,PUMP,0,0,0,0,0.0,INJECTOR,1,1,12743,0,0.0,SERVO,1,1,12719,0,0.0,ADD 1,0,1,0,0,0.0,ADD 2,0,1,0,0,0.0,ADD 3,0,1,0,0,0.0,ADD 4,0,1,0,0,0.0,ADD 5,0,0,0,0,0.0,ADD 6,0,1,0,0,0.0,ADD 7,0,0,0,0,0.0,EGT2CAN,0,1,0,0,0.0
1778953714.3875413,0.0,12743,-49.0,1,-,0,0,0,0,0.0,-,0,0,0,0,0.0,ECU,1,1,12729,0,0.0,FAN1,0,0,0,0,0.0,COILS,1,1,12742,0,0.0,PUMP,0,0,0,0,0.0,INJECTOR,1,1,12743,0,0.0,SERVO,1,1,12701,0,0.0,ADD 1,0,1,0,0,0.0,ADD 2,0,1,0,0,0.0,ADD 3,0,1,0,0,0.0,ADD 4,0,1,0,0,0.0,ADD 5,0,0,0,0,0.0,ADD 6,0,1,0,0,0.0,ADD 7,0,0,0,0,0.0,EGT2CAN,0,1,0,0,0.0
1778953714.4395866,0.0,12743,-49.0,1,-,0,0,0,0,0.0,-,0,0,0,0,0.0,ECU,1,1,12729,0,0.0,FAN1,0,0,0,0,0.0,COILS,1,1,12742,0,0.0,PUMP,0,0,0,0,0.0,INJECTOR,1,1,12743,0,0.0,SERVO,1,1,12701,0,0.0,ADD 1,0,1,0,0,0.0,ADD 2,0,1,0,0,0.0,ADD 3,0,1,0,0,0.0,ADD 4,0,1,0,0,0.0,ADD 5,0,0,0,0,0.0,ADD 6,0,1,0,0,0.0,ADD 7,0,0,0,0,0.0,EGT2CAN,0,1,0,0,0.0
1778953714.5070221,0.0,12743,-49.0,1,-,0,0,0,0,0.0,-,0,0,0,0,0.0,ECU,1,1,12725,0,0.0,FAN1,0,0,0,0,0.0,COILS,1,1,12742,0,0.0,PUMP,0,0,0,0,0.0,INJECTOR,1,1,12743,0,0.0,SERVO,1,1,12701,0,0.0,ADD 1,0,1,0,0,0.0,ADD 2,0,1,0,0,0.0,ADD 3,0,1,0,0,0.0,ADD 4,0,1,0,0,0.0,ADD 5,0,0,0,0,0.0,ADD 6,0,1,0,0,0.0,ADD 7,0,0,0,0,0.0,EGT2CAN,0,1,0,0,0.0
1778953714.55815,0.0,12744,-49.0,1,-,0,0,0,0,0.0,-,0,0,0,0,0.0,ECU,1,1,12737,0,0.0,FAN1,0,0,0,0,0.0,COILS,1,1,12738,0,0.0,PUMP,0,0,0,0,0.0,INJECTOR,1,1,12747,0,0.0,SERVO,1,1,12707,0,0.0,ADD 1,0,1,0,0,0.0,ADD 2,0,1,0,0,0.0,ADD 3,0,1,0,0,0.0,ADD 4,0,1,0,0,0.0,ADD 5,0,0,0,0,0.0,ADD 6,0,1,0,0,0.0,ADD 7,0,0,0,0,0.0,EGT2CAN,0,1,0,0,0.0
1778953714.6094022,0.0,12746,-49.0,1,-,0,0,0,0,0.0,-,0,0,0,0,0.0,ECU,1,1,12727,0,0.0,FAN1,0,0,0,0,0.0,COILS,1,1,12745,0,0.0,PUMP,0,0,0,0,0.0,INJECTOR,1,1,12747,0,0.0,SERVO,1,1,12701,0,0.0,ADD 1,0,1,0,0,0.0,ADD 2,0,1,0,0,0.0,ADD 3,0,1,0,0,0.0,ADD 4,0,1,0,0,0.0,ADD 5,0,0,0,0,0.0,ADD 6,0,1,0,0,0.0,ADD 7,0,0,0,0,0.0,EGT2CAN,0,1,0,0,0.0
1778953714.664188,0.0,12746,-49.0,1,-,0,0,0,0,0.0,-,0,0,0,0,0.0,ECU,1,1,12733,0,0.0,FAN1,0,0,0,0,0.0,COILS,1,1,12742,0,0.0,PUMP,0,0,0,0,0.0,INJECTOR,1,1,12754,0,0.0,SERVO,1,1,12709,0,0.0,ADD 1,0,1,0,0,0.0,ADD 2,0,1,0,0,0.0,ADD 3,0,1,0,0,0.0,ADD 4,0,1,0,0,0.0,ADD 5,0,0,0,0,0.0,ADD 6,0,1,0,0,0.0,ADD 7,0,0,0,0,0.0,EGT2CAN,0,1,0,0,0.0
1778953714.715111,0.0,12745,-49.0,1,-,0,0,0,0,0.0,-,0,0,0,0,0.0,ECU,1,1,12733,0,0.0,FAN1,0,0,0,0,0.0,COILS,1,1,12736,0,0.0,PUMP,0,0,0,0,0.0,INJECTOR,1,1,12750,0,0.0,SERVO,1,1,12719,0,0.0,ADD 1,0,1,0,0,0.0,ADD 2,0,1,0,0,0.0,ADD 3,0,1,0,0,0.0,ADD 4,0,1,0,0,0.0,ADD 5,0,0,0,0,0.0,ADD 6,0,1,0,0,0.0,ADD 7,0,0,0,0,0.0,EGT2CAN,0,1,0,0,0.0
1778953714.7762601,0.0,12746,-49.0,1,-,0,0,0,0,0.0,-,0,0,0,0,0.0,ECU,1,1,12719,0,0.0,FAN1,0,0,0,0,0.0,COILS,1,1,12751,0,0.0,PUMP,0,0,0,0,0.0,INJECTOR,1,1,12733,0,0.0,SERVO,1,1,12717,0,0.0,ADD 1,0,1,0,0,0.0,ADD 2,0,1,0,0,0.0,ADD 3,0,1,0,0,0.0,ADD 4,0,1,0,0,0.0,ADD 5,0,0,0,0,0.0,ADD 6,0,1,0,0,0.0,ADD 7,0,0,0,0,0.0,EGT2CAN,0,1,0,0,0.0
1778953714.8268023,0.0,12746,-49.0,1,-,0,0,0,0,0.0,-,0,0,0,0,0.0,ECU,1,1,12726,0,0.0,FAN1,0,0,0,0,0.0,COILS,1,1,12734,0,0.0,PUMP,0,0,0,0,0.0,INJECTOR,1,1,12741,0,0.0,SERVO,1,1,12707,0,0.0,ADD 1,0,1,0,0,0.0,ADD 2,0,1,0,0,0.0,ADD 3,0,1,0,0,0.0,ADD 4,0,1,0,0,0.0,ADD 5,0,0,0,0,0.0,ADD 6,0,1,0,0,0.0,ADD 7,0,0,0,0,0.0,EGT2CAN,0,1,0,0,0.0
1778953714.8777587,0.0,12744,-49.0,1,-,0,0,0,0,0.0,-,0,0,0,0,0.0,ECU,1,1,12716,0,0.0,FAN1,0,0,0,0,0.0,COILS,1,1,12734,0,0.0,PUMP,0,0,0,0,0.0,INJECTOR,1,1,12738,0,0.0,SERVO,1,1,12697,0,0.0,ADD 1,0,1,0,0,0.0,ADD 2,0,1,0,0,0.0,ADD 3,0,1,0,0,0.0,ADD 4,0,1,0,0,0.0,ADD 5,0,0,0,0,0.0,ADD 6,0,1,0,0,0.0,ADD 7,0,0,0,0,0.0,EGT2CAN,0,1,0,0,0.0
1778953714.9300961,0.0,12744,-50.0,1,-,0,0,0,0,0.0,-,0,0,0,0,0.0,ECU,1,1,12730,0,0.0,FAN1,0,0,0,0,0.0,COILS,1,1,12741,0,0.0,PUMP,0,0,0,0,0.0,INJECTOR,1,1,12717,0,0.0,SERVO,1,1,12704,0,0.0,ADD 1,0,1,0,0,0.0,ADD 2,0,1,0,0,0.0,ADD 3,0,1,0,0,0.0,ADD 4,0,1,0,0,0.0,ADD 5,0,0,0,0,0.0,ADD 6,0,1,0,0,0.0,ADD 7,0,0,0,0,0.0,EGT2CAN,0,1,0,0,0.0
1778953714.98074,0.0,12744,-50.0,1,-,0,0,0,0,0.0,-,0,0,0,0,0.0,ECU,1,1,12725,0,0.0,FAN1,0,0,0,0,0.0,COILS,1,1,12746,0,0.0,PUMP,0,0,0,0,0.0,INJECTOR,1,1,12726,0,0.0,SERVO,1,1,12718,0,0.0,ADD 1,0,1,0,0,0.0,ADD 2,0,1,0,0,0.0,ADD 3,0,1,0,0,0.0,ADD 4,0,1,0,0,0.0,ADD 5,0,0,0,0,0.0,ADD 6,0,1,0,0,0.0,ADD 7,0,0,0,0,0.0,EGT2CAN,0,1,0,0,0.0
1778953715.0314822,0.0,12745,-49.0,1,-,0,0,0,0,0.0,-,0,0,0,0,0.0,ECU,1,1,12733,0,0.0,FAN1,0,0,0,0,0.0,COILS,1,1,12741,0,0.0,PUMP,0,0,0,0,0.0,INJECTOR,1,1,12715,0,0.0,SERVO,1,1,12717,0,0.0,ADD 1,0,1,0,0,0.0,ADD 2,0,1,0,0,0.0,ADD 3,0,1,0,0,0.0,ADD 4,0,1,0,0,0.0,ADD 5,0,0,0,0,0.0,ADD 6,0,1,0,0,0.0,ADD 7,0,0,0,0,0.0,EGT2CAN,0,1,0,0,0.0
1778953715.083569,0.0,12747,-50.0,1,-,0,0,0,0,0.0,-,0,0,0,0,0.0,ECU,1,1,12733,0,0.0,FAN1,0,0,0,0,0.0,COILS,1,1,12726,0,0.0,PUMP,0,0,0,0,0.0,INJECTOR,1,1,12729,0,0.0,SERVO,1,1,12720,0,0.0,ADD 1,0,1,0,0,0.0,ADD 2,0,1,0,0,0.0,ADD 3,0,1,0,0,0.0,ADD 4,0,1,0,0,0.0,ADD 5,0,0,0,0,0.0,ADD 6,0,1,0,0,0.0,ADD 7,0,0,0,0,0.0,EGT2CAN,0,1,0,0,0.0
1778953715.1346512,0.0,12747,-50.0,1,-,0,0,0,0,0.0,-,0,0,0,0,0.0,ECU,1,1,12737,0,0.0,FAN1,0,0,0,0,0.0,COILS,1,1,12726,0,0.0,PUMP,0,0,0,0,0.0,INJECTOR,1,1,12729,0,0.0,SERVO,1,1,12720,0,0.0,ADD 1,0,1,0,0,0.0,ADD 2,0,1,0,0,0.0,ADD 3,0,1,0,0,0.0,ADD 4,0,1,0,0,0.0,ADD 5,0,0,0,0,0.0,ADD 6,0,1,0,0,0.0,ADD 7,0,0,0,0,0.0,EGT2CAN,0,1,0,0,0.0
1778953715.18558,0.0,12745,-49.0,1,-,0,0,0,0,0.0,-,0,0,0,0,0.0,ECU,1,1,12718,0,0.0,FAN1,0,0,0,0,0.0,COILS,1,1,12728,0,0.0,PUMP,0,0,0,0,0.0,INJECTOR,1,1,12748,0,0.0,SERVO,1,1,12710,0,0.0,ADD 1,0,1,0,0,0.0,ADD 2,0,1,0,0,0.0,ADD 3,0,1,0,0,0.0,ADD 4,0,1,0,0,0.0,ADD 5,0,0,0,0,0.0,ADD 6,0,1,0,0,0.0,ADD 7,0,0,0,0,0.0,EGT2CAN,0,1,0,0,0.0
1778953715.2375145,0.0,12745,-51.0,1,-,0,0,0,0,0.0,-,0,0,0,0,0.0,ECU,1,1,12718,0,0.0,FAN1,0,0,0,0,0.0,COILS,1,1,12728,0,0.0,PUMP,0,0,0,0,0.0,INJECTOR,1,1,12748,0,0.0,SERVO,1,1,12710,0,0.0,ADD 1,0,1,0,0,0.0,ADD 2,0,1,0,0,0.0,ADD 3,0,1,0,0,0.0,ADD 4,0,1,0,0,0.0,ADD 5,0,0,0,0,0.0,ADD 6,0,1,0,0,0.0,ADD 7,0,0,0,0,0.0,EGT2CAN,0,1,0,0,0.0
1778953715.2929652,0.0,12745,-51.0,1,-,0,0,0,0,0.0,-,0,0,0,0,0.0,ECU,1,1,12723,0,0.0,FAN1,0,0,0,0,0.0,COILS,1,1,12746,0,0.0,PUMP,0,0,0,0,0.0,INJECTOR,1,1,12727,0,0.0,SERVO,1,1,12706,0,0.0,ADD 1,0,1,0,0,0.0,ADD 2,0,1,0,0,0.0,ADD 3,0,1,0,0,0.0,ADD 4,0,1,0,0,0.0,ADD 5,0,0,0,0,0.0,ADD 6,0,1,0,0,0.0,ADD 7,0,0,0,0,0.0,EGT2CAN,0,1,0,0,0.0
1778953715.3434567,0.0,12748,-50.0,1,-,0,0,0,0,0.0,-,0,0,0,0,0.0,ECU,1,1,12731,0,0.0,FAN1,0,0,0,0,0.0,COILS,1,1,12747,0,0.0,PUMP,0,0,0,0,0.0,INJECTOR,1,1,12734,0,0.0,SERVO,1,1,12695,0,0.0,ADD 1,0,1,0,0,0.0,ADD 2,0,1,0,0,0.0,ADD 3,0,1,0,0,0.0,ADD 4,0,1,0,0,0.0,ADD 5,0,0,0,0,0.0,ADD 6,0,1,0,0,0.0,ADD 7,0,0,0,0,0.0,EGT2CAN,0,1,0,0,0.0
1778953715.4006824,0.0,12748,-50.0,1,-,0,0,0,0,0.0,-,0,0,0,0,0.0,ECU,1,1,12731,0,0.0,FAN1,0,0,0,0,0.0,COILS,1,1,12747,0,0.0,PUMP,0,0,0,0,0.0,INJECTOR,1,1,12734,0,0.0,SERVO,1,1,12695,0,0.0,ADD 1,0,1,0,0,0.0,ADD 2,0,1,0,0,0.0,ADD 3,0,1,0,0,0.0,ADD 4,0,1,0,0,0.0,ADD 5,0,0,0,0,0.0,ADD 6,0,1,0,0,0.0,ADD 7,0,0,0,0,0.0,EGT2CAN,0,1,0,0,0.0
1778953715.451517,0.0,12748,-50.0,1,-,0,0,0,0,0.0,-,0,0,0,0,0.0,ECU,1,1,12731,0,0.0,FAN1,0,0,0,0,0.0,COILS,1,1,12747,0,0.0,PUMP,0,0,0,0,0.0,INJECTOR,1,1,12742,0,0.0,SERVO,1,1,12698,0,0.0,ADD 1,0,1,0,0,0.0,ADD 2,0,1,0,0,0.0,ADD 3,0,1,0,0,0.0,ADD 4,0,1,0,0,0.0,ADD 5,0,0,0,0,0.0,ADD 6,0,1,0,0,0.0,ADD 7,0,0,0,0,0.0,EGT2CAN,0,1,0,0,0.0
1778953715.5031438,0.0,12746,-49.0,1,-,0,0,0,0,0.0,-,0,0,0,0,0.0,ECU,1,1,12728,0,0.0,FAN1,0,0,0,0,0.0,COILS,1,1,12751,0,0.0,PUMP,0,0,0,0,0.0,INJECTOR,1,1,12730,0,0.0,SERVO,1,1,12718,0,0.0,ADD 1,0,1,0,0,0.0,ADD 2,0,1,0,0,0.0,ADD 3,0,1,0,0,0.0,ADD 4,0,1,0,0,0.0,ADD 5,0,0,0,0,0.0,ADD 6,0,1,0,0,0.0,ADD 7,0,0,0,0,0.0,EGT2CAN,0,1,0,0,0.0
1778953715.563891,0.0,12745,-50.0,1,-,0,0,0,0,0.0,-,0,0,0,0,0.0,ECU,1,1,12722,0,0.0,FAN1,0,0,0,0,0.0,COILS,1,1,12733,0,0.0,PUMP,0,0,0,0,0.0,INJECTOR,1,1,12731,0,0.0,SERVO,1,1,12720,0,0.0,ADD 1,0,1,0,0,0.0,ADD 2,0,1,0,0,0.0,ADD 3,0,1,0,0,0.0,ADD 4,0,1,0,0,0.0,ADD 5,0,0,0,0,0.0,ADD 6,0,1,0,0,0.0,ADD 7,0,0,0,0,0.0,EGT2CAN,0,1,0,0,0.0
1778953715.6151505,0.0,12745,-50.0,1,-,0,0,0,0,0.0,-,0,0,0,0,0.0,ECU,1,1,12722,0,0.0,FAN1,0,0,0,0,0.0,COILS,1,1,12733,0,0.0,PUMP,0,0,0,0,0.0,INJECTOR,1,1,12731,0,0.0,SERVO,1,1,12720,0,0.0,ADD 1,0,1,0,0,0.0,ADD 2,0,1,0,0,0.0,ADD 3,0,1,0,0,0.0,ADD 4,0,1,0,0,0.0,ADD 5,0,0,0,0,0.0,ADD 6,0,1,0,0,0.0,ADD 7,0,0,0,0,0.0,EGT2CAN,0,1,0,0,0.0
1778953715.666156,0.0,12744,-51.0,1,-,0,0,0,0,0.0,-,0,0,0,0,0.0,ECU,1,1,12707,0,0.0,FAN1,0,0,0,0,0.0,COILS,1,1,12729,0,0.0,PUMP,0,0,0,0,0.0,INJECTOR,1,1,12739,0,0.0,SERVO,1,1,12711,0,0.0,ADD 1,0,1,0,0,0.0,ADD 2,0,1,0,0,0.0,ADD 3,0,1,0,0,0.0,ADD 4,0,1,0,0,0.0,ADD 5,0,0,0,0,0.0,ADD 6,0,1,0,0,0.0,ADD 7,0,0,0,0,0.0,EGT2CAN,0,1,0,0,0.0
1778953715.7191381,0.0,12742,-49.0,1,-,0,0,0,0,0.0,-,0,0,0,0,0.0,ECU,1,1,12719,0,0.0,FAN1,0,0,0,0,0.0,COILS,1,1,12738,0,0.0,PUMP,0,0,0,0,0.0,INJECTOR,1,1,12738,0,0.0,SERVO,1,1,12701,0,0.0,ADD 1,0,1,0,0,0.0,ADD 2,0,1,0,0,0.0,ADD 3,0,1,0,0,0.0,ADD 4,0,1,0,0,0.0,ADD 5,0,0,0,0,0.0,ADD 6,0,1,0,0,0.0,ADD 7,0,0,0,0,0.0,EGT2CAN,0,1,0,0,0.0
1778953715.7726185,0.0,12742,-49.0,1,-,0,0,0,0,0.0,-,0,0,0,0,0.0,ECU,1,1,12719,0,0.0,FAN1,0,0,0,0,0.0,COILS,1,1,12738,0,0.0,PUMP,0,0,0,0,0.0,INJECTOR,1,1,12738,0,0.0,SERVO,1,1,12701,0,0.0,ADD 1,0,1,0,0,0.0,ADD 2,0,1,0,0,0.0,ADD 3,0,1,0,0,0.0,ADD 4,0,1,0,0,0.0,ADD 5,0,0,0,0,0.0,ADD 6,0,1,0,0,0.0,ADD 7,0,0,0,0,0.0,EGT2CAN,0,1,0,0,0.0
1778953715.8231378,0.0,12746,-50.0,1,-,0,0,0,0,0.0,-,0,0,0,0,0.0,ECU,1,1,12735,0,0.0,FAN1,0,0,0,0,0.0,COILS,1,1,12747,0,0.0,PUMP,0,0,0,0,0.0,INJECTOR,1,1,12703,0,0.0,SERVO,1,1,12709,0,0.0,ADD 1,0,1,0,0,0.0,ADD 2,0,1,0,0,0.0,ADD 3,0,1,0,0,0.0,ADD 4,0,1,0,0,0.0,ADD 5,0,0,0,0,0.0,ADD 6,0,1,0,0,0.0,ADD 7,0,0,0,0,0.0,EGT2CAN,0,1,0,0,0.0
1778953715.8854833,0.0,12744,-49.0,1,-,0,0,0,0,0.0,-,0,0,0,0,0.0,ECU,1,1,12735,0,0.0,FAN1,0,0,0,0,0.0,COILS,1,1,12747,0,0.0,PUMP,0,0,0,0,0.0,INJECTOR,1,1,12704,0,0.0,SERVO,1,1,12704,0,0.0,ADD 1,0,1,0,0,0.0,ADD 2,0,1,0,0,0.0,ADD 3,0,1,0,0,0.0,ADD 4,0,1,0,0,0.0,ADD 5,0,0,0,0,0.0,ADD 6,0,1,0,0,0.0,ADD 7,0,0,0,0,0.0,EGT2CAN,0,1,0,0,0.0
1778953715.9379547,0.0,12744,-49.0,1,-,0,0,0,0,0.0,-,0,0,0,0,0.0,ECU,1,1,12742,0,0.0,FAN1,0,0,0,0,0.0,COILS,1,1,12743,0,0.0,PUMP,0,0,0,0,0.0,INJECTOR,1,1,12733,0,0.0,SERVO,1,1,12726,0,0.0,ADD 1,0,1,0,0,0.0,ADD 2,0,1,0,0,0.0,ADD 3,0,1,0,0,0.0,ADD 4,0,1,0,0,0.0,ADD 5,0,0,0,0,0.0,ADD 6,0,1,0,0,0.0,ADD 7,0,0,0,0,0.0,EGT2CAN,0,1,0,0,0.0
1778953715.9888582,0.0,12743,-49.0,1,-,0,0,0,0,0.0,-,0,0,0,0,0.0,ECU,1,1,12742,0,0.0,FAN1,0,0,0,0,0.0,COILS,1,1,12744,0,0.0,PUMP,0,0,0,0,0.0,INJECTOR,1,1,12737,0,0.0,SERVO,1,1,12720,0,0.0,ADD 1,0,1,0,0,0.0,ADD 2,0,1,0,0,0.0,ADD 3,0,1,0,0,0.0,ADD 4,0,1,0,0,0.0,ADD 5,0,0,0,0,0.0,ADD 6,0,1,0,0,0.0,ADD 7,0,0,0,0,0.0,EGT2CAN,0,1,0,0,0.0
1778953716.043769,0.0,12743,-49.0,1,-,0,0,0,0,0.0,-,0,0,0,0,0.0,ECU,1,1,12742,0,0.0,FAN1,0,0,0,0,0.0,COILS,1,1,12744,0,0.0,PUMP,0,0,0,0,0.0,INJECTOR,1,1,12737,0,0.0,SERVO,1,1,12720,0,0.0,ADD 1,0,1,0,0,0.0,ADD 2,0,1,0,0,0.0,ADD 3,0,1,0,0,0.0,ADD 4,0,1,0,0,0.0,ADD 5,0,0,0,0,0.0,ADD 6,0,1,0,0,0.0,ADD 7,0,0,0,0,0.0,EGT2CAN,0,1,0,0,0.0
1778953716.0972328,0.0,12743,-49.0,1,-,0,0,0,0,0.0,-,0,0,0,0,0.0,ECU,1,1,12728,0,0.0,FAN1,0,0,0,0,0.0,COILS,1,1,12744,0,0.0,PUMP,0,0,0,0,0.0,INJECTOR,1,1,12737,0,0.0,SERVO,1,1,12720,0,0.0,ADD 1,0,1,0,0,0.0,ADD 2,0,1,0,0,0.0,ADD 3,0,1,0,0,0.0,ADD 4,0,1,0,0,0.0,ADD 5,0,0,0,0,0.0,ADD 6,0,1,0,0,0.0,ADD 7,0,0,0,0,0.0,EGT2CAN,0,1,0,0,0.0
1778953716.1477702,0.0,12735,-50.0,1,-,0,0,0,0,0.0,-,0,0,0,0,0.0,ECU,1,1,12730,0,0.0,FAN1,0,0,0,0,0.0,COILS,1,1,12756,0,0.0,PUMP,0,0,0,0,0.0,INJECTOR,1,1,12742,0,0.0,SERVO,1,1,12707,0,0.0,ADD 1,0,1,0,0,0.0,ADD 2,0,1,0,0,0.0,ADD 3,0,1,0,0,0.0,ADD 4,0,1,0,0,0.0,ADD 5,0,0,0,0,0.0,ADD 6,0,1,0,0,0.0,ADD 7,0,0,0,0,0.0,EGT2CAN,0,1,0,0,0.0
1778953716.2000117,0.0,12735,-50.0,1,-,0,0,0,0,0.0,-,0,0,0,0,0.0,ECU,1,1,12730,0,0.0,FAN1,0,0,0,0,0.0,COILS,1,1,12756,0,0.0,PUMP,0,0,0,0,0.0,INJECTOR,1,1,12742,0,0.0,SERVO,1,1,12707,0,0.0,ADD 1,0,1,0,0,0.0,ADD 2,0,1,0,0,0.0,ADD 3,0,1,0,0,0.0,ADD 4,0,1,0,0,0.0,ADD 5,0,0,0,0,0.0,ADD 6,0,1,0,0,0.0,ADD 7,0,0,0,0,0.0,EGT2CAN,0,1,0,0,0.0
1778953716.2512348,0.0,12735,-50.0,1,-,0,0,0,0,0.0,-,0,0,0,0,0.0,ECU,1,1,12731,0,0.0,FAN1,0,0,0,0,0.0,COILS,1,1,12742,0,0.0,PUMP,0,0,0,0,0.0,INJECTOR,1,1,12747,0,0.0,SERVO,1,1,12697,0,0.0,ADD 1,0,1,0,0,0.0,ADD 2,0,1,0,0,0.0,ADD 3,0,1,0,0,0.0,ADD 4,0,1,0,0,0.0,ADD 5,0,0,0,0,0.0,ADD 6,0,1,0,0,0.0,ADD 7,0,0,0,0,0.0,EGT2CAN,0,1,0,0,0.0
1778953716.3018506,0.0,12736,-49.0,1,-,0,0,0,0,0.0,-,0,0,0,0,0.0,ECU,1,1,12742,0,0.0,FAN1,0,0,0,0,0.0,COILS,1,1,12739,0,0.0,PUMP,0,0,0,0,0.0,INJECTOR,1,1,12737,0,0.0,SERVO,1,1,12710,0,0.0,ADD 1,0,1,0,0,0.0,ADD 2,0,1,0,0,0.0,ADD 3,0,1,0,0,0.0,ADD 4,0,1,0,0,0.0,ADD 5,0,0,0,0,0.0,ADD 6,0,1,0,0,0.0,ADD 7,0,0,0,0,0.0,EGT2CAN,0,1,0,0,0.0
1778953716.3572586,0.0,12736,-49.0,1,-,0,0,0,0,0.0,-,0,0,0,0,0.0,ECU,1,1,12722,0,0.0,FAN1,0,0,0,0,0.0,COILS,1,1,12741,0,0.0,PUMP,0,0,0,0,0.0,INJECTOR,1,1,12728,0,0.0,SERVO,1,1,12717,0,0.0,ADD 1,0,1,0,0,0.0,ADD 2,0,1,0,0,0.0,ADD 3,0,1,0,0,0.0,ADD 4,0,1,0,0,0.0,ADD 5,0,0,0,0,0.0,ADD 6,0,1,0,0,0.0,ADD 7,0,0,0,0,0.0,EGT2CAN,0,1,0,0,0.0
1778953716.4104788,0.0,12736,-49.0,1,-,0,0,0,0,0.0,-,0,0,0,0,0.0,ECU,1,1,12722,0,0.0,FAN1,0,0,0,0,0.0,COILS,1,1,12741,0,0.0,PUMP,0,0,0,0,0.0,INJECTOR,1,1,12728,0,0.0,SERVO,1,1,12717,0,0.0,ADD 1,0,1,0,0,0.0,ADD 2,0,1,0,0,0.0,ADD 3,0,1,0,0,0.0,ADD 4,0,1,0,0,0.0,ADD 5,0,0,0,0,0.0,ADD 6,0,1,0,0,0.0,ADD 7,0,0,0,0,0.0,EGT2CAN,0,1,0,0,0.0
1778953716.4607909,0.0,12738,-49.0,1,-,0,0,0,0,0.0,-,0,0,0,0,0.0,ECU,1,1,12736,0,0.0,FAN1,0,0,0,0,0.0,COILS,1,1,12747,0,0.0,PUMP,0,0,0,0,0.0,INJECTOR,1,1,12748,0,0.0,SERVO,1,1,12689,0,0.0,ADD 1,0,1,0,0,0.0,ADD 2,0,1,0,0,0.0,ADD 3,0,1,0,0,0.0,ADD 4,0,1,0,0,0.0,ADD 5,0,0,0,0,0.0,ADD 6,0,1,0,0,0.0,ADD 7,0,0,0,0,0.0,EGT2CAN,0,1,0,0,0.0
1778953716.5119567,0.0,12738,-49.0,1,-,0,0,0,0,0.0,-,0,0,0,0,0.0,ECU,1,1,12741,0,0.0,FAN1,0,0,0,0,0.0,COILS,1,1,12738,0,0.0,PUMP,0,0,0,0,0.0,INJECTOR,1,1,12735,0,0.0,SERVO,1,1,12708,0,0.0,ADD 1,0,1,0,0,0.0,ADD 2,0,1,0,0,0.0,ADD 3,0,1,0,0,0.0,ADD 4,0,1,0,0,0.0,ADD 5,0,0,0,0,0.0,ADD 6,0,1,0,0,0.0,ADD 7,0,0,0,0,0.0,EGT2CAN,0,1,0,0,0.0
1778953716.5655181,0.0,12739,-49.0,1,-,0,0,0,0,0.0,-,0,0,0,0,0.0,ECU,1,1,12741,0,0.0,FAN1,0,0,0,0,0.0,COILS,1,1,12738,0,0.0,PUMP,0,0,0,0,0.0,INJECTOR,1,1,12735,0,0.0,SERVO,1,1,12708,0,0.0,ADD 1,0,1,0,0,0.0,ADD 2,0,1,0,0,0.0,ADD 3,0,1,0,0,0.0,ADD 4,0,1,0,0,0.0,ADD 5,0,0,0,0,0.0,ADD 6,0,1,0,0,0.0,ADD 7,0,0,0,0,0.0,EGT2CAN,0,1,0,0,0.0
1778953716.615794,0.0,12738,-49.0,1,-,0,0,0,0,0.0,-,0,0,0,0,0.0,ECU,1,1,12737,0,0.0,FAN1,0,0,0,0,0.0,COILS,1,1,12744,0,0.0,PUMP,0,0,0,0,0.0,INJECTOR,1,1,12742,0,0.0,SERVO,1,1,12716,0,0.0,ADD 1,0,1,0,0,0.0,ADD 2,0,1,0,0,0.0,ADD 3,0,1,0,0,0.0,ADD 4,0,1,0,0,0.0,ADD 5,0,0,0,0,0.0,ADD 6,0,1,0,0,0.0,ADD 7,0,0,0,0,0.0,EGT2CAN,0,1,0,0,0.0
1778953716.6703105,0.0,12737,-50.0,1,-,0,0,0,0,0.0,-,0,0,0,0,0.0,ECU,1,1,12742,0,0.0,FAN1,0,0,0,0,0.0,COILS,1,1,12729,0,0.0,PUMP,0,0,0,0,0.0,INJECTOR,1,1,12722,0,0.0,SERVO,1,1,12713,0,0.0,ADD 1,0,1,0,0,0.0,ADD 2,0,1,0,0,0.0,ADD 3,0,1,0,0,0.0,ADD 4,0,1,0,0,0.0,ADD 5,0,0,0,0,0.0,ADD 6,0,1,0,0,0.0,ADD 7,0,0,0,0,0.0,EGT2CAN,0,1,0,0,0.0
1778953716.7230227,0.0,12737,-50.0,1,-,0,0,0,0,0.0,-,0,0,0,0,0.0,ECU,1,1,12742,0,0.0,FAN1,0,0,0,0,0.0,COILS,1,1,12729,0,0.0,PUMP,0,0,0,0,0.0,INJECTOR,1,1,12722,0,0.0,SERVO,1,1,12713,0,0.0,ADD 1,0,1,0,0,0.0,ADD 2,0,1,0,0,0.0,ADD 3,0,1,0,0,0.0,ADD 4,0,1,0,0,0.0,ADD 5,0,0,0,0,0.0,ADD 6,0,1,0,0,0.0,ADD 7,0,0,0,0,0.0,EGT2CAN,0,1,0,0,0.0
1778953716.7738597,0.0,12739,-49.0,1,-,0,0,0,0,0.0,-,0,0,0,0,0.0,ECU,1,1,12737,0,0.0,FAN1,0,0,0,0,0.0,COILS,1,1,12752,0,0.0,PUMP,0,0,0,0,0.0,INJECTOR,1,1,12714,0,0.0,SERVO,1,1,12707,0,0.0,ADD 1,0,1,0,0,0.0,ADD 2,0,1,0,0,0.0,ADD 3,0,1,0,0,0.0,ADD 4,0,1,0,0,0.0,ADD 5,0,0,0,0,0.0,ADD 6,0,1,0,0,0.0,ADD 7,0,0,0,0,0.0,EGT2CAN,0,1,0,0,0.0
1778953716.8246047,0.0,12739,-50.0,1,-,0,0,0,0,0.0,-,0,0,0,0,0.0,ECU,1,1,12731,0,0.0,FAN1,0,0,0,0,0.0,COILS,1,1,12745,0,0.0,PUMP,0,0,0,0,0.0,INJECTOR,1,1,12741,0,0.0,SERVO,1,1,12686,0,0.0,ADD 1,0,1,0,0,0.0,ADD 2,0,1,0,0,0.0,ADD 3,0,1,0,0,0.0,ADD 4,0,1,0,0,0.0,ADD 5,0,0,0,0,0.0,ADD 6,0,1,0,0,0.0,ADD 7,0,0,0,0,0.0,EGT2CAN,0,1,0,0,0.0
1778953716.8753903,0.0,12739,-50.0,1,-,0,0,0,0,0.0,-,0,0,0,0,0.0,ECU,1,1,12722,0,0.0,FAN1,0,0,0,0,0.0,COILS,1,1,12745,0,0.0,PUMP,0,0,0,0,0.0,INJECTOR,1,1,12741,0,0.0,SERVO,1,1,12686,0,0.0,ADD 1,0,1,0,0,0.0,ADD 2,0,1,0,0,0.0,ADD 3,0,1,0,0,0.0,ADD 4,0,1,0,0,0.0,ADD 5,0,0,0,0,0.0,ADD 6,0,1,0,0,0.0,ADD 7,0,0,0,0,0.0,EGT2CAN,0,1,0,0,0.0
1778953716.9259725,0.0,12741,-49.0,1,-,0,0,0,0,0.0,-,0,0,0,0,0.0,ECU,1,1,12735,0,0.0,FAN1,0,0,0,0,0.0,COILS,1,1,12744,0,0.0,PUMP,0,0,0,0,0.0,INJECTOR,1,1,12738,0,0.0,SERVO,1,1,12707,0,0.0,ADD 1,0,1,0,0,0.0,ADD 2,0,1,0,0,0.0,ADD 3,0,1,0,0,0.0,ADD 4,0,1,0,0,0.0,ADD 5,0,0,0,0,0.0,ADD 6,0,1,0,0,0.0,ADD 7,0,0,0,0,0.0,EGT2CAN,0,1,0,0,0.0
1778953716.9773824,0.0,12742,-49.0,1,-,0,0,0,0,0.0,-,0,0,0,0,0.0,ECU,1,1,12737,0,0.0,FAN1,0,0,0,0,0.0,COILS,1,1,12742,0,0.0,PUMP,0,0,0,0,0.0,INJECTOR,1,1,12743,0,0.0,SERVO,1,1,12721,0,0.0,ADD 1,0,1,0,0,0.0,ADD 2,0,1,0,0,0.0,ADD 3,0,1,0,0,0.0,ADD 4,0,1,0,0,0.0,ADD 5,0,0,0,0,0.0,ADD 6,0,1,0,0,0.0,ADD 7,0,0,0,0,0.0,EGT2CAN,0,1,0,0,0.0
1778953717.0319917,0.0,12742,-49.0,1,-,0,0,0,0,0.0,-,0,0,0,0,0.0,ECU,1,1,12724,0,0.0,FAN1,0,0,0,0,0.0,COILS,1,1,12738,0,0.0,PUMP,0,0,0,0,0.0,INJECTOR,1,1,12739,0,0.0,SERVO,1,1,12717,0,0.0,ADD 1,0,1,0,0,0.0,ADD 2,0,1,0,0,0.0,ADD 3,0,1,0,0,0.0,ADD 4,0,1,0,0,0.0,ADD 5,0,0,0,0,0.0,ADD 6,0,1,0,0,0.0,ADD 7,0,0,0,0,0.0,EGT2CAN,0,1,0,0,0.0
1778953717.0825276,0.0,12744,-50.0,1,-,0,0,0,0,0.0,-,0,0,0,0,0.0,ECU,1,1,12728,0,0.0,FAN1,0,0,0,0,0.0,COILS,1,1,12725,0,0.0,PUMP,0,0,0,0,0.0,INJECTOR,1,1,12738,0,0.0,SERVO,1,1,12712,0,0.0,ADD 1,0,1,0,0,0.0,ADD 2,0,1,0,0,0.0,ADD 3,0,1,0,0,0.0,ADD 4,0,1,0,0,0.0,ADD 5,0,0,0,0,0.0,ADD 6,0,1,0,0,0.0,ADD 7,0,0,0,0,0.0,EGT2CAN,0,1,0,0,0.0
1778953717.1358273,0.0,12744,-49.0,1,-,0,0,0,0,0.0,-,0,0,0,0,0.0,ECU,1,1,12728,0,0.0,FAN1,0,0,0,0,0.0,COILS,1,1,12740,0,0.0,PUMP,0,0,0,0,0.0,INJECTOR,1,1,12729,0,0.0,SERVO,1,1,12716,0,0.0,ADD 1,0,1,0,0,0.0,ADD 2,0,1,0,0,0.0,ADD 3,0,1,0,0,0.0,ADD 4,0,1,0,0,0.0,ADD 5,0,0,0,0,0.0,ADD 6,0,1,0,0,0.0,ADD 7,0,0,0,0,0.0,EGT2CAN,0,1,0,0,0.0
1778953717.1887035,0.0,12744,-49.0,1,-,0,0,0,0,0.0,-,0,0,0,0,0.0,ECU,1,1,12732,0,0.0,FAN1,0,0,0,0,0.0,COILS,1,1,12747,0,0.0,PUMP,0,0,0,0,0.0,INJECTOR,1,1,12729,0,0.0,SERVO,1,1,12712,0,0.0,ADD 1,0,1,0,0,0.0,ADD 2,0,1,0,0,0.0,ADD 3,0,1,0,0,0.0,ADD 4,0,1,0,0,0.0,ADD 5,0,0,0,0,0.0,ADD 6,0,1,0,0,0.0,ADD 7,0,0,0,0,0.0,EGT2CAN,0,1,0,0,0.0
1778953717.239077,0.0,12745,-50.0,1,-,0,0,0,0,0.0,-,0,0,0,0,0.0,ECU,1,1,12746,0,0.0,FAN1,0,0,0,0,0.0,COILS,1,1,12755,0,0.0,PUMP,0,0,0,0,0.0,INJECTOR,1,1,12755,0,0.0,SERVO,1,1,12726,0,0.0,ADD 1,0,1,0,0,0.0,ADD 2,0,1,0,0,0.0,ADD 3,0,1,0,0,0.0,ADD 4,0,1,0,0,0.0,ADD 5,0,0,0,0,0.0,ADD 6,0,1,0,0,0.0,ADD 7,0,0,0,0,0.0,EGT2CAN,0,1,0,0,0.0
1778953717.2901442,0.0,12747,-49.0,1,-,0,0,0,0,0.0,-,0,0,0,0,0.0,ECU,1,1,12746,0,0.0,FAN1,0,0,0,0,0.0,COILS,1,1,12755,0,0.0,PUMP,0,0,0,0,0.0,INJECTOR,1,1,12755,0,0.0,SERVO,1,1,12726,0,0.0,ADD 1,0,1,0,0,0.0,ADD 2,0,1,0,0,0.0,ADD 3,0,1,0,0,0.0,ADD 4,0,1,0,0,0.0,ADD 5,0,0,0,0,0.0,ADD 6,0,1,0,0,0.0,ADD 7,0,0,0,0,0.0,EGT2CAN,0,1,0,0,0.0
1778953717.3416631,0.0,12747,-49.0,1,-,0,0,0,0,0.0,-,0,0,0,0,0.0,ECU,1,1,12739,0,0.0,FAN1,0,0,0,0,0.0,COILS,1,1,12734,0,0.0,PUMP,0,0,0,0,0.0,INJECTOR,1,1,12747,0,0.0,SERVO,1,1,12719,0,0.0,ADD 1,0,1,0,0,0.0,ADD 2,0,1,0,0,0.0,ADD 3,0,1,0,0,0.0,ADD 4,0,1,0,0,0.0,ADD 5,0,0,0,0,0.0,ADD 6,0,1,0,0,0.0,ADD 7,0,0,0,0,0.0,EGT2CAN,0,1,0,0,0.0
1778953717.3921144,0.0,12742,-49.0,1,-,0,0,0,0,0.0,-,0,0,0,0,0.0,ECU,1,1,12734,0,0.0,FAN1,0,0,0,0,0.0,COILS,1,1,12741,0,0.0,PUMP,0,0,0,0,0.0,INJECTOR,1,1,12708,0,0.0,SERVO,1,1,12721,0,0.0,ADD 1,0,1,0,0,0.0,ADD 2,0,1,0,0,0.0,ADD 3,0,1,0,0,0.0,ADD 4,0,1,0,0,0.0,ADD 5,0,0,0,0,0.0,ADD 6,0,1,0,0,0.0,ADD 7,0,0,0,0,0.0,EGT2CAN,0,1,0,0,0.0
1778953717.445805,0.0,12742,-49.0,1,-,0,0,0,0,0.0,-,0,0,0,0,0.0,ECU,1,1,12734,0,0.0,FAN1,0,0,0,0,0.0,COILS,1,1,12741,0,0.0,PUMP,0,0,0,0,0.0,INJECTOR,1,1,12708,0,0.0,SERVO,1,1,12721,0,0.0,ADD 1,0,1,0,0,0.0,ADD 2,0,1,0,0,0.0,ADD 3,0,1,0,0,0.0,ADD 4,0,1,0,0,0.0,ADD 5,0,0,0,0,0.0,ADD 6,0,1,0,0,0.0,ADD 7,0,0,0,0,0.0,EGT2CAN,0,1,0,0,0.0
1778953717.4961295,0.0,12742,-49.0,1,-,0,0,0,0,0.0,-,0,0,0,0,0.0,ECU,1,1,12738,0,0.0,FAN1,0,0,0,0,0.0,COILS,1,1,12737,0,0.0,PUMP,0,0,0,0,0.0,INJECTOR,1,1,12733,0,0.0,SERVO,1,1,12700,0,0.0,ADD 1,0,1,0,0,0.0,ADD 2,0,1,0,0,0.0,ADD 3,0,1,0,0,0.0,ADD 4,0,1,0,0,0.0,ADD 5,0,0,0,0,0.0,ADD 6,0,1,0,0,0.0,ADD 7,0,0,0,0,0.0,EGT2CAN,0,1,0,0,0.0
1778953717.547146,0.0,12744,-49.0,1,-,0,0,0,0,0.0,-,0,0,0,0,0.0,ECU,1,1,12732,0,0.0,FAN1,0,0,0,0,0.0,COILS,1,1,12734,0,0.0,PUMP,0,0,0,0,0.0,INJECTOR,1,1,12736,0,0.0,SERVO,1,1,12703,0,0.0,ADD 1,0,1,0,0,0.0,ADD 2,0,1,0,0,0.0,ADD 3,0,1,0,0,0.0,ADD 4,0,1,0,0,0.0,ADD 5,0,0,0,0,0.0,ADD 6,0,1,0,0,0.0,ADD 7,0,0,0,0,0.0,EGT2CAN,0,1,0,0,0.0
1778953717.6011722,0.0,12744,-49.0,1,-,0,0,0,0,0.0,-,0,0,0,0,0.0,ECU,1,1,12732,0,0.0,FAN1,0,0,0,0,0.0,COILS,1,1,12734,0,0.0,PUMP,0,0,0,0,0.0,INJECTOR,1,1,12736,0,0.0,SERVO,1,1,12703,0,0.0,ADD 1,0,1,0,0,0.0,ADD 2,0,1,0,0,0.0,ADD 3,0,1,0,0,0.0,ADD 4,0,1,0,0,0.0,ADD 5,0,0,0,0,0.0,ADD 6,0,1,0,0,0.0,ADD 7,0,0,0,0,0.0,EGT2CAN,0,1,0,0,0.0
1778953717.652516,0.0,12744,-49.0,1,-,0,0,0,0,0.0,-,0,0,0,0,0.0,ECU,1,1,12732,0,0.0,FAN1,0,0,0,0,0.0,COILS,1,1,12734,0,0.0,PUMP,0,0,0,0,0.0,INJECTOR,1,1,12736,0,0.0,SERVO,1,1,12703,0,0.0,ADD 1,0,1,0,0,0.0,ADD 2,0,1,0,0,0.0,ADD 3,0,1,0,0,0.0,ADD 4,0,1,0,0,0.0,ADD 5,0,0,0,0,0.0,ADD 6,0,1,0,0,0.0,ADD 7,0,0,0,0,0.0,EGT2CAN,0,1,0,0,0.0
1778953717.7031198,0.0,12748,-49.0,1,-,0,0,0,0,0.0,-,0,0,0,0,0.0,ECU,1,1,12724,0,0.0,FAN1,0,0,0,0,0.0,COILS,1,1,12743,0,0.0,PUMP,0,0,0,0,0.0,INJECTOR,1,1,12730,0,0.0,SERVO,1,1,12718,0,0.0,ADD 1,0,1,0,0,0.0,ADD 2,0,1,0,0,0.0,ADD 3,0,1,0,0,0.0,ADD 4,0,1,0,0,0.0,ADD 5,0,0,0,0,0.0,ADD 6,0,1,0,0,0.0,ADD 7,0,0,0,0,0.0,EGT2CAN,0,1,0,0,0.0
1778953717.7572246,0.0,12748,-49.0,1,-,0,0,0,0,0.0,-,0,0,0,0,0.0,ECU,1,1,12735,0,0.0,FAN1,0,0,0,0,0.0,COILS,1,1,12743,0,0.0,PUMP,0,0,0,0,0.0,INJECTOR,1,1,12750,0,0.0,SERVO,1,1,12720,0,0.0,ADD 1,0,1,0,0,0.0,ADD 2,0,1,0,0,0.0,ADD 3,0,1,0,0,0.0,ADD 4,0,1,0,0,0.0,ADD 5,0,0,0,0,0.0,ADD 6,0,1,0,0,0.0,ADD 7,0,0,0,0,0.0,EGT2CAN,0,1,0,0,0.0
1778953717.812586,0.0,12748,-49.0,1,-,0,0,0,0,0.0,-,0,0,0,0,0.0,ECU,1,1,12735,0,0.0,FAN1,0,0,0,0,0.0,COILS,1,1,12743,0,0.0,PUMP,0,0,0,0,0.0,INJECTOR,1,1,12750,0,0.0,SERVO,1,1,12720,0,0.0,ADD 1,0,1,0,0,0.0,ADD 2,0,1,0,0,0.0,ADD 3,0,1,0,0,0.0,ADD 4,0,1,0,0,0.0,ADD 5,0,0,0,0,0.0,ADD 6,0,1,0,0,0.0,ADD 7,0,0,0,0,0.0,EGT2CAN,0,1,0,0,0.0
1778953717.8636658,0.0,12751,-49.0,1,-,0,0,0,0,0.0,-,0,0,0,0,0.0,ECU,1,1,12727,0,0.0,FAN1,0,0,0,0,0.0,COILS,1,1,12739,0,0.0,PUMP,0,0,0,0,0.0,INJECTOR,1,1,12730,0,0.0,SERVO,1,1,12720,0,0.0,ADD 1,0,1,0,0,0.0,ADD 2,0,1,0,0,0.0,ADD 3,0,1,0,0,0.0,ADD 4,0,1,0,0,0.0,ADD 5,0,0,0,0,0.0,ADD 6,0,1,0,0,0.0,ADD 7,0,0,0,0,0.0,EGT2CAN,0,1,0,0,0.0
1778953717.914694,0.0,12751,-49.0,1,-,0,0,0,0,0.0,-,0,0,0,0,0.0,ECU,1,1,12731,0,0.0,FAN1,0,0,0,0,0.0,COILS,1,1,12748,0,0.0,PUMP,0,0,0,0,0.0,INJECTOR,1,1,12732,0,0.0,SERVO,1,1,12715,0,0.0,ADD 1,0,1,0,0,0.0,ADD 2,0,1,0,0,0.0,ADD 3,0,1,0,0,0.0,ADD 4,0,1,0,0,0.0,ADD 5,0,0,0,0,0.0,ADD 6,0,1,0,0,0.0,ADD 7,0,0,0,0,0.0,EGT2CAN,0,1,0,0,0.0
1778953717.981088,0.0,12750,-49.0,1,-,0,0,0,0,0.0,-,0,0,0,0,0.0,ECU,1,1,12731,0,0.0,FAN1,0,0,0,0,0.0,COILS,1,1,12748,0,0.0,PUMP,0,0,0,0,0.0,INJECTOR,1,1,12732,0,0.0,SERVO,1,1,12715,0,0.0,ADD 1,0,1,0,0,0.0,ADD 2,0,1,0,0,0.0,ADD 3,0,1,0,0,0.0,ADD 4,0,1,0,0,0.0,ADD 5,0,0,0,0,0.0,ADD 6,0,1,0,0,0.0,ADD 7,0,0,0,0,0.0,EGT2CAN,0,1,0,0,0.0
1778953718.0317047,0.0,12753,-49.0,1,-,0,0,0,0,0.0,-,0,0,0,0,0.0,ECU,1,1,12733,0,0.0,FAN1,0,0,0,0,0.0,COILS,1,1,12730,0,0.0,PUMP,0,0,0,0,0.0,INJECTOR,1,1,12734,0,0.0,SERVO,1,1,12713,0,0.0,ADD 1,0,1,0,0,0.0,ADD 2,0,1,0,0,0.0,ADD 3,0,1,0,0,0.0,ADD 4,0,1,0,0,0.0,ADD 5,0,0,0,0,0.0,ADD 6,0,1,0,0,0.0,ADD 7,0,0,0,0,0.0,EGT2CAN,0,1,0,0,0.0
1778953718.088988,0.0,12753,-49.0,1,-,0,0,0,0,0.0,-,0,0,0,0,0.0,ECU,1,1,12733,0,0.0,FAN1,0,0,0,0,0.0,COILS,1,1,12737,0,0.0,PUMP,0,0,0,0,0.0,INJECTOR,1,1,12739,0,0.0,SERVO,1,1,12713,0,0.0,ADD 1,0,1,0,0,0.0,ADD 2,0,1,0,0,0.0,ADD 3,0,1,0,0,0.0,ADD 4,0,1,0,0,0.0,ADD 5,0,0,0,0,0.0,ADD 6,0,1,0,0,0.0,ADD 7,0,0,0,0,0.0,EGT2CAN,0,1,0,0,0.0
1778953718.1400669,0.0,12754,-49.0,1,-,0,0,0,0,0.0,-,0,0,0,0,0.0,ECU,1,1,12720,0,0.0,FAN1,0,0,0,0,0.0,COILS,1,1,12724,0,0.0,PUMP,0,0,0,0,0.0,INJECTOR,1,1,12714,0,0.0,SERVO,1,1,12705,0,0.0,ADD 1,0,1,0,0,0.0,ADD 2,0,1,0,0,0.0,ADD 3,0,1,0,0,0.0,ADD 4,0,1,0,0,0.0,ADD 5,0,0,0,0,0.0,ADD 6,0,1,0,0,0.0,ADD 7,0,0,0,0,0.0,EGT2CAN,0,1,0,0,0.0
1778953718.191526,0.0,12754,-49.0,1,-,0,0,0,0,0.0,-,0,0,0,0,0.0,ECU,1,1,12737,0,0.0,FAN1,0,0,0,0,0.0,COILS,1,1,12744,0,0.0,PUMP,0,0,0,0,0.0,INJECTOR,1,1,12714,0,0.0,SERVO,1,1,12705,0,0.0,ADD 1,0,1,0,0,0.0,ADD 2,0,1,0,0,0.0,ADD 3,0,1,0,0,0.0,ADD 4,0,1,0,0,0.0,ADD 5,0,0,0,0,0.0,ADD 6,0,1,0,0,0.0,ADD 7,0,0,0,0,0.0,EGT2CAN,0,1,0,0,0.0
1778953718.2467425,0.0,12750,-50.0,1,-,0,0,0,0,0.0,-,0,0,0,0,0.0,ECU,1,1,12748,0,0.0,FAN1,0,0,0,0,0.0,COILS,1,1,12756,0,0.0,PUMP,0,0,0,0,0.0,INJECTOR,1,1,12737,0,0.0,SERVO,1,1,12726,0,0.0,ADD 1,0,1,0,0,0.0,ADD 2,0,1,0,0,0.0,ADD 3,0,1,0,0,0.0,ADD 4,0,1,0,0,0.0,ADD 5,0,0,0,0,0.0,ADD 6,0,1,0,0,0.0,ADD 7,0,0,0,0,0.0,EGT2CAN,0,1,0,0,0.0
1778953718.2987306,0.0,12749,-49.0,1,-,0,0,0,0,0.0,-,0,0,0,0,0.0,ECU,1,1,12748,0,0.0,FAN1,0,0,0,0,0.0,COILS,1,1,12756,0,0.0,PUMP,0,0,0,0,0.0,INJECTOR,1,1,12737,0,0.0,SERVO,1,1,12726,0,0.0,ADD 1,0,1,0,0,0.0,ADD 2,0,1,0,0,0.0,ADD 3,0,1,0,0,0.0,ADD 4,0,1,0,0,0.0,ADD 5,0,0,0,0,0.0,ADD 6,0,1,0,0,0.0,ADD 7,0,0,0,0,0.0,EGT2CAN,0,1,0,0,0.0
1778953718.3497748,0.0,12749,-49.0,1,-,0,0,0,0,0.0,-,0,0,0,0,0.0,ECU,1,1,12749,0,0.0,FAN1,0,0,0,0,0.0,COILS,1,1,12756,0,0.0,PUMP,0,0,0,0,0.0,INJECTOR,1,1,12751,0,0.0,SERVO,1,1,12714,0,0.0,ADD 1,0,1,0,0,0.0,ADD 2,0,1,0,0,0.0,ADD 3,0,1,0,0,0.0,ADD 4,0,1,0,0,0.0,ADD 5,0,0,0,0,0.0,ADD 6,0,1,0,0,0.0,ADD 7,0,0,0,0,0.0,EGT2CAN,0,1,0,0,0.0
1778953718.4017115,0.0,12750,-50.0,1,-,0,0,0,0,0.0,-,0,0,0,0,0.0,ECU,1,1,12749,0,0.0,FAN1,0,0,0,0,0.0,COILS,1,1,12730,0,0.0,PUMP,0,0,0,0,0.0,INJECTOR,1,1,12747,0,0.0,SERVO,1,1,12697,0,0.0,ADD 1,0,1,0,0,0.0,ADD 2,0,1,0,0,0.0,ADD 3,0,1,0,0,0.0,ADD 4,0,1,0,0,0.0,ADD 5,0,0,0,0,0.0,ADD 6,0,1,0,0,0.0,ADD 7,0,0,0,0,0.0,EGT2CAN,0,1,0,0,0.0
1778953718.4526858,0.0,12752,-49.0,1,-,0,0,0,0,0.0,-,0,0,0,0,0.0,ECU,1,1,12752,0,0.0,FAN1,0,0,0,0,0.0,COILS,1,1,12742,0,0.0,PUMP,0,0,0,0,0.0,INJECTOR,1,1,12747,0,0.0,SERVO,1,1,12697,0,0.0,ADD 1,0,1,0,0,0.0,ADD 2,0,1,0,0,0.0,ADD 3,0,1,0,0,0.0,ADD 4,0,1,0,0,0.0,ADD 5,0,0,0,0,0.0,ADD 6,0,1,0,0,0.0,ADD 7,0,0,0,0,0.0,EGT2CAN,0,1,0,0,0.0
1778953718.5036707,0.0,12750,-49.0,1,-,0,0,0,0,0.0,-,0,0,0,0,0.0,ECU,1,1,12752,0,0.0,FAN1,0,0,0,0,0.0,COILS,1,1,12742,0,0.0,PUMP,0,0,0,0,0.0,INJECTOR,1,1,12747,0,0.0,SERVO,1,1,12697,0,0.0,ADD 1,0,1,0,0,0.0,ADD 2,0,1,0,0,0.0,ADD 3,0,1,0,0,0.0,ADD 4,0,1,0,0,0.0,ADD 5,0,0,0,0,0.0,ADD 6,0,1,0,0,0.0,ADD 7,0,0,0,0,0.0,EGT2CAN,0,1,0,0,0.0
1778953718.5547452,0.0,12753,-49.0,1,-,0,0,0,0,0.0,-,0,0,0,0,0.0,ECU,1,1,12728,0,0.0,FAN1,0,0,0,0,0.0,COILS,1,1,12747,0,0.0,PUMP,0,0,0,0,0.0,INJECTOR,1,1,12723,0,0.0,SERVO,1,1,12714,0,0.0,ADD 1,0,1,0,0,0.0,ADD 2,0,1,0,0,0.0,ADD 3,0,1,0,0,0.0,ADD 4,0,1,0,0,0.0,ADD 5,0,0,0,0,0.0,ADD 6,0,1,0,0,0.0,ADD 7,0,0,0,0,0.0,EGT2CAN,0,1,0,0,0.0
1778953718.6061113,0.0,12753,-49.0,1,-,0,0,0,0,0.0,-,0,0,0,0,0.0,ECU,1,1,12718,0,0.0,FAN1,0,0,0,0,0.0,COILS,1,1,12747,0,0.0,PUMP,0,0,0,0,0.0,INJECTOR,1,1,12723,0,0.0,SERVO,1,1,12714,0,0.0,ADD 1,0,1,0,0,0.0,ADD 2,0,1,0,0,0.0,ADD 3,0,1,0,0,0.0,ADD 4,0,1,0,0,0.0,ADD 5,0,0,0,0,0.0,ADD 6,0,1,0,0,0.0,ADD 7,0,0,0,0,0.0,EGT2CAN,0,1,0,0,0.0
1778953718.6569889,0.0,12753,-49.0,1,-,0,0,0,0,0.0,-,0,0,0,0,0.0,ECU,1,1,12718,0,0.0,FAN1,0,0,0,0,0.0,COILS,1,1,12753,0,0.0,PUMP,0,0,0,0,0.0,INJECTOR,1,1,12728,0,0.0,SERVO,1,1,12720,0,0.0,ADD 1,0,1,0,0,0.0,ADD 2,0,1,0,0,0.0,ADD 3,0,1,0,0,0.0,ADD 4,0,1,0,0,0.0,ADD 5,0,0,0,0,0.0,ADD 6,0,1,0,0,0.0,ADD 7,0,0,0,0,0.0,EGT2CAN,0,1,0,0,0.0
1778953718.7166958,0.0,12754,-50.0,1,-,0,0,0,0,0.0,-,0,0,0,0,0.0,ECU,1,1,12718,0,0.0,FAN1,0,0,0,0,0.0,COILS,1,1,12750,0,0.0,PUMP,0,0,0,0,0.0,INJECTOR,1,1,12742,0,0.0,SERVO,1,1,12714,0,0.0,ADD 1,0,1,0,0,0.0,ADD 2,0,1,0,0,0.0,ADD 3,0,1,0,0,0.0,ADD 4,0,1,0,0,0.0,ADD 5,0,0,0,0,0.0,ADD 6,0,1,0,0,0.0,ADD 7,0,0,0,0,0.0,EGT2CAN,0,1,0,0,0.0
1778953718.7672806,0.0,12754,-50.0,1,-,0,0,0,0,0.0,-,0,0,0,0,0.0,ECU,1,1,12718,0,0.0,FAN1,0,0,0,0,0.0,COILS,1,1,12750,0,0.0,PUMP,0,0,0,0,0.0,INJECTOR,1,1,12742,0,0.0,SERVO,1,1,12714,0,0.0,ADD 1,0,1,0,0,0.0,ADD 2,0,1,0,0,0.0,ADD 3,0,1,0,0,0.0,ADD 4,0,1,0,0,0.0,ADD 5,0,0,0,0,0.0,ADD 6,0,1,0,0,0.0,ADD 7,0,0,0,0,0.0,EGT2CAN,0,1,0,0,0.0
1778953718.817889,0.0,12754,-50.0,1,-,0,0,0,0,0.0,-,0,0,0,0,0.0,ECU,1,1,12701,0,0.0,FAN1,0,0,0,0,0.0,COILS,1,1,12723,0,0.0,PUMP,0,0,0,0,0.0,INJECTOR,1,1,12739,0,0.0,SERVO,1,1,12702,0,0.0,ADD 1,0,1,0,0,0.0,ADD 2,0,1,0,0,0.0,ADD 3,0,1,0,0,0.0,ADD 4,0,1,0,0,0.0,ADD 5,0,0,0,0,0.0,ADD 6,0,1,0,0,0.0,ADD 7,0,0,0,0,0.0,EGT2CAN,0,1,0,0,0.0
1778953718.8755383,0.0,12746,-49.0,1,-,0,0,0,0,0.0,-,0,0,0,0,0.0,ECU,1,1,12728,0,0.0,FAN1,0,0,0,0,0.0,COILS,1,1,12720,0,0.0,PUMP,0,0,0,0,0.0,INJECTOR,1,1,12742,0,0.0,SERVO,1,1,12717,0,0.0,ADD 1,0,1,0,0,0.0,ADD 2,0,1,0,0,0.0,ADD 3,0,1,0,0,0.0,ADD 4,0,1,0,0,0.0,ADD 5,0,0,0,0,0.0,ADD 6,0,1,0,0,0.0,ADD 7,0,0,0,0,0.0,EGT2CAN,0,1,0,0,0.0
1778953718.9259086,0.0,12746,-49.0,1,-,0,0,0,0,0.0,-,0,0,0,0,0.0,ECU,1,1,12737,0,0.0,FAN1,0,0,0,0,0.0,COILS,1,1,12720,0,0.0,PUMP,0,0,0,0,0.0,INJECTOR,1,1,12742,0,0.0,SERVO,1,1,12717,0,0.0,ADD 1,0,1,0,0,0.0,ADD 2,0,1,0,0,0.0,ADD 3,0,1,0,0,0.0,ADD 4,0,1,0,0,0.0,ADD 5,0,0,0,0,0.0,ADD 6,0,1,0,0,0.0,ADD 7,0,0,0,0,0.0,EGT2CAN,0,1,0,0,0.0
1778953718.9774292,0.0,12746,-49.0,1,-,0,0,0,0,0.0,-,0,0,0,0,0.0,ECU,1,1,12737,0,0.0,FAN1,0,0,0,0,0.0,COILS,1,1,12727,0,0.0,PUMP,0,0,0,0,0.0,INJECTOR,1,1,12743,0,0.0,SERVO,1,1,12717,0,0.0,ADD 1,0,1,0,0,0.0,ADD 2,0,1,0,0,0.0,ADD 3,0,1,0,0,0.0,ADD 4,0,1,0,0,0.0,ADD 5,0,0,0,0,0.0,ADD 6,0,1,0,0,0.0,ADD 7,0,0,0,0,0.0,EGT2CAN,0,1,0,0,0.0
1778953719.037981,0.0,12745,-49.0,1,-,0,0,0,0,0.0,-,0,0,0,0,0.0,ECU,1,1,12739,0,0.0,FAN1,0,0,0,0,0.0,COILS,1,1,12743,0,0.0,PUMP,0,0,0,0,0.0,INJECTOR,1,1,12752,0,0.0,SERVO,1,1,12720,0,0.0,ADD 1,0,1,0,0,0.0,ADD 2,0,1,0,0,0.0,ADD 3,0,1,0,0,0.0,ADD 4,0,1,0,0,0.0,ADD 5,0,0,0,0,0.0,ADD 6,0,1,0,0,0.0,ADD 7,0,0,0,0,0.0,EGT2CAN,0,1,0,0,0.0
1778953719.0895653,0.0,12746,-49.0,1,-,0,0,0,0,0.0,-,0,0,0,0,0.0,ECU,1,1,12720,0,0.0,FAN1,0,0,0,0,0.0,COILS,1,1,12728,0,0.0,PUMP,0,0,0,0,0.0,INJECTOR,1,1,12750,0,0.0,SERVO,1,1,12716,0,0.0,ADD 1,0,1,0,0,0.0,ADD 2,0,1,0,0,0.0,ADD 3,0,1,0,0,0.0,ADD 4,0,1,0,0,0.0,ADD 5,0,0,0,0,0.0,ADD 6,0,1,0,0,0.0,ADD 7,0,0,0,0,0.0,EGT2CAN,0,1,0,0,0.0
1778953719.140511,0.0,12746,-49.0,1,-,0,0,0,0,0.0,-,0,0,0,0,0.0,ECU,1,1,12743,0,0.0,FAN1,0,0,0,0,0.0,COILS,1,1,12741,0,0.0,PUMP,0,0,0,0,0.0,INJECTOR,1,1,12747,0,0.0,SERVO,1,1,12706,0,0.0,ADD 1,0,1,0,0,0.0,ADD 2,0,1,0,0,0.0,ADD 3,0,1,0,0,0.0,ADD 4,0,1,0,0,0.0,ADD 5,0,0,0,0,0.0,ADD 6,0,1,0,0,0.0,ADD 7,0,0,0,0,0.0,EGT2CAN,0,1,0,0,0.0
1778953719.1911228,0.0,12745,-49.0,1,-,0,0,0,0,0.0,-,0,0,0,0,0.0,ECU,1,1,12736,0,0.0,FAN1,0,0,0,0,0.0,COILS,1,1,12732,0,0.0,PUMP,0,0,0,0,0.0,INJECTOR,1,1,12744,0,0.0,SERVO,1,1,12716,0,0.0,ADD 1,0,1,0,0,0.0,ADD 2,0,1,0,0,0.0,ADD 3,0,1,0,0,0.0,ADD 4,0,1,0,0,0.0,ADD 5,0,0,0,0,0.0,ADD 6,0,1,0,0,0.0,ADD 7,0,0,0,0,0.0,EGT2CAN,0,1,0,0,0.0
1778953719.2429836,0.0,12746,-49.0,1,-,0,0,0,0,0.0,-,0,0,0,0,0.0,ECU,1,1,12736,0,0.0,FAN1,0,0,0,0,0.0,COILS,1,1,12732,0,0.0,PUMP,0,0,0,0,0.0,INJECTOR,1,1,12744,0,0.0,SERVO,1,1,12716,0,0.0,ADD 1,0,1,0,0,0.0,ADD 2,0,1,0,0,0.0,ADD 3,0,1,0,0,0.0,ADD 4,0,1,0,0,0.0,ADD 5,0,0,0,0,0.0,ADD 6,0,1,0,0,0.0,ADD 7,0,0,0,0,0.0,EGT2CAN,0,1,0,0,0.0
1778953719.293816,2830.0,12746,-49.0,1,-,0,0,0,0,0.0,-,0,0,0,0,0.0,ECU,1,1,12368,0,0.0,FAN1,0,1,4276,11320,2830.0,COILS,1,1,12357,0,0.0,PUMP,0,0,0,0,0.0,INJECTOR,1,1,12359,0,0.0,SERVO,1,1,12396,0,0.0,ADD 1,0,1,0,0,0.0,ADD 2,0,1,0,0,0.0,ADD 3,0,1,0,0,0.0,ADD 4,0,1,0,0,0.0,ADD 5,0,0,0,0,0.0,ADD 6,0,1,0,0,0.0,ADD 7,0,0,0,0,0.0,EGT2CAN,0,1,0,0,0.0
1778953719.3561196,8620.0,12516,-50.0,1,-,0,0,0,0,0.0,-,0,0,0,0,0.0,ECU,1,1,11978,0,0.0,FAN1,0,1,10887,21150,8620.0,COILS,1,1,11999,0,0.0,PUMP,0,0,0,0,0.0,INJECTOR,1,1,11984,0,0.0,SERVO,1,1,11950,0,0.0,ADD 1,0,1,0,0,0.0,ADD 2,0,1,0,0,0.0,ADD 3,0,1,0,0,0.0,ADD 4,0,1,0,0,0.0,ADD 5,0,0,0,0,0.0,ADD 6,0,1,0,0,0.0,ADD 7,0,0,0,0,0.0,EGT2CAN,0,1,0,0,0.0
1778953719.4076695,8620.0,12516,-50.0,1,-,0,0,0,0,0.0,-,0,0,0,0,0.0,ECU,1,1,12018,0,0.0,FAN1,0,1,11598,21150,8620.0,COILS,1,1,12033,0,0.0,PUMP,0,0,0,0,0.0,INJECTOR,1,1,12019,0,0.0,SERVO,1,1,12020,0,0.0,ADD 1,0,1,0,0,0.0,ADD 2,0,1,0,0,0.0,ADD 3,0,1,0,0,0.0,ADD 4,0,1,0,0,0.0,ADD 5,0,0,0,0,0.0,ADD 6,0,1,0,0,0.0,ADD 7,0,0,0,0,0.0,EGT2CAN,0,1,0,0,0.0
1778953719.458507,18092.5,12472,-50.0,1,-,0,0,0,0,0.0,-,0,0,0,0,0.0,ECU,1,1,12018,0,0.0,FAN1,0,1,11598,20650,18092.5,COILS,1,1,12033,0,0.0,PUMP,0,0,0,0,0.0,INJECTOR,1,1,12019,0,0.0,SERVO,1,1,12020,0,0.0,ADD 1,0,1,0,0,0.0,ADD 2,0,1,0,0,0.0,ADD 3,0,1,0,0,0.0,ADD 4,0,1,0,0,0.0,ADD 5,0,0,0,0,0.0,ADD 6,0,1,0,0,0.0,ADD 7,0,0,0,0,0.0,EGT2CAN,0,1,0,0,0.0
1778953719.510673,18118.3,12423,-50.0,1,-,0,0,0,0,0.0,-,0,0,0,0,0.0,ECU,1,1,12200,0,0.0,FAN1,0,1,12114,17200,18118.3,COILS,1,1,12204,0,0.0,PUMP,0,0,0,0,0.0,INJECTOR,1,1,12191,0,0.0,SERVO,1,1,12183,0,0.0,ADD 1,0,1,0,0,0.0,ADD 2,0,1,0,0,0.0,ADD 3,0,1,0,0,0.0,ADD 4,0,1,0,0,0.0,ADD 5,0,0,0,0,0.0,ADD 6,0,1,0,0,0.0,ADD 7,0,0,0,0,0.0,EGT2CAN,0,1,0,0,0.0
1778953719.584438,18118.3,12423,-50.0,1,-,0,0,0,0,0.0,-,0,0,0,0,0.0,ECU,1,1,12243,0,0.0,FAN1,0,1,12194,17200,18118.3,COILS,1,1,12254,0,0.0,PUMP,0,0,0,0,0.0,INJECTOR,1,1,12245,0,0.0,SERVO,1,1,12222,0,0.0,ADD 1,0,1,0,0,0.0,ADD 2,0,1,0,0,0.0,ADD 3,0,1,0,0,0.0,ADD 4,0,1,0,0,0.0,ADD 5,0,0,0,0,0.0,ADD 6,0,1,0,0,0.0,ADD 7,0,0,0,0,0.0,EGT2CAN,0,1,0,0,0.0
1778953719.6354637,17156.0,12399,-49.0,1,-,0,0,0,0,0.0,-,0,0,0,0,0.0,ECU,1,1,12282,0,0.0,FAN1,0,1,12285,13550,17156.0,COILS,1,1,12329,0,0.0,PUMP,0,0,0,0,0.0,INJECTOR,1,1,12355,0,0.0,SERVO,1,1,12311,0,0.0,ADD 1,0,1,0,0,0.0,ADD 2,0,1,0,0,0.0,ADD 3,0,1,0,0,0.0,ADD 4,0,1,0,0,0.0,ADD 5,0,0,0,0,0.0,ADD 6,0,1,0,0,0.0,ADD 7,0,0,0,0,0.0,EGT2CAN,0,1,0,0,0.0
1778953719.6901762,16321.7,12394,-49.0,1,-,0,0,0,0,0.0,-,0,0,0,0,0.0,ECU,1,1,12282,0,0.0,FAN1,0,1,12285,12150,16321.7,COILS,1,1,12329,0,0.0,PUMP,0,0,0,0,0.0,INJECTOR,1,1,12355,0,0.0,SERVO,1,1,12311,0,0.0,ADD 1,0,1,0,0,0.0,ADD 2,0,1,0,0,0.0,ADD 3,0,1,0,0,0.0,ADD 4,0,1,0,0,0.0,ADD 5,0,0,0,0,0.0,ADD 6,0,1,0,0,0.0,ADD 7,0,0,0,0,0.0,EGT2CAN,0,1,0,0,0.0
1778953719.7421556,16321.7,12394,-49.0,1,-,0,0,0,0,0.0,-,0,0,0,0,0.0,ECU,1,1,12335,0,0.0,FAN1,0,1,12314,12150,16321.7,COILS,1,1,12363,0,0.0,PUMP,0,0,0,0,0.0,INJECTOR,1,1,12376,0,0.0,SERVO,1,1,12346,0,0.0,ADD 1,0,1,0,0,0.0,ADD 2,0,1,0,0,0.0,ADD 3,0,1,0,0,0.0,ADD 4,0,1,0,0,0.0,ADD 5,0,0,0,0,0.0,ADD 6,0,1,0,0,0.0,ADD 7,0,0,0,0,0.0,EGT2CAN,0,1,0,0,0.0
1778953719.7929695,11938.3,12397,-50.0,1,-,0,0,0,0,0.0,-,0,0,0,0,0.0,ECU,1,1,12386,0,0.0,FAN1,0,1,12384,9470,11938.3,COILS,1,1,12417,0,0.0,PUMP,0,0,0,0,0.0,INJECTOR,1,1,12402,0,0.0,SERVO,1,1,12360,0,0.0,ADD 1,0,1,0,0,0.0,ADD 2,0,1,0,0,0.0,ADD 3,0,1,0,0,0.0,ADD 4,0,1,0,0,0.0,ADD 5,0,0,0,0,0.0,ADD 6,0,1,0,0,0.0,ADD 7,0,0,0,0,0.0,EGT2CAN,0,1,0,0,0.0
1778953719.846741,11938.3,12397,-50.0,1,-,0,0,0,0,0.0,-,0,0,0,0,0.0,ECU,1,1,12386,0,0.0,FAN1,0,1,12384,9470,11938.3,COILS,1,1,12417,0,0.0,PUMP,0,0,0,0,0.0,INJECTOR,1,1,12402,0,0.0,SERVO,1,1,12360,0,0.0,ADD 1,0,1,0,0,0.0,ADD 2,0,1,0,0,0.0,ADD 3,0,1,0,0,0.0,ADD 4,0,1,0,0,0.0,ADD 5,0,0,0,0,0.0,ADD 6,0,1,0,0,0.0,ADD 7,0,0,0,0,0.0,EGT2CAN,0,1,0,0,0.0
1778953719.9024808,11938.3,12397,-50.0,1,-,0,0,0,0,0.0,-,0,0,0,0,0.0,ECU,1,1,12404,0,0.0,FAN1,0,1,12400,9470,11938.3,COILS,1,1,12421,0,0.0,PUMP,0,0,0,0,0.0,INJECTOR,1,1,12420,0,0.0,SERVO,1,1,12393,0,0.0,ADD 1,0,1,0,0,0.0,ADD 2,0,1,0,0,0.0,ADD 3,0,1,0,0,0.0,ADD 4,0,1,0,0,0.0,ADD 5,0,0,0,0,0.0,ADD 6,0,1,0,0,0.0,ADD 7,0,0,0,0,0.0,EGT2CAN,0,1,0,0,0.0
1778953719.9529617,9388.3,12405,-52.0,1,-,0,0,0,0,0.0,-,0,0,0,0,0.0,ECU,1,1,12442,0,0.0,FAN1,0,1,12425,8190,9388.3,COILS,1,1,12452,0,0.0,PUMP,0,0,0,0,0.0,INJECTOR,1,1,12436,0,0.0,SERVO,1,1,12429,0,0.0,ADD 1,0,1,0,0,0.0,ADD 2,0,1,0,0,0.0,ADD 3,0,1,0,0,0.0,ADD 4,0,1,0,0,0.0,ADD 5,0,0,0,0,0.0,ADD 6,0,1,0,0,0.0,ADD 7,0,0,0,0,0.0,EGT2CAN,0,1,0,0,0.0
1778953720.0046911,9388.3,12405,-52.0,1,-,0,0,0,0,0.0,-,0,0,0,0,0.0,ECU,1,1,12424,0,0.0,FAN1,0,1,12437,8190,9388.3,COILS,1,1,12430,0,0.0,PUMP,0,0,0,0,0.0,INJECTOR,1,1,12430,0,0.0,SERVO,1,1,12427,0,0.0,ADD 1,0,1,0,0,0.0,ADD 2,0,1,0,0,0.0,ADD 3,0,1,0,0,0.0,ADD 4,0,1,0,0,0.0,ADD 5,0,0,0,0,0.0,ADD 6,0,1,0,0,0.0,ADD 7,0,0,0,0,0.0,EGT2CAN,0,1,0,0,0.0
1778953720.058519,8390.0,12405,-52.0,1,-,0,0,0,0,0.0,-,0,0,0,0,0.0,ECU,1,1,12424,0,0.0,FAN1,0,1,12437,7920,8390.0,COILS,1,1,12430,0,0.0,PUMP,0,0,0,0,0.0,INJECTOR,1,1,12430,0,0.0,SERVO,1,1,12427,0,0.0,ADD 1,0,1,0,0,0.0,ADD 2,0,1,0,0,0.0,ADD 3,0,1,0,0,0.0,ADD 4,0,1,0,0,0.0,ADD 5,0,0,0,0,0.0,ADD 6,0,1,0,0,0.0,ADD 7,0,0,0,0,0.0,EGT2CAN,0,1,0,0,0.0
1778953720.1096926,8136.7,12417,-49.0,1,-,0,0,0,0,0.0,-,0,0,0,0,0.0,ECU,1,1,12442,0,0.0,FAN1,0,1,12443,7550,8136.7,COILS,1,1,12450,0,0.0,PUMP,0,0,0,0,0.0,INJECTOR,1,1,12452,0,0.0,SERVO,1,1,12437,0,0.0,ADD 1,0,1,0,0,0.0,ADD 2,0,1,0,0,0.0,ADD 3,0,1,0,0,0.0,ADD 4,0,1,0,0,0.0,ADD 5,0,0,0,0,0.0,ADD 6,0,1,0,0,0.0,ADD 7,0,0,0,0,0.0,EGT2CAN,0,1,0,0,0.0
1778953720.1607819,8136.7,12417,-49.0,1,-,0,0,0,0,0.0,-,0,0,0,0,0.0,ECU,1,1,12466,0,0.0,FAN1,0,1,12444,7550,8136.7,COILS,1,1,12468,0,0.0,PUMP,0,0,0,0,0.0,INJECTOR,1,1,12466,0,0.0,SERVO,1,1,12400,0,0.0,ADD 1,0,1,0,0,0.0,ADD 2,0,1,0,0,0.0,ADD 3,0,1,0,0,0.0,ADD 4,0,1,0,0,0.0,ADD 5,0,0,0,0,0.0,ADD 6,0,1,0,0,0.0,ADD 7,0,0,0,0,0.0,EGT2CAN,0,1,0,0,0.0
1778953720.212384,7650.0,12423,-51.0,1,-,0,0,0,0,0.0,-,0,0,0,0,0.0,ECU,1,1,12466,0,0.0,FAN1,0,1,12444,7420,7650.0,COILS,1,1,12468,0,0.0,PUMP,0,0,0,0,0.0,INJECTOR,1,1,12466,0,0.0,SERVO,1,1,12400,0,0.0,ADD 1,0,1,0,0,0.0,ADD 2,0,1,0,0,0.0,ADD 3,0,1,0,0,0.0,ADD 4,0,1,0,0,0.0,ADD 5,0,0,0,0,0.0,ADD 6,0,1,0,0,0.0,ADD 7,0,0,0,0,0.0,EGT2CAN,0,1,0,0,0.0
1778953720.262976,7438.0,12430,-49.0,1,-,0,0,0,0,0.0,-,0,0,0,0,0.0,ECU,1,1,12469,0,0.0,FAN1,0,1,12474,7200,7438.0,COILS,1,1,12484,0,0.0,PUMP,0,0,0,0,0.0,INJECTOR,1,1,12452,0,0.0,SERVO,1,1,12423,0,0.0,ADD 1,0,1,0,0,0.0,ADD 2,0,1,0,0,0.0,ADD 3,0,1,0,0,0.0,ADD 4,0,1,0,0,0.0,ADD 5,0,0,0,0,0.0,ADD 6,0,1,0,0,0.0,ADD 7,0,0,0,0,0.0,EGT2CAN,0,1,0,0,0.0
1778953720.321227,7324.0,12438,-49.0,1,-,0,0,0,0,0.0,-,0,0,0,0,0.0,ECU,1,1,12445,0,0.0,FAN1,0,1,12471,7140,7324.0,COILS,1,1,12474,0,0.0,PUMP,0,0,0,0,0.0,INJECTOR,1,1,12479,0,0.0,SERVO,1,1,12443,0,0.0,ADD 1,0,1,0,0,0.0,ADD 2,0,1,0,0,0.0,ADD 3,0,1,0,0,0.0,ADD 4,0,1,0,0,0.0,ADD 5,0,0,0,0,0.0,ADD 6,0,1,0,0,0.0,ADD 7,0,0,0,0,0.0,EGT2CAN,0,1,0,0,0.0
1778953720.3736978,7324.0,12438,-49.0,1,-,0,0,0,0,0.0,-,0,0,0,0,0.0,ECU,1,1,12444,0,0.0,FAN1,0,1,12461,7140,7324.0,COILS,1,1,12474,0,0.0,PUMP,0,0,0,0,0.0,INJECTOR,1,1,12479,0,0.0,SERVO,1,1,12443,0,0.0,ADD 1,0,1,0,0,0.0,ADD 2,0,1,0,0,0.0,ADD 3,0,1,0,0,0.0,ADD 4,0,1,0,0,0.0,ADD 5,0,0,0,0,0.0,ADD 6,0,1,0,0,0.0,ADD 7,0,0,0,0,0.0,EGT2CAN,0,1,0,0,0.0
1778953720.4243412,7148.0,12446,-49.0,1,-,0,0,0,0,0.0,-,0,0,0,0,0.0,ECU,1,1,12444,0,0.0,FAN1,0,1,12466,7020,7148.0,COILS,1,1,12500,0,0.0,PUMP,0,0,0,0,0.0,INJECTOR,1,1,12464,0,0.0,SERVO,1,1,12469,0,0.0,ADD 1,0,1,0,0,0.0,ADD 2,0,1,0,0,0.0,ADD 3,0,1,0,0,0.0,ADD 4,0,1,0,0,0.0,ADD 5,0,0,0,0,0.0,ADD 6,0,1,0,0,0.0,ADD 7,0,0,0,0,0.0,EGT2CAN,0,1,0,0,0.0
1778953720.4764352,7084.0,12446,-49.0,1,-,0,0,0,0,0.0,-,0,0,0,0,0.0,ECU,1,1,12461,0,0.0,FAN1,0,1,12457,6990,7084.0,COILS,1,1,12493,0,0.0,PUMP,0,0,0,0,0.0,INJECTOR,1,1,12453,0,0.0,SERVO,1,1,12457,0,0.0,ADD 1,0,1,0,0,0.0,ADD 2,0,1,0,0,0.0,ADD 3,0,1,0,0,0.0,ADD 4,0,1,0,0,0.0,ADD 5,0,0,0,0,0.0,ADD 6,0,1,0,0,0.0,ADD 7,0,0,0,0,0.0,EGT2CAN,0,1,0,0,0.0
1778953720.5292096,7084.0,12446,-49.0,1,-,0,0,0,0,0.0,-,0,0,0,0,0.0,ECU,1,1,12466,0,0.0,FAN1,0,1,12457,6990,7084.0,COILS,1,1,12493,0,0.0,PUMP,0,0,0,0,0.0,INJECTOR,1,1,12453,0,0.0,SERVO,1,1,12457,0,0.0,ADD 1,0,1,0,0,0.0,ADD 2,0,1,0,0,0.0,ADD 3,0,1,0,0,0.0,ADD 4,0,1,0,0,0.0,ADD 5,0,0,0,0,0.0,ADD 6,0,1,0,0,0.0,ADD 7,0,0,0,0,0.0,EGT2CAN,0,1,0,0,0.0
1778953720.5800948,6998.0,12451,-52.0,1,-,0,0,0,0,0.0,-,0,0,0,0,0.0,ECU,1,1,12463,0,0.0,FAN1,0,1,12466,6950,6998.0,COILS,1,1,12485,0,0.0,PUMP,0,0,0,0,0.0,INJECTOR,1,1,12462,0,0.0,SERVO,1,1,12438,0,0.0,ADD 1,0,1,0,0,0.0,ADD 2,0,1,0,0,0.0,ADD 3,0,1,0,0,0.0,ADD 4,0,1,0,0,0.0,ADD 5,0,0,0,0,0.0,ADD 6,0,1,0,0,0.0,ADD 7,0,0,0,0,0.0,EGT2CAN,0,1,0,0,0.0
1778953720.6329217,6988.3,12455,-50.0,1,-,0,0,0,0,0.0,-,0,0,0,0,0.0,ECU,1,1,12460,0,0.0,FAN1,0,1,12472,6940,6988.3,COILS,1,1,12485,0,0.0,PUMP,0,0,0,0,0.0,INJECTOR,1,1,12457,0,0.0,SERVO,1,1,12447,0,0.0,ADD 1,0,1,0,0,0.0,ADD 2,0,1,0,0,0.0,ADD 3,0,1,0,0,0.0,ADD 4,0,1,0,0,0.0,ADD 5,0,0,0,0,0.0,ADD 6,0,1,0,0,0.0,ADD 7,0,0,0,0,0.0,EGT2CAN,0,1,0,0,0.0
1778953720.686872,6988.3,12455,-50.0,1,-,0,0,0,0,0.0,-,0,0,0,0,0.0,ECU,1,1,12460,0,0.0,FAN1,0,1,12447,6940,6988.3,COILS,1,1,12479,0,0.0,PUMP,0,0,0,0,0.0,INJECTOR,1,1,12456,0,0.0,SERVO,1,1,12444,0,0.0,ADD 1,0,1,0,0,0.0,ADD 2,0,1,0,0,0.0,ADD 3,0,1,0,0,0.0,ADD 4,0,1,0,0,0.0,ADD 5,0,0,0,0,0.0,ADD 6,0,1,0,0,0.0,ADD 7,0,0,0,0,0.0,EGT2CAN,0,1,0,0,0.0
1778953720.7371092,6934.0,12456,-49.0,1,-,0,0,0,0,0.0,-,0,0,0,0,0.0,ECU,1,1,12449,0,0.0,FAN1,0,1,12455,6910,6934.0,COILS,1,1,12451,0,0.0,PUMP,0,0,0,0,0.0,INJECTOR,1,1,12481,0,0.0,SERVO,1,1,12428,0,0.0,ADD 1,0,1,0,0,0.0,ADD 2,0,1,0,0,0.0,ADD 3,0,1,0,0,0.0,ADD 4,0,1,0,0,0.0,ADD 5,0,0,0,0,0.0,ADD 6,0,1,0,0,0.0,ADD 7,0,0,0,0,0.0,EGT2CAN,0,1,0,0,0.0
1778953720.78897,6928.3,12454,-50.0,1,-,0,0,0,0,0.0,-,0,0,0,0,0.0,ECU,1,1,12449,0,0.0,FAN1,0,1,12455,6900,6928.3,COILS,1,1,12451,0,0.0,PUMP,0,0,0,0,0.0,INJECTOR,1,1,12481,0,0.0,SERVO,1,1,12428,0,0.0,ADD 1,0,1,0,0,0.0,ADD 2,0,1,0,0,0.0,ADD 3,0,1,0,0,0.0,ADD 4,0,1,0,0,0.0,ADD 5,0,0,0,0,0.0,ADD 6,0,1,0,0,0.0,ADD 7,0,0,0,0,0.0,EGT2CAN,0,1,0,0,0.0
1778953720.8443396,6928.3,12454,-50.0,1,-,0,0,0,0,0.0,-,0,0,0,0,0.0,ECU,1,1,12457,0,0.0,FAN1,0,1,12459,6900,6928.3,COILS,1,1,12451,0,0.0,PUMP,0,0,0,0,0.0,INJECTOR,1,1,12481,0,0.0,SERVO,1,1,12428,0,0.0,ADD 1,0,1,0,0,0.0,ADD 2,0,1,0,0,0.0,ADD 3,0,1,0,0,0.0,ADD 4,0,1,0,0,0.0,ADD 5,0,0,0,0,0.0,ADD 6,0,1,0,0,0.0,ADD 7,0,0,0,0,0.0,EGT2CAN,0,1,0,0,0.0
1778953720.9040987,6900.0,12457,-49.0,1,-,0,0,0,0,0.0,-,0,0,0,0,0.0,ECU,1,1,12464,0,0.0,FAN1,0,1,12466,6890,6900.0,COILS,1,1,12470,0,0.0,PUMP,0,0,0,0,0.0,INJECTOR,1,1,12467,0,0.0,SERVO,1,1,12453,0,0.0,ADD 1,0,1,0,0,0.0,ADD 2,0,1,0,0,0.0,ADD 3,0,1,0,0,0.0,ADD 4,0,1,0,0,0.0,ADD 5,0,0,0,0,0.0,ADD 6,0,1,0,0,0.0,ADD 7,0,0,0,0,0.0,EGT2CAN,0,1,0,0,0.0
1778953720.9575477,6900.0,12457,-49.0,1,-,0,0,0,0,0.0,-,0,0,0,0,0.0,ECU,1,1,12468,0,0.0,FAN1,0,1,12443,6890,6900.0,COILS,1,1,12466,0,0.0,PUMP,0,0,0,0,0.0,INJECTOR,1,1,12471,0,0.0,SERVO,1,1,12463,0,0.0,ADD 1,0,1,0,0,0.0,ADD 2,0,1,0,0,0.0,ADD 3,0,1,0,0,0.0,ADD 4,0,1,0,0,0.0,ADD 5,0,0,0,0,0.0,ADD 6,0,1,0,0,0.0,ADD 7,0,0,0,0,0.0,EGT2CAN,0,1,0,0,0.0
1778953721.0084612,6890.0,12457,-49.0,1,-,0,0,0,0,0.0,-,0,0,0,0,0.0,ECU,1,1,12468,0,0.0,FAN1,0,1,12443,6880,6890.0,COILS,1,1,12466,0,0.0,PUMP,0,0,0,0,0.0,INJECTOR,1,1,12471,0,0.0,SERVO,1,1,12463,0,0.0,ADD 1,0,1,0,0,0.0,ADD 2,0,1,0,0,0.0,ADD 3,0,1,0,0,0.0,ADD 4,0,1,0,0,0.0,ADD 5,0,0,0,0,0.0,ADD 6,0,1,0,0,0.0,ADD 7,0,0,0,0,0.0,EGT2CAN,0,1,0,0,0.0
1778953721.0590978,6886.7,12459,-50.0,1,-,0,0,0,0,0.0,-,0,0,0,0,0.0,ECU,1,1,12471,0,0.0,FAN1,0,1,12444,6880,6886.7,COILS,1,1,12474,0,0.0,PUMP,0,0,0,0,0.0,INJECTOR,1,1,12482,0,0.0,SERVO,1,1,12436,0,0.0,ADD 1,0,1,0,0,0.0,ADD 2,0,1,0,0,0.0,ADD 3,0,1,0,0,0.0,ADD 4,0,1,0,0,0.0,ADD 5,0,0,0,0,0.0,ADD 6,0,1,0,0,0.0,ADD 7,0,0,0,0,0.0,EGT2CAN,0,1,0,0,0.0
1778953721.1135647,6880.0,12459,-50.0,1,-,0,0,0,0,0.0,-,0,0,0,0,0.0,ECU,1,1,12479,0,0.0,FAN1,0,1,12418,6880,6880.0,COILS,1,1,12451,0,0.0,PUMP,0,0,0,0,0.0,INJECTOR,1,1,12471,0,0.0,SERVO,1,1,12418,0,0.0,ADD 1,0,1,0,0,0.0,ADD 2,0,1,0,0,0.0,ADD 3,0,1,0,0,0.0,ADD 4,0,1,0,0,0.0,ADD 5,0,0,0,0,0.0,ADD 6,0,1,0,0,0.0,ADD 7,0,0,0,0,0.0,EGT2CAN,0,1,0,0,0.0
1778953721.164133,6880.0,12462,-49.0,1,-,0,0,0,0,0.0,-,0,0,0,0,0.0,ECU,1,1,12479,0,0.0,FAN1,0,1,12418,6880,6880.0,COILS,1,1,12451,0,0.0,PUMP,0,0,0,0,0.0,INJECTOR,1,1,12471,0,0.0,SERVO,1,1,12418,0,0.0,ADD 1,0,1,0,0,0.0,ADD 2,0,1,0,0,0.0,ADD 3,0,1,0,0,0.0,ADD 4,0,1,0,0,0.0,ADD 5,0,0,0,0,0.0,ADD 6,0,1,0,0,0.0,ADD 7,0,0,0,0,0.0,EGT2CAN,0,1,0,0,0.0
1778953721.2151084,6880.0,12464,-49.0,1,-,0,0,0,0,0.0,-,0,0,0,0,0.0,ECU,1,1,12466,0,0.0,FAN1,0,1,12421,6880,6880.0,COILS,1,1,12457,0,0.0,PUMP,0,0,0,0,0.0,INJECTOR,1,1,12461,0,0.0,SERVO,1,1,12430,0,0.0,ADD 1,0,1,0,0,0.0,ADD 2,0,1,0,0,0.0,ADD 3,0,1,0,0,0.0,ADD 4,0,1,0,0,0.0,ADD 5,0,0,0,0,0.0,ADD 6,0,1,0,0,0.0,ADD 7,0,0,0,0,0.0,EGT2CAN,0,1,0,0,0.0
1778953721.2663155,6880.0,12464,-49.0,1,-,0,0,0,0,0.0,-,0,0,0,0,0.0,ECU,1,1,12462,0,0.0,FAN1,0,1,12440,6880,6880.0,COILS,1,1,12451,0,0.0,PUMP,0,0,0,0,0.0,INJECTOR,1,1,12442,0,0.0,SERVO,1,1,12430,0,0.0,ADD 1,0,1,0,0,0.0,ADD 2,0,1,0,0,0.0,ADD 3,0,1,0,0,0.0,ADD 4,0,1,0,0,0.0,ADD 5,0,0,0,0,0.0,ADD 6,0,1,0,0,0.0,ADD 7,0,0,0,0,0.0,EGT2CAN,0,1,0,0,0.0
1778953721.318126,6880.0,12464,-49.0,1,-,0,0,0,0,0.0,-,0,0,0,0,0.0,ECU,1,1,12462,0,0.0,FAN1,0,1,12440,6880,6880.0,COILS,1,1,12451,0,0.0,PUMP,0,0,0,0,0.0,INJECTOR,1,1,12442,0,0.0,SERVO,1,1,12430,0,0.0,ADD 1,0,1,0,0,0.0,ADD 2,0,1,0,0,0.0,ADD 3,0,1,0,0,0.0,ADD 4,0,1,0,0,0.0,ADD 5,0,0,0,0,0.0,ADD 6,0,1,0,0,0.0,ADD 7,0,0,0,0,0.0,EGT2CAN,0,1,0,0,0.0
1778953721.3691154,6874.0,12465,-49.0,1,-,0,0,0,0,0.0,-,0,0,0,0,0.0,ECU,1,1,12455,0,0.0,FAN1,0,1,12423,6860,6874.0,COILS,1,1,12458,0,0.0,PUMP,0,0,0,0,0.0,INJECTOR,1,1,12443,0,0.0,SERVO,1,1,12421,0,0.0,ADD 1,0,1,0,0,0.0,ADD 2,0,1,0,0,0.0,ADD 3,0,1,0,0,0.0,ADD 4,0,1,0,0,0.0,ADD 5,0,0,0,0,0.0,ADD 6,0,1,0,0,0.0,ADD 7,0,0,0,0,0.0,EGT2CAN,0,1,0,0,0.0
1778953721.422079,6870.0,12464,-49.0,1,-,0,0,0,0,0.0,-,0,0,0,0,0.0,ECU,1,1,12447,0,0.0,FAN1,0,1,12436,6870,6870.0,COILS,1,1,12460,0,0.0,PUMP,0,0,0,0,0.0,INJECTOR,1,1,12473,0,0.0,SERVO,1,1,12445,0,0.0,ADD 1,0,1,0,0,0.0,ADD 2,0,1,0,0,0.0,ADD 3,0,1,0,0,0.0,ADD 4,0,1,0,0,0.0,ADD 5,0,0,0,0,0.0,ADD 6,0,1,0,0,0.0,ADD 7,0,0,0,0,0.0,EGT2CAN,0,1,0,0,0.0
1778953721.474357,6870.0,12464,-49.0,1,-,0,0,0,0,0.0,-,0,0,0,0,0.0,ECU,1,1,12455,0,0.0,FAN1,0,1,12455,6870,6870.0,COILS,1,1,12460,0,0.0,PUMP,0,0,0,0,0.0,INJECTOR,1,1,12473,0,0.0,SERVO,1,1,12445,0,0.0,ADD 1,0,1,0,0,0.0,ADD 2,0,1,0,0,0.0,ADD 3,0,1,0,0,0.0,ADD 4,0,1,0,0,0.0,ADD 5,0,0,0,0,0.0,ADD 6,0,1,0,0,0.0,ADD 7,0,0,0,0,0.0,EGT2CAN,0,1,0,0,0.0
1778953721.524745,6868.0,12465,-50.0,1,-,0,0,0,0,0.0,-,0,0,0,0,0.0,ECU,1,1,12440,0,0.0,FAN1,0,1,12442,6870,6868.0,COILS,1,1,12447,0,0.0,PUMP,0,0,0,0,0.0,INJECTOR,1,1,12466,0,0.0,SERVO,1,1,12449,0,0.0,ADD 1,0,1,0,0,0.0,ADD 2,0,1,0,0,0.0,ADD 3,0,1,0,0,0.0,ADD 4,0,1,0,0,0.0,ADD 5,0,0,0,0,0.0,ADD 6,0,1,0,0,0.0,ADD 7,0,0,0,0,0.0,EGT2CAN,0,1,0,0,0.0
1778953721.5765078,6872.5,12466,-49.0,1,-,0,0,0,0,0.0,-,0,0,0,0,0.0,ECU,1,1,12437,0,0.0,FAN1,0,1,12448,6880,6872.5,COILS,1,1,12451,0,0.0,PUMP,0,0,0,0,0.0,INJECTOR,1,1,12445,0,0.0,SERVO,1,1,12434,0,0.0,ADD 1,0,1,0,0,0.0,ADD 2,0,1,0,0,0.0,ADD 3,0,1,0,0,0.0,ADD 4,0,1,0,0,0.0,ADD 5,0,0,0,0,0.0,ADD 6,0,1,0,0,0.0,ADD 7,0,0,0,0,0.0,EGT2CAN,0,1,0,0,0.0
1778953721.6452584,6872.5,12466,-49.0,1,-,0,0,0,0,0.0,-,0,0,0,0,0.0,ECU,1,1,12436,0,0.0,FAN1,0,1,12437,6880,6872.5,COILS,1,1,12441,0,0.0,PUMP,0,0,0,0,0.0,INJECTOR,1,1,12447,0,0.0,SERVO,1,1,12433,0,0.0,ADD 1,0,1,0,0,0.0,ADD 2,0,1,0,0,0.0,ADD 3,0,1,0,0,0.0,ADD 4,0,1,0,0,0.0,ADD 5,0,0,0,0,0.0,ADD 6,0,1,0,0,0.0,ADD 7,0,0,0,0,0.0,EGT2CAN,0,1,0,0,0.0
1778953721.706698,6877.5,12464,-49.0,1,-,0,0,0,0,0.0,-,0,0,0,0,0.0,ECU,1,1,12450,0,0.0,FAN1,0,1,12447,6870,6877.5,COILS,1,1,12466,0,0.0,PUMP,0,0,0,0,0.0,INJECTOR,1,1,12453,0,0.0,SERVO,1,1,12438,0,0.0,ADD 1,0,1,0,0,0.0,ADD 2,0,1,0,0,0.0,ADD 3,0,1,0,0,0.0,ADD 4,0,1,0,0,0.0,ADD 5,0,0,0,0,0.0,ADD 6,0,1,0,0,0.0,ADD 7,0,0,0,0,0.0,EGT2CAN,0,1,0,0,0.0
1778953721.7770936,6878.0,12464,-49.0,1,-,0,0,0,0,0.0,-,0,0,0,0,0.0,ECU,1,1,12449,0,0.0,FAN1,0,1,12444,6880,6878.0,COILS,1,1,12460,0,0.0,PUMP,0,0,0,0,0.0,INJECTOR,1,1,12471,0,0.0,SERVO,1,1,12436,0,0.0,ADD 1,0,1,0,0,0.0,ADD 2,0,1,0,0,0.0,ADD 3,0,1,0,0,0.0,ADD 4,0,1,0,0,0.0,ADD 5,0,0,0,0,0.0,ADD 6,0,1,0,0,0.0,ADD 7,0,0,0,0,0.0,EGT2CAN,0,1,0,0,0.0
1778953721.827733,6878.0,12464,-49.0,1,-,0,0,0,0,0.0,-,0,0,0,0,0.0,ECU,1,1,12459,0,0.0,FAN1,0,1,12444,6880,6878.0,COILS,1,1,12451,0,0.0,PUMP,0,0,0,0,0.0,INJECTOR,1,1,12465,0,0.0,SERVO,1,1,12426,0,0.0,ADD 1,0,1,0,0,0.0,ADD 2,0,1,0,0,0.0,ADD 3,0,1,0,0,0.0,ADD 4,0,1,0,0,0.0,ADD 5,0,0,0,0,0.0,ADD 6,0,1,0,0,0.0,ADD 7,0,0,0,0,0.0,EGT2CAN,0,1,0,0,0.0
1778953721.878763,6871.7,12464,-50.0,1,-,0,0,0,0,0.0,-,0,0,0,0,0.0,ECU,1,1,12468,0,0.0,FAN1,0,1,12460,6860,6871.7,COILS,1,1,12471,0,0.0,PUMP,0,0,0,0,0.0,INJECTOR,1,1,12463,0,0.0,SERVO,1,1,12406,0,0.0,ADD 1,0,1,0,0,0.0,ADD 2,0,1,0,0,0.0,ADD 3,0,1,0,0,0.0,ADD 4,0,1,0,0,0.0,ADD 5,0,0,0,0,0.0,ADD 6,0,1,0,0,0.0,ADD 7,0,0,0,0,0.0,EGT2CAN,0,1,0,0,0.0
1778953721.9405873,6868.3,12465,-49.0,1,-,0,0,0,0,0.0,-,0,0,0,0,0.0,ECU,1,1,12468,0,0.0,FAN1,0,1,12451,6860,6868.3,COILS,1,1,12474,0,0.0,PUMP,0,0,0,0,0.0,INJECTOR,1,1,12451,0,0.0,SERVO,1,1,12422,0,0.0,ADD 1,0,1,0,0,0.0,ADD 2,0,1,0,0,0.0,ADD 3,0,1,0,0,0.0,ADD 4,0,1,0,0,0.0,ADD 5,0,0,0,0,0.0,ADD 6,0,1,0,0,0.0,ADD 7,0,0,0,0,0.0,EGT2CAN,0,1,0,0,0.0
1778953721.9911335,6868.3,12465,-49.0,1,-,0,0,0,0,0.0,-,0,0,0,0,0.0,ECU,1,1,12468,0,0.0,FAN1,0,1,12449,6860,6868.3,COILS,1,1,12466,0,0.0,PUMP,0,0,0,0,0.0,INJECTOR,1,1,12431,0,0.0,SERVO,1,1,12441,0,0.0,ADD 1,0,1,0,0,0.0,ADD 2,0,1,0,0,0.0,ADD 3,0,1,0,0,0.0,ADD 4,0,1,0,0,0.0,ADD 5,0,0,0,0,0.0,ADD 6,0,1,0,0,0.0,ADD 7,0,0,0,0,0.0,EGT2CAN,0,1,0,0,0.0
1778953722.0418162,6860.0,12461,-50.0,1,-,0,0,0,0,0.0,-,0,0,0,0,0.0,ECU,1,1,12443,0,0.0,FAN1,0,1,12436,6860,6860.0,COILS,1,1,12454,0,0.0,PUMP,0,0,0,0,0.0,INJECTOR,1,1,12448,0,0.0,SERVO,1,1,12437,0,0.0,ADD 1,0,1,0,0,0.0,ADD 2,0,1,0,0,0.0,ADD 3,0,1,0,0,0.0,ADD 4,0,1,0,0,0.0,ADD 5,0,0,0,0,0.0,ADD 6,0,1,0,0,0.0,ADD 7,0,0,0,0,0.0,EGT2CAN,0,1,0,0,0.0
1778953722.09791,6860.0,12462,-50.0,1,-,0,0,0,0,0.0,-,0,0,0,0,0.0,ECU,1,1,12443,0,0.0,FAN1,0,1,12436,6860,6860.0,COILS,1,1,12454,0,0.0,PUMP,0,0,0,0,0.0,INJECTOR,1,1,12448,0,0.0,SERVO,1,1,12437,0,0.0,ADD 1,0,1,0,0,0.0,ADD 2,0,1,0,0,0.0,ADD 3,0,1,0,0,0.0,ADD 4,0,1,0,0,0.0,ADD 5,0,0,0,0,0.0,ADD 6,0,1,0,0,0.0,ADD 7,0,0,0,0,0.0,EGT2CAN,0,1,0,0,0.0
1778953722.1520088,6860.0,12462,-50.0,1,-,0,0,0,0,0.0,-,0,0,0,0,0.0,ECU,1,1,12435,0,0.0,FAN1,0,1,12444,6860,6860.0,COILS,1,1,12445,0,0.0,PUMP,0,0,0,0,0.0,INJECTOR,1,1,12469,0,0.0,SERVO,1,1,12431,0,0.0,ADD 1,0,1,0,0,0.0,ADD 2,0,1,0,0,0.0,ADD 3,0,1,0,0,0.0,ADD 4,0,1,0,0,0.0,ADD 5,0,0,0,0,0.0,ADD 6,0,1,0,0,0.0,ADD 7,0,0,0,0,0.0,EGT2CAN,0,1,0,0,0.0
1778953722.2024477,6858.3,12458,-50.0,1,-,0,0,0,0,0.0,-,0,0,0,0,0.0,ECU,1,1,12460,0,0.0,FAN1,0,1,12430,6860,6858.3,COILS,1,1,12460,0,0.0,PUMP,0,0,0,0,0.0,INJECTOR,1,1,12473,0,0.0,SERVO,1,1,12424,0,0.0,ADD 1,0,1,0,0,0.0,ADD 2,0,1,0,0,0.0,ADD 3,0,1,0,0,0.0,ADD 4,0,1,0,0,0.0,ADD 5,0,0,0,0,0.0,ADD 6,0,1,0,0,0.0,ADD 7,0,0,0,0,0.0,EGT2CAN,0,1,0,0,0.0
1778953722.253757,6855.0,12457,-50.0,1,-,0,0,0,0,0.0,-,0,0,0,0,0.0,ECU,1,1,12438,0,0.0,FAN1,0,1,12443,6850,6855.0,COILS,1,1,12461,0,0.0,PUMP,0,0,0,0,0.0,INJECTOR,1,1,12483,0,0.0,SERVO,1,1,12415,0,0.0,ADD 1,0,1,0,0,0.0,ADD 2,0,1,0,0,0.0,ADD 3,0,1,0,0,0.0,ADD 4,0,1,0,0,0.0,ADD 5,0,0,0,0,0.0,ADD 6,0,1,0,0,0.0,ADD 7,0,0,0,0,0.0,EGT2CAN,0,1,0,0,0.0
1778953722.3044493,6855.0,12457,-50.0,1,-,0,0,0,0,0.0,-,0,0,0,0,0.0,ECU,1,1,12438,0,0.0,FAN1,0,1,12443,6850,6855.0,COILS,1,1,12461,0,0.0,PUMP,0,0,0,0,0.0,INJECTOR,1,1,12483,0,0.0,SERVO,1,1,12415,0,0.0,ADD 1,0,1,0,0,0.0,ADD 2,0,1,0,0,0.0,ADD 3,0,1,0,0,0.0,ADD 4,0,1,0,0,0.0,ADD 5,0,0,0,0,0.0,ADD 6,0,1,0,0,0.0,ADD 7,0,0,0,0,0.0,EGT2CAN,0,1,0,0,0.0
1778953722.357978,6854.0,12457,-50.0,1,-,0,0,0,0,0.0,-,0,0,0,0,0.0,ECU,1,1,12449,0,0.0,FAN1,0,1,12448,6850,6854.0,COILS,1,1,12440,0,0.0,PUMP,0,0,0,0,0.0,INJECTOR,1,1,12464,0,0.0,SERVO,1,1,12406,0,0.0,ADD 1,0,1,0,0,0.0,ADD 2,0,1,0,0,0.0,ADD 3,0,1,0,0,0.0,ADD 4,0,1,0,0,0.0,ADD 5,0,0,0,0,0.0,ADD 6,0,1,0,0,0.0,ADD 7,0,0,0,0,0.0,EGT2CAN,0,1,0,0,0.0
1778953722.4195037,6852.5,12459,-50.0,1,-,0,0,0,0,0.0,-,0,0,0,0,0.0,ECU,1,1,12452,0,0.0,FAN1,0,1,12450,6860,6852.5,COILS,1,1,12454,0,0.0,PUMP,0,0,0,0,0.0,INJECTOR,1,1,12460,0,0.0,SERVO,1,1,12419,0,0.0,ADD 1,0,1,0,0,0.0,ADD 2,0,1,0,0,0.0,ADD 3,0,1,0,0,0.0,ADD 4,0,1,0,0,0.0,ADD 5,0,0,0,0,0.0,ADD 6,0,1,0,0,0.0,ADD 7,0,0,0,0,0.0,EGT2CAN,0,1,0,0,0.0
1778953722.4709108,6852.5,12459,-50.0,1,-,0,0,0,0,0.0,-,0,0,0,0,0.0,ECU,1,1,12472,0,0.0,FAN1,0,1,12457,6860,6852.5,COILS,1,1,12454,0,0.0,PUMP,0,0,0,0,0.0,INJECTOR,1,1,12460,0,0.0,SERVO,1,1,12419,0,0.0,ADD 1,0,1,0,0,0.0,ADD 2,0,1,0,0,0.0,ADD 3,0,1,0,0,0.0,ADD 4,0,1,0,0,0.0,ADD 5,0,0,0,0,0.0,ADD 6,0,1,0,0,0.0,ADD 7,0,0,0,0,0.0,EGT2CAN,0,1,0,0,0.0
1778953722.5214071,6860.0,12454,-49.0,1,-,0,0,0,0,0.0,-,0,0,0,0,0.0,ECU,1,1,12457,0,0.0,FAN1,0,1,12457,6870,6860.0,COILS,1,1,12450,0,0.0,PUMP,0,0,0,0,0.0,INJECTOR,1,1,12452,0,0.0,SERVO,1,1,12411,0,0.0,ADD 1,0,1,0,0,0.0,ADD 2,0,1,0,0,0.0,ADD 3,0,1,0,0,0.0,ADD 4,0,1,0,0,0.0,ADD 5,0,0,0,0,0.0,ADD 6,0,1,0,0,0.0,ADD 7,0,0,0,0,0.0,EGT2CAN,0,1,0,0,0.0
1778953722.5853672,6860.0,12455,-49.0,1,-,0,0,0,0,0.0,-,0,0,0,0,0.0,ECU,1,1,12441,0,0.0,FAN1,0,1,12436,6860,6860.0,COILS,1,1,12451,0,0.0,PUMP,0,0,0,0,0.0,INJECTOR,1,1,12443,0,0.0,SERVO,1,1,12431,0,0.0,ADD 1,0,1,0,0,0.0,ADD 2,0,1,0,0,0.0,ADD 3,0,1,0,0,0.0,ADD 4,0,1,0,0,0.0,ADD 5,0,0,0,0,0.0,ADD 6,0,1,0,0,0.0,ADD 7,0,0,0,0,0.0,EGT2CAN,0,1,0,0,0.0
1778953722.637216,6860.0,12455,-49.0,1,-,0,0,0,0,0.0,-,0,0,0,0,0.0,ECU,1,1,12433,0,0.0,FAN1,0,1,12436,6860,6860.0,COILS,1,1,12448,0,0.0,PUMP,0,0,0,0,0.0,INJECTOR,1,1,12454,0,0.0,SERVO,1,1,12419,0,0.0,ADD 1,0,1,0,0,0.0,ADD 2,0,1,0,0,0.0,ADD 3,0,1,0,0,0.0,ADD 4,0,1,0,0,0.0,ADD 5,0,0,0,0,0.0,ADD 6,0,1,0,0,0.0,ADD 7,0,0,0,0,0.0,EGT2CAN,0,1,0,0,0.0
1778953722.6894774,6870.0,12453,-49.0,1,-,0,0,0,0,0.0,-,0,0,0,0,0.0,ECU,1,1,12420,0,0.0,FAN1,0,1,12419,6870,6870.0,COILS,1,1,12438,0,0.0,PUMP,0,0,0,0,0.0,INJECTOR,1,1,12442,0,0.0,SERVO,1,1,12417,0,0.0,ADD 1,0,1,0,0,0.0,ADD 2,0,1,0,0,0.0,ADD 3,0,1,0,0,0.0,ADD 4,0,1,0,0,0.0,ADD 5,0,0,0,0,0.0,ADD 6,0,1,0,0,0.0,ADD 7,0,0,0,0,0.0,EGT2CAN,0,1,0,0,0.0
1778953722.743572,6870.0,12454,-49.0,1,-,0,0,0,0,0.0,-,0,0,0,0,0.0,ECU,1,1,12420,0,0.0,FAN1,0,1,12419,6870,6870.0,COILS,1,1,12438,0,0.0,PUMP,0,0,0,0,0.0,INJECTOR,1,1,12442,0,0.0,SERVO,1,1,12417,0,0.0,ADD 1,0,1,0,0,0.0,ADD 2,0,1,0,0,0.0,ADD 3,0,1,0,0,0.0,ADD 4,0,1,0,0,0.0,ADD 5,0,0,0,0,0.0,ADD 6,0,1,0,0,0.0,ADD 7,0,0,0,0,0.0,EGT2CAN,0,1,0,0,0.0
1778953722.7992935,6872.5,12454,-49.0,1,-,0,0,0,0,0.0,-,0,0,0,0,0.0,ECU,1,1,12430,0,0.0,FAN1,0,1,12410,6870,6872.5,COILS,1,1,12457,0,0.0,PUMP,0,0,0,0,0.0,INJECTOR,1,1,12456,0,0.0,SERVO,1,1,12421,0,0.0,ADD 1,0,1,0,0,0.0,ADD 2,0,1,0,0,0.0,ADD 3,0,1,0,0,0.0,ADD 4,0,1,0,0,0.0,ADD 5,0,0,0,0,0.0,ADD 6,0,1,0,0,0.0,ADD 7,0,0,0,0,0.0,EGT2CAN,0,1,0,0,0.0
1778953722.8507884,6872.5,12455,-49.0,1,-,0,0,0,0,0.0,-,0,0,0,0,0.0,ECU,1,1,12452,0,0.0,FAN1,0,1,12427,6870,6872.5,COILS,1,1,12461,0,0.0,PUMP,0,0,0,0,0.0,INJECTOR,1,1,12458,0,0.0,SERVO,1,1,12430,0,0.0,ADD 1,0,1,0,0,0.0,ADD 2,0,1,0,0,0.0,ADD 3,0,1,0,0,0.0,ADD 4,0,1,0,0,0.0,ADD 5,0,0,0,0,0.0,ADD 6,0,1,0,0,0.0,ADD 7,0,0,0,0,0.0,EGT2CAN,0,1,0,0,0.0
1778953722.9053144,6852.0,12452,-49.0,1,-,0,0,0,0,0.0,-,0,0,0,0,0.0,ECU,1,1,12435,0,0.0,FAN1,0,1,12436,6830,6852.0,COILS,1,1,12467,0,0.0,PUMP,0,0,0,0,0.0,INJECTOR,1,1,12449,0,0.0,SERVO,1,1,12411,0,0.0,ADD 1,0,1,0,0,0.0,ADD 2,0,1,0,0,0.0,ADD 3,0,1,0,0,0.0,ADD 4,0,1,0,0,0.0,ADD 5,0,0,0,0,0.0,ADD 6,0,1,0,0,0.0,ADD 7,0,0,0,0,0.0,EGT2CAN,0,1,0,0,0.0
1778953722.95952,6852.0,12453,-50.0,1,-,0,0,0,0,0.0,-,0,0,0,0,0.0,ECU,1,1,12448,0,0.0,FAN1,0,1,12452,6830,6852.0,COILS,1,1,12467,0,0.0,PUMP,0,0,0,0,0.0,INJECTOR,1,1,12449,0,0.0,SERVO,1,1,12411,0,0.0,ADD 1,0,1,0,0,0.0,ADD 2,0,1,0,0,0.0,ADD 3,0,1,0,0,0.0,ADD 4,0,1,0,0,0.0,ADD 5,0,0,0,0,0.0,ADD 6,0,1,0,0,0.0,ADD 7,0,0,0,0,0.0,EGT2CAN,0,1,0,0,0.0
1778953723.0102122,6852.0,12453,-50.0,1,-,0,0,0,0,0.0,-,0,0,0,0,0.0,ECU,1,1,12448,0,0.0,FAN1,0,1,12452,6830,6852.0,COILS,1,1,12466,0,0.0,PUMP,0,0,0,0,0.0,INJECTOR,1,1,12424,0,0.0,SERVO,1,1,12405,0,0.0,ADD 1,0,1,0,0,0.0,ADD 2,0,1,0,0,0.0,ADD 3,0,1,0,0,0.0,ADD 4,0,1,0,0,0.0,ADD 5,0,0,0,0,0.0,ADD 6,0,1,0,0,0.0,ADD 7,0,0,0,0,0.0,EGT2CAN,0,1,0,0,0.0
1778953723.061208,6838.3,12452,-50.0,1,-,0,0,0,0,0.0,-,0,0,0,0,0.0,ECU,1,1,12441,0,0.0,FAN1,0,1,12438,6830,6838.3,COILS,1,1,12438,0,0.0,PUMP,0,0,0,0,0.0,INJECTOR,1,1,12452,0,0.0,SERVO,1,1,12435,0,0.0,ADD 1,0,1,0,0,0.0,ADD 2,0,1,0,0,0.0,ADD 3,0,1,0,0,0.0,ADD 4,0,1,0,0,0.0,ADD 5,0,0,0,0,0.0,ADD 6,0,1,0,0,0.0,ADD 7,0,0,0,0,0.0,EGT2CAN,0,1,0,0,0.0
1778953723.1264904,6835.0,12453,-49.0,1,-,0,0,0,0,0.0,-,0,0,0,0,0.0,ECU,1,1,12441,0,0.0,FAN1,0,1,12434,6830,6835.0,COILS,1,1,12439,0,0.0,PUMP,0,0,0,0,0.0,INJECTOR,1,1,12455,0,0.0,SERVO,1,1,12430,0,0.0,ADD 1,0,1,0,0,0.0,ADD 2,0,1,0,0,0.0,ADD 3,0,1,0,0,0.0,ADD 4,0,1,0,0,0.0,ADD 5,0,0,0,0,0.0,ADD 6,0,1,0,0,0.0,ADD 7,0,0,0,0,0.0,EGT2CAN,0,1,0,0,0.0
1778953723.1812298,6835.0,12453,-49.0,1,-,0,0,0,0,0.0,-,0,0,0,0,0.0,ECU,1,1,12415,0,0.0,FAN1,0,1,12427,6830,6835.0,COILS,1,1,12424,0,0.0,PUMP,0,0,0,0,0.0,INJECTOR,1,1,12438,0,0.0,SERVO,1,1,12421,0,0.0,ADD 1,0,1,0,0,0.0,ADD 2,0,1,0,0,0.0,ADD 3,0,1,0,0,0.0,ADD 4,0,1,0,0,0.0,ADD 5,0,0,0,0,0.0,ADD 6,0,1,0,0,0.0,ADD 7,0,0,0,0,0.0,EGT2CAN,0,1,0,0,0.0
1778953723.2329216,6846.0,12455,-49.0,1,-,0,0,0,0,0.0,-,0,0,0,0,0.0,ECU,1,1,12429,0,0.0,FAN1,0,1,12436,6870,6846.0,COILS,1,1,12432,0,0.0,PUMP,0,0,0,0,0.0,INJECTOR,1,1,12448,0,0.0,SERVO,1,1,12432,0,0.0,ADD 1,0,1,0,0,0.0,ADD 2,0,1,0,0,0.0,ADD 3,0,1,0,0,0.0,ADD 4,0,1,0,0,0.0,ADD 5,0,0,0,0,0.0,ADD 6,0,1,0,0,0.0,ADD 7,0,0,0,0,0.0,EGT2CAN,0,1,0,0,0.0
1778953723.2948568,6850.0,12456,-50.0,1,-,0,0,0,0,0.0,-,0,0,0,0,0.0,ECU,1,1,12440,0,0.0,FAN1,0,1,12431,6870,6850.0,COILS,1,1,12436,0,0.0,PUMP,0,0,0,0,0.0,INJECTOR,1,1,12449,0,0.0,SERVO,1,1,12438,0,0.0,ADD 1,0,1,0,0,0.0,ADD 2,0,1,0,0,0.0,ADD 3,0,1,0,0,0.0,ADD 4,0,1,0,0,0.0,ADD 5,0,0,0,0,0.0,ADD 6,0,1,0,0,0.0,ADD 7,0,0,0,0,0.0,EGT2CAN,0,1,0,0,0.0
1778953723.3462176,6850.0,12456,-50.0,1,-,0,0,0,0,0.0,-,0,0,0,0,0.0,ECU,1,1,12438,0,0.0,FAN1,0,1,12420,6870,6850.0,COILS,1,1,12445,0,0.0,PUMP,0,0,0,0,0.0,INJECTOR,1,1,12449,0,0.0,SERVO,1,1,12427,0,0.0,ADD 1,0,1,0,0,0.0,ADD 2,0,1,0,0,0.0,ADD 3,0,1,0,0,0.0,ADD 4,0,1,0,0,0.0,ADD 5,0,0,0,0,0.0,ADD 6,0,1,0,0,0.0,ADD 7,0,0,0,0,0.0,EGT2CAN,0,1,0,0,0.0
1778953723.3978033,6860.0,12453,-50.0,1,-,0,0,0,0,0.0,-,0,0,0,0,0.0,ECU,1,1,12438,0,0.0,FAN1,0,1,12420,6850,6860.0,COILS,1,1,12445,0,0.0,PUMP,0,0,0,0,0.0,INJECTOR,1,1,12449,0,0.0,SERVO,1,1,12427,0,0.0,ADD 1,0,1,0,0,0.0,ADD 2,0,1,0,0,0.0,ADD 3,0,1,0,0,0.0,ADD 4,0,1,0,0,0.0,ADD 5,0,0,0,0,0.0,ADD 6,0,1,0,0,0.0,ADD 7,0,0,0,0,0.0,EGT2CAN,0,1,0,0,0.0
1778953723.4489198,6842.0,12453,-50.0,1,-,0,0,0,0,0.0,-,0,0,0,0,0.0,ECU,1,1,12424,0,0.0,FAN1,0,1,12440,6840,6842.0,COILS,1,1,12461,0,0.0,PUMP,0,0,0,0,0.0,INJECTOR,1,1,12450,0,0.0,SERVO,1,1,12407,0,0.0,ADD 1,0,1,0,0,0.0,ADD 2,0,1,0,0,0.0,ADD 3,0,1,0,0,0.0,ADD 4,0,1,0,0,0.0,ADD 5,0,0,0,0,0.0,ADD 6,0,1,0,0,0.0,ADD 7,0,0,0,0,0.0,EGT2CAN,0,1,0,0,0.0
1778953723.4999225,6842.0,12453,-50.0,1,-,0,0,0,0,0.0,-,0,0,0,0,0.0,ECU,1,1,12424,0,0.0,FAN1,0,1,12440,6840,6842.0,COILS,1,1,12461,0,0.0,PUMP,0,0,0,0,0.0,INJECTOR,1,1,12450,0,0.0,SERVO,1,1,12407,0,0.0,ADD 1,0,1,0,0,0.0,ADD 2,0,1,0,0,0.0,ADD 3,0,1,0,0,0.0,ADD 4,0,1,0,0,0.0,ADD 5,0,0,0,0,0.0,ADD 6,0,1,0,0,0.0,ADD 7,0,0,0,0,0.0,EGT2CAN,0,1,0,0,0.0
1778953723.5586545,6842.0,12453,-50.0,1,-,0,0,0,0,0.0,-,0,0,0,0,0.0,ECU,1,1,12442,0,0.0,FAN1,0,1,12438,6840,6842.0,COILS,1,1,12453,0,0.0,PUMP,0,0,0,0,0.0,INJECTOR,1,1,12449,0,0.0,SERVO,1,1,12411,0,0.0,ADD 1,0,1,0,0,0.0,ADD 2,0,1,0,0,0.0,ADD 3,0,1,0,0,0.0,ADD 4,0,1,0,0,0.0,ADD 5,0,0,0,0,0.0,ADD 6,0,1,0,0,0.0,ADD 7,0,0,0,0,0.0,EGT2CAN,0,1,0,0,0.0
1778953723.6109118,6832.0,12451,-49.0,1,-,0,0,0,0,0.0,-,0,0,0,0,0.0,ECU,1,1,12421,0,0.0,FAN1,0,1,12428,6830,6832.0,COILS,1,1,12450,0,0.0,PUMP,0,0,0,0,0.0,INJECTOR,1,1,12449,0,0.0,SERVO,1,1,12433,0,0.0,ADD 1,0,1,0,0,0.0,ADD 2,0,1,0,0,0.0,ADD 3,0,1,0,0,0.0,ADD 4,0,1,0,0,0.0,ADD 5,0,0,0,0,0.0,ADD 6,0,1,0,0,0.0,ADD 7,0,0,0,0,0.0,EGT2CAN,0,1,0,0,0.0
1778953723.66336,6836.0,12448,-51.0,1,-,0,0,0,0,0.0,-,0,0,0,0,0.0,ECU,1,1,12421,0,0.0,FAN1,0,1,12417,6840,6836.0,COILS,1,1,12435,0,0.0,PUMP,0,0,0,0,0.0,INJECTOR,1,1,12447,0,0.0,SERVO,1,1,12417,0,0.0,ADD 1,0,1,0,0,0.0,ADD 2,0,1,0,0,0.0,ADD 3,0,1,0,0,0.0,ADD 4,0,1,0,0,0.0,ADD 5,0,0,0,0,0.0,ADD 6,0,1,0,0,0.0,ADD 7,0,0,0,0,0.0,EGT2CAN,0,1,0,0,0.0
1778953723.714563,6836.0,12448,-51.0,1,-,0,0,0,0,0.0,-,0,0,0,0,0.0,ECU,1,1,12421,0,0.0,FAN1,0,1,12417,6840,6836.0,COILS,1,1,12435,0,0.0,PUMP,0,0,0,0,0.0,INJECTOR,1,1,12447,0,0.0,SERVO,1,1,12417,0,0.0,ADD 1,0,1,0,0,0.0,ADD 2,0,1,0,0,0.0,ADD 3,0,1,0,0,0.0,ADD 4,0,1,0,0,0.0,ADD 5,0,0,0,0,0.0,ADD 6,0,1,0,0,0.0,ADD 7,0,0,0,0,0.0,EGT2CAN,0,1,0,0,0.0
1778953723.7661607,6836.0,12448,-51.0,1,-,0,0,0,0,0.0,-,0,0,0,0,0.0,ECU,1,1,12414,0,0.0,FAN1,0,1,12411,6840,6836.0,COILS,1,1,12421,0,0.0,PUMP,0,0,0,0,0.0,INJECTOR,1,1,12460,0,0.0,SERVO,1,1,12418,0,0.0,ADD 1,0,1,0,0,0.0,ADD 2,0,1,0,0,0.0,ADD 3,0,1,0,0,0.0,ADD 4,0,1,0,0,0.0,ADD 5,0,0,0,0,0.0,ADD 6,0,1,0,0,0.0,ADD 7,0,0,0,0,0.0,EGT2CAN,0,1,0,0,0.0
1778953723.816958,6831.7,12449,-49.0,1,-,0,0,0,0,0.0,-,0,0,0,0,0.0,ECU,1,1,12430,0,0.0,FAN1,0,1,12419,6820,6831.7,COILS,1,1,12438,0,0.0,PUMP,0,0,0,0,0.0,INJECTOR,1,1,12445,0,0.0,SERVO,1,1,12433,0,0.0,ADD 1,0,1,0,0,0.0,ADD 2,0,1,0,0,0.0,ADD 3,0,1,0,0,0.0,ADD 4,0,1,0,0,0.0,ADD 5,0,0,0,0,0.0,ADD 6,0,1,0,0,0.0,ADD 7,0,0,0,0,0.0,EGT2CAN,0,1,0,0,0.0
1778953723.8676229,6827.5,12450,-50.0,1,-,0,0,0,0,0.0,-,0,0,0,0,0.0,ECU,1,1,12439,0,0.0,FAN1,0,1,12413,6820,6827.5,COILS,1,1,12440,0,0.0,PUMP,0,0,0,0,0.0,INJECTOR,1,1,12424,0,0.0,SERVO,1,1,12436,0,0.0,ADD 1,0,1,0,0,0.0,ADD 2,0,1,0,0,0.0,ADD 3,0,1,0,0,0.0,ADD 4,0,1,0,0,0.0,ADD 5,0,0,0,0,0.0,ADD 6,0,1,0,0,0.0,ADD 7,0,0,0,0,0.0,EGT2CAN,0,1,0,0,0.0
1778953723.9195368,6827.5,12450,-50.0,1,-,0,0,0,0,0.0,-,0,0,0,0,0.0,ECU,1,1,12439,0,0.0,FAN1,0,1,12413,6820,6827.5,COILS,1,1,12440,0,0.0,PUMP,0,0,0,0,0.0,INJECTOR,1,1,12424,0,0.0,SERVO,1,1,12436,0,0.0,ADD 1,0,1,0,0,0.0,ADD 2,0,1,0,0,0.0,ADD 3,0,1,0,0,0.0,ADD 4,0,1,0,0,0.0,ADD 5,0,0,0,0,0.0,ADD 6,0,1,0,0,0.0,ADD 7,0,0,0,0,0.0,EGT2CAN,0,1,0,0,0.0
1778953723.9709256,6825.0,12450,-50.0,1,-,0,0,0,0,0.0,-,0,0,0,0,0.0,ECU,1,1,12442,0,0.0,FAN1,0,1,12405,6820,6825.0,COILS,1,1,12447,0,0.0,PUMP,0,0,0,0,0.0,INJECTOR,1,1,12452,0,0.0,SERVO,1,1,12427,0,0.0,ADD 1,0,1,0,0,0.0,ADD 2,0,1,0,0,0.0,ADD 3,0,1,0,0,0.0,ADD 4,0,1,0,0,0.0,ADD 5,0,0,0,0,0.0,ADD 6,0,1,0,0,0.0,ADD 7,0,0,0,0,0.0,EGT2CAN,0,1,0,0,0.0
1778953724.0229475,6823.3,12448,-50.0,1,-,0,0,0,0,0.0,-,0,0,0,0,0.0,ECU,1,1,12433,0,0.0,FAN1,0,1,12424,6820,6823.3,COILS,1,1,12446,0,0.0,PUMP,0,0,0,0,0.0,INJECTOR,1,1,12438,0,0.0,SERVO,1,1,12423,0,0.0,ADD 1,0,1,0,0,0.0,ADD 2,0,1,0,0,0.0,ADD 3,0,1,0,0,0.0,ADD 4,0,1,0,0,0.0,ADD 5,0,0,0,0,0.0,ADD 6,0,1,0,0,0.0,ADD 7,0,0,0,0,0.0,EGT2CAN,0,1,0,0,0.0
1778953724.0866508,6823.3,12448,-50.0,1,-,0,0,0,0,0.0,-,0,0,0,0,0.0,ECU,1,1,12420,0,0.0,FAN1,0,1,12431,6820,6823.3,COILS,1,1,12419,0,0.0,PUMP,0,0,0,0,0.0,INJECTOR,1,1,12422,0,0.0,SERVO,1,1,12418,0,0.0,ADD 1,0,1,0,0,0.0,ADD 2,0,1,0,0,0.0,ADD 3,0,1,0,0,0.0,ADD 4,0,1,0,0,0.0,ADD 5,0,0,0,0,0.0,ADD 6,0,1,0,0,0.0,ADD 7,0,0,0,0,0.0,EGT2CAN,0,1,0,0,0.0
1778953724.1376188,6820.0,12446,-49.0,1,-,0,0,0,0,0.0,-,0,0,0,0,0.0,ECU,1,1,12434,0,0.0,FAN1,0,1,12414,6820,6820.0,COILS,1,1,12435,0,0.0,PUMP,0,0,0,0,0.0,INJECTOR,1,1,12412,0,0.0,SERVO,1,1,12412,0,0.0,ADD 1,0,1,0,0,0.0,ADD 2,0,1,0,0,0.0,ADD 3,0,1,0,0,0.0,ADD 4,0,1,0,0,0.0,ADD 5,0,0,0,0,0.0,ADD 6,0,1,0,0,0.0,ADD 7,0,0,0,0,0.0,EGT2CAN,0,1,0,0,0.0
1778953724.1887066,6820.0,12446,-51.0,1,-,0,0,0,0,0.0,-,0,0,0,0,0.0,ECU,1,1,12434,0,0.0,FAN1,0,1,12414,6820,6820.0,COILS,1,1,12435,0,0.0,PUMP,0,0,0,0,0.0,INJECTOR,1,1,12412,0,0.0,SERVO,1,1,12412,0,0.0,ADD 1,0,1,0,0,0.0,ADD 2,0,1,0,0,0.0,ADD 3,0,1,0,0,0.0,ADD 4,0,1,0,0,0.0,ADD 5,0,0,0,0,0.0,ADD 6,0,1,0,0,0.0,ADD 7,0,0,0,0,0.0,EGT2CAN,0,1,0,0,0.0
1778953724.2429264,6820.0,12446,-51.0,1,-,0,0,0,0,0.0,-,0,0,0,0,0.0,ECU,1,1,12444,0,0.0,FAN1,0,1,12426,6820,6820.0,COILS,1,1,12426,0,0.0,PUMP,0,0,0,0,0.0,INJECTOR,1,1,12430,0,0.0,SERVO,1,1,12421,0,0.0,ADD 1,0,1,0,0,0.0,ADD 2,0,1,0,0,0.0,ADD 3,0,1,0,0,0.0,ADD 4,0,1,0,0,0.0,ADD 5,0,0,0,0,0.0,ADD 6,0,1,0,0,0.0,ADD 7,0,0,0,0,0.0,EGT2CAN,0,1,0,0,0.0
1778953724.29393,6820.0,12447,-49.0,1,-,0,0,0,0,0.0,-,0,0,0,0,0.0,ECU,1,1,12444,0,0.0,FAN1,0,1,12426,6820,6820.0,COILS,1,1,12426,0,0.0,PUMP,0,0,0,0,0.0,INJECTOR,1,1,12430,0,0.0,SERVO,1,1,12421,0,0.0,ADD 1,0,1,0,0,0.0,ADD 2,0,1,0,0,0.0,ADD 3,0,1,0,0,0.0,ADD 4,0,1,0,0,0.0,ADD 5,0,0,0,0,0.0,ADD 6,0,1,0,0,0.0,ADD 7,0,0,0,0,0.0,EGT2CAN,0,1,0,0,0.0
1778953724.3449783,6820.0,12445,-49.0,1,-,0,0,0,0,0.0,-,0,0,0,0,0.0,ECU,1,1,12434,0,0.0,FAN1,0,1,12425,6820,6820.0,COILS,1,1,12433,0,0.0,PUMP,0,0,0,0,0.0,INJECTOR,1,1,12438,0,0.0,SERVO,1,1,12427,0,0.0,ADD 1,0,1,0,0,0.0,ADD 2,0,1,0,0,0.0,ADD 3,0,1,0,0,0.0,ADD 4,0,1,0,0,0.0,ADD 5,0,0,0,0,0.0,ADD 6,0,1,0,0,0.0,ADD 7,0,0,0,0,0.0,EGT2CAN,0,1,0,0,0.0
1778953724.4149485,6820.0,12448,-49.0,1,-,0,0,0,0,0.0,-,0,0,0,0,0.0,ECU,1,1,12434,0,0.0,FAN1,0,1,12424,6820,6820.0,COILS,1,1,12433,0,0.0,PUMP,0,0,0,0,0.0,INJECTOR,1,1,12429,0,0.0,SERVO,1,1,12415,0,0.0,ADD 1,0,1,0,0,0.0,ADD 2,0,1,0,0,0.0,ADD 3,0,1,0,0,0.0,ADD 4,0,1,0,0,0.0,ADD 5,0,0,0,0,0.0,ADD 6,0,1,0,0,0.0,ADD 7,0,0,0,0,0.0,EGT2CAN,0,1,0,0,0.0
1778953724.466651,6820.0,12449,-49.0,1,-,0,0,0,0,0.0,-,0,0,0,0,0.0,ECU,1,1,12434,0,0.0,FAN1,0,1,12419,6820,6820.0,COILS,1,1,12456,0,0.0,PUMP,0,0,0,0,0.0,INJECTOR,1,1,12441,0,0.0,SERVO,1,1,12418,0,0.0,ADD 1,0,1,0,0,0.0,ADD 2,0,1,0,0,0.0,ADD 3,0,1,0,0,0.0,ADD 4,0,1,0,0,0.0,ADD 5,0,0,0,0,0.0,ADD 6,0,1,0,0,0.0,ADD 7,0,0,0,0,0.0,EGT2CAN,0,1,0,0,0.0
1778953724.5206723,6818.3,12447,-51.0,1,-,0,0,0,0,0.0,-,0,0,0,0,0.0,ECU,1,1,12446,0,0.0,FAN1,0,1,12432,6810,6818.3,COILS,1,1,12450,0,0.0,PUMP,0,0,0,0,0.0,INJECTOR,1,1,12435,0,0.0,SERVO,1,1,12400,0,0.0,ADD 1,0,1,0,0,0.0,ADD 2,0,1,0,0,0.0,ADD 3,0,1,0,0,0.0,ADD 4,0,1,0,0,0.0,ADD 5,0,0,0,0,0.0,ADD 6,0,1,0,0,0.0,ADD 7,0,0,0,0,0.0,EGT2CAN,0,1,0,0,0.0
1778953724.5716822,6818.3,12447,-51.0,1,-,0,0,0,0,0.0,-,0,0,0,0,0.0,ECU,1,1,12418,0,0.0,FAN1,0,1,12412,6810,6818.3,COILS,1,1,12450,0,0.0,PUMP,0,0,0,0,0.0,INJECTOR,1,1,12435,0,0.0,SERVO,1,1,12400,0,0.0,ADD 1,0,1,0,0,0.0,ADD 2,0,1,0,0,0.0,ADD 3,0,1,0,0,0.0,ADD 4,0,1,0,0,0.0,ADD 5,0,0,0,0,0.0,ADD 6,0,1,0,0,0.0,ADD 7,0,0,0,0,0.0,EGT2CAN,0,1,0,0,0.0
1778953724.6226423,6812.0,12443,-50.0,1,-,0,0,0,0,0.0,-,0,0,0,0,0.0,ECU,1,1,12421,0,0.0,FAN1,0,1,12407,6800,6812.0,COILS,1,1,12424,0,0.0,PUMP,0,0,0,0,0.0,INJECTOR,1,1,12430,0,0.0,SERVO,1,1,12414,0,0.0,ADD 1,0,1,0,0,0.0,ADD 2,0,1,0,0,0.0,ADD 3,0,1,0,0,0.0,ADD 4,0,1,0,0,0.0,ADD 5,0,0,0,0,0.0,ADD 6,0,1,0,0,0.0,ADD 7,0,0,0,0,0.0,EGT2CAN,0,1,0,0,0.0
1778953724.6742232,6805.0,12445,-49.0,1,-,0,0,0,0,0.0,-,0,0,0,0,0.0,ECU,1,1,12415,0,0.0,FAN1,0,1,12414,6800,6805.0,COILS,1,1,12449,0,0.0,PUMP,0,0,0,0,0.0,INJECTOR,1,1,12440,0,0.0,SERVO,1,1,12405,0,0.0,ADD 1,0,1,0,0,0.0,ADD 2,0,1,0,0,0.0,ADD 3,0,1,0,0,0.0,ADD 4,0,1,0,0,0.0,ADD 5,0,0,0,0,0.0,ADD 6,0,1,0,0,0.0,ADD 7,0,0,0,0,0.0,EGT2CAN,0,1,0,0,0.0
1778953724.7349257,6805.0,12445,-49.0,1,-,0,0,0,0,0.0,-,0,0,0,0,0.0,ECU,1,1,12414,0,0.0,FAN1,0,1,12400,6800,6805.0,COILS,1,1,12449,0,0.0,PUMP,0,0,0,0,0.0,INJECTOR,1,1,12440,0,0.0,SERVO,1,1,12405,0,0.0,ADD 1,0,1,0,0,0.0,ADD 2,0,1,0,0,0.0,ADD 3,0,1,0,0,0.0,ADD 4,0,1,0,0,0.0,ADD 5,0,0,0,0,0.0,ADD 6,0,1,0,0,0.0,ADD 7,0,0,0,0,0.0,EGT2CAN,0,1,0,0,0.0
1778953724.7876356,6802.0,12441,-49.0,1,-,0,0,0,0,0.0,-,0,0,0,0,0.0,ECU,1,1,12422,0,0.0,FAN1,0,1,12417,6800,6802.0,COILS,1,1,12446,0,0.0,PUMP,0,0,0,0,0.0,INJECTOR,1,1,12459,0,0.0,SERVO,1,1,12398,0,0.0,ADD 1,0,1,0,0,0.0,ADD 2,0,1,0,0,0.0,ADD 3,0,1,0,0,0.0,ADD 4,0,1,0,0,0.0,ADD 5,0,0,0,0,0.0,ADD 6,0,1,0,0,0.0,ADD 7,0,0,0,0,0.0,EGT2CAN,0,1,0,0,0.0
1778953724.8435812,6798.0,12438,-50.0,1,-,0,0,0,0,0.0,-,0,0,0,0,0.0,ECU,1,1,12417,0,0.0,FAN1,0,1,12411,6790,6798.0,COILS,1,1,12426,0,0.0,PUMP,0,0,0,0,0.0,INJECTOR,1,1,12436,0,0.0,SERVO,1,1,12398,0,0.0,ADD 1,0,1,0,0,0.0,ADD 2,0,1,0,0,0.0,ADD 3,0,1,0,0,0.0,ADD 4,0,1,0,0,0.0,ADD 5,0,0,0,0,0.0,ADD 6,0,1,0,0,0.0,ADD 7,0,0,0,0,0.0,EGT2CAN,0,1,0,0,0.0
1778953724.8951354,6795.0,12434,-49.0,1,-,0,0,0,0,0.0,-,0,0,0,0,0.0,ECU,1,1,12443,0,0.0,FAN1,0,1,12430,6790,6795.0,COILS,1,1,12447,0,0.0,PUMP,0,0,0,0,0.0,INJECTOR,1,1,12452,0,0.0,SERVO,1,1,12383,0,0.0,ADD 1,0,1,0,0,0.0,ADD 2,0,1,0,0,0.0,ADD 3,0,1,0,0,0.0,ADD 4,0,1,0,0,0.0,ADD 5,0,0,0,0,0.0,ADD 6,0,1,0,0,0.0,ADD 7,0,0,0,0,0.0,EGT2CAN,0,1,0,0,0.0
1778953724.9457653,6796.0,12434,-49.0,1,-,0,0,0,0,0.0,-,0,0,0,0,0.0,ECU,1,1,12447,0,0.0,FAN1,0,1,12423,6800,6796.0,COILS,1,1,12439,0,0.0,PUMP,0,0,0,0,0.0,INJECTOR,1,1,12439,0,0.0,SERVO,1,1,12398,0,0.0,ADD 1,0,1,0,0,0.0,ADD 2,0,1,0,0,0.0,ADD 3,0,1,0,0,0.0,ADD 4,0,1,0,0,0.0,ADD 5,0,0,0,0,0.0,ADD 6,0,1,0,0,0.0,ADD 7,0,0,0,0,0.0,EGT2CAN,0,1,0,0,0.0
1778953725.0071766,6794.0,12432,-49.0,1,-,0,0,0,0,0.0,-,0,0,0,0,0.0,ECU,1,1,12434,0,0.0,FAN1,0,1,12402,6800,6794.0,COILS,1,1,12436,0,0.0,PUMP,0,0,0,0,0.0,INJECTOR,1,1,12426,0,0.0,SERVO,1,1,12427,0,0.0,ADD 1,0,1,0,0,0.0,ADD 2,0,1,0,0,0.0,ADD 3,0,1,0,0,0.0,ADD 4,0,1,0,0,0.0,ADD 5,0,0,0,0,0.0,ADD 6,0,1,0,0,0.0,ADD 7,0,0,0,0,0.0,EGT2CAN,0,1,0,0,0.0
1778953725.058384,6794.0,12432,-49.0,1,-,0,0,0,0,0.0,-,0,0,0,0,0.0,ECU,1,1,12434,0,0.0,FAN1,0,1,12402,6800,6794.0,COILS,1,1,12436,0,0.0,PUMP,0,0,0,0,0.0,INJECTOR,1,1,12426,0,0.0,SERVO,1,1,12427,0,0.0,ADD 1,0,1,0,0,0.0,ADD 2,0,1,0,0,0.0,ADD 3,0,1,0,0,0.0,ADD 4,0,1,0,0,0.0,ADD 5,0,0,0,0,0.0,ADD 6,0,1,0,0,0.0,ADD 7,0,0,0,0,0.0,EGT2CAN,0,1,0,0,0.0
1778953725.1120925,6797.5,12432,-49.0,1,-,0,0,0,0,0.0,-,0,0,0,0,0.0,ECU,1,1,12408,0,0.0,FAN1,0,1,12389,6800,6797.5,COILS,1,1,12429,0,0.0,PUMP,0,0,0,0,0.0,INJECTOR,1,1,12427,0,0.0,SERVO,1,1,12434,0,0.0,ADD 1,0,1,0,0,0.0,ADD 2,0,1,0,0,0.0,ADD 3,0,1,0,0,0.0,ADD 4,0,1,0,0,0.0,ADD 5,0,0,0,0,0.0,ADD 6,0,1,0,0,0.0,ADD 7,0,0,0,0,0.0,EGT2CAN,0,1,0,0,0.0
1778953725.1675818,6801.7,12437,-49.0,1,-,0,0,0,0,0.0,-,0,0,0,0,0.0,ECU,1,1,12434,0,0.0,FAN1,0,1,12388,6810,6801.7,COILS,1,1,12435,0,0.0,PUMP,0,0,0,0,0.0,INJECTOR,1,1,12440,0,0.0,SERVO,1,1,12380,0,0.0,ADD 1,0,1,0,0,0.0,ADD 2,0,1,0,0,0.0,ADD 3,0,1,0,0,0.0,ADD 4,0,1,0,0,0.0,ADD 5,0,0,0,0,0.0,ADD 6,0,1,0,0,0.0,ADD 7,0,0,0,0,0.0,EGT2CAN,0,1,0,0,0.0
1778953725.2186172,6801.7,12437,-49.0,1,-,0,0,0,0,0.0,-,0,0,0,0,0.0,ECU,1,1,12433,0,0.0,FAN1,0,1,12392,6810,6801.7,COILS,1,1,12429,0,0.0,PUMP,0,0,0,0,0.0,INJECTOR,1,1,12435,0,0.0,SERVO,1,1,12411,0,0.0,ADD 1,0,1,0,0,0.0,ADD 2,0,1,0,0,0.0,ADD 3,0,1,0,0,0.0,ADD 4,0,1,0,0,0.0,ADD 5,0,0,0,0,0.0,ADD 6,0,1,0,0,0.0,ADD 7,0,0,0,0,0.0,EGT2CAN,0,1,0,0,0.0
1778953725.2699113,6810.0,12437,-49.0,1,-,0,0,0,0,0.0,-,0,0,0,0,0.0,ECU,1,1,12433,0,0.0,FAN1,0,1,12392,6820,6810.0,COILS,1,1,12429,0,0.0,PUMP,0,0,0,0,0.0,INJECTOR,1,1,12435,0,0.0,SERVO,1,1,12411,0,0.0,ADD 1,0,1,0,0,0.0,ADD 2,0,1,0,0,0.0,ADD 3,0,1,0,0,0.0,ADD 4,0,1,0,0,0.0,ADD 5,0,0,0,0,0.0,ADD 6,0,1,0,0,0.0,ADD 7,0,0,0,0,0.0,EGT2CAN,0,1,0,0,0.0
1778953725.3358843,6813.3,12434,-49.0,1,-,0,0,0,0,0.0,-,0,0,0,0,0.0,ECU,1,1,12419,0,0.0,FAN1,0,1,12392,6820,6813.3,COILS,1,1,12416,0,0.0,PUMP,0,0,0,0,0.0,INJECTOR,1,1,12435,0,0.0,SERVO,1,1,12412,0,0.0,ADD 1,0,1,0,0,0.0,ADD 2,0,1,0,0,0.0,ADD 3,0,1,0,0,0.0,ADD 4,0,1,0,0,0.0,ADD 5,0,0,0,0,0.0,ADD 6,0,1,0,0,0.0,ADD 7,0,0,0,0,0.0,EGT2CAN,0,1,0,0,0.0
1778953725.3865573,6822.5,12434,-49.0,1,-,0,0,0,0,0.0,-,0,0,0,0,0.0,ECU,1,1,12419,0,0.0,FAN1,0,1,12418,6830,6822.5,COILS,1,1,12437,0,0.0,PUMP,0,0,0,0,0.0,INJECTOR,1,1,12448,0,0.0,SERVO,1,1,12400,0,0.0,ADD 1,0,1,0,0,0.0,ADD 2,0,1,0,0,0.0,ADD 3,0,1,0,0,0.0,ADD 4,0,1,0,0,0.0,ADD 5,0,0,0,0,0.0,ADD 6,0,1,0,0,0.0,ADD 7,0,0,0,0,0.0,EGT2CAN,0,1,0,0,0.0
1778953725.4386115,6822.5,12436,-49.0,1,-,0,0,0,0,0.0,-,0,0,0,0,0.0,ECU,1,1,12419,0,0.0,FAN1,0,1,12418,6830,6822.5,COILS,1,1,12437,0,0.0,PUMP,0,0,0,0,0.0,INJECTOR,1,1,12448,0,0.0,SERVO,1,1,12400,0,0.0,ADD 1,0,1,0,0,0.0,ADD 2,0,1,0,0,0.0,ADD 3,0,1,0,0,0.0,ADD 4,0,1,0,0,0.0,ADD 5,0,0,0,0,0.0,ADD 6,0,1,0,0,0.0,ADD 7,0,0,0,0,0.0,EGT2CAN,0,1,0,0,0.0
1778953725.4895692,6824.0,12437,-50.0,1,-,0,0,0,0,0.0,-,0,0,0,0,0.0,ECU,1,1,12421,0,0.0,FAN1,0,1,12426,6820,6824.0,COILS,1,1,12454,0,0.0,PUMP,0,0,0,0,0.0,INJECTOR,1,1,12441,0,0.0,SERVO,1,1,12398,0,0.0,ADD 1,0,1,0,0,0.0,ADD 2,0,1,0,0,0.0,ADD 3,0,1,0,0,0.0,ADD 4,0,1,0,0,0.0,ADD 5,0,0,0,0,0.0,ADD 6,0,1,0,0,0.0,ADD 7,0,0,0,0,0.0,EGT2CAN,0,1,0,0,0.0
1778953725.540517,6824.0,12438,-50.0,1,-,0,0,0,0,0.0,-,0,0,0,0,0.0,ECU,1,1,12428,0,0.0,FAN1,0,1,12417,6820,6824.0,COILS,1,1,12435,0,0.0,PUMP,0,0,0,0,0.0,INJECTOR,1,1,12454,0,0.0,SERVO,1,1,12402,0,0.0,ADD 1,0,1,0,0,0.0,ADD 2,0,1,0,0,0.0,ADD 3,0,1,0,0,0.0,ADD 4,0,1,0,0,0.0,ADD 5,0,0,0,0,0.0,ADD 6,0,1,0,0,0.0,ADD 7,0,0,0,0,0.0,EGT2CAN,0,1,0,0,0.0
1778953725.6080284,6820.0,12438,-50.0,1,-,0,0,0,0,0.0,-,0,0,0,0,0.0,ECU,1,1,12428,0,0.0,FAN1,0,1,12417,6810,6820.0,COILS,1,1,12435,0,0.0,PUMP,0,0,0,0,0.0,INJECTOR,1,1,12454,0,0.0,SERVO,1,1,12402,0,0.0,ADD 1,0,1,0,0,0.0,ADD 2,0,1,0,0,0.0,ADD 3,0,1,0,0,0.0,ADD 4,0,1,0,0,0.0,ADD 5,0,0,0,0,0.0,ADD 6,0,1,0,0,0.0,ADD 7,0,0,0,0,0.0,EGT2CAN,0,1,0,0,0.0
1778953725.6681066,6815.0,12428,-49.0,1,-,0,0,0,0,0.0,-,0,0,0,0,0.0,ECU,1,1,12414,0,0.0,FAN1,0,1,12419,6800,6815.0,COILS,1,1,12430,0,0.0,PUMP,0,0,0,0,0.0,INJECTOR,1,1,12438,0,0.0,SERVO,1,1,12402,0,0.0,ADD 1,0,1,0,0,0.0,ADD 2,0,1,0,0,0.0,ADD 3,0,1,0,0,0.0,ADD 4,0,1,0,0,0.0,ADD 5,0,0,0,0,0.0,ADD 6,0,1,0,0,0.0,ADD 7,0,0,0,0,0.0,EGT2CAN,0,1,0,0,0.0
1778953725.7264054,6802.5,12429,-49.0,1,-,0,0,0,0,0.0,-,0,0,0,0,0.0,ECU,1,1,12427,0,0.0,FAN1,0,1,12421,6790,6802.5,COILS,1,1,12426,0,0.0,PUMP,0,0,0,0,0.0,INJECTOR,1,1,12416,0,0.0,SERVO,1,1,12400,0,0.0,ADD 1,0,1,0,0,0.0,ADD 2,0,1,0,0,0.0,ADD 3,0,1,0,0,0.0,ADD 4,0,1,0,0,0.0,ADD 5,0,0,0,0,0.0,ADD 6,0,1,0,0,0.0,ADD 7,0,0,0,0,0.0,EGT2CAN,0,1,0,0,0.0
1778953725.778854,6802.5,12429,-49.0,1,-,0,0,0,0,0.0,-,0,0,0,0,0.0,ECU,1,1,12430,0,0.0,FAN1,0,1,12428,6790,6802.5,COILS,1,1,12426,0,0.0,PUMP,0,0,0,0,0.0,INJECTOR,1,1,12416,0,0.0,SERVO,1,1,12400,0,0.0,ADD 1,0,1,0,0,0.0,ADD 2,0,1,0,0,0.0,ADD 3,0,1,0,0,0.0,ADD 4,0,1,0,0,0.0,ADD 5,0,0,0,0,0.0,ADD 6,0,1,0,0,0.0,ADD 7,0,0,0,0,0.0,EGT2CAN,0,1,0,0,0.0
1778953725.8301294,6798.0,12431,-50.0,1,-,0,0,0,0,0.0,-,0,0,0,0,0.0,ECU,1,1,12417,0,0.0,FAN1,0,1,12421,6790,6798.0,COILS,1,1,12436,0,0.0,PUMP,0,0,0,0,0.0,INJECTOR,1,1,12440,0,0.0,SERVO,1,1,12398,0,0.0,ADD 1,0,1,0,0,0.0,ADD 2,0,1,0,0,0.0,ADD 3,0,1,0,0,0.0,ADD 4,0,1,0,0,0.0,ADD 5,0,0,0,0,0.0,ADD 6,0,1,0,0,0.0,ADD 7,0,0,0,0,0.0,EGT2CAN,0,1,0,0,0.0
1778953725.8959575,6796.7,12430,-50.0,1,-,0,0,0,0,0.0,-,0,0,0,0,0.0,ECU,1,1,12411,0,0.0,FAN1,0,1,12412,6790,6796.7,COILS,1,1,12436,0,0.0,PUMP,0,0,0,0,0.0,INJECTOR,1,1,12436,0,0.0,SERVO,1,1,12406,0,0.0,ADD 1,0,1,0,0,0.0,ADD 2,0,1,0,0,0.0,ADD 3,0,1,0,0,0.0,ADD 4,0,1,0,0,0.0,ADD 5,0,0,0,0,0.0,ADD 6,0,1,0,0,0.0,ADD 7,0,0,0,0,0.0,EGT2CAN,0,1,0,0,0.0
1778953725.94737,6796.7,12430,-50.0,1,-,0,0,0,0,0.0,-,0,0,0,0,0.0,ECU,1,1,12424,0,0.0,FAN1,0,1,12430,6790,6796.7,COILS,1,1,12436,0,0.0,PUMP,0,0,0,0,0.0,INJECTOR,1,1,12436,0,0.0,SERVO,1,1,12406,0,0.0,ADD 1,0,1,0,0,0.0,ADD 2,0,1,0,0,0.0,ADD 3,0,1,0,0,0.0,ADD 4,0,1,0,0,0.0,ADD 5,0,0,0,0,0.0,ADD 6,0,1,0,0,0.0,ADD 7,0,0,0,0,0.0,EGT2CAN,0,1,0,0,0.0
1778953725.9988472,6793.3,12427,-50.0,1,-,0,0,0,0,0.0,-,0,0,0,0,0.0,ECU,1,1,12418,0,0.0,FAN1,0,1,12406,6800,6793.3,COILS,1,1,12420,0,0.0,PUMP,0,0,0,0,0.0,INJECTOR,1,1,12442,0,0.0,SERVO,1,1,12415,0,0.0,ADD 1,0,1,0,0,0.0,ADD 2,0,1,0,0,0.0,ADD 3,0,1,0,0,0.0,ADD 4,0,1,0,0,0.0,ADD 5,0,0,0,0,0.0,ADD 6,0,1,0,0,0.0,ADD 7,0,0,0,0,0.0,EGT2CAN,0,1,0,0,0.0
1778953726.0557091,6793.3,12427,-50.0,1,-,0,0,0,0,0.0,-,0,0,0,0,0.0,ECU,1,1,12418,0,0.0,FAN1,0,1,12406,6800,6793.3,COILS,1,1,12420,0,0.0,PUMP,0,0,0,0,0.0,INJECTOR,1,1,12442,0,0.0,SERVO,1,1,12415,0,0.0,ADD 1,0,1,0,0,0.0,ADD 2,0,1,0,0,0.0,ADD 3,0,1,0,0,0.0,ADD 4,0,1,0,0,0.0,ADD 5,0,0,0,0,0.0,ADD 6,0,1,0,0,0.0,ADD 7,0,0,0,0,0.0,EGT2CAN,0,1,0,0,0.0
1778953726.106872,6793.3,12427,-50.0,1,-,0,0,0,0,0.0,-,0,0,0,0,0.0,ECU,1,1,12424,0,0.0,FAN1,0,1,12393,6800,6793.3,COILS,1,1,12409,0,0.0,PUMP,0,0,0,0,0.0,INJECTOR,1,1,12435,0,0.0,SERVO,1,1,12413,0,0.0,ADD 1,0,1,0,0,0.0,ADD 2,0,1,0,0,0.0,ADD 3,0,1,0,0,0.0,ADD 4,0,1,0,0,0.0,ADD 5,0,0,0,0,0.0,ADD 6,0,1,0,0,0.0,ADD 7,0,0,0,0,0.0,EGT2CAN,0,1,0,0,0.0
1778953726.157863,6800.0,12428,-49.0,1,-,0,0,0,0,0.0,-,0,0,0,0,0.0,ECU,1,1,12425,0,0.0,FAN1,0,1,12403,6810,6800.0,COILS,1,1,12431,0,0.0,PUMP,0,0,0,0,0.0,INJECTOR,1,1,12404,0,0.0,SERVO,1,1,12410,0,0.0,ADD 1,0,1,0,0,0.0,ADD 2,0,1,0,0,0.0,ADD 3,0,1,0,0,0.0,ADD 4,0,1,0,0,0.0,ADD 5,0,0,0,0,0.0,ADD 6,0,1,0,0,0.0,ADD 7,0,0,0,0,0.0,EGT2CAN,0,1,0,0,0.0
1778953726.2092397,6800.0,12428,-49.0,1,-,0,0,0,0,0.0,-,0,0,0,0,0.0,ECU,1,1,12425,0,0.0,FAN1,0,1,12403,6810,6800.0,COILS,1,1,12431,0,0.0,PUMP,0,0,0,0,0.0,INJECTOR,1,1,12404,0,0.0,SERVO,1,1,12410,0,0.0,ADD 1,0,1,0,0,0.0,ADD 2,0,1,0,0,0.0,ADD 3,0,1,0,0,0.0,ADD 4,0,1,0,0,0.0,ADD 5,0,0,0,0,0.0,ADD 6,0,1,0,0,0.0,ADD 7,0,0,0,0,0.0,EGT2CAN,0,1,0,0,0.0
1778953726.2612286,6800.0,12428,-49.0,1,-,0,0,0,0,0.0,-,0,0,0,0,0.0,ECU,1,1,12424,0,0.0,FAN1,0,1,12412,6810,6800.0,COILS,1,1,12441,0,0.0,PUMP,0,0,0,0,0.0,INJECTOR,1,1,12425,0,0.0,SERVO,1,1,12410,0,0.0,ADD 1,0,1,0,0,0.0,ADD 2,0,1,0,0,0.0,ADD 3,0,1,0,0,0.0,ADD 4,0,1,0,0,0.0,ADD 5,0,0,0,0,0.0,ADD 6,0,1,0,0,0.0,ADD 7,0,0,0,0,0.0,EGT2CAN,0,1,0,0,0.0
1778953726.3118706,6800.0,12429,-49.0,1,-,0,0,0,0,0.0,-,0,0,0,0,0.0,ECU,1,1,12400,0,0.0,FAN1,0,1,12397,6790,6800.0,COILS,1,1,12421,0,0.0,PUMP,0,0,0,0,0.0,INJECTOR,1,1,12412,0,0.0,SERVO,1,1,12404,0,0.0,ADD 1,0,1,0,0,0.0,ADD 2,0,1,0,0,0.0,ADD 3,0,1,0,0,0.0,ADD 4,0,1,0,0,0.0,ADD 5,0,0,0,0,0.0,ADD 6,0,1,0,0,0.0,ADD 7,0,0,0,0,0.0,EGT2CAN,0,1,0,0,0.0
1778953726.3677192,6800.0,12429,-49.0,1,-,0,0,0,0,0.0,-,0,0,0,0,0.0,ECU,1,1,12423,0,0.0,FAN1,0,1,12400,6790,6800.0,COILS,1,1,12433,0,0.0,PUMP,0,0,0,0,0.0,INJECTOR,1,1,12405,0,0.0,SERVO,1,1,12408,0,0.0,ADD 1,0,1,0,0,0.0,ADD 2,0,1,0,0,0.0,ADD 3,0,1,0,0,0.0,ADD 4,0,1,0,0,0.0,ADD 5,0,0,0,0,0.0,ADD 6,0,1,0,0,0.0,ADD 7,0,0,0,0,0.0,EGT2CAN,0,1,0,0,0.0
1778953726.4289012,6795.0,12429,-49.0,1,-,0,0,0,0,0.0,-,0,0,0,0,0.0,ECU,1,1,12423,0,0.0,FAN1,0,1,12400,6800,6795.0,COILS,1,1,12433,0,0.0,PUMP,0,0,0,0,0.0,INJECTOR,1,1,12405,0,0.0,SERVO,1,1,12408,0,0.0,ADD 1,0,1,0,0,0.0,ADD 2,0,1,0,0,0.0,ADD 3,0,1,0,0,0.0,ADD 4,0,1,0,0,0.0,ADD 5,0,0,0,0,0.0,ADD 6,0,1,0,0,0.0,ADD 7,0,0,0,0,0.0,EGT2CAN,0,1,0,0,0.0
1778953726.4798498,6804.0,12429,-49.0,1,-,0,0,0,0,0.0,-,0,0,0,0,0.0,ECU,1,1,12434,0,0.0,FAN1,0,1,12392,6820,6804.0,COILS,1,1,12421,0,0.0,PUMP,0,0,0,0,0.0,INJECTOR,1,1,12419,0,0.0,SERVO,1,1,12402,0,0.0,ADD 1,0,1,0,0,0.0,ADD 2,0,1,0,0,0.0,ADD 3,0,1,0,0,0.0,ADD 4,0,1,0,0,0.0,ADD 5,0,0,0,0,0.0,ADD 6,0,1,0,0,0.0,ADD 7,0,0,0,0,0.0,EGT2CAN,0,1,0,0,0.0
1778953726.5480218,6803.3,12428,-49.0,1,-,0,0,0,0,0.0,-,0,0,0,0,0.0,ECU,1,1,12425,0,0.0,FAN1,0,1,12409,6800,6803.3,COILS,1,1,12414,0,0.0,PUMP,0,0,0,0,0.0,INJECTOR,1,1,12401,0,0.0,SERVO,1,1,12395,0,0.0,ADD 1,0,1,0,0,0.0,ADD 2,0,1,0,0,0.0,ADD 3,0,1,0,0,0.0,ADD 4,0,1,0,0,0.0,ADD 5,0,0,0,0,0.0,ADD 6,0,1,0,0,0.0,ADD 7,0,0,0,0,0.0,EGT2CAN,0,1,0,0,0.0
1778953726.598595,6803.3,12428,-49.0,1,-,0,0,0,0,0.0,-,0,0,0,0,0.0,ECU,1,1,12440,0,0.0,FAN1,0,1,12420,6800,6803.3,COILS,1,1,12432,0,0.0,PUMP,0,0,0,0,0.0,INJECTOR,1,1,12416,0,0.0,SERVO,1,1,12382,0,0.0,ADD 1,0,1,0,0,0.0,ADD 2,0,1,0,0,0.0,ADD 3,0,1,0,0,0.0,ADD 4,0,1,0,0,0.0,ADD 5,0,0,0,0,0.0,ADD 6,0,1,0,0,0.0,ADD 7,0,0,0,0,0.0,EGT2CAN,0,1,0,0,0.0
1778953726.6494665,6798.3,12428,-49.0,1,-,0,0,0,0,0.0,-,0,0,0,0,0.0,ECU,1,1,12425,0,0.0,FAN1,0,1,12392,6780,6798.3,COILS,1,1,12412,0,0.0,PUMP,0,0,0,0,0.0,INJECTOR,1,1,12423,0,0.0,SERVO,1,1,12390,0,0.0,ADD 1,0,1,0,0,0.0,ADD 2,0,1,0,0,0.0,ADD 3,0,1,0,0,0.0,ADD 4,0,1,0,0,0.0,ADD 5,0,0,0,0,0.0,ADD 6,0,1,0,0,0.0,ADD 7,0,0,0,0,0.0,EGT2CAN,0,1,0,0,0.0
1778953726.7007668,6798.3,12428,-49.0,1,-,0,0,0,0,0.0,-,0,0,0,0,0.0,ECU,1,1,12425,0,0.0,FAN1,0,1,12392,6780,6798.3,COILS,1,1,12412,0,0.0,PUMP,0,0,0,0,0.0,INJECTOR,1,1,12423,0,0.0,SERVO,1,1,12390,0,0.0,ADD 1,0,1,0,0,0.0,ADD 2,0,1,0,0,0.0,ADD 3,0,1,0,0,0.0,ADD 4,0,1,0,0,0.0,ADD 5,0,0,0,0,0.0,ADD 6,0,1,0,0,0.0,ADD 7,0,0,0,0,0.0,EGT2CAN,0,1,0,0,0.0
1778953726.7518904,6798.3,12428,-49.0,1,-,0,0,0,0,0.0,-,0,0,0,0,0.0,ECU,1,1,12421,0,0.0,FAN1,0,1,12411,6780,6798.3,COILS,1,1,12430,0,0.0,PUMP,0,0,0,0,0.0,INJECTOR,1,1,12431,0,0.0,SERVO,1,1,12389,0,0.0,ADD 1,0,1,0,0,0.0,ADD 2,0,1,0,0,0.0,ADD 3,0,1,0,0,0.0,ADD 4,0,1,0,0,0.0,ADD 5,0,0,0,0,0.0,ADD 6,0,1,0,0,0.0,ADD 7,0,0,0,0,0.0,EGT2CAN,0,1,0,0,0.0
1778953726.8028877,6788.3,12429,-49.0,1,-,0,0,0,0,0.0,-,0,0,0,0,0.0,ECU,1,1,12419,0,0.0,FAN1,0,1,12400,6800,6788.3,COILS,1,1,12426,0,0.0,PUMP,0,0,0,0,0.0,INJECTOR,1,1,12435,0,0.0,SERVO,1,1,12380,0,0.0,ADD 1,0,1,0,0,0.0,ADD 2,0,1,0,0,0.0,ADD 3,0,1,0,0,0.0,ADD 4,0,1,0,0,0.0,ADD 5,0,0,0,0,0.0,ADD 6,0,1,0,0,0.0,ADD 7,0,0,0,0,0.0,EGT2CAN,0,1,0,0,0.0
1778953726.8545763,6788.3,12429,-49.0,1,-,0,0,0,0,0.0,-,0,0,0,0,0.0,ECU,1,1,12419,0,0.0,FAN1,0,1,12400,6800,6788.3,COILS,1,1,12426,0,0.0,PUMP,0,0,0,0,0.0,INJECTOR,1,1,12435,0,0.0,SERVO,1,1,12380,0,0.0,ADD 1,0,1,0,0,0.0,ADD 2,0,1,0,0,0.0,ADD 3,0,1,0,0,0.0,ADD 4,0,1,0,0,0.0,ADD 5,0,0,0,0,0.0,ADD 6,0,1,0,0,0.0,ADD 7,0,0,0,0,0.0,EGT2CAN,0,1,0,0,0.0
1778953726.9066436,6788.3,12429,-49.0,1,-,0,0,0,0,0.0,-,0,0,0,0,0.0,ECU,1,1,12394,0,0.0,FAN1,0,1,12402,6800,6788.3,COILS,1,1,12418,0,0.0,PUMP,0,0,0,0,0.0,INJECTOR,1,1,12419,0,0.0,SERVO,1,1,12402,0,0.0,ADD 1,0,1,0,0,0.0,ADD 2,0,1,0,0,0.0,ADD 3,0,1,0,0,0.0,ADD 4,0,1,0,0,0.0,ADD 5,0,0,0,0,0.0,ADD 6,0,1,0,0,0.0,ADD 7,0,0,0,0,0.0,EGT2CAN,0,1,0,0,0.0
1778953726.9574792,6798.3,12429,-49.0,1,-,0,0,0,0,0.0,-,0,0,0,0,0.0,ECU,1,1,12414,0,0.0,FAN1,0,1,12401,6800,6798.3,COILS,1,1,12433,0,0.0,PUMP,0,0,0,0,0.0,INJECTOR,1,1,12432,0,0.0,SERVO,1,1,12418,0,0.0,ADD 1,0,1,0,0,0.0,ADD 2,0,1,0,0,0.0,ADD 3,0,1,0,0,0.0,ADD 4,0,1,0,0,0.0,ADD 5,0,0,0,0,0.0,ADD 6,0,1,0,0,0.0,ADD 7,0,0,0,0,0.0,EGT2CAN,0,1,0,0,0.0
1778953727.010487,6798.3,12429,-49.0,1,-,0,0,0,0,0.0,-,0,0,0,0,0.0,ECU,1,1,12404,0,0.0,FAN1,0,1,12407,6800,6798.3,COILS,1,1,12433,0,0.0,PUMP,0,0,0,0,0.0,INJECTOR,1,1,12410,0,0.0,SERVO,1,1,12400,0,0.0,ADD 1,0,1,0,0,0.0,ADD 2,0,1,0,0,0.0,ADD 3,0,1,0,0,0.0,ADD 4,0,1,0,0,0.0,ADD 5,0,0,0,0,0.0,ADD 6,0,1,0,0,0.0,ADD 7,0,0,0,0,0.0,EGT2CAN,0,1,0,0,0.0
1778953727.071244,6805.0,12427,-49.0,1,-,0,0,0,0,0.0,-,0,0,0,0,0.0,ECU,1,1,12404,0,0.0,FAN1,0,1,12407,6810,6805.0,COILS,1,1,12433,0,0.0,PUMP,0,0,0,0,0.0,INJECTOR,1,1,12410,0,0.0,SERVO,1,1,12400,0,0.0,ADD 1,0,1,0,0,0.0,ADD 2,0,1,0,0,0.0,ADD 3,0,1,0,0,0.0,ADD 4,0,1,0,0,0.0,ADD 5,0,0,0,0,0.0,ADD 6,0,1,0,0,0.0,ADD 7,0,0,0,0,0.0,EGT2CAN,0,1,0,0,0.0
1778953727.1218135,6810.0,12428,-50.0,1,-,0,0,0,0,0.0,-,0,0,0,0,0.0,ECU,1,1,12403,0,0.0,FAN1,0,1,12409,6820,6810.0,COILS,1,1,12433,0,0.0,PUMP,0,0,0,0,0.0,INJECTOR,1,1,12428,0,0.0,SERVO,1,1,12405,0,0.0,ADD 1,0,1,0,0,0.0,ADD 2,0,1,0,0,0.0,ADD 3,0,1,0,0,0.0,ADD 4,0,1,0,0,0.0,ADD 5,0,0,0,0,0.0,ADD 6,0,1,0,0,0.0,ADD 7,0,0,0,0,0.0,EGT2CAN,0,1,0,0,0.0
1778953727.1904733,6812.0,12428,-50.0,1,-,0,0,0,0,0.0,-,0,0,0,0,0.0,ECU,1,1,12411,0,0.0,FAN1,0,1,12397,6810,6812.0,COILS,1,1,12424,0,0.0,PUMP,0,0,0,0,0.0,INJECTOR,1,1,12425,0,0.0,SERVO,1,1,12405,0,0.0,ADD 1,0,1,0,0,0.0,ADD 2,0,1,0,0,0.0,ADD 3,0,1,0,0,0.0,ADD 4,0,1,0,0,0.0,ADD 5,0,0,0,0,0.0,ADD 6,0,1,0,0,0.0,ADD 7,0,0,0,0,0.0,EGT2CAN,0,1,0,0,0.0
1778953727.2419143,6812.0,12428,-50.0,1,-,0,0,0,0,0.0,-,0,0,0,0,0.0,ECU,1,1,12382,0,0.0,FAN1,0,1,12395,6810,6812.0,COILS,1,1,12413,0,0.0,PUMP,0,0,0,0,0.0,INJECTOR,1,1,12415,0,0.0,SERVO,1,1,12400,0,0.0,ADD 1,0,1,0,0,0.0,ADD 2,0,1,0,0,0.0,ADD 3,0,1,0,0,0.0,ADD 4,0,1,0,0,0.0,ADD 5,0,0,0,0,0.0,ADD 6,0,1,0,0,0.0,ADD 7,0,0,0,0,0.0,EGT2CAN,0,1,0,0,0.0
1778953727.2925403,6810.0,12428,-49.0,1,-,0,0,0,0,0.0,-,0,0,0,0,0.0,ECU,1,1,12416,0,0.0,FAN1,0,1,12404,6790,6810.0,COILS,1,1,12414,0,0.0,PUMP,0,0,0,0,0.0,INJECTOR,1,1,12423,0,0.0,SERVO,1,1,12400,0,0.0,ADD 1,0,1,0,0,0.0,ADD 2,0,1,0,0,0.0,ADD 3,0,1,0,0,0.0,ADD 4,0,1,0,0,0.0,ADD 5,0,0,0,0,0.0,ADD 6,0,1,0,0,0.0,ADD 7,0,0,0,0,0.0,EGT2CAN,0,1,0,0,0.0
1778953727.3466423,6810.0,12429,-49.0,1,-,0,0,0,0,0.0,-,0,0,0,0,0.0,ECU,1,1,12416,0,0.0,FAN1,0,1,12404,6790,6810.0,COILS,1,1,12414,0,0.0,PUMP,0,0,0,0,0.0,INJECTOR,1,1,12423,0,0.0,SERVO,1,1,12400,0,0.0,ADD 1,0,1,0,0,0.0,ADD 2,0,1,0,0,0.0,ADD 3,0,1,0,0,0.0,ADD 4,0,1,0,0,0.0,ADD 5,0,0,0,0,0.0,ADD 6,0,1,0,0,0.0,ADD 7,0,0,0,0,0.0,EGT2CAN,0,1,0,0,0.0
1778953727.412669,6810.0,12429,-49.0,1,-,0,0,0,0,0.0,-,0,0,0,0,0.0,ECU,1,1,12431,0,0.0,FAN1,0,1,12416,6790,6810.0,COILS,1,1,12436,0,0.0,PUMP,0,0,0,0,0.0,INJECTOR,1,1,12409,0,0.0,SERVO,1,1,12410,0,0.0,ADD 1,0,1,0,0,0.0,ADD 2,0,1,0,0,0.0,ADD 3,0,1,0,0,0.0,ADD 4,0,1,0,0,0.0,ADD 5,0,0,0,0,0.0,ADD 6,0,1,0,0,0.0,ADD 7,0,0,0,0,0.0,EGT2CAN,0,1,0,0,0.0
1778953727.463545,6784.0,12425,-49.0,1,-,0,0,0,0,0.0,-,0,0,0,0,0.0,ECU,1,1,12417,0,0.0,FAN1,0,1,12414,6780,6784.0,COILS,1,1,12416,0,0.0,PUMP,0,0,0,0,0.0,INJECTOR,1,1,12419,0,0.0,SERVO,1,1,12383,0,0.0,ADD 1,0,1,0,0,0.0,ADD 2,0,1,0,0,0.0,ADD 3,0,1,0,0,0.0,ADD 4,0,1,0,0,0.0,ADD 5,0,0,0,0,0.0,ADD 6,0,1,0,0,0.0,ADD 7,0,0,0,0,0.0,EGT2CAN,0,1,0,0,0.0
1778953727.5302196,6777.5,12426,-49.0,1,-,0,0,0,0,0.0,-,0,0,0,0,0.0,ECU,1,1,12407,0,0.0,FAN1,0,1,12419,6780,6777.5,COILS,1,1,12436,0,0.0,PUMP,0,0,0,0,0.0,INJECTOR,1,1,12438,0,0.0,SERVO,1,1,12378,0,0.0,ADD 1,0,1,0,0,0.0,ADD 2,0,1,0,0,0.0,ADD 3,0,1,0,0,0.0,ADD 4,0,1,0,0,0.0,ADD 5,0,0,0,0,0.0,ADD 6,0,1,0,0,0.0,ADD 7,0,0,0,0,0.0,EGT2CAN,0,1,0,0,0.0
1778953727.5826106,6777.5,12426,-49.0,1,-,0,0,0,0,0.0,-,0,0,0,0,0.0,ECU,1,1,12400,0,0.0,FAN1,0,1,12406,6780,6777.5,COILS,1,1,12424,0,0.0,PUMP,0,0,0,0,0.0,INJECTOR,1,1,12426,0,0.0,SERVO,1,1,12383,0,0.0,ADD 1,0,1,0,0,0.0,ADD 2,0,1,0,0,0.0,ADD 3,0,1,0,0,0.0,ADD 4,0,1,0,0,0.0,ADD 5,0,0,0,0,0.0,ADD 6,0,1,0,0,0.0,ADD 7,0,0,0,0,0.0,EGT2CAN,0,1,0,0,0.0
1778953727.633537,6780.0,12425,-49.0,1,-,0,0,0,0,0.0,-,0,0,0,0,0.0,ECU,1,1,12397,0,0.0,FAN1,0,1,12392,6790,6780.0,COILS,1,1,12421,0,0.0,PUMP,0,0,0,0,0.0,INJECTOR,1,1,12418,0,0.0,SERVO,1,1,12401,0,0.0,ADD 1,0,1,0,0,0.0,ADD 2,0,1,0,0,0.0,ADD 3,0,1,0,0,0.0,ADD 4,0,1,0,0,0.0,ADD 5,0,0,0,0,0.0,ADD 6,0,1,0,0,0.0,ADD 7,0,0,0,0,0.0,EGT2CAN,0,1,0,0,0.0
1778953727.684612,6780.0,12425,-49.0,1,-,0,0,0,0,0.0,-,0,0,0,0,0.0,ECU,1,1,12390,0,0.0,FAN1,0,1,12376,6790,6780.0,COILS,1,1,12412,0,0.0,PUMP,0,0,0,0,0.0,INJECTOR,1,1,12434,0,0.0,SERVO,1,1,12395,0,0.0,ADD 1,0,1,0,0,0.0,ADD 2,0,1,0,0,0.0,ADD 3,0,1,0,0,0.0,ADD 4,0,1,0,0,0.0,ADD 5,0,0,0,0,0.0,ADD 6,0,1,0,0,0.0,ADD 7,0,0,0,0,0.0,EGT2CAN,0,1,0,0,0.0
1778953727.738006,6785.0,12426,-49.0,1,-,0,0,0,0,0.0,-,0,0,0,0,0.0,ECU,1,1,12390,0,0.0,FAN1,0,1,12376,6790,6785.0,COILS,1,1,12412,0,0.0,PUMP,0,0,0,0,0.0,INJECTOR,1,1,12434,0,0.0,SERVO,1,1,12395,0,0.0,ADD 1,0,1,0,0,0.0,ADD 2,0,1,0,0,0.0,ADD 3,0,1,0,0,0.0,ADD 4,0,1,0,0,0.0,ADD 5,0,0,0,0,0.0,ADD 6,0,1,0,0,0.0,ADD 7,0,0,0,0,0.0,EGT2CAN,0,1,0,0,0.0
1778953727.7986815,6790.0,12426,-49.0,1,-,0,0,0,0,0.0,-,0,0,0,0,0.0,ECU,1,1,12403,0,0.0,FAN1,0,1,12391,6790,6790.0,COILS,1,1,12411,0,0.0,PUMP,0,0,0,0,0.0,INJECTOR,1,1,12430,0,0.0,SERVO,1,1,12404,0,0.0,ADD 1,0,1,0,0,0.0,ADD 2,0,1,0,0,0.0,ADD 3,0,1,0,0,0.0,ADD 4,0,1,0,0,0.0,ADD 5,0,0,0,0,0.0,ADD 6,0,1,0,0,0.0,ADD 7,0,0,0,0,0.0,EGT2CAN,0,1,0,0,0.0
1778953727.8495638,6792.0,12424,-49.0,1,-,0,0,0,0,0.0,-,0,0,0,0,0.0,ECU,1,1,12425,0,0.0,FAN1,0,1,12392,6790,6792.0,COILS,1,1,12425,0,0.0,PUMP,0,0,0,0,0.0,INJECTOR,1,1,12428,0,0.0,SERVO,1,1,12394,0,0.0,ADD 1,0,1,0,0,0.0,ADD 2,0,1,0,0,0.0,ADD 3,0,1,0,0,0.0,ADD 4,0,1,0,0,0.0,ADD 5,0,0,0,0,0.0,ADD 6,0,1,0,0,0.0,ADD 7,0,0,0,0,0.0,EGT2CAN,0,1,0,0,0.0
1778953727.917186,6792.0,12427,-49.0,1,-,0,0,0,0,0.0,-,0,0,0,0,0.0,ECU,1,1,12425,0,0.0,FAN1,0,1,12392,6790,6792.0,COILS,1,1,12425,0,0.0,PUMP,0,0,0,0,0.0,INJECTOR,1,1,12428,0,0.0,SERVO,1,1,12394,0,0.0,ADD 1,0,1,0,0,0.0,ADD 2,0,1,0,0,0.0,ADD 3,0,1,0,0,0.0,ADD 4,0,1,0,0,0.0,ADD 5,0,0,0,0,0.0,ADD 6,0,1,0,0,0.0,ADD 7,0,0,0,0,0.0,EGT2CAN,0,1,0,0,0.0
1778953727.9678214,6795.0,12423,-50.0,1,-,0,0,0,0,0.0,-,0,0,0,0,0.0,ECU,1,1,12406,0,0.0,FAN1,0,1,12382,6800,6795.0,COILS,1,1,12407,0,0.0,PUMP,0,0,0,0,0.0,INJECTOR,1,1,12419,0,0.0,SERVO,1,1,12403,0,0.0,ADD 1,0,1,0,0,0.0,ADD 2,0,1,0,0,0.0,ADD 3,0,1,0,0,0.0,ADD 4,0,1,0,0,0.0,ADD 5,0,0,0,0,0.0,ADD 6,0,1,0,0,0.0,ADD 7,0,0,0,0,0.0,EGT2CAN,0,1,0,0,0.0
1778953728.027771,6793.3,12423,-50.0,1,-,0,0,0,0,0.0,-,0,0,0,0,0.0,ECU,1,1,12407,0,0.0,FAN1,0,1,12400,6780,6793.3,COILS,1,1,12429,0,0.0,PUMP,0,0,0,0,0.0,INJECTOR,1,1,12435,0,0.0,SERVO,1,1,12402,0,0.0,ADD 1,0,1,0,0,0.0,ADD 2,0,1,0,0,0.0,ADD 3,0,1,0,0,0.0,ADD 4,0,1,0,0,0.0,ADD 5,0,0,0,0,0.0,ADD 6,0,1,0,0,0.0,ADD 7,0,0,0,0,0.0,EGT2CAN,0,1,0,0,0.0
1778953728.0786076,6793.3,12424,-50.0,1,-,0,0,0,0,0.0,-,0,0,0,0,0.0,ECU,1,1,12407,0,0.0,FAN1,0,1,12400,6780,6793.3,COILS,1,1,12429,0,0.0,PUMP,0,0,0,0,0.0,INJECTOR,1,1,12435,0,0.0,SERVO,1,1,12402,0,0.0,ADD 1,0,1,0,0,0.0,ADD 2,0,1,0,0,0.0,ADD 3,0,1,0,0,0.0,ADD 4,0,1,0,0,0.0,ADD 5,0,0,0,0,0.0,ADD 6,0,1,0,0,0.0,ADD 7,0,0,0,0,0.0,EGT2CAN,0,1,0,0,0.0
1778953728.1313233,6790.0,12426,-49.0,1,-,0,0,0,0,0.0,-,0,0,0,0,0.0,ECU,1,1,12421,0,0.0,FAN1,0,1,12419,6790,6790.0,COILS,1,1,12425,0,0.0,PUMP,0,0,0,0,0.0,INJECTOR,1,1,12420,0,0.0,SERVO,1,1,12400,0,0.0,ADD 1,0,1,0,0,0.0,ADD 2,0,1,0,0,0.0,ADD 3,0,1,0,0,0.0,ADD 4,0,1,0,0,0.0,ADD 5,0,0,0,0,0.0,ADD 6,0,1,0,0,0.0,ADD 7,0,0,0,0,0.0,EGT2CAN,0,1,0,0,0.0
1778953728.189395,6790.0,12426,-49.0,1,-,0,0,0,0,0.0,-,0,0,0,0,0.0,ECU,1,1,12431,0,0.0,FAN1,0,1,12421,6790,6790.0,COILS,1,1,12442,0,0.0,PUMP,0,0,0,0,0.0,INJECTOR,1,1,12413,0,0.0,SERVO,1,1,12393,0,0.0,ADD 1,0,1,0,0,0.0,ADD 2,0,1,0,0,0.0,ADD 3,0,1,0,0,0.0,ADD 4,0,1,0,0,0.0,ADD 5,0,0,0,0,0.0,ADD 6,0,1,0,0,0.0,ADD 7,0,0,0,0,0.0,EGT2CAN,0,1,0,0,0.0
1778953728.2446158,6790.0,12426,-49.0,1,-,0,0,0,0,0.0,-,0,0,0,0,0.0,ECU,1,1,12400,0,0.0,FAN1,0,1,12411,6790,6790.0,COILS,1,1,12430,0,0.0,PUMP,0,0,0,0,0.0,INJECTOR,1,1,12428,0,0.0,SERVO,1,1,12389,0,0.0,ADD 1,0,1,0,0,0.0,ADD 2,0,1,0,0,0.0,ADD 3,0,1,0,0,0.0,ADD 4,0,1,0,0,0.0,ADD 5,0,0,0,0,0.0,ADD 6,0,1,0,0,0.0,ADD 7,0,0,0,0,0.0,EGT2CAN,0,1,0,0,0.0
1778953728.2956498,6784.0,12425,-49.0,1,-,0,0,0,0,0.0,-,0,0,0,0,0.0,ECU,1,1,12402,0,0.0,FAN1,0,1,12388,6780,6784.0,COILS,1,1,12407,0,0.0,PUMP,0,0,0,0,0.0,INJECTOR,1,1,12442,0,0.0,SERVO,1,1,12407,0,0.0,ADD 1,0,1,0,0,0.0,ADD 2,0,1,0,0,0.0,ADD 3,0,1,0,0,0.0,ADD 4,0,1,0,0,0.0,ADD 5,0,0,0,0,0.0,ADD 6,0,1,0,0,0.0,ADD 7,0,0,0,0,0.0,EGT2CAN,0,1,0,0,0.0
1778953728.3471017,6788.3,12423,-49.0,1,-,0,0,0,0,0.0,-,0,0,0,0,0.0,ECU,1,1,12402,0,0.0,FAN1,0,1,12388,6810,6788.3,COILS,1,1,12427,0,0.0,PUMP,0,0,0,0,0.0,INJECTOR,1,1,12421,0,0.0,SERVO,1,1,12393,0,0.0,ADD 1,0,1,0,0,0.0,ADD 2,0,1,0,0,0.0,ADD 3,0,1,0,0,0.0,ADD 4,0,1,0,0,0.0,ADD 5,0,0,0,0,0.0,ADD 6,0,1,0,0,0.0,ADD 7,0,0,0,0,0.0,EGT2CAN,0,1,0,0,0.0
1778953728.3994544,6788.3,12423,-49.0,1,-,0,0,0,0,0.0,-,0,0,0,0,0.0,ECU,1,1,12393,0,0.0,FAN1,0,1,12395,6810,6788.3,COILS,1,1,12427,0,0.0,PUMP,0,0,0,0,0.0,INJECTOR,1,1,12421,0,0.0,SERVO,1,1,12393,0,0.0,ADD 1,0,1,0,0,0.0,ADD 2,0,1,0,0,0.0,ADD 3,0,1,0,0,0.0,ADD 4,0,1,0,0,0.0,ADD 5,0,0,0,0,0.0,ADD 6,0,1,0,0,0.0,ADD 7,0,0,0,0,0.0,EGT2CAN,0,1,0,0,0.0
1778953728.4500787,6800.0,12422,-50.0,1,-,0,0,0,0,0.0,-,0,0,0,0,0.0,ECU,1,1,12417,0,0.0,FAN1,0,1,12413,6800,6800.0,COILS,1,1,12411,0,0.0,PUMP,0,0,0,0,0.0,INJECTOR,1,1,12412,0,0.0,SERVO,1,1,12376,0,0.0,ADD 1,0,1,0,0,0.0,ADD 2,0,1,0,0,0.0,ADD 3,0,1,0,0,0.0,ADD 4,0,1,0,0,0.0,ADD 5,0,0,0,0,0.0,ADD 6,0,1,0,0,0.0,ADD 7,0,0,0,0,0.0,EGT2CAN,0,1,0,0,0.0
1778953728.503239,6800.0,12421,-49.0,1,-,0,0,0,0,0.0,-,0,0,0,0,0.0,ECU,1,1,12417,0,0.0,FAN1,0,1,12413,6800,6800.0,COILS,1,1,12411,0,0.0,PUMP,0,0,0,0,0.0,INJECTOR,1,1,12412,0,0.0,SERVO,1,1,12376,0,0.0,ADD 1,0,1,0,0,0.0,ADD 2,0,1,0,0,0.0,ADD 3,0,1,0,0,0.0,ADD 4,0,1,0,0,0.0,ADD 5,0,0,0,0,0.0,ADD 6,0,1,0,0,0.0,ADD 7,0,0,0,0,0.0,EGT2CAN,0,1,0,0,0.0
1778953728.5561562,6802.5,12421,-49.0,1,-,0,0,0,0,0.0,-,0,0,0,0,0.0,ECU,1,1,12397,0,0.0,FAN1,0,1,12408,6780,6802.5,COILS,1,1,12413,0,0.0,PUMP,0,0,0,0,0.0,INJECTOR,1,1,12411,0,0.0,SERVO,1,1,12390,0,0.0,ADD 1,0,1,0,0,0.0,ADD 2,0,1,0,0,0.0,ADD 3,0,1,0,0,0.0,ADD 4,0,1,0,0,0.0,ADD 5,0,0,0,0,0.0,ADD 6,0,1,0,0,0.0,ADD 7,0,0,0,0,0.0,EGT2CAN,0,1,0,0,0.0
1778953728.6141002,6791.7,12421,-50.0,1,-,0,0,0,0,0.0,-,0,0,0,0,0.0,ECU,1,1,12405,0,0.0,FAN1,0,1,12400,6770,6791.7,COILS,1,1,12401,0,0.0,PUMP,0,0,0,0,0.0,INJECTOR,1,1,12421,0,0.0,SERVO,1,1,12405,0,0.0,ADD 1,0,1,0,0,0.0,ADD 2,0,1,0,0,0.0,ADD 3,0,1,0,0,0.0,ADD 4,0,1,0,0,0.0,ADD 5,0,0,0,0,0.0,ADD 6,0,1,0,0,0.0,ADD 7,0,0,0,0,0.0,EGT2CAN,0,1,0,0,0.0
1778953728.6700425,6791.7,12420,-49.0,1,-,0,0,0,0,0.0,-,0,0,0,0,0.0,ECU,1,1,12405,0,0.0,FAN1,0,1,12400,6770,6791.7,COILS,1,1,12401,0,0.0,PUMP,0,0,0,0,0.0,INJECTOR,1,1,12421,0,0.0,SERVO,1,1,12405,0,0.0,ADD 1,0,1,0,0,0.0,ADD 2,0,1,0,0,0.0,ADD 3,0,1,0,0,0.0,ADD 4,0,1,0,0,0.0,ADD 5,0,0,0,0,0.0,ADD 6,0,1,0,0,0.0,ADD 7,0,0,0,0,0.0,EGT2CAN,0,1,0,0,0.0
1778953728.7214112,6791.7,12420,-49.0,1,-,0,0,0,0,0.0,-,0,0,0,0,0.0,ECU,1,1,12407,0,0.0,FAN1,0,1,12400,6770,6791.7,COILS,1,1,12384,0,0.0,PUMP,0,0,0,0,0.0,INJECTOR,1,1,12419,0,0.0,SERVO,1,1,12397,0,0.0,ADD 1,0,1,0,0,0.0,ADD 2,0,1,0,0,0.0,ADD 3,0,1,0,0,0.0,ADD 4,0,1,0,0,0.0,ADD 5,0,0,0,0,0.0,ADD 6,0,1,0,0,0.0,ADD 7,0,0,0,0,0.0,EGT2CAN,0,1,0,0,0.0
1778953728.7721112,6786.0,12418,-50.0,1,-,0,0,0,0,0.0,-,0,0,0,0,0.0,ECU,1,1,12410,0,0.0,FAN1,0,1,12402,6810,6786.0,COILS,1,1,12398,0,0.0,PUMP,0,0,0,0,0.0,INJECTOR,1,1,12416,0,0.0,SERVO,1,1,12389,0,0.0,ADD 1,0,1,0,0,0.0,ADD 2,0,1,0,0,0.0,ADD 3,0,1,0,0,0.0,ADD 4,0,1,0,0,0.0,ADD 5,0,0,0,0,0.0,ADD 6,0,1,0,0,0.0,ADD 7,0,0,0,0,0.0,EGT2CAN,0,1,0,0,0.0
1778953728.826825,6797.5,12418,-50.0,1,-,0,0,0,0,0.0,-,0,0,0,0,0.0,ECU,1,1,12403,0,0.0,FAN1,0,1,12396,6800,6797.5,COILS,1,1,12414,0,0.0,PUMP,0,0,0,0,0.0,INJECTOR,1,1,12416,0,0.0,SERVO,1,1,12392,0,0.0,ADD 1,0,1,0,0,0.0,ADD 2,0,1,0,0,0.0,ADD 3,0,1,0,0,0.0,ADD 4,0,1,0,0,0.0,ADD 5,0,0,0,0,0.0,ADD 6,0,1,0,0,0.0,ADD 7,0,0,0,0,0.0,EGT2CAN,0,1,0,0,0.0
1778953728.881348,6797.5,12416,-50.0,1,-,0,0,0,0,0.0,-,0,0,0,0,0.0,ECU,1,1,12403,0,0.0,FAN1,0,1,12396,6800,6797.5,COILS,1,1,12414,0,0.0,PUMP,0,0,0,0,0.0,INJECTOR,1,1,12416,0,0.0,SERVO,1,1,12392,0,0.0,ADD 1,0,1,0,0,0.0,ADD 2,0,1,0,0,0.0,ADD 3,0,1,0,0,0.0,ADD 4,0,1,0,0,0.0,ADD 5,0,0,0,0,0.0,ADD 6,0,1,0,0,0.0,ADD 7,0,0,0,0,0.0,EGT2CAN,0,1,0,0,0.0
1778953728.9330368,6798.0,12416,-50.0,1,-,0,0,0,0,0.0,-,0,0,0,0,0.0,ECU,1,1,12427,0,0.0,FAN1,0,1,12395,6800,6798.0,COILS,1,1,12414,0,0.0,PUMP,0,0,0,0,0.0,INJECTOR,1,1,12419,0,0.0,SERVO,1,1,12373,0,0.0,ADD 1,0,1,0,0,0.0,ADD 2,0,1,0,0,0.0,ADD 3,0,1,0,0,0.0,ADD 4,0,1,0,0,0.0,ADD 5,0,0,0,0,0.0,ADD 6,0,1,0,0,0.0,ADD 7,0,0,0,0,0.0,EGT2CAN,0,1,0,0,0.0
1778953728.9898603,6800.0,12421,-50.0,1,-,0,0,0,0,0.0,-,0,0,0,0,0.0,ECU,1,1,12434,0,0.0,FAN1,0,1,12413,6790,6800.0,COILS,1,1,12439,0,0.0,PUMP,0,0,0,0,0.0,INJECTOR,1,1,12414,0,0.0,SERVO,1,1,12366,0,0.0,ADD 1,0,1,0,0,0.0,ADD 2,0,1,0,0,0.0,ADD 3,0,1,0,0,0.0,ADD 4,0,1,0,0,0.0,ADD 5,0,0,0,0,0.0,ADD 6,0,1,0,0,0.0,ADD 7,0,0,0,0,0.0,EGT2CAN,0,1,0,0,0.0
1778953729.042748,6800.0,12421,-50.0,1,-,0,0,0,0,0.0,-,0,0,0,0,0.0,ECU,1,1,12414,0,0.0,FAN1,0,1,12377,6790,6800.0,COILS,1,1,12427,0,0.0,PUMP,0,0,0,0,0.0,INJECTOR,1,1,12404,0,0.0,SERVO,1,1,12389,0,0.0,ADD 1,0,1,0,0,0.0,ADD 2,0,1,0,0,0.0,ADD 3,0,1,0,0,0.0,ADD 4,0,1,0,0,0.0,ADD 5,0,0,0,0,0.0,ADD 6,0,1,0,0,0.0,ADD 7,0,0,0,0,0.0,EGT2CAN,0,1,0,0,0.0
1778953729.0934758,6792.5,12422,-49.0,1,-,0,0,0,0,0.0,-,0,0,0,0,0.0,ECU,1,1,12414,0,0.0,FAN1,0,1,12377,6780,6792.5,COILS,1,1,12427,0,0.0,PUMP,0,0,0,0,0.0,INJECTOR,1,1,12404,0,0.0,SERVO,1,1,12389,0,0.0,ADD 1,0,1,0,0,0.0,ADD 2,0,1,0,0,0.0,ADD 3,0,1,0,0,0.0,ADD 4,0,1,0,0,0.0,ADD 5,0,0,0,0,0.0,ADD 6,0,1,0,0,0.0,ADD 7,0,0,0,0,0.0,EGT2CAN,0,1,0,0,0.0
1778953729.1450055,6796.7,12419,-49.0,1,-,0,0,0,0,0.0,-,0,0,0,0,0.0,ECU,1,1,12394,0,0.0,FAN1,0,1,12387,6810,6796.7,COILS,1,1,12416,0,0.0,PUMP,0,0,0,0,0.0,INJECTOR,1,1,12419,0,0.0,SERVO,1,1,12378,0,0.0,ADD 1,0,1,0,0,0.0,ADD 2,0,1,0,0,0.0,ADD 3,0,1,0,0,0.0,ADD 4,0,1,0,0,0.0,ADD 5,0,0,0,0,0.0,ADD 6,0,1,0,0,0.0,ADD 7,0,0,0,0,0.0,EGT2CAN,0,1,0,0,0.0
1778953729.195657,6802.5,12419,-49.0,1,-,0,0,0,0,0.0,-,0,0,0,0,0.0,ECU,1,1,12390,0,0.0,FAN1,0,1,12401,6820,6802.5,COILS,1,1,12425,0,0.0,PUMP,0,0,0,0,0.0,INJECTOR,1,1,12422,0,0.0,SERVO,1,1,12372,0,0.0,ADD 1,0,1,0,0,0.0,ADD 2,0,1,0,0,0.0,ADD 3,0,1,0,0,0.0,ADD 4,0,1,0,0,0.0,ADD 5,0,0,0,0,0.0,ADD 6,0,1,0,0,0.0,ADD 7,0,0,0,0,0.0,EGT2CAN,0,1,0,0,0.0
1778953729.2474396,6802.5,12419,-49.0,1,-,0,0,0,0,0.0,-,0,0,0,0,0.0,ECU,1,1,12412,0,0.0,FAN1,0,1,12402,6820,6802.5,COILS,1,1,12425,0,0.0,PUMP,0,0,0,0,0.0,INJECTOR,1,1,12422,0,0.0,SERVO,1,1,12372,0,0.0,ADD 1,0,1,0,0,0.0,ADD 2,0,1,0,0,0.0,ADD 3,0,1,0,0,0.0,ADD 4,0,1,0,0,0.0,ADD 5,0,0,0,0,0.0,ADD 6,0,1,0,0,0.0,ADD 7,0,0,0,0,0.0,EGT2CAN,0,1,0,0,0.0
1778953729.3037438,6808.0,12420,-49.0,1,-,0,0,0,0,0.0,-,0,0,0,0,0.0,ECU,1,1,12407,0,0.0,FAN1,0,1,12395,6800,6808.0,COILS,1,1,12402,0,0.0,PUMP,0,0,0,0,0.0,INJECTOR,1,1,12424,0,0.0,SERVO,1,1,12374,0,0.0,ADD 1,0,1,0,0,0.0,ADD 2,0,1,0,0,0.0,ADD 3,0,1,0,0,0.0,ADD 4,0,1,0,0,0.0,ADD 5,0,0,0,0,0.0,ADD 6,0,1,0,0,0.0,ADD 7,0,0,0,0,0.0,EGT2CAN,0,1,0,0,0.0
1778953729.355075,6805.0,12419,-51.0,1,-,0,0,0,0,0.0,-,0,0,0,0,0.0,ECU,1,1,12392,0,0.0,FAN1,0,1,12416,6790,6805.0,COILS,1,1,12427,0,0.0,PUMP,0,0,0,0,0.0,INJECTOR,1,1,12421,0,0.0,SERVO,1,1,12387,0,0.0,ADD 1,0,1,0,0,0.0,ADD 2,0,1,0,0,0.0,ADD 3,0,1,0,0,0.0,ADD 4,0,1,0,0,0.0,ADD 5,0,0,0,0,0.0,ADD 6,0,1,0,0,0.0,ADD 7,0,0,0,0,0.0,EGT2CAN,0,1,0,0,0.0
1778953729.4058337,6805.0,12419,-51.0,1,-,0,0,0,0,0.0,-,0,0,0,0,0.0,ECU,1,1,12402,0,0.0,FAN1,0,1,12400,6790,6805.0,COILS,1,1,12412,0,0.0,PUMP,0,0,0,0,0.0,INJECTOR,1,1,12430,0,0.0,SERVO,1,1,12397,0,0.0,ADD 1,0,1,0,0,0.0,ADD 2,0,1,0,0,0.0,ADD 3,0,1,0,0,0.0,ADD 4,0,1,0,0,0.0,ADD 5,0,0,0,0,0.0,ADD 6,0,1,0,0,0.0,ADD 7,0,0,0,0,0.0,EGT2CAN,0,1,0,0,0.0
1778953729.4569097,6795.0,12418,-49.0,1,-,0,0,0,0,0.0,-,0,0,0,0,0.0,ECU,1,1,12417,0,0.0,FAN1,0,1,12405,6790,6795.0,COILS,1,1,12420,0,0.0,PUMP,0,0,0,0,0.0,INJECTOR,1,1,12421,0,0.0,SERVO,1,1,12377,0,0.0,ADD 1,0,1,0,0,0.0,ADD 2,0,1,0,0,0.0,ADD 3,0,1,0,0,0.0,ADD 4,0,1,0,0,0.0,ADD 5,0,0,0,0,0.0,ADD 6,0,1,0,0,0.0,ADD 7,0,0,0,0,0.0,EGT2CAN,0,1,0,0,0.0
1778953729.5087392,6795.0,12418,-49.0,1,-,0,0,0,0,0.0,-,0,0,0,0,0.0,ECU,1,1,12417,0,0.0,FAN1,0,1,12405,6790,6795.0,COILS,1,1,12420,0,0.0,PUMP,0,0,0,0,0.0,INJECTOR,1,1,12421,0,0.0,SERVO,1,1,12377,0,0.0,ADD 1,0,1,0,0,0.0,ADD 2,0,1,0,0,0.0,ADD 3,0,1,0,0,0.0,ADD 4,0,1,0,0,0.0,ADD 5,0,0,0,0,0.0,ADD 6,0,1,0,0,0.0,ADD 7,0,0,0,0,0.0,EGT2CAN,0,1,0,0,0.0
1778953729.5598402,6795.0,12418,-49.0,1,-,0,0,0,0,0.0,-,0,0,0,0,0.0,ECU,1,1,12409,0,0.0,FAN1,0,1,12395,6790,6795.0,COILS,1,1,12404,0,0.0,PUMP,0,0,0,0,0.0,INJECTOR,1,1,12430,0,0.0,SERVO,1,1,12383,0,0.0,ADD 1,0,1,0,0,0.0,ADD 2,0,1,0,0,0.0,ADD 3,0,1,0,0,0.0,ADD 4,0,1,0,0,0.0,ADD 5,0,0,0,0,0.0,ADD 6,0,1,0,0,0.0,ADD 7,0,0,0,0,0.0,EGT2CAN,0,1,0,0,0.0
1778953729.6109118,6800.0,12413,-49.0,1,-,0,0,0,0,0.0,-,0,0,0,0,0.0,ECU,1,1,12414,0,0.0,FAN1,0,1,12397,6820,6800.0,COILS,1,1,12405,0,0.0,PUMP,0,0,0,0,0.0,INJECTOR,1,1,12425,0,0.0,SERVO,1,1,12397,0,0.0,ADD 1,0,1,0,0,0.0,ADD 2,0,1,0,0,0.0,ADD 3,0,1,0,0,0.0,ADD 4,0,1,0,0,0.0,ADD 5,0,0,0,0,0.0,ADD 6,0,1,0,0,0.0,ADD 7,0,0,0,0,0.0,EGT2CAN,0,1,0,0,0.0
1778953729.662208,6800.0,12413,-49.0,1,-,0,0,0,0,0.0,-,0,0,0,0,0.0,ECU,1,1,12414,0,0.0,FAN1,0,1,12397,6820,6800.0,COILS,1,1,12405,0,0.0,PUMP,0,0,0,0,0.0,INJECTOR,1,1,12425,0,0.0,SERVO,1,1,12397,0,0.0,ADD 1,0,1,0,0,0.0,ADD 2,0,1,0,0,0.0,ADD 3,0,1,0,0,0.0,ADD 4,0,1,0,0,0.0,ADD 5,0,0,0,0,0.0,ADD 6,0,1,0,0,0.0,ADD 7,0,0,0,0,0.0,EGT2CAN,0,1,0,0,0.0
1778953729.7131443,6800.0,12413,-49.0,1,-,0,0,0,0,0.0,-,0,0,0,0,0.0,ECU,1,1,12408,0,0.0,FAN1,0,1,12397,6820,6800.0,COILS,1,1,12411,0,0.0,PUMP,0,0,0,0,0.0,INJECTOR,1,1,12419,0,0.0,SERVO,1,1,12373,0,0.0,ADD 1,0,1,0,0,0.0,ADD 2,0,1,0,0,0.0,ADD 3,0,1,0,0,0.0,ADD 4,0,1,0,0,0.0,ADD 5,0,0,0,0,0.0,ADD 6,0,1,0,0,0.0,ADD 7,0,0,0,0,0.0,EGT2CAN,0,1,0,0,0.0
1778953729.7639117,6810.0,12413,-50.0,1,-,0,0,0,0,0.0,-,0,0,0,0,0.0,ECU,1,1,12395,0,0.0,FAN1,0,1,12367,6790,6810.0,COILS,1,1,12411,0,0.0,PUMP,0,0,0,0,0.0,INJECTOR,1,1,12419,0,0.0,SERVO,1,1,12402,0,0.0,ADD 1,0,1,0,0,0.0,ADD 2,0,1,0,0,0.0,ADD 3,0,1,0,0,0.0,ADD 4,0,1,0,0,0.0,ADD 5,0,0,0,0,0.0,ADD 6,0,1,0,0,0.0,ADD 7,0,0,0,0,0.0,EGT2CAN,0,1,0,0,0.0
1778953729.8152735,6810.0,12413,-50.0,1,-,0,0,0,0,0.0,-,0,0,0,0,0.0,ECU,1,1,12395,0,0.0,FAN1,0,1,12367,6790,6810.0,COILS,1,1,12411,0,0.0,PUMP,0,0,0,0,0.0,INJECTOR,1,1,12419,0,0.0,SERVO,1,1,12402,0,0.0,ADD 1,0,1,0,0,0.0,ADD 2,0,1,0,0,0.0,ADD 3,0,1,0,0,0.0,ADD 4,0,1,0,0,0.0,ADD 5,0,0,0,0,0.0,ADD 6,0,1,0,0,0.0,ADD 7,0,0,0,0,0.0,EGT2CAN,0,1,0,0,0.0
1778953729.8663354,6810.0,12413,-50.0,1,-,0,0,0,0,0.0,-,0,0,0,0,0.0,ECU,1,1,12379,0,0.0,FAN1,0,1,12381,6790,6810.0,COILS,1,1,12395,0,0.0,PUMP,0,0,0,0,0.0,INJECTOR,1,1,12415,0,0.0,SERVO,1,1,12404,0,0.0,ADD 1,0,1,0,0,0.0,ADD 2,0,1,0,0,0.0,ADD 3,0,1,0,0,0.0,ADD 4,0,1,0,0,0.0,ADD 5,0,0,0,0,0.0,ADD 6,0,1,0,0,0.0,ADD 7,0,0,0,0,0.0,EGT2CAN,0,1,0,0,0.0
1778953729.916908,6798.3,12417,-49.0,1,-,0,0,0,0,0.0,-,0,0,0,0,0.0,ECU,1,1,12402,0,0.0,FAN1,0,1,12381,6770,6798.3,COILS,1,1,12392,0,0.0,PUMP,0,0,0,0,0.0,INJECTOR,1,1,12407,0,0.0,SERVO,1,1,12381,0,0.0,ADD 1,0,1,0,0,0.0,ADD 2,0,1,0,0,0.0,ADD 3,0,1,0,0,0.0,ADD 4,0,1,0,0,0.0,ADD 5,0,0,0,0,0.0,ADD 6,0,1,0,0,0.0,ADD 7,0,0,0,0,0.0,EGT2CAN,0,1,0,0,0.0
1778953729.9682739,6798.3,12417,-49.0,1,-,0,0,0,0,0.0,-,0,0,0,0,0.0,ECU,1,1,12402,0,0.0,FAN1,0,1,12381,6770,6798.3,COILS,1,1,12392,0,0.0,PUMP,0,0,0,0,0.0,INJECTOR,1,1,12407,0,0.0,SERVO,1,1,12381,0,0.0,ADD 1,0,1,0,0,0.0,ADD 2,0,1,0,0,0.0,ADD 3,0,1,0,0,0.0,ADD 4,0,1,0,0,0.0,ADD 5,0,0,0,0,0.0,ADD 6,0,1,0,0,0.0,ADD 7,0,0,0,0,0.0,EGT2CAN,0,1,0,0,0.0
1778953730.0189154,6798.3,12417,-49.0,1,-,0,0,0,0,0.0,-,0,0,0,0,0.0,ECU,1,1,12402,0,0.0,FAN1,0,1,12379,6770,6798.3,COILS,1,1,12413,0,0.0,PUMP,0,0,0,0,0.0,INJECTOR,1,1,12410,0,0.0,SERVO,1,1,12368,0,0.0,ADD 1,0,1,0,0,0.0,ADD 2,0,1,0,0,0.0,ADD 3,0,1,0,0,0.0,ADD 4,0,1,0,0,0.0,ADD 5,0,0,0,0,0.0,ADD 6,0,1,0,0,0.0,ADD 7,0,0,0,0,0.0,EGT2CAN,0,1,0,0,0.0
1778953730.069893,6776.7,12417,-49.0,1,-,0,0,0,0,0.0,-,0,0,0,0,0.0,ECU,1,1,12410,0,0.0,FAN1,0,1,12398,6770,6776.7,COILS,1,1,12430,0,0.0,PUMP,0,0,0,0,0.0,INJECTOR,1,1,12399,0,0.0,SERVO,1,1,12401,0,0.0,ADD 1,0,1,0,0,0.0,ADD 2,0,1,0,0,0.0,ADD 3,0,1,0,0,0.0,ADD 4,0,1,0,0,0.0,ADD 5,0,0,0,0,0.0,ADD 6,0,1,0,0,0.0,ADD 7,0,0,0,0,0.0,EGT2CAN,0,1,0,0,0.0
1778953730.1211202,6776.7,12417,-49.0,1,-,0,0,0,0,0.0,-,0,0,0,0,0.0,ECU,1,1,12410,0,0.0,FAN1,0,1,12398,6770,6776.7,COILS,1,1,12430,0,0.0,PUMP,0,0,0,0,0.0,INJECTOR,1,1,12399,0,0.0,SERVO,1,1,12401,0,0.0,ADD 1,0,1,0,0,0.0,ADD 2,0,1,0,0,0.0,ADD 3,0,1,0,0,0.0,ADD 4,0,1,0,0,0.0,ADD 5,0,0,0,0,0.0,ADD 6,0,1,0,0,0.0,ADD 7,0,0,0,0,0.0,EGT2CAN,0,1,0,0,0.0
1778953730.1720054,6772.5,12417,-49.0,1,-,0,0,0,0,0.0,-,0,0,0,0,0.0,ECU,1,1,12390,0,0.0,FAN1,0,1,12398,6790,6772.5,COILS,1,1,12395,0,0.0,PUMP,0,0,0,0,0.0,INJECTOR,1,1,12407,0,0.0,SERVO,1,1,12407,0,0.0,ADD 1,0,1,0,0,0.0,ADD 2,0,1,0,0,0.0,ADD 3,0,1,0,0,0.0,ADD 4,0,1,0,0,0.0,ADD 5,0,0,0,0,0.0,ADD 6,0,1,0,0,0.0,ADD 7,0,0,0,0,0.0,EGT2CAN,0,1,0,0,0.0
1778953730.2229178,6778.3,12416,-49.0,1,-,0,0,0,0,0.0,-,0,0,0,0,0.0,ECU,1,1,12392,0,0.0,FAN1,0,1,12399,6790,6778.3,COILS,1,1,12411,0,0.0,PUMP,0,0,0,0,0.0,INJECTOR,1,1,12402,0,0.0,SERVO,1,1,12385,0,0.0,ADD 1,0,1,0,0,0.0,ADD 2,0,1,0,0,0.0,ADD 3,0,1,0,0,0.0,ADD 4,0,1,0,0,0.0,ADD 5,0,0,0,0,0.0,ADD 6,0,1,0,0,0.0,ADD 7,0,0,0,0,0.0,EGT2CAN,0,1,0,0,0.0
1778953730.2748883,6778.3,12416,-49.0,1,-,0,0,0,0,0.0,-,0,0,0,0,0.0,ECU,1,1,12403,0,0.0,FAN1,0,1,12395,6790,6778.3,COILS,1,1,12411,0,0.0,PUMP,0,0,0,0,0.0,INJECTOR,1,1,12371,0,0.0,SERVO,1,1,12368,0,0.0,ADD 1,0,1,0,0,0.0,ADD 2,0,1,0,0,0.0,ADD 3,0,1,0,0,0.0,ADD 4,0,1,0,0,0.0,ADD 5,0,0,0,0,0.0,ADD 6,0,1,0,0,0.0,ADD 7,0,0,0,0,0.0,EGT2CAN,0,1,0,0,0.0
1778953730.3294494,6792.5,12416,-49.0,1,-,0,0,0,0,0.0,-,0,0,0,0,0.0,ECU,1,1,12403,0,0.0,FAN1,0,1,12395,6800,6792.5,COILS,1,1,12411,0,0.0,PUMP,0,0,0,0,0.0,INJECTOR,1,1,12371,0,0.0,SERVO,1,1,12368,0,0.0,ADD 1,0,1,0,0,0.0,ADD 2,0,1,0,0,0.0,ADD 3,0,1,0,0,0.0,ADD 4,0,1,0,0,0.0,ADD 5,0,0,0,0,0.0,ADD 6,0,1,0,0,0.0,ADD 7,0,0,0,0,0.0,EGT2CAN,0,1,0,0,0.0
1778953730.379775,6790.0,12416,-49.0,1,-,0,0,0,0,0.0,-,0,0,0,0,0.0,ECU,1,1,12401,0,0.0,FAN1,0,1,12384,6780,6790.0,COILS,1,1,12419,0,0.0,PUMP,0,0,0,0,0.0,INJECTOR,1,1,12397,0,0.0,SERVO,1,1,12382,0,0.0,ADD 1,0,1,0,0,0.0,ADD 2,0,1,0,0,0.0,ADD 3,0,1,0,0,0.0,ADD 4,0,1,0,0,0.0,ADD 5,0,0,0,0,0.0,ADD 6,0,1,0,0,0.0,ADD 7,0,0,0,0,0.0,EGT2CAN,0,1,0,0,0.0
1778953730.4350367,6787.5,12416,-49.0,1,-,0,0,0,0,0.0,-,0,0,0,0,0.0,ECU,1,1,12413,0,0.0,FAN1,0,1,12404,6780,6787.5,COILS,1,1,12401,0,0.0,PUMP,0,0,0,0,0.0,INJECTOR,1,1,12397,0,0.0,SERVO,1,1,12369,0,0.0,ADD 1,0,1,0,0,0.0,ADD 2,0,1,0,0,0.0,ADD 3,0,1,0,0,0.0,ADD 4,0,1,0,0,0.0,ADD 5,0,0,0,0,0.0,ADD 6,0,1,0,0,0.0,ADD 7,0,0,0,0,0.0,EGT2CAN,0,1,0,0,0.0
1778953730.4868114,6787.5,12416,-49.0,1,-,0,0,0,0,0.0,-,0,0,0,0,0.0,ECU,1,1,12384,0,0.0,FAN1,0,1,12407,6780,6787.5,COILS,1,1,12401,0,0.0,PUMP,0,0,0,0,0.0,INJECTOR,1,1,12397,0,0.0,SERVO,1,1,12369,0,0.0,ADD 1,0,1,0,0,0.0,ADD 2,0,1,0,0,0.0,ADD 3,0,1,0,0,0.0,ADD 4,0,1,0,0,0.0,ADD 5,0,0,0,0,0.0,ADD 6,0,1,0,0,0.0,ADD 7,0,0,0,0,0.0,EGT2CAN,0,1,0,0,0.0
1778953730.5374212,6780.0,12420,-50.0,1,-,0,0,0,0,0.0,-,0,0,0,0,0.0,ECU,1,1,12388,0,0.0,FAN1,0,1,12416,6790,6780.0,COILS,1,1,12405,0,0.0,PUMP,0,0,0,0,0.0,INJECTOR,1,1,12421,0,0.0,SERVO,1,1,12385,0,0.0,ADD 1,0,1,0,0,0.0,ADD 2,0,1,0,0,0.0,ADD 3,0,1,0,0,0.0,ADD 4,0,1,0,0,0.0,ADD 5,0,0,0,0,0.0,ADD 6,0,1,0,0,0.0,ADD 7,0,0,0,0,0.0,EGT2CAN,0,1,0,0,0.0
1778953730.5909169,6776.7,12420,-49.0,1,-,0,0,0,0,0.0,-,0,0,0,0,0.0,ECU,1,1,12409,0,0.0,FAN1,0,1,12401,6760,6776.7,COILS,1,1,12397,0,0.0,PUMP,0,0,0,0,0.0,INJECTOR,1,1,12400,0,0.0,SERVO,1,1,12396,0,0.0,ADD 1,0,1,0,0,0.0,ADD 2,0,1,0,0,0.0,ADD 3,0,1,0,0,0.0,ADD 4,0,1,0,0,0.0,ADD 5,0,0,0,0,0.0,ADD 6,0,1,0,0,0.0,ADD 7,0,0,0,0,0.0,EGT2CAN,0,1,0,0,0.0
1778953730.6417575,6776.7,12420,-49.0,1,-,0,0,0,0,0.0,-,0,0,0,0,0.0,ECU,1,1,12409,0,0.0,FAN1,0,1,12397,6760,6776.7,COILS,1,1,12400,0,0.0,PUMP,0,0,0,0,0.0,INJECTOR,1,1,12416,0,0.0,SERVO,1,1,12370,0,0.0,ADD 1,0,1,0,0,0.0,ADD 2,0,1,0,0,0.0,ADD 3,0,1,0,0,0.0,ADD 4,0,1,0,0,0.0,ADD 5,0,0,0,0,0.0,ADD 6,0,1,0,0,0.0,ADD 7,0,0,0,0,0.0,EGT2CAN,0,1,0,0,0.0
1778953730.6924322,6764.0,12421,-49.0,1,-,0,0,0,0,0.0,-,0,0,0,0,0.0,ECU,1,1,12407,0,0.0,FAN1,0,1,12396,6760,6764.0,COILS,1,1,12405,0,0.0,PUMP,0,0,0,0,0.0,INJECTOR,1,1,12405,0,0.0,SERVO,1,1,12380,0,0.0,ADD 1,0,1,0,0,0.0,ADD 2,0,1,0,0,0.0,ADD 3,0,1,0,0,0.0,ADD 4,0,1,0,0,0.0,ADD 5,0,0,0,0,0.0,ADD 6,0,1,0,0,0.0,ADD 7,0,0,0,0,0.0,EGT2CAN,0,1,0,0,0.0
1778953730.743965,6766.0,12421,-49.0,1,-,0,0,0,0,0.0,-,0,0,0,0,0.0,ECU,1,1,12400,0,0.0,FAN1,0,1,12392,6770,6766.0,COILS,1,1,12408,0,0.0,PUMP,0,0,0,0,0.0,INJECTOR,1,1,12421,0,0.0,SERVO,1,1,12368,0,0.0,ADD 1,0,1,0,0,0.0,ADD 2,0,1,0,0,0.0,ADD 3,0,1,0,0,0.0,ADD 4,0,1,0,0,0.0,ADD 5,0,0,0,0,0.0,ADD 6,0,1,0,0,0.0,ADD 7,0,0,0,0,0.0,EGT2CAN,0,1,0,0,0.0
1778953730.7945452,6766.0,12421,-49.0,1,-,0,0,0,0,0.0,-,0,0,0,0,0.0,ECU,1,1,12397,0,0.0,FAN1,0,1,12385,6770,6766.0,COILS,1,1,12406,0,0.0,PUMP,0,0,0,0,0.0,INJECTOR,1,1,12419,0,0.0,SERVO,1,1,12383,0,0.0,ADD 1,0,1,0,0,0.0,ADD 2,0,1,0,0,0.0,ADD 3,0,1,0,0,0.0,ADD 4,0,1,0,0,0.0,ADD 5,0,0,0,0,0.0,ADD 6,0,1,0,0,0.0,ADD 7,0,0,0,0,0.0,EGT2CAN,0,1,0,0,0.0
1778953730.8464267,6774.0,12422,-49.0,1,-,0,0,0,0,0.0,-,0,0,0,0,0.0,ECU,1,1,12386,0,0.0,FAN1,0,1,12387,6800,6774.0,COILS,1,1,12407,0,0.0,PUMP,0,0,0,0,0.0,INJECTOR,1,1,12433,0,0.0,SERVO,1,1,12382,0,0.0,ADD 1,0,1,0,0,0.0,ADD 2,0,1,0,0,0.0,ADD 3,0,1,0,0,0.0,ADD 4,0,1,0,0,0.0,ADD 5,0,0,0,0,0.0,ADD 6,0,1,0,0,0.0,ADD 7,0,0,0,0,0.0,EGT2CAN,0,1,0,0,0.0
1778953730.897522,6780.0,12419,-49.0,1,-,0,0,0,0,0.0,-,0,0,0,0,0.0,ECU,1,1,12417,0,0.0,FAN1,0,1,12402,6810,6780.0,COILS,1,1,12402,0,0.0,PUMP,0,0,0,0,0.0,INJECTOR,1,1,12401,0,0.0,SERVO,1,1,12384,0,0.0,ADD 1,0,1,0,0,0.0,ADD 2,0,1,0,0,0.0,ADD 3,0,1,0,0,0.0,ADD 4,0,1,0,0,0.0,ADD 5,0,0,0,0,0.0,ADD 6,0,1,0,0,0.0,ADD 7,0,0,0,0,0.0,EGT2CAN,0,1,0,0,0.0
1778953730.9487164,6780.0,12419,-49.0,1,-,0,0,0,0,0.0,-,0,0,0,0,0.0,ECU,1,1,12393,0,0.0,FAN1,0,1,12391,6810,6780.0,COILS,1,1,12393,0,0.0,PUMP,0,0,0,0,0.0,INJECTOR,1,1,12400,0,0.0,SERVO,1,1,12395,0,0.0,ADD 1,0,1,0,0,0.0,ADD 2,0,1,0,0,0.0,ADD 3,0,1,0,0,0.0,ADD 4,0,1,0,0,0.0,ADD 5,0,0,0,0,0.0,ADD 6,0,1,0,0,0.0,ADD 7,0,0,0,0,0.0,EGT2CAN,0,1,0,0,0.0
1778953730.9993885,6802.0,12417,-49.0,1,-,0,0,0,0,0.0,-,0,0,0,0,0.0,ECU,1,1,12403,0,0.0,FAN1,0,1,12382,6800,6802.0,COILS,1,1,12415,0,0.0,PUMP,0,0,0,0,0.0,INJECTOR,1,1,12403,0,0.0,SERVO,1,1,12393,0,0.0,ADD 1,0,1,0,0,0.0,ADD 2,0,1,0,0,0.0,ADD 3,0,1,0,0,0.0,ADD 4,0,1,0,0,0.0,ADD 5,0,0,0,0,0.0,ADD 6,0,1,0,0,0.0,ADD 7,0,0,0,0,0.0,EGT2CAN,0,1,0,0,0.0
1778953731.0513136,6798.3,12416,-50.0,1,-,0,0,0,0,0.0,-,0,0,0,0,0.0,ECU,1,1,12403,0,0.0,FAN1,0,1,12382,6780,6798.3,COILS,1,1,12415,0,0.0,PUMP,0,0,0,0,0.0,INJECTOR,1,1,12403,0,0.0,SERVO,1,1,12393,0,0.0,ADD 1,0,1,0,0,0.0,ADD 2,0,1,0,0,0.0,ADD 3,0,1,0,0,0.0,ADD 4,0,1,0,0,0.0,ADD 5,0,0,0,0,0.0,ADD 6,0,1,0,0,0.0,ADD 7,0,0,0,0,0.0,EGT2CAN,0,1,0,0,0.0
1778953731.102931,6798.3,12416,-50.0,1,-,0,0,0,0,0.0,-,0,0,0,0,0.0,ECU,1,1,12396,0,0.0,FAN1,0,1,12407,6780,6798.3,COILS,1,1,12421,0,0.0,PUMP,0,0,0,0,0.0,INJECTOR,1,1,12423,0,0.0,SERVO,1,1,12383,0,0.0,ADD 1,0,1,0,0,0.0,ADD 2,0,1,0,0,0.0,ADD 3,0,1,0,0,0.0,ADD 4,0,1,0,0,0.0,ADD 5,0,0,0,0,0.0,ADD 6,0,1,0,0,0.0,ADD 7,0,0,0,0,0.0,EGT2CAN,0,1,0,0,0.0
1778953731.1534374,6796.7,12417,-49.0,1,-,0,0,0,0,0.0,-,0,0,0,0,0.0,ECU,1,1,12402,0,0.0,FAN1,0,1,12398,6840,6796.7,COILS,1,1,12410,0,0.0,PUMP,0,0,0,0,0.0,INJECTOR,1,1,12428,0,0.0,SERVO,1,1,12394,0,0.0,ADD 1,0,1,0,0,0.0,ADD 2,0,1,0,0,0.0,ADD 3,0,1,0,0,0.0,ADD 4,0,1,0,0,0.0,ADD 5,0,0,0,0,0.0,ADD 6,0,1,0,0,0.0,ADD 7,0,0,0,0,0.0,EGT2CAN,0,1,0,0,0.0
1778953731.2074213,6796.7,12419,-49.0,1,-,0,0,0,0,0.0,-,0,0,0,0,0.0,ECU,1,1,12402,0,0.0,FAN1,0,1,12398,6840,6796.7,COILS,1,1,12410,0,0.0,PUMP,0,0,0,0,0.0,INJECTOR,1,1,12428,0,0.0,SERVO,1,1,12394,0,0.0,ADD 1,0,1,0,0,0.0,ADD 2,0,1,0,0,0.0,ADD 3,0,1,0,0,0.0,ADD 4,0,1,0,0,0.0,ADD 5,0,0,0,0,0.0,ADD 6,0,1,0,0,0.0,ADD 7,0,0,0,0,0.0,EGT2CAN,0,1,0,0,0.0
1778953731.2580042,6796.7,12419,-49.0,1,-,0,0,0,0,0.0,-,0,0,0,0,0.0,ECU,1,1,12414,0,0.0,FAN1,0,1,12402,6840,6796.7,COILS,1,1,12417,0,0.0,PUMP,0,0,0,0,0.0,INJECTOR,1,1,12419,0,0.0,SERVO,1,1,12385,0,0.0,ADD 1,0,1,0,0,0.0,ADD 2,0,1,0,0,0.0,ADD 3,0,1,0,0,0.0,ADD 4,0,1,0,0,0.0,ADD 5,0,0,0,0,0.0,ADD 6,0,1,0,0,0.0,ADD 7,0,0,0,0,0.0,EGT2CAN,0,1,0,0,0.0
1778953731.3089864,6775.0,12415,-49.0,1,-,0,0,0,0,0.0,-,0,0,0,0,0.0,ECU,1,1,12423,0,0.0,FAN1,0,1,12378,6740,6775.0,COILS,1,1,12397,0,0.0,PUMP,0,0,0,0,0.0,INJECTOR,1,1,12405,0,0.0,SERVO,1,1,12391,0,0.0,ADD 1,0,1,0,0,0.0,ADD 2,0,1,0,0,0.0,ADD 3,0,1,0,0,0.0,ADD 4,0,1,0,0,0.0,ADD 5,0,0,0,0,0.0,ADD 6,0,1,0,0,0.0,ADD 7,0,0,0,0,0.0,EGT2CAN,0,1,0,0,0.0
1778953731.3597102,6775.0,12415,-49.0,1,-,0,0,0,0,0.0,-,0,0,0,0,0.0,ECU,1,1,12423,0,0.0,FAN1,0,1,12378,6740,6775.0,COILS,1,1,12397,0,0.0,PUMP,0,0,0,0,0.0,INJECTOR,1,1,12405,0,0.0,SERVO,1,1,12391,0,0.0,ADD 1,0,1,0,0,0.0,ADD 2,0,1,0,0,0.0,ADD 3,0,1,0,0,0.0,ADD 4,0,1,0,0,0.0,ADD 5,0,0,0,0,0.0,ADD 6,0,1,0,0,0.0,ADD 7,0,0,0,0,0.0,EGT2CAN,0,1,0,0,0.0
1778953731.4111435,6775.0,12415,-49.0,1,-,0,0,0,0,0.0,-,0,0,0,0,0.0,ECU,1,1,12398,0,0.0,FAN1,0,1,12381,6740,6775.0,COILS,1,1,12412,0,0.0,PUMP,0,0,0,0,0.0,INJECTOR,1,1,12426,0,0.0,SERVO,1,1,12394,0,0.0,ADD 1,0,1,0,0,0.0,ADD 2,0,1,0,0,0.0,ADD 3,0,1,0,0,0.0,ADD 4,0,1,0,0,0.0,ADD 5,0,0,0,0,0.0,ADD 6,0,1,0,0,0.0,ADD 7,0,0,0,0,0.0,EGT2CAN,0,1,0,0,0.0
1778953731.4620926,6758.3,12416,-49.0,1,-,0,0,0,0,0.0,-,0,0,0,0,0.0,ECU,1,1,12401,0,0.0,FAN1,0,1,12408,6760,6758.3,COILS,1,1,12401,0,0.0,PUMP,0,0,0,0,0.0,INJECTOR,1,1,12426,0,0.0,SERVO,1,1,12380,0,0.0,ADD 1,0,1,0,0,0.0,ADD 2,0,1,0,0,0.0,ADD 3,0,1,0,0,0.0,ADD 4,0,1,0,0,0.0,ADD 5,0,0,0,0,0.0,ADD 6,0,1,0,0,0.0,ADD 7,0,0,0,0,0.0,EGT2CAN,0,1,0,0,0.0
1778953731.5249639,6758.3,12416,-49.0,1,-,0,0,0,0,0.0,-,0,0,0,0,0.0,ECU,1,1,12401,0,0.0,FAN1,0,1,12408,6760,6758.3,COILS,1,1,12401,0,0.0,PUMP,0,0,0,0,0.0,INJECTOR,1,1,12426,0,0.0,SERVO,1,1,12380,0,0.0,ADD 1,0,1,0,0,0.0,ADD 2,0,1,0,0,0.0,ADD 3,0,1,0,0,0.0,ADD 4,0,1,0,0,0.0,ADD 5,0,0,0,0,0.0,ADD 6,0,1,0,0,0.0,ADD 7,0,0,0,0,0.0,EGT2CAN,0,1,0,0,0.0
1778953731.577255,6767.5,12416,-49.0,1,-,0,0,0,0,0.0,-,0,0,0,0,0.0,ECU,1,1,12416,0,0.0,FAN1,0,1,12414,6780,6767.5,COILS,1,1,12419,0,0.0,PUMP,0,0,0,0,0.0,INJECTOR,1,1,12394,0,0.0,SERVO,1,1,12354,0,0.0,ADD 1,0,1,0,0,0.0,ADD 2,0,1,0,0,0.0,ADD 3,0,1,0,0,0.0,ADD 4,0,1,0,0,0.0,ADD 5,0,0,0,0,0.0,ADD 6,0,1,0,0,0.0,ADD 7,0,0,0,0,0.0,EGT2CAN,0,1,0,0,0.0
1778953731.6339486,6778.0,12418,-50.0,1,-,0,0,0,0,0.0,-,0,0,0,0,0.0,ECU,1,1,12403,0,0.0,FAN1,0,1,12401,6780,6778.0,COILS,1,1,12414,0,0.0,PUMP,0,0,0,0,0.0,INJECTOR,1,1,12406,0,0.0,SERVO,1,1,12386,0,0.0,ADD 1,0,1,0,0,0.0,ADD 2,0,1,0,0,0.0,ADD 3,0,1,0,0,0.0,ADD 4,0,1,0,0,0.0,ADD 5,0,0,0,0,0.0,ADD 6,0,1,0,0,0.0,ADD 7,0,0,0,0,0.0,EGT2CAN,0,1,0,0,0.0
1778953731.692346,6782.0,12420,-49.0,1,-,0,0,0,0,0.0,-,0,0,0,0,0.0,ECU,1,1,12417,0,0.0,FAN1,0,1,12411,6800,6782.0,COILS,1,1,12395,0,0.0,PUMP,0,0,0,0,0.0,INJECTOR,1,1,12401,0,0.0,SERVO,1,1,12374,0,0.0,ADD 1,0,1,0,0,0.0,ADD 2,0,1,0,0,0.0,ADD 3,0,1,0,0,0.0,ADD 4,0,1,0,0,0.0,ADD 5,0,0,0,0,0.0,ADD 6,0,1,0,0,0.0,ADD 7,0,0,0,0,0.0,EGT2CAN,0,1,0,0,0.0
1778953731.743587,6782.0,12420,-49.0,1,-,0,0,0,0,0.0,-,0,0,0,0,0.0,ECU,1,1,12405,0,0.0,FAN1,0,1,12402,6800,6782.0,COILS,1,1,12395,0,0.0,PUMP,0,0,0,0,0.0,INJECTOR,1,1,12401,0,0.0,SERVO,1,1,12374,0,0.0,ADD 1,0,1,0,0,0.0,ADD 2,0,1,0,0,0.0,ADD 3,0,1,0,0,0.0,ADD 4,0,1,0,0,0.0,ADD 5,0,0,0,0,0.0,ADD 6,0,1,0,0,0.0,ADD 7,0,0,0,0,0.0,EGT2CAN,0,1,0,0,0.0
1778953731.793999,6790.0,12418,-49.0,1,-,0,0,0,0,0.0,-,0,0,0,0,0.0,ECU,1,1,12391,0,0.0,FAN1,0,1,12384,6790,6790.0,COILS,1,1,12405,0,0.0,PUMP,0,0,0,0,0.0,INJECTOR,1,1,12408,0,0.0,SERVO,1,1,12371,0,0.0,ADD 1,0,1,0,0,0.0,ADD 2,0,1,0,0,0.0,ADD 3,0,1,0,0,0.0,ADD 4,0,1,0,0,0.0,ADD 5,0,0,0,0,0.0,ADD 6,0,1,0,0,0.0,ADD 7,0,0,0,0,0.0,EGT2CAN,0,1,0,0,0.0
1778953731.8508968,6788.3,12419,-49.0,1,-,0,0,0,0,0.0,-,0,0,0,0,0.0,ECU,1,1,12405,0,0.0,FAN1,0,1,12391,6780,6788.3,COILS,1,1,12407,0,0.0,PUMP,0,0,0,0,0.0,INJECTOR,1,1,12421,0,0.0,SERVO,1,1,12378,0,0.0,ADD 1,0,1,0,0,0.0,ADD 2,0,1,0,0,0.0,ADD 3,0,1,0,0,0.0,ADD 4,0,1,0,0,0.0,ADD 5,0,0,0,0,0.0,ADD 6,0,1,0,0,0.0,ADD 7,0,0,0,0,0.0,EGT2CAN,0,1,0,0,0.0
1778953731.9039934,6788.3,12419,-49.0,1,-,0,0,0,0,0.0,-,0,0,0,0,0.0,ECU,1,1,12410,0,0.0,FAN1,0,1,12392,6780,6788.3,COILS,1,1,12413,0,0.0,PUMP,0,0,0,0,0.0,INJECTOR,1,1,12417,0,0.0,SERVO,1,1,12391,0,0.0,ADD 1,0,1,0,0,0.0,ADD 2,0,1,0,0,0.0,ADD 3,0,1,0,0,0.0,ADD 4,0,1,0,0,0.0,ADD 5,0,0,0,0,0.0,ADD 6,0,1,0,0,0.0,ADD 7,0,0,0,0,0.0,EGT2CAN,0,1,0,0,0.0
1778953731.9550014,6793.3,12416,-50.0,1,-,0,0,0,0,0.0,-,0,0,0,0,0.0,ECU,1,1,12420,0,0.0,FAN1,0,1,12383,6800,6793.3,COILS,1,1,12411,0,0.0,PUMP,0,0,0,0,0.0,INJECTOR,1,1,12414,0,0.0,SERVO,1,1,12377,0,0.0,ADD 1,0,1,0,0,0.0,ADD 2,0,1,0,0,0.0,ADD 3,0,1,0,0,0.0,ADD 4,0,1,0,0,0.0,ADD 5,0,0,0,0,0.0,ADD 6,0,1,0,0,0.0,ADD 7,0,0,0,0,0.0,EGT2CAN,0,1,0,0,0.0
1778953732.0062625,6793.3,12416,-50.0,1,-,0,0,0,0,0.0,-,0,0,0,0,0.0,ECU,1,1,12420,0,0.0,FAN1,0,1,12383,6800,6793.3,COILS,1,1,12411,0,0.0,PUMP,0,0,0,0,0.0,INJECTOR,1,1,12414,0,0.0,SERVO,1,1,12377,0,0.0,ADD 1,0,1,0,0,0.0,ADD 2,0,1,0,0,0.0,ADD 3,0,1,0,0,0.0,ADD 4,0,1,0,0,0.0,ADD 5,0,0,0,0,0.0,ADD 6,0,1,0,0,0.0,ADD 7,0,0,0,0,0.0,EGT2CAN,0,1,0,0,0.0
1778953732.0572877,6793.3,12416,-50.0,1,-,0,0,0,0,0.0,-,0,0,0,0,0.0,ECU,1,1,12412,0,0.0,FAN1,0,1,12376,6800,6793.3,COILS,1,1,12411,0,0.0,PUMP,0,0,0,0,0.0,INJECTOR,1,1,12398,0,0.0,SERVO,1,1,12395,0,0.0,ADD 1,0,1,0,0,0.0,ADD 2,0,1,0,0,0.0,ADD 3,0,1,0,0,0.0,ADD 4,0,1,0,0,0.0,ADD 5,0,0,0,0,0.0,ADD 6,0,1,0,0,0.0,ADD 7,0,0,0,0,0.0,EGT2CAN,0,1,0,0,0.0
1778953732.1080046,6798.3,12416,-49.0,1,-,0,0,0,0,0.0,-,0,0,0,0,0.0,ECU,1,1,12411,0,0.0,FAN1,0,1,12394,6790,6798.3,COILS,1,1,12402,0,0.0,PUMP,0,0,0,0,0.0,INJECTOR,1,1,12410,0,0.0,SERVO,1,1,12383,0,0.0,ADD 1,0,1,0,0,0.0,ADD 2,0,1,0,0,0.0,ADD 3,0,1,0,0,0.0,ADD 4,0,1,0,0,0.0,ADD 5,0,0,0,0,0.0,ADD 6,0,1,0,0,0.0,ADD 7,0,0,0,0,0.0,EGT2CAN,0,1,0,0,0.0
1778953732.1665072,6798.3,12416,-49.0,1,-,0,0,0,0,0.0,-,0,0,0,0,0.0,ECU,1,1,12411,0,0.0,FAN1,0,1,12394,6790,6798.3,COILS,1,1,12402,0,0.0,PUMP,0,0,0,0,0.0,INJECTOR,1,1,12410,0,0.0,SERVO,1,1,12383,0,0.0,ADD 1,0,1,0,0,0.0,ADD 2,0,1,0,0,0.0,ADD 3,0,1,0,0,0.0,ADD 4,0,1,0,0,0.0,ADD 5,0,0,0,0,0.0,ADD 6,0,1,0,0,0.0,ADD 7,0,0,0,0,0.0,EGT2CAN,0,1,0,0,0.0
1778953732.2192445,6798.3,12416,-49.0,1,-,0,0,0,0,0.0,-,0,0,0,0,0.0,ECU,1,1,12391,0,0.0,FAN1,0,1,12391,6790,6798.3,COILS,1,1,12410,0,0.0,PUMP,0,0,0,0,0.0,INJECTOR,1,1,12412,0,0.0,SERVO,1,1,12366,0,0.0,ADD 1,0,1,0,0,0.0,ADD 2,0,1,0,0,0.0,ADD 3,0,1,0,0,0.0,ADD 4,0,1,0,0,0.0,ADD 5,0,0,0,0,0.0,ADD 6,0,1,0,0,0.0,ADD 7,0,0,0,0,0.0,EGT2CAN,0,1,0,0,0.0
1778953732.2695763,6788.3,12411,-50.0,1,-,0,0,0,0,0.0,-,0,0,0,0,0.0,ECU,1,1,12390,0,0.0,FAN1,0,1,12380,6780,6788.3,COILS,1,1,12400,0,0.0,PUMP,0,0,0,0,0.0,INJECTOR,1,1,12401,0,0.0,SERVO,1,1,12376,0,0.0,ADD 1,0,1,0,0,0.0,ADD 2,0,1,0,0,0.0,ADD 3,0,1,0,0,0.0,ADD 4,0,1,0,0,0.0,ADD 5,0,0,0,0,0.0,ADD 6,0,1,0,0,0.0,ADD 7,0,0,0,0,0.0,EGT2CAN,0,1,0,0,0.0
1778953732.3207686,6788.3,12411,-50.0,1,-,0,0,0,0,0.0,-,0,0,0,0,0.0,ECU,1,1,12390,0,0.0,FAN1,0,1,12380,6780,6788.3,COILS,1,1,12400,0,0.0,PUMP,0,0,0,0,0.0,INJECTOR,1,1,12401,0,0.0,SERVO,1,1,12376,0,0.0,ADD 1,0,1,0,0,0.0,ADD 2,0,1,0,0,0.0,ADD 3,0,1,0,0,0.0,ADD 4,0,1,0,0,0.0,ADD 5,0,0,0,0,0.0,ADD 6,0,1,0,0,0.0,ADD 7,0,0,0,0,0.0,EGT2CAN,0,1,0,0,0.0
1778953732.3756182,6788.3,12411,-50.0,1,-,0,0,0,0,0.0,-,0,0,0,0,0.0,ECU,1,1,12392,0,0.0,FAN1,0,1,12384,6780,6788.3,COILS,1,1,12392,0,0.0,PUMP,0,0,0,0,0.0,INJECTOR,1,1,12384,0,0.0,SERVO,1,1,12392,0,0.0,ADD 1,0,1,0,0,0.0,ADD 2,0,1,0,0,0.0,ADD 3,0,1,0,0,0.0,ADD 4,0,1,0,0,0.0,ADD 5,0,0,0,0,0.0,ADD 6,0,1,0,0,0.0,ADD 7,0,0,0,0,0.0,EGT2CAN,0,1,0,0,0.0
1778953732.4275565,6776.0,12410,-49.0,1,-,0,0,0,0,0.0,-,0,0,0,0,0.0,ECU,1,1,12410,0,0.0,FAN1,0,1,12413,6770,6776.0,COILS,1,1,12424,0,0.0,PUMP,0,0,0,0,0.0,INJECTOR,1,1,12407,0,0.0,SERVO,1,1,12356,0,0.0,ADD 1,0,1,0,0,0.0,ADD 2,0,1,0,0,0.0,ADD 3,0,1,0,0,0.0,ADD 4,0,1,0,0,0.0,ADD 5,0,0,0,0,0.0,ADD 6,0,1,0,0,0.0,ADD 7,0,0,0,0,0.0,EGT2CAN,0,1,0,0,0.0
1778953732.478838,6774.0,12409,-49.0,1,-,0,0,0,0,0.0,-,0,0,0,0,0.0,ECU,1,1,12428,0,0.0,FAN1,0,1,12414,6780,6774.0,COILS,1,1,12409,0,0.0,PUMP,0,0,0,0,0.0,INJECTOR,1,1,12415,0,0.0,SERVO,1,1,12346,0,0.0,ADD 1,0,1,0,0,0.0,ADD 2,0,1,0,0,0.0,ADD 3,0,1,0,0,0.0,ADD 4,0,1,0,0,0.0,ADD 5,0,0,0,0,0.0,ADD 6,0,1,0,0,0.0,ADD 7,0,0,0,0,0.0,EGT2CAN,0,1,0,0,0.0
1778953732.5299854,6774.0,12409,-49.0,1,-,0,0,0,0,0.0,-,0,0,0,0,0.0,ECU,1,1,12428,0,0.0,FAN1,0,1,12414,6780,6774.0,COILS,1,1,12409,0,0.0,PUMP,0,0,0,0,0.0,INJECTOR,1,1,12415,0,0.0,SERVO,1,1,12346,0,0.0,ADD 1,0,1,0,0,0.0,ADD 2,0,1,0,0,0.0,ADD 3,0,1,0,0,0.0,ADD 4,0,1,0,0,0.0,ADD 5,0,0,0,0,0.0,ADD 6,0,1,0,0,0.0,ADD 7,0,0,0,0,0.0,EGT2CAN,0,1,0,0,0.0
1778953732.581862,6774.0,12409,-49.0,1,-,0,0,0,0,0.0,-,0,0,0,0,0.0,ECU,1,1,12416,0,0.0,FAN1,0,1,12382,6780,6774.0,COILS,1,1,12412,0,0.0,PUMP,0,0,0,0,0.0,INJECTOR,1,1,12395,0,0.0,SERVO,1,1,12370,0,0.0,ADD 1,0,1,0,0,0.0,ADD 2,0,1,0,0,0.0,ADD 3,0,1,0,0,0.0,ADD 4,0,1,0,0,0.0,ADD 5,0,0,0,0,0.0,ADD 6,0,1,0,0,0.0,ADD 7,0,0,0,0,0.0,EGT2CAN,0,1,0,0,0.0
1778953732.6320827,6785.0,12411,-49.0,1,-,0,0,0,0,0.0,-,0,0,0,0,0.0,ECU,1,1,12395,0,0.0,FAN1,0,1,12372,6800,6785.0,COILS,1,1,12408,0,0.0,PUMP,0,0,0,0,0.0,INJECTOR,1,1,12402,0,0.0,SERVO,1,1,12374,0,0.0,ADD 1,0,1,0,0,0.0,ADD 2,0,1,0,0,0.0,ADD 3,0,1,0,0,0.0,ADD 4,0,1,0,0,0.0,ADD 5,0,0,0,0,0.0,ADD 6,0,1,0,0,0.0,ADD 7,0,0,0,0,0.0,EGT2CAN,0,1,0,0,0.0
1778953732.6845465,6795.0,12411,-49.0,1,-,0,0,0,0,0.0,-,0,0,0,0,0.0,ECU,1,1,12400,0,0.0,FAN1,0,1,12369,6790,6795.0,COILS,1,1,12417,0,0.0,PUMP,0,0,0,0,0.0,INJECTOR,1,1,12408,0,0.0,SERVO,1,1,12381,0,0.0,ADD 1,0,1,0,0,0.0,ADD 2,0,1,0,0,0.0,ADD 3,0,1,0,0,0.0,ADD 4,0,1,0,0,0.0,ADD 5,0,0,0,0,0.0,ADD 6,0,1,0,0,0.0,ADD 7,0,0,0,0,0.0,EGT2CAN,0,1,0,0,0.0
1778953732.7356873,6795.0,12412,-49.0,1,-,0,0,0,0,0.0,-,0,0,0,0,0.0,ECU,1,1,12400,0,0.0,FAN1,0,1,12369,6790,6795.0,COILS,1,1,12417,0,0.0,PUMP,0,0,0,0,0.0,INJECTOR,1,1,12408,0,0.0,SERVO,1,1,12381,0,0.0,ADD 1,0,1,0,0,0.0,ADD 2,0,1,0,0,0.0,ADD 3,0,1,0,0,0.0,ADD 4,0,1,0,0,0.0,ADD 5,0,0,0,0,0.0,ADD 6,0,1,0,0,0.0,ADD 7,0,0,0,0,0.0,EGT2CAN,0,1,0,0,0.0
1778953732.7861304,6793.3,12410,-50.0,1,-,0,0,0,0,0.0,-,0,0,0,0,0.0,ECU,1,1,12395,0,0.0,FAN1,0,1,12384,6790,6793.3,COILS,1,1,12404,0,0.0,PUMP,0,0,0,0,0.0,INJECTOR,1,1,12397,0,0.0,SERVO,1,1,12369,0,0.0,ADD 1,0,1,0,0,0.0,ADD 2,0,1,0,0,0.0,ADD 3,0,1,0,0,0.0,ADD 4,0,1,0,0,0.0,ADD 5,0,0,0,0,0.0,ADD 6,0,1,0,0,0.0,ADD 7,0,0,0,0,0.0,EGT2CAN,0,1,0,0,0.0
1778953732.8442798,6793.3,12409,-49.0,1,-,0,0,0,0,0.0,-,0,0,0,0,0.0,ECU,1,1,12400,0,0.0,FAN1,0,1,12391,6780,6793.3,COILS,1,1,12400,0,0.0,PUMP,0,0,0,0,0.0,INJECTOR,1,1,12402,0,0.0,SERVO,1,1,12381,0,0.0,ADD 1,0,1,0,0,0.0,ADD 2,0,1,0,0,0.0,ADD 3,0,1,0,0,0.0,ADD 4,0,1,0,0,0.0,ADD 5,0,0,0,0,0.0,ADD 6,0,1,0,0,0.0,ADD 7,0,0,0,0,0.0,EGT2CAN,0,1,0,0,0.0
1778953732.9092567,6793.3,12409,-49.0,1,-,0,0,0,0,0.0,-,0,0,0,0,0.0,ECU,1,1,12392,0,0.0,FAN1,0,1,12368,6780,6793.3,COILS,1,1,12400,0,0.0,PUMP,0,0,0,0,0.0,INJECTOR,1,1,12419,0,0.0,SERVO,1,1,12389,0,0.0,ADD 1,0,1,0,0,0.0,ADD 2,0,1,0,0,0.0,ADD 3,0,1,0,0,0.0,ADD 4,0,1,0,0,0.0,ADD 5,0,0,0,0,0.0,ADD 6,0,1,0,0,0.0,ADD 7,0,0,0,0,0.0,EGT2CAN,0,1,0,0,0.0
1778953732.9597685,6790.0,12412,-49.0,1,-,0,0,0,0,0.0,-,0,0,0,0,0.0,ECU,1,1,12389,0,0.0,FAN1,0,1,12393,6780,6790.0,COILS,1,1,12413,0,0.0,PUMP,0,0,0,0,0.0,INJECTOR,1,1,12416,0,0.0,SERVO,1,1,12378,0,0.0,ADD 1,0,1,0,0,0.0,ADD 2,0,1,0,0,0.0,ADD 3,0,1,0,0,0.0,ADD 4,0,1,0,0,0.0,ADD 5,0,0,0,0,0.0,ADD 6,0,1,0,0,0.0,ADD 7,0,0,0,0,0.0,EGT2CAN,0,1,0,0,0.0
1778953733.0112762,6790.0,12412,-49.0,1,-,0,0,0,0,0.0,-,0,0,0,0,0.0,ECU,1,1,12389,0,0.0,FAN1,0,1,12393,6780,6790.0,COILS,1,1,12413,0,0.0,PUMP,0,0,0,0,0.0,INJECTOR,1,1,12416,0,0.0,SERVO,1,1,12378,0,0.0,ADD 1,0,1,0,0,0.0,ADD 2,0,1,0,0,0.0,ADD 3,0,1,0,0,0.0,ADD 4,0,1,0,0,0.0,ADD 5,0,0,0,0,0.0,ADD 6,0,1,0,0,0.0,ADD 7,0,0,0,0,0.0,EGT2CAN,0,1,0,0,0.0
1778953733.061809,6790.0,12412,-49.0,1,-,0,0,0,0,0.0,-,0,0,0,0,0.0,ECU,1,1,12404,0,0.0,FAN1,0,1,12398,6780,6790.0,COILS,1,1,12401,0,0.0,PUMP,0,0,0,0,0.0,INJECTOR,1,1,12398,0,0.0,SERVO,1,1,12382,0,0.0,ADD 1,0,1,0,0,0.0,ADD 2,0,1,0,0,0.0,ADD 3,0,1,0,0,0.0,ADD 4,0,1,0,0,0.0,ADD 5,0,0,0,0,0.0,ADD 6,0,1,0,0,0.0,ADD 7,0,0,0,0,0.0,EGT2CAN,0,1,0,0,0.0
1778953733.1127603,6776.7,12408,-49.0,1,-,0,0,0,0,0.0,-,0,0,0,0,0.0,ECU,1,1,12408,0,0.0,FAN1,0,1,12400,6760,6776.7,COILS,1,1,12414,0,0.0,PUMP,0,0,0,0,0.0,INJECTOR,1,1,12387,0,0.0,SERVO,1,1,12373,0,0.0,ADD 1,0,1,0,0,0.0,ADD 2,0,1,0,0,0.0,ADD 3,0,1,0,0,0.0,ADD 4,0,1,0,0,0.0,ADD 5,0,0,0,0,0.0,ADD 6,0,1,0,0,0.0,ADD 7,0,0,0,0,0.0,EGT2CAN,0,1,0,0,0.0
1778953733.168354,6776.7,12408,-49.0,1,-,0,0,0,0,0.0,-,0,0,0,0,0.0,ECU,1,1,12408,0,0.0,FAN1,0,1,12400,6760,6776.7,COILS,1,1,12414,0,0.0,PUMP,0,0,0,0,0.0,INJECTOR,1,1,12387,0,0.0,SERVO,1,1,12373,0,0.0,ADD 1,0,1,0,0,0.0,ADD 2,0,1,0,0,0.0,ADD 3,0,1,0,0,0.0,ADD 4,0,1,0,0,0.0,ADD 5,0,0,0,0,0.0,ADD 6,0,1,0,0,0.0,ADD 7,0,0,0,0,0.0,EGT2CAN,0,1,0,0,0.0
1778953733.2187495,6776.7,12408,-49.0,1,-,0,0,0,0,0.0,-,0,0,0,0,0.0,ECU,1,1,12400,0,0.0,FAN1,0,1,12387,6760,6776.7,COILS,1,1,12406,0,0.0,PUMP,0,0,0,0,0.0,INJECTOR,1,1,12400,0,0.0,SERVO,1,1,12382,0,0.0,ADD 1,0,1,0,0,0.0,ADD 2,0,1,0,0,0.0,ADD 3,0,1,0,0,0.0,ADD 4,0,1,0,0,0.0,ADD 5,0,0,0,0,0.0,ADD 6,0,1,0,0,0.0,ADD 7,0,0,0,0,0.0,EGT2CAN,0,1,0,0,0.0
1778953733.2697356,6755.0,12408,-49.0,1,-,0,0,0,0,0.0,-,0,0,0,0,0.0,ECU,1,1,12430,0,0.0,FAN1,0,1,12389,6740,6755.0,COILS,1,1,12405,0,0.0,PUMP,0,0,0,0,0.0,INJECTOR,1,1,12407,0,0.0,SERVO,1,1,12365,0,0.0,ADD 1,0,1,0,0,0.0,ADD 2,0,1,0,0,0.0,ADD 3,0,1,0,0,0.0,ADD 4,0,1,0,0,0.0,ADD 5,0,0,0,0,0.0,ADD 6,0,1,0,0,0.0,ADD 7,0,0,0,0,0.0,EGT2CAN,0,1,0,0,0.0
1778953733.3286238,6750.0,12410,-49.0,1,-,0,0,0,0,0.0,-,0,0,0,0,0.0,ECU,1,1,12410,0,0.0,FAN1,0,1,12401,6750,6750.0,COILS,1,1,12411,0,0.0,PUMP,0,0,0,0,0.0,INJECTOR,1,1,12405,0,0.0,SERVO,1,1,12379,0,0.0,ADD 1,0,1,0,0,0.0,ADD 2,0,1,0,0,0.0,ADD 3,0,1,0,0,0.0,ADD 4,0,1,0,0,0.0,ADD 5,0,0,0,0,0.0,ADD 6,0,1,0,0,0.0,ADD 7,0,0,0,0,0.0,EGT2CAN,0,1,0,0,0.0
1778953733.379028,6750.0,12410,-49.0,1,-,0,0,0,0,0.0,-,0,0,0,0,0.0,ECU,1,1,12410,0,0.0,FAN1,0,1,12401,6750,6750.0,COILS,1,1,12411,0,0.0,PUMP,0,0,0,0,0.0,INJECTOR,1,1,12405,0,0.0,SERVO,1,1,12379,0,0.0,ADD 1,0,1,0,0,0.0,ADD 2,0,1,0,0,0.0,ADD 3,0,1,0,0,0.0,ADD 4,0,1,0,0,0.0,ADD 5,0,0,0,0,0.0,ADD 6,0,1,0,0,0.0,ADD 7,0,0,0,0,0.0,EGT2CAN,0,1,0,0,0.0
1778953733.4296498,6748.3,12412,-50.0,1,-,0,0,0,0,0.0,-,0,0,0,0,0.0,ECU,1,1,12395,0,0.0,FAN1,0,1,12389,6730,6748.3,COILS,1,1,12387,0,0.0,PUMP,0,0,0,0,0.0,INJECTOR,1,1,12400,0,0.0,SERVO,1,1,12358,0,0.0,ADD 1,0,1,0,0,0.0,ADD 2,0,1,0,0,0.0,ADD 3,0,1,0,0,0.0,ADD 4,0,1,0,0,0.0,ADD 5,0,0,0,0,0.0,ADD 6,0,1,0,0,0.0,ADD 7,0,0,0,0,0.0,EGT2CAN,0,1,0,0,0.0
1778953733.4882772,6740.0,12410,-49.0,1,-,0,0,0,0,0.0,-,0,0,0,0,0.0,ECU,1,1,12385,0,0.0,FAN1,0,1,12381,6720,6740.0,COILS,1,1,12387,0,0.0,PUMP,0,0,0,0,0.0,INJECTOR,1,1,12399,0,0.0,SERVO,1,1,12364,0,0.0,ADD 1,0,1,0,0,0.0,ADD 2,0,1,0,0,0.0,ADD 3,0,1,0,0,0.0,ADD 4,0,1,0,0,0.0,ADD 5,0,0,0,0,0.0,ADD 6,0,1,0,0,0.0,ADD 7,0,0,0,0,0.0,EGT2CAN,0,1,0,0,0.0
1778953733.5392914,6740.0,12410,-49.0,1,-,0,0,0,0,0.0,-,0,0,0,0,0.0,ECU,1,1,12378,0,0.0,FAN1,0,1,12381,6720,6740.0,COILS,1,1,12387,0,0.0,PUMP,0,0,0,0,0.0,INJECTOR,1,1,12399,0,0.0,SERVO,1,1,12364,0,0.0,ADD 1,0,1,0,0,0.0,ADD 2,0,1,0,0,0.0,ADD 3,0,1,0,0,0.0,ADD 4,0,1,0,0,0.0,ADD 5,0,0,0,0,0.0,ADD 6,0,1,0,0,0.0,ADD 7,0,0,0,0,0.0,EGT2CAN,0,1,0,0,0.0
1778953733.5902581,6734.0,12407,-50.0,1,-,0,0,0,0,0.0,-,0,0,0,0,0.0,ECU,1,1,12375,0,0.0,FAN1,0,1,12369,6730,6734.0,COILS,1,1,12387,0,0.0,PUMP,0,0,0,0,0.0,INJECTOR,1,1,12400,0,0.0,SERVO,1,1,12328,0,0.0,ADD 1,0,1,0,0,0.0,ADD 2,0,1,0,0,0.0,ADD 3,0,1,0,0,0.0,ADD 4,0,1,0,0,0.0,ADD 5,0,0,0,0,0.0,ADD 6,0,1,0,0,0.0,ADD 7,0,0,0,0,0.0,EGT2CAN,0,1,0,0,0.0
1778953733.6435976,6733.3,12407,-49.0,1,-,0,0,0,0,0.0,-,0,0,0,0,0.0,ECU,1,1,12374,0,0.0,FAN1,0,1,12367,6730,6733.3,COILS,1,1,12385,0,0.0,PUMP,0,0,0,0,0.0,INJECTOR,1,1,12399,0,0.0,SERVO,1,1,12361,0,0.0,ADD 1,0,1,0,0,0.0,ADD 2,0,1,0,0,0.0,ADD 3,0,1,0,0,0.0,ADD 4,0,1,0,0,0.0,ADD 5,0,0,0,0,0.0,ADD 6,0,1,0,0,0.0,ADD 7,0,0,0,0,0.0,EGT2CAN,0,1,0,0,0.0
1778953733.6947067,6733.3,12407,-49.0,1,-,0,0,0,0,0.0,-,0,0,0,0,0.0,ECU,1,1,12359,0,0.0,FAN1,0,1,12373,6730,6733.3,COILS,1,1,12404,0,0.0,PUMP,0,0,0,0,0.0,INJECTOR,1,1,12371,0,0.0,SERVO,1,1,12347,0,0.0,ADD 1,0,1,0,0,0.0,ADD 2,0,1,0,0,0.0,ADD 3,0,1,0,0,0.0,ADD 4,0,1,0,0,0.0,ADD 5,0,0,0,0,0.0,ADD 6,0,1,0,0,0.0,ADD 7,0,0,0,0,0.0,EGT2CAN,0,1,0,0,0.0
1778953733.745252,6732.0,12404,-50.0,1,-,0,0,0,0,0.0,-,0,0,0,0,0.0,ECU,1,1,12386,0,0.0,FAN1,0,1,12377,6740,6732.0,COILS,1,1,12407,0,0.0,PUMP,0,0,0,0,0.0,INJECTOR,1,1,12376,0,0.0,SERVO,1,1,12321,0,0.0,ADD 1,0,1,0,0,0.0,ADD 2,0,1,0,0,0.0,ADD 3,0,1,0,0,0.0,ADD 4,0,1,0,0,0.0,ADD 5,0,0,0,0,0.0,ADD 6,0,1,0,0,0.0,ADD 7,0,0,0,0,0.0,EGT2CAN,0,1,0,0,0.0
1778953733.8014574,6733.3,12403,-49.0,1,-,0,0,0,0,0.0,-,0,0,0,0,0.0,ECU,1,1,12400,0,0.0,FAN1,0,1,12381,6740,6733.3,COILS,1,1,12402,0,0.0,PUMP,0,0,0,0,0.0,INJECTOR,1,1,12386,0,0.0,SERVO,1,1,12339,0,0.0,ADD 1,0,1,0,0,0.0,ADD 2,0,1,0,0,0.0,ADD 3,0,1,0,0,0.0,ADD 4,0,1,0,0,0.0,ADD 5,0,0,0,0,0.0,ADD 6,0,1,0,0,0.0,ADD 7,0,0,0,0,0.0,EGT2CAN,0,1,0,0,0.0
1778953733.8648357,6733.3,12403,-49.0,1,-,0,0,0,0,0.0,-,0,0,0,0,0.0,ECU,1,1,12400,0,0.0,FAN1,0,1,12378,6740,6733.3,COILS,1,1,12407,0,0.0,PUMP,0,0,0,0,0.0,INJECTOR,1,1,12379,0,0.0,SERVO,1,1,12339,0,0.0,ADD 1,0,1,0,0,0.0,ADD 2,0,1,0,0,0.0,ADD 3,0,1,0,0,0.0,ADD 4,0,1,0,0,0.0,ADD 5,0,0,0,0,0.0,ADD 6,0,1,0,0,0.0,ADD 7,0,0,0,0,0.0,EGT2CAN,0,1,0,0,0.0
1778953733.916911,6748.3,12399,-50.0,1,-,0,0,0,0,0.0,-,0,0,0,0,0.0,ECU,1,1,12378,0,0.0,FAN1,0,1,12348,6760,6748.3,COILS,1,1,12371,0,0.0,PUMP,0,0,0,0,0.0,INJECTOR,1,1,12383,0,0.0,SERVO,1,1,12342,0,0.0,ADD 1,0,1,0,0,0.0,ADD 2,0,1,0,0,0.0,ADD 3,0,1,0,0,0.0,ADD 4,0,1,0,0,0.0,ADD 5,0,0,0,0,0.0,ADD 6,0,1,0,0,0.0,ADD 7,0,0,0,0,0.0,EGT2CAN,0,1,0,0,0.0
1778953733.9735754,6748.3,12399,-50.0,1,-,0,0,0,0,0.0,-,0,0,0,0,0.0,ECU,1,1,12406,0,0.0,FAN1,0,1,12354,6760,6748.3,COILS,1,1,12382,0,0.0,PUMP,0,0,0,0,0.0,INJECTOR,1,1,12382,0,0.0,SERVO,1,1,12317,0,0.0,ADD 1,0,1,0,0,0.0,ADD 2,0,1,0,0,0.0,ADD 3,0,1,0,0,0.0,ADD 4,0,1,0,0,0.0,ADD 5,0,0,0,0,0.0,ADD 6,0,1,0,0,0.0,ADD 7,0,0,0,0,0.0,EGT2CAN,0,1,0,0,0.0
1778953734.0276055,6760.0,12399,-50.0,1,-,0,0,0,0,0.0,-,0,0,0,0,0.0,ECU,1,1,12406,0,0.0,FAN1,0,1,12354,6760,6760.0,COILS,1,1,12382,0,0.0,PUMP,0,0,0,0,0.0,INJECTOR,1,1,12382,0,0.0,SERVO,1,1,12317,0,0.0,ADD 1,0,1,0,0,0.0,ADD 2,0,1,0,0,0.0,ADD 3,0,1,0,0,0.0,ADD 4,0,1,0,0,0.0,ADD 5,0,0,0,0,0.0,ADD 6,0,1,0,0,0.0,ADD 7,0,0,0,0,0.0,EGT2CAN,0,1,0,0,0.0
1778953734.0785336,6761.7,12399,-49.0,1,-,0,0,0,0,0.0,-,0,0,0,0,0.0,ECU,1,1,12367,0,0.0,FAN1,0,1,12339,6760,6761.7,COILS,1,1,12356,0,0.0,PUMP,0,0,0,0,0.0,INJECTOR,1,1,12370,0,0.0,SERVO,1,1,12359,0,0.0,ADD 1,0,1,0,0,0.0,ADD 2,0,1,0,0,0.0,ADD 3,0,1,0,0,0.0,ADD 4,0,1,0,0,0.0,ADD 5,0,0,0,0,0.0,ADD 6,0,1,0,0,0.0,ADD 7,0,0,0,0,0.0,EGT2CAN,0,1,0,0,0.0
1778953734.1293488,6761.7,12399,-49.0,1,-,0,0,0,0,0.0,-,0,0,0,0,0.0,ECU,1,1,12379,0,0.0,FAN1,0,1,12359,6760,6761.7,COILS,1,1,12384,0,0.0,PUMP,0,0,0,0,0.0,INJECTOR,1,1,12359,0,0.0,SERVO,1,1,12363,0,0.0,ADD 1,0,1,0,0,0.0,ADD 2,0,1,0,0,0.0,ADD 3,0,1,0,0,0.0,ADD 4,0,1,0,0,0.0,ADD 5,0,0,0,0,0.0,ADD 6,0,1,0,0,0.0,ADD 7,0,0,0,0,0.0,EGT2CAN,0,1,0,0,0.0
1778953734.1807356,6762.5,12400,-49.0,1,-,0,0,0,0,0.0,-,0,0,0,0,0.0,ECU,1,1,12379,0,0.0,FAN1,0,1,12359,6760,6762.5,COILS,1,1,12384,0,0.0,PUMP,0,0,0,0,0.0,INJECTOR,1,1,12359,0,0.0,SERVO,1,1,12363,0,0.0,ADD 1,0,1,0,0,0.0,ADD 2,0,1,0,0,0.0,ADD 3,0,1,0,0,0.0,ADD 4,0,1,0,0,0.0,ADD 5,0,0,0,0,0.0,ADD 6,0,1,0,0,0.0,ADD 7,0,0,0,0,0.0,EGT2CAN,0,1,0,0,0.0
1778953734.2311728,6768.0,12400,-49.0,1,-,0,0,0,0,0.0,-,0,0,0,0,0.0,ECU,1,1,12361,0,0.0,FAN1,0,1,12365,6780,6768.0,COILS,1,1,12378,0,0.0,PUMP,0,0,0,0,0.0,INJECTOR,1,1,12402,0,0.0,SERVO,1,1,12359,0,0.0,ADD 1,0,1,0,0,0.0,ADD 2,0,1,0,0,0.0,ADD 3,0,1,0,0,0.0,ADD 4,0,1,0,0,0.0,ADD 5,0,0,0,0,0.0,ADD 6,0,1,0,0,0.0,ADD 7,0,0,0,0,0.0,EGT2CAN,0,1,0,0,0.0
1778953734.2860584,6765.0,12401,-50.0,1,-,0,0,0,0,0.0,-,0,0,0,0,0.0,ECU,1,1,12378,0,0.0,FAN1,0,1,12385,6750,6765.0,COILS,1,1,12395,0,0.0,PUMP,0,0,0,0,0.0,INJECTOR,1,1,12402,0,0.0,SERVO,1,1,12371,0,0.0,ADD 1,0,1,0,0,0.0,ADD 2,0,1,0,0,0.0,ADD 3,0,1,0,0,0.0,ADD 4,0,1,0,0,0.0,ADD 5,0,0,0,0,0.0,ADD 6,0,1,0,0,0.0,ADD 7,0,0,0,0,0.0,EGT2CAN,0,1,0,0,0.0
1778953734.3370593,6765.0,12401,-50.0,1,-,0,0,0,0,0.0,-,0,0,0,0,0.0,ECU,1,1,12380,0,0.0,FAN1,0,1,12355,6750,6765.0,COILS,1,1,12395,0,0.0,PUMP,0,0,0,0,0.0,INJECTOR,1,1,12402,0,0.0,SERVO,1,1,12371,0,0.0,ADD 1,0,1,0,0,0.0,ADD 2,0,1,0,0,0.0,ADD 3,0,1,0,0,0.0,ADD 4,0,1,0,0,0.0,ADD 5,0,0,0,0,0.0,ADD 6,0,1,0,0,0.0,ADD 7,0,0,0,0,0.0,EGT2CAN,0,1,0,0,0.0
1778953734.387374,6774.0,12400,-50.0,1,-,0,0,0,0,0.0,-,0,0,0,0,0.0,ECU,1,1,12396,0,0.0,FAN1,0,1,12370,6780,6774.0,COILS,1,1,12412,0,0.0,PUMP,0,0,0,0,0.0,INJECTOR,1,1,12419,0,0.0,SERVO,1,1,12356,0,0.0,ADD 1,0,1,0,0,0.0,ADD 2,0,1,0,0,0.0,ADD 3,0,1,0,0,0.0,ADD 4,0,1,0,0,0.0,ADD 5,0,0,0,0,0.0,ADD 6,0,1,0,0,0.0,ADD 7,0,0,0,0,0.0,EGT2CAN,0,1,0,0,0.0
1778953734.4380853,6772.0,12399,-49.0,1,-,0,0,0,0,0.0,-,0,0,0,0,0.0,ECU,1,1,12398,0,0.0,FAN1,0,1,12381,6760,6772.0,COILS,1,1,12397,0,0.0,PUMP,0,0,0,0,0.0,INJECTOR,1,1,12387,0,0.0,SERVO,1,1,12347,0,0.0,ADD 1,0,1,0,0,0.0,ADD 2,0,1,0,0,0.0,ADD 3,0,1,0,0,0.0,ADD 4,0,1,0,0,0.0,ADD 5,0,0,0,0,0.0,ADD 6,0,1,0,0,0.0,ADD 7,0,0,0,0,0.0,EGT2CAN,0,1,0,0,0.0
1778953734.4896247,6772.0,12399,-49.0,1,-,0,0,0,0,0.0,-,0,0,0,0,0.0,ECU,1,1,12383,0,0.0,FAN1,0,1,12380,6760,6772.0,COILS,1,1,12377,0,0.0,PUMP,0,0,0,0,0.0,INJECTOR,1,1,12402,0,0.0,SERVO,1,1,12354,0,0.0,ADD 1,0,1,0,0,0.0,ADD 2,0,1,0,0,0.0,ADD 3,0,1,0,0,0.0,ADD 4,0,1,0,0,0.0,ADD 5,0,0,0,0,0.0,ADD 6,0,1,0,0,0.0,ADD 7,0,0,0,0,0.0,EGT2CAN,0,1,0,0,0.0
1778953734.5400913,6774.0,12399,-50.0,1,-,0,0,0,0,0.0,-,0,0,0,0,0.0,ECU,1,1,12404,0,0.0,FAN1,0,1,12392,6750,6774.0,COILS,1,1,12389,0,0.0,PUMP,0,0,0,0,0.0,INJECTOR,1,1,12400,0,0.0,SERVO,1,1,12358,0,0.0,ADD 1,0,1,0,0,0.0,ADD 2,0,1,0,0,0.0,ADD 3,0,1,0,0,0.0,ADD 4,0,1,0,0,0.0,ADD 5,0,0,0,0,0.0,ADD 6,0,1,0,0,0.0,ADD 7,0,0,0,0,0.0,EGT2CAN,0,1,0,0,0.0
1778953734.593323,6764.0,12400,-49.0,1,-,0,0,0,0,0.0,-,0,0,0,0,0.0,ECU,1,1,12393,0,0.0,FAN1,0,1,12389,6740,6764.0,COILS,1,1,12375,0,0.0,PUMP,0,0,0,0,0.0,INJECTOR,1,1,12398,0,0.0,SERVO,1,1,12376,0,0.0,ADD 1,0,1,0,0,0.0,ADD 2,0,1,0,0,0.0,ADD 3,0,1,0,0,0.0,ADD 4,0,1,0,0,0.0,ADD 5,0,0,0,0,0.0,ADD 6,0,1,0,0,0.0,ADD 7,0,0,0,0,0.0,EGT2CAN,0,1,0,0,0.0
1778953734.6443887,6764.0,12400,-49.0,1,-,0,0,0,0,0.0,-,0,0,0,0,0.0,ECU,1,1,12390,0,0.0,FAN1,0,1,12380,6740,6764.0,COILS,1,1,12396,0,0.0,PUMP,0,0,0,0,0.0,INJECTOR,1,1,12399,0,0.0,SERVO,1,1,12373,0,0.0,ADD 1,0,1,0,0,0.0,ADD 2,0,1,0,0,0.0,ADD 3,0,1,0,0,0.0,ADD 4,0,1,0,0,0.0,ADD 5,0,0,0,0,0.0,ADD 6,0,1,0,0,0.0,ADD 7,0,0,0,0,0.0,EGT2CAN,0,1,0,0,0.0
1778953734.6968157,6746.0,12401,-49.0,1,-,0,0,0,0,0.0,-,0,0,0,0,0.0,ECU,1,1,12400,0,0.0,FAN1,0,1,12389,6720,6746.0,COILS,1,1,12414,0,0.0,PUMP,0,0,0,0,0.0,INJECTOR,1,1,12397,0,0.0,SERVO,1,1,12357,0,0.0,ADD 1,0,1,0,0,0.0,ADD 2,0,1,0,0,0.0,ADD 3,0,1,0,0,0.0,ADD 4,0,1,0,0,0.0,ADD 5,0,0,0,0,0.0,ADD 6,0,1,0,0,0.0,ADD 7,0,0,0,0,0.0,EGT2CAN,0,1,0,0,0.0
1778953734.748644,6725.0,12401,-49.0,1,-,0,0,0,0,0.0,-,0,0,0,0,0.0,ECU,1,1,12396,0,0.0,FAN1,0,1,12384,6710,6725.0,COILS,1,1,12403,0,0.0,PUMP,0,0,0,0,0.0,INJECTOR,1,1,12382,0,0.0,SERVO,1,1,12374,0,0.0,ADD 1,0,1,0,0,0.0,ADD 2,0,1,0,0,0.0,ADD 3,0,1,0,0,0.0,ADD 4,0,1,0,0,0.0,ADD 5,0,0,0,0,0.0,ADD 6,0,1,0,0,0.0,ADD 7,0,0,0,0,0.0,EGT2CAN,0,1,0,0,0.0
1778953734.7995584,6725.0,12400,-49.0,1,-,0,0,0,0,0.0,-,0,0,0,0,0.0,ECU,1,1,12402,0,0.0,FAN1,0,1,12366,6710,6725.0,COILS,1,1,12403,0,0.0,PUMP,0,0,0,0,0.0,INJECTOR,1,1,12382,0,0.0,SERVO,1,1,12374,0,0.0,ADD 1,0,1,0,0,0.0,ADD 2,0,1,0,0,0.0,ADD 3,0,1,0,0,0.0,ADD 4,0,1,0,0,0.0,ADD 5,0,0,0,0,0.0,ADD 6,0,1,0,0,0.0,ADD 7,0,0,0,0,0.0,EGT2CAN,0,1,0,0,0.0
1778953734.8544085,6722.0,12400,-50.0,1,-,0,0,0,0,0.0,-,0,0,0,0,0.0,ECU,1,1,12392,0,0.0,FAN1,0,1,12373,6730,6722.0,COILS,1,1,12372,0,0.0,PUMP,0,0,0,0,0.0,INJECTOR,1,1,12389,0,0.0,SERVO,1,1,12338,0,0.0,ADD 1,0,1,0,0,0.0,ADD 2,0,1,0,0,0.0,ADD 3,0,1,0,0,0.0,ADD 4,0,1,0,0,0.0,ADD 5,0,0,0,0,0.0,ADD 6,0,1,0,0,0.0,ADD 7,0,0,0,0,0.0,EGT2CAN,0,1,0,0,0.0
1778953734.905505,6730.0,12398,-50.0,1,-,0,0,0,0,0.0,-,0,0,0,0,0.0,ECU,1,1,12381,0,0.0,FAN1,0,1,12363,6760,6730.0,COILS,1,1,12374,0,0.0,PUMP,0,0,0,0,0.0,INJECTOR,1,1,12381,0,0.0,SERVO,1,1,12352,0,0.0,ADD 1,0,1,0,0,0.0,ADD 2,0,1,0,0,0.0,ADD 3,0,1,0,0,0.0,ADD 4,0,1,0,0,0.0,ADD 5,0,0,0,0,0.0,ADD 6,0,1,0,0,0.0,ADD 7,0,0,0,0,0.0,EGT2CAN,0,1,0,0,0.0
1778953734.9565973,6740.0,12398,-50.0,1,-,0,0,0,0,0.0,-,0,0,0,0,0.0,ECU,1,1,12379,0,0.0,FAN1,0,1,12349,6750,6740.0,COILS,1,1,12381,0,0.0,PUMP,0,0,0,0,0.0,INJECTOR,1,1,12366,0,0.0,SERVO,1,1,12345,0,0.0,ADD 1,0,1,0,0,0.0,ADD 2,0,1,0,0,0.0,ADD 3,0,1,0,0,0.0,ADD 4,0,1,0,0,0.0,ADD 5,0,0,0,0,0.0,ADD 6,0,1,0,0,0.0,ADD 7,0,0,0,0,0.0,EGT2CAN,0,1,0,0,0.0
1778953735.0099142,6740.0,12398,-49.0,1,-,0,0,0,0,0.0,-,0,0,0,0,0.0,ECU,1,1,12397,0,0.0,FAN1,0,1,12363,6740,6740.0,COILS,1,1,12378,0,0.0,PUMP,0,0,0,0,0.0,INJECTOR,1,1,12372,0,0.0,SERVO,1,1,12375,0,0.0,ADD 1,0,1,0,0,0.0,ADD 2,0,1,0,0,0.0,ADD 3,0,1,0,0,0.0,ADD 4,0,1,0,0,0.0,ADD 5,0,0,0,0,0.0,ADD 6,0,1,0,0,0.0,ADD 7,0,0,0,0,0.0,EGT2CAN,0,1,0,0,0.0
1778953735.0604422,6742.5,12397,-49.0,1,-,0,0,0,0,0.0,-,0,0,0,0,0.0,ECU,1,1,12397,0,0.0,FAN1,0,1,12363,6720,6742.5,COILS,1,1,12378,0,0.0,PUMP,0,0,0,0,0.0,INJECTOR,1,1,12372,0,0.0,SERVO,1,1,12375,0,0.0,ADD 1,0,1,0,0,0.0,ADD 2,0,1,0,0,0.0,ADD 3,0,1,0,0,0.0,ADD 4,0,1,0,0,0.0,ADD 5,0,0,0,0,0.0,ADD 6,0,1,0,0,0.0,ADD 7,0,0,0,0,0.0,EGT2CAN,0,1,0,0,0.0
1778953735.1114688,6737.5,12396,-49.0,1,-,0,0,0,0,0.0,-,0,0,0,0,0.0,ECU,1,1,12385,0,0.0,FAN1,0,1,12360,6740,6737.5,COILS,1,1,12389,0,0.0,PUMP,0,0,0,0,0.0,INJECTOR,1,1,12395,0,0.0,SERVO,1,1,12353,0,0.0,ADD 1,0,1,0,0,0.0,ADD 2,0,1,0,0,0.0,ADD 3,0,1,0,0,0.0,ADD 4,0,1,0,0,0.0,ADD 5,0,0,0,0,0.0,ADD 6,0,1,0,0,0.0,ADD 7,0,0,0,0,0.0,EGT2CAN,0,1,0,0,0.0
1778953735.1627126,6742.0,12395,-50.0,1,-,0,0,0,0,0.0,-,0,0,0,0,0.0,ECU,1,1,12377,0,0.0,FAN1,0,1,12365,6770,6742.0,COILS,1,1,12361,0,0.0,PUMP,0,0,0,0,0.0,INJECTOR,1,1,12388,0,0.0,SERVO,1,1,12384,0,0.0,ADD 1,0,1,0,0,0.0,ADD 2,0,1,0,0,0.0,ADD 3,0,1,0,0,0.0,ADD 4,0,1,0,0,0.0,ADD 5,0,0,0,0,0.0,ADD 6,0,1,0,0,0.0,ADD 7,0,0,0,0,0.0,EGT2CAN,0,1,0,0,0.0
1778953735.2260554,6742.0,12395,-50.0,1,-,0,0,0,0,0.0,-,0,0,0,0,0.0,ECU,1,1,12373,0,0.0,FAN1,0,1,12360,6770,6742.0,COILS,1,1,12361,0,0.0,PUMP,0,0,0,0,0.0,INJECTOR,1,1,12388,0,0.0,SERVO,1,1,12384,0,0.0,ADD 1,0,1,0,0,0.0,ADD 2,0,1,0,0,0.0,ADD 3,0,1,0,0,0.0,ADD 4,0,1,0,0,0.0,ADD 5,0,0,0,0,0.0,ADD 6,0,1,0,0,0.0,ADD 7,0,0,0,0,0.0,EGT2CAN,0,1,0,0,0.0
1778953735.2775002,6742.0,12395,-50.0,1,-,0,0,0,0,0.0,-,0,0,0,0,0.0,ECU,1,1,12373,0,0.0,FAN1,0,1,12360,6770,6742.0,COILS,1,1,12382,0,0.0,PUMP,0,0,0,0,0.0,INJECTOR,1,1,12407,0,0.0,SERVO,1,1,12367,0,0.0,ADD 1,0,1,0,0,0.0,ADD 2,0,1,0,0,0.0,ADD 3,0,1,0,0,0.0,ADD 4,0,1,0,0,0.0,ADD 5,0,0,0,0,0.0,ADD 6,0,1,0,0,0.0,ADD 7,0,0,0,0,0.0,EGT2CAN,0,1,0,0,0.0
1778953735.3278532,6746.0,12397,-50.0,1,-,0,0,0,0,0.0,-,0,0,0,0,0.0,ECU,1,1,12384,0,0.0,FAN1,0,1,12358,6730,6746.0,COILS,1,1,12389,0,0.0,PUMP,0,0,0,0,0.0,INJECTOR,1,1,12407,0,0.0,SERVO,1,1,12359,0,0.0,ADD 1,0,1,0,0,0.0,ADD 2,0,1,0,0,0.0,ADD 3,0,1,0,0,0.0,ADD 4,0,1,0,0,0.0,ADD 5,0,0,0,0,0.0,ADD 6,0,1,0,0,0.0,ADD 7,0,0,0,0,0.0,EGT2CAN,0,1,0,0,0.0
1778953735.381852,6740.0,12396,-54.0,1,-,0,0,0,0,0.0,-,0,0,0,0,0.0,ECU,1,1,12402,0,0.0,FAN1,0,1,12366,6710,6740.0,COILS,1,1,12411,0,0.0,PUMP,0,0,0,0,0.0,INJECTOR,1,1,12391,0,0.0,SERVO,1,1,12342,0,0.0,ADD 1,0,1,0,0,0.0,ADD 2,0,1,0,0,0.0,ADD 3,0,1,0,0,0.0,ADD 4,0,1,0,0,0.0,ADD 5,0,0,0,0,0.0,ADD 6,0,1,0,0,0.0,ADD 7,0,0,0,0,0.0,EGT2CAN,0,1,0,0,0.0
1778953735.433418,6740.0,12396,-54.0,1,-,0,0,0,0,0.0,-,0,0,0,0,0.0,ECU,1,1,12402,0,0.0,FAN1,0,1,12366,6710,6740.0,COILS,1,1,12411,0,0.0,PUMP,0,0,0,0,0.0,INJECTOR,1,1,12391,0,0.0,SERVO,1,1,12342,0,0.0,ADD 1,0,1,0,0,0.0,ADD 2,0,1,0,0,0.0,ADD 3,0,1,0,0,0.0,ADD 4,0,1,0,0,0.0,ADD 5,0,0,0,0,0.0,ADD 6,0,1,0,0,0.0,ADD 7,0,0,0,0,0.0,EGT2CAN,0,1,0,0,0.0
1778953735.4843597,6725.0,12397,-49.0,1,-,0,0,0,0,0.0,-,0,0,0,0,0.0,ECU,1,1,12398,0,0.0,FAN1,0,1,12376,6710,6725.0,COILS,1,1,12392,0,0.0,PUMP,0,0,0,0,0.0,INJECTOR,1,1,12392,0,0.0,SERVO,1,1,12361,0,0.0,ADD 1,0,1,0,0,0.0,ADD 2,0,1,0,0,0.0,ADD 3,0,1,0,0,0.0,ADD 4,0,1,0,0,0.0,ADD 5,0,0,0,0,0.0,ADD 6,0,1,0,0,0.0,ADD 7,0,0,0,0,0.0,EGT2CAN,0,1,0,0,0.0
1778953735.535746,6716.0,12396,-50.0,1,-,0,0,0,0,0.0,-,0,0,0,0,0.0,ECU,1,1,12393,0,0.0,FAN1,0,1,12392,6720,6716.0,COILS,1,1,12408,0,0.0,PUMP,0,0,0,0,0.0,INJECTOR,1,1,12379,0,0.0,SERVO,1,1,12347,0,0.0,ADD 1,0,1,0,0,0.0,ADD 2,0,1,0,0,0.0,ADD 3,0,1,0,0,0.0,ADD 4,0,1,0,0,0.0,ADD 5,0,0,0,0,0.0,ADD 6,0,1,0,0,0.0,ADD 7,0,0,0,0,0.0,EGT2CAN,0,1,0,0,0.0
1778953735.5865839,6716.0,12396,-50.0,1,-,0,0,0,0,0.0,-,0,0,0,0,0.0,ECU,1,1,12393,0,0.0,FAN1,0,1,12392,6720,6716.0,COILS,1,1,12408,0,0.0,PUMP,0,0,0,0,0.0,INJECTOR,1,1,12379,0,0.0,SERVO,1,1,12347,0,0.0,ADD 1,0,1,0,0,0.0,ADD 2,0,1,0,0,0.0,ADD 3,0,1,0,0,0.0,ADD 4,0,1,0,0,0.0,ADD 5,0,0,0,0,0.0,ADD 6,0,1,0,0,0.0,ADD 7,0,0,0,0,0.0,EGT2CAN,0,1,0,0,0.0
1778953735.63739,6738.0,12395,-49.0,1,-,0,0,0,0,0.0,-,0,0,0,0,0.0,ECU,1,1,12355,0,0.0,FAN1,0,1,12362,6790,6738.0,COILS,1,1,12388,0,0.0,PUMP,0,0,0,0,0.0,INJECTOR,1,1,12390,0,0.0,SERVO,1,1,12352,0,0.0,ADD 1,0,1,0,0,0.0,ADD 2,0,1,0,0,0.0,ADD 3,0,1,0,0,0.0,ADD 4,0,1,0,0,0.0,ADD 5,0,0,0,0,0.0,ADD 6,0,1,0,0,0.0,ADD 7,0,0,0,0,0.0,EGT2CAN,0,1,0,0,0.0
1778953735.6891706,6748.0,12397,-49.0,1,-,0,0,0,0,0.0,-,0,0,0,0,0.0,ECU,1,1,12380,0,0.0,FAN1,0,1,12376,6760,6748.0,COILS,1,1,12399,0,0.0,PUMP,0,0,0,0,0.0,INJECTOR,1,1,12396,0,0.0,SERVO,1,1,12353,0,0.0,ADD 1,0,1,0,0,0.0,ADD 2,0,1,0,0,0.0,ADD 3,0,1,0,0,0.0,ADD 4,0,1,0,0,0.0,ADD 5,0,0,0,0,0.0,ADD 6,0,1,0,0,0.0,ADD 7,0,0,0,0,0.0,EGT2CAN,0,1,0,0,0.0
1778953735.7437258,6748.0,12397,-49.0,1,-,0,0,0,0,0.0,-,0,0,0,0,0.0,ECU,1,1,12400,0,0.0,FAN1,0,1,12377,6760,6748.0,COILS,1,1,12383,0,0.0,PUMP,0,0,0,0,0.0,INJECTOR,1,1,12378,0,0.0,SERVO,1,1,12363,0,0.0,ADD 1,0,1,0,0,0.0,ADD 2,0,1,0,0,0.0,ADD 3,0,1,0,0,0.0,ADD 4,0,1,0,0,0.0,ADD 5,0,0,0,0,0.0,ADD 6,0,1,0,0,0.0,ADD 7,0,0,0,0,0.0,EGT2CAN,0,1,0,0,0.0
1778953735.7973907,6760.0,12395,-49.0,1,-,0,0,0,0,0.0,-,0,0,0,0,0.0,ECU,1,1,12411,0,0.0,FAN1,0,1,12369,6740,6760.0,COILS,1,1,12381,0,0.0,PUMP,0,0,0,0,0.0,INJECTOR,1,1,12381,0,0.0,SERVO,1,1,12367,0,0.0,ADD 1,0,1,0,0,0.0,ADD 2,0,1,0,0,0.0,ADD 3,0,1,0,0,0.0,ADD 4,0,1,0,0,0.0,ADD 5,0,0,0,0,0.0,ADD 6,0,1,0,0,0.0,ADD 7,0,0,0,0,0.0,EGT2CAN,0,1,0,0,0.0
1778953735.8491304,6756.7,12394,-49.0,1,-,0,0,0,0,0.0,-,0,0,0,0,0.0,ECU,1,1,12405,0,0.0,FAN1,0,1,12356,6740,6756.7,COILS,1,1,12385,0,0.0,PUMP,0,0,0,0,0.0,INJECTOR,1,1,12390,0,0.0,SERVO,1,1,12377,0,0.0,ADD 1,0,1,0,0,0.0,ADD 2,0,1,0,0,0.0,ADD 3,0,1,0,0,0.0,ADD 4,0,1,0,0,0.0,ADD 5,0,0,0,0,0.0,ADD 6,0,1,0,0,0.0,ADD 7,0,0,0,0,0.0,EGT2CAN,0,1,0,0,0.0
1778953735.89942,6750.0,12394,-49.0,1,-,0,0,0,0,0.0,-,0,0,0,0,0.0,ECU,1,1,12380,0,0.0,FAN1,0,1,12365,6760,6750.0,COILS,1,1,12368,0,0.0,PUMP,0,0,0,0,0.0,INJECTOR,1,1,12372,0,0.0,SERVO,1,1,12372,0,0.0,ADD 1,0,1,0,0,0.0,ADD 2,0,1,0,0,0.0,ADD 3,0,1,0,0,0.0,ADD 4,0,1,0,0,0.0,ADD 5,0,0,0,0,0.0,ADD 6,0,1,0,0,0.0,ADD 7,0,0,0,0,0.0,EGT2CAN,0,1,0,0,0.0
1778953735.9509745,6750.0,12394,-49.0,1,-,0,0,0,0,0.0,-,0,0,0,0,0.0,ECU,1,1,12369,0,0.0,FAN1,0,1,12368,6760,6750.0,COILS,1,1,12376,0,0.0,PUMP,0,0,0,0,0.0,INJECTOR,1,1,12365,0,0.0,SERVO,1,1,12359,0,0.0,ADD 1,0,1,0,0,0.0,ADD 2,0,1,0,0,0.0,ADD 3,0,1,0,0,0.0,ADD 4,0,1,0,0,0.0,ADD 5,0,0,0,0,0.0,ADD 6,0,1,0,0,0.0,ADD 7,0,0,0,0,0.0,EGT2CAN,0,1,0,0,0.0
1778953736.001157,6742.0,12391,-49.0,1,-,0,0,0,0,0.0,-,0,0,0,0,0.0,ECU,1,1,12366,0,0.0,FAN1,0,1,12353,6730,6742.0,COILS,1,1,12390,0,0.0,PUMP,0,0,0,0,0.0,INJECTOR,1,1,12377,0,0.0,SERVO,1,1,12384,0,0.0,ADD 1,0,1,0,0,0.0,ADD 2,0,1,0,0,0.0,ADD 3,0,1,0,0,0.0,ADD 4,0,1,0,0,0.0,ADD 5,0,0,0,0,0.0,ADD 6,0,1,0,0,0.0,ADD 7,0,0,0,0,0.0,EGT2CAN,0,1,0,0,0.0
1778953736.0520759,6742.0,12391,-50.0,1,-,0,0,0,0,0.0,-,0,0,0,0,0.0,ECU,1,1,12366,0,0.0,FAN1,0,1,12353,6730,6742.0,COILS,1,1,12390,0,0.0,PUMP,0,0,0,0,0.0,INJECTOR,1,1,12377,0,0.0,SERVO,1,1,12384,0,0.0,ADD 1,0,1,0,0,0.0,ADD 2,0,1,0,0,0.0,ADD 3,0,1,0,0,0.0,ADD 4,0,1,0,0,0.0,ADD 5,0,0,0,0,0.0,ADD 6,0,1,0,0,0.0,ADD 7,0,0,0,0,0.0,EGT2CAN,0,1,0,0,0.0
1778953736.1049254,6742.0,12391,-50.0,1,-,0,0,0,0,0.0,-,0,0,0,0,0.0,ECU,1,1,12372,0,0.0,FAN1,0,1,12372,6730,6742.0,COILS,1,1,12405,0,0.0,PUMP,0,0,0,0,0.0,INJECTOR,1,1,12398,0,0.0,SERVO,1,1,12359,0,0.0,ADD 1,0,1,0,0,0.0,ADD 2,0,1,0,0,0.0,ADD 3,0,1,0,0,0.0,ADD 4,0,1,0,0,0.0,ADD 5,0,0,0,0,0.0,ADD 6,0,1,0,0,0.0,ADD 7,0,0,0,0,0.0,EGT2CAN,0,1,0,0,0.0
1778953736.1560576,6738.3,12392,-49.0,1,-,0,0,0,0,0.0,-,0,0,0,0,0.0,ECU,1,1,12351,0,0.0,FAN1,0,1,12350,6740,6738.3,COILS,1,1,12372,0,0.0,PUMP,0,0,0,0,0.0,INJECTOR,1,1,12375,0,0.0,SERVO,1,1,12365,0,0.0,ADD 1,0,1,0,0,0.0,ADD 2,0,1,0,0,0.0,ADD 3,0,1,0,0,0.0,ADD 4,0,1,0,0,0.0,ADD 5,0,0,0,0,0.0,ADD 6,0,1,0,0,0.0,ADD 7,0,0,0,0,0.0,EGT2CAN,0,1,0,0,0.0
1778953736.2532294,6738.3,12391,-49.0,1,-,0,0,0,0,0.0,-,0,0,0,0,0.0,ECU,1,1,12351,0,0.0,FAN1,0,1,12350,6740,6738.3,COILS,1,1,12372,0,0.0,PUMP,0,0,0,0,0.0,INJECTOR,1,1,12375,0,0.0,SERVO,1,1,12365,0,0.0,ADD 1,0,1,0,0,0.0,ADD 2,0,1,0,0,0.0,ADD 3,0,1,0,0,0.0,ADD 4,0,1,0,0,0.0,ADD 5,0,0,0,0,0.0,ADD 6,0,1,0,0,0.0,ADD 7,0,0,0,0,0.0,EGT2CAN,0,1,0,0,0.0
1778953736.3043215,6738.3,12391,-49.0,1,-,0,0,0,0,0.0,-,0,0,0,0,0.0,ECU,1,1,12365,0,0.0,FAN1,0,1,12352,6740,6738.3,COILS,1,1,12394,0,0.0,PUMP,0,0,0,0,0.0,INJECTOR,1,1,12400,0,0.0,SERVO,1,1,12365,0,0.0,ADD 1,0,1,0,0,0.0,ADD 2,0,1,0,0,0.0,ADD 3,0,1,0,0,0.0,ADD 4,0,1,0,0,0.0,ADD 5,0,0,0,0,0.0,ADD 6,0,1,0,0,0.0,ADD 7,0,0,0,0,0.0,EGT2CAN,0,1,0,0,0.0
1778953736.3632727,6738.3,12391,-49.0,1,-,0,0,0,0,0.0,-,0,0,0,0,0.0,ECU,1,1,12365,0,0.0,FAN1,0,1,12352,6740,6738.3,COILS,1,1,12394,0,0.0,PUMP,0,0,0,0,0.0,INJECTOR,1,1,12400,0,0.0,SERVO,1,1,12365,0,0.0,ADD 1,0,1,0,0,0.0,ADD 2,0,1,0,0,0.0,ADD 3,0,1,0,0,0.0,ADD 4,0,1,0,0,0.0,ADD 5,0,0,0,0,0.0,ADD 6,0,1,0,0,0.0,ADD 7,0,0,0,0,0.0,EGT2CAN,0,1,0,0,0.0
1778953736.4169672,6732.0,12393,-50.0,1,-,0,0,0,0,0.0,-,0,0,0,0,0.0,ECU,1,1,12406,0,0.0,FAN1,0,1,12389,6740,6732.0,COILS,1,1,12372,0,0.0,PUMP,0,0,0,0,0.0,INJECTOR,1,1,12378,0,0.0,SERVO,1,1,12351,0,0.0,ADD 1,0,1,0,0,0.0,ADD 2,0,1,0,0,0.0,ADD 3,0,1,0,0,0.0,ADD 4,0,1,0,0,0.0,ADD 5,0,0,0,0,0.0,ADD 6,0,1,0,0,0.0,ADD 7,0,0,0,0,0.0,EGT2CAN,0,1,0,0,0.0
1778953736.4762428,6731.7,12393,-50.0,1,-,0,0,0,0,0.0,-,0,0,0,0,0.0,ECU,1,1,12392,0,0.0,FAN1,0,1,12396,6730,6731.7,COILS,1,1,12378,0,0.0,PUMP,0,0,0,0,0.0,INJECTOR,1,1,12390,0,0.0,SERVO,1,1,12345,0,0.0,ADD 1,0,1,0,0,0.0,ADD 2,0,1,0,0,0.0,ADD 3,0,1,0,0,0.0,ADD 4,0,1,0,0,0.0,ADD 5,0,0,0,0,0.0,ADD 6,0,1,0,0,0.0,ADD 7,0,0,0,0,0.0,EGT2CAN,0,1,0,0,0.0
1778953736.5279794,6731.7,12395,-50.0,1,-,0,0,0,0,0.0,-,0,0,0,0,0.0,ECU,1,1,12392,0,0.0,FAN1,0,1,12396,6730,6731.7,COILS,1,1,12378,0,0.0,PUMP,0,0,0,0,0.0,INJECTOR,1,1,12390,0,0.0,SERVO,1,1,12345,0,0.0,ADD 1,0,1,0,0,0.0,ADD 2,0,1,0,0,0.0,ADD 3,0,1,0,0,0.0,ADD 4,0,1,0,0,0.0,ADD 5,0,0,0,0,0.0,ADD 6,0,1,0,0,0.0,ADD 7,0,0,0,0,0.0,EGT2CAN,0,1,0,0,0.0
1778953736.5789516,6728.8,12397,-49.0,1,-,0,0,0,0,0.0,-,0,0,0,0,0.0,ECU,1,1,12386,0,0.0,FAN1,0,1,12376,6720,6728.8,COILS,1,1,12392,0,0.0,PUMP,0,0,0,0,0.0,INJECTOR,1,1,12387,0,0.0,SERVO,1,1,12366,0,0.0,ADD 1,0,1,0,0,0.0,ADD 2,0,1,0,0,0.0,ADD 3,0,1,0,0,0.0,ADD 4,0,1,0,0,0.0,ADD 5,0,0,0,0,0.0,ADD 6,0,1,0,0,0.0,ADD 7,0,0,0,0,0.0,EGT2CAN,0,1,0,0,0.0
1778953736.6303172,6730.0,12397,-49.0,1,-,0,0,0,0,0.0,-,0,0,0,0,0.0,ECU,1,1,12377,0,0.0,FAN1,0,1,12362,6740,6730.0,COILS,1,1,12383,0,0.0,PUMP,0,0,0,0,0.0,INJECTOR,1,1,12379,0,0.0,SERVO,1,1,12363,0,0.0,ADD 1,0,1,0,0,0.0,ADD 2,0,1,0,0,0.0,ADD 3,0,1,0,0,0.0,ADD 4,0,1,0,0,0.0,ADD 5,0,0,0,0,0.0,ADD 6,0,1,0,0,0.0,ADD 7,0,0,0,0,0.0,EGT2CAN,0,1,0,0,0.0
1778953736.681024,6730.0,12395,-50.0,1,-,0,0,0,0,0.0,-,0,0,0,0,0.0,ECU,1,1,12377,0,0.0,FAN1,0,1,12362,6740,6730.0,COILS,1,1,12383,0,0.0,PUMP,0,0,0,0,0.0,INJECTOR,1,1,12379,0,0.0,SERVO,1,1,12363,0,0.0,ADD 1,0,1,0,0,0.0,ADD 2,0,1,0,0,0.0,ADD 3,0,1,0,0,0.0,ADD 4,0,1,0,0,0.0,ADD 5,0,0,0,0,0.0,ADD 6,0,1,0,0,0.0,ADD 7,0,0,0,0,0.0,EGT2CAN,0,1,0,0,0.0
1778953736.7405953,6728.0,12397,-49.0,1,-,0,0,0,0,0.0,-,0,0,0,0,0.0,ECU,1,1,12392,0,0.0,FAN1,0,1,12369,6720,6728.0,COILS,1,1,12400,0,0.0,PUMP,0,0,0,0,0.0,INJECTOR,1,1,12372,0,0.0,SERVO,1,1,12357,0,0.0,ADD 1,0,1,0,0,0.0,ADD 2,0,1,0,0,0.0,ADD 3,0,1,0,0,0.0,ADD 4,0,1,0,0,0.0,ADD 5,0,0,0,0,0.0,ADD 6,0,1,0,0,0.0,ADD 7,0,0,0,0,0.0,EGT2CAN,0,1,0,0,0.0
1778953736.7914321,6728.0,12397,-49.0,1,-,0,0,0,0,0.0,-,0,0,0,0,0.0,ECU,1,1,12381,0,0.0,FAN1,0,1,12373,6720,6728.0,COILS,1,1,12400,0,0.0,PUMP,0,0,0,0,0.0,INJECTOR,1,1,12372,0,0.0,SERVO,1,1,12357,0,0.0,ADD 1,0,1,0,0,0.0,ADD 2,0,1,0,0,0.0,ADD 3,0,1,0,0,0.0,ADD 4,0,1,0,0,0.0,ADD 5,0,0,0,0,0.0,ADD 6,0,1,0,0,0.0,ADD 7,0,0,0,0,0.0,EGT2CAN,0,1,0,0,0.0
1778953736.8425856,6726.7,12397,-49.0,1,-,0,0,0,0,0.0,-,0,0,0,0,0.0,ECU,1,1,12381,0,0.0,FAN1,0,1,12373,6720,6726.7,COILS,1,1,12392,0,0.0,PUMP,0,0,0,0,0.0,INJECTOR,1,1,12356,0,0.0,SERVO,1,1,12328,0,0.0,ADD 1,0,1,0,0,0.0,ADD 2,0,1,0,0,0.0,ADD 3,0,1,0,0,0.0,ADD 4,0,1,0,0,0.0,ADD 5,0,0,0,0,0.0,ADD 6,0,1,0,0,0.0,ADD 7,0,0,0,0,0.0,EGT2CAN,0,1,0,0,0.0
1778953736.8930206,6722.0,12395,-49.0,1,-,0,0,0,0,0.0,-,0,0,0,0,0.0,ECU,1,1,12393,0,0.0,FAN1,0,1,12373,6710,6722.0,COILS,1,1,12389,0,0.0,PUMP,0,0,0,0,0.0,INJECTOR,1,1,12369,0,0.0,SERVO,1,1,12369,0,0.0,ADD 1,0,1,0,0,0.0,ADD 2,0,1,0,0,0.0,ADD 3,0,1,0,0,0.0,ADD 4,0,1,0,0,0.0,ADD 5,0,0,0,0,0.0,ADD 6,0,1,0,0,0.0,ADD 7,0,0,0,0,0.0,EGT2CAN,0,1,0,0,0.0
1778953736.9445353,6722.0,12395,-49.0,1,-,0,0,0,0,0.0,-,0,0,0,0,0.0,ECU,1,1,12367,0,0.0,FAN1,0,1,12334,6710,6722.0,COILS,1,1,12362,0,0.0,PUMP,0,0,0,0,0.0,INJECTOR,1,1,12367,0,0.0,SERVO,1,1,12356,0,0.0,ADD 1,0,1,0,0,0.0,ADD 2,0,1,0,0,0.0,ADD 3,0,1,0,0,0.0,ADD 4,0,1,0,0,0.0,ADD 5,0,0,0,0,0.0,ADD 6,0,1,0,0,0.0,ADD 7,0,0,0,0,0.0,EGT2CAN,0,1,0,0,0.0
1778953736.9949734,6717.5,12395,-49.0,1,-,0,0,0,0,0.0,-,0,0,0,0,0.0,ECU,1,1,12367,0,0.0,FAN1,0,1,12334,6720,6717.5,COILS,1,1,12362,0,0.0,PUMP,0,0,0,0,0.0,INJECTOR,1,1,12367,0,0.0,SERVO,1,1,12356,0,0.0,ADD 1,0,1,0,0,0.0,ADD 2,0,1,0,0,0.0,ADD 3,0,1,0,0,0.0,ADD 4,0,1,0,0,0.0,ADD 5,0,0,0,0,0.0,ADD 6,0,1,0,0,0.0,ADD 7,0,0,0,0,0.0,EGT2CAN,0,1,0,0,0.0
1778953737.0462282,6728.3,12397,-49.0,1,-,0,0,0,0,0.0,-,0,0,0,0,0.0,ECU,1,1,12386,0,0.0,FAN1,0,1,12376,6750,6728.3,COILS,1,1,12391,0,0.0,PUMP,0,0,0,0,0.0,INJECTOR,1,1,12376,0,0.0,SERVO,1,1,12361,0,0.0,ADD 1,0,1,0,0,0.0,ADD 2,0,1,0,0,0.0,ADD 3,0,1,0,0,0.0,ADD 4,0,1,0,0,0.0,ADD 5,0,0,0,0,0.0,ADD 6,0,1,0,0,0.0,ADD 7,0,0,0,0,0.0,EGT2CAN,0,1,0,0,0.0
1778953737.0973184,6745.0,12397,-49.0,1,-,0,0,0,0,0.0,-,0,0,0,0,0.0,ECU,1,1,12364,0,0.0,FAN1,0,1,12361,6760,6745.0,COILS,1,1,12361,0,0.0,PUMP,0,0,0,0,0.0,INJECTOR,1,1,12352,0,0.0,SERVO,1,1,12367,0,0.0,ADD 1,0,1,0,0,0.0,ADD 2,0,1,0,0,0.0,ADD 3,0,1,0,0,0.0,ADD 4,0,1,0,0,0.0,ADD 5,0,0,0,0,0.0,ADD 6,0,1,0,0,0.0,ADD 7,0,0,0,0,0.0,EGT2CAN,0,1,0,0,0.0
1778953737.148596,6745.0,12395,-50.0,1,-,0,0,0,0,0.0,-,0,0,0,0,0.0,ECU,1,1,12350,0,0.0,FAN1,0,1,12347,6760,6745.0,COILS,1,1,12367,0,0.0,PUMP,0,0,0,0,0.0,INJECTOR,1,1,12374,0,0.0,SERVO,1,1,12353,0,0.0,ADD 1,0,1,0,0,0.0,ADD 2,0,1,0,0,0.0,ADD 3,0,1,0,0,0.0,ADD 4,0,1,0,0,0.0,ADD 5,0,0,0,0,0.0,ADD 6,0,1,0,0,0.0,ADD 7,0,0,0,0,0.0,EGT2CAN,0,1,0,0,0.0
1778953737.2005122,6753.3,12395,-50.0,1,-,0,0,0,0,0.0,-,0,0,0,0,0.0,ECU,1,1,12374,0,0.0,FAN1,0,1,12373,6770,6753.3,COILS,1,1,12402,0,0.0,PUMP,0,0,0,0,0.0,INJECTOR,1,1,12384,0,0.0,SERVO,1,1,12365,0,0.0,ADD 1,0,1,0,0,0.0,ADD 2,0,1,0,0,0.0,ADD 3,0,1,0,0,0.0,ADD 4,0,1,0,0,0.0,ADD 5,0,0,0,0,0.0,ADD 6,0,1,0,0,0.0,ADD 7,0,0,0,0,0.0,EGT2CAN,0,1,0,0,0.0
1778953737.2512524,6762.0,12395,-50.0,1,-,0,0,0,0,0.0,-,0,0,0,0,0.0,ECU,1,1,12385,0,0.0,FAN1,0,1,12378,6760,6762.0,COILS,1,1,12411,0,0.0,PUMP,0,0,0,0,0.0,INJECTOR,1,1,12378,0,0.0,SERVO,1,1,12371,0,0.0,ADD 1,0,1,0,0,0.0,ADD 2,0,1,0,0,0.0,ADD 3,0,1,0,0,0.0,ADD 4,0,1,0,0,0.0,ADD 5,0,0,0,0,0.0,ADD 6,0,1,0,0,0.0,ADD 7,0,0,0,0,0.0,EGT2CAN,0,1,0,0,0.0
1778953737.3025174,6762.0,12395,-50.0,1,-,0,0,0,0,0.0,-,0,0,0,0,0.0,ECU,1,1,12373,0,0.0,FAN1,0,1,12374,6760,6762.0,COILS,1,1,12392,0,0.0,PUMP,0,0,0,0,0.0,INJECTOR,1,1,12360,0,0.0,SERVO,1,1,12354,0,0.0,ADD 1,0,1,0,0,0.0,ADD 2,0,1,0,0,0.0,ADD 3,0,1,0,0,0.0,ADD 4,0,1,0,0,0.0,ADD 5,0,0,0,0,0.0,ADD 6,0,1,0,0,0.0,ADD 7,0,0,0,0,0.0,EGT2CAN,0,1,0,0,0.0
1778953737.3540719,6756.0,12396,-51.0,1,-,0,0,0,0,0.0,-,0,0,0,0,0.0,ECU,1,1,12390,0,0.0,FAN1,0,1,12374,6740,6756.0,COILS,1,1,12390,0,0.0,PUMP,0,0,0,0,0.0,INJECTOR,1,1,12328,0,0.0,SERVO,1,1,12345,0,0.0,ADD 1,0,1,0,0,0.0,ADD 2,0,1,0,0,0.0,ADD 3,0,1,0,0,0.0,ADD 4,0,1,0,0,0.0,ADD 5,0,0,0,0,0.0,ADD 6,0,1,0,0,0.0,ADD 7,0,0,0,0,0.0,EGT2CAN,0,1,0,0,0.0
1778953737.4086726,6750.0,12396,-49.0,1,-,0,0,0,0,0.0,-,0,0,0,0,0.0,ECU,1,1,12389,0,0.0,FAN1,0,1,12376,6760,6750.0,COILS,1,1,12371,0,0.0,PUMP,0,0,0,0,0.0,INJECTOR,1,1,12361,0,0.0,SERVO,1,1,12368,0,0.0,ADD 1,0,1,0,0,0.0,ADD 2,0,1,0,0,0.0,ADD 3,0,1,0,0,0.0,ADD 4,0,1,0,0,0.0,ADD 5,0,0,0,0,0.0,ADD 6,0,1,0,0,0.0,ADD 7,0,0,0,0,0.0,EGT2CAN,0,1,0,0,0.0
1778953737.4620917,6756.0,12397,-49.0,1,-,0,0,0,0,0.0,-,0,0,0,0,0.0,ECU,1,1,12379,0,0.0,FAN1,0,1,12349,6770,6756.0,COILS,1,1,12377,0,0.0,PUMP,0,0,0,0,0.0,INJECTOR,1,1,12379,0,0.0,SERVO,1,1,12354,0,0.0,ADD 1,0,1,0,0,0.0,ADD 2,0,1,0,0,0.0,ADD 3,0,1,0,0,0.0,ADD 4,0,1,0,0,0.0,ADD 5,0,0,0,0,0.0,ADD 6,0,1,0,0,0.0,ADD 7,0,0,0,0,0.0,EGT2CAN,0,1,0,0,0.0
1778953737.513265,6753.3,12397,-49.0,1,-,0,0,0,0,0.0,-,0,0,0,0,0.0,ECU,1,1,12374,0,0.0,FAN1,0,1,12360,6740,6753.3,COILS,1,1,12364,0,0.0,PUMP,0,0,0,0,0.0,INJECTOR,1,1,12372,0,0.0,SERVO,1,1,12373,0,0.0,ADD 1,0,1,0,0,0.0,ADD 2,0,1,0,0,0.0,ADD 3,0,1,0,0,0.0,ADD 4,0,1,0,0,0.0,ADD 5,0,0,0,0,0.0,ADD 6,0,1,0,0,0.0,ADD 7,0,0,0,0,0.0,EGT2CAN,0,1,0,0,0.0
1778953737.5773342,6753.3,12397,-49.0,1,-,0,0,0,0,0.0,-,0,0,0,0,0.0,ECU,1,1,12374,0,0.0,FAN1,0,1,12360,6740,6753.3,COILS,1,1,12364,0,0.0,PUMP,0,0,0,0,0.0,INJECTOR,1,1,12372,0,0.0,SERVO,1,1,12373,0,0.0,ADD 1,0,1,0,0,0.0,ADD 2,0,1,0,0,0.0,ADD 3,0,1,0,0,0.0,ADD 4,0,1,0,0,0.0,ADD 5,0,0,0,0,0.0,ADD 6,0,1,0,0,0.0,ADD 7,0,0,0,0,0.0,EGT2CAN,0,1,0,0,0.0
1778953737.628071,6750.0,12397,-50.0,1,-,0,0,0,0,0.0,-,0,0,0,0,0.0,ECU,1,1,12401,0,0.0,FAN1,0,1,12373,6730,6750.0,COILS,1,1,12381,0,0.0,PUMP,0,0,0,0,0.0,INJECTOR,1,1,12376,0,0.0,SERVO,1,1,12339,0,0.0,ADD 1,0,1,0,0,0.0,ADD 2,0,1,0,0,0.0,ADD 3,0,1,0,0,0.0,ADD 4,0,1,0,0,0.0,ADD 5,0,0,0,0,0.0,ADD 6,0,1,0,0,0.0,ADD 7,0,0,0,0,0.0,EGT2CAN,0,1,0,0,0.0
1778953737.6802807,6746.0,12397,-50.0,1,-,0,0,0,0,0.0,-,0,0,0,0,0.0,ECU,1,1,12388,0,0.0,FAN1,0,1,12378,6750,6746.0,COILS,1,1,12386,0,0.0,PUMP,0,0,0,0,0.0,INJECTOR,1,1,12374,0,0.0,SERVO,1,1,12364,0,0.0,ADD 1,0,1,0,0,0.0,ADD 2,0,1,0,0,0.0,ADD 3,0,1,0,0,0.0,ADD 4,0,1,0,0,0.0,ADD 5,0,0,0,0,0.0,ADD 6,0,1,0,0,0.0,ADD 7,0,0,0,0,0.0,EGT2CAN,0,1,0,0,0.0
1778953737.7331707,6746.0,12397,-49.0,1,-,0,0,0,0,0.0,-,0,0,0,0,0.0,ECU,1,1,12388,0,0.0,FAN1,0,1,12378,6750,6746.0,COILS,1,1,12386,0,0.0,PUMP,0,0,0,0,0.0,INJECTOR,1,1,12374,0,0.0,SERVO,1,1,12364,0,0.0,ADD 1,0,1,0,0,0.0,ADD 2,0,1,0,0,0.0,ADD 3,0,1,0,0,0.0,ADD 4,0,1,0,0,0.0,ADD 5,0,0,0,0,0.0,ADD 6,0,1,0,0,0.0,ADD 7,0,0,0,0,0.0,EGT2CAN,0,1,0,0,0.0
1778953737.7840588,6752.0,12397,-49.0,1,-,0,0,0,0,0.0,-,0,0,0,0,0.0,ECU,1,1,12360,0,0.0,FAN1,0,1,12362,6760,6752.0,COILS,1,1,12380,0,0.0,PUMP,0,0,0,0,0.0,INJECTOR,1,1,12387,0,0.0,SERVO,1,1,12359,0,0.0,ADD 1,0,1,0,0,0.0,ADD 2,0,1,0,0,0.0,ADD 3,0,1,0,0,0.0,ADD 4,0,1,0,0,0.0,ADD 5,0,0,0,0,0.0,ADD 6,0,1,0,0,0.0,ADD 7,0,0,0,0,0.0,EGT2CAN,0,1,0,0,0.0
1778953737.8381014,6752.0,12395,-50.0,1,-,0,0,0,0,0.0,-,0,0,0,0,0.0,ECU,1,1,12359,0,0.0,FAN1,0,1,12337,6740,6752.0,COILS,1,1,12370,0,0.0,PUMP,0,0,0,0,0.0,INJECTOR,1,1,12367,0,0.0,SERVO,1,1,12359,0,0.0,ADD 1,0,1,0,0,0.0,ADD 2,0,1,0,0,0.0,ADD 3,0,1,0,0,0.0,ADD 4,0,1,0,0,0.0,ADD 5,0,0,0,0,0.0,ADD 6,0,1,0,0,0.0,ADD 7,0,0,0,0,0.0,EGT2CAN,0,1,0,0,0.0
1778953737.8909323,6752.0,12395,-50.0,1,-,0,0,0,0,0.0,-,0,0,0,0,0.0,ECU,1,1,12384,0,0.0,FAN1,0,1,12368,6740,6752.0,COILS,1,1,12370,0,0.0,PUMP,0,0,0,0,0.0,INJECTOR,1,1,12367,0,0.0,SERVO,1,1,12359,0,0.0,ADD 1,0,1,0,0,0.0,ADD 2,0,1,0,0,0.0,ADD 3,0,1,0,0,0.0,ADD 4,0,1,0,0,0.0,ADD 5,0,0,0,0,0.0,ADD 6,0,1,0,0,0.0,ADD 7,0,0,0,0,0.0,EGT2CAN,0,1,0,0,0.0
1778953737.9508696,6744.0,12392,-50.0,1,-,0,0,0,0,0.0,-,0,0,0,0,0.0,ECU,1,1,12403,0,0.0,FAN1,0,1,12381,6720,6744.0,COILS,1,1,12388,0,0.0,PUMP,0,0,0,0,0.0,INJECTOR,1,1,12379,0,0.0,SERVO,1,1,12356,0,0.0,ADD 1,0,1,0,0,0.0,ADD 2,0,1,0,0,0.0,ADD 3,0,1,0,0,0.0,ADD 4,0,1,0,0,0.0,ADD 5,0,0,0,0,0.0,ADD 6,0,1,0,0,0.0,ADD 7,0,0,0,0,0.0,EGT2CAN,0,1,0,0,0.0
1778953738.004661,6738.0,12389,-49.0,1,-,0,0,0,0,0.0,-,0,0,0,0,0.0,ECU,1,1,12365,0,0.0,FAN1,0,1,12379,6750,6738.0,COILS,1,1,12394,0,0.0,PUMP,0,0,0,0,0.0,INJECTOR,1,1,12356,0,0.0,SERVO,1,1,12356,0,0.0,ADD 1,0,1,0,0,0.0,ADD 2,0,1,0,0,0.0,ADD 3,0,1,0,0,0.0,ADD 4,0,1,0,0,0.0,ADD 5,0,0,0,0,0.0,ADD 6,0,1,0,0,0.0,ADD 7,0,0,0,0,0.0,EGT2CAN,0,1,0,0,0.0
1778953738.0550787,6736.0,12388,-50.0,1,-,0,0,0,0,0.0,-,0,0,0,0,0.0,ECU,1,1,12399,0,0.0,FAN1,0,1,12395,6750,6736.0,COILS,1,1,12385,0,0.0,PUMP,0,0,0,0,0.0,INJECTOR,1,1,12365,0,0.0,SERVO,1,1,12345,0,0.0,ADD 1,0,1,0,0,0.0,ADD 2,0,1,0,0,0.0,ADD 3,0,1,0,0,0.0,ADD 4,0,1,0,0,0.0,ADD 5,0,0,0,0,0.0,ADD 6,0,1,0,0,0.0,ADD 7,0,0,0,0,0.0,EGT2CAN,0,1,0,0,0.0
1778953738.1061509,6736.0,12390,-49.0,1,-,0,0,0,0,0.0,-,0,0,0,0,0.0,ECU,1,1,12399,0,0.0,FAN1,0,1,12395,6750,6736.0,COILS,1,1,12385,0,0.0,PUMP,0,0,0,0,0.0,INJECTOR,1,1,12365,0,0.0,SERVO,1,1,12345,0,0.0,ADD 1,0,1,0,0,0.0,ADD 2,0,1,0,0,0.0,ADD 3,0,1,0,0,0.0,ADD 4,0,1,0,0,0.0,ADD 5,0,0,0,0,0.0,ADD 6,0,1,0,0,0.0,ADD 7,0,0,0,0,0.0,EGT2CAN,0,1,0,0,0.0
1778953738.1764414,6747.5,12390,-49.0,1,-,0,0,0,0,0.0,-,0,0,0,0,0.0,ECU,1,1,12385,0,0.0,FAN1,0,1,12381,6750,6747.5,COILS,1,1,12381,0,0.0,PUMP,0,0,0,0,0.0,INJECTOR,1,1,12382,0,0.0,SERVO,1,1,12357,0,0.0,ADD 1,0,1,0,0,0.0,ADD 2,0,1,0,0,0.0,ADD 3,0,1,0,0,0.0,ADD 4,0,1,0,0,0.0,ADD 5,0,0,0,0,0.0,ADD 6,0,1,0,0,0.0,ADD 7,0,0,0,0,0.0,EGT2CAN,0,1,0,0,0.0
1778953738.2270672,6760.0,12389,-49.0,1,-,0,0,0,0,0.0,-,0,0,0,0,0.0,ECU,1,1,12406,0,0.0,FAN1,0,1,12385,6790,6760.0,COILS,1,1,12380,0,0.0,PUMP,0,0,0,0,0.0,INJECTOR,1,1,12385,0,0.0,SERVO,1,1,12351,0,0.0,ADD 1,0,1,0,0,0.0,ADD 2,0,1,0,0,0.0,ADD 3,0,1,0,0,0.0,ADD 4,0,1,0,0,0.0,ADD 5,0,0,0,0,0.0,ADD 6,0,1,0,0,0.0,ADD 7,0,0,0,0,0.0,EGT2CAN,0,1,0,0,0.0
1778953738.2776484,6762.5,12389,-50.0,1,-,0,0,0,0,0.0,-,0,0,0,0,0.0,ECU,1,1,12401,0,0.0,FAN1,0,1,12364,6740,6762.5,COILS,1,1,12372,0,0.0,PUMP,0,0,0,0,0.0,INJECTOR,1,1,12375,0,0.0,SERVO,1,1,12335,0,0.0,ADD 1,0,1,0,0,0.0,ADD 2,0,1,0,0,0.0,ADD 3,0,1,0,0,0.0,ADD 4,0,1,0,0,0.0,ADD 5,0,0,0,0,0.0,ADD 6,0,1,0,0,0.0,ADD 7,0,0,0,0,0.0,EGT2CAN,0,1,0,0,0.0
1778953738.3286576,6762.5,12389,-50.0,1,-,0,0,0,0,0.0,-,0,0,0,0,0.0,ECU,1,1,12409,0,0.0,FAN1,0,1,12360,6740,6762.5,COILS,1,1,12372,0,0.0,PUMP,0,0,0,0,0.0,INJECTOR,1,1,12375,0,0.0,SERVO,1,1,12335,0,0.0,ADD 1,0,1,0,0,0.0,ADD 2,0,1,0,0,0.0,ADD 3,0,1,0,0,0.0,ADD 4,0,1,0,0,0.0,ADD 5,0,0,0,0,0.0,ADD 6,0,1,0,0,0.0,ADD 7,0,0,0,0,0.0,EGT2CAN,0,1,0,0,0.0
1778953738.3797228,6760.0,12386,-50.0,1,-,0,0,0,0,0.0,-,0,0,0,0,0.0,ECU,1,1,12409,0,0.0,FAN1,0,1,12360,6740,6760.0,COILS,1,1,12378,0,0.0,PUMP,0,0,0,0,0.0,INJECTOR,1,1,12364,0,0.0,SERVO,1,1,12347,0,0.0,ADD 1,0,1,0,0,0.0,ADD 2,0,1,0,0,0.0,ADD 3,0,1,0,0,0.0,ADD 4,0,1,0,0,0.0,ADD 5,0,0,0,0,0.0,ADD 6,0,1,0,0,0.0,ADD 7,0,0,0,0,0.0,EGT2CAN,0,1,0,0,0.0
1778953738.4347434,6750.0,12387,-49.0,1,-,0,0,0,0,0.0,-,0,0,0,0,0.0,ECU,1,1,12378,0,0.0,FAN1,0,1,12359,6730,6750.0,COILS,1,1,12389,0,0.0,PUMP,0,0,0,0,0.0,INJECTOR,1,1,12366,0,0.0,SERVO,1,1,12351,0,0.0,ADD 1,0,1,0,0,0.0,ADD 2,0,1,0,0,0.0,ADD 3,0,1,0,0,0.0,ADD 4,0,1,0,0,0.0,ADD 5,0,0,0,0,0.0,ADD 6,0,1,0,0,0.0,ADD 7,0,0,0,0,0.0,EGT2CAN,0,1,0,0,0.0
1778953738.4858963,6750.0,12387,-49.0,1,-,0,0,0,0,0.0,-,0,0,0,0,0.0,ECU,1,1,12378,0,0.0,FAN1,0,1,12359,6730,6750.0,COILS,1,1,12389,0,0.0,PUMP,0,0,0,0,0.0,INJECTOR,1,1,12366,0,0.0,SERVO,1,1,12351,0,0.0,ADD 1,0,1,0,0,0.0,ADD 2,0,1,0,0,0.0,ADD 3,0,1,0,0,0.0,ADD 4,0,1,0,0,0.0,ADD 5,0,0,0,0,0.0,ADD 6,0,1,0,0,0.0,ADD 7,0,0,0,0,0.0,EGT2CAN,0,1,0,0,0.0
1778953738.537067,6735.0,12387,-49.0,1,-,0,0,0,0,0.0,-,0,0,0,0,0.0,ECU,1,1,12378,0,0.0,FAN1,0,1,12348,6740,6735.0,COILS,1,1,12364,0,0.0,PUMP,0,0,0,0,0.0,INJECTOR,1,1,12378,0,0.0,SERVO,1,1,12357,0,0.0,ADD 1,0,1,0,0,0.0,ADD 2,0,1,0,0,0.0,ADD 3,0,1,0,0,0.0,ADD 4,0,1,0,0,0.0,ADD 5,0,0,0,0,0.0,ADD 6,0,1,0,0,0.0,ADD 7,0,0,0,0,0.0,EGT2CAN,0,1,0,0,0.0
1778953738.5873587,6740.0,12383,-50.0,1,-,0,0,0,0,0.0,-,0,0,0,0,0.0,ECU,1,1,12363,0,0.0,FAN1,0,1,12357,6770,6740.0,COILS,1,1,12351,0,0.0,PUMP,0,0,0,0,0.0,INJECTOR,1,1,12369,0,0.0,SERVO,1,1,12359,0,0.0,ADD 1,0,1,0,0,0.0,ADD 2,0,1,0,0,0.0,ADD 3,0,1,0,0,0.0,ADD 4,0,1,0,0,0.0,ADD 5,0,0,0,0,0.0,ADD 6,0,1,0,0,0.0,ADD 7,0,0,0,0,0.0,EGT2CAN,0,1,0,0,0.0
1778953738.6387591,6752.5,12384,-49.0,1,-,0,0,0,0,0.0,-,0,0,0,0,0.0,ECU,1,1,12359,0,0.0,FAN1,0,1,12368,6770,6752.5,COILS,1,1,12373,0,0.0,PUMP,0,0,0,0,0.0,INJECTOR,1,1,12384,0,0.0,SERVO,1,1,12370,0,0.0,ADD 1,0,1,0,0,0.0,ADD 2,0,1,0,0,0.0,ADD 3,0,1,0,0,0.0,ADD 4,0,1,0,0,0.0,ADD 5,0,0,0,0,0.0,ADD 6,0,1,0,0,0.0,ADD 7,0,0,0,0,0.0,EGT2CAN,0,1,0,0,0.0
1778953738.6899357,6752.5,12384,-49.0,1,-,0,0,0,0,0.0,-,0,0,0,0,0.0,ECU,1,1,12365,0,0.0,FAN1,0,1,12352,6770,6752.5,COILS,1,1,12366,0,0.0,PUMP,0,0,0,0,0.0,INJECTOR,1,1,12384,0,0.0,SERVO,1,1,12370,0,0.0,ADD 1,0,1,0,0,0.0,ADD 2,0,1,0,0,0.0,ADD 3,0,1,0,0,0.0,ADD 4,0,1,0,0,0.0,ADD 5,0,0,0,0,0.0,ADD 6,0,1,0,0,0.0,ADD 7,0,0,0,0,0.0,EGT2CAN,0,1,0,0,0.0
1778953738.740371,6760.0,12384,-50.0,1,-,0,0,0,0,0.0,-,0,0,0,0,0.0,ECU,1,1,12371,0,0.0,FAN1,0,1,12359,6780,6760.0,COILS,1,1,12378,0,0.0,PUMP,0,0,0,0,0.0,INJECTOR,1,1,12386,0,0.0,SERVO,1,1,12361,0,0.0,ADD 1,0,1,0,0,0.0,ADD 2,0,1,0,0,0.0,ADD 3,0,1,0,0,0.0,ADD 4,0,1,0,0,0.0,ADD 5,0,0,0,0,0.0,ADD 6,0,1,0,0,0.0,ADD 7,0,0,0,0,0.0,EGT2CAN,0,1,0,0,0.0
1778953738.791969,6763.3,12384,-49.0,1,-,0,0,0,0,0.0,-,0,0,0,0,0.0,ECU,1,1,12394,0,0.0,FAN1,0,1,12378,6760,6763.3,COILS,1,1,12390,0,0.0,PUMP,0,0,0,0,0.0,INJECTOR,1,1,12377,0,0.0,SERVO,1,1,12339,0,0.0,ADD 1,0,1,0,0,0.0,ADD 2,0,1,0,0,0.0,ADD 3,0,1,0,0,0.0,ADD 4,0,1,0,0,0.0,ADD 5,0,0,0,0,0.0,ADD 6,0,1,0,0,0.0,ADD 7,0,0,0,0,0.0,EGT2CAN,0,1,0,0,0.0
1778953738.8440292,6763.3,12384,-49.0,1,-,0,0,0,0,0.0,-,0,0,0,0,0.0,ECU,1,1,12389,0,0.0,FAN1,0,1,12361,6760,6763.3,COILS,1,1,12384,0,0.0,PUMP,0,0,0,0,0.0,INJECTOR,1,1,12361,0,0.0,SERVO,1,1,12357,0,0.0,ADD 1,0,1,0,0,0.0,ADD 2,0,1,0,0,0.0,ADD 3,0,1,0,0,0.0,ADD 4,0,1,0,0,0.0,ADD 5,0,0,0,0,0.0,ADD 6,0,1,0,0,0.0,ADD 7,0,0,0,0,0.0,EGT2CAN,0,1,0,0,0.0
1778953738.8943388,6766.0,12384,-50.0,1,-,0,0,0,0,0.0,-,0,0,0,0,0.0,ECU,1,1,12392,0,0.0,FAN1,0,1,12356,6760,6766.0,COILS,1,1,12397,0,0.0,PUMP,0,0,0,0,0.0,INJECTOR,1,1,12376,0,0.0,SERVO,1,1,12369,0,0.0,ADD 1,0,1,0,0,0.0,ADD 2,0,1,0,0,0.0,ADD 3,0,1,0,0,0.0,ADD 4,0,1,0,0,0.0,ADD 5,0,0,0,0,0.0,ADD 6,0,1,0,0,0.0,ADD 7,0,0,0,0,0.0,EGT2CAN,0,1,0,0,0.0
1778953738.9453723,6764.0,12384,-49.0,1,-,0,0,0,0,0.0,-,0,0,0,0,0.0,ECU,1,1,12378,0,0.0,FAN1,0,1,12327,6760,6764.0,COILS,1,1,12399,0,0.0,PUMP,0,0,0,0,0.0,INJECTOR,1,1,12374,0,0.0,SERVO,1,1,12378,0,0.0,ADD 1,0,1,0,0,0.0,ADD 2,0,1,0,0,0.0,ADD 3,0,1,0,0,0.0,ADD 4,0,1,0,0,0.0,ADD 5,0,0,0,0,0.0,ADD 6,0,1,0,0,0.0,ADD 7,0,0,0,0,0.0,EGT2CAN,0,1,0,0,0.0
1778953738.9966383,6764.0,12384,-49.0,1,-,0,0,0,0,0.0,-,0,0,0,0,0.0,ECU,1,1,12381,0,0.0,FAN1,0,1,12357,6760,6764.0,COILS,1,1,12402,0,0.0,PUMP,0,0,0,0,0.0,INJECTOR,1,1,12365,0,0.0,SERVO,1,1,12357,0,0.0,ADD 1,0,1,0,0,0.0,ADD 2,0,1,0,0,0.0,ADD 3,0,1,0,0,0.0,ADD 4,0,1,0,0,0.0,ADD 5,0,0,0,0,0.0,ADD 6,0,1,0,0,0.0,ADD 7,0,0,0,0,0.0,EGT2CAN,0,1,0,0,0.0
1778953739.0601614,6758.0,12386,-50.0,1,-,0,0,0,0,0.0,-,0,0,0,0,0.0,ECU,1,1,12379,0,0.0,FAN1,0,1,12363,6750,6758.0,COILS,1,1,12400,0,0.0,PUMP,0,0,0,0,0.0,INJECTOR,1,1,12356,0,0.0,SERVO,1,1,12370,0,0.0,ADD 1,0,1,0,0,0.0,ADD 2,0,1,0,0,0.0,ADD 3,0,1,0,0,0.0,ADD 4,0,1,0,0,0.0,ADD 5,0,0,0,0,0.0,ADD 6,0,1,0,0,0.0,ADD 7,0,0,0,0,0.0,EGT2CAN,0,1,0,0,0.0
1778953739.1193454,6754.0,12386,-49.0,1,-,0,0,0,0,0.0,-,0,0,0,0,0.0,ECU,1,1,12370,0,0.0,FAN1,0,1,12366,6740,6754.0,COILS,1,1,12401,0,0.0,PUMP,0,0,0,0,0.0,INJECTOR,1,1,12390,0,0.0,SERVO,1,1,12357,0,0.0,ADD 1,0,1,0,0,0.0,ADD 2,0,1,0,0,0.0,ADD 3,0,1,0,0,0.0,ADD 4,0,1,0,0,0.0,ADD 5,0,0,0,0,0.0,ADD 6,0,1,0,0,0.0,ADD 7,0,0,0,0,0.0,EGT2CAN,0,1,0,0,0.0
1778953739.1703897,6740.0,12385,-50.0,1,-,0,0,0,0,0.0,-,0,0,0,0,0.0,ECU,1,1,12372,0,0.0,FAN1,0,1,12370,6720,6740.0,COILS,1,1,12374,0,0.0,PUMP,0,0,0,0,0.0,INJECTOR,1,1,12372,0,0.0,SERVO,1,1,12368,0,0.0,ADD 1,0,1,0,0,0.0,ADD 2,0,1,0,0,0.0,ADD 3,0,1,0,0,0.0,ADD 4,0,1,0,0,0.0,ADD 5,0,0,0,0,0.0,ADD 6,0,1,0,0,0.0,ADD 7,0,0,0,0,0.0,EGT2CAN,0,1,0,0,0.0
1778953739.221933,6734.0,12387,-49.0,1,-,0,0,0,0,0.0,-,0,0,0,0,0.0,ECU,1,1,12358,0,0.0,FAN1,0,1,12363,6730,6734.0,COILS,1,1,12385,0,0.0,PUMP,0,0,0,0,0.0,INJECTOR,1,1,12391,0,0.0,SERVO,1,1,12363,0,0.0,ADD 1,0,1,0,0,0.0,ADD 2,0,1,0,0,0.0,ADD 3,0,1,0,0,0.0,ADD 4,0,1,0,0,0.0,ADD 5,0,0,0,0,0.0,ADD 6,0,1,0,0,0.0,ADD 7,0,0,0,0,0.0,EGT2CAN,0,1,0,0,0.0
1778953739.2740269,6734.0,12387,-49.0,1,-,0,0,0,0,0.0,-,0,0,0,0,0.0,ECU,1,1,12358,0,0.0,FAN1,0,1,12363,6730,6734.0,COILS,1,1,12385,0,0.0,PUMP,0,0,0,0,0.0,INJECTOR,1,1,12391,0,0.0,SERVO,1,1,12363,0,0.0,ADD 1,0,1,0,0,0.0,ADD 2,0,1,0,0,0.0,ADD 3,0,1,0,0,0.0,ADD 4,0,1,0,0,0.0,ADD 5,0,0,0,0,0.0,ADD 6,0,1,0,0,0.0,ADD 7,0,0,0,0,0.0,EGT2CAN,0,1,0,0,0.0
1778953739.3369827,6734.0,12387,-49.0,1,-,0,0,0,0,0.0,-,0,0,0,0,0.0,ECU,1,1,12385,0,0.0,FAN1,0,1,12357,6730,6734.0,COILS,1,1,12394,0,0.0,PUMP,0,0,0,0,0.0,INJECTOR,1,1,12394,0,0.0,SERVO,1,1,12360,0,0.0,ADD 1,0,1,0,0,0.0,ADD 2,0,1,0,0,0.0,ADD 3,0,1,0,0,0.0,ADD 4,0,1,0,0,0.0,ADD 5,0,0,0,0,0.0,ADD 6,0,1,0,0,0.0,ADD 7,0,0,0,0,0.0,EGT2CAN,0,1,0,0,0.0
1778953739.3887942,6726.7,12387,-49.0,1,-,0,0,0,0,0.0,-,0,0,0,0,0.0,ECU,1,1,12385,0,0.0,FAN1,0,1,12357,6730,6726.7,COILS,1,1,12394,0,0.0,PUMP,0,0,0,0,0.0,INJECTOR,1,1,12394,0,0.0,SERVO,1,1,12360,0,0.0,ADD 1,0,1,0,0,0.0,ADD 2,0,1,0,0,0.0,ADD 3,0,1,0,0,0.0,ADD 4,0,1,0,0,0.0,ADD 5,0,0,0,0,0.0,ADD 6,0,1,0,0,0.0,ADD 7,0,0,0,0,0.0,EGT2CAN,0,1,0,0,0.0
1778953739.4395661,6724.0,12390,-49.0,1,-,0,0,0,0,0.0,-,0,0,0,0,0.0,ECU,1,1,12366,0,0.0,FAN1,0,1,12356,6710,6724.0,COILS,1,1,12381,0,0.0,PUMP,0,0,0,0,0.0,INJECTOR,1,1,12376,0,0.0,SERVO,1,1,12367,0,0.0,ADD 1,0,1,0,0,0.0,ADD 2,0,1,0,0,0.0,ADD 3,0,1,0,0,0.0,ADD 4,0,1,0,0,0.0,ADD 5,0,0,0,0,0.0,ADD 6,0,1,0,0,0.0,ADD 7,0,0,0,0,0.0,EGT2CAN,0,1,0,0,0.0
1778953739.4921649,6722.0,12391,-49.0,1,-,0,0,0,0,0.0,-,0,0,0,0,0.0,ECU,1,1,12351,0,0.0,FAN1,0,1,12356,6720,6722.0,COILS,1,1,12378,0,0.0,PUMP,0,0,0,0,0.0,INJECTOR,1,1,12386,0,0.0,SERVO,1,1,12366,0,0.0,ADD 1,0,1,0,0,0.0,ADD 2,0,1,0,0,0.0,ADD 3,0,1,0,0,0.0,ADD 4,0,1,0,0,0.0,ADD 5,0,0,0,0,0.0,ADD 6,0,1,0,0,0.0,ADD 7,0,0,0,0,0.0,EGT2CAN,0,1,0,0,0.0
1778953739.562838,6722.0,12391,-49.0,1,-,0,0,0,0,0.0,-,0,0,0,0,0.0,ECU,1,1,12375,0,0.0,FAN1,0,1,12354,6720,6722.0,COILS,1,1,12389,0,0.0,PUMP,0,0,0,0,0.0,INJECTOR,1,1,12381,0,0.0,SERVO,1,1,12373,0,0.0,ADD 1,0,1,0,0,0.0,ADD 2,0,1,0,0,0.0,ADD 3,0,1,0,0,0.0,ADD 4,0,1,0,0,0.0,ADD 5,0,0,0,0,0.0,ADD 6,0,1,0,0,0.0,ADD 7,0,0,0,0,0.0,EGT2CAN,0,1,0,0,0.0
1778953739.6130657,6718.6,12390,-49.0,1,-,0,0,0,0,0.0,-,0,0,0,0,0.0,ECU,1,1,12378,0,0.0,FAN1,0,1,12368,6720,6718.6,COILS,1,1,12377,0,0.0,PUMP,0,0,0,0,0.0,INJECTOR,1,1,12389,0,0.0,SERVO,1,1,12368,0,0.0,ADD 1,0,1,0,0,0.0,ADD 2,0,1,0,0,0.0,ADD 3,0,1,0,0,0.0,ADD 4,0,1,0,0,0.0,ADD 5,0,0,0,0,0.0,ADD 6,0,1,0,0,0.0,ADD 7,0,0,0,0,0.0,EGT2CAN,0,1,0,0,0.0
1778953739.668927,6718.6,12390,-49.0,1,-,0,0,0,0,0.0,-,0,0,0,0,0.0,ECU,1,1,12378,0,0.0,FAN1,0,1,12368,6720,6718.6,COILS,1,1,12377,0,0.0,PUMP,0,0,0,0,0.0,INJECTOR,1,1,12389,0,0.0,SERVO,1,1,12368,0,0.0,ADD 1,0,1,0,0,0.0,ADD 2,0,1,0,0,0.0,ADD 3,0,1,0,0,0.0,ADD 4,0,1,0,0,0.0,ADD 5,0,0,0,0,0.0,ADD 6,0,1,0,0,0.0,ADD 7,0,0,0,0,0.0,EGT2CAN,0,1,0,0,0.0
1778953739.7203152,6718.6,12390,-49.0,1,-,0,0,0,0,0.0,-,0,0,0,0,0.0,ECU,1,1,12363,0,0.0,FAN1,0,1,12349,6720,6718.6,COILS,1,1,12381,0,0.0,PUMP,0,0,0,0,0.0,INJECTOR,1,1,12392,0,0.0,SERVO,1,1,12358,0,0.0,ADD 1,0,1,0,0,0.0,ADD 2,0,1,0,0,0.0,ADD 3,0,1,0,0,0.0,ADD 4,0,1,0,0,0.0,ADD 5,0,0,0,0,0.0,ADD 6,0,1,0,0,0.0,ADD 7,0,0,0,0,0.0,EGT2CAN,0,1,0,0,0.0
1778953739.7713356,6718.3,12389,-49.0,1,-,0,0,0,0,0.0,-,0,0,0,0,0.0,ECU,1,1,12397,0,0.0,FAN1,0,1,12367,6740,6718.3,COILS,1,1,12402,0,0.0,PUMP,0,0,0,0,0.0,INJECTOR,1,1,12391,0,0.0,SERVO,1,1,12353,0,0.0,ADD 1,0,1,0,0,0.0,ADD 2,0,1,0,0,0.0,ADD 3,0,1,0,0,0.0,ADD 4,0,1,0,0,0.0,ADD 5,0,0,0,0,0.0,ADD 6,0,1,0,0,0.0,ADD 7,0,0,0,0,0.0,EGT2CAN,0,1,0,0,0.0
1778953739.8282416,6745.0,12389,-49.0,1,-,0,0,0,0,0.0,-,0,0,0,0,0.0,ECU,1,1,12366,0,0.0,FAN1,0,1,12350,6820,6745.0,COILS,1,1,12370,0,0.0,PUMP,0,0,0,0,0.0,INJECTOR,1,1,12395,0,0.0,SERVO,1,1,12330,0,0.0,ADD 1,0,1,0,0,0.0,ADD 2,0,1,0,0,0.0,ADD 3,0,1,0,0,0.0,ADD 4,0,1,0,0,0.0,ADD 5,0,0,0,0,0.0,ADD 6,0,1,0,0,0.0,ADD 7,0,0,0,0,0.0,EGT2CAN,0,1,0,0,0.0
1778953739.8817897,6745.0,12386,-50.0,1,-,0,0,0,0,0.0,-,0,0,0,0,0.0,ECU,1,1,12366,0,0.0,FAN1,0,1,12350,6820,6745.0,COILS,1,1,12370,0,0.0,PUMP,0,0,0,0,0.0,INJECTOR,1,1,12395,0,0.0,SERVO,1,1,12330,0,0.0,ADD 1,0,1,0,0,0.0,ADD 2,0,1,0,0,0.0,ADD 3,0,1,0,0,0.0,ADD 4,0,1,0,0,0.0,ADD 5,0,0,0,0,0.0,ADD 6,0,1,0,0,0.0,ADD 7,0,0,0,0,0.0,EGT2CAN,0,1,0,0,0.0
1778953739.93232,6768.3,12387,-49.0,1,-,0,0,0,0,0.0,-,0,0,0,0,0.0,ECU,1,1,12386,0,0.0,FAN1,0,1,12362,6810,6768.3,COILS,1,1,12374,0,0.0,PUMP,0,0,0,0,0.0,INJECTOR,1,1,12397,0,0.0,SERVO,1,1,12343,0,0.0,ADD 1,0,1,0,0,0.0,ADD 2,0,1,0,0,0.0,ADD 3,0,1,0,0,0.0,ADD 4,0,1,0,0,0.0,ADD 5,0,0,0,0,0.0,ADD 6,0,1,0,0,0.0,ADD 7,0,0,0,0,0.0,EGT2CAN,0,1,0,0,0.0
1778953739.9835775,6796.0,12387,-49.0,1,-,0,0,0,0,0.0,-,0,0,0,0,0.0,ECU,1,1,12381,0,0.0,FAN1,0,1,12347,6790,6796.0,COILS,1,1,12378,0,0.0,PUMP,0,0,0,0,0.0,INJECTOR,1,1,12397,0,0.0,SERVO,1,1,12340,0,0.0,ADD 1,0,1,0,0,0.0,ADD 2,0,1,0,0,0.0,ADD 3,0,1,0,0,0.0,ADD 4,0,1,0,0,0.0,ADD 5,0,0,0,0,0.0,ADD 6,0,1,0,0,0.0,ADD 7,0,0,0,0,0.0,EGT2CAN,0,1,0,0,0.0
1778953740.034815,6796.0,12386,-49.0,1,-,0,0,0,0,0.0,-,0,0,0,0,0.0,ECU,1,1,12381,0,0.0,FAN1,0,1,12347,6790,6796.0,COILS,1,1,12378,0,0.0,PUMP,0,0,0,0,0.0,INJECTOR,1,1,12397,0,0.0,SERVO,1,1,12340,0,0.0,ADD 1,0,1,0,0,0.0,ADD 2,0,1,0,0,0.0,ADD 3,0,1,0,0,0.0,ADD 4,0,1,0,0,0.0,ADD 5,0,0,0,0,0.0,ADD 6,0,1,0,0,0.0,ADD 7,0,0,0,0,0.0,EGT2CAN,0,1,0,0,0.0
1778953740.0853071,6788.0,12388,-50.0,1,-,0,0,0,0,0.0,-,0,0,0,0,0.0,ECU,1,1,12392,0,0.0,FAN1,0,1,12368,6750,6788.0,COILS,1,1,12393,0,0.0,PUMP,0,0,0,0,0.0,INJECTOR,1,1,12387,0,0.0,SERVO,1,1,12378,0,0.0,ADD 1,0,1,0,0,0.0,ADD 2,0,1,0,0,0.0,ADD 3,0,1,0,0,0.0,ADD 4,0,1,0,0,0.0,ADD 5,0,0,0,0,0.0,ADD 6,0,1,0,0,0.0,ADD 7,0,0,0,0,0.0,EGT2CAN,0,1,0,0,0.0
1778953740.13655,6774.0,12385,-49.0,1,-,0,0,0,0,0.0,-,0,0,0,0,0.0,ECU,1,1,12387,0,0.0,FAN1,0,1,12391,6750,6774.0,COILS,1,1,12386,0,0.0,PUMP,0,0,0,0,0.0,INJECTOR,1,1,12400,0,0.0,SERVO,1,1,12354,0,0.0,ADD 1,0,1,0,0,0.0,ADD 2,0,1,0,0,0.0,ADD 3,0,1,0,0,0.0,ADD 4,0,1,0,0,0.0,ADD 5,0,0,0,0,0.0,ADD 6,0,1,0,0,0.0,ADD 7,0,0,0,0,0.0,EGT2CAN,0,1,0,0,0.0
1778953740.1882017,6774.0,12385,-49.0,1,-,0,0,0,0,0.0,-,0,0,0,0,0.0,ECU,1,1,12387,0,0.0,FAN1,0,1,12391,6750,6774.0,COILS,1,1,12386,0,0.0,PUMP,0,0,0,0,0.0,INJECTOR,1,1,12400,0,0.0,SERVO,1,1,12354,0,0.0,ADD 1,0,1,0,0,0.0,ADD 2,0,1,0,0,0.0,ADD 3,0,1,0,0,0.0,ADD 4,0,1,0,0,0.0,ADD 5,0,0,0,0,0.0,ADD 6,0,1,0,0,0.0,ADD 7,0,0,0,0,0.0,EGT2CAN,0,1,0,0,0.0
1778953740.239297,6756.0,12384,-49.0,1,-,0,0,0,0,0.0,-,0,0,0,0,0.0,ECU,1,1,12378,0,0.0,FAN1,0,1,12380,6760,6756.0,COILS,1,1,12359,0,0.0,PUMP,0,0,0,0,0.0,INJECTOR,1,1,12381,0,0.0,SERVO,1,1,12351,0,0.0,ADD 1,0,1,0,0,0.0,ADD 2,0,1,0,0,0.0,ADD 3,0,1,0,0,0.0,ADD 4,0,1,0,0,0.0,ADD 5,0,0,0,0,0.0,ADD 6,0,1,0,0,0.0,ADD 7,0,0,0,0,0.0,EGT2CAN,0,1,0,0,0.0
1778953740.2917736,6758.0,12384,-49.0,1,-,0,0,0,0,0.0,-,0,0,0,0,0.0,ECU,1,1,12382,0,0.0,FAN1,0,1,12372,6780,6758.0,COILS,1,1,12372,0,0.0,PUMP,0,0,0,0,0.0,INJECTOR,1,1,12368,0,0.0,SERVO,1,1,12341,0,0.0,ADD 1,0,1,0,0,0.0,ADD 2,0,1,0,0,0.0,ADD 3,0,1,0,0,0.0,ADD 4,0,1,0,0,0.0,ADD 5,0,0,0,0,0.0,ADD 6,0,1,0,0,0.0,ADD 7,0,0,0,0,0.0,EGT2CAN,0,1,0,0,0.0
1778953740.3432035,6758.0,12384,-49.0,1,-,0,0,0,0,0.0,-,0,0,0,0,0.0,ECU,1,1,12381,0,0.0,FAN1,0,1,12361,6780,6758.0,COILS,1,1,12377,0,0.0,PUMP,0,0,0,0,0.0,INJECTOR,1,1,12359,0,0.0,SERVO,1,1,12337,0,0.0,ADD 1,0,1,0,0,0.0,ADD 2,0,1,0,0,0.0,ADD 3,0,1,0,0,0.0,ADD 4,0,1,0,0,0.0,ADD 5,0,0,0,0,0.0,ADD 6,0,1,0,0,0.0,ADD 7,0,0,0,0,0.0,EGT2CAN,0,1,0,0,0.0
1778953740.3938472,6770.0,12385,-49.0,1,-,0,0,0,0,0.0,-,0,0,0,0,0.0,ECU,1,1,12370,0,0.0,FAN1,0,1,12356,6780,6770.0,COILS,1,1,12366,0,0.0,PUMP,0,0,0,0,0.0,INJECTOR,1,1,12301,0,0.0,SERVO,1,1,12343,0,0.0,ADD 1,0,1,0,0,0.0,ADD 2,0,1,0,0,0.0,ADD 3,0,1,0,0,0.0,ADD 4,0,1,0,0,0.0,ADD 5,0,0,0,0,0.0,ADD 6,0,1,0,0,0.0,ADD 7,0,0,0,0,0.0,EGT2CAN,0,1,0,0,0.0
1778953740.4451425,6768.3,12387,-49.0,1,-,0,0,0,0,0.0,-,0,0,0,0,0.0,ECU,1,1,12356,0,0.0,FAN1,0,1,12359,6760,6768.3,COILS,1,1,12366,0,0.0,PUMP,0,0,0,0,0.0,INJECTOR,1,1,12329,0,0.0,SERVO,1,1,12347,0,0.0,ADD 1,0,1,0,0,0.0,ADD 2,0,1,0,0,0.0,ADD 3,0,1,0,0,0.0,ADD 4,0,1,0,0,0.0,ADD 5,0,0,0,0,0.0,ADD 6,0,1,0,0,0.0,ADD 7,0,0,0,0,0.0,EGT2CAN,0,1,0,0,0.0
1778953740.4969351,6768.3,12387,-49.0,1,-,0,0,0,0,0.0,-,0,0,0,0,0.0,ECU,1,1,12356,0,0.0,FAN1,0,1,12359,6760,6768.3,COILS,1,1,12366,0,0.0,PUMP,0,0,0,0,0.0,INJECTOR,1,1,12329,0,0.0,SERVO,1,1,12347,0,0.0,ADD 1,0,1,0,0,0.0,ADD 2,0,1,0,0,0.0,ADD 3,0,1,0,0,0.0,ADD 4,0,1,0,0,0.0,ADD 5,0,0,0,0,0.0,ADD 6,0,1,0,0,0.0,ADD 7,0,0,0,0,0.0,EGT2CAN,0,1,0,0,0.0
1778953740.5472517,6774.0,12387,-49.0,1,-,0,0,0,0,0.0,-,0,0,0,0,0.0,ECU,1,1,12366,0,0.0,FAN1,0,1,12352,6790,6774.0,COILS,1,1,12382,0,0.0,PUMP,0,0,0,0,0.0,INJECTOR,1,1,12376,0,0.0,SERVO,1,1,12357,0,0.0,ADD 1,0,1,0,0,0.0,ADD 2,0,1,0,0,0.0,ADD 3,0,1,0,0,0.0,ADD 4,0,1,0,0,0.0,ADD 5,0,0,0,0,0.0,ADD 6,0,1,0,0,0.0,ADD 7,0,0,0,0,0.0,EGT2CAN,0,1,0,0,0.0
1778953740.6022928,6775.0,12387,-54.0,1,-,0,0,0,0,0.0,-,0,0,0,0,0.0,ECU,1,1,12380,0,0.0,FAN1,0,1,12355,6790,6775.0,COILS,1,1,12402,0,0.0,PUMP,0,0,0,0,0.0,INJECTOR,1,1,12381,0,0.0,SERVO,1,1,12351,0,0.0,ADD 1,0,1,0,0,0.0,ADD 2,0,1,0,0,0.0,ADD 3,0,1,0,0,0.0,ADD 4,0,1,0,0,0.0,ADD 5,0,0,0,0,0.0,ADD 6,0,1,0,0,0.0,ADD 7,0,0,0,0,0.0,EGT2CAN,0,1,0,0,0.0
1778953740.653574,6775.0,12387,-54.0,1,-,0,0,0,0,0.0,-,0,0,0,0,0.0,ECU,1,1,12375,0,0.0,FAN1,0,1,12334,6790,6775.0,COILS,1,1,12402,0,0.0,PUMP,0,0,0,0,0.0,INJECTOR,1,1,12381,0,0.0,SERVO,1,1,12351,0,0.0,ADD 1,0,1,0,0,0.0,ADD 2,0,1,0,0,0.0,ADD 3,0,1,0,0,0.0,ADD 4,0,1,0,0,0.0,ADD 5,0,0,0,0,0.0,ADD 6,0,1,0,0,0.0,ADD 7,0,0,0,0,0.0,EGT2CAN,0,1,0,0,0.0
1778953740.704444,6770.0,12389,-49.0,1,-,0,0,0,0,0.0,-,0,0,0,0,0.0,ECU,1,1,12378,0,0.0,FAN1,0,1,12351,6750,6770.0,COILS,1,1,12393,0,0.0,PUMP,0,0,0,0,0.0,INJECTOR,1,1,12383,0,0.0,SERVO,1,1,12353,0,0.0,ADD 1,0,1,0,0,0.0,ADD 2,0,1,0,0,0.0,ADD 3,0,1,0,0,0.0,ADD 4,0,1,0,0,0.0,ADD 5,0,0,0,0,0.0,ADD 6,0,1,0,0,0.0,ADD 7,0,0,0,0,0.0,EGT2CAN,0,1,0,0,0.0
1778953740.7583408,6766.7,12389,-49.0,1,-,0,0,0,0,0.0,-,0,0,0,0,0.0,ECU,1,1,12393,0,0.0,FAN1,0,1,12359,6750,6766.7,COILS,1,1,12389,0,0.0,PUMP,0,0,0,0,0.0,INJECTOR,1,1,12339,0,0.0,SERVO,1,1,12354,0,0.0,ADD 1,0,1,0,0,0.0,ADD 2,0,1,0,0,0.0,ADD 3,0,1,0,0,0.0,ADD 4,0,1,0,0,0.0,ADD 5,0,0,0,0,0.0,ADD 6,0,1,0,0,0.0,ADD 7,0,0,0,0,0.0,EGT2CAN,0,1,0,0,0.0
1778953740.8084764,6766.7,12389,-49.0,1,-,0,0,0,0,0.0,-,0,0,0,0,0.0,ECU,1,1,12391,0,0.0,FAN1,0,1,12357,6750,6766.7,COILS,1,1,12370,0,0.0,PUMP,0,0,0,0,0.0,INJECTOR,1,1,12360,0,0.0,SERVO,1,1,12352,0,0.0,ADD 1,0,1,0,0,0.0,ADD 2,0,1,0,0,0.0,ADD 3,0,1,0,0,0.0,ADD 4,0,1,0,0,0.0,ADD 5,0,0,0,0,0.0,ADD 6,0,1,0,0,0.0,ADD 7,0,0,0,0,0.0,EGT2CAN,0,1,0,0,0.0
1778953740.8594885,6746.0,12386,-49.0,1,-,0,0,0,0,0.0,-,0,0,0,0,0.0,ECU,1,1,12380,0,0.0,FAN1,0,1,12373,6730,6746.0,COILS,1,1,12364,0,0.0,PUMP,0,0,0,0,0.0,INJECTOR,1,1,12392,0,0.0,SERVO,1,1,12347,0,0.0,ADD 1,0,1,0,0,0.0,ADD 2,0,1,0,0,0.0,ADD 3,0,1,0,0,0.0,ADD 4,0,1,0,0,0.0,ADD 5,0,0,0,0,0.0,ADD 6,0,1,0,0,0.0,ADD 7,0,0,0,0,0.0,EGT2CAN,0,1,0,0,0.0
1778953740.913661,6745.0,12388,-50.0,1,-,0,0,0,0,0.0,-,0,0,0,0,0.0,ECU,1,1,12380,0,0.0,FAN1,0,1,12373,6740,6745.0,COILS,1,1,12364,0,0.0,PUMP,0,0,0,0,0.0,INJECTOR,1,1,12392,0,0.0,SERVO,1,1,12347,0,0.0,ADD 1,0,1,0,0,0.0,ADD 2,0,1,0,0,0.0,ADD 3,0,1,0,0,0.0,ADD 4,0,1,0,0,0.0,ADD 5,0,0,0,0,0.0,ADD 6,0,1,0,0,0.0,ADD 7,0,0,0,0,0.0,EGT2CAN,0,1,0,0,0.0
1778953740.9646425,6745.0,12388,-50.0,1,-,0,0,0,0,0.0,-,0,0,0,0,0.0,ECU,1,1,12381,0,0.0,FAN1,0,1,12378,6740,6745.0,COILS,1,1,12374,0,0.0,PUMP,0,0,0,0,0.0,INJECTOR,1,1,12381,0,0.0,SERVO,1,1,12343,0,0.0,ADD 1,0,1,0,0,0.0,ADD 2,0,1,0,0,0.0,ADD 3,0,1,0,0,0.0,ADD 4,0,1,0,0,0.0,ADD 5,0,0,0,0,0.0,ADD 6,0,1,0,0,0.0,ADD 7,0,0,0,0,0.0,EGT2CAN,0,1,0,0,0.0
1778953741.0154648,6731.7,12387,-50.0,1,-,0,0,0,0,0.0,-,0,0,0,0,0.0,ECU,1,1,12369,0,0.0,FAN1,0,1,12351,6740,6731.7,COILS,1,1,12378,0,0.0,PUMP,0,0,0,0,0.0,INJECTOR,1,1,12373,0,0.0,SERVO,1,1,12365,0,0.0,ADD 1,0,1,0,0,0.0,ADD 2,0,1,0,0,0.0,ADD 3,0,1,0,0,0.0,ADD 4,0,1,0,0,0.0,ADD 5,0,0,0,0,0.0,ADD 6,0,1,0,0,0.0,ADD 7,0,0,0,0,0.0,EGT2CAN,0,1,0,0,0.0
1778953741.069809,6731.7,12387,-49.0,1,-,0,0,0,0,0.0,-,0,0,0,0,0.0,ECU,1,1,12369,0,0.0,FAN1,0,1,12351,6740,6731.7,COILS,1,1,12378,0,0.0,PUMP,0,0,0,0,0.0,INJECTOR,1,1,12373,0,0.0,SERVO,1,1,12365,0,0.0,ADD 1,0,1,0,0,0.0,ADD 2,0,1,0,0,0.0,ADD 3,0,1,0,0,0.0,ADD 4,0,1,0,0,0.0,ADD 5,0,0,0,0,0.0,ADD 6,0,1,0,0,0.0,ADD 7,0,0,0,0,0.0,EGT2CAN,0,1,0,0,0.0
1778953741.12375,6731.7,12387,-49.0,1,-,0,0,0,0,0.0,-,0,0,0,0,0.0,ECU,1,1,12366,0,0.0,FAN1,0,1,12366,6740,6731.7,COILS,1,1,12378,0,0.0,PUMP,0,0,0,0,0.0,INJECTOR,1,1,12378,0,0.0,SERVO,1,1,12374,0,0.0,ADD 1,0,1,0,0,0.0,ADD 2,0,1,0,0,0.0,ADD 3,0,1,0,0,0.0,ADD 4,0,1,0,0,0.0,ADD 5,0,0,0,0,0.0,ADD 6,0,1,0,0,0.0,ADD 7,0,0,0,0,0.0,EGT2CAN,0,1,0,0,0.0
1778953741.17449,6738.3,12387,-49.0,1,-,0,0,0,0,0.0,-,0,0,0,0,0.0,ECU,1,1,12373,0,0.0,FAN1,0,1,12362,6740,6738.3,COILS,1,1,12384,0,0.0,PUMP,0,0,0,0,0.0,INJECTOR,1,1,12398,0,0.0,SERVO,1,1,12361,0,0.0,ADD 1,0,1,0,0,0.0,ADD 2,0,1,0,0,0.0,ADD 3,0,1,0,0,0.0,ADD 4,0,1,0,0,0.0,ADD 5,0,0,0,0,0.0,ADD 6,0,1,0,0,0.0,ADD 7,0,0,0,0,0.0,EGT2CAN,0,1,0,0,0.0
1778953741.2310734,6738.3,12387,-49.0,1,-,0,0,0,0,0.0,-,0,0,0,0,0.0,ECU,1,1,12373,0,0.0,FAN1,0,1,12362,6740,6738.3,COILS,1,1,12384,0,0.0,PUMP,0,0,0,0,0.0,INJECTOR,1,1,12398,0,0.0,SERVO,1,1,12361,0,0.0,ADD 1,0,1,0,0,0.0,ADD 2,0,1,0,0,0.0,ADD 3,0,1,0,0,0.0,ADD 4,0,1,0,0,0.0,ADD 5,0,0,0,0,0.0,ADD 6,0,1,0,0,0.0,ADD 7,0,0,0,0,0.0,EGT2CAN,0,1,0,0,0.0
1778953741.281906,6738.3,12387,-49.0,1,-,0,0,0,0,0.0,-,0,0,0,0,0.0,ECU,1,1,12312,0,0.0,FAN1,0,1,12355,6740,6738.3,COILS,1,1,12366,0,0.0,PUMP,0,0,0,0,0.0,INJECTOR,1,1,12404,0,0.0,SERVO,1,1,12351,0,0.0,ADD 1,0,1,0,0,0.0,ADD 2,0,1,0,0,0.0,ADD 3,0,1,0,0,0.0,ADD 4,0,1,0,0,0.0,ADD 5,0,0,0,0,0.0,ADD 6,0,1,0,0,0.0,ADD 7,0,0,0,0,0.0,EGT2CAN,0,1,0,0,0.0
1778953741.3324819,6751.7,12383,-50.0,1,-,0,0,0,0,0.0,-,0,0,0,0,0.0,ECU,1,1,12365,0,0.0,FAN1,0,1,12345,6760,6751.7,COILS,1,1,12370,0,0.0,PUMP,0,0,0,0,0.0,INJECTOR,1,1,12392,0,0.0,SERVO,1,1,12371,0,0.0,ADD 1,0,1,0,0,0.0,ADD 2,0,1,0,0,0.0,ADD 3,0,1,0,0,0.0,ADD 4,0,1,0,0,0.0,ADD 5,0,0,0,0,0.0,ADD 6,0,1,0,0,0.0,ADD 7,0,0,0,0,0.0,EGT2CAN,0,1,0,0,0.0
1778953741.3834782,6751.7,12383,-50.0,1,-,0,0,0,0,0.0,-,0,0,0,0,0.0,ECU,1,1,12378,0,0.0,FAN1,0,1,12365,6760,6751.7,COILS,1,1,12400,0,0.0,PUMP,0,0,0,0,0.0,INJECTOR,1,1,12402,0,0.0,SERVO,1,1,12369,0,0.0,ADD 1,0,1,0,0,0.0,ADD 2,0,1,0,0,0.0,ADD 3,0,1,0,0,0.0,ADD 4,0,1,0,0,0.0,ADD 5,0,0,0,0,0.0,ADD 6,0,1,0,0,0.0,ADD 7,0,0,0,0,0.0,EGT2CAN,0,1,0,0,0.0
1778953741.4355733,6750.0,12383,-50.0,1,-,0,0,0,0,0.0,-,0,0,0,0,0.0,ECU,1,1,12378,0,0.0,FAN1,0,1,12365,6740,6750.0,COILS,1,1,12400,0,0.0,PUMP,0,0,0,0,0.0,INJECTOR,1,1,12402,0,0.0,SERVO,1,1,12369,0,0.0,ADD 1,0,1,0,0,0.0,ADD 2,0,1,0,0,0.0,ADD 3,0,1,0,0,0.0,ADD 4,0,1,0,0,0.0,ADD 5,0,0,0,0,0.0,ADD 6,0,1,0,0,0.0,ADD 7,0,0,0,0,0.0,EGT2CAN,0,1,0,0,0.0
1778953741.486476,6751.7,12383,-49.0,1,-,0,0,0,0,0.0,-,0,0,0,0,0.0,ECU,1,1,12380,0,0.0,FAN1,0,1,12378,6770,6751.7,COILS,1,1,12381,0,0.0,PUMP,0,0,0,0,0.0,INJECTOR,1,1,12367,0,0.0,SERVO,1,1,12359,0,0.0,ADD 1,0,1,0,0,0.0,ADD 2,0,1,0,0,0.0,ADD 3,0,1,0,0,0.0,ADD 4,0,1,0,0,0.0,ADD 5,0,0,0,0,0.0,ADD 6,0,1,0,0,0.0,ADD 7,0,0,0,0,0.0,EGT2CAN,0,1,0,0,0.0
1778953741.5497036,6762.5,12380,-50.0,1,-,0,0,0,0,0.0,-,0,0,0,0,0.0,ECU,1,1,12368,0,0.0,FAN1,0,1,12365,6800,6762.5,COILS,1,1,12367,0,0.0,PUMP,0,0,0,0,0.0,INJECTOR,1,1,12366,0,0.0,SERVO,1,1,12351,0,0.0,ADD 1,0,1,0,0,0.0,ADD 2,0,1,0,0,0.0,ADD 3,0,1,0,0,0.0,ADD 4,0,1,0,0,0.0,ADD 5,0,0,0,0,0.0,ADD 6,0,1,0,0,0.0,ADD 7,0,0,0,0,0.0,EGT2CAN,0,1,0,0,0.0
1778953741.6032524,6762.5,12380,-50.0,1,-,0,0,0,0,0.0,-,0,0,0,0,0.0,ECU,1,1,12362,0,0.0,FAN1,0,1,12381,6800,6762.5,COILS,1,1,12367,0,0.0,PUMP,0,0,0,0,0.0,INJECTOR,1,1,12366,0,0.0,SERVO,1,1,12351,0,0.0,ADD 1,0,1,0,0,0.0,ADD 2,0,1,0,0,0.0,ADD 3,0,1,0,0,0.0,ADD 4,0,1,0,0,0.0,ADD 5,0,0,0,0,0.0,ADD 6,0,1,0,0,0.0,ADD 7,0,0,0,0,0.0,EGT2CAN,0,1,0,0,0.0
1778953741.6542099,6780.0,12381,-50.0,1,-,0,0,0,0,0.0,-,0,0,0,0,0.0,ECU,1,1,12365,0,0.0,FAN1,0,1,12381,6790,6780.0,COILS,1,1,12372,0,0.0,PUMP,0,0,0,0,0.0,INJECTOR,1,1,12379,0,0.0,SERVO,1,1,12357,0,0.0,ADD 1,0,1,0,0,0.0,ADD 2,0,1,0,0,0.0,ADD 3,0,1,0,0,0.0,ADD 4,0,1,0,0,0.0,ADD 5,0,0,0,0,0.0,ADD 6,0,1,0,0,0.0,ADD 7,0,0,0,0,0.0,EGT2CAN,0,1,0,0,0.0
1778953741.704843,6780.0,12380,-49.0,1,-,0,0,0,0,0.0,-,0,0,0,0,0.0,ECU,1,1,12369,0,0.0,FAN1,0,1,12373,6780,6780.0,COILS,1,1,12387,0,0.0,PUMP,0,0,0,0,0.0,INJECTOR,1,1,12381,0,0.0,SERVO,1,1,12373,0,0.0,ADD 1,0,1,0,0,0.0,ADD 2,0,1,0,0,0.0,ADD 3,0,1,0,0,0.0,ADD 4,0,1,0,0,0.0,ADD 5,0,0,0,0,0.0,ADD 6,0,1,0,0,0.0,ADD 7,0,0,0,0,0.0,EGT2CAN,0,1,0,0,0.0
1778953741.7706265,6780.0,12380,-49.0,1,-,0,0,0,0,0.0,-,0,0,0,0,0.0,ECU,1,1,12298,0,0.0,FAN1,0,1,12362,6780,6780.0,COILS,1,1,12393,0,0.0,PUMP,0,0,0,0,0.0,INJECTOR,1,1,12379,0,0.0,SERVO,1,1,12323,0,0.0,ADD 1,0,1,0,0,0.0,ADD 2,0,1,0,0,0.0,ADD 3,0,1,0,0,0.0,ADD 4,0,1,0,0,0.0,ADD 5,0,0,0,0,0.0,ADD 6,0,1,0,0,0.0,ADD 7,0,0,0,0,0.0,EGT2CAN,0,1,0,0,0.0
1778953741.823599,6775.0,12382,-49.0,1,-,0,0,0,0,0.0,-,0,0,0,0,0.0,ECU,1,1,12364,0,0.0,FAN1,0,1,12380,6770,6775.0,COILS,1,1,12390,0,0.0,PUMP,0,0,0,0,0.0,INJECTOR,1,1,12387,0,0.0,SERVO,1,1,12346,0,0.0,ADD 1,0,1,0,0,0.0,ADD 2,0,1,0,0,0.0,ADD 3,0,1,0,0,0.0,ADD 4,0,1,0,0,0.0,ADD 5,0,0,0,0,0.0,ADD 6,0,1,0,0,0.0,ADD 7,0,0,0,0,0.0,EGT2CAN,0,1,0,0,0.0
1778953741.8825798,6775.0,12382,-49.0,1,-,0,0,0,0,0.0,-,0,0,0,0,0.0,ECU,1,1,12356,0,0.0,FAN1,0,1,12375,6770,6775.0,COILS,1,1,12390,0,0.0,PUMP,0,0,0,0,0.0,INJECTOR,1,1,12387,0,0.0,SERVO,1,1,12346,0,0.0,ADD 1,0,1,0,0,0.0,ADD 2,0,1,0,0,0.0,ADD 3,0,1,0,0,0.0,ADD 4,0,1,0,0,0.0,ADD 5,0,0,0,0,0.0,ADD 6,0,1,0,0,0.0,ADD 7,0,0,0,0,0.0,EGT2CAN,0,1,0,0,0.0
1778953741.9341025,6765.0,12382,-49.0,1,-,0,0,0,0,0.0,-,0,0,0,0,0.0,ECU,1,1,12356,0,0.0,FAN1,0,1,12375,6780,6765.0,COILS,1,1,12370,0,0.0,PUMP,0,0,0,0,0.0,INJECTOR,1,1,12384,0,0.0,SERVO,1,1,12348,0,0.0,ADD 1,0,1,0,0,0.0,ADD 2,0,1,0,0,0.0,ADD 3,0,1,0,0,0.0,ADD 4,0,1,0,0,0.0,ADD 5,0,0,0,0,0.0,ADD 6,0,1,0,0,0.0,ADD 7,0,0,0,0,0.0,EGT2CAN,0,1,0,0,0.0
1778953741.9846036,6780.0,12385,-49.0,1,-,0,0,0,0,0.0,-,0,0,0,0,0.0,ECU,1,1,12373,0,0.0,FAN1,0,1,12376,6800,6780.0,COILS,1,1,12396,0,0.0,PUMP,0,0,0,0,0.0,INJECTOR,1,1,12395,0,0.0,SERVO,1,1,12371,0,0.0,ADD 1,0,1,0,0,0.0,ADD 2,0,1,0,0,0.0,ADD 3,0,1,0,0,0.0,ADD 4,0,1,0,0,0.0,ADD 5,0,0,0,0,0.0,ADD 6,0,1,0,0,0.0,ADD 7,0,0,0,0,0.0,EGT2CAN,0,1,0,0,0.0
1778953742.0356812,6807.5,12385,-49.0,1,-,0,0,0,0,0.0,-,0,0,0,0,0.0,ECU,1,1,12375,0,0.0,FAN1,0,1,12376,6830,6807.5,COILS,1,1,12390,0,0.0,PUMP,0,0,0,0,0.0,INJECTOR,1,1,12377,0,0.0,SERVO,1,1,12371,0,0.0,ADD 1,0,1,0,0,0.0,ADD 2,0,1,0,0,0.0,ADD 3,0,1,0,0,0.0,ADD 4,0,1,0,0,0.0,ADD 5,0,0,0,0,0.0,ADD 6,0,1,0,0,0.0,ADD 7,0,0,0,0,0.0,EGT2CAN,0,1,0,0,0.0
1778953742.0884492,6807.5,12385,-49.0,1,-,0,0,0,0,0.0,-,0,0,0,0,0.0,ECU,1,1,12375,0,0.0,FAN1,0,1,12376,6830,6807.5,COILS,1,1,12390,0,0.0,PUMP,0,0,0,0,0.0,INJECTOR,1,1,12377,0,0.0,SERVO,1,1,12371,0,0.0,ADD 1,0,1,0,0,0.0,ADD 2,0,1,0,0,0.0,ADD 3,0,1,0,0,0.0,ADD 4,0,1,0,0,0.0,ADD 5,0,0,0,0,0.0,ADD 6,0,1,0,0,0.0,ADD 7,0,0,0,0,0.0,EGT2CAN,0,1,0,0,0.0
1778953742.1389294,6820.0,12385,-49.0,1,-,0,0,0,0,0.0,-,0,0,0,0,0.0,ECU,1,1,12381,0,0.0,FAN1,0,1,12381,6830,6820.0,COILS,1,1,12402,0,0.0,PUMP,0,0,0,0,0.0,INJECTOR,1,1,12378,0,0.0,SERVO,1,1,12361,0,0.0,ADD 1,0,1,0,0,0.0,ADD 2,0,1,0,0,0.0,ADD 3,0,1,0,0,0.0,ADD 4,0,1,0,0,0.0,ADD 5,0,0,0,0,0.0,ADD 6,0,1,0,0,0.0,ADD 7,0,0,0,0,0.0,EGT2CAN,0,1,0,0,0.0
1778953742.1898396,6802.5,12385,-49.0,1,-,0,0,0,0,0.0,-,0,0,0,0,0.0,ECU,1,1,12383,0,0.0,FAN1,0,1,12386,6760,6802.5,COILS,1,1,12400,0,0.0,PUMP,0,0,0,0,0.0,INJECTOR,1,1,12388,0,0.0,SERVO,1,1,12362,0,0.0,ADD 1,0,1,0,0,0.0,ADD 2,0,1,0,0,0.0,ADD 3,0,1,0,0,0.0,ADD 4,0,1,0,0,0.0,ADD 5,0,0,0,0,0.0,ADD 6,0,1,0,0,0.0,ADD 7,0,0,0,0,0.0,EGT2CAN,0,1,0,0,0.0
1778953742.256344,6802.5,12385,-49.0,1,-,0,0,0,0,0.0,-,0,0,0,0,0.0,ECU,1,1,12373,0,0.0,FAN1,0,1,12364,6760,6802.5,COILS,1,1,12402,0,0.0,PUMP,0,0,0,0,0.0,INJECTOR,1,1,12392,0,0.0,SERVO,1,1,12357,0,0.0,ADD 1,0,1,0,0,0.0,ADD 2,0,1,0,0,0.0,ADD 3,0,1,0,0,0.0,ADD 4,0,1,0,0,0.0,ADD 5,0,0,0,0,0.0,ADD 6,0,1,0,0,0.0,ADD 7,0,0,0,0,0.0,EGT2CAN,0,1,0,0,0.0
1778953742.3066642,6760.0,12386,-49.0,1,-,0,0,0,0,0.0,-,0,0,0,0,0.0,ECU,1,1,12382,0,0.0,FAN1,0,1,12371,6690,6760.0,COILS,1,1,12392,0,0.0,PUMP,0,0,0,0,0.0,INJECTOR,1,1,12393,0,0.0,SERVO,1,1,12371,0,0.0,ADD 1,0,1,0,0,0.0,ADD 2,0,1,0,0,0.0,ADD 3,0,1,0,0,0.0,ADD 4,0,1,0,0,0.0,ADD 5,0,0,0,0,0.0,ADD 6,0,1,0,0,0.0,ADD 7,0,0,0,0,0.0,EGT2CAN,0,1,0,0,0.0
1778953742.3577254,6751.7,12387,-49.0,1,-,0,0,0,0,0.0,-,0,0,0,0,0.0,ECU,1,1,12380,0,0.0,FAN1,0,1,12370,6710,6751.7,COILS,1,1,12404,0,0.0,PUMP,0,0,0,0,0.0,INJECTOR,1,1,12397,0,0.0,SERVO,1,1,12365,0,0.0,ADD 1,0,1,0,0,0.0,ADD 2,0,1,0,0,0.0,ADD 3,0,1,0,0,0.0,ADD 4,0,1,0,0,0.0,ADD 5,0,0,0,0,0.0,ADD 6,0,1,0,0,0.0,ADD 7,0,0,0,0,0.0,EGT2CAN,0,1,0,0,0.0
1778953742.411266,6720.0,12388,-49.0,1,-,0,0,0,0,0.0,-,0,0,0,0,0.0,ECU,1,1,12366,0,0.0,FAN1,0,1,12371,6710,6720.0,COILS,1,1,12400,0,0.0,PUMP,0,0,0,0,0.0,INJECTOR,1,1,12391,0,0.0,SERVO,1,1,12361,0,0.0,ADD 1,0,1,0,0,0.0,ADD 2,0,1,0,0,0.0,ADD 3,0,1,0,0,0.0,ADD 4,0,1,0,0,0.0,ADD 5,0,0,0,0,0.0,ADD 6,0,1,0,0,0.0,ADD 7,0,0,0,0,0.0,EGT2CAN,0,1,0,0,0.0
1778953742.4619853,6720.0,12388,-49.0,1,-,0,0,0,0,0.0,-,0,0,0,0,0.0,ECU,1,1,12344,0,0.0,FAN1,0,1,12366,6710,6720.0,COILS,1,1,12406,0,0.0,PUMP,0,0,0,0,0.0,INJECTOR,1,1,12385,0,0.0,SERVO,1,1,12351,0,0.0,ADD 1,0,1,0,0,0.0,ADD 2,0,1,0,0,0.0,ADD 3,0,1,0,0,0.0,ADD 4,0,1,0,0,0.0,ADD 5,0,0,0,0,0.0,ADD 6,0,1,0,0,0.0,ADD 7,0,0,0,0,0.0,EGT2CAN,0,1,0,0,0.0
1778953742.516894,6716.0,12384,-49.0,1,-,0,0,0,0,0.0,-,0,0,0,0,0.0,ECU,1,1,12363,0,0.0,FAN1,0,1,12368,6750,6716.0,COILS,1,1,12382,0,0.0,PUMP,0,0,0,0,0.0,INJECTOR,1,1,12379,0,0.0,SERVO,1,1,12366,0,0.0,ADD 1,0,1,0,0,0.0,ADD 2,0,1,0,0,0.0,ADD 3,0,1,0,0,0.0,ADD 4,0,1,0,0,0.0,ADD 5,0,0,0,0,0.0,ADD 6,0,1,0,0,0.0,ADD 7,0,0,0,0,0.0,EGT2CAN,0,1,0,0,0.0
1778953742.5740318,6716.0,12384,-49.0,1,-,0,0,0,0,0.0,-,0,0,0,0,0.0,ECU,1,1,12365,0,0.0,FAN1,0,1,12365,6750,6716.0,COILS,1,1,12391,0,0.0,PUMP,0,0,0,0,0.0,INJECTOR,1,1,12384,0,0.0,SERVO,1,1,12340,0,0.0,ADD 1,0,1,0,0,0.0,ADD 2,0,1,0,0,0.0,ADD 3,0,1,0,0,0.0,ADD 4,0,1,0,0,0.0,ADD 5,0,0,0,0,0.0,ADD 6,0,1,0,0,0.0,ADD 7,0,0,0,0,0.0,EGT2CAN,0,1,0,0,0.0
1778953742.6248448,6760.0,12384,-49.0,1,-,0,0,0,0,0.0,-,0,0,0,0,0.0,ECU,1,1,12376,0,0.0,FAN1,0,1,12366,6780,6760.0,COILS,1,1,12400,0,0.0,PUMP,0,0,0,0,0.0,INJECTOR,1,1,12366,0,0.0,SERVO,1,1,12311,0,0.0,ADD 1,0,1,0,0,0.0,ADD 2,0,1,0,0,0.0,ADD 3,0,1,0,0,0.0,ADD 4,0,1,0,0,0.0,ADD 5,0,0,0,0,0.0,ADD 6,0,1,0,0,0.0,ADD 7,0,0,0,0,0.0,EGT2CAN,0,1,0,0,0.0
1778953742.682756,6760.0,12384,-49.0,1,-,0,0,0,0,0.0,-,0,0,0,0,0.0,ECU,1,1,12358,0,0.0,FAN1,0,1,12337,6780,6760.0,COILS,1,1,12381,0,0.0,PUMP,0,0,0,0,0.0,INJECTOR,1,1,12366,0,0.0,SERVO,1,1,12336,0,0.0,ADD 1,0,1,0,0,0.0,ADD 2,0,1,0,0,0.0,ADD 3,0,1,0,0,0.0,ADD 4,0,1,0,0,0.0,ADD 5,0,0,0,0,0.0,ADD 6,0,1,0,0,0.0,ADD 7,0,0,0,0,0.0,EGT2CAN,0,1,0,0,0.0
1778953742.737631,6787.5,12384,-50.0,1,-,0,0,0,0,0.0,-,0,0,0,0,0.0,ECU,1,1,12358,0,0.0,FAN1,0,1,12337,6820,6787.5,COILS,1,1,12381,0,0.0,PUMP,0,0,0,0,0.0,INJECTOR,1,1,12366,0,0.0,SERVO,1,1,12336,0,0.0,ADD 1,0,1,0,0,0.0,ADD 2,0,1,0,0,0.0,ADD 3,0,1,0,0,0.0,ADD 4,0,1,0,0,0.0,ADD 5,0,0,0,0,0.0,ADD 6,0,1,0,0,0.0,ADD 7,0,0,0,0,0.0,EGT2CAN,0,1,0,0,0.0
1778953742.7879243,6786.0,12385,-50.0,1,-,0,0,0,0,0.0,-,0,0,0,0,0.0,ECU,1,1,12372,0,0.0,FAN1,0,1,12336,6770,6786.0,COILS,1,1,12380,0,0.0,PUMP,0,0,0,0,0.0,INJECTOR,1,1,12378,0,0.0,SERVO,1,1,12343,0,0.0,ADD 1,0,1,0,0,0.0,ADD 2,0,1,0,0,0.0,ADD 3,0,1,0,0,0.0,ADD 4,0,1,0,0,0.0,ADD 5,0,0,0,0,0.0,ADD 6,0,1,0,0,0.0,ADD 7,0,0,0,0,0.0,EGT2CAN,0,1,0,0,0.0
1778953742.8469384,6787.5,12386,-49.0,1,-,0,0,0,0,0.0,-,0,0,0,0,0.0,ECU,1,1,12381,0,0.0,FAN1,0,1,12354,6770,6787.5,COILS,1,1,12383,0,0.0,PUMP,0,0,0,0,0.0,INJECTOR,1,1,12353,0,0.0,SERVO,1,1,12356,0,0.0,ADD 1,0,1,0,0,0.0,ADD 2,0,1,0,0,0.0,ADD 3,0,1,0,0,0.0,ADD 4,0,1,0,0,0.0,ADD 5,0,0,0,0,0.0,ADD 6,0,1,0,0,0.0,ADD 7,0,0,0,0,0.0,EGT2CAN,0,1,0,0,0.0
1778953742.9028137,6787.5,12386,-49.0,1,-,0,0,0,0,0.0,-,0,0,0,0,0.0,ECU,1,1,12395,0,0.0,FAN1,0,1,12367,6770,6787.5,COILS,1,1,12383,0,0.0,PUMP,0,0,0,0,0.0,INJECTOR,1,1,12353,0,0.0,SERVO,1,1,12356,0,0.0,ADD 1,0,1,0,0,0.0,ADD 2,0,1,0,0,0.0,ADD 3,0,1,0,0,0.0,ADD 4,0,1,0,0,0.0,ADD 5,0,0,0,0,0.0,ADD 6,0,1,0,0,0.0,ADD 7,0,0,0,0,0.0,EGT2CAN,0,1,0,0,0.0
1778953742.9537957,6772.5,12386,-49.0,1,-,0,0,0,0,0.0,-,0,0,0,0,0.0,ECU,1,1,12395,0,0.0,FAN1,0,1,12367,6760,6772.5,COILS,1,1,12392,0,0.0,PUMP,0,0,0,0,0.0,INJECTOR,1,1,12354,0,0.0,SERVO,1,1,12353,0,0.0,ADD 1,0,1,0,0,0.0,ADD 2,0,1,0,0,0.0,ADD 3,0,1,0,0,0.0,ADD 4,0,1,0,0,0.0,ADD 5,0,0,0,0,0.0,ADD 6,0,1,0,0,0.0,ADD 7,0,0,0,0,0.0,EGT2CAN,0,1,0,0,0.0
1778953743.0045698,6760.0,12386,-51.0,1,-,0,0,0,0,0.0,-,0,0,0,0,0.0,ECU,1,1,12369,0,0.0,FAN1,0,1,12359,6740,6760.0,COILS,1,1,12376,0,0.0,PUMP,0,0,0,0,0.0,INJECTOR,1,1,12379,0,0.0,SERVO,1,1,12358,0,0.0,ADD 1,0,1,0,0,0.0,ADD 2,0,1,0,0,0.0,ADD 3,0,1,0,0,0.0,ADD 4,0,1,0,0,0.0,ADD 5,0,0,0,0,0.0,ADD 6,0,1,0,0,0.0,ADD 7,0,0,0,0,0.0,EGT2CAN,0,1,0,0,0.0
1778953743.0555766,6747.5,12387,-49.0,1,-,0,0,0,0,0.0,-,0,0,0,0,0.0,ECU,1,1,12356,0,0.0,FAN1,0,1,12364,6730,6747.5,COILS,1,1,12388,0,0.0,PUMP,0,0,0,0,0.0,INJECTOR,1,1,12398,0,0.0,SERVO,1,1,12365,0,0.0,ADD 1,0,1,0,0,0.0,ADD 2,0,1,0,0,0.0,ADD 3,0,1,0,0,0.0,ADD 4,0,1,0,0,0.0,ADD 5,0,0,0,0,0.0,ADD 6,0,1,0,0,0.0,ADD 7,0,0,0,0,0.0,EGT2CAN,0,1,0,0,0.0
1778953743.106654,6740.0,12387,-49.0,1,-,0,0,0,0,0.0,-,0,0,0,0,0.0,ECU,1,1,12393,0,0.0,FAN1,0,1,12359,6710,6740.0,COILS,1,1,12397,0,0.0,PUMP,0,0,0,0,0.0,INJECTOR,1,1,12388,0,0.0,SERVO,1,1,12359,0,0.0,ADD 1,0,1,0,0,0.0,ADD 2,0,1,0,0,0.0,ADD 3,0,1,0,0,0.0,ADD 4,0,1,0,0,0.0,ADD 5,0,0,0,0,0.0,ADD 6,0,1,0,0,0.0,ADD 7,0,0,0,0,0.0,EGT2CAN,0,1,0,0,0.0
1778953743.1573288,6740.0,12388,-50.0,1,-,0,0,0,0,0.0,-,0,0,0,0,0.0,ECU,1,1,12373,0,0.0,FAN1,0,1,12359,6710,6740.0,COILS,1,1,12397,0,0.0,PUMP,0,0,0,0,0.0,INJECTOR,1,1,12388,0,0.0,SERVO,1,1,12359,0,0.0,ADD 1,0,1,0,0,0.0,ADD 2,0,1,0,0,0.0,ADD 3,0,1,0,0,0.0,ADD 4,0,1,0,0,0.0,ADD 5,0,0,0,0,0.0,ADD 6,0,1,0,0,0.0,ADD 7,0,0,0,0,0.0,EGT2CAN,0,1,0,0,0.0
1778953743.2199972,6730.0,12384,-49.0,1,-,0,0,0,0,0.0,-,0,0,0,0,0.0,ECU,1,1,12380,0,0.0,FAN1,0,1,12390,6730,6730.0,COILS,1,1,12402,0,0.0,PUMP,0,0,0,0,0.0,INJECTOR,1,1,12405,0,0.0,SERVO,1,1,12360,0,0.0,ADD 1,0,1,0,0,0.0,ADD 2,0,1,0,0,0.0,ADD 3,0,1,0,0,0.0,ADD 4,0,1,0,0,0.0,ADD 5,0,0,0,0,0.0,ADD 6,0,1,0,0,0.0,ADD 7,0,0,0,0,0.0,EGT2CAN,0,1,0,0,0.0
1778953743.2749877,6730.0,12384,-49.0,1,-,0,0,0,0,0.0,-,0,0,0,0,0.0,ECU,1,1,12378,0,0.0,FAN1,0,1,12366,6730,6730.0,COILS,1,1,12388,0,0.0,PUMP,0,0,0,0,0.0,INJECTOR,1,1,12381,0,0.0,SERVO,1,1,12356,0,0.0,ADD 1,0,1,0,0,0.0,ADD 2,0,1,0,0,0.0,ADD 3,0,1,0,0,0.0,ADD 4,0,1,0,0,0.0,ADD 5,0,0,0,0,0.0,ADD 6,0,1,0,0,0.0,ADD 7,0,0,0,0,0.0,EGT2CAN,0,1,0,0,0.0
1778953743.3269155,6735.0,12386,-49.0,1,-,0,0,0,0,0.0,-,0,0,0,0,0.0,ECU,1,1,12386,0,0.0,FAN1,0,1,12354,6750,6735.0,COILS,1,1,12388,0,0.0,PUMP,0,0,0,0,0.0,INJECTOR,1,1,12381,0,0.0,SERVO,1,1,12335,0,0.0,ADD 1,0,1,0,0,0.0,ADD 2,0,1,0,0,0.0,ADD 3,0,1,0,0,0.0,ADD 4,0,1,0,0,0.0,ADD 5,0,0,0,0,0.0,ADD 6,0,1,0,0,0.0,ADD 7,0,0,0,0,0.0,EGT2CAN,0,1,0,0,0.0
1778953743.3812764,6744.0,12386,-49.0,1,-,0,0,0,0,0.0,-,0,0,0,0,0.0,ECU,1,1,12371,0,0.0,FAN1,0,1,12354,6780,6744.0,COILS,1,1,12397,0,0.0,PUMP,0,0,0,0,0.0,INJECTOR,1,1,12391,0,0.0,SERVO,1,1,12356,0,0.0,ADD 1,0,1,0,0,0.0,ADD 2,0,1,0,0,0.0,ADD 3,0,1,0,0,0.0,ADD 4,0,1,0,0,0.0,ADD 5,0,0,0,0,0.0,ADD 6,0,1,0,0,0.0,ADD 7,0,0,0,0,0.0,EGT2CAN,0,1,0,0,0.0
1778953743.432954,6765.0,12386,-51.0,1,-,0,0,0,0,0.0,-,0,0,0,0,0.0,ECU,1,1,12371,0,0.0,FAN1,0,1,12354,6780,6765.0,COILS,1,1,12397,0,0.0,PUMP,0,0,0,0,0.0,INJECTOR,1,1,12391,0,0.0,SERVO,1,1,12356,0,0.0,ADD 1,0,1,0,0,0.0,ADD 2,0,1,0,0,0.0,ADD 3,0,1,0,0,0.0,ADD 4,0,1,0,0,0.0,ADD 5,0,0,0,0,0.0,ADD 6,0,1,0,0,0.0,ADD 7,0,0,0,0,0.0,EGT2CAN,0,1,0,0,0.0
1778953743.4854443,6765.0,12386,-51.0,1,-,0,0,0,0,0.0,-,0,0,0,0,0.0,ECU,1,1,12370,0,0.0,FAN1,0,1,12369,6780,6765.0,COILS,1,1,12401,0,0.0,PUMP,0,0,0,0,0.0,INJECTOR,1,1,12371,0,0.0,SERVO,1,1,12370,0,0.0,ADD 1,0,1,0,0,0.0,ADD 2,0,1,0,0,0.0,ADD 3,0,1,0,0,0.0,ADD 4,0,1,0,0,0.0,ADD 5,0,0,0,0,0.0,ADD 6,0,1,0,0,0.0,ADD 7,0,0,0,0,0.0,EGT2CAN,0,1,0,0,0.0
1778953743.5356288,6775.0,12384,-49.0,1,-,0,0,0,0,0.0,-,0,0,0,0,0.0,ECU,1,1,12378,0,0.0,FAN1,0,1,12353,6790,6775.0,COILS,1,1,12377,0,0.0,PUMP,0,0,0,0,0.0,INJECTOR,1,1,12384,0,0.0,SERVO,1,1,12365,0,0.0,ADD 1,0,1,0,0,0.0,ADD 2,0,1,0,0,0.0,ADD 3,0,1,0,0,0.0,ADD 4,0,1,0,0,0.0,ADD 5,0,0,0,0,0.0,ADD 6,0,1,0,0,0.0,ADD 7,0,0,0,0,0.0,EGT2CAN,0,1,0,0,0.0
1778953743.5961692,6780.0,12380,-49.0,1,-,0,0,0,0,0.0,-,0,0,0,0,0.0,ECU,1,1,12383,0,0.0,FAN1,0,1,12364,6780,6780.0,COILS,1,1,12380,0,0.0,PUMP,0,0,0,0,0.0,INJECTOR,1,1,12404,0,0.0,SERVO,1,1,12361,0,0.0,ADD 1,0,1,0,0,0.0,ADD 2,0,1,0,0,0.0,ADD 3,0,1,0,0,0.0,ADD 4,0,1,0,0,0.0,ADD 5,0,0,0,0,0.0,ADD 6,0,1,0,0,0.0,ADD 7,0,0,0,0,0.0,EGT2CAN,0,1,0,0,0.0
1778953743.6477082,6780.0,12380,-49.0,1,-,0,0,0,0,0.0,-,0,0,0,0,0.0,ECU,1,1,12383,0,0.0,FAN1,0,0,12364,6780,6780.0,COILS,1,1,12380,0,0.0,PUMP,0,0,0,0,0.0,INJECTOR,1,1,12404,0,0.0,SERVO,1,1,12361,0,0.0,ADD 1,0,1,0,0,0.0,ADD 2,0,1,0,0,0.0,ADD 3,0,1,0,0,0.0,ADD 4,0,1,0,0,0.0,ADD 5,0,0,0,0,0.0,ADD 6,0,1,0,0,0.0,ADD 7,0,0,0,0,0.0,EGT2CAN,0,1,0,0,0.0
1778953743.6986153,5230.0,12410,-49.0,1,-,0,0,0,0,0.0,-,0,0,0,0,0.0,ECU,1,1,12547,0,0.0,FAN1,0,0,9894,1120,5230.0,COILS,1,1,12549,0,0.0,PUMP,0,0,0,0,0.0,INJECTOR,1,1,12550,0,0.0,SERVO,1,1,12512,0,0.0,ADD 1,0,1,0,0,0.0,ADD 2,0,1,0,0,0.0,ADD 3,0,1,0,0,0.0,ADD 4,0,1,0,0,0.0,ADD 5,0,0,0,0,0.0,ADD 6,0,1,0,0,0.0,ADD 7,0,0,0,0,0.0,EGT2CAN,0,1,0,0,0.0
1778953743.7535489,3644.0,12437,-50.0,1,-,0,0,0,0,0.0,-,0,0,0,0,0.0,ECU,1,1,12587,0,0.0,FAN1,0,0,9569,390,3644.0,COILS,1,1,12577,0,0.0,PUMP,0,0,0,0,0.0,INJECTOR,1,1,12579,0,0.0,SERVO,1,1,12562,0,0.0,ADD 1,0,1,0,0,0.0,ADD 2,0,1,0,0,0.0,ADD 3,0,1,0,0,0.0,ADD 4,0,1,0,0,0.0,ADD 5,0,0,0,0,0.0,ADD 6,0,1,0,0,0.0,ADD 7,0,0,0,0,0.0,EGT2CAN,0,1,0,0,0.0
1778953743.8056982,3644.0,12437,-50.0,1,-,0,0,0,0,0.0,-,0,0,0,0,0.0,ECU,1,1,12597,0,0.0,FAN1,0,0,8123,390,3644.0,COILS,1,1,12577,0,0.0,PUMP,0,0,0,0,0.0,INJECTOR,1,1,12579,0,0.0,SERVO,1,1,12562,0,0.0,ADD 1,0,1,0,0,0.0,ADD 2,0,1,0,0,0.0,ADD 3,0,1,0,0,0.0,ADD 4,0,1,0,0,0.0,ADD 5,0,0,0,0,0.0,ADD 6,0,1,0,0,0.0,ADD 7,0,0,0,0,0.0,EGT2CAN,0,1,0,0,0.0
1778953743.856216,964.0,12459,-49.0,1,-,0,0,0,0,0.0,-,0,0,0,0,0.0,ECU,1,1,12597,0,0.0,FAN1,0,0,8182,40,964.0,COILS,1,1,12611,0,0.0,PUMP,0,0,0,0,0.0,INJECTOR,1,1,12617,0,0.0,SERVO,1,1,12587,0,0.0,ADD 1,0,1,0,0,0.0,ADD 2,0,1,0,0,0.0,ADD 3,0,1,0,0,0.0,ADD 4,0,1,0,0,0.0,ADD 5,0,0,0,0,0.0,ADD 6,0,1,0,0,0.0,ADD 7,0,0,0,0,0.0,EGT2CAN,0,1,0,0,0.0
1778953743.9114482,805.0,12474,-49.0,1,-,0,0,0,0,0.0,-,0,0,0,0,0.0,ECU,1,1,12596,0,0.0,FAN1,0,0,7818,10,805.0,COILS,1,1,12610,0,0.0,PUMP,0,0,0,0,0.0,INJECTOR,1,1,12616,0,0.0,SERVO,1,1,12581,0,0.0,ADD 1,0,1,0,0,0.0,ADD 2,0,1,0,0,0.0,ADD 3,0,1,0,0,0.0,ADD 4,0,1,0,0,0.0,ADD 5,0,0,0,0,0.0,ADD 6,0,1,0,0,0.0,ADD 7,0,0,0,0,0.0,EGT2CAN,0,1,0,0,0.0
1778953743.963226,805.0,12474,-49.0,1,-,0,0,0,0,0.0,-,0,0,0,0,0.0,ECU,1,1,12585,0,0.0,FAN1,0,0,7672,10,805.0,COILS,1,1,12602,0,0.0,PUMP,0,0,0,0,0.0,INJECTOR,1,1,12624,0,0.0,SERVO,1,1,12582,0,0.0,ADD 1,0,1,0,0,0.0,ADD 2,0,1,0,0,0.0,ADD 3,0,1,0,0,0.0,ADD 4,0,1,0,0,0.0,ADD 5,0,0,0,0,0.0,ADD 6,0,1,0,0,0.0,ADD 7,0,0,0,0,0.0,EGT2CAN,0,1,0,0,0.0
1778953744.0137699,36.0,12502,-49.0,1,-,0,0,0,0,0.0,-,0,0,0,0,0.0,ECU,1,1,12604,0,0.0,FAN1,0,0,6596,0,36.0,COILS,1,1,12610,0,0.0,PUMP,0,0,0,0,0.0,INJECTOR,1,1,12607,0,0.0,SERVO,1,1,12586,0,0.0,ADD 1,0,1,0,0,0.0,ADD 2,0,1,0,0,0.0,ADD 3,0,1,0,0,0.0,ADD 4,0,1,0,0,0.0,ADD 5,0,0,0,0,0.0,ADD 6,0,1,0,0,0.0,ADD 7,0,0,0,0,0.0,EGT2CAN,0,1,0,0,0.0
1778953744.06499,30.0,12514,-49.0,1,-,0,0,0,0,0.0,-,0,0,0,0,0.0,ECU,1,1,12604,0,0.0,FAN1,0,0,6596,0,30.0,COILS,1,1,12610,0,0.0,PUMP,0,0,0,0,0.0,INJECTOR,1,1,12607,0,0.0,SERVO,1,1,12586,0,0.0,ADD 1,0,1,0,0,0.0,ADD 2,0,1,0,0,0.0,ADD 3,0,1,0,0,0.0,ADD 4,0,1,0,0,0.0,ADD 5,0,0,0,0,0.0,ADD 6,0,1,0,0,0.0,ADD 7,0,0,0,0,0.0,EGT2CAN,0,1,0,0,0.0
1778953744.1168091,30.0,12514,-49.0,1,-,0,0,0,0,0.0,-,0,0,0,0,0.0,ECU,1,1,12611,0,0.0,FAN1,0,0,6218,0,30.0,COILS,1,1,12619,0,0.0,PUMP,0,0,0,0,0.0,INJECTOR,1,1,12597,0,0.0,SERVO,1,1,12586,0,0.0,ADD 1,0,1,0,0,0.0,ADD 2,0,1,0,0,0.0,ADD 3,0,1,0,0,0.0,ADD 4,0,1,0,0,0.0,ADD 5,0,0,0,0,0.0,ADD 6,0,1,0,0,0.0,ADD 7,0,0,0,0,0.0,EGT2CAN,0,1,0,0,0.0
1778953744.1677735,0.0,12534,-49.0,1,-,0,0,0,0,0.0,-,0,0,0,0,0.0,ECU,1,1,12615,0,0.0,FAN1,0,0,6098,0,0.0,COILS,1,1,12608,0,0.0,PUMP,0,0,0,0,0.0,INJECTOR,1,1,12616,0,0.0,SERVO,1,1,12586,0,0.0,ADD 1,0,1,0,0,0.0,ADD 2,0,1,0,0,0.0,ADD 3,0,1,0,0,0.0,ADD 4,0,1,0,0,0.0,ADD 5,0,0,0,0,0.0,ADD 6,0,1,0,0,0.0,ADD 7,0,0,0,0,0.0,EGT2CAN,0,1,0,0,0.0
1778953744.2197065,0.0,12544,-51.0,1,-,0,0,0,0,0.0,-,0,0,0,0,0.0,ECU,1,1,12615,0,0.0,FAN1,0,0,6098,0,0.0,COILS,1,1,12608,0,0.0,PUMP,0,0,0,0,0.0,INJECTOR,1,1,12616,0,0.0,SERVO,1,1,12586,0,0.0,ADD 1,0,1,0,0,0.0,ADD 2,0,1,0,0,0.0,ADD 3,0,1,0,0,0.0,ADD 4,0,1,0,0,0.0,ADD 5,0,0,0,0,0.0,ADD 6,0,1,0,0,0.0,ADD 7,0,0,0,0,0.0,EGT2CAN,0,1,0,0,0.0
1778953744.270944,0.0,12544,-51.0,1,-,0,0,0,0,0.0,-,0,0,0,0,0.0,ECU,1,1,12615,0,0.0,FAN1,0,0,5809,0,0.0,COILS,1,1,12622,0,0.0,PUMP,0,0,0,0,0.0,INJECTOR,1,1,12616,0,0.0,SERVO,1,1,12586,0,0.0,ADD 1,0,1,0,0,0.0,ADD 2,0,1,0,0,0.0,ADD 3,0,1,0,0,0.0,ADD 4,0,1,0,0,0.0,ADD 5,0,0,0,0,0.0,ADD 6,0,1,0,0,0.0,ADD 7,0,0,0,0,0.0,EGT2CAN,0,1,0,0,0.0
1778953744.3219213,0.0,12563,-50.0,1,-,0,0,0,0,0.0,-,0,0,0,0,0.0,ECU,1,1,12617,0,0.0,FAN1,0,0,5780,0,0.0,COILS,1,1,12617,0,0.0,PUMP,0,0,0,0,0.0,INJECTOR,1,1,12608,0,0.0,SERVO,1,1,12600,0,0.0,ADD 1,0,1,0,0,0.0,ADD 2,0,1,0,0,0.0,ADD 3,0,1,0,0,0.0,ADD 4,0,1,0,0,0.0,ADD 5,0,0,0,0,0.0,ADD 6,0,1,0,0,0.0,ADD 7,0,0,0,0,0.0,EGT2CAN,0,1,0,0,0.0
1778953744.372922,0.0,12563,-50.0,1,-,0,0,0,0,0.0,-,0,0,0,0,0.0,ECU,1,1,12617,0,0.0,FAN1,0,0,5780,0,0.0,COILS,1,1,12617,0,0.0,PUMP,0,0,0,0,0.0,INJECTOR,1,1,12608,0,0.0,SERVO,1,1,12600,0,0.0,ADD 1,0,1,0,0,0.0,ADD 2,0,1,0,0,0.0,ADD 3,0,1,0,0,0.0,ADD 4,0,1,0,0,0.0,ADD 5,0,0,0,0,0.0,ADD 6,0,1,0,0,0.0,ADD 7,0,0,0,0,0.0,EGT2CAN,0,1,0,0,0.0
1778953744.4231186,0.0,12563,-50.0,1,-,0,0,0,0,0.0,-,0,0,0,0,0.0,ECU,1,1,12614,0,0.0,FAN1,0,0,5373,0,0.0,COILS,1,1,12634,0,0.0,PUMP,0,0,0,0,0.0,INJECTOR,1,1,12618,0,0.0,SERVO,1,1,12605,0,0.0,ADD 1,0,1,0,0,0.0,ADD 2,0,1,0,0,0.0,ADD 3,0,1,0,0,0.0,ADD 4,0,1,0,0,0.0,ADD 5,0,0,0,0,0.0,ADD 6,0,1,0,0,0.0,ADD 7,0,0,0,0,0.0,EGT2CAN,0,1,0,0,0.0
1778953744.473679,0.0,12572,-50.0,1,-,0,0,0,0,0.0,-,0,0,0,0,0.0,ECU,1,1,12626,0,0.0,FAN1,0,0,4532,0,0.0,COILS,1,1,12630,0,0.0,PUMP,0,0,0,0,0.0,INJECTOR,1,1,12619,0,0.0,SERVO,1,1,12608,0,0.0,ADD 1,0,1,0,0,0.0,ADD 2,0,1,0,0,0.0,ADD 3,0,1,0,0,0.0,ADD 4,0,1,0,0,0.0,ADD 5,0,0,0,0,0.0,ADD 6,0,1,0,0,0.0,ADD 7,0,0,0,0,0.0,EGT2CAN,0,1,0,0,0.0
1778953744.5244005,0.0,12572,-50.0,1,-,0,0,0,0,0.0,-,0,0,0,0,0.0,ECU,1,1,12626,0,0.0,FAN1,0,0,4532,0,0.0,COILS,1,1,12630,0,0.0,PUMP,0,0,0,0,0.0,INJECTOR,1,1,12619,0,0.0,SERVO,1,1,12608,0,0.0,ADD 1,0,1,0,0,0.0,ADD 2,0,1,0,0,0.0,ADD 3,0,1,0,0,0.0,ADD 4,0,1,0,0,0.0,ADD 5,0,0,0,0,0.0,ADD 6,0,1,0,0,0.0,ADD 7,0,0,0,0,0.0,EGT2CAN,0,1,0,0,0.0
1778953744.5762777,0.0,12572,-50.0,1,-,0,0,0,0,0.0,-,0,0,0,0,0.0,ECU,1,1,12618,0,0.0,FAN1,0,0,4208,0,0.0,COILS,1,1,12624,0,0.0,PUMP,0,0,0,0,0.0,INJECTOR,1,1,12624,0,0.0,SERVO,1,1,12600,0,0.0,ADD 1,0,1,0,0,0.0,ADD 2,0,1,0,0,0.0,ADD 3,0,1,0,0,0.0,ADD 4,0,1,0,0,0.0,ADD 5,0,0,0,0,0.0,ADD 6,0,1,0,0,0.0,ADD 7,0,0,0,0,0.0,EGT2CAN,0,1,0,0,0.0
1778953744.627193,0.0,12595,-50.0,1,-,0,0,0,0,0.0,-,0,0,0,0,0.0,ECU,1,1,12628,0,0.0,FAN1,0,0,3965,0,0.0,COILS,1,1,12623,0,0.0,PUMP,0,0,0,0,0.0,INJECTOR,1,1,12618,0,0.0,SERVO,1,1,12601,0,0.0,ADD 1,0,1,0,0,0.0,ADD 2,0,1,0,0,0.0,ADD 3,0,1,0,0,0.0,ADD 4,0,1,0,0,0.0,ADD 5,0,0,0,0,0.0,ADD 6,0,1,0,0,0.0,ADD 7,0,0,0,0,0.0,EGT2CAN,0,1,0,0,0.0
1778953744.6819274,0.0,12595,-50.0,1,-,0,0,0,0,0.0,-,0,0,0,0,0.0,ECU,1,1,12628,0,0.0,FAN1,0,0,3965,0,0.0,COILS,1,1,12623,0,0.0,PUMP,0,0,0,0,0.0,INJECTOR,1,1,12618,0,0.0,SERVO,1,1,12601,0,0.0,ADD 1,0,1,0,0,0.0,ADD 2,0,1,0,0,0.0,ADD 3,0,1,0,0,0.0,ADD 4,0,1,0,0,0.0,ADD 5,0,0,0,0,0.0,ADD 6,0,1,0,0,0.0,ADD 7,0,0,0,0,0.0,EGT2CAN,0,1,0,0,0.0
1778953744.7337205,0.0,12595,-50.0,1,-,0,0,0,0,0.0,-,0,0,0,0,0.0,ECU,1,1,12627,0,0.0,FAN1,0,0,3887,0,0.0,COILS,1,1,12623,0,0.0,PUMP,0,0,0,0,0.0,INJECTOR,1,1,12618,0,0.0,SERVO,1,1,12591,0,0.0,ADD 1,0,1,0,0,0.0,ADD 2,0,1,0,0,0.0,ADD 3,0,1,0,0,0.0,ADD 4,0,1,0,0,0.0,ADD 5,0,0,0,0,0.0,ADD 6,0,1,0,0,0.0,ADD 7,0,0,0,0,0.0,EGT2CAN,0,1,0,0,0.0
1778953744.784244,0.0,12604,-50.0,1,-,0,0,0,0,0.0,-,0,0,0,0,0.0,ECU,1,1,12609,0,0.0,FAN1,0,0,3490,0,0.0,COILS,1,1,12631,0,0.0,PUMP,0,0,0,0,0.0,INJECTOR,1,1,12632,0,0.0,SERVO,1,1,12603,0,0.0,ADD 1,0,1,0,0,0.0,ADD 2,0,1,0,0,0.0,ADD 3,0,1,0,0,0.0,ADD 4,0,1,0,0,0.0,ADD 5,0,0,0,0,0.0,ADD 6,0,1,0,0,0.0,ADD 7,0,0,0,0,0.0,EGT2CAN,0,1,0,0,0.0
1778953744.8361905,0.0,12604,-50.0,1,-,0,0,0,0,0.0,-,0,0,0,0,0.0,ECU,1,1,12609,0,0.0,FAN1,0,0,3490,0,0.0,COILS,1,1,12631,0,0.0,PUMP,0,0,0,0,0.0,INJECTOR,1,1,12632,0,0.0,SERVO,1,1,12603,0,0.0,ADD 1,0,1,0,0,0.0,ADD 2,0,1,0,0,0.0,ADD 3,0,1,0,0,0.0,ADD 4,0,1,0,0,0.0,ADD 5,0,0,0,0,0.0,ADD 6,0,1,0,0,0.0,ADD 7,0,0,0,0,0.0,EGT2CAN,0,1,0,0,0.0
1778953744.8872147,0.0,12604,-50.0,1,-,0,0,0,0,0.0,-,0,0,0,0,0.0,ECU,1,1,12625,0,0.0,FAN1,0,0,3573,0,0.0,COILS,1,1,12641,0,0.0,PUMP,0,0,0,0,0.0,INJECTOR,1,1,12632,0,0.0,SERVO,1,1,12602,0,0.0,ADD 1,0,1,0,0,0.0,ADD 2,0,1,0,0,0.0,ADD 3,0,1,0,0,0.0,ADD 4,0,1,0,0,0.0,ADD 5,0,0,0,0,0.0,ADD 6,0,1,0,0,0.0,ADD 7,0,0,0,0,0.0,EGT2CAN,0,1,0,0,0.0
1778953744.938198,0.0,12617,-49.0,1,-,0,0,0,0,0.0,-,0,0,0,0,0.0,ECU,1,1,12621,0,0.0,FAN1,0,0,3437,0,0.0,COILS,1,1,12637,0,0.0,PUMP,0,0,0,0,0.0,INJECTOR,1,1,12623,0,0.0,SERVO,1,1,12586,0,0.0,ADD 1,0,1,0,0,0.0,ADD 2,0,1,0,0,0.0,ADD 3,0,1,0,0,0.0,ADD 4,0,1,0,0,0.0,ADD 5,0,0,0,0,0.0,ADD 6,0,1,0,0,0.0,ADD 7,0,0,0,0,0.0,EGT2CAN,0,1,0,0,0.0
1778953744.992771,0.0,12617,-49.0,1,-,0,0,0,0,0.0,-,0,0,0,0,0.0,ECU,1,1,12615,0,0.0,FAN1,0,0,3469,0,0.0,COILS,1,1,12626,0,0.0,PUMP,0,0,0,0,0.0,INJECTOR,1,1,12632,0,0.0,SERVO,1,1,12597,0,0.0,ADD 1,0,1,0,0,0.0,ADD 2,0,1,0,0,0.0,ADD 3,0,1,0,0,0.0,ADD 4,0,1,0,0,0.0,ADD 5,0,0,0,0,0.0,ADD 6,0,1,0,0,0.0,ADD 7,0,0,0,0,0.0,EGT2CAN,0,1,0,0,0.0
1778953745.0440059,0.0,12620,-49.0,1,-,0,0,0,0,0.0,-,0,0,0,0,0.0,ECU,1,1,12615,0,0.0,FAN1,0,0,3469,0,0.0,COILS,1,1,12626,0,0.0,PUMP,0,0,0,0,0.0,INJECTOR,1,1,12632,0,0.0,SERVO,1,1,12597,0,0.0,ADD 1,0,1,0,0,0.0,ADD 2,0,1,0,0,0.0,ADD 3,0,1,0,0,0.0,ADD 4,0,1,0,0,0.0,ADD 5,0,0,0,0,0.0,ADD 6,0,1,0,0,0.0,ADD 7,0,0,0,0,0.0,EGT2CAN,0,1,0,0,0.0
1778953745.0946236,0.0,12620,-50.0,1,-,0,0,0,0,0.0,-,0,0,0,0,0.0,ECU,1,1,12637,0,0.0,FAN1,0,0,2828,0,0.0,COILS,1,1,12637,0,0.0,PUMP,0,0,0,0,0.0,INJECTOR,1,1,12643,0,0.0,SERVO,1,1,12608,0,0.0,ADD 1,0,1,0,0,0.0,ADD 2,0,1,0,0,0.0,ADD 3,0,1,0,0,0.0,ADD 4,0,1,0,0,0.0,ADD 5,0,0,0,0,0.0,ADD 6,0,1,0,0,0.0,ADD 7,0,0,0,0,0.0,EGT2CAN,0,1,0,0,0.0
1778953745.148641,0.0,12623,-49.0,1,-,0,0,0,0,0.0,-,0,0,0,0,0.0,ECU,1,1,12637,0,0.0,FAN1,0,0,3021,0,0.0,COILS,1,1,12647,0,0.0,PUMP,0,0,0,0,0.0,INJECTOR,1,1,12635,0,0.0,SERVO,1,1,12599,0,0.0,ADD 1,0,1,0,0,0.0,ADD 2,0,1,0,0,0.0,ADD 3,0,1,0,0,0.0,ADD 4,0,1,0,0,0.0,ADD 5,0,0,0,0,0.0,ADD 6,0,1,0,0,0.0,ADD 7,0,0,0,0,0.0,EGT2CAN,0,1,0,0,0.0
1778953745.2012656,0.0,12623,-49.0,1,-,0,0,0,0,0.0,-,0,0,0,0,0.0,ECU,1,1,12647,0,0.0,FAN1,0,0,2741,0,0.0,COILS,1,1,12647,0,0.0,PUMP,0,0,0,0,0.0,INJECTOR,1,1,12635,0,0.0,SERVO,1,1,12599,0,0.0,ADD 1,0,1,0,0,0.0,ADD 2,0,1,0,0,0.0,ADD 3,0,1,0,0,0.0,ADD 4,0,1,0,0,0.0,ADD 5,0,0,0,0,0.0,ADD 6,0,1,0,0,0.0,ADD 7,0,0,0,0,0.0,EGT2CAN,0,1,0,0,0.0
1778953745.2520351,0.0,12625,-49.0,1,-,0,0,0,0,0.0,-,0,0,0,0,0.0,ECU,1,1,12638,0,0.0,FAN1,0,0,2658,0,0.0,COILS,1,1,12646,0,0.0,PUMP,0,0,0,0,0.0,INJECTOR,1,1,12632,0,0.0,SERVO,1,1,12598,0,0.0,ADD 1,0,1,0,0,0.0,ADD 2,0,1,0,0,0.0,ADD 3,0,1,0,0,0.0,ADD 4,0,1,0,0,0.0,ADD 5,0,0,0,0,0.0,ADD 6,0,1,0,0,0.0,ADD 7,0,0,0,0,0.0,EGT2CAN,0,1,0,0,0.0
1778953745.3071089,0.0,12625,-49.0,1,-,0,0,0,0,0.0,-,0,0,0,0,0.0,ECU,1,1,12639,0,0.0,FAN1,0,0,2482,0,0.0,COILS,1,1,12641,0,0.0,PUMP,0,0,0,0,0.0,INJECTOR,1,1,12625,0,0.0,SERVO,1,1,12603,0,0.0,ADD 1,0,1,0,0,0.0,ADD 2,0,1,0,0,0.0,ADD 3,0,1,0,0,0.0,ADD 4,0,1,0,0,0.0,ADD 5,0,0,0,0,0.0,ADD 6,0,1,0,0,0.0,ADD 7,0,0,0,0,0.0,EGT2CAN,0,1,0,0,0.0
1778953745.358027,0.0,12625,-49.0,1,-,0,0,0,0,0.0,-,0,0,0,0,0.0,ECU,1,1,12637,0,0.0,FAN1,0,0,2526,0,0.0,COILS,1,1,12632,0,0.0,PUMP,0,0,0,0,0.0,INJECTOR,1,1,12631,0,0.0,SERVO,1,1,12611,0,0.0,ADD 1,0,1,0,0,0.0,ADD 2,0,1,0,0,0.0,ADD 3,0,1,0,0,0.0,ADD 4,0,1,0,0,0.0,ADD 5,0,0,0,0,0.0,ADD 6,0,1,0,0,0.0,ADD 7,0,0,0,0,0.0,EGT2CAN,0,1,0,0,0.0
1778953745.410032,0.0,12627,-50.0,1,-,0,0,0,0,0.0,-,0,0,0,0,0.0,ECU,1,1,12623,0,0.0,FAN1,0,0,2405,0,0.0,COILS,1,1,12632,0,0.0,PUMP,0,0,0,0,0.0,INJECTOR,1,1,12641,0,0.0,SERVO,1,1,12608,0,0.0,ADD 1,0,1,0,0,0.0,ADD 2,0,1,0,0,0.0,ADD 3,0,1,0,0,0.0,ADD 4,0,1,0,0,0.0,ADD 5,0,0,0,0,0.0,ADD 6,0,1,0,0,0.0,ADD 7,0,0,0,0,0.0,EGT2CAN,0,1,0,0,0.0
1778953745.464122,0.0,12628,-49.0,1,-,0,0,0,0,0.0,-,0,0,0,0,0.0,ECU,1,1,12632,0,0.0,FAN1,0,0,2078,0,0.0,COILS,1,1,12639,0,0.0,PUMP,0,0,0,0,0.0,INJECTOR,1,1,12650,0,0.0,SERVO,1,1,12610,0,0.0,ADD 1,0,1,0,0,0.0,ADD 2,0,1,0,0,0.0,ADD 3,0,1,0,0,0.0,ADD 4,0,1,0,0,0.0,ADD 5,0,0,0,0,0.0,ADD 6,0,1,0,0,0.0,ADD 7,0,0,0,0,0.0,EGT2CAN,0,1,0,0,0.0
1778953745.518544,0.0,12628,-49.0,1,-,0,0,0,0,0.0,-,0,0,0,0,0.0,ECU,1,1,12635,0,0.0,FAN1,0,0,2087,0,0.0,COILS,1,1,12634,0,0.0,PUMP,0,0,0,0,0.0,INJECTOR,1,1,12641,0,0.0,SERVO,1,1,12620,0,0.0,ADD 1,0,1,0,0,0.0,ADD 2,0,1,0,0,0.0,ADD 3,0,1,0,0,0.0,ADD 4,0,1,0,0,0.0,ADD 5,0,0,0,0,0.0,ADD 6,0,1,0,0,0.0,ADD 7,0,0,0,0,0.0,EGT2CAN,0,1,0,0,0.0
1778953745.56904,0.0,12631,-49.0,1,-,0,0,0,0,0.0,-,0,0,0,0,0.0,ECU,1,1,12629,0,0.0,FAN1,0,0,1855,0,0.0,COILS,1,1,12644,0,0.0,PUMP,0,0,0,0,0.0,INJECTOR,1,1,12636,0,0.0,SERVO,1,1,12613,0,0.0,ADD 1,0,1,0,0,0.0,ADD 2,0,1,0,0,0.0,ADD 3,0,1,0,0,0.0,ADD 4,0,1,0,0,0.0,ADD 5,0,0,0,0,0.0,ADD 6,0,1,0,0,0.0,ADD 7,0,0,0,0,0.0,EGT2CAN,0,1,0,0,0.0
1778953745.6201334,0.0,12631,-49.0,1,-,0,0,0,0,0.0,-,0,0,0,0,0.0,ECU,1,1,12629,0,0.0,FAN1,0,0,1855,0,0.0,COILS,1,1,12644,0,0.0,PUMP,0,0,0,0,0.0,INJECTOR,1,1,12636,0,0.0,SERVO,1,1,12613,0,0.0,ADD 1,0,1,0,0,0.0,ADD 2,0,1,0,0,0.0,ADD 3,0,1,0,0,0.0,ADD 4,0,1,0,0,0.0,ADD 5,0,0,0,0,0.0,ADD 6,0,1,0,0,0.0,ADD 7,0,0,0,0,0.0,EGT2CAN,0,1,0,0,0.0
1778953745.7052524,0.0,12631,-49.0,1,-,0,0,0,0,0.0,-,0,0,0,0,0.0,ECU,1,1,12628,0,0.0,FAN1,0,0,1901,0,0.0,COILS,1,1,12654,0,0.0,PUMP,0,0,0,0,0.0,INJECTOR,1,1,12653,0,0.0,SERVO,1,1,12601,0,0.0,ADD 1,0,1,0,0,0.0,ADD 2,0,1,0,0,0.0,ADD 3,0,1,0,0,0.0,ADD 4,0,1,0,0,0.0,ADD 5,0,0,0,0,0.0,ADD 6,0,1,0,0,0.0,ADD 7,0,0,0,0,0.0,EGT2CAN,0,1,0,0,0.0
1778953745.7562823,0.0,12633,-49.0,1,-,0,0,0,0,0.0,-,0,0,0,0,0.0,ECU,1,1,12628,0,0.0,FAN1,0,0,1626,0,0.0,COILS,1,1,12646,0,0.0,PUMP,0,0,0,0,0.0,INJECTOR,1,1,12641,0,0.0,SERVO,1,1,12614,0,0.0,ADD 1,0,1,0,0,0.0,ADD 2,0,1,0,0,0.0,ADD 3,0,1,0,0,0.0,ADD 4,0,1,0,0,0.0,ADD 5,0,0,0,0,0.0,ADD 6,0,1,0,0,0.0,ADD 7,0,0,0,0,0.0,EGT2CAN,0,1,0,0,0.0
1778953745.8099935,0.0,12631,-50.0,1,-,0,0,0,0,0.0,-,0,0,0,0,0.0,ECU,1,1,12637,0,0.0,FAN1,0,0,1561,0,0.0,COILS,1,1,12628,0,0.0,PUMP,0,0,0,0,0.0,INJECTOR,1,1,12647,0,0.0,SERVO,1,1,12601,0,0.0,ADD 1,0,1,0,0,0.0,ADD 2,0,1,0,0,0.0,ADD 3,0,1,0,0,0.0,ADD 4,0,1,0,0,0.0,ADD 5,0,0,0,0,0.0,ADD 6,0,1,0,0,0.0,ADD 7,0,0,0,0,0.0,EGT2CAN,0,1,0,0,0.0
1778953745.8602881,0.0,12631,-50.0,1,-,0,0,0,0,0.0,-,0,0,0,0,0.0,ECU,1,1,12635,0,0.0,FAN1,0,0,1532,0,0.0,COILS,1,1,12641,0,0.0,PUMP,0,0,0,0,0.0,INJECTOR,1,1,12649,0,0.0,SERVO,1,1,12618,0,0.0,ADD 1,0,1,0,0,0.0,ADD 2,0,1,0,0,0.0,ADD 3,0,1,0,0,0.0,ADD 4,0,1,0,0,0.0,ADD 5,0,0,0,0,0.0,ADD 6,0,1,0,0,0.0,ADD 7,0,0,0,0,0.0,EGT2CAN,0,1,0,0,0.0
1778953745.9112403,0.0,12633,-49.0,1,-,0,0,0,0,0.0,-,0,0,0,0,0.0,ECU,1,1,12641,0,0.0,FAN1,0,0,1221,0,0.0,COILS,1,1,12651,0,0.0,PUMP,0,0,0,0,0.0,INJECTOR,1,1,12648,0,0.0,SERVO,1,1,12617,0,0.0,ADD 1,0,1,0,0,0.0,ADD 2,0,1,0,0,0.0,ADD 3,0,1,0,0,0.0,ADD 4,0,1,0,0,0.0,ADD 5,0,0,0,0,0.0,ADD 6,0,1,0,0,0.0,ADD 7,0,0,0,0,0.0,EGT2CAN,0,1,0,0,0.0
1778953745.9628239,0.0,12636,-49.0,1,-,0,0,0,0,0.0,-,0,0,0,0,0.0,ECU,1,1,12641,0,0.0,FAN1,0,0,1221,0,0.0,COILS,1,1,12651,0,0.0,PUMP,0,0,0,0,0.0,INJECTOR,1,1,12648,0,0.0,SERVO,1,1,12617,0,0.0,ADD 1,0,1,0,0,0.0,ADD 2,0,1,0,0,0.0,ADD 3,0,1,0,0,0.0,ADD 4,0,1,0,0,0.0,ADD 5,0,0,0,0,0.0,ADD 6,0,1,0,0,0.0,ADD 7,0,0,0,0,0.0,EGT2CAN,0,1,0,0,0.0
1778953746.01329,0.0,12636,-49.0,1,-,0,0,0,0,0.0,-,0,0,0,0,0.0,ECU,1,1,12630,0,0.0,FAN1,0,0,1127,0,0.0,COILS,1,1,12644,0,0.0,PUMP,0,0,0,0,0.0,INJECTOR,1,1,12637,0,0.0,SERVO,1,1,12627,0,0.0,ADD 1,0,1,0,0,0.0,ADD 2,0,1,0,0,0.0,ADD 3,0,1,0,0,0.0,ADD 4,0,1,0,0,0.0,ADD 5,0,0,0,0,0.0,ADD 6,0,1,0,0,0.0,ADD 7,0,0,0,0,0.0,EGT2CAN,0,1,0,0,0.0
1778953746.063865,0.0,12639,-53.0,1,-,0,0,0,0,0.0,-,0,0,0,0,0.0,ECU,1,1,12640,0,0.0,FAN1,0,0,939,0,0.0,COILS,1,1,12654,0,0.0,PUMP,0,0,0,0,0.0,INJECTOR,1,1,12643,0,0.0,SERVO,1,1,12631,0,0.0,ADD 1,0,1,0,0,0.0,ADD 2,0,1,0,0,0.0,ADD 3,0,1,0,0,0.0,ADD 4,0,1,0,0,0.0,ADD 5,0,0,0,0,0.0,ADD 6,0,1,0,0,0.0,ADD 7,0,0,0,0,0.0,EGT2CAN,0,1,0,0,0.0
1778953746.1226225,0.0,12641,-50.0,1,-,0,0,0,0,0.0,-,0,0,0,0,0.0,ECU,1,1,12640,0,0.0,FAN1,0,0,939,0,0.0,COILS,1,1,12654,0,0.0,PUMP,0,0,0,0,0.0,INJECTOR,1,1,12643,0,0.0,SERVO,1,1,12631,0,0.0,ADD 1,0,1,0,0,0.0,ADD 2,0,1,0,0,0.0,ADD 3,0,1,0,0,0.0,ADD 4,0,1,0,0,0.0,ADD 5,0,0,0,0,0.0,ADD 6,0,1,0,0,0.0,ADD 7,0,0,0,0,0.0,EGT2CAN,0,1,0,0,0.0
1778953746.173784,0.0,12641,-50.0,1,-,0,0,0,0,0.0,-,0,0,0,0,0.0,ECU,1,1,12646,0,0.0,FAN1,0,0,899,0,0.0,COILS,1,1,12646,0,0.0,PUMP,0,0,0,0,0.0,INJECTOR,1,1,12650,0,0.0,SERVO,1,1,12632,0,0.0,ADD 1,0,1,0,0,0.0,ADD 2,0,1,0,0,0.0,ADD 3,0,1,0,0,0.0,ADD 4,0,1,0,0,0.0,ADD 5,0,0,0,0,0.0,ADD 6,0,1,0,0,0.0,ADD 7,0,0,0,0,0.0,EGT2CAN,0,1,0,0,0.0
1778953746.2245352,0.0,12645,-49.0,1,-,0,0,0,0,0.0,-,0,0,0,0,0.0,ECU,1,1,12635,0,0.0,FAN1,0,0,774,0,0.0,COILS,1,1,12639,0,0.0,PUMP,0,0,0,0,0.0,INJECTOR,1,1,12647,0,0.0,SERVO,1,1,12631,0,0.0,ADD 1,0,1,0,0,0.0,ADD 2,0,1,0,0,0.0,ADD 3,0,1,0,0,0.0,ADD 4,0,1,0,0,0.0,ADD 5,0,0,0,0,0.0,ADD 6,0,1,0,0,0.0,ADD 7,0,0,0,0,0.0,EGT2CAN,0,1,0,0,0.0
1778953746.2926633,0.0,12645,-49.0,1,-,0,0,0,0,0.0,-,0,0,0,0,0.0,ECU,1,1,12630,0,0.0,FAN1,0,0,693,0,0.0,COILS,1,1,12647,0,0.0,PUMP,0,0,0,0,0.0,INJECTOR,1,1,12649,0,0.0,SERVO,1,1,12622,0,0.0,ADD 1,0,1,0,0,0.0,ADD 2,0,1,0,0,0.0,ADD 3,0,1,0,0,0.0,ADD 4,0,1,0,0,0.0,ADD 5,0,0,0,0,0.0,ADD 6,0,1,0,0,0.0,ADD 7,0,0,0,0,0.0,EGT2CAN,0,1,0,0,0.0
1778953746.3455305,0.0,12645,-49.0,1,-,0,0,0,0,0.0,-,0,0,0,0,0.0,ECU,1,1,12630,0,0.0,FAN1,0,0,693,0,0.0,COILS,1,1,12647,0,0.0,PUMP,0,0,0,0,0.0,INJECTOR,1,1,12649,0,0.0,SERVO,1,1,12622,0,0.0,ADD 1,0,1,0,0,0.0,ADD 2,0,1,0,0,0.0,ADD 3,0,1,0,0,0.0,ADD 4,0,1,0,0,0.0,ADD 5,0,0,0,0,0.0,ADD 6,0,1,0,0,0.0,ADD 7,0,0,0,0,0.0,EGT2CAN,0,1,0,0,0.0
1778953746.397608,0.0,12650,-49.0,1,-,0,0,0,0,0.0,-,0,0,0,0,0.0,ECU,1,1,12642,0,0.0,FAN1,0,0,565,0,0.0,COILS,1,1,12650,0,0.0,PUMP,0,0,0,0,0.0,INJECTOR,1,1,12652,0,0.0,SERVO,1,1,12625,0,0.0,ADD 1,0,1,0,0,0.0,ADD 2,0,1,0,0,0.0,ADD 3,0,1,0,0,0.0,ADD 4,0,1,0,0,0.0,ADD 5,0,0,0,0,0.0,ADD 6,0,1,0,0,0.0,ADD 7,0,0,0,0,0.0,EGT2CAN,0,1,0,0,0.0
1778953746.4486742,0.0,12650,-49.0,1,-,0,0,0,0,0.0,-,0,0,0,0,0.0,ECU,1,1,12628,0,0.0,FAN1,0,0,516,0,0.0,COILS,1,1,12645,0,0.0,PUMP,0,0,0,0,0.0,INJECTOR,1,1,12663,0,0.0,SERVO,1,1,12632,0,0.0,ADD 1,0,1,0,0,0.0,ADD 2,0,1,0,0,0.0,ADD 3,0,1,0,0,0.0,ADD 4,0,1,0,0,0.0,ADD 5,0,0,0,0,0.0,ADD 6,0,1,0,0,0.0,ADD 7,0,0,0,0,0.0,EGT2CAN,0,1,0,0,0.0
1778953746.5017524,0.0,12651,-49.0,1,-,0,0,0,0,0.0,-,0,0,0,0,0.0,ECU,1,1,12627,0,0.0,FAN1,0,0,428,0,0.0,COILS,1,1,12645,0,0.0,PUMP,0,0,0,0,0.0,INJECTOR,1,1,12663,0,0.0,SERVO,1,1,12632,0,0.0,ADD 1,0,1,0,0,0.0,ADD 2,0,1,0,0,0.0,ADD 3,0,1,0,0,0.0,ADD 4,0,1,0,0,0.0,ADD 5,0,0,0,0,0.0,ADD 6,0,1,0,0,0.0,ADD 7,0,0,0,0,0.0,EGT2CAN,0,1,0,0,0.0
1778953746.5574605,0.0,12653,-49.0,1,-,0,0,0,0,0.0,-,0,0,0,0,0.0,ECU,1,1,12619,0,0.0,FAN1,0,0,369,0,0.0,COILS,1,1,12641,0,0.0,PUMP,0,0,0,0,0.0,INJECTOR,1,1,12646,0,0.0,SERVO,1,1,12628,0,0.0,ADD 1,0,1,0,0,0.0,ADD 2,0,1,0,0,0.0,ADD 3,0,1,0,0,0.0,ADD 4,0,1,0,0,0.0,ADD 5,0,0,0,0,0.0,ADD 6,0,1,0,0,0.0,ADD 7,0,0,0,0,0.0,EGT2CAN,0,1,0,0,0.0
1778953746.6085913,0.0,12654,-49.0,1,-,0,0,0,0,0.0,-,0,0,0,0,0.0,ECU,1,1,12639,0,0.0,FAN1,0,0,270,0,0.0,COILS,1,1,12649,0,0.0,PUMP,0,0,0,0,0.0,INJECTOR,1,1,12630,0,0.0,SERVO,1,1,12632,0,0.0,ADD 1,0,1,0,0,0.0,ADD 2,0,1,0,0,0.0,ADD 3,0,1,0,0,0.0,ADD 4,0,1,0,0,0.0,ADD 5,0,0,0,0,0.0,ADD 6,0,1,0,0,0.0,ADD 7,0,0,0,0,0.0,EGT2CAN,0,1,0,0,0.0
1778953746.659204,0.0,12654,-49.0,1,-,0,0,0,0,0.0,-,0,0,0,0,0.0,ECU,1,1,12638,0,0.0,FAN1,0,0,206,0,0.0,COILS,1,1,12653,0,0.0,PUMP,0,0,0,0,0.0,INJECTOR,1,1,12632,0,0.0,SERVO,1,1,12620,0,0.0,ADD 1,0,1,0,0,0.0,ADD 2,0,1,0,0,0.0,ADD 3,0,1,0,0,0.0,ADD 4,0,1,0,0,0.0,ADD 5,0,0,0,0,0.0,ADD 6,0,1,0,0,0.0,ADD 7,0,0,0,0,0.0,EGT2CAN,0,1,0,0,0.0
1778953746.7101696,0.0,12658,-49.0,1,-,0,0,0,0,0.0,-,0,0,0,0,0.0,ECU,1,1,12637,0,0.0,FAN1,0,0,146,0,0.0,COILS,1,1,12656,0,0.0,PUMP,0,0,0,0,0.0,INJECTOR,1,1,12632,0,0.0,SERVO,1,1,12623,0,0.0,ADD 1,0,1,0,0,0.0,ADD 2,0,1,0,0,0.0,ADD 3,0,1,0,0,0.0,ADD 4,0,1,0,0,0.0,ADD 5,0,0,0,0,0.0,ADD 6,0,1,0,0,0.0,ADD 7,0,0,0,0,0.0,EGT2CAN,0,1,0,0,0.0
1778953746.762049,0.0,12658,-49.0,1,-,0,0,0,0,0.0,-,0,0,0,0,0.0,ECU,1,1,12641,0,0.0,FAN1,0,0,95,0,0.0,COILS,1,1,12657,0,0.0,PUMP,0,0,0,0,0.0,INJECTOR,1,1,12651,0,0.0,SERVO,1,1,12630,0,0.0,ADD 1,0,1,0,0,0.0,ADD 2,0,1,0,0,0.0,ADD 3,0,1,0,0,0.0,ADD 4,0,1,0,0,0.0,ADD 5,0,0,0,0,0.0,ADD 6,0,1,0,0,0.0,ADD 7,0,0,0,0,0.0,EGT2CAN,0,1,0,0,0.0
1778953746.8128026,0.0,12655,-49.0,1,-,0,0,0,0,0.0,-,0,0,0,0,0.0,ECU,1,1,12654,0,0.0,FAN1,0,0,7,0,0.0,COILS,1,1,12660,0,0.0,PUMP,0,0,0,0,0.0,INJECTOR,1,1,12663,0,0.0,SERVO,1,1,12620,0,0.0,ADD 1,0,1,0,0,0.0,ADD 2,0,1,0,0,0.0,ADD 3,0,1,0,0,0.0,ADD 4,0,1,0,0,0.0,ADD 5,0,0,0,0,0.0,ADD 6,0,1,0,0,0.0,ADD 7,0,0,0,0,0.0,EGT2CAN,0,1,0,0,0.0
1778953746.863575,0.0,12655,-50.0,1,-,0,0,0,0,0.0,-,0,0,0,0,0.0,ECU,1,1,12647,0,0.0,FAN1,0,0,0,0,0.0,COILS,1,1,12649,0,0.0,PUMP,0,0,0,0,0.0,INJECTOR,1,1,12665,0,0.0,SERVO,1,1,12636,0,0.0,ADD 1,0,1,0,0,0.0,ADD 2,0,1,0,0,0.0,ADD 3,0,1,0,0,0.0,ADD 4,0,1,0,0,0.0,ADD 5,0,0,0,0,0.0,ADD 6,0,1,0,0,0.0,ADD 7,0,0,0,0,0.0,EGT2CAN,0,1,0,0,0.0
1778953746.914759,0.0,12657,-49.0,1,-,0,0,0,0,0.0,-,0,0,0,0,0.0,ECU,1,1,12647,0,0.0,FAN1,0,0,0,0,0.0,COILS,1,1,12649,0,0.0,PUMP,0,0,0,0,0.0,INJECTOR,1,1,12665,0,0.0,SERVO,1,1,12636,0,0.0,ADD 1,0,1,0,0,0.0,ADD 2,0,1,0,0,0.0,ADD 3,0,1,0,0,0.0,ADD 4,0,1,0,0,0.0,ADD 5,0,0,0,0,0.0,ADD 6,0,1,0,0,0.0,ADD 7,0,0,0,0,0.0,EGT2CAN,0,1,0,0,0.0
1778953746.965181,0.0,12658,-49.0,1,-,0,0,0,0,0.0,-,0,0,0,0,0.0,ECU,1,1,12644,0,0.0,FAN1,0,0,0,0,0.0,COILS,1,1,12635,0,0.0,PUMP,0,0,0,0,0.0,INJECTOR,1,1,12675,0,0.0,SERVO,1,1,12631,0,0.0,ADD 1,0,1,0,0,0.0,ADD 2,0,1,0,0,0.0,ADD 3,0,1,0,0,0.0,ADD 4,0,1,0,0,0.0,ADD 5,0,0,0,0,0.0,ADD 6,0,1,0,0,0.0,ADD 7,0,0,0,0,0.0,EGT2CAN,0,1,0,0,0.0
1778953747.0361137,0.0,12662,-49.0,1,-,0,0,0,0,0.0,-,0,0,0,0,0.0,ECU,1,1,12636,0,0.0,FAN1,0,0,0,0,0.0,COILS,1,1,12629,0,0.0,PUMP,0,0,0,0,0.0,INJECTOR,1,1,12673,0,0.0,SERVO,1,1,12623,0,0.0,ADD 1,0,1,0,0,0.0,ADD 2,0,1,0,0,0.0,ADD 3,0,1,0,0,0.0,ADD 4,0,1,0,0,0.0,ADD 5,0,0,0,0,0.0,ADD 6,0,1,0,0,0.0,ADD 7,0,0,0,0,0.0,EGT2CAN,0,1,0,0,0.0
1778953747.0871723,0.0,12660,-48.0,1,-,0,0,0,0,0.0,-,0,0,0,0,0.0,ECU,1,1,12636,0,0.0,FAN1,0,0,0,0,0.0,COILS,1,1,12629,0,0.0,PUMP,0,0,0,0,0.0,INJECTOR,1,1,12673,0,0.0,SERVO,1,1,12623,0,0.0,ADD 1,0,1,0,0,0.0,ADD 2,0,1,0,0,0.0,ADD 3,0,1,0,0,0.0,ADD 4,0,1,0,0,0.0,ADD 5,0,0,0,0,0.0,ADD 6,0,1,0,0,0.0,ADD 7,0,0,0,0,0.0,EGT2CAN,0,1,0,0,0.0
1778953747.138161,0.0,12660,-49.0,1,-,0,0,0,0,0.0,-,0,0,0,0,0.0,ECU,1,1,12649,0,0.0,FAN1,0,0,0,0,0.0,COILS,1,1,12665,0,0.0,PUMP,0,0,0,0,0.0,INJECTOR,1,1,12668,0,0.0,SERVO,1,1,12627,0,0.0,ADD 1,0,1,0,0,0.0,ADD 2,0,1,0,0,0.0,ADD 3,0,1,0,0,0.0,ADD 4,0,1,0,0,0.0,ADD 5,0,0,0,0,0.0,ADD 6,0,1,0,0,0.0,ADD 7,0,0,0,0,0.0,EGT2CAN,0,1,0,0,0.0
1778953747.1893268,0.0,12660,-49.0,1,-,0,0,0,0,0.0,-,0,0,0,0,0.0,ECU,1,1,12646,0,0.0,FAN1,0,0,0,0,0.0,COILS,1,1,12654,0,0.0,PUMP,0,0,0,0,0.0,INJECTOR,1,1,12660,0,0.0,SERVO,1,1,12636,0,0.0,ADD 1,0,1,0,0,0.0,ADD 2,0,1,0,0,0.0,ADD 3,0,1,0,0,0.0,ADD 4,0,1,0,0,0.0,ADD 5,0,0,0,0,0.0,ADD 6,0,1,0,0,0.0,ADD 7,0,0,0,0,0.0,EGT2CAN,0,1,0,0,0.0
1778953747.2406008,0.0,12662,-49.0,1,-,0,0,0,0,0.0,-,0,0,0,0,0.0,ECU,1,1,12646,0,0.0,FAN1,0,0,0,0,0.0,COILS,1,1,12654,0,0.0,PUMP,0,0,0,0,0.0,INJECTOR,1,1,12660,0,0.0,SERVO,1,1,12636,0,0.0,ADD 1,0,1,0,0,0.0,ADD 2,0,1,0,0,0.0,ADD 3,0,1,0,0,0.0,ADD 4,0,1,0,0,0.0,ADD 5,0,0,0,0,0.0,ADD 6,0,1,0,0,0.0,ADD 7,0,0,0,0,0.0,EGT2CAN,0,1,0,0,0.0
1778953747.2913268,0.0,12659,-49.0,1,-,0,0,0,0,0.0,-,0,0,0,0,0.0,ECU,1,1,12635,0,0.0,FAN1,0,0,0,0,0.0,COILS,1,1,12643,0,0.0,PUMP,0,0,0,0,0.0,INJECTOR,1,1,12639,0,0.0,SERVO,1,1,12635,0,0.0,ADD 1,0,1,0,0,0.0,ADD 2,0,1,0,0,0.0,ADD 3,0,1,0,0,0.0,ADD 4,0,1,0,0,0.0,ADD 5,0,0,0,0,0.0,ADD 6,0,1,0,0,0.0,ADD 7,0,0,0,0,0.0,EGT2CAN,0,1,0,0,0.0
1778953747.3485844,0.0,12660,-49.0,1,-,0,0,0,0,0.0,-,0,0,0,0,0.0,ECU,1,1,12654,0,0.0,FAN1,0,0,0,0,0.0,COILS,1,1,12657,0,0.0,PUMP,0,0,0,0,0.0,INJECTOR,1,1,12645,0,0.0,SERVO,1,1,12629,0,0.0,ADD 1,0,1,0,0,0.0,ADD 2,0,1,0,0,0.0,ADD 3,0,1,0,0,0.0,ADD 4,0,1,0,0,0.0,ADD 5,0,0,0,0,0.0,ADD 6,0,1,0,0,0.0,ADD 7,0,0,0,0,0.0,EGT2CAN,0,1,0,0,0.0
1778953747.4159002,0.0,12660,-49.0,1,-,0,0,0,0,0.0,-,0,0,0,0,0.0,ECU,1,1,12649,0,0.0,FAN1,0,0,0,0,0.0,COILS,1,1,12654,0,0.0,PUMP,0,0,0,0,0.0,INJECTOR,1,1,12645,0,0.0,SERVO,1,1,12644,0,0.0,ADD 1,0,1,0,0,0.0,ADD 2,0,1,0,0,0.0,ADD 3,0,1,0,0,0.0,ADD 4,0,1,0,0,0.0,ADD 5,0,0,0,0,0.0,ADD 6,0,1,0,0,0.0,ADD 7,0,0,0,0,0.0,EGT2CAN,0,1,0,0,0.0
1778953747.4670377,0.0,12661,-50.0,1,-,0,0,0,0,0.0,-,0,0,0,0,0.0,ECU,1,1,12630,0,0.0,FAN1,0,0,0,0,0.0,COILS,1,1,12665,0,0.0,PUMP,0,0,0,0,0.0,INJECTOR,1,1,12640,0,0.0,SERVO,1,1,12645,0,0.0,ADD 1,0,1,0,0,0.0,ADD 2,0,1,0,0,0.0,ADD 3,0,1,0,0,0.0,ADD 4,0,1,0,0,0.0,ADD 5,0,0,0,0,0.0,ADD 6,0,1,0,0,0.0,ADD 7,0,0,0,0,0.0,EGT2CAN,0,1,0,0,0.0
1778953747.5242956,0.0,12660,-50.0,1,-,0,0,0,0,0.0,-,0,0,0,0,0.0,ECU,1,1,12630,0,0.0,FAN1,0,0,0,0,0.0,COILS,1,1,12665,0,0.0,PUMP,0,0,0,0,0.0,INJECTOR,1,1,12640,0,0.0,SERVO,1,1,12645,0,0.0,ADD 1,0,1,0,0,0.0,ADD 2,0,1,0,0,0.0,ADD 3,0,1,0,0,0.0,ADD 4,0,1,0,0,0.0,ADD 5,0,0,0,0,0.0,ADD 6,0,1,0,0,0.0,ADD 7,0,0,0,0,0.0,EGT2CAN,0,1,0,0,0.0
1778953747.578397,0.0,12660,-50.0,1,-,0,0,0,0,0.0,-,0,0,0,0,0.0,ECU,1,1,12643,0,0.0,FAN1,0,0,0,0,0.0,COILS,1,1,12659,0,0.0,PUMP,0,0,0,0,0.0,INJECTOR,1,1,12657,0,0.0,SERVO,1,1,12637,0,0.0,ADD 1,0,1,0,0,0.0,ADD 2,0,1,0,0,0.0,ADD 3,0,1,0,0,0.0,ADD 4,0,1,0,0,0.0,ADD 5,0,0,0,0,0.0,ADD 6,0,1,0,0,0.0,ADD 7,0,0,0,0,0.0,EGT2CAN,0,1,0,0,0.0
1778953747.6289942,0.0,12660,-49.0,1,-,0,0,0,0,0.0,-,0,0,0,0,0.0,ECU,1,1,12657,0,0.0,FAN1,0,0,0,0,0.0,COILS,1,1,12665,0,0.0,PUMP,0,0,0,0,0.0,INJECTOR,1,1,12663,0,0.0,SERVO,1,1,12632,0,0.0,ADD 1,0,1,0,0,0.0,ADD 2,0,1,0,0,0.0,ADD 3,0,1,0,0,0.0,ADD 4,0,1,0,0,0.0,ADD 5,0,0,0,0,0.0,ADD 6,0,1,0,0,0.0,ADD 7,0,0,0,0,0.0,EGT2CAN,0,1,0,0,0.0
1778953747.6815388,0.0,12660,-49.0,1,-,0,0,0,0,0.0,-,0,0,0,0,0.0,ECU,1,1,12654,0,0.0,FAN1,0,0,0,0,0.0,COILS,1,1,12665,0,0.0,PUMP,0,0,0,0,0.0,INJECTOR,1,1,12663,0,0.0,SERVO,1,1,12632,0,0.0,ADD 1,0,1,0,0,0.0,ADD 2,0,1,0,0,0.0,ADD 3,0,1,0,0,0.0,ADD 4,0,1,0,0,0.0,ADD 5,0,0,0,0,0.0,ADD 6,0,1,0,0,0.0,ADD 7,0,0,0,0,0.0,EGT2CAN,0,1,0,0,0.0
1778953747.7376442,0.0,12660,-49.0,1,-,0,0,0,0,0.0,-,0,0,0,0,0.0,ECU,1,1,12654,0,0.0,FAN1,0,0,0,0,0.0,COILS,1,1,12673,0,0.0,PUMP,0,0,0,0,0.0,INJECTOR,1,1,12663,0,0.0,SERVO,1,1,12627,0,0.0,ADD 1,0,1,0,0,0.0,ADD 2,0,1,0,0,0.0,ADD 3,0,1,0,0,0.0,ADD 4,0,1,0,0,0.0,ADD 5,0,0,0,0,0.0,ADD 6,0,1,0,0,0.0,ADD 7,0,0,0,0,0.0,EGT2CAN,0,1,0,0,0.0
1778953747.7885053,0.0,12656,-49.0,1,-,0,0,0,0,0.0,-,0,0,0,0,0.0,ECU,1,1,12665,0,0.0,FAN1,0,0,0,0,0.0,COILS,1,1,12673,0,0.0,PUMP,0,0,0,0,0.0,INJECTOR,1,1,12665,0,0.0,SERVO,1,1,12648,0,0.0,ADD 1,0,1,0,0,0.0,ADD 2,0,1,0,0,0.0,ADD 3,0,1,0,0,0.0,ADD 4,0,1,0,0,0.0,ADD 5,0,0,0,0,0.0,ADD 6,0,1,0,0,0.0,ADD 7,0,0,0,0,0.0,EGT2CAN,0,1,0,0,0.0
1778953747.8397188,0.0,12656,-49.0,1,-,0,0,0,0,0.0,-,0,0,0,0,0.0,ECU,1,1,12653,0,0.0,FAN1,0,0,0,0,0.0,COILS,1,1,12665,0,0.0,PUMP,0,0,0,0,0.0,INJECTOR,1,1,12653,0,0.0,SERVO,1,1,12649,0,0.0,ADD 1,0,1,0,0,0.0,ADD 2,0,1,0,0,0.0,ADD 3,0,1,0,0,0.0,ADD 4,0,1,0,0,0.0,ADD 5,0,0,0,0,0.0,ADD 6,0,1,0,0,0.0,ADD 7,0,0,0,0,0.0,EGT2CAN,0,1,0,0,0.0
1778953747.8913238,0.0,12656,-49.0,1,-,0,0,0,0,0.0,-,0,0,0,0,0.0,ECU,1,1,12653,0,0.0,FAN1,0,0,0,0,0.0,COILS,1,1,12665,0,0.0,PUMP,0,0,0,0,0.0,INJECTOR,1,1,12653,0,0.0,SERVO,1,1,12649,0,0.0,ADD 1,0,1,0,0,0.0,ADD 2,0,1,0,0,0.0,ADD 3,0,1,0,0,0.0,ADD 4,0,1,0,0,0.0,ADD 5,0,0,0,0,0.0,ADD 6,0,1,0,0,0.0,ADD 7,0,0,0,0,0.0,EGT2CAN,0,1,0,0,0.0
1778953747.941488,0.0,12658,-51.0,1,-,0,0,0,0,0.0,-,0,0,0,0,0.0,ECU,1,1,12648,0,0.0,FAN1,0,0,0,0,0.0,COILS,1,1,12670,0,0.0,PUMP,0,0,0,0,0.0,INJECTOR,1,1,12665,0,0.0,SERVO,1,1,12645,0,0.0,ADD 1,0,1,0,0,0.0,ADD 2,0,1,0,0,0.0,ADD 3,0,1,0,0,0.0,ADD 4,0,1,0,0,0.0,ADD 5,0,0,0,0,0.0,ADD 6,0,1,0,0,0.0,ADD 7,0,0,0,0,0.0,EGT2CAN,0,1,0,0,0.0
1778953747.9946706,0.0,12658,-51.0,1,-,0,0,0,0,0.0,-,0,0,0,0,0.0,ECU,1,1,12665,0,0.0,FAN1,0,0,0,0,0.0,COILS,1,1,12666,0,0.0,PUMP,0,0,0,0,0.0,INJECTOR,1,1,12671,0,0.0,SERVO,1,1,12642,0,0.0,ADD 1,0,1,0,0,0.0,ADD 2,0,1,0,0,0.0,ADD 3,0,1,0,0,0.0,ADD 4,0,1,0,0,0.0,ADD 5,0,0,0,0,0.0,ADD 6,0,1,0,0,0.0,ADD 7,0,0,0,0,0.0,EGT2CAN,0,1,0,0,0.0
1778953748.0462632,0.0,12659,-50.0,1,-,0,0,0,0,0.0,-,0,0,0,0,0.0,ECU,1,1,12671,0,0.0,FAN1,0,0,0,0,0.0,COILS,1,1,12666,0,0.0,PUMP,0,0,0,0,0.0,INJECTOR,1,1,12671,0,0.0,SERVO,1,1,12642,0,0.0,ADD 1,0,1,0,0,0.0,ADD 2,0,1,0,0,0.0,ADD 3,0,1,0,0,0.0,ADD 4,0,1,0,0,0.0,ADD 5,0,0,0,0,0.0,ADD 6,0,1,0,0,0.0,ADD 7,0,0,0,0,0.0,EGT2CAN,0,1,0,0,0.0
1778953748.1070132,0.0,12658,-50.0,1,-,0,0,0,0,0.0,-,0,0,0,0,0.0,ECU,1,1,12671,0,0.0,FAN1,0,0,0,0,0.0,COILS,1,1,12676,0,0.0,PUMP,0,0,0,0,0.0,INJECTOR,1,1,12675,0,0.0,SERVO,1,1,12624,0,0.0,ADD 1,0,1,0,0,0.0,ADD 2,0,1,0,0,0.0,ADD 3,0,1,0,0,0.0,ADD 4,0,1,0,0,0.0,ADD 5,0,0,0,0,0.0,ADD 6,0,1,0,0,0.0,ADD 7,0,0,0,0,0.0,EGT2CAN,0,1,0,0,0.0
1778953748.1575258,0.0,12658,-50.0,1,-,0,0,0,0,0.0,-,0,0,0,0,0.0,ECU,1,1,12668,0,0.0,FAN1,0,0,0,0,0.0,COILS,1,1,12668,0,0.0,PUMP,0,0,0,0,0.0,INJECTOR,1,1,12667,0,0.0,SERVO,1,1,12627,0,0.0,ADD 1,0,1,0,0,0.0,ADD 2,0,1,0,0,0.0,ADD 3,0,1,0,0,0.0,ADD 4,0,1,0,0,0.0,ADD 5,0,0,0,0,0.0,ADD 6,0,1,0,0,0.0,ADD 7,0,0,0,0,0.0,EGT2CAN,0,1,0,0,0.0
1778953748.2085161,0.0,12660,-49.0,1,-,0,0,0,0,0.0,-,0,0,0,0,0.0,ECU,1,1,12668,0,0.0,FAN1,0,0,0,0,0.0,COILS,1,1,12672,0,0.0,PUMP,0,0,0,0,0.0,INJECTOR,1,1,12666,0,0.0,SERVO,1,1,12632,0,0.0,ADD 1,0,1,0,0,0.0,ADD 2,0,1,0,0,0.0,ADD 3,0,1,0,0,0.0,ADD 4,0,1,0,0,0.0,ADD 5,0,0,0,0,0.0,ADD 6,0,1,0,0,0.0,ADD 7,0,0,0,0,0.0,EGT2CAN,0,1,0,0,0.0
1778953748.2624772,0.0,12665,-49.0,1,-,0,0,0,0,0.0,-,0,0,0,0,0.0,ECU,1,1,12663,0,0.0,FAN1,0,0,0,0,0.0,COILS,1,1,12664,0,0.0,PUMP,0,0,0,0,0.0,INJECTOR,1,1,12652,0,0.0,SERVO,1,1,12639,0,0.0,ADD 1,0,1,0,0,0.0,ADD 2,0,1,0,0,0.0,ADD 3,0,1,0,0,0.0,ADD 4,0,1,0,0,0.0,ADD 5,0,0,0,0,0.0,ADD 6,0,1,0,0,0.0,ADD 7,0,0,0,0,0.0,EGT2CAN,0,1,0,0,0.0
1778953748.3128636,0.0,12664,-49.0,1,-,0,0,0,0,0.0,-,0,0,0,0,0.0,ECU,1,1,12654,0,0.0,FAN1,0,0,0,0,0.0,COILS,1,1,12656,0,0.0,PUMP,0,0,0,0,0.0,INJECTOR,1,1,12669,0,0.0,SERVO,1,1,12633,0,0.0,ADD 1,0,1,0,0,0.0,ADD 2,0,1,0,0,0.0,ADD 3,0,1,0,0,0.0,ADD 4,0,1,0,0,0.0,ADD 5,0,0,0,0,0.0,ADD 6,0,1,0,0,0.0,ADD 7,0,0,0,0,0.0,EGT2CAN,0,1,0,0,0.0
1778953748.3636625,0.0,12664,-49.0,1,-,0,0,0,0,0.0,-,0,0,0,0,0.0,ECU,1,1,12660,0,0.0,FAN1,0,0,0,0,0.0,COILS,1,1,12662,0,0.0,PUMP,0,0,0,0,0.0,INJECTOR,1,1,12668,0,0.0,SERVO,1,1,12644,0,0.0,ADD 1,0,1,0,0,0.0,ADD 2,0,1,0,0,0.0,ADD 3,0,1,0,0,0.0,ADD 4,0,1,0,0,0.0,ADD 5,0,0,0,0,0.0,ADD 6,0,1,0,0,0.0,ADD 7,0,0,0,0,0.0,EGT2CAN,0,1,0,0,0.0
1778953748.4143937,0.0,12661,-50.0,1,-,0,0,0,0,0.0,-,0,0,0,0,0.0,ECU,1,1,12649,0,0.0,FAN1,0,0,0,0,0.0,COILS,1,1,12663,0,0.0,PUMP,0,0,0,0,0.0,INJECTOR,1,1,12663,0,0.0,SERVO,1,1,12644,0,0.0,ADD 1,0,1,0,0,0.0,ADD 2,0,1,0,0,0.0,ADD 3,0,1,0,0,0.0,ADD 4,0,1,0,0,0.0,ADD 5,0,0,0,0,0.0,ADD 6,0,1,0,0,0.0,ADD 7,0,0,0,0,0.0,EGT2CAN,0,1,0,0,0.0
1778953748.464699,0.0,12663,-49.0,1,-,0,0,0,0,0.0,-,0,0,0,0,0.0,ECU,1,1,12651,0,0.0,FAN1,0,0,0,0,0.0,COILS,1,1,12676,0,0.0,PUMP,0,0,0,0,0.0,INJECTOR,1,1,12663,0,0.0,SERVO,1,1,12654,0,0.0,ADD 1,0,1,0,0,0.0,ADD 2,0,1,0,0,0.0,ADD 3,0,1,0,0,0.0,ADD 4,0,1,0,0,0.0,ADD 5,0,0,0,0,0.0,ADD 6,0,1,0,0,0.0,ADD 7,0,0,0,0,0.0,EGT2CAN,0,1,0,0,0.0
1778953748.5199673,0.0,12663,-49.0,1,-,0,0,0,0,0.0,-,0,0,0,0,0.0,ECU,1,1,12664,0,0.0,FAN1,0,0,0,0,0.0,COILS,1,1,12679,0,0.0,PUMP,0,0,0,0,0.0,INJECTOR,1,1,12676,0,0.0,SERVO,1,1,12626,0,0.0,ADD 1,0,1,0,0,0.0,ADD 2,0,1,0,0,0.0,ADD 3,0,1,0,0,0.0,ADD 4,0,1,0,0,0.0,ADD 5,0,0,0,0,0.0,ADD 6,0,1,0,0,0.0,ADD 7,0,0,0,0,0.0,EGT2CAN,0,1,0,0,0.0
1778953748.5715406,0.0,12666,-51.0,1,-,0,0,0,0,0.0,-,0,0,0,0,0.0,ECU,1,1,12668,0,0.0,FAN1,0,0,0,0,0.0,COILS,1,1,12679,0,0.0,PUMP,0,0,0,0,0.0,INJECTOR,1,1,12676,0,0.0,SERVO,1,1,12627,0,0.0,ADD 1,0,1,0,0,0.0,ADD 2,0,1,0,0,0.0,ADD 3,0,1,0,0,0.0,ADD 4,0,1,0,0,0.0,ADD 5,0,0,0,0,0.0,ADD 6,0,1,0,0,0.0,ADD 7,0,0,0,0,0.0,EGT2CAN,0,1,0,0,0.0
1778953748.630785,0.0,12666,-51.0,1,-,0,0,0,0,0.0,-,0,0,0,0,0.0,ECU,1,1,12657,0,0.0,FAN1,0,0,0,0,0.0,COILS,1,1,12679,0,0.0,PUMP,0,0,0,0,0.0,INJECTOR,1,1,12676,0,0.0,SERVO,1,1,12627,0,0.0,ADD 1,0,1,0,0,0.0,ADD 2,0,1,0,0,0.0,ADD 3,0,1,0,0,0.0,ADD 4,0,1,0,0,0.0,ADD 5,0,0,0,0,0.0,ADD 6,0,1,0,0,0.0,ADD 7,0,0,0,0,0.0,EGT2CAN,0,1,0,0,0.0
1778953748.6965702,0.0,12671,-49.0,1,-,0,0,0,0,0.0,-,0,0,0,0,0.0,ECU,1,1,12654,0,0.0,FAN1,0,0,0,0,0.0,COILS,1,1,12664,0,0.0,PUMP,0,0,0,0,0.0,INJECTOR,1,1,12668,0,0.0,SERVO,1,1,12653,0,0.0,ADD 1,0,1,0,0,0.0,ADD 2,0,1,0,0,0.0,ADD 3,0,1,0,0,0.0,ADD 4,0,1,0,0,0.0,ADD 5,0,0,0,0,0.0,ADD 6,0,1,0,0,0.0,ADD 7,0,0,0,0,0.0,EGT2CAN,0,1,0,0,0.0
1778953748.7498164,0.0,12671,-49.0,1,-,0,0,0,0,0.0,-,0,0,0,0,0.0,ECU,1,1,12645,0,0.0,FAN1,0,0,0,0,0.0,COILS,1,1,12663,0,0.0,PUMP,0,0,0,0,0.0,INJECTOR,1,1,12658,0,0.0,SERVO,1,1,12636,0,0.0,ADD 1,0,1,0,0,0.0,ADD 2,0,1,0,0,0.0,ADD 3,0,1,0,0,0.0,ADD 4,0,1,0,0,0.0,ADD 5,0,0,0,0,0.0,ADD 6,0,1,0,0,0.0,ADD 7,0,0,0,0,0.0,EGT2CAN,0,1,0,0,0.0
1778953748.8112502,0.0,12671,-49.0,1,-,0,0,0,0,0.0,-,0,0,0,0,0.0,ECU,1,1,12663,0,0.0,FAN1,0,0,0,0,0.0,COILS,1,1,12668,0,0.0,PUMP,0,0,0,0,0.0,INJECTOR,1,1,12665,0,0.0,SERVO,1,1,12648,0,0.0,ADD 1,0,1,0,0,0.0,ADD 2,0,1,0,0,0.0,ADD 3,0,1,0,0,0.0,ADD 4,0,1,0,0,0.0,ADD 5,0,0,0,0,0.0,ADD 6,0,1,0,0,0.0,ADD 7,0,0,0,0,0.0,EGT2CAN,0,1,0,0,0.0
1778953748.8616924,0.0,12673,-49.0,1,-,0,0,0,0,0.0,-,0,0,0,0,0.0,ECU,1,1,12648,0,0.0,FAN1,0,0,0,0,0.0,COILS,1,1,12660,0,0.0,PUMP,0,0,0,0,0.0,INJECTOR,1,1,12664,0,0.0,SERVO,1,1,12654,0,0.0,ADD 1,0,1,0,0,0.0,ADD 2,0,1,0,0,0.0,ADD 3,0,1,0,0,0.0,ADD 4,0,1,0,0,0.0,ADD 5,0,0,0,0,0.0,ADD 6,0,1,0,0,0.0,ADD 7,0,0,0,0,0.0,EGT2CAN,0,1,0,0,0.0
1778953748.9149764,0.0,12672,-49.0,1,-,0,0,0,0,0.0,-,0,0,0,0,0.0,ECU,1,1,12648,0,0.0,FAN1,0,0,0,0,0.0,COILS,1,1,12668,0,0.0,PUMP,0,0,0,0,0.0,INJECTOR,1,1,12664,0,0.0,SERVO,1,1,12651,0,0.0,ADD 1,0,1,0,0,0.0,ADD 2,0,1,0,0,0.0,ADD 3,0,1,0,0,0.0,ADD 4,0,1,0,0,0.0,ADD 5,0,0,0,0,0.0,ADD 6,0,1,0,0,0.0,ADD 7,0,0,0,0,0.0,EGT2CAN,0,1,0,0,0.0
1778953748.9656882,0.0,12672,-49.0,1,-,0,0,0,0,0.0,-,0,0,0,0,0.0,ECU,1,1,12655,0,0.0,FAN1,0,0,0,0,0.0,COILS,1,1,12650,0,0.0,PUMP,0,0,0,0,0.0,INJECTOR,1,1,12674,0,0.0,SERVO,1,1,12651,0,0.0,ADD 1,0,1,0,0,0.0,ADD 2,0,1,0,0,0.0,ADD 3,0,1,0,0,0.0,ADD 4,0,1,0,0,0.0,ADD 5,0,0,0,0,0.0,ADD 6,0,1,0,0,0.0,ADD 7,0,0,0,0,0.0,EGT2CAN,0,1,0,0,0.0
1778953749.0166588,0.0,12668,-50.0,1,-,0,0,0,0,0.0,-,0,0,0,0,0.0,ECU,1,1,12653,0,0.0,FAN1,0,0,0,0,0.0,COILS,1,1,12675,0,0.0,PUMP,0,0,0,0,0.0,INJECTOR,1,1,12666,0,0.0,SERVO,1,1,12632,0,0.0,ADD 1,0,1,0,0,0.0,ADD 2,0,1,0,0,0.0,ADD 3,0,1,0,0,0.0,ADD 4,0,1,0,0,0.0,ADD 5,0,0,0,0,0.0,ADD 6,0,1,0,0,0.0,ADD 7,0,0,0,0,0.0,EGT2CAN,0,1,0,0,0.0
1778953749.0677476,0.0,12670,-49.0,1,-,0,0,0,0,0.0,-,0,0,0,0,0.0,ECU,1,1,12653,0,0.0,FAN1,0,0,0,0,0.0,COILS,1,1,12675,0,0.0,PUMP,0,0,0,0,0.0,INJECTOR,1,1,12666,0,0.0,SERVO,1,1,12632,0,0.0,ADD 1,0,1,0,0,0.0,ADD 2,0,1,0,0,0.0,ADD 3,0,1,0,0,0.0,ADD 4,0,1,0,0,0.0,ADD 5,0,0,0,0,0.0,ADD 6,0,1,0,0,0.0,ADD 7,0,0,0,0,0.0,EGT2CAN,0,1,0,0,0.0
1778953749.1187067,0.0,12670,-49.0,1,-,0,0,0,0,0.0,-,0,0,0,0,0.0,ECU,1,1,12671,0,0.0,FAN1,0,0,0,0,0.0,COILS,1,1,12676,0,0.0,PUMP,0,0,0,0,0.0,INJECTOR,1,1,12670,0,0.0,SERVO,1,1,12638,0,0.0,ADD 1,0,1,0,0,0.0,ADD 2,0,1,0,0,0.0,ADD 3,0,1,0,0,0.0,ADD 4,0,1,0,0,0.0,ADD 5,0,0,0,0,0.0,ADD 6,0,1,0,0,0.0,ADD 7,0,0,0,0,0.0,EGT2CAN,0,1,0,0,0.0
1778953749.169217,0.0,12676,-50.0,1,-,0,0,0,0,0.0,-,0,0,0,0,0.0,ECU,1,1,12659,0,0.0,FAN1,0,0,0,0,0.0,COILS,1,1,12673,0,0.0,PUMP,0,0,0,0,0.0,INJECTOR,1,1,12658,0,0.0,SERVO,1,1,12644,0,0.0,ADD 1,0,1,0,0,0.0,ADD 2,0,1,0,0,0.0,ADD 3,0,1,0,0,0.0,ADD 4,0,1,0,0,0.0,ADD 5,0,0,0,0,0.0,ADD 6,0,1,0,0,0.0,ADD 7,0,0,0,0,0.0,EGT2CAN,0,1,0,0,0.0
1778953749.229111,0.0,12676,-50.0,1,-,0,0,0,0,0.0,-,0,0,0,0,0.0,ECU,1,1,12659,0,0.0,FAN1,0,0,0,0,0.0,COILS,1,1,12673,0,0.0,PUMP,0,0,0,0,0.0,INJECTOR,1,1,12658,0,0.0,SERVO,1,1,12644,0,0.0,ADD 1,0,1,0,0,0.0,ADD 2,0,1,0,0,0.0,ADD 3,0,1,0,0,0.0,ADD 4,0,1,0,0,0.0,ADD 5,0,0,0,0,0.0,ADD 6,0,1,0,0,0.0,ADD 7,0,0,0,0,0.0,EGT2CAN,0,1,0,0,0.0
1778953749.2827325,0.0,12676,-50.0,1,-,0,0,0,0,0.0,-,0,0,0,0,0.0,ECU,1,1,12669,0,0.0,FAN1,0,0,0,0,0.0,COILS,1,1,12667,0,0.0,PUMP,0,0,0,0,0.0,INJECTOR,1,1,12676,0,0.0,SERVO,1,1,12644,0,0.0,ADD 1,0,1,0,0,0.0,ADD 2,0,1,0,0,0.0,ADD 3,0,1,0,0,0.0,ADD 4,0,1,0,0,0.0,ADD 5,0,0,0,0,0.0,ADD 6,0,1,0,0,0.0,ADD 7,0,0,0,0,0.0,EGT2CAN,0,1,0,0,0.0
1778953749.3342261,0.0,12683,-50.0,1,-,0,0,0,0,0.0,-,0,0,0,0,0.0,ECU,1,1,12676,0,0.0,FAN1,0,0,0,0,0.0,COILS,1,1,12666,0,0.0,PUMP,0,0,0,0,0.0,INJECTOR,1,1,12676,0,0.0,SERVO,1,1,12650,0,0.0,ADD 1,0,1,0,0,0.0,ADD 2,0,1,0,0,0.0,ADD 3,0,1,0,0,0.0,ADD 4,0,1,0,0,0.0,ADD 5,0,0,0,0,0.0,ADD 6,0,1,0,0,0.0,ADD 7,0,0,0,0,0.0,EGT2CAN,0,1,0,0,0.0
1778953749.39808,0.0,12679,-50.0,1,-,0,0,0,0,0.0,-,0,0,0,0,0.0,ECU,1,1,12676,0,0.0,FAN1,0,0,0,0,0.0,COILS,1,1,12675,0,0.0,PUMP,0,0,0,0,0.0,INJECTOR,1,1,12670,0,0.0,SERVO,1,1,12644,0,0.0,ADD 1,0,1,0,0,0.0,ADD 2,0,1,0,0,0.0,ADD 3,0,1,0,0,0.0,ADD 4,0,1,0,0,0.0,ADD 5,0,0,0,0,0.0,ADD 6,0,1,0,0,0.0,ADD 7,0,0,0,0,0.0,EGT2CAN,0,1,0,0,0.0
1778953749.4535515,0.0,12679,-50.0,1,-,0,0,0,0,0.0,-,0,0,0,0,0.0,ECU,1,1,12676,0,0.0,FAN1,0,0,0,0,0.0,COILS,1,1,12675,0,0.0,PUMP,0,0,0,0,0.0,INJECTOR,1,1,12670,0,0.0,SERVO,1,1,12644,0,0.0,ADD 1,0,1,0,0,0.0,ADD 2,0,1,0,0,0.0,ADD 3,0,1,0,0,0.0,ADD 4,0,1,0,0,0.0,ADD 5,0,0,0,0,0.0,ADD 6,0,1,0,0,0.0,ADD 7,0,0,0,0,0.0,EGT2CAN,0,1,0,0,0.0
1778953749.5045063,0.0,12678,-49.0,1,-,0,0,0,0,0.0,-,0,0,0,0,0.0,ECU,1,1,12663,0,0.0,FAN1,0,0,0,0,0.0,COILS,1,1,12654,0,0.0,PUMP,0,0,0,0,0.0,INJECTOR,1,1,12664,0,0.0,SERVO,1,1,12652,0,0.0,ADD 1,0,1,0,0,0.0,ADD 2,0,1,0,0,0.0,ADD 3,0,1,0,0,0.0,ADD 4,0,1,0,0,0.0,ADD 5,0,0,0,0,0.0,ADD 6,0,1,0,0,0.0,ADD 7,0,0,0,0,0.0,EGT2CAN,0,1,0,0,0.0
1778953749.5550067,0.0,12681,-49.0,1,-,0,0,0,0,0.0,-,0,0,0,0,0.0,ECU,1,1,12670,0,0.0,FAN1,0,0,0,0,0.0,COILS,1,1,12676,0,0.0,PUMP,0,0,0,0,0.0,INJECTOR,1,1,12663,0,0.0,SERVO,1,1,12663,0,0.0,ADD 1,0,1,0,0,0.0,ADD 2,0,1,0,0,0.0,ADD 3,0,1,0,0,0.0,ADD 4,0,1,0,0,0.0,ADD 5,0,0,0,0,0.0,ADD 6,0,1,0,0,0.0,ADD 7,0,0,0,0,0.0,EGT2CAN,0,1,0,0,0.0
1778953749.6216886,0.0,12681,-49.0,1,-,0,0,0,0,0.0,-,0,0,0,0,0.0,ECU,1,1,12671,0,0.0,FAN1,0,0,0,0,0.0,COILS,1,1,12676,0,0.0,PUMP,0,0,0,0,0.0,INJECTOR,1,1,12671,0,0.0,SERVO,1,1,12654,0,0.0,ADD 1,0,1,0,0,0.0,ADD 2,0,1,0,0,0.0,ADD 3,0,1,0,0,0.0,ADD 4,0,1,0,0,0.0,ADD 5,0,0,0,0,0.0,ADD 6,0,1,0,0,0.0,ADD 7,0,0,0,0,0.0,EGT2CAN,0,1,0,0,0.0
1778953749.67201,0.0,12682,-49.0,1,-,0,0,0,0,0.0,-,0,0,0,0,0.0,ECU,1,1,12667,0,0.0,FAN1,0,0,0,0,0.0,COILS,1,1,12673,0,0.0,PUMP,0,0,0,0,0.0,INJECTOR,1,1,12682,0,0.0,SERVO,1,1,12627,0,0.0,ADD 1,0,1,0,0,0.0,ADD 2,0,1,0,0,0.0,ADD 3,0,1,0,0,0.0,ADD 4,0,1,0,0,0.0,ADD 5,0,0,0,0,0.0,ADD 6,0,1,0,0,0.0,ADD 7,0,0,0,0,0.0,EGT2CAN,0,1,0,0,0.0
1778953749.7265983,0.0,12682,-49.0,1,-,0,0,0,0,0.0,-,0,0,0,0,0.0,ECU,1,1,12676,0,0.0,FAN1,0,0,0,0,0.0,COILS,1,1,12681,0,0.0,PUMP,0,0,0,0,0.0,INJECTOR,1,1,12682,0,0.0,SERVO,1,1,12640,0,0.0,ADD 1,0,1,0,0,0.0,ADD 2,0,1,0,0,0.0,ADD 3,0,1,0,0,0.0,ADD 4,0,1,0,0,0.0,ADD 5,0,0,0,0,0.0,ADD 6,0,1,0,0,0.0,ADD 7,0,0,0,0,0.0,EGT2CAN,0,1,0,0,0.0
1778953749.7786627,0.0,12682,-49.0,1,-,0,0,0,0,0.0,-,0,0,0,0,0.0,ECU,1,1,12676,0,0.0,FAN1,0,0,0,0,0.0,COILS,1,1,12681,0,0.0,PUMP,0,0,0,0,0.0,INJECTOR,1,1,12682,0,0.0,SERVO,1,1,12640,0,0.0,ADD 1,0,1,0,0,0.0,ADD 2,0,1,0,0,0.0,ADD 3,0,1,0,0,0.0,ADD 4,0,1,0,0,0.0,ADD 5,0,0,0,0,0.0,ADD 6,0,1,0,0,0.0,ADD 7,0,0,0,0,0.0,EGT2CAN,0,1,0,0,0.0
1778953749.829534,0.0,12681,-49.0,1,-,0,0,0,0,0.0,-,0,0,0,0,0.0,ECU,1,1,12676,0,0.0,FAN1,0,0,0,0,0.0,COILS,1,1,12681,0,0.0,PUMP,0,0,0,0,0.0,INJECTOR,1,1,12682,0,0.0,SERVO,1,1,12640,0,0.0,ADD 1,0,1,0,0,0.0,ADD 2,0,1,0,0,0.0,ADD 3,0,1,0,0,0.0,ADD 4,0,1,0,0,0.0,ADD 5,0,0,0,0,0.0,ADD 6,0,1,0,0,0.0,ADD 7,0,0,0,0,0.0,EGT2CAN,0,1,0,0,0.0
1778953749.8915691,0.0,12687,-49.0,1,-,0,0,0,0,0.0,-,0,0,0,0,0.0,ECU,1,1,12658,0,0.0,FAN1,0,0,0,0,0.0,COILS,1,1,12687,0,0.0,PUMP,0,0,0,0,0.0,INJECTOR,1,1,12677,0,0.0,SERVO,1,1,12658,0,0.0,ADD 1,0,1,0,0,0.0,ADD 2,0,1,0,0,0.0,ADD 3,0,1,0,0,0.0,ADD 4,0,1,0,0,0.0,ADD 5,0,0,0,0,0.0,ADD 6,0,1,0,0,0.0,ADD 7,0,0,0,0,0.0,EGT2CAN,0,1,0,0,0.0
1778953749.9422598,0.0,12687,-49.0,1,-,0,0,0,0,0.0,-,0,0,0,0,0.0,ECU,1,1,12657,0,0.0,FAN1,0,0,0,0,0.0,COILS,1,1,12687,0,0.0,PUMP,0,0,0,0,0.0,INJECTOR,1,1,12683,0,0.0,SERVO,1,1,12655,0,0.0,ADD 1,0,1,0,0,0.0,ADD 2,0,1,0,0,0.0,ADD 3,0,1,0,0,0.0,ADD 4,0,1,0,0,0.0,ADD 5,0,0,0,0,0.0,ADD 6,0,1,0,0,0.0,ADD 7,0,0,0,0,0.0,EGT2CAN,0,1,0,0,0.0
1778953749.9933631,0.0,12686,-49.0,1,-,0,0,0,0,0.0,-,0,0,0,0,0.0,ECU,1,1,12657,0,0.0,FAN1,0,0,0,0,0.0,COILS,1,1,12687,0,0.0,PUMP,0,0,0,0,0.0,INJECTOR,1,1,12683,0,0.0,SERVO,1,1,12655,0,0.0,ADD 1,0,1,0,0,0.0,ADD 2,0,1,0,0,0.0,ADD 3,0,1,0,0,0.0,ADD 4,0,1,0,0,0.0,ADD 5,0,0,0,0,0.0,ADD 6,0,1,0,0,0.0,ADD 7,0,0,0,0,0.0,EGT2CAN,0,1,0,0,0.0
1778953750.054253,0.0,12686,-49.0,1,-,0,0,0,0,0.0,-,0,0,0,0,0.0,ECU,1,1,12672,0,0.0,FAN1,0,0,0,0,0.0,COILS,1,1,12682,0,0.0,PUMP,0,0,0,0,0.0,INJECTOR,1,1,12687,0,0.0,SERVO,1,1,12654,0,0.0,ADD 1,0,1,0,0,0.0,ADD 2,0,1,0,0,0.0,ADD 3,0,1,0,0,0.0,ADD 4,0,1,0,0,0.0,ADD 5,0,0,0,0,0.0,ADD 6,0,1,0,0,0.0,ADD 7,0,0,0,0,0.0,EGT2CAN,0,1,0,0,0.0
1778953750.1133497,0.0,12686,-49.0,1,-,0,0,0,0,0.0,-,0,0,0,0,0.0,ECU,1,1,12676,0,0.0,FAN1,0,0,0,0,0.0,COILS,1,1,12682,0,0.0,PUMP,0,0,0,0,0.0,INJECTOR,1,1,12687,0,0.0,SERVO,1,1,12654,0,0.0,ADD 1,0,1,0,0,0.0,ADD 2,0,1,0,0,0.0,ADD 3,0,1,0,0,0.0,ADD 4,0,1,0,0,0.0,ADD 5,0,0,0,0,0.0,ADD 6,0,1,0,0,0.0,ADD 7,0,0,0,0,0.0,EGT2CAN,0,1,0,0,0.0
1778953750.1651094,0.0,12680,-49.0,1,-,0,0,0,0,0.0,-,0,0,0,0,0.0,ECU,1,1,12668,0,0.0,FAN1,0,0,0,0,0.0,COILS,1,1,12658,0,0.0,PUMP,0,0,0,0,0.0,INJECTOR,1,1,12667,0,0.0,SERVO,1,1,12645,0,0.0,ADD 1,0,1,0,0,0.0,ADD 2,0,1,0,0,0.0,ADD 3,0,1,0,0,0.0,ADD 4,0,1,0,0,0.0,ADD 5,0,0,0,0,0.0,ADD 6,0,1,0,0,0.0,ADD 7,0,0,0,0,0.0,EGT2CAN,0,1,0,0,0.0
1778953750.218941,0.0,12683,-50.0,1,-,0,0,0,0,0.0,-,0,0,0,0,0.0,ECU,1,1,12668,0,0.0,FAN1,0,0,0,0,0.0,COILS,1,1,12658,0,0.0,PUMP,0,0,0,0,0.0,INJECTOR,1,1,12667,0,0.0,SERVO,1,1,12645,0,0.0,ADD 1,0,1,0,0,0.0,ADD 2,0,1,0,0,0.0,ADD 3,0,1,0,0,0.0,ADD 4,0,1,0,0,0.0,ADD 5,0,0,0,0,0.0,ADD 6,0,1,0,0,0.0,ADD 7,0,0,0,0,0.0,EGT2CAN,0,1,0,0,0.0
1778953750.270754,0.0,12683,-50.0,1,-,0,0,0,0,0.0,-,0,0,0,0,0.0,ECU,1,1,12676,0,0.0,FAN1,0,0,0,0,0.0,COILS,1,1,12680,0,0.0,PUMP,0,0,0,0,0.0,INJECTOR,1,1,12681,0,0.0,SERVO,1,1,12646,0,0.0,ADD 1,0,1,0,0,0.0,ADD 2,0,1,0,0,0.0,ADD 3,0,1,0,0,0.0,ADD 4,0,1,0,0,0.0,ADD 5,0,0,0,0,0.0,ADD 6,0,1,0,0,0.0,ADD 7,0,0,0,0,0.0,EGT2CAN,0,1,0,0,0.0
1778953750.3236613,0.0,12688,-49.0,1,-,0,0,0,0,0.0,-,0,0,0,0,0.0,ECU,1,1,12674,0,0.0,FAN1,0,0,0,0,0.0,COILS,1,1,12671,0,0.0,PUMP,0,0,0,0,0.0,INJECTOR,1,1,12682,0,0.0,SERVO,1,1,12645,0,0.0,ADD 1,0,1,0,0,0.0,ADD 2,0,1,0,0,0.0,ADD 3,0,1,0,0,0.0,ADD 4,0,1,0,0,0.0,ADD 5,0,0,0,0,0.0,ADD 6,0,1,0,0,0.0,ADD 7,0,0,0,0,0.0,EGT2CAN,0,1,0,0,0.0
1778953750.3796415,0.0,12688,-49.0,1,-,0,0,0,0,0.0,-,0,0,0,0,0.0,ECU,1,1,12674,0,0.0,FAN1,0,0,0,0,0.0,COILS,1,1,12671,0,0.0,PUMP,0,0,0,0,0.0,INJECTOR,1,1,12682,0,0.0,SERVO,1,1,12645,0,0.0,ADD 1,0,1,0,0,0.0,ADD 2,0,1,0,0,0.0,ADD 3,0,1,0,0,0.0,ADD 4,0,1,0,0,0.0,ADD 5,0,0,0,0,0.0,ADD 6,0,1,0,0,0.0,ADD 7,0,0,0,0,0.0,EGT2CAN,0,1,0,0,0.0
1778953750.4303079,0.0,12688,-49.0,1,-,0,0,0,0,0.0,-,0,0,0,0,0.0,ECU,1,1,12678,0,0.0,FAN1,0,0,0,0,0.0,COILS,1,1,12658,0,0.0,PUMP,0,0,0,0,0.0,INJECTOR,1,1,12682,0,0.0,SERVO,1,1,12635,0,0.0,ADD 1,0,1,0,0,0.0,ADD 2,0,1,0,0,0.0,ADD 3,0,1,0,0,0.0,ADD 4,0,1,0,0,0.0,ADD 5,0,0,0,0,0.0,ADD 6,0,1,0,0,0.0,ADD 7,0,0,0,0,0.0,EGT2CAN,0,1,0,0,0.0
1778953750.4812238,0.0,12685,-50.0,1,-,0,0,0,0,0.0,-,0,0,0,0,0.0,ECU,1,1,12683,0,0.0,FAN1,0,0,0,0,0.0,COILS,1,1,12673,0,0.0,PUMP,0,0,0,0,0.0,INJECTOR,1,1,12678,0,0.0,SERVO,1,1,12647,0,0.0,ADD 1,0,1,0,0,0.0,ADD 2,0,1,0,0,0.0,ADD 3,0,1,0,0,0.0,ADD 4,0,1,0,0,0.0,ADD 5,0,0,0,0,0.0,ADD 6,0,1,0,0,0.0,ADD 7,0,0,0,0,0.0,EGT2CAN,0,1,0,0,0.0
1778953750.536043,0.0,12685,-50.0,1,-,0,0,0,0,0.0,-,0,0,0,0,0.0,ECU,1,1,12678,0,0.0,FAN1,0,0,0,0,0.0,COILS,1,1,12673,0,0.0,PUMP,0,0,0,0,0.0,INJECTOR,1,1,12679,0,0.0,SERVO,1,1,12635,0,0.0,ADD 1,0,1,0,0,0.0,ADD 2,0,1,0,0,0.0,ADD 3,0,1,0,0,0.0,ADD 4,0,1,0,0,0.0,ADD 5,0,0,0,0,0.0,ADD 6,0,1,0,0,0.0,ADD 7,0,0,0,0,0.0,EGT2CAN,0,1,0,0,0.0
1778953750.5882897,0.0,12685,-50.0,1,-,0,0,0,0,0.0,-,0,0,0,0,0.0,ECU,1,1,12678,0,0.0,FAN1,0,0,0,0,0.0,COILS,1,1,12673,0,0.0,PUMP,0,0,0,0,0.0,INJECTOR,1,1,12679,0,0.0,SERVO,1,1,12635,0,0.0,ADD 1,0,1,0,0,0.0,ADD 2,0,1,0,0,0.0,ADD 3,0,1,0,0,0.0,ADD 4,0,1,0,0,0.0,ADD 5,0,0,0,0,0.0,ADD 6,0,1,0,0,0.0,ADD 7,0,0,0,0,0.0,EGT2CAN,0,1,0,0,0.0
1778953750.6393394,0.0,12686,-50.0,1,-,0,0,0,0,0.0,-,0,0,0,0,0.0,ECU,1,1,12680,0,0.0,FAN1,0,0,0,0,0.0,COILS,1,1,12691,0,0.0,PUMP,0,0,0,0,0.0,INJECTOR,1,1,12681,0,0.0,SERVO,1,1,12652,0,0.0,ADD 1,0,1,0,0,0.0,ADD 2,0,1,0,0,0.0,ADD 3,0,1,0,0,0.0,ADD 4,0,1,0,0,0.0,ADD 5,0,0,0,0,0.0,ADD 6,0,1,0,0,0.0,ADD 7,0,0,0,0,0.0,EGT2CAN,0,1,0,0,0.0
1778953750.6928935,0.0,12689,-49.0,1,-,0,0,0,0,0.0,-,0,0,0,0,0.0,ECU,1,1,12680,0,0.0,FAN1,0,0,0,0,0.0,COILS,1,1,12692,0,0.0,PUMP,0,0,0,0,0.0,INJECTOR,1,1,12679,0,0.0,SERVO,1,1,12653,0,0.0,ADD 1,0,1,0,0,0.0,ADD 2,0,1,0,0,0.0,ADD 3,0,1,0,0,0.0,ADD 4,0,1,0,0,0.0,ADD 5,0,0,0,0,0.0,ADD 6,0,1,0,0,0.0,ADD 7,0,0,0,0,0.0,EGT2CAN,0,1,0,0,0.0
1778953750.7463675,0.0,12689,-49.0,1,-,0,0,0,0,0.0,-,0,0,0,0,0.0,ECU,1,1,12680,0,0.0,FAN1,0,0,0,0,0.0,COILS,1,1,12692,0,0.0,PUMP,0,0,0,0,0.0,INJECTOR,1,1,12679,0,0.0,SERVO,1,1,12653,0,0.0,ADD 1,0,1,0,0,0.0,ADD 2,0,1,0,0,0.0,ADD 3,0,1,0,0,0.0,ADD 4,0,1,0,0,0.0,ADD 5,0,0,0,0,0.0,ADD 6,0,1,0,0,0.0,ADD 7,0,0,0,0,0.0,EGT2CAN,0,1,0,0,0.0
1778953750.7968996,0.0,12689,-49.0,1,-,0,0,0,0,0.0,-,0,0,0,0,0.0,ECU,1,1,12672,0,0.0,FAN1,0,0,0,0,0.0,COILS,1,1,12668,0,0.0,PUMP,0,0,0,0,0.0,INJECTOR,1,1,12673,0,0.0,SERVO,1,1,12627,0,0.0,ADD 1,0,1,0,0,0.0,ADD 2,0,1,0,0,0.0,ADD 3,0,1,0,0,0.0,ADD 4,0,1,0,0,0.0,ADD 5,0,0,0,0,0.0,ADD 6,0,1,0,0,0.0,ADD 7,0,0,0,0,0.0,EGT2CAN,0,1,0,0,0.0
1778953750.848934,0.0,12689,-49.0,1,-,0,0,0,0,0.0,-,0,0,0,0,0.0,ECU,1,1,12666,0,0.0,FAN1,0,0,0,0,0.0,COILS,1,1,12663,0,0.0,PUMP,0,0,0,0,0.0,INJECTOR,1,1,12670,0,0.0,SERVO,1,1,12642,0,0.0,ADD 1,0,1,0,0,0.0,ADD 2,0,1,0,0,0.0,ADD 3,0,1,0,0,0.0,ADD 4,0,1,0,0,0.0,ADD 5,0,0,0,0,0.0,ADD 6,0,1,0,0,0.0,ADD 7,0,0,0,0,0.0,EGT2CAN,0,1,0,0,0.0
1778953750.8999681,0.0,12688,-49.0,1,-,0,0,0,0,0.0,-,0,0,0,0,0.0,ECU,1,1,12663,0,0.0,FAN1,0,0,0,0,0.0,COILS,1,1,12680,0,0.0,PUMP,0,0,0,0,0.0,INJECTOR,1,1,12671,0,0.0,SERVO,1,1,12646,0,0.0,ADD 1,0,1,0,0,0.0,ADD 2,0,1,0,0,0.0,ADD 3,0,1,0,0,0.0,ADD 4,0,1,0,0,0.0,ADD 5,0,0,0,0,0.0,ADD 6,0,1,0,0,0.0,ADD 7,0,0,0,0,0.0,EGT2CAN,0,1,0,0,0.0
1778953750.9509232,0.0,12688,-50.0,1,-,0,0,0,0,0.0,-,0,0,0,0,0.0,ECU,1,1,12671,0,0.0,FAN1,0,0,0,0,0.0,COILS,1,1,12682,0,0.0,PUMP,0,0,0,0,0.0,INJECTOR,1,1,12677,0,0.0,SERVO,1,1,12653,0,0.0,ADD 1,0,1,0,0,0.0,ADD 2,0,1,0,0,0.0,ADD 3,0,1,0,0,0.0,ADD 4,0,1,0,0,0.0,ADD 5,0,0,0,0,0.0,ADD 6,0,1,0,0,0.0,ADD 7,0,0,0,0,0.0,EGT2CAN,0,1,0,0,0.0
1778953751.0032415,0.0,12687,-49.0,1,-,0,0,0,0,0.0,-,0,0,0,0,0.0,ECU,1,1,12676,0,0.0,FAN1,0,0,0,0,0.0,COILS,1,1,12678,0,0.0,PUMP,0,0,0,0,0.0,INJECTOR,1,1,12653,0,0.0,SERVO,1,1,12660,0,0.0,ADD 1,0,1,0,0,0.0,ADD 2,0,1,0,0,0.0,ADD 3,0,1,0,0,0.0,ADD 4,0,1,0,0,0.0,ADD 5,0,0,0,0,0.0,ADD 6,0,1,0,0,0.0,ADD 7,0,0,0,0,0.0,EGT2CAN,0,1,0,0,0.0
1778953751.054011,0.0,12687,-49.0,1,-,0,0,0,0,0.0,-,0,0,0,0,0.0,ECU,1,1,12687,0,0.0,FAN1,0,0,0,0,0.0,COILS,1,1,12674,0,0.0,PUMP,0,0,0,0,0.0,INJECTOR,1,1,12676,0,0.0,SERVO,1,1,12652,0,0.0,ADD 1,0,1,0,0,0.0,ADD 2,0,1,0,0,0.0,ADD 3,0,1,0,0,0.0,ADD 4,0,1,0,0,0.0,ADD 5,0,0,0,0,0.0,ADD 6,0,1,0,0,0.0,ADD 7,0,0,0,0,0.0,EGT2CAN,0,1,0,0,0.0
1778953751.1068153,0.0,12689,-49.0,1,-,0,0,0,0,0.0,-,0,0,0,0,0.0,ECU,1,1,12668,0,0.0,FAN1,0,0,0,0,0.0,COILS,1,1,12685,0,0.0,PUMP,0,0,0,0,0.0,INJECTOR,1,1,12687,0,0.0,SERVO,1,1,12666,0,0.0,ADD 1,0,1,0,0,0.0,ADD 2,0,1,0,0,0.0,ADD 3,0,1,0,0,0.0,ADD 4,0,1,0,0,0.0,ADD 5,0,0,0,0,0.0,ADD 6,0,1,0,0,0.0,ADD 7,0,0,0,0,0.0,EGT2CAN,0,1,0,0,0.0
1778953751.1591067,0.0,12689,-49.0,1,-,0,0,0,0,0.0,-,0,0,0,0,0.0,ECU,1,1,12671,0,0.0,FAN1,0,0,0,0,0.0,COILS,1,1,12693,0,0.0,PUMP,0,0,0,0,0.0,INJECTOR,1,1,12678,0,0.0,SERVO,1,1,12656,0,0.0,ADD 1,0,1,0,0,0.0,ADD 2,0,1,0,0,0.0,ADD 3,0,1,0,0,0.0,ADD 4,0,1,0,0,0.0,ADD 5,0,0,0,0,0.0,ADD 6,0,1,0,0,0.0,ADD 7,0,0,0,0,0.0,EGT2CAN,0,1,0,0,0.0
1778953751.210186,0.0,12687,-49.0,1,-,0,0,0,0,0.0,-,0,0,0,0,0.0,ECU,1,1,12671,0,0.0,FAN1,0,0,0,0,0.0,COILS,1,1,12693,0,0.0,PUMP,0,0,0,0,0.0,INJECTOR,1,1,12678,0,0.0,SERVO,1,1,12656,0,0.0,ADD 1,0,1,0,0,0.0,ADD 2,0,1,0,0,0.0,ADD 3,0,1,0,0,0.0,ADD 4,0,1,0,0,0.0,ADD 5,0,0,0,0,0.0,ADD 6,0,1,0,0,0.0,ADD 7,0,0,0,0,0.0,EGT2CAN,0,1,0,0,0.0
1778953751.260999,0.0,12688,-50.0,1,-,0,0,0,0,0.0,-,0,0,0,0,0.0,ECU,1,1,12674,0,0.0,FAN1,0,0,0,0,0.0,COILS,1,1,12674,0,0.0,PUMP,0,0,0,0,0.0,INJECTOR,1,1,12687,0,0.0,SERVO,1,1,12629,0,0.0,ADD 1,0,1,0,0,0.0,ADD 2,0,1,0,0,0.0,ADD 3,0,1,0,0,0.0,ADD 4,0,1,0,0,0.0,ADD 5,0,0,0,0,0.0,ADD 6,0,1,0,0,0.0,ADD 7,0,0,0,0,0.0,EGT2CAN,0,1,0,0,0.0
1778953751.312358,0.0,12687,-49.0,1,-,0,0,0,0,0.0,-,0,0,0,0,0.0,ECU,1,1,12666,0,0.0,FAN1,0,0,0,0,0.0,COILS,1,1,12681,0,0.0,PUMP,0,0,0,0,0.0,INJECTOR,1,1,12684,0,0.0,SERVO,1,1,12655,0,0.0,ADD 1,0,1,0,0,0.0,ADD 2,0,1,0,0,0.0,ADD 3,0,1,0,0,0.0,ADD 4,0,1,0,0,0.0,ADD 5,0,0,0,0,0.0,ADD 6,0,1,0,0,0.0,ADD 7,0,0,0,0,0.0,EGT2CAN,0,1,0,0,0.0
1778953751.3635688,0.0,12687,-49.0,1,-,0,0,0,0,0.0,-,0,0,0,0,0.0,ECU,1,1,12673,0,0.0,FAN1,0,0,0,0,0.0,COILS,1,1,12665,0,0.0,PUMP,0,0,0,0,0.0,INJECTOR,1,1,12689,0,0.0,SERVO,1,1,12648,0,0.0,ADD 1,0,1,0,0,0.0,ADD 2,0,1,0,0,0.0,ADD 3,0,1,0,0,0.0,ADD 4,0,1,0,0,0.0,ADD 5,0,0,0,0,0.0,ADD 6,0,1,0,0,0.0,ADD 7,0,0,0,0,0.0,EGT2CAN,0,1,0,0,0.0
1778953751.413941,0.0,12684,-54.0,1,-,0,0,0,0,0.0,-,0,0,0,0,0.0,ECU,1,1,12665,0,0.0,FAN1,0,0,0,0,0.0,COILS,1,1,12671,0,0.0,PUMP,0,0,0,0,0.0,INJECTOR,1,1,12681,0,0.0,SERVO,1,1,12654,0,0.0,ADD 1,0,1,0,0,0.0,ADD 2,0,1,0,0,0.0,ADD 3,0,1,0,0,0.0,ADD 4,0,1,0,0,0.0,ADD 5,0,0,0,0,0.0,ADD 6,0,1,0,0,0.0,ADD 7,0,0,0,0,0.0,EGT2CAN,0,1,0,0,0.0
1778953751.464936,0.0,12684,-49.0,1,-,0,0,0,0,0.0,-,0,0,0,0,0.0,ECU,1,1,12665,0,0.0,FAN1,0,0,0,0,0.0,COILS,1,1,12671,0,0.0,PUMP,0,0,0,0,0.0,INJECTOR,1,1,12681,0,0.0,SERVO,1,1,12654,0,0.0,ADD 1,0,1,0,0,0.0,ADD 2,0,1,0,0,0.0,ADD 3,0,1,0,0,0.0,ADD 4,0,1,0,0,0.0,ADD 5,0,0,0,0,0.0,ADD 6,0,1,0,0,0.0,ADD 7,0,0,0,0,0.0,EGT2CAN,0,1,0,0,0.0
1778953751.5159962,0.0,12684,-49.0,1,-,0,0,0,0,0.0,-,0,0,0,0,0.0,ECU,1,1,12676,0,0.0,FAN1,0,0,0,0,0.0,COILS,1,1,12663,0,0.0,PUMP,0,0,0,0,0.0,INJECTOR,1,1,12685,0,0.0,SERVO,1,1,12652,0,0.0,ADD 1,0,1,0,0,0.0,ADD 2,0,1,0,0,0.0,ADD 3,0,1,0,0,0.0,ADD 4,0,1,0,0,0.0,ADD 5,0,0,0,0,0.0,ADD 6,0,1,0,0,0.0,ADD 7,0,0,0,0,0.0,EGT2CAN,0,1,0,0,0.0
1778953751.5668693,0.0,12685,-49.0,1,-,0,0,0,0,0.0,-,0,0,0,0,0.0,ECU,1,1,12683,0,0.0,FAN1,0,0,0,0,0.0,COILS,1,1,12684,0,0.0,PUMP,0,0,0,0,0.0,INJECTOR,1,1,12673,0,0.0,SERVO,1,1,12654,0,0.0,ADD 1,0,1,0,0,0.0,ADD 2,0,1,0,0,0.0,ADD 3,0,1,0,0,0.0,ADD 4,0,1,0,0,0.0,ADD 5,0,0,0,0,0.0,ADD 6,0,1,0,0,0.0,ADD 7,0,0,0,0,0.0,EGT2CAN,0,1,0,0,0.0
1778953751.6179826,0.0,12681,-49.0,1,-,0,0,0,0,0.0,-,0,0,0,0,0.0,ECU,1,1,12683,0,0.0,FAN1,0,0,0,0,0.0,COILS,1,1,12684,0,0.0,PUMP,0,0,0,0,0.0,INJECTOR,1,1,12673,0,0.0,SERVO,1,1,12654,0,0.0,ADD 1,0,1,0,0,0.0,ADD 2,0,1,0,0,0.0,ADD 3,0,1,0,0,0.0,ADD 4,0,1,0,0,0.0,ADD 5,0,0,0,0,0.0,ADD 6,0,1,0,0,0.0,ADD 7,0,0,0,0,0.0,EGT2CAN,0,1,0,0,0.0
1778953751.6688912,0.0,12681,-49.0,1,-,0,0,0,0,0.0,-,0,0,0,0,0.0,ECU,1,1,12682,0,0.0,FAN1,0,0,0,0,0.0,COILS,1,1,12687,0,0.0,PUMP,0,0,0,0,0.0,INJECTOR,1,1,12671,0,0.0,SERVO,1,1,12644,0,0.0,ADD 1,0,1,0,0,0.0,ADD 2,0,1,0,0,0.0,ADD 3,0,1,0,0,0.0,ADD 4,0,1,0,0,0.0,ADD 5,0,0,0,0,0.0,ADD 6,0,1,0,0,0.0,ADD 7,0,0,0,0,0.0,EGT2CAN,0,1,0,0,0.0
1778953751.7268817,0.0,12682,-49.0,1,-,0,0,0,0,0.0,-,0,0,0,0,0.0,ECU,1,1,12684,0,0.0,FAN1,0,0,0,0,0.0,COILS,1,1,12651,0,0.0,PUMP,0,0,0,0,0.0,INJECTOR,1,1,12685,0,0.0,SERVO,1,1,12660,0,0.0,ADD 1,0,1,0,0,0.0,ADD 2,0,1,0,0,0.0,ADD 3,0,1,0,0,0.0,ADD 4,0,1,0,0,0.0,ADD 5,0,0,0,0,0.0,ADD 6,0,1,0,0,0.0,ADD 7,0,0,0,0,0.0,EGT2CAN,0,1,0,0,0.0
1778953751.777605,0.0,12682,-49.0,1,-,0,0,0,0,0.0,-,0,0,0,0,0.0,ECU,1,1,12684,0,0.0,FAN1,0,0,0,0,0.0,COILS,1,1,12651,0,0.0,PUMP,0,0,0,0,0.0,INJECTOR,1,1,12685,0,0.0,SERVO,1,1,12660,0,0.0,ADD 1,0,1,0,0,0.0,ADD 2,0,1,0,0,0.0,ADD 3,0,1,0,0,0.0,ADD 4,0,1,0,0,0.0,ADD 5,0,0,0,0,0.0,ADD 6,0,1,0,0,0.0,ADD 7,0,0,0,0,0.0,EGT2CAN,0,1,0,0,0.0
1778953751.8281658,0.0,12682,-49.0,1,-,0,0,0,0,0.0,-,0,0,0,0,0.0,ECU,1,1,12684,0,0.0,FAN1,0,0,0,0,0.0,COILS,1,1,12675,0,0.0,PUMP,0,0,0,0,0.0,INJECTOR,1,1,12695,0,0.0,SERVO,1,1,12660,0,0.0,ADD 1,0,1,0,0,0.0,ADD 2,0,1,0,0,0.0,ADD 3,0,1,0,0,0.0,ADD 4,0,1,0,0,0.0,ADD 5,0,0,0,0,0.0,ADD 6,0,1,0,0,0.0,ADD 7,0,0,0,0,0.0,EGT2CAN,0,1,0,0,0.0
1778953751.8784947,0.0,12680,-49.0,1,-,0,0,0,0,0.0,-,0,0,0,0,0.0,ECU,1,1,12654,0,0.0,FAN1,0,0,0,0,0.0,COILS,1,1,12689,0,0.0,PUMP,0,0,0,0,0.0,INJECTOR,1,1,12689,0,0.0,SERVO,1,1,12661,0,0.0,ADD 1,0,1,0,0,0.0,ADD 2,0,1,0,0,0.0,ADD 3,0,1,0,0,0.0,ADD 4,0,1,0,0,0.0,ADD 5,0,0,0,0,0.0,ADD 6,0,1,0,0,0.0,ADD 7,0,0,0,0,0.0,EGT2CAN,0,1,0,0,0.0
1778953751.92959,0.0,12680,-49.0,1,-,0,0,0,0,0.0,-,0,0,0,0,0.0,ECU,1,1,12654,0,0.0,FAN1,0,0,0,0,0.0,COILS,1,1,12689,0,0.0,PUMP,0,0,0,0,0.0,INJECTOR,1,1,12689,0,0.0,SERVO,1,1,12661,0,0.0,ADD 1,0,1,0,0,0.0,ADD 2,0,1,0,0,0.0,ADD 3,0,1,0,0,0.0,ADD 4,0,1,0,0,0.0,ADD 5,0,0,0,0,0.0,ADD 6,0,1,0,0,0.0,ADD 7,0,0,0,0,0.0,EGT2CAN,0,1,0,0,0.0
1778953751.9820464,0.0,12680,-49.0,1,-,0,0,0,0,0.0,-,0,0,0,0,0.0,ECU,1,1,12665,0,0.0,FAN1,0,0,0,0,0.0,COILS,1,1,12690,0,0.0,PUMP,0,0,0,0,0.0,INJECTOR,1,1,12677,0,0.0,SERVO,1,1,12651,0,0.0,ADD 1,0,1,0,0,0.0,ADD 2,0,1,0,0,0.0,ADD 3,0,1,0,0,0.0,ADD 4,0,1,0,0,0.0,ADD 5,0,0,0,0,0.0,ADD 6,0,1,0,0,0.0,ADD 7,0,0,0,0,0.0,EGT2CAN,0,1,0,0,0.0
1778953752.0334022,0.0,12685,-49.0,1,-,0,0,0,0,0.0,-,0,0,0,0,0.0,ECU,1,1,12661,0,0.0,FAN1,0,0,0,0,0.0,COILS,1,1,12680,0,0.0,PUMP,0,0,0,0,0.0,INJECTOR,1,1,12670,0,0.0,SERVO,1,1,12663,0,0.0,ADD 1,0,1,0,0,0.0,ADD 2,0,1,0,0,0.0,ADD 3,0,1,0,0,0.0,ADD 4,0,1,0,0,0.0,ADD 5,0,0,0,0,0.0,ADD 6,0,1,0,0,0.0,ADD 7,0,0,0,0,0.0,EGT2CAN,0,1,0,0,0.0
1778953752.0861197,0.0,12685,-49.0,1,-,0,0,0,0,0.0,-,0,0,0,0,0.0,ECU,1,1,12661,0,0.0,FAN1,0,0,0,0,0.0,COILS,1,1,12680,0,0.0,PUMP,0,0,0,0,0.0,INJECTOR,1,1,12670,0,0.0,SERVO,1,1,12663,0,0.0,ADD 1,0,1,0,0,0.0,ADD 2,0,1,0,0,0.0,ADD 3,0,1,0,0,0.0,ADD 4,0,1,0,0,0.0,ADD 5,0,0,0,0,0.0,ADD 6,0,1,0,0,0.0,ADD 7,0,0,0,0,0.0,EGT2CAN,0,1,0,0,0.0
1778953752.139615,0.0,12685,-49.0,1,-,0,0,0,0,0.0,-,0,0,0,0,0.0,ECU,1,1,12676,0,0.0,FAN1,0,0,0,0,0.0,COILS,1,1,12682,0,0.0,PUMP,0,0,0,0,0.0,INJECTOR,1,1,12674,0,0.0,SERVO,1,1,12661,0,0.0,ADD 1,0,1,0,0,0.0,ADD 2,0,1,0,0,0.0,ADD 3,0,1,0,0,0.0,ADD 4,0,1,0,0,0.0,ADD 5,0,0,0,0,0.0,ADD 6,0,1,0,0,0.0,ADD 7,0,0,0,0,0.0,EGT2CAN,0,1,0,0,0.0
1778953752.196049,0.0,12688,-49.0,1,-,0,0,0,0,0.0,-,0,0,0,0,0.0,ECU,1,1,12692,0,0.0,FAN1,0,0,0,0,0.0,COILS,1,1,12682,0,0.0,PUMP,0,0,0,0,0.0,INJECTOR,1,1,12688,0,0.0,SERVO,1,1,12662,0,0.0,ADD 1,0,1,0,0,0.0,ADD 2,0,1,0,0,0.0,ADD 3,0,1,0,0,0.0,ADD 4,0,1,0,0,0.0,ADD 5,0,0,0,0,0.0,ADD 6,0,1,0,0,0.0,ADD 7,0,0,0,0,0.0,EGT2CAN,0,1,0,0,0.0
1778953752.2472556,0.0,12688,-49.0,1,-,0,0,0,0,0.0,-,0,0,0,0,0.0,ECU,1,1,12679,0,0.0,FAN1,0,0,0,0,0.0,COILS,1,1,12682,0,0.0,PUMP,0,0,0,0,0.0,INJECTOR,1,1,12688,0,0.0,SERVO,1,1,12662,0,0.0,ADD 1,0,1,0,0,0.0,ADD 2,0,1,0,0,0.0,ADD 3,0,1,0,0,0.0,ADD 4,0,1,0,0,0.0,ADD 5,0,0,0,0,0.0,ADD 6,0,1,0,0,0.0,ADD 7,0,0,0,0,0.0,EGT2CAN,0,1,0,0,0.0
1778953752.2983127,0.0,12688,-49.0,1,-,0,0,0,0,0.0,-,0,0,0,0,0.0,ECU,1,1,12679,0,0.0,FAN1,0,0,0,0,0.0,COILS,1,1,12682,0,0.0,PUMP,0,0,0,0,0.0,INJECTOR,1,1,12684,0,0.0,SERVO,1,1,12647,0,0.0,ADD 1,0,1,0,0,0.0,ADD 2,0,1,0,0,0.0,ADD 3,0,1,0,0,0.0,ADD 4,0,1,0,0,0.0,ADD 5,0,0,0,0,0.0,ADD 6,0,1,0,0,0.0,ADD 7,0,0,0,0,0.0,EGT2CAN,0,1,0,0,0.0
1778953752.3491302,0.0,12688,-49.0,1,-,0,0,0,0,0.0,-,0,0,0,0,0.0,ECU,1,1,12663,0,0.0,FAN1,0,0,0,0,0.0,COILS,1,1,12684,0,0.0,PUMP,0,0,0,0,0.0,INJECTOR,1,1,12677,0,0.0,SERVO,1,1,12664,0,0.0,ADD 1,0,1,0,0,0.0,ADD 2,0,1,0,0,0.0,ADD 3,0,1,0,0,0.0,ADD 4,0,1,0,0,0.0,ADD 5,0,0,0,0,0.0,ADD 6,0,1,0,0,0.0,ADD 7,0,0,0,0,0.0,EGT2CAN,0,1,0,0,0.0
1778953752.4002953,0.0,12688,-49.0,1,-,0,0,0,0,0.0,-,0,0,0,0,0.0,ECU,1,1,12659,0,0.0,FAN1,0,0,0,0,0.0,COILS,1,1,12684,0,0.0,PUMP,0,0,0,0,0.0,INJECTOR,1,1,12677,0,0.0,SERVO,1,1,12664,0,0.0,ADD 1,0,1,0,0,0.0,ADD 2,0,1,0,0,0.0,ADD 3,0,1,0,0,0.0,ADD 4,0,1,0,0,0.0,ADD 5,0,0,0,0,0.0,ADD 6,0,1,0,0,0.0,ADD 7,0,0,0,0,0.0,EGT2CAN,0,1,0,0,0.0
1778953752.451301,0.0,12688,-49.0,1,-,0,0,0,0,0.0,-,0,0,0,0,0.0,ECU,1,1,12659,0,0.0,FAN1,0,0,0,0,0.0,COILS,1,1,12668,0,0.0,PUMP,0,0,0,0,0.0,INJECTOR,1,1,12672,0,0.0,SERVO,1,1,12664,0,0.0,ADD 1,0,1,0,0,0.0,ADD 2,0,1,0,0,0.0,ADD 3,0,1,0,0,0.0,ADD 4,0,1,0,0,0.0,ADD 5,0,0,0,0,0.0,ADD 6,0,1,0,0,0.0,ADD 7,0,0,0,0,0.0,EGT2CAN,0,1,0,0,0.0
1778953752.502133,0.0,12692,-49.0,1,-,0,0,0,0,0.0,-,0,0,0,0,0.0,ECU,1,1,12679,0,0.0,FAN1,0,0,0,0,0.0,COILS,1,1,12695,0,0.0,PUMP,0,0,0,0,0.0,INJECTOR,1,1,12679,0,0.0,SERVO,1,1,12664,0,0.0,ADD 1,0,1,0,0,0.0,ADD 2,0,1,0,0,0.0,ADD 3,0,1,0,0,0.0,ADD 4,0,1,0,0,0.0,ADD 5,0,0,0,0,0.0,ADD 6,0,1,0,0,0.0,ADD 7,0,0,0,0,0.0,EGT2CAN,0,1,0,0,0.0
1778953752.55284,0.0,12692,-49.0,1,-,0,0,0,0,0.0,-,0,0,0,0,0.0,ECU,1,1,12679,0,0.0,FAN1,0,0,0,0,0.0,COILS,1,1,12695,0,0.0,PUMP,0,0,0,0,0.0,INJECTOR,1,1,12683,0,0.0,SERVO,1,1,12672,0,0.0,ADD 1,0,1,0,0,0.0,ADD 2,0,1,0,0,0.0,ADD 3,0,1,0,0,0.0,ADD 4,0,1,0,0,0.0,ADD 5,0,0,0,0,0.0,ADD 6,0,1,0,0,0.0,ADD 7,0,0,0,0,0.0,EGT2CAN,0,1,0,0,0.0
1778953752.6038349,0.0,12690,-49.0,1,-,0,0,0,0,0.0,-,0,0,0,0,0.0,ECU,1,1,12689,0,0.0,FAN1,0,0,0,0,0.0,COILS,1,1,12695,0,0.0,PUMP,0,0,0,0,0.0,INJECTOR,1,1,12683,0,0.0,SERVO,1,1,12672,0,0.0,ADD 1,0,1,0,0,0.0,ADD 2,0,1,0,0,0.0,ADD 3,0,1,0,0,0.0,ADD 4,0,1,0,0,0.0,ADD 5,0,0,0,0,0.0,ADD 6,0,1,0,0,0.0,ADD 7,0,0,0,0,0.0,EGT2CAN,0,1,0,0,0.0
1778953752.6640382,0.0,12693,-49.0,1,-,0,0,0,0,0.0,-,0,0,0,0,0.0,ECU,1,1,12684,0,0.0,FAN1,0,0,0,0,0.0,COILS,1,1,12689,0,0.0,PUMP,0,0,0,0,0.0,INJECTOR,1,1,12689,0,0.0,SERVO,1,1,12654,0,0.0,ADD 1,0,1,0,0,0.0,ADD 2,0,1,0,0,0.0,ADD 3,0,1,0,0,0.0,ADD 4,0,1,0,0,0.0,ADD 5,0,0,0,0,0.0,ADD 6,0,1,0,0,0.0,ADD 7,0,0,0,0,0.0,EGT2CAN,0,1,0,0,0.0
1778953752.7334604,0.0,12693,-49.0,1,-,0,0,0,0,0.0,-,0,0,0,0,0.0,ECU,1,1,12674,0,0.0,FAN1,0,0,0,0,0.0,COILS,1,1,12679,0,0.0,PUMP,0,0,0,0,0.0,INJECTOR,1,1,12684,0,0.0,SERVO,1,1,12664,0,0.0,ADD 1,0,1,0,0,0.0,ADD 2,0,1,0,0,0.0,ADD 3,0,1,0,0,0.0,ADD 4,0,1,0,0,0.0,ADD 5,0,0,0,0,0.0,ADD 6,0,1,0,0,0.0,ADD 7,0,0,0,0,0.0,EGT2CAN,0,1,0,0,0.0
1778953752.7886922,0.0,12694,-49.0,1,-,0,0,0,0,0.0,-,0,0,0,0,0.0,ECU,1,1,12667,0,0.0,FAN1,0,0,0,0,0.0,COILS,1,1,12697,0,0.0,PUMP,0,0,0,0,0.0,INJECTOR,1,1,12670,0,0.0,SERVO,1,1,12661,0,0.0,ADD 1,0,1,0,0,0.0,ADD 2,0,1,0,0,0.0,ADD 3,0,1,0,0,0.0,ADD 4,0,1,0,0,0.0,ADD 5,0,0,0,0,0.0,ADD 6,0,1,0,0,0.0,ADD 7,0,0,0,0,0.0,EGT2CAN,0,1,0,0,0.0
1778953752.851601,0.0,12694,-49.0,1,-,0,0,0,0,0.0,-,0,0,0,0,0.0,ECU,1,1,12669,0,0.0,FAN1,0,0,0,0,0.0,COILS,1,1,12697,0,0.0,PUMP,0,0,0,0,0.0,INJECTOR,1,1,12670,0,0.0,SERVO,1,1,12651,0,0.0,ADD 1,0,1,0,0,0.0,ADD 2,0,1,0,0,0.0,ADD 3,0,1,0,0,0.0,ADD 4,0,1,0,0,0.0,ADD 5,0,0,0,0,0.0,ADD 6,0,1,0,0,0.0,ADD 7,0,0,0,0,0.0,EGT2CAN,0,1,0,0,0.0
1778953752.90241,0.0,12694,-49.0,1,-,0,0,0,0,0.0,-,0,0,0,0,0.0,ECU,1,1,12682,0,0.0,FAN1,0,0,0,0,0.0,COILS,1,1,12697,0,0.0,PUMP,0,0,0,0,0.0,INJECTOR,1,1,12670,0,0.0,SERVO,1,1,12651,0,0.0,ADD 1,0,1,0,0,0.0,ADD 2,0,1,0,0,0.0,ADD 3,0,1,0,0,0.0,ADD 4,0,1,0,0,0.0,ADD 5,0,0,0,0,0.0,ADD 6,0,1,0,0,0.0,ADD 7,0,0,0,0,0.0,EGT2CAN,0,1,0,0,0.0
1778953752.953188,0.0,12695,-49.0,1,-,0,0,0,0,0.0,-,0,0,0,0,0.0,ECU,1,1,12691,0,0.0,FAN1,0,0,0,0,0.0,COILS,1,1,12695,0,0.0,PUMP,0,0,0,0,0.0,INJECTOR,1,1,12697,0,0.0,SERVO,1,1,12663,0,0.0,ADD 1,0,1,0,0,0.0,ADD 2,0,1,0,0,0.0,ADD 3,0,1,0,0,0.0,ADD 4,0,1,0,0,0.0,ADD 5,0,0,0,0,0.0,ADD 6,0,1,0,0,0.0,ADD 7,0,0,0,0,0.0,EGT2CAN,0,1,0,0,0.0
1778953753.0058863,0.0,12695,-50.0,1,-,0,0,0,0,0.0,-,0,0,0,0,0.0,ECU,1,1,12688,0,0.0,FAN1,0,0,0,0,0.0,COILS,1,1,12697,0,0.0,PUMP,0,0,0,0,0.0,INJECTOR,1,1,12704,0,0.0,SERVO,1,1,12651,0,0.0,ADD 1,0,1,0,0,0.0,ADD 2,0,1,0,0,0.0,ADD 3,0,1,0,0,0.0,ADD 4,0,1,0,0,0.0,ADD 5,0,0,0,0,0.0,ADD 6,0,1,0,0,0.0,ADD 7,0,0,0,0,0.0,EGT2CAN,0,1,0,0,0.0
1778953753.0564158,0.0,12695,-50.0,1,-,0,0,0,0,0.0,-,0,0,0,0,0.0,ECU,1,1,12680,0,0.0,FAN1,0,0,0,0,0.0,COILS,1,1,12697,0,0.0,PUMP,0,0,0,0,0.0,INJECTOR,1,1,12704,0,0.0,SERVO,1,1,12654,0,0.0,ADD 1,0,1,0,0,0.0,ADD 2,0,1,0,0,0.0,ADD 3,0,1,0,0,0.0,ADD 4,0,1,0,0,0.0,ADD 5,0,0,0,0,0.0,ADD 6,0,1,0,0,0.0,ADD 7,0,0,0,0,0.0,EGT2CAN,0,1,0,0,0.0
1778953753.1071775,0.0,12695,-49.0,1,-,0,0,0,0,0.0,-,0,0,0,0,0.0,ECU,1,1,12676,0,0.0,FAN1,0,0,0,0,0.0,COILS,1,1,12679,0,0.0,PUMP,0,0,0,0,0.0,INJECTOR,1,1,12704,0,0.0,SERVO,1,1,12648,0,0.0,ADD 1,0,1,0,0,0.0,ADD 2,0,1,0,0,0.0,ADD 3,0,1,0,0,0.0,ADD 4,0,1,0,0,0.0,ADD 5,0,0,0,0,0.0,ADD 6,0,1,0,0,0.0,ADD 7,0,0,0,0,0.0,EGT2CAN,0,1,0,0,0.0
1778953753.1589866,0.0,12695,-49.0,1,-,0,0,0,0,0.0,-,0,0,0,0,0.0,ECU,1,1,12687,0,0.0,FAN1,0,0,0,0,0.0,COILS,1,1,12678,0,0.0,PUMP,0,0,0,0,0.0,INJECTOR,1,1,12696,0,0.0,SERVO,1,1,12649,0,0.0,ADD 1,0,1,0,0,0.0,ADD 2,0,1,0,0,0.0,ADD 3,0,1,0,0,0.0,ADD 4,0,1,0,0,0.0,ADD 5,0,0,0,0,0.0,ADD 6,0,1,0,0,0.0,ADD 7,0,0,0,0,0.0,EGT2CAN,0,1,0,0,0.0
1778953753.2320142,0.0,12695,-49.0,1,-,0,0,0,0,0.0,-,0,0,0,0,0.0,ECU,1,1,12670,0,0.0,FAN1,0,0,0,0,0.0,COILS,1,1,12697,0,0.0,PUMP,0,0,0,0,0.0,INJECTOR,1,1,12662,0,0.0,SERVO,1,1,12654,0,0.0,ADD 1,0,1,0,0,0.0,ADD 2,0,1,0,0,0.0,ADD 3,0,1,0,0,0.0,ADD 4,0,1,0,0,0.0,ADD 5,0,0,0,0,0.0,ADD 6,0,1,0,0,0.0,ADD 7,0,0,0,0,0.0,EGT2CAN,0,1,0,0,0.0
1778953753.283159,0.0,12695,-50.0,1,-,0,0,0,0,0.0,-,0,0,0,0,0.0,ECU,1,1,12683,0,0.0,FAN1,0,0,0,0,0.0,COILS,1,1,12688,0,0.0,PUMP,0,0,0,0,0.0,INJECTOR,1,1,12665,0,0.0,SERVO,1,1,12651,0,0.0,ADD 1,0,1,0,0,0.0,ADD 2,0,1,0,0,0.0,ADD 3,0,1,0,0,0.0,ADD 4,0,1,0,0,0.0,ADD 5,0,0,0,0,0.0,ADD 6,0,1,0,0,0.0,ADD 7,0,0,0,0,0.0,EGT2CAN,0,1,0,0,0.0
1778953753.3422787,0.0,12695,-49.0,1,-,0,0,0,0,0.0,-,0,0,0,0,0.0,ECU,1,1,12678,0,0.0,FAN1,0,0,0,0,0.0,COILS,1,1,12684,0,0.0,PUMP,0,0,0,0,0.0,INJECTOR,1,1,12676,0,0.0,SERVO,1,1,12662,0,0.0,ADD 1,0,1,0,0,0.0,ADD 2,0,1,0,0,0.0,ADD 3,0,1,0,0,0.0,ADD 4,0,1,0,0,0.0,ADD 5,0,0,0,0,0.0,ADD 6,0,1,0,0,0.0,ADD 7,0,0,0,0,0.0,EGT2CAN,0,1,0,0,0.0
1778953753.400643,0.0,12695,-49.0,1,-,0,0,0,0,0.0,-,0,0,0,0,0.0,ECU,1,1,12678,0,0.0,FAN1,0,0,0,0,0.0,COILS,1,1,12684,0,0.0,PUMP,0,0,0,0,0.0,INJECTOR,1,1,12676,0,0.0,SERVO,1,1,12662,0,0.0,ADD 1,0,1,0,0,0.0,ADD 2,0,1,0,0,0.0,ADD 3,0,1,0,0,0.0,ADD 4,0,1,0,0,0.0,ADD 5,0,0,0,0,0.0,ADD 6,0,1,0,0,0.0,ADD 7,0,0,0,0,0.0,EGT2CAN,0,1,0,0,0.0
1778953753.451255,0.0,12698,-49.0,1,-,0,0,0,0,0.0,-,0,0,0,0,0.0,ECU,1,1,12664,0,0.0,FAN1,0,0,0,0,0.0,COILS,1,1,12691,0,0.0,PUMP,0,0,0,0,0.0,INJECTOR,1,1,12668,0,0.0,SERVO,1,1,12663,0,0.0,ADD 1,0,1,0,0,0.0,ADD 2,0,1,0,0,0.0,ADD 3,0,1,0,0,0.0,ADD 4,0,1,0,0,0.0,ADD 5,0,0,0,0,0.0,ADD 6,0,1,0,0,0.0,ADD 7,0,0,0,0,0.0,EGT2CAN,0,1,0,0,0.0
1778953753.5058913,0.0,12696,-49.0,1,-,0,0,0,0,0.0,-,0,0,0,0,0.0,ECU,1,1,12670,0,0.0,FAN1,0,0,0,0,0.0,COILS,1,1,12691,0,0.0,PUMP,0,0,0,0,0.0,INJECTOR,1,1,12679,0,0.0,SERVO,1,1,12662,0,0.0,ADD 1,0,1,0,0,0.0,ADD 2,0,1,0,0,0.0,ADD 3,0,1,0,0,0.0,ADD 4,0,1,0,0,0.0,ADD 5,0,0,0,0,0.0,ADD 6,0,1,0,0,0.0,ADD 7,0,0,0,0,0.0,EGT2CAN,0,1,0,0,0.0
1778953753.5573125,0.0,12696,-49.0,1,-,0,0,0,0,0.0,-,0,0,0,0,0.0,ECU,1,1,12670,0,0.0,FAN1,0,0,0,0,0.0,COILS,1,1,12691,0,0.0,PUMP,0,0,0,0,0.0,INJECTOR,1,1,12679,0,0.0,SERVO,1,1,12662,0,0.0,ADD 1,0,1,0,0,0.0,ADD 2,0,1,0,0,0.0,ADD 3,0,1,0,0,0.0,ADD 4,0,1,0,0,0.0,ADD 5,0,0,0,0,0.0,ADD 6,0,1,0,0,0.0,ADD 7,0,0,0,0,0.0,EGT2CAN,0,1,0,0,0.0
1778953753.607906,0.0,12698,-49.0,1,-,0,0,0,0,0.0,-,0,0,0,0,0.0,ECU,1,1,12673,0,0.0,FAN1,0,0,0,0,0.0,COILS,1,1,12697,0,0.0,PUMP,0,0,0,0,0.0,INJECTOR,1,1,12681,0,0.0,SERVO,1,1,12659,0,0.0,ADD 1,0,1,0,0,0.0,ADD 2,0,1,0,0,0.0,ADD 3,0,1,0,0,0.0,ADD 4,0,1,0,0,0.0,ADD 5,0,0,0,0,0.0,ADD 6,0,1,0,0,0.0,ADD 7,0,0,0,0,0.0,EGT2CAN,0,1,0,0,0.0
1778953753.658872,0.0,12701,-51.0,1,-,0,0,0,0,0.0,-,0,0,0,0,0.0,ECU,1,1,12668,0,0.0,FAN1,0,0,0,0,0.0,COILS,1,1,12685,0,0.0,PUMP,0,0,0,0,0.0,INJECTOR,1,1,12693,0,0.0,SERVO,1,1,12650,0,0.0,ADD 1,0,1,0,0,0.0,ADD 2,0,1,0,0,0.0,ADD 3,0,1,0,0,0.0,ADD 4,0,1,0,0,0.0,ADD 5,0,0,0,0,0.0,ADD 6,0,1,0,0,0.0,ADD 7,0,0,0,0,0.0,EGT2CAN,0,1,0,0,0.0
1778953753.7123013,0.0,12701,-51.0,1,-,0,0,0,0,0.0,-,0,0,0,0,0.0,ECU,1,1,12668,0,0.0,FAN1,0,0,0,0,0.0,COILS,1,1,12685,0,0.0,PUMP,0,0,0,0,0.0,INJECTOR,1,1,12693,0,0.0,SERVO,1,1,12650,0,0.0,ADD 1,0,1,0,0,0.0,ADD 2,0,1,0,0,0.0,ADD 3,0,1,0,0,0.0,ADD 4,0,1,0,0,0.0,ADD 5,0,0,0,0,0.0,ADD 6,0,1,0,0,0.0,ADD 7,0,0,0,0,0.0,EGT2CAN,0,1,0,0,0.0
1778953753.7633607,0.0,12702,-49.0,1,-,0,0,0,0,0.0,-,0,0,0,0,0.0,ECU,1,1,12677,0,0.0,FAN1,0,0,0,0,0.0,COILS,1,1,12684,0,0.0,PUMP,0,0,0,0,0.0,INJECTOR,1,1,12679,0,0.0,SERVO,1,1,12680,0,0.0,ADD 1,0,1,0,0,0.0,ADD 2,0,1,0,0,0.0,ADD 3,0,1,0,0,0.0,ADD 4,0,1,0,0,0.0,ADD 5,0,0,0,0,0.0,ADD 6,0,1,0,0,0.0,ADD 7,0,0,0,0,0.0,EGT2CAN,0,1,0,0,0.0
1778953753.81456,0.0,12703,-49.0,1,-,0,0,0,0,0.0,-,0,0,0,0,0.0,ECU,1,1,12682,0,0.0,FAN1,0,0,0,0,0.0,COILS,1,1,12686,0,0.0,PUMP,0,0,0,0,0.0,INJECTOR,1,1,12690,0,0.0,SERVO,1,1,12678,0,0.0,ADD 1,0,1,0,0,0.0,ADD 2,0,1,0,0,0.0,ADD 3,0,1,0,0,0.0,ADD 4,0,1,0,0,0.0,ADD 5,0,0,0,0,0.0,ADD 6,0,1,0,0,0.0,ADD 7,0,0,0,0,0.0,EGT2CAN,0,1,0,0,0.0
1778953753.8652482,0.0,12703,-49.0,1,-,0,0,0,0,0.0,-,0,0,0,0,0.0,ECU,1,1,12691,0,0.0,FAN1,0,0,0,0,0.0,COILS,1,1,12686,0,0.0,PUMP,0,0,0,0,0.0,INJECTOR,1,1,12690,0,0.0,SERVO,1,1,12678,0,0.0,ADD 1,0,1,0,0,0.0,ADD 2,0,1,0,0,0.0,ADD 3,0,1,0,0,0.0,ADD 4,0,1,0,0,0.0,ADD 5,0,0,0,0,0.0,ADD 6,0,1,0,0,0.0,ADD 7,0,0,0,0,0.0,EGT2CAN,0,1,0,0,0.0
1778953753.9263313,0.0,12699,-49.0,1,-,0,0,0,0,0.0,-,0,0,0,0,0.0,ECU,1,1,12687,0,0.0,FAN1,0,0,0,0,0.0,COILS,1,1,12691,0,0.0,PUMP,0,0,0,0,0.0,INJECTOR,1,1,12685,0,0.0,SERVO,1,1,12663,0,0.0,ADD 1,0,1,0,0,0.0,ADD 2,0,1,0,0,0.0,ADD 3,0,1,0,0,0.0,ADD 4,0,1,0,0,0.0,ADD 5,0,0,0,0,0.0,ADD 6,0,1,0,0,0.0,ADD 7,0,0,0,0,0.0,EGT2CAN,0,1,0,0,0.0
1778953753.9768755,0.0,12700,-49.0,1,-,0,0,0,0,0.0,-,0,0,0,0,0.0,ECU,1,1,12698,0,0.0,FAN1,0,0,0,0,0.0,COILS,1,1,12694,0,0.0,PUMP,0,0,0,0,0.0,INJECTOR,1,1,12695,0,0.0,SERVO,1,1,12669,0,0.0,ADD 1,0,1,0,0,0.0,ADD 2,0,1,0,0,0.0,ADD 3,0,1,0,0,0.0,ADD 4,0,1,0,0,0.0,ADD 5,0,0,0,0,0.0,ADD 6,0,1,0,0,0.0,ADD 7,0,0,0,0,0.0,EGT2CAN,0,1,0,0,0.0
1778953754.028241,0.0,12700,-49.0,1,-,0,0,0,0,0.0,-,0,0,0,0,0.0,ECU,1,1,12697,0,0.0,FAN1,0,0,0,0,0.0,COILS,1,1,12690,0,0.0,PUMP,0,0,0,0,0.0,INJECTOR,1,1,12682,0,0.0,SERVO,1,1,12655,0,0.0,ADD 1,0,1,0,0,0.0,ADD 2,0,1,0,0,0.0,ADD 3,0,1,0,0,0.0,ADD 4,0,1,0,0,0.0,ADD 5,0,0,0,0,0.0,ADD 6,0,1,0,0,0.0,ADD 7,0,0,0,0,0.0,EGT2CAN,0,1,0,0,0.0
1778953754.0904832,0.0,12701,-49.0,1,-,0,0,0,0,0.0,-,0,0,0,0,0.0,ECU,1,1,12678,0,0.0,FAN1,0,0,0,0,0.0,COILS,1,1,12702,0,0.0,PUMP,0,0,0,0,0.0,INJECTOR,1,1,12688,0,0.0,SERVO,1,1,12654,0,0.0,ADD 1,0,1,0,0,0.0,ADD 2,0,1,0,0,0.0,ADD 3,0,1,0,0,0.0,ADD 4,0,1,0,0,0.0,ADD 5,0,0,0,0,0.0,ADD 6,0,1,0,0,0.0,ADD 7,0,0,0,0,0.0,EGT2CAN,0,1,0,0,0.0
1778953754.1424115,0.0,12701,-48.0,1,-,0,0,0,0,0.0,-,0,0,0,0,0.0,ECU,1,1,12678,0,0.0,FAN1,0,0,0,0,0.0,COILS,1,1,12702,0,0.0,PUMP,0,0,0,0,0.0,INJECTOR,1,1,12688,0,0.0,SERVO,1,1,12654,0,0.0,ADD 1,0,1,0,0,0.0,ADD 2,0,1,0,0,0.0,ADD 3,0,1,0,0,0.0,ADD 4,0,1,0,0,0.0,ADD 5,0,0,0,0,0.0,ADD 6,0,1,0,0,0.0,ADD 7,0,0,0,0,0.0,EGT2CAN,0,1,0,0,0.0
1778953754.1932642,0.0,12698,-49.0,1,-,0,0,0,0,0.0,-,0,0,0,0,0.0,ECU,1,1,12683,0,0.0,FAN1,0,0,0,0,0.0,COILS,1,1,12711,0,0.0,PUMP,0,0,0,0,0.0,INJECTOR,1,1,12695,0,0.0,SERVO,1,1,12652,0,0.0,ADD 1,0,1,0,0,0.0,ADD 2,0,1,0,0,0.0,ADD 3,0,1,0,0,0.0,ADD 4,0,1,0,0,0.0,ADD 5,0,0,0,0,0.0,ADD 6,0,1,0,0,0.0,ADD 7,0,0,0,0,0.0,EGT2CAN,0,1,0,0,0.0
1778953754.2633262,0.0,12697,-49.0,1,-,0,0,0,0,0.0,-,0,0,0,0,0.0,ECU,1,1,12673,0,0.0,FAN1,0,0,0,0,0.0,COILS,1,1,12685,0,0.0,PUMP,0,0,0,0,0.0,INJECTOR,1,1,12684,0,0.0,SERVO,1,1,12651,0,0.0,ADD 1,0,1,0,0,0.0,ADD 2,0,1,0,0,0.0,ADD 3,0,1,0,0,0.0,ADD 4,0,1,0,0,0.0,ADD 5,0,0,0,0,0.0,ADD 6,0,1,0,0,0.0,ADD 7,0,0,0,0,0.0,EGT2CAN,0,1,0,0,0.0
1778953754.3172762,0.0,12697,-49.0,1,-,0,0,0,0,0.0,-,0,0,0,0,0.0,ECU,1,1,12671,0,0.0,FAN1,0,0,0,0,0.0,COILS,1,1,12703,0,0.0,PUMP,0,0,0,0,0.0,INJECTOR,1,1,12686,0,0.0,SERVO,1,1,12656,0,0.0,ADD 1,0,1,0,0,0.0,ADD 2,0,1,0,0,0.0,ADD 3,0,1,0,0,0.0,ADD 4,0,1,0,0,0.0,ADD 5,0,0,0,0,0.0,ADD 6,0,1,0,0,0.0,ADD 7,0,0,0,0,0.0,EGT2CAN,0,1,0,0,0.0
1778953754.36827,0.0,12700,-49.0,1,-,0,0,0,0,0.0,-,0,0,0,0,0.0,ECU,1,1,12680,0,0.0,FAN1,0,0,0,0,0.0,COILS,1,1,12692,0,0.0,PUMP,0,0,0,0,0.0,INJECTOR,1,1,12693,0,0.0,SERVO,1,1,12676,0,0.0,ADD 1,0,1,0,0,0.0,ADD 2,0,1,0,0,0.0,ADD 3,0,1,0,0,0.0,ADD 4,0,1,0,0,0.0,ADD 5,0,0,0,0,0.0,ADD 6,0,1,0,0,0.0,ADD 7,0,0,0,0,0.0,EGT2CAN,0,1,0,0,0.0
1778953754.4221687,0.0,12700,-49.0,1,-,0,0,0,0,0.0,-,0,0,0,0,0.0,ECU,1,1,12697,0,0.0,FAN1,0,0,0,0,0.0,COILS,1,1,12676,0,0.0,PUMP,0,0,0,0,0.0,INJECTOR,1,1,12695,0,0.0,SERVO,1,1,12676,0,0.0,ADD 1,0,1,0,0,0.0,ADD 2,0,1,0,0,0.0,ADD 3,0,1,0,0,0.0,ADD 4,0,1,0,0,0.0,ADD 5,0,0,0,0,0.0,ADD 6,0,1,0,0,0.0,ADD 7,0,0,0,0,0.0,EGT2CAN,0,1,0,0,0.0
1778953754.48614,0.0,12700,-49.0,1,-,0,0,0,0,0.0,-,0,0,0,0,0.0,ECU,1,1,12695,0,0.0,FAN1,0,0,0,0,0.0,COILS,1,1,12689,0,0.0,PUMP,0,0,0,0,0.0,INJECTOR,1,1,12697,0,0.0,SERVO,1,1,12686,0,0.0,ADD 1,0,1,0,0,0.0,ADD 2,0,1,0,0,0.0,ADD 3,0,1,0,0,0.0,ADD 4,0,1,0,0,0.0,ADD 5,0,0,0,0,0.0,ADD 6,0,1,0,0,0.0,ADD 7,0,0,0,0,0.0,EGT2CAN,0,1,0,0,0.0
1778953754.5372992,0.0,12701,-49.0,1,-,0,0,0,0,0.0,-,0,0,0,0,0.0,ECU,1,1,12688,0,0.0,FAN1,0,0,0,0,0.0,COILS,1,1,12685,0,0.0,PUMP,0,0,0,0,0.0,INJECTOR,1,1,12692,0,0.0,SERVO,1,1,12667,0,0.0,ADD 1,0,1,0,0,0.0,ADD 2,0,1,0,0,0.0,ADD 3,0,1,0,0,0.0,ADD 4,0,1,0,0,0.0,ADD 5,0,0,0,0,0.0,ADD 6,0,1,0,0,0.0,ADD 7,0,0,0,0,0.0,EGT2CAN,0,1,0,0,0.0
1778953754.5949981,0.0,12701,-49.0,1,-,0,0,0,0,0.0,-,0,0,0,0,0.0,ECU,1,1,12692,0,0.0,FAN1,0,0,0,0,0.0,COILS,1,1,12668,0,0.0,PUMP,0,0,0,0,0.0,INJECTOR,1,1,12689,0,0.0,SERVO,1,1,12676,0,0.0,ADD 1,0,1,0,0,0.0,ADD 2,0,1,0,0,0.0,ADD 3,0,1,0,0,0.0,ADD 4,0,1,0,0,0.0,ADD 5,0,0,0,0,0.0,ADD 6,0,1,0,0,0.0,ADD 7,0,0,0,0,0.0,EGT2CAN,0,1,0,0,0.0
1778953754.6495025,0.0,12703,-52.0,1,-,0,0,0,0,0.0,-,0,0,0,0,0.0,ECU,1,1,12692,0,0.0,FAN1,0,0,0,0,0.0,COILS,1,1,12668,0,0.0,PUMP,0,0,0,0,0.0,INJECTOR,1,1,12689,0,0.0,SERVO,1,1,12676,0,0.0,ADD 1,0,1,0,0,0.0,ADD 2,0,1,0,0,0.0,ADD 3,0,1,0,0,0.0,ADD 4,0,1,0,0,0.0,ADD 5,0,0,0,0,0.0,ADD 6,0,1,0,0,0.0,ADD 7,0,0,0,0,0.0,EGT2CAN,0,1,0,0,0.0
1778953754.6997867,0.0,12698,-49.0,1,-,0,0,0,0,0.0,-,0,0,0,0,0.0,ECU,1,1,12685,0,0.0,FAN1,0,0,0,0,0.0,COILS,1,1,12689,0,0.0,PUMP,0,0,0,0,0.0,INJECTOR,1,1,12679,0,0.0,SERVO,1,1,12665,0,0.0,ADD 1,0,1,0,0,0.0,ADD 2,0,1,0,0,0.0,ADD 3,0,1,0,0,0.0,ADD 4,0,1,0,0,0.0,ADD 5,0,0,0,0,0.0,ADD 6,0,1,0,0,0.0,ADD 7,0,0,0,0,0.0,EGT2CAN,0,1,0,0,0.0
1778953754.753797,0.0,12698,-49.0,1,-,0,0,0,0,0.0,-,0,0,0,0,0.0,ECU,1,1,12694,0,0.0,FAN1,0,0,0,0,0.0,COILS,1,1,12683,0,0.0,PUMP,0,0,0,0,0.0,INJECTOR,1,1,12704,0,0.0,SERVO,1,1,12645,0,0.0,ADD 1,0,1,0,0,0.0,ADD 2,0,1,0,0,0.0,ADD 3,0,1,0,0,0.0,ADD 4,0,1,0,0,0.0,ADD 5,0,0,0,0,0.0,ADD 6,0,1,0,0,0.0,ADD 7,0,0,0,0,0.0,EGT2CAN,0,1,0,0,0.0
1778953754.8047822,0.0,12698,-51.0,1,-,0,0,0,0,0.0,-,0,0,0,0,0.0,ECU,1,1,12694,0,0.0,FAN1,0,0,0,0,0.0,COILS,1,1,12683,0,0.0,PUMP,0,0,0,0,0.0,INJECTOR,1,1,12704,0,0.0,SERVO,1,1,12645,0,0.0,ADD 1,0,1,0,0,0.0,ADD 2,0,1,0,0,0.0,ADD 3,0,1,0,0,0.0,ADD 4,0,1,0,0,0.0,ADD 5,0,0,0,0,0.0,ADD 6,0,1,0,0,0.0,ADD 7,0,0,0,0,0.0,EGT2CAN,0,1,0,0,0.0
1778953754.8555038,0.0,12697,-48.0,1,-,0,0,0,0,0.0,-,0,0,0,0,0.0,ECU,1,1,12681,0,0.0,FAN1,0,0,0,0,0.0,COILS,1,1,12701,0,0.0,PUMP,0,0,0,0,0.0,INJECTOR,1,1,12683,0,0.0,SERVO,1,1,12669,0,0.0,ADD 1,0,1,0,0,0.0,ADD 2,0,1,0,0,0.0,ADD 3,0,1,0,0,0.0,ADD 4,0,1,0,0,0.0,ADD 5,0,0,0,0,0.0,ADD 6,0,1,0,0,0.0,ADD 7,0,0,0,0,0.0,EGT2CAN,0,1,0,0,0.0
1778953754.9068072,0.0,12697,-48.0,1,-,0,0,0,0,0.0,-,0,0,0,0,0.0,ECU,1,1,12681,0,0.0,FAN1,0,0,0,0,0.0,COILS,1,1,12699,0,0.0,PUMP,0,0,0,0,0.0,INJECTOR,1,1,12696,0,0.0,SERVO,1,1,12672,0,0.0,ADD 1,0,1,0,0,0.0,ADD 2,0,1,0,0,0.0,ADD 3,0,1,0,0,0.0,ADD 4,0,1,0,0,0.0,ADD 5,0,0,0,0,0.0,ADD 6,0,1,0,0,0.0,ADD 7,0,0,0,0,0.0,EGT2CAN,0,1,0,0,0.0
1778953754.9579916,0.0,12695,-49.0,1,-,0,0,0,0,0.0,-,0,0,0,0,0.0,ECU,1,1,12681,0,0.0,FAN1,0,0,0,0,0.0,COILS,1,1,12699,0,0.0,PUMP,0,0,0,0,0.0,INJECTOR,1,1,12696,0,0.0,SERVO,1,1,12672,0,0.0,ADD 1,0,1,0,0,0.0,ADD 2,0,1,0,0,0.0,ADD 3,0,1,0,0,0.0,ADD 4,0,1,0,0,0.0,ADD 5,0,0,0,0,0.0,ADD 6,0,1,0,0,0.0,ADD 7,0,0,0,0,0.0,EGT2CAN,0,1,0,0,0.0
1778953755.0084488,0.0,12694,-50.0,1,-,0,0,0,0,0.0,-,0,0,0,0,0.0,ECU,1,1,12687,0,0.0,FAN1,0,0,0,0,0.0,COILS,1,1,12692,0,0.0,PUMP,0,0,0,0,0.0,INJECTOR,1,1,12697,0,0.0,SERVO,1,1,12665,0,0.0,ADD 1,0,1,0,0,0.0,ADD 2,0,1,0,0,0.0,ADD 3,0,1,0,0,0.0,ADD 4,0,1,0,0,0.0,ADD 5,0,0,0,0,0.0,ADD 6,0,1,0,0,0.0,ADD 7,0,0,0,0,0.0,EGT2CAN,0,1,0,0,0.0
1778953755.0671816,0.0,12695,-49.0,1,-,0,0,0,0,0.0,-,0,0,0,0,0.0,ECU,1,1,12687,0,0.0,FAN1,0,0,0,0,0.0,COILS,1,1,12701,0,0.0,PUMP,0,0,0,0,0.0,INJECTOR,1,1,12697,0,0.0,SERVO,1,1,12659,0,0.0,ADD 1,0,1,0,0,0.0,ADD 2,0,1,0,0,0.0,ADD 3,0,1,0,0,0.0,ADD 4,0,1,0,0,0.0,ADD 5,0,0,0,0,0.0,ADD 6,0,1,0,0,0.0,ADD 7,0,0,0,0,0.0,EGT2CAN,0,1,0,0,0.0
1778953755.1182568,0.0,12695,-49.0,1,-,0,0,0,0,0.0,-,0,0,0,0,0.0,ECU,1,1,12684,0,0.0,FAN1,0,0,0,0,0.0,COILS,1,1,12701,0,0.0,PUMP,0,0,0,0,0.0,INJECTOR,1,1,12697,0,0.0,SERVO,1,1,12659,0,0.0,ADD 1,0,1,0,0,0.0,ADD 2,0,1,0,0,0.0,ADD 3,0,1,0,0,0.0,ADD 4,0,1,0,0,0.0,ADD 5,0,0,0,0,0.0,ADD 6,0,1,0,0,0.0,ADD 7,0,0,0,0,0.0,EGT2CAN,0,1,0,0,0.0
1778953755.1693227,0.0,12702,-52.0,1,-,0,0,0,0,0.0,-,0,0,0,0,0.0,ECU,1,1,12684,0,0.0,FAN1,0,0,0,0,0.0,COILS,1,1,12693,0,0.0,PUMP,0,0,0,0,0.0,INJECTOR,1,1,12684,0,0.0,SERVO,1,1,12664,0,0.0,ADD 1,0,1,0,0,0.0,ADD 2,0,1,0,0,0.0,ADD 3,0,1,0,0,0.0,ADD 4,0,1,0,0,0.0,ADD 5,0,0,0,0,0.0,ADD 6,0,1,0,0,0.0,ADD 7,0,0,0,0,0.0,EGT2CAN,0,1,0,0,0.0
1778953755.2215226,0.0,12702,-50.0,1,-,0,0,0,0,0.0,-,0,0,0,0,0.0,ECU,1,1,12695,0,0.0,FAN1,0,0,0,0,0.0,COILS,1,1,12702,0,0.0,PUMP,0,0,0,0,0.0,INJECTOR,1,1,12684,0,0.0,SERVO,1,1,12657,0,0.0,ADD 1,0,1,0,0,0.0,ADD 2,0,1,0,0,0.0,ADD 3,0,1,0,0,0.0,ADD 4,0,1,0,0,0.0,ADD 5,0,0,0,0,0.0,ADD 6,0,1,0,0,0.0,ADD 7,0,0,0,0,0.0,EGT2CAN,0,1,0,0,0.0
1778953755.2722845,0.0,12702,-50.0,1,-,0,0,0,0,0.0,-,0,0,0,0,0.0,ECU,1,1,12705,0,0.0,FAN1,0,0,0,0,0.0,COILS,1,1,12709,0,0.0,PUMP,0,0,0,0,0.0,INJECTOR,1,1,12683,0,0.0,SERVO,1,1,12665,0,0.0,ADD 1,0,1,0,0,0.0,ADD 2,0,1,0,0,0.0,ADD 3,0,1,0,0,0.0,ADD 4,0,1,0,0,0.0,ADD 5,0,0,0,0,0.0,ADD 6,0,1,0,0,0.0,ADD 7,0,0,0,0,0.0,EGT2CAN,0,1,0,0,0.0
1778953755.322848,0.0,12701,-49.0,1,-,0,0,0,0,0.0,-,0,0,0,0,0.0,ECU,1,1,12697,0,0.0,FAN1,0,0,0,0,0.0,COILS,1,1,12697,0,0.0,PUMP,0,0,0,0,0.0,INJECTOR,1,1,12697,0,0.0,SERVO,1,1,12651,0,0.0,ADD 1,0,1,0,0,0.0,ADD 2,0,1,0,0,0.0,ADD 3,0,1,0,0,0.0,ADD 4,0,1,0,0,0.0,ADD 5,0,0,0,0,0.0,ADD 6,0,1,0,0,0.0,ADD 7,0,0,0,0,0.0,EGT2CAN,0,1,0,0,0.0
1778953755.380049,0.0,12699,-49.0,1,-,0,0,0,0,0.0,-,0,0,0,0,0.0,ECU,1,1,12697,0,0.0,FAN1,0,0,0,0,0.0,COILS,1,1,12697,0,0.0,PUMP,0,0,0,0,0.0,INJECTOR,1,1,12697,0,0.0,SERVO,1,1,12651,0,0.0,ADD 1,0,1,0,0,0.0,ADD 2,0,1,0,0,0.0,ADD 3,0,1,0,0,0.0,ADD 4,0,1,0,0,0.0,ADD 5,0,0,0,0,0.0,ADD 6,0,1,0,0,0.0,ADD 7,0,0,0,0,0.0,EGT2CAN,0,1,0,0,0.0
1778953755.4310133,0.0,12699,-49.0,1,-,0,0,0,0,0.0,-,0,0,0,0,0.0,ECU,1,1,12693,0,0.0,FAN1,0,0,0,0,0.0,COILS,1,1,12682,0,0.0,PUMP,0,0,0,0,0.0,INJECTOR,1,1,12697,0,0.0,SERVO,1,1,12658,0,0.0,ADD 1,0,1,0,0,0.0,ADD 2,0,1,0,0,0.0,ADD 3,0,1,0,0,0.0,ADD 4,0,1,0,0,0.0,ADD 5,0,0,0,0,0.0,ADD 6,0,1,0,0,0.0,ADD 7,0,0,0,0,0.0,EGT2CAN,0,1,0,0,0.0
1778953755.4859126,0.0,12703,-49.0,1,-,0,0,0,0,0.0,-,0,0,0,0,0.0,ECU,1,1,12687,0,0.0,FAN1,0,0,0,0,0.0,COILS,1,1,12701,0,0.0,PUMP,0,0,0,0,0.0,INJECTOR,1,1,12686,0,0.0,SERVO,1,1,12671,0,0.0,ADD 1,0,1,0,0,0.0,ADD 2,0,1,0,0,0.0,ADD 3,0,1,0,0,0.0,ADD 4,0,1,0,0,0.0,ADD 5,0,0,0,0,0.0,ADD 6,0,1,0,0,0.0,ADD 7,0,0,0,0,0.0,EGT2CAN,0,1,0,0,0.0
1778953755.5418868,0.0,12703,-49.0,1,-,0,0,0,0,0.0,-,0,0,0,0,0.0,ECU,1,1,12687,0,0.0,FAN1,0,0,0,0,0.0,COILS,1,1,12701,0,0.0,PUMP,0,0,0,0,0.0,INJECTOR,1,1,12686,0,0.0,SERVO,1,1,12671,0,0.0,ADD 1,0,1,0,0,0.0,ADD 2,0,1,0,0,0.0,ADD 3,0,1,0,0,0.0,ADD 4,0,1,0,0,0.0,ADD 5,0,0,0,0,0.0,ADD 6,0,1,0,0,0.0,ADD 7,0,0,0,0,0.0,EGT2CAN,0,1,0,0,0.0
1778953755.5975442,0.0,12703,-49.0,1,-,0,0,0,0,0.0,-,0,0,0,0,0.0,ECU,1,1,12686,0,0.0,FAN1,0,0,0,0,0.0,COILS,1,1,12701,0,0.0,PUMP,0,0,0,0,0.0,INJECTOR,1,1,12692,0,0.0,SERVO,1,1,12667,0,0.0,ADD 1,0,1,0,0,0.0,ADD 2,0,1,0,0,0.0,ADD 3,0,1,0,0,0.0,ADD 4,0,1,0,0,0.0,ADD 5,0,0,0,0,0.0,ADD 6,0,1,0,0,0.0,ADD 7,0,0,0,0,0.0,EGT2CAN,0,1,0,0,0.0
1778953755.6489007,0.0,12705,-54.0,1,-,0,0,0,0,0.0,-,0,0,0,0,0.0,ECU,1,1,12694,0,0.0,FAN1,0,0,0,0,0.0,COILS,1,1,12694,0,0.0,PUMP,0,0,0,0,0.0,INJECTOR,1,1,12690,0,0.0,SERVO,1,1,12661,0,0.0,ADD 1,0,1,0,0,0.0,ADD 2,0,1,0,0,0.0,ADD 3,0,1,0,0,0.0,ADD 4,0,1,0,0,0.0,ADD 5,0,0,0,0,0.0,ADD 6,0,1,0,0,0.0,ADD 7,0,0,0,0,0.0,EGT2CAN,0,1,0,0,0.0
1778953755.701497,0.0,12702,-49.0,1,-,0,0,0,0,0.0,-,0,0,0,0,0.0,ECU,1,1,12684,0,0.0,FAN1,0,0,0,0,0.0,COILS,1,1,12705,0,0.0,PUMP,0,0,0,0,0.0,INJECTOR,1,1,12690,0,0.0,SERVO,1,1,12662,0,0.0,ADD 1,0,1,0,0,0.0,ADD 2,0,1,0,0,0.0,ADD 3,0,1,0,0,0.0,ADD 4,0,1,0,0,0.0,ADD 5,0,0,0,0,0.0,ADD 6,0,1,0,0,0.0,ADD 7,0,0,0,0,0.0,EGT2CAN,0,1,0,0,0.0
1778953755.7604947,0.0,12702,-49.0,1,-,0,0,0,0,0.0,-,0,0,0,0,0.0,ECU,1,1,12691,0,0.0,FAN1,0,0,0,0,0.0,COILS,1,1,12701,0,0.0,PUMP,0,0,0,0,0.0,INJECTOR,1,1,12697,0,0.0,SERVO,1,1,12671,0,0.0,ADD 1,0,1,0,0,0.0,ADD 2,0,1,0,0,0.0,ADD 3,0,1,0,0,0.0,ADD 4,0,1,0,0,0.0,ADD 5,0,0,0,0,0.0,ADD 6,0,1,0,0,0.0,ADD 7,0,0,0,0,0.0,EGT2CAN,0,1,0,0,0.0
1778953755.8145854,0.0,12701,-49.0,1,-,0,0,0,0,0.0,-,0,0,0,0,0.0,ECU,1,1,12692,0,0.0,FAN1,0,0,0,0,0.0,COILS,1,1,12703,0,0.0,PUMP,0,0,0,0,0.0,INJECTOR,1,1,12683,0,0.0,SERVO,1,1,12676,0,0.0,ADD 1,0,1,0,0,0.0,ADD 2,0,1,0,0,0.0,ADD 3,0,1,0,0,0.0,ADD 4,0,1,0,0,0.0,ADD 5,0,0,0,0,0.0,ADD 6,0,1,0,0,0.0,ADD 7,0,0,0,0,0.0,EGT2CAN,0,1,0,0,0.0
1778953755.8774078,0.0,12703,-49.0,1,-,0,0,0,0,0.0,-,0,0,0,0,0.0,ECU,1,1,12695,0,0.0,FAN1,0,0,0,0,0.0,COILS,1,1,12698,0,0.0,PUMP,0,0,0,0,0.0,INJECTOR,1,1,12692,0,0.0,SERVO,1,1,12676,0,0.0,ADD 1,0,1,0,0,0.0,ADD 2,0,1,0,0,0.0,ADD 3,0,1,0,0,0.0,ADD 4,0,1,0,0,0.0,ADD 5,0,0,0,0,0.0,ADD 6,0,1,0,0,0.0,ADD 7,0,0,0,0,0.0,EGT2CAN,0,1,0,0,0.0
1778953755.9310486,0.0,12703,-49.0,1,-,0,0,0,0,0.0,-,0,0,0,0,0.0,ECU,1,1,12691,0,0.0,FAN1,0,0,0,0,0.0,COILS,1,1,12698,0,0.0,PUMP,0,0,0,0,0.0,INJECTOR,1,1,12692,0,0.0,SERVO,1,1,12676,0,0.0,ADD 1,0,1,0,0,0.0,ADD 2,0,1,0,0,0.0,ADD 3,0,1,0,0,0.0,ADD 4,0,1,0,0,0.0,ADD 5,0,0,0,0,0.0,ADD 6,0,1,0,0,0.0,ADD 7,0,0,0,0,0.0,EGT2CAN,0,1,0,0,0.0
1778953755.9828598,0.0,12703,-49.0,1,-,0,0,0,0,0.0,-,0,0,0,0,0.0,ECU,1,1,12691,0,0.0,FAN1,0,0,0,0,0.0,COILS,1,1,12696,0,0.0,PUMP,0,0,0,0,0.0,INJECTOR,1,1,12692,0,0.0,SERVO,1,1,12673,0,0.0,ADD 1,0,1,0,0,0.0,ADD 2,0,1,0,0,0.0,ADD 3,0,1,0,0,0.0,ADD 4,0,1,0,0,0.0,ADD 5,0,0,0,0,0.0,ADD 6,0,1,0,0,0.0,ADD 7,0,0,0,0,0.0,EGT2CAN,0,1,0,0,0.0
1778953756.0398984,0.0,12702,-50.0,1,-,0,0,0,0,0.0,-,0,0,0,0,0.0,ECU,1,1,12706,0,0.0,FAN1,0,0,0,0,0.0,COILS,1,1,12710,0,0.0,PUMP,0,0,0,0,0.0,INJECTOR,1,1,12699,0,0.0,SERVO,1,1,12668,0,0.0,ADD 1,0,1,0,0,0.0,ADD 2,0,1,0,0,0.0,ADD 3,0,1,0,0,0.0,ADD 4,0,1,0,0,0.0,ADD 5,0,0,0,0,0.0,ADD 6,0,1,0,0,0.0,ADD 7,0,0,0,0,0.0,EGT2CAN,0,1,0,0,0.0
1778953756.090197,0.0,12702,-50.0,1,-,0,0,0,0,0.0,-,0,0,0,0,0.0,ECU,1,1,12697,0,0.0,FAN1,0,0,0,0,0.0,COILS,1,1,12711,0,0.0,PUMP,0,0,0,0,0.0,INJECTOR,1,1,12697,0,0.0,SERVO,1,1,12674,0,0.0,ADD 1,0,1,0,0,0.0,ADD 2,0,1,0,0,0.0,ADD 3,0,1,0,0,0.0,ADD 4,0,1,0,0,0.0,ADD 5,0,0,0,0,0.0,ADD 6,0,1,0,0,0.0,ADD 7,0,0,0,0,0.0,EGT2CAN,0,1,0,0,0.0
1778953756.141585,0.0,12700,-50.0,1,-,0,0,0,0,0.0,-,0,0,0,0,0.0,ECU,1,1,12682,0,0.0,FAN1,0,0,0,0,0.0,COILS,1,1,12706,0,0.0,PUMP,0,0,0,0,0.0,INJECTOR,1,1,12690,0,0.0,SERVO,1,1,12667,0,0.0,ADD 1,0,1,0,0,0.0,ADD 2,0,1,0,0,0.0,ADD 3,0,1,0,0,0.0,ADD 4,0,1,0,0,0.0,ADD 5,0,0,0,0,0.0,ADD 6,0,1,0,0,0.0,ADD 7,0,0,0,0,0.0,EGT2CAN,0,1,0,0,0.0
1778953756.1928558,0.0,12701,-49.0,1,-,0,0,0,0,0.0,-,0,0,0,0,0.0,ECU,1,1,12682,0,0.0,FAN1,0,0,0,0,0.0,COILS,1,1,12706,0,0.0,PUMP,0,0,0,0,0.0,INJECTOR,1,1,12690,0,0.0,SERVO,1,1,12667,0,0.0,ADD 1,0,1,0,0,0.0,ADD 2,0,1,0,0,0.0,ADD 3,0,1,0,0,0.0,ADD 4,0,1,0,0,0.0,ADD 5,0,0,0,0,0.0,ADD 6,0,1,0,0,0.0,ADD 7,0,0,0,0,0.0,EGT2CAN,0,1,0,0,0.0
1778953756.2438004,0.0,12701,-49.0,1,-,0,0,0,0,0.0,-,0,0,0,0,0.0,ECU,1,1,12673,0,0.0,FAN1,0,0,0,0,0.0,COILS,1,1,12687,0,0.0,PUMP,0,0,0,0,0.0,INJECTOR,1,1,12687,0,0.0,SERVO,1,1,12667,0,0.0,ADD 1,0,1,0,0,0.0,ADD 2,0,1,0,0,0.0,ADD 3,0,1,0,0,0.0,ADD 4,0,1,0,0,0.0,ADD 5,0,0,0,0,0.0,ADD 6,0,1,0,0,0.0,ADD 7,0,0,0,0,0.0,EGT2CAN,0,1,0,0,0.0
1778953756.3061826,0.0,12702,-48.0,1,-,0,0,0,0,0.0,-,0,0,0,0,0.0,ECU,1,1,12684,0,0.0,FAN1,0,0,0,0,0.0,COILS,1,1,12697,0,0.0,PUMP,0,0,0,0,0.0,INJECTOR,1,1,12686,0,0.0,SERVO,1,1,12668,0,0.0,ADD 1,0,1,0,0,0.0,ADD 2,0,1,0,0,0.0,ADD 3,0,1,0,0,0.0,ADD 4,0,1,0,0,0.0,ADD 5,0,0,0,0,0.0,ADD 6,0,1,0,0,0.0,ADD 7,0,0,0,0,0.0,EGT2CAN,0,1,0,0,0.0
1778953756.369518,0.0,12702,-48.0,1,-,0,0,0,0,0.0,-,0,0,0,0,0.0,ECU,1,1,12704,0,0.0,FAN1,0,0,0,0,0.0,COILS,1,1,12690,0,0.0,PUMP,0,0,0,0,0.0,INJECTOR,1,1,12697,0,0.0,SERVO,1,1,12661,0,0.0,ADD 1,0,1,0,0,0.0,ADD 2,0,1,0,0,0.0,ADD 3,0,1,0,0,0.0,ADD 4,0,1,0,0,0.0,ADD 5,0,0,0,0,0.0,ADD 6,0,1,0,0,0.0,ADD 7,0,0,0,0,0.0,EGT2CAN,0,1,0,0,0.0
1778953756.4305081,0.0,12701,-49.0,1,-,0,0,0,0,0.0,-,0,0,0,0,0.0,ECU,1,1,12695,0,0.0,FAN1,0,0,0,0,0.0,COILS,1,1,12703,0,0.0,PUMP,0,0,0,0,0.0,INJECTOR,1,1,12691,0,0.0,SERVO,1,1,12671,0,0.0,ADD 1,0,1,0,0,0.0,ADD 2,0,1,0,0,0.0,ADD 3,0,1,0,0,0.0,ADD 4,0,1,0,0,0.0,ADD 5,0,0,0,0,0.0,ADD 6,0,1,0,0,0.0,ADD 7,0,0,0,0,0.0,EGT2CAN,0,1,0,0,0.0
1778953756.481431,0.0,12701,-49.0,1,-,0,0,0,0,0.0,-,0,0,0,0,0.0,ECU,1,1,12679,0,0.0,FAN1,0,0,0,0,0.0,COILS,1,1,12704,0,0.0,PUMP,0,0,0,0,0.0,INJECTOR,1,1,12701,0,0.0,SERVO,1,1,12667,0,0.0,ADD 1,0,1,0,0,0.0,ADD 2,0,1,0,0,0.0,ADD 3,0,1,0,0,0.0,ADD 4,0,1,0,0,0.0,ADD 5,0,0,0,0,0.0,ADD 6,0,1,0,0,0.0,ADD 7,0,0,0,0,0.0,EGT2CAN,0,1,0,0,0.0
1778953756.5332358,0.0,12701,-49.0,1,-,0,0,0,0,0.0,-,0,0,0,0,0.0,ECU,1,1,12679,0,0.0,FAN1,0,0,0,0,0.0,COILS,1,1,12704,0,0.0,PUMP,0,0,0,0,0.0,INJECTOR,1,1,12701,0,0.0,SERVO,1,1,12667,0,0.0,ADD 1,0,1,0,0,0.0,ADD 2,0,1,0,0,0.0,ADD 3,0,1,0,0,0.0,ADD 4,0,1,0,0,0.0,ADD 5,0,0,0,0,0.0,ADD 6,0,1,0,0,0.0,ADD 7,0,0,0,0,0.0,EGT2CAN,0,1,0,0,0.0
1778953756.5887432,0.0,12702,-50.0,1,-,0,0,0,0,0.0,-,0,0,0,0,0.0,ECU,1,1,12681,0,0.0,FAN1,0,0,0,0,0.0,COILS,1,1,12715,0,0.0,PUMP,0,0,0,0,0.0,INJECTOR,1,1,12685,0,0.0,SERVO,1,1,12665,0,0.0,ADD 1,0,1,0,0,0.0,ADD 2,0,1,0,0,0.0,ADD 3,0,1,0,0,0.0,ADD 4,0,1,0,0,0.0,ADD 5,0,0,0,0,0.0,ADD 6,0,1,0,0,0.0,ADD 7,0,0,0,0,0.0,EGT2CAN,0,1,0,0,0.0
1778953756.6400952,0.0,12702,-50.0,1,-,0,0,0,0,0.0,-,0,0,0,0,0.0,ECU,1,1,12694,0,0.0,FAN1,0,0,0,0,0.0,COILS,1,1,12697,0,0.0,PUMP,0,0,0,0,0.0,INJECTOR,1,1,12707,0,0.0,SERVO,1,1,12672,0,0.0,ADD 1,0,1,0,0,0.0,ADD 2,0,1,0,0,0.0,ADD 3,0,1,0,0,0.0,ADD 4,0,1,0,0,0.0,ADD 5,0,0,0,0,0.0,ADD 6,0,1,0,0,0.0,ADD 7,0,0,0,0,0.0,EGT2CAN,0,1,0,0,0.0
1778953756.6904838,0.0,12702,-50.0,1,-,0,0,0,0,0.0,-,0,0,0,0,0.0,ECU,1,1,12694,0,0.0,FAN1,0,0,0,0,0.0,COILS,1,1,12697,0,0.0,PUMP,0,0,0,0,0.0,INJECTOR,1,1,12707,0,0.0,SERVO,1,1,12672,0,0.0,ADD 1,0,1,0,0,0.0,ADD 2,0,1,0,0,0.0,ADD 3,0,1,0,0,0.0,ADD 4,0,1,0,0,0.0,ADD 5,0,0,0,0,0.0,ADD 6,0,1,0,0,0.0,ADD 7,0,0,0,0,0.0,EGT2CAN,0,1,0,0,0.0
1778953756.7464213,0.0,12702,-49.0,1,-,0,0,0,0,0.0,-,0,0,0,0,0.0,ECU,1,1,12697,0,0.0,FAN1,0,0,0,0,0.0,COILS,1,1,12719,0,0.0,PUMP,0,0,0,0,0.0,INJECTOR,1,1,12699,0,0.0,SERVO,1,1,12685,0,0.0,ADD 1,0,1,0,0,0.0,ADD 2,0,1,0,0,0.0,ADD 3,0,1,0,0,0.0,ADD 4,0,1,0,0,0.0,ADD 5,0,0,0,0,0.0,ADD 6,0,1,0,0,0.0,ADD 7,0,0,0,0,0.0,EGT2CAN,0,1,0,0,0.0
1778953756.8186936,0.0,12702,-49.0,1,-,0,0,0,0,0.0,-,0,0,0,0,0.0,ECU,1,1,12697,0,0.0,FAN1,0,0,0,0,0.0,COILS,1,1,12719,0,0.0,PUMP,0,0,0,0,0.0,INJECTOR,1,1,12699,0,0.0,SERVO,1,1,12685,0,0.0,ADD 1,0,1,0,0,0.0,ADD 2,0,1,0,0,0.0,ADD 3,0,1,0,0,0.0,ADD 4,0,1,0,0,0.0,ADD 5,0,0,0,0,0.0,ADD 6,0,1,0,0,0.0,ADD 7,0,0,0,0,0.0,EGT2CAN,0,1,0,0,0.0
1778953756.8761282,0.0,12705,-49.0,1,-,0,0,0,0,0.0,-,0,0,0,0,0.0,ECU,1,1,12695,0,0.0,FAN1,0,0,0,0,0.0,COILS,1,1,12687,0,0.0,PUMP,0,0,0,0,0.0,INJECTOR,1,1,12699,0,0.0,SERVO,1,1,12669,0,0.0,ADD 1,0,1,0,0,0.0,ADD 2,0,1,0,0,0.0,ADD 3,0,1,0,0,0.0,ADD 4,0,1,0,0,0.0,ADD 5,0,0,0,0,0.0,ADD 6,0,1,0,0,0.0,ADD 7,0,0,0,0,0.0,EGT2CAN,0,1,0,0,0.0
1778953756.9264004,0.0,12705,-49.0,1,-,0,0,0,0,0.0,-,0,0,0,0,0.0,ECU,1,1,12691,0,0.0,FAN1,0,0,0,0,0.0,COILS,1,1,12687,0,0.0,PUMP,0,0,0,0,0.0,INJECTOR,1,1,12699,0,0.0,SERVO,1,1,12669,0,0.0,ADD 1,0,1,0,0,0.0,ADD 2,0,1,0,0,0.0,ADD 3,0,1,0,0,0.0,ADD 4,0,1,0,0,0.0,ADD 5,0,0,0,0,0.0,ADD 6,0,1,0,0,0.0,ADD 7,0,0,0,0,0.0,EGT2CAN,0,1,0,0,0.0
1778953756.9795284,0.0,12705,-49.0,1,-,0,0,0,0,0.0,-,0,0,0,0,0.0,ECU,1,1,12691,0,0.0,FAN1,0,0,0,0,0.0,COILS,1,1,12696,0,0.0,PUMP,0,0,0,0,0.0,INJECTOR,1,1,12704,0,0.0,SERVO,1,1,12678,0,0.0,ADD 1,0,1,0,0,0.0,ADD 2,0,1,0,0,0.0,ADD 3,0,1,0,0,0.0,ADD 4,0,1,0,0,0.0,ADD 5,0,0,0,0,0.0,ADD 6,0,1,0,0,0.0,ADD 7,0,0,0,0,0.0,EGT2CAN,0,1,0,0,0.0
1778953757.0377262,0.0,12706,-49.0,1,-,0,0,0,0,0.0,-,0,0,0,0,0.0,ECU,1,1,12708,0,0.0,FAN1,0,0,0,0,0.0,COILS,1,1,12711,0,0.0,PUMP,0,0,0,0,0.0,INJECTOR,1,1,12704,0,0.0,SERVO,1,1,12677,0,0.0,ADD 1,0,1,0,0,0.0,ADD 2,0,1,0,0,0.0,ADD 3,0,1,0,0,0.0,ADD 4,0,1,0,0,0.0,ADD 5,0,0,0,0,0.0,ADD 6,0,1,0,0,0.0,ADD 7,0,0,0,0,0.0,EGT2CAN,0,1,0,0,0.0
1778953757.089092,0.0,12706,-49.0,1,-,0,0,0,0,0.0,-,0,0,0,0,0.0,ECU,1,1,12697,0,0.0,FAN1,0,0,0,0,0.0,COILS,1,1,12695,0,0.0,PUMP,0,0,0,0,0.0,INJECTOR,1,1,12679,0,0.0,SERVO,1,1,12671,0,0.0,ADD 1,0,1,0,0,0.0,ADD 2,0,1,0,0,0.0,ADD 3,0,1,0,0,0.0,ADD 4,0,1,0,0,0.0,ADD 5,0,0,0,0,0.0,ADD 6,0,1,0,0,0.0,ADD 7,0,0,0,0,0.0,EGT2CAN,0,1,0,0,0.0
1778953757.1436281,0.0,12707,-49.0,1,-,0,0,0,0,0.0,-,0,0,0,0,0.0,ECU,1,1,12697,0,0.0,FAN1,0,0,0,0,0.0,COILS,1,1,12697,0,0.0,PUMP,0,0,0,0,0.0,INJECTOR,1,1,12704,0,0.0,SERVO,1,1,12687,0,0.0,ADD 1,0,1,0,0,0.0,ADD 2,0,1,0,0,0.0,ADD 3,0,1,0,0,0.0,ADD 4,0,1,0,0,0.0,ADD 5,0,0,0,0,0.0,ADD 6,0,1,0,0,0.0,ADD 7,0,0,0,0,0.0,EGT2CAN,0,1,0,0,0.0
1778953757.195432,0.0,12706,-49.0,1,-,0,0,0,0,0.0,-,0,0,0,0,0.0,ECU,1,1,12697,0,0.0,FAN1,0,0,0,0,0.0,COILS,1,1,12697,0,0.0,PUMP,0,0,0,0,0.0,INJECTOR,1,1,12704,0,0.0,SERVO,1,1,12687,0,0.0,ADD 1,0,1,0,0,0.0,ADD 2,0,1,0,0,0.0,ADD 3,0,1,0,0,0.0,ADD 4,0,1,0,0,0.0,ADD 5,0,0,0,0,0.0,ADD 6,0,1,0,0,0.0,ADD 7,0,0,0,0,0.0,EGT2CAN,0,1,0,0,0.0
1778953757.250157,0.0,12706,-49.0,1,-,0,0,0,0,0.0,-,0,0,0,0,0.0,ECU,1,1,12695,0,0.0,FAN1,0,0,0,0,0.0,COILS,1,1,12704,0,0.0,PUMP,0,0,0,0,0.0,INJECTOR,1,1,12686,0,0.0,SERVO,1,1,12684,0,0.0,ADD 1,0,1,0,0,0.0,ADD 2,0,1,0,0,0.0,ADD 3,0,1,0,0,0.0,ADD 4,0,1,0,0,0.0,ADD 5,0,0,0,0,0.0,ADD 6,0,1,0,0,0.0,ADD 7,0,0,0,0,0.0,EGT2CAN,0,1,0,0,0.0
1778953757.3049269,0.0,12709,-49.0,1,-,0,0,0,0,0.0,-,0,0,0,0,0.0,ECU,1,1,12707,0,0.0,FAN1,0,0,0,0,0.0,COILS,1,1,12709,0,0.0,PUMP,0,0,0,0,0.0,INJECTOR,1,1,12691,0,0.0,SERVO,1,1,12691,0,0.0,ADD 1,0,1,0,0,0.0,ADD 2,0,1,0,0,0.0,ADD 3,0,1,0,0,0.0,ADD 4,0,1,0,0,0.0,ADD 5,0,0,0,0,0.0,ADD 6,0,1,0,0,0.0,ADD 7,0,0,0,0,0.0,EGT2CAN,0,1,0,0,0.0
1778953757.355489,0.0,12709,-49.0,1,-,0,0,0,0,0.0,-,0,0,0,0,0.0,ECU,1,1,12707,0,0.0,FAN1,0,0,0,0,0.0,COILS,1,1,12709,0,0.0,PUMP,0,0,0,0,0.0,INJECTOR,1,1,12691,0,0.0,SERVO,1,1,12691,0,0.0,ADD 1,0,1,0,0,0.0,ADD 2,0,1,0,0,0.0,ADD 3,0,1,0,0,0.0,ADD 4,0,1,0,0,0.0,ADD 5,0,0,0,0,0.0,ADD 6,0,1,0,0,0.0,ADD 7,0,0,0,0,0.0,EGT2CAN,0,1,0,0,0.0
1778953757.4096029,0.0,12709,-49.0,1,-,0,0,0,0,0.0,-,0,0,0,0,0.0,ECU,1,1,12695,0,0.0,FAN1,0,0,0,0,0.0,COILS,1,1,12701,0,0.0,PUMP,0,0,0,0,0.0,INJECTOR,1,1,12684,0,0.0,SERVO,1,1,12667,0,0.0,ADD 1,0,1,0,0,0.0,ADD 2,0,1,0,0,0.0,ADD 3,0,1,0,0,0.0,ADD 4,0,1,0,0,0.0,ADD 5,0,0,0,0,0.0,ADD 6,0,1,0,0,0.0,ADD 7,0,0,0,0,0.0,EGT2CAN,0,1,0,0,0.0
1778953757.4660072,0.0,12710,-50.0,1,-,0,0,0,0,0.0,-,0,0,0,0,0.0,ECU,1,1,12697,0,0.0,FAN1,0,0,0,0,0.0,COILS,1,1,12715,0,0.0,PUMP,0,0,0,0,0.0,INJECTOR,1,1,12686,0,0.0,SERVO,1,1,12675,0,0.0,ADD 1,0,1,0,0,0.0,ADD 2,0,1,0,0,0.0,ADD 3,0,1,0,0,0.0,ADD 4,0,1,0,0,0.0,ADD 5,0,0,0,0,0.0,ADD 6,0,1,0,0,0.0,ADD 7,0,0,0,0,0.0,EGT2CAN,0,1,0,0,0.0
1778953757.5356727,0.0,12710,-50.0,1,-,0,0,0,0,0.0,-,0,0,0,0,0.0,ECU,1,1,12697,0,0.0,FAN1,0,0,0,0,0.0,COILS,1,1,12689,0,0.0,PUMP,0,0,0,0,0.0,INJECTOR,1,1,12693,0,0.0,SERVO,1,1,12656,0,0.0,ADD 1,0,1,0,0,0.0,ADD 2,0,1,0,0,0.0,ADD 3,0,1,0,0,0.0,ADD 4,0,1,0,0,0.0,ADD 5,0,0,0,0,0.0,ADD 6,0,1,0,0,0.0,ADD 7,0,0,0,0,0.0,EGT2CAN,0,1,0,0,0.0
1778953757.5966337,0.0,12709,-49.0,1,-,0,0,0,0,0.0,-,0,0,0,0,0.0,ECU,1,1,12707,0,0.0,FAN1,0,0,0,0,0.0,COILS,1,1,12711,0,0.0,PUMP,0,0,0,0,0.0,INJECTOR,1,1,12688,0,0.0,SERVO,1,1,12678,0,0.0,ADD 1,0,1,0,0,0.0,ADD 2,0,1,0,0,0.0,ADD 3,0,1,0,0,0.0,ADD 4,0,1,0,0,0.0,ADD 5,0,0,0,0,0.0,ADD 6,0,1,0,0,0.0,ADD 7,0,0,0,0,0.0,EGT2CAN,0,1,0,0,0.0
1778953757.6632383,0.0,12709,-49.0,1,-,0,0,0,0,0.0,-,0,0,0,0,0.0,ECU,1,1,12704,0,0.0,FAN1,0,0,0,0,0.0,COILS,1,1,12699,0,0.0,PUMP,0,0,0,0,0.0,INJECTOR,1,1,12697,0,0.0,SERVO,1,1,12678,0,0.0,ADD 1,0,1,0,0,0.0,ADD 2,0,1,0,0,0.0,ADD 3,0,1,0,0,0.0,ADD 4,0,1,0,0,0.0,ADD 5,0,0,0,0,0.0,ADD 6,0,1,0,0,0.0,ADD 7,0,0,0,0,0.0,EGT2CAN,0,1,0,0,0.0
1778953757.7138052,0.0,12709,-48.0,1,-,0,0,0,0,0.0,-,0,0,0,0,0.0,ECU,1,1,12704,0,0.0,FAN1,0,0,0,0,0.0,COILS,1,1,12699,0,0.0,PUMP,0,0,0,0,0.0,INJECTOR,1,1,12697,0,0.0,SERVO,1,1,12678,0,0.0,ADD 1,0,1,0,0,0.0,ADD 2,0,1,0,0,0.0,ADD 3,0,1,0,0,0.0,ADD 4,0,1,0,0,0.0,ADD 5,0,0,0,0,0.0,ADD 6,0,1,0,0,0.0,ADD 7,0,0,0,0,0.0,EGT2CAN,0,1,0,0,0.0
1778953757.7699728,0.0,12708,-49.0,1,-,0,0,0,0,0.0,-,0,0,0,0,0.0,ECU,1,1,12704,0,0.0,FAN1,0,0,0,0,0.0,COILS,1,1,12700,0,0.0,PUMP,0,0,0,0,0.0,INJECTOR,1,1,12719,0,0.0,SERVO,1,1,12657,0,0.0,ADD 1,0,1,0,0,0.0,ADD 2,0,1,0,0,0.0,ADD 3,0,1,0,0,0.0,ADD 4,0,1,0,0,0.0,ADD 5,0,0,0,0,0.0,ADD 6,0,1,0,0,0.0,ADD 7,0,0,0,0,0.0,EGT2CAN,0,1,0,0,0.0
1778953757.821182,0.0,12711,-49.0,1,-,0,0,0,0,0.0,-,0,0,0,0,0.0,ECU,1,1,12704,0,0.0,FAN1,0,0,0,0,0.0,COILS,1,1,12700,0,0.0,PUMP,0,0,0,0,0.0,INJECTOR,1,1,12719,0,0.0,SERVO,1,1,12657,0,0.0,ADD 1,0,1,0,0,0.0,ADD 2,0,1,0,0,0.0,ADD 3,0,1,0,0,0.0,ADD 4,0,1,0,0,0.0,ADD 5,0,0,0,0,0.0,ADD 6,0,1,0,0,0.0,ADD 7,0,0,0,0,0.0,EGT2CAN,0,1,0,0,0.0
1778953757.8797822,0.0,12710,-49.0,1,-,0,0,0,0,0.0,-,0,0,0,0,0.0,ECU,1,1,12692,0,0.0,FAN1,0,0,0,0,0.0,COILS,1,1,12692,0,0.0,PUMP,0,0,0,0,0.0,INJECTOR,1,1,12701,0,0.0,SERVO,1,1,12692,0,0.0,ADD 1,0,1,0,0,0.0,ADD 2,0,1,0,0,0.0,ADD 3,0,1,0,0,0.0,ADD 4,0,1,0,0,0.0,ADD 5,0,0,0,0,0.0,ADD 6,0,1,0,0,0.0,ADD 7,0,0,0,0,0.0,EGT2CAN,0,1,0,0,0.0
1778953757.9308317,0.0,12710,-49.0,1,-,0,0,0,0,0.0,-,0,0,0,0,0.0,ECU,1,1,12692,0,0.0,FAN1,0,0,0,0,0.0,COILS,1,1,12692,0,0.0,PUMP,0,0,0,0,0.0,INJECTOR,1,1,12701,0,0.0,SERVO,1,1,12692,0,0.0,ADD 1,0,1,0,0,0.0,ADD 2,0,1,0,0,0.0,ADD 3,0,1,0,0,0.0,ADD 4,0,1,0,0,0.0,ADD 5,0,0,0,0,0.0,ADD 6,0,1,0,0,0.0,ADD 7,0,0,0,0,0.0,EGT2CAN,0,1,0,0,0.0
1778953757.9822645,0.0,12710,-49.0,1,-,0,0,0,0,0.0,-,0,0,0,0,0.0,ECU,1,1,12692,0,0.0,FAN1,0,0,0,0,0.0,COILS,1,1,12700,0,0.0,PUMP,0,0,0,0,0.0,INJECTOR,1,1,12701,0,0.0,SERVO,1,1,12690,0,0.0,ADD 1,0,1,0,0,0.0,ADD 2,0,1,0,0,0.0,ADD 3,0,1,0,0,0.0,ADD 4,0,1,0,0,0.0,ADD 5,0,0,0,0,0.0,ADD 6,0,1,0,0,0.0,ADD 7,0,0,0,0,0.0,EGT2CAN,0,1,0,0,0.0
1778953758.036661,0.0,12710,-49.0,1,-,0,0,0,0,0.0,-,0,0,0,0,0.0,ECU,1,1,12709,0,0.0,FAN1,0,0,0,0,0.0,COILS,1,1,12706,0,0.0,PUMP,0,0,0,0,0.0,INJECTOR,1,1,12701,0,0.0,SERVO,1,1,12681,0,0.0,ADD 1,0,1,0,0,0.0,ADD 2,0,1,0,0,0.0,ADD 3,0,1,0,0,0.0,ADD 4,0,1,0,0,0.0,ADD 5,0,0,0,0,0.0,ADD 6,0,1,0,0,0.0,ADD 7,0,0,0,0,0.0,EGT2CAN,0,1,0,0,0.0
1778953758.1011229,0.0,12710,-49.0,1,-,0,0,0,0,0.0,-,0,0,0,0,0.0,ECU,1,1,12693,0,0.0,FAN1,0,0,0,0,0.0,COILS,1,1,12695,0,0.0,PUMP,0,0,0,0,0.0,INJECTOR,1,1,12707,0,0.0,SERVO,1,1,12664,0,0.0,ADD 1,0,1,0,0,0.0,ADD 2,0,1,0,0,0.0,ADD 3,0,1,0,0,0.0,ADD 4,0,1,0,0,0.0,ADD 5,0,0,0,0,0.0,ADD 6,0,1,0,0,0.0,ADD 7,0,0,0,0,0.0,EGT2CAN,0,1,0,0,0.0
1778953758.1522574,0.0,12706,-49.0,1,-,0,0,0,0,0.0,-,0,0,0,0,0.0,ECU,1,1,12700,0,0.0,FAN1,0,0,0,0,0.0,COILS,1,1,12697,0,0.0,PUMP,0,0,0,0,0.0,INJECTOR,1,1,12692,0,0.0,SERVO,1,1,12682,0,0.0,ADD 1,0,1,0,0,0.0,ADD 2,0,1,0,0,0.0,ADD 3,0,1,0,0,0.0,ADD 4,0,1,0,0,0.0,ADD 5,0,0,0,0,0.0,ADD 6,0,1,0,0,0.0,ADD 7,0,0,0,0,0.0,EGT2CAN,0,1,0,0,0.0
1778953758.224382,0.0,12706,-49.0,1,-,0,0,0,0,0.0,-,0,0,0,0,0.0,ECU,1,1,12700,0,0.0,FAN1,0,0,0,0,0.0,COILS,1,1,12708,0,0.0,PUMP,0,0,0,0,0.0,INJECTOR,1,1,12697,0,0.0,SERVO,1,1,12682,0,0.0,ADD 1,0,1,0,0,0.0,ADD 2,0,1,0,0,0.0,ADD 3,0,1,0,0,0.0,ADD 4,0,1,0,0,0.0,ADD 5,0,0,0,0,0.0,ADD 6,0,1,0,0,0.0,ADD 7,0,0,0,0,0.0,EGT2CAN,0,1,0,0,0.0
1778953758.2791593,0.0,12710,-49.0,1,-,0,0,0,0,0.0,-,0,0,0,0,0.0,ECU,1,1,12691,0,0.0,FAN1,0,0,0,0,0.0,COILS,1,1,12705,0,0.0,PUMP,0,0,0,0,0.0,INJECTOR,1,1,12697,0,0.0,SERVO,1,1,12673,0,0.0,ADD 1,0,1,0,0,0.0,ADD 2,0,1,0,0,0.0,ADD 3,0,1,0,0,0.0,ADD 4,0,1,0,0,0.0,ADD 5,0,0,0,0,0.0,ADD 6,0,1,0,0,0.0,ADD 7,0,0,0,0,0.0,EGT2CAN,0,1,0,0,0.0
1778953758.3301327,0.0,12710,-49.0,1,-,0,0,0,0,0.0,-,0,0,0,0,0.0,ECU,1,1,12709,0,0.0,FAN1,0,0,0,0,0.0,COILS,1,1,12701,0,0.0,PUMP,0,0,0,0,0.0,INJECTOR,1,1,12706,0,0.0,SERVO,1,1,12678,0,0.0,ADD 1,0,1,0,0,0.0,ADD 2,0,1,0,0,0.0,ADD 3,0,1,0,0,0.0,ADD 4,0,1,0,0,0.0,ADD 5,0,0,0,0,0.0,ADD 6,0,1,0,0,0.0,ADD 7,0,0,0,0,0.0,EGT2CAN,0,1,0,0,0.0
1778953758.3822608,0.0,12710,-49.0,1,-,0,0,0,0,0.0,-,0,0,0,0,0.0,ECU,1,1,12709,0,0.0,FAN1,0,0,0,0,0.0,COILS,1,1,12701,0,0.0,PUMP,0,0,0,0,0.0,INJECTOR,1,1,12706,0,0.0,SERVO,1,1,12678,0,0.0,ADD 1,0,1,0,0,0.0,ADD 2,0,1,0,0,0.0,ADD 3,0,1,0,0,0.0,ADD 4,0,1,0,0,0.0,ADD 5,0,0,0,0,0.0,ADD 6,0,1,0,0,0.0,ADD 7,0,0,0,0,0.0,EGT2CAN,0,1,0,0,0.0
1778953758.4412868,0.0,12711,-50.0,1,-,0,0,0,0,0.0,-,0,0,0,0,0.0,ECU,1,1,12699,0,0.0,FAN1,0,0,0,0,0.0,COILS,1,1,12701,0,0.0,PUMP,0,0,0,0,0.0,INJECTOR,1,1,12711,0,0.0,SERVO,1,1,12675,0,0.0,ADD 1,0,1,0,0,0.0,ADD 2,0,1,0,0,0.0,ADD 3,0,1,0,0,0.0,ADD 4,0,1,0,0,0.0,ADD 5,0,0,0,0,0.0,ADD 6,0,1,0,0,0.0,ADD 7,0,0,0,0,0.0,EGT2CAN,0,1,0,0,0.0
1778953758.493874,0.0,12711,-50.0,1,-,0,0,0,0,0.0,-,0,0,0,0,0.0,ECU,1,1,12699,0,0.0,FAN1,0,0,0,0,0.0,COILS,1,1,12697,0,0.0,PUMP,0,0,0,0,0.0,INJECTOR,1,1,12715,0,0.0,SERVO,1,1,12676,0,0.0,ADD 1,0,1,0,0,0.0,ADD 2,0,1,0,0,0.0,ADD 3,0,1,0,0,0.0,ADD 4,0,1,0,0,0.0,ADD 5,0,0,0,0,0.0,ADD 6,0,1,0,0,0.0,ADD 7,0,0,0,0,0.0,EGT2CAN,0,1,0,0,0.0
1778953758.550001,0.0,12711,-49.0,1,-,0,0,0,0,0.0,-,0,0,0,0,0.0,ECU,1,1,12715,0,0.0,FAN1,0,0,0,0,0.0,COILS,1,1,12702,0,0.0,PUMP,0,0,0,0,0.0,INJECTOR,1,1,12702,0,0.0,SERVO,1,1,12669,0,0.0,ADD 1,0,1,0,0,0.0,ADD 2,0,1,0,0,0.0,ADD 3,0,1,0,0,0.0,ADD 4,0,1,0,0,0.0,ADD 5,0,0,0,0,0.0,ADD 6,0,1,0,0,0.0,ADD 7,0,0,0,0,0.0,EGT2CAN,0,1,0,0,0.0
1778953758.6012385,0.0,12711,-49.0,1,-,0,0,0,0,0.0,-,0,0,0,0,0.0,ECU,1,1,12715,0,0.0,FAN1,0,0,0,0,0.0,COILS,1,1,12702,0,0.0,PUMP,0,0,0,0,0.0,INJECTOR,1,1,12702,0,0.0,SERVO,1,1,12669,0,0.0,ADD 1,0,1,0,0,0.0,ADD 2,0,1,0,0,0.0,ADD 3,0,1,0,0,0.0,ADD 4,0,1,0,0,0.0,ADD 5,0,0,0,0,0.0,ADD 6,0,1,0,0,0.0,ADD 7,0,0,0,0,0.0,EGT2CAN,0,1,0,0,0.0
1778953758.6524887,0.0,12711,-49.0,1,-,0,0,0,0,0.0,-,0,0,0,0,0.0,ECU,1,1,12716,0,0.0,FAN1,0,0,0,0,0.0,COILS,1,1,12702,0,0.0,PUMP,0,0,0,0,0.0,INJECTOR,1,1,12689,0,0.0,SERVO,1,1,12671,0,0.0,ADD 1,0,1,0,0,0.0,ADD 2,0,1,0,0,0.0,ADD 3,0,1,0,0,0.0,ADD 4,0,1,0,0,0.0,ADD 5,0,0,0,0,0.0,ADD 6,0,1,0,0,0.0,ADD 7,0,0,0,0,0.0,EGT2CAN,0,1,0,0,0.0
1778953758.7036097,0.0,12712,-50.0,1,-,0,0,0,0,0.0,-,0,0,0,0,0.0,ECU,1,1,12702,0,0.0,FAN1,0,0,0,0,0.0,COILS,1,1,12696,0,0.0,PUMP,0,0,0,0,0.0,INJECTOR,1,1,12691,0,0.0,SERVO,1,1,12683,0,0.0,ADD 1,0,1,0,0,0.0,ADD 2,0,1,0,0,0.0,ADD 3,0,1,0,0,0.0,ADD 4,0,1,0,0,0.0,ADD 5,0,0,0,0,0.0,ADD 6,0,1,0,0,0.0,ADD 7,0,0,0,0,0.0,EGT2CAN,0,1,0,0,0.0
1778953758.7548146,0.0,12712,-50.0,1,-,0,0,0,0,0.0,-,0,0,0,0,0.0,ECU,1,1,12682,0,0.0,FAN1,0,0,0,0,0.0,COILS,1,1,12707,0,0.0,PUMP,0,0,0,0,0.0,INJECTOR,1,1,12690,0,0.0,SERVO,1,1,12683,0,0.0,ADD 1,0,1,0,0,0.0,ADD 2,0,1,0,0,0.0,ADD 3,0,1,0,0,0.0,ADD 4,0,1,0,0,0.0,ADD 5,0,0,0,0,0.0,ADD 6,0,1,0,0,0.0,ADD 7,0,0,0,0,0.0,EGT2CAN,0,1,0,0,0.0
1778953758.8076355,0.0,12712,-49.0,1,-,0,0,0,0,0.0,-,0,0,0,0,0.0,ECU,1,1,12686,0,0.0,FAN1,0,0,0,0,0.0,COILS,1,1,12687,0,0.0,PUMP,0,0,0,0,0.0,INJECTOR,1,1,12699,0,0.0,SERVO,1,1,12672,0,0.0,ADD 1,0,1,0,0,0.0,ADD 2,0,1,0,0,0.0,ADD 3,0,1,0,0,0.0,ADD 4,0,1,0,0,0.0,ADD 5,0,0,0,0,0.0,ADD 6,0,1,0,0,0.0,ADD 7,0,0,0,0,0.0,EGT2CAN,0,1,0,0,0.0
1778953758.8587482,0.0,12712,-49.0,1,-,0,0,0,0,0.0,-,0,0,0,0,0.0,ECU,1,1,12686,0,0.0,FAN1,0,0,0,0,0.0,COILS,1,1,12687,0,0.0,PUMP,0,0,0,0,0.0,INJECTOR,1,1,12699,0,0.0,SERVO,1,1,12672,0,0.0,ADD 1,0,1,0,0,0.0,ADD 2,0,1,0,0,0.0,ADD 3,0,1,0,0,0.0,ADD 4,0,1,0,0,0.0,ADD 5,0,0,0,0,0.0,ADD 6,0,1,0,0,0.0,ADD 7,0,0,0,0,0.0,EGT2CAN,0,1,0,0,0.0
1778953758.9097009,0.0,12712,-49.0,1,-,0,0,0,0,0.0,-,0,0,0,0,0.0,ECU,1,1,12682,0,0.0,FAN1,0,0,0,0,0.0,COILS,1,1,12700,0,0.0,PUMP,0,0,0,0,0.0,INJECTOR,1,1,12709,0,0.0,SERVO,1,1,12675,0,0.0,ADD 1,0,1,0,0,0.0,ADD 2,0,1,0,0,0.0,ADD 3,0,1,0,0,0.0,ADD 4,0,1,0,0,0.0,ADD 5,0,0,0,0,0.0,ADD 6,0,1,0,0,0.0,ADD 7,0,0,0,0,0.0,EGT2CAN,0,1,0,0,0.0
1778953758.9615593,0.0,12713,-49.0,1,-,0,0,0,0,0.0,-,0,0,0,0,0.0,ECU,1,1,12689,0,0.0,FAN1,0,0,0,0,0.0,COILS,1,1,12686,0,0.0,PUMP,0,0,0,0,0.0,INJECTOR,1,1,12704,0,0.0,SERVO,1,1,12677,0,0.0,ADD 1,0,1,0,0,0.0,ADD 2,0,1,0,0,0.0,ADD 3,0,1,0,0,0.0,ADD 4,0,1,0,0,0.0,ADD 5,0,0,0,0,0.0,ADD 6,0,1,0,0,0.0,ADD 7,0,0,0,0,0.0,EGT2CAN,0,1,0,0,0.0
1778953759.014955,0.0,12714,-50.0,1,-,0,0,0,0,0.0,-,0,0,0,0,0.0,ECU,1,1,12689,0,0.0,FAN1,0,0,0,0,0.0,COILS,1,1,12686,0,0.0,PUMP,0,0,0,0,0.0,INJECTOR,1,1,12704,0,0.0,SERVO,1,1,12677,0,0.0,ADD 1,0,1,0,0,0.0,ADD 2,0,1,0,0,0.0,ADD 3,0,1,0,0,0.0,ADD 4,0,1,0,0,0.0,ADD 5,0,0,0,0,0.0,ADD 6,0,1,0,0,0.0,ADD 7,0,0,0,0,0.0,EGT2CAN,0,1,0,0,0.0
