ISO-10303-21;
HEADER;
FILE_DESCRIPTION (( 'STEP AP214' ),
    '1' );
FILE_NAME ('bottom.STEP',
    '2025-04-02T21:09:14',
    ( '' ),
    ( '' ),
    'SwSTEP 2.0',
    'SolidWorks 2024',
    '' );
FILE_SCHEMA (( 'AUTOMOTIVE_DESIGN' ));
ENDSEC;

DATA;
#1 = DIRECTION ( 'NONE',  ( 0.000000000000000000, -0.000000000000000000, -1.000000000000000000 ) ) ;
#2 = FACE_OUTER_BOUND ( 'NONE', #89, .T. ) ;
#3 = CARTESIAN_POINT ( 'NONE',  ( 44.10200000000000387, -58.14780000000001081, -9.240000000000001990 ) ) ;
#4 = CARTESIAN_POINT ( 'NONE',  ( -53.69289213209973610, 60.03826394635883190, -9.240000000000001990 ) ) ;
#5 = AXIS2_PLACEMENT_3D ( 'NONE', #1725, #1555, #1621 ) ;
#6 = EDGE_LOOP ( 'NONE', ( #310, #1974, #1588, #1032 ) ) ;
#7 = DIRECTION ( 'NONE',  ( 1.000000000000000000, 0.000000000000000000, 0.000000000000000000 ) ) ;
#8 = CARTESIAN_POINT ( 'NONE',  ( -33.18334875402555184, 0.000000000000000000, -5.240000000000001990 ) ) ;
#9 = VECTOR ( 'NONE', #1007, 1000.000000000000000 ) ;
#10 = CARTESIAN_POINT ( 'NONE',  ( -32.09014733997790358, -67.14475629646175037, -1.240000000000001545 ) ) ;
#11 = EDGE_CURVE ( 'NONE', #658, #1177, #567, .T. ) ;
#12 = ORIENTED_EDGE ( 'NONE', *, *, #1201, .T. ) ;
#13 = ORIENTED_EDGE ( 'NONE', *, *, #838, .T. ) ;
#14 = DIRECTION ( 'NONE',  ( 1.000000000000000000, 0.000000000000000000, 0.000000000000000000 ) ) ;
#15 = EDGE_CURVE ( 'NONE', #191, #733, #1194, .T. ) ;
#16 = CARTESIAN_POINT ( 'NONE',  ( 55.81168785291401946, -69.16111669363657199, -9.240000000000001990 ) ) ;
#17 = CARTESIAN_POINT ( 'NONE',  ( -51.68334875402555184, -0.000000000000000000, -6.740000000000001101 ) ) ;
#18 = DIRECTION ( 'NONE',  ( -0.000000000000000000, 0.000000000000000000, 1.000000000000000000 ) ) ;
#19 = DIRECTION ( 'NONE',  ( -1.291130801860109158E-16, 1.000000000000000000, 0.000000000000000000 ) ) ;
#20 = ORIENTED_EDGE ( 'NONE', *, *, #891, .T. ) ;
#21 = VECTOR ( 'NONE', #1507, 1000.000000000000000 ) ;
#22 = DIRECTION ( 'NONE',  ( 0.000000000000000000, -0.000000000000000000, 1.000000000000000000 ) ) ;
#23 = CARTESIAN_POINT ( 'NONE',  ( 47.35199999999998965, -58.14780000000001081, -6.740000000000001101 ) ) ;
#24 = VERTEX_POINT ( 'NONE', #1484 ) ;
#25 = EDGE_LOOP ( 'NONE', ( #441, #1548 ) ) ;
#26 = CARTESIAN_POINT ( 'NONE',  ( -51.68334875402555184, -65.14323627996974153, -5.240000000000001990 ) ) ;
#27 = CARTESIAN_POINT ( 'NONE',  ( 47.35199999999998965, -58.14780000000001081, -5.170000000000000817 ) ) ;
#28 = LINE ( 'NONE', #956, #1991 ) ;
#29 = EDGE_CURVE ( 'NONE', #215, #1563, #119, .T. ) ;
#30 = AXIS2_PLACEMENT_3D ( 'NONE', #803, #654, #1566 ) ;
#31 = DIRECTION ( 'NONE',  ( -0.000000000000000000, -0.000000000000000000, -1.000000000000000000 ) ) ;
#32 = ORIENTED_EDGE ( 'NONE', *, *, #284, .F. ) ;
#33 = CIRCLE ( 'NONE', #1419, 3.549999999999997602 ) ;
#34 = DIRECTION ( 'NONE',  ( -0.000000000000000000, -0.000000000000000000, -1.000000000000000000 ) ) ;
#35 = ORIENTED_EDGE ( 'NONE', *, *, #1132, .F. ) ;
#36 = CARTESIAN_POINT ( 'NONE',  ( -47.14000000000000057, 47.60219999999999629, -9.240000000000001990 ) ) ;
#37 = EDGE_LOOP ( 'NONE', ( #250, #947 ) ) ;
#38 = ORIENTED_EDGE ( 'NONE', *, *, #1521, .F. ) ;
#39 = AXIS2_PLACEMENT_3D ( 'NONE', #78, #1626, #242 ) ;
#40 = AXIS2_PLACEMENT_3D ( 'NONE', #128, #93, #1797 ) ;
#41 = PLANE ( 'NONE',  #1332 ) ;
#42 = CARTESIAN_POINT ( 'NONE',  ( -33.18334875402555184, 58.03826394635882480, -5.240000000000001990 ) ) ;
#43 = CARTESIAN_POINT ( 'NONE',  ( 47.35199999999998965, -58.14780000000001081, -9.240000000000001990 ) ) ;
#44 = CARTESIAN_POINT ( 'NONE',  ( 51.80214782736698709, -65.15126452585694494, -1.240000000000001545 ) ) ;
#45 = ADVANCED_FACE ( 'NONE', ( #1841 ), #1912, .F. ) ;
#46 = CARTESIAN_POINT ( 'NONE',  ( -47.14000000000000057, -58.14780000000001081, -6.740000000000001101 ) ) ;
#47 = ORIENTED_EDGE ( 'NONE', *, *, #444, .T. ) ;
#48 = FACE_OUTER_BOUND ( 'NONE', #919, .T. ) ;
#49 = VERTEX_POINT ( 'NONE', #1505 ) ;
#50 = VERTEX_POINT ( 'NONE', #301 ) ;
#51 = VECTOR ( 'NONE', #1357, 1000.000000000000000 ) ;
#52 = LINE ( 'NONE', #513, #679 ) ;
#53 = DIRECTION ( 'NONE',  ( -0.000000000000000000, -0.000000000000000000, -1.000000000000000000 ) ) ;
#54 = SURFACE_STYLE_USAGE ( .BOTH. , #1439 ) ;
#55 = DIRECTION ( 'NONE',  ( 0.000000000000000000, 0.000000000000000000, 1.000000000000000000 ) ) ;
#56 = EDGE_CURVE ( 'NONE', #1423, #1435, #707, .T. ) ;
#57 = CIRCLE ( 'NONE', #506, 3.549999999999997602 ) ;
#58 = FACE_OUTER_BOUND ( 'NONE', #848, .T. ) ;
#59 = AXIS2_PLACEMENT_3D ( 'NONE', #606, #1215, #1231 ) ;
#60 = ORIENTED_EDGE ( 'NONE', *, *, #1478, .T. ) ;
#61 = VERTEX_POINT ( 'NONE', #281 ) ;
#62 = ORIENTED_EDGE ( 'NONE', *, *, #1577, .F. ) ;
#63 = PRODUCT_RELATED_PRODUCT_CATEGORY ( 'part', '', ( #910 ) ) ;
#64 = CARTESIAN_POINT ( 'NONE',  ( -50.38999999999999346, -58.14780000000001081, -9.240000000000001990 ) ) ;
#65 = CARTESIAN_POINT ( 'NONE',  ( 43.80199999999999250, -58.14780000000001081, -6.740000000000001101 ) ) ;
#66 = CARTESIAN_POINT ( 'NONE',  ( -34.67015020893661870, -65.14455613778328313, -2.375097025147530516 ) ) ;
#67 = ORIENTED_EDGE ( 'NONE', *, *, #1730, .T. ) ;
#68 = DIRECTION ( 'NONE',  ( 0.000000000000000000, -0.000000000000000000, -1.000000000000000000 ) ) ;
#69 = VECTOR ( 'NONE', #765, 1000.000000000000000 ) ;
#70 = ORIENTED_EDGE ( 'NONE', *, *, #419, .T. ) ;
#71 = ORIENTED_EDGE ( 'NONE', *, *, #1517, .F. ) ;
#72 = EDGE_LOOP ( 'NONE', ( #134, #254, #1971, #1747 ) ) ;
#73 = EDGE_CURVE ( 'NONE', #346, #1688, #456, .T. ) ;
#74 = VECTOR ( 'NONE', #53, 1000.000000000000000 ) ;
#75 = DIRECTION ( 'NONE',  ( -0.000000000000000000, 0.000000000000000000, 1.000000000000000000 ) ) ;
#76 = DIRECTION ( 'NONE',  ( 1.000000000000000000, 0.000000000000000000, 0.000000000000000000 ) ) ;
#77 = ORIENTED_EDGE ( 'NONE', *, *, #233, .T. ) ;
#78 = CARTESIAN_POINT ( 'NONE',  ( 47.35199999999998965, -58.14780000000001081, -7.540000000000008917 ) ) ;
#79 = CIRCLE ( 'NONE', #1850, 3.249999999999988898 ) ;
#80 = ORIENTED_EDGE ( 'NONE', *, *, #1028, .T. ) ;
#81 = VECTOR ( 'NONE', #1401, 1000.000000000000000 ) ;
#82 = ORIENTED_EDGE ( 'NONE', *, *, #1806, .T. ) ;
#83 = EDGE_LOOP ( 'NONE', ( #1491, #1881 ) ) ;
#84 = FACE_OUTER_BOUND ( 'NONE', #889, .T. ) ;
#85 = EDGE_CURVE ( 'NONE', #355, #1608, #161, .T. ) ;
#86 = EDGE_CURVE ( 'NONE', #1609, #661, #1788, .T. ) ;
#87 = FACE_OUTER_BOUND ( 'NONE', #383, .T. ) ;
#88 = DIRECTION ( 'NONE',  ( 1.000000000000000000, 0.000000000000000000, 0.000000000000000000 ) ) ;
#89 = EDGE_LOOP ( 'NONE', ( #862, #70 ) ) ;
#90 = FACE_OUTER_BOUND ( 'NONE', #1987, .T. ) ;
#91 = ORIENTED_EDGE ( 'NONE', *, *, #313, .T. ) ;
#92 = EDGE_LOOP ( 'NONE', ( #1243, #1186, #837, #1906 ) ) ;
#93 = DIRECTION ( 'NONE',  ( -0.000000000000000000, -0.000000000000000000, -1.000000000000000000 ) ) ;
#94 = AXIS2_PLACEMENT_3D ( 'NONE', #633, #292, #475 ) ;
#95 = CARTESIAN_POINT ( 'NONE',  ( 50.60199999999998255, 47.60219999999999629, -9.240000000000001990 ) ) ;
#96 = CARTESIAN_POINT ( 'NONE',  ( 51.80218027308320927, 55.73826394635882053, -1.240000000000001545 ) ) ;
#97 = ORIENTED_EDGE ( 'NONE', *, *, #347, .F. ) ;
#98 = DIRECTION ( 'NONE',  ( -0.000000000000000000, 0.000000000000000000, 1.000000000000000000 ) ) ;
#99 = EDGE_CURVE ( 'NONE', #1291, #1957, #725, .T. ) ;
#100 = STYLED_ITEM ( 'NONE', ( #1086 ), #1529 ) ;
#101 = ORIENTED_EDGE ( 'NONE', *, *, #708, .T. ) ;
#102 = CARTESIAN_POINT ( 'NONE',  ( 47.35199999999998965, 47.60219999999999629, -9.240000000000001990 ) ) ;
#103 = VERTEX_POINT ( 'NONE', #1678 ) ;
#104 = DIRECTION ( 'NONE',  ( -1.000000000000000000, 0.000000000000000000, 0.000000000000000000 ) ) ;
#105 = VECTOR ( 'NONE', #445, 1000.000000000000000 ) ;
#106 = DIRECTION ( 'NONE',  ( 1.000000000000000000, 0.000000000000000000, 0.000000000000000000 ) ) ;
#107 = PLANE ( 'NONE',  #1930 ) ;
#108 = ORIENTED_EDGE ( 'NONE', *, *, #1730, .F. ) ;
#109 = DIRECTION ( 'NONE',  ( 2.683914532653858645E-07, 0.9999999999999639178, 0.000000000000000000 ) ) ;
#110 = ADVANCED_FACE ( 'NONE', ( #596, #1956, #1214, #126, #1814 ), #452, .T. ) ;
#111 = CIRCLE ( 'NONE', #1198, 1.550000000000002709 ) ;
#112 = CARTESIAN_POINT ( 'NONE',  ( 33.50218142716574476, 0.000000000000000000, -5.240000000000001990 ) ) ;
#113 = ORIENTED_EDGE ( 'NONE', *, *, #1248, .F. ) ;
#114 = DIRECTION ( 'NONE',  ( 1.000000000000000000, 1.341036561100382346E-16, 0.000000000000000000 ) ) ;
#115 = VECTOR ( 'NONE', #1471, 1000.000000000000227 ) ;
#116 = CARTESIAN_POINT ( 'NONE',  ( -55.69288989157347913, -67.15262152645246374, -9.240000000000001990 ) ) ;
#117 = ORIENTED_EDGE ( 'NONE', *, *, #952, .F. ) ;
#118 = CARTESIAN_POINT ( 'NONE',  ( -43.89000000000001478, -58.14780000000001081, -9.240000000000001990 ) ) ;
#119 = LINE ( 'NONE', #1822, #199 ) ;
#120 = VERTEX_POINT ( 'NONE', #1060 ) ;
#121 = CARTESIAN_POINT ( 'NONE',  ( -33.18334875402555184, 57.63826394635881201, 1.849999999999999201 ) ) ;
#122 = CARTESIAN_POINT ( 'NONE',  ( 53.80216531340575159, -1.444004133729002508E-05, -1.240000000000001545 ) ) ;
#123 = CARTESIAN_POINT ( 'NONE',  ( 0.000000000000000000, 60.03826394635883190, -5.240000000000001990 ) ) ;
#124 = ORIENTED_EDGE ( 'NONE', *, *, #1414, .F. ) ;
#125 = DIRECTION ( 'NONE',  ( 1.000000000000000000, 0.000000000000000000, 0.000000000000000000 ) ) ;
#126 = FACE_BOUND ( 'NONE', #1757, .T. ) ;
#127 = EDGE_LOOP ( 'NONE', ( #1290, #38, #1914, #1708 ) ) ;
#128 = CARTESIAN_POINT ( 'NONE',  ( -47.14000000000000057, 47.60219999999999629, -7.540000000000008917 ) ) ;
#129 = VECTOR ( 'NONE', #1715, 1000.000000000000000 ) ;
#130 = ADVANCED_FACE ( 'NONE', ( #1024 ), #1973, .F. ) ;
#131 = AXIS2_PLACEMENT_3D ( 'NONE', #1706, #318, #7 ) ;
#132 = SHAPE_DEFINITION_REPRESENTATION ( #1516, #1762 ) ;
#133 = DIRECTION ( 'NONE',  ( -1.000000000000000000, -1.291130801860109158E-16, 0.000000000000000000 ) ) ;
#134 = ORIENTED_EDGE ( 'NONE', *, *, #357, .F. ) ;
#135 = EDGE_CURVE ( 'NONE', #1688, #588, #1175, .T. ) ;
#136 = CARTESIAN_POINT ( 'NONE',  ( 53.80218035360058337, 56.03826340957591867, -1.240000000000001545 ) ) ;
#137 = CARTESIAN_POINT ( 'NONE',  ( -0.005209180169946800443, -67.14724539668675618, -2.375097025144229157 ) ) ;
#138 = PLANE ( 'NONE',  #188 ) ;
#139 = EDGE_CURVE ( 'NONE', #103, #181, #1648, .T. ) ;
#140 = ADVANCED_FACE ( 'NONE', ( #1963, #1185, #425, #165, #2009 ), #1377, .F. ) ;
#141 = ORIENTED_EDGE ( 'NONE', *, *, #1320, .T. ) ;
#142 = CARTESIAN_POINT ( 'NONE',  ( -6.797211955187493437, 56.03826394635882480, 16.42666807806981311 ) ) ;
#143 = CARTESIAN_POINT ( 'NONE',  ( -33.18334875402555184, 58.03826394635881769, -1.240000000000001545 ) ) ;
#144 = EDGE_CURVE ( 'NONE', #1563, #1345, #33, .T. ) ;
#145 = CIRCLE ( 'NONE', #248, 2.000000000000001776 ) ;
#146 = DIRECTION ( 'NONE',  ( -0.000000000000000000, 0.000000000000000000, 1.000000000000000000 ) ) ;
#147 = FACE_OUTER_BOUND ( 'NONE', #92, .T. ) ;
#148 = CIRCLE ( 'NONE', #1900, 3.549999999999997602 ) ;
#149 = CARTESIAN_POINT ( 'NONE',  ( 51.80216531340582264, -1.390325842972520781E-05, -6.740000000000001101 ) ) ;
#150 = CYLINDRICAL_SURFACE ( 'NONE', #1375, 3.549999999999997602 ) ;
#151 = CIRCLE ( 'NONE', #1479, 1.550000000000002709 ) ;
#152 = ORIENTED_EDGE ( 'NONE', *, *, #419, .F. ) ;
#153 = CIRCLE ( 'NONE', #1347, 1.550000000000002709 ) ;
#154 = EDGE_CURVE ( 'NONE', #24, #543, #231, .T. ) ;
#155 = DIRECTION ( 'NONE',  ( 0.9999999969907908959, -7.757846392242778505E-05, 0.000000000000000000 ) ) ;
#156 = FACE_OUTER_BOUND ( 'NONE', #1149, .T. ) ;
#157 = ORIENTED_EDGE ( 'NONE', *, *, #643, .F. ) ;
#158 = PRESENTATION_LAYER_ASSIGNMENT (  '', '', ( #100 ) ) ;
#159 = PLANE ( 'NONE',  #586 ) ;
#160 = DIRECTION ( 'NONE',  ( -0.000000000000000000, -0.000000000000000000, -1.000000000000000000 ) ) ;
#161 = CIRCLE ( 'NONE', #967, 3.549999999999997602 ) ;
#162 = CARTESIAN_POINT ( 'NONE',  ( -47.14000000000000057, -58.14780000000001081, -5.170000000000000817 ) ) ;
#163 = VERTEX_POINT ( 'NONE', #1239 ) ;
#164 = EDGE_CURVE ( 'NONE', #1385, #1301, #468, .T. ) ;
#165 = FACE_BOUND ( 'NONE', #83, .T. ) ;
#166 = VECTOR ( 'NONE', #969, 1000.000000000000000 ) ;
#167 = DIRECTION ( 'NONE',  ( 1.000000000000000000, 0.000000000000000000, 0.000000000000000000 ) ) ;
#168 = DIRECTION ( 'NONE',  ( 0.9063077870366492705, 0.000000000000000000, 0.4226182617407007736 ) ) ;
#169 = ORIENTED_EDGE ( 'NONE', *, *, #1941, .F. ) ;
#170 = ORIENTED_EDGE ( 'NONE', *, *, #193, .F. ) ;
#171 = VECTOR ( 'NONE', #883, 1000.000000000000000 ) ;
#172 = DIRECTION ( 'NONE',  ( -1.000000000000000000, 0.000000000000000000, -9.523624200648860300E-14 ) ) ;
#173 = LINE ( 'NONE', #775, #81 ) ;
#174 = CARTESIAN_POINT ( 'NONE',  ( -47.14000000000000057, -58.14780000000001081, -5.170000000000000817 ) ) ;
#175 = FACE_OUTER_BOUND ( 'NONE', #1600, .T. ) ;
#176 = ORIENTED_EDGE ( 'NONE', *, *, #258, .T. ) ;
#177 = APPLICATION_CONTEXT ( 'automotive_design' ) ;
#178 = DIRECTION ( 'NONE',  ( -1.000000000000000000, -1.040539662060653020E-16, 0.000000000000000000 ) ) ;
#179 = DIRECTION ( 'NONE',  ( -1.000000000000000000, 0.000000000000000000, 0.000000000000000000 ) ) ;
#180 = VERTEX_POINT ( 'NONE', #459 ) ;
#181 = VERTEX_POINT ( 'NONE', #1857 ) ;
#182 = EDGE_CURVE ( 'NONE', #557, #204, #768, .T. ) ;
#183 = LINE ( 'NONE', #149, #1727 ) ;
#184 = DIRECTION ( 'NONE',  ( 0.9999999969907908959, -7.757846392242663308E-05, 0.000000000000000000 ) ) ;
#185 = FACE_OUTER_BOUND ( 'NONE', #745, .T. ) ;
#186 =( NAMED_UNIT ( * ) SI_UNIT ( $, .STERADIAN. ) SOLID_ANGLE_UNIT ( ) );
#187 = ORIENTED_EDGE ( 'NONE', *, *, #757, .T. ) ;
#188 = AXIS2_PLACEMENT_3D ( 'NONE', #1879, #319, #1993 ) ;
#189 = CARTESIAN_POINT ( 'NONE',  ( -0.005209180170172700471, -67.14724539668671355, -1.240000000000001545 ) ) ;
#190 = FACE_OUTER_BOUND ( 'NONE', #677, .T. ) ;
#191 = VERTEX_POINT ( 'NONE', #1067 ) ;
#192 = ORIENTED_EDGE ( 'NONE', *, *, #1040, .F. ) ;
#193 = EDGE_CURVE ( 'NONE', #103, #1177, #1695, .T. ) ;
#194 = LINE ( 'NONE', #1760, #1431 ) ;
#195 = DIRECTION ( 'NONE',  ( 0.000000000000000000, -1.000000000000000000, 0.000000000000000000 ) ) ;
#196 = DIRECTION ( 'NONE',  ( -1.000000000000000000, 0.000000000000000000, 0.000000000000000000 ) ) ;
#197 = CARTESIAN_POINT ( 'NONE',  ( -51.68334875402555184, 58.03826394635881769, -1.240000000000001545 ) ) ;
#198 = ORIENTED_EDGE ( 'NONE', *, *, #1934, .F. ) ;
#199 = VECTOR ( 'NONE', #743, 1000.000000000000000 ) ;
#200 = DIRECTION ( 'NONE',  ( -0.9063077870366493816, 0.000000000000000000, -0.4226182617407007736 ) ) ;
#201 = VERTEX_POINT ( 'NONE', #916 ) ;
#202 = CARTESIAN_POINT ( 'NONE',  ( 53.81172199214055496, 60.03826394635883190, -9.240000000000001990 ) ) ;
#203 = EDGE_LOOP ( 'NONE', ( #398, #1371 ) ) ;
#204 = VERTEX_POINT ( 'NONE', #758 ) ;
#205 = CIRCLE ( 'NONE', #1498, 2.000000000000001776 ) ;
#206 = CARTESIAN_POINT ( 'NONE',  ( -53.68334875402555895, 56.03826394635881769, -5.240000000000001990 ) ) ;
#207 = DIRECTION ( 'NONE',  ( -1.000000000000000000, 0.000000000000000000, 0.000000000000000000 ) ) ;
#208 = EDGE_CURVE ( 'NONE', #1138, #588, #869, .T. ) ;
#209 = DIRECTION ( 'NONE',  ( -0.000000000000000000, 0.000000000000000000, 1.000000000000000000 ) ) ;
#210 = CARTESIAN_POINT ( 'NONE',  ( -51.68334875402555184, 56.03826394635881769, -5.240000000000001990 ) ) ;
#211 = VECTOR ( 'NONE', #168, 1000.000000000000114 ) ;
#212 = EDGE_CURVE ( 'NONE', #823, #1528, #2007, .T. ) ;
#213 = DIRECTION ( 'NONE',  ( -0.9999999969907908959, 7.757846392242663308E-05, 0.000000000000000000 ) ) ;
#214 = ORIENTED_EDGE ( 'NONE', *, *, #639, .F. ) ;
#215 = VERTEX_POINT ( 'NONE', #622 ) ;
#216 = EDGE_LOOP ( 'NONE', ( #1791, #688, #1614, #67 ) ) ;
#217 = DIRECTION ( 'NONE',  ( 1.000000000000000000, 0.000000000000000000, 0.000000000000000000 ) ) ;
#218 = DIRECTION ( 'NONE',  ( 0.000000000000000000, 0.000000000000000000, -1.000000000000000000 ) ) ;
#219 = DIRECTION ( 'NONE',  ( -0.000000000000000000, 0.000000000000000000, 1.000000000000000000 ) ) ;
#220 = VERTEX_POINT ( 'NONE', #1812 ) ;
#221 = CARTESIAN_POINT ( 'NONE',  ( -47.14000000000000057, -58.14780000000001081, -5.170000000000000817 ) ) ;
#222 = ORIENTED_EDGE ( 'NONE', *, *, #1304, .T. ) ;
#223 = ORIENTED_EDGE ( 'NONE', *, *, #135, .F. ) ;
#224 = ORIENTED_EDGE ( 'NONE', *, *, #1551, .F. ) ;
#225 = AXIS2_PLACEMENT_3D ( 'NONE', #1008, #1632, #1807 ) ;
#226 = CARTESIAN_POINT ( 'NONE',  ( -47.14000000000000057, -58.14780000000001081, -5.170000000000000817 ) ) ;
#227 = CARTESIAN_POINT ( 'NONE',  ( -50.38999999999999346, -58.14780000000001081, -9.240000000000001990 ) ) ;
#228 = ORIENTED_EDGE ( 'NONE', *, *, #1061, .F. ) ;
#229 = CARTESIAN_POINT ( 'NONE',  ( 43.80199999999999250, 47.60219999999999629, -5.170000000000000817 ) ) ;
#230 = VECTOR ( 'NONE', #813, 1000.000000000000000 ) ;
#231 = CIRCLE ( 'NONE', #1358, 3.549999999999997602 ) ;
#232 = EDGE_CURVE ( 'NONE', #1077, #709, #1675, .T. ) ;
#233 = EDGE_CURVE ( 'NONE', #1238, #861, #1962, .T. ) ;
#234 = ORIENTED_EDGE ( 'NONE', *, *, #1426, .F. ) ;
#235 = ORIENTED_EDGE ( 'NONE', *, *, #643, .T. ) ;
#236 = VERTEX_POINT ( 'NONE', #565 ) ;
#237 = LINE ( 'NONE', #400, #979 ) ;
#238 = CIRCLE ( 'NONE', #1916, 1.550000000000002709 ) ;
#239 = FACE_OUTER_BOUND ( 'NONE', #1146, .T. ) ;
#240 = LINE ( 'NONE', #542, #1732 ) ;
#241 = ORIENTED_EDGE ( 'NONE', *, *, #1028, .F. ) ;
#242 = DIRECTION ( 'NONE',  ( 1.000000000000000000, 0.000000000000000000, 0.000000000000000000 ) ) ;
#243 = ORIENTED_EDGE ( 'NONE', *, *, #1232, .T. ) ;
#244 = ORIENTED_EDGE ( 'NONE', *, *, #769, .F. ) ;
#245 = DIRECTION ( 'NONE',  ( 0.9999999969907910069, -7.757846392270595067E-05, 0.000000000000000000 ) ) ;
#246 = EDGE_CURVE ( 'NONE', #1154, #733, #867, .T. ) ;
#247 = CARTESIAN_POINT ( 'NONE',  ( -47.14000000000000057, -58.14780000000001081, -7.540000000000008917 ) ) ;
#248 = AXIS2_PLACEMENT_3D ( 'NONE', #724, #1830, #1192 ) ;
#249 = CARTESIAN_POINT ( 'NONE',  ( -44.68350391095336960, 61.23826394635882053, -1.240000000000001545 ) ) ;
#250 = ORIENTED_EDGE ( 'NONE', *, *, #981, .F. ) ;
#251 = CARTESIAN_POINT ( 'NONE',  ( -47.14000000000000057, -58.14780000000001081, -7.540000000000008917 ) ) ;
#252 = AXIS2_PLACEMENT_3D ( 'NONE', #43, #1428, #1726 ) ;
#253 = ORIENTED_EDGE ( 'NONE', *, *, #1799, .F. ) ;
#254 = ORIENTED_EDGE ( 'NONE', *, *, #1919, .T. ) ;
#255 = DIRECTION ( 'NONE',  ( -0.000000000000000000, -0.000000000000000000, -1.000000000000000000 ) ) ;
#256 = CIRCLE ( 'NONE', #696, 2.000000000000001776 ) ;
#257 = DIRECTION ( 'NONE',  ( -0.000000000000000000, 0.000000000000000000, 1.000000000000000000 ) ) ;
#258 = EDGE_CURVE ( 'NONE', #260, #1745, #1803, .T. ) ;
#259 = DIRECTION ( 'NONE',  ( -7.757846392237928055E-05, -0.9999999969907908959, -0.000000000000000000 ) ) ;
#260 = VERTEX_POINT ( 'NONE', #594 ) ;
#261 = CARTESIAN_POINT ( 'NONE',  ( 50.60199999999998255, 47.60219999999999629, -9.240000000000001990 ) ) ;
#262 = CARTESIAN_POINT ( 'NONE',  ( -45.58999999999999631, 47.60219999999999629, -5.170000000000000817 ) ) ;
#263 = VERTEX_POINT ( 'NONE', #1057 ) ;
#264 = CARTESIAN_POINT ( 'NONE',  ( -33.18334875402555184, 58.03826394635881769, -1.240000000000001545 ) ) ;
#265 = CARTESIAN_POINT ( 'NONE',  ( -53.69289213209973610, 60.03826394635883190, -9.240000000000001990 ) ) ;
#266 = ORIENTED_EDGE ( 'NONE', *, *, #1493, .F. ) ;
#267 = VECTOR ( 'NONE', #1771, 1000.000000000000000 ) ;
#268 = CARTESIAN_POINT ( 'NONE',  ( -51.68350391095341223, -67.14323627395131666, -1.240000000000001545 ) ) ;
#269 = CIRCLE ( 'NONE', #1923, 3.549999999999997602 ) ;
#270 = ADVANCED_FACE ( 'NONE', ( #1492 ), #1665, .T. ) ;
#271 = DIRECTION ( 'NONE',  ( -0.000000000000000000, 0.000000000000000000, 1.000000000000000000 ) ) ;
#272 = EDGE_LOOP ( 'NONE', ( #277, #1318, #1659, #539, #1228, #1116, #1735, #1758 ) ) ;
#273 = CARTESIAN_POINT ( 'NONE',  ( 47.35199999999998965, -58.14780000000001081, -5.170000000000000817 ) ) ;
#274 = AXIS2_PLACEMENT_3D ( 'NONE', #1091, #440, #563 ) ;
#275 = AXIS2_PLACEMENT_3D ( 'NONE', #1476, #1026, #1650 ) ;
#276 = CARTESIAN_POINT ( 'NONE',  ( 43.80199999999999250, 47.60219999999999629, -6.740000000000001101 ) ) ;
#277 = ORIENTED_EDGE ( 'NONE', *, *, #1703, .T. ) ;
#278 = CARTESIAN_POINT ( 'NONE',  ( -55.69288985578249651, -69.15246633975158375, -9.240000000000001990 ) ) ;
#279 = AXIS2_PLACEMENT_3D ( 'NONE', #1480, #1153, #76 ) ;
#280 = EDGE_CURVE ( 'NONE', #985, #1409, #413, .T. ) ;
#281 = CARTESIAN_POINT ( 'NONE',  ( 45.80199999999998539, -58.14780000000001081, -5.170000000000000817 ) ) ;
#282 = VERTEX_POINT ( 'NONE', #268 ) ;
#283 = CARTESIAN_POINT ( 'NONE',  ( -44.68350391095336960, 56.03826394635881769, -1.240000000000001545 ) ) ;
#284 = EDGE_CURVE ( 'NONE', #647, #709, #1686, .T. ) ;
#285 = AXIS2_PLACEMENT_3D ( 'NONE', #453, #1222, #1069 ) ;
#286 = DIRECTION ( 'NONE',  ( -0.9999999999999640288, 2.683914532653859174E-07, 0.000000000000000000 ) ) ;
#287 = CARTESIAN_POINT ( 'NONE',  ( 55.81172199214048391, 58.03826340957591867, -9.240000000000001990 ) ) ;
#288 = ORIENTED_EDGE ( 'NONE', *, *, #802, .T. ) ;
#289 = LINE ( 'NONE', #1522, #656 ) ;
#290 = CARTESIAN_POINT ( 'NONE',  ( -47.14000000000000057, 47.60219999999999629, -5.170000000000000817 ) ) ;
#291 = ADVANCED_FACE ( 'NONE', ( #298 ), #1373, .F. ) ;
#292 = DIRECTION ( 'NONE',  ( -0.000000000000000000, 0.000000000000000000, 1.000000000000000000 ) ) ;
#293 = EDGE_CURVE ( 'NONE', #588, #1882, #1503, .T. ) ;
#294 = LINE ( 'NONE', #771, #211 ) ;
#295 = VERTEX_POINT ( 'NONE', #261 ) ;
#296 = EDGE_CURVE ( 'NONE', #1769, #1926, #895, .T. ) ;
#297 = PLANE ( 'NONE',  #1389 ) ;
#298 = FACE_OUTER_BOUND ( 'NONE', #6, .T. ) ;
#299 = VECTOR ( 'NONE', #729, 1000.000000000000227 ) ;
#300 = VECTOR ( 'NONE', #820, 1000.000000000000114 ) ;
#301 = CARTESIAN_POINT ( 'NONE',  ( -53.68334875402555895, -65.14323627996974153, -5.240000000000001990 ) ) ;
#302 = DIRECTION ( 'NONE',  ( -0.000000000000000000, -0.000000000000000000, -1.000000000000000000 ) ) ;
#303 = EDGE_CURVE ( 'NONE', #733, #306, #289, .T. ) ;
#304 = LINE ( 'NONE', #142, #1463 ) ;
#305 = DIRECTION ( 'NONE',  ( 1.000000000000000000, 1.040539662060653143E-16, 0.000000000000000000 ) ) ;
#306 = VERTEX_POINT ( 'NONE', #603 ) ;
#307 = CIRCLE ( 'NONE', #341, 2.000000000000001776 ) ;
#308 = DIRECTION ( 'NONE',  ( 1.000000000000000000, 1.291130801860109158E-16, 0.000000000000000000 ) ) ;
#309 = DIRECTION ( 'NONE',  ( 1.000000000000000000, 0.000000000000000000, 0.000000000000000000 ) ) ;
#310 = ORIENTED_EDGE ( 'NONE', *, *, #1338, .F. ) ;
#311 = AXIS2_PLACEMENT_3D ( 'NONE', #945, #314, #1545 ) ;
#312 = CARTESIAN_POINT ( 'NONE',  ( 44.80199267043921907, 55.73826394635882053, -1.240000000000001545 ) ) ;
#313 = EDGE_CURVE ( 'NONE', #529, #1994, #1531, .T. ) ;
#314 = DIRECTION ( 'NONE',  ( -0.000000000000000000, 0.000000000000000000, 1.000000000000000000 ) ) ;
#315 = CIRCLE ( 'NONE', #1572, 3.549999999999997602 ) ;
#316 = LINE ( 'NONE', #923, #575 ) ;
#317 = EDGE_LOOP ( 'NONE', ( #71, #996 ) ) ;
#318 = DIRECTION ( 'NONE',  ( -0.000000000000000000, 0.000000000000000000, 1.000000000000000000 ) ) ;
#319 = DIRECTION ( 'NONE',  ( 0.4226182617406937791, -0.000000000000000000, 0.9063077870366526012 ) ) ;
#320 = VERTEX_POINT ( 'NONE', #118 ) ;
#321 = ORIENTED_EDGE ( 'NONE', *, *, #139, .F. ) ;
#322 = AXIS2_PLACEMENT_3D ( 'NONE', #466, #326, #1557 ) ;
#323 = CYLINDRICAL_SURFACE ( 'NONE', #936, 1.550000000000002709 ) ;
#324 = DIRECTION ( 'NONE',  ( 1.000000000000000000, 0.000000000000000000, 0.000000000000000000 ) ) ;
#325 = DIRECTION ( 'NONE',  ( -0.000000000000000000, 0.000000000000000000, 1.000000000000000000 ) ) ;
#326 = DIRECTION ( 'NONE',  ( -0.000000000000000000, -0.000000000000000000, -1.000000000000000000 ) ) ;
#327 = VERTEX_POINT ( 'NONE', #574 ) ;
#328 = EDGE_CURVE ( 'NONE', #180, #1302, #145, .T. ) ;
#329 = AXIS2_PLACEMENT_3D ( 'NONE', #992, #98, #704 ) ;
#330 = DIRECTION ( 'NONE',  ( 0.000000000000000000, -1.000000000000000000, 0.000000000000000000 ) ) ;
#331 = FACE_OUTER_BOUND ( 'NONE', #1509, .T. ) ;
#332 = ORIENTED_EDGE ( 'NONE', *, *, #1351, .T. ) ;
#333 = ORIENTED_EDGE ( 'NONE', *, *, #1248, .T. ) ;
#334 = VECTOR ( 'NONE', #391, 1000.000000000000227 ) ;
#335 = CARTESIAN_POINT ( 'NONE',  ( 55.81172252892353214, 60.03826394635883190, -9.240000000000001990 ) ) ;
#336 = CARTESIAN_POINT ( 'NONE',  ( -48.69000000000000483, 47.60219999999999629, -7.540000000000008917 ) ) ;
#337 = DIRECTION ( 'NONE',  ( 1.000000000000000000, 0.000000000000000000, 0.000000000000000000 ) ) ;
#338 = CYLINDRICAL_SURFACE ( 'NONE', #1618, 1.550000000000002709 ) ;
#339 = AXIS2_PLACEMENT_3D ( 'NONE', #1325, #556, #88 ) ;
#340 = ORIENTED_EDGE ( 'NONE', *, *, #1264, .F. ) ;
#341 = AXIS2_PLACEMENT_3D ( 'NONE', #1202, #886, #1346 ) ;
#342 = EDGE_CURVE ( 'NONE', #1894, #960, #307, .T. ) ;
#343 = DIRECTION ( 'NONE',  ( 7.757846392242664663E-05, 0.9999999969907910069, -0.000000000000000000 ) ) ;
#344 = DIRECTION ( 'NONE',  ( -0.000000000000000000, 0.000000000000000000, 1.000000000000000000 ) ) ;
#345 = ORIENTED_EDGE ( 'NONE', *, *, #1410, .T. ) ;
#346 = VERTEX_POINT ( 'NONE', #1820 ) ;
#347 = EDGE_CURVE ( 'NONE', #1047, #282, #1275, .T. ) ;
#348 = CARTESIAN_POINT ( 'NONE',  ( -47.14000000000000057, -58.14780000000001081, -9.240000000000001990 ) ) ;
#349 = LINE ( 'NONE', #17, #1772 ) ;
#350 = DIRECTION ( 'NONE',  ( 1.000000000000000000, 0.000000000000000000, 0.000000000000000000 ) ) ;
#351 = CARTESIAN_POINT ( 'NONE',  ( 53.81153323281063905, -69.16096152471307335, -9.240000000000001990 ) ) ;
#352 = ORIENTED_EDGE ( 'NONE', *, *, #1860, .T. ) ;
#353 = CIRCLE ( 'NONE', #94, 1.550000000000002709 ) ;
#354 = DIRECTION ( 'NONE',  ( 0.4226182617407007736, 0.000000000000000000, -0.9063077870366493816 ) ) ;
#355 = VERTEX_POINT ( 'NONE', #734 ) ;
#356 = CARTESIAN_POINT ( 'NONE',  ( -50.68999999999999773, -58.14780000000001081, -5.170000000000000817 ) ) ;
#357 = EDGE_CURVE ( 'NONE', #832, #875, #1980, .T. ) ;
#358 = ORIENTED_EDGE ( 'NONE', *, *, #1851, .F. ) ;
#359 = ORIENTED_EDGE ( 'NONE', *, *, #1731, .F. ) ;
#360 = EDGE_CURVE ( 'NONE', #836, #1087, #1048, .T. ) ;
#361 = CARTESIAN_POINT ( 'NONE',  ( -34.67030536586447198, -67.14455613176485826, -2.375097025147530516 ) ) ;
#362 = CARTESIAN_POINT ( 'NONE',  ( -39.67015376749172617, -65.14416824518643523, 1.124902974851993642 ) ) ;
#363 = EDGE_CURVE ( 'NONE', #1635, #1697, #28, .T. ) ;
#364 = VECTOR ( 'NONE', #949, 1000.000000000000000 ) ;
#365 = AXIS2_PLACEMENT_3D ( 'NONE', #612, #146, #1229 ) ;
#366 = CARTESIAN_POINT ( 'NONE',  ( 44.10200000000000387, 47.60219999999999629, -9.240000000000001990 ) ) ;
#367 = ORIENTED_EDGE ( 'NONE', *, *, #384, .F. ) ;
#368 = ORIENTED_EDGE ( 'NONE', *, *, #1943, .T. ) ;
#369 = ORIENTED_EDGE ( 'NONE', *, *, #984, .F. ) ;
#370 = VECTOR ( 'NONE', #943, 1000.000000000000000 ) ;
#371 = DIRECTION ( 'NONE',  ( -0.000000000000000000, 0.000000000000000000, 1.000000000000000000 ) ) ;
#372 = DIRECTION ( 'NONE',  ( -7.757846392243098344E-05, -0.9999999969907911179, -4.929054126662225766E-17 ) ) ;
#373 = ADVANCED_FACE ( 'NONE', ( #458 ), #776, .T. ) ;
#374 = LINE ( 'NONE', #249, #1399 ) ;
#375 = CARTESIAN_POINT ( 'NONE',  ( 53.80214782736691603, -65.15126506263986528, -1.240000000000001545 ) ) ;
#376 = VECTOR ( 'NONE', #1790, 1000.000000000000114 ) ;
#377 = ORIENTED_EDGE ( 'NONE', *, *, #740, .F. ) ;
#378 = ORIENTED_EDGE ( 'NONE', *, *, #1691, .F. ) ;
#379 = EDGE_LOOP ( 'NONE', ( #1538, #783, #817, #772 ) ) ;
#380 = PLANE ( 'NONE',  #1169 ) ;
#381 = FACE_OUTER_BOUND ( 'NONE', #1262, .T. ) ;
#382 = DIRECTION ( 'NONE',  ( 1.000000000000000000, 0.000000000000000000, 0.000000000000000000 ) ) ;
#383 = EDGE_LOOP ( 'NONE', ( #531, #1279, #683, #367 ) ) ;
#384 = EDGE_CURVE ( 'NONE', #500, #1055, #1236, .T. ) ;
#385 = PLANE ( 'NONE',  #1299 ) ;
#386 = ADVANCED_FACE ( 'NONE', ( #642 ), #1556, .T. ) ;
#387 = ORIENTED_EDGE ( 'NONE', *, *, #966, .T. ) ;
#388 = ORIENTED_EDGE ( 'NONE', *, *, #842, .F. ) ;
#389 = ORIENTED_EDGE ( 'NONE', *, *, #357, .T. ) ;
#390 = DIRECTION ( 'NONE',  ( -0.000000000000000000, -0.000000000000000000, -1.000000000000000000 ) ) ;
#391 = DIRECTION ( 'NONE',  ( 0.9999999969907908959, -7.757846392242663308E-05, 0.000000000000000000 ) ) ;
#392 = DIRECTION ( 'NONE',  ( 0.000000000000000000, 0.000000000000000000, 1.000000000000000000 ) ) ;
#393 = ORIENTED_EDGE ( 'NONE', *, *, #303, .F. ) ;
#394 = CYLINDRICAL_SURFACE ( 'NONE', #1690, 3.549999999999997602 ) ;
#395 = AXIS2_PLACEMENT_3D ( 'NONE', #1421, #1892, #499 ) ;
#396 = VECTOR ( 'NONE', #55, 1000.000000000000000 ) ;
#397 = ADVANCED_FACE ( 'NONE', ( #1065 ), #1402, .T. ) ;
#398 = ORIENTED_EDGE ( 'NONE', *, *, #483, .F. ) ;
#399 = ORIENTED_EDGE ( 'NONE', *, *, #952, .T. ) ;
#400 = CARTESIAN_POINT ( 'NONE',  ( 55.81168785291401946, -69.16111669363657199, -9.240000000000001990 ) ) ;
#401 = LINE ( 'NONE', #1179, #1066 ) ;
#402 = DIRECTION ( 'NONE',  ( -0.000000000000000000, -0.000000000000000000, -1.000000000000000000 ) ) ;
#403 = ORIENTED_EDGE ( 'NONE', *, *, #1216, .T. ) ;
#404 = DIRECTION ( 'NONE',  ( -0.000000000000000000, -0.000000000000000000, -1.000000000000000000 ) ) ;
#405 = ORIENTED_EDGE ( 'NONE', *, *, #891, .F. ) ;
#406 = ORIENTED_EDGE ( 'NONE', *, *, #1551, .T. ) ;
#407 = EDGE_CURVE ( 'NONE', #1608, #543, #1873, .T. ) ;
#408 = DIRECTION ( 'NONE',  ( -0.000000000000000000, -0.000000000000000000, -1.000000000000000000 ) ) ;
#409 =( LENGTH_UNIT ( ) NAMED_UNIT ( * ) SI_UNIT ( .MILLI., .METRE. ) );
#410 = VECTOR ( 'NONE', #442, 1000.000000000000000 ) ;
#411 = DIRECTION ( 'NONE',  ( 1.000000000000000000, 0.000000000000000000, 0.000000000000000000 ) ) ;
#412 = ORIENTED_EDGE ( 'NONE', *, *, #631, .T. ) ;
#413 = LINE ( 'NONE', #1039, #1534 ) ;
#414 = CIRCLE ( 'NONE', #311, 2.000000000000001776 ) ;
#415 = DIRECTION ( 'NONE',  ( -0.000000000000000000, -0.000000000000000000, -1.000000000000000000 ) ) ;
#416 = ORIENTED_EDGE ( 'NONE', *, *, #1978, .T. ) ;
#417 = DIRECTION ( 'NONE',  ( -0.000000000000000000, -0.000000000000000000, -1.000000000000000000 ) ) ;
#418 = CONICAL_SURFACE ( 'NONE', #1376, 3.249999999999988898, 0.7853981633974466137 ) ;
#419 = EDGE_CURVE ( 'NONE', #215, #702, #918, .T. ) ;
#420 = CARTESIAN_POINT ( 'NONE',  ( -43.59000000000000341, 47.60219999999999629, -5.170000000000000817 ) ) ;
#421 = DIRECTION ( 'NONE',  ( 0.000000000000000000, 0.000000000000000000, 1.000000000000000000 ) ) ;
#422 = EDGE_LOOP ( 'NONE', ( #1472, #1649, #962, #35 ) ) ;
#423 = CARTESIAN_POINT ( 'NONE',  ( -43.89000000000001478, 47.60219999999999629, -9.240000000000001990 ) ) ;
#424 = ADVANCED_FACE ( 'NONE', ( #1580 ), #150, .T. ) ;
#425 = FACE_BOUND ( 'NONE', #1408, .T. ) ;
#426 = ORIENTED_EDGE ( 'NONE', *, *, #730, .F. ) ;
#427 = DIRECTION ( 'NONE',  ( 0.7071067811865463515, 8.659560562354918067E-17, -0.7071067811865487940 ) ) ;
#428 = DIRECTION ( 'NONE',  ( 1.000000000000000000, 0.000000000000000000, 0.000000000000000000 ) ) ;
#429 = FACE_OUTER_BOUND ( 'NONE', #854, .T. ) ;
#430 = ORIENTED_EDGE ( 'NONE', *, *, #1216, .F. ) ;
#431 = VECTOR ( 'NONE', #1012, 1000.000000000000000 ) ;
#432 = ADVANCED_FACE ( 'NONE', ( #609 ), #1096, .T. ) ;
#433 = CARTESIAN_POINT ( 'NONE',  ( -51.68334875402555184, -65.14323627996974153, -1.240000000000001545 ) ) ;
#434 = VECTOR ( 'NONE', #1027, 1000.000000000000000 ) ;
#435 = DIRECTION ( 'NONE',  ( -0.000000000000000000, -0.000000000000000000, -1.000000000000000000 ) ) ;
#436 = VERTEX_POINT ( 'NONE', #1740 ) ;
#437 = FACE_OUTER_BOUND ( 'NONE', #1774, .T. ) ;
#438 = VECTOR ( 'NONE', #390, 1000.000000000000000 ) ;
#439 = DIRECTION ( 'NONE',  ( -0.9063077870366526012, -1.215391878026130555E-16, 0.4226182617406937791 ) ) ;
#440 = DIRECTION ( 'NONE',  ( -0.000000000000000000, 0.000000000000000000, 1.000000000000000000 ) ) ;
#441 = ORIENTED_EDGE ( 'NONE', *, *, #443, .T. ) ;
#442 = DIRECTION ( 'NONE',  ( -0.000000000000000000, -0.000000000000000000, -1.000000000000000000 ) ) ;
#443 = EDGE_CURVE ( 'NONE', #1528, #823, #57, .T. ) ;
#444 = EDGE_CURVE ( 'NONE', #709, #658, #1283, .T. ) ;
#445 = DIRECTION ( 'NONE',  ( 1.000000000000000000, 0.000000000000000000, 0.000000000000000000 ) ) ;
#446 = DIRECTION ( 'NONE',  ( 0.9999999969907910069, -7.757846392270595067E-05, 0.000000000000000000 ) ) ;
#447 = APPLICATION_PROTOCOL_DEFINITION ( 'draft international standard', 'automotive_design', 1998, #177 ) ;
#448 = LINE ( 'NONE', #634, #455 ) ;
#449 = ORIENTED_EDGE ( 'NONE', *, *, #1799, .T. ) ;
#450 = CARTESIAN_POINT ( 'NONE',  ( 53.80216531340575159, -1.444004133729002508E-05, -5.240000000000001990 ) ) ;
#451 = DIRECTION ( 'NONE',  ( -0.000000000000000000, 0.000000000000000000, 1.000000000000000000 ) ) ;
#452 = PLANE ( 'NONE',  #1220 ) ;
#453 = CARTESIAN_POINT ( 'NONE',  ( 47.35199999999998965, -58.14780000000001081, -5.170000000000000817 ) ) ;
#454 = EDGE_CURVE ( 'NONE', #1055, #1722, #1808, .T. ) ;
#455 = VECTOR ( 'NONE', #648, 1000.000000000000000 ) ;
#456 = CIRCLE ( 'NONE', #1489, 1.550000000000002709 ) ;
#457 = CARTESIAN_POINT ( 'NONE',  ( -39.67031321274095035, -67.14416823883533425, -2.375097025148006580 ) ) ;
#458 = FACE_OUTER_BOUND ( 'NONE', #1422, .T. ) ;
#459 = CARTESIAN_POINT ( 'NONE',  ( -55.69288989157348624, -67.15262152645246374, -5.240000000000001990 ) ) ;
#460 = CARTESIAN_POINT ( 'NONE',  ( 47.35199999999998965, 47.60219999999999629, -7.540000000000008917 ) ) ;
#461 = EDGE_CURVE ( 'NONE', #204, #647, #1183, .T. ) ;
#462 = ORIENTED_EDGE ( 'NONE', *, *, #1630, .F. ) ;
#463 = AXIS2_PLACEMENT_3D ( 'NONE', #1862, #1387, #1567 ) ;
#464 = LINE ( 'NONE', #450, #1985 ) ;
#465 = DIRECTION ( 'NONE',  ( 1.000000000000000000, 0.000000000000000000, 0.000000000000000000 ) ) ;
#466 = CARTESIAN_POINT ( 'NONE',  ( -47.14000000000000057, -58.14780000000001081, -5.170000000000000817 ) ) ;
#467 = VERTEX_POINT ( 'NONE', #1247 ) ;
#468 = LINE ( 'NONE', #605, #736 ) ;
#469 = CARTESIAN_POINT ( 'NONE',  ( 47.35199999999998965, 47.60219999999999629, -5.170000000000000817 ) ) ;
#470 = ORIENTED_EDGE ( 'NONE', *, *, #937, .T. ) ;
#471 = CARTESIAN_POINT ( 'NONE',  ( 50.90199999999998681, -58.14780000000001081, -5.170000000000000817 ) ) ;
#472 = DIRECTION ( 'NONE',  ( -7.757846392237928055E-05, -0.9999999969907910069, -0.000000000000000000 ) ) ;
#473 = DIRECTION ( 'NONE',  ( -0.000000000000000000, -0.000000000000000000, -1.000000000000000000 ) ) ;
#474 = ORIENTED_EDGE ( 'NONE', *, *, #1703, .F. ) ;
#475 = DIRECTION ( 'NONE',  ( 1.000000000000000000, 0.000000000000000000, 0.000000000000000000 ) ) ;
#476 = DIRECTION ( 'NONE',  ( -0.000000000000000000, -0.000000000000000000, -1.000000000000000000 ) ) ;
#477 = ORIENTED_EDGE ( 'NONE', *, *, #154, .F. ) ;
#478 = ORIENTED_EDGE ( 'NONE', *, *, #1955, .F. ) ;
#479 = CARTESIAN_POINT ( 'NONE',  ( -47.14000000000000057, -58.14780000000001081, -9.240000000000001990 ) ) ;
#480 = CARTESIAN_POINT ( 'NONE',  ( 47.35199999999998965, 47.60219999999999629, -5.170000000000000817 ) ) ;
#481 = CARTESIAN_POINT ( 'NONE',  ( 47.35199999999998965, 47.60219999999999629, -5.170000000000000817 ) ) ;
#482 = ORIENTED_EDGE ( 'NONE', *, *, #1919, .F. ) ;
#483 = EDGE_CURVE ( 'NONE', #1345, #1563, #148, .T. ) ;
#484 = EDGE_CURVE ( 'NONE', #1927, #756, #414, .T. ) ;
#485 = CARTESIAN_POINT ( 'NONE',  ( 48.90199999999999392, 47.60219999999999629, -7.540000000000008917 ) ) ;
#486 = DIRECTION ( 'NONE',  ( -0.000000000000000000, -0.000000000000000000, -1.000000000000000000 ) ) ;
#487 = ORIENTED_EDGE ( 'NONE', *, *, #937, .F. ) ;
#488 = EDGE_LOOP ( 'NONE', ( #1266, #1381, #645, #991 ) ) ;
#489 = AXIS2_PLACEMENT_3D ( 'NONE', #841, #371, #1738 ) ;
#490 = DIRECTION ( 'NONE',  ( 0.000000000000000000, 1.000000000000000000, 0.000000000000000000 ) ) ;
#491 = CYLINDRICAL_SURFACE ( 'NONE', #463, 1.550000000000002709 ) ;
#492 = CARTESIAN_POINT ( 'NONE',  ( 0.000000000000000000, 0.000000000000000000, 1.849999999999999201 ) ) ;
#493 = DIRECTION ( 'NONE',  ( -1.000000000000000000, -1.341036561100382346E-16, 0.000000000000000000 ) ) ;
#494 = EDGE_LOOP ( 'NONE', ( #1663, #866 ) ) ;
#495 = EDGE_CURVE ( 'NONE', #1926, #564, #566, .T. ) ;
#496 = ADVANCED_FACE ( 'NONE', ( #185 ), #789, .F. ) ;
#497 = DIRECTION ( 'NONE',  ( 0.000000000000000000, -1.000000000000000000, 0.000000000000000000 ) ) ;
#498 = ORIENTED_EDGE ( 'NONE', *, *, #814, .F. ) ;
#499 = DIRECTION ( 'NONE',  ( 1.000000000000000000, 0.000000000000000000, 0.000000000000000000 ) ) ;
#500 = VERTEX_POINT ( 'NONE', #989 ) ;
#501 = ORIENTED_EDGE ( 'NONE', *, *, #182, .T. ) ;
#502 = DIRECTION ( 'NONE',  ( 0.000000000000000000, -1.000000000000000000, -0.000000000000000000 ) ) ;
#503 = DIRECTION ( 'NONE',  ( -0.9063077870366526012, 0.000000000000000000, 0.4226182617406938347 ) ) ;
#504 = DIRECTION ( 'NONE',  ( 0.9999999969907910069, -7.757846392269333326E-05, 0.000000000000000000 ) ) ;
#505 = CARTESIAN_POINT ( 'NONE',  ( -0.000000000000000000, 55.73826394635882053, -1.240000000000001545 ) ) ;
#506 = AXIS2_PLACEMENT_3D ( 'NONE', #755, #18, #1537 ) ;
#507 = CIRCLE ( 'NONE', #1643, 3.249999999999988898 ) ;
#508 = LINE ( 'NONE', #1278, #1705 ) ;
#509 = VERTEX_POINT ( 'NONE', #1131 ) ;
#510 = ORIENTED_EDGE ( 'NONE', *, *, #1009, .F. ) ;
#511 = ORIENTED_EDGE ( 'NONE', *, *, #1517, .T. ) ;
#512 = EDGE_CURVE ( 'NONE', #1801, #1436, #1821, .T. ) ;
#513 = CARTESIAN_POINT ( 'NONE',  ( -53.68334875402555895, 56.03826394635881769, -5.240000000000001990 ) ) ;
#514 = CARTESIAN_POINT ( 'NONE',  ( 47.35199999999998965, -58.14780000000001081, -5.170000000000000817 ) ) ;
#515 = CARTESIAN_POINT ( 'NONE',  ( -32.08999218305005741, -65.14475630248020366, -1.240000000000002656 ) ) ;
#516 = CLOSED_SHELL ( 'NONE', ( #45, #1053, #1640, #1848, #1071, #424, #386, #1560, #1063, #1513, #130, #1633, #877, #1362, #397, #977, #1277, #110, #1453, #1605, #1831, #1017, #1944, #432, #2004, #1527, #140, #1698, #1784, #1793, #291, #1680, #785, #546, #851, #1964, #868, #1305, #1212, #270, #1343, #901, #373, #1049, #904, #1429, #782, #616, #666, #1616, #1129, #1783, #703, #1213, #748, #496, #1468, #1666, #1641, #1082, #680, #995, #1494, #1504 ) ) ;
#517 = CARTESIAN_POINT ( 'NONE',  ( -7.493499026763093239E-15, 58.03826394635882480, -1.240000000000001545 ) ) ;
#518 = ORIENTED_EDGE ( 'NONE', *, *, #2011, .T. ) ;
#519 = EDGE_LOOP ( 'NONE', ( #676, #369, #1859, #1158 ) ) ;
#520 = ORIENTED_EDGE ( 'NONE', *, *, #1874, .T. ) ;
#521 = EDGE_CURVE ( 'NONE', #985, #601, #1981, .T. ) ;
#522 = VECTOR ( 'NONE', #670, 1000.000000000000000 ) ;
#523 = CARTESIAN_POINT ( 'NONE',  ( -55.69288985578249651, -69.15246633975158375, -9.240000000000001990 ) ) ;
#524 = LINE ( 'NONE', #1143, #267 ) ;
#525 = CARTESIAN_POINT ( 'NONE',  ( -48.69000000000000483, -58.14780000000001081, -7.540000000000008917 ) ) ;
#526 = EDGE_LOOP ( 'NONE', ( #625, #592, #387, #378 ) ) ;
#527 = LINE ( 'NONE', #1310, #396 ) ;
#528 = AXIS2_PLACEMENT_3D ( 'NONE', #982, #1931, #411 ) ;
#529 = VERTEX_POINT ( 'NONE', #1286 ) ;
#530 = ORIENTED_EDGE ( 'NONE', *, *, #850, .F. ) ;
#531 = ORIENTED_EDGE ( 'NONE', *, *, #708, .F. ) ;
#532 = DIRECTION ( 'NONE',  ( -1.000000000000000000, 0.000000000000000000, 0.000000000000000000 ) ) ;
#533 = CARTESIAN_POINT ( 'NONE',  ( 51.80216531340582264, -1.390325842972520781E-05, -1.240000000000001545 ) ) ;
#534 = ORIENTED_EDGE ( 'NONE', *, *, #1264, .T. ) ;
#535 = LINE ( 'NONE', #1911, #675 ) ;
#536 = EDGE_CURVE ( 'NONE', #583, #1496, #980, .T. ) ;
#537 = VECTOR ( 'NONE', #114, 1000.000000000000000 ) ;
#538 = EDGE_LOOP ( 'NONE', ( #1464, #1856, #885, #1924 ) ) ;
#539 = ORIENTED_EDGE ( 'NONE', *, *, #342, .T. ) ;
#540 = LINE ( 'NONE', #1579, #1307 ) ;
#541 = FACE_OUTER_BOUND ( 'NONE', #934, .T. ) ;
#542 = CARTESIAN_POINT ( 'NONE',  ( 51.80216531340582264, -1.390325842972520781E-05, -1.240000000000001545 ) ) ;
#543 = VERTEX_POINT ( 'NONE', #1449 ) ;
#544 = CARTESIAN_POINT ( 'NONE',  ( 51.80218035360066153, 58.03826394635883190, -1.240000000000001545 ) ) ;
#545 = AXIS2_PLACEMENT_3D ( 'NONE', #479, #1372, #1685 ) ;
#546 = ADVANCED_FACE ( 'NONE', ( #381 ), #1602, .T. ) ;
#547 = AXIS2_PLACEMENT_3D ( 'NONE', #1392, #1383, #1075 ) ;
#548 = VECTOR ( 'NONE', #1147, 1000.000000000000000 ) ;
#549 = APPLICATION_CONTEXT ( 'automotive_design' ) ;
#550 = EDGE_CURVE ( 'NONE', #1745, #1224, #812, .T. ) ;
#551 = ORIENTED_EDGE ( 'NONE', *, *, #1338, .T. ) ;
#552 = ORIENTED_EDGE ( 'NONE', *, *, #1817, .F. ) ;
#553 = LINE ( 'NONE', #1639, #1627 ) ;
#554 = FACE_OUTER_BOUND ( 'NONE', #422, .T. ) ;
#555 = CIRCLE ( 'NONE', #1595, 1.550000000000002709 ) ;
#556 = DIRECTION ( 'NONE',  ( 0.000000000000000000, -0.000000000000000000, -1.000000000000000000 ) ) ;
#557 = VERTEX_POINT ( 'NONE', #663 ) ;
#558 = CARTESIAN_POINT ( 'NONE',  ( -39.67015805581310417, -65.14416824485374491, -2.375097025148006580 ) ) ;
#559 = EDGE_CURVE ( 'NONE', #1688, #346, #584, .T. ) ;
#560 = DIRECTION ( 'NONE',  ( -0.000000000000000000, -0.000000000000000000, -1.000000000000000000 ) ) ;
#561 = DIRECTION ( 'NONE',  ( 1.000000000000000000, 1.291130801860109158E-16, 0.000000000000000000 ) ) ;
#562 = DIRECTION ( 'NONE',  ( -2.683914532653858645E-07, -0.9999999999999639178, 0.000000000000000000 ) ) ;
#563 = DIRECTION ( 'NONE',  ( 1.000000000000000000, 0.000000000000000000, 0.000000000000000000 ) ) ;
#564 = VERTEX_POINT ( 'NONE', #65 ) ;
#565 = CARTESIAN_POINT ( 'NONE',  ( -43.59000000000000341, -58.14780000000001081, -6.740000000000001101 ) ) ;
#566 = CIRCLE ( 'NONE', #1704, 3.549999999999997602 ) ;
#567 = LINE ( 'NONE', #1524, #1059 ) ;
#568 = ORIENTED_EDGE ( 'NONE', *, *, #232, .F. ) ;
#569 = CYLINDRICAL_SURFACE ( 'NONE', #1744, 2.000000000000001776 ) ;
#570 = AXIS2_PLACEMENT_3D ( 'NONE', #1866, #759, #1696 ) ;
#571 =( NAMED_UNIT ( * ) SI_UNIT ( $, .STERADIAN. ) SOLID_ANGLE_UNIT ( ) );
#572 = PLANE ( 'NONE',  #1336 ) ;
#573 = ORIENTED_EDGE ( 'NONE', *, *, #512, .F. ) ;
#574 = CARTESIAN_POINT ( 'NONE',  ( -44.68350391095336960, 55.73826394635882053, -1.240000000000001545 ) ) ;
#575 = VECTOR ( 'NONE', #493, 1000.000000000000000 ) ;
#576 = CARTESIAN_POINT ( 'NONE',  ( -7.493499026763093239E-15, 58.03826394635882480, -1.240000000000001545 ) ) ;
#577 = ORIENTED_EDGE ( 'NONE', *, *, #1592, .F. ) ;
#578 = CARTESIAN_POINT ( 'NONE',  ( 48.90199999999999392, 47.60219999999999629, -5.170000000000000817 ) ) ;
#579 = DIRECTION ( 'NONE',  ( 1.000000000000000000, 0.000000000000000000, 0.000000000000000000 ) ) ;
#580 = EDGE_CURVE ( 'NONE', #823, #236, #524, .T. ) ;
#581 = CARTESIAN_POINT ( 'NONE',  ( -47.14000000000000057, 47.60219999999999629, -5.170000000000000817 ) ) ;
#582 = EDGE_CURVE ( 'NONE', #509, #320, #1272, .T. ) ;
#583 = VERTEX_POINT ( 'NONE', #1922 ) ;
#584 = CIRCLE ( 'NONE', #1723, 1.550000000000002709 ) ;
#585 = CARTESIAN_POINT ( 'NONE',  ( 48.90199999999999392, 47.60219999999999629, -5.170000000000000817 ) ) ;
#586 = AXIS2_PLACEMENT_3D ( 'NONE', #16, #1844, #1870 ) ;
#587 = ORIENTED_EDGE ( 'NONE', *, *, #838, .F. ) ;
#588 = VERTEX_POINT ( 'NONE', #1156 ) ;
#589 = CARTESIAN_POINT ( 'NONE',  ( -53.69289213209973610, 58.03826394635883190, -9.240000000000001990 ) ) ;
#590 = CIRCLE ( 'NONE', #779, 1.550000000000002709 ) ;
#591 = CARTESIAN_POINT ( 'NONE',  ( -7.493499026763093239E-15, 58.03826394635882480, -1.240000000000001545 ) ) ;
#592 = ORIENTED_EDGE ( 'NONE', *, *, #1356, .T. ) ;
#593 = AXIS2_PLACEMENT_3D ( 'NONE', #433, #1510, #125 ) ;
#594 = CARTESIAN_POINT ( 'NONE',  ( -45.58999999999999631, -58.14780000000001081, -5.170000000000000817 ) ) ;
#595 = EDGE_CURVE ( 'NONE', #1242, #201, #834, .T. ) ;
#596 = FACE_BOUND ( 'NONE', #317, .T. ) ;
#597 = CARTESIAN_POINT ( 'NONE',  ( 51.80218027308320927, 55.73826394635882053, -6.740000000000001101 ) ) ;
#598 = VECTOR ( 'NONE', #330, 1000.000000000000000 ) ;
#599 = APPLICATION_PROTOCOL_DEFINITION ( 'draft international standard', 'automotive_design', 1998, #549 ) ;
#600 =( GEOMETRIC_REPRESENTATION_CONTEXT ( 3 ) GLOBAL_UNCERTAINTY_ASSIGNED_CONTEXT ( ( #1274 ) ) GLOBAL_UNIT_ASSIGNED_CONTEXT ( ( #409, #1018, #571 ) ) REPRESENTATION_CONTEXT ( 'NONE', 'WORKASPACE' ) );
#601 = VERTEX_POINT ( 'NONE', #855 ) ;
#602 = DIRECTION ( 'NONE',  ( 9.523624200648860300E-14, -7.388281386836239128E-18, -1.000000000000000000 ) ) ;
#603 = CARTESIAN_POINT ( 'NONE',  ( -33.18334875402555184, 57.63826394635881201, -1.240000000000001545 ) ) ;
#604 = EDGE_CURVE ( 'NONE', #1224, #509, #238, .T. ) ;
#605 = CARTESIAN_POINT ( 'NONE',  ( -0.005054023242327923722, -65.14724540270515263, -6.740000000000001101 ) ) ;
#606 = CARTESIAN_POINT ( 'NONE',  ( -51.68334875402555184, 0.000000000000000000, -1.240000000000001545 ) ) ;
#607 = EDGE_LOOP ( 'NONE', ( #222, #389, #1485, #1126 ) ) ;
#608 = DIRECTION ( 'NONE',  ( 1.000000000000000000, 0.000000000000000000, 0.000000000000000000 ) ) ;
#609 = FACE_OUTER_BOUND ( 'NONE', #1001, .T. ) ;
#610 = ORIENTED_EDGE ( 'NONE', *, *, #1101, .F. ) ;
#611 = VECTOR ( 'NONE', #1861, 1000.000000000000000 ) ;
#612 = CARTESIAN_POINT ( 'NONE',  ( 0.000000000000000000, 0.000000000000000000, -9.240000000000001990 ) ) ;
#613 = DIRECTION ( 'NONE',  ( 0.000000000000000000, 1.000000000000000000, 0.000000000000000000 ) ) ;
#614 = ORIENTED_EDGE ( 'NONE', *, *, #1577, .T. ) ;
#615 = VECTOR ( 'NONE', #1960, 1000.000000000000000 ) ;
#616 = ADVANCED_FACE ( 'NONE', ( #694, #1933 ), #385, .T. ) ;
#617 = DIRECTION ( 'NONE',  ( 0.000000000000000000, 0.000000000000000000, 1.000000000000000000 ) ) ;
#618 = DIRECTION ( 'NONE',  ( -0.000000000000000000, 0.000000000000000000, 1.000000000000000000 ) ) ;
#619 = DIRECTION ( 'NONE',  ( 1.000000000000000000, 0.000000000000000000, 0.000000000000000000 ) ) ;
#620 = ORIENTED_EDGE ( 'NONE', *, *, #164, .F. ) ;
#621 = CIRCLE ( 'NONE', #5, 2.000000000000001776 ) ;
#622 = CARTESIAN_POINT ( 'NONE',  ( 50.90199999999998681, 47.60219999999999629, -5.170000000000000817 ) ) ;
#623 = CARTESIAN_POINT ( 'NONE',  ( -47.14000000000000057, -58.14780000000001081, -9.240000000000001990 ) ) ;
#624 = CARTESIAN_POINT ( 'NONE',  ( -50.38999999999999346, 47.60219999999999629, -9.240000000000001990 ) ) ;
#625 = ORIENTED_EDGE ( 'NONE', *, *, #1276, .T. ) ;
#626 = ORIENTED_EDGE ( 'NONE', *, *, #550, .T. ) ;
#627 = EDGE_CURVE ( 'NONE', #1869, #1070, #1135, .T. ) ;
#628 = CARTESIAN_POINT ( 'NONE',  ( -53.69289213209973610, 58.03826394635883190, -9.240000000000001990 ) ) ;
#629 = CARTESIAN_POINT ( 'NONE',  ( 45.80199999999998539, 47.60219999999999629, -5.170000000000000817 ) ) ;
#630 = CARTESIAN_POINT ( 'NONE',  ( 51.80218035360066153, 56.03826394635883190, -1.240000000000001545 ) ) ;
#631 = EDGE_CURVE ( 'NONE', #1528, #49, #535, .T. ) ;
#632 = ORIENTED_EDGE ( 'NONE', *, *, #559, .F. ) ;
#633 = CARTESIAN_POINT ( 'NONE',  ( 47.35199999999998965, -58.14780000000001081, -5.170000000000000817 ) ) ;
#634 = CARTESIAN_POINT ( 'NONE',  ( 33.50218142716574476, 57.63826394635881911, 1.849999999999999201 ) ) ;
#635 = EDGE_LOOP ( 'NONE', ( #1128, #1289, #198, #1674 ) ) ;
#636 = ORIENTED_EDGE ( 'NONE', *, *, #856, .F. ) ;
#637 = AXIS2_PLACEMENT_3D ( 'NONE', #162, #209, #1403 ) ;
#638 = CARTESIAN_POINT ( 'NONE',  ( 53.81172199214055496, 58.03826394635883190, -9.240000000000001990 ) ) ;
#639 = EDGE_CURVE ( 'NONE', #1409, #1716, #1462, .T. ) ;
#640 = CARTESIAN_POINT ( 'NONE',  ( 53.80214782736691603, -65.15126506263985107, -1.240000000000001545 ) ) ;
#641 = AXIS2_PLACEMENT_3D ( 'NONE', #1615, #404, #1319 ) ;
#642 = FACE_OUTER_BOUND ( 'NONE', #1865, .T. ) ;
#643 = EDGE_CURVE ( 'NONE', #601, #1716, #1002, .T. ) ;
#644 = DIRECTION ( 'NONE',  ( -1.000000000000000000, 0.000000000000000000, 0.000000000000000000 ) ) ;
#645 = ORIENTED_EDGE ( 'NONE', *, *, #1565, .T. ) ;
#646 = DIRECTION ( 'NONE',  ( -1.000000000000000000, 0.000000000000000000, 0.000000000000000000 ) ) ;
#647 = VERTEX_POINT ( 'NONE', #375 ) ;
#648 = DIRECTION ( 'NONE',  ( -0.000000000000000000, -0.000000000000000000, -1.000000000000000000 ) ) ;
#649 = ORIENTED_EDGE ( 'NONE', *, *, #284, .T. ) ;
#650 = ORIENTED_EDGE ( 'NONE', *, *, #580, .F. ) ;
#651 = FACE_OUTER_BOUND ( 'NONE', #635, .T. ) ;
#652 = CARTESIAN_POINT ( 'NONE',  ( 53.80218035360058337, 56.03826340957593288, -5.240000000000001990 ) ) ;
#653 = CARTESIAN_POINT ( 'NONE',  ( 51.80214782736698709, -65.15126452585693073, -1.240000000000001545 ) ) ;
#654 = DIRECTION ( 'NONE',  ( -0.000000000000000000, -0.000000000000000000, -1.000000000000000000 ) ) ;
#655 = EDGE_CURVE ( 'NONE', #1445, #1609, #527, .T. ) ;
#656 = VECTOR ( 'NONE', #1997, 1000.000000000000000 ) ;
#657 = CARTESIAN_POINT ( 'NONE',  ( -47.14000000000000057, 47.60219999999999629, -9.240000000000001990 ) ) ;
#658 = VERTEX_POINT ( 'NONE', #544 ) ;
#659 = DIRECTION ( 'NONE',  ( -0.000000000000000000, -0.000000000000000000, -1.000000000000000000 ) ) ;
#660 = ORIENTED_EDGE ( 'NONE', *, *, #1176, .F. ) ;
#661 = VERTEX_POINT ( 'NONE', #684 ) ;
#662 = DIRECTION ( 'NONE',  ( -0.000000000000000000, -0.000000000000000000, -1.000000000000000000 ) ) ;
#663 = CARTESIAN_POINT ( 'NONE',  ( 51.80199267043916223, -67.15126451983850586, -5.240000000000001990 ) ) ;
#664 = CARTESIAN_POINT ( 'NONE',  ( 51.80214782736699419, -65.15126452585694494, -6.740000000000001101 ) ) ;
#665 = LINE ( 'NONE', #1298, #548 ) ;
#666 = ADVANCED_FACE ( 'NONE', ( #1173 ), #1802, .T. ) ;
#667 = ORIENTED_EDGE ( 'NONE', *, *, #1749, .F. ) ;
#668 = ORIENTED_EDGE ( 'NONE', *, *, #726, .T. ) ;
#669 = ORIENTED_EDGE ( 'NONE', *, *, #604, .T. ) ;
#670 = DIRECTION ( 'NONE',  ( -0.7071067811865463515, 0.000000000000000000, -0.7071067811865487940 ) ) ;
#671 = DIRECTION ( 'NONE',  ( -1.000000000000000000, 0.000000000000000000, 0.000000000000000000 ) ) ;
#672 = DIRECTION ( 'NONE',  ( -2.683914532454244743E-07, -0.9999999999999639178, 0.000000000000000000 ) ) ;
#673 = EDGE_LOOP ( 'NONE', ( #1104, #1195, #244, #1904, #187, #470 ) ) ;
#674 = DIRECTION ( 'NONE',  ( -7.757846392237928055E-05, -0.9999999969907908959, -0.000000000000000000 ) ) ;
#675 = VECTOR ( 'NONE', #1792, 1000.000000000000000 ) ;
#676 = ORIENTED_EDGE ( 'NONE', *, *, #29, .F. ) ;
#677 = EDGE_LOOP ( 'NONE', ( #826, #1015, #1576, #950 ) ) ;
#678 = ORIENTED_EDGE ( 'NONE', *, *, #1365, .T. ) ;
#679 = VECTOR ( 'NONE', #1770, 1000.000000000000000 ) ;
#680 = ADVANCED_FACE ( 'NONE', ( #1594 ), #1424, .F. ) ;
#681 = CARTESIAN_POINT ( 'NONE',  ( 47.35199999999998965, 47.60219999999999629, -7.540000000000008917 ) ) ;
#682 = DIRECTION ( 'NONE',  ( -7.757846392237928055E-05, -0.9999999969907908959, -0.000000000000000000 ) ) ;
#683 = ORIENTED_EDGE ( 'NONE', *, *, #454, .F. ) ;
#684 = CARTESIAN_POINT ( 'NONE',  ( 53.81172199214055496, 60.03826394635883190, -5.240000000000001990 ) ) ;
#685 = VECTOR ( 'NONE', #682, 1000.000000000000114 ) ;
#686 = ORIENTED_EDGE ( 'NONE', *, *, #695, .F. ) ;
#687 = ORIENTED_EDGE ( 'NONE', *, *, #86, .T. ) ;
#688 = ORIENTED_EDGE ( 'NONE', *, *, #536, .F. ) ;
#689 = CARTESIAN_POINT ( 'NONE',  ( -51.68334875402555184, 58.03826394635881769, -5.240000000000001990 ) ) ;
#690 = CARTESIAN_POINT ( 'NONE',  ( 51.80214782736698709, -65.15126452585693073, -1.240000000000001545 ) ) ;
#691 = EDGE_CURVE ( 'NONE', #583, #327, #665, .T. ) ;
#692 = DIRECTION ( 'NONE',  ( 2.683914532454244743E-07, 0.9999999999999639178, 0.000000000000000000 ) ) ;
#693 = ORIENTED_EDGE ( 'NONE', *, *, #1691, .T. ) ;
#694 = FACE_OUTER_BOUND ( 'NONE', #494, .T. ) ;
#695 = EDGE_CURVE ( 'NONE', #436, #658, #1288, .T. ) ;
#696 = AXIS2_PLACEMENT_3D ( 'NONE', #1102, #780, #1076 ) ;
#697 = VERTEX_POINT ( 'NONE', #983 ) ;
#698 = ORIENTED_EDGE ( 'NONE', *, *, #360, .T. ) ;
#699 = DIRECTION ( 'NONE',  ( -0.000000000000000000, -0.000000000000000000, -1.000000000000000000 ) ) ;
#700 = CARTESIAN_POINT ( 'NONE',  ( -33.18334875402555184, 60.03826394635881769, 1.849999999999999201 ) ) ;
#701 = CARTESIAN_POINT ( 'NONE',  ( -51.68350391095341223, -67.14323627395131666, -5.240000000000001990 ) ) ;
#702 = VERTEX_POINT ( 'NONE', #1606 ) ;
#703 = ADVANCED_FACE ( 'NONE', ( #90 ), #394, .T. ) ;
#704 = DIRECTION ( 'NONE',  ( 1.000000000000000000, 0.000000000000000000, 0.000000000000000000 ) ) ;
#705 = EDGE_CURVE ( 'NONE', #702, #1345, #1775, .T. ) ;
#706 = AXIS2_PLACEMENT_3D ( 'NONE', #1103, #1905, #179 ) ;
#707 = CIRCLE ( 'NONE', #1523, 2.000000000000001776 ) ;
#708 = EDGE_CURVE ( 'NONE', #1483, #500, #905, .T. ) ;
#709 = VERTEX_POINT ( 'NONE', #845 ) ;
#710 = ORIENTED_EDGE ( 'NONE', *, *, #347, .T. ) ;
#711 = DIRECTION ( 'NONE',  ( 0.000000000000000000, 0.000000000000000000, 1.000000000000000000 ) ) ;
#712 = FACE_OUTER_BOUND ( 'NONE', #1586, .T. ) ;
#713 = AXIS2_PLACEMENT_3D ( 'NONE', #638, #617, #921 ) ;
#714 = LINE ( 'NONE', #1199, #1502 ) ;
#715 = ORIENTED_EDGE ( 'NONE', *, *, #1929, .T. ) ;
#716 = CARTESIAN_POINT ( 'NONE',  ( 50.90199999999998681, -58.14780000000001081, -5.170000000000000817 ) ) ;
#717 = AXIS2_PLACEMENT_3D ( 'NONE', #27, #1271, #1739 ) ;
#718 = EDGE_CURVE ( 'NONE', #1716, #1801, #1473, .T. ) ;
#719 = DIRECTION ( 'NONE',  ( 0.000000000000000000, 1.000000000000000000, 0.000000000000000000 ) ) ;
#720 = EDGE_LOOP ( 'NONE', ( #1092, #234, #879, #1117 ) ) ;
#721 = CARTESIAN_POINT ( 'NONE',  ( 51.80214782736698709, -65.15126452585694494, -1.240000000000001545 ) ) ;
#722 = CARTESIAN_POINT ( 'NONE',  ( -51.68334875402555184, 0.000000000000000000, -1.240000000000001545 ) ) ;
#723 = EDGE_LOOP ( 'NONE', ( #1456, #368, #1159, #1907 ) ) ;
#724 = CARTESIAN_POINT ( 'NONE',  ( -53.69288989157347203, -67.15262149065870290, -5.240000000000001990 ) ) ;
#725 = LINE ( 'NONE', #1512, #105 ) ;
#726 = EDGE_CURVE ( 'NONE', #1014, #557, #1142, .T. ) ;
#727 = ORIENTED_EDGE ( 'NONE', *, *, #935, .F. ) ;
#728 = AXIS2_PLACEMENT_3D ( 'NONE', #738, #881, #446 ) ;
#729 = DIRECTION ( 'NONE',  ( 0.9999999969907908959, -7.757846392243095634E-05, 9.523624229307434826E-14 ) ) ;
#730 = EDGE_CURVE ( 'NONE', #588, #1138, #1394, .T. ) ;
#731 = DIRECTION ( 'NONE',  ( -1.000000000000000000, 0.000000000000000000, 0.000000000000000000 ) ) ;
#732 = LINE ( 'NONE', #265, #1393 ) ;
#733 = VERTEX_POINT ( 'NONE', #264 ) ;
#734 = CARTESIAN_POINT ( 'NONE',  ( -43.59000000000000341, 47.60219999999999629, -5.170000000000000817 ) ) ;
#735 = AXIS2_PLACEMENT_3D ( 'NONE', #1261, #19, #1249 ) ;
#736 = VECTOR ( 'NONE', #155, 1000.000000000000114 ) ;
#737 = CARTESIAN_POINT ( 'NONE',  ( 0.000000000000000000, 0.000000000000000000, -6.740000000000001101 ) ) ;
#738 = CARTESIAN_POINT ( 'NONE',  ( -34.67015378253777413, -65.14455613750604357, 1.124902974851993642 ) ) ;
#739 = PLANE ( 'NONE',  #1584 ) ;
#740 = EDGE_CURVE ( 'NONE', #1483, #1722, #553, .T. ) ;
#741 = ORIENTED_EDGE ( 'NONE', *, *, #1794, .F. ) ;
#742 = DIRECTION ( 'NONE',  ( -0.9999999969907908959, 7.757846392242161865E-05, 0.000000000000000000 ) ) ;
#743 = DIRECTION ( 'NONE',  ( -0.000000000000000000, -0.000000000000000000, -1.000000000000000000 ) ) ;
#744 = FACE_OUTER_BOUND ( 'NONE', #1033, .T. ) ;
#745 = EDGE_LOOP ( 'NONE', ( #498, #819, #1637, #1105 ) ) ;
#746 = VECTOR ( 'NONE', #907, 1000.000000000000000 ) ;
#747 = DIRECTION ( 'NONE',  ( 0.9063077870366492705, 1.215391878026125871E-16, 0.4226182617407007180 ) ) ;
#748 = ADVANCED_FACE ( 'NONE', ( #1052 ), #1323, .T. ) ;
#749 = DIRECTION ( 'NONE',  ( 1.000000000000000000, 0.000000000000000000, 0.000000000000000000 ) ) ;
#750 = DIRECTION ( 'NONE',  ( 1.000000000000000000, 0.000000000000000000, 0.000000000000000000 ) ) ;
#751 = FACE_OUTER_BOUND ( 'NONE', #216, .T. ) ;
#752 = AXIS2_PLACEMENT_3D ( 'NONE', #653, #1853, #465 ) ;
#753 = AXIS2_PLACEMENT_3D ( 'NONE', #46, #805, #959 ) ;
#754 = DIRECTION ( 'NONE',  ( 2.683914532454244743E-07, 0.9999999999999639178, 0.000000000000000000 ) ) ;
#755 = CARTESIAN_POINT ( 'NONE',  ( -47.14000000000000057, -58.14780000000001081, -5.170000000000000817 ) ) ;
#756 = VERTEX_POINT ( 'NONE', #1679 ) ;
#757 = EDGE_CURVE ( 'NONE', #1994, #986, #872, .T. ) ;
#758 = CARTESIAN_POINT ( 'NONE',  ( 51.80199267043916223, -67.15126451983850586, -1.240000000000001545 ) ) ;
#759 = DIRECTION ( 'NONE',  ( -0.000000000000000000, 0.000000000000000000, 1.000000000000000000 ) ) ;
#760 = EDGE_CURVE ( 'NONE', #1965, #163, #1610, .T. ) ;
#761 = ORIENTED_EDGE ( 'NONE', *, *, #760, .T. ) ;
#762 = LINE ( 'NONE', #930, #370 ) ;
#763 = CARTESIAN_POINT ( 'NONE',  ( 47.35199999999998965, -58.14780000000001081, -6.740000000000001101 ) ) ;
#764 = AXIS2_PLACEMENT_3D ( 'NONE', #1612, #1122, #1752 ) ;
#765 = DIRECTION ( 'NONE',  ( -1.000000000000000000, 0.000000000000000000, 0.000000000000000000 ) ) ;
#766 = ORIENTED_EDGE ( 'NONE', *, *, #580, .T. ) ;
#767 = VECTOR ( 'NONE', #774, 1000.000000000000000 ) ;
#768 = LINE ( 'NONE', #2002, #1755 ) ;
#769 = EDGE_CURVE ( 'NONE', #836, #306, #890, .T. ) ;
#770 = LINE ( 'NONE', #1842, #1152 ) ;
#771 = CARTESIAN_POINT ( 'NONE',  ( -7.505803065072544022, 55.73826394635882053, 16.09624661702986259 ) ) ;
#772 = ORIENTED_EDGE ( 'NONE', *, *, #1901, .F. ) ;
#773 = ORIENTED_EDGE ( 'NONE', *, *, #296, .T. ) ;
#774 = DIRECTION ( 'NONE',  ( 1.000000000000000000, -0.000000000000000000, -0.000000000000000000 ) ) ;
#775 = CARTESIAN_POINT ( 'NONE',  ( 33.50218142716574476, 60.03826394635883190, 1.849999999999999201 ) ) ;
#776 = PLANE ( 'NONE',  #1110 ) ;
#777 = PLANE ( 'NONE',  #735 ) ;
#778 = VERTEX_POINT ( 'NONE', #1824 ) ;
#779 = AXIS2_PLACEMENT_3D ( 'NONE', #1133, #219, #1171 ) ;
#780 = DIRECTION ( 'NONE',  ( -0.000000000000000000, 0.000000000000000000, 1.000000000000000000 ) ) ;
#781 = CARTESIAN_POINT ( 'NONE',  ( 47.35199999999998965, 47.60219999999999629, -9.240000000000001990 ) ) ;
#782 = ADVANCED_FACE ( 'NONE', ( #437 ), #1168, .F. ) ;
#783 = ORIENTED_EDGE ( 'NONE', *, *, #582, .T. ) ;
#784 = EDGE_LOOP ( 'NONE', ( #117, #577, #795, #1111 ) ) ;
#785 = ADVANCED_FACE ( 'NONE', ( #1361 ), #863, .T. ) ;
#786 = VECTOR ( 'NONE', #1089, 1000.000000000000000 ) ;
#787 = LINE ( 'NONE', #1056, #973 ) ;
#788 = LINE ( 'NONE', #640, #1925 ) ;
#789 = CYLINDRICAL_SURFACE ( 'NONE', #1657, 1.550000000000002709 ) ;
#790 = PRODUCT_DEFINITION ( 'UNKNOWN', '', #1677, #970 ) ;
#791 = CARTESIAN_POINT ( 'NONE',  ( 47.35199999999998965, 47.60219999999999629, -5.170000000000000817 ) ) ;
#792 = ORIENTED_EDGE ( 'NONE', *, *, #1320, .F. ) ;
#793 = CARTESIAN_POINT ( 'NONE',  ( 0.000000000000000000, 60.03826394635883190, -5.240000000000001990 ) ) ;
#794 = PLANE ( 'NONE',  #395 ) ;
#795 = ORIENTED_EDGE ( 'NONE', *, *, #627, .F. ) ;
#796 = VERTEX_POINT ( 'NONE', #283 ) ;
#797 = AXIS2_PLACEMENT_3D ( 'NONE', #102, #435, #1042 ) ;
#798 = FACE_OUTER_BOUND ( 'NONE', #1575, .T. ) ;
#799 = CARTESIAN_POINT ( 'NONE',  ( 7.526965891572895195, 55.73826394635882053, 16.14163044491773391 ) ) ;
#800 = AXIS2_PLACEMENT_3D ( 'NONE', #1636, #815, #1440 ) ;
#801 = DIRECTION ( 'NONE',  ( -1.000000000000000000, 0.000000000000000000, 0.000000000000000000 ) ) ;
#802 = EDGE_CURVE ( 'NONE', #756, #180, #1834, .T. ) ;
#803 = CARTESIAN_POINT ( 'NONE',  ( -47.14000000000000057, 47.60219999999999629, -5.170000000000000817 ) ) ;
#804 = UNCERTAINTY_MEASURE_WITH_UNIT (LENGTH_MEASURE( 1.000000000000000082E-05 ), #1864, 'distance_accuracy_value', 'NONE');
#805 = DIRECTION ( 'NONE',  ( -0.000000000000000000, 0.000000000000000000, 1.000000000000000000 ) ) ;
#806 = AXIS2_PLACEMENT_3D ( 'NONE', #1996, #1554, #1081 ) ;
#807 = ORIENTED_EDGE ( 'NONE', *, *, #232, .T. ) ;
#808 = FILL_AREA_STYLE_COLOUR ( '', #1843 ) ;
#809 = ORIENTED_EDGE ( 'NONE', *, *, #1101, .T. ) ;
#810 = EDGE_LOOP ( 'NONE', ( #1589, #715 ) ) ;
#811 = DIRECTION ( 'NONE',  ( 0.000000000000000000, 0.000000000000000000, -1.000000000000000000 ) ) ;
#812 = LINE ( 'NONE', #1438, #74 ) ;
#813 = DIRECTION ( 'NONE',  ( -0.000000000000000000, -0.000000000000000000, -1.000000000000000000 ) ) ;
#814 = EDGE_CURVE ( 'NONE', #1443, #1483, #1350, .T. ) ;
#815 = DIRECTION ( 'NONE',  ( -0.000000000000000000, -0.000000000000000000, -1.000000000000000000 ) ) ;
#816 = CARTESIAN_POINT ( 'NONE',  ( 44.10200000000000387, -58.14780000000001081, -9.240000000000001990 ) ) ;
#817 = ORIENTED_EDGE ( 'NONE', *, *, #1871, .F. ) ;
#818 = ORIENTED_EDGE ( 'NONE', *, *, #1003, .T. ) ;
#819 = ORIENTED_EDGE ( 'NONE', *, *, #911, .T. ) ;
#820 = DIRECTION ( 'NONE',  ( -0.9999999969907908959, 7.757846392242161865E-05, -0.000000000000000000 ) ) ;
#821 = DIRECTION ( 'NONE',  ( 1.000000000000000000, 0.000000000000000000, 0.000000000000000000 ) ) ;
#822 = LINE ( 'NONE', #1145, #115 ) ;
#823 = VERTEX_POINT ( 'NONE', #1948 ) ;
#824 = CONICAL_SURFACE ( 'NONE', #1022, 3.249999999999988898, 0.7853981633974466137 ) ;
#825 = DIRECTION ( 'NONE',  ( -0.000000000000000000, -0.000000000000000000, -1.000000000000000000 ) ) ;
#826 = ORIENTED_EDGE ( 'NONE', *, *, #293, .F. ) ;
#827 = ORIENTED_EDGE ( 'NONE', *, *, #443, .F. ) ;
#828 = ORIENTED_EDGE ( 'NONE', *, *, #484, .T. ) ;
#829 = DIRECTION ( 'NONE',  ( -0.000000000000000000, -0.000000000000000000, -1.000000000000000000 ) ) ;
#830 =( GEOMETRIC_REPRESENTATION_CONTEXT ( 3 ) GLOBAL_UNCERTAINTY_ASSIGNED_CONTEXT ( ( #804 ) ) GLOBAL_UNIT_ASSIGNED_CONTEXT ( ( #1864, #1899, #186 ) ) REPRESENTATION_CONTEXT ( 'NONE', 'WORKASPACE' ) );
#831 = FACE_OUTER_BOUND ( 'NONE', #25, .T. ) ;
#832 = VERTEX_POINT ( 'NONE', #578 ) ;
#833 = DIRECTION ( 'NONE',  ( 1.000000000000000000, 0.000000000000000000, 0.000000000000000000 ) ) ;
#834 = CIRCLE ( 'NONE', #329, 2.000000000000001776 ) ;
#835 = ORIENTED_EDGE ( 'NONE', *, *, #1276, .F. ) ;
#836 = VERTEX_POINT ( 'NONE', #1515 ) ;
#837 = ORIENTED_EDGE ( 'NONE', *, *, #1201, .F. ) ;
#838 = EDGE_CURVE ( 'NONE', #1070, #1154, #1331, .T. ) ;
#839 = FACE_BOUND ( 'NONE', #1099, .T. ) ;
#840 = CIRCLE ( 'NONE', #1300, 2.000000000000001776 ) ;
#841 = CARTESIAN_POINT ( 'NONE',  ( 47.35199999999998965, -58.14780000000001081, -9.240000000000001990 ) ) ;
#842 = EDGE_CURVE ( 'NONE', #796, #1635, #1178, .T. ) ;
#843 = LINE ( 'NONE', #66, #1668 ) ;
#844 = ORIENTED_EDGE ( 'NONE', *, *, #1232, .F. ) ;
#845 = CARTESIAN_POINT ( 'NONE',  ( 53.80218035360058337, 56.03826340957593288, -1.240000000000001545 ) ) ;
#846 = VECTOR ( 'NONE', #305, 1000.000000000000000 ) ;
#847 = ORIENTED_EDGE ( 'NONE', *, *, #1667, .F. ) ;
#848 = EDGE_LOOP ( 'NONE', ( #1778, #214, #358, #1127, #809, #501, #1736, #573 ) ) ;
#849 = CARTESIAN_POINT ( 'NONE',  ( -33.18334875402555184, 60.03826394635881769, 1.849999999999999201 ) ) ;
#850 = EDGE_CURVE ( 'NONE', #1617, #1301, #1497, .T. ) ;
#851 = ADVANCED_FACE ( 'NONE', ( #1196 ), #569, .T. ) ;
#852 = CARTESIAN_POINT ( 'NONE',  ( -47.14000000000000057, -58.14780000000001081, -6.740000000000001101 ) ) ;
#853 = LINE ( 'NONE', #1763, #1664 ) ;
#854 = EDGE_LOOP ( 'NONE', ( #929, #388, #693, #1313 ) ) ;
#855 = CARTESIAN_POINT ( 'NONE',  ( -39.67015805581310417, -65.14416824485374491, -2.375097025148006580 ) ) ;
#856 = EDGE_CURVE ( 'NONE', #467, #564, #1671, .T. ) ;
#857 = AXIS2_PLACEMENT_3D ( 'NONE', #174, #160, #196 ) ;
#858 = VECTOR ( 'NONE', #561, 1000.000000000000000 ) ;
#859 = CIRCLE ( 'NONE', #1647, 3.549999999999997602 ) ;
#860 = ORIENTED_EDGE ( 'NONE', *, *, #1574, .F. ) ;
#861 = VERTEX_POINT ( 'NONE', #597 ) ;
#862 = ORIENTED_EDGE ( 'NONE', *, *, #984, .T. ) ;
#863 = CYLINDRICAL_SURFACE ( 'NONE', #1079, 2.000000000000001776 ) ;
#864 = PLANE ( 'NONE',  #1825 ) ;
#865 = DIRECTION ( 'NONE',  ( -0.9999999999999640288, 2.683914532454245272E-07, 0.000000000000000000 ) ) ;
#866 = ORIENTED_EDGE ( 'NONE', *, *, #85, .T. ) ;
#867 = LINE ( 'NONE', #143, #1737 ) ;
#868 = ADVANCED_FACE ( 'NONE', ( #744 ), #1525, .T. ) ;
#869 = CIRCLE ( 'NONE', #547, 1.550000000000002709 ) ;
#870 = CARTESIAN_POINT ( 'NONE',  ( -47.14000000000000057, 47.60219999999999629, -5.170000000000000817 ) ) ;
#871 = ORIENTED_EDGE ( 'NONE', *, *, #2011, .F. ) ;
#872 = LINE ( 'NONE', #849, #964 ) ;
#873 = AXIS2_PLACEMENT_3D ( 'NONE', #1623, #1106, #1458 ) ;
#874 = DIRECTION ( 'NONE',  ( -1.000000000000000000, 0.000000000000000000, 0.000000000000000000 ) ) ;
#875 = VERTEX_POINT ( 'NONE', #485 ) ;
#876 = CARTESIAN_POINT ( 'NONE',  ( 53.80216531340575159, -1.444004133729002508E-05, -1.240000000000001545 ) ) ;
#877 = ADVANCED_FACE ( 'NONE', ( #1561 ), #1689, .F. ) ;
#878 = AXIS2_PLACEMENT_3D ( 'NONE', #1937, #618, #324 ) ;
#879 = ORIENTED_EDGE ( 'NONE', *, *, #484, .F. ) ;
#880 = ORIENTED_EDGE ( 'NONE', *, *, #604, .F. ) ;
#881 = DIRECTION ( 'NONE',  ( -7.757846392243098344E-05, -0.9999999969907911179, -4.929054126662225766E-17 ) ) ;
#882 = AXIS2_PLACEMENT_3D ( 'NONE', #1000, #392, #382 ) ;
#883 = DIRECTION ( 'NONE',  ( 0.7071067811865463515, 8.659560562354918067E-17, -0.7071067811865487940 ) ) ;
#884 = DIRECTION ( 'NONE',  ( 0.9999999969907908959, -7.757846392242778505E-05, 0.000000000000000000 ) ) ;
#885 = ORIENTED_EDGE ( 'NONE', *, *, #1365, .F. ) ;
#886 = DIRECTION ( 'NONE',  ( 0.000000000000000000, -0.000000000000000000, -1.000000000000000000 ) ) ;
#887 = AXIS2_PLACEMENT_3D ( 'NONE', #1113, #354, #200 ) ;
#888 = DIRECTION ( 'NONE',  ( -0.000000000000000000, 0.000000000000000000, 1.000000000000000000 ) ) ;
#889 = EDGE_LOOP ( 'NONE', ( #1269, #1309, #101, #1025 ) ) ;
#890 = LINE ( 'NONE', #121, #1968 ) ;
#891 = EDGE_CURVE ( 'NONE', #436, #103, #1369, .T. ) ;
#892 = CARTESIAN_POINT ( 'NONE',  ( 38.17546628606456949, 55.73826394635882053, 1.850000000000000089 ) ) ;
#893 = FACE_OUTER_BOUND ( 'NONE', #1946, .T. ) ;
#894 = EDGE_LOOP ( 'NONE', ( #1460, #1501, #1756, #792 ) ) ;
#895 = LINE ( 'NONE', #716, #746 ) ;
#896 = VECTOR ( 'NONE', #1430, 1000.000000000000000 ) ;
#897 = VECTOR ( 'NONE', #719, 1000.000000000000000 ) ;
#898 = DIRECTION ( 'NONE',  ( 1.000000000000000000, 0.000000000000000000, 0.000000000000000000 ) ) ;
#899 = AXIS2_PLACEMENT_3D ( 'NONE', #1942, #1482, #1134 ) ;
#900 = CARTESIAN_POINT ( 'NONE',  ( 44.10200000000000387, 47.60219999999999629, -9.240000000000001990 ) ) ;
#901 = ADVANCED_FACE ( 'NONE', ( #156 ), #1719, .F. ) ;
#902 = DIRECTION ( 'NONE',  ( 0.000000000000000000, 0.000000000000000000, -1.000000000000000000 ) ) ;
#903 = ORIENTED_EDGE ( 'NONE', *, *, #1441, .F. ) ;
#904 = ADVANCED_FACE ( 'NONE', ( #147 ), #138, .T. ) ;
#905 = CIRCLE ( 'NONE', #39, 1.550000000000002709 ) ;
#906 = DIRECTION ( 'NONE',  ( 0.9999999969907908959, -7.757846392242778505E-05, 0.000000000000000000 ) ) ;
#907 = DIRECTION ( 'NONE',  ( -0.000000000000000000, -0.000000000000000000, -1.000000000000000000 ) ) ;
#908 = CARTESIAN_POINT ( 'NONE',  ( 47.35199999999998965, 47.60219999999999629, -6.740000000000001101 ) ) ;
#909 = DIRECTION ( 'NONE',  ( 1.000000000000000000, 0.000000000000000000, 0.000000000000000000 ) ) ;
#910 = PRODUCT ( 'bottom', 'bottom', '', ( #1208 ) ) ;
#911 = EDGE_CURVE ( 'NONE', #1443, #61, #353, .T. ) ;
#912 = VECTOR ( 'NONE', #109, 1000.000000000000227 ) ;
#913 = CARTESIAN_POINT ( 'NONE',  ( -51.68334875402555184, -65.14323627996974153, -1.240000000000001545 ) ) ;
#914 = DIRECTION ( 'NONE',  ( 1.000000000000000000, 0.000000000000000000, 0.000000000000000000 ) ) ;
#915 = ORIENTED_EDGE ( 'NONE', *, *, #1144, .T. ) ;
#916 = CARTESIAN_POINT ( 'NONE',  ( 55.81168838973843549, -67.16096206751441855, -5.240000000000001990 ) ) ;
#917 = CARTESIAN_POINT ( 'NONE',  ( -42.25031746348746253, -65.14396808004963191, -1.240000000000001545 ) ) ;
#918 = CIRCLE ( 'NONE', #1118, 3.549999999999997602 ) ;
#919 = EDGE_LOOP ( 'NONE', ( #169, #741, #1654, #1638 ) ) ;
#920 = AXIS2_PLACEMENT_3D ( 'NONE', #1252, #1542, #178 ) ;
#921 = DIRECTION ( 'NONE',  ( 1.000000000000000000, 0.000000000000000000, 0.000000000000000000 ) ) ;
#922 = DIRECTION ( 'NONE',  ( -0.000000000000000000, 0.000000000000000000, 1.000000000000000000 ) ) ;
#923 = CARTESIAN_POINT ( 'NONE',  ( -7.514936077266057884E-15, 56.03826394635882480, 1.849999999999999201 ) ) ;
#924 = ORIENTED_EDGE ( 'NONE', *, *, #246, .F. ) ;
#925 = EDGE_CURVE ( 'NONE', #543, #24, #1809, .T. ) ;
#926 = CARTESIAN_POINT ( 'NONE',  ( -7.493499026763093239E-15, 58.03826394635882480, -5.240000000000001990 ) ) ;
#927 = DIRECTION ( 'NONE',  ( -0.000000000000000000, 0.000000000000000000, 1.000000000000000000 ) ) ;
#928 = ORIENTED_EDGE ( 'NONE', *, *, #1718, .F. ) ;
#929 = ORIENTED_EDGE ( 'NONE', *, *, #2001, .F. ) ;
#930 = CARTESIAN_POINT ( 'NONE',  ( -5.997489968850691550E-15, 57.63826394635881201, -1.240000000000001545 ) ) ;
#931 = DIRECTION ( 'NONE',  ( 1.000000000000000000, 0.000000000000000000, 0.000000000000000000 ) ) ;
#932 = DIRECTION ( 'NONE',  ( 1.000000000000000000, 0.000000000000000000, 0.000000000000000000 ) ) ;
#933 = AXIS2_PLACEMENT_3D ( 'NONE', #362, #372, #504 ) ;
#934 = EDGE_LOOP ( 'NONE', ( #1849, #847, #903, #1709, #835, #1340, #1915, #1683, #1190, #1330, #403, #1139, #951, #649, #47, #686, #224, #1030, #393, #1465, #399, #449, #710, #1583 ) ) ;
#935 = EDGE_CURVE ( 'NONE', #875, #778, #151, .T. ) ;
#936 = AXIS2_PLACEMENT_3D ( 'NONE', #226, #829, #532 ) ;
#937 = EDGE_CURVE ( 'NONE', #986, #1154, #1550, .T. ) ;
#938 = CARTESIAN_POINT ( 'NONE',  ( 0.000000000000000000, 55.73826394635882053, 1.849999999999999201 ) ) ;
#939 = CARTESIAN_POINT ( 'NONE',  ( -33.18334875402555184, 57.63826394635881201, 1.849999999999999201 ) ) ;
#940 = ORIENTED_EDGE ( 'NONE', *, *, #1328, .T. ) ;
#941 = ORIENTED_EDGE ( 'NONE', *, *, #1374, .T. ) ;
#942 = AXIS2_PLACEMENT_3D ( 'NONE', #1780, #402, #1287 ) ;
#943 = DIRECTION ( 'NONE',  ( -1.000000000000000000, -1.040539662060653020E-16, 0.000000000000000000 ) ) ;
#944 = CARTESIAN_POINT ( 'NONE',  ( -0.005054023242102041909, -65.14724540270518105, -2.375097025144229157 ) ) ;
#945 = CARTESIAN_POINT ( 'NONE',  ( -53.69289213209973610, 58.03826394635883190, -5.240000000000001990 ) ) ;
#946 = SURFACE_STYLE_FILL_AREA ( #1415 ) ;
#947 = ORIENTED_EDGE ( 'NONE', *, *, #911, .F. ) ;
#948 = FACE_OUTER_BOUND ( 'NONE', #1936, .T. ) ;
#949 = DIRECTION ( 'NONE',  ( -0.000000000000000000, -0.000000000000000000, -1.000000000000000000 ) ) ;
#950 = ORIENTED_EDGE ( 'NONE', *, *, #993, .F. ) ;
#951 = ORIENTED_EDGE ( 'NONE', *, *, #461, .T. ) ;
#952 = EDGE_CURVE ( 'NONE', #191, #263, #256, .T. ) ;
#953 = VECTOR ( 'NONE', #1187, 1000.000000000000114 ) ;
#954 = DIRECTION ( 'NONE',  ( 1.000000000000000000, 0.000000000000000000, 0.000000000000000000 ) ) ;
#955 = CARTESIAN_POINT ( 'NONE',  ( -0.005209180170172700471, -67.14724539668671355, -5.240000000000001990 ) ) ;
#956 = CARTESIAN_POINT ( 'NONE',  ( 44.80199267043921907, 61.23826394635882053, -1.240000000000001545 ) ) ;
#957 = FACE_OUTER_BOUND ( 'NONE', #723, .T. ) ;
#958 = VERTEX_POINT ( 'NONE', #900 ) ;
#959 = DIRECTION ( 'NONE',  ( 1.000000000000000000, 0.000000000000000000, 0.000000000000000000 ) ) ;
#960 = VERTEX_POINT ( 'NONE', #1384 ) ;
#961 = LINE ( 'NONE', #1854, #129 ) ;
#962 = ORIENTED_EDGE ( 'NONE', *, *, #726, .F. ) ;
#963 = ORIENTED_EDGE ( 'NONE', *, *, #1521, .T. ) ;
#964 = VECTOR ( 'NONE', #408, 1000.000000000000000 ) ;
#965 = AXIS2_PLACEMENT_3D ( 'NONE', #23, #344, #1267 ) ;
#966 = EDGE_CURVE ( 'NONE', #1291, #1466, #770, .T. ) ;
#967 = AXIS2_PLACEMENT_3D ( 'NONE', #870, #271, #1658 ) ;
#968 = CARTESIAN_POINT ( 'NONE',  ( -43.89000000000001478, 47.60219999999999629, -9.240000000000001990 ) ) ;
#969 = DIRECTION ( 'NONE',  ( -0.000000000000000000, -0.000000000000000000, -1.000000000000000000 ) ) ;
#970 = PRODUCT_DEFINITION_CONTEXT ( 'detailed design', #177, 'design' ) ;
#971 = DIRECTION ( 'NONE',  ( -0.000000000000000000, 0.000000000000000000, 1.000000000000000000 ) ) ;
#972 = DIRECTION ( 'NONE',  ( -1.000000000000000000, 0.000000000000000000, 0.000000000000000000 ) ) ;
#973 = VECTOR ( 'NONE', #906, 1000.000000000000114 ) ;
#974 = ORIENTED_EDGE ( 'NONE', *, *, #11, .T. ) ;
#975 = ORIENTED_EDGE ( 'NONE', *, *, #1999, .F. ) ;
#976 = EDGE_LOOP ( 'NONE', ( #871, #192 ) ) ;
#977 = ADVANCED_FACE ( 'NONE', ( #751 ), #2003, .T. ) ;
#978 = DIRECTION ( 'NONE',  ( 0.9999999999999998890, 1.789688009715740165E-08, 0.000000000000000000 ) ) ;
#979 = VECTOR ( 'NONE', #1885, 1000.000000000000227 ) ;
#980 = LINE ( 'NONE', #1591, #166 ) ;
#981 = EDGE_CURVE ( 'NONE', #61, #1443, #1184, .T. ) ;
#982 = CARTESIAN_POINT ( 'NONE',  ( -51.68334875402555184, 56.03826394635881769, -1.240000000000001545 ) ) ;
#983 = CARTESIAN_POINT ( 'NONE',  ( -51.68334875402555184, -65.14323627996974153, -1.240000000000001545 ) ) ;
#984 = EDGE_CURVE ( 'NONE', #702, #215, #315, .T. ) ;
#985 = VERTEX_POINT ( 'NONE', #917 ) ;
#986 = VERTEX_POINT ( 'NONE', #1858 ) ;
#987 = ORIENTED_EDGE ( 'NONE', *, *, #1061, .T. ) ;
#988 = DIRECTION ( 'NONE',  ( -0.000000000000000000, 0.000000000000000000, 1.000000000000000000 ) ) ;
#989 = CARTESIAN_POINT ( 'NONE',  ( 45.80199999999998539, -58.14780000000001081, -7.540000000000008917 ) ) ;
#990 = CARTESIAN_POINT ( 'NONE',  ( -48.69000000000000483, 47.60219999999999629, -5.170000000000000817 ) ) ;
#991 = ORIENTED_EDGE ( 'NONE', *, *, #966, .F. ) ;
#992 = CARTESIAN_POINT ( 'NONE',  ( 53.81168838973848523, -67.16096153073149821, -5.240000000000001990 ) ) ;
#993 = EDGE_CURVE ( 'NONE', #1882, #1457, #1839, .T. ) ;
#994 = ORIENTED_EDGE ( 'NONE', *, *, #139, .T. ) ;
#995 = ADVANCED_FACE ( 'NONE', ( #1395 ), #418, .F. ) ;
#996 = ORIENTED_EDGE ( 'NONE', *, *, #495, .F. ) ;
#997 = ORIENTED_EDGE ( 'NONE', *, *, #691, .F. ) ;
#998 = CARTESIAN_POINT ( 'NONE',  ( 51.80218035360066153, 58.03826394635883190, -5.240000000000001990 ) ) ;
#999 = DIRECTION ( 'NONE',  ( -0.000000000000000000, 0.000000000000000000, -1.000000000000000000 ) ) ;
#1000 = CARTESIAN_POINT ( 'NONE',  ( 51.80218035360066153, 56.03826394635883190, -1.240000000000001545 ) ) ;
#1001 = EDGE_LOOP ( 'NONE', ( #1282, #987, #761, #332, #1006, #620, #108, #1163 ) ) ;
#1002 = LINE ( 'NONE', #558, #1257 ) ;
#1003 = EDGE_CURVE ( 'NONE', #986, #1927, #1442, .T. ) ;
#1004 = EDGE_CURVE ( 'NONE', #295, #958, #507, .T. ) ;
#1005 = EDGE_LOOP ( 'NONE', ( #1868, #1766, #1043, #1433 ) ) ;
#1006 = ORIENTED_EDGE ( 'NONE', *, *, #850, .T. ) ;
#1007 = DIRECTION ( 'NONE',  ( 0.000000000000000000, 1.000000000000000000, 0.000000000000000000 ) ) ;
#1008 = CARTESIAN_POINT ( 'NONE',  ( 0.000000000000000000, 0.000000000000000000, -1.240000000000001545 ) ) ;
#1009 = EDGE_CURVE ( 'NONE', #778, #958, #1890, .T. ) ;
#1010 = LINE ( 'NONE', #1162, #376 ) ;
#1011 = ORIENTED_EDGE ( 'NONE', *, *, #407, .T. ) ;
#1012 = DIRECTION ( 'NONE',  ( 0.7071067811865463515, 8.659560562354918067E-17, -0.7071067811865487940 ) ) ;
#1013 = AXIS2_PLACEMENT_3D ( 'NONE', #1211, #1838, #1021 ) ;
#1014 = VERTEX_POINT ( 'NONE', #1571 ) ;
#1015 = ORIENTED_EDGE ( 'NONE', *, *, #208, .F. ) ;
#1016 = CARTESIAN_POINT ( 'NONE',  ( -47.14000000000000057, 47.60219999999999629, -5.170000000000000817 ) ) ;
#1017 = ADVANCED_FACE ( 'NONE', ( #58 ), #1596, .F. ) ;
#1018 =( NAMED_UNIT ( * ) PLANE_ANGLE_UNIT ( ) SI_UNIT ( $, .RADIAN. ) );
#1019 = PLANE ( 'NONE',  #279 ) ;
#1020 = EDGE_LOOP ( 'NONE', ( #1932, #1255, #1979, #511 ) ) ;
#1021 = DIRECTION ( 'NONE',  ( -0.000000000000000000, 0.000000000000000000, -1.000000000000000000 ) ) ;
#1022 = AXIS2_PLACEMENT_3D ( 'NONE', #657, #34, #646 ) ;
#1023 = AXIS2_PLACEMENT_3D ( 'NONE', #690, #1487, #731 ) ;
#1024 = FACE_OUTER_BOUND ( 'NONE', #894, .T. ) ;
#1025 = ORIENTED_EDGE ( 'NONE', *, *, #1989, .F. ) ;
#1026 = DIRECTION ( 'NONE',  ( 0.000000000000000000, -0.000000000000000000, -1.000000000000000000 ) ) ;
#1027 = DIRECTION ( 'NONE',  ( -0.000000000000000000, -0.000000000000000000, -1.000000000000000000 ) ) ;
#1028 = EDGE_CURVE ( 'NONE', #1869, #50, #508, .T. ) ;
#1029 = CARTESIAN_POINT ( 'NONE',  ( -7.514936077266057884E-15, 56.03826394635882480, 1.849999999999999201 ) ) ;
#1030 = ORIENTED_EDGE ( 'NONE', *, *, #1656, .T. ) ;
#1031 = DIRECTION ( 'NONE',  ( -1.000000000000000000, -2.081079324121306286E-16, 0.000000000000000000 ) ) ;
#1032 = ORIENTED_EDGE ( 'NONE', *, *, #1630, .T. ) ;
#1033 = EDGE_LOOP ( 'NONE', ( #1947, #1823, #1366, #462 ) ) ;
#1034 = CARTESIAN_POINT ( 'NONE',  ( 43.80199999999999250, -58.14780000000001081, -5.170000000000000817 ) ) ;
#1035 = AXIS2_PLACEMENT_3D ( 'NONE', #210, #68, #1953 ) ;
#1036 = CIRCLE ( 'NONE', #489, 3.249999999999988898 ) ;
#1037 = DIRECTION ( 'NONE',  ( -0.000000000000000000, 0.000000000000000000, -1.000000000000000000 ) ) ;
#1038 = ORIENTED_EDGE ( 'NONE', *, *, #627, .T. ) ;
#1039 = CARTESIAN_POINT ( 'NONE',  ( -42.25031746348746253, -65.14396808004963191, -1.240000000000001545 ) ) ;
#1040 = EDGE_CURVE ( 'NONE', #236, #49, #1316, .T. ) ;
#1041 = AXIS2_PLACEMENT_3D ( 'NONE', #1631, #472, #245 ) ;
#1042 = DIRECTION ( 'NONE',  ( -1.000000000000000000, 0.000000000000000000, 0.000000000000000000 ) ) ;
#1043 = ORIENTED_EDGE ( 'NONE', *, *, #1193, .T. ) ;
#1044 = CARTESIAN_POINT ( 'NONE',  ( -55.69289109339588606, -9.967289941625514021E-07, -5.240000000000001990 ) ) ;
#1045 = LINE ( 'NONE', #95, #171 ) ;
#1046 = LINE ( 'NONE', #1189, #1714 ) ;
#1047 = VERTEX_POINT ( 'NONE', #1432 ) ;
#1048 = LINE ( 'NONE', #1073, #846 ) ;
#1049 = ADVANCED_FACE ( 'NONE', ( #1733 ), #1125, .F. ) ;
#1050 = AXIS2_PLACEMENT_3D ( 'NONE', #938, #1533, #1847 ) ;
#1051 = DIRECTION ( 'NONE',  ( 1.000000000000000000, 1.291130801860109158E-16, 0.000000000000000000 ) ) ;
#1052 = FACE_OUTER_BOUND ( 'NONE', #1020, .T. ) ;
#1053 = ADVANCED_FACE ( 'NONE', ( #948 ), #824, .F. ) ;
#1054 = LINE ( 'NONE', #1867, #1068 ) ;
#1055 = VERTEX_POINT ( 'NONE', #816 ) ;
#1056 = CARTESIAN_POINT ( 'NONE',  ( -0.005054023242327923722, -65.14724540270515263, -1.240000000000001545 ) ) ;
#1057 = CARTESIAN_POINT ( 'NONE',  ( -53.68334875402555895, 56.03826394635881769, -1.240000000000001545 ) ) ;
#1058 = CONICAL_SURFACE ( 'NONE', #545, 3.249999999999988898, 0.7853981633974466137 ) ;
#1059 = VECTOR ( 'NONE', #1204, 1000.000000000000000 ) ;
#1060 = CARTESIAN_POINT ( 'NONE',  ( 38.17546628606457659, 56.03826394635883190, 1.849999999999999201 ) ) ;
#1061 = EDGE_CURVE ( 'NONE', #601, #1965, #1902, .T. ) ;
#1062 = DIRECTION ( 'NONE',  ( 1.000000000000000000, 0.000000000000000000, 0.000000000000000000 ) ) ;
#1063 = ADVANCED_FACE ( 'NONE', ( #1107 ), #1872, .F. ) ;
#1064 = CARTESIAN_POINT ( 'NONE',  ( 50.60199999999998255, -58.14780000000001081, -9.240000000000001990 ) ) ;
#1065 = FACE_OUTER_BOUND ( 'NONE', #488, .T. ) ;
#1066 = VECTOR ( 'NONE', #1518, 1000.000000000000000 ) ;
#1067 = CARTESIAN_POINT ( 'NONE',  ( -51.68334875402555184, 58.03826394635881769, -1.240000000000001545 ) ) ;
#1068 = VECTOR ( 'NONE', #884, 1000.000000000000114 ) ;
#1069 = DIRECTION ( 'NONE',  ( 1.000000000000000000, 0.000000000000000000, 0.000000000000000000 ) ) ;
#1070 = VERTEX_POINT ( 'NONE', #689 ) ;
#1071 = ADVANCED_FACE ( 'NONE', ( #84 ), #491, .F. ) ;
#1072 = LINE ( 'NONE', #1699, #611 ) ;
#1073 = CARTESIAN_POINT ( 'NONE',  ( -33.18334875402555184, 57.63826394635881201, 1.849999999999999201 ) ) ;
#1074 = ORIENTED_EDGE ( 'NONE', *, *, #536, .T. ) ;
#1075 = DIRECTION ( 'NONE',  ( 1.000000000000000000, 0.000000000000000000, 0.000000000000000000 ) ) ;
#1076 = DIRECTION ( 'NONE',  ( 1.000000000000000000, 0.000000000000000000, 0.000000000000000000 ) ) ;
#1077 = VERTEX_POINT ( 'NONE', #652 ) ;
#1078 = ORIENTED_EDGE ( 'NONE', *, *, #1581, .T. ) ;
#1079 = AXIS2_PLACEMENT_3D ( 'NONE', #589, #711, #1206 ) ;
#1080 = CARTESIAN_POINT ( 'NONE',  ( 0.000000000000000000, 0.000000000000000000, 0.000000000000000000 ) ) ;
#1081 = DIRECTION ( 'NONE',  ( 0.9999999969907910069, -7.757846392269333326E-05, 0.000000000000000000 ) ) ;
#1082 = ADVANCED_FACE ( 'NONE', ( #1095 ), #1259, .F. ) ;
#1083 = LINE ( 'NONE', #629, #438 ) ;
#1084 = DIRECTION ( 'NONE',  ( -0.000000000000000000, -1.000000000000000000, -0.000000000000000000 ) ) ;
#1085 = EDGE_CURVE ( 'NONE', #1961, #778, #1083, .T. ) ;
#1086 = PRESENTATION_STYLE_ASSIGNMENT (( #54 ) ) ;
#1087 = VERTEX_POINT ( 'NONE', #1712 ) ;
#1088 = CIRCLE ( 'NONE', #965, 3.549999999999997602 ) ;
#1089 = DIRECTION ( 'NONE',  ( 0.000000000000000000, 0.000000000000000000, -1.000000000000000000 ) ) ;
#1090 = AXIS2_PLACEMENT_3D ( 'NONE', #290, #560, #1804 ) ;
#1091 = CARTESIAN_POINT ( 'NONE',  ( 47.35199999999998965, 47.60219999999999629, -9.240000000000001990 ) ) ;
#1092 = ORIENTED_EDGE ( 'NONE', *, *, #1717, .F. ) ;
#1093 = ORIENTED_EDGE ( 'NONE', *, *, #29, .T. ) ;
#1094 = CARTESIAN_POINT ( 'NONE',  ( -0.005054023242102041909, -65.14724540270518105, -2.375097025144229157 ) ) ;
#1095 = FACE_OUTER_BOUND ( 'NONE', #1205, .T. ) ;
#1096 = PLANE ( 'NONE',  #1539 ) ;
#1097 = AXIS2_PLACEMENT_3D ( 'NONE', #1761, #218, #207 ) ;
#1098 = CARTESIAN_POINT ( 'NONE',  ( 55.81172199214049101, 58.03826340957594709, -5.240000000000001990 ) ) ;
#1099 = EDGE_LOOP ( 'NONE', ( #1167, #482 ) ) ;
#1100 = VECTOR ( 'NONE', #1535, 1000.000000000000000 ) ;
#1101 = EDGE_CURVE ( 'NONE', #1268, #557, #1314, .T. ) ;
#1102 = CARTESIAN_POINT ( 'NONE',  ( -51.68334875402555184, 56.03826394635881769, -1.240000000000001545 ) ) ;
#1103 = CARTESIAN_POINT ( 'NONE',  ( 47.35199999999998965, 47.60219999999999629, -5.170000000000000817 ) ) ;
#1104 = ORIENTED_EDGE ( 'NONE', *, *, #246, .T. ) ;
#1105 = ORIENTED_EDGE ( 'NONE', *, *, #1223, .T. ) ;
#1106 = DIRECTION ( 'NONE',  ( -0.000000000000000000, -0.000000000000000000, -1.000000000000000000 ) ) ;
#1107 = FACE_OUTER_BOUND ( 'NONE', #607, .T. ) ;
#1108 = CARTESIAN_POINT ( 'NONE',  ( 0.000000000000000000, 0.000000000000000000, 1.849999999999999201 ) ) ;
#1109 = LINE ( 'NONE', #1741, #230 ) ;
#1110 = AXIS2_PLACEMENT_3D ( 'NONE', #492, #1380, #1694 ) ;
#1111 = ORIENTED_EDGE ( 'NONE', *, *, #1860, .F. ) ;
#1112 = EDGE_CURVE ( 'NONE', #1445, #1894, #237, .T. ) ;
#1113 = CARTESIAN_POINT ( 'NONE',  ( -7.505803065072544022, 61.23826394635882053, 16.09624661702986259 ) ) ;
#1114 = ORIENTED_EDGE ( 'NONE', *, *, #595, .T. ) ;
#1115 = FACE_OUTER_BOUND ( 'NONE', #2012, .T. ) ;
#1116 = ORIENTED_EDGE ( 'NONE', *, *, #56, .T. ) ;
#1117 = ORIENTED_EDGE ( 'NONE', *, *, #1410, .F. ) ;
#1118 = AXIS2_PLACEMENT_3D ( 'NONE', #481, #922, #350 ) ;
#1119 = AXIS2_PLACEMENT_3D ( 'NONE', #1016, #255, #104 ) ;
#1120 = DIRECTION ( 'NONE',  ( -0.000000000000000000, 0.000000000000000000, 1.000000000000000000 ) ) ;
#1121 = LINE ( 'NONE', #799, #1559 ) ;
#1122 = DIRECTION ( 'NONE',  ( -7.757846392243098344E-05, -0.9999999969907911179, -4.929054126662225766E-17 ) ) ;
#1123 = CIRCLE ( 'NONE', #1813, 3.549999999999997602 ) ;
#1124 = CARTESIAN_POINT ( 'NONE',  ( 50.90199999999998681, 47.60219999999999629, -6.740000000000001101 ) ) ;
#1125 = PLANE ( 'NONE',  #887 ) ;
#1126 = ORIENTED_EDGE ( 'NONE', *, *, #1085, .F. ) ;
#1127 = ORIENTED_EDGE ( 'NONE', *, *, #1414, .T. ) ;
#1128 = ORIENTED_EDGE ( 'NONE', *, *, #802, .F. ) ;
#1129 = ADVANCED_FACE ( 'NONE', ( #2, #839 ), #1235, .T. ) ;
#1130 = DIRECTION ( 'NONE',  ( 1.000000000000000000, 0.000000000000000000, 0.000000000000000000 ) ) ;
#1131 = CARTESIAN_POINT ( 'NONE',  ( -45.58999999999999631, -58.14780000000001081, -7.540000000000008917 ) ) ;
#1132 = EDGE_CURVE ( 'NONE', #647, #1014, #788, .T. ) ;
#1133 = CARTESIAN_POINT ( 'NONE',  ( 47.35199999999998965, 47.60219999999999629, -5.170000000000000817 ) ) ;
#1134 = DIRECTION ( 'NONE',  ( 0.9999999969907910069, -7.757846392269333326E-05, 0.000000000000000000 ) ) ;
#1135 = CIRCLE ( 'NONE', #1035, 2.000000000000001776 ) ;
#1136 = AXIS2_PLACEMENT_3D ( 'NONE', #523, #978, #1750 ) ;
#1137 = ORIENTED_EDGE ( 'NONE', *, *, #1292, .F. ) ;
#1138 = VERTEX_POINT ( 'NONE', #336 ) ;
#1139 = ORIENTED_EDGE ( 'NONE', *, *, #1263, .T. ) ;
#1140 = LINE ( 'NONE', #1285, #1363 ) ;
#1141 = VECTOR ( 'NONE', #1624, 1000.000000000000000 ) ;
#1142 = CIRCLE ( 'NONE', #275, 2.000000000000001776 ) ;
#1143 = CARTESIAN_POINT ( 'NONE',  ( -43.59000000000000341, -58.14780000000001081, -5.170000000000000817 ) ) ;
#1144 = EDGE_CURVE ( 'NONE', #1496, #861, #540, .T. ) ;
#1145 = CARTESIAN_POINT ( 'NONE',  ( -0.005209180170172700471, -67.14724539668671355, -1.240000000000001545 ) ) ;
#1146 = EDGE_LOOP ( 'NONE', ( #1786, #1250, #1952, #243, #1553, #963, #474, #345 ) ) ;
#1147 = DIRECTION ( 'NONE',  ( 1.000000000000000000, 0.000000000000000000, 0.000000000000000000 ) ) ;
#1148 = ORIENTED_EDGE ( 'NONE', *, *, #631, .F. ) ;
#1149 = EDGE_LOOP ( 'NONE', ( #1670, #1181, #1172, #1474 ) ) ;
#1150 = EDGE_LOOP ( 'NONE', ( #1877, #113, #228, #235 ) ) ;
#1151 = DIRECTION ( 'NONE',  ( 1.000000000000000000, 0.000000000000000000, 0.000000000000000000 ) ) ;
#1152 = VECTOR ( 'NONE', #613, 1000.000000000000000 ) ;
#1153 = DIRECTION ( 'NONE',  ( -0.000000000000000000, 0.000000000000000000, 1.000000000000000000 ) ) ;
#1154 = VERTEX_POINT ( 'NONE', #42 ) ;
#1155 = EDGE_CURVE ( 'NONE', #836, #1994, #1246, .T. ) ;
#1156 = CARTESIAN_POINT ( 'NONE',  ( -45.58999999999999631, 47.60219999999999629, -7.540000000000008917 ) ) ;
#1157 = EDGE_CURVE ( 'NONE', #220, #1445, #621, .T. ) ;
#1158 = ORIENTED_EDGE ( 'NONE', *, *, #483, .T. ) ;
#1159 = ORIENTED_EDGE ( 'NONE', *, *, #154, .T. ) ;
#1160 = DIRECTION ( 'NONE',  ( -1.000000000000000000, 0.000000000000000000, 0.000000000000000000 ) ) ;
#1161 = LINE ( 'NONE', #420, #434 ) ;
#1162 = CARTESIAN_POINT ( 'NONE',  ( -0.005365077282035639848, -69.15678649239654874, -5.240000000000001990 ) ) ;
#1163 = ORIENTED_EDGE ( 'NONE', *, *, #1667, .T. ) ;
#1164 = DIRECTION ( 'NONE',  ( 1.000000000000000000, 0.000000000000000000, 0.000000000000000000 ) ) ;
#1165 = EDGE_CURVE ( 'NONE', #467, #1769, #1598, .T. ) ;
#1166 = EDGE_LOOP ( 'NONE', ( #1558, #975, #1011, #1776 ) ) ;
#1167 = ORIENTED_EDGE ( 'NONE', *, *, #1304, .F. ) ;
#1168 = CYLINDRICAL_SURFACE ( 'NONE', #1119, 1.550000000000002709 ) ;
#1169 = AXIS2_PLACEMENT_3D ( 'NONE', #1896, #1884, #999 ) ;
#1170 = LINE ( 'NONE', #1477, #2000 ) ;
#1171 = DIRECTION ( 'NONE',  ( 1.000000000000000000, 0.000000000000000000, 0.000000000000000000 ) ) ;
#1172 = ORIENTED_EDGE ( 'NONE', *, *, #360, .F. ) ;
#1173 = FACE_OUTER_BOUND ( 'NONE', #519, .T. ) ;
#1174 = VECTOR ( 'NONE', #1031, 1000.000000000000000 ) ;
#1175 = LINE ( 'NONE', #262, #1622 ) ;
#1176 = EDGE_CURVE ( 'NONE', #529, #1087, #173, .T. ) ;
#1177 = VERTEX_POINT ( 'NONE', #998 ) ;
#1178 = LINE ( 'NONE', #1805, #537 ) ;
#1179 = CARTESIAN_POINT ( 'NONE',  ( -55.69288989157347913, -67.15262152645246374, -9.240000000000001990 ) ) ;
#1180 = CARTESIAN_POINT ( 'NONE',  ( -55.69289213209974321, 58.03826391056507106, -9.240000000000001990 ) ) ;
#1181 = ORIENTED_EDGE ( 'NONE', *, *, #1478, .F. ) ;
#1182 = CARTESIAN_POINT ( 'NONE',  ( -47.14000000000000057, -58.14780000000001081, -5.170000000000000817 ) ) ;
#1183 = CIRCLE ( 'NONE', #752, 2.000000000000001776 ) ;
#1184 = CIRCLE ( 'NONE', #285, 1.550000000000002709 ) ;
#1185 = FACE_BOUND ( 'NONE', #810, .T. ) ;
#1186 = ORIENTED_EDGE ( 'NONE', *, *, #1840, .F. ) ;
#1187 = DIRECTION ( 'NONE',  ( 1.789688009715739834E-08, -0.9999999999999997780, 0.000000000000000000 ) ) ;
#1188 = CARTESIAN_POINT ( 'NONE',  ( -53.69289213209973610, 60.03826394635883190, -5.240000000000001990 ) ) ;
#1189 = CARTESIAN_POINT ( 'NONE',  ( -51.68350391095340512, -67.14323627395131666, -1.240000000000001545 ) ) ;
#1190 = ORIENTED_EDGE ( 'NONE', *, *, #1328, .F. ) ;
#1191 = AXIS2_PLACEMENT_3D ( 'NONE', #581, #476, #874 ) ;
#1192 = DIRECTION ( 'NONE',  ( 1.000000000000000000, 0.000000000000000000, 0.000000000000000000 ) ) ;
#1193 = EDGE_CURVE ( 'NONE', #1496, #1385, #349, .T. ) ;
#1194 = LINE ( 'NONE', #576, #1652 ) ;
#1195 = ORIENTED_EDGE ( 'NONE', *, *, #303, .T. ) ;
#1196 = FACE_OUTER_BOUND ( 'NONE', #1891, .T. ) ;
#1197 = DIRECTION ( 'NONE',  ( 1.000000000000000000, 0.000000000000000000, 0.000000000000000000 ) ) ;
#1198 = AXIS2_PLACEMENT_3D ( 'NONE', #681, #662, #1151 ) ;
#1199 = CARTESIAN_POINT ( 'NONE',  ( 55.81170641516261810, -1.497938498717055936E-05, -5.240000000000001990 ) ) ;
#1200 = EDGE_LOOP ( 'NONE', ( #377, #1811, #1233, #1625 ) ) ;
#1201 = EDGE_CURVE ( 'NONE', #1697, #1957, #1121, .T. ) ;
#1202 = CARTESIAN_POINT ( 'NONE',  ( 53.81168838973848523, -67.16096153073149821, -9.240000000000001990 ) ) ;
#1203 = CIRCLE ( 'NONE', #339, 2.000000000000001776 ) ;
#1204 = DIRECTION ( 'NONE',  ( 0.000000000000000000, 0.000000000000000000, -1.000000000000000000 ) ) ;
#1205 = EDGE_LOOP ( 'NONE', ( #1645, #430, #1506, #333 ) ) ;
#1206 = DIRECTION ( 'NONE',  ( 1.000000000000000000, 0.000000000000000000, 0.000000000000000000 ) ) ;
#1207 = AXIS2_PLACEMENT_3D ( 'NONE', #278, #1367, #742 ) ;
#1208 = PRODUCT_CONTEXT ( 'NONE', #549, 'mechanical' ) ;
#1209 = DIRECTION ( 'NONE',  ( -1.291130801860109158E-16, 1.000000000000000000, 0.000000000000000000 ) ) ;
#1210 = EDGE_LOOP ( 'NONE', ( #1629, #773, #1451, #636 ) ) ;
#1211 = CARTESIAN_POINT ( 'NONE',  ( 33.50218142716574476, 60.03826394635883190, 1.849999999999999201 ) ) ;
#1212 = ADVANCED_FACE ( 'NONE', ( #1751 ), #1467, .T. ) ;
#1213 = ADVANCED_FACE ( 'NONE', ( #1490, #831 ), #1019, .T. ) ;
#1214 = FACE_BOUND ( 'NONE', #203, .T. ) ;
#1215 = DIRECTION ( 'NONE',  ( 1.000000000000000000, 0.000000000000000000, -0.000000000000000000 ) ) ;
#1216 = EDGE_CURVE ( 'NONE', #163, #1436, #1603, .T. ) ;
#1217 = FACE_OUTER_BOUND ( 'NONE', #538, .T. ) ;
#1218 = CARTESIAN_POINT ( 'NONE',  ( 51.80218027308320927, 55.73826394635882053, 1.849999999999999201 ) ) ;
#1219 = VECTOR ( 'NONE', #1734, 1000.000000000000000 ) ;
#1220 = AXIS2_PLACEMENT_3D ( 'NONE', #737, #1982, #1495 ) ;
#1221 = CARTESIAN_POINT ( 'NONE',  ( -47.14000000000000057, 47.60219999999999629, -6.740000000000001101 ) ) ;
#1222 = DIRECTION ( 'NONE',  ( -0.000000000000000000, 0.000000000000000000, 1.000000000000000000 ) ) ;
#1223 = EDGE_CURVE ( 'NONE', #500, #1483, #1855, .T. ) ;
#1224 = VERTEX_POINT ( 'NONE', #525 ) ;
#1225 = CARTESIAN_POINT ( 'NONE',  ( -48.69000000000000483, -58.14780000000001081, -5.170000000000000817 ) ) ;
#1226 = DIRECTION ( 'NONE',  ( -0.000000000000000000, 0.000000000000000000, 1.000000000000000000 ) ) ;
#1227 = AXIS2_PLACEMENT_3D ( 'NONE', #348, #75, #954 ) ;
#1228 = ORIENTED_EDGE ( 'NONE', *, *, #1889, .T. ) ;
#1229 = DIRECTION ( 'NONE',  ( 1.000000000000000000, 0.000000000000000000, 0.000000000000000000 ) ) ;
#1230 = AXIS2_PLACEMENT_3D ( 'NONE', #533, #865, #672 ) ;
#1231 = DIRECTION ( 'NONE',  ( -0.000000000000000000, 0.000000000000000000, -1.000000000000000000 ) ) ;
#1232 = EDGE_CURVE ( 'NONE', #529, #181, #853, .T. ) ;
#1233 = ORIENTED_EDGE ( 'NONE', *, *, #384, .T. ) ;
#1234 = DIRECTION ( 'NONE',  ( 2.683914532653858645E-07, 0.9999999999999639178, 0.000000000000000000 ) ) ;
#1235 = PLANE ( 'NONE',  #878 ) ;
#1236 = LINE ( 'NONE', #3, #1370 ) ;
#1237 = LINE ( 'NONE', #1753, #1875 ) ;
#1238 = VERTEX_POINT ( 'NONE', #96 ) ;
#1239 = CARTESIAN_POINT ( 'NONE',  ( -32.08999218305005741, -65.14475630248020366, -1.240000000000002656 ) ) ;
#1240 = DIRECTION ( 'NONE',  ( -0.000000000000000000, 0.000000000000000000, 1.000000000000000000 ) ) ;
#1241 = CARTESIAN_POINT ( 'NONE',  ( -38.05697752657884081, 56.03826394635883190, 1.850000000000000977 ) ) ;
#1242 = VERTEX_POINT ( 'NONE', #1450 ) ;
#1243 = ORIENTED_EDGE ( 'NONE', *, *, #2001, .T. ) ;
#1244 = VECTOR ( 'NONE', #439, 1000.000000000000114 ) ;
#1245 = FACE_OUTER_BOUND ( 'NONE', #127, .T. ) ;
#1246 = LINE ( 'NONE', #1412, #9 ) ;
#1247 = CARTESIAN_POINT ( 'NONE',  ( 43.80199999999999250, -58.14780000000001081, -5.170000000000000817 ) ) ;
#1248 = EDGE_CURVE ( 'NONE', #1965, #1801, #843, .T. ) ;
#1249 = DIRECTION ( 'NONE',  ( -1.000000000000000000, -1.291130801860109158E-16, 0.000000000000000000 ) ) ;
#1250 = ORIENTED_EDGE ( 'NONE', *, *, #757, .F. ) ;
#1251 = CONICAL_SURFACE ( 'NONE', #1417, 3.249999999999988898, 0.7853981633974466137 ) ;
#1252 = CARTESIAN_POINT ( 'NONE',  ( -33.18334875402555184, 57.63826394635881201, 1.849999999999999201 ) ) ;
#1253 = VECTOR ( 'NONE', #1990, 1000.000000000000000 ) ;
#1254 = LINE ( 'NONE', #1407, #1219 ) ;
#1255 = ORIENTED_EDGE ( 'NONE', *, *, #1165, .F. ) ;
#1256 = ORIENTED_EDGE ( 'NONE', *, *, #208, .T. ) ;
#1257 = VECTOR ( 'NONE', #674, 1000.000000000000114 ) ;
#1258 = PLANE ( 'NONE',  #1136 ) ;
#1259 = CYLINDRICAL_SURFACE ( 'NONE', #1041, 3.500000000000117684 ) ;
#1260 = DIRECTION ( 'NONE',  ( -0.000000000000000000, -0.000000000000000000, -1.000000000000000000 ) ) ;
#1261 = CARTESIAN_POINT ( 'NONE',  ( -7.493499026763093239E-15, 58.03826394635882480, -1.240000000000001545 ) ) ;
#1262 = EDGE_LOOP ( 'NONE', ( #97, #860, #928, #124 ) ) ;
#1263 = EDGE_CURVE ( 'NONE', #1436, #204, #822, .T. ) ;
#1264 = EDGE_CURVE ( 'NONE', #1177, #1077, #1203, .T. ) ;
#1265 = DIRECTION ( 'NONE',  ( -1.000000000000000000, 0.000000000000000000, 0.000000000000000000 ) ) ;
#1266 = ORIENTED_EDGE ( 'NONE', *, *, #99, .T. ) ;
#1267 = DIRECTION ( 'NONE',  ( 1.000000000000000000, 0.000000000000000000, 0.000000000000000000 ) ) ;
#1268 = VERTEX_POINT ( 'NONE', #701 ) ;
#1269 = ORIENTED_EDGE ( 'NONE', *, *, #981, .T. ) ;
#1270 = DIRECTION ( 'NONE',  ( 0.000000000000000000, -1.000000000000000000, 0.000000000000000000 ) ) ;
#1271 = DIRECTION ( 'NONE',  ( -0.000000000000000000, 0.000000000000000000, 1.000000000000000000 ) ) ;
#1272 = LINE ( 'NONE', #1898, #431 ) ;
#1273 = FACE_OUTER_BOUND ( 'NONE', #1836, .T. ) ;
#1274 = UNCERTAINTY_MEASURE_WITH_UNIT (LENGTH_MEASURE( 1.000000000000000082E-05 ), #409, 'distance_accuracy_value', 'NONE');
#1275 = CIRCLE ( 'NONE', #593, 2.000000000000001776 ) ;
#1276 = EDGE_CURVE ( 'NONE', #796, #327, #374, .T. ) ;
#1277 = ADVANCED_FACE ( 'NONE', ( #1644 ), #1920, .T. ) ;
#1278 = CARTESIAN_POINT ( 'NONE',  ( -53.68334875402555895, 0.000000000000000000, -5.240000000000001990 ) ) ;
#1279 = ORIENTED_EDGE ( 'NONE', *, *, #740, .T. ) ;
#1280 = DIRECTION ( 'NONE',  ( -1.000000000000000000, 0.000000000000000000, 0.000000000000000000 ) ) ;
#1281 = ORIENTED_EDGE ( 'NONE', *, *, #1382, .F. ) ;
#1282 = ORIENTED_EDGE ( 'NONE', *, *, #521, .T. ) ;
#1283 = CIRCLE ( 'NONE', #1642, 2.000000000000001776 ) ;
#1284 = AXIS2_PLACEMENT_3D ( 'NONE', #189, #343, #213 ) ;
#1285 = CARTESIAN_POINT ( 'NONE',  ( -53.68334875402555895, 0.000000000000000000, -1.240000000000001545 ) ) ;
#1286 = CARTESIAN_POINT ( 'NONE',  ( 33.50218142716574476, 60.03826394635883190, 1.849999999999999201 ) ) ;
#1287 = DIRECTION ( 'NONE',  ( 1.000000000000000000, 0.000000000000000000, 0.000000000000000000 ) ) ;
#1288 = LINE ( 'NONE', #517, #1949 ) ;
#1289 = ORIENTED_EDGE ( 'NONE', *, *, #1426, .T. ) ;
#1290 = ORIENTED_EDGE ( 'NONE', *, *, #1157, .F. ) ;
#1291 = VERTEX_POINT ( 'NONE', #1613 ) ;
#1292 = EDGE_CURVE ( 'NONE', #1302, #1423, #1800, .T. ) ;
#1293 = AXIS2_PLACEMENT_3D ( 'NONE', #1329, #1832, #1368 ) ;
#1294 = CARTESIAN_POINT ( 'NONE',  ( 47.35199999999998965, 47.60219999999999629, -5.170000000000000817 ) ) ;
#1295 = DIRECTION ( 'NONE',  ( -0.000000000000000000, -0.000000000000000000, -1.000000000000000000 ) ) ;
#1296 = FACE_OUTER_BOUND ( 'NONE', #1913, .T. ) ;
#1297 = ORIENTED_EDGE ( 'NONE', *, *, #328, .T. ) ;
#1298 = CARTESIAN_POINT ( 'NONE',  ( 0.000000000000000000, 55.73826394635882053, -1.240000000000001545 ) ) ;
#1299 = AXIS2_PLACEMENT_3D ( 'NONE', #1327, #971, #1164 ) ;
#1300 = AXIS2_PLACEMENT_3D ( 'NONE', #628, #1852, #1837 ) ;
#1301 = VERTEX_POINT ( 'NONE', #664 ) ;
#1302 = VERTEX_POINT ( 'NONE', #1951 ) ;
#1303 = ORIENTED_EDGE ( 'NONE', *, *, #1040, .T. ) ;
#1304 = EDGE_CURVE ( 'NONE', #1961, #832, #590, .T. ) ;
#1305 = ADVANCED_FACE ( 'NONE', ( #1296 ), #1773, .T. ) ;
#1306 = CARTESIAN_POINT ( 'NONE',  ( 50.90199999999998681, -58.14780000000001081, -6.740000000000001101 ) ) ;
#1307 = VECTOR ( 'NONE', #931, 1000.000000000000000 ) ;
#1308 = DIRECTION ( 'NONE',  ( -0.000000000000000000, 0.000000000000000000, -1.000000000000000000 ) ) ;
#1309 = ORIENTED_EDGE ( 'NONE', *, *, #814, .T. ) ;
#1310 = CARTESIAN_POINT ( 'NONE',  ( 55.81172199214048391, 58.03826340957591867, -9.240000000000001990 ) ) ;
#1311 = ORIENTED_EDGE ( 'NONE', *, *, #1592, .T. ) ;
#1312 = EDGE_LOOP ( 'NONE', ( #727, #1702, #1281, #510 ) ) ;
#1313 = ORIENTED_EDGE ( 'NONE', *, *, #1565, .F. ) ;
#1314 = LINE ( 'NONE', #955, #1988 ) ;
#1315 = CARTESIAN_POINT ( 'NONE',  ( -47.14000000000000057, 47.60219999999999629, -5.170000000000000817 ) ) ;
#1316 = CIRCLE ( 'NONE', #753, 3.549999999999997602 ) ;
#1317 = DIRECTION ( 'NONE',  ( -0.000000000000000000, -1.000000000000000000, -0.000000000000000000 ) ) ;
#1318 = ORIENTED_EDGE ( 'NONE', *, *, #1157, .T. ) ;
#1319 = DIRECTION ( 'NONE',  ( -1.000000000000000000, 0.000000000000000000, 0.000000000000000000 ) ) ;
#1320 = EDGE_CURVE ( 'NONE', #346, #1138, #1459, .T. ) ;
#1321 = ORIENTED_EDGE ( 'NONE', *, *, #193, .T. ) ;
#1322 = VERTEX_POINT ( 'NONE', #227 ) ;
#1323 = CYLINDRICAL_SURFACE ( 'NONE', #1682, 3.549999999999997602 ) ;
#1324 = AXIS2_PLACEMENT_3D ( 'NONE', #781, #486, #1280 ) ;
#1325 = CARTESIAN_POINT ( 'NONE',  ( 51.80218035360066153, 56.03826394635883190, -5.240000000000001990 ) ) ;
#1326 = ORIENTED_EDGE ( 'NONE', *, *, #454, .T. ) ;
#1327 = CARTESIAN_POINT ( 'NONE',  ( 0.000000000000000000, 0.000000000000000000, -5.170000000000000817 ) ) ;
#1328 = EDGE_CURVE ( 'NONE', #1617, #1238, #240, .T. ) ;
#1329 = CARTESIAN_POINT ( 'NONE',  ( 53.81172199214055496, 58.03826394635883190, -5.240000000000001990 ) ) ;
#1330 = ORIENTED_EDGE ( 'NONE', *, *, #1351, .F. ) ;
#1331 = LINE ( 'NONE', #1958, #858 ) ;
#1332 = AXIS2_PLACEMENT_3D ( 'NONE', #1928, #502, #811 ) ;
#1333 = CARTESIAN_POINT ( 'NONE',  ( 6.818374781687841946, 56.03826394635882480, 16.47205190595768087 ) ) ;
#1334 = DIRECTION ( 'NONE',  ( 2.683914531432513368E-07, 0.9999999999999639178, 0.000000000000000000 ) ) ;
#1335 = EDGE_LOOP ( 'NONE', ( #1619, #880, #1893, #1404 ) ) ;
#1336 = AXIS2_PLACEMENT_3D ( 'NONE', #1029, #1827, #1653 ) ;
#1337 = CARTESIAN_POINT ( 'NONE',  ( 33.50218142716574476, 60.03826394635883190, 1.849999999999999201 ) ) ;
#1338 = EDGE_CURVE ( 'NONE', #1302, #1242, #1010, .T. ) ;
#1339 = ORIENTED_EDGE ( 'NONE', *, *, #1132, .T. ) ;
#1340 = ORIENTED_EDGE ( 'NONE', *, *, #842, .T. ) ;
#1341 = CARTESIAN_POINT ( 'NONE',  ( -53.69288989157347203, -67.15262149065870290, -9.240000000000001990 ) ) ;
#1342 = DIRECTION ( 'NONE',  ( -0.000000000000000000, -0.000000000000000000, -1.000000000000000000 ) ) ;
#1343 = ADVANCED_FACE ( 'NONE', ( #1634 ), #107, .T. ) ;
#1344 = DIRECTION ( 'NONE',  ( 0.000000000000000000, -1.000000000000000000, 0.000000000000000000 ) ) ;
#1345 = VERTEX_POINT ( 'NONE', #276 ) ;
#1346 = DIRECTION ( 'NONE',  ( 1.000000000000000000, 0.000000000000000000, 0.000000000000000000 ) ) ;
#1347 = AXIS2_PLACEMENT_3D ( 'NONE', #247, #1342, #106 ) ;
#1348 = CARTESIAN_POINT ( 'NONE',  ( -53.69288989157347203, -67.15262149065870290, -9.240000000000001990 ) ) ;
#1349 = ORIENTED_EDGE ( 'NONE', *, *, #695, .T. ) ;
#1350 = LINE ( 'NONE', #1975, #1540 ) ;
#1351 = EDGE_CURVE ( 'NONE', #163, #1617, #1054, .T. ) ;
#1352 = CARTESIAN_POINT ( 'NONE',  ( 45.80199999999998539, 47.60219999999999629, -5.170000000000000817 ) ) ;
#1353 = FACE_OUTER_BOUND ( 'NONE', #1166, .T. ) ;
#1354 = ORIENTED_EDGE ( 'NONE', *, *, #550, .F. ) ;
#1355 = VECTOR ( 'NONE', #1593, 1000.000000000000000 ) ;
#1356 = EDGE_CURVE ( 'NONE', #327, #1291, #294, .T. ) ;
#1357 = DIRECTION ( 'NONE',  ( 0.7071067811865463515, 8.659560562354918067E-17, -0.7071067811865487940 ) ) ;
#1358 = AXIS2_PLACEMENT_3D ( 'NONE', #1221, #1541, #1532 ) ;
#1359 = DIRECTION ( 'NONE',  ( 0.000000000000000000, -0.000000000000000000, -1.000000000000000000 ) ) ;
#1360 = ORIENTED_EDGE ( 'NONE', *, *, #99, .F. ) ;
#1361 = FACE_OUTER_BOUND ( 'NONE', #720, .T. ) ;
#1362 = ADVANCED_FACE ( 'NONE', ( #429 ), #572, .F. ) ;
#1363 = VECTOR ( 'NONE', #1270, 1000.000000000000000 ) ;
#1364 = CARTESIAN_POINT ( 'NONE',  ( 0.000000000000000000, 0.000000000000000000, -5.170000000000000817 ) ) ;
#1365 = EDGE_CURVE ( 'NONE', #201, #1609, #714, .T. ) ;
#1366 = ORIENTED_EDGE ( 'NONE', *, *, #595, .F. ) ;
#1367 = DIRECTION ( 'NONE',  ( 7.757846392242163220E-05, 0.9999999969907910069, 0.000000000000000000 ) ) ;
#1368 = DIRECTION ( 'NONE',  ( 1.000000000000000000, 0.000000000000000000, 0.000000000000000000 ) ) ;
#1369 = LINE ( 'NONE', #2010, #786 ) ;
#1370 = VECTOR ( 'NONE', #1845, 1000.000000000000000 ) ;
#1371 = ORIENTED_EDGE ( 'NONE', *, *, #144, .F. ) ;
#1372 = DIRECTION ( 'NONE',  ( -0.000000000000000000, -0.000000000000000000, -1.000000000000000000 ) ) ;
#1373 = PLANE ( 'NONE',  #1207 ) ;
#1374 = EDGE_CURVE ( 'NONE', #661, #181, #1508, .T. ) ;
#1375 = AXIS2_PLACEMENT_3D ( 'NONE', #1388, #473, #801 ) ;
#1376 = AXIS2_PLACEMENT_3D ( 'NONE', #623, #1405, #972 ) ;
#1377 = PLANE ( 'NONE',  #365 ) ;
#1378 = CARTESIAN_POINT ( 'NONE',  ( 53.81168838973848523, -67.16096153073149821, -9.240000000000001990 ) ) ;
#1379 = CARTESIAN_POINT ( 'NONE',  ( 44.80199267043921907, 56.03826394635883190, -1.240000000000001545 ) ) ;
#1380 = DIRECTION ( 'NONE',  ( -0.000000000000000000, 0.000000000000000000, 1.000000000000000000 ) ) ;
#1381 = ORIENTED_EDGE ( 'NONE', *, *, #1840, .T. ) ;
#1382 = EDGE_CURVE ( 'NONE', #958, #295, #1767, .T. ) ;
#1383 = DIRECTION ( 'NONE',  ( -0.000000000000000000, -0.000000000000000000, -1.000000000000000000 ) ) ;
#1384 = CARTESIAN_POINT ( 'NONE',  ( 53.81153323281063905, -69.16096152471307335, -9.240000000000001990 ) ) ;
#1385 = VERTEX_POINT ( 'NONE', #1662 ) ;
#1386 = LINE ( 'NONE', #335, #767 ) ;
#1387 = DIRECTION ( 'NONE',  ( -0.000000000000000000, -0.000000000000000000, -1.000000000000000000 ) ) ;
#1388 = CARTESIAN_POINT ( 'NONE',  ( 47.35199999999998965, -58.14780000000001081, -5.170000000000000817 ) ) ;
#1389 = AXIS2_PLACEMENT_3D ( 'NONE', #1094, #602, #172 ) ;
#1390 = LINE ( 'NONE', #197, #1355 ) ;
#1391 = EDGE_LOOP ( 'NONE', ( #1326, #82 ) ) ;
#1392 = CARTESIAN_POINT ( 'NONE',  ( -47.14000000000000057, 47.60219999999999629, -7.540000000000008917 ) ) ;
#1393 = VECTOR ( 'NONE', #421, 1000.000000000000000 ) ;
#1394 = CIRCLE ( 'NONE', #40, 1.550000000000002709 ) ;
#1395 = FACE_OUTER_BOUND ( 'NONE', #1335, .T. ) ;
#1396 = CARTESIAN_POINT ( 'NONE',  ( 48.90199999999999392, -58.14780000000001081, -5.170000000000000817 ) ) ;
#1397 = VERTEX_POINT ( 'NONE', #1526 ) ;
#1398 = ORIENTED_EDGE ( 'NONE', *, *, #56, .F. ) ;
#1399 = VECTOR ( 'NONE', #1317, 1000.000000000000000 ) ;
#1400 = FACE_OUTER_BOUND ( 'NONE', #379, .T. ) ;
#1401 = DIRECTION ( 'NONE',  ( 0.000000000000000000, -1.000000000000000000, 0.000000000000000000 ) ) ;
#1402 = PLANE ( 'NONE',  #1446 ) ;
#1403 = DIRECTION ( 'NONE',  ( 1.000000000000000000, 0.000000000000000000, 0.000000000000000000 ) ) ;
#1404 = ORIENTED_EDGE ( 'NONE', *, *, #1929, .F. ) ;
#1405 = DIRECTION ( 'NONE',  ( -0.000000000000000000, -0.000000000000000000, -1.000000000000000000 ) ) ;
#1406 = AXIS2_PLACEMENT_3D ( 'NONE', #1707, #927, #167 ) ;
#1407 = CARTESIAN_POINT ( 'NONE',  ( -50.38999999999999346, 47.60219999999999629, -9.240000000000001990 ) ) ;
#1408 = EDGE_LOOP ( 'NONE', ( #1570, #1795 ) ) ;
#1409 = VERTEX_POINT ( 'NONE', #1681 ) ;
#1410 = EDGE_CURVE ( 'NONE', #1599, #1927, #732, .T. ) ;
#1411 = LINE ( 'NONE', #913, #1100 ) ;
#1412 = CARTESIAN_POINT ( 'NONE',  ( -33.18334875402555184, 57.63826394635881201, 1.849999999999999201 ) ) ;
#1413 = DIRECTION ( 'NONE',  ( 7.757846392242781215E-05, 0.9999999969907910069, -0.000000000000000000 ) ) ;
#1414 = EDGE_CURVE ( 'NONE', #282, #1268, #1046, .T. ) ;
#1415 = FILL_AREA_STYLE ('',( #808 ) ) ;
#1416 = ORIENTED_EDGE ( 'NONE', *, *, #1155, .F. ) ;
#1417 = AXIS2_PLACEMENT_3D ( 'NONE', #36, #659, #1434 ) ;
#1418 = DIRECTION ( 'NONE',  ( 1.000000000000000000, 0.000000000000000000, 0.000000000000000000 ) ) ;
#1419 = AXIS2_PLACEMENT_3D ( 'NONE', #908, #1549, #750 ) ;
#1420 = ORIENTED_EDGE ( 'NONE', *, *, #293, .T. ) ;
#1421 = CARTESIAN_POINT ( 'NONE',  ( 0.000000000000000000, 0.000000000000000000, -5.240000000000001990 ) ) ;
#1422 = EDGE_LOOP ( 'NONE', ( #660, #91, #1416, #698 ) ) ;
#1423 = VERTEX_POINT ( 'NONE', #1500 ) ;
#1424 = CONICAL_SURFACE ( 'NONE', #800, 3.249999999999988898, 0.7853981633974466137 ) ;
#1425 = DIRECTION ( 'NONE',  ( -0.000000000000000000, 0.000000000000000000, 1.000000000000000000 ) ) ;
#1426 = EDGE_CURVE ( 'NONE', #756, #1397, #1720, .T. ) ;
#1427 = DIRECTION ( 'NONE',  ( 0.9999999969907908959, -7.757846392243095634E-05, 9.523624229307434826E-14 ) ) ;
#1428 = DIRECTION ( 'NONE',  ( -0.000000000000000000, 0.000000000000000000, 1.000000000000000000 ) ) ;
#1429 = ADVANCED_FACE ( 'NONE', ( #1353 ), #1977, .T. ) ;
#1430 = DIRECTION ( 'NONE',  ( 0.000000000000000000, -0.000000000000000000, 1.000000000000000000 ) ) ;
#1431 = VECTOR ( 'NONE', #490, 1000.000000000000000 ) ;
#1432 = CARTESIAN_POINT ( 'NONE',  ( -53.68334875402555895, -65.14323627996974153, -1.240000000000001545 ) ) ;
#1433 = ORIENTED_EDGE ( 'NONE', *, *, #164, .T. ) ;
#1434 = DIRECTION ( 'NONE',  ( -1.000000000000000000, 0.000000000000000000, 0.000000000000000000 ) ) ;
#1435 = VERTEX_POINT ( 'NONE', #116 ) ;
#1436 = VERTEX_POINT ( 'NONE', #10 ) ;
#1437 = CARTESIAN_POINT ( 'NONE',  ( 33.50218142716574476, 57.63826394635881911, -1.240000000000001545 ) ) ;
#1438 = CARTESIAN_POINT ( 'NONE',  ( -48.69000000000000483, -58.14780000000001081, -5.170000000000000817 ) ) ;
#1439 = SURFACE_SIDE_STYLE ('',( #946 ) ) ;
#1440 = DIRECTION ( 'NONE',  ( -1.000000000000000000, 0.000000000000000000, 0.000000000000000000 ) ) ;
#1441 = EDGE_CURVE ( 'NONE', #583, #697, #1673, .T. ) ;
#1442 = LINE ( 'NONE', #793, #1447 ) ;
#1443 = VERTEX_POINT ( 'NONE', #1396 ) ;
#1444 = ORIENTED_EDGE ( 'NONE', *, *, #1176, .T. ) ;
#1445 = VERTEX_POINT ( 'NONE', #287 ) ;
#1446 = AXIS2_PLACEMENT_3D ( 'NONE', #1108, #2006, #914 ) ;
#1447 = VECTOR ( 'NONE', #1265, 1000.000000000000000 ) ;
#1448 = CARTESIAN_POINT ( 'NONE',  ( 55.81168838973842128, -67.16096206751440434, -9.240000000000001990 ) ) ;
#1449 = CARTESIAN_POINT ( 'NONE',  ( -50.68999999999999773, 47.60219999999999629, -6.740000000000001101 ) ) ;
#1450 = CARTESIAN_POINT ( 'NONE',  ( 53.81153323281063905, -69.16096152471308756, -5.240000000000001990 ) ) ;
#1451 = ORIENTED_EDGE ( 'NONE', *, *, #495, .T. ) ;
#1452 = DIRECTION ( 'NONE',  ( -1.000000000000000000, 0.000000000000000000, 0.000000000000000000 ) ) ;
#1453 = ADVANCED_FACE ( 'NONE', ( #893 ), #1519, .T. ) ;
#1454 = ORIENTED_EDGE ( 'NONE', *, *, #1581, .F. ) ;
#1455 = CIRCLE ( 'NONE', #637, 1.550000000000002709 ) ;
#1456 = ORIENTED_EDGE ( 'NONE', *, *, #85, .F. ) ;
#1457 = VERTEX_POINT ( 'NONE', #624 ) ;
#1458 = DIRECTION ( 'NONE',  ( -1.000000000000000000, 0.000000000000000000, 0.000000000000000000 ) ) ;
#1459 = LINE ( 'NONE', #990, #1141 ) ;
#1460 = ORIENTED_EDGE ( 'NONE', *, *, #73, .T. ) ;
#1461 = DIRECTION ( 'NONE',  ( -0.000000000000000000, -0.000000000000000000, -1.000000000000000000 ) ) ;
#1462 = CIRCLE ( 'NONE', #899, 3.500000000000687006 ) ;
#1463 = VECTOR ( 'NONE', #747, 1000.000000000000227 ) ;
#1464 = ORIENTED_EDGE ( 'NONE', *, *, #1112, .F. ) ;
#1465 = ORIENTED_EDGE ( 'NONE', *, *, #15, .F. ) ;
#1466 = VERTEX_POINT ( 'NONE', #1241 ) ;
#1467 = CYLINDRICAL_SURFACE ( 'NONE', #528, 2.000000000000001776 ) ;
#1468 = ADVANCED_FACE ( 'NONE', ( #331, #1810 ), #739, .T. ) ;
#1469 = CARTESIAN_POINT ( 'NONE',  ( -0.005209180170172700471, -67.14724539668671355, -1.240000000000001545 ) ) ;
#1470 = VECTOR ( 'NONE', #1308, 1000.000000000000000 ) ;
#1471 = DIRECTION ( 'NONE',  ( 0.9999999969907908959, -7.757846392242663308E-05, 0.000000000000000000 ) ) ;
#1472 = ORIENTED_EDGE ( 'NONE', *, *, #461, .F. ) ;
#1473 = LINE ( 'NONE', #137, #299 ) ;
#1474 = ORIENTED_EDGE ( 'NONE', *, *, #769, .T. ) ;
#1475 = ORIENTED_EDGE ( 'NONE', *, *, #559, .T. ) ;
#1476 = CARTESIAN_POINT ( 'NONE',  ( 51.80214782736698709, -65.15126452585693073, -5.240000000000001990 ) ) ;
#1477 = CARTESIAN_POINT ( 'NONE',  ( 45.80199999999998539, -58.14780000000001081, -5.170000000000000817 ) ) ;
#1478 = EDGE_CURVE ( 'NONE', #1087, #1785, #448, .T. ) ;
#1479 = AXIS2_PLACEMENT_3D ( 'NONE', #460, #302, #909 ) ;
#1480 = CARTESIAN_POINT ( 'NONE',  ( 0.000000000000000000, 0.000000000000000000, -5.170000000000000817 ) ) ;
#1481 = EDGE_LOOP ( 'NONE', ( #1628, #157, #1983, #1552 ) ) ;
#1482 = DIRECTION ( 'NONE',  ( -7.757846392243098344E-05, -0.9999999969907911179, -4.929054126662225766E-17 ) ) ;
#1483 = VERTEX_POINT ( 'NONE', #1587 ) ;
#1484 = CARTESIAN_POINT ( 'NONE',  ( -43.59000000000000341, 47.60219999999999629, -6.740000000000001101 ) ) ;
#1485 = ORIENTED_EDGE ( 'NONE', *, *, #935, .T. ) ;
#1486 = DIRECTION ( 'NONE',  ( -1.000000000000000000, 0.000000000000000000, 0.000000000000000000 ) ) ;
#1487 = DIRECTION ( 'NONE',  ( 0.000000000000000000, 0.000000000000000000, -1.000000000000000000 ) ) ;
#1488 = VECTOR ( 'NONE', #1037, 1000.000000000000000 ) ;
#1489 = AXIS2_PLACEMENT_3D ( 'NONE', #1992, #888, #898 ) ;
#1490 = FACE_BOUND ( 'NONE', #1781, .T. ) ;
#1491 = ORIENTED_EDGE ( 'NONE', *, *, #1382, .T. ) ;
#1492 = FACE_OUTER_BOUND ( 'NONE', #1729, .T. ) ;
#1493 = EDGE_CURVE ( 'NONE', #1138, #1457, #1254, .T. ) ;
#1494 = ADVANCED_FACE ( 'NONE', ( #190 ), #1251, .F. ) ;
#1495 = DIRECTION ( 'NONE',  ( 1.000000000000000000, 0.000000000000000000, 0.000000000000000000 ) ) ;
#1496 = VERTEX_POINT ( 'NONE', #1562 ) ;
#1497 = LINE ( 'NONE', #721, #21 ) ;
#1498 = AXIS2_PLACEMENT_3D ( 'NONE', #26, #1, #608 ) ;
#1499 = DIRECTION ( 'NONE',  ( -1.789688009715739834E-08, 0.9999999999999997780, 0.000000000000000000 ) ) ;
#1500 = CARTESIAN_POINT ( 'NONE',  ( -53.69304504850132531, -69.15262148464027803, -9.240000000000001990 ) ) ;
#1501 = ORIENTED_EDGE ( 'NONE', *, *, #135, .T. ) ;
#1502 = VECTOR ( 'NONE', #1334, 1000.000000000000227 ) ;
#1503 = LINE ( 'NONE', #423, #51 ) ;
#1504 = ADVANCED_FACE ( 'NONE', ( #48 ), #1945, .F. ) ;
#1505 = CARTESIAN_POINT ( 'NONE',  ( -50.68999999999999773, -58.14780000000001081, -6.740000000000001101 ) ) ;
#1506 = ORIENTED_EDGE ( 'NONE', *, *, #760, .F. ) ;
#1507 = DIRECTION ( 'NONE',  ( -0.000000000000000000, -0.000000000000000000, -1.000000000000000000 ) ) ;
#1508 = LINE ( 'NONE', #123, #615 ) ;
#1509 = EDGE_LOOP ( 'NONE', ( #1607, #520 ) ) ;
#1510 = DIRECTION ( 'NONE',  ( -0.000000000000000000, 0.000000000000000000, 1.000000000000000000 ) ) ;
#1511 = AXIS2_PLACEMENT_3D ( 'NONE', #1080, #1710, #14 ) ;
#1512 = CARTESIAN_POINT ( 'NONE',  ( 0.000000000000000000, 55.73826394635882053, 1.849999999999999201 ) ) ;
#1513 = ADVANCED_FACE ( 'NONE', ( #1115 ), #1880, .T. ) ;
#1514 = ORIENTED_EDGE ( 'NONE', *, *, #705, .F. ) ;
#1515 = CARTESIAN_POINT ( 'NONE',  ( -33.18334875402555184, 57.63826394635881201, 1.849999999999999201 ) ) ;
#1516 = PRODUCT_DEFINITION_SHAPE ( 'NONE', 'NONE',  #790 ) ;
#1517 = EDGE_CURVE ( 'NONE', #564, #1926, #1088, .T. ) ;
#1518 = DIRECTION ( 'NONE',  ( 0.000000000000000000, -0.000000000000000000, 1.000000000000000000 ) ) ;
#1519 = PLANE ( 'NONE',  #1684 ) ;
#1520 = ORIENTED_EDGE ( 'NONE', *, *, #1536, .T. ) ;
#1521 = EDGE_CURVE ( 'NONE', #661, #220, #1746, .T. ) ;
#1522 = CARTESIAN_POINT ( 'NONE',  ( -33.18334875402555184, 0.000000000000000000, -1.240000000000001545 ) ) ;
#1523 = AXIS2_PLACEMENT_3D ( 'NONE', #1348, #1359, #1669 ) ;
#1524 = CARTESIAN_POINT ( 'NONE',  ( 51.80218035360066153, 58.03826394635883190, -5.240000000000001990 ) ) ;
#1525 = CYLINDRICAL_SURFACE ( 'NONE', #1998, 2.000000000000001776 ) ;
#1526 = CARTESIAN_POINT ( 'NONE',  ( -55.69289213209974321, 58.03826391056504974, -9.240000000000001990 ) ) ;
#1527 = ADVANCED_FACE ( 'NONE', ( #1573 ), #794, .T. ) ;
#1528 = VERTEX_POINT ( 'NONE', #356 ) ;
#1529 = MANIFOLD_SOLID_BREP ( 'Sfazowanie1', #516 ) ;
#1530 = CYLINDRICAL_SURFACE ( 'NONE', #713, 2.000000000000001776 ) ;
#1531 = LINE ( 'NONE', #1337, #1174 ) ;
#1532 = DIRECTION ( 'NONE',  ( 1.000000000000000000, 0.000000000000000000, 0.000000000000000000 ) ) ;
#1533 = DIRECTION ( 'NONE',  ( 0.000000000000000000, 1.000000000000000000, 0.000000000000000000 ) ) ;
#1534 = VECTOR ( 'NONE', #1646, 1000.000000000000114 ) ;
#1535 = DIRECTION ( 'NONE',  ( -0.000000000000000000, -0.000000000000000000, -1.000000000000000000 ) ) ;
#1536 = EDGE_CURVE ( 'NONE', #1238, #1697, #1569, .T. ) ;
#1537 = DIRECTION ( 'NONE',  ( 1.000000000000000000, 0.000000000000000000, 0.000000000000000000 ) ) ;
#1538 = ORIENTED_EDGE ( 'NONE', *, *, #1978, .F. ) ;
#1539 = AXIS2_PLACEMENT_3D ( 'NONE', #1886, #1413, #1713 ) ;
#1540 = VECTOR ( 'NONE', #699, 1000.000000000000000 ) ;
#1541 = DIRECTION ( 'NONE',  ( -0.000000000000000000, 0.000000000000000000, 1.000000000000000000 ) ) ;
#1542 = DIRECTION ( 'NONE',  ( -1.040539662060653020E-16, 1.000000000000000000, 0.000000000000000000 ) ) ;
#1543 = ORIENTED_EDGE ( 'NONE', *, *, #11, .F. ) ;
#1544 = CYLINDRICAL_SURFACE ( 'NONE', #806, 3.500000000000687006 ) ;
#1545 = DIRECTION ( 'NONE',  ( 1.000000000000000000, 0.000000000000000000, 0.000000000000000000 ) ) ;
#1546 = MECHANICAL_DESIGN_GEOMETRIC_PRESENTATION_REPRESENTATION (  '', ( #100 ), #830 ) ;
#1547 = DIRECTION ( 'NONE',  ( -0.000000000000000000, -0.000000000000000000, 1.000000000000000000 ) ) ;
#1548 = ORIENTED_EDGE ( 'NONE', *, *, #212, .T. ) ;
#1549 = DIRECTION ( 'NONE',  ( -0.000000000000000000, 0.000000000000000000, 1.000000000000000000 ) ) ;
#1550 = LINE ( 'NONE', #8, #598 ) ;
#1551 = EDGE_CURVE ( 'NONE', #1785, #436, #961, .T. ) ;
#1552 = ORIENTED_EDGE ( 'NONE', *, *, #280, .T. ) ;
#1553 = ORIENTED_EDGE ( 'NONE', *, *, #1374, .F. ) ;
#1554 = DIRECTION ( 'NONE',  ( -7.757846392237928055E-05, -0.9999999969907910069, -0.000000000000000000 ) ) ;
#1555 = DIRECTION ( 'NONE',  ( 0.000000000000000000, -0.000000000000000000, -1.000000000000000000 ) ) ;
#1556 = CYLINDRICAL_SURFACE ( 'NONE', #857, 3.549999999999997602 ) ;
#1557 = DIRECTION ( 'NONE',  ( -1.000000000000000000, 0.000000000000000000, 0.000000000000000000 ) ) ;
#1558 = ORIENTED_EDGE ( 'NONE', *, *, #1943, .F. ) ;
#1559 = VECTOR ( 'NONE', #503, 1000.000000000000114 ) ;
#1560 = ADVANCED_FACE ( 'NONE', ( #1273 ), #1701, .F. ) ;
#1561 = FACE_OUTER_BOUND ( 'NONE', #1620, .T. ) ;
#1562 = CARTESIAN_POINT ( 'NONE',  ( -51.68334875402555184, 55.73826394635882053, -6.740000000000001101 ) ) ;
#1563 = VERTEX_POINT ( 'NONE', #1124 ) ;
#1564 = ORIENTED_EDGE ( 'NONE', *, *, #144, .T. ) ;
#1565 = EDGE_CURVE ( 'NONE', #120, #1466, #316, .T. ) ;
#1566 = DIRECTION ( 'NONE',  ( -1.000000000000000000, 0.000000000000000000, 0.000000000000000000 ) ) ;
#1567 = DIRECTION ( 'NONE',  ( -1.000000000000000000, 0.000000000000000000, 0.000000000000000000 ) ) ;
#1568 = DIRECTION ( 'NONE',  ( -0.000000000000000000, 0.000000000000000000, 1.000000000000000000 ) ) ;
#1569 = LINE ( 'NONE', #505, #69 ) ;
#1570 = ORIENTED_EDGE ( 'NONE', *, *, #1817, .T. ) ;
#1571 = CARTESIAN_POINT ( 'NONE',  ( 53.80214782736691603, -65.15126506263986528, -5.240000000000001990 ) ) ;
#1572 = AXIS2_PLACEMENT_3D ( 'NONE', #469, #1240, #309 ) ;
#1573 = FACE_OUTER_BOUND ( 'NONE', #1777, .T. ) ;
#1574 = EDGE_CURVE ( 'NONE', #50, #1047, #1237, .T. ) ;
#1575 = EDGE_LOOP ( 'NONE', ( #80, #1935, #253, #352 ) ) ;
#1576 = ORIENTED_EDGE ( 'NONE', *, *, #1493, .T. ) ;
#1577 = EDGE_CURVE ( 'NONE', #1745, #260, #1455, .T. ) ;
#1578 = CARTESIAN_POINT ( 'NONE',  ( 47.35199999999998965, -58.14780000000001081, -5.170000000000000817 ) ) ;
#1579 = CARTESIAN_POINT ( 'NONE',  ( 0.000000000000000000, 55.73826394635882053, -6.740000000000001101 ) ) ;
#1580 = FACE_OUTER_BOUND ( 'NONE', #1210, .T. ) ;
#1581 = EDGE_CURVE ( 'NONE', #260, #509, #1109, .T. ) ;
#1582 = CYLINDRICAL_SURFACE ( 'NONE', #30, 3.549999999999997602 ) ;
#1583 = ORIENTED_EDGE ( 'NONE', *, *, #1851, .T. ) ;
#1584 = AXIS2_PLACEMENT_3D ( 'NONE', #1364, #1986, #1835 ) ;
#1585 = CARTESIAN_POINT ( 'NONE',  ( 47.35199999999998965, 47.60219999999999629, -9.240000000000001990 ) ) ;
#1586 = EDGE_LOOP ( 'NONE', ( #32, #1339, #1597, #807 ) ) ;
#1587 = CARTESIAN_POINT ( 'NONE',  ( 48.90199999999999392, -58.14780000000001081, -7.540000000000008917 ) ) ;
#1588 = ORIENTED_EDGE ( 'NONE', *, *, #1889, .F. ) ;
#1589 = ORIENTED_EDGE ( 'NONE', *, *, #1871, .T. ) ;
#1590 = LINE ( 'NONE', #1908, #300 ) ;
#1591 = CARTESIAN_POINT ( 'NONE',  ( -51.68334875402555184, 55.73826394635882053, 1.849999999999999201 ) ) ;
#1592 = EDGE_CURVE ( 'NONE', #1070, #191, #1390, .T. ) ;
#1593 = DIRECTION ( 'NONE',  ( -0.000000000000000000, -0.000000000000000000, 1.000000000000000000 ) ) ;
#1594 = FACE_OUTER_BOUND ( 'NONE', #1200, .T. ) ;
#1595 = AXIS2_PLACEMENT_3D ( 'NONE', #1294, #988, #1611 ) ;
#1596 = PLANE ( 'NONE',  #1284 ) ;
#1597 = ORIENTED_EDGE ( 'NONE', *, *, #1749, .T. ) ;
#1598 = CIRCLE ( 'NONE', #717, 3.549999999999997602 ) ;
#1599 = VERTEX_POINT ( 'NONE', #4 ) ;
#1600 = EDGE_LOOP ( 'NONE', ( #924, #587, #1311, #1748 ) ) ;
#1601 = LINE ( 'NONE', #1469, #334 ) ;
#1602 = CYLINDRICAL_SURFACE ( 'NONE', #1097, 2.000000000000001776 ) ;
#1603 = LINE ( 'NONE', #515, #685 ) ;
#1604 = ORIENTED_EDGE ( 'NONE', *, *, #258, .F. ) ;
#1605 = ADVANCED_FACE ( 'NONE', ( #175 ), #777, .T. ) ;
#1606 = CARTESIAN_POINT ( 'NONE',  ( 43.80199999999999250, 47.60219999999999629, -5.170000000000000817 ) ) ;
#1607 = ORIENTED_EDGE ( 'NONE', *, *, #1165, .T. ) ;
#1608 = VERTEX_POINT ( 'NONE', #1876 ) ;
#1609 = VERTEX_POINT ( 'NONE', #1098 ) ;
#1610 = CIRCLE ( 'NONE', #728, 3.500000000000117684 ) ;
#1611 = DIRECTION ( 'NONE',  ( 1.000000000000000000, 0.000000000000000000, 0.000000000000000000 ) ) ;
#1612 = CARTESIAN_POINT ( 'NONE',  ( -34.67030893946562031, -67.14455613148761870, 1.124902974851993642 ) ) ;
#1613 = CARTESIAN_POINT ( 'NONE',  ( -38.05697752657884081, 55.73826394635882053, 1.849999999999999201 ) ) ;
#1614 = ORIENTED_EDGE ( 'NONE', *, *, #1441, .T. ) ;
#1615 = CARTESIAN_POINT ( 'NONE',  ( 47.35199999999998965, 47.60219999999999629, -5.170000000000000817 ) ) ;
#1616 = ADVANCED_FACE ( 'NONE', ( #1728 ), #338, .F. ) ;
#1617 = VERTEX_POINT ( 'NONE', #44 ) ;
#1618 = AXIS2_PLACEMENT_3D ( 'NONE', #791, #31, #644 ) ;
#1619 = ORIENTED_EDGE ( 'NONE', *, *, #582, .F. ) ;
#1620 = EDGE_LOOP ( 'NONE', ( #1520, #12, #1360, #2008, #997, #1074, #915, #1828 ) ) ;
#1621 = DIRECTION ( 'NONE',  ( 1.000000000000000000, 0.000000000000000000, 0.000000000000000000 ) ) ;
#1622 = VECTOR ( 'NONE', #415, 1000.000000000000000 ) ;
#1623 = CARTESIAN_POINT ( 'NONE',  ( 47.35199999999998965, -58.14780000000001081, -9.240000000000001990 ) ) ;
#1624 = DIRECTION ( 'NONE',  ( -0.000000000000000000, -0.000000000000000000, -1.000000000000000000 ) ) ;
#1625 = ORIENTED_EDGE ( 'NONE', *, *, #1806, .F. ) ;
#1626 = DIRECTION ( 'NONE',  ( -0.000000000000000000, -0.000000000000000000, -1.000000000000000000 ) ) ;
#1627 = VECTOR ( 'NONE', #427, 1000.000000000000000 ) ;
#1628 = ORIENTED_EDGE ( 'NONE', *, *, #639, .T. ) ;
#1629 = ORIENTED_EDGE ( 'NONE', *, *, #1874, .F. ) ;
#1630 = EDGE_CURVE ( 'NONE', #960, #1242, #1887, .T. ) ;
#1631 = CARTESIAN_POINT ( 'NONE',  ( -34.67015378253777413, -65.14455613750604357, 1.124902974851993642 ) ) ;
#1632 = DIRECTION ( 'NONE',  ( -0.000000000000000000, 0.000000000000000000, 1.000000000000000000 ) ) ;
#1633 = ADVANCED_FACE ( 'NONE', ( #957 ), #1582, .T. ) ;
#1634 = FACE_OUTER_BOUND ( 'NONE', #673, .T. ) ;
#1635 = VERTEX_POINT ( 'NONE', #1379 ) ;
#1636 = CARTESIAN_POINT ( 'NONE',  ( 47.35199999999998965, -58.14780000000001081, -9.240000000000001990 ) ) ;
#1637 = ORIENTED_EDGE ( 'NONE', *, *, #1989, .T. ) ;
#1638 = ORIENTED_EDGE ( 'NONE', *, *, #1004, .F. ) ;
#1639 = CARTESIAN_POINT ( 'NONE',  ( 50.60199999999998255, -58.14780000000001081, -9.240000000000001990 ) ) ;
#1640 = ADVANCED_FACE ( 'NONE', ( #1400 ), #1058, .F. ) ;
#1641 = ADVANCED_FACE ( 'NONE', ( #1693 ), #1544, .F. ) ;
#1642 = AXIS2_PLACEMENT_3D ( 'NONE', #630, #1226, #337 ) ;
#1643 = AXIS2_PLACEMENT_3D ( 'NONE', #1585, #1754, #1418 ) ;
#1644 = FACE_OUTER_BOUND ( 'NONE', #1921, .T. ) ;
#1645 = ORIENTED_EDGE ( 'NONE', *, *, #512, .T. ) ;
#1646 = DIRECTION ( 'NONE',  ( -7.757846392237928055E-05, -0.9999999969907908959, -0.000000000000000000 ) ) ;
#1647 = AXIS2_PLACEMENT_3D ( 'NONE', #852, #1651, #1197 ) ;
#1648 = LINE ( 'NONE', #112, #897 ) ;
#1649 = ORIENTED_EDGE ( 'NONE', *, *, #182, .F. ) ;
#1650 = DIRECTION ( 'NONE',  ( 1.000000000000000000, 0.000000000000000000, 0.000000000000000000 ) ) ;
#1651 = DIRECTION ( 'NONE',  ( -0.000000000000000000, 0.000000000000000000, 1.000000000000000000 ) ) ;
#1652 = VECTOR ( 'NONE', #1051, 1000.000000000000000 ) ;
#1653 = DIRECTION ( 'NONE',  ( 1.000000000000000000, 1.341036561100382346E-16, 0.000000000000000000 ) ) ;
#1654 = ORIENTED_EDGE ( 'NONE', *, *, #1009, .T. ) ;
#1655 = DIRECTION ( 'NONE',  ( -0.000000000000000000, -0.000000000000000000, -1.000000000000000000 ) ) ;
#1656 = EDGE_CURVE ( 'NONE', #1785, #306, #762, .T. ) ;
#1657 = AXIS2_PLACEMENT_3D ( 'NONE', #514, #1295, #671 ) ;
#1658 = DIRECTION ( 'NONE',  ( 1.000000000000000000, 0.000000000000000000, 0.000000000000000000 ) ) ;
#1659 = ORIENTED_EDGE ( 'NONE', *, *, #1112, .T. ) ;
#1660 = DIRECTION ( 'NONE',  ( -0.000000000000000000, -0.000000000000000000, -1.000000000000000000 ) ) ;
#1661 = VECTOR ( 'NONE', #1499, 1000.000000000000227 ) ;
#1662 = CARTESIAN_POINT ( 'NONE',  ( -51.68334875402555184, -65.14323627996974153, -6.740000000000001101 ) ) ;
#1663 = ORIENTED_EDGE ( 'NONE', *, *, #1999, .T. ) ;
#1664 = VECTOR ( 'NONE', #1910, 1000.000000000000000 ) ;
#1665 = PLANE ( 'NONE',  #1013 ) ;
#1666 = ADVANCED_FACE ( 'NONE', ( #2005 ), #297, .F. ) ;
#1667 = EDGE_CURVE ( 'NONE', #697, #985, #787, .T. ) ;
#1668 = VECTOR ( 'NONE', #259, 1000.000000000000114 ) ;
#1669 = DIRECTION ( 'NONE',  ( 1.000000000000000000, 0.000000000000000000, 0.000000000000000000 ) ) ;
#1670 = ORIENTED_EDGE ( 'NONE', *, *, #1656, .F. ) ;
#1671 = LINE ( 'NONE', #1034, #1676 ) ;
#1672 = CARTESIAN_POINT ( 'NONE',  ( -47.14000000000000057, -58.14780000000001081, -9.240000000000001990 ) ) ;
#1673 = LINE ( 'NONE', #722, #1816 ) ;
#1674 = ORIENTED_EDGE ( 'NONE', *, *, #1955, .T. ) ;
#1675 = LINE ( 'NONE', #136, #1253 ) ;
#1676 = VECTOR ( 'NONE', #1660, 1000.000000000000000 ) ;
#1677 = PRODUCT_DEFINITION_FORMATION_WITH_SPECIFIED_SOURCE ( 'ANY', '', #910, .NOT_KNOWN. ) ;
#1678 = CARTESIAN_POINT ( 'NONE',  ( 33.50218142716574476, 58.03826394635883190, -5.240000000000001990 ) ) ;
#1679 = CARTESIAN_POINT ( 'NONE',  ( -55.69289213209975031, 58.03826391056507816, -5.240000000000001990 ) ) ;
#1680 = ADVANCED_FACE ( 'NONE', ( #1245 ), #1530, .T. ) ;
#1681 = CARTESIAN_POINT ( 'NONE',  ( -42.25047262041530871, -67.14396807403120704, -1.240000000000001545 ) ) ;
#1682 = AXIS2_PLACEMENT_3D ( 'NONE', #273, #417, #1486 ) ;
#1683 = ORIENTED_EDGE ( 'NONE', *, *, #1536, .F. ) ;
#1684 = AXIS2_PLACEMENT_3D ( 'NONE', #591, #1209, #133 ) ;
#1685 = DIRECTION ( 'NONE',  ( -1.000000000000000000, 0.000000000000000000, 0.000000000000000000 ) ) ;
#1686 = LINE ( 'NONE', #876, #912 ) ;
#1687 = VECTOR ( 'NONE', #1655, 1000.000000000000000 ) ;
#1688 = VERTEX_POINT ( 'NONE', #1724 ) ;
#1689 = PLANE ( 'NONE',  #1050 ) ;
#1690 = AXIS2_PLACEMENT_3D ( 'NONE', #221, #825, #1452 ) ;
#1691 = EDGE_CURVE ( 'NONE', #796, #1466, #304, .T. ) ;
#1692 = CIRCLE ( 'NONE', #1954, 3.249999999999988898 ) ;
#1693 = FACE_OUTER_BOUND ( 'NONE', #1481, .T. ) ;
#1694 = DIRECTION ( 'NONE',  ( 1.000000000000000000, 0.000000000000000000, 0.000000000000000000 ) ) ;
#1695 = LINE ( 'NONE', #926, #1878 ) ;
#1696 = DIRECTION ( 'NONE',  ( 1.000000000000000000, 0.000000000000000000, 0.000000000000000000 ) ) ;
#1697 = VERTEX_POINT ( 'NONE', #312 ) ;
#1698 = ADVANCED_FACE ( 'NONE', ( #1217 ), #159, .F. ) ;
#1699 = CARTESIAN_POINT ( 'NONE',  ( 55.81168838973842128, -67.16096206751440434, -9.240000000000001990 ) ) ;
#1700 = CARTESIAN_POINT ( 'NONE',  ( 47.35199999999998965, 47.60219999999999629, -6.740000000000001101 ) ) ;
#1701 = CYLINDRICAL_SURFACE ( 'NONE', #322, 1.550000000000002709 ) ;
#1702 = ORIENTED_EDGE ( 'NONE', *, *, #1941, .T. ) ;
#1703 = EDGE_CURVE ( 'NONE', #1599, #220, #1386, .T. ) ;
#1704 = AXIS2_PLACEMENT_3D ( 'NONE', #763, #1568, #619 ) ;
#1705 = VECTOR ( 'NONE', #497, 1000.000000000000000 ) ;
#1706 = CARTESIAN_POINT ( 'NONE',  ( -47.14000000000000057, -58.14780000000001081, -5.170000000000000817 ) ) ;
#1707 = CARTESIAN_POINT ( 'NONE',  ( -47.14000000000000057, 47.60219999999999629, -9.240000000000001990 ) ) ;
#1708 = ORIENTED_EDGE ( 'NONE', *, *, #655, .F. ) ;
#1709 = ORIENTED_EDGE ( 'NONE', *, *, #691, .T. ) ;
#1710 = DIRECTION ( 'NONE',  ( 0.000000000000000000, 0.000000000000000000, 1.000000000000000000 ) ) ;
#1711 = FACE_OUTER_BOUND ( 'NONE', #1742, .T. ) ;
#1712 = CARTESIAN_POINT ( 'NONE',  ( 33.50218142716574476, 57.63826394635881911, 1.849999999999999201 ) ) ;
#1713 = DIRECTION ( 'NONE',  ( -0.9999999969907908959, 7.757846392242779860E-05, 0.000000000000000000 ) ) ;
#1714 = VECTOR ( 'NONE', #902, 1000.000000000000000 ) ;
#1715 = DIRECTION ( 'NONE',  ( 0.000000000000000000, 1.000000000000000000, 0.000000000000000000 ) ) ;
#1716 = VERTEX_POINT ( 'NONE', #457 ) ;
#1717 = EDGE_CURVE ( 'NONE', #1397, #1599, #840, .T. ) ;
#1718 = EDGE_CURVE ( 'NONE', #1268, #50, #205, .T. ) ;
#1719 = PLANE ( 'NONE',  #920 ) ;
#1720 = LINE ( 'NONE', #1180, #1488 ) ;
#1721 = ORIENTED_EDGE ( 'NONE', *, *, #444, .F. ) ;
#1722 = VERTEX_POINT ( 'NONE', #1064 ) ;
#1723 = AXIS2_PLACEMENT_3D ( 'NONE', #1909, #1918, #821 ) ;
#1724 = CARTESIAN_POINT ( 'NONE',  ( -45.58999999999999631, 47.60219999999999629, -5.170000000000000817 ) ) ;
#1725 = CARTESIAN_POINT ( 'NONE',  ( 53.81172199214055496, 58.03826394635883190, -9.240000000000001990 ) ) ;
#1726 = DIRECTION ( 'NONE',  ( 1.000000000000000000, 0.000000000000000000, 0.000000000000000000 ) ) ;
#1727 = VECTOR ( 'NONE', #754, 1000.000000000000227 ) ;
#1728 = FACE_OUTER_BOUND ( 'NONE', #72, .T. ) ;
#1729 = EDGE_LOOP ( 'NONE', ( #60, #406, #20, #994, #844, #1444 ) ) ;
#1730 = EDGE_CURVE ( 'NONE', #697, #1385, #1411, .T. ) ;
#1731 = EDGE_CURVE ( 'NONE', #1301, #861, #183, .T. ) ;
#1732 = VECTOR ( 'NONE', #692, 1000.000000000000227 ) ;
#1733 = FACE_OUTER_BOUND ( 'NONE', #526, .T. ) ;
#1734 = DIRECTION ( 'NONE',  ( -0.7071067811865463515, 0.000000000000000000, -0.7071067811865487940 ) ) ;
#1735 = ORIENTED_EDGE ( 'NONE', *, *, #1934, .T. ) ;
#1736 = ORIENTED_EDGE ( 'NONE', *, *, #1263, .F. ) ;
#1737 = VECTOR ( 'NONE', #1972, 1000.000000000000000 ) ;
#1738 = DIRECTION ( 'NONE',  ( 1.000000000000000000, 0.000000000000000000, 0.000000000000000000 ) ) ;
#1739 = DIRECTION ( 'NONE',  ( 1.000000000000000000, 0.000000000000000000, 0.000000000000000000 ) ) ;
#1740 = CARTESIAN_POINT ( 'NONE',  ( 33.50218142716574476, 58.03826394635883190, -1.240000000000001545 ) ) ;
#1741 = CARTESIAN_POINT ( 'NONE',  ( -45.58999999999999631, -58.14780000000001081, -5.170000000000000817 ) ) ;
#1742 = EDGE_LOOP ( 'NONE', ( #1454, #176, #626, #669 ) ) ;
#1743 = DIRECTION ( 'NONE',  ( -0.7071067811865463515, 0.000000000000000000, -0.7071067811865487940 ) ) ;
#1744 = AXIS2_PLACEMENT_3D ( 'NONE', #1341, #1966, #1815 ) ;
#1745 = VERTEX_POINT ( 'NONE', #1225 ) ;
#1746 = LINE ( 'NONE', #202, #364 ) ;
#1747 = ORIENTED_EDGE ( 'NONE', *, *, #1794, .T. ) ;
#1748 = ORIENTED_EDGE ( 'NONE', *, *, #15, .T. ) ;
#1749 = EDGE_CURVE ( 'NONE', #1014, #1077, #464, .T. ) ;
#1750 = DIRECTION ( 'NONE',  ( -1.789688009715739834E-08, 0.9999999999999997780, 0.000000000000000000 ) ) ;
#1751 = FACE_OUTER_BOUND ( 'NONE', #784, .T. ) ;
#1752 = DIRECTION ( 'NONE',  ( 0.9999999969907910069, -7.757846392270595067E-05, 0.000000000000000000 ) ) ;
#1753 = CARTESIAN_POINT ( 'NONE',  ( -53.68334875402555895, -65.14323627996974153, -1.240000000000001545 ) ) ;
#1754 = DIRECTION ( 'NONE',  ( -0.000000000000000000, 0.000000000000000000, 1.000000000000000000 ) ) ;
#1755 = VECTOR ( 'NONE', #1846, 1000.000000000000000 ) ;
#1756 = ORIENTED_EDGE ( 'NONE', *, *, #730, .T. ) ;
#1757 = EDGE_LOOP ( 'NONE', ( #1833, #477 ) ) ;
#1758 = ORIENTED_EDGE ( 'NONE', *, *, #1717, .T. ) ;
#1759 = EDGE_CURVE ( 'NONE', #201, #1894, #1072, .T. ) ;
#1760 = CARTESIAN_POINT ( 'NONE',  ( 38.17546628606457659, 0.000000000000000000, 1.849999999999999201 ) ) ;
#1761 = CARTESIAN_POINT ( 'NONE',  ( -51.68334875402555184, -65.14323627996974153, -1.240000000000001545 ) ) ;
#1762 = ADVANCED_BREP_SHAPE_REPRESENTATION ( 'bottom', ( #1529, #1511 ), #600 ) ;
#1763 = CARTESIAN_POINT ( 'NONE',  ( 33.50218142716574476, 60.03826394635883190, 1.849999999999999201 ) ) ;
#1764 = DIRECTION ( 'NONE',  ( 1.000000000000000000, 1.291130801860109158E-16, 0.000000000000000000 ) ) ;
#1765 = CONICAL_SURFACE ( 'NONE', #873, 3.249999999999988898, 0.7853981633974466137 ) ;
#1766 = ORIENTED_EDGE ( 'NONE', *, *, #1144, .F. ) ;
#1767 = CIRCLE ( 'NONE', #274, 3.249999999999988898 ) ;
#1768 = ORIENTED_EDGE ( 'NONE', *, *, #212, .F. ) ;
#1769 = VERTEX_POINT ( 'NONE', #471 ) ;
#1770 = DIRECTION ( 'NONE',  ( 0.000000000000000000, 0.000000000000000000, -1.000000000000000000 ) ) ;
#1771 = DIRECTION ( 'NONE',  ( -0.000000000000000000, -0.000000000000000000, -1.000000000000000000 ) ) ;
#1772 = VECTOR ( 'NONE', #195, 1000.000000000000000 ) ;
#1773 = CYLINDRICAL_SURFACE ( 'NONE', #882, 2.000000000000001776 ) ;
#1774 = EDGE_LOOP ( 'NONE', ( #223, #1475, #141, #1256 ) ) ;
#1775 = LINE ( 'NONE', #229, #1883 ) ;
#1776 = ORIENTED_EDGE ( 'NONE', *, *, #925, .T. ) ;
#1777 = EDGE_LOOP ( 'NONE', ( #321, #1321, #534, #667, #668, #610, #1940, #241, #1038, #13, #487, #818, #828, #288, #1297, #551, #1114, #678, #687, #941 ) ) ;
#1778 = ORIENTED_EDGE ( 'NONE', *, *, #718, .F. ) ;
#1779 = CARTESIAN_POINT ( 'NONE',  ( -47.14000000000000057, 47.60219999999999629, -9.240000000000001990 ) ) ;
#1780 = CARTESIAN_POINT ( 'NONE',  ( 47.35199999999998965, -58.14780000000001081, -7.540000000000008917 ) ) ;
#1781 = EDGE_LOOP ( 'NONE', ( #62, #1604 ) ) ;
#1782 = DIRECTION ( 'NONE',  ( -0.000000000000000000, -0.000000000000000000, -1.000000000000000000 ) ) ;
#1783 = ADVANCED_FACE ( 'NONE', ( #1711 ), #323, .F. ) ;
#1784 = ADVANCED_FACE ( 'NONE', ( #239 ), #41, .F. ) ;
#1785 = VERTEX_POINT ( 'NONE', #1437 ) ;
#1786 = ORIENTED_EDGE ( 'NONE', *, *, #1003, .F. ) ;
#1787 = DIRECTION ( 'NONE',  ( -0.000000000000000000, -0.000000000000000000, -1.000000000000000000 ) ) ;
#1788 = CIRCLE ( 'NONE', #1293, 2.000000000000001776 ) ;
#1789 = LINE ( 'NONE', #1950, #1661 ) ;
#1790 = DIRECTION ( 'NONE',  ( 0.9999999969907908959, -7.757846392242161865E-05, 0.000000000000000000 ) ) ;
#1791 = ORIENTED_EDGE ( 'NONE', *, *, #1193, .F. ) ;
#1792 = DIRECTION ( 'NONE',  ( -0.000000000000000000, -0.000000000000000000, -1.000000000000000000 ) ) ;
#1793 = ADVANCED_FACE ( 'NONE', ( #651 ), #1258, .F. ) ;
#1794 = EDGE_CURVE ( 'NONE', #778, #875, #111, .T. ) ;
#1795 = ORIENTED_EDGE ( 'NONE', *, *, #993, .T. ) ;
#1796 = ORIENTED_EDGE ( 'NONE', *, *, #73, .F. ) ;
#1797 = DIRECTION ( 'NONE',  ( 1.000000000000000000, 0.000000000000000000, 0.000000000000000000 ) ) ;
#1798 = PLANE ( 'NONE',  #225 ) ;
#1799 = EDGE_CURVE ( 'NONE', #263, #1047, #1140, .T. ) ;
#1800 = LINE ( 'NONE', #1939, #1470 ) ;
#1801 = VERTEX_POINT ( 'NONE', #361 ) ;
#1802 = CYLINDRICAL_SURFACE ( 'NONE', #641, 3.549999999999997602 ) ;
#1803 = CIRCLE ( 'NONE', #1895, 1.550000000000002709 ) ;
#1804 = DIRECTION ( 'NONE',  ( -1.000000000000000000, 0.000000000000000000, 0.000000000000000000 ) ) ;
#1805 = CARTESIAN_POINT ( 'NONE',  ( -7.514936077266057884E-15, 56.03826394635882480, -1.240000000000001545 ) ) ;
#1806 = EDGE_CURVE ( 'NONE', #1722, #1055, #1036, .T. ) ;
#1807 = DIRECTION ( 'NONE',  ( 1.000000000000000000, 0.000000000000000000, 0.000000000000000000 ) ) ;
#1808 = CIRCLE ( 'NONE', #252, 3.249999999999988898 ) ;
#1809 = CIRCLE ( 'NONE', #570, 3.549999999999997602 ) ;
#1810 = FACE_BOUND ( 'NONE', #37, .T. ) ;
#1811 = ORIENTED_EDGE ( 'NONE', *, *, #1223, .F. ) ;
#1812 = CARTESIAN_POINT ( 'NONE',  ( 53.81172199214055496, 60.03826394635883190, -9.240000000000001990 ) ) ;
#1813 = AXIS2_PLACEMENT_3D ( 'NONE', #1315, #257, #428 ) ;
#1814 = FACE_OUTER_BOUND ( 'NONE', #1005, .T. ) ;
#1815 = DIRECTION ( 'NONE',  ( 1.000000000000000000, 0.000000000000000000, 0.000000000000000000 ) ) ;
#1816 = VECTOR ( 'NONE', #1344, 1000.000000000000000 ) ;
#1817 = EDGE_CURVE ( 'NONE', #1457, #1882, #79, .T. ) ;
#1818 = DIRECTION ( 'NONE',  ( -1.000000000000000000, 0.000000000000000000, 0.000000000000000000 ) ) ;
#1819 = ORIENTED_EDGE ( 'NONE', *, *, #328, .F. ) ;
#1820 = CARTESIAN_POINT ( 'NONE',  ( -48.69000000000000483, 47.60219999999999629, -5.170000000000000817 ) ) ;
#1821 = CIRCLE ( 'NONE', #764, 3.500000000000117684 ) ;
#1822 = CARTESIAN_POINT ( 'NONE',  ( 50.90199999999998681, 47.60219999999999629, -5.170000000000000817 ) ) ;
#1823 = ORIENTED_EDGE ( 'NONE', *, *, #1759, .F. ) ;
#1824 = CARTESIAN_POINT ( 'NONE',  ( 45.80199999999998539, 47.60219999999999629, -7.540000000000008917 ) ) ;
#1825 = AXIS2_PLACEMENT_3D ( 'NONE', #122, #286, #562 ) ;
#1826 = CARTESIAN_POINT ( 'NONE',  ( -34.67015020893661870, -65.14455613778328313, -2.375097025147530516 ) ) ;
#1827 = DIRECTION ( 'NONE',  ( 1.341036561100382346E-16, -1.000000000000000000, 0.000000000000000000 ) ) ;
#1828 = ORIENTED_EDGE ( 'NONE', *, *, #233, .F. ) ;
#1829 = AXIS2_PLACEMENT_3D ( 'NONE', #480, #1787, #1160 ) ;
#1830 = DIRECTION ( 'NONE',  ( -0.000000000000000000, 0.000000000000000000, 1.000000000000000000 ) ) ;
#1831 = ADVANCED_FACE ( 'NONE', ( #798 ), #380, .F. ) ;
#1832 = DIRECTION ( 'NONE',  ( -0.000000000000000000, 0.000000000000000000, 1.000000000000000000 ) ) ;
#1833 = ORIENTED_EDGE ( 'NONE', *, *, #925, .F. ) ;
#1834 = LINE ( 'NONE', #1044, #953 ) ;
#1835 = DIRECTION ( 'NONE',  ( 1.000000000000000000, 0.000000000000000000, 0.000000000000000000 ) ) ;
#1836 = EDGE_LOOP ( 'NONE', ( #614, #1078, #416, #1354 ) ) ;
#1837 = DIRECTION ( 'NONE',  ( 1.000000000000000000, 0.000000000000000000, 0.000000000000000000 ) ) ;
#1838 = DIRECTION ( 'NONE',  ( 1.000000000000000000, 0.000000000000000000, -0.000000000000000000 ) ) ;
#1839 = CIRCLE ( 'NONE', #1406, 3.249999999999988898 ) ;
#1840 = EDGE_CURVE ( 'NONE', #1957, #120, #194, .T. ) ;
#1841 = FACE_OUTER_BOUND ( 'NONE', #1312, .T. ) ;
#1842 = CARTESIAN_POINT ( 'NONE',  ( -38.05697752657885502, 0.000000000000000000, 1.849999999999999201 ) ) ;
#1843 = COLOUR_RGB ( '',0.7921568627450980005, 0.8196078431372548767, 0.9333333333333333481 ) ;
#1844 = DIRECTION ( 'NONE',  ( -0.9999999999999640288, 2.683914531432514427E-07, 0.000000000000000000 ) ) ;
#1845 = DIRECTION ( 'NONE',  ( -0.7071067811865463515, 0.000000000000000000, -0.7071067811865487940 ) ) ;
#1846 = DIRECTION ( 'NONE',  ( -0.000000000000000000, -0.000000000000000000, 1.000000000000000000 ) ) ;
#1847 = DIRECTION ( 'NONE',  ( 0.000000000000000000, -0.000000000000000000, 1.000000000000000000 ) ) ;
#1848 = ADVANCED_FACE ( 'NONE', ( #87 ), #1765, .F. ) ;
#1849 = ORIENTED_EDGE ( 'NONE', *, *, #280, .F. ) ;
#1850 = AXIS2_PLACEMENT_3D ( 'NONE', #1779, #1425, #1130 ) ;
#1851 = EDGE_CURVE ( 'NONE', #282, #1409, #1601, .T. ) ;
#1852 = DIRECTION ( 'NONE',  ( 0.000000000000000000, -0.000000000000000000, -1.000000000000000000 ) ) ;
#1853 = DIRECTION ( 'NONE',  ( -0.000000000000000000, 0.000000000000000000, 1.000000000000000000 ) ) ;
#1854 = CARTESIAN_POINT ( 'NONE',  ( 33.50218142716574476, 0.000000000000000000, -1.240000000000001545 ) ) ;
#1855 = CIRCLE ( 'NONE', #942, 1.550000000000002709 ) ;
#1856 = ORIENTED_EDGE ( 'NONE', *, *, #655, .T. ) ;
#1857 = CARTESIAN_POINT ( 'NONE',  ( 33.50218142716574476, 60.03826394635883190, -5.240000000000001990 ) ) ;
#1858 = CARTESIAN_POINT ( 'NONE',  ( -33.18334875402555895, 60.03826394635883190, -5.240000000000001990 ) ) ;
#1859 = ORIENTED_EDGE ( 'NONE', *, *, #705, .T. ) ;
#1860 = EDGE_CURVE ( 'NONE', #263, #1869, #52, .T. ) ;
#1861 = DIRECTION ( 'NONE',  ( -0.000000000000000000, -0.000000000000000000, -1.000000000000000000 ) ) ;
#1862 = CARTESIAN_POINT ( 'NONE',  ( 47.35199999999998965, -58.14780000000001081, -5.170000000000000817 ) ) ;
#1863 = CARTESIAN_POINT ( 'NONE',  ( -50.68999999999999773, 47.60219999999999629, -5.170000000000000817 ) ) ;
#1864 =( LENGTH_UNIT ( ) NAMED_UNIT ( * ) SI_UNIT ( .MILLI., .METRE. ) );
#1865 = EDGE_LOOP ( 'NONE', ( #1768, #766, #1303, #1148 ) ) ;
#1866 = CARTESIAN_POINT ( 'NONE',  ( -47.14000000000000057, 47.60219999999999629, -6.740000000000001101 ) ) ;
#1867 = CARTESIAN_POINT ( 'NONE',  ( -0.005054023242327923722, -65.14724540270515263, -1.240000000000001545 ) ) ;
#1868 = ORIENTED_EDGE ( 'NONE', *, *, #1731, .T. ) ;
#1869 = VERTEX_POINT ( 'NONE', #206 ) ;
#1870 = DIRECTION ( 'NONE',  ( -2.683914531432513897E-07, -0.9999999999999639178, 0.000000000000000000 ) ) ;
#1871 = EDGE_CURVE ( 'NONE', #1322, #320, #2013, .T. ) ;
#1872 = CYLINDRICAL_SURFACE ( 'NONE', #1829, 1.550000000000002709 ) ;
#1873 = LINE ( 'NONE', #1863, #1995 ) ;
#1874 = EDGE_CURVE ( 'NONE', #1769, #467, #269, .T. ) ;
#1875 = VECTOR ( 'NONE', #1547, 1000.000000000000000 ) ;
#1876 = CARTESIAN_POINT ( 'NONE',  ( -50.68999999999999773, 47.60219999999999629, -5.170000000000000817 ) ) ;
#1877 = ORIENTED_EDGE ( 'NONE', *, *, #718, .T. ) ;
#1878 = VECTOR ( 'NONE', #308, 1000.000000000000000 ) ;
#1879 = CARTESIAN_POINT ( 'NONE',  ( 7.526965891572895195, 61.23826394635882053, 16.14163044491773391 ) ) ;
#1880 = CYLINDRICAL_SURFACE ( 'NONE', #706, 3.549999999999997602 ) ;
#1881 = ORIENTED_EDGE ( 'NONE', *, *, #1004, .T. ) ;
#1882 = VERTEX_POINT ( 'NONE', #968 ) ;
#1883 = VECTOR ( 'NONE', #1461, 1000.000000000000000 ) ;
#1884 = DIRECTION ( 'NONE',  ( 1.000000000000000000, 0.000000000000000000, -0.000000000000000000 ) ) ;
#1885 = DIRECTION ( 'NONE',  ( -2.683914531432513368E-07, -0.9999999999999639178, -0.000000000000000000 ) ) ;
#1886 = CARTESIAN_POINT ( 'NONE',  ( -0.005054023242327923722, -65.14724540270515263, -1.240000000000001545 ) ) ;
#1887 = LINE ( 'NONE', #351, #896 ) ;
#1888 = EDGE_LOOP ( 'NONE', ( #1796, #632 ) ) ;
#1889 = EDGE_CURVE ( 'NONE', #960, #1423, #1590, .T. ) ;
#1890 = LINE ( 'NONE', #366, #1969 ) ;
#1891 = EDGE_LOOP ( 'NONE', ( #1398, #1137, #1819, #478 ) ) ;
#1892 = DIRECTION ( 'NONE',  ( -0.000000000000000000, 0.000000000000000000, 1.000000000000000000 ) ) ;
#1893 = ORIENTED_EDGE ( 'NONE', *, *, #1901, .T. ) ;
#1894 = VERTEX_POINT ( 'NONE', #1448 ) ;
#1895 = AXIS2_PLACEMENT_3D ( 'NONE', #1182, #451, #749 ) ;
#1896 = CARTESIAN_POINT ( 'NONE',  ( -53.68334875402555895, 0.000000000000000000, -1.240000000000001545 ) ) ;
#1897 = DIRECTION ( 'NONE',  ( 0.000000000000000000, 0.000000000000000000, -1.000000000000000000 ) ) ;
#1898 = CARTESIAN_POINT ( 'NONE',  ( -43.89000000000001478, -58.14780000000001081, -9.240000000000001990 ) ) ;
#1899 =( NAMED_UNIT ( * ) PLANE_ANGLE_UNIT ( ) SI_UNIT ( $, .RADIAN. ) );
#1900 = AXIS2_PLACEMENT_3D ( 'NONE', #1700, #325, #932 ) ;
#1901 = EDGE_CURVE ( 'NONE', #1224, #1322, #1917, .T. ) ;
#1902 = LINE ( 'NONE', #944, #1903 ) ;
#1903 = VECTOR ( 'NONE', #1427, 1000.000000000000227 ) ;
#1904 = ORIENTED_EDGE ( 'NONE', *, *, #1155, .T. ) ;
#1905 = DIRECTION ( 'NONE',  ( -0.000000000000000000, -0.000000000000000000, -1.000000000000000000 ) ) ;
#1906 = ORIENTED_EDGE ( 'NONE', *, *, #363, .F. ) ;
#1907 = ORIENTED_EDGE ( 'NONE', *, *, #407, .F. ) ;
#1908 = CARTESIAN_POINT ( 'NONE',  ( -55.69288985578249651, -69.15246633975158375, -9.240000000000001990 ) ) ;
#1909 = CARTESIAN_POINT ( 'NONE',  ( -47.14000000000000057, 47.60219999999999629, -5.170000000000000817 ) ) ;
#1910 = DIRECTION ( 'NONE',  ( -0.000000000000000000, -0.000000000000000000, -1.000000000000000000 ) ) ;
#1911 = CARTESIAN_POINT ( 'NONE',  ( -50.68999999999999773, -58.14780000000001081, -5.170000000000000817 ) ) ;
#1912 = CONICAL_SURFACE ( 'NONE', #797, 3.249999999999988898, 0.7853981633974466137 ) ;
#1913 = EDGE_LOOP ( 'NONE', ( #1721, #568, #340, #1543 ) ) ;
#1914 = ORIENTED_EDGE ( 'NONE', *, *, #86, .F. ) ;
#1915 = ORIENTED_EDGE ( 'NONE', *, *, #363, .T. ) ;
#1916 = AXIS2_PLACEMENT_3D ( 'NONE', #251, #1782, #833 ) ;
#1917 = LINE ( 'NONE', #64, #522 ) ;
#1918 = DIRECTION ( 'NONE',  ( -0.000000000000000000, 0.000000000000000000, 1.000000000000000000 ) ) ;
#1919 = EDGE_CURVE ( 'NONE', #832, #1961, #555, .T. ) ;
#1920 = PLANE ( 'NONE',  #1230 ) ;
#1921 = EDGE_LOOP ( 'NONE', ( #940, #77, #359, #530 ) ) ;
#1922 = CARTESIAN_POINT ( 'NONE',  ( -51.68334875402555184, 55.73826394635882053, -1.240000000000001545 ) ) ;
#1923 = AXIS2_PLACEMENT_3D ( 'NONE', #1578, #1120, #217 ) ;
#1924 = ORIENTED_EDGE ( 'NONE', *, *, #1759, .T. ) ;
#1925 = VECTOR ( 'NONE', #1897, 1000.000000000000000 ) ;
#1926 = VERTEX_POINT ( 'NONE', #1306 ) ;
#1927 = VERTEX_POINT ( 'NONE', #1188 ) ;
#1928 = CARTESIAN_POINT ( 'NONE',  ( 55.81172252892353214, 60.03826394635883190, -9.240000000000001990 ) ) ;
#1929 = EDGE_CURVE ( 'NONE', #320, #1322, #1692, .T. ) ;
#1930 = AXIS2_PLACEMENT_3D ( 'NONE', #939, #1818, #1970 ) ;
#1931 = DIRECTION ( 'NONE',  ( 0.000000000000000000, 0.000000000000000000, 1.000000000000000000 ) ) ;
#1932 = ORIENTED_EDGE ( 'NONE', *, *, #296, .F. ) ;
#1933 = FACE_BOUND ( 'NONE', #1888, .T. ) ;
#1934 = EDGE_CURVE ( 'NONE', #1435, #1397, #1789, .T. ) ;
#1935 = ORIENTED_EDGE ( 'NONE', *, *, #1574, .T. ) ;
#1936 = EDGE_LOOP ( 'NONE', ( #426, #1420, #552, #266 ) ) ;
#1937 = CARTESIAN_POINT ( 'NONE',  ( 0.000000000000000000, 0.000000000000000000, -5.170000000000000817 ) ) ;
#1938 = LINE ( 'NONE', #1333, #1244 ) ;
#1939 = CARTESIAN_POINT ( 'NONE',  ( -53.69304504850132531, -69.15262148464027803, -9.240000000000001990 ) ) ;
#1940 = ORIENTED_EDGE ( 'NONE', *, *, #1718, .T. ) ;
#1941 = EDGE_CURVE ( 'NONE', #875, #295, #1045, .T. ) ;
#1942 = CARTESIAN_POINT ( 'NONE',  ( -39.67030892441957235, -67.14416823916801036, 1.124902974851993642 ) ) ;
#1943 = EDGE_CURVE ( 'NONE', #355, #24, #1161, .T. ) ;
#1944 = ADVANCED_FACE ( 'NONE', ( #712 ), #864, .F. ) ;
#1945 = CONICAL_SURFACE ( 'NONE', #1324, 3.249999999999988898, 0.7853981633974466137 ) ;
#1946 = EDGE_LOOP ( 'NONE', ( #405, #1349, #974, #170 ) ) ;
#1947 = ORIENTED_EDGE ( 'NONE', *, *, #342, .F. ) ;
#1948 = CARTESIAN_POINT ( 'NONE',  ( -43.59000000000000341, -58.14780000000001081, -5.170000000000000817 ) ) ;
#1949 = VECTOR ( 'NONE', #1764, 1000.000000000000000 ) ;
#1950 = CARTESIAN_POINT ( 'NONE',  ( -55.69288985578249651, -69.15246633975158375, -9.240000000000001990 ) ) ;
#1951 = CARTESIAN_POINT ( 'NONE',  ( -53.69304504850133242, -69.15262148464029224, -5.240000000000001990 ) ) ;
#1952 = ORIENTED_EDGE ( 'NONE', *, *, #313, .F. ) ;
#1953 = DIRECTION ( 'NONE',  ( 1.000000000000000000, 0.000000000000000000, 0.000000000000000000 ) ) ;
#1954 = AXIS2_PLACEMENT_3D ( 'NONE', #1672, #1959, #579 ) ;
#1955 = EDGE_CURVE ( 'NONE', #1435, #180, #401, .T. ) ;
#1956 = FACE_BOUND ( 'NONE', #976, .T. ) ;
#1957 = VERTEX_POINT ( 'NONE', #892 ) ;
#1958 = CARTESIAN_POINT ( 'NONE',  ( -7.493499026763093239E-15, 58.03826394635882480, -5.240000000000001990 ) ) ;
#1959 = DIRECTION ( 'NONE',  ( -0.000000000000000000, 0.000000000000000000, 1.000000000000000000 ) ) ;
#1960 = DIRECTION ( 'NONE',  ( -1.000000000000000000, 0.000000000000000000, 0.000000000000000000 ) ) ;
#1961 = VERTEX_POINT ( 'NONE', #1352 ) ;
#1962 = LINE ( 'NONE', #1218, #1687 ) ;
#1963 = FACE_BOUND ( 'NONE', #1391, .T. ) ;
#1964 = ADVANCED_FACE ( 'NONE', ( #554 ), #1967, .T. ) ;
#1965 = VERTEX_POINT ( 'NONE', #1826 ) ;
#1966 = DIRECTION ( 'NONE',  ( 0.000000000000000000, 0.000000000000000000, 1.000000000000000000 ) ) ;
#1967 = CYLINDRICAL_SURFACE ( 'NONE', #1023, 2.000000000000001776 ) ;
#1968 = VECTOR ( 'NONE', #1984, 1000.000000000000000 ) ;
#1969 = VECTOR ( 'NONE', #1743, 1000.000000000000000 ) ;
#1970 = DIRECTION ( 'NONE',  ( 0.000000000000000000, 0.000000000000000000, 1.000000000000000000 ) ) ;
#1971 = ORIENTED_EDGE ( 'NONE', *, *, #1085, .T. ) ;
#1972 = DIRECTION ( 'NONE',  ( 0.000000000000000000, 0.000000000000000000, 1.000000000000000000 ) ) ;
#1973 = CYLINDRICAL_SURFACE ( 'NONE', #1090, 1.550000000000002709 ) ;
#1974 = ORIENTED_EDGE ( 'NONE', *, *, #1292, .T. ) ;
#1975 = CARTESIAN_POINT ( 'NONE',  ( 48.90199999999999392, -58.14780000000001081, -5.170000000000000817 ) ) ;
#1976 = DIRECTION ( 'NONE',  ( -0.000000000000000000, -0.000000000000000000, -1.000000000000000000 ) ) ;
#1977 = CYLINDRICAL_SURFACE ( 'NONE', #1191, 3.549999999999997602 ) ;
#1978 = EDGE_CURVE ( 'NONE', #509, #1224, #153, .T. ) ;
#1979 = ORIENTED_EDGE ( 'NONE', *, *, #856, .T. ) ;
#1980 = LINE ( 'NONE', #585, #410 ) ;
#1981 = CIRCLE ( 'NONE', #933, 3.500000000000687006 ) ;
#1982 = DIRECTION ( 'NONE',  ( -0.000000000000000000, 0.000000000000000000, 1.000000000000000000 ) ) ;
#1983 = ORIENTED_EDGE ( 'NONE', *, *, #521, .F. ) ;
#1984 = DIRECTION ( 'NONE',  ( -0.000000000000000000, -0.000000000000000000, -1.000000000000000000 ) ) ;
#1985 = VECTOR ( 'NONE', #1234, 1000.000000000000227 ) ;
#1986 = DIRECTION ( 'NONE',  ( -0.000000000000000000, 0.000000000000000000, 1.000000000000000000 ) ) ;
#1987 = EDGE_LOOP ( 'NONE', ( #650, #827, #412, #518 ) ) ;
#1988 = VECTOR ( 'NONE', #184, 1000.000000000000227 ) ;
#1989 = EDGE_CURVE ( 'NONE', #61, #500, #1170, .T. ) ;
#1990 = DIRECTION ( 'NONE',  ( -0.000000000000000000, -0.000000000000000000, 1.000000000000000000 ) ) ;
#1991 = VECTOR ( 'NONE', #1084, 1000.000000000000000 ) ;
#1992 = CARTESIAN_POINT ( 'NONE',  ( -47.14000000000000057, 47.60219999999999629, -5.170000000000000817 ) ) ;
#1993 = DIRECTION ( 'NONE',  ( 0.9063077870366526012, 0.000000000000000000, -0.4226182617406937791 ) ) ;
#1994 = VERTEX_POINT ( 'NONE', #700 ) ;
#1995 = VECTOR ( 'NONE', #1260, 1000.000000000000000 ) ;
#1996 = CARTESIAN_POINT ( 'NONE',  ( -39.67015376749172617, -65.14416824518643523, 1.124902974851993642 ) ) ;
#1997 = DIRECTION ( 'NONE',  ( 0.000000000000000000, -1.000000000000000000, 0.000000000000000000 ) ) ;
#1998 = AXIS2_PLACEMENT_3D ( 'NONE', #1378, #22, #1062 ) ;
#1999 = EDGE_CURVE ( 'NONE', #1608, #355, #1123, .T. ) ;
#2000 = VECTOR ( 'NONE', #1976, 1000.000000000000000 ) ;
#2001 = EDGE_CURVE ( 'NONE', #1635, #120, #1938, .T. ) ;
#2002 = CARTESIAN_POINT ( 'NONE',  ( 51.80199267043914801, -67.15126451983850586, -1.240000000000001545 ) ) ;
#2003 = PLANE ( 'NONE',  #59 ) ;
#2004 = ADVANCED_FACE ( 'NONE', ( #541 ), #1798, .T. ) ;
#2005 = FACE_OUTER_BOUND ( 'NONE', #1150, .T. ) ;
#2006 = DIRECTION ( 'NONE',  ( -0.000000000000000000, 0.000000000000000000, 1.000000000000000000 ) ) ;
#2007 = CIRCLE ( 'NONE', #131, 3.549999999999997602 ) ;
#2008 = ORIENTED_EDGE ( 'NONE', *, *, #1356, .F. ) ;
#2009 = FACE_OUTER_BOUND ( 'NONE', #272, .T. ) ;
#2010 = CARTESIAN_POINT ( 'NONE',  ( 33.50218142716574476, 58.03826394635883190, -1.240000000000001545 ) ) ;
#2011 = EDGE_CURVE ( 'NONE', #49, #236, #859, .T. ) ;
#2012 = EDGE_LOOP ( 'NONE', ( #152, #1093, #1564, #1514 ) ) ;
#2013 = CIRCLE ( 'NONE', #1227, 3.249999999999988898 ) ;
ENDSEC;
END-ISO-10303-21;
